Date,Ticker,Open,High,Low,Close,Volume,Daily_Return_Pct,MA20,MA50,MA200,RSI_14,MACD,MACD_Signal,MACD_Hist,BB_Upper,BB_Lower,BB_Width,Year,Month,Quarter,Year_Month,Price_Repaired
2002-07-01,ASIANPAINT,15.35,16.14,15.35,16.01,87810,,,,,,0.0,0.0,0.0,,,,2002,7,3,2002-07,False
2002-07-02,ASIANPAINT,15.35,16.37,15.35,16.18,588615,1.045,,,,,0.0134,0.0027,0.0107,,,,2002,7,3,2002-07,False
2002-07-03,ASIANPAINT,16.0,16.38,15.76,16.33,162075,0.946,,,,,0.0359,0.0093,0.0266,,,,2002,7,3,2002-07,False
2002-07-04,ASIANPAINT,16.28,16.76,16.28,16.5,266625,1.029,,,,,0.0665,0.0207,0.0458,,,,2002,7,3,2002-07,False
2002-07-05,ASIANPAINT,16.81,17.96,16.76,17.28,408600,4.746,,,,,0.1522,0.047,0.1052,,,,2002,7,3,2002-07,False
2002-07-08,ASIANPAINT,17.24,17.86,17.24,17.6,165600,1.854,,,,,0.2432,0.0863,0.1569,,,,2002,7,3,2002-07,False
2002-07-09,ASIANPAINT,17.53,17.7,17.24,17.46,74835,-0.8,,,,,0.3005,0.1291,0.1714,,,,2002,7,3,2002-07,False
2002-07-10,ASIANPAINT,17.24,17.67,17.06,17.57,93675,0.642,,,,,0.3509,0.1735,0.1774,,,,2002,7,3,2002-07,False
2002-07-11,ASIANPAINT,17.7,17.7,16.34,17.54,61380,-0.163,,,,,0.3841,0.2156,0.1685,,,,2002,7,3,2002-07,False
2002-07-12,ASIANPAINT,17.75,17.75,17.26,17.36,63405,-1.039,,,,,0.3911,0.2507,0.1404,,,,2002,7,3,2002-07,False
2002-07-15,ASIANPAINT,17.6,17.6,16.81,16.94,42795,-2.411,,,,,0.3588,0.2723,0.0865,,,,2002,7,3,2002-07,False
2002-07-16,ASIANPAINT,17.26,17.26,16.77,16.9,107070,-0.241,,,,,0.3262,0.2831,0.0431,,,,2002,7,3,2002-07,False
2002-07-17,ASIANPAINT,16.73,16.76,16.06,16.37,114600,-3.167,,,,,0.2542,0.2773,-0.0231,,,,2002,7,3,2002-07,False
2002-07-18,ASIANPAINT,17.02,17.02,15.66,16.42,88500,0.312,,,,,0.1989,0.2616,-0.0627,,,,2002,7,3,2002-07,False
2002-07-19,ASIANPAINT,16.14,16.53,15.12,16.06,104325,-2.159,,,,50.781,0.1251,0.2343,-0.1092,,,,2002,7,3,2002-07,False
2002-07-22,ASIANPAINT,16.04,16.43,15.8,16.21,86790,0.908,,,,52.921,0.0775,0.203,-0.1255,,,,2002,7,3,2002-07,False
2002-07-23,ASIANPAINT,16.29,16.53,16.04,16.24,52935,0.162,,,,53.315,0.0414,0.1707,-0.1293,,,,2002,7,3,2002-07,False
2002-07-24,ASIANPAINT,15.17,16.73,15.17,16.32,34530,0.494,,,,54.564,0.019,0.1403,-0.1213,,,,2002,7,3,2002-07,False
2002-07-25,ASIANPAINT,15.95,17.21,15.95,16.82,188115,3.057,,,,61.469,0.0411,0.1205,-0.0794,,,,2002,7,3,2002-07,False
2002-07-26,ASIANPAINT,16.77,17.09,16.29,16.59,420480,-1.318,16.74,,,57.301,0.0402,0.1044,-0.0642,17.85,15.62,13.283,2002,7,3,2002-07,False
2002-07-29,ASIANPAINT,16.68,17.21,16.09,16.22,235215,-2.268,16.75,,,50.982,0.0091,0.0854,-0.0763,17.83,15.66,12.978,2002,7,3,2002-07,False
2002-07-30,ASIANPAINT,16.31,16.53,15.56,15.69,70515,-3.224,16.72,,,43.76,-0.0572,0.0569,-0.114,17.88,15.56,13.861,2002,7,3,2002-07,False
2002-07-31,ASIANPAINT,14.68,16.63,14.68,15.98,247245,1.845,16.7,,,48.14,-0.0853,0.0284,-0.1137,17.9,15.51,14.288,2002,7,3,2002-07,False
2002-08-01,ASIANPAINT,16.32,16.32,15.61,15.82,36225,-1.004,16.67,,,46.002,-0.1192,-0.0011,-0.1181,17.93,15.42,15.051,2002,8,3,2002-08,False
2002-08-02,ASIANPAINT,15.07,16.04,15.07,15.81,18165,-0.065,16.6,,,45.863,-0.1452,-0.0299,-0.1153,17.87,15.32,15.372,2002,8,3,2002-08,False
2002-08-05,ASIANPAINT,15.53,16.13,15.53,16.06,95790,1.54,16.52,,,49.778,-0.1445,-0.0528,-0.0916,17.72,15.32,14.583,2002,8,3,2002-08,False
2002-08-06,ASIANPAINT,16.03,16.26,16.03,16.05,72615,-0.064,16.45,,,49.616,-0.1431,-0.0709,-0.0722,17.59,15.31,13.813,2002,8,3,2002-08,False
2002-08-07,ASIANPAINT,15.61,16.38,15.61,16.23,64575,1.136,16.38,,,52.584,-0.1258,-0.0819,-0.0439,17.39,15.37,12.305,2002,8,3,2002-08,False
2002-08-08,ASIANPAINT,16.23,16.43,16.1,16.34,130245,0.706,16.32,,,54.4,-0.1017,-0.0858,-0.0159,17.17,15.48,10.371,2002,8,3,2002-08,False
2002-08-09,ASIANPAINT,15.87,16.43,15.87,16.35,62790,0.013,16.27,,,54.436,-0.0815,-0.085,0.0035,16.96,15.58,8.496,2002,8,3,2002-08,False
2002-08-12,ASIANPAINT,16.09,16.53,16.09,16.22,31755,-0.758,16.24,,,51.94,-0.0746,-0.0829,0.0083,16.85,15.62,7.569,2002,8,3,2002-08,False
2002-08-13,ASIANPAINT,16.11,16.48,16.11,16.31,64410,0.557,16.21,,,53.611,-0.0612,-0.0785,0.0174,16.74,15.68,6.545,2002,8,3,2002-08,False
2002-08-14,ASIANPAINT,15.66,18.43,15.66,16.27,71940,-0.268,16.2,,,52.657,-0.0534,-0.0735,0.0201,16.73,15.67,6.491,2002,8,3,2002-08,False
2002-08-15,ASIANPAINT,16.27,16.27,16.27,16.27,0,0.0,16.19,,,52.657,-0.0467,-0.0682,0.0214,16.71,15.68,6.384,2002,8,3,2002-08,False
2002-08-16,ASIANPAINT,16.2,16.47,16.11,16.2,44520,-0.448,16.2,,,50.905,-0.0468,-0.0639,0.0171,16.71,15.69,6.337,2002,8,3,2002-08,False
2002-08-19,ASIANPAINT,16.02,16.43,15.59,15.83,203220,-2.283,16.18,,,43.082,-0.0758,-0.0663,-0.0095,16.72,15.64,6.672,2002,8,3,2002-08,False
2002-08-20,ASIANPAINT,15.99,16.73,15.9,16.56,137910,4.622,16.2,,,57.121,-0.0393,-0.0609,0.0216,16.76,15.63,6.98,2002,8,3,2002-08,False
2002-08-21,ASIANPAINT,16.75,16.77,16.19,16.3,95760,-1.555,16.2,,,52.238,-0.0308,-0.0549,0.0241,16.76,15.63,6.971,2002,8,3,2002-08,False
2002-08-22,ASIANPAINT,16.29,16.53,15.81,16.44,73305,0.864,16.18,,,54.527,-0.0126,-0.0464,0.0338,16.68,15.68,6.169,2002,8,3,2002-08,False
2002-08-23,ASIANPAINT,16.31,16.5,16.29,16.39,118755,-0.337,16.17,,,53.441,-0.0026,-0.0376,0.0351,16.64,15.7,5.817,2002,8,3,2002-08,False
2002-08-26,ASIANPAINT,16.24,16.63,16.24,16.43,83790,0.267,16.18,,,54.216,0.0088,-0.0284,0.0372,16.66,15.69,5.988,2002,8,3,2002-08,False
2002-08-27,ASIANPAINT,16.63,16.73,16.43,16.45,57975,0.102,16.21,,,54.529,0.0189,-0.0189,0.0378,16.66,15.77,5.444,2002,8,3,2002-08,False
2002-08-28,ASIANPAINT,16.84,16.84,16.43,16.46,96015,0.075,16.24,,,54.774,0.0277,-0.0096,0.0372,16.68,15.8,5.421,2002,8,3,2002-08,False
2002-08-29,ASIANPAINT,16.43,16.68,16.3,16.53,147930,0.456,16.27,,,56.315,0.0402,0.0004,0.0398,16.69,15.86,5.074,2002,8,3,2002-08,False
2002-08-30,ASIANPAINT,16.53,16.62,16.48,16.54,30945,0.057,16.31,,,56.517,0.0503,0.0103,0.0399,16.68,15.94,4.513,2002,8,3,2002-08,False
2002-09-02,ASIANPAINT,16.58,16.77,16.39,16.55,48225,0.044,16.34,,,56.682,0.0582,0.0199,0.0383,16.7,15.97,4.44,2002,9,3,2002-09,False
2002-09-03,ASIANPAINT,16.77,16.77,16.29,16.71,133830,0.969,16.37,,,60.263,0.0765,0.0312,0.0453,16.74,16.0,4.556,2002,9,3,2002-09,False
2002-09-04,ASIANPAINT,16.63,16.73,16.53,16.6,12720,-0.637,16.39,,,56.901,0.0815,0.0413,0.0402,16.77,16.01,4.651,2002,9,3,2002-09,False
2002-09-05,ASIANPAINT,17.11,18.18,16.92,17.03,324420,2.591,16.42,,,65.321,0.1189,0.0568,0.062,16.9,15.94,5.816,2002,9,3,2002-09,False
2002-09-06,ASIANPAINT,17.04,17.3,16.92,17.09,104160,0.355,16.46,16.49,,66.318,0.1516,0.0758,0.0758,17.02,15.9,6.835,2002,9,3,2002-09,False
2002-09-09,ASIANPAINT,18.18,18.18,16.58,16.71,44100,-2.274,16.48,16.5,,55.32,0.1445,0.0895,0.055,17.04,15.92,6.809,2002,9,3,2002-09,False
2002-09-10,ASIANPAINT,16.71,16.71,16.71,16.71,0,0.0,16.5,16.51,,55.32,0.1372,0.099,0.0382,17.07,15.94,6.83,2002,9,3,2002-09,False
2002-09-11,ASIANPAINT,16.87,16.94,16.53,16.58,318075,-0.773,16.52,16.52,,51.999,0.1197,0.1032,0.0165,17.07,15.96,6.7,2002,9,3,2002-09,False
2002-09-12,ASIANPAINT,16.99,16.99,16.53,16.67,75300,0.559,16.54,16.52,,54.127,0.112,0.105,0.0071,17.08,15.99,6.582,2002,9,3,2002-09,False
2002-09-13,ASIANPAINT,16.09,16.82,16.09,16.75,22545,0.481,16.57,16.51,,55.949,0.1111,0.1062,0.0049,17.09,16.04,6.362,2002,9,3,2002-09,False
2002-09-16,ASIANPAINT,16.53,16.82,16.53,16.68,72045,-0.422,16.61,16.49,,53.916,0.1035,0.1056,-0.0021,17.01,16.21,4.777,2002,9,3,2002-09,False
2002-09-17,ASIANPAINT,16.68,16.75,16.59,16.68,31845,-0.013,16.61,16.48,,53.85,0.0962,0.1038,-0.0076,17.01,16.22,4.78,2002,9,3,2002-09,False
2002-09-18,ASIANPAINT,16.68,16.77,16.64,16.75,57960,0.437,16.64,16.46,,55.77,0.0952,0.102,-0.0069,17.01,16.27,4.474,2002,9,3,2002-09,False
2002-09-19,ASIANPAINT,16.77,16.87,16.49,16.79,287775,0.244,16.65,16.45,,56.852,0.0965,0.1009,-0.0044,17.02,16.29,4.397,2002,9,3,2002-09,False
2002-09-20,ASIANPAINT,17.5,17.5,16.58,16.63,25680,-0.938,16.67,16.43,,51.607,0.0839,0.0975,-0.0136,17.01,16.32,4.126,2002,9,3,2002-09,False
2002-09-23,ASIANPAINT,16.57,16.76,16.51,16.53,18975,-0.614,16.67,16.42,,48.485,0.065,0.091,-0.026,17.0,16.34,3.98,2002,9,3,2002-09,False
2002-09-24,ASIANPAINT,16.56,17.02,16.49,16.95,503745,2.559,16.7,16.42,,59.435,0.0831,0.0894,-0.0063,17.03,16.36,4.032,2002,9,3,2002-09,False
2002-09-25,ASIANPAINT,16.75,16.77,16.59,16.64,10275,-1.88,16.71,16.43,,50.692,0.071,0.0858,-0.0148,17.03,16.39,3.818,2002,9,3,2002-09,False
2002-09-26,ASIANPAINT,17.99,17.99,16.53,16.66,7785,0.132,16.71,16.43,,51.222,0.0624,0.0811,-0.0187,17.02,16.4,3.703,2002,9,3,2002-09,False
2002-09-27,ASIANPAINT,16.96,16.96,16.65,16.72,15315,0.381,16.72,16.45,,52.808,0.06,0.0769,-0.0169,17.02,16.42,3.575,2002,9,3,2002-09,False
2002-09-30,ASIANPAINT,17.5,17.5,16.53,16.62,27465,-0.628,16.72,16.46,,49.915,0.0491,0.0713,-0.0222,17.02,16.43,3.496,2002,9,3,2002-09,False
2002-10-01,ASIANPAINT,16.53,16.72,16.53,16.54,12840,-0.465,16.72,16.46,,47.838,0.0338,0.0638,-0.03,17.02,16.41,3.638,2002,10,4,2002-10,False
2002-10-02,ASIANPAINT,16.54,16.54,16.54,16.54,0,0.0,16.71,16.47,,47.838,0.0214,0.0553,-0.0339,17.02,16.4,3.716,2002,10,4,2002-10,False
2002-10-03,ASIANPAINT,16.53,16.82,16.53,16.76,46560,1.367,16.7,16.46,,54.29,0.0295,0.0502,-0.0206,16.97,16.43,3.268,2002,10,4,2002-10,False
2002-10-04,ASIANPAINT,16.77,16.97,16.56,16.84,42345,0.435,16.69,16.47,,56.173,0.0414,0.0484,-0.007,16.9,16.47,2.538,2002,10,4,2002-10,False
2002-10-07,ASIANPAINT,15.8,16.82,15.8,16.81,82650,-0.147,16.69,16.48,,55.338,0.0482,0.0484,-0.0002,16.91,16.47,2.625,2002,10,4,2002-10,False
2002-10-08,ASIANPAINT,16.24,17.01,16.24,16.73,769245,-0.49,16.69,16.5,,52.544,0.0464,0.048,-0.0016,16.91,16.47,2.632,2002,10,4,2002-10,False
2002-10-09,ASIANPAINT,16.68,16.77,16.55,16.63,85935,-0.58,16.7,16.51,,49.383,0.0368,0.0457,-0.009,16.91,16.48,2.573,2002,10,4,2002-10,False
2002-10-10,ASIANPAINT,16.73,16.77,16.6,16.63,76920,-0.044,16.69,16.53,,49.143,0.0282,0.0422,-0.014,16.91,16.48,2.598,2002,10,4,2002-10,False
2002-10-11,ASIANPAINT,16.62,16.81,16.58,16.74,28455,0.715,16.69,16.55,,53.131,0.0306,0.0399,-0.0093,16.91,16.48,2.594,2002,10,4,2002-10,False
2002-10-14,ASIANPAINT,16.99,16.99,16.51,16.56,80130,-1.132,16.69,16.56,,46.824,0.0171,0.0353,-0.0183,16.91,16.46,2.699,2002,10,4,2002-10,False
2002-10-15,ASIANPAINT,16.56,16.56,16.56,16.56,0,0.0,16.68,16.57,,46.824,0.0063,0.0295,-0.0233,16.91,16.45,2.792,2002,10,4,2002-10,False
2002-10-16,ASIANPAINT,16.77,16.77,16.53,16.57,1001205,0.075,16.67,16.58,,47.298,-0.0013,0.0234,-0.0247,16.91,16.44,2.828,2002,10,4,2002-10,False
2002-10-17,ASIANPAINT,16.97,16.97,16.64,16.74,486090,1.057,16.67,16.58,,53.594,0.0068,0.02,-0.0133,16.9,16.44,2.779,2002,10,4,2002-10,False
2002-10-18,ASIANPAINT,16.95,16.95,16.49,16.54,80985,-1.207,16.67,16.59,,46.665,-0.0031,0.0154,-0.0185,16.9,16.43,2.86,2002,10,4,2002-10,False
2002-10-21,ASIANPAINT,16.78,16.94,16.51,16.78,319500,1.43,16.68,16.6,,54.14,0.008,0.0139,-0.0059,16.91,16.44,2.813,2002,10,4,2002-10,False
2002-10-22,ASIANPAINT,17.1,17.1,16.36,16.78,449505,0.013,16.67,16.61,,54.204,0.0169,0.0145,0.0023,16.87,16.47,2.422,2002,10,4,2002-10,False
2002-10-23,ASIANPAINT,16.51,17.05,16.51,16.77,105795,-0.026,16.68,16.62,,54.04,0.0232,0.0163,0.007,16.88,16.47,2.478,2002,10,4,2002-10,False
2002-10-24,ASIANPAINT,16.6,16.98,16.6,16.74,121560,-0.238,16.68,16.63,,52.496,0.0248,0.018,0.0068,16.89,16.47,2.495,2002,10,4,2002-10,False
2002-10-25,ASIANPAINT,16.9,16.9,16.51,16.71,396735,-0.146,16.68,16.64,,51.527,0.0238,0.0191,0.0046,16.89,16.47,2.491,2002,10,4,2002-10,False
2002-10-28,ASIANPAINT,16.51,16.6,16.26,16.42,348720,-1.712,16.67,16.65,,41.789,-0.0001,0.0153,-0.0154,16.91,16.43,2.828,2002,10,4,2002-10,False
2002-10-29,ASIANPAINT,16.27,16.46,16.27,16.32,37365,-0.612,16.66,16.65,,38.999,-0.0268,0.0069,-0.0337,16.94,16.38,3.322,2002,10,4,2002-10,False
2002-10-30,ASIANPAINT,16.26,16.26,15.91,16.06,182820,-1.63,16.63,16.64,,32.764,-0.0687,-0.0083,-0.0605,17.02,16.25,4.611,2002,10,4,2002-10,False
2002-10-31,ASIANPAINT,16.16,16.26,16.09,16.18,33030,0.782,16.61,16.64,,37.82,-0.0907,-0.0247,-0.066,17.03,16.18,5.149,2002,10,4,2002-10,False
2002-11-01,ASIANPAINT,16.26,16.26,15.77,15.92,67995,-1.598,16.56,16.63,,32.416,-0.1275,-0.0453,-0.0822,17.07,16.05,6.161,2002,11,4,2002-11,False
2002-11-04,ASIANPAINT,16.11,16.56,16.11,16.53,11865,3.82,16.55,16.63,,50.373,-0.1064,-0.0575,-0.0489,17.04,16.05,5.997,2002,11,4,2002-11,False
2002-11-05,ASIANPAINT,16.34,16.6,16.33,16.57,26295,0.237,16.54,16.63,,51.271,-0.0855,-0.0631,-0.0224,17.03,16.05,5.911,2002,11,4,2002-11,False
2002-11-06,ASIANPAINT,16.57,16.57,16.57,16.57,0,0.0,16.54,16.63,,51.271,-0.0682,-0.0641,-0.0041,17.02,16.05,5.891,2002,11,4,2002-11,False
2002-11-07,ASIANPAINT,16.8,16.8,15.87,15.94,234735,-3.804,16.5,16.62,,38.327,-0.1041,-0.0721,-0.032,17.05,15.95,6.689,2002,11,4,2002-11,False
2002-11-08,ASIANPAINT,16.11,16.11,15.97,16.01,131475,0.45,16.46,16.61,,40.176,-0.1254,-0.0828,-0.0426,17.04,15.88,7.046,2002,11,4,2002-11,False
2002-11-11,ASIANPAINT,16.11,16.21,15.67,15.88,161295,-0.863,16.43,16.6,,37.821,-0.1516,-0.0965,-0.0551,17.07,15.8,7.726,2002,11,4,2002-11,False
2002-11-12,ASIANPAINT,15.89,15.91,15.74,15.76,20775,-0.712,16.39,16.58,,35.964,-0.1795,-0.1131,-0.0663,17.09,15.69,8.514,2002,11,4,2002-11,False
2002-11-13,ASIANPAINT,15.91,16.06,15.76,16.05,33360,1.796,16.36,16.57,,43.451,-0.1767,-0.1258,-0.0508,17.07,15.66,8.664,2002,11,4,2002-11,False
2002-11-14,ASIANPAINT,16.01,16.56,16.01,16.37,60870,1.995,16.35,16.55,,50.497,-0.1469,-0.1301,-0.0169,17.03,15.66,8.397,2002,11,4,2002-11,False
2002-11-15,ASIANPAINT,16.36,16.48,16.06,16.19,13110,-1.052,16.33,16.54,,47.096,-0.1357,-0.1312,-0.0045,17.01,15.65,8.367,2002,11,4,2002-11,False
2002-11-18,ASIANPAINT,16.11,16.24,15.91,15.95,27525,-1.506,16.29,16.52,,42.709,-0.1448,-0.1339,-0.0109,16.96,15.62,8.212,2002,11,4,2002-11,False
2002-11-19,ASIANPAINT,15.95,15.95,15.95,15.95,0,0.0,16.25,16.51,,42.709,-0.1503,-0.1372,-0.0131,16.89,15.6,7.911,2002,11,4,2002-11,False
2002-11-20,ASIANPAINT,15.93,16.06,15.82,15.83,46080,-0.727,16.2,16.49,,40.621,-0.1621,-0.1422,-0.02,16.82,15.58,7.615,2002,11,4,2002-11,False
2002-11-21,ASIANPAINT,15.91,16.26,15.91,16.09,45675,1.606,16.17,16.48,,46.762,-0.1493,-0.1436,-0.0057,16.73,15.6,6.976,2002,11,4,2002-11,False
2002-11-22,ASIANPAINT,16.26,16.33,16.26,16.26,19215,1.103,16.14,16.47,,50.601,-0.1233,-0.1395,0.0162,16.65,15.64,6.262,2002,11,4,2002-11,False
2002-11-25,ASIANPAINT,16.26,16.36,16.26,16.28,34650,0.073,16.14,16.46,,50.855,-0.1007,-0.1318,0.0311,16.63,15.64,6.102,2002,11,4,2002-11,False
2002-11-26,ASIANPAINT,16.36,16.45,16.26,16.33,27495,0.35,16.14,16.45,,52.133,-0.0772,-0.1209,0.0436,16.63,15.64,6.111,2002,11,4,2002-11,False
2002-11-27,ASIANPAINT,16.41,16.46,16.26,16.29,24015,-0.271,16.15,16.45,,51.02,-0.0615,-0.109,0.0475,16.64,15.65,6.145,2002,11,4,2002-11,False
2002-11-28,ASIANPAINT,16.26,16.32,16.24,16.29,21945,0.014,16.15,16.44,,51.076,-0.0484,-0.0969,0.0485,16.65,15.65,6.192,2002,11,4,2002-11,False
2002-11-29,ASIANPAINT,16.11,16.31,15.91,16.06,194625,-1.42,16.16,16.42,,45.239,-0.0559,-0.0887,0.0328,16.65,15.67,6.072,2002,11,4,2002-11,False
2002-12-02,ASIANPAINT,16.21,16.27,16.02,16.15,171555,0.584,16.14,16.42,,47.844,-0.0537,-0.0817,0.028,16.6,15.68,5.678,2002,12,4,2002-12,False
2002-12-03,ASIANPAINT,16.26,16.26,16.02,16.1,925215,-0.307,16.12,16.4,,46.585,-0.0554,-0.0764,0.0211,16.53,15.71,5.1,2002,12,4,2002-12,False
2002-12-04,ASIANPAINT,16.11,16.26,16.04,16.19,6705,0.537,16.1,16.39,,49.103,-0.0491,-0.071,0.0219,16.45,15.75,4.393,2002,12,4,2002-12,False
2002-12-05,ASIANPAINT,16.56,18.72,16.18,16.28,23775,0.53,16.12,16.38,,51.542,-0.0368,-0.0641,0.0273,16.47,15.76,4.393,2002,12,4,2002-12,False
2002-12-06,ASIANPAINT,16.38,16.41,16.21,16.28,61455,0.032,16.13,16.37,,51.693,-0.0263,-0.0566,0.0302,16.49,15.77,4.439,2002,12,4,2002-12,False
2002-12-09,ASIANPAINT,16.26,16.44,16.21,16.3,35655,0.091,16.15,16.37,,52.15,-0.0166,-0.0486,0.0319,16.49,15.81,4.265,2002,12,4,2002-12,False
2002-12-10,ASIANPAINT,15.97,16.33,15.97,16.26,2556705,-0.227,16.18,16.36,,50.854,-0.0118,-0.0412,0.0294,16.47,15.88,3.644,2002,12,4,2002-12,False
2002-12-11,ASIANPAINT,16.32,16.51,16.17,16.26,1027050,0.014,16.19,16.36,,50.933,-0.0077,-0.0345,0.0268,16.48,15.9,3.589,2002,12,4,2002-12,False
2002-12-12,ASIANPAINT,16.21,16.51,16.11,16.34,281640,0.5,16.18,16.35,,53.854,0.0021,-0.0272,0.0293,16.47,15.9,3.556,2002,12,4,2002-12,False
2002-12-13,ASIANPAINT,16.26,16.85,16.16,16.45,179070,0.651,16.2,16.34,,57.426,0.0182,-0.0181,0.0363,16.51,15.89,3.843,2002,12,4,2002-12,False
2002-12-16,ASIANPAINT,16.36,16.41,16.14,16.26,49470,-1.168,16.21,16.33,,49.913,0.0153,-0.0114,0.0267,16.5,15.92,3.567,2002,12,4,2002-12,False
2002-12-17,ASIANPAINT,16.19,16.33,16.16,16.23,23265,-0.155,16.23,16.32,,49.01,0.0108,-0.007,0.0178,16.49,15.97,3.219,2002,12,4,2002-12,False
2002-12-18,ASIANPAINT,16.7,16.7,16.26,16.36,33705,0.774,16.25,16.31,,53.536,0.0172,-0.0021,0.0194,16.44,16.06,2.341,2002,12,4,2002-12,False
2002-12-19,ASIANPAINT,16.26,16.43,16.26,16.36,662415,0.0,16.27,16.31,,53.536,0.0221,0.0027,0.0194,16.45,16.09,2.197,2002,12,4,2002-12,False
2002-12-20,ASIANPAINT,15.55,16.43,15.55,16.23,25080,-0.813,16.27,16.3,,48.274,0.015,0.0052,0.0098,16.44,16.09,2.209,2002,12,4,2002-12,False
2002-12-23,ASIANPAINT,16.26,16.28,16.01,16.02,36885,-1.244,16.25,16.29,,41.596,-0.0068,0.0028,-0.0096,16.46,16.04,2.578,2002,12,4,2002-12,False
2002-12-24,ASIANPAINT,16.25,16.25,15.87,15.9,147645,-0.798,16.23,16.27,,38.008,-0.034,-0.0046,-0.0294,16.49,15.97,3.197,2002,12,4,2002-12,False
2002-12-25,ASIANPAINT,15.9,15.9,15.9,15.9,0,0.0,16.21,16.26,,38.008,-0.055,-0.0147,-0.0403,16.51,15.91,3.672,2002,12,4,2002-12,False
2002-12-26,ASIANPAINT,15.96,16.26,15.77,16.1,83250,1.316,16.2,16.25,,46.726,-0.0541,-0.0225,-0.0315,16.5,15.9,3.688,2002,12,4,2002-12,False
2002-12-27,ASIANPAINT,16.02,16.16,15.94,16.05,9375,-0.367,16.2,16.24,,44.808,-0.0574,-0.0295,-0.0279,16.5,15.9,3.707,2002,12,4,2002-12,False
2002-12-30,ASIANPAINT,16.21,16.24,16.02,16.03,26310,-0.078,16.19,16.22,,44.391,-0.0604,-0.0357,-0.0247,16.5,15.89,3.816,2002,12,4,2002-12,False
2002-12-31,ASIANPAINT,16.06,16.16,16.0,16.03,82995,-0.046,16.19,16.21,,44.131,-0.0627,-0.0411,-0.0216,16.51,15.87,3.901,2002,12,4,2002-12,False
2003-01-01,ASIANPAINT,16.01,16.08,16.01,16.02,12885,-0.028,16.18,16.19,,43.964,-0.0641,-0.0457,-0.0184,16.51,15.86,4.014,2003,1,1,2003-01,False
2003-01-02,ASIANPAINT,16.01,16.16,16.01,16.11,15960,0.581,16.17,16.18,,48.37,-0.057,-0.048,-0.0091,16.5,15.85,3.994,2003,1,1,2003-01,False
2003-01-03,ASIANPAINT,16.16,16.36,16.14,16.14,21945,0.17,16.17,16.17,,49.623,-0.0487,-0.0481,-0.0006,16.49,15.85,3.949,2003,1,1,2003-01,False
2003-01-06,ASIANPAINT,16.21,16.25,16.06,16.22,25155,0.472,16.16,16.17,,53.039,-0.0355,-0.0456,0.0101,16.48,15.85,3.89,2003,1,1,2003-01,False
2003-01-07,ASIANPAINT,16.21,16.33,16.16,16.31,33825,0.547,16.17,16.17,,56.721,-0.0177,-0.04,0.0223,16.48,15.85,3.935,2003,1,1,2003-01,False
2003-01-08,ASIANPAINT,16.31,16.33,16.22,16.3,114570,-0.027,16.17,16.17,,56.482,-0.0039,-0.0328,0.0289,16.49,15.85,3.972,2003,1,1,2003-01,False
2003-01-09,ASIANPAINT,16.31,16.36,16.15,16.31,51555,0.045,16.17,16.17,,56.808,0.0075,-0.0247,0.0323,16.48,15.85,3.928,2003,1,1,2003-01,False
2003-01-10,ASIANPAINT,16.31,16.36,16.21,16.34,30540,0.195,16.16,16.18,,58.256,0.019,-0.016,0.0349,16.46,15.86,3.716,2003,1,1,2003-01,False
2003-01-13,ASIANPAINT,18.23,18.23,16.11,16.25,59040,-0.529,16.16,16.18,,53.046,0.0208,-0.0086,0.0294,16.46,15.86,3.714,2003,1,1,2003-01,False
2003-01-14,ASIANPAINT,16.45,16.6,16.36,16.55,45600,1.819,16.18,16.17,,64.676,0.0456,0.0022,0.0434,16.52,15.83,4.282,2003,1,1,2003-01,False
2003-01-15,ASIANPAINT,16.46,16.72,16.0,16.19,50295,-2.17,16.17,16.17,,48.845,0.0358,0.0089,0.0269,16.5,15.83,4.153,2003,1,1,2003-01,False
2003-01-16,ASIANPAINT,15.27,16.6,15.27,16.57,150120,2.355,16.18,16.18,,60.032,0.0582,0.0188,0.0394,16.55,15.81,4.61,2003,1,1,2003-01,False
2003-01-17,ASIANPAINT,16.51,16.58,16.46,16.48,89235,-0.562,16.19,16.19,,56.767,0.0676,0.0285,0.0391,16.59,15.79,4.894,2003,1,1,2003-01,False
2003-01-20,ASIANPAINT,16.56,16.56,16.36,16.49,29775,0.058,16.21,16.2,,57.027,0.075,0.0378,0.0372,16.62,15.81,5.047,2003,1,1,2003-01,False
2003-01-21,ASIANPAINT,15.32,16.65,15.27,16.49,31245,-0.013,16.24,16.22,,56.942,0.0798,0.0462,0.0335,16.64,15.85,4.893,2003,1,1,2003-01,False
2003-01-22,ASIANPAINT,16.6,16.6,16.46,16.54,207600,0.314,16.28,16.23,,58.496,0.0867,0.0543,0.0324,16.66,15.89,4.699,2003,1,1,2003-01,False
2003-01-23,ASIANPAINT,16.65,16.65,16.31,16.43,61650,-0.657,16.29,16.23,,54.081,0.0825,0.06,0.0225,16.67,15.91,4.657,2003,1,1,2003-01,False
2003-01-24,ASIANPAINT,16.36,16.51,16.36,16.48,60285,0.315,16.31,16.23,,55.792,0.0824,0.0644,0.0179,16.68,15.94,4.531,2003,1,1,2003-01,False
2003-01-27,ASIANPAINT,16.31,16.5,16.11,16.33,23250,-0.91,16.33,16.24,,49.976,0.0694,0.0654,0.004,16.67,15.98,4.226,2003,1,1,2003-01,False
2003-01-28,ASIANPAINT,16.28,16.56,16.28,16.4,60855,0.407,16.35,16.25,,52.348,0.0637,0.0651,-0.0014,16.66,16.03,3.853,2003,1,1,2003-01,False
2003-01-29,ASIANPAINT,16.41,16.45,16.08,16.25,33105,-0.933,16.36,16.26,,46.847,0.0463,0.0613,-0.015,16.64,16.08,3.423,2003,1,1,2003-01,False
2003-01-30,ASIANPAINT,16.27,16.32,16.06,16.27,17520,0.182,16.37,16.26,,47.984,0.0346,0.056,-0.0214,16.63,16.11,3.163,2003,1,1,2003-01,False
2003-01-31,ASIANPAINT,16.12,16.31,16.01,16.06,26985,-1.317,16.36,16.26,,41.114,0.0078,0.0464,-0.0385,16.64,16.09,3.371,2003,1,1,2003-01,False
2003-02-03,ASIANPAINT,15.82,16.38,15.82,15.96,54750,-0.612,16.35,16.25,,38.399,-0.021,0.0329,-0.0539,16.67,16.03,3.959,2003,2,1,2003-02,False
2003-02-04,ASIANPAINT,15.91,16.21,15.91,16.15,18540,1.185,16.34,16.25,,45.816,-0.0283,0.0206,-0.0489,16.68,16.01,4.104,2003,2,1,2003-02,False
2003-02-05,ASIANPAINT,16.0,16.34,16.0,16.26,108795,0.673,16.34,16.25,,49.571,-0.025,0.0115,-0.0365,16.68,16.0,4.124,2003,2,1,2003-02,False
2003-02-06,ASIANPAINT,16.16,16.26,16.14,16.26,49860,0.0,16.34,16.25,,49.571,-0.0222,0.0048,-0.0269,16.68,16.0,4.145,2003,2,1,2003-02,False
2003-02-07,ASIANPAINT,16.07,16.2,16.07,16.18,24570,-0.514,16.33,16.25,,46.687,-0.0263,-0.0015,-0.0249,16.68,15.98,4.24,2003,2,1,2003-02,False
2003-02-10,ASIANPAINT,16.01,16.22,15.87,16.03,20490,-0.914,16.32,16.25,,42.026,-0.0411,-0.0094,-0.0317,16.69,15.95,4.54,2003,2,1,2003-02,False
2003-02-11,ASIANPAINT,16.27,16.27,16.01,16.05,22020,0.106,16.29,16.24,,42.734,-0.0508,-0.0177,-0.0332,16.67,15.92,4.575,2003,2,1,2003-02,False
2003-02-12,ASIANPAINT,16.16,16.16,16.01,16.09,4545,0.309,16.29,16.24,,44.847,-0.0539,-0.0249,-0.029,16.67,15.91,4.673,2003,2,1,2003-02,False
2003-02-13,ASIANPAINT,16.09,16.09,16.09,16.09,0,0.0,16.26,16.24,,44.847,-0.0558,-0.0311,-0.0247,16.63,15.9,4.49,2003,2,1,2003-02,False
2003-02-14,ASIANPAINT,16.01,16.04,15.82,15.98,46095,-0.735,16.24,16.23,,40.689,-0.066,-0.0381,-0.0279,16.61,15.87,4.581,2003,2,1,2003-02,False
2003-02-17,ASIANPAINT,15.92,16.15,15.79,15.9,21525,-0.495,16.21,16.23,,38.141,-0.0795,-0.0464,-0.0332,16.59,15.83,4.716,2003,2,1,2003-02,False
2003-02-18,ASIANPAINT,16.01,16.16,15.77,15.82,66765,-0.511,16.18,16.22,,35.669,-0.0957,-0.0562,-0.0395,16.57,15.78,4.911,2003,2,1,2003-02,False
2003-02-19,ASIANPAINT,16.0,16.0,15.79,15.89,47265,0.467,16.14,16.21,,39.508,-0.1015,-0.0653,-0.0362,16.52,15.77,4.683,2003,2,1,2003-02,False
2003-02-20,ASIANPAINT,15.87,16.01,15.82,15.97,149370,0.479,16.12,16.2,,43.263,-0.0987,-0.072,-0.0267,16.48,15.76,4.474,2003,2,1,2003-02,False
2003-02-21,ASIANPAINT,15.96,16.06,15.93,16.02,34065,0.324,16.1,16.19,,45.729,-0.0913,-0.0758,-0.0155,16.42,15.78,3.979,2003,2,1,2003-02,False
2003-02-24,ASIANPAINT,16.1,16.11,15.84,15.88,13755,-0.89,16.07,16.18,,40.502,-0.0958,-0.0798,-0.016,16.39,15.76,3.919,2003,2,1,2003-02,False
2003-02-25,ASIANPAINT,15.87,15.96,15.87,15.95,22545,0.498,16.05,16.18,,44.303,-0.092,-0.0823,-0.0097,16.33,15.77,3.483,2003,2,1,2003-02,False
2003-02-26,ASIANPAINT,16.01,16.01,15.77,15.77,16515,-1.144,16.03,16.17,,38.232,-0.1025,-0.0863,-0.0162,16.32,15.74,3.628,2003,2,1,2003-02,False
2003-02-27,ASIANPAINT,15.78,15.96,15.77,15.83,10200,0.389,16.01,16.16,,41.15,-0.1046,-0.09,-0.0147,16.29,15.73,3.485,2003,2,1,2003-02,False
2003-02-28,ASIANPAINT,15.87,16.0,15.52,15.65,45405,-1.148,15.99,16.15,,35.758,-0.1196,-0.0959,-0.0237,16.31,15.67,3.996,2003,2,1,2003-02,False
2003-03-03,ASIANPAINT,15.93,15.93,15.47,15.54,122715,-0.727,15.97,16.14,,32.855,-0.1391,-0.1045,-0.0346,16.34,15.59,4.726,2003,3,1,2003-03,False
2003-03-04,ASIANPAINT,16.01,16.01,15.32,15.4,58515,-0.904,15.93,16.13,,29.656,-0.164,-0.1164,-0.0476,16.37,15.48,5.572,2003,3,1,2003-03,False
2003-03-05,ASIANPAINT,15.74,15.74,15.27,15.35,212100,-0.288,15.88,16.12,,28.706,-0.1851,-0.1302,-0.055,16.37,15.4,6.098,2003,3,1,2003-03,False
2003-03-06,ASIANPAINT,15.45,15.53,15.42,15.47,16500,0.756,15.84,16.1,,34.611,-0.1904,-0.1422,-0.0481,16.33,15.36,6.104,2003,3,1,2003-03,False
2003-03-07,ASIANPAINT,15.47,15.85,15.42,15.77,49020,1.973,15.82,16.1,,47.038,-0.1679,-0.1473,-0.0206,16.28,15.36,5.787,2003,3,1,2003-03,False
2003-03-10,ASIANPAINT,16.01,16.31,15.82,16.19,97065,2.624,15.83,16.1,,58.544,-0.1154,-0.141,0.0256,16.31,15.35,6.04,2003,3,1,2003-03,False
2003-03-11,ASIANPAINT,16.01,16.41,16.01,16.38,568125,1.187,15.85,16.11,,62.605,-0.0576,-0.1243,0.0667,16.38,15.32,6.693,2003,3,1,2003-03,False
2003-03-12,ASIANPAINT,16.26,16.33,16.21,16.3,31560,-0.51,15.86,16.11,,59.86,-0.0184,-0.1031,0.0848,16.41,15.3,7.028,2003,3,1,2003-03,False
2003-03-13,ASIANPAINT,16.25,16.41,16.16,16.36,41265,0.408,15.87,16.12,,61.315,0.0179,-0.0789,0.0968,16.46,15.28,7.474,2003,3,1,2003-03,False
2003-03-14,ASIANPAINT,16.36,16.36,16.36,16.36,0,0.0,15.89,16.12,,61.315,0.0461,-0.0539,0.1,16.52,15.26,7.949,2003,3,1,2003-03,False
2003-03-17,ASIANPAINT,16.28,16.5,16.09,16.29,76605,-0.452,15.91,16.12,,58.579,0.0618,-0.0307,0.0926,16.57,15.25,8.252,2003,3,1,2003-03,False
2003-03-18,ASIANPAINT,16.29,16.29,16.29,16.29,0,0.0,15.93,16.12,,58.579,0.0734,-0.0099,0.0833,16.61,15.26,8.486,2003,3,1,2003-03,False
2003-03-19,ASIANPAINT,16.51,17.69,16.26,16.72,314415,2.618,15.97,16.13,,68.104,0.1157,0.0152,0.1005,16.73,15.21,9.522,2003,3,1,2003-03,False
2003-03-20,ASIANPAINT,16.51,17.0,16.47,16.95,142350,1.397,16.02,16.14,,71.913,0.1661,0.0454,0.1207,16.9,15.15,10.941,2003,3,1,2003-03,False
2003-03-21,ASIANPAINT,16.95,17.05,16.86,17.02,190095,0.41,16.07,16.16,,72.948,0.2093,0.0782,0.1311,17.06,15.09,12.231,2003,3,1,2003-03,False
2003-03-24,ASIANPAINT,16.51,17.21,16.51,17.16,279615,0.838,16.14,16.18,,74.986,0.2521,0.1129,0.1391,17.23,15.05,13.518,2003,3,1,2003-03,False
2003-03-25,ASIANPAINT,16.99,17.1,16.65,16.84,229980,-1.852,16.18,16.18,,63.506,0.2574,0.1418,0.1155,17.31,15.05,13.979,2003,3,1,2003-03,False
2003-03-26,ASIANPAINT,16.84,16.84,16.61,16.69,19845,-0.908,16.23,16.19,,58.837,0.2464,0.1627,0.0837,17.36,15.09,13.994,2003,3,1,2003-03,False
2003-03-27,ASIANPAINT,16.56,16.75,16.53,16.68,30765,-0.071,16.27,16.19,,58.479,0.234,0.177,0.057,17.41,15.13,13.97,2003,3,1,2003-03,False
2003-03-28,ASIANPAINT,16.53,16.53,16.32,16.41,12105,-1.595,16.31,16.19,,50.966,0.2005,0.1817,0.0188,17.41,15.21,13.485,2003,3,1,2003-03,False
2003-03-31,ASIANPAINT,16.36,16.51,16.18,16.26,179940,-0.932,16.34,16.19,,47.211,0.1597,0.1773,-0.0176,17.38,15.31,12.711,2003,3,1,2003-03,False
2003-04-01,ASIANPAINT,15.91,16.24,15.79,16.2,23235,-0.377,16.38,16.18,,45.755,0.121,0.166,-0.045,17.33,15.44,11.501,2003,4,2,2003-04,False
2003-04-02,ASIANPAINT,16.21,16.3,16.11,16.25,4500,0.301,16.43,16.18,,47.15,0.0932,0.1515,-0.0582,17.24,15.62,9.884,2003,4,2,2003-04,False
2003-04-03,ASIANPAINT,16.25,16.3,16.16,16.24,6915,-0.073,16.47,16.17,,46.836,0.0695,0.1351,-0.0656,17.15,15.78,8.297,2003,4,2,2003-04,False
2003-04-04,ASIANPAINT,16.21,16.34,16.17,16.27,12075,0.209,16.49,16.17,16.36,47.912,0.0528,0.1186,-0.0659,17.1,15.88,7.388,2003,4,2,2003-04,False
2003-04-07,ASIANPAINT,16.26,16.46,16.02,16.2,26325,-0.454,16.49,16.17,16.36,45.744,0.0332,0.1015,-0.0684,17.1,15.88,7.378,2003,4,2,2003-04,False
2003-04-08,ASIANPAINT,16.26,16.6,16.06,16.12,23265,-0.438,16.48,16.16,16.36,43.7,0.0118,0.0836,-0.0718,17.11,15.85,7.631,2003,4,2,2003-04,False
2003-04-09,ASIANPAINT,16.26,16.31,16.06,16.11,13515,-0.064,16.47,16.16,16.36,43.396,-0.0059,0.0657,-0.0716,17.12,15.83,7.834,2003,4,2,2003-04,False
2003-04-10,ASIANPAINT,15.96,16.26,15.82,15.94,57330,-1.101,16.45,16.15,16.35,38.449,-0.0339,0.0458,-0.0797,17.14,15.76,8.352,2003,4,2,2003-04,False
2003-04-11,ASIANPAINT,15.99,16.16,15.91,15.96,18165,0.139,16.43,16.15,16.35,39.38,-0.0536,0.0259,-0.0795,17.15,15.71,8.773,2003,4,2,2003-04,False
2003-04-15,ASIANPAINT,16.16,16.16,15.96,16.03,22275,0.417,16.42,16.15,16.34,42.201,-0.0632,0.0081,-0.0713,17.16,15.68,9.026,2003,4,2,2003-04,False
2003-04-16,ASIANPAINT,15.96,16.21,15.87,15.99,438645,-0.231,16.4,16.15,16.33,41.058,-0.0729,-0.0081,-0.0648,17.16,15.64,9.311,2003,4,2,2003-04,False
2003-04-17,ASIANPAINT,16.36,16.36,15.97,16.16,62925,1.049,16.37,16.14,16.32,47.953,-0.0663,-0.0198,-0.0465,17.13,15.62,9.234,2003,4,2,2003-04,False
2003-04-18,ASIANPAINT,16.16,16.16,16.16,16.16,0,0.0,16.33,16.14,16.32,47.953,-0.0604,-0.0279,-0.0325,17.04,15.62,8.701,2003,4,2,2003-04,False
2003-04-21,ASIANPAINT,16.06,16.45,15.91,15.92,63705,-1.432,16.28,16.14,16.31,40.396,-0.0735,-0.037,-0.0365,16.93,15.62,8.044,2003,4,2,2003-04,False
2003-04-22,ASIANPAINT,16.16,16.51,16.02,16.23,63855,1.931,16.23,16.14,16.31,51.366,-0.0584,-0.0413,-0.0171,16.74,15.73,6.235,2003,4,2,2003-04,False
2003-04-23,ASIANPAINT,16.21,16.21,16.02,16.05,20715,-1.152,16.19,16.14,16.3,45.84,-0.0609,-0.0452,-0.0156,16.61,15.77,5.213,2003,4,2,2003-04,False
2003-04-24,ASIANPAINT,16.01,16.16,15.97,16.12,15945,0.461,16.16,16.14,16.3,48.212,-0.0562,-0.0474,-0.0088,16.52,15.81,4.35,2003,4,2,2003-04,False
2003-04-25,ASIANPAINT,15.89,16.08,15.89,15.98,74355,-0.871,16.13,16.14,16.3,44.248,-0.0631,-0.0505,-0.0125,16.39,15.86,3.277,2003,4,2,2003-04,False
2003-04-28,ASIANPAINT,16.01,16.11,16.01,16.06,15270,0.495,16.11,16.14,16.3,46.896,-0.0614,-0.0527,-0.0087,16.34,15.88,2.848,2003,4,2,2003-04,False
2003-04-29,ASIANPAINT,16.11,16.41,16.09,16.22,116415,1.026,16.11,16.15,16.3,52.012,-0.0463,-0.0514,0.0051,16.33,15.88,2.793,2003,4,2,2003-04,False
2003-04-30,ASIANPAINT,16.26,16.37,16.26,16.32,413175,0.592,16.12,16.16,16.3,54.749,-0.0263,-0.0464,0.0201,16.36,15.87,2.989,2003,4,2,2003-04,False
2003-05-01,ASIANPAINT,16.32,16.32,16.32,16.32,0,0.0,16.12,16.17,16.3,54.749,-0.0103,-0.0392,0.0289,16.37,15.87,3.115,2003,5,2,2003-05,False
2003-05-02,ASIANPAINT,16.26,18.23,16.26,17.54,136125,7.473,16.18,16.2,16.3,75.4,0.0997,-0.0114,0.1111,16.87,15.5,8.44,2003,5,2,2003-05,False
2003-05-05,ASIANPAINT,17.69,17.74,16.75,16.84,78720,-4.003,16.21,16.21,16.3,58.77,0.1286,0.0166,0.112,16.95,15.47,9.157,2003,5,2,2003-05,False
2003-05-06,ASIANPAINT,17.0,17.0,16.6,16.71,63255,-0.746,16.24,16.23,16.31,56.374,0.1399,0.0413,0.0986,17.01,15.46,9.543,2003,5,2,2003-05,False
2003-05-07,ASIANPAINT,16.8,17.0,16.75,16.94,282525,1.371,16.28,16.25,16.31,59.608,0.1653,0.0661,0.0993,17.11,15.45,10.237,2003,5,2,2003-05,False
2003-05-08,ASIANPAINT,16.86,16.86,16.74,16.81,53295,-0.785,16.31,16.27,16.32,56.967,0.1728,0.0874,0.0854,17.18,15.45,10.561,2003,5,2,2003-05,False
2003-05-09,ASIANPAINT,16.75,16.89,16.7,16.82,71700,0.075,16.36,16.29,16.32,57.16,0.1777,0.1055,0.0722,17.23,15.49,10.643,2003,5,2,2003-05,False
2003-05-12,ASIANPAINT,16.75,16.89,16.73,16.76,82605,-0.351,16.4,16.31,16.33,55.89,0.1748,0.1193,0.0554,17.26,15.53,10.574,2003,5,2,2003-05,False
2003-05-13,ASIANPAINT,16.9,16.9,16.58,16.66,20355,-0.591,16.43,16.34,16.33,53.735,0.1626,0.128,0.0346,17.29,15.57,10.42,2003,5,2,2003-05,False
2003-05-14,ASIANPAINT,16.7,16.75,16.56,16.59,62280,-0.399,16.46,16.36,16.33,52.277,0.1459,0.1316,0.0143,17.29,15.63,10.12,2003,5,2,2003-05,False
2003-05-15,ASIANPAINT,16.6,16.9,16.6,16.84,53535,1.501,16.49,16.39,16.34,56.983,0.151,0.1354,0.0156,17.33,15.66,10.147,2003,5,2,2003-05,False
2003-05-16,ASIANPAINT,16.85,19.7,16.85,18.24,2249550,8.306,16.6,16.45,16.35,73.055,0.2649,0.1613,0.1036,17.73,15.47,13.6,2003,5,2,2003-05,False
2003-05-19,ASIANPAINT,18.55,18.92,18.13,18.23,555705,-0.065,16.71,16.49,16.35,72.808,0.3502,0.1991,0.1511,18.01,15.42,15.525,2003,5,2,2003-05,False
2003-05-20,ASIANPAINT,18.46,18.46,18.07,18.12,221070,-0.596,16.81,16.53,16.36,70.445,0.4043,0.2402,0.1642,18.23,15.39,16.888,2003,5,2,2003-05,False
2003-05-21,ASIANPAINT,18.33,18.35,17.65,17.74,190545,-2.121,16.89,16.56,16.37,62.696,0.4115,0.2744,0.1371,18.32,15.46,16.925,2003,5,2,2003-05,False
2003-05-22,ASIANPAINT,17.98,18.15,17.7,17.83,189105,0.529,16.98,16.59,16.38,63.745,0.4199,0.3035,0.1164,18.42,15.54,16.957,2003,5,2,2003-05,False
2003-05-23,ASIANPAINT,17.94,18.4,17.85,18.34,182670,2.86,17.1,16.63,16.39,68.867,0.4624,0.3353,0.1271,18.58,15.62,17.328,2003,5,2,2003-05,False
2003-05-26,ASIANPAINT,18.66,18.97,18.58,18.75,284715,2.2,17.23,16.68,16.4,72.213,0.5226,0.3728,0.1498,18.8,15.66,18.216,2003,5,2,2003-05,False
2003-05-27,ASIANPAINT,18.96,18.96,18.18,18.28,394035,-2.484,17.33,16.72,16.41,63.706,0.5267,0.4035,0.1231,18.89,15.77,18.008,2003,5,2,2003-05,False
2003-05-28,ASIANPAINT,18.48,19.1,18.4,18.78,797115,2.749,17.46,16.77,16.43,68.077,0.5639,0.4356,0.1283,19.07,15.85,18.462,2003,5,2,2003-05,False
2003-05-29,ASIANPAINT,19.66,19.66,18.41,18.66,604125,-0.63,17.57,16.81,16.44,66.061,0.5773,0.464,0.1133,19.18,15.97,18.253,2003,5,2,2003-05,False
2003-05-30,ASIANPAINT,18.72,18.72,18.48,18.61,201765,-0.301,17.63,16.84,16.45,65.075,0.5767,0.4865,0.0902,19.3,15.96,18.935,2003,5,2,2003-05,False
2003-06-02,ASIANPAINT,18.76,18.96,18.38,18.61,147870,0.024,17.72,16.87,16.46,65.119,0.57,0.5032,0.0668,19.4,16.04,18.971,2003,6,2,2003-06,False
2003-06-03,ASIANPAINT,18.76,18.79,18.48,18.66,102840,0.238,17.81,16.9,16.47,65.589,0.5618,0.5149,0.0469,19.47,16.15,18.642,2003,6,2,2003-06,False
2003-06-04,ASIANPAINT,18.72,18.87,18.62,18.82,774795,0.872,17.91,16.94,16.48,67.326,0.5619,0.5243,0.0376,19.57,16.24,18.593,2003,6,2,2003-06,False
2003-06-05,ASIANPAINT,18.87,18.92,18.69,18.82,158595,-0.012,18.01,16.98,16.49,67.276,0.5555,0.5306,0.0249,19.64,16.38,18.071,2003,6,2,2003-06,False
2003-06-06,ASIANPAINT,18.82,19.01,18.73,18.88,147435,0.326,18.11,17.03,16.51,67.983,0.549,0.5342,0.0147,19.68,16.54,17.336,2003,6,2,2003-06,False
2003-06-09,ASIANPAINT,18.97,19.02,18.7,18.85,164475,-0.157,18.22,17.08,16.52,67.229,0.5353,0.5344,0.0008,19.68,16.75,16.094,2003,6,2,2003-06,False
2003-06-10,ASIANPAINT,18.38,18.89,18.14,18.24,242505,-3.227,18.29,17.12,16.53,53.975,0.4699,0.5215,-0.0516,19.57,17.02,13.887,2003,6,2,2003-06,False
2003-06-11,ASIANPAINT,18.61,18.67,18.48,18.51,68595,1.471,18.39,17.16,16.53,57.916,0.4347,0.5042,-0.0694,19.38,17.4,10.744,2003,6,2,2003-06,False
2003-06-12,ASIANPAINT,18.92,18.92,18.53,18.57,99360,0.308,18.48,17.21,16.54,58.723,0.4068,0.4847,-0.0779,19.15,17.81,7.241,2003,6,2,2003-06,False
2003-06-13,ASIANPAINT,18.67,18.72,18.39,18.55,65265,-0.108,18.49,17.25,16.55,58.301,0.3786,0.4635,-0.0848,19.15,17.83,7.142,2003,6,2,2003-06,False
2003-06-16,ASIANPAINT,18.48,18.7,18.31,18.39,104565,-0.861,18.5,17.3,16.56,54.899,0.3395,0.4387,-0.0992,19.15,17.85,7.038,2003,6,2,2003-06,False
2003-06-17,ASIANPAINT,18.53,18.82,18.53,18.62,144405,1.27,18.52,17.35,16.57,58.696,0.3237,0.4157,-0.092,19.15,17.9,6.779,2003,6,2,2003-06,False
2003-06-18,ASIANPAINT,18.56,18.89,18.56,18.84,120420,1.167,18.58,17.4,16.58,61.909,0.3249,0.3975,-0.0726,19.1,18.06,5.612,2003,6,2,2003-06,False
2003-06-19,ASIANPAINT,18.77,18.92,18.75,18.79,53400,-0.235,18.63,17.45,16.59,60.869,0.3186,0.3817,-0.0631,19.02,18.24,4.214,2003,6,2,2003-06,False
2003-06-20,ASIANPAINT,18.72,18.87,18.63,18.81,71700,0.079,18.65,17.51,16.6,61.103,0.3112,0.3676,-0.0564,19.03,18.27,4.032,2003,6,2,2003-06,False
2003-06-23,ASIANPAINT,18.77,18.87,17.54,18.7,82275,-0.566,18.65,17.57,16.61,58.388,0.2934,0.3528,-0.0594,19.02,18.27,4.013,2003,6,2,2003-06,False
2003-06-24,ASIANPAINT,18.75,18.81,18.68,18.77,37845,0.383,18.67,17.62,16.62,59.687,0.2818,0.3386,-0.0568,19.01,18.34,3.585,2003,6,2,2003-06,False
2003-06-25,ASIANPAINT,18.84,18.84,18.67,18.73,33255,-0.209,18.67,17.68,16.63,58.61,0.2664,0.3242,-0.0578,19.0,18.34,3.557,2003,6,2,2003-06,False
2003-06-26,ASIANPAINT,18.82,18.87,18.62,18.68,74235,-0.276,18.67,17.73,16.64,57.144,0.2472,0.3088,-0.0616,19.0,18.34,3.557,2003,6,2,2003-06,False
2003-06-27,ASIANPAINT,18.65,18.77,18.49,18.63,161685,-0.293,18.67,17.78,16.65,55.56,0.2249,0.292,-0.0671,19.0,18.34,3.55,2003,6,2,2003-06,False
2003-06-30,ASIANPAINT,18.72,18.92,18.59,18.71,167025,0.425,18.68,17.83,16.66,57.398,0.2112,0.2758,-0.0646,19.01,18.35,3.539,2003,6,2,2003-06,False
2003-07-01,ASIANPAINT,18.87,18.97,18.67,18.84,115755,0.699,18.69,17.88,16.67,60.321,0.2085,0.2624,-0.0538,19.02,18.35,3.616,2003,7,3,2003-07,False
2003-07-02,ASIANPAINT,18.74,18.93,18.74,18.86,332415,0.141,18.69,17.94,16.68,60.909,0.2062,0.2511,-0.045,19.03,18.35,3.661,2003,7,3,2003-07,False
2003-07-03,ASIANPAINT,18.9,19.9,18.9,19.57,301605,3.761,18.73,18.01,16.7,72.571,0.2586,0.2526,0.0059,19.25,18.2,5.573,2003,7,3,2003-07,False
2003-07-04,ASIANPAINT,20.0,20.0,19.31,19.54,181125,-0.151,18.76,18.08,16.71,71.613,0.2943,0.261,0.0333,19.39,18.12,6.771,2003,7,3,2003-07,False
2003-07-07,ASIANPAINT,19.71,19.86,19.52,19.71,116925,0.87,18.8,18.15,16.73,73.759,0.3325,0.2753,0.0572,19.57,18.04,8.138,2003,7,3,2003-07,False
2003-07-08,ASIANPAINT,19.71,19.96,19.62,19.8,179265,0.45,18.88,18.22,16.74,74.829,0.3657,0.2934,0.0724,19.72,18.04,8.884,2003,7,3,2003-07,False
2003-07-09,ASIANPAINT,19.98,19.98,19.36,19.63,69390,-0.845,18.94,18.29,16.76,69.108,0.3743,0.3095,0.0647,19.82,18.05,9.331,2003,7,3,2003-07,False
2003-07-10,ASIANPAINT,19.63,19.78,19.38,19.52,92085,-0.574,18.99,18.35,16.77,65.477,0.3677,0.3212,0.0465,19.89,18.08,9.504,2003,7,3,2003-07,False
2003-07-11,ASIANPAINT,19.58,20.68,19.58,19.88,145980,1.809,19.05,18.4,16.79,70.676,0.3865,0.3342,0.0523,20.01,18.09,10.078,2003,7,3,2003-07,False
2003-07-14,ASIANPAINT,20.13,20.18,19.83,20.1,129375,1.107,19.14,18.47,16.8,73.369,0.4144,0.3503,0.0641,20.15,18.12,10.592,2003,7,3,2003-07,False
2003-07-15,ASIANPAINT,20.13,20.13,19.88,20.08,252870,-0.064,19.21,18.53,16.82,72.95,0.4305,0.3663,0.0642,20.28,18.14,11.099,2003,7,3,2003-07,False
2003-07-16,ASIANPAINT,20.13,20.13,19.85,19.95,262140,-0.647,19.27,18.59,16.84,68.657,0.4279,0.3786,0.0492,20.37,18.17,11.42,2003,7,3,2003-07,False
2003-07-17,ASIANPAINT,20.03,20.18,19.78,19.85,63255,-0.538,19.32,18.66,16.85,65.24,0.4124,0.3854,0.027,20.42,18.21,11.444,2003,7,3,2003-07,False
2003-07-18,ASIANPAINT,20.0,20.22,19.93,20.13,202980,1.412,19.38,18.72,16.87,69.504,0.4178,0.3919,0.026,20.52,18.25,11.699,2003,7,3,2003-07,False
2003-07-21,ASIANPAINT,18.32,20.13,18.32,19.95,69765,-0.885,19.45,18.79,16.89,64.122,0.4032,0.3941,0.0091,20.56,18.33,11.442,2003,7,3,2003-07,False
2003-07-22,ASIANPAINT,19.91,20.03,19.79,19.89,46455,-0.313,19.5,18.85,16.9,62.302,0.3821,0.3917,-0.0096,20.58,18.42,11.091,2003,7,3,2003-07,False
2003-07-23,ASIANPAINT,19.88,20.01,19.68,19.83,29625,-0.291,19.56,18.91,16.92,60.585,0.3567,0.3847,-0.028,20.58,18.53,10.503,2003,7,3,2003-07,False
2003-07-24,ASIANPAINT,19.71,19.78,19.31,19.73,85785,-0.466,19.61,18.97,16.93,57.842,0.3253,0.3728,-0.0475,20.55,18.67,9.613,2003,7,3,2003-07,False
2003-07-25,ASIANPAINT,20.12,20.12,19.63,19.72,103485,-0.076,19.66,19.0,16.95,57.386,0.2958,0.3574,-0.0616,20.49,18.84,8.357,2003,7,3,2003-07,False
2003-07-28,ASIANPAINT,20.03,20.03,19.86,19.94,47220,1.105,19.73,19.04,16.97,62.048,0.2867,0.3433,-0.0566,20.42,19.03,7.036,2003,7,3,2003-07,False
2003-07-29,ASIANPAINT,20.03,20.08,19.86,20.05,84915,0.565,19.79,19.07,16.98,64.228,0.2853,0.3317,-0.0464,20.35,19.22,5.734,2003,7,3,2003-07,False
2003-07-30,ASIANPAINT,20.03,20.23,20.03,20.09,85485,0.199,19.85,19.12,17.0,64.993,0.2841,0.3222,-0.0381,20.23,19.47,3.85,2003,7,3,2003-07,False
2003-07-31,ASIANPAINT,20.28,20.28,19.63,19.96,110070,-0.658,19.87,19.16,17.02,60.375,0.2694,0.3116,-0.0422,20.23,19.51,3.645,2003,7,3,2003-07,False
2003-08-01,ASIANPAINT,20.03,20.28,19.83,20.24,1740705,1.404,19.9,19.2,17.03,65.905,0.2771,0.3047,-0.0276,20.27,19.54,3.664,2003,8,3,2003-08,False
2003-08-04,ASIANPAINT,20.48,20.78,20.02,20.18,237840,-0.271,19.93,19.23,17.05,64.022,0.2757,0.2989,-0.0232,20.3,19.55,3.753,2003,8,3,2003-08,False
2003-08-05,ASIANPAINT,20.78,20.78,20.2,20.27,245820,0.409,19.95,19.27,17.07,65.616,0.278,0.2947,-0.0167,20.35,19.55,3.995,2003,8,3,2003-08,False
2003-08-06,ASIANPAINT,20.14,20.53,20.13,20.22,212835,-0.248,19.98,19.3,17.09,63.762,0.2726,0.2903,-0.0177,20.36,19.59,3.871,2003,8,3,2003-08,False
2003-08-07,ASIANPAINT,20.78,20.78,20.22,20.27,278445,0.249,20.01,19.33,17.11,64.832,0.2693,0.2861,-0.0168,20.36,19.67,3.426,2003,8,3,2003-08,False
2003-08-08,ASIANPAINT,20.48,20.58,20.41,20.5,186285,1.149,20.05,19.37,17.13,69.341,0.2823,0.2853,-0.0031,20.44,19.65,3.974,2003,8,3,2003-08,False
2003-08-11,ASIANPAINT,20.53,20.83,20.48,20.54,255195,0.205,20.07,19.41,17.15,70.087,0.2925,0.2868,0.0057,20.52,19.61,4.541,2003,8,3,2003-08,False
2003-08-12,ASIANPAINT,20.53,21.28,20.53,20.9,255045,1.745,20.11,19.45,17.18,75.546,0.3258,0.2946,0.0312,20.7,19.52,5.85,2003,8,3,2003-08,False
2003-08-13,ASIANPAINT,20.98,21.33,20.93,21.28,194340,1.844,20.18,19.5,17.2,79.813,0.3789,0.3115,0.0675,20.96,19.39,7.761,2003,8,3,2003-08,False
2003-08-14,ASIANPAINT,21.33,22.04,21.25,21.93,314325,3.025,20.28,19.56,17.23,84.636,0.4676,0.3427,0.1249,21.37,19.19,10.763,2003,8,3,2003-08,False
2003-08-15,ASIANPAINT,21.93,21.93,21.93,21.93,0,0.0,20.37,19.62,17.26,84.636,0.5317,0.3805,0.1512,21.68,19.06,12.892,2003,8,3,2003-08,False
2003-08-18,ASIANPAINT,21.89,23.14,21.89,22.99,355650,4.854,20.52,19.71,17.29,89.464,0.6608,0.4365,0.2243,22.27,18.78,16.984,2003,8,3,2003-08,False
2003-08-19,ASIANPAINT,24.04,24.34,22.3,22.72,324015,-1.199,20.66,19.8,17.33,82.255,0.7324,0.4957,0.2367,22.63,18.69,19.069,2003,8,3,2003-08,False
2003-08-20,ASIANPAINT,21.84,23.03,21.54,21.99,512505,-3.198,20.77,19.87,17.36,66.948,0.7222,0.541,0.1812,22.79,18.76,19.39,2003,8,3,2003-08,False
2003-08-21,ASIANPAINT,22.07,22.53,21.64,21.83,613995,-0.738,20.88,19.93,17.39,64.08,0.6931,0.5714,0.1217,22.88,18.87,19.203,2003,8,3,2003-08,False
2003-08-22,ASIANPAINT,21.64,22.47,20.43,22.08,866350,1.163,20.99,20.0,17.41,66.499,0.6826,0.5937,0.0889,22.99,19.0,19.013,2003,8,3,2003-08,False
2003-08-25,ASIANPAINT,21.23,22.76,21.23,22.19,698550,0.476,21.11,20.08,17.44,67.476,0.675,0.6099,0.0651,23.11,19.11,18.937,2003,8,3,2003-08,False
2003-08-26,ASIANPAINT,22.24,22.97,22.24,22.87,418790,3.081,21.25,20.16,17.48,72.99,0.7159,0.6311,0.0848,23.33,19.17,19.587,2003,8,3,2003-08,False
2003-08-27,ASIANPAINT,22.91,23.06,22.69,22.86,510090,-0.033,21.39,20.24,17.51,72.843,0.7392,0.6527,0.0864,23.51,19.26,19.873,2003,8,3,2003-08,False
2003-08-28,ASIANPAINT,22.84,23.14,22.71,22.91,985060,0.197,21.53,20.33,17.55,73.19,0.7526,0.6727,0.0799,23.65,19.42,19.662,2003,8,3,2003-08,False
2003-08-29,ASIANPAINT,23.25,23.25,22.79,23.1,841230,0.836,21.68,20.41,17.58,74.671,0.7698,0.6921,0.0777,23.81,19.54,19.697,2003,8,3,2003-08,False
2003-09-01,ASIANPAINT,23.21,23.21,22.54,22.72,318830,-1.626,21.8,20.49,17.62,66.872,0.7445,0.7026,0.0419,23.87,19.74,18.911,2003,9,3,2003-09,False
2003-09-02,ASIANPAINT,22.98,22.99,22.46,22.54,254850,-0.81,21.92,20.57,17.65,63.379,0.7016,0.7024,-0.0008,23.87,19.97,17.815,2003,9,3,2003-09,False
2003-09-03,ASIANPAINT,22.82,23.14,22.31,22.56,368240,0.083,22.04,20.65,17.68,63.588,0.6614,0.6942,-0.0328,23.83,20.24,16.311,2003,9,3,2003-09,False
2003-09-04,ASIANPAINT,22.54,23.06,22.39,22.89,756980,1.482,22.17,20.73,17.71,67.179,0.6491,0.6852,-0.0361,23.8,20.54,14.695,2003,9,3,2003-09,False
2003-09-05,ASIANPAINT,22.99,22.99,22.39,22.61,175970,-1.231,22.27,20.81,17.74,61.66,0.6096,0.6701,-0.0605,23.71,20.84,12.893,2003,9,3,2003-09,False
2003-09-08,ASIANPAINT,22.91,22.99,22.75,22.9,275670,1.262,22.39,20.89,17.78,64.815,0.5944,0.6549,-0.0605,23.6,21.18,10.77,2003,9,3,2003-09,False
2003-09-09,ASIANPAINT,22.91,23.06,22.54,22.98,418640,0.377,22.49,20.98,17.81,65.733,0.5827,0.6405,-0.0578,23.5,21.49,8.952,2003,9,3,2003-09,False
2003-09-10,ASIANPAINT,22.76,23.14,22.69,22.97,606180,-0.082,22.58,21.06,17.85,65.334,0.5654,0.6255,-0.0601,23.43,21.73,7.528,2003,9,3,2003-09,False
2003-09-11,ASIANPAINT,23.06,23.66,23.06,23.31,540430,1.488,22.65,21.13,17.88,69.023,0.5726,0.6149,-0.0423,23.5,21.8,7.518,2003,9,3,2003-09,False
2003-09-12,ASIANPAINT,23.66,24.34,23.36,23.54,801660,0.983,22.73,21.21,17.92,71.233,0.59,0.6099,-0.0199,23.6,21.86,7.645,2003,9,3,2003-09,False
2003-09-15,ASIANPAINT,23.66,23.66,22.99,23.1,890410,-1.867,22.73,21.28,17.95,62.084,0.5619,0.6003,-0.0384,23.61,21.86,7.712,2003,9,3,2003-09,False
2003-09-16,ASIANPAINT,22.62,23.29,22.62,23.21,810680,0.488,22.76,21.35,17.99,63.383,0.5424,0.5887,-0.0463,23.66,21.86,7.926,2003,9,3,2003-09,False
2003-09-17,ASIANPAINT,22.99,23.36,22.77,23.1,355900,-0.485,22.81,21.42,18.02,61.128,0.512,0.5734,-0.0614,23.65,21.98,7.339,2003,9,3,2003-09,False
2003-09-18,ASIANPAINT,22.99,23.14,22.72,22.81,60100,-1.236,22.86,21.48,18.05,55.72,0.4596,0.5506,-0.091,23.56,22.16,6.102,2003,9,3,2003-09,False
2003-09-19,ASIANPAINT,22.69,23.14,22.46,22.69,106600,-0.543,22.89,21.54,18.09,53.507,0.4034,0.5212,-0.1178,23.49,22.29,5.25,2003,9,3,2003-09,False
2003-09-22,ASIANPAINT,22.54,23.06,22.54,22.98,199530,1.291,22.93,21.6,18.12,57.776,0.3781,0.4926,-0.1145,23.43,22.43,4.373,2003,9,3,2003-09,False
2003-09-23,ASIANPAINT,22.99,23.03,22.61,22.88,143870,-0.425,22.93,21.65,18.15,55.933,0.3462,0.4633,-0.1171,23.43,22.43,4.371,2003,9,3,2003-09,False
2003-09-24,ASIANPAINT,22.91,22.99,22.78,22.9,203100,0.082,22.93,21.71,18.18,56.222,0.3188,0.4344,-0.1156,23.44,22.43,4.363,2003,9,3,2003-09,False
2003-09-25,ASIANPAINT,22.69,22.91,22.65,22.71,57500,-0.82,22.92,21.77,18.22,52.509,0.2787,0.4033,-0.1246,23.43,22.41,4.45,2003,9,3,2003-09,False
2003-09-26,ASIANPAINT,22.9,23.21,22.71,22.94,245540,0.992,22.92,21.83,18.25,56.243,0.2621,0.375,-0.113,23.42,22.41,4.393,2003,9,3,2003-09,False
2003-09-29,ASIANPAINT,22.42,23.14,22.42,22.67,204920,-1.163,22.91,21.88,18.28,51.121,0.2248,0.345,-0.1202,23.42,22.41,4.435,2003,9,3,2003-09,False
2003-09-30,ASIANPAINT,22.69,22.99,22.67,22.81,250440,0.596,22.93,21.94,18.32,53.437,0.2038,0.3167,-0.1129,23.41,22.45,4.188,2003,9,3,2003-09,False
2003-10-01,ASIANPAINT,22.76,22.91,22.69,22.81,95330,0.033,22.94,22.0,18.35,53.568,0.1856,0.2905,-0.1049,23.39,22.49,3.937,2003,10,4,2003-10,False
2003-10-02,ASIANPAINT,22.81,22.81,22.81,22.81,0,0.0,22.94,22.06,18.38,53.568,0.1693,0.2663,-0.097,23.39,22.48,3.965,2003,10,4,2003-10,False
2003-10-03,ASIANPAINT,22.62,22.91,22.62,22.9,205510,0.362,22.95,22.12,18.42,55.184,0.1611,0.2452,-0.0841,23.38,22.52,3.739,2003,10,4,2003-10,False
2003-10-06,ASIANPAINT,22.9,22.91,22.54,22.58,229530,-1.378,22.93,22.18,18.45,48.276,0.1277,0.2217,-0.094,23.39,22.48,4.006,2003,10,4,2003-10,False
2003-10-07,ASIANPAINT,22.69,22.91,22.61,22.78,395390,0.882,22.92,22.23,18.48,52.331,0.116,0.2006,-0.0846,23.39,22.46,4.046,2003,10,4,2003-10,False
2003-10-08,ASIANPAINT,22.76,22.91,22.69,22.89,204610,0.462,22.92,22.29,18.52,54.366,0.1139,0.1833,-0.0694,23.38,22.46,4.046,2003,10,4,2003-10,False
2003-10-09,ASIANPAINT,22.91,22.91,22.69,22.79,205130,-0.41,22.9,22.34,18.55,52.222,0.1034,0.1673,-0.0639,23.32,22.47,3.75,2003,10,4,2003-10,False
2003-10-10,ASIANPAINT,22.91,22.91,22.77,22.87,294850,0.363,22.86,22.4,18.59,53.943,0.1007,0.154,-0.0533,23.17,22.56,2.672,2003,10,4,2003-10,False
2003-10-13,ASIANPAINT,22.99,23.57,22.76,23.46,376790,2.562,22.88,22.46,18.62,63.881,0.1441,0.152,-0.0079,23.27,22.49,3.45,2003,10,4,2003-10,False
2003-10-14,ASIANPAINT,23.44,23.44,23.14,23.19,577020,-1.137,22.88,22.52,18.66,57.771,0.1552,0.1526,0.0026,23.27,22.49,3.428,2003,10,4,2003-10,False
2003-10-15,ASIANPAINT,23.08,23.21,22.76,22.94,407450,-1.117,22.87,22.57,18.69,52.515,0.1414,0.1504,-0.0089,23.25,22.49,3.321,2003,10,4,2003-10,False
2003-10-16,ASIANPAINT,22.91,23.13,22.54,22.72,310910,-0.934,22.87,22.62,18.72,48.582,0.112,0.1427,-0.0307,23.25,22.48,3.366,2003,10,4,2003-10,False
2003-10-17,ASIANPAINT,22.62,22.91,22.62,22.89,431020,0.744,22.88,22.67,18.76,51.66,0.1011,0.1344,-0.0333,23.25,22.5,3.283,2003,10,4,2003-10,False
2003-10-20,ASIANPAINT,22.84,22.91,22.24,22.31,772350,-2.527,22.84,22.71,18.79,42.323,0.0453,0.1166,-0.0713,23.29,22.39,3.929,2003,10,4,2003-10,False
2003-10-21,ASIANPAINT,22.31,22.53,21.79,21.84,172940,-2.104,22.79,22.73,18.81,36.549,-0.0364,0.086,-0.1224,23.42,22.16,5.556,2003,10,4,2003-10,False
2003-10-22,ASIANPAINT,24.26,24.26,21.61,21.77,160360,-0.344,22.73,22.74,18.84,35.71,-0.106,0.0476,-0.1536,23.51,21.96,6.847,2003,10,4,2003-10,False
2003-10-23,ASIANPAINT,22.53,22.53,21.27,21.4,278100,-1.708,22.67,22.72,18.87,31.815,-0.189,0.0003,-0.1892,23.65,21.69,8.668,2003,10,4,2003-10,False
2003-10-24,ASIANPAINT,21.22,21.94,21.2,21.74,158570,1.633,22.61,22.72,18.89,38.591,-0.224,-0.0446,-0.1794,23.67,21.55,9.341,2003,10,4,2003-10,False
2003-10-27,ASIANPAINT,21.78,21.86,21.22,21.29,125440,-2.09,22.54,22.69,18.92,33.874,-0.2851,-0.0927,-0.1924,23.75,21.33,10.723,2003,10,4,2003-10,False
2003-10-28,ASIANPAINT,21.67,21.7,21.18,21.24,117530,-0.212,22.46,22.66,18.94,33.438,-0.3333,-0.1408,-0.1925,23.79,21.13,11.856,2003,10,4,2003-10,False
2003-10-29,ASIANPAINT,21.41,21.49,21.18,21.28,597950,0.177,22.39,22.64,18.96,34.199,-0.3643,-0.1855,-0.1788,23.8,20.97,12.682,2003,10,4,2003-10,False
2003-10-30,ASIANPAINT,21.26,21.33,21.11,21.27,356230,-0.053,22.31,22.63,18.99,34.073,-0.3853,-0.2255,-0.1599,23.8,20.82,13.335,2003,10,4,2003-10,False
2003-10-31,ASIANPAINT,21.34,21.34,20.51,20.61,1111650,-3.09,22.19,22.6,19.01,27.675,-0.4499,-0.2704,-0.1795,23.83,20.55,14.777,2003,10,4,2003-10,False
2003-11-03,ASIANPAINT,20.85,21.41,20.85,21.2,404740,2.843,22.12,22.58,19.03,38.721,-0.4485,-0.306,-0.1426,23.81,20.44,15.248,2003,11,4,2003-11,False
2003-11-04,ASIANPAINT,21.31,21.79,21.18,21.54,372160,1.612,22.06,22.56,19.06,44.086,-0.4151,-0.3278,-0.0873,23.74,20.39,15.196,2003,11,4,2003-11,False
2003-11-05,ASIANPAINT,21.47,22.27,21.47,22.12,397700,2.685,22.02,22.54,19.09,51.779,-0.3381,-0.3299,-0.0082,23.66,20.39,14.815,2003,11,4,2003-11,False
2003-11-06,ASIANPAINT,22.31,23.48,22.24,23.23,783700,5.009,22.05,22.55,19.12,62.441,-0.1855,-0.301,0.1155,23.73,20.36,15.29,2003,11,4,2003-11,False
2003-11-07,ASIANPAINT,22.95,23.85,21.36,23.31,577800,0.36,22.07,22.55,19.16,63.103,-0.0571,-0.2522,0.1951,23.81,20.33,15.778,2003,11,4,2003-11,False
2003-11-10,ASIANPAINT,22.42,23.47,22.42,23.12,396190,-0.831,22.05,22.56,19.19,60.441,0.0286,-0.196,0.2247,23.74,20.36,15.321,2003,11,4,2003-11,False
2003-11-11,ASIANPAINT,23.33,23.33,22.92,23.13,497660,0.049,22.05,22.57,19.23,60.547,0.0964,-0.1376,0.234,23.73,20.37,15.241,2003,11,4,2003-11,False
2003-11-12,ASIANPAINT,23.33,23.4,23.04,23.2,219260,0.312,22.06,22.58,19.26,61.251,0.1542,-0.0792,0.2334,23.77,20.35,15.536,2003,11,4,2003-11,False
2003-11-13,ASIANPAINT,23.37,23.4,23.03,23.29,211960,0.393,22.09,22.59,19.3,62.17,0.2049,-0.0224,0.2273,23.87,20.31,16.097,2003,11,4,2003-11,False
2003-11-14,ASIANPAINT,23.33,23.36,22.95,23.29,389880,-0.016,22.11,22.61,19.33,62.104,0.2421,0.0305,0.2116,23.93,20.29,16.5,2003,11,4,2003-11,False
2003-11-17,ASIANPAINT,23.17,23.48,23.02,23.29,219580,-0.016,22.16,22.61,19.37,62.033,0.2681,0.078,0.1901,24.06,20.26,17.124,2003,11,4,2003-11,False
2003-11-18,ASIANPAINT,23.48,23.48,23.1,23.28,152970,-0.033,22.23,22.62,19.41,61.88,0.2848,0.1194,0.1654,24.18,20.28,17.585,2003,11,4,2003-11,False
2003-11-19,ASIANPAINT,23.1,23.24,23.02,23.2,349760,-0.326,22.3,22.62,19.44,60.286,0.2886,0.1532,0.1354,24.29,20.31,17.828,2003,11,4,2003-11,False
2003-11-20,ASIANPAINT,23.17,23.23,22.95,23.14,129080,-0.246,22.39,22.62,19.48,59.056,0.2838,0.1793,0.1044,24.36,20.42,17.633,2003,11,4,2003-11,False
2003-11-21,ASIANPAINT,22.96,23.25,22.27,23.18,171020,0.164,22.46,22.61,19.51,59.647,0.2798,0.1994,0.0803,24.44,20.48,17.628,2003,11,4,2003-11,False
2003-11-24,ASIANPAINT,22.98,23.4,22.88,23.32,200900,0.606,22.56,22.62,19.55,61.841,0.2847,0.2165,0.0682,24.5,20.63,17.15,2003,11,4,2003-11,False
2003-11-25,ASIANPAINT,23.48,23.48,23.04,23.32,150150,0.0,22.67,22.62,19.59,61.841,0.2852,0.2302,0.055,24.53,20.81,16.398,2003,11,4,2003-11,False
2003-11-26,ASIANPAINT,23.32,23.32,23.32,23.32,0,0.0,22.77,22.63,19.62,61.841,0.2825,0.2407,0.0418,24.53,21.01,15.459,2003,11,4,2003-11,False
2003-11-27,ASIANPAINT,23.25,23.55,23.1,23.38,741340,0.244,22.87,22.64,19.66,62.863,0.2816,0.2489,0.0327,24.5,21.24,14.252,2003,11,4,2003-11,False
2003-11-28,ASIANPAINT,23.55,23.78,23.22,23.52,262930,0.601,23.02,22.65,19.7,65.331,0.2889,0.2569,0.032,24.28,21.76,10.921,2003,11,4,2003-11,False
2003-12-01,ASIANPAINT,23.48,23.69,23.3,23.48,727640,-0.162,23.13,22.66,19.74,64.091,0.2883,0.2632,0.0252,24.07,22.2,8.079,2003,12,4,2003-12,False
2003-12-02,ASIANPAINT,23.48,23.61,23.4,23.54,312450,0.259,23.23,22.68,19.77,65.228,0.2894,0.2684,0.021,23.81,22.66,4.965,2003,12,4,2003-12,False
2003-12-03,ASIANPAINT,23.48,23.85,23.41,23.66,602760,0.484,23.31,22.69,19.81,67.317,0.2961,0.274,0.0222,23.6,23.02,2.492,2003,12,4,2003-12,False
2003-12-04,ASIANPAINT,23.65,23.93,23.49,23.8,812320,0.594,23.34,22.71,19.85,69.732,0.3092,0.281,0.0282,23.7,22.98,3.083,2003,12,4,2003-12,False
2003-12-05,ASIANPAINT,23.92,24.27,23.78,24.09,605890,1.245,23.38,22.74,19.89,74.081,0.3395,0.2927,0.0468,23.87,22.89,4.216,2003,12,4,2003-12,False
2003-12-08,ASIANPAINT,24.09,25.07,23.93,24.3,454460,0.867,23.44,22.77,19.94,76.63,0.3761,0.3094,0.0667,24.07,22.81,5.356,2003,12,4,2003-12,False
2003-12-09,ASIANPAINT,24.69,25.07,24.16,24.33,375160,0.109,23.5,22.8,19.98,76.941,0.4026,0.328,0.0746,24.22,22.77,6.175,2003,12,4,2003-12,False
2003-12-10,ASIANPAINT,24.32,24.73,24.32,24.63,362580,1.234,23.57,22.84,20.03,80.151,0.4427,0.351,0.0917,24.44,22.7,7.38,2003,12,4,2003-12,False
2003-12-11,ASIANPAINT,24.62,25.0,24.62,24.92,472900,1.188,23.65,22.88,20.08,82.681,0.4924,0.3792,0.1132,24.7,22.6,8.861,2003,12,4,2003-12,False
2003-12-12,ASIANPAINT,24.96,25.07,24.62,24.88,200750,-0.152,23.73,22.92,20.12,81.233,0.5227,0.4079,0.1148,24.9,22.56,9.844,2003,12,4,2003-12,False
2003-12-15,ASIANPAINT,25.07,25.27,24.93,25.04,546900,0.641,23.82,22.97,20.17,82.61,0.5532,0.437,0.1162,25.1,22.53,10.796,2003,12,4,2003-12,False
2003-12-16,ASIANPAINT,24.88,25.07,24.5,24.65,213420,-1.578,23.89,23.0,20.21,69.086,0.5393,0.4575,0.0819,25.2,22.58,10.972,2003,12,4,2003-12,False
2003-12-17,ASIANPAINT,24.69,25.06,24.69,24.78,196640,0.524,23.97,23.04,20.25,70.771,0.5326,0.4725,0.0601,25.29,22.64,11.069,2003,12,4,2003-12,False
2003-12-18,ASIANPAINT,25.03,25.24,24.24,24.71,339600,-0.261,24.04,23.08,20.29,68.754,0.5161,0.4812,0.0349,25.35,22.74,10.875,2003,12,4,2003-12,False
2003-12-19,ASIANPAINT,24.92,25.0,24.27,24.3,549840,-1.676,24.1,23.11,20.33,57.446,0.4642,0.4778,-0.0136,25.35,22.85,10.343,2003,12,4,2003-12,False
2003-12-22,ASIANPAINT,24.71,24.91,24.41,24.62,230900,1.329,24.16,23.13,20.38,62.61,0.4441,0.4711,-0.027,25.38,22.95,10.021,2003,12,4,2003-12,False
2003-12-23,ASIANPAINT,24.91,24.91,24.39,24.44,137650,-0.756,24.22,23.16,20.42,58.223,0.4084,0.4585,-0.0501,25.37,23.07,9.484,2003,12,4,2003-12,False
2003-12-24,ASIANPAINT,24.58,24.69,24.4,24.58,182310,0.606,24.28,23.19,20.46,60.59,0.3876,0.4443,-0.0568,25.36,23.21,8.873,2003,12,4,2003-12,False
2003-12-25,ASIANPAINT,24.58,24.58,24.58,24.58,0,0.0,24.34,23.23,20.5,60.59,0.3669,0.4288,-0.062,25.34,23.35,8.185,2003,12,4,2003-12,False
2003-12-26,ASIANPAINT,24.77,24.85,24.41,24.74,241890,0.634,24.4,23.27,20.54,63.136,0.3589,0.4149,-0.056,25.34,23.47,7.632,2003,12,4,2003-12,False
2003-12-29,ASIANPAINT,24.92,25.26,24.74,24.82,589810,0.323,24.47,23.32,20.58,64.405,0.3549,0.4029,-0.048,25.31,23.63,6.866,2003,12,4,2003-12,False
2003-12-30,ASIANPAINT,25.0,25.0,24.54,24.58,194050,-0.98,24.52,23.37,20.61,57.869,0.3283,0.388,-0.0596,25.24,23.81,5.855,2003,12,4,2003-12,False
2003-12-31,ASIANPAINT,24.69,25.64,24.69,25.44,985760,3.509,24.61,23.44,20.66,69.638,0.3726,0.3849,-0.0123,25.32,23.9,5.75,2003,12,4,2003-12,False
2004-01-01,ASIANPAINT,25.15,26.06,25.15,25.54,476740,0.403,24.7,23.53,20.7,70.687,0.4112,0.3901,0.021,25.41,23.99,5.787,2004,1,1,2004-01,False
2004-01-02,ASIANPAINT,25.77,25.83,25.23,25.46,334800,-0.312,24.77,23.6,20.74,68.699,0.4304,0.3982,0.0322,25.5,24.04,5.913,2004,1,1,2004-01,False
2004-01-05,ASIANPAINT,25.75,26.29,25.45,25.87,773080,1.597,24.85,23.69,20.79,72.883,0.4729,0.4131,0.0598,25.69,24.0,6.83,2004,1,1,2004-01,False
2004-01-06,ASIANPAINT,25.83,26.12,24.58,24.94,542030,-3.583,24.88,23.77,20.83,54.87,0.4269,0.4159,0.011,25.69,24.06,6.54,2004,1,1,2004-01,False
2004-01-07,ASIANPAINT,25.23,25.34,24.77,24.99,371970,0.213,24.9,23.84,20.88,55.549,0.3903,0.4108,-0.0205,25.7,24.09,6.479,2004,1,1,2004-01,False
2004-01-08,ASIANPAINT,24.81,25.68,24.81,25.58,393620,2.356,24.93,23.93,20.92,62.309,0.4041,0.4094,-0.0053,25.79,24.06,6.927,2004,1,1,2004-01,False
2004-01-09,ASIANPAINT,26.59,27.43,24.32,25.79,383270,0.817,24.97,24.03,20.97,64.379,0.427,0.413,0.014,25.92,24.03,7.57,2004,1,1,2004-01,False
2004-01-12,ASIANPAINT,25.83,25.99,25.15,25.84,869400,0.177,25.01,24.12,21.02,64.833,0.4437,0.4191,0.0246,26.03,23.99,8.167,2004,1,1,2004-01,False
2004-01-13,ASIANPAINT,25.99,26.18,25.23,25.94,535740,0.412,25.08,24.21,21.07,65.923,0.4602,0.4273,0.0329,26.16,23.99,8.664,2004,1,1,2004-01,False
2004-01-14,ASIANPAINT,25.91,26.14,25.91,26.04,160590,0.381,25.14,24.29,21.12,66.949,0.4758,0.437,0.0388,26.3,23.98,9.21,2004,1,1,2004-01,False
2004-01-15,ASIANPAINT,26.21,26.21,25.83,26.08,557770,0.146,25.21,24.35,21.17,67.356,0.4856,0.4467,0.0389,26.42,24.0,9.613,2004,1,1,2004-01,False
2004-01-16,ASIANPAINT,26.06,26.06,25.45,25.84,244230,-0.932,25.29,24.4,21.22,62.088,0.4683,0.451,0.0173,26.45,24.12,9.197,2004,1,1,2004-01,False
2004-01-19,ASIANPAINT,25.84,25.84,25.15,25.61,149410,-0.897,25.34,24.45,21.27,57.475,0.431,0.447,-0.016,26.46,24.21,8.898,2004,1,1,2004-01,False
2004-01-20,ASIANPAINT,25.83,25.98,25.09,25.52,303760,-0.341,25.39,24.49,21.31,55.792,0.3899,0.4356,-0.0457,26.44,24.34,8.242,2004,1,1,2004-01,False
2004-01-21,ASIANPAINT,25.07,25.83,24.16,24.95,341760,-2.233,25.41,24.53,21.36,46.273,0.3077,0.41,-0.1023,26.41,24.41,7.862,2004,1,1,2004-01,False
2004-01-22,ASIANPAINT,24.39,25.45,23.88,24.36,230530,-2.345,25.4,24.55,21.4,38.93,0.1932,0.3667,-0.1735,26.44,24.36,8.198,2004,1,1,2004-01,False
2004-01-23,ASIANPAINT,23.94,26.29,23.94,25.99,415200,6.674,25.46,24.61,21.45,58.596,0.231,0.3395,-0.1085,26.48,24.43,8.051,2004,1,1,2004-01,False
2004-01-26,ASIANPAINT,25.99,25.99,25.99,25.99,0,0.0,25.52,24.66,21.5,58.596,0.258,0.3232,-0.0653,26.52,24.51,7.873,2004,1,1,2004-01,False
2004-01-27,ASIANPAINT,25.83,26.28,25.38,25.94,128410,-0.19,25.59,24.71,21.55,57.938,0.2722,0.313,-0.0408,26.5,24.67,7.166,2004,1,1,2004-01,False
2004-01-28,ASIANPAINT,26.32,26.37,25.31,25.48,311890,-1.757,25.59,24.76,21.6,52.126,0.2439,0.2992,-0.0553,26.5,24.67,7.155,2004,1,1,2004-01,False
2004-01-29,ASIANPAINT,24.47,25.83,24.3,25.27,554630,-0.835,25.58,24.8,21.64,49.624,0.202,0.2797,-0.0778,26.5,24.65,7.244,2004,1,1,2004-01,False
2004-01-30,ASIANPAINT,25.0,25.75,24.32,24.5,213150,-3.037,25.53,24.83,21.68,41.826,0.1056,0.2449,-0.1393,26.57,24.48,8.168,2004,1,1,2004-01,False
2004-02-02,ASIANPAINT,24.5,24.5,24.5,24.5,0,0.0,25.46,24.85,21.73,41.826,0.0289,0.2017,-0.1728,26.58,24.34,8.829,2004,2,1,2004-02,False
2004-02-03,ASIANPAINT,24.31,24.47,24.31,24.32,773870,-0.76,25.43,24.87,21.77,40.055,-0.0464,0.1521,-0.1985,26.64,24.21,9.557,2004,2,1,2004-02,False
2004-02-04,ASIANPAINT,24.39,24.54,24.24,24.32,495840,0.0,25.39,24.89,21.81,40.055,-0.1048,0.1007,-0.2055,26.69,24.09,10.243,2004,2,1,2004-02,False
2004-02-05,ASIANPAINT,24.54,24.61,24.31,24.33,67590,0.031,25.33,24.91,21.85,40.175,-0.1488,0.0508,-0.1996,26.71,23.95,10.904,2004,2,1,2004-02,False
2004-02-06,ASIANPAINT,24.32,24.47,24.26,24.33,505590,0.031,25.26,24.93,21.88,40.304,-0.181,0.0044,-0.1854,26.69,23.83,11.336,2004,2,1,2004-02,False
2004-02-09,ASIANPAINT,24.47,24.47,24.31,24.33,166540,-0.016,25.18,24.94,21.92,40.257,-0.2044,-0.0373,-0.1671,26.64,23.72,11.608,2004,2,1,2004-02,False
2004-02-10,ASIANPAINT,24.69,24.69,24.31,24.34,126190,0.047,25.1,24.96,21.96,40.48,-0.2196,-0.0738,-0.1458,26.56,23.64,11.646,2004,2,1,2004-02,False
2004-02-11,ASIANPAINT,24.46,24.54,24.31,24.4,510810,0.25,25.02,24.97,21.99,41.725,-0.2241,-0.1038,-0.1202,26.44,23.6,11.376,2004,2,1,2004-02,False
2004-02-12,ASIANPAINT,24.39,24.51,24.3,24.34,607430,-0.265,24.93,24.98,22.03,40.749,-0.2302,-0.1291,-0.1011,26.3,23.57,10.924,2004,2,1,2004-02,False
2004-02-13,ASIANPAINT,24.39,24.66,24.3,24.32,689160,-0.062,24.86,24.99,22.07,40.509,-0.2336,-0.15,-0.0836,26.18,23.54,10.604,2004,2,1,2004-02,False
2004-02-16,ASIANPAINT,24.39,24.69,24.31,24.36,115300,0.141,24.8,24.99,22.11,41.347,-0.2308,-0.1662,-0.0647,26.08,23.51,10.378,2004,2,1,2004-02,False
2004-02-17,ASIANPAINT,24.36,24.47,24.21,24.31,184150,-0.203,24.73,24.99,22.14,40.461,-0.23,-0.1789,-0.0511,25.99,23.48,10.163,2004,2,1,2004-02,False
2004-02-18,ASIANPAINT,24.31,24.42,24.26,24.31,346460,0.031,24.7,24.98,22.18,40.671,-0.2261,-0.1884,-0.0378,25.97,23.44,10.251,2004,2,1,2004-02,False
2004-02-19,ASIANPAINT,24.31,24.43,24.09,24.31,122190,0.0,24.7,24.97,22.22,40.671,-0.2205,-0.1948,-0.0257,25.97,23.43,10.276,2004,2,1,2004-02,False
2004-02-20,ASIANPAINT,23.95,24.5,23.94,24.36,503620,0.188,24.62,24.96,22.25,42.096,-0.21,-0.1978,-0.0121,25.74,23.5,9.108,2004,2,1,2004-02,False
2004-02-23,ASIANPAINT,24.39,24.46,23.55,24.04,1287390,-1.31,24.52,24.94,22.28,35.643,-0.2248,-0.2032,-0.0215,25.47,23.58,7.701,2004,2,1,2004-02,False
2004-02-24,ASIANPAINT,23.93,24.09,23.59,23.76,128820,-1.185,24.41,24.92,22.31,31.064,-0.2565,-0.2139,-0.0426,25.15,23.68,6.023,2004,2,1,2004-02,False
2004-02-25,ASIANPAINT,24.69,24.69,22.95,23.03,101190,-3.039,24.29,24.89,22.33,23.003,-0.3361,-0.2383,-0.0978,25.09,23.49,6.561,2004,2,1,2004-02,False
2004-02-26,ASIANPAINT,23.25,23.48,22.65,22.87,215190,-0.726,24.17,24.85,22.36,21.604,-0.4079,-0.2722,-0.1357,25.06,23.28,7.387,2004,2,1,2004-02,False
2004-02-27,ASIANPAINT,23.02,23.17,22.38,22.88,203400,0.066,24.09,24.82,22.38,22.068,-0.4583,-0.3094,-0.1489,25.13,23.04,8.686,2004,2,1,2004-02,False
2004-03-01,ASIANPAINT,26.9,26.9,22.42,23.25,169890,1.594,24.03,24.79,22.41,32.404,-0.4635,-0.3403,-0.1232,25.12,22.93,9.082,2004,3,1,2004-03,False
2004-03-02,ASIANPAINT,23.25,23.25,23.25,23.25,0,0.0,23.97,24.77,22.43,32.404,-0.4623,-0.3647,-0.0976,25.11,22.84,9.468,2004,3,1,2004-03,False
2004-03-03,ASIANPAINT,23.17,23.17,22.72,22.81,228830,-1.896,23.9,24.74,22.45,27.325,-0.4912,-0.39,-0.1012,25.13,22.66,10.334,2004,3,1,2004-03,False
2004-03-04,ASIANPAINT,22.87,23.33,22.87,23.22,130390,1.816,23.84,24.71,22.47,37.274,-0.4752,-0.407,-0.0682,25.09,22.59,10.507,2004,3,1,2004-03,False
2004-03-05,ASIANPAINT,22.97,24.12,22.97,24.04,274090,3.534,23.83,24.69,22.5,51.455,-0.3918,-0.404,0.0121,25.06,22.59,10.367,2004,3,1,2004-03,False
2004-03-08,ASIANPAINT,24.31,24.31,23.42,23.83,151350,-0.885,23.8,24.67,22.53,48.4,-0.339,-0.391,0.052,25.01,22.59,10.186,2004,3,1,2004-03,False
2004-03-09,ASIANPAINT,24.08,24.31,23.42,23.92,153000,0.399,23.78,24.66,22.55,49.832,-0.2862,-0.37,0.0838,24.97,22.59,9.984,2004,3,1,2004-03,False
2004-03-10,ASIANPAINT,23.93,23.93,23.55,23.74,68760,-0.778,23.75,24.63,22.58,47.075,-0.2564,-0.3473,0.0909,24.9,22.6,9.69,2004,3,1,2004-03,False
2004-03-11,ASIANPAINT,23.9,23.93,23.55,23.88,64090,0.608,23.72,24.59,22.6,49.413,-0.2186,-0.3216,0.103,24.84,22.61,9.432,2004,3,1,2004-03,False
2004-03-12,ASIANPAINT,23.52,24.01,23.52,23.97,79920,0.382,23.71,24.56,22.63,50.888,-0.1792,-0.2931,0.1139,24.8,22.62,9.197,2004,3,1,2004-03,False
2004-03-15,ASIANPAINT,24.01,24.31,23.71,23.96,148920,-0.048,23.69,24.53,22.65,50.689,-0.1473,-0.2639,0.1167,24.74,22.63,8.902,2004,3,1,2004-03,False
2004-03-16,ASIANPAINT,23.18,23.93,23.18,23.9,101540,-0.254,23.67,24.51,22.68,49.575,-0.1254,-0.2362,0.1108,24.69,22.65,8.612,2004,3,1,2004-03,False
2004-03-17,ASIANPAINT,24.01,24.24,23.57,23.88,84530,-0.095,23.65,24.48,22.71,49.139,-0.1086,-0.2107,0.1021,24.62,22.67,8.277,2004,3,1,2004-03,False
2004-03-18,ASIANPAINT,23.93,24.01,23.73,23.91,51260,0.143,23.62,24.45,22.74,49.852,-0.0915,-0.1869,0.0953,24.56,22.69,7.925,2004,3,1,2004-03,False
2004-03-19,ASIANPAINT,23.72,24.05,23.55,23.89,652110,-0.095,23.6,24.41,22.76,49.356,-0.0789,-0.1653,0.0864,24.48,22.72,7.46,2004,3,1,2004-03,False
2004-03-22,ASIANPAINT,23.48,23.86,23.48,23.79,215550,-0.429,23.59,24.37,22.79,47.084,-0.0763,-0.1475,0.0712,24.45,22.73,7.298,2004,3,1,2004-03,False
2004-03-23,ASIANPAINT,23.63,23.86,23.17,23.82,295380,0.144,23.59,24.33,22.81,47.944,-0.0707,-0.1321,0.0614,24.46,22.73,7.323,2004,3,1,2004-03,False
2004-03-24,ASIANPAINT,23.86,23.86,23.55,23.72,274050,-0.431,23.63,24.28,22.84,45.551,-0.0736,-0.1204,0.0468,24.45,22.8,6.976,2004,3,1,2004-03,False
2004-03-25,ASIANPAINT,23.93,23.93,23.17,23.24,64150,-2.002,23.64,24.22,22.86,36.476,-0.113,-0.1189,0.0059,24.41,22.88,6.482,2004,3,1,2004-03,False
2004-03-26,ASIANPAINT,23.25,23.55,23.15,23.41,380530,0.719,23.67,24.18,22.88,40.937,-0.1292,-0.121,-0.0082,24.36,22.98,5.814,2004,3,1,2004-03,False
2004-03-29,ASIANPAINT,23.36,23.93,23.1,23.15,113740,-1.12,23.67,24.13,22.91,36.597,-0.1614,-0.1291,-0.0323,24.37,22.96,5.934,2004,3,1,2004-03,False
2004-03-30,ASIANPAINT,23.42,23.46,22.89,23.03,137150,-0.492,23.66,24.08,22.93,34.866,-0.1938,-0.142,-0.0518,24.39,22.92,6.211,2004,3,1,2004-03,False
2004-03-31,ASIANPAINT,23.24,23.33,22.76,22.91,279160,-0.544,23.66,24.04,22.95,33.017,-0.227,-0.159,-0.068,24.37,22.95,6.008,2004,3,1,2004-03,False
2004-04-01,ASIANPAINT,23.55,23.55,22.73,22.86,2046090,-0.232,23.64,24.01,22.97,32.235,-0.2547,-0.1781,-0.0765,24.42,22.87,6.549,2004,4,2,2004-04,False
2004-04-02,ASIANPAINT,23.47,23.47,22.8,23.16,371010,1.346,23.6,23.95,22.99,40.943,-0.2489,-0.1923,-0.0566,24.38,22.82,6.598,2004,4,2,2004-04,False
2004-04-05,ASIANPAINT,23.52,23.52,22.95,23.1,133470,-0.295,23.56,23.89,23.01,39.721,-0.247,-0.2032,-0.0438,24.36,22.76,6.805,2004,4,2,2004-04,False
2004-04-06,ASIANPAINT,23.18,23.18,23.02,23.12,90090,0.099,23.52,23.84,23.04,40.36,-0.2409,-0.2108,-0.0301,24.33,22.72,6.855,2004,4,2,2004-04,False
2004-04-07,ASIANPAINT,23.48,23.48,23.03,23.11,542370,-0.049,23.49,23.79,23.06,40.131,-0.2343,-0.2155,-0.0188,24.31,22.67,6.981,2004,4,2,2004-04,False
2004-04-08,ASIANPAINT,23.15,23.24,22.87,23.1,160430,-0.033,23.45,23.74,23.07,39.968,-0.227,-0.2178,-0.0092,24.27,22.64,6.959,2004,4,2,2004-04,False
2004-04-09,ASIANPAINT,23.1,23.1,23.1,23.1,0,0.0,23.41,23.72,23.09,39.968,-0.2187,-0.218,-0.0008,24.2,22.62,6.764,2004,4,2,2004-04,False
2004-04-12,ASIANPAINT,22.95,23.17,22.95,23.08,157480,-0.099,23.36,23.69,23.11,39.412,-0.2116,-0.2167,0.0051,24.12,22.6,6.502,2004,4,2,2004-04,False
2004-04-13,ASIANPAINT,23.17,23.22,23.02,23.12,697490,0.181,23.32,23.66,23.13,41.033,-0.2002,-0.2134,0.0132,24.05,22.6,6.197,2004,4,2,2004-04,False
2004-04-14,ASIANPAINT,23.12,23.12,23.12,23.12,0,0.0,23.29,23.64,23.14,41.033,-0.189,-0.2085,0.0195,23.96,22.61,5.83,2004,4,2,2004-04,False
2004-04-15,ASIANPAINT,23.17,23.17,23.06,23.11,250480,-0.016,23.25,23.62,23.16,40.917,-0.1784,-0.2025,0.0241,23.86,22.63,5.288,2004,4,2,2004-04,False
2004-04-16,ASIANPAINT,23.17,23.21,22.95,23.16,120620,0.197,23.21,23.59,23.18,42.989,-0.1644,-0.1949,0.0304,23.75,22.67,4.614,2004,4,2,2004-04,False
2004-04-19,ASIANPAINT,23.25,23.33,23.1,23.18,1591490,0.082,23.18,23.57,23.19,43.872,-0.1501,-0.1859,0.0358,23.64,22.72,3.981,2004,4,2,2004-04,False
2004-04-20,ASIANPAINT,23.17,23.44,22.98,23.12,627010,-0.262,23.14,23.54,23.21,41.649,-0.142,-0.1771,0.0351,23.49,22.8,3.017,2004,4,2,2004-04,False
2004-04-21,ASIANPAINT,23.18,24.16,23.18,23.67,500590,2.383,23.14,23.53,23.23,60.957,-0.0901,-0.1597,0.0696,23.47,22.81,2.872,2004,4,2,2004-04,False
2004-04-22,ASIANPAINT,23.86,24.54,23.78,24.32,503240,2.761,23.2,23.53,23.25,72.558,0.0037,-0.127,0.1308,23.82,22.57,5.381,2004,4,2,2004-04,False
2004-04-23,ASIANPAINT,24.24,24.69,23.65,24.06,169400,-1.062,23.23,23.52,23.27,64.41,0.0566,-0.0903,0.1469,23.96,22.5,6.291,2004,4,2,2004-04,False
2004-04-27,ASIANPAINT,23.48,23.86,22.87,23.35,260050,-2.984,23.24,23.5,23.29,48.206,0.0401,-0.0642,0.1043,23.97,22.51,6.296,2004,4,2,2004-04,False
2004-04-28,ASIANPAINT,23.46,23.7,22.87,23.17,824690,-0.749,23.24,23.48,23.3,45.224,0.0127,-0.0488,0.0616,23.97,22.52,6.246,2004,4,2,2004-04,False
2004-04-29,ASIANPAINT,23.03,23.55,23.03,23.18,134610,0.049,23.26,23.46,23.32,45.461,-0.0079,-0.0407,0.0327,23.97,22.55,6.101,2004,4,2,2004-04,False
2004-04-30,ASIANPAINT,23.18,23.62,23.1,23.43,132380,1.082,23.29,23.44,23.34,50.531,-0.004,-0.0333,0.0293,23.97,22.6,5.901,2004,4,2,2004-04,False
2004-05-03,ASIANPAINT,23.2,23.4,23.14,23.22,112600,-0.924,23.29,23.42,23.36,46.51,-0.0182,-0.0303,0.0121,23.98,22.6,5.886,2004,5,2,2004-05,False
2004-05-04,ASIANPAINT,24.61,24.61,23.19,23.23,86190,0.049,23.3,23.4,23.37,46.75,-0.0281,-0.0299,0.0017,23.98,22.62,5.838,2004,5,2,2004-05,False
2004-05-05,ASIANPAINT,23.25,23.86,23.18,23.51,539180,1.21,23.32,23.4,23.39,52.425,-0.0132,-0.0265,0.0133,24.0,22.64,5.84,2004,5,2,2004-05,False
2004-05-06,ASIANPAINT,23.55,23.93,23.28,23.73,124020,0.937,23.35,23.41,23.41,56.351,0.0162,-0.018,0.0342,24.04,22.65,5.973,2004,5,2,2004-05,False
2004-05-07,ASIANPAINT,23.86,23.86,23.4,23.6,83420,-0.528,23.37,23.43,23.43,53.639,0.0291,-0.0086,0.0376,24.07,22.68,5.955,2004,5,2,2004-05,False
2004-05-10,ASIANPAINT,23.71,23.71,23.02,23.15,897980,-1.915,23.38,23.43,23.44,45.192,0.0028,-0.0063,0.0091,24.07,22.68,5.92,2004,5,2,2004-05,False
2004-05-11,ASIANPAINT,23.14,23.14,22.79,22.91,128920,-1.067,23.37,23.42,23.45,41.36,-0.0376,-0.0126,-0.025,24.08,22.66,6.089,2004,5,2,2004-05,False
2004-05-12,ASIANPAINT,23.12,23.14,22.64,22.76,263220,-0.614,23.35,23.41,23.47,39.316,-0.08,-0.0261,-0.0539,24.1,22.6,6.457,2004,5,2,2004-05,False
2004-05-13,ASIANPAINT,22.65,23.17,22.05,22.58,322620,-0.818,23.32,23.41,23.48,36.728,-0.1271,-0.0463,-0.0809,24.15,22.5,7.066,2004,5,2,2004-05,False
2004-05-14,ASIANPAINT,23.17,23.17,22.12,22.49,300910,-0.404,23.29,23.4,23.49,35.496,-0.1699,-0.071,-0.0989,24.19,22.39,7.74,2004,5,2,2004-05,False
2004-05-17,ASIANPAINT,22.11,22.15,18.62,20.74,457590,-7.788,23.17,23.33,23.49,20.952,-0.3412,-0.125,-0.2162,24.63,21.71,12.573,2004,5,2,2004-05,False
2004-05-18,ASIANPAINT,21.28,23.15,20.67,22.19,571320,6.999,23.12,23.3,23.5,42.116,-0.3557,-0.1712,-0.1846,24.64,21.6,13.16,2004,5,2,2004-05,False
2004-05-19,ASIANPAINT,22.95,22.95,21.28,22.07,704270,-0.548,23.07,23.26,23.5,41.123,-0.3728,-0.2115,-0.1613,24.66,21.47,13.81,2004,5,2,2004-05,False
2004-05-20,ASIANPAINT,22.76,22.76,21.88,22.17,304810,0.482,22.99,23.23,23.51,42.403,-0.3734,-0.2439,-0.1295,24.61,21.38,14.042,2004,5,2,2004-05,False
2004-05-21,ASIANPAINT,22.26,22.26,21.66,22.1,254260,-0.308,22.88,23.19,23.51,41.774,-0.3751,-0.2701,-0.105,24.41,21.35,13.395,2004,5,2,2004-05,False
2004-05-24,ASIANPAINT,22.04,22.49,22.04,22.32,233540,0.963,22.79,23.16,23.51,44.53,-0.3551,-0.2871,-0.068,24.24,21.35,12.683,2004,5,2,2004-05,False
2004-05-25,ASIANPAINT,22.16,23.02,22.15,22.85,198010,2.383,22.77,23.14,23.51,50.799,-0.293,-0.2883,-0.0047,24.19,21.35,12.495,2004,5,2,2004-05,False
2004-05-26,ASIANPAINT,22.79,22.8,22.26,22.77,314010,-0.333,22.75,23.11,23.51,49.931,-0.2471,-0.2801,0.0329,24.16,21.34,12.395,2004,5,2,2004-05,False
2004-05-27,ASIANPAINT,22.42,23.02,22.42,22.88,212790,0.484,22.73,23.09,23.52,51.233,-0.1995,-0.264,0.0644,24.13,21.34,12.289,2004,5,2,2004-05,False
2004-05-28,ASIANPAINT,22.79,23.17,22.04,22.19,267290,-3.005,22.67,23.06,23.52,43.613,-0.2148,-0.2541,0.0393,24.05,21.3,12.139,2004,5,2,2004-05,False
2004-05-31,ASIANPAINT,21.43,22.68,21.43,22.42,153030,1.01,22.63,23.03,23.52,46.411,-0.2065,-0.2446,0.0381,23.99,21.28,11.981,2004,5,2,2004-05,False
2004-06-01,ASIANPAINT,22.11,22.83,22.04,22.34,425110,-0.356,22.59,23.0,23.52,45.544,-0.204,-0.2365,0.0325,23.92,21.26,11.791,2004,6,2,2004-06,False
2004-06-02,ASIANPAINT,22.34,22.61,22.19,22.24,27040,-0.425,22.53,22.97,23.52,44.48,-0.2072,-0.2306,0.0234,23.79,21.26,11.242,2004,6,2,2004-06,False
2004-06-03,ASIANPAINT,22.68,22.68,22.26,22.34,103500,0.444,22.46,22.94,23.51,45.896,-0.1996,-0.2244,0.0249,23.59,21.32,10.094,2004,6,2,2004-06,False
2004-06-04,ASIANPAINT,22.04,22.42,22.04,22.09,37800,-1.139,22.38,22.92,23.51,42.862,-0.2116,-0.2218,0.0103,23.39,21.37,8.985,2004,6,2,2004-06,False
2004-06-07,ASIANPAINT,22.49,22.61,22.19,22.42,78710,1.479,22.34,22.9,23.51,47.646,-0.1925,-0.216,0.0235,23.28,21.41,8.397,2004,6,2,2004-06,False
2004-06-08,ASIANPAINT,22.42,22.6,22.26,22.56,92550,0.627,22.33,22.89,23.51,49.601,-0.1642,-0.2056,0.0414,23.23,21.42,8.12,2004,6,2,2004-06,False
2004-06-09,ASIANPAINT,22.49,22.64,22.27,22.53,157870,-0.118,22.31,22.88,23.51,49.227,-0.1422,-0.1929,0.0507,23.2,21.43,7.962,2004,6,2,2004-06,False
2004-06-10,ASIANPAINT,22.34,22.42,21.85,21.98,102530,-2.428,22.28,22.86,23.5,42.172,-0.167,-0.1878,0.0207,23.17,21.39,7.997,2004,6,2,2004-06,False
2004-06-11,ASIANPAINT,22.19,22.34,21.85,21.89,53360,-0.398,22.25,22.84,23.5,41.157,-0.1916,-0.1885,-0.003,23.16,21.35,8.105,2004,6,2,2004-06,False
2004-06-14,ASIANPAINT,22.34,22.4,21.47,22.31,135180,1.909,22.33,22.82,23.5,47.645,-0.1752,-0.1859,0.0106,22.88,21.78,4.925,2004,6,2,2004-06,False
2004-06-15,ASIANPAINT,22.32,22.73,22.19,22.68,130610,1.652,22.36,22.81,23.5,52.607,-0.1311,-0.1749,0.0438,22.92,21.79,5.067,2004,6,2,2004-06,False
2004-06-16,ASIANPAINT,22.66,22.95,22.56,22.77,184500,0.392,22.39,22.81,23.49,53.745,-0.0879,-0.1575,0.0696,22.97,21.82,5.157,2004,6,2,2004-06,False
2004-06-17,ASIANPAINT,22.8,23.25,22.79,23.18,742100,1.816,22.44,22.81,23.5,58.714,-0.02,-0.13,0.11,23.11,21.78,5.936,2004,6,2,2004-06,False
2004-06-18,ASIANPAINT,23.18,23.6,22.89,23.55,308280,1.6,22.52,22.82,23.5,62.597,0.0629,-0.0914,0.1543,23.33,21.71,7.199,2004,6,2,2004-06,False
2004-06-21,ASIANPAINT,23.48,24.03,23.35,23.92,381910,1.542,22.6,22.83,23.5,65.971,0.1562,-0.0419,0.1981,23.61,21.58,9.004,2004,6,2,2004-06,False
2004-06-22,ASIANPAINT,23.76,24.42,23.76,24.32,242490,1.68,22.67,22.86,23.5,69.274,0.2595,0.0184,0.2411,23.94,21.4,11.242,2004,6,2,2004-06,False
2004-06-23,ASIANPAINT,23.89,24.34,23.8,24.22,176050,-0.397,22.74,22.88,23.51,67.576,0.3298,0.0807,0.2491,24.19,21.29,12.765,2004,6,2,2004-06,False
2004-06-24,ASIANPAINT,24.27,24.34,23.97,24.31,236160,0.367,22.81,22.91,23.52,68.344,0.3882,0.1422,0.246,24.43,21.2,14.135,2004,6,2,2004-06,False
2004-06-25,ASIANPAINT,24.34,24.4,24.02,24.33,100310,0.064,22.92,22.93,23.52,68.484,0.4308,0.1999,0.2309,24.64,21.2,14.996,2004,6,2,2004-06,False
2004-06-28,ASIANPAINT,24.04,24.34,24.04,24.31,83460,-0.064,23.02,22.95,23.53,68.16,0.458,0.2515,0.2065,24.82,21.21,15.715,2004,6,2,2004-06,False
2004-06-29,ASIANPAINT,24.36,24.38,23.98,24.19,874930,-0.509,23.11,22.97,23.54,65.487,0.4642,0.294,0.1702,24.96,21.26,16.024,2004,6,2,2004-06,False
2004-06-30,ASIANPAINT,24.33,24.33,24.11,24.23,34430,0.16,23.21,23.0,23.54,65.936,0.4669,0.3286,0.1383,25.08,21.34,16.107,2004,6,2,2004-06,False
2004-07-01,ASIANPAINT,24.09,24.19,23.96,24.01,49150,-0.909,23.29,23.0,23.55,61.054,0.4461,0.3521,0.094,25.14,21.43,15.93,2004,7,3,2004-07,False
2004-07-02,ASIANPAINT,23.96,24.15,23.96,23.96,24360,-0.177,23.38,23.0,23.56,60.129,0.4213,0.366,0.0554,25.17,21.6,15.291,2004,7,3,2004-07,False
2004-07-05,ASIANPAINT,23.96,24.03,23.65,23.97,55790,0.032,23.46,22.99,23.56,60.247,0.3978,0.3723,0.0254,25.21,21.72,14.878,2004,7,3,2004-07,False
2004-07-06,ASIANPAINT,23.76,24.19,23.76,23.97,37560,-0.016,23.53,23.01,23.57,60.151,0.3744,0.3727,0.0017,25.24,21.83,14.489,2004,7,3,2004-07,False
2004-07-07,ASIANPAINT,24.03,24.18,23.89,23.99,41210,0.113,23.61,23.02,23.57,60.623,0.3541,0.369,-0.015,25.25,21.96,13.965,2004,7,3,2004-07,False
2004-07-08,ASIANPAINT,24.1,24.42,23.87,24.33,216770,1.401,23.72,23.05,23.58,66.013,0.3609,0.3674,-0.0065,25.21,22.23,12.547,2004,7,3,2004-07,False
2004-07-09,ASIANPAINT,24.19,24.41,22.8,24.35,2159550,0.064,23.85,23.06,23.59,66.242,0.3633,0.3666,-0.0032,25.08,22.61,10.374,2004,7,3,2004-07,False
2004-07-12,ASIANPAINT,24.33,24.33,24.07,24.24,73560,-0.428,23.94,23.08,23.6,63.152,0.3528,0.3638,-0.011,24.96,22.93,8.474,2004,7,3,2004-07,False
2004-07-13,ASIANPAINT,23.96,24.27,23.96,24.1,62140,-0.59,24.01,23.1,23.6,59.084,0.3291,0.3569,-0.0278,24.84,23.19,6.861,2004,7,3,2004-07,False
2004-07-14,ASIANPAINT,24.11,24.11,23.57,23.67,150440,-1.78,24.06,23.1,23.61,48.906,0.2726,0.34,-0.0674,24.67,23.45,5.053,2004,7,3,2004-07,False
2004-07-15,ASIANPAINT,23.72,23.96,23.72,23.89,17140,0.914,24.09,23.11,23.61,53.279,0.2425,0.3205,-0.078,24.55,23.64,3.799,2004,7,3,2004-07,False
2004-07-16,ASIANPAINT,23.8,24.01,23.8,23.96,49020,0.324,24.11,23.11,23.62,54.767,0.2223,0.3009,-0.0786,24.5,23.73,3.214,2004,7,3,2004-07,False
2004-07-19,ASIANPAINT,23.96,24.34,23.81,23.96,220530,0.0,24.12,23.13,23.62,54.767,0.2039,0.2815,-0.0776,24.5,23.73,3.177,2004,7,3,2004-07,False
2004-07-20,ASIANPAINT,23.96,24.34,23.96,24.3,66390,1.387,24.11,23.16,23.63,60.97,0.2137,0.2679,-0.0542,24.5,23.73,3.157,2004,7,3,2004-07,False
2004-07-21,ASIANPAINT,24.42,24.42,23.88,23.96,284050,-1.4,24.1,23.18,23.63,52.966,0.1918,0.2527,-0.0609,24.48,23.72,3.181,2004,7,3,2004-07,False
2004-07-22,ASIANPAINT,24.15,24.26,23.88,23.95,42700,-0.016,24.08,23.21,23.64,52.881,0.1722,0.2366,-0.0644,24.46,23.71,3.118,2004,7,3,2004-07,False
2004-07-23,ASIANPAINT,23.96,24.17,23.88,23.96,42390,0.016,24.06,23.24,23.64,52.963,0.1551,0.2203,-0.0652,24.43,23.7,3.001,2004,7,3,2004-07,False
2004-07-26,ASIANPAINT,23.7,24.07,23.7,23.97,26540,0.065,24.05,23.3,23.65,53.31,0.1413,0.2045,-0.0632,24.39,23.7,2.859,2004,7,3,2004-07,False
2004-07-27,ASIANPAINT,23.96,24.11,23.88,23.93,125640,-0.177,24.03,23.34,23.66,52.17,0.1254,0.1887,-0.0633,24.38,23.69,2.837,2004,7,3,2004-07,False
2004-07-28,ASIANPAINT,23.96,24.03,23.96,23.97,45380,0.178,24.02,23.38,23.67,53.246,0.1149,0.1739,-0.059,24.35,23.69,2.745,2004,7,3,2004-07,False
2004-07-29,ASIANPAINT,24.05,24.8,24.03,24.72,388040,3.111,24.06,23.43,23.68,67.191,0.1649,0.1721,-0.0072,24.51,23.6,3.765,2004,7,3,2004-07,False
2004-07-30,ASIANPAINT,24.36,24.88,24.35,24.68,176030,-0.156,24.09,23.48,23.7,66.091,0.1991,0.1775,0.0216,24.62,23.56,4.385,2004,7,3,2004-07,False
2004-08-02,ASIANPAINT,24.73,24.88,24.67,24.74,70230,0.25,24.13,23.53,23.71,67.022,0.2285,0.1877,0.0408,24.73,23.53,4.958,2004,8,3,2004-08,False
2004-08-03,ASIANPAINT,24.57,24.88,24.57,24.73,474470,-0.031,24.17,23.57,23.73,66.775,0.2484,0.1998,0.0485,24.82,23.52,5.376,2004,8,3,2004-08,False
2004-08-04,ASIANPAINT,24.86,24.88,24.73,24.73,140210,-0.016,24.21,23.6,23.75,66.643,0.2608,0.212,0.0488,24.9,23.52,5.699,2004,8,3,2004-08,False
2004-08-05,ASIANPAINT,24.35,25.5,24.35,25.15,256910,1.719,24.25,23.65,23.77,72.974,0.3014,0.2299,0.0715,25.06,23.44,6.672,2004,8,3,2004-08,False
2004-08-06,ASIANPAINT,24.88,24.88,24.74,24.82,30470,-1.321,24.27,23.7,23.78,62.92,0.3033,0.2446,0.0588,25.12,23.42,6.988,2004,8,3,2004-08,False
2004-08-09,ASIANPAINT,24.73,24.92,24.73,24.74,161380,-0.311,24.3,23.75,23.81,60.821,0.2952,0.2547,0.0405,25.17,23.42,7.192,2004,8,3,2004-08,False
2004-08-10,ASIANPAINT,24.73,24.87,24.73,24.73,163680,-0.047,24.33,23.8,23.82,60.495,0.2846,0.2607,0.0239,25.22,23.44,7.311,2004,8,3,2004-08,False
2004-08-11,ASIANPAINT,24.73,24.88,24.73,24.79,429080,0.25,24.38,23.85,23.84,61.675,0.2779,0.2641,0.0138,25.24,23.53,7.018,2004,8,3,2004-08,False
2004-08-12,ASIANPAINT,24.74,24.81,24.57,24.81,316550,0.047,24.43,23.9,23.85,61.904,0.2705,0.2654,0.0051,25.27,23.59,6.891,2004,8,3,2004-08,False
2004-08-13,ASIANPAINT,24.8,24.92,24.65,24.78,63270,-0.093,24.47,23.95,23.86,61.116,0.2597,0.2643,-0.0046,25.3,23.65,6.748,2004,8,3,2004-08,False
2004-08-16,ASIANPAINT,24.6,24.92,24.6,24.78,40120,-0.016,24.51,24.0,23.87,60.976,0.248,0.261,-0.013,25.31,23.71,6.529,2004,8,3,2004-08,False
2004-08-17,ASIANPAINT,24.73,24.88,24.66,24.76,66140,-0.078,24.54,24.04,23.88,60.236,0.2344,0.2557,-0.0213,25.34,23.73,6.527,2004,8,3,2004-08,False
2004-08-18,ASIANPAINT,24.81,24.81,24.73,24.73,51720,-0.125,24.57,24.09,23.88,59.002,0.2187,0.2483,-0.0296,25.33,23.82,6.156,2004,8,3,2004-08,False
2004-08-19,ASIANPAINT,24.51,24.73,24.34,24.38,43180,-1.422,24.6,24.13,23.89,47.164,0.1758,0.2338,-0.058,25.3,23.89,5.732,2004,8,3,2004-08,False
2004-08-20,ASIANPAINT,24.36,24.72,24.13,24.19,40250,-0.761,24.61,24.18,23.89,42.338,0.1254,0.2121,-0.0867,25.27,23.94,5.419,2004,8,3,2004-08,False
2004-08-23,ASIANPAINT,24.34,24.34,24.06,24.13,26840,-0.272,24.61,24.22,23.9,40.748,0.0793,0.1855,-0.1063,25.25,23.98,5.19,2004,8,3,2004-08,False
2004-08-24,ASIANPAINT,24.45,24.45,23.96,23.98,38750,-0.593,24.62,24.24,23.9,37.451,0.0308,0.1546,-0.1238,25.24,23.99,5.093,2004,8,3,2004-08,False
2004-08-25,ASIANPAINT,23.97,24.23,23.88,24.0,34800,0.081,24.62,24.27,23.91,38.179,-0.006,0.1225,-0.1285,25.24,24.0,5.039,2004,8,3,2004-08,False
2004-08-26,ASIANPAINT,24.0,24.11,23.92,23.96,104630,-0.193,24.58,24.28,23.91,37.064,-0.0384,0.0903,-0.1287,25.27,23.9,5.573,2004,8,3,2004-08,False
2004-08-27,ASIANPAINT,24.03,24.13,23.93,24.06,93270,0.452,24.55,24.29,23.91,41.367,-0.0548,0.0613,-0.1161,25.27,23.83,5.871,2004,8,3,2004-08,False
2004-08-30,ASIANPAINT,23.88,24.72,23.8,24.35,71200,1.172,24.53,24.3,23.92,50.808,-0.0445,0.0401,-0.0846,25.25,23.81,5.873,2004,8,3,2004-08,False
2004-08-31,ASIANPAINT,24.34,24.57,23.98,24.48,178120,0.555,24.52,24.31,23.93,54.584,-0.0251,0.0271,-0.0522,25.23,23.8,5.826,2004,8,3,2004-08,False
2004-09-01,ASIANPAINT,23.96,24.72,23.96,24.42,161680,-0.252,24.5,24.31,23.93,52.596,-0.0146,0.0188,-0.0333,25.21,23.79,5.782,2004,9,3,2004-09,False
2004-09-02,ASIANPAINT,24.27,24.61,24.19,24.5,114830,0.348,24.47,24.31,23.94,55.022,0.0006,0.0151,-0.0145,25.11,23.83,5.221,2004,9,3,2004-09,False
2004-09-03,ASIANPAINT,24.35,24.65,24.35,24.58,63930,0.315,24.46,24.32,23.94,57.167,0.0187,0.0158,0.0029,25.08,23.84,5.068,2004,9,3,2004-09,False
2004-09-06,ASIANPAINT,24.69,24.72,24.23,24.55,40650,-0.11,24.45,24.32,23.95,56.157,0.0305,0.0188,0.0117,25.06,23.84,4.966,2004,9,3,2004-09,False
2004-09-07,ASIANPAINT,24.57,24.73,24.57,24.67,40060,0.488,24.45,24.33,23.95,59.563,0.0489,0.0248,0.0241,25.05,23.84,4.924,2004,9,3,2004-09,False
2004-09-08,ASIANPAINT,24.57,24.81,24.57,24.66,47920,-0.078,24.44,24.34,23.96,58.77,0.0613,0.0321,0.0292,25.03,23.85,4.812,2004,9,3,2004-09,False
2004-09-09,ASIANPAINT,24.61,24.71,24.57,24.58,38960,-0.313,24.43,24.35,23.96,55.583,0.0641,0.0385,0.0256,24.99,23.86,4.637,2004,9,3,2004-09,False
2004-09-10,ASIANPAINT,24.5,24.57,24.28,24.4,39100,-0.707,24.41,24.36,23.97,49.126,0.0517,0.0411,0.0106,24.95,23.87,4.434,2004,9,3,2004-09,False
2004-09-13,ASIANPAINT,24.71,24.71,24.46,24.58,76150,0.712,24.4,24.37,23.97,54.783,0.0553,0.044,0.0113,24.92,23.88,4.256,2004,9,3,2004-09,False
2004-09-14,ASIANPAINT,24.4,24.65,24.34,24.45,89520,-0.503,24.38,24.38,23.97,50.484,0.0476,0.0447,0.0029,24.87,23.89,4.033,2004,9,3,2004-09,False
2004-09-15,ASIANPAINT,24.42,24.45,24.13,24.23,63080,-0.932,24.36,24.39,23.97,43.678,0.0228,0.0403,-0.0175,24.83,23.89,3.843,2004,9,3,2004-09,False
2004-09-16,ASIANPAINT,24.19,24.61,24.0,24.21,111900,-0.048,24.35,24.39,23.97,43.358,0.0022,0.0327,-0.0305,24.82,23.88,3.879,2004,9,3,2004-09,False
2004-09-17,ASIANPAINT,24.11,24.42,24.11,24.35,132830,0.543,24.36,24.39,23.97,48.008,-0.0035,0.0255,-0.0289,24.82,23.89,3.83,2004,9,3,2004-09,False
2004-09-20,ASIANPAINT,24.49,24.49,23.96,24.18,135430,-0.682,24.36,24.38,23.96,43.18,-0.0211,0.0161,-0.0373,24.82,23.9,3.788,2004,9,3,2004-09,False
2004-09-21,ASIANPAINT,24.61,24.61,23.8,23.89,251680,-1.198,24.36,24.38,23.96,36.319,-0.0578,0.0014,-0.0592,24.83,23.88,3.932,2004,9,3,2004-09,False
2004-09-22,ASIANPAINT,24.03,24.37,24.03,24.14,169220,1.051,24.36,24.39,23.95,44.543,-0.0659,-0.0121,-0.0538,24.82,23.9,3.784,2004,9,3,2004-09,False
2004-09-23,ASIANPAINT,24.19,24.34,24.04,24.12,56830,-0.08,24.37,24.39,23.95,44.072,-0.073,-0.0243,-0.0487,24.81,23.94,3.573,2004,9,3,2004-09,False
2004-09-24,ASIANPAINT,23.98,24.27,23.98,24.2,126890,0.304,24.38,24.4,23.95,46.394,-0.0719,-0.0338,-0.0381,24.8,23.96,3.442,2004,9,3,2004-09,False
2004-09-27,ASIANPAINT,24.2,24.36,24.04,24.27,135180,0.287,24.37,24.41,23.95,48.572,-0.0646,-0.04,-0.0247,24.8,23.95,3.466,2004,9,3,2004-09,False
2004-09-28,ASIANPAINT,24.34,24.42,23.99,24.03,56620,-0.987,24.35,24.4,23.94,42.209,-0.0773,-0.0474,-0.0299,24.8,23.9,3.666,2004,9,3,2004-09,False
2004-09-29,ASIANPAINT,24.12,26.27,24.03,25.13,628200,4.583,24.39,24.42,23.95,64.943,0.0014,-0.0377,0.0391,24.95,23.82,4.638,2004,9,3,2004-09,False
2004-09-30,ASIANPAINT,25.42,25.5,24.81,25.0,244330,-0.492,24.41,24.44,23.95,61.994,0.0533,-0.0195,0.0728,25.04,23.78,5.145,2004,9,3,2004-09,False
2004-10-01,ASIANPAINT,24.65,25.12,24.42,24.51,90940,-1.978,24.41,24.46,23.95,51.852,0.0538,-0.0048,0.0586,25.03,23.78,5.118,2004,10,4,2004-10,False
2004-10-04,ASIANPAINT,25.09,25.09,24.43,24.5,154870,-0.032,24.4,24.47,23.95,51.71,0.053,0.0068,0.0463,25.03,23.78,5.101,2004,10,4,2004-10,False
2004-10-05,ASIANPAINT,24.95,24.95,24.34,24.38,138550,-0.505,24.39,24.47,23.95,49.374,0.0419,0.0138,0.0282,25.0,23.78,4.997,2004,10,4,2004-10,False
2004-10-06,ASIANPAINT,24.88,24.88,24.27,24.33,130190,-0.174,24.37,24.48,23.95,48.562,0.0294,0.0169,0.0125,24.97,23.78,4.896,2004,10,4,2004-10,False
2004-10-07,ASIANPAINT,24.42,24.49,23.92,24.06,396120,-1.143,24.35,24.47,23.94,43.518,-0.003,0.0129,-0.0159,24.95,23.74,4.966,2004,10,4,2004-10,False
2004-10-08,ASIANPAINT,24.08,24.32,23.57,23.66,802020,-1.638,24.31,24.45,23.93,37.564,-0.0597,-0.0016,-0.0581,24.99,23.63,5.567,2004,10,4,2004-10,False
2004-10-11,ASIANPAINT,24.18,24.18,22.91,23.08,875390,-2.482,24.24,24.42,23.92,30.802,-0.1504,-0.0314,-0.119,25.1,23.37,7.101,2004,10,4,2004-10,False
2004-10-12,ASIANPAINT,23.35,23.65,23.18,23.28,298720,0.887,24.18,24.39,23.9,35.183,-0.2034,-0.0658,-0.1376,25.13,23.22,7.883,2004,10,4,2004-10,False
2004-10-14,ASIANPAINT,23.26,23.57,22.87,23.08,338300,-0.88,24.12,24.35,23.89,32.937,-0.2589,-0.1044,-0.1545,25.19,23.05,8.888,2004,10,4,2004-10,False
2004-10-15,ASIANPAINT,23.19,23.4,23.18,23.33,97280,1.088,24.07,24.32,23.89,38.152,-0.2794,-0.1394,-0.14,25.2,22.95,9.366,2004,10,4,2004-10,False
2004-10-18,ASIANPAINT,23.56,23.56,22.57,22.74,307300,-2.518,23.99,24.27,23.87,31.904,-0.3391,-0.1793,-0.1598,25.26,22.73,10.556,2004,10,4,2004-10,False
2004-10-19,ASIANPAINT,22.87,23.18,22.8,22.99,360360,1.105,23.93,24.24,23.86,36.68,-0.362,-0.2159,-0.1462,25.27,22.6,11.192,2004,10,4,2004-10,False
2004-10-20,ASIANPAINT,23.1,23.11,22.95,22.97,60270,-0.067,23.89,24.2,23.84,36.51,-0.3771,-0.2481,-0.129,25.3,22.48,11.777,2004,10,4,2004-10,False
2004-10-21,ASIANPAINT,22.99,23.13,22.87,22.9,125590,-0.336,23.83,24.17,23.83,35.623,-0.3907,-0.2766,-0.1141,25.3,22.36,12.326,2004,10,4,2004-10,False
2004-10-22,ASIANPAINT,22.9,22.9,22.9,22.9,0,0.0,23.77,24.13,23.81,35.623,-0.397,-0.3007,-0.0963,25.28,22.25,12.774,2004,10,4,2004-10,False
2004-10-25,ASIANPAINT,22.91,23.33,22.79,23.06,287760,0.692,23.71,24.09,23.8,39.139,-0.3847,-0.3175,-0.0672,25.24,22.17,12.952,2004,10,4,2004-10,False
2004-10-26,ASIANPAINT,23.18,23.18,22.66,22.81,142240,-1.073,23.64,24.05,23.78,35.847,-0.3904,-0.3321,-0.0584,25.2,22.07,13.219,2004,10,4,2004-10,False
2004-10-27,ASIANPAINT,23.07,23.11,22.79,22.8,2008220,-0.034,23.57,24.02,23.77,35.746,-0.3911,-0.3439,-0.0472,25.17,21.98,13.519,2004,10,4,2004-10,False
2004-10-28,ASIANPAINT,22.91,23.18,22.77,22.87,270740,0.322,23.46,23.98,23.76,37.55,-0.3813,-0.3514,-0.0299,24.9,22.02,12.3,2004,10,4,2004-10,False
2004-10-29,ASIANPAINT,22.8,23.18,22.72,22.82,248260,-0.22,23.35,23.95,23.74,36.789,-0.3733,-0.3558,-0.0175,24.62,22.08,10.892,2004,10,4,2004-10,False
2004-11-01,ASIANPAINT,22.87,24.21,22.87,23.76,325980,4.119,23.32,23.94,23.74,55.117,-0.2878,-0.3422,0.0544,24.48,22.15,10.026,2004,11,4,2004-11,False
2004-11-02,ASIANPAINT,23.81,23.81,22.95,23.43,89260,-1.401,23.26,23.92,23.73,49.628,-0.244,-0.3225,0.0785,24.29,22.23,8.856,2004,11,4,2004-11,False
2004-11-03,ASIANPAINT,23.23,23.46,22.72,22.78,551270,-2.775,23.18,23.9,23.71,41.035,-0.2589,-0.3098,0.0509,24.09,22.28,7.819,2004,11,4,2004-11,False
2004-11-04,ASIANPAINT,23.33,23.33,23.03,23.12,167010,1.496,23.12,23.88,23.7,46.284,-0.2404,-0.2959,0.0556,23.85,22.4,6.28,2004,11,4,2004-11,False
2004-11-05,ASIANPAINT,23.34,23.34,22.64,22.72,523020,-1.728,23.05,23.86,23.68,41.607,-0.255,-0.2877,0.0327,23.65,22.46,5.19,2004,11,4,2004-11,False
2004-11-08,ASIANPAINT,23.42,23.42,22.72,22.75,394360,0.121,23.01,23.83,23.67,42.04,-0.2613,-0.2825,0.0211,23.55,22.47,4.69,2004,11,4,2004-11,False
2004-11-09,ASIANPAINT,22.72,23.03,22.56,22.63,649120,-0.534,22.99,23.8,23.66,40.605,-0.273,-0.2806,0.0075,23.55,22.42,4.912,2004,11,4,2004-11,False
2004-11-10,ASIANPAINT,22.84,23.26,22.64,22.88,646940,1.125,22.97,23.77,23.65,44.857,-0.2588,-0.2762,0.0174,23.52,22.42,4.78,2004,11,4,2004-11,False
2004-11-11,ASIANPAINT,23.1,23.15,22.91,23.07,190380,0.805,22.97,23.74,23.65,47.768,-0.23,-0.267,0.037,23.52,22.42,4.777,2004,11,4,2004-11,False
2004-11-12,ASIANPAINT,22.66,23.34,22.66,23.09,66890,0.085,22.95,23.71,23.64,48.082,-0.2032,-0.2542,0.051,23.48,22.43,4.578,2004,11,4,2004-11,False
2004-11-15,ASIANPAINT,23.09,23.09,23.09,23.09,0,0.0,22.97,23.68,23.64,48.082,-0.18,-0.2394,0.0594,23.49,22.45,4.513,2004,11,4,2004-11,False
2004-11-16,ASIANPAINT,23.27,23.27,23.04,23.09,104270,0.034,22.98,23.65,23.63,48.227,-0.159,-0.2233,0.0643,23.5,22.46,4.537,2004,11,4,2004-11,False
2004-11-17,ASIANPAINT,23.3,23.3,22.72,22.74,350760,-1.526,22.97,23.61,23.62,42.498,-0.169,-0.2124,0.0435,23.5,22.43,4.631,2004,11,4,2004-11,False
2004-11-18,ASIANPAINT,22.95,23.02,22.76,22.87,617460,0.551,22.96,23.58,23.61,45.0,-0.1648,-0.2029,0.0381,23.5,22.43,4.64,2004,11,4,2004-11,False
2004-11-19,ASIANPAINT,22.72,22.95,22.72,22.77,506750,-0.445,22.96,23.54,23.61,43.349,-0.1678,-0.1959,0.0281,23.5,22.42,4.7,2004,11,4,2004-11,False
2004-11-22,ASIANPAINT,22.72,22.99,22.72,22.87,156000,0.482,22.95,23.51,23.6,45.66,-0.1595,-0.1886,0.0291,23.49,22.41,4.694,2004,11,4,2004-11,False
2004-11-23,ASIANPAINT,22.96,22.96,22.72,22.73,404420,-0.616,22.94,23.47,23.59,43.219,-0.1624,-0.1834,0.021,23.49,22.4,4.739,2004,11,4,2004-11,False
2004-11-24,ASIANPAINT,23.1,23.4,22.8,22.92,1051380,0.81,22.95,23.44,23.58,47.189,-0.1482,-0.1763,0.0282,23.49,22.41,4.703,2004,11,4,2004-11,False
2004-11-25,ASIANPAINT,23.5,23.5,22.72,22.75,690340,-0.735,22.94,23.41,23.58,44.148,-0.1487,-0.1708,0.0221,23.49,22.4,4.761,2004,11,4,2004-11,False
2004-11-26,ASIANPAINT,22.75,22.75,22.75,22.75,0,0.0,22.94,23.38,23.57,44.148,-0.1475,-0.1662,0.0186,23.49,22.39,4.801,2004,11,4,2004-11,False
2004-11-29,ASIANPAINT,22.88,23.31,22.72,23.18,1425790,1.911,22.91,23.36,23.56,53.181,-0.1102,-0.155,0.0448,23.32,22.5,3.594,2004,11,4,2004-11,False
2004-11-30,ASIANPAINT,23.74,24.13,23.34,23.55,2613780,1.571,22.92,23.35,23.56,59.144,-0.0506,-0.1341,0.0835,23.36,22.47,3.883,2004,11,4,2004-11,False
2004-12-01,ASIANPAINT,23.73,23.89,23.23,23.35,465720,-0.832,22.95,23.34,23.56,55.082,-0.019,-0.1111,0.0921,23.43,22.47,4.184,2004,12,4,2004-12,False
2004-12-02,ASIANPAINT,23.5,23.89,23.5,23.84,702940,2.08,22.98,23.33,23.56,62.043,0.0448,-0.0799,0.1247,23.6,22.36,5.408,2004,12,4,2004-12,False
2004-12-03,ASIANPAINT,23.81,24.42,23.76,24.14,1173150,1.249,23.05,23.33,23.56,65.566,0.1179,-0.0403,0.1583,23.85,22.26,6.893,2004,12,4,2004-12,False
2004-12-06,ASIANPAINT,24.41,24.6,24.17,24.28,551640,0.584,23.13,23.33,23.57,67.122,0.1852,0.0048,0.1804,24.08,22.18,8.217,2004,12,4,2004-12,False
2004-12-07,ASIANPAINT,24.28,25.84,23.89,25.58,2917440,5.373,23.28,23.36,23.58,77.33,0.3398,0.0718,0.268,24.7,21.85,12.226,2004,12,4,2004-12,False
2004-12-08,ASIANPAINT,25.62,25.7,24.37,25.25,438070,-1.301,23.4,23.38,23.59,71.249,0.4305,0.1435,0.287,25.05,21.74,14.18,2004,12,4,2004-12,False
2004-12-09,ASIANPAINT,25.3,25.46,24.99,25.41,300890,0.636,23.51,23.39,23.6,72.377,0.5095,0.2167,0.2928,25.39,21.63,15.971,2004,12,4,2004-12,False
2004-12-10,ASIANPAINT,25.46,25.8,25.38,25.39,351590,-0.092,23.63,23.4,23.62,71.933,0.5636,0.2861,0.2776,25.67,21.59,17.286,2004,12,4,2004-12,False
2004-12-13,ASIANPAINT,25.07,25.61,25.07,25.45,311640,0.262,23.75,23.42,23.63,72.449,0.605,0.3499,0.2551,25.93,21.57,18.359,2004,12,4,2004-12,False
2004-12-14,ASIANPAINT,25.62,25.7,25.38,25.49,274440,0.139,23.87,23.44,23.63,72.735,0.6333,0.4066,0.2267,26.15,21.58,19.184,2004,12,4,2004-12,False
2004-12-15,ASIANPAINT,25.46,25.48,25.3,25.43,278810,-0.231,24.0,23.46,23.64,71.404,0.6436,0.454,0.1896,26.33,21.67,19.389,2004,12,4,2004-12,False
2004-12-16,ASIANPAINT,25.46,25.62,25.3,25.42,344660,-0.015,24.13,23.48,23.65,71.311,0.644,0.492,0.152,26.47,21.78,19.444,2004,12,4,2004-12,False
2004-12-17,ASIANPAINT,25.46,25.46,25.3,25.39,179820,-0.123,24.26,23.5,23.66,70.513,0.6345,0.5205,0.114,26.58,21.94,19.116,2004,12,4,2004-12,False
2004-12-20,ASIANPAINT,25.38,25.54,25.23,25.39,228590,-0.031,24.38,23.54,23.66,70.302,0.6191,0.5402,0.0789,26.66,22.11,18.657,2004,12,4,2004-12,False
2004-12-21,ASIANPAINT,25.38,25.62,25.38,25.52,308670,0.525,24.52,23.59,23.67,71.848,0.6107,0.5543,0.0564,26.71,22.33,17.849,2004,12,4,2004-12,False
2004-12-22,ASIANPAINT,25.38,25.61,25.38,25.38,243090,-0.537,24.65,23.63,23.68,67.927,0.5862,0.5607,0.0255,26.73,22.56,16.902,2004,12,4,2004-12,False
2004-12-23,ASIANPAINT,25.11,25.54,25.11,25.41,138080,0.093,24.78,23.68,23.69,68.247,0.5622,0.561,0.0012,26.68,22.87,15.373,2004,12,4,2004-12,False
2004-12-24,ASIANPAINT,26.24,26.24,25.26,25.37,124150,-0.139,24.91,23.72,23.69,67.164,0.5342,0.5556,-0.0214,26.57,23.25,13.342,2004,12,4,2004-12,False
2004-12-27,ASIANPAINT,25.15,25.42,25.11,25.23,67930,-0.556,25.01,23.77,23.7,62.869,0.4949,0.5435,-0.0486,26.47,23.56,11.619,2004,12,4,2004-12,False
2004-12-28,ASIANPAINT,25.24,25.54,25.07,25.42,178620,0.761,25.11,23.82,23.71,66.051,0.4738,0.5295,-0.0558,26.39,23.82,10.258,2004,12,4,2004-12,False
2004-12-29,ASIANPAINT,26.07,26.07,25.16,25.39,300090,-0.139,25.21,23.86,23.72,64.95,0.449,0.5134,-0.0644,26.2,24.22,7.869,2004,12,4,2004-12,False
2004-12-30,ASIANPAINT,25.38,25.46,25.38,25.39,125600,0.0,25.29,23.91,23.72,64.95,0.4245,0.4957,-0.0711,26.04,24.53,5.973,2004,12,4,2004-12,False
2004-12-31,ASIANPAINT,25.38,25.38,24.88,25.07,205120,-1.234,25.33,23.96,23.73,55.425,0.3755,0.4716,-0.0961,25.87,24.79,4.271,2004,12,4,2004-12,False
2005-01-03,ASIANPAINT,25.08,25.46,24.96,25.0,172730,-0.297,25.37,24.0,23.74,53.422,0.3268,0.4427,-0.1158,25.64,25.09,2.178,2005,1,1,2005-01,False
2005-01-04,ASIANPAINT,25.23,25.45,25.07,25.39,322400,1.551,25.36,24.05,23.75,61.277,0.3159,0.4173,-0.1014,25.62,25.1,2.033,2005,1,1,2005-01,False
2005-01-05,ASIANPAINT,25.39,25.46,25.07,25.21,305000,-0.679,25.36,24.1,23.76,56.7,0.2901,0.3919,-0.1018,25.62,25.1,2.061,2005,1,1,2005-01,False
2005-01-06,ASIANPAINT,25.62,25.62,23.7,24.24,389850,-3.853,25.3,24.12,23.77,39.013,0.189,0.3513,-0.1623,25.86,24.74,4.437,2005,1,1,2005-01,False
2005-01-07,ASIANPAINT,24.28,25.23,24.21,25.07,176210,3.425,25.28,24.17,23.78,52.619,0.1739,0.3158,-0.1419,25.85,24.71,4.497,2005,1,1,2005-01,False
2005-01-10,ASIANPAINT,25.3,25.38,24.84,25.21,173630,0.547,25.27,24.2,23.79,54.427,0.171,0.2869,-0.1158,25.83,24.71,4.46,2005,1,1,2005-01,False
2005-01-11,ASIANPAINT,24.92,25.22,24.92,25.09,243220,-0.466,25.25,24.23,23.8,52.575,0.1574,0.261,-0.1035,25.81,24.69,4.429,2005,1,1,2005-01,False
2005-01-12,ASIANPAINT,25.07,25.07,24.44,24.83,142800,-1.062,25.22,24.27,23.81,48.544,0.1237,0.2335,-0.1098,25.8,24.64,4.626,2005,1,1,2005-01,False
2005-01-13,ASIANPAINT,24.05,24.97,24.05,24.81,193680,-0.079,25.19,24.31,23.82,48.251,0.0944,0.2057,-0.1113,25.79,24.59,4.788,2005,1,1,2005-01,False
2005-01-14,ASIANPAINT,24.68,25.11,24.29,25.02,89360,0.868,25.17,24.35,23.83,51.704,0.0875,0.1821,-0.0946,25.77,24.57,4.763,2005,1,1,2005-01,False
2005-01-17,ASIANPAINT,24.62,25.07,24.62,24.98,90720,-0.172,25.15,24.4,23.83,50.971,0.0777,0.1612,-0.0835,25.75,24.55,4.743,2005,1,1,2005-01,False
2005-01-18,ASIANPAINT,24.53,25.07,24.52,24.92,430170,-0.22,25.12,24.44,23.84,50.0,0.0647,0.1419,-0.0772,25.7,24.54,4.604,2005,1,1,2005-01,False
2005-01-19,ASIANPAINT,24.91,25.46,24.75,25.13,701480,0.833,25.11,24.49,23.85,53.603,0.0704,0.1276,-0.0572,25.67,24.54,4.502,2005,1,1,2005-01,False
2005-01-20,ASIANPAINT,25.46,25.84,25.15,25.34,289400,0.842,25.11,24.53,23.87,57.003,0.0909,0.1202,-0.0294,25.66,24.55,4.452,2005,1,1,2005-01,False
2005-01-24,ASIANPAINT,25.46,26.4,25.31,25.81,352040,1.839,25.13,24.59,23.88,63.373,0.1431,0.1248,0.0183,25.76,24.49,5.033,2005,1,1,2005-01,False
2005-01-25,ASIANPAINT,26.16,26.39,25.73,26.28,292670,1.821,25.18,24.65,23.89,68.448,0.2199,0.1438,0.076,26.0,24.36,6.478,2005,1,1,2005-01,False
2005-01-27,ASIANPAINT,26.39,27.42,26.32,27.24,450600,3.652,25.27,24.73,23.92,75.817,0.3541,0.1859,0.1682,26.5,24.04,9.727,2005,1,1,2005-01,False
2005-01-28,ASIANPAINT,27.42,27.57,27.18,27.27,404030,0.115,25.36,24.82,23.94,76.014,0.4577,0.2402,0.2174,26.89,23.84,11.989,2005,1,1,2005-01,False
2005-01-31,ASIANPAINT,27.73,28.2,26.6,28.19,562330,3.375,25.5,24.93,23.96,80.928,0.6071,0.3136,0.2935,27.48,23.53,15.505,2005,1,1,2005-01,False
2005-02-01,ASIANPAINT,28.59,28.91,27.43,27.83,201220,-1.264,25.64,25.03,23.98,74.558,0.6887,0.3886,0.3001,27.86,23.42,17.32,2005,2,1,2005-02,False
2005-02-02,ASIANPAINT,25.86,28.19,25.86,27.34,144240,-1.787,25.76,25.12,24.0,66.67,0.7052,0.4519,0.2533,28.08,23.44,18.025,2005,2,1,2005-02,False
2005-02-03,ASIANPAINT,28.2,28.2,27.03,27.17,92360,-0.602,25.85,25.21,24.01,64.25,0.697,0.5009,0.196,28.25,23.45,18.548,2005,2,1,2005-02,False
2005-02-04,ASIANPAINT,27.34,27.5,26.69,27.05,183120,-0.461,25.94,25.29,24.03,62.391,0.6725,0.5353,0.1373,28.38,23.51,18.771,2005,2,1,2005-02,False
2005-02-07,ASIANPAINT,28.11,28.11,27.14,27.21,199690,0.623,26.09,25.38,24.05,63.902,0.6592,0.5601,0.0991,28.45,23.73,18.09,2005,2,1,2005-02,False
2005-02-08,ASIANPAINT,27.22,27.65,26.74,27.54,223010,1.195,26.21,25.48,24.07,66.685,0.6672,0.5815,0.0857,28.61,23.82,18.264,2005,2,1,2005-02,False
2005-02-09,ASIANPAINT,27.61,28.11,27.42,27.83,656990,1.038,26.34,25.57,24.09,68.952,0.6886,0.6029,0.0857,28.79,23.9,18.586,2005,2,1,2005-02,False
2005-02-10,ASIANPAINT,28.08,28.08,27.73,27.84,92220,0.056,26.48,25.66,24.12,69.076,0.6988,0.6221,0.0767,28.94,24.02,18.586,2005,2,1,2005-02,False
2005-02-11,ASIANPAINT,27.85,28.2,27.81,28.1,165950,0.943,26.65,25.75,24.14,71.157,0.7198,0.6416,0.0782,29.08,24.21,18.264,2005,2,1,2005-02,False
2005-02-14,ASIANPAINT,27.03,28.39,27.03,28.21,324560,0.362,26.82,25.84,24.17,71.946,0.7361,0.6605,0.0756,29.18,24.45,17.649,2005,2,1,2005-02,False
2005-02-15,ASIANPAINT,28.2,28.33,28.19,28.25,223190,0.167,26.98,25.92,24.19,72.322,0.7443,0.6773,0.067,29.27,24.69,16.983,2005,2,1,2005-02,False
2005-02-16,ASIANPAINT,28.33,28.43,28.2,28.2,168190,-0.18,27.14,26.0,24.21,71.208,0.7381,0.6894,0.0487,29.29,24.99,15.829,2005,2,1,2005-02,False
2005-02-17,ASIANPAINT,28.36,28.36,28.1,28.21,79240,0.014,27.3,26.05,24.24,71.245,0.7252,0.6966,0.0286,29.23,25.38,14.105,2005,2,1,2005-02,False
2005-02-18,ASIANPAINT,28.24,28.42,28.2,28.27,154150,0.222,27.46,26.11,24.26,71.863,0.7118,0.6996,0.0122,29.13,25.78,12.206,2005,2,1,2005-02,False
2005-02-21,ASIANPAINT,28.21,28.24,26.71,27.49,176220,-2.757,27.57,26.15,24.29,55.8,0.6311,0.6859,-0.0549,28.91,26.22,9.78,2005,2,1,2005-02,False
2005-02-22,ASIANPAINT,28.03,28.44,27.03,28.22,273590,2.665,27.69,26.21,24.32,63.954,0.619,0.6725,-0.0535,28.78,26.59,7.9,2005,2,1,2005-02,False
2005-02-23,ASIANPAINT,28.2,28.24,27.74,27.99,56180,-0.805,27.77,26.26,24.34,60.241,0.5844,0.6549,-0.0705,28.65,26.9,6.308,2005,2,1,2005-02,False
2005-02-24,ASIANPAINT,28.04,28.28,27.42,27.96,222710,-0.14,27.81,26.31,24.38,59.599,0.5475,0.6334,-0.0859,28.65,26.97,6.055,2005,2,1,2005-02,False
2005-02-25,ASIANPAINT,27.67,28.05,27.67,27.85,129360,-0.364,27.84,26.36,24.41,57.872,0.5042,0.6076,-0.1034,28.64,27.03,5.768,2005,2,1,2005-02,False
2005-02-28,ASIANPAINT,27.11,28.19,27.11,27.85,212360,-0.028,27.82,26.41,24.44,57.733,0.4639,0.5789,-0.1149,28.61,27.03,5.648,2005,2,1,2005-02,False
2005-03-01,ASIANPAINT,27.89,28.18,27.68,28.11,46590,0.957,27.83,26.46,24.47,61.141,0.4483,0.5528,-0.1044,28.63,27.04,5.722,2005,3,1,2005-03,False
2005-03-02,ASIANPAINT,27.82,28.43,27.82,28.37,154510,0.92,27.89,26.52,24.5,64.162,0.4516,0.5325,-0.0809,28.68,27.09,5.698,2005,3,1,2005-03,False
2005-03-03,ASIANPAINT,28.36,28.36,28.08,28.21,175420,-0.58,27.94,26.58,24.53,60.917,0.4359,0.5132,-0.0773,28.67,27.21,5.232,2005,3,1,2005-03,False
2005-03-04,ASIANPAINT,28.12,28.2,27.64,27.69,70460,-1.833,27.97,26.62,24.55,52.013,0.3774,0.4861,-0.1086,28.58,27.36,4.382,2005,3,1,2005-03,False
2005-03-07,ASIANPAINT,27.69,28.19,27.5,27.66,157600,-0.113,27.99,26.67,24.58,51.521,0.3248,0.4538,-0.129,28.52,27.47,3.741,2005,3,1,2005-03,False
2005-03-08,ASIANPAINT,27.73,28.63,27.73,28.46,145890,2.889,28.04,26.73,24.6,61.51,0.3436,0.4318,-0.0882,28.56,27.52,3.69,2005,3,1,2005-03,False
2005-03-09,ASIANPAINT,28.2,28.59,27.82,28.05,234440,-1.418,28.05,26.78,24.63,55.313,0.3222,0.4099,-0.0876,28.56,27.54,3.62,2005,3,1,2005-03,False
2005-03-10,ASIANPAINT,27.89,28.28,27.89,28.13,502580,0.265,28.06,26.84,24.66,56.19,0.3078,0.3894,-0.0817,28.56,27.56,3.557,2005,3,1,2005-03,False
2005-03-11,ASIANPAINT,28.36,29.69,27.5,27.98,114100,-0.529,28.06,26.89,24.69,53.911,0.281,0.3678,-0.0867,28.56,27.56,3.565,2005,3,1,2005-03,False
2005-03-14,ASIANPAINT,28.44,28.67,28.05,28.41,289700,1.54,28.07,26.95,24.72,59.083,0.2913,0.3525,-0.0612,28.59,27.55,3.71,2005,3,1,2005-03,False
2005-03-15,ASIANPAINT,28.59,29.46,28.44,29.25,581070,2.95,28.12,27.03,24.75,66.872,0.3628,0.3545,0.0083,28.86,27.38,5.26,2005,3,1,2005-03,False
2005-03-16,ASIANPAINT,29.22,29.64,29.22,29.46,202430,0.71,28.18,27.12,24.79,68.473,0.4313,0.3699,0.0614,29.13,27.23,6.755,2005,3,1,2005-03,False
2005-03-17,ASIANPAINT,29.42,30.79,29.42,30.52,527560,3.617,28.3,27.23,24.83,75.118,0.5651,0.4089,0.1561,29.71,26.88,10.003,2005,3,1,2005-03,False
2005-03-18,ASIANPAINT,27.82,30.82,27.82,30.69,586920,0.552,28.42,27.34,24.87,75.979,0.6768,0.4625,0.2143,30.19,26.64,12.486,2005,3,1,2005-03,False
2005-03-21,ASIANPAINT,30.87,30.94,30.63,30.74,522890,0.153,28.58,27.47,24.91,76.227,0.7604,0.5221,0.2384,30.58,26.58,13.975,2005,3,1,2005-03,False
2005-03-22,ASIANPAINT,30.65,30.77,30.55,30.67,121400,-0.217,28.7,27.58,24.96,75.047,0.812,0.5801,0.2319,30.9,26.51,15.296,2005,3,1,2005-03,False
2005-03-23,ASIANPAINT,30.63,30.87,30.55,30.63,203340,-0.128,28.83,27.69,25.0,74.319,0.84,0.632,0.2079,31.16,26.5,16.153,2005,3,1,2005-03,False
2005-03-24,ASIANPAINT,30.63,30.71,30.56,30.64,217100,0.038,28.97,27.8,25.04,74.399,0.8533,0.6763,0.177,31.39,26.54,16.733,2005,3,1,2005-03,False
2005-03-28,ASIANPAINT,30.63,30.79,30.4,30.66,299500,0.051,29.11,27.91,25.08,74.514,0.8552,0.7121,0.1431,31.58,26.63,17.014,2005,3,1,2005-03,False
2005-03-29,ASIANPAINT,30.63,30.71,30.01,30.17,1027150,-1.597,29.22,28.02,25.12,64.77,0.8079,0.7312,0.0767,31.67,26.78,16.73,2005,3,1,2005-03,False
2005-03-30,ASIANPAINT,29.85,30.79,29.85,30.65,421360,1.61,29.35,28.13,25.16,69.088,0.8004,0.7451,0.0553,31.82,26.89,16.799,2005,3,1,2005-03,False
2005-03-31,ASIANPAINT,30.32,30.78,30.32,30.7,383890,0.166,29.47,28.25,25.19,69.51,0.7895,0.754,0.0355,31.96,26.98,16.905,2005,3,1,2005-03,False
2005-04-01,ASIANPAINT,30.94,31.18,30.79,30.82,81880,0.383,29.6,28.37,25.23,70.511,0.7813,0.7594,0.0219,32.09,27.11,16.802,2005,4,2,2005-04,False
2005-04-04,ASIANPAINT,31.18,31.18,30.63,30.63,193290,-0.61,29.75,28.48,25.26,66.738,0.751,0.7577,-0.0068,32.1,27.39,15.84,2005,4,2,2005-04,False
2005-04-05,ASIANPAINT,30.63,30.84,30.55,30.63,174290,-0.013,29.89,28.58,25.29,66.658,0.7183,0.7499,-0.0315,32.06,27.73,14.51,2005,4,2,2005-04,False
2005-04-06,ASIANPAINT,30.9,30.93,30.63,30.63,45060,0.013,30.0,28.68,25.32,66.701,0.6849,0.7369,-0.052,32.09,27.92,13.877,2005,4,2,2005-04,False
2005-04-07,ASIANPAINT,31.26,31.26,30.57,30.63,96180,-0.013,30.13,28.77,25.35,66.608,0.6506,0.7196,-0.069,32.02,28.25,12.498,2005,4,2,2005-04,False
2005-04-08,ASIANPAINT,30.71,31.18,30.63,30.98,145450,1.125,30.27,28.84,25.39,70.487,0.6438,0.7044,-0.0607,31.94,28.61,10.983,2005,4,2,2005-04,False
2005-04-11,ASIANPAINT,30.63,30.79,30.63,30.64,63760,-1.075,30.41,28.91,25.42,62.888,0.6046,0.6845,-0.0799,31.68,29.14,8.34,2005,4,2,2005-04,False
2005-04-12,ASIANPAINT,30.71,30.75,30.59,30.64,173300,0.0,30.52,28.96,25.45,62.888,0.5669,0.661,-0.094,31.37,29.67,5.586,2005,4,2,2005-04,False
2005-04-13,ASIANPAINT,30.63,30.79,30.63,30.66,245140,0.064,30.59,29.01,25.48,63.159,0.5326,0.6353,-0.1027,31.2,29.98,3.973,2005,4,2,2005-04,False
2005-04-15,ASIANPAINT,30.63,30.63,30.32,30.55,850080,-0.37,30.64,29.08,25.52,60.404,0.4905,0.6063,-0.1158,30.94,30.35,1.914,2005,4,2,2005-04,False
2005-04-18,ASIANPAINT,30.63,30.7,30.55,30.64,177950,0.295,30.65,29.15,25.55,61.826,0.4591,0.5769,-0.1177,30.94,30.36,1.875,2005,4,2,2005-04,False
2005-04-19,ASIANPAINT,30.79,30.87,30.63,30.75,317460,0.358,30.65,29.22,25.58,63.543,0.4381,0.5491,-0.111,30.94,30.36,1.894,2005,4,2,2005-04,False
2005-04-20,ASIANPAINT,30.94,30.94,30.55,30.63,413040,-0.382,30.65,29.29,25.62,60.409,0.4072,0.5208,-0.1135,30.94,30.36,1.878,2005,4,2,2005-04,False
2005-04-21,ASIANPAINT,30.63,30.78,30.56,30.63,396200,0.0,30.65,29.35,25.65,60.409,0.3784,0.4923,-0.1139,30.93,30.36,1.878,2005,4,2,2005-04,False
2005-04-22,ASIANPAINT,30.65,30.86,30.63,30.73,18680,0.32,30.65,29.41,25.68,62.21,0.3593,0.4657,-0.1064,30.94,30.36,1.892,2005,4,2,2005-04,False
2005-04-25,ASIANPAINT,30.72,30.94,30.4,30.54,168580,-0.612,30.65,29.46,25.71,56.861,0.3253,0.4376,-0.1123,30.94,30.35,1.919,2005,4,2,2005-04,False
2005-04-26,ASIANPAINT,30.55,30.78,30.17,30.26,87330,-0.911,30.63,29.51,25.74,50.01,0.2727,0.4046,-0.1319,30.97,30.29,2.223,2005,4,2,2005-04,False
2005-04-27,ASIANPAINT,30.55,30.55,28.99,29.67,190750,-1.967,30.6,29.54,25.77,39.139,0.181,0.3599,-0.179,31.11,30.09,3.351,2005,4,2,2005-04,False
2005-04-28,ASIANPAINT,29.61,30.08,28.36,28.81,74830,-2.878,30.51,29.55,25.8,29.301,0.0389,0.2957,-0.2568,31.46,29.56,6.218,2005,4,2,2005-04,False
2005-04-29,ASIANPAINT,29.37,29.37,28.59,29.15,36470,1.156,30.43,29.57,25.82,36.051,-0.0463,0.2273,-0.2736,31.55,29.31,7.37,2005,4,2,2005-04,False
2005-05-02,ASIANPAINT,28.99,29.75,28.99,29.02,42880,-0.43,30.34,29.58,25.85,34.707,-0.1226,0.1573,-0.2799,31.61,29.07,8.364,2005,5,2,2005-05,False
2005-05-03,ASIANPAINT,29.14,29.96,28.99,29.73,86010,2.443,30.3,29.61,25.88,46.786,-0.1243,0.101,-0.2253,31.59,29.01,8.511,2005,5,2,2005-05,False
2005-05-04,ASIANPAINT,30.14,30.14,29.22,29.55,188740,-0.593,30.24,29.65,25.9,44.578,-0.1384,0.0531,-0.1915,31.56,28.92,8.73,2005,5,2,2005-05,False
2005-05-05,ASIANPAINT,29.85,29.85,29.29,29.34,33830,-0.716,30.18,29.68,25.93,42.015,-0.1647,0.0096,-0.1742,31.54,28.81,9.046,2005,5,2,2005-05,False
2005-05-06,ASIANPAINT,29.77,29.77,29.46,29.69,118240,1.188,30.13,29.71,25.96,47.384,-0.1556,-0.0235,-0.1321,31.49,28.77,9.054,2005,5,2,2005-05,False
2005-05-09,ASIANPAINT,30.16,30.16,29.38,29.67,121380,-0.066,30.07,29.74,25.99,47.12,-0.1482,-0.0484,-0.0998,31.38,28.75,8.767,2005,5,2,2005-05,False
2005-05-10,ASIANPAINT,29.85,30.16,29.61,29.78,202600,0.383,30.02,29.78,26.02,48.898,-0.1317,-0.0651,-0.0667,31.32,28.73,8.623,2005,5,2,2005-05,False
2005-05-11,ASIANPAINT,30.77,30.92,29.39,30.14,578190,1.21,30.0,29.83,26.05,54.163,-0.0886,-0.0698,-0.0188,31.26,28.73,8.421,2005,5,2,2005-05,False
2005-05-12,ASIANPAINT,30.32,30.32,29.62,29.79,169310,-1.169,29.95,29.86,26.07,48.859,-0.0819,-0.0722,-0.0097,31.18,28.73,8.186,2005,5,2,2005-05,False
2005-05-13,ASIANPAINT,29.93,30.4,29.93,30.14,154660,1.17,29.93,29.9,26.1,53.689,-0.0479,-0.0673,0.0195,31.13,28.74,8.003,2005,5,2,2005-05,False
2005-05-16,ASIANPAINT,30.54,30.71,29.93,30.61,191470,1.559,29.93,29.95,26.13,59.273,0.0168,-0.0505,0.0673,31.13,28.74,7.981,2005,5,2,2005-05,False
2005-05-17,ASIANPAINT,30.94,31.1,30.12,30.91,121150,0.985,29.94,30.01,26.16,62.406,0.0914,-0.0221,0.1135,31.16,28.72,8.15,2005,5,2,2005-05,False
2005-05-18,ASIANPAINT,30.94,30.94,30.16,30.44,37410,-1.521,29.93,30.07,26.19,55.271,0.1112,0.0045,0.1067,31.13,28.73,8.021,2005,5,2,2005-05,False
2005-05-19,ASIANPAINT,30.79,30.79,30.41,30.56,68030,0.373,29.93,30.11,26.22,56.563,0.1346,0.0305,0.104,31.12,28.74,7.964,2005,5,2,2005-05,False
2005-05-20,ASIANPAINT,30.63,30.63,30.16,30.56,35800,0.026,29.92,30.16,26.25,56.656,0.152,0.0548,0.0971,31.09,28.75,7.824,2005,5,2,2005-05,False
2005-05-23,ASIANPAINT,30.75,30.75,30.08,30.1,265770,-1.525,29.9,30.2,26.27,49.82,0.1267,0.0692,0.0575,31.03,28.76,7.608,2005,5,2,2005-05,False
2005-05-24,ASIANPAINT,30.16,30.47,30.16,30.25,37600,0.495,29.9,30.24,26.3,51.819,0.1173,0.0788,0.0385,31.03,28.76,7.601,2005,5,2,2005-05,False
2005-05-25,ASIANPAINT,30.24,30.63,30.24,30.47,40320,0.751,29.94,30.28,26.33,54.78,0.1267,0.0884,0.0383,31.1,28.78,7.743,2005,5,2,2005-05,False
2005-05-26,ASIANPAINT,30.55,31.81,30.09,31.09,226260,2.018,30.05,30.32,26.36,61.652,0.1817,0.1071,0.0747,31.19,28.91,7.596,2005,5,2,2005-05,False
2005-05-27,ASIANPAINT,31.56,31.56,30.63,31.11,131560,0.076,30.15,30.35,26.39,61.89,0.2246,0.1306,0.0941,31.3,29.0,7.642,2005,5,2,2005-05,False
2005-05-30,ASIANPAINT,31.33,31.33,30.16,30.56,67780,-1.775,30.23,30.35,26.42,53.479,0.2116,0.1468,0.0648,31.26,29.19,6.844,2005,5,2,2005-05,False
2005-05-31,ASIANPAINT,30.59,30.79,30.08,30.09,89100,-1.525,30.24,30.34,26.45,47.599,0.1618,0.1498,0.012,31.25,29.23,6.68,2005,5,2,2005-05,False
2005-06-01,ASIANPAINT,30.32,30.63,30.16,30.46,129630,1.223,30.29,30.34,26.48,52.081,0.1504,0.1499,0.0004,31.25,29.33,6.338,2005,6,2,2005-06,False
2005-06-02,ASIANPAINT,30.7,30.7,30.16,30.24,28630,-0.72,30.33,30.33,26.51,49.372,0.1222,0.1444,-0.0222,31.19,29.48,5.611,2005,6,2,2005-06,False
2005-06-03,ASIANPAINT,30.55,30.67,30.25,30.61,126380,1.23,30.38,30.33,26.54,53.765,0.1284,0.1412,-0.0128,31.18,29.58,5.285,2005,6,2,2005-06,False
2005-06-06,ASIANPAINT,30.55,30.79,30.47,30.59,23660,-0.077,30.43,30.33,26.57,53.45,0.1299,0.1389,-0.009,31.16,29.69,4.825,2005,6,2,2005-06,False
2005-06-07,ASIANPAINT,30.86,31.34,30.32,31.05,90300,1.498,30.49,30.33,26.61,58.557,0.1661,0.1443,0.0218,31.21,29.77,4.716,2005,6,2,2005-06,False
2005-06-08,ASIANPAINT,31.18,31.18,30.51,30.61,53870,-1.4,30.51,30.34,26.64,52.655,0.158,0.1471,0.0109,31.22,29.81,4.601,2005,6,2,2005-06,False
2005-06-09,ASIANPAINT,30.9,30.9,30.62,30.64,44650,0.09,30.56,30.34,26.67,52.977,0.152,0.1481,0.0039,31.17,29.94,4.03,2005,6,2,2005-06,False
2005-06-10,ASIANPAINT,30.72,30.89,30.63,30.76,47490,0.396,30.59,30.34,26.71,54.454,0.1552,0.1495,0.0057,31.18,30.0,3.857,2005,6,2,2005-06,False
2005-06-13,ASIANPAINT,30.85,30.85,30.32,30.64,79000,-0.407,30.59,30.34,26.74,52.617,0.146,0.1488,-0.0028,31.18,30.0,3.859,2005,6,2,2005-06,False
2005-06-14,ASIANPAINT,30.64,31.34,30.63,30.98,134340,1.099,30.59,30.35,26.77,56.832,0.164,0.1518,0.0121,31.19,29.99,3.91,2005,6,2,2005-06,False
2005-06-15,ASIANPAINT,31.26,31.26,30.79,30.98,201950,0.025,30.62,30.35,26.8,56.927,0.1768,0.1568,0.02,31.24,30.0,4.038,2005,6,2,2005-06,False
2005-06-16,ASIANPAINT,30.98,31.08,30.73,30.88,135220,-0.341,30.63,30.36,26.83,55.145,0.1764,0.1607,0.0157,31.26,30.01,4.1,2005,6,2,2005-06,False
2005-06-17,ASIANPAINT,30.63,30.94,30.55,30.66,243340,-0.71,30.64,30.36,26.86,51.541,0.1566,0.1599,-0.0033,31.27,30.01,4.094,2005,6,2,2005-06,False
2005-06-20,ASIANPAINT,30.94,30.94,30.16,30.33,264640,-1.073,30.65,30.35,26.89,46.62,0.1131,0.1505,-0.0375,31.24,30.06,3.868,2005,6,2,2005-06,False
2005-06-21,ASIANPAINT,30.94,32.59,30.32,31.61,697450,4.223,30.72,30.37,26.93,61.88,0.1798,0.1564,0.0234,31.42,30.02,4.562,2005,6,2,2005-06,False
2005-06-22,ASIANPAINT,31.76,32.48,31.21,32.07,298320,1.47,30.8,30.4,26.96,65.709,0.2671,0.1785,0.0886,31.71,29.88,5.945,2005,6,2,2005-06,False
2005-06-23,ASIANPAINT,31.89,32.17,31.54,31.97,170220,-0.309,30.84,30.42,27.0,64.225,0.3246,0.2078,0.1168,31.89,29.79,6.811,2005,6,2,2005-06,False
2005-06-24,ASIANPAINT,31.89,32.56,31.65,31.83,217520,-0.447,30.88,30.45,27.04,62.051,0.3545,0.2371,0.1174,32.01,29.74,7.352,2005,6,2,2005-06,False
2005-06-27,ASIANPAINT,31.77,32.4,31.77,32.19,130820,1.11,30.96,30.48,27.08,65.188,0.4021,0.2701,0.132,32.22,29.7,8.167,2005,6,2,2005-06,False
2005-06-28,ASIANPAINT,32.17,32.17,31.57,31.86,68110,-0.999,31.05,30.5,27.11,60.302,0.4091,0.2979,0.1112,32.31,29.79,8.094,2005,6,2,2005-06,False
2005-06-29,ASIANPAINT,31.79,32.96,31.79,32.73,301700,2.704,31.16,30.54,27.16,67.361,0.4787,0.3341,0.1447,32.59,29.73,9.176,2005,6,2,2005-06,False
2005-06-30,ASIANPAINT,32.87,32.96,32.56,32.64,340330,-0.255,31.28,30.58,27.2,66.135,0.5211,0.3715,0.1497,32.79,29.78,9.625,2005,6,2,2005-06,False
2005-07-01,ASIANPAINT,33.0,33.0,32.57,32.77,69520,0.377,31.39,30.62,27.24,67.087,0.5583,0.4088,0.1494,33.0,29.78,10.248,2005,7,3,2005-07,False
2005-07-04,ASIANPAINT,33.28,33.42,32.8,33.32,847210,1.685,31.53,30.68,27.29,71.021,0.625,0.4521,0.1729,33.3,29.75,11.272,2005,7,3,2005-07,False
2005-07-05,ASIANPAINT,33.28,33.44,33.04,33.4,210910,0.238,31.64,30.74,27.33,71.548,0.6765,0.497,0.1796,33.59,29.7,12.301,2005,7,3,2005-07,False
2005-07-06,ASIANPAINT,33.75,33.99,33.0,33.87,518230,1.427,31.81,30.83,27.38,74.539,0.7472,0.547,0.2002,33.93,29.68,13.339,2005,7,3,2005-07,False
2005-07-07,ASIANPAINT,34.15,34.31,32.75,33.46,204380,-1.231,31.95,30.92,27.43,67.82,0.7608,0.5898,0.171,34.12,29.78,13.578,2005,7,3,2005-07,False
2005-07-08,ASIANPAINT,33.44,34.15,33.44,34.14,78770,2.03,32.12,31.02,27.48,72.213,0.8169,0.6352,0.1817,34.42,29.81,14.334,2005,7,3,2005-07,False
2005-07-11,ASIANPAINT,34.55,34.63,34.15,34.59,329190,1.338,32.31,31.13,27.53,74.713,0.888,0.6857,0.2023,34.76,29.87,15.116,2005,7,3,2005-07,False
2005-07-12,ASIANPAINT,34.23,34.63,32.95,33.38,197130,-3.501,32.43,31.2,27.58,59.439,0.837,0.716,0.121,34.83,30.03,14.808,2005,7,3,2005-07,False
2005-07-13,ASIANPAINT,34.15,34.15,33.21,33.39,181880,0.036,32.55,31.28,27.62,59.526,0.7884,0.7305,0.0579,34.89,30.22,14.351,2005,7,3,2005-07,False
2005-07-14,ASIANPAINT,33.83,33.91,33.12,33.27,121730,-0.381,32.67,31.36,27.66,58.084,0.7312,0.7306,0.0006,34.89,30.46,13.565,2005,7,3,2005-07,False
2005-07-15,ASIANPAINT,33.36,33.66,33.05,33.22,31340,-0.131,32.8,31.43,27.7,57.568,0.6746,0.7194,-0.0448,34.81,30.79,12.27,2005,7,3,2005-07,False
2005-07-18,ASIANPAINT,33.36,34.55,33.36,34.41,310560,3.586,33.01,31.52,27.75,66.351,0.7176,0.7191,-0.0014,34.78,31.24,10.727,2005,7,3,2005-07,False
2005-07-19,ASIANPAINT,34.05,35.54,34.05,35.27,395280,2.492,33.19,31.63,27.81,71.005,0.8115,0.7376,0.074,35.1,31.28,11.532,2005,7,3,2005-07,False
2005-07-20,ASIANPAINT,34.95,36.53,34.95,36.42,259910,3.254,33.41,31.76,27.87,75.823,0.9674,0.7835,0.1839,35.73,31.08,13.91,2005,7,3,2005-07,False
2005-07-21,ASIANPAINT,36.69,37.17,35.93,36.38,140570,-0.109,33.63,31.89,27.93,75.356,1.0754,0.8419,0.2335,36.2,31.05,15.307,2005,7,3,2005-07,False
2005-07-22,ASIANPAINT,35.82,36.69,35.74,36.33,441700,-0.142,33.85,32.01,27.99,74.712,1.1436,0.9022,0.2413,36.55,31.16,15.928,2005,7,3,2005-07,False
2005-07-25,ASIANPAINT,36.45,36.45,34.97,35.35,105840,-2.678,34.01,32.11,28.05,63.674,1.1064,0.9431,0.1633,36.67,31.35,15.619,2005,7,3,2005-07,False
2005-07-26,ASIANPAINT,35.5,36.61,35.5,36.26,385390,2.55,34.23,32.22,28.12,68.341,1.1365,0.9818,0.1548,36.86,31.59,15.397,2005,7,3,2005-07,False
2005-07-27,ASIANPAINT,35.83,36.53,35.83,36.43,78210,0.482,34.41,32.34,28.19,69.168,1.1611,1.0176,0.1435,37.12,31.7,15.749,2005,7,3,2005-07,False
2005-07-28,ASIANPAINT,36.43,36.43,36.43,36.43,0,0.0,34.6,32.45,28.25,69.168,1.1672,1.0475,0.1196,37.32,31.89,15.709,2005,7,3,2005-07,False
2005-07-29,ASIANPAINT,35.82,36.77,33.75,36.18,95540,-0.687,34.77,32.57,28.32,66.293,1.1387,1.0658,0.0729,37.43,32.11,15.299,2005,7,3,2005-07,False
2005-08-01,ASIANPAINT,36.41,36.77,36.14,36.57,176810,1.065,34.94,32.69,28.39,68.466,1.1341,1.0794,0.0546,37.62,32.25,15.353,2005,8,3,2005-08,False
2005-08-02,ASIANPAINT,36.41,36.85,36.41,36.66,497320,0.25,35.1,32.82,28.46,68.977,1.1248,1.0885,0.0363,37.78,32.42,15.294,2005,8,3,2005-08,False
2005-08-03,ASIANPAINT,36.72,37.08,36.3,36.84,1878520,0.498,35.25,32.95,28.52,70.023,1.1193,1.0947,0.0247,37.97,32.52,15.468,2005,8,3,2005-08,False
2005-08-04,ASIANPAINT,36.86,37.29,36.7,36.91,256850,0.194,35.42,33.07,28.59,70.443,1.108,1.0973,0.0107,38.11,32.74,15.163,2005,8,3,2005-08,False
2005-08-05,ASIANPAINT,36.93,36.93,36.31,36.41,2390180,-1.355,35.53,33.17,28.66,63.715,1.0466,1.0872,-0.0406,38.18,32.89,14.908,2005,8,3,2005-08,False
2005-08-08,ASIANPAINT,36.91,37.48,36.41,37.18,520180,2.116,35.66,33.31,28.73,68.676,1.048,1.0793,-0.0314,38.37,32.96,15.181,2005,8,3,2005-08,False
2005-08-09,ASIANPAINT,36.54,37.16,36.23,36.42,217150,-2.04,35.82,33.43,28.8,59.981,0.9766,1.0588,-0.0822,38.32,33.32,13.965,2005,8,3,2005-08,False
2005-08-10,ASIANPAINT,36.42,36.69,36.37,36.54,161360,0.327,35.97,33.55,28.87,60.82,0.9191,1.0308,-0.1118,38.22,33.73,12.461,2005,8,3,2005-08,False
2005-08-11,ASIANPAINT,36.42,36.93,36.42,36.75,89440,0.576,36.15,33.68,28.94,62.323,0.8803,1.0007,-0.1204,38.01,34.28,10.32,2005,8,3,2005-08,False
2005-08-12,ASIANPAINT,36.54,36.97,36.41,36.93,197390,0.475,36.33,33.81,29.01,63.572,0.8539,0.9714,-0.1175,37.62,35.05,7.092,2005,8,3,2005-08,False
2005-08-16,ASIANPAINT,36.54,36.92,35.82,36.28,59500,-1.753,36.43,33.92,29.07,56.145,0.7718,0.9314,-0.1597,37.35,35.51,5.054,2005,8,3,2005-08,False
2005-08-17,ASIANPAINT,36.69,37.09,36.53,36.92,73960,1.773,36.51,34.04,29.14,61.019,0.75,0.8951,-0.1452,37.28,35.74,4.205,2005,8,3,2005-08,False
2005-08-18,ASIANPAINT,36.93,37.63,36.69,37.28,130170,0.957,36.55,34.17,29.21,63.425,0.7525,0.8666,-0.1141,37.39,35.71,4.59,2005,8,3,2005-08,False
2005-08-19,ASIANPAINT,36.53,37.09,36.53,36.95,37350,-0.884,36.58,34.3,29.28,59.723,0.7197,0.8372,-0.1176,37.43,35.73,4.661,2005,8,3,2005-08,False
2005-08-22,ASIANPAINT,36.41,37.25,36.41,37.17,118000,0.602,36.62,34.43,29.35,61.362,0.7035,0.8105,-0.107,37.51,35.74,4.819,2005,8,3,2005-08,False
2005-08-23,ASIANPAINT,36.81,38.6,36.73,37.52,278700,0.951,36.73,34.57,29.43,63.877,0.711,0.7906,-0.0796,37.48,35.98,4.078,2005,8,3,2005-08,False
2005-08-24,ASIANPAINT,37.17,37.8,37.17,37.68,81840,0.413,36.8,34.7,29.5,64.953,0.7211,0.7767,-0.0556,37.63,35.98,4.484,2005,8,3,2005-08,False
2005-08-25,ASIANPAINT,37.57,37.57,37.01,37.22,51780,-1.202,36.84,34.83,29.57,59.382,0.6847,0.7583,-0.0736,37.67,36.02,4.485,2005,8,3,2005-08,False
2005-08-26,ASIANPAINT,37.33,37.61,37.01,37.17,35770,-0.149,36.88,34.95,29.64,58.717,0.6439,0.7354,-0.0915,37.69,36.06,4.418,2005,8,3,2005-08,False
2005-08-29,ASIANPAINT,38.0,38.71,36.92,38.38,123790,3.259,36.99,35.11,29.72,67.316,0.7012,0.7286,-0.0273,37.98,36.0,5.365,2005,8,3,2005-08,False
2005-08-30,ASIANPAINT,38.52,38.72,37.57,38.52,679860,0.352,37.09,35.27,29.8,68.114,0.749,0.7326,0.0163,38.27,35.9,6.375,2005,8,3,2005-08,False
2005-08-31,ASIANPAINT,38.5,38.52,37.83,38.49,328660,-0.072,37.18,35.41,29.88,67.747,0.7756,0.7412,0.0343,38.5,35.86,7.089,2005,8,3,2005-08,False
2005-09-01,ASIANPAINT,38.52,38.52,37.88,38.04,555080,-1.156,37.24,35.53,29.95,62.0,0.7521,0.7434,0.0087,38.6,35.88,7.315,2005,9,3,2005-09,False
2005-09-02,ASIANPAINT,38.2,38.28,37.73,37.99,43910,-0.136,37.29,35.65,30.03,61.349,0.7211,0.7389,-0.0179,38.68,35.9,7.469,2005,9,3,2005-09,False
2005-09-05,ASIANPAINT,38.52,38.52,38.12,38.13,93810,0.366,37.38,35.77,30.1,62.49,0.6996,0.7311,-0.0315,38.75,36.0,7.361,2005,9,3,2005-09,False
2005-09-06,ASIANPAINT,36.41,38.92,36.37,38.55,304270,1.104,37.45,35.9,30.18,65.785,0.7084,0.7265,-0.0182,38.91,35.98,7.839,2005,9,3,2005-09,False
2005-09-08,ASIANPAINT,38.68,39.31,38.28,39.02,256990,1.205,37.58,36.04,30.26,69.02,0.7442,0.7301,0.0142,39.12,36.03,8.213,2005,9,3,2005-09,False
2005-09-09,ASIANPAINT,39.08,39.31,38.91,39.07,257760,0.142,37.7,36.17,30.35,69.393,0.7683,0.7377,0.0306,39.3,36.1,8.486,2005,9,3,2005-09,False
2005-09-12,ASIANPAINT,39.15,39.31,38.24,39.29,262000,0.559,37.83,36.3,30.43,70.876,0.7958,0.7493,0.0465,39.51,36.15,8.896,2005,9,3,2005-09,False
2005-09-13,ASIANPAINT,39.31,39.79,39.02,39.66,329680,0.95,37.97,36.44,30.51,73.261,0.8381,0.7671,0.071,39.78,36.15,9.553,2005,9,3,2005-09,False
2005-09-14,ASIANPAINT,39.71,40.27,39.31,39.67,747500,0.01,38.14,36.57,30.59,73.286,0.862,0.7861,0.0759,39.92,36.35,9.349,2005,9,3,2005-09,False
2005-09-15,ASIANPAINT,39.79,40.43,39.71,39.84,188110,0.44,38.28,36.7,30.67,74.422,0.8848,0.8058,0.079,40.12,36.44,9.621,2005,9,3,2005-09,False
2005-09-16,ASIANPAINT,40.19,40.35,39.63,39.92,114900,0.199,38.41,36.82,30.75,74.944,0.8989,0.8244,0.0745,40.33,36.5,9.975,2005,9,3,2005-09,False
2005-09-19,ASIANPAINT,39.71,40.9,39.71,40.18,316440,0.657,38.58,36.95,30.83,76.637,0.9207,0.8437,0.077,40.52,36.63,10.062,2005,9,3,2005-09,False
2005-09-20,ASIANPAINT,40.5,40.5,39.71,40.07,180620,-0.287,38.72,37.07,30.91,74.262,0.918,0.8585,0.0595,40.65,36.79,9.976,2005,9,3,2005-09,False
2005-09-21,ASIANPAINT,40.27,40.5,38.77,39.55,241070,-1.288,38.82,37.17,30.98,64.6,0.8643,0.8597,0.0046,40.7,36.94,9.68,2005,9,3,2005-09,False
2005-09-22,ASIANPAINT,39.87,40.11,37.72,38.0,1388210,-3.916,38.84,37.26,31.05,45.481,0.6888,0.8255,-0.1367,40.68,37.0,9.488,2005,9,3,2005-09,False
2005-09-23,ASIANPAINT,38.52,39.55,37.98,38.5,79370,1.317,38.9,37.36,31.11,50.571,0.5834,0.7771,-0.1937,40.59,37.21,8.683,2005,9,3,2005-09,False
2005-09-26,ASIANPAINT,38.92,39.71,38.68,39.6,56850,2.836,39.02,37.49,31.18,59.465,0.5813,0.7379,-0.1567,40.53,37.52,7.704,2005,9,3,2005-09,False
2005-09-27,ASIANPAINT,39.78,40.9,39.71,40.5,1989040,2.287,39.13,37.64,31.26,65.077,0.6452,0.7194,-0.0742,40.74,37.52,8.217,2005,9,3,2005-09,False
2005-09-28,ASIANPAINT,42.01,42.01,39.95,40.43,352750,-0.186,39.23,37.76,31.33,64.278,0.6819,0.7119,-0.03,40.9,37.55,8.563,2005,9,3,2005-09,False
2005-09-29,ASIANPAINT,40.66,41.3,38.52,39.35,194310,-2.662,39.27,37.84,31.4,54.084,0.6171,0.6929,-0.0759,40.91,37.62,8.371,2005,9,3,2005-09,False
2005-09-30,ASIANPAINT,41.05,41.05,39.0,40.08,1312860,1.867,39.37,37.91,31.48,58.879,0.6178,0.6779,-0.0601,40.95,37.8,8.002,2005,9,3,2005-09,False
2005-10-03,ASIANPAINT,39.87,40.5,39.87,40.46,166520,0.931,39.49,37.99,31.55,61.101,0.6412,0.6706,-0.0294,41.0,37.99,7.622,2005,10,4,2005-10,False
2005-10-04,ASIANPAINT,41.04,41.3,40.39,40.58,593460,0.304,39.62,38.08,31.63,61.834,0.662,0.6688,-0.0069,41.05,38.18,7.245,2005,10,4,2005-10,False
2005-10-05,ASIANPAINT,40.5,41.78,40.04,41.26,537070,1.664,39.75,38.2,31.71,65.654,0.7246,0.68,0.0446,41.27,38.23,7.646,2005,10,4,2005-10,False
2005-10-06,ASIANPAINT,41.22,42.01,40.67,41.68,221050,1.04,39.88,38.3,31.79,67.855,0.7996,0.7039,0.0957,41.59,38.18,8.55,2005,10,4,2005-10,False
2005-10-07,ASIANPAINT,41.7,42.17,40.98,41.17,279070,-1.229,39.99,38.4,31.87,62.687,0.8084,0.7248,0.0836,41.74,38.24,8.763,2005,10,4,2005-10,False
2005-10-10,ASIANPAINT,41.54,42.01,39.71,39.92,454680,-3.048,40.02,38.47,31.94,52.199,0.7059,0.721,-0.0151,41.74,38.3,8.603,2005,10,4,2005-10,False
2005-10-11,ASIANPAINT,40.82,40.82,39.39,39.85,388130,-0.179,40.03,38.54,32.01,51.669,0.6119,0.6992,-0.0873,41.75,38.31,8.571,2005,10,4,2005-10,False
2005-10-13,ASIANPAINT,40.47,40.47,39.39,39.79,485750,-0.13,40.04,38.61,32.08,51.264,0.5272,0.6648,-0.1376,41.75,38.33,8.546,2005,10,4,2005-10,False
2005-10-14,ASIANPAINT,39.79,40.11,38.84,39.66,3375950,-0.329,40.03,38.67,32.16,50.188,0.4443,0.6207,-0.1764,41.74,38.31,8.579,2005,10,4,2005-10,False
2005-10-17,ASIANPAINT,39.71,41.3,39.13,40.73,4986900,2.683,40.07,38.75,32.23,57.912,0.4593,0.5884,-0.1292,41.81,38.32,8.705,2005,10,4,2005-10,False
2005-10-18,ASIANPAINT,41.3,41.3,38.92,39.83,327110,-2.213,40.05,38.8,32.31,50.736,0.3938,0.5495,-0.1557,41.8,38.3,8.721,2005,10,4,2005-10,False
2005-10-19,ASIANPAINT,39.91,40.5,39.08,39.75,203120,-0.179,40.03,38.87,32.38,50.205,0.3323,0.5061,-0.1737,41.79,38.28,8.749,2005,10,4,2005-10,False
2005-10-20,ASIANPAINT,42.48,42.48,39.63,39.99,287480,0.599,40.06,38.93,32.45,52.008,0.2994,0.4647,-0.1653,41.79,38.32,8.672,2005,10,4,2005-10,False
2005-10-21,ASIANPAINT,40.5,40.5,39.64,40.1,1514370,0.278,40.16,39.0,32.53,52.867,0.279,0.4276,-0.1485,41.6,38.72,7.187,2005,10,4,2005-10,False
2005-10-24,ASIANPAINT,40.66,40.66,39.5,39.67,47910,-1.089,40.22,39.06,32.6,49.149,0.2251,0.3871,-0.162,41.46,38.98,6.173,2005,10,4,2005-10,False
2005-10-25,ASIANPAINT,40.49,40.49,39.7,39.83,92930,0.4,40.23,39.12,32.68,50.512,0.1929,0.3483,-0.1554,41.45,39.01,6.071,2005,10,4,2005-10,False
2005-10-26,ASIANPAINT,40.27,40.27,38.94,39.26,129900,-1.416,40.17,39.17,32.75,45.817,0.1205,0.3027,-0.1822,41.46,38.88,6.41,2005,10,4,2005-10,False
2005-10-27,ASIANPAINT,43.55,43.55,33.8,38.9,183280,-0.92,40.09,39.22,32.82,43.055,0.0336,0.2489,-0.2153,41.49,38.69,6.98,2005,10,4,2005-10,False
2005-10-28,ASIANPAINT,39.31,41.14,36.93,37.57,257460,-3.43,40.0,39.24,32.88,34.731,-0.1413,0.1708,-0.3122,41.78,38.23,8.877,2005,10,4,2005-10,False
2005-10-31,ASIANPAINT,37.93,38.93,36.33,38.81,233010,3.298,39.94,39.27,32.95,45.305,-0.1779,0.1011,-0.279,41.79,38.09,9.283,2005,10,4,2005-10,False
2005-11-02,ASIANPAINT,40.65,40.65,39.29,39.85,268450,2.697,39.91,39.32,33.03,52.33,-0.1211,0.0566,-0.1778,41.75,38.07,9.21,2005,11,4,2005-11,False
2005-11-04,ASIANPAINT,39.85,39.85,39.85,39.85,0,0.0,39.87,39.38,33.1,52.33,-0.0752,0.0303,-0.1055,41.68,38.06,9.082,2005,11,4,2005-11,False
2005-11-07,ASIANPAINT,40.57,40.97,40.02,40.4,541100,1.378,39.83,39.44,33.18,55.786,0.0054,0.0253,-0.0199,41.54,38.12,8.591,2005,11,4,2005-11,False
2005-11-08,ASIANPAINT,40.49,40.65,40.25,40.5,221310,0.248,39.77,39.49,33.25,56.408,0.0765,0.0355,0.041,41.28,38.26,7.599,2005,11,4,2005-11,False
2005-11-09,ASIANPAINT,40.57,41.7,40.09,41.06,908530,1.386,39.77,39.57,33.33,59.813,0.1761,0.0637,0.1125,41.26,38.28,7.496,2005,11,4,2005-11,False
2005-11-10,ASIANPAINT,41.29,41.29,40.61,40.89,518350,-0.42,39.81,39.64,33.41,58.306,0.2384,0.0986,0.1398,41.39,38.24,7.899,2005,11,4,2005-11,False
2005-11-11,ASIANPAINT,40.89,40.97,40.35,40.55,163090,-0.843,39.85,39.69,33.48,55.306,0.257,0.1303,0.1267,41.46,38.24,8.061,2005,11,4,2005-11,False
2005-11-14,ASIANPAINT,42.1,42.1,39.85,40.04,2376600,-1.246,39.86,39.72,33.54,51.153,0.2283,0.1499,0.0784,41.47,38.25,8.068,2005,11,4,2005-11,False
2005-11-16,ASIANPAINT,40.09,40.73,40.09,40.4,158060,0.901,39.9,39.76,33.61,53.82,0.232,0.1663,0.0657,41.52,38.28,8.134,2005,11,4,2005-11,False
2005-11-17,ASIANPAINT,40.4,40.48,39.78,40.29,233860,-0.268,39.88,39.8,33.67,52.887,0.2237,0.1778,0.0459,41.46,38.29,7.96,2005,11,4,2005-11,False
2005-11-18,ASIANPAINT,40.78,40.78,39.93,40.36,66060,0.169,39.9,39.85,33.73,53.435,0.22,0.1862,0.0338,41.51,38.3,8.027,2005,11,4,2005-11,False
2005-11-21,ASIANPAINT,40.26,40.86,40.25,40.65,81880,0.705,39.95,39.9,33.8,55.747,0.2373,0.1965,0.0409,41.58,38.31,8.177,2005,11,4,2005-11,False
2005-11-22,ASIANPAINT,40.49,40.97,40.18,40.81,63130,0.395,39.99,39.94,33.87,57.042,0.261,0.2094,0.0516,41.67,38.31,8.391,2005,11,4,2005-11,False
2005-11-23,ASIANPAINT,40.93,41.05,40.49,40.51,128580,-0.727,40.01,39.97,33.93,53.901,0.2529,0.2181,0.0348,41.7,38.32,8.465,2005,11,4,2005-11,False
2005-11-24,ASIANPAINT,40.73,41.78,40.46,41.17,183430,1.633,40.08,40.02,34.0,59.285,0.2964,0.2337,0.0627,41.85,38.32,8.789,2005,11,4,2005-11,False
2005-11-25,ASIANPAINT,41.61,42.1,41.3,42.04,192670,2.123,40.2,40.07,34.08,65.086,0.3969,0.2664,0.1305,42.16,38.23,9.758,2005,11,4,2005-11,False
2005-11-28,ASIANPAINT,41.54,42.34,41.54,42.15,440130,0.257,40.34,40.12,34.15,65.738,0.4797,0.309,0.1707,42.43,38.25,10.378,2005,11,4,2005-11,False
2005-11-29,ASIANPAINT,42.18,43.15,42.18,43.01,223550,2.045,40.55,40.19,34.22,70.462,0.6079,0.3688,0.2391,42.84,38.25,11.328,2005,11,4,2005-11,False
2005-11-30,ASIANPAINT,43.14,43.78,42.06,42.12,730790,-2.088,40.77,40.23,34.29,61.021,0.6298,0.421,0.2088,42.7,38.85,9.444,2005,11,4,2005-11,False
2005-12-01,ASIANPAINT,42.5,43.71,42.35,43.31,591910,2.837,41.0,40.3,34.37,67.299,0.735,0.4838,0.2512,43.01,38.99,9.798,2005,12,4,2005-12,False
2005-12-02,ASIANPAINT,43.7,44.44,42.74,44.12,988030,1.87,41.21,40.38,34.45,70.739,0.8737,0.5618,0.3119,43.58,38.84,11.503,2005,12,4,2005-12,False
2005-12-05,ASIANPAINT,44.08,44.08,42.99,43.44,576380,-1.554,41.39,40.45,34.53,64.548,0.9177,0.633,0.2847,43.87,38.91,11.968,2005,12,4,2005-12,False
2005-12-06,ASIANPAINT,42.75,43.59,42.2,43.1,133320,-0.766,41.53,40.52,34.6,61.725,0.9152,0.6894,0.2258,44.07,38.98,12.249,2005,12,4,2005-12,False
2005-12-07,ASIANPAINT,43.14,43.46,43.14,43.26,352870,0.353,41.66,40.62,34.67,62.533,0.915,0.7345,0.1804,44.27,39.06,12.515,2005,12,4,2005-12,False
2005-12-08,ASIANPAINT,43.7,43.7,42.91,43.05,416330,-0.473,41.76,40.71,34.75,60.681,0.888,0.7652,0.1228,44.42,39.1,12.746,2005,12,4,2005-12,False
2005-12-09,ASIANPAINT,42.98,43.46,42.9,43.32,741680,0.615,41.88,40.79,34.83,62.24,0.8779,0.7878,0.0901,44.6,39.17,12.962,2005,12,4,2005-12,False
2005-12-12,ASIANPAINT,43.06,43.7,42.9,43.27,2693780,-0.111,42.02,40.84,34.9,61.76,0.8561,0.8014,0.0547,44.73,39.32,12.873,2005,12,4,2005-12,False
2005-12-13,ASIANPAINT,43.62,44.58,43.62,44.11,309760,1.955,42.22,40.92,34.99,66.626,0.8968,0.8205,0.0763,44.91,39.53,12.742,2005,12,4,2005-12,False
2005-12-14,ASIANPAINT,44.58,44.58,43.42,44.26,2635130,0.336,42.42,41.02,35.07,67.41,0.9303,0.8425,0.0878,45.11,39.72,12.699,2005,12,4,2005-12,False
2005-12-15,ASIANPAINT,43.7,44.25,43.3,43.5,48700,-1.73,42.58,41.08,35.15,59.63,0.8848,0.8509,0.0339,45.12,40.04,11.92,2005,12,4,2005-12,False
2005-12-16,ASIANPAINT,43.3,44.1,43.14,43.83,64230,0.765,42.75,41.15,35.22,61.699,0.8657,0.8539,0.0118,45.12,40.38,11.079,2005,12,4,2005-12,False
2005-12-19,ASIANPAINT,44.1,44.75,43.86,44.58,2178510,1.711,42.95,41.23,35.31,65.934,0.9006,0.8632,0.0374,45.23,40.66,10.635,2005,12,4,2005-12,False
2005-12-20,ASIANPAINT,44.75,45.28,44.35,45.02,830000,0.98,43.16,41.31,35.39,68.145,0.9526,0.8811,0.0715,45.39,40.93,10.324,2005,12,4,2005-12,False
2005-12-21,ASIANPAINT,45.22,45.7,44.53,44.66,92160,-0.784,43.37,41.37,35.47,64.505,0.9543,0.8957,0.0586,45.31,41.42,8.967,2005,12,4,2005-12,False
2005-12-22,ASIANPAINT,44.66,45.14,44.66,44.91,1580200,0.548,43.55,41.44,35.56,65.866,0.9643,0.9095,0.0548,45.32,41.79,8.11,2005,12,4,2005-12,False
2005-12-23,ASIANPAINT,45.3,45.3,44.27,44.53,52960,-0.848,43.68,41.53,35.64,61.886,0.9307,0.9137,0.017,45.34,42.01,7.628,2005,12,4,2005-12,False
2005-12-26,ASIANPAINT,45.1,45.1,43.4,44.48,96060,-0.108,43.79,41.63,35.72,61.381,0.89,0.909,-0.019,45.33,42.26,7.022,2005,12,4,2005-12,False
2005-12-27,ASIANPAINT,44.57,45.3,44.5,45.2,242170,1.632,43.9,41.73,35.81,65.898,0.9058,0.9083,-0.0025,45.52,42.29,7.353,2005,12,4,2005-12,False
2005-12-28,ASIANPAINT,45.46,45.7,44.66,45.19,191320,-0.027,44.06,41.84,35.89,65.761,0.9069,0.9081,-0.0011,45.53,42.58,6.71,2005,12,4,2005-12,False
2005-12-29,ASIANPAINT,45.14,46.19,45.14,45.9,154440,1.57,44.19,41.95,35.98,69.763,0.9541,0.9173,0.0368,45.83,42.54,7.457,2005,12,4,2005-12,False
2005-12-30,ASIANPAINT,45.74,46.67,45.45,46.41,222400,1.101,44.3,42.08,36.07,72.25,1.0205,0.9379,0.0826,46.22,42.38,8.68,2005,12,4,2005-12,False
2006-01-02,ASIANPAINT,46.82,47.71,46.43,47.3,134740,1.935,44.49,42.23,36.16,76.025,1.1325,0.9768,0.1557,46.79,42.19,10.331,2006,1,1,2006-01,False
2006-01-03,ASIANPAINT,47.71,47.87,46.91,47.66,157310,0.746,44.72,42.38,36.24,77.329,1.2355,1.0286,0.2069,47.32,42.12,11.632,2006,1,1,2006-01,False
2006-01-04,ASIANPAINT,48.99,48.99,47.3,47.34,261830,-0.656,44.93,42.53,36.33,73.511,1.2771,1.0783,0.1989,47.68,42.17,12.261,2006,1,1,2006-01,False
2006-01-05,ASIANPAINT,48.11,48.11,46.99,47.31,83160,-0.076,45.14,42.68,36.41,73.062,1.2923,1.1211,0.1713,47.94,42.34,12.415,2006,1,1,2006-01,False
2006-01-06,ASIANPAINT,47.86,48.11,46.96,47.36,85640,0.102,45.34,42.83,36.49,73.296,1.2934,1.1555,0.1378,48.17,42.51,12.488,2006,1,1,2006-01,False
2006-01-09,ASIANPAINT,47.69,47.87,47.15,47.16,33690,-0.415,45.54,42.99,36.57,70.601,1.2638,1.1772,0.0866,48.3,42.77,12.146,2006,1,1,2006-01,False
2006-01-10,ASIANPAINT,47.95,47.95,46.11,46.46,164220,-1.488,45.65,43.14,36.65,61.853,1.1702,1.1758,-0.0056,48.36,42.94,11.872,2006,1,1,2006-01,False
2006-01-12,ASIANPAINT,47.31,47.39,46.35,46.95,113840,1.061,45.79,43.33,36.74,65.124,1.1229,1.1652,-0.0423,48.47,43.1,11.734,2006,1,1,2006-01,False
2006-01-13,ASIANPAINT,47.15,47.39,46.91,47.05,80070,0.214,45.96,43.49,36.82,65.767,1.081,1.1484,-0.0673,48.48,43.45,10.934,2006,1,1,2006-01,False
2006-01-16,ASIANPAINT,47.07,47.39,46.71,46.99,414570,-0.136,46.12,43.64,36.9,64.942,1.0308,1.1249,-0.0941,48.46,43.78,10.141,2006,1,1,2006-01,False
2006-01-17,ASIANPAINT,47.55,47.55,45.99,46.13,39120,-1.826,46.2,43.76,36.98,55.008,0.9113,1.0821,-0.1709,48.42,43.98,9.623,2006,1,1,2006-01,False
2006-01-18,ASIANPAINT,46.11,47.31,46.03,47.04,137890,1.964,46.3,43.89,37.06,61.675,0.8795,1.0416,-0.1621,48.48,44.12,9.414,2006,1,1,2006-01,False
2006-01-19,ASIANPAINT,47.19,47.71,47.04,47.47,185420,0.921,46.44,44.03,37.14,64.391,0.8791,1.0091,-0.13,48.54,44.35,9.022,2006,1,1,2006-01,False
2006-01-20,ASIANPAINT,47.47,47.94,45.46,47.37,608520,-0.203,46.56,44.16,37.23,63.317,0.8611,0.9795,-0.1184,48.57,44.56,8.603,2006,1,1,2006-01,False
2006-01-23,ASIANPAINT,47.31,48.19,46.91,48.09,805060,1.515,46.74,44.3,37.31,67.65,0.8945,0.9625,-0.068,48.61,44.87,7.997,2006,1,1,2006-01,False
2006-01-24,ASIANPAINT,48.12,48.51,47.95,47.97,127590,-0.258,46.92,44.45,37.4,66.192,0.9005,0.9501,-0.0496,48.53,45.31,6.873,2006,1,1,2006-01,False
2006-01-25,ASIANPAINT,47.95,48.51,47.55,47.87,470490,-0.201,47.05,44.61,37.49,65.023,0.8873,0.9375,-0.0503,48.5,45.6,6.156,2006,1,1,2006-01,False
2006-01-27,ASIANPAINT,45.46,50.11,45.46,48.58,225450,1.491,47.22,44.77,37.58,69.346,0.9237,0.9348,-0.011,48.54,45.9,5.593,2006,1,1,2006-01,False
2006-01-30,ASIANPAINT,48.7,48.99,47.95,47.96,107280,-1.279,47.32,44.93,37.66,62.144,0.8922,0.9263,-0.0341,48.53,46.12,5.086,2006,1,1,2006-01,False
2006-01-31,ASIANPAINT,48.75,49.79,48.36,49.26,326040,2.708,47.47,45.1,37.76,69.317,0.9609,0.9332,0.0277,48.87,46.06,5.923,2006,1,1,2006-01,False
2006-02-01,ASIANPAINT,49.71,50.11,48.92,49.75,278780,0.985,47.59,45.29,37.85,71.49,1.0425,0.9551,0.0875,49.32,45.86,7.282,2006,2,1,2006-02,False
2006-02-02,ASIANPAINT,49.71,52.52,49.71,52.13,594350,4.787,47.81,45.51,37.96,79.256,1.2846,1.021,0.2636,50.48,45.14,11.169,2006,2,1,2006-02,False
2006-02-03,ASIANPAINT,52.2,54.12,52.12,53.45,518750,2.538,48.12,45.77,38.07,82.163,1.5651,1.1298,0.4353,51.78,44.46,15.207,2006,2,1,2006-02,False
2006-02-06,ASIANPAINT,53.73,57.81,53.73,56.83,452380,6.331,48.59,46.08,38.2,87.13,2.037,1.3112,0.7258,53.91,43.27,21.891,2006,2,1,2006-02,False
2006-02-07,ASIANPAINT,59.34,64.15,54.93,55.77,657960,-1.869,49.01,46.36,38.33,79.632,2.2987,1.5087,0.79,55.18,42.84,25.178,2006,2,1,2006-02,False
2006-02-08,ASIANPAINT,57.33,57.33,54.53,54.71,150750,-1.898,49.39,46.61,38.45,72.901,2.3932,1.6856,0.7075,55.99,42.79,26.733,2006,2,1,2006-02,False
2006-02-10,ASIANPAINT,54.71,56.29,53.84,54.34,299040,-0.674,49.79,46.84,38.57,70.659,2.4105,1.8306,0.5799,56.59,42.98,27.33,2006,2,1,2006-02,False
2006-02-13,ASIANPAINT,55.87,56.05,53.8,54.14,247310,-0.369,50.15,47.08,38.69,69.41,2.3806,1.9406,0.44,57.08,43.21,27.646,2006,2,1,2006-02,False
2006-02-14,ASIANPAINT,54.91,54.91,53.72,53.76,131760,-0.718,50.48,47.29,38.81,66.938,2.299,2.0123,0.2867,57.43,43.53,27.536,2006,2,1,2006-02,False
2006-02-15,ASIANPAINT,54.16,54.53,53.56,54.1,253540,0.634,50.84,47.49,38.93,68.013,2.236,2.057,0.179,57.76,43.91,27.244,2006,2,1,2006-02,False
2006-02-16,ASIANPAINT,54.53,54.53,53.72,54.06,70030,-0.074,51.23,47.7,39.06,67.734,2.158,2.0772,0.0808,57.93,44.54,26.133,2006,2,1,2006-02,False
2006-02-17,ASIANPAINT,54.12,54.28,53.16,53.36,109900,-1.283,51.55,47.9,39.18,62.924,2.017,2.0652,-0.0482,58.0,45.1,25.036,2006,2,1,2006-02,False
2006-02-20,ASIANPAINT,53.32,53.4,52.36,53.13,62790,-0.428,51.83,48.1,39.3,61.377,1.8653,2.0252,-0.1599,58.02,45.64,23.888,2006,2,1,2006-02,False
2006-02-21,ASIANPAINT,52.92,53.94,52.68,53.46,555960,0.611,52.14,48.31,39.42,62.777,1.7511,1.9704,-0.2193,57.99,46.28,22.469,2006,2,1,2006-02,False
2006-02-22,ASIANPAINT,53.72,53.72,52.68,52.87,116000,-1.095,52.38,48.5,39.53,58.651,1.595,1.8953,-0.3003,57.92,46.83,21.169,2006,2,1,2006-02,False
2006-02-23,ASIANPAINT,53.24,54.93,52.14,53.12,203440,0.463,52.63,48.7,39.65,59.838,1.474,1.811,-0.3371,57.78,47.49,19.552,2006,2,1,2006-02,False
2006-02-24,ASIANPAINT,53.8,53.92,53.0,53.29,81190,0.332,52.9,48.88,39.77,60.715,1.3765,1.7241,-0.3477,57.54,48.27,17.522,2006,2,1,2006-02,False
2006-02-27,ASIANPAINT,53.32,54.04,49.35,53.32,408920,0.045,53.14,49.06,39.89,60.841,1.2863,1.6366,-0.3503,57.31,48.98,15.677,2006,2,1,2006-02,False
2006-02-28,ASIANPAINT,52.76,54.53,52.28,53.69,202630,0.692,53.43,49.27,40.01,62.804,1.2304,1.5553,-0.3249,56.81,50.05,12.651,2006,2,1,2006-02,False
2006-03-01,ASIANPAINT,54.52,56.13,53.1,54.72,774970,1.927,53.7,49.48,40.13,67.694,1.2551,1.4953,-0.2402,56.49,50.91,10.406,2006,3,1,2006-03,False
2006-03-02,ASIANPAINT,54.74,55.73,53.72,54.15,149670,-1.04,53.92,49.68,40.25,62.8,1.2148,1.4392,-0.2244,56.01,51.83,7.739,2006,3,1,2006-03,False
2006-03-03,ASIANPAINT,54.13,55.25,54.12,54.51,287340,0.659,54.04,49.87,40.37,64.531,1.1978,1.3909,-0.1931,55.96,52.12,7.109,2006,3,1,2006-03,False
2006-03-06,ASIANPAINT,54.61,54.61,53.0,53.92,96470,-1.081,54.06,50.05,40.48,59.598,1.1238,1.3375,-0.2137,55.97,52.16,7.036,2006,3,1,2006-03,False
2006-03-07,ASIANPAINT,54.36,54.52,52.56,53.06,99370,-1.599,53.87,50.21,40.6,53.194,0.9843,1.2668,-0.2826,55.31,52.44,5.332,2006,3,1,2006-03,False
2006-03-08,ASIANPAINT,54.11,54.51,52.12,52.26,162860,-1.504,53.7,50.37,40.71,48.048,0.8001,1.1735,-0.3734,55.01,52.39,4.89,2006,3,1,2006-03,False
2006-03-09,ASIANPAINT,52.52,52.52,50.52,51.93,408270,-0.629,53.56,50.52,40.81,46.07,0.6204,1.0629,-0.4424,55.0,52.12,5.39,2006,3,1,2006-03,False
2006-03-10,ASIANPAINT,51.88,53.48,51.88,52.83,357900,1.729,53.48,50.67,40.93,51.896,0.5443,0.9591,-0.4149,54.91,52.05,5.344,2006,3,1,2006-03,False
2006-03-13,ASIANPAINT,53.32,53.32,52.12,52.58,40720,-0.463,53.41,50.82,41.04,50.302,0.4589,0.8591,-0.4002,54.85,51.96,5.42,2006,3,1,2006-03,False
2006-03-14,ASIANPAINT,52.52,52.92,52.2,52.56,23090,-0.046,53.35,50.95,41.15,50.139,0.3848,0.7642,-0.3794,54.83,51.86,5.567,2006,3,1,2006-03,False
2006-03-16,ASIANPAINT,52.92,53.32,52.12,52.99,191070,0.824,53.29,51.08,41.26,53.087,0.3569,0.6828,-0.3258,54.74,51.84,5.438,2006,3,1,2006-03,False
2006-03-17,ASIANPAINT,53.32,53.32,52.3,52.91,141270,-0.166,53.23,51.19,41.37,52.408,0.324,0.611,-0.287,54.65,51.82,5.305,2006,3,1,2006-03,False
2006-03-20,ASIANPAINT,51.8,52.92,51.8,52.84,97480,-0.121,53.21,51.3,41.48,51.887,0.2894,0.5467,-0.2573,54.63,51.79,5.342,2006,3,1,2006-03,False
2006-03-21,ASIANPAINT,53.0,53.56,52.78,53.21,191960,0.698,53.21,51.42,41.59,54.674,0.2884,0.495,-0.2066,54.63,51.79,5.34,2006,3,1,2006-03,False
2006-03-22,ASIANPAINT,53.21,54.36,52.2,53.66,180730,0.851,53.22,51.54,41.71,57.9,0.3205,0.4601,-0.1396,54.65,51.79,5.378,2006,3,1,2006-03,False
2006-03-23,ASIANPAINT,54.16,54.16,52.62,53.28,375650,-0.71,53.24,51.66,41.83,54.395,0.3116,0.4304,-0.1188,54.66,51.82,5.341,2006,3,1,2006-03,False
2006-03-24,ASIANPAINT,52.93,53.8,52.93,53.17,112830,-0.211,53.24,51.78,41.94,53.37,0.2921,0.4028,-0.1107,54.67,51.82,5.338,2006,3,1,2006-03,False
2006-03-27,ASIANPAINT,53.32,54.28,52.92,53.79,359510,1.169,53.27,51.93,42.05,58.081,0.3231,0.3868,-0.0637,54.71,51.83,5.414,2006,3,1,2006-03,False
2006-03-28,ASIANPAINT,50.69,53.57,50.52,51.15,459000,-4.912,53.16,52.01,42.15,39.711,0.1329,0.336,-0.2031,54.89,51.44,6.49,2006,3,1,2006-03,False
2006-03-29,ASIANPAINT,52.91,53.56,51.71,53.32,240930,4.241,53.14,52.14,42.27,52.885,0.1554,0.2999,-0.1445,54.85,51.43,6.432,2006,3,1,2006-03,False
2006-03-30,ASIANPAINT,54.12,54.12,52.53,52.98,76720,-0.639,53.06,52.26,42.38,51.0,0.1441,0.2687,-0.1246,54.59,51.52,5.803,2006,3,1,2006-03,False
2006-03-31,ASIANPAINT,53.32,53.32,51.73,51.8,121500,-2.217,52.94,52.37,42.48,45.038,0.0399,0.223,-0.1831,54.48,51.39,5.839,2006,3,1,2006-03,False
2006-04-03,ASIANPAINT,53.24,53.24,51.48,51.69,296320,-0.224,52.8,52.46,42.59,44.484,-0.0515,0.1681,-0.2196,54.25,51.34,5.509,2006,4,2,2006-04,False
2006-04-04,ASIANPAINT,52.12,52.12,50.92,51.09,804850,-1.148,52.66,52.54,42.69,41.666,-0.1698,0.1005,-0.2703,54.2,51.11,5.855,2006,4,2,2006-04,False
2006-04-05,ASIANPAINT,51.88,52.12,50.84,51.43,511370,0.659,52.57,52.62,42.79,43.841,-0.2338,0.0336,-0.2674,54.2,50.95,6.17,2006,4,2,2006-04,False
2006-04-07,ASIANPAINT,52.12,53.33,51.69,51.86,1206830,0.842,52.55,52.69,42.9,46.597,-0.2466,-0.0224,-0.2242,54.2,50.91,6.27,2006,4,2,2006-04,False
2006-04-10,ASIANPAINT,52.6,52.92,51.47,51.79,149350,-0.147,52.55,52.77,43.0,46.168,-0.26,-0.0699,-0.1901,54.21,50.89,6.319,2006,4,2,2006-04,False
2006-04-12,ASIANPAINT,52.52,52.91,50.68,50.79,141240,-1.92,52.45,52.83,43.11,40.874,-0.3468,-0.1253,-0.2215,54.27,50.62,6.974,2006,4,2,2006-04,False
2006-04-13,ASIANPAINT,50.28,51.32,49.71,50.13,190030,-1.31,52.32,52.86,43.2,37.754,-0.464,-0.193,-0.2709,54.42,50.22,8.025,2006,4,2,2006-04,False
2006-04-17,ASIANPAINT,49.92,51.24,48.99,49.25,447600,-1.752,52.16,52.88,43.28,34.06,-0.6205,-0.2785,-0.342,54.66,49.65,9.601,2006,4,2,2006-04,False
2006-04-18,ASIANPAINT,49.91,50.03,49.23,49.43,308280,0.374,51.98,52.89,43.37,35.488,-0.7214,-0.3671,-0.3543,54.73,49.23,10.572,2006,4,2,2006-04,False
2006-04-19,ASIANPAINT,50.03,50.92,49.4,50.39,78140,1.938,51.85,52.9,43.46,42.459,-0.7157,-0.4368,-0.2789,54.65,49.05,10.794,2006,4,2,2006-04,False
2006-04-20,ASIANPAINT,50.52,51.0,49.4,49.85,59950,-1.082,51.7,52.85,43.55,39.822,-0.7466,-0.4988,-0.2479,54.6,48.81,11.198,2006,4,2,2006-04,False
2006-04-21,ASIANPAINT,49.47,50.52,48.92,50.12,551030,0.555,51.55,52.79,43.64,41.797,-0.7403,-0.5471,-0.1932,54.43,48.66,11.196,2006,4,2,2006-04,False
2006-04-24,ASIANPAINT,50.11,50.92,49.71,50.04,179840,-0.168,51.37,52.65,43.73,41.352,-0.7336,-0.5844,-0.1492,54.15,48.59,10.823,2006,4,2,2006-04,False
2006-04-25,ASIANPAINT,50.43,51.2,49.89,50.55,236840,1.018,51.23,52.55,43.82,45.154,-0.6794,-0.6034,-0.076,53.88,48.58,10.343,2006,4,2,2006-04,False
2006-04-26,ASIANPAINT,50.91,51.08,48.92,49.81,144940,-1.451,51.06,52.45,43.91,41.027,-0.6877,-0.6203,-0.0674,53.62,48.51,10.01,2006,4,2,2006-04,False
2006-04-27,ASIANPAINT,50.5,50.75,49.39,49.8,79780,-0.032,50.86,52.36,43.99,40.939,-0.6876,-0.6337,-0.0539,53.13,48.6,8.909,2006,4,2,2006-04,False
2006-04-28,ASIANPAINT,48.1,51.32,48.1,51.01,123830,2.423,50.86,52.3,44.08,49.692,-0.5835,-0.6237,0.0402,53.12,48.59,8.899,2006,4,2,2006-04,False
2006-05-02,ASIANPAINT,52.04,52.12,50.96,51.22,195890,0.417,50.75,52.25,44.16,51.067,-0.4783,-0.5946,0.1163,52.71,48.8,7.707,2006,5,2,2006-05,False
2006-05-03,ASIANPAINT,51.32,51.32,50.76,51.1,255720,-0.227,50.66,52.19,44.25,50.257,-0.3997,-0.5556,0.1559,52.32,48.99,6.571,2006,5,2,2006-05,False
2006-05-04,ASIANPAINT,51.4,51.96,51.12,51.88,349510,1.514,50.66,52.14,44.34,55.332,-0.2719,-0.4989,0.227,52.34,48.99,6.613,2006,5,2,2006-05,False
2006-05-05,ASIANPAINT,52.12,52.19,51.09,52.11,195150,0.456,50.68,52.12,44.43,56.784,-0.1497,-0.429,0.2793,52.42,48.94,6.864,2006,5,2,2006-05,False
2006-05-08,ASIANPAINT,52.2,52.75,52.12,52.15,78980,0.077,50.74,52.1,44.52,57.038,-0.0491,-0.3531,0.3039,52.59,48.88,7.304,2006,5,2,2006-05,False
2006-05-09,ASIANPAINT,52.83,53.32,52.04,52.68,148080,1.007,50.8,52.08,44.62,60.338,0.0722,-0.268,0.3402,52.82,48.77,7.98,2006,5,2,2006-05,False
2006-05-10,ASIANPAINT,53.32,55.61,51.56,53.19,1140340,0.967,50.86,52.09,44.72,63.282,0.207,-0.173,0.38,53.11,48.62,8.838,2006,5,2,2006-05,False
2006-05-11,ASIANPAINT,53.12,53.12,50.6,51.03,289670,-4.048,50.83,52.05,44.81,47.296,0.1385,-0.1107,0.2492,53.03,48.62,8.686,2006,5,2,2006-05,False
2006-05-12,ASIANPAINT,52.84,52.84,50.6,51.3,4098050,0.518,50.85,52.01,44.89,49.001,0.1044,-0.0677,0.1721,53.07,48.63,8.721,2006,5,2,2006-05,False
2006-05-15,ASIANPAINT,49.74,51.95,49.23,50.03,75300,-2.477,50.85,51.94,44.96,41.976,-0.0249,-0.0592,0.0342,53.07,48.62,8.751,2006,5,2,2006-05,False
2006-05-16,ASIANPAINT,49.39,51.31,47.71,49.01,124910,-2.036,50.83,51.85,45.03,37.355,-0.2072,-0.0888,-0.1184,53.1,48.57,8.905,2006,5,2,2006-05,False
2006-05-17,ASIANPAINT,50.05,50.44,49.55,50.07,46560,2.16,50.87,51.75,45.1,44.228,-0.2632,-0.1237,-0.1396,53.06,48.67,8.64,2006,5,2,2006-05,False
2006-05-18,ASIANPAINT,50.52,50.52,46.61,48.72,178200,-2.683,50.78,51.65,45.16,38.462,-0.4112,-0.1812,-0.2301,53.17,48.39,9.418,2006,5,2,2006-05,False
2006-05-19,ASIANPAINT,50.03,50.03,44.91,46.03,184010,-5.529,50.59,51.48,45.21,30.01,-0.7374,-0.2924,-0.445,53.78,47.41,12.586,2006,5,2,2006-05,False
2006-05-22,ASIANPAINT,52.12,52.12,42.51,43.92,173040,-4.581,50.28,51.28,45.25,25.32,-1.1528,-0.4645,-0.6883,54.65,45.92,17.363,2006,5,2,2006-05,False
2006-05-23,ASIANPAINT,44.11,44.11,40.89,43.68,107850,-0.539,49.96,51.09,45.29,24.851,-1.484,-0.6684,-0.8156,55.23,44.69,21.098,2006,5,2,2006-05,False
2006-05-24,ASIANPAINT,50.9,50.9,42.61,43.92,208030,0.542,49.63,50.92,45.32,26.321,-1.7077,-0.8763,-0.8314,55.54,43.72,23.817,2006,5,2,2006-05,False
2006-05-25,ASIANPAINT,44.9,44.9,43.32,43.8,37340,-0.265,49.33,50.76,45.36,26.051,-1.8728,-1.0756,-0.7972,55.79,42.87,26.179,2006,5,2,2006-05,False
2006-05-26,ASIANPAINT,44.1,45.3,43.54,44.2,94540,0.897,49.05,50.59,45.4,28.71,-1.9494,-1.2503,-0.6991,55.9,42.21,27.914,2006,5,2,2006-05,False
2006-05-29,ASIANPAINT,45.1,48.11,44.19,45.87,85260,3.783,48.8,50.45,45.45,38.796,-1.8539,-1.371,-0.4828,55.72,41.87,28.374,2006,5,2,2006-05,False
2006-05-30,ASIANPAINT,47.3,47.3,45.7,45.74,85430,-0.288,48.52,50.32,45.49,38.333,-1.7685,-1.4505,-0.3179,55.47,41.57,28.659,2006,5,2,2006-05,False
2006-05-31,ASIANPAINT,45.54,46.11,42.66,45.75,140260,0.035,48.25,50.17,45.53,38.429,-1.6801,-1.4964,-0.1837,55.2,41.31,28.791,2006,5,2,2006-05,False
2006-06-01,ASIANPAINT,45.87,46.66,45.46,45.75,63160,-0.009,47.95,50.03,45.58,38.413,-1.5921,-1.5156,-0.0765,54.76,41.13,28.418,2006,6,2,2006-06,False
2006-06-02,ASIANPAINT,44.31,48.43,44.31,47.48,652460,3.786,47.72,49.92,45.63,48.437,-1.3668,-1.4858,0.119,54.24,41.19,27.353,2006,6,2,2006-06,False
2006-06-05,ASIANPAINT,47.31,47.31,46.15,46.51,392540,-2.052,47.43,49.79,45.68,44.09,-1.2524,-1.4391,0.1867,53.63,41.24,26.134,2006,6,2,2006-06,False
2006-06-06,ASIANPAINT,45.7,46.59,45.7,46.51,367410,0.0,47.13,49.64,45.73,44.09,-1.1485,-1.381,0.2325,52.82,41.43,24.16,2006,6,2,2006-06,False
2006-06-07,ASIANPAINT,43.44,46.99,43.44,46.51,407150,0.0,46.79,49.51,45.78,44.09,-1.054,-1.3156,0.2616,51.72,41.86,21.064,2006,6,2,2006-06,False
2006-06-08,ASIANPAINT,44.58,45.14,40.89,41.24,150970,-11.328,46.3,49.27,45.8,27.451,-1.3883,-1.3301,-0.0581,51.4,41.2,22.016,2006,6,2,2006-06,False
2006-06-09,ASIANPAINT,41.37,44.98,40.09,44.65,127080,8.264,45.97,49.09,45.84,42.554,-1.3624,-1.3366,-0.0258,50.53,41.4,19.859,2006,6,2,2006-06,False
2006-06-12,ASIANPAINT,43.3,46.51,41.29,45.99,124080,3.017,45.77,48.98,45.89,47.23,-1.2192,-1.3131,0.0939,49.91,41.62,18.121,2006,6,2,2006-06,False
2006-06-13,ASIANPAINT,42.9,44.26,42.9,43.78,287360,-4.803,45.51,48.79,45.92,41.294,-1.2693,-1.3044,0.035,49.45,41.57,17.317,2006,6,2,2006-06,False
2006-06-14,ASIANPAINT,45.62,45.62,42.58,43.28,781860,-1.154,45.17,48.6,45.95,40.054,-1.3344,-1.3104,-0.0241,48.59,41.75,15.149,2006,6,2,2006-06,False
2006-06-15,ASIANPAINT,44.11,45.17,44.11,44.4,162050,2.586,44.95,48.45,45.99,44.061,-1.281,-1.3045,0.0235,47.95,41.96,13.324,2006,6,2,2006-06,False
2006-06-16,ASIANPAINT,45.33,46.39,44.76,45.92,80510,3.419,44.94,48.33,46.03,49.037,-1.1034,-1.2643,0.1609,47.93,41.96,13.289,2006,6,2,2006-06,False
2006-06-19,ASIANPAINT,42.85,46.8,42.85,46.0,43820,0.186,45.05,48.23,46.07,49.31,-0.9449,-1.2004,0.2555,48.03,42.07,13.236,2006,6,2,2006-06,False
2006-06-20,ASIANPAINT,45.25,46.8,45.25,46.51,38150,1.115,45.19,48.13,46.12,51.008,-0.769,-1.1141,0.3451,48.17,42.21,13.176,2006,6,2,2006-06,False
2006-06-21,ASIANPAINT,51.84,51.84,44.76,45.2,1006330,-2.826,45.25,48.0,46.16,46.69,-0.7273,-1.0367,0.3095,48.17,42.34,12.891,2006,6,2,2006-06,False
2006-06-22,ASIANPAINT,45.25,46.8,43.46,45.35,389800,0.333,45.33,47.87,46.2,47.241,-0.6743,-0.9643,0.2899,48.17,42.5,12.511,2006,6,2,2006-06,False
2006-06-23,ASIANPAINT,45.17,46.8,45.17,46.64,34030,2.845,45.45,47.79,46.24,51.834,-0.5222,-0.8759,0.3536,48.29,42.61,12.499,2006,6,2,2006-06,False
2006-06-26,ASIANPAINT,46.71,46.96,45.9,46.67,122250,0.061,45.49,47.72,46.28,51.934,-0.3948,-0.7797,0.3848,48.38,42.61,12.693,2006,6,2,2006-06,False
2006-06-27,ASIANPAINT,46.56,48.02,45.67,47.25,4494040,1.238,45.57,47.68,46.32,54.01,-0.2444,-0.6726,0.4282,48.56,42.58,13.128,2006,6,2,2006-06,False
2006-06-28,ASIANPAINT,47.21,48.02,45.35,47.2,73690,-0.095,45.64,47.64,46.37,53.816,-0.1274,-0.5636,0.4362,48.72,42.56,13.492,2006,6,2,2006-06,False
2006-06-29,ASIANPAINT,47.25,47.61,46.64,46.81,35300,-0.828,45.69,47.56,46.41,52.059,-0.0654,-0.4639,0.3985,48.82,42.57,13.669,2006,6,2,2006-06,False
2006-06-30,ASIANPAINT,47.85,48.82,47.21,48.19,1019280,2.938,45.73,47.53,46.46,57.339,0.0936,-0.3524,0.4461,48.95,42.51,14.094,2006,6,2,2006-06,False
2006-07-03,ASIANPAINT,48.19,48.19,46.84,47.16,66900,-2.128,45.76,47.47,46.5,52.681,0.1354,-0.2549,0.3902,49.03,42.49,14.285,2006,7,3,2006-07,False
2006-07-04,ASIANPAINT,47.61,47.61,46.8,46.9,329490,-0.552,45.78,47.41,46.54,51.536,0.1457,-0.1747,0.3205,49.07,42.49,14.382,2006,7,3,2006-07,False
2006-07-05,ASIANPAINT,46.11,47.36,46.11,46.99,130710,0.182,45.81,47.34,46.58,51.905,0.159,-0.108,0.267,49.13,42.49,14.502,2006,7,3,2006-07,False
2006-07-06,ASIANPAINT,45.59,47.45,45.59,47.28,245670,0.615,46.11,47.29,46.62,53.204,0.1907,-0.0483,0.2389,48.7,43.52,11.235,2006,7,3,2006-07,False
2006-07-07,ASIANPAINT,47.69,48.83,46.23,47.54,648100,0.56,46.25,47.24,46.66,54.417,0.2344,0.0083,0.2261,48.82,43.68,11.111,2006,7,3,2006-07,False
2006-07-10,ASIANPAINT,47.37,47.61,46.39,46.8,56010,-1.558,46.29,47.16,46.69,50.471,0.2069,0.048,0.1589,48.87,43.72,11.136,2006,7,3,2006-07,False
2006-07-11,ASIANPAINT,47.21,47.21,46.49,46.55,30870,-0.539,46.43,47.06,46.72,49.163,0.1629,0.071,0.0919,48.72,44.14,9.872,2006,7,3,2006-07,False
2006-07-12,ASIANPAINT,46.39,47.21,46.07,46.4,300420,-0.323,46.59,46.97,46.76,48.357,0.1145,0.0797,0.0348,48.34,44.84,7.508,2006,7,3,2006-07,False
2006-07-13,ASIANPAINT,46.39,47.61,46.31,47.2,265570,1.737,46.73,46.88,46.79,52.813,0.1396,0.0917,0.0479,48.16,45.3,6.123,2006,7,3,2006-07,False
2006-07-14,ASIANPAINT,47.11,47.2,45.99,46.59,238790,-1.293,46.76,46.77,46.83,49.34,0.1089,0.0951,0.0138,48.14,45.38,5.907,2006,7,3,2006-07,False
2006-07-17,ASIANPAINT,45.58,46.8,44.06,46.41,157290,-0.393,46.78,46.65,46.87,48.313,0.0691,0.0899,-0.0208,48.13,45.44,5.752,2006,7,3,2006-07,False
2006-07-18,ASIANPAINT,46.31,49.0,45.79,46.8,2119520,0.842,46.8,46.53,46.91,50.671,0.0683,0.0856,-0.0173,48.14,45.46,5.725,2006,7,3,2006-07,False
2006-07-19,ASIANPAINT,46.32,48.26,46.32,47.06,111020,0.565,46.89,46.41,46.95,52.259,0.0879,0.086,0.0019,48.0,45.78,4.743,2006,7,3,2006-07,False
2006-07-20,ASIANPAINT,47.21,48.02,46.8,47.47,99320,0.865,47.0,46.34,46.98,54.676,0.1348,0.0958,0.039,47.87,46.12,3.716,2006,7,3,2006-07,False
2006-07-21,ASIANPAINT,48.02,48.02,47.29,47.51,139940,0.077,47.04,46.26,47.02,54.897,0.1729,0.1112,0.0617,47.92,46.15,3.763,2006,7,3,2006-07,False
2006-07-24,ASIANPAINT,46.5,47.37,46.39,46.6,96210,-1.919,47.03,46.2,47.05,48.543,0.128,0.1146,0.0135,47.93,46.14,3.793,2006,7,3,2006-07,False
2006-07-25,ASIANPAINT,46.4,47.41,46.4,47.2,88410,1.293,47.03,46.16,47.09,52.459,0.1395,0.1196,0.0199,47.92,46.14,3.784,2006,7,3,2006-07,False
2006-07-26,ASIANPAINT,47.21,47.61,47.13,47.47,284510,0.569,47.05,46.11,47.12,54.135,0.1683,0.1293,0.039,47.95,46.14,3.861,2006,7,3,2006-07,False
2006-07-27,ASIANPAINT,47.53,48.43,46.97,47.98,468610,1.08,47.1,46.09,47.16,57.234,0.2299,0.1494,0.0805,48.1,46.11,4.209,2006,7,3,2006-07,False
2006-07-28,ASIANPAINT,48.02,48.83,47.21,47.63,184130,-0.738,47.08,46.12,47.19,54.496,0.2472,0.169,0.0783,47.96,46.19,3.775,2006,7,3,2006-07,False
2006-07-31,ASIANPAINT,48.59,50.04,47.78,49.67,344540,4.29,47.2,46.24,47.23,64.924,0.421,0.2194,0.2016,48.66,45.74,6.194,2006,7,3,2006-07,False
2006-08-01,ASIANPAINT,48.43,49.49,48.43,49.23,1056690,-0.885,47.32,46.35,47.27,61.651,0.5173,0.279,0.2383,49.03,45.61,7.23,2006,8,3,2006-08,False
2006-08-02,ASIANPAINT,49.73,49.73,48.43,49.58,48890,0.711,47.45,46.46,47.32,63.24,0.6147,0.3461,0.2686,49.42,45.47,8.334,2006,8,3,2006-08,False
2006-08-03,ASIANPAINT,49.72,50.87,49.24,50.25,683850,1.354,47.6,46.59,47.37,66.14,0.7376,0.4244,0.3132,49.93,45.26,9.822,2006,8,3,2006-08,False
2006-08-04,ASIANPAINT,50.78,50.78,49.73,50.25,310010,0.0,47.73,46.71,47.43,66.14,0.8255,0.5046,0.3209,50.35,45.11,10.982,2006,8,3,2006-08,False
2006-08-07,ASIANPAINT,50.87,51.28,50.22,50.52,127470,0.534,47.92,46.81,47.48,67.335,0.9064,0.585,0.3214,50.78,45.06,11.935,2006,8,3,2006-08,False
2006-08-08,ASIANPAINT,50.87,51.44,50.52,51.34,306180,1.619,48.16,46.92,47.53,70.725,1.0247,0.6729,0.3518,51.32,44.99,13.134,2006,8,3,2006-08,False
2006-08-09,ASIANPAINT,50.26,51.44,50.26,51.21,65540,-0.246,48.4,47.03,47.59,69.526,1.0956,0.7575,0.3382,51.72,45.07,13.748,2006,8,3,2006-08,False
2006-08-10,ASIANPAINT,49.81,51.96,49.81,51.79,154750,1.128,48.63,47.15,47.65,71.877,1.1848,0.843,0.3419,52.23,45.03,14.81,2006,8,3,2006-08,False
2006-08-11,ASIANPAINT,51.68,53.39,51.28,52.95,379060,2.247,48.95,47.26,47.72,75.907,1.334,0.9412,0.3929,52.9,44.99,16.143,2006,8,3,2006-08,False
2006-08-14,ASIANPAINT,51.37,53.07,51.37,52.9,91390,-0.1,49.27,47.39,47.78,75.379,1.4315,1.0392,0.3923,53.41,45.13,16.787,2006,8,3,2006-08,False
2006-08-16,ASIANPAINT,52.5,53.23,52.5,52.9,122540,-0.008,49.57,47.51,47.85,75.335,1.4913,1.1296,0.3616,53.84,45.31,17.208,2006,8,3,2006-08,False
2006-08-17,ASIANPAINT,53.72,53.72,51.85,52.9,107700,0.0,49.87,47.64,47.91,75.335,1.5211,1.2079,0.3131,54.21,45.53,17.405,2006,8,3,2006-08,False
2006-08-18,ASIANPAINT,52.11,53.23,52.11,52.43,324890,-0.885,50.11,47.87,47.98,69.954,1.4898,1.2643,0.2255,54.44,45.78,17.279,2006,8,3,2006-08,False
2006-08-21,ASIANPAINT,52.5,52.5,49.65,51.48,279390,-1.816,50.31,48.0,48.04,60.486,1.3723,1.2859,0.0864,54.5,46.12,16.649,2006,8,3,2006-08,False
2006-08-22,ASIANPAINT,52.33,52.34,50.38,50.71,392890,-1.494,50.52,48.1,48.1,54.115,1.2033,1.2694,-0.0661,54.32,46.71,15.069,2006,8,3,2006-08,False
2006-08-23,ASIANPAINT,50.87,50.87,50.06,50.43,272750,-0.538,50.68,48.23,48.16,52.023,1.0354,1.2226,-0.1872,54.15,47.21,13.704,2006,8,3,2006-08,False
2006-08-24,ASIANPAINT,49.32,51.1,49.29,50.11,56810,-0.646,50.81,48.37,48.21,49.559,0.8661,1.1513,-0.2852,53.96,47.67,12.373,2006,8,3,2006-08,False
2006-08-25,ASIANPAINT,50.22,51.93,49.81,51.09,203620,1.957,50.97,48.5,48.27,56.276,0.8018,1.0814,-0.2796,53.81,48.12,11.174,2006,8,3,2006-08,False
2006-08-28,ASIANPAINT,51.04,51.68,50.46,51.51,65300,0.828,51.16,48.61,48.33,58.825,0.776,1.0203,-0.2443,53.54,48.78,9.301,2006,8,3,2006-08,False
2006-08-29,ASIANPAINT,52.5,52.5,51.18,51.61,1979620,0.19,51.26,48.72,48.38,59.413,0.7548,0.9672,-0.2124,53.54,48.98,8.892,2006,8,3,2006-08,False
2006-08-30,ASIANPAINT,52.5,52.5,50.87,51.54,76040,-0.134,51.37,48.82,48.43,58.772,0.7241,0.9186,-0.1945,53.44,49.3,8.061,2006,8,3,2006-08,False
2006-08-31,ASIANPAINT,51.6,51.93,51.19,51.76,91790,0.418,51.48,48.96,48.49,60.212,0.7089,0.8767,-0.1677,53.38,49.59,7.361,2006,8,3,2006-08,False
2006-09-01,ASIANPAINT,51.69,52.47,51.44,51.93,126950,0.33,51.57,49.09,48.55,61.363,0.7026,0.8418,-0.1392,53.38,49.76,7.026,2006,9,3,2006-09,False
2006-09-04,ASIANPAINT,52.42,53.31,51.68,52.33,1577400,0.776,51.67,49.2,48.61,64.006,0.7218,0.8178,-0.096,53.4,49.94,6.698,2006,9,3,2006-09,False
2006-09-05,ASIANPAINT,53.31,53.31,51.44,51.9,86700,-0.817,51.74,49.31,48.66,59.367,0.6946,0.7932,-0.0986,53.38,50.09,6.359,2006,9,3,2006-09,False
2006-09-06,ASIANPAINT,51.93,52.5,51.68,52.44,95160,1.035,51.79,49.41,48.72,62.998,0.7081,0.7762,-0.0681,53.46,50.13,6.418,2006,9,3,2006-09,False
2006-09-07,ASIANPAINT,52.09,53.31,52.09,53.18,240220,1.405,51.89,49.53,48.79,67.311,0.7694,0.7748,-0.0054,53.64,50.15,6.733,2006,9,3,2006-09,False
2006-09-08,ASIANPAINT,53.64,53.71,52.74,53.27,116100,0.184,51.97,49.66,48.85,67.846,0.8165,0.7832,0.0333,53.82,50.12,7.125,2006,9,3,2006-09,False
2006-09-11,ASIANPAINT,52.99,53.88,52.52,53.2,92590,-0.138,51.98,49.76,48.91,66.961,0.8382,0.7942,0.0441,53.86,50.1,7.242,2006,9,3,2006-09,False
2006-09-12,ASIANPAINT,53.07,53.72,52.83,53.44,57480,0.459,52.01,49.88,48.98,68.439,0.8652,0.8084,0.0568,53.96,50.05,7.51,2006,9,3,2006-09,False
2006-09-13,ASIANPAINT,53.23,53.8,53.11,53.68,92860,0.434,52.05,50.02,49.04,69.821,0.8949,0.8257,0.0692,54.1,49.99,7.901,2006,9,3,2006-09,False
2006-09-14,ASIANPAINT,53.96,54.27,53.11,54.17,110770,0.925,52.11,50.16,49.1,72.587,0.9477,0.8501,0.0976,54.35,49.87,8.592,2006,9,3,2006-09,False
2006-09-15,ASIANPAINT,53.15,54.45,53.15,54.23,125280,0.113,52.2,50.3,49.16,72.916,0.983,0.8767,0.1064,54.63,49.77,9.311,2006,9,3,2006-09,False
2006-09-18,ASIANPAINT,54.29,54.52,53.72,54.08,320700,-0.285,52.33,50.43,49.22,70.606,0.9872,0.8988,0.0884,54.87,49.79,9.719,2006,9,3,2006-09,False
2006-09-19,ASIANPAINT,54.21,54.21,53.73,53.82,62810,-0.489,52.49,50.57,49.28,66.713,0.9581,0.9106,0.0475,54.99,49.98,9.545,2006,9,3,2006-09,False
2006-09-20,ASIANPAINT,53.88,54.5,53.74,54.27,45410,0.847,52.68,50.73,49.33,69.803,0.9608,0.9207,0.0401,55.11,50.25,9.224,2006,9,3,2006-09,False
2006-09-21,ASIANPAINT,54.12,54.4,54.04,54.16,369060,-0.21,52.88,50.88,49.38,68.101,0.9428,0.9251,0.0177,55.07,50.69,8.286,2006,9,3,2006-09,False
2006-09-22,ASIANPAINT,53.88,54.45,53.72,54.08,166120,-0.143,53.03,51.02,49.43,66.909,0.9118,0.9225,-0.0106,55.11,50.95,7.85,2006,9,3,2006-09,False
2006-09-25,ASIANPAINT,53.73,54.21,53.73,53.82,55020,-0.489,53.15,51.16,49.49,62.855,0.8561,0.9092,-0.0531,55.13,51.16,7.452,2006,9,3,2006-09,False
2006-09-26,ASIANPAINT,52.3,54.26,52.3,54.14,66010,0.613,53.27,51.32,49.54,65.648,0.8289,0.8931,-0.0642,55.16,51.38,7.091,2006,9,3,2006-09,False
2006-09-27,ASIANPAINT,55.83,55.83,54.12,54.29,277860,0.263,53.41,51.47,49.6,66.809,0.8096,0.8764,-0.0668,55.16,51.66,6.566,2006,9,3,2006-09,False
2006-09-28,ASIANPAINT,54.53,54.94,54.14,54.27,72810,-0.037,53.53,51.61,49.65,66.464,0.7836,0.8578,-0.0743,55.14,51.93,6.009,2006,9,3,2006-09,False
2006-09-29,ASIANPAINT,54.13,55.75,54.13,55.03,147100,1.402,53.69,51.76,49.71,72.247,0.815,0.8493,-0.0343,55.24,52.14,5.784,2006,9,3,2006-09,False
2006-10-03,ASIANPAINT,55.35,55.92,54.53,54.8,86550,-0.407,53.81,51.91,49.77,68.505,0.8124,0.8419,-0.0295,55.3,52.32,5.536,2006,10,4,2006-10,False
2006-10-04,ASIANPAINT,54.95,55.74,54.53,54.91,4746600,0.2,53.96,52.08,49.82,69.345,0.8099,0.8355,-0.0256,55.23,52.7,4.701,2006,10,4,2006-10,False
2006-10-05,ASIANPAINT,56.16,59.82,55.26,55.42,99530,0.926,54.11,52.24,49.88,72.941,0.8393,0.8363,0.0031,55.33,52.9,4.487,2006,10,4,2006-10,False
2006-10-06,ASIANPAINT,55.83,55.87,54.78,54.95,146540,-0.859,54.2,52.39,49.93,65.228,0.8148,0.832,-0.0172,55.39,53.02,4.37,2006,10,4,2006-10,False
2006-10-09,ASIANPAINT,54.94,56.97,54.61,54.79,111100,-0.281,54.28,52.53,49.99,62.902,0.774,0.8204,-0.0464,55.4,53.15,4.153,2006,10,4,2006-10,False
2006-10-10,ASIANPAINT,55.13,56.16,54.74,55.04,83540,0.446,54.37,52.68,50.04,65.023,0.7527,0.8068,-0.0542,55.42,53.32,3.878,2006,10,4,2006-10,False
2006-10-11,ASIANPAINT,55.35,55.83,54.37,54.86,86860,-0.325,54.44,52.78,50.09,62.214,0.7131,0.7881,-0.075,55.42,53.46,3.601,2006,10,4,2006-10,False
2006-10-12,ASIANPAINT,54.86,54.86,53.64,54.1,89170,-1.38,54.46,52.88,50.13,51.989,0.6136,0.7532,-0.1396,55.39,53.53,3.407,2006,10,4,2006-10,False
2006-10-13,ASIANPAINT,56.0,56.08,53.55,54.06,104660,-0.068,54.46,52.97,50.18,51.547,0.5257,0.7077,-0.182,55.39,53.52,3.438,2006,10,4,2006-10,False
2006-10-16,ASIANPAINT,56.16,56.16,53.31,53.89,207310,-0.324,54.44,53.04,50.23,49.389,0.4369,0.6535,-0.2166,55.4,53.47,3.548,2006,10,4,2006-10,False
2006-10-17,ASIANPAINT,53.72,53.72,53.27,53.58,349370,-0.566,54.41,53.11,50.27,45.788,0.338,0.5904,-0.2524,55.44,53.39,3.778,2006,10,4,2006-10,False
2006-10-18,ASIANPAINT,53.8,54.12,53.15,53.33,817300,-0.478,54.39,53.16,50.31,42.955,0.2362,0.5196,-0.2834,55.5,53.28,4.074,2006,10,4,2006-10,False
2006-10-19,ASIANPAINT,53.32,53.71,46.01,52.89,200950,-0.817,54.32,53.19,50.34,38.589,0.119,0.4395,-0.3204,55.62,53.03,4.768,2006,10,4,2006-10,False
2006-10-20,ASIANPAINT,54.44,54.44,52.92,53.54,100060,1.231,54.29,53.24,50.38,47.228,0.0778,0.3671,-0.2893,55.63,52.95,4.935,2006,10,4,2006-10,False
2006-10-23,ASIANPAINT,53.73,54.35,53.39,53.87,101270,0.608,54.28,53.28,50.41,50.944,0.0706,0.3078,-0.2372,55.63,52.93,4.974,2006,10,4,2006-10,False
2006-10-26,ASIANPAINT,54.28,54.37,53.72,54.15,40910,0.529,54.3,53.31,50.45,53.996,0.0869,0.2636,-0.1768,55.63,52.96,4.913,2006,10,4,2006-10,False
2006-10-27,ASIANPAINT,54.12,54.92,53.96,54.75,142620,1.097,54.33,53.34,50.48,59.637,0.146,0.2401,-0.0941,55.67,52.98,4.957,2006,10,4,2006-10,False
2006-10-30,ASIANPAINT,54.53,65.11,54.04,54.31,177230,-0.803,54.33,53.37,50.52,54.33,0.1556,0.2232,-0.0676,55.67,52.98,4.957,2006,10,4,2006-10,False
2006-10-31,ASIANPAINT,54.53,55.35,54.04,54.43,214670,0.225,54.34,53.4,50.55,55.514,0.1711,0.2128,-0.0417,55.68,52.99,4.958,2006,10,4,2006-10,False
2006-11-01,ASIANPAINT,55.11,56.73,54.74,56.52,328130,3.836,54.41,53.48,50.6,69.892,0.3479,0.2398,0.1081,56.05,52.77,6.032,2006,11,4,2006-11,False
2006-11-02,ASIANPAINT,56.65,56.65,55.75,56.3,155790,-0.389,54.48,53.58,50.65,67.422,0.4648,0.2848,0.18,56.32,52.64,6.755,2006,11,4,2006-11,False
2006-11-03,ASIANPAINT,56.61,57.18,55.96,56.79,113770,0.867,54.58,53.7,50.7,69.961,0.5901,0.3459,0.2443,56.68,52.47,7.709,2006,11,4,2006-11,False
2006-11-06,ASIANPAINT,56.86,57.58,56.29,57.42,786950,1.12,54.68,53.84,50.75,72.922,0.7323,0.4232,0.3091,57.11,52.24,8.912,2006,11,4,2006-11,False
2006-11-07,ASIANPAINT,58.08,60.22,57.43,57.45,135920,0.057,54.8,53.99,50.8,73.07,0.8379,0.5061,0.3318,57.54,52.07,9.98,2006,11,4,2006-11,False
2006-11-08,ASIANPAINT,58.17,58.55,56.69,57.57,150370,0.193,54.94,54.12,50.86,73.593,0.92,0.5889,0.3311,57.94,51.94,10.922,2006,11,4,2006-11,False
2006-11-09,ASIANPAINT,58.25,58.25,57.06,57.15,47110,-0.727,55.05,54.23,50.91,68.204,0.9404,0.6592,0.2812,58.21,51.89,11.476,2006,11,4,2006-11,False
2006-11-10,ASIANPAINT,57.43,57.84,56.27,57.48,131660,0.589,55.18,54.35,50.96,70.1,0.9726,0.7219,0.2507,58.52,51.84,12.101,2006,11,4,2006-11,False
2006-11-13,ASIANPAINT,57.84,58.09,56.76,57.46,35010,-0.036,55.35,54.47,51.01,69.826,0.985,0.7745,0.2105,58.79,51.9,12.455,2006,11,4,2006-11,False
2006-11-14,ASIANPAINT,56.73,58.98,56.73,58.4,223740,1.635,55.56,54.6,51.06,74.694,1.0585,0.8313,0.2272,59.21,51.92,13.127,2006,11,4,2006-11,False
2006-11-15,ASIANPAINT,58.25,59.02,57.51,58.81,146030,0.702,55.81,54.74,51.12,76.478,1.1367,0.8924,0.2443,59.64,51.98,13.729,2006,11,4,2006-11,False
2006-11-16,ASIANPAINT,58.66,59.15,57.84,58.66,256610,-0.265,56.06,54.86,51.17,74.333,1.1726,0.9484,0.2242,59.95,52.18,13.848,2006,11,4,2006-11,False
2006-11-17,ASIANPAINT,58.82,59.15,57.19,57.74,210860,-1.567,56.28,54.98,51.22,63.099,1.114,0.9815,0.1325,60.01,52.56,13.237,2006,11,4,2006-11,False
2006-11-20,ASIANPAINT,54.97,57.51,54.97,55.92,121090,-3.147,56.44,55.05,51.26,47.734,0.9105,0.9673,-0.0568,59.81,53.06,11.957,2006,11,4,2006-11,False
2006-11-21,ASIANPAINT,55.88,57.16,55.81,56.34,200910,0.756,56.58,55.11,51.29,50.738,0.7744,0.9287,-0.1544,59.66,53.49,10.92,2006,11,4,2006-11,False
2006-11-22,ASIANPAINT,56.94,58.07,56.61,57.75,235860,2.49,56.77,55.2,51.33,59.135,0.7708,0.8972,-0.1263,59.62,53.92,10.044,2006,11,4,2006-11,False
2006-11-23,ASIANPAINT,58.5,58.5,56.2,56.63,43050,-1.925,56.89,55.27,51.35,51.626,0.6706,0.8518,-0.1813,59.47,54.32,9.049,2006,11,4,2006-11,False
2006-11-24,ASIANPAINT,57.02,57.76,57.02,57.57,66560,1.659,57.03,55.35,51.37,56.637,0.6593,0.8133,-0.154,59.42,54.65,8.349,2006,11,4,2006-11,False
2006-11-27,ASIANPAINT,58.17,58.17,57.43,57.63,69190,0.107,57.2,55.43,51.38,56.951,0.6479,0.7802,-0.1324,59.22,55.19,7.048,2006,11,4,2006-11,False
2006-11-28,ASIANPAINT,57.63,58.05,56.65,57.51,427660,-0.214,57.36,55.5,51.39,56.075,0.6217,0.7485,-0.1268,58.89,55.82,5.364,2006,11,4,2006-11,False
2006-11-29,ASIANPAINT,57.84,58.0,57.47,57.65,47990,0.235,57.41,55.57,51.4,56.861,0.605,0.7198,-0.1149,58.9,55.92,5.194,2006,11,4,2006-11,False
2006-11-30,ASIANPAINT,58.58,59.46,57.76,58.5,1679160,1.48,57.52,55.66,51.42,61.535,0.653,0.7065,-0.0535,58.99,56.05,5.11,2006,11,4,2006-11,False
2006-12-01,ASIANPAINT,62.76,62.76,58.66,58.67,81090,0.288,57.62,55.75,51.45,62.399,0.6966,0.7045,-0.0079,59.13,56.1,5.248,2006,12,4,2006-12,False
2006-12-04,ASIANPAINT,58.66,59.73,58.54,58.7,752050,0.049,57.68,55.84,51.47,62.554,0.7251,0.7086,0.0165,59.26,56.1,5.49,2006,12,4,2006-12,False
2006-12-05,ASIANPAINT,55.32,59.72,55.32,59.46,114030,1.293,57.78,55.95,51.5,66.481,0.7997,0.7268,0.0729,59.55,56.01,6.112,2006,12,4,2006-12,False
2006-12-06,ASIANPAINT,59.73,60.63,58.25,59.02,1146220,-0.738,57.85,56.05,51.52,62.405,0.8141,0.7443,0.0698,59.7,56.01,6.382,2006,12,4,2006-12,False
2006-12-07,ASIANPAINT,59.15,59.23,56.94,57.36,219670,-2.815,57.86,56.12,51.54,49.927,0.6835,0.7321,-0.0486,59.69,56.03,6.331,2006,12,4,2006-12,False
2006-12-08,ASIANPAINT,57.59,57.84,57.43,57.59,128950,0.415,57.87,56.19,51.56,51.425,0.5924,0.7042,-0.1118,59.7,56.04,6.316,2006,12,4,2006-12,False
2006-12-11,ASIANPAINT,58.66,58.66,57.43,57.64,196300,0.078,57.88,56.25,51.58,51.72,0.5178,0.6669,-0.1491,59.7,56.06,6.292,2006,12,4,2006-12,False
2006-12-12,ASIANPAINT,57.65,58.32,57.43,57.83,124590,0.327,57.85,56.32,51.61,53.005,0.4686,0.6272,-0.1587,59.65,56.04,6.237,2006,12,4,2006-12,False
2006-12-13,ASIANPAINT,55.87,58.66,55.87,58.56,354150,1.27,57.84,56.39,51.64,57.722,0.4832,0.5984,-0.1152,59.62,56.06,6.153,2006,12,4,2006-12,False
2006-12-14,ASIANPAINT,58.91,59.81,58.82,59.08,126250,0.883,57.86,56.48,51.67,60.711,0.5304,0.5848,-0.0544,59.69,56.03,6.325,2006,12,4,2006-12,False
2006-12-15,ASIANPAINT,58.91,59.4,58.66,59.18,71540,0.174,57.93,56.57,51.69,61.296,0.5696,0.5818,-0.0122,59.85,56.01,6.634,2006,12,4,2006-12,False
2006-12-18,ASIANPAINT,58.82,59.06,58.66,58.69,42020,-0.839,58.07,56.63,51.72,56.883,0.5541,0.5762,-0.0221,59.77,56.37,5.847,2006,12,4,2006-12,False
2006-12-19,ASIANPAINT,58.66,60.14,57.84,59.57,932410,1.51,58.23,56.72,51.74,62.125,0.6064,0.5823,0.0241,59.85,56.61,5.561,2006,12,4,2006-12,False
2006-12-20,ASIANPAINT,60.47,62.57,58.66,58.85,46480,-1.205,58.28,56.8,51.77,56.167,0.5832,0.5825,0.0007,59.91,56.66,5.577,2006,12,4,2006-12,False
2006-12-21,ASIANPAINT,59.73,59.73,58.66,58.73,43210,-0.202,58.39,56.88,51.79,55.222,0.5488,0.5757,-0.0269,59.83,56.95,4.921,2006,12,4,2006-12,False
2006-12-22,ASIANPAINT,58.78,59.06,58.66,58.85,12000,0.196,58.45,56.96,51.81,55.992,0.5249,0.5656,-0.0407,59.85,57.06,4.779,2006,12,4,2006-12,False
2006-12-26,ASIANPAINT,58.82,59.42,58.66,58.81,316780,-0.07,58.51,57.05,51.84,55.624,0.4968,0.5518,-0.055,59.86,57.16,4.614,2006,12,4,2006-12,False
2006-12-27,ASIANPAINT,59.48,59.89,58.66,58.69,54030,-0.202,58.57,57.15,51.87,54.506,0.4597,0.5334,-0.0737,59.84,57.3,4.324,2006,12,4,2006-12,False
2006-12-28,ASIANPAINT,58.71,60.7,58.66,59.51,75360,1.391,58.66,57.26,51.91,60.391,0.4905,0.5248,-0.0343,59.92,57.41,4.274,2006,12,4,2006-12,False
2006-12-29,ASIANPAINT,59.32,60.9,59.1,60.42,155350,1.544,58.76,57.39,51.95,65.76,0.5823,0.5363,0.046,60.24,57.28,5.025,2006,12,4,2006-12,False
2007-01-02,ASIANPAINT,61.04,61.45,60.47,60.76,139410,0.557,58.86,57.54,51.99,67.497,0.6745,0.5639,0.1105,60.59,57.14,5.86,2007,1,1,2007-01,False
2007-01-03,ASIANPAINT,60.8,61.44,60.49,60.78,75150,0.027,58.97,57.7,52.03,67.583,0.7403,0.5992,0.1411,60.89,57.05,6.518,2007,1,1,2007-01,False
2007-01-04,ASIANPAINT,60.14,61.93,60.06,61.48,144250,1.154,59.07,57.86,52.07,71.118,0.8394,0.6472,0.1921,61.29,56.85,7.515,2007,1,1,2007-01,False
2007-01-05,ASIANPAINT,61.82,61.82,60.49,61.44,49620,-0.067,59.19,58.01,52.12,70.633,0.9042,0.6986,0.2055,61.65,56.73,8.307,2007,1,1,2007-01,False
2007-01-08,ASIANPAINT,61.37,61.37,59.56,59.79,251550,-2.684,59.31,58.12,52.15,54.533,0.8131,0.7215,0.0916,61.63,57.0,7.799,2007,1,1,2007-01,False
2007-01-09,ASIANPAINT,59.48,60.58,59.07,59.07,106700,-1.194,59.39,58.21,52.18,49.296,0.6755,0.7123,-0.0368,61.56,57.21,7.314,2007,1,1,2007-01,False
2007-01-10,ASIANPAINT,59.17,59.89,59.07,59.12,66860,0.083,59.46,58.31,52.21,49.655,0.564,0.6826,-0.1187,61.48,57.44,6.781,2007,1,1,2007-01,False
2007-01-11,ASIANPAINT,61.37,61.37,58.82,59.72,39330,1.006,59.56,58.41,52.24,53.903,0.5176,0.6496,-0.132,61.42,57.69,6.265,2007,1,1,2007-01,False
2007-01-12,ASIANPAINT,60.63,61.04,57.43,58.55,135350,-1.951,59.55,58.45,52.27,45.759,0.3824,0.5962,-0.2138,61.42,57.69,6.268,2007,1,1,2007-01,False
2007-01-15,ASIANPAINT,60.71,69.56,58.99,63.99,552910,9.29,59.8,58.61,52.32,69.177,0.7061,0.6182,0.0879,62.51,57.09,9.054,2007,1,1,2007-01,False
2007-01-16,ASIANPAINT,64.81,65.72,62.35,64.67,364280,1.064,60.08,58.76,52.39,70.872,1.0059,0.6957,0.3102,63.53,56.62,11.499,2007,1,1,2007-01,False
2007-01-17,ASIANPAINT,64.81,66.29,64.81,66.02,566320,2.087,60.44,58.94,52.45,73.933,1.337,0.824,0.5131,64.73,56.15,14.197,2007,1,1,2007-01,False
2007-01-18,ASIANPAINT,66.62,66.78,64.42,66.31,380310,0.429,60.78,59.11,52.52,74.537,1.6038,0.9799,0.6239,65.78,55.78,16.457,2007,1,1,2007-01,False
2007-01-19,ASIANPAINT,65.8,65.88,64.4,65.58,53570,-1.095,61.12,59.27,52.59,70.051,1.7366,1.1313,0.6053,66.46,55.77,17.504,2007,1,1,2007-01,False
2007-01-22,ASIANPAINT,66.29,66.37,64.99,65.52,42770,-0.1,61.45,59.44,52.65,69.643,1.8156,1.2682,0.5475,67.02,55.89,18.122,2007,1,1,2007-01,False
2007-01-23,ASIANPAINT,66.43,66.43,64.4,64.67,49110,-1.284,61.75,59.59,52.72,64.462,1.7898,1.3725,0.4173,67.35,56.14,18.152,2007,1,1,2007-01,False
2007-01-24,ASIANPAINT,64.4,65.47,63.99,64.85,23160,0.273,62.05,59.73,52.79,65.05,1.7632,1.4506,0.3126,67.64,56.46,18.014,2007,1,1,2007-01,False
2007-01-25,ASIANPAINT,65.22,66.37,64.81,65.84,112320,1.524,62.41,59.88,52.86,68.22,1.8011,1.5207,0.2804,68.0,56.81,17.944,2007,1,1,2007-01,False
2007-01-29,ASIANPAINT,65.96,66.86,64.4,65.63,137970,-0.318,62.71,60.02,52.93,66.838,1.7937,1.5753,0.2183,68.31,57.11,17.863,2007,1,1,2007-01,False
2007-01-31,ASIANPAINT,62.77,66.29,62.77,65.3,656840,-0.506,62.96,60.15,53.0,64.6,1.7408,1.6084,0.1324,68.56,57.35,17.81,2007,1,1,2007-01,False
2007-02-01,ASIANPAINT,64.4,65.78,64.12,65.23,542260,-0.107,63.18,60.3,53.08,64.115,1.6741,1.6215,0.0525,68.77,57.58,17.709,2007,2,1,2007-02,False
2007-02-02,ASIANPAINT,64.08,65.63,63.99,64.61,307820,-0.943,63.37,60.47,53.15,59.845,1.5536,1.608,-0.0544,68.88,57.86,17.389,2007,2,1,2007-02,False
2007-02-05,ASIANPAINT,64.98,64.98,63.58,63.86,231080,-1.168,63.49,60.62,53.23,55.004,1.3813,1.5626,-0.1813,68.93,58.05,17.137,2007,2,1,2007-02,False
2007-02-06,ASIANPAINT,65.06,65.47,63.17,63.26,790990,-0.931,63.58,60.74,53.29,51.472,1.1831,1.4867,-0.3036,68.94,58.22,16.847,2007,2,1,2007-02,False
2007-02-07,ASIANPAINT,63.58,63.98,62.35,62.95,649380,-0.499,63.74,60.86,53.36,49.648,0.9891,1.3872,-0.3981,68.8,58.68,15.888,2007,2,1,2007-02,False
2007-02-08,ASIANPAINT,63.16,67.69,62.47,65.65,562480,4.294,64.07,61.02,53.43,62.043,1.0415,1.3181,-0.2765,68.69,59.44,14.432,2007,2,1,2007-02,False
2007-02-09,ASIANPAINT,65.63,66.04,63.59,64.95,97430,-1.062,64.36,61.17,53.51,58.072,1.0151,1.2575,-0.2424,68.36,60.35,12.445,2007,2,1,2007-02,False
2007-02-12,ASIANPAINT,63.67,65.63,61.95,64.56,73170,-0.606,64.6,61.31,53.58,55.896,0.9514,1.1963,-0.2449,67.96,61.24,10.392,2007,2,1,2007-02,False
2007-02-13,ASIANPAINT,61.53,64.69,60.88,64.36,98300,-0.305,64.89,61.44,53.65,54.79,0.875,1.132,-0.257,66.69,63.1,5.536,2007,2,1,2007-02,False
2007-02-14,ASIANPAINT,63.99,64.4,61.8,63.85,123670,-0.803,64.88,61.55,53.72,51.889,0.7638,1.0584,-0.2945,66.7,63.07,5.588,2007,2,1,2007-02,False
2007-02-15,ASIANPAINT,64.16,66.21,63.17,64.75,183170,1.42,64.89,61.67,53.79,56.263,0.7404,0.9948,-0.2544,66.7,63.08,5.582,2007,2,1,2007-02,False
2007-02-19,ASIANPAINT,64.9,65.22,63.67,64.81,174750,0.095,64.83,61.8,53.86,56.552,0.7185,0.9395,-0.221,66.56,63.1,5.338,2007,2,1,2007-02,False
2007-02-20,ASIANPAINT,64.98,65.22,61.54,62.48,211510,-3.595,64.64,61.86,53.91,44.557,0.5073,0.8531,-0.3458,66.52,62.76,5.818,2007,2,1,2007-02,False
2007-02-21,ASIANPAINT,63.16,63.17,61.97,62.17,167300,-0.499,64.47,61.92,53.97,43.235,0.3112,0.7447,-0.4335,66.59,62.34,6.584,2007,2,1,2007-02,False
2007-02-22,ASIANPAINT,62.76,62.76,61.26,61.95,348980,-0.356,64.29,62.01,54.01,42.276,0.1363,0.623,-0.4867,66.63,61.95,7.275,2007,2,1,2007-02,False
2007-02-23,ASIANPAINT,61.53,62.19,59.56,60.1,456720,-2.993,64.06,62.06,54.05,35.229,-0.1501,0.4684,-0.6185,67.04,61.07,9.322,2007,2,1,2007-02,False
2007-02-26,ASIANPAINT,60.06,60.28,57.92,60.03,170410,-0.116,63.82,62.11,54.09,34.993,-0.3784,0.299,-0.6775,67.28,60.36,10.838,2007,2,1,2007-02,False
2007-02-27,ASIANPAINT,61.11,65.63,59.58,60.05,1933070,0.041,63.53,62.15,54.13,35.158,-0.551,0.129,-0.6801,67.23,59.82,11.666,2007,2,1,2007-02,False
2007-02-28,ASIANPAINT,57.02,61.58,56.94,60.47,259450,0.697,63.27,62.19,54.17,38.042,-0.6466,-0.0261,-0.6205,67.08,59.46,12.033,2007,2,1,2007-02,False
2007-03-01,ASIANPAINT,61.61,61.61,58.25,58.85,256470,-2.68,62.95,62.19,54.21,32.09,-0.8434,-0.1896,-0.6538,67.11,58.79,13.215,2007,3,1,2007-03,False
2007-03-02,ASIANPAINT,59.89,60.3,57.27,57.59,143830,-2.14,62.57,62.16,54.25,28.374,-1.0884,-0.3693,-0.719,67.22,57.91,14.868,2007,3,1,2007-03,False
2007-03-05,ASIANPAINT,56.2,57.27,52.11,53.8,243620,-6.582,62.02,62.06,54.27,20.631,-1.5703,-0.6095,-0.9608,68.0,56.05,19.265,2007,3,1,2007-03,False
2007-03-06,ASIANPAINT,53.78,57.38,45.21,56.05,165460,4.186,61.63,61.99,54.3,32.43,-1.7503,-0.8377,-0.9126,68.1,55.16,20.994,2007,3,1,2007-03,False
2007-03-07,ASIANPAINT,56.61,57.02,53.43,54.25,193290,-3.213,61.18,61.89,54.33,28.749,-2.0151,-1.0732,-0.9419,68.39,53.98,23.555,2007,3,1,2007-03,False
2007-03-08,ASIANPAINT,54.32,57.43,52.92,56.88,1621870,4.854,60.88,61.86,54.38,39.553,-1.9895,-1.2564,-0.733,68.28,53.48,24.313,2007,3,1,2007-03,False
2007-03-09,ASIANPAINT,56.29,57.43,55.13,56.14,73500,-1.312,60.4,61.8,54.45,37.803,-2.0063,-1.4064,-0.5999,67.74,53.07,24.278,2007,3,1,2007-03,False
2007-03-12,ASIANPAINT,56.6,59.07,55.46,57.22,118270,1.936,60.02,61.77,54.51,41.838,-1.9099,-1.5071,-0.4028,67.15,52.88,23.777,2007,3,1,2007-03,False
2007-03-13,ASIANPAINT,58.82,58.91,56.49,57.16,80890,-0.122,59.65,61.74,54.58,41.652,-1.8181,-1.5693,-0.2488,66.56,52.74,23.162,2007,3,1,2007-03,False
2007-03-14,ASIANPAINT,56.62,57.35,56.53,56.61,770250,-0.955,59.26,61.68,54.64,40.143,-1.7691,-1.6092,-0.1598,65.92,52.6,22.476,2007,3,1,2007-03,False
2007-03-15,ASIANPAINT,55.79,57.43,55.79,56.72,717250,0.203,58.9,61.61,54.71,40.63,-1.7013,-1.6276,-0.0736,65.29,52.52,21.674,2007,3,1,2007-03,False
2007-03-16,ASIANPAINT,56.61,56.85,55.79,56.24,1118850,-0.861,58.48,61.52,54.76,39.17,-1.6677,-1.6357,-0.0321,64.33,52.62,20.025,2007,3,1,2007-03,False
2007-03-19,ASIANPAINT,57.33,57.41,56.21,57.07,69810,1.481,58.09,61.44,54.81,42.938,-1.556,-1.6197,0.0637,63.15,53.03,17.427,2007,3,1,2007-03,False
2007-03-20,ASIANPAINT,57.56,60.04,56.2,58.8,782320,3.033,57.91,61.39,54.88,49.888,-1.3127,-1.5583,0.2456,62.55,53.27,16.024,2007,3,1,2007-03,False
2007-03-21,ASIANPAINT,58.39,58.72,57.35,58.55,37390,-0.423,57.73,61.33,54.94,48.966,-1.1269,-1.472,0.3451,61.93,53.53,14.553,2007,3,1,2007-03,False
2007-03-22,ASIANPAINT,58.8,59.79,58.8,59.34,169740,1.344,57.6,61.32,55.0,51.991,-0.9058,-1.3588,0.453,61.39,53.81,13.16,2007,3,1,2007-03,False
2007-03-23,ASIANPAINT,58.07,59.63,58.07,59.32,141160,-0.028,57.56,61.33,55.07,51.921,-0.7235,-1.2317,0.5082,61.25,53.86,12.846,2007,3,1,2007-03,False
2007-03-26,ASIANPAINT,59.31,60.75,59.31,60.59,55590,2.136,57.59,61.36,55.14,56.708,-0.4713,-1.0796,0.6083,61.37,53.8,13.141,2007,3,1,2007-03,False
2007-03-28,ASIANPAINT,59.83,62.03,59.63,61.47,2655220,1.449,57.66,61.39,55.21,59.702,-0.1984,-0.9034,0.705,61.68,53.63,13.956,2007,3,1,2007-03,False
2007-03-29,ASIANPAINT,62.11,63.77,61.28,62.72,225750,2.034,57.77,61.48,55.32,63.567,0.1175,-0.6992,0.8167,62.22,53.31,15.428,2007,3,1,2007-03,False
2007-03-30,ASIANPAINT,62.94,64.6,62.11,63.16,244180,0.7,57.98,61.46,55.41,64.842,0.3986,-0.4797,0.8783,63.04,52.93,17.427,2007,3,1,2007-03,False
2007-04-02,ASIANPAINT,62.11,62.44,60.01,61.3,133460,-2.931,58.17,61.39,55.49,55.952,0.4667,-0.2904,0.7571,63.43,52.91,18.087,2007,4,2,2007-04,False
2007-04-03,ASIANPAINT,61.78,62.44,60.62,61.89,114300,0.952,58.57,61.31,55.58,57.912,0.5613,-0.1201,0.6813,63.66,53.49,17.369,2007,4,2,2007-04,False
2007-04-04,ASIANPAINT,62.52,70.29,62.11,63.64,55160,2.823,58.95,61.26,55.68,63.191,0.7684,0.0576,0.7107,64.37,53.54,18.372,2007,4,2,2007-04,False
2007-04-05,ASIANPAINT,62.95,66.16,62.95,65.44,132970,2.831,59.51,61.25,55.79,67.691,1.0656,0.2592,0.8064,65.19,53.84,19.072,2007,4,2,2007-04,False
2007-04-09,ASIANPAINT,65.43,65.99,64.68,65.23,80580,-0.316,59.93,61.25,55.88,66.682,1.2698,0.4613,0.8084,66.0,53.85,20.273,2007,4,2,2007-04,False
2007-04-10,ASIANPAINT,65.01,66.42,64.18,66.19,161150,1.466,60.43,61.28,55.98,68.982,1.4916,0.6674,0.8242,66.84,54.02,21.206,2007,4,2,2007-04,False
2007-04-11,ASIANPAINT,66.09,67.08,65.84,66.85,79680,1.007,60.91,61.32,56.09,70.51,1.7015,0.8742,0.8273,67.74,54.09,22.413,2007,4,2,2007-04,False
2007-04-12,ASIANPAINT,66.25,67.58,65.02,66.57,324840,-0.427,61.38,61.33,56.19,68.942,1.8239,1.0641,0.7597,68.41,54.35,22.905,2007,4,2,2007-04,False
2007-04-13,ASIANPAINT,66.01,67.83,65.34,67.2,379880,0.952,61.91,61.36,56.3,70.508,1.9495,1.2412,0.7083,69.02,54.8,22.97,2007,4,2,2007-04,False
2007-04-16,ASIANPAINT,67.5,67.5,66.34,66.92,289450,-0.413,62.42,61.4,56.4,68.871,2.0035,1.3937,0.6098,69.43,55.42,22.447,2007,4,2,2007-04,False
2007-04-17,ASIANPAINT,67.08,67.25,65.76,66.03,235550,-1.343,62.91,61.41,56.5,63.71,1.9513,1.5052,0.4461,69.45,56.38,20.784,2007,4,2,2007-04,False
2007-04-18,ASIANPAINT,66.25,66.25,64.1,64.76,39380,-1.913,63.3,61.42,56.59,57.221,1.7875,1.5617,0.2258,69.27,57.33,18.866,2007,4,2,2007-04,False
2007-04-19,ASIANPAINT,63.98,66.58,63.03,66.12,281640,2.104,63.66,61.46,56.68,61.747,1.7474,1.5988,0.1486,69.37,57.96,17.912,2007,4,2,2007-04,False
2007-04-20,ASIANPAINT,65.84,66.99,65.34,66.75,116720,0.952,64.07,61.53,56.78,63.66,1.7463,1.6283,0.118,69.39,58.75,16.607,2007,4,2,2007-04,False
2007-04-23,ASIANPAINT,65.88,66.67,65.01,65.48,281790,-1.904,64.38,61.58,56.87,57.415,1.6241,1.6275,-0.0033,69.24,59.52,15.093,2007,4,2,2007-04,False
2007-04-24,ASIANPAINT,62.28,66.34,62.2,66.28,65810,1.22,64.73,61.59,56.96,60.067,1.5737,1.6167,-0.043,69.03,60.43,13.277,2007,4,2,2007-04,False
2007-04-25,ASIANPAINT,67.08,67.08,65.76,66.61,123010,0.5,65.03,61.63,57.06,61.147,1.5426,1.6019,-0.0593,68.93,61.13,11.999,2007,4,2,2007-04,False
2007-04-26,ASIANPAINT,66.5,66.83,66.25,66.25,173270,-0.541,65.27,61.66,57.16,59.269,1.472,1.5759,-0.1039,68.82,61.72,10.885,2007,4,2,2007-04,False
2007-04-27,ASIANPAINT,66.67,66.67,65.01,65.19,280920,-1.606,65.39,61.68,57.25,53.995,1.3149,1.5237,-0.2088,68.74,62.05,10.228,2007,4,2,2007-04,False
2007-04-30,ASIANPAINT,65.26,66.16,65.01,65.5,341750,0.476,65.51,61.71,57.34,55.246,1.2017,1.4593,-0.2576,68.69,62.34,9.69,2007,4,2,2007-04,False
2007-05-03,ASIANPAINT,65.76,67.25,65.76,66.98,410840,2.257,65.79,61.76,57.44,60.725,1.2172,1.4109,-0.1937,68.34,63.25,7.729,2007,5,2,2007-05,False
2007-05-04,ASIANPAINT,66.91,67.38,66.54,66.85,105250,-0.198,66.04,61.8,57.54,60.015,1.2049,1.3697,-0.1648,67.84,64.25,5.44,2007,5,2,2007-05,False
2007-05-07,ASIANPAINT,66.37,67.06,65.84,66.65,126540,-0.285,66.19,61.88,57.64,58.95,1.1664,1.329,-0.1626,67.6,64.78,4.263,2007,5,2,2007-05,False
2007-05-08,ASIANPAINT,66.25,66.5,64.6,64.96,165250,-2.541,66.17,61.94,57.73,50.383,0.9878,1.2608,-0.273,67.65,64.69,4.471,2007,5,2,2007-05,False
2007-05-09,ASIANPAINT,65.76,65.76,63.85,64.05,163110,-1.409,66.11,61.98,57.82,46.455,0.7636,1.1614,-0.3977,67.82,64.4,5.184,2007,5,2,2007-05,False
2007-05-10,ASIANPAINT,65.84,66.24,64.16,64.8,814800,1.177,66.04,62.07,57.91,49.918,0.6394,1.057,-0.4176,67.85,64.23,5.482,2007,5,2,2007-05,False
2007-05-11,ASIANPAINT,64.85,65.26,60.98,64.24,1436740,-0.863,65.91,62.16,58.0,47.465,0.4902,0.9436,-0.4534,67.85,63.97,5.875,2007,5,2,2007-05,False
2007-05-14,ASIANPAINT,64.99,65.75,63.77,65.57,1018850,2.069,65.86,62.27,58.09,53.336,0.4737,0.8496,-0.3759,67.78,63.94,5.818,2007,5,2,2007-05,False
2007-05-15,ASIANPAINT,66.17,66.25,65.19,65.81,99870,0.366,65.79,62.37,58.18,54.329,0.4746,0.7746,-0.3,67.6,63.98,5.499,2007,5,2,2007-05,False
2007-05-16,ASIANPAINT,66.25,69.57,65.52,67.8,460250,3.027,65.83,62.55,58.28,61.623,0.6287,0.7454,-0.1167,67.8,63.87,5.957,2007,5,2,2007-05,False
2007-05-17,ASIANPAINT,67.91,68.73,67.08,67.55,151870,-0.373,65.91,62.75,58.39,60.307,0.7222,0.7408,-0.0186,68.02,63.81,6.388,2007,5,2,2007-05,False
2007-05-18,ASIANPAINT,66.67,68.32,66.67,67.59,60150,0.061,66.05,63.03,58.49,60.456,0.7905,0.7507,0.0398,68.21,63.89,6.539,2007,5,2,2007-05,False
2007-05-21,ASIANPAINT,67.66,68.08,66.79,67.89,101500,0.441,66.14,63.26,58.59,61.575,0.8588,0.7724,0.0864,68.45,63.83,6.988,2007,5,2,2007-05,False
2007-05-22,ASIANPAINT,67.03,69.15,67.03,67.91,729690,0.031,66.2,63.54,58.69,61.656,0.9042,0.7987,0.1054,68.63,63.77,7.342,2007,5,2,2007-05,False
2007-05-23,ASIANPAINT,68.32,68.32,67.66,67.79,64930,-0.183,66.31,63.75,58.79,60.826,0.9195,0.8229,0.0966,68.82,63.81,7.554,2007,5,2,2007-05,False
2007-05-24,ASIANPAINT,67.53,68.74,67.25,68.27,107530,0.715,66.41,64.0,58.88,62.922,0.9597,0.8502,0.1094,69.07,63.76,7.988,2007,5,2,2007-05,False
2007-05-25,ASIANPAINT,67.83,68.65,67.19,68.34,53260,0.109,66.5,64.22,58.98,63.248,0.9862,0.8774,0.1087,69.29,63.71,8.39,2007,5,2,2007-05,False
2007-05-28,ASIANPAINT,74.2,74.43,67.78,68.2,183510,-0.218,66.6,64.44,59.07,62.073,0.9838,0.8987,0.0851,69.48,63.71,8.67,2007,5,2,2007-05,False
2007-05-29,ASIANPAINT,68.32,69.13,67.91,68.9,82850,1.032,66.78,64.69,59.17,65.346,1.0269,0.9243,0.1025,69.76,63.8,8.929,2007,5,2,2007-05,False
2007-05-30,ASIANPAINT,67.75,69.06,67.75,68.32,838160,-0.847,66.92,64.92,59.26,60.67,1.0023,0.9399,0.0624,69.92,63.93,8.943,2007,5,2,2007-05,False
2007-05-31,ASIANPAINT,69.09,69.09,68.0,68.75,1477050,0.636,67.01,65.17,59.35,62.804,1.0064,0.9532,0.0532,70.11,63.91,9.259,2007,5,2,2007-05,False
2007-06-01,ASIANPAINT,69.57,72.36,68.9,71.81,555520,4.451,67.26,65.46,59.45,73.646,1.2422,1.011,0.2312,71.03,63.49,11.208,2007,6,2,2007-06,False
2007-06-04,ASIANPAINT,71.22,74.45,71.22,71.43,383050,-0.536,67.5,65.72,59.55,70.847,1.3821,1.0852,0.2968,71.69,63.31,12.411,2007,6,2,2007-06,False
2007-06-05,ASIANPAINT,72.38,72.38,69.98,70.31,181250,-1.56,67.77,65.95,59.64,63.348,1.3871,1.1456,0.2415,71.96,63.58,12.365,2007,6,2,2007-06,False
2007-06-06,ASIANPAINT,69.98,70.56,68.75,69.64,119600,-0.948,68.05,66.16,59.73,59.303,1.322,1.1809,0.1411,71.93,64.17,11.404,2007,6,2,2007-06,False
2007-06-07,ASIANPAINT,70.8,71.11,68.74,70.36,140780,1.029,68.32,66.38,59.82,62.104,1.3131,1.2073,0.1058,72.02,64.63,10.81,2007,6,2,2007-06,False
2007-06-08,ASIANPAINT,69.65,78.8,69.57,70.66,134440,0.424,68.64,66.58,59.9,63.237,1.3149,1.2288,0.0861,71.94,65.35,9.594,2007,6,2,2007-06,False
2007-06-11,ASIANPAINT,71.55,72.55,69.16,69.55,81490,-1.571,68.84,66.74,59.99,56.465,1.2128,1.2256,-0.0128,71.82,65.87,8.647,2007,6,2,2007-06,False
2007-06-12,ASIANPAINT,71.64,72.38,69.73,71.68,215970,3.06,69.14,66.92,60.08,64.351,1.2888,1.2383,0.0506,72.01,66.26,8.309,2007,6,2,2007-06,False
2007-06-13,ASIANPAINT,71.64,71.64,70.27,71.14,265310,-0.746,69.3,67.08,60.18,61.344,1.291,1.2488,0.0422,72.24,66.37,8.466,2007,6,2,2007-06,False
2007-06-14,ASIANPAINT,70.98,71.29,70.23,70.3,273780,-1.183,69.44,67.26,60.28,56.843,1.2109,1.2412,-0.0303,72.29,66.6,8.19,2007,6,2,2007-06,False
2007-06-15,ASIANPAINT,72.55,73.63,70.06,71.98,140980,2.382,69.66,67.46,60.39,62.707,1.2679,1.2466,0.0213,72.58,66.74,8.378,2007,6,2,2007-06,False
2007-06-18,ASIANPAINT,70.69,72.55,70.69,71.63,212910,-0.478,69.85,67.62,60.49,60.877,1.2707,1.2514,0.0193,72.77,66.93,8.361,2007,6,2,2007-06,False
2007-06-19,ASIANPAINT,72.13,72.88,70.23,70.35,473760,-1.788,69.97,67.72,60.59,54.5,1.1562,1.2323,-0.0762,72.75,67.19,7.944,2007,6,2,2007-06,False
2007-06-20,ASIANPAINT,71.3,71.89,69.9,70.29,155430,-0.082,70.1,67.82,60.69,54.223,1.0487,1.1956,-0.1469,72.68,67.51,7.372,2007,6,2,2007-06,False
2007-06-21,ASIANPAINT,71.3,71.3,69.81,70.48,2506840,0.265,70.21,67.91,60.78,55.015,0.9674,1.15,-0.1826,72.65,67.77,6.951,2007,6,2,2007-06,False
2007-06-22,ASIANPAINT,70.23,70.89,66.5,69.43,137030,-1.488,70.26,67.96,60.87,49.799,0.809,1.0818,-0.2728,72.57,67.95,6.577,2007,6,2,2007-06,False
2007-06-25,ASIANPAINT,69.65,70.06,68.82,69.0,59190,-0.615,70.3,68.01,60.96,47.811,0.6416,0.9937,-0.3521,72.48,68.12,6.211,2007,6,2,2007-06,False
2007-06-26,ASIANPAINT,69.07,69.56,68.07,68.31,158750,-1.009,70.27,68.03,61.04,44.679,0.4476,0.8845,-0.4369,72.55,67.99,6.481,2007,6,2,2007-06,False
2007-06-27,ASIANPAINT,69.48,69.85,68.15,68.85,160540,0.801,70.3,68.07,61.12,47.584,0.3342,0.7745,-0.4403,72.49,68.11,6.233,2007,6,2,2007-06,False
2007-06-28,ASIANPAINT,67.57,69.39,67.57,68.82,179230,-0.054,70.3,68.12,61.2,47.402,0.2385,0.6673,-0.4288,72.48,68.12,6.205,2007,6,2,2007-06,False
2007-06-29,ASIANPAINT,69.15,69.81,66.25,67.17,249440,-2.392,70.07,68.17,61.28,40.087,0.0296,0.5397,-0.5102,72.54,67.6,7.057,2007,6,2,2007-06,False
2007-07-02,ASIANPAINT,68.71,69.56,67.82,68.81,36440,2.444,69.94,68.23,61.36,48.606,-0.0035,0.4311,-0.4346,72.39,67.49,6.997,2007,7,3,2007-07,False
2007-07-03,ASIANPAINT,69.4,69.65,68.4,68.83,81940,0.03,69.87,68.27,61.43,48.706,-0.0278,0.3393,-0.3671,72.35,67.38,7.123,2007,7,3,2007-07,False
2007-07-04,ASIANPAINT,68.4,69.14,68.4,68.83,48540,-0.012,69.82,68.33,61.51,48.665,-0.0471,0.262,-0.3091,72.35,67.29,7.248,2007,7,3,2007-07,False
2007-07-05,ASIANPAINT,69.15,69.85,68.82,69.7,43680,1.265,69.79,68.4,61.59,53.073,0.0077,0.2112,-0.2034,72.31,67.27,7.216,2007,7,3,2007-07,False
2007-07-06,ASIANPAINT,69.9,71.3,69.65,70.35,215560,0.94,69.78,68.48,61.68,56.125,0.1029,0.1895,-0.0866,72.27,67.28,7.164,2007,7,3,2007-07,False
2007-07-09,ASIANPAINT,70.23,71.63,70.23,71.08,157810,1.043,69.85,68.57,61.76,59.318,0.2348,0.1986,0.0362,72.42,67.29,7.34,2007,7,3,2007-07,False
2007-07-10,ASIANPAINT,71.3,71.47,70.23,70.68,98700,-0.566,69.8,68.68,61.84,56.875,0.3033,0.2195,0.0838,72.25,67.35,7.021,2007,7,3,2007-07,False
2007-07-11,ASIANPAINT,70.89,71.3,69.83,70.86,181430,0.246,69.79,68.79,61.93,57.688,0.3675,0.2491,0.1184,72.21,67.37,6.938,2007,7,3,2007-07,False
2007-07-12,ASIANPAINT,69.98,71.5,69.98,70.75,32810,-0.152,69.81,68.87,62.01,56.972,0.405,0.2803,0.1247,72.26,67.36,7.016,2007,7,3,2007-07,False
2007-07-13,ASIANPAINT,69.98,72.63,69.56,71.75,2194310,1.418,69.8,68.96,62.1,61.73,0.5098,0.3262,0.1836,72.21,67.39,6.902,2007,7,3,2007-07,False
2007-07-16,ASIANPAINT,71.8,73.7,70.81,72.54,2533610,1.098,69.84,69.08,62.19,65.002,0.6489,0.3907,0.2582,72.43,67.26,7.395,2007,7,3,2007-07,False
2007-07-17,ASIANPAINT,72.96,74.5,72.54,73.46,165190,1.263,70.0,69.25,62.29,68.388,0.8236,0.4773,0.3463,73.04,66.96,8.694,2007,7,3,2007-07,False
2007-07-18,ASIANPAINT,74.12,74.21,72.55,72.91,115840,-0.739,70.13,69.43,62.38,64.41,0.9077,0.5634,0.3444,73.44,66.82,9.439,2007,7,3,2007-07,False
2007-07-19,ASIANPAINT,74.04,74.04,71.34,73.49,177480,0.785,70.28,69.6,62.48,66.613,1.009,0.6525,0.3565,73.91,66.65,10.34,2007,7,3,2007-07,False
2007-07-20,ASIANPAINT,73.79,73.96,71.72,72.93,296690,-0.762,70.46,69.78,62.57,62.535,1.0321,0.7284,0.3037,74.25,66.66,10.77,2007,7,3,2007-07,False
2007-07-23,ASIANPAINT,73.21,73.89,71.89,73.15,171360,0.307,70.66,69.93,62.67,63.498,1.0564,0.794,0.2624,74.57,66.75,11.07,2007,7,3,2007-07,False
2007-07-24,ASIANPAINT,73.15,74.7,72.8,74.38,256340,1.678,70.97,70.1,62.76,68.305,1.1612,0.8675,0.2938,75.05,66.89,11.497,2007,7,3,2007-07,False
2007-07-25,ASIANPAINT,72.96,73.79,71.47,72.25,41600,-2.854,71.14,70.19,62.85,54.849,1.0608,0.9061,0.1547,75.13,67.15,11.222,2007,7,3,2007-07,False
2007-07-26,ASIANPAINT,72.38,72.79,71.39,71.83,85890,-0.591,71.29,70.27,62.94,52.604,0.936,0.9121,0.0239,75.13,67.44,10.794,2007,7,3,2007-07,False
2007-07-27,ASIANPAINT,72.13,73.58,70.74,71.85,82480,0.035,71.52,70.36,63.02,52.725,0.8295,0.8956,-0.0661,74.85,68.19,9.305,2007,7,3,2007-07,False
2007-07-30,ASIANPAINT,67.27,73.05,67.27,71.07,91210,-1.085,71.63,70.42,63.1,48.531,0.6745,0.8514,-0.1769,74.72,68.55,8.614,2007,7,3,2007-07,False
2007-07-31,ASIANPAINT,72.04,73.79,71.39,73.45,130980,3.348,71.87,70.53,63.19,59.202,0.7351,0.8281,-0.093,74.75,68.98,8.036,2007,7,3,2007-07,False
2007-08-01,ASIANPAINT,71.55,73.63,71.32,71.39,83730,-2.811,71.99,70.61,63.27,49.595,0.6096,0.7844,-0.1748,74.52,69.47,7.013,2007,8,3,2007-08,False
2007-08-02,ASIANPAINT,71.72,73.63,71.72,73.14,112150,2.451,72.17,70.7,63.37,56.097,0.6438,0.7563,-0.1125,74.49,69.84,6.448,2007,8,3,2007-08,False
2007-08-03,ASIANPAINT,72.96,74.62,72.96,74.35,575810,1.661,72.37,70.82,63.47,59.959,0.7602,0.7571,0.0032,74.72,70.01,6.515,2007,8,3,2007-08,False
2007-08-06,ASIANPAINT,73.79,74.62,71.99,73.42,78770,-1.249,72.48,70.93,63.56,55.91,0.7687,0.7594,0.0093,74.8,70.16,6.406,2007,8,3,2007-08,False
2007-08-07,ASIANPAINT,74.54,75.2,73.79,74.64,118070,1.66,72.68,71.04,63.67,59.751,0.8638,0.7803,0.0835,75.03,70.33,6.468,2007,8,3,2007-08,False
2007-08-08,ASIANPAINT,75.04,77.03,73.97,76.61,165440,2.633,72.97,71.21,63.78,65.04,1.0852,0.8413,0.2439,75.75,70.19,7.618,2007,8,3,2007-08,False
2007-08-09,ASIANPAINT,76.21,78.57,76.21,77.86,357710,1.64,73.32,71.39,63.91,67.941,1.3465,0.9423,0.4042,76.67,69.98,9.128,2007,8,3,2007-08,False
2007-08-10,ASIANPAINT,77.86,79.26,72.96,78.41,108490,0.708,73.66,71.52,64.03,69.15,1.5799,1.0698,0.51,77.61,69.7,10.749,2007,8,3,2007-08,False
2007-08-13,ASIANPAINT,76.7,82.5,76.7,81.35,217890,3.748,74.1,71.72,64.17,74.644,1.9792,1.2517,0.7275,79.3,68.89,14.042,2007,8,3,2007-08,False
2007-08-14,ASIANPAINT,82.0,82.17,79.78,81.88,227650,0.652,74.52,71.95,64.31,75.492,2.3118,1.4637,0.8481,80.76,68.27,16.76,2007,8,3,2007-08,False
2007-08-16,ASIANPAINT,77.11,81.59,76.3,77.78,127180,-5.012,74.76,72.12,64.43,59.038,2.2186,1.6147,0.6039,81.12,68.4,17.012,2007,8,3,2007-08,False
2007-08-17,ASIANPAINT,77.78,80.01,75.45,76.69,109370,-1.407,74.92,72.24,64.54,55.56,2.0331,1.6984,0.3347,81.31,68.54,17.045,2007,8,3,2007-08,False
2007-08-20,ASIANPAINT,79.93,79.93,77.27,77.55,31340,1.13,75.15,72.38,64.66,57.685,1.9336,1.7454,0.1882,81.57,68.74,17.074,2007,8,3,2007-08,False
2007-08-21,ASIANPAINT,78.92,78.92,76.7,77.73,113350,0.235,75.38,72.54,64.77,58.139,1.8482,1.766,0.0823,81.82,68.94,17.091,2007,8,3,2007-08,False
2007-08-22,ASIANPAINT,77.11,78.77,76.36,76.84,86120,-1.152,75.51,72.65,64.87,55.019,1.6888,1.7506,-0.0617,81.96,69.05,17.098,2007,8,3,2007-08,False
2007-08-23,ASIANPAINT,77.11,78.33,76.69,76.94,70980,0.135,75.74,72.76,64.98,55.318,1.553,1.711,-0.1581,82.04,69.44,16.627,2007,8,3,2007-08,False
2007-08-24,ASIANPAINT,76.86,77.52,76.86,77.32,232430,0.485,76.01,72.9,65.08,56.44,1.4586,1.6606,-0.202,82.07,69.96,15.924,2007,8,3,2007-08,False
2007-08-27,ASIANPAINT,78.77,78.77,77.44,77.93,188660,0.799,76.32,73.02,65.18,58.307,1.4173,1.6119,-0.1946,82.09,70.54,15.137,2007,8,3,2007-08,False
2007-08-28,ASIANPAINT,78.65,78.77,77.11,77.15,226310,-1.005,76.62,73.13,65.28,55.082,1.3063,1.5508,-0.2445,81.85,71.39,13.645,2007,8,3,2007-08,False
2007-08-29,ASIANPAINT,75.04,77.85,75.04,77.59,20730,0.575,76.83,73.28,65.38,56.547,1.2398,1.4886,-0.2488,81.85,71.81,13.076,2007,8,3,2007-08,False
2007-08-30,ASIANPAINT,78.63,79.17,77.94,78.6,188490,1.293,77.19,73.44,65.49,59.745,1.2537,1.4416,-0.188,81.56,72.82,11.326,2007,8,3,2007-08,False
2007-08-31,ASIANPAINT,77.94,78.68,76.36,78.19,103690,-0.522,77.44,73.6,65.59,57.869,1.2175,1.3968,-0.1793,81.39,73.49,10.197,2007,8,3,2007-08,False
2007-09-03,ASIANPAINT,78.35,79.6,78.02,78.83,48530,0.822,77.67,73.79,65.7,59.988,1.2265,1.3627,-0.1362,81.38,73.96,9.556,2007,9,3,2007-09,False
2007-09-04,ASIANPAINT,79.43,79.51,78.36,78.45,123140,-0.484,77.92,73.97,65.8,58.119,1.1892,1.328,-0.1389,81.05,74.78,8.053,2007,9,3,2007-09,False
2007-09-05,ASIANPAINT,78.85,78.85,77.44,78.26,673350,-0.243,78.1,74.17,65.9,57.161,1.1311,1.2886,-0.1575,80.83,75.36,7.0,2007,9,3,2007-09,False
2007-09-06,ASIANPAINT,78.23,78.77,77.63,77.94,2540260,-0.408,78.16,74.36,65.99,55.511,1.0473,1.2404,-0.193,80.81,75.52,6.765,2007,9,3,2007-09,False
2007-09-07,ASIANPAINT,78.14,78.65,77.11,77.74,35550,-0.255,78.16,74.53,66.09,54.455,0.9539,1.1831,-0.2292,80.81,75.51,6.775,2007,9,3,2007-09,False
2007-09-10,ASIANPAINT,77.77,78.77,76.8,78.71,411760,1.253,78.17,74.76,66.21,58.605,0.9475,1.136,-0.1885,80.83,75.52,6.797,2007,9,3,2007-09,False
2007-09-11,ASIANPAINT,78.76,78.76,77.07,77.25,38780,-1.859,77.97,74.93,66.31,51.076,0.8149,1.0718,-0.2568,80.19,75.75,5.697,2007,9,3,2007-09,False
2007-09-12,ASIANPAINT,77.19,77.94,77.11,77.44,112970,0.247,77.75,75.11,66.41,51.943,0.717,1.0008,-0.2838,78.99,76.5,3.208,2007,9,3,2007-09,False
2007-09-13,ASIANPAINT,77.53,78.93,77.52,78.75,698240,1.697,77.79,75.3,66.52,57.525,0.737,0.948,-0.2111,79.12,76.47,3.409,2007,9,3,2007-09,False
2007-09-14,ASIANPAINT,78.68,80.84,78.44,78.77,3118710,0.016,77.9,75.49,66.63,57.575,0.7452,0.9075,-0.1623,79.18,76.61,3.301,2007,9,3,2007-09,False
2007-09-17,ASIANPAINT,79.18,79.93,77.95,78.39,52360,-0.479,77.94,75.65,66.73,55.434,0.7131,0.8686,-0.1555,79.23,76.65,3.317,2007,9,3,2007-09,False
2007-09-18,ASIANPAINT,77.13,78.52,77.11,77.53,39490,-1.1,77.93,75.78,66.83,50.785,0.611,0.8171,-0.2061,79.23,76.63,3.344,2007,9,3,2007-09,False
2007-09-19,ASIANPAINT,78.35,79.6,77.19,77.32,128430,-0.267,77.95,75.91,66.93,49.706,0.5075,0.7551,-0.2477,79.19,76.72,3.166,2007,9,3,2007-09,False
2007-09-20,ASIANPAINT,77.52,79.15,77.52,78.7,271750,1.785,78.04,76.06,67.03,56.357,0.5307,0.7103,-0.1795,79.22,76.86,3.023,2007,9,3,2007-09,False
2007-09-21,ASIANPAINT,78.56,78.56,76.69,77.52,101960,-1.496,78.05,76.2,67.12,50.253,0.449,0.658,-0.209,79.21,76.9,2.963,2007,9,3,2007-09,False
2007-09-24,ASIANPAINT,77.36,79.18,77.11,78.77,2078870,1.604,78.09,76.34,67.22,55.71,0.479,0.6222,-0.1432,79.29,76.9,3.067,2007,9,3,2007-09,False
2007-09-25,ASIANPAINT,79.18,82.41,78.77,81.37,159960,3.31,78.31,76.52,67.33,64.503,0.7051,0.6388,0.0663,80.13,76.48,4.656,2007,9,3,2007-09,False
2007-09-26,ASIANPAINT,81.37,83.0,80.84,81.4,135040,0.036,78.5,76.68,67.45,64.587,0.8766,0.6863,0.1902,80.75,76.24,5.745,2007,9,3,2007-09,False
2007-09-27,ASIANPAINT,80.84,82.82,77.52,79.3,127260,-2.582,78.53,76.8,67.56,54.497,0.8332,0.7157,0.1175,80.81,76.25,5.815,2007,9,3,2007-09,False
2007-09-28,ASIANPAINT,80.84,82.83,78.9,81.95,2714390,3.335,78.72,76.97,67.68,62.447,1.0007,0.7727,0.228,81.46,75.98,6.956,2007,9,3,2007-09,False
2007-10-01,ASIANPAINT,79.6,82.91,79.6,80.13,136300,-2.216,78.78,77.12,67.79,55.304,0.9757,0.8133,0.1624,81.59,75.97,7.132,2007,10,4,2007-10,False
2007-10-03,ASIANPAINT,81.25,83.33,78.93,82.16,166220,2.53,78.97,77.3,67.91,60.708,1.1067,0.872,0.2347,82.15,75.79,8.057,2007,10,4,2007-10,False
2007-10-04,ASIANPAINT,79.42,82.58,79.42,81.7,200230,-0.555,79.14,77.44,68.03,58.98,1.1604,0.9297,0.2307,82.53,75.76,8.555,2007,10,4,2007-10,False
2007-10-05,ASIANPAINT,82.08,82.08,78.04,78.45,488410,-3.983,79.17,77.57,68.12,48.396,0.9296,0.9297,-0.0001,82.52,75.81,8.475,2007,10,4,2007-10,False
2007-10-08,ASIANPAINT,79.6,79.6,75.78,78.34,167700,-0.143,79.2,77.7,68.22,48.076,0.7293,0.8896,-0.1603,82.51,75.89,8.363,2007,10,4,2007-10,False
2007-10-09,ASIANPAINT,79.6,81.66,77.11,80.38,148170,2.604,79.28,77.87,68.33,54.033,0.7267,0.857,-0.1303,82.62,75.94,8.435,2007,10,4,2007-10,False
2007-10-10,ASIANPAINT,80.42,80.42,78.1,78.69,67950,-2.094,79.35,78.02,68.42,49.034,0.5821,0.802,-0.2199,82.57,76.13,8.113,2007,10,4,2007-10,False
2007-10-11,ASIANPAINT,77.28,82.08,77.28,81.48,208510,3.54,79.55,78.18,68.54,56.249,0.6845,0.7785,-0.094,82.78,76.33,8.096,2007,10,4,2007-10,False
2007-10-12,ASIANPAINT,80.26,81.23,78.85,80.05,669960,-1.755,79.62,78.35,68.64,52.166,0.6428,0.7514,-0.1086,82.82,76.41,8.05,2007,10,4,2007-10,False
2007-10-15,ASIANPAINT,80.42,81.34,79.02,80.59,402590,0.684,79.71,78.5,68.75,53.555,0.6464,0.7304,-0.084,82.92,76.5,8.045,2007,10,4,2007-10,False
2007-10-16,ASIANPAINT,80.82,82.66,78.77,80.44,129130,-0.195,79.81,78.63,68.86,53.077,0.6293,0.7102,-0.0808,82.97,76.65,7.917,2007,10,4,2007-10,False
2007-10-17,ASIANPAINT,76.86,79.81,76.69,78.6,83650,-2.288,79.87,78.73,68.96,47.719,0.462,0.6605,-0.1986,82.9,76.84,7.588,2007,10,4,2007-10,False
2007-10-18,ASIANPAINT,79.51,81.09,78.73,78.8,105470,0.259,79.94,78.81,69.06,48.339,0.3418,0.5968,-0.255,82.77,77.11,7.09,2007,10,4,2007-10,False
2007-10-19,ASIANPAINT,76.36,78.68,76.36,76.9,162360,-2.415,79.85,78.82,69.14,43.176,0.0919,0.4958,-0.4039,82.95,76.75,7.77,2007,10,4,2007-10,False
2007-10-22,ASIANPAINT,84.36,84.36,75.49,81.0,195560,5.337,80.02,78.88,69.24,54.472,0.2225,0.4411,-0.2187,82.96,77.09,7.344,2007,10,4,2007-10,False
2007-10-23,ASIANPAINT,82.89,82.89,79.76,80.72,6209380,-0.348,80.12,78.93,69.34,53.682,0.2998,0.4129,-0.1131,83.01,77.23,7.219,2007,10,4,2007-10,False
2007-10-24,ASIANPAINT,82.5,84.65,81.59,84.02,470290,4.083,80.25,78.98,69.45,60.829,0.6198,0.4543,0.1656,83.59,76.91,8.322,2007,10,4,2007-10,False
2007-10-25,ASIANPAINT,85.53,92.71,83.61,91.68,3995220,9.123,80.77,79.18,69.6,71.747,1.4749,0.6584,0.8165,86.87,74.66,15.112,2007,10,4,2007-10,False
2007-10-26,ASIANPAINT,90.46,90.52,83.87,84.23,596260,-8.128,81.01,79.31,69.73,55.539,1.5336,0.8334,0.7002,87.26,74.76,15.428,2007,10,4,2007-10,False
2007-10-29,ASIANPAINT,89.71,90.12,83.97,86.06,1144530,2.18,81.22,79.49,69.86,58.053,1.7086,1.0085,0.7001,87.86,74.58,16.346,2007,10,4,2007-10,False
2007-10-30,ASIANPAINT,87.62,87.62,84.28,84.65,1911930,-1.644,81.45,79.63,69.99,55.451,1.7134,1.1495,0.5639,88.23,74.66,16.668,2007,10,4,2007-10,False
2007-10-31,ASIANPAINT,85.03,86.78,85.03,86.14,49740,1.765,81.65,79.8,70.12,57.612,1.8167,1.2829,0.5338,88.75,74.54,17.399,2007,10,4,2007-10,False
2007-11-01,ASIANPAINT,87.2,91.71,85.53,90.65,233140,5.226,82.09,80.08,70.28,63.377,2.2362,1.4736,0.7626,90.26,73.93,19.891,2007,11,4,2007-11,False
2007-11-02,ASIANPAINT,86.45,90.12,86.37,88.27,212990,-2.619,82.58,80.31,70.4,58.833,2.3499,1.6488,0.7011,91.0,74.16,20.389,2007,11,4,2007-11,False
2007-11-05,ASIANPAINT,93.88,93.88,85.96,87.79,185880,-0.548,83.06,80.51,70.52,57.921,2.3736,1.7938,0.5798,91.53,74.58,20.41,2007,11,4,2007-11,False
2007-11-06,ASIANPAINT,87.21,88.87,85.12,86.99,133030,-0.913,83.39,80.7,70.62,56.364,2.3013,1.8953,0.406,91.94,74.84,20.509,2007,11,4,2007-11,False
2007-11-07,ASIANPAINT,85.95,88.45,85.2,87.75,177330,0.878,83.84,80.91,70.73,57.536,2.2792,1.9721,0.3072,92.3,75.38,20.189,2007,11,4,2007-11,False
2007-11-08,ASIANPAINT,85.45,87.95,85.03,85.54,33330,-2.52,84.04,81.07,70.83,53.089,2.0596,1.9896,0.07,92.46,75.62,20.036,2007,11,4,2007-11,False
2007-11-12,ASIANPAINT,85.45,85.45,79.28,80.85,192170,-5.483,84.08,81.11,70.91,45.125,1.49,1.8897,-0.3997,92.43,75.74,19.853,2007,11,4,2007-11,False
2007-11-13,ASIANPAINT,83.86,84.02,81.78,83.84,271600,3.695,84.24,81.22,71.0,50.246,1.265,1.7647,-0.4997,92.43,76.06,19.433,2007,11,4,2007-11,False
2007-11-14,ASIANPAINT,84.02,85.12,81.49,83.24,87370,-0.707,84.38,81.31,71.09,49.264,1.027,1.6172,-0.5902,92.39,76.38,18.973,2007,11,4,2007-11,False
2007-11-15,ASIANPAINT,84.2,84.2,82.61,83.47,243330,0.271,84.63,81.41,71.18,49.667,0.8469,1.4631,-0.6162,92.18,77.08,17.836,2007,11,4,2007-11,False
2007-11-16,ASIANPAINT,83.47,84.02,82.7,83.45,208630,-0.02,84.86,81.52,71.27,49.635,0.6948,1.3094,-0.6147,91.92,77.8,16.643,2007,11,4,2007-11,False
2007-11-19,ASIANPAINT,84.03,85.03,83.86,83.86,207770,0.495,85.21,81.64,71.36,50.471,0.6006,1.1677,-0.5671,91.23,79.19,14.125,2007,11,4,2007-11,False
2007-11-20,ASIANPAINT,83.86,84.7,83.62,83.86,46310,0.0,85.35,81.76,71.46,50.471,0.52,1.0381,-0.5182,91.08,79.63,13.416,2007,11,4,2007-11,False
2007-11-21,ASIANPAINT,81.03,84.45,81.03,83.45,180900,-0.498,85.49,81.85,71.55,49.509,0.4176,0.914,-0.4964,90.87,80.11,12.587,2007,11,4,2007-11,False
2007-11-22,ASIANPAINT,82.22,84.02,82.22,83.7,140600,0.3,85.47,81.98,71.65,50.123,0.3526,0.8018,-0.4491,90.87,80.07,12.636,2007,11,4,2007-11,False
2007-11-23,ASIANPAINT,84.02,84.02,81.36,82.71,58200,-1.181,85.02,82.09,71.75,47.656,0.2188,0.6852,-0.4664,89.7,80.35,10.987,2007,11,4,2007-11,False
2007-11-26,ASIANPAINT,81.5,83.86,81.5,83.32,87450,0.737,84.98,82.18,71.85,49.311,0.1601,0.5801,-0.4201,89.7,80.26,11.11,2007,11,4,2007-11,False
2007-11-27,ASIANPAINT,83.45,83.86,82.7,83.53,68740,0.255,84.85,82.27,71.94,49.907,0.1292,0.4899,-0.3608,89.59,80.12,11.158,2007,11,4,2007-11,False
2007-11-28,ASIANPAINT,80.19,84.28,80.19,83.99,2763840,0.544,84.82,82.39,72.03,51.226,0.1398,0.4199,-0.2801,89.57,80.07,11.199,2007,11,4,2007-11,False
2007-11-29,ASIANPAINT,84.28,84.28,79.61,83.29,1534180,-0.83,84.68,82.5,72.13,49.093,0.0909,0.3541,-0.2632,89.43,79.92,11.227,2007,11,4,2007-11,False
2007-11-30,ASIANPAINT,83.36,84.01,81.78,82.61,3959270,-0.812,84.28,82.61,72.22,47.046,-0.0023,0.2828,-0.2851,88.19,80.36,9.287,2007,11,4,2007-11,False
2007-12-03,ASIANPAINT,82.7,83.45,81.78,82.33,157990,-0.343,83.98,82.68,72.31,46.175,-0.0979,0.2067,-0.3046,87.5,80.46,8.378,2007,12,4,2007-12,False
2007-12-04,ASIANPAINT,83.11,83.45,82.77,83.06,26660,0.882,83.74,82.79,72.4,48.786,-0.1139,0.1426,-0.2564,86.79,80.7,7.27,2007,12,4,2007-12,False
2007-12-05,ASIANPAINT,83.06,84.03,82.7,83.64,48290,0.703,83.57,82.89,72.5,50.852,-0.0784,0.0984,-0.1768,86.21,80.94,6.302,2007,12,4,2007-12,False
2007-12-06,ASIANPAINT,83.45,83.78,82.2,82.98,66800,-0.788,83.34,82.92,72.6,48.476,-0.1024,0.0582,-0.1606,85.1,81.58,4.225,2007,12,4,2007-12,False
2007-12-07,ASIANPAINT,83.69,83.69,82.03,83.02,674400,0.05,83.21,82.95,72.7,48.639,-0.1166,0.0233,-0.1399,84.64,81.78,3.426,2007,12,4,2007-12,False
2007-12-10,ASIANPAINT,82.86,83.69,82.2,83.03,187360,0.015,83.32,83.03,72.81,48.692,-0.1255,-0.0065,-0.119,84.22,82.42,2.165,2007,12,4,2007-12,False
2007-12-11,ASIANPAINT,83.11,83.94,82.7,83.41,573110,0.452,83.3,83.06,72.93,50.336,-0.101,-0.0254,-0.0756,84.17,82.43,2.089,2007,12,4,2007-12,False
2007-12-12,ASIANPAINT,83.53,83.94,83.03,83.16,196020,-0.295,83.29,83.12,73.04,49.222,-0.1003,-0.0404,-0.06,84.17,82.42,2.094,2007,12,4,2007-12,False
2007-12-13,ASIANPAINT,84.02,84.03,81.86,82.11,102560,-1.269,83.23,83.12,73.15,44.66,-0.1829,-0.0689,-0.114,84.24,82.21,2.439,2007,12,4,2007-12,False
2007-12-14,ASIANPAINT,82.36,84.03,82.36,83.67,47470,1.906,83.24,83.16,73.27,51.793,-0.1206,-0.0792,-0.0414,84.27,82.21,2.475,2007,12,4,2007-12,False
2007-12-17,ASIANPAINT,83.03,83.86,82.7,83.11,36900,-0.668,83.2,83.25,73.39,49.345,-0.1151,-0.0864,-0.0287,84.19,82.21,2.374,2007,12,4,2007-12,False
2007-12-18,ASIANPAINT,83.78,83.78,82.23,82.45,32790,-0.803,83.13,83.33,73.51,46.518,-0.1627,-0.1017,-0.061,84.12,82.14,2.382,2007,12,4,2007-12,False
2007-12-19,ASIANPAINT,82.78,84.03,82.7,83.86,33330,1.711,83.15,83.4,73.66,52.685,-0.0857,-0.0985,0.0128,84.18,82.12,2.487,2007,12,4,2007-12,False
2007-12-20,ASIANPAINT,83.45,85.45,83.45,84.42,95140,0.672,83.19,83.52,73.81,54.92,0.0206,-0.0747,0.0953,84.34,82.03,2.783,2007,12,4,2007-12,False
2007-12-24,ASIANPAINT,89.47,89.47,84.28,87.8,126910,3.998,83.44,83.64,73.97,65.455,0.3729,0.0149,0.3581,85.78,81.1,5.619,2007,12,4,2007-12,False
2007-12-26,ASIANPAINT,93.63,93.63,87.2,91.8,363010,4.567,83.86,83.88,74.15,73.405,0.9645,0.2048,0.7597,88.28,79.45,10.522,2007,12,4,2007-12,False
2007-12-27,ASIANPAINT,93.04,93.88,90.46,90.55,79620,-1.363,84.21,84.08,74.32,68.133,1.3172,0.4273,0.8899,89.54,78.89,12.644,2007,12,4,2007-12,False
2007-12-28,ASIANPAINT,88.04,93.38,85.58,91.78,2826410,1.359,84.6,84.3,74.49,70.385,1.6767,0.6772,0.9996,90.91,78.3,14.905,2007,12,4,2007-12,False
2007-12-31,ASIANPAINT,98.47,98.47,91.4,91.75,65810,-0.032,85.03,84.57,74.67,70.258,1.9369,0.9291,1.0078,92.06,78.0,16.532,2007,12,4,2007-12,False
2008-01-01,ASIANPAINT,95.05,95.63,91.05,94.64,105560,3.142,85.63,84.88,74.86,75.042,2.3487,1.213,1.1357,93.76,77.5,18.988,2008,1,1,2008-01,False
2008-01-02,ASIANPAINT,94.71,97.22,92.8,94.82,191880,0.194,86.25,85.24,75.05,75.314,2.6592,1.5023,1.157,95.2,77.31,20.733,2008,1,1,2008-01,False
2008-01-03,ASIANPAINT,95.21,95.87,93.71,95.05,133510,0.242,86.85,85.52,75.24,75.671,2.8905,1.7799,1.1106,96.48,77.23,22.156,2008,1,1,2008-01,False
2008-01-04,ASIANPAINT,95.96,96.62,92.71,95.21,208380,0.162,87.43,85.81,75.43,75.923,3.0511,2.0342,1.0169,97.61,77.25,23.292,2008,1,1,2008-01,False
2008-01-07,ASIANPAINT,95.21,101.89,89.93,101.17,222280,6.267,88.34,86.15,75.64,83.185,3.6181,2.3509,1.2671,99.99,76.69,26.379,2008,1,1,2008-01,False
2008-01-08,ASIANPAINT,101.14,108.47,98.38,104.16,403670,2.953,89.4,86.4,75.87,85.537,4.2594,2.7326,1.5268,102.73,76.06,29.829,2008,1,1,2008-01,False
2008-01-09,ASIANPAINT,104.16,108.4,98.97,100.38,1437040,-3.629,90.27,86.73,76.08,71.843,4.4118,3.0685,1.3433,104.1,76.43,30.659,2008,1,1,2008-01,False
2008-01-10,ASIANPAINT,100.72,100.72,96.06,97.82,68440,-2.548,90.99,86.96,76.27,64.338,4.2768,3.3101,0.9667,104.82,77.15,30.412,2008,1,1,2008-01,False
2008-01-11,ASIANPAINT,98.05,98.05,93.67,96.57,49530,-1.284,91.66,87.2,76.45,60.97,4.0222,3.4525,0.5696,105.19,78.12,29.534,2008,1,1,2008-01,False
2008-01-14,ASIANPAINT,91.01,96.72,91.01,93.8,51850,-2.86,92.24,87.35,76.61,54.244,3.5565,3.4733,0.0832,105.03,79.45,27.727,2008,1,1,2008-01,False
2008-01-15,ASIANPAINT,98.47,98.47,90.96,91.76,84430,-2.18,92.65,87.38,76.76,49.859,2.988,3.3763,-0.3883,104.79,80.5,26.213,2008,1,1,2008-01,False
2008-01-16,ASIANPAINT,91.71,92.79,89.71,90.64,364870,-1.219,93.02,87.42,76.89,47.594,2.4194,3.1849,-0.7655,104.36,81.68,24.378,2008,1,1,2008-01,False
2008-01-17,ASIANPAINT,90.12,91.71,88.45,90.69,91120,0.051,93.43,87.48,77.04,47.699,1.95,2.9379,-0.9879,103.7,83.16,21.981,2008,1,1,2008-01,False
2008-01-18,ASIANPAINT,87.79,90.96,84.7,86.79,217260,-4.302,93.58,87.48,77.16,40.303,1.2487,2.6001,-1.3513,103.35,83.82,20.87,2008,1,1,2008-01,False
2008-01-21,ASIANPAINT,90.12,90.12,86.04,87.25,1040430,0.538,93.72,87.47,77.28,41.473,0.7224,2.2245,-1.5021,103.0,84.45,19.794,2008,1,1,2008-01,False
2008-01-22,ASIANPAINT,80.36,100.05,75.35,79.28,358100,-9.143,93.3,87.34,77.35,30.484,-0.3346,1.7127,-2.0473,104.33,82.26,23.66,2008,1,1,2008-01,False
2008-01-23,ASIANPAINT,86.79,87.2,81.03,83.67,1102060,5.542,92.89,87.4,77.44,39.925,-0.8084,1.2085,-2.0169,104.73,81.05,25.49,2008,1,1,2008-01,False
2008-01-24,ASIANPAINT,84.37,88.45,82.61,84.8,2792830,1.346,92.6,87.42,77.54,42.097,-1.0806,0.7507,-1.8313,104.95,80.25,26.667,2008,1,1,2008-01,False
2008-01-25,ASIANPAINT,84.7,92.64,84.7,87.37,274530,3.031,92.38,87.5,77.64,46.82,-1.0765,0.3853,-1.4617,104.95,79.82,27.203,2008,1,1,2008-01,False
2008-01-28,ASIANPAINT,86.79,95.12,83.61,94.06,235940,7.66,92.5,87.71,77.78,56.72,-0.5271,0.2028,-0.7299,105.08,79.91,27.208,2008,1,1,2008-01,False
2008-01-29,ASIANPAINT,94.05,95.96,89.04,92.44,88070,-1.717,92.39,87.89,77.9,54.103,-0.2195,0.1183,-0.3378,104.93,79.84,27.153,2008,1,1,2008-01,False
2008-01-30,ASIANPAINT,92.63,100.14,91.79,98.47,252020,6.517,92.57,88.18,78.06,61.281,0.5046,0.1956,0.3091,105.36,79.77,27.645,2008,1,1,2008-01,False
2008-01-31,ASIANPAINT,98.3,110.15,91.96,103.99,537940,5.606,93.01,88.59,78.25,66.457,1.5066,0.4578,1.0488,106.76,79.27,29.563,2008,1,1,2008-01,False
2008-02-01,ASIANPAINT,105.14,105.14,94.55,97.63,186080,-6.111,93.14,88.87,78.42,57.009,1.7675,0.7197,1.0478,107.01,79.26,29.79,2008,2,1,2008-02,False
2008-02-04,ASIANPAINT,100.25,103.31,98.13,99.81,747470,2.227,93.07,89.19,78.58,59.149,2.1252,1.0008,1.1244,106.79,79.35,29.482,2008,2,1,2008-02,False
2008-02-05,ASIANPAINT,100.55,102.64,99.72,101.51,212330,1.701,92.94,89.57,78.76,60.79,2.5167,1.304,1.2127,106.25,79.62,28.649,2008,2,1,2008-02,False
2008-02-06,ASIANPAINT,96.8,101.31,96.8,100.78,2718600,-0.711,92.96,89.92,78.93,59.692,2.7371,1.5906,1.1465,106.32,79.59,28.748,2008,2,1,2008-02,False
2008-02-07,ASIANPAINT,98.47,100.55,93.43,95.18,327970,-5.564,92.82,90.15,79.08,51.855,2.4313,1.7587,0.6726,106.03,79.61,28.463,2008,2,1,2008-02,False
2008-02-08,ASIANPAINT,95.96,99.3,92.21,98.47,1520360,3.459,92.92,90.44,79.24,55.545,2.4266,1.8923,0.5343,106.27,79.57,28.735,2008,2,1,2008-02,False
2008-02-11,ASIANPAINT,98.47,100.14,94.3,96.1,79230,-2.403,93.03,90.7,79.39,52.435,2.2066,1.9552,0.2514,106.45,79.61,28.854,2008,2,1,2008-02,False
2008-02-12,ASIANPAINT,96.38,96.8,91.84,96.1,117070,-0.004,93.25,90.97,79.54,52.43,2.0087,1.9659,0.0428,106.73,79.78,28.901,2008,2,1,2008-02,False
2008-02-13,ASIANPAINT,96.3,98.47,94.3,95.77,107020,-0.339,93.51,91.24,79.69,51.965,1.8048,1.9337,-0.1289,106.97,80.05,28.792,2008,2,1,2008-02,False
2008-02-14,ASIANPAINT,97.38,97.55,95.96,96.27,63320,0.518,93.79,91.5,79.84,52.654,1.6641,1.8797,-0.2157,107.23,80.34,28.675,2008,2,1,2008-02,False
2008-02-15,ASIANPAINT,96.38,97.38,95.96,96.27,41160,-0.004,94.26,91.75,79.99,52.647,1.5346,1.8107,-0.2761,107.33,81.19,27.733,2008,2,1,2008-02,False
2008-02-18,ASIANPAINT,97.47,97.63,95.23,95.99,20900,-0.282,94.7,92.01,80.13,52.173,1.394,1.7274,-0.3334,107.36,82.03,26.743,2008,2,1,2008-02,False
2008-02-19,ASIANPAINT,96.55,97.04,92.21,92.76,85520,-3.369,95.37,92.21,80.27,46.769,1.01,1.5839,-0.5739,105.82,84.92,21.908,2008,2,1,2008-02,False
2008-02-20,ASIANPAINT,93.46,95.54,90.04,90.73,43270,-2.186,95.72,92.36,80.41,43.711,0.5358,1.3743,-0.8384,104.91,86.54,19.185,2008,2,1,2008-02,False
2008-02-21,ASIANPAINT,91.79,93.84,86.79,87.94,111780,-3.076,95.88,92.45,80.52,39.849,-0.0644,1.0865,-1.1509,104.36,87.41,17.677,2008,2,1,2008-02,False
2008-02-22,ASIANPAINT,87.7,93.04,86.87,91.48,38830,4.019,96.09,92.62,80.66,46.316,-0.252,0.8188,-1.0709,103.86,88.31,16.184,2008,2,1,2008-02,False
2008-02-25,ASIANPAINT,94.71,99.22,90.96,94.71,108640,3.535,96.12,92.87,80.8,51.459,-0.1382,0.6274,-0.7656,103.86,88.37,16.116,2008,2,1,2008-02,False
2008-02-26,ASIANPAINT,95.13,95.13,93.46,94.38,68870,-0.352,96.22,93.08,80.95,50.917,-0.0741,0.4871,-0.5612,103.82,88.62,15.795,2008,2,1,2008-02,False
2008-02-27,ASIANPAINT,94.71,100.47,94.38,100.01,452810,5.968,96.29,93.42,81.11,58.806,0.4263,0.475,-0.0486,104.02,88.57,16.045,2008,2,1,2008-02,False
2008-02-28,ASIANPAINT,99.3,99.3,91.91,94.82,219470,-5.186,95.84,93.67,81.24,50.722,0.3998,0.4599,-0.0601,102.67,89.0,14.274,2008,2,1,2008-02,False
2008-02-29,ASIANPAINT,95.88,95.88,91.79,93.04,90510,-1.875,95.61,93.85,81.37,48.273,0.2327,0.4145,-0.1818,102.5,88.71,14.421,2008,2,1,2008-02,False
2008-03-03,ASIANPAINT,91.79,98.3,91.12,96.82,134990,4.058,95.46,94.1,81.52,53.419,0.4003,0.4117,-0.0113,102.09,88.82,13.901,2008,3,1,2008-03,False
2008-03-04,ASIANPAINT,93.46,98.38,93.46,97.29,87700,0.487,95.25,94.29,81.66,54.034,0.5647,0.4423,0.1225,101.31,89.18,12.745,2008,3,1,2008-03,False
2008-03-05,ASIANPAINT,97.47,97.47,93.88,94.8,217150,-2.565,94.95,94.35,81.8,50.253,0.488,0.4514,0.0366,100.43,89.46,11.546,2008,3,1,2008-03,False
2008-03-07,ASIANPAINT,93.88,95.12,91.89,93.79,633930,-1.061,94.88,94.42,81.92,48.772,0.3422,0.4296,-0.0874,100.38,89.37,11.602,2008,3,1,2008-03,False
2008-03-10,ASIANPAINT,92.64,97.63,91.63,96.77,2251280,3.181,94.79,94.52,82.07,53.181,0.462,0.4361,0.0259,100.11,89.47,11.225,2008,3,1,2008-03,False
2008-03-11,ASIANPAINT,95.71,100.14,95.13,97.2,177140,0.435,94.85,94.62,82.21,53.786,0.5842,0.4657,0.1185,100.25,89.45,11.385,2008,3,1,2008-03,False
2008-03-12,ASIANPAINT,96.88,98.89,95.46,96.52,82340,-0.691,94.87,94.66,82.35,52.618,0.6197,0.4965,0.1232,100.29,89.45,11.433,2008,3,1,2008-03,False
2008-03-13,ASIANPAINT,96.05,96.47,93.96,94.56,375560,-2.032,94.81,94.66,82.48,49.258,0.4841,0.494,-0.01,100.22,89.4,11.407,2008,3,1,2008-03,False
2008-03-14,ASIANPAINT,95.8,98.47,94.46,95.2,5044210,0.671,94.75,94.66,82.61,50.362,0.4228,0.4798,-0.0569,100.12,89.39,11.33,2008,3,1,2008-03,False
2008-03-17,ASIANPAINT,92.21,95.13,87.79,92.27,502990,-3.072,94.55,94.6,82.72,45.45,0.1367,0.4112,-0.2744,99.98,89.13,11.48,2008,3,1,2008-03,False
2008-03-18,ASIANPAINT,91.79,95.13,90.96,94.62,108130,2.541,94.49,94.47,82.83,49.687,0.0981,0.3485,-0.2505,99.87,89.1,11.4,2008,3,1,2008-03,False
2008-03-19,ASIANPAINT,92.79,100.8,91.79,98.06,12180790,3.634,94.75,94.35,82.97,55.183,0.3409,0.347,-0.0061,100.3,89.2,11.708,2008,3,1,2008-03,False
2008-03-24,ASIANPAINT,98.05,99.72,95.96,97.45,284490,-0.621,95.09,94.29,83.11,54.056,0.4787,0.3734,0.1054,100.42,89.75,11.214,2008,3,1,2008-03,False
2008-03-25,ASIANPAINT,98.3,98.3,96.01,96.61,108820,-0.856,95.52,94.27,83.24,52.475,0.5146,0.4016,0.113,99.69,91.35,8.728,2008,3,1,2008-03,False
2008-03-26,ASIANPAINT,96.8,96.8,95.96,96.56,56880,-0.056,95.77,94.26,83.37,52.368,0.5326,0.4278,0.1048,99.5,92.05,7.782,2008,3,1,2008-03,False
2008-03-27,ASIANPAINT,95.96,98.05,95.88,97.19,1740100,0.657,95.9,94.33,83.51,53.563,0.5912,0.4605,0.1307,99.64,92.16,7.805,2008,3,1,2008-03,False
2008-03-28,ASIANPAINT,97.8,98.89,96.38,98.38,121070,1.223,96.1,94.47,83.64,55.801,0.7252,0.5134,0.2118,99.93,92.27,7.965,2008,3,1,2008-03,False
2008-03-31,ASIANPAINT,97.63,100.55,96.8,100.13,188480,1.777,96.1,94.65,83.79,58.934,0.9614,0.603,0.3584,99.96,92.25,8.019,2008,3,1,2008-03,False
2008-04-01,ASIANPAINT,100.14,102.64,99.14,99.98,129880,-0.146,96.36,94.84,83.94,58.561,1.1239,0.7072,0.4167,100.53,92.19,8.655,2008,4,2,2008-04,False
2008-04-02,ASIANPAINT,100.8,103.31,97.22,99.05,52140,-0.935,96.66,95.09,84.07,56.11,1.1638,0.7985,0.3653,100.69,92.64,8.331,2008,4,2,2008-04,False
2008-04-03,ASIANPAINT,99.3,99.71,97.05,98.71,85020,-0.337,96.76,95.32,84.21,55.221,1.1552,0.8699,0.2853,100.89,92.63,8.537,2008,4,2,2008-04,False
2008-04-04,ASIANPAINT,99.05,99.3,96.02,98.81,35510,0.097,96.83,95.71,84.35,55.44,1.1429,0.9245,0.2185,101.06,92.61,8.728,2008,4,2,2008-04,False
2008-04-07,ASIANPAINT,98.89,99.14,97.63,98.76,26520,-0.055,97.03,96.01,84.49,55.276,1.116,0.9628,0.1532,101.23,92.84,8.647,2008,4,2,2008-04,False
2008-04-08,ASIANPAINT,97.98,99.97,97.63,98.64,113640,-0.114,97.27,96.28,84.63,54.912,1.0731,0.9848,0.0883,101.23,93.31,8.144,2008,4,2,2008-04,False
2008-04-09,ASIANPAINT,98.72,103.06,98.72,102.02,348320,3.422,97.54,96.58,84.79,62.81,1.2966,1.0472,0.2494,102.02,93.05,9.191,2008,4,2,2008-04,False
2008-04-10,ASIANPAINT,102.97,102.97,100.14,101.39,139070,-0.613,97.75,96.72,84.96,60.687,1.407,1.1192,0.2879,102.54,92.95,9.815,2008,4,2,2008-04,False
2008-04-11,ASIANPAINT,98.05,102.39,94.03,100.13,378790,-1.247,97.93,96.88,85.12,56.531,1.3766,1.1707,0.206,102.8,93.05,9.954,2008,4,2,2008-04,False
2008-04-15,ASIANPAINT,99.47,100.97,99.47,100.17,16010,0.042,98.21,96.91,85.27,56.637,1.3404,1.2046,0.1358,102.91,93.5,9.575,2008,4,2,2008-04,False
2008-04-16,ASIANPAINT,100.3,102.64,99.3,100.25,48660,0.083,98.46,96.84,85.43,56.862,1.3035,1.2244,0.0791,103.02,93.9,9.267,2008,4,2,2008-04,False
2008-04-17,ASIANPAINT,101.81,102.63,100.14,101.72,114830,1.461,98.93,96.92,85.6,60.724,1.3765,1.2548,0.1217,102.68,95.18,7.578,2008,4,2,2008-04,False
2008-04-21,ASIANPAINT,101.31,104.06,100.97,103.55,91220,1.805,99.38,96.99,85.78,64.959,1.5645,1.3167,0.2477,103.09,95.66,7.474,2008,4,2,2008-04,False
2008-04-22,ASIANPAINT,103.39,103.47,101.22,103.03,41370,-0.504,99.63,97.02,85.95,62.885,1.6523,1.3839,0.2685,103.62,95.63,8.023,2008,4,2,2008-04,False
2008-04-23,ASIANPAINT,102.47,103.31,101.56,102.53,32820,-0.486,99.88,97.06,86.12,60.875,1.6624,1.4396,0.2228,103.94,95.82,8.128,2008,4,2,2008-04,False
2008-04-24,ASIANPAINT,102.53,103.06,101.39,101.84,211510,-0.675,100.14,97.19,86.28,58.108,1.596,1.4708,0.1252,103.98,96.3,7.669,2008,4,2,2008-04,False
2008-04-25,ASIANPAINT,102.47,103.31,101.81,102.62,17430,0.766,100.45,97.28,86.44,60.297,1.5881,1.4943,0.0938,104.04,96.85,7.163,2008,4,2,2008-04,False
2008-04-28,ASIANPAINT,102.81,104.31,102.48,103.78,56350,1.134,100.78,97.43,86.6,63.373,1.6567,1.5268,0.1299,104.33,97.23,7.045,2008,4,2,2008-04,False
2008-04-29,ASIANPAINT,102.89,105.3,102.86,104.76,75670,0.945,101.09,97.6,86.77,65.777,1.7697,1.5754,0.1944,104.88,97.31,7.485,2008,4,2,2008-04,False
2008-04-30,ASIANPAINT,104.98,107.23,104.48,106.84,112990,1.979,101.43,97.82,86.95,70.229,2.0036,1.661,0.3426,105.97,96.89,8.947,2008,4,2,2008-04,False
2008-05-02,ASIANPAINT,106.81,108.4,105.14,106.47,215770,-0.348,101.75,98.03,87.13,68.51,2.1343,1.7557,0.3786,106.76,96.75,9.837,2008,5,2,2008-05,False
2008-05-05,ASIANPAINT,106.4,108.06,105.14,107.22,69380,0.705,102.16,98.25,87.31,70.104,2.2723,1.859,0.4133,107.56,96.77,10.558,2008,5,2,2008-05,False
2008-05-06,ASIANPAINT,107.15,108.23,105.57,107.11,78290,-0.101,102.58,98.47,87.48,69.556,2.3459,1.9564,0.3895,108.15,97.02,10.854,2008,5,2,2008-05,False
2008-05-07,ASIANPAINT,107.23,111.32,105.57,106.35,38620,-0.709,102.96,98.74,87.64,65.689,2.3163,2.0284,0.2879,108.47,97.45,10.707,2008,5,2,2008-05,False
2008-05-08,ASIANPAINT,103.56,106.31,101.39,102.96,102440,-3.19,103.17,98.99,87.79,51.826,1.996,2.0219,-0.0259,108.32,98.02,9.975,2008,5,2,2008-05,False
2008-05-09,ASIANPAINT,105.14,105.14,100.99,102.01,110860,-0.916,103.34,99.27,87.94,48.747,1.6472,1.947,-0.2998,108.06,98.61,9.145,2008,5,2,2008-05,False
2008-05-12,ASIANPAINT,101.97,101.97,99.72,100.41,106690,-1.575,103.26,99.45,88.07,43.955,1.2269,1.803,-0.576,108.13,98.39,9.437,2008,5,2,2008-05,False
2008-05-13,ASIANPAINT,100.89,103.48,100.14,103.05,64880,2.635,103.34,99.61,88.22,52.275,1.0947,1.6613,-0.5666,108.14,98.55,9.279,2008,5,2,2008-05,False
2008-05-14,ASIANPAINT,102.47,103.31,101.31,102.5,62570,-0.538,103.46,99.78,88.36,50.578,0.9344,1.5159,-0.5815,108.03,98.89,8.839,2008,5,2,2008-05,False
2008-05-15,ASIANPAINT,102.43,103.4,100.97,101.57,38770,-0.904,103.53,99.81,88.51,47.791,0.7243,1.3576,-0.6333,107.93,99.13,8.5,2008,5,2,2008-05,False
2008-05-16,ASIANPAINT,101.56,104.31,100.98,101.29,20380,-0.275,103.58,99.94,88.66,46.95,0.5291,1.1919,-0.6628,107.84,99.32,8.224,2008,5,2,2008-05,False
2008-05-20,ASIANPAINT,101.47,103.06,100.28,102.28,84280,0.976,103.61,100.12,88.81,50.283,0.449,1.0433,-0.5943,107.82,99.39,8.136,2008,5,2,2008-05,False
2008-05-21,ASIANPAINT,101.64,102.47,99.72,101.87,53870,-0.404,103.53,100.22,88.96,48.901,0.3482,0.9043,-0.5561,107.81,99.24,8.28,2008,5,2,2008-05,False
2008-05-22,ASIANPAINT,100.72,103.02,100.72,102.3,48210,0.426,103.49,100.32,89.11,50.442,0.2998,0.7834,-0.4836,107.8,99.17,8.341,2008,5,2,2008-05,False
2008-05-23,ASIANPAINT,102.22,102.89,102.22,102.34,30880,0.033,103.48,100.47,89.26,50.565,0.2612,0.679,-0.4177,107.8,99.15,8.361,2008,5,2,2008-05,False
2008-05-26,ASIANPAINT,101.39,102.97,100.22,102.29,127620,-0.049,103.5,100.64,89.41,50.363,0.224,0.588,-0.364,107.8,99.21,8.299,2008,5,2,2008-05,False
2008-05-27,ASIANPAINT,102.14,106.48,101.39,103.58,282310,1.269,103.55,100.78,89.56,55.358,0.2958,0.5295,-0.2338,107.82,99.27,8.257,2008,5,2,2008-05,False
2008-05-28,ASIANPAINT,103.31,104.55,102.66,103.31,139470,-0.266,103.53,100.9,89.71,54.113,0.3267,0.489,-0.1623,107.8,99.25,8.258,2008,5,2,2008-05,False
2008-05-29,ASIANPAINT,103.22,105.89,102.64,105.09,130410,1.729,103.54,101.07,89.86,60.341,0.4896,0.4891,0.0005,107.84,99.24,8.301,2008,5,2,2008-05,False
2008-05-30,ASIANPAINT,105.06,107.73,104.31,107.31,98320,2.104,103.57,101.33,90.01,66.418,0.7881,0.5489,0.2392,107.94,99.19,8.453,2008,5,2,2008-05,False
2008-06-02,ASIANPAINT,107.65,108.4,104.48,105.25,58680,-1.913,103.5,101.53,90.15,57.595,0.8492,0.609,0.2403,107.74,99.27,8.191,2008,6,2,2008-06,False
2008-06-03,ASIANPAINT,103.89,104.72,103.06,103.79,142070,-1.391,103.33,101.76,90.27,52.261,0.7706,0.6413,0.1293,107.2,99.47,7.486,2008,6,2,2008-06,False
2008-06-04,ASIANPAINT,103.73,104.71,101.06,104.31,50280,0.502,103.19,101.95,90.39,53.898,0.7419,0.6614,0.0804,106.67,99.72,6.735,2008,6,2,2008-06,False
2008-06-05,ASIANPAINT,104.31,105.14,103.07,104.86,19570,0.532,103.12,102.09,90.5,55.642,0.7551,0.6802,0.075,106.37,99.87,6.298,2008,6,2,2008-06,False
2008-06-06,ASIANPAINT,103.69,106.73,103.69,105.21,34840,0.33,103.23,102.24,90.64,56.741,0.7845,0.701,0.0835,106.61,99.85,6.543,2008,6,2,2008-06,False
2008-06-09,ASIANPAINT,104.31,105.97,100.14,104.81,330370,-0.377,103.37,102.41,90.78,55.059,0.767,0.7142,0.0528,106.77,99.97,6.573,2008,6,2,2008-06,False
2008-06-10,ASIANPAINT,103.56,105.39,103.48,104.86,372820,0.048,103.59,102.57,90.92,55.24,0.7486,0.7211,0.0275,106.75,100.44,6.09,2008,6,2,2008-06,False
2008-06-11,ASIANPAINT,104.81,107.98,103.51,107.47,68330,2.483,103.82,102.78,91.07,63.459,0.9333,0.7635,0.1697,107.4,100.23,6.904,2008,6,2,2008-06,False
2008-06-12,ASIANPAINT,108.24,109.37,105.42,105.93,592430,-1.433,103.99,102.93,91.21,56.815,0.9445,0.7997,0.1448,107.63,100.34,7.013,2008,6,2,2008-06,False
2008-06-13,ASIANPAINT,106.93,107.61,103.84,106.72,59760,0.743,104.24,103.06,91.36,59.167,1.0053,0.8408,0.1645,107.9,100.59,7.012,2008,6,2,2008-06,False
2008-06-16,ASIANPAINT,106.43,108.09,106.39,107.56,709850,0.796,104.56,103.21,91.51,61.6,1.1093,0.8945,0.2147,108.22,100.89,7.011,2008,6,2,2008-06,False
2008-06-17,ASIANPAINT,107.27,107.27,105.25,105.94,50310,-1.513,104.74,103.35,91.65,54.856,1.0482,0.9253,0.123,108.29,101.19,6.779,2008,6,2,2008-06,False
2008-06-18,ASIANPAINT,106.42,106.68,105.08,105.44,606470,-0.469,104.92,103.49,91.79,52.952,0.9488,0.93,0.0189,108.21,101.63,6.275,2008,6,2,2008-06,False
2008-06-19,ASIANPAINT,106.77,111.03,103.32,106.02,571340,0.551,105.1,103.63,91.94,54.922,0.9065,0.9253,-0.0188,108.19,102.02,5.866,2008,6,2,2008-06,False
2008-06-20,ASIANPAINT,106.01,107.1,105.34,106.03,463090,0.012,105.29,103.78,92.07,54.967,0.864,0.913,-0.0491,108.11,102.47,5.349,2008,6,2,2008-06,False
2008-06-23,ASIANPAINT,107.27,107.27,103.06,104.91,1284930,-1.055,105.42,103.9,92.21,50.266,0.7315,0.8767,-0.1452,107.87,102.97,4.642,2008,6,2,2008-06,False
2008-06-24,ASIANPAINT,104.33,104.75,101.8,103.06,190180,-1.772,105.39,103.92,92.33,43.594,0.4711,0.7956,-0.3245,107.93,102.85,4.82,2008,6,2,2008-06,False
2008-06-25,ASIANPAINT,101.8,103.23,96.75,97.62,213730,-5.27,105.11,103.85,92.42,30.754,-0.1715,0.6022,-0.7737,109.34,100.88,8.051,2008,6,2,2008-06,False
2008-06-26,ASIANPAINT,100.12,100.96,98.02,99.01,149350,1.422,104.81,103.82,92.53,35.947,-0.5623,0.3693,-0.9316,109.84,99.77,9.607,2008,6,2,2008-06,False
2008-06-27,ASIANPAINT,97.85,100.11,93.01,97.26,78590,-1.767,104.3,103.77,92.62,32.625,-1.0016,0.0951,-1.0967,110.22,98.39,11.335,2008,6,2,2008-06,False
2008-06-30,ASIANPAINT,97.26,100.71,95.91,96.69,178630,-0.588,103.88,103.7,92.72,31.597,-1.3801,-0.1999,-1.1802,110.67,97.08,13.085,2008,6,2,2008-06,False
2008-07-01,ASIANPAINT,96.93,97.67,89.19,90.99,121530,-5.9,103.24,103.48,92.78,23.61,-2.1159,-0.5831,-1.5328,112.15,94.32,17.267,2008,7,3,2008-07,False
2008-07-02,ASIANPAINT,90.78,90.78,84.31,88.04,157450,-3.236,102.42,103.17,92.83,20.7,-2.9032,-1.0471,-1.8561,113.6,91.24,21.833,2008,7,3,2008-07,False
2008-07-03,ASIANPAINT,88.09,89.08,85.65,86.36,108150,-1.911,101.5,102.84,92.88,19.241,-3.6212,-1.5619,-2.0592,114.71,88.29,26.028,2008,7,3,2008-07,False
2008-07-04,ASIANPAINT,86.57,87.5,84.98,86.84,51750,0.56,100.58,102.52,92.92,20.966,-4.1038,-2.0703,-2.0335,115.18,85.98,29.037,2008,7,3,2008-07,False
2008-07-07,ASIANPAINT,86.74,89.18,86.67,88.46,20480,1.86,99.76,102.26,92.97,26.603,-4.3063,-2.5175,-1.7888,115.17,84.35,30.901,2008,7,3,2008-07,False
2008-07-08,ASIANPAINT,86.66,89.1,85.9,86.25,75860,-2.497,98.83,101.93,93.01,24.075,-4.5921,-2.9324,-1.6597,115.17,82.49,33.059,2008,7,3,2008-07,False
2008-07-09,ASIANPAINT,87.58,88.19,86.24,86.98,63550,0.849,97.81,101.59,93.05,26.566,-4.7053,-3.287,-1.4183,114.43,81.18,33.991,2008,7,3,2008-07,False
2008-07-10,ASIANPAINT,87.5,87.5,86.66,87.13,46000,0.169,96.87,101.24,93.1,27.084,-4.7286,-3.5753,-1.1533,113.68,80.05,34.715,2008,7,3,2008-07,False
2008-07-11,ASIANPAINT,87.5,88.85,86.66,88.5,61020,1.569,95.96,100.87,93.15,31.89,-4.5839,-3.777,-0.8068,112.49,79.42,34.472,2008,7,3,2008-07,False
2008-07-14,ASIANPAINT,87.5,90.02,86.68,88.49,118590,-0.005,95.0,100.51,93.21,31.883,-4.4186,-3.9053,-0.5133,110.91,79.09,33.489,2008,7,3,2008-07,False
2008-07-15,ASIANPAINT,88.68,88.85,87.08,87.47,1358780,-1.16,94.08,100.12,93.25,30.153,-4.3207,-3.9884,-0.3322,109.45,78.71,32.675,2008,7,3,2008-07,False
2008-07-16,ASIANPAINT,87.5,87.5,84.13,84.3,78050,-3.622,93.02,99.66,93.27,25.546,-4.4474,-4.0802,-0.3672,108.0,78.04,32.214,2008,7,3,2008-07,False
2008-07-17,ASIANPAINT,86.49,88.34,84.97,87.0,414170,3.209,92.07,99.27,93.29,34.718,-4.2802,-4.1202,-0.16,105.95,78.19,30.157,2008,7,3,2008-07,False
2008-07-18,ASIANPAINT,86.66,89.0,86.49,88.32,45570,1.518,91.18,98.98,93.34,38.691,-3.995,-4.0952,0.1001,103.49,78.88,26.982,2008,7,3,2008-07,False
2008-07-21,ASIANPAINT,87.41,89.61,87.41,89.41,30490,1.234,90.41,98.73,93.38,41.834,-3.6392,-4.004,0.3648,100.89,79.93,23.177,2008,7,3,2008-07,False
2008-07-22,ASIANPAINT,89.35,91.96,89.01,89.45,56800,0.042,89.73,98.51,93.42,41.946,-3.3159,-3.8664,0.5504,98.35,81.11,19.219,2008,7,3,2008-07,False
2008-07-23,ASIANPAINT,90.28,99.66,90.28,93.46,156950,4.482,89.52,98.32,93.48,52.352,-2.705,-3.6341,0.9291,97.52,81.52,17.869,2008,7,3,2008-07,False
2008-07-24,ASIANPAINT,93.81,96.42,93.81,94.44,62560,1.049,89.29,98.16,93.54,54.5,-2.1174,-3.3308,1.2133,96.35,82.23,15.819,2008,7,3,2008-07,False
2008-07-25,ASIANPAINT,94.23,94.9,92.97,93.98,31200,-0.486,89.13,98.01,93.62,53.29,-1.6695,-2.9985,1.329,95.53,82.72,14.372,2008,7,3,2008-07,False
2008-07-28,ASIANPAINT,94.65,96.46,93.39,95.77,286520,1.902,89.08,97.9,93.71,57.273,-1.1569,-2.6302,1.4733,95.27,82.9,13.886,2008,7,3,2008-07,False
2008-07-29,ASIANPAINT,94.9,97.17,94.24,96.75,39720,1.028,89.37,97.78,93.79,59.33,-0.6636,-2.2369,1.5733,96.41,82.33,15.75,2008,7,3,2008-07,False
2008-07-30,ASIANPAINT,98.93,100.96,96.75,100.12,98030,3.483,89.97,97.75,93.9,65.458,-0.0007,-1.7896,1.7889,98.46,81.49,18.857,2008,7,3,2008-07,False
2008-07-31,ASIANPAINT,100.62,103.48,99.37,101.33,564360,1.21,90.72,97.73,94.0,67.363,0.6153,-1.3086,1.9239,100.42,81.03,21.376,2008,7,3,2008-07,False
2008-08-01,ASIANPAINT,100.96,103.06,100.96,101.83,667920,0.49,91.47,97.72,94.11,68.138,1.1305,-0.8208,1.9513,102.17,80.77,23.392,2008,8,3,2008-08,False
2008-08-04,ASIANPAINT,103.06,105.06,102.22,103.08,94710,1.227,92.2,97.74,94.22,70.065,1.6209,-0.3325,1.9534,103.98,80.43,25.543,2008,8,3,2008-08,False
2008-08-05,ASIANPAINT,103.06,104.66,103.06,104.02,275580,0.914,93.09,97.75,94.34,71.466,2.0618,0.1464,1.9155,105.63,80.55,26.944,2008,8,3,2008-08,False
2008-08-06,ASIANPAINT,104.07,105.16,103.57,104.12,167340,0.089,93.95,97.76,94.46,71.607,2.3912,0.5953,1.7958,107.06,80.84,27.912,2008,8,3,2008-08,False
2008-08-07,ASIANPAINT,106.01,106.01,103.82,104.43,359270,0.303,94.81,97.75,94.59,72.112,2.6471,1.0057,1.6414,108.31,81.32,28.465,2008,8,3,2008-08,False
2008-08-08,ASIANPAINT,103.91,104.33,103.16,104.22,118350,-0.201,95.6,97.69,94.73,71.203,2.8007,1.3647,1.436,109.37,81.83,28.816,2008,8,3,2008-08,False
2008-08-11,ASIANPAINT,104.33,106.0,104.33,105.56,201570,1.284,96.45,97.69,94.85,73.491,2.9959,1.6909,1.3049,110.49,82.42,29.096,2008,8,3,2008-08,False
2008-08-12,ASIANPAINT,105.59,106.09,104.31,105.67,230200,0.104,97.36,97.73,94.98,73.675,3.1233,1.9774,1.1459,111.3,83.43,28.631,2008,8,3,2008-08,False
2008-08-13,ASIANPAINT,105.84,109.37,105.84,107.21,189470,1.457,98.51,97.79,95.09,76.182,3.3104,2.244,1.0664,111.67,85.35,26.72,2008,8,3,2008-08,False
2008-08-14,ASIANPAINT,107.69,108.26,104.33,104.73,34540,-2.311,99.4,97.79,95.16,65.387,3.2216,2.4395,0.7821,111.65,87.14,24.657,2008,8,3,2008-08,False
2008-08-18,ASIANPAINT,104.73,105.59,103.91,105.26,29830,0.506,100.24,97.79,95.26,66.482,3.1576,2.5832,0.5745,111.58,88.9,22.623,2008,8,3,2008-08,False
2008-08-19,ASIANPAINT,105.17,105.59,99.28,99.62,61650,-5.355,100.75,97.68,95.33,48.81,2.6218,2.5909,0.0309,110.9,90.61,20.133,2008,8,3,2008-08,False
2008-08-20,ASIANPAINT,101.39,102.64,99.7,101.13,36100,1.516,101.34,97.61,95.41,52.456,2.2926,2.5312,-0.2386,109.97,92.7,17.043,2008,8,3,2008-08,False
2008-08-21,ASIANPAINT,103.06,103.06,99.7,100.96,314680,-0.171,101.71,97.48,95.49,52.0,1.9948,2.4239,-0.4291,109.52,93.91,15.351,2008,8,3,2008-08,False
2008-08-22,ASIANPAINT,104.33,104.33,99.31,101.48,54350,0.512,102.06,97.39,95.54,53.31,1.78,2.2952,-0.5151,109.09,95.04,13.759,2008,8,3,2008-08,False
2008-08-25,ASIANPAINT,101.38,102.63,100.96,101.33,18540,-0.141,102.43,97.28,95.61,52.881,1.5801,2.1521,-0.5721,108.36,96.51,11.567,2008,8,3,2008-08,False
2008-08-26,ASIANPAINT,100.96,101.47,99.28,101.01,42320,-0.324,102.69,97.15,95.67,51.848,1.3792,1.9976,-0.6183,107.78,97.61,9.909,2008,8,3,2008-08,False
2008-08-27,ASIANPAINT,100.54,101.47,100.13,100.51,19330,-0.491,102.88,97.04,95.74,50.25,1.1666,1.8314,-0.6648,107.28,98.49,8.543,2008,8,3,2008-08,False
2008-08-28,ASIANPAINT,99.53,101.13,99.53,100.91,30330,0.398,102.92,96.95,95.81,51.545,1.0185,1.6688,-0.6503,107.22,98.62,8.364,2008,8,3,2008-08,False
2008-08-29,ASIANPAINT,100.96,103.91,100.96,103.42,82290,2.489,103.02,96.9,95.89,58.803,1.0913,1.5533,-0.462,107.27,98.78,8.237,2008,8,3,2008-08,False
2008-09-01,ASIANPAINT,101.89,103.32,100.41,100.84,27400,-2.493,102.98,96.8,95.99,50.447,0.9301,1.4286,-0.4985,107.3,98.65,8.397,2008,9,3,2008-09,False
2008-09-02,ASIANPAINT,100.98,103.32,100.79,102.62,23350,1.765,102.95,96.75,96.09,55.18,0.9352,1.33,-0.3948,107.28,98.63,8.404,2008,9,3,2008-09,False
2008-09-04,ASIANPAINT,102.64,102.64,101.02,102.59,216410,-0.033,102.88,96.74,96.19,55.073,0.9258,1.2491,-0.3233,107.18,98.58,8.357,2008,9,3,2008-09,False
2008-09-05,ASIANPAINT,102.48,102.56,100.62,101.22,352740,-1.333,102.74,96.81,96.27,50.761,0.7989,1.1591,-0.3602,107.05,98.42,8.408,2008,9,3,2008-09,False
2008-09-08,ASIANPAINT,105.08,105.08,99.53,100.97,321830,-0.245,102.56,96.85,96.36,49.996,0.6705,1.0614,-0.3908,106.87,98.25,8.405,2008,9,3,2008-09,False
2008-09-09,ASIANPAINT,99.87,100.96,99.87,100.59,15500,-0.375,102.38,96.92,96.45,48.788,0.5321,0.9555,-0.4234,106.7,98.06,8.442,2008,9,3,2008-09,False
2008-09-10,ASIANPAINT,99.95,101.6,99.95,101.37,22360,0.769,102.17,97.01,96.53,51.375,0.4794,0.8603,-0.3809,106.24,98.1,7.971,2008,9,3,2008-09,False
2008-09-11,ASIANPAINT,100.12,102.22,100.12,102.01,26080,0.631,101.99,97.23,96.63,53.466,0.4836,0.785,-0.3014,105.71,98.26,7.305,2008,9,3,2008-09,False
2008-09-12,ASIANPAINT,100.62,102.64,100.62,101.86,55270,-0.14,101.72,97.51,96.72,52.918,0.47,0.722,-0.252,104.52,98.92,5.508,2008,9,3,2008-09,False
2008-09-15,ASIANPAINT,100.96,101.8,98.17,101.55,1082590,-0.31,101.56,97.81,96.81,51.66,0.4288,0.6633,-0.2346,103.98,99.15,4.76,2008,9,3,2008-09,False
2008-09-16,ASIANPAINT,98.86,101.2,97.59,100.86,150850,-0.679,101.34,98.09,96.9,48.92,0.3366,0.598,-0.2614,103.04,99.65,3.342,2008,9,3,2008-09,False
2008-09-17,ASIANPAINT,99.28,101.79,99.28,100.96,370040,0.1,101.41,98.34,96.99,49.344,0.2686,0.5321,-0.2635,102.91,99.91,2.963,2008,9,3,2008-09,False
2008-09-18,ASIANPAINT,98.44,100.12,97.6,98.42,67800,-2.512,101.27,98.59,97.06,40.305,0.0099,0.4276,-0.4178,103.28,99.26,3.97,2008,9,3,2008-09,False
2008-09-19,ASIANPAINT,100.54,100.78,97.17,97.58,102740,-0.855,101.11,98.8,97.13,37.83,-0.2601,0.2901,-0.5502,103.71,98.5,5.147,2008,9,3,2008-09,False
2008-09-22,ASIANPAINT,98.44,99.19,95.79,96.88,83660,-0.72,100.88,98.99,97.2,35.85,-0.5246,0.1272,-0.6518,104.08,97.67,6.356,2008,9,3,2008-09,False
2008-09-23,ASIANPAINT,98.02,98.6,97.01,98.38,87310,1.55,100.73,99.19,97.28,42.748,-0.6061,-0.0195,-0.5866,104.11,97.34,6.719,2008,9,3,2008-09,False
2008-09-24,ASIANPAINT,98.77,100.79,97.6,99.97,90840,1.612,100.68,99.42,97.37,48.986,-0.5365,-0.1229,-0.4136,104.07,97.28,6.75,2008,9,3,2008-09,False
2008-09-25,ASIANPAINT,100.88,101.59,98.46,101.0,111660,1.031,100.7,99.69,97.45,52.6,-0.3937,-0.1771,-0.2166,104.1,97.3,6.753,2008,9,3,2008-09,False
2008-09-26,ASIANPAINT,98.86,100.88,98.86,100.06,48130,-0.925,100.66,100.01,97.54,49.199,-0.3518,-0.212,-0.1398,104.07,97.25,6.775,2008,9,3,2008-09,False
2008-09-29,ASIANPAINT,100.12,100.62,97.59,99.54,255280,-0.521,100.46,100.26,97.62,47.357,-0.3566,-0.2409,-0.1156,103.65,97.28,6.335,2008,9,3,2008-09,False
2008-09-30,ASIANPAINT,97.6,100.12,95.07,99.88,197360,0.338,100.42,100.49,97.7,48.691,-0.3294,-0.2586,-0.0708,103.6,97.23,6.348,2008,9,3,2008-09,False
2008-10-01,ASIANPAINT,99.28,99.7,98.02,99.63,65300,-0.248,100.27,100.69,97.79,47.73,-0.3241,-0.2717,-0.0524,103.29,97.24,6.04,2008,10,4,2008-10,False
2008-10-03,ASIANPAINT,99.37,99.7,96.33,96.84,55560,-2.799,99.98,100.84,97.85,38.526,-0.5388,-0.3251,-0.2137,103.17,96.79,6.375,2008,10,4,2008-10,False
2008-10-06,ASIANPAINT,95.91,96.75,91.71,92.55,125150,-4.435,99.55,100.82,97.91,29.191,-1.0435,-0.4688,-0.5747,104.09,95.0,9.134,2008,10,4,2008-10,False
2008-10-07,ASIANPAINT,91.71,92.55,87.63,88.44,85100,-4.441,98.92,100.7,97.93,23.359,-1.7549,-0.726,-1.0289,105.59,92.24,13.498,2008,10,4,2008-10,False
2008-10-08,ASIANPAINT,87.92,87.92,80.43,84.76,317490,-4.162,98.13,100.52,97.94,19.584,-2.5859,-1.098,-1.4879,107.27,88.99,18.632,2008,10,4,2008-10,False
2008-10-10,ASIANPAINT,82.45,82.45,77.82,81.5,264770,-3.847,97.13,100.23,97.93,16.969,-3.4675,-1.5719,-1.8956,108.77,85.5,23.961,2008,10,4,2008-10,False
2008-10-13,ASIANPAINT,81.61,82.45,81.1,82.14,233750,0.79,96.14,99.94,97.92,19.261,-4.0674,-2.071,-1.9964,109.32,82.96,27.409,2008,10,4,2008-10,False
2008-10-14,ASIANPAINT,84.55,88.17,82.91,86.1,2882090,4.819,95.35,99.66,97.93,31.742,-4.1753,-2.4919,-1.6834,108.96,81.74,28.553,2008,10,4,2008-10,False
2008-10-15,ASIANPAINT,84.13,86.24,80.18,80.84,109240,-6.112,94.32,99.25,97.9,25.99,-4.632,-2.9199,-1.7121,109.05,79.58,31.243,2008,10,4,2008-10,False
2008-10-16,ASIANPAINT,79.93,80.81,74.46,79.47,2163570,-1.691,93.25,98.8,97.84,24.736,-5.0461,-3.3451,-1.701,109.05,77.45,33.89,2008,10,4,2008-10,False
2008-10-17,ASIANPAINT,84.13,84.13,79.51,80.33,1021360,1.085,92.22,98.35,97.79,27.125,-5.2443,-3.725,-1.5193,108.58,75.85,35.49,2008,10,4,2008-10,False
2008-10-20,ASIANPAINT,80.94,81.44,78.67,81.09,101550,0.948,91.35,97.89,97.73,29.26,-5.279,-4.0358,-1.2433,108.16,74.54,36.801,2008,10,4,2008-10,False
2008-10-21,ASIANPAINT,81.36,89.18,80.94,86.96,140750,7.237,90.82,97.55,97.71,43.095,-4.778,-4.1842,-0.5938,107.47,74.17,36.667,2008,10,4,2008-10,False
2008-10-22,ASIANPAINT,94.23,94.23,84.64,86.67,606810,-0.334,90.31,97.19,97.67,42.651,-4.3541,-4.2182,-0.1359,106.8,73.81,36.526,2008,10,4,2008-10,False
2008-10-23,ASIANPAINT,84.13,85.82,81.61,82.3,163970,-5.043,89.5,96.75,97.61,36.541,-4.3211,-4.2388,-0.0823,105.91,73.1,36.653,2008,10,4,2008-10,False
2008-10-24,ASIANPAINT,82.45,82.87,78.19,80.42,210370,-2.285,88.53,96.25,97.53,34.267,-4.3959,-4.2702,-0.1257,104.63,72.42,36.383,2008,10,4,2008-10,False
2008-10-27,ASIANPAINT,74.88,80.42,69.45,77.93,160780,-3.092,87.37,95.69,97.45,31.477,-4.6028,-4.3367,-0.2661,103.01,71.73,35.802,2008,10,4,2008-10,False
2008-10-29,ASIANPAINT,79.22,82.61,78.38,82.02,62340,5.24,86.47,95.19,97.35,40.103,-4.3867,-4.3467,-0.04,101.08,71.86,33.781,2008,10,4,2008-10,False
2008-10-31,ASIANPAINT,82.61,83.29,80.52,80.9,111250,-1.358,85.54,94.71,97.23,38.673,-4.2562,-4.3286,0.0724,98.96,72.11,31.387,2008,10,4,2008-10,False
2008-11-03,ASIANPAINT,83.03,84.05,80.07,80.81,92280,-0.11,84.58,94.22,97.14,38.554,-4.1126,-4.2854,0.1728,96.32,72.85,27.754,2008,11,4,2008-11,False
2008-11-04,ASIANPAINT,80.92,82.17,79.64,80.86,600810,0.058,83.65,93.85,97.05,38.66,-3.9495,-4.2182,0.2687,93.1,74.19,22.598,2008,11,4,2008-11,False
2008-11-05,ASIANPAINT,81.34,83.88,81.34,82.7,436100,2.274,82.94,93.48,96.98,42.842,-3.63,-4.1006,0.4706,90.06,75.82,17.178,2008,11,4,2008-11,False
2008-11-06,ASIANPAINT,80.49,80.49,78.12,79.94,104780,-3.34,82.31,93.06,96.91,38.586,-3.5587,-3.9922,0.4335,87.92,76.69,13.645,2008,11,4,2008-11,False
2008-11-07,ASIANPAINT,78.29,81.34,78.29,80.78,563940,1.06,81.93,92.65,96.86,40.537,-3.3947,-3.8727,0.478,86.77,77.08,11.834,2008,11,4,2008-11,False
2008-11-10,ASIANPAINT,81.34,82.18,80.07,81.16,26000,0.461,81.75,92.24,96.81,41.419,-3.1978,-3.7377,0.54,86.41,77.08,11.423,2008,11,4,2008-11,False
2008-11-11,ASIANPAINT,80.07,81.55,80.07,81.07,1256230,-0.104,81.72,91.84,96.76,41.27,-3.0138,-3.5929,0.5791,86.4,77.05,11.447,2008,11,4,2008-11,False
2008-11-12,ASIANPAINT,81.21,81.21,79.64,80.5,1044000,-0.7,81.64,91.44,96.73,40.22,-2.8806,-3.4505,0.5699,86.35,76.94,11.523,2008,11,4,2008-11,False
2008-11-14,ASIANPAINT,81.34,83.82,80.92,82.17,184650,2.068,81.45,91.07,96.71,44.665,-2.6106,-3.2825,0.6719,85.67,77.22,10.373,2008,11,4,2008-11,False
2008-11-17,ASIANPAINT,84.3,84.3,80.25,82.37,184110,0.242,81.52,90.65,96.72,45.19,-2.3534,-3.0967,0.7433,85.76,77.29,10.385,2008,11,4,2008-11,False
2008-11-18,ASIANPAINT,82.95,83.46,81.05,81.48,39230,-1.08,81.62,90.26,96.71,43.217,-2.1961,-2.9166,0.7205,85.75,77.5,10.1,2008,11,4,2008-11,False
2008-11-19,ASIANPAINT,81.34,81.84,79.64,80.13,1311920,-1.653,81.61,89.81,96.69,40.345,-2.1552,-2.7643,0.609,85.75,77.48,10.135,2008,11,4,2008-11,False
2008-11-20,ASIANPAINT,79.64,79.64,75.41,76.43,303670,-4.615,81.38,89.29,96.63,33.72,-2.3937,-2.6902,0.2965,86.12,76.64,11.649,2008,11,4,2008-11,False
2008-11-21,ASIANPAINT,76.26,76.68,74.59,76.14,38170,-0.382,80.84,88.79,96.54,33.255,-2.5766,-2.6675,0.0909,85.36,76.32,11.191,2008,11,4,2008-11,False
2008-11-24,ASIANPAINT,73.29,76.51,73.29,76.25,450240,0.145,80.32,88.29,96.46,33.627,-2.6817,-2.6703,-0.0114,84.39,76.24,10.144,2008,11,4,2008-11,False
2008-11-25,ASIANPAINT,76.0,78.19,75.24,75.82,94240,-0.561,79.99,87.8,96.35,32.862,-2.7677,-2.6898,-0.0779,84.42,75.57,11.063,2008,11,4,2008-11,False
2008-11-26,ASIANPAINT,75.58,76.34,74.14,75.66,206140,-0.212,79.76,87.28,96.21,32.562,-2.8163,-2.7151,-0.1012,84.58,74.93,12.093,2008,11,4,2008-11,False
2008-11-27,ASIANPAINT,75.66,75.66,75.66,75.66,0,0.0,79.64,86.76,96.1,32.562,-2.8223,-2.7365,-0.0858,84.75,74.54,12.813,2008,11,4,2008-11,False
2008-11-28,ASIANPAINT,77.53,77.53,74.98,75.37,173210,-0.386,79.31,86.23,95.97,31.948,-2.8182,-2.7529,-0.0653,84.62,74.0,13.397,2008,11,4,2008-11,False
2008-12-01,ASIANPAINT,77.1,77.1,72.12,74.17,415720,-1.596,78.97,85.68,95.84,29.482,-2.8788,-2.7781,-0.1007,84.7,73.25,14.501,2008,12,4,2008-12,False
2008-12-02,ASIANPAINT,72.1,74.14,70.34,73.76,84900,-0.548,78.62,85.14,95.7,28.677,-2.9259,-2.8076,-0.1183,84.73,72.52,15.531,2008,12,4,2008-12,False
2008-12-03,ASIANPAINT,73.8,74.09,72.87,73.14,430110,-0.844,78.24,84.58,95.59,27.44,-2.9792,-2.8419,-0.1372,84.71,71.76,16.552,2008,12,4,2008-12,False
2008-12-04,ASIANPAINT,73.71,76.93,72.4,75.91,395580,3.788,77.9,84.13,95.48,39.863,-2.766,-2.8267,0.0608,84.09,71.7,15.907,2008,12,4,2008-12,False
2008-12-05,ASIANPAINT,76.26,76.59,74.56,75.08,58870,-1.094,77.65,83.68,95.37,37.775,-2.6336,-2.7881,0.1545,83.89,71.41,16.07,2008,12,4,2008-12,False
2008-12-08,ASIANPAINT,76.59,76.59,74.15,74.63,47390,-0.592,77.35,83.23,95.27,36.668,-2.5354,-2.7376,0.2022,83.54,71.15,16.021,2008,12,4,2008-12,False
2008-12-10,ASIANPAINT,76.51,76.59,72.55,73.67,57010,-1.294,76.97,82.74,95.16,34.315,-2.5066,-2.6914,0.1848,83.1,70.84,15.93,2008,12,4,2008-12,False
2008-12-11,ASIANPAINT,72.87,74.14,72.87,73.7,133750,0.04,76.6,82.21,95.04,34.454,-2.4531,-2.6437,0.1906,82.58,70.62,15.607,2008,12,4,2008-12,False
2008-12-12,ASIANPAINT,73.29,74.14,72.44,72.87,232810,-1.127,76.22,81.65,94.93,32.386,-2.4495,-2.6049,0.1554,82.12,70.32,15.49,2008,12,4,2008-12,False
2008-12-15,ASIANPAINT,73.71,74.14,71.17,71.84,147630,-1.413,75.7,81.09,94.81,29.984,-2.5008,-2.5841,0.0832,81.21,70.2,14.547,2008,12,4,2008-12,False
2008-12-16,ASIANPAINT,71.85,73.29,71.43,73.12,1461620,1.793,75.24,80.56,94.71,36.346,-2.4098,-2.5492,0.1394,79.87,70.61,12.316,2008,12,4,2008-12,False
2008-12-17,ASIANPAINT,73.54,74.98,73.29,73.38,546460,0.353,74.84,80.03,94.62,37.571,-2.2905,-2.4975,0.207,78.49,71.19,9.752,2008,12,4,2008-12,False
2008-12-18,ASIANPAINT,73.37,73.42,72.36,72.92,680070,-0.635,74.48,79.49,94.55,36.217,-2.208,-2.4396,0.2316,77.24,71.71,7.423,2008,12,4,2008-12,False
2008-12-19,ASIANPAINT,72.95,77.53,72.91,76.21,356360,4.514,74.46,79.08,94.47,49.943,-1.8557,-2.3228,0.4671,77.2,71.73,7.338,2008,12,4,2008-12,False
2008-12-22,ASIANPAINT,75.41,77.12,74.14,74.28,277100,-2.535,74.37,78.72,94.37,43.964,-1.7126,-2.2007,0.4882,76.99,71.76,7.035,2008,12,4,2008-12,False
2008-12-23,ASIANPAINT,73.46,75.15,73.46,73.93,138970,-0.473,74.26,78.43,94.27,42.956,-1.609,-2.0824,0.4734,76.72,71.79,6.644,2008,12,4,2008-12,False
2008-12-24,ASIANPAINT,73.46,74.98,72.87,72.93,74820,-1.352,74.11,78.19,94.13,40.137,-1.5893,-1.9838,0.3945,76.53,71.69,6.528,2008,12,4,2008-12,False
2008-12-26,ASIANPAINT,72.87,74.14,72.87,73.48,78480,0.767,74.0,78.03,94.02,42.413,-1.5111,-1.8892,0.3782,76.32,71.68,6.267,2008,12,4,2008-12,False
2008-12-29,ASIANPAINT,73.71,74.14,73.04,73.72,81340,0.317,73.9,77.86,93.93,43.379,-1.414,-1.7942,0.3802,76.09,71.72,5.912,2008,12,4,2008-12,False
2008-12-30,ASIANPAINT,73.13,74.56,72.98,74.0,24460,0.379,73.84,77.62,93.81,44.58,-1.2996,-1.6953,0.3957,75.91,71.76,5.619,2008,12,4,2008-12,False
2008-12-31,ASIANPAINT,73.29,76.26,73.29,75.83,62850,2.473,73.92,77.52,93.71,51.79,-1.0491,-1.566,0.5169,76.17,71.66,6.102,2008,12,4,2008-12,False
2009-01-02,ASIANPAINT,76.18,76.68,74.99,76.47,45390,0.844,74.05,77.46,93.61,54.041,-0.7898,-1.4108,0.6209,76.58,71.53,6.817,2009,1,1,2009-01,False
2009-01-05,ASIANPAINT,77.53,77.7,75.92,77.55,83290,1.418,74.27,77.4,93.53,57.65,-0.4912,-1.2269,0.7357,77.2,71.35,7.88,2009,1,1,2009-01,False
2009-01-06,ASIANPAINT,77.94,77.95,76.31,77.81,25430,0.328,74.37,77.34,93.44,58.474,-0.2314,-1.0278,0.7964,77.62,71.12,8.752,2009,1,1,2009-01,False
2009-01-07,ASIANPAINT,77.95,78.29,73.46,75.59,107380,-2.842,74.4,77.11,93.33,49.465,-0.2016,-0.8625,0.661,77.68,71.11,8.834,2009,1,1,2009-01,False
2009-01-09,ASIANPAINT,75.83,76.0,74.14,74.59,155750,-1.328,74.39,76.87,93.22,46.0,-0.256,-0.7412,0.4852,77.68,71.11,8.833,2009,1,1,2009-01,False
2009-01-12,ASIANPAINT,74.65,75.58,74.56,75.33,36040,0.994,74.48,76.73,93.12,48.849,-0.2366,-0.6403,0.4037,77.77,71.18,8.841,2009,1,1,2009-01,False
2009-01-13,ASIANPAINT,74.98,77.7,74.98,77.3,65800,2.615,74.66,76.67,93.03,55.559,-0.0616,-0.5246,0.463,78.16,71.16,9.378,2009,1,1,2009-01,False
2009-01-14,ASIANPAINT,77.87,79.48,77.27,77.57,14680,0.345,74.89,76.66,92.96,56.394,0.0975,-0.4002,0.4977,78.52,71.27,9.678,2009,1,1,2009-01,False
2009-01-15,ASIANPAINT,77.1,79.47,74.99,78.79,60110,1.573,75.24,76.6,92.88,60.085,0.3184,-0.2564,0.5749,78.96,71.52,9.895,2009,1,1,2009-01,False
2009-01-16,ASIANPAINT,79.9,79.98,76.68,77.73,92050,-1.339,75.47,76.53,92.78,55.696,0.4037,-0.1244,0.5281,79.21,71.73,9.916,2009,1,1,2009-01,False
2009-01-19,ASIANPAINT,78.47,79.28,76.85,79.07,142740,1.717,75.75,76.5,92.69,59.706,0.5724,0.015,0.5574,79.69,71.82,10.384,2009,1,1,2009-01,False
2009-01-20,ASIANPAINT,77.55,79.05,77.19,78.69,26710,-0.482,76.04,76.45,92.6,58.088,0.6676,0.1455,0.5221,79.95,72.14,10.266,2009,1,1,2009-01,False
2009-01-21,ASIANPAINT,77.95,79.64,77.82,78.61,143830,-0.097,76.16,76.37,92.51,57.751,0.7285,0.2621,0.4664,80.23,72.09,10.685,2009,1,1,2009-01,False
2009-01-22,ASIANPAINT,78.71,78.97,75.41,76.48,52220,-2.705,76.27,76.3,92.41,49.181,0.5983,0.3293,0.269,80.25,72.3,10.416,2009,1,1,2009-01,False
2009-01-23,ASIANPAINT,76.68,79.14,75.32,78.01,364160,2.0,76.48,76.25,92.3,54.419,0.6114,0.3857,0.2257,80.36,72.59,10.155,2009,1,1,2009-01,False
2009-01-27,ASIANPAINT,77.12,77.12,67.45,67.9,1681590,-12.962,76.23,75.98,92.14,31.384,-0.1919,0.2702,-0.4621,81.48,70.97,13.795,2009,1,1,2009-01,False
2009-01-28,ASIANPAINT,70.75,71.17,64.67,66.14,5750990,-2.595,75.86,75.68,91.97,29.074,-0.9597,0.0242,-0.9839,82.71,69.01,18.058,2009,1,1,2009-01,False
2009-01-29,ASIANPAINT,66.43,66.43,59.31,63.53,2835410,-3.946,75.35,75.34,91.8,26.02,-1.7585,-0.3323,-1.4262,84.12,66.58,23.271,2009,1,1,2009-01,False
2009-01-30,ASIANPAINT,63.12,68.63,61.53,66.83,493390,5.195,74.99,75.04,91.64,35.278,-2.101,-0.6861,-1.415,84.54,65.44,25.472,2009,1,1,2009-01,False
2009-02-02,ASIANPAINT,66.18,66.93,59.49,65.74,850000,-1.635,74.49,74.7,91.47,33.771,-2.4327,-1.0354,-1.3973,84.88,64.09,27.908,2009,2,1,2009-02,False
2009-02-03,ASIANPAINT,64.9,66.59,64.55,65.16,96390,-0.883,73.92,74.38,91.3,32.965,-2.711,-1.3705,-1.3405,85.07,62.78,30.151,2009,2,1,2009-02,False
2009-02-04,ASIANPAINT,65.33,65.99,64.1,65.33,2144760,0.26,73.31,74.08,91.14,33.464,-2.8847,-1.6734,-1.2114,84.95,61.67,31.745,2009,2,1,2009-02,False
2009-02-05,ASIANPAINT,66.26,66.77,64.49,66.28,70000,1.459,72.73,73.88,90.96,36.335,-2.9119,-1.9211,-0.9908,84.57,60.89,32.553,2009,2,1,2009-02,False
2009-02-06,ASIANPAINT,67.1,67.95,65.75,67.11,117090,1.253,72.31,73.7,90.79,38.812,-2.8338,-2.1036,-0.7302,84.32,60.3,33.229,2009,2,1,2009-02,False
2009-02-09,ASIANPAINT,66.43,67.61,66.43,67.28,49210,0.253,71.94,73.52,90.62,39.331,-2.7268,-2.2282,-0.4985,84.11,59.78,33.819,2009,2,1,2009-02,False
2009-02-10,ASIANPAINT,66.91,71.26,66.62,70.39,152800,4.628,71.7,73.41,90.47,48.046,-2.3634,-2.2553,-0.1082,83.77,59.62,33.686,2009,2,1,2009-02,False
2009-02-11,ASIANPAINT,69.48,69.56,66.17,68.15,50480,-3.184,71.24,73.26,90.31,43.233,-2.2306,-2.2504,0.0197,83.11,59.37,33.334,2009,2,1,2009-02,False
2009-02-12,ASIANPAINT,68.55,69.46,67.87,68.08,45670,-0.099,70.76,73.11,90.14,43.092,-2.1066,-2.2216,0.115,82.33,59.2,32.679,2009,2,1,2009-02,False
2009-02-13,ASIANPAINT,67.45,71.09,67.45,70.33,42500,3.304,70.34,73.01,89.98,49.019,-1.8059,-2.1385,0.3326,81.27,59.41,31.072,2009,2,1,2009-02,False
2009-02-16,ASIANPAINT,70.58,70.58,68.21,68.38,549580,-2.771,69.87,72.89,89.8,44.678,-1.7052,-2.0518,0.3466,80.26,59.49,29.72,2009,2,1,2009-02,False
2009-02-17,ASIANPAINT,67.26,68.63,66.29,67.74,38810,-0.942,69.31,72.77,89.63,43.313,-1.6583,-1.9731,0.3148,78.78,59.84,27.319,2009,2,1,2009-02,False
2009-02-18,ASIANPAINT,67.74,68.21,66.94,67.36,41080,-0.563,68.74,72.66,89.46,42.485,-1.633,-1.9051,0.2721,77.14,60.34,24.438,2009,2,1,2009-02,False
2009-02-19,ASIANPAINT,67.78,68.33,66.26,67.78,639680,0.629,68.2,72.49,89.28,43.771,-1.5608,-1.8362,0.2754,75.2,61.2,20.53,2009,2,1,2009-02,False
2009-02-20,ASIANPAINT,68.11,68.11,66.38,67.63,27530,-0.231,67.76,72.34,89.1,43.384,-1.499,-1.7688,0.2698,73.57,61.94,17.162,2009,2,1,2009-02,False
2009-02-24,ASIANPAINT,67.78,67.78,66.6,67.02,57420,-0.896,67.21,72.19,88.91,41.847,-1.4817,-1.7114,0.2296,70.45,63.97,9.644,2009,2,1,2009-02,False
2009-02-25,ASIANPAINT,67.02,67.65,66.72,66.97,111900,-0.076,67.16,72.06,88.72,41.713,-1.4554,-1.6602,0.2048,70.39,63.94,9.606,2009,2,1,2009-02,False
2009-02-26,ASIANPAINT,67.19,67.19,65.85,66.71,39550,-0.392,67.19,71.92,88.52,40.985,-1.4392,-1.616,0.1768,70.39,63.99,9.518,2009,2,1,2009-02,False
2009-02-27,ASIANPAINT,66.94,67.1,66.09,66.63,31940,-0.114,67.34,71.79,88.31,40.763,-1.4161,-1.576,0.1599,70.06,64.63,8.062,2009,2,1,2009-02,False
2009-03-02,ASIANPAINT,66.51,66.88,65.33,65.52,48490,-1.66,67.28,71.67,88.11,37.577,-1.4701,-1.5548,0.0847,70.11,64.45,8.404,2009,3,1,2009-03,False
2009-03-03,ASIANPAINT,65.66,65.66,62.34,62.89,47450,-4.015,67.14,71.46,87.89,31.309,-1.7056,-1.585,-0.1206,70.52,63.75,10.082,2009,3,1,2009-03,False
2009-03-04,ASIANPAINT,62.28,63.38,62.28,62.36,1535020,-0.842,67.0,71.24,87.69,30.216,-1.9128,-1.6505,-0.2623,70.91,63.08,11.693,2009,3,1,2009-03,False
2009-03-05,ASIANPAINT,62.7,63.44,61.0,61.72,31750,-1.033,66.82,71.02,87.48,28.896,-2.1048,-1.7414,-0.3634,71.34,62.29,13.546,2009,3,1,2009-03,False
2009-03-06,ASIANPAINT,59.48,63.38,59.48,62.4,42190,1.098,66.62,70.74,87.29,32.252,-2.1771,-1.8285,-0.3486,71.56,61.69,14.82,2009,3,1,2009-03,False
2009-03-09,ASIANPAINT,62.7,62.7,60.58,60.99,22420,-2.261,66.32,70.48,87.08,29.166,-2.3215,-1.9271,-0.3944,71.85,60.78,16.687,2009,3,1,2009-03,False
2009-03-12,ASIANPAINT,61.76,61.83,59.31,60.08,4724350,-1.48,65.96,70.2,86.87,27.363,-2.4801,-2.0377,-0.4424,72.13,59.79,18.705,2009,3,1,2009-03,False
2009-03-13,ASIANPAINT,61.0,61.77,60.16,61.56,42960,2.447,65.52,69.97,86.67,34.471,-2.4589,-2.122,-0.337,71.61,59.42,18.612,2009,3,1,2009-03,False
2009-03-16,ASIANPAINT,61.6,62.21,60.75,61.45,42410,-0.165,65.18,69.73,86.47,34.222,-2.4224,-2.182,-0.2403,71.4,58.96,19.091,2009,3,1,2009-03,False
2009-03-17,ASIANPAINT,61.68,63.12,61.43,62.82,46520,2.227,64.92,69.51,86.27,40.466,-2.257,-2.197,-0.0599,71.07,58.77,18.946,2009,3,1,2009-03,False
2009-03-18,ASIANPAINT,61.43,64.82,61.43,63.98,100670,1.848,64.6,69.31,86.09,45.217,-2.0091,-2.1594,0.1504,70.2,59.0,17.349,2009,3,1,2009-03,False
2009-03-19,ASIANPAINT,63.55,64.48,62.7,63.27,33580,-1.119,64.34,69.06,85.89,42.941,-1.8491,-2.0974,0.2483,69.68,59.01,16.59,2009,3,1,2009-03,False
2009-03-20,ASIANPAINT,60.0,63.55,60.0,63.13,491490,-0.221,64.11,68.8,85.69,42.491,-1.7138,-2.0207,0.3069,69.23,59.0,15.951,2009,3,1,2009-03,False
2009-03-23,ASIANPAINT,62.3,63.78,62.3,63.54,247690,0.651,63.92,68.52,85.5,44.337,-1.5555,-1.9276,0.3721,68.81,59.04,15.279,2009,3,1,2009-03,False
2009-03-24,ASIANPAINT,63.55,65.24,63.55,64.43,443700,1.4,63.75,68.25,85.3,48.212,-1.3428,-1.8107,0.4679,68.3,59.21,14.254,2009,3,1,2009-03,False
2009-03-25,ASIANPAINT,64.43,66.89,62.7,64.26,184670,-0.256,63.59,68.02,85.11,47.55,-1.174,-1.6833,0.5093,67.76,59.41,13.13,2009,3,1,2009-03,False
2009-03-26,ASIANPAINT,64.37,65.58,63.38,65.25,212460,1.543,63.5,67.83,84.91,51.824,-0.9493,-1.5365,0.5872,67.43,59.56,12.399,2009,3,1,2009-03,False
2009-03-27,ASIANPAINT,64.48,66.6,64.4,65.85,79320,0.909,63.44,67.64,84.7,54.228,-0.7151,-1.3722,0.6571,67.2,59.69,11.84,2009,3,1,2009-03,False
2009-03-30,ASIANPAINT,65.85,68.62,64.39,67.4,116090,2.361,63.48,67.45,84.51,59.879,-0.3995,-1.1777,0.7782,67.37,59.58,12.267,2009,3,1,2009-03,False
2009-03-31,ASIANPAINT,67.78,68.46,64.22,66.63,101730,-1.15,63.48,67.23,84.33,56.156,-0.2095,-0.984,0.7746,67.37,59.58,12.265,2009,3,1,2009-03,False
2009-04-01,ASIANPAINT,67.19,67.64,66.43,66.6,31480,-0.038,63.53,66.98,84.14,56.033,-0.0602,-0.7993,0.739,67.57,59.49,12.715,2009,4,2,2009-04,False
2009-04-02,ASIANPAINT,67.77,67.87,66.51,67.74,936970,1.718,63.77,66.78,83.95,60.252,0.1486,-0.6097,0.7583,68.21,59.33,13.926,2009,4,2,2009-04,False
2009-04-06,ASIANPAINT,67.78,68.63,65.92,66.38,40410,-2.007,63.97,66.53,83.76,53.659,0.2021,-0.4474,0.6494,68.51,59.44,14.177,2009,4,2,2009-04,False
2009-04-08,ASIANPAINT,66.09,66.85,64.82,66.19,217720,-0.3,64.2,66.28,83.57,52.749,0.2257,-0.3127,0.5385,68.7,59.69,14.042,2009,4,2,2009-04,False
2009-04-09,ASIANPAINT,66.93,67.78,66.26,66.72,34330,0.807,64.41,66.04,83.38,54.955,0.2843,-0.1933,0.4776,68.97,59.86,14.153,2009,4,2,2009-04,False
2009-04-13,ASIANPAINT,66.72,70.32,66.68,69.54,87470,4.229,64.84,65.9,83.19,64.412,0.552,-0.0443,0.5963,69.64,60.04,14.815,2009,4,2,2009-04,False
2009-04-15,ASIANPAINT,67.78,74.39,67.78,74.16,350920,6.64,65.54,65.83,83.03,74.024,1.1239,0.1894,0.9345,71.42,59.67,17.923,2009,4,2,2009-04,False
2009-04-16,ASIANPAINT,76.26,78.8,75.61,76.6,969400,3.29,66.3,66.0,82.88,77.485,1.7537,0.5022,1.2515,73.68,58.92,22.269,2009,4,2,2009-04,False
2009-04-17,ASIANPAINT,76.6,77.95,76.09,77.76,172510,1.521,67.11,66.23,82.73,78.928,2.3202,0.8658,1.4543,75.74,58.48,25.71,2009,4,2,2009-04,False
2009-04-20,ASIANPAINT,77.95,80.32,77.1,78.72,306670,1.226,67.91,66.54,82.59,80.055,2.8135,1.2554,1.5582,77.72,58.1,28.894,2009,4,2,2009-04,False
2009-04-21,ASIANPAINT,77.56,77.95,74.69,75.27,83820,-4.381,68.47,66.71,82.44,66.253,2.8929,1.5829,1.3101,78.62,58.32,29.654,2009,4,2,2009-04,False
2009-04-22,ASIANPAINT,75.83,76.98,75.32,75.77,155250,0.664,69.1,66.91,82.29,67.138,2.9621,1.8587,1.1033,79.44,58.76,29.931,2009,4,2,2009-04,False
2009-04-23,ASIANPAINT,74.87,77.53,73.8,76.13,246400,0.475,69.75,67.13,82.14,67.793,3.0112,2.0892,0.922,80.14,59.35,29.808,2009,4,2,2009-04,False
2009-04-24,ASIANPAINT,75.41,76.64,74.98,75.44,49620,-0.907,70.34,67.33,81.99,65.113,2.9603,2.2634,0.6968,80.6,60.08,29.173,2009,4,2,2009-04,False
2009-04-27,ASIANPAINT,75.07,78.25,72.87,74.48,713920,-1.275,70.84,67.49,81.85,61.469,2.8099,2.3727,0.4372,80.87,60.82,28.294,2009,4,2,2009-04,False
2009-04-28,ASIANPAINT,74.56,75.58,73.73,74.18,82650,-0.392,71.34,67.63,81.73,60.364,2.6368,2.4255,0.2113,80.96,61.72,26.983,2009,4,2,2009-04,False
2009-04-29,ASIANPAINT,73.37,75.58,73.37,75.26,81130,1.451,71.84,67.79,81.61,63.002,2.557,2.4518,0.1051,81.17,62.51,25.97,2009,4,2,2009-04,False
2009-04-30,ASIANPAINT,75.56,75.56,75.56,75.56,0,0.4,72.33,67.9,81.51,63.729,2.4892,2.4593,0.0299,81.35,63.31,24.945,2009,4,2,2009-04,False
2009-05-04,ASIANPAINT,76.26,76.26,74.56,75.03,205060,-0.706,72.71,68.03,81.4,61.423,2.3653,2.4405,-0.0752,81.49,63.92,24.168,2009,5,2,2009-05,False
2009-05-05,ASIANPAINT,75.41,76.09,74.69,75.79,187080,1.016,73.17,68.19,81.32,63.457,2.302,2.4128,-0.1108,81.56,64.77,22.955,2009,5,2,2009-05,False
2009-05-06,ASIANPAINT,74.81,76.68,74.58,75.27,84930,-0.682,73.6,68.29,81.26,61.105,2.1849,2.3672,-0.1823,81.45,65.75,21.326,2009,5,2,2009-05,False
2009-05-07,ASIANPAINT,75.41,76.68,75.09,76.41,45230,1.508,74.03,68.45,81.21,64.241,2.1589,2.3256,-0.1666,81.47,66.6,20.08,2009,5,2,2009-05,False
2009-05-08,ASIANPAINT,76.34,77.53,75.64,76.92,109180,0.676,74.56,68.63,81.16,65.6,2.1552,2.2915,-0.1363,81.16,67.96,17.697,2009,5,2,2009-05,False
2009-05-11,ASIANPAINT,77.4,78.36,76.26,77.53,161750,0.782,75.13,68.83,81.1,67.165,2.1756,2.2683,-0.0927,80.54,69.72,14.401,2009,5,2,2009-05,False
2009-05-12,ASIANPAINT,77.53,77.94,75.25,76.03,775800,-1.934,75.59,69.0,81.05,59.855,2.0473,2.2241,-0.1768,79.28,71.9,9.771,2009,5,2,2009-05,False
2009-05-13,ASIANPAINT,77.94,80.92,77.4,80.45,437800,5.812,76.14,69.26,81.02,70.16,2.2758,2.2344,0.0414,79.24,73.03,8.155,2009,5,2,2009-05,False
2009-05-14,ASIANPAINT,78.2,81.34,77.95,80.57,241260,0.158,76.46,69.53,80.99,70.395,2.4391,2.2754,0.1637,80.0,72.92,9.257,2009,5,2,2009-05,False
2009-05-15,ASIANPAINT,80.66,81.68,80.66,81.36,162130,0.973,76.7,69.81,80.95,71.869,2.6017,2.3407,0.2611,80.86,72.53,10.856,2009,5,2,2009-05,False
2009-05-18,ASIANPAINT,83.03,85.67,83.03,84.09,250,3.359,77.01,70.16,80.93,76.299,2.9175,2.456,0.4615,82.32,71.7,13.785,2009,5,2,2009-05,False
2009-05-19,ASIANPAINT,85.58,86.58,83.03,84.77,1147320,0.816,77.31,70.52,80.92,77.267,3.1864,2.6021,0.5843,83.63,71.0,16.333,2009,5,2,2009-05,False
2009-05-20,ASIANPAINT,84.73,87.27,84.73,86.62,1057370,2.179,77.88,70.95,80.93,79.674,3.5081,2.7833,0.7248,85.36,70.41,19.194,2009,5,2,2009-05,False
2009-05-21,ASIANPAINT,87.26,99.54,87.26,93.13,201390,7.512,78.75,71.55,80.96,85.498,4.2393,3.0745,1.1648,88.78,68.72,25.484,2009,5,2,2009-05,False
2009-05-22,ASIANPAINT,92.44,93.2,89.39,90.2,49460,-3.143,79.45,72.11,80.97,75.075,4.5303,3.3656,1.1646,90.62,68.28,28.116,2009,5,2,2009-05,False
2009-05-25,ASIANPAINT,92.8,92.8,88.29,88.63,117150,-1.738,80.11,72.65,80.96,70.144,4.5816,3.6088,0.9728,91.83,68.4,29.25,2009,5,2,2009-05,False
2009-05-26,ASIANPAINT,90.15,90.66,86.42,89.42,103830,0.889,80.86,73.19,80.96,71.17,4.6325,3.8136,0.8189,92.96,68.76,29.934,2009,5,2,2009-05,False
2009-05-27,ASIANPAINT,89.42,93.2,89.42,92.53,1947660,3.477,81.78,73.82,80.96,74.841,4.8676,4.0244,0.8432,94.51,69.04,31.149,2009,5,2,2009-05,False
2009-05-28,ASIANPAINT,92.35,93.2,89.56,90.02,43340,-2.715,82.52,74.42,80.94,67.376,4.7959,4.1787,0.6172,95.37,69.66,31.16,2009,5,2,2009-05,False
2009-05-29,ASIANPAINT,89.81,91.88,86.93,91.51,154400,1.652,83.31,75.02,80.92,69.326,4.8037,4.3037,0.5,96.33,70.3,31.247,2009,5,2,2009-05,False
2009-06-01,ASIANPAINT,92.18,96.93,91.51,95.5,221460,4.361,84.34,75.7,80.92,73.845,5.0734,4.4576,0.6158,97.82,70.85,31.975,2009,6,2,2009-06,False
2009-06-02,ASIANPAINT,97.77,98.96,93.46,94.9,188580,-0.63,85.29,76.34,80.91,72.12,5.179,4.6019,0.5771,98.93,71.65,31.984,2009,6,2,2009-06,False
2009-06-03,ASIANPAINT,94.13,97.35,93.46,96.36,101800,1.54,86.35,76.99,80.89,73.726,5.3192,4.7454,0.5738,99.99,72.71,31.59,2009,6,2,2009-06,False
2009-06-04,ASIANPAINT,94.13,97.01,94.13,94.97,81140,-1.442,87.27,77.62,80.86,69.621,5.2576,4.8478,0.4098,100.59,73.96,30.507,2009,6,2,2009-06,False
2009-06-05,ASIANPAINT,96.17,96.17,94.73,95.16,84260,0.205,88.19,78.26,80.83,69.874,5.165,4.9112,0.2537,101.0,75.37,29.067,2009,6,2,2009-06,False
2009-06-08,ASIANPAINT,95.32,97.25,94.56,95.33,44680,0.174,89.08,78.9,80.79,70.102,5.0467,4.9383,0.1084,101.23,76.92,27.291,2009,6,2,2009-06,False
2009-06-09,ASIANPAINT,96.16,97.44,94.47,96.79,98520,1.533,90.11,79.54,80.75,72.11,5.0132,4.9533,0.0599,101.06,79.17,24.299,2009,6,2,2009-06,False
2009-06-10,ASIANPAINT,96.25,99.22,94.9,97.56,101030,0.792,90.97,80.21,80.72,73.129,4.9909,4.9608,0.0301,101.4,80.54,22.928,2009,6,2,2009-06,False
2009-06-11,ASIANPAINT,97.45,100.83,97.43,99.78,672200,2.284,91.93,80.9,80.7,75.888,5.0944,4.9875,0.1068,101.85,82.01,21.588,2009,6,2,2009-06,False
2009-06-12,ASIANPAINT,99.56,100.74,97.86,98.06,529480,-1.728,92.77,81.54,80.67,69.907,4.9798,4.986,-0.0062,101.7,83.83,19.271,2009,6,2,2009-06,False
2009-06-15,ASIANPAINT,97.1,100.49,91.59,99.03,56960,0.985,93.51,82.18,80.63,71.273,4.9104,4.9709,-0.0605,101.88,85.15,17.887,2009,6,2,2009-06,False
2009-06-16,ASIANPAINT,95.07,99.56,94.05,94.05,50520,-5.027,93.98,82.72,80.58,56.933,4.4029,4.8573,-0.4544,101.26,86.7,15.497,2009,6,2,2009-06,False
2009-06-17,ASIANPAINT,98.82,98.82,94.13,95.25,70790,1.274,94.41,83.3,80.52,59.067,4.0507,4.696,-0.6452,100.83,87.99,13.596,2009,6,2,2009-06,False
2009-06-18,ASIANPAINT,94.39,95.85,90.28,93.21,53730,-2.134,94.41,83.81,80.46,54.163,3.5665,4.4701,-0.9036,100.83,88.0,13.588,2009,6,2,2009-06,False
2009-06-19,ASIANPAINT,92.42,96.02,92.42,95.66,37520,2.621,94.69,84.39,80.41,58.612,3.3414,4.2443,-0.903,100.8,88.57,12.922,2009,6,2,2009-06,False
2009-06-22,ASIANPAINT,95.85,96.51,92.59,93.39,22130,-2.375,94.92,84.94,80.38,53.419,2.9457,3.9846,-1.0389,100.39,89.46,11.509,2009,6,2,2009-06,False
2009-06-23,ASIANPAINT,91.99,94.22,90.74,93.01,75670,-0.399,95.1,85.46,80.34,52.597,2.5724,3.7022,-1.1298,100.01,90.19,10.324,2009,6,2,2009-06,False
2009-06-24,ASIANPAINT,92.08,96.87,91.99,96.68,82180,3.947,95.31,86.01,80.32,59.257,2.5435,3.4704,-0.9269,100.11,90.51,10.075,2009,6,2,2009-06,False
2009-06-25,ASIANPAINT,95.86,97.13,95.86,96.45,99130,-0.243,95.63,86.45,80.29,58.688,2.4731,3.2709,-0.7979,99.75,91.51,8.623,2009,6,2,2009-06,False
2009-06-26,ASIANPAINT,89.82,99.61,89.82,98.81,180210,2.449,96.0,86.9,80.28,62.574,2.5781,3.1324,-0.5543,99.87,92.13,8.065,2009,6,2,2009-06,False
2009-06-29,ASIANPAINT,100.08,101.32,98.58,100.34,105300,1.55,96.24,87.35,80.28,64.881,2.7533,3.0566,-0.3033,100.56,91.92,8.977,2009,6,2,2009-06,False
2009-06-30,ASIANPAINT,101.41,102.37,99.35,101.65,251610,1.301,96.58,87.81,80.28,66.761,2.9632,3.0379,-0.0747,101.47,91.68,10.137,2009,6,2,2009-06,False
2009-07-01,ASIANPAINT,100.61,101.75,100.55,101.38,72420,-0.261,96.83,88.33,80.28,65.987,3.0727,3.0449,0.0279,102.17,91.48,11.036,2009,7,3,2009-07,False
2009-07-02,ASIANPAINT,101.15,101.84,100.98,101.41,66410,0.025,97.15,88.84,80.27,66.028,3.1256,3.061,0.0646,102.79,91.51,11.609,2009,7,3,2009-07,False
2009-07-03,ASIANPAINT,101.41,102.65,100.55,102.13,239870,0.709,97.5,89.36,80.28,67.22,3.1887,3.0866,0.1022,103.47,91.53,12.251,2009,7,3,2009-07,False
2009-07-06,ASIANPAINT,102.26,103.55,101.34,102.15,127550,0.021,97.84,89.89,80.28,67.257,3.2036,3.11,0.0936,104.06,91.61,12.724,2009,7,3,2009-07,False
2009-07-07,ASIANPAINT,102.69,103.72,101.58,103.35,1591560,1.177,98.17,90.47,80.28,69.341,3.2746,3.1429,0.1317,104.83,91.5,13.583,2009,7,3,2009-07,False
2009-07-08,ASIANPAINT,102.69,102.69,101.66,102.08,47500,-1.234,98.39,91.03,80.29,64.642,3.1912,3.1526,0.0387,105.28,91.51,13.991,2009,7,3,2009-07,False
2009-07-09,ASIANPAINT,102.26,102.49,99.48,100.75,221520,-1.295,98.44,91.54,80.29,60.095,2.9841,3.1189,-0.1348,105.38,91.5,14.095,2009,7,3,2009-07,False
2009-07-10,ASIANPAINT,101.84,101.84,99.27,100.24,35080,-0.514,98.55,92.03,80.28,58.363,2.7464,3.0444,-0.2979,105.53,91.57,14.166,2009,7,3,2009-07,False
2009-07-13,ASIANPAINT,100.98,100.98,94.31,96.2,702740,-4.021,98.41,92.46,80.26,47.008,2.2074,2.877,-0.6695,105.46,91.36,14.335,2009,7,3,2009-07,False
2009-07-14,ASIANPAINT,97.17,100.21,97.17,99.7,432250,3.629,98.69,92.94,80.25,55.149,2.0385,2.7093,-0.6708,105.46,91.93,13.709,2009,7,3,2009-07,False
2009-07-15,ASIANPAINT,100.54,110.77,98.5,100.13,35700,0.433,98.94,93.43,80.24,56.048,1.9174,2.5509,-0.6335,105.53,92.34,13.325,2009,7,3,2009-07,False
2009-07-16,ASIANPAINT,103.55,103.55,100.12,101.92,61180,1.786,99.37,93.94,80.24,59.657,1.9434,2.4294,-0.486,105.51,93.24,12.346,2009,7,3,2009-07,False
2009-07-17,ASIANPAINT,101.84,102.52,101.24,101.78,38180,-0.134,99.68,94.44,80.24,59.255,1.9306,2.3297,-0.399,105.64,93.71,11.964,2009,7,3,2009-07,False
2009-07-20,ASIANPAINT,101.84,103.95,100.85,103.62,321300,1.804,100.19,94.96,80.26,62.86,2.0451,2.2727,-0.2277,105.61,94.77,10.821,2009,7,3,2009-07,False
2009-07-21,ASIANPAINT,103.12,107.57,102.52,107.01,101540,3.275,100.89,95.58,80.3,68.422,2.3821,2.2946,0.0875,106.01,95.76,10.162,2009,7,3,2009-07,False
2009-07-22,ASIANPAINT,106.97,111.25,106.12,110.95,240120,3.687,101.6,96.19,80.37,73.407,2.9337,2.4224,0.5113,108.06,95.14,12.718,2009,7,3,2009-07,False
2009-07-23,ASIANPAINT,110.91,112.96,108.77,110.24,420690,-0.648,102.29,96.78,80.43,71.201,3.2751,2.593,0.6822,109.35,95.23,13.804,2009,7,3,2009-07,False
2009-07-24,ASIANPAINT,111.25,113.81,110.07,112.08,1238050,1.673,102.95,97.4,80.5,73.409,3.6524,2.8048,0.8475,111.05,94.85,15.735,2009,7,3,2009-07,False
2009-07-27,ASIANPAINT,114.67,118.95,112.96,115.82,515920,3.337,103.73,98.03,80.58,77.222,4.2047,3.0848,1.1199,113.55,93.91,18.94,2009,7,3,2009-07,False
2009-07-28,ASIANPAINT,117.92,119.79,115.1,118.48,300380,2.302,104.57,98.71,80.67,79.481,4.8021,3.4283,1.3738,116.34,92.8,22.504,2009,7,3,2009-07,False
2009-07-29,ASIANPAINT,119.38,121.69,115.19,119.58,253980,0.924,105.48,99.37,80.77,80.344,5.3028,3.8032,1.4996,118.91,92.05,25.456,2009,7,3,2009-07,False
2009-07-30,ASIANPAINT,119.81,120.23,117.92,119.47,147410,-0.093,106.38,99.89,80.87,79.976,5.6258,4.1677,1.4581,121.03,91.74,27.535,2009,7,3,2009-07,False
2009-07-31,ASIANPAINT,119.55,121.52,118.19,120.78,107850,1.1,107.32,100.51,80.97,81.077,5.9196,4.5181,1.4015,123.15,91.48,29.508,2009,7,3,2009-07,False
2009-08-03,ASIANPAINT,120.75,121.5,118.2,121.03,92730,0.205,108.26,101.15,81.08,81.287,6.102,4.8349,1.2672,125.02,91.5,30.963,2009,8,3,2009-08,False
2009-08-04,ASIANPAINT,122.37,122.46,119.99,120.86,156960,-0.141,109.14,101.78,81.2,80.624,6.1618,5.1003,1.0616,126.63,91.64,32.059,2009,8,3,2009-08,False
2009-08-05,ASIANPAINT,119.81,123.91,119.81,122.24,385260,1.144,110.14,102.38,81.35,81.907,6.2487,5.3299,0.9187,128.24,92.05,32.857,2009,8,3,2009-08,False
2009-08-06,ASIANPAINT,122.2,123.57,113.82,118.5,2057630,-3.059,111.03,102.95,81.5,68.662,5.9472,5.4534,0.4938,128.93,93.14,32.235,2009,8,3,2009-08,False
2009-08-07,ASIANPAINT,118.18,121.24,113.82,114.53,119550,-3.351,111.75,103.41,81.65,57.947,5.3265,5.428,-0.1015,128.95,94.54,30.8,2009,8,3,2009-08,False
2009-08-10,ASIANPAINT,118.09,119.29,110.82,113.83,191500,-0.609,112.63,103.77,81.81,56.285,4.7238,5.2872,-0.5634,128.21,97.04,27.678,2009,8,3,2009-08,False
2009-08-11,ASIANPAINT,113.91,118.96,111.76,115.5,264780,1.466,113.42,104.19,81.97,59.293,4.3309,5.0959,-0.765,127.8,99.04,25.361,2009,8,3,2009-08,False
2009-08-12,ASIANPAINT,115.53,115.53,113.9,114.74,68670,-0.659,114.15,104.55,82.12,57.353,3.913,4.8593,-0.9463,127.1,101.2,22.695,2009,8,3,2009-08,False
2009-08-13,ASIANPAINT,115.53,119.67,115.53,118.48,284200,3.259,114.98,105.02,82.31,63.642,3.8393,4.6553,-0.816,126.7,103.26,20.386,2009,8,3,2009-08,False
2009-08-14,ASIANPAINT,117.24,118.69,116.21,116.87,128170,-1.361,115.73,105.46,82.49,59.562,3.6091,4.4461,-0.837,125.68,105.78,17.199,2009,8,3,2009-08,False
2009-08-17,ASIANPAINT,113.99,119.98,94.13,115.67,48810,-1.025,116.33,105.86,82.67,56.657,3.2921,4.2153,-0.9232,124.5,108.17,14.032,2009,8,3,2009-08,False
2009-08-18,ASIANPAINT,113.05,116.8,113.05,115.44,48740,-0.196,116.76,106.24,82.84,56.099,2.9881,3.9698,-0.9818,123.66,109.85,11.835,2009,8,3,2009-08,False
2009-08-19,ASIANPAINT,115.37,115.53,111.25,111.73,115110,-3.213,116.79,106.52,82.97,47.808,2.4199,3.6598,-1.24,123.57,110.02,11.608,2009,8,3,2009-08,False
2009-08-20,ASIANPAINT,112.96,115.61,111.3,112.28,62560,0.486,116.9,106.77,83.09,48.997,1.9905,3.326,-1.3355,123.31,110.48,10.975,2009,8,3,2009-08,False
2009-08-21,ASIANPAINT,112.53,112.96,110.4,111.93,154040,-0.305,116.89,107.05,83.24,48.251,1.6041,2.9816,-1.3775,123.33,110.45,11.016,2009,8,3,2009-08,False
2009-08-24,ASIANPAINT,112.2,115.44,112.2,114.2,284220,2.026,116.81,107.35,83.41,53.32,1.464,2.6781,-1.2141,123.34,110.27,11.189,2009,8,3,2009-08,False
2009-08-25,ASIANPAINT,115.09,117.07,111.43,116.35,179470,1.885,116.7,107.8,83.6,57.568,1.5093,2.4443,-0.9351,123.19,110.21,11.12,2009,8,3,2009-08,False
2009-08-26,ASIANPAINT,116.81,117.67,113.42,117.3,99640,0.816,116.59,108.24,83.78,59.328,1.6033,2.2761,-0.6728,122.94,110.23,10.901,2009,8,3,2009-08,False
2009-08-27,ASIANPAINT,118.1,118.1,115.87,117.23,65510,-0.066,116.48,108.72,83.96,59.114,1.6525,2.1514,-0.4989,122.69,110.26,10.677,2009,8,3,2009-08,False
2009-08-28,ASIANPAINT,117.41,120.26,115.96,119.79,562900,2.183,116.43,109.2,84.16,63.787,1.8764,2.0964,-0.22,122.51,110.34,10.457,2009,8,3,2009-08,False
2009-08-31,ASIANPAINT,116.81,120.66,115.14,119.83,508350,0.039,116.37,109.73,84.35,63.869,2.0342,2.0839,-0.0498,122.28,110.45,10.171,2009,8,3,2009-08,False
2009-09-01,ASIANPAINT,121.09,121.09,117.34,117.84,52150,-1.664,116.21,110.23,84.53,57.901,1.9755,2.0623,-0.0867,121.79,110.64,9.602,2009,9,3,2009-09,False
2009-09-02,ASIANPAINT,118.36,118.95,115.44,115.69,114540,-1.819,115.89,110.61,84.7,52.248,1.7361,1.997,-0.261,120.69,111.08,8.293,2009,9,3,2009-09,False
2009-09-03,ASIANPAINT,116.05,117.75,115.12,115.7,101350,0.004,115.75,110.99,84.88,52.258,1.529,1.9034,-0.3744,120.39,111.1,8.026,2009,9,3,2009-09,False
2009-09-04,ASIANPAINT,116.38,118.78,114.24,117.65,64240,1.683,115.9,111.37,85.06,56.709,1.5047,1.8237,-0.319,120.59,111.22,8.079,2009,9,3,2009-09,False
2009-09-07,ASIANPAINT,118.1,119.8,117.25,118.1,728220,0.385,116.12,111.72,85.25,57.698,1.5046,1.7599,-0.2552,120.79,111.44,8.05,2009,9,3,2009-09,False
2009-09-08,ASIANPAINT,118.27,118.95,117.24,117.72,107150,-0.322,116.23,112.05,85.43,56.53,1.4571,1.6993,-0.2422,120.94,111.51,8.118,2009,9,3,2009-09,False
2009-09-09,ASIANPAINT,117.67,118.77,116.21,116.92,39110,-0.68,116.34,112.36,85.61,54.054,1.3394,1.6273,-0.2879,121.01,111.66,8.034,2009,9,3,2009-09,False
2009-09-10,ASIANPAINT,118.1,118.51,116.38,117.86,110100,0.805,116.3,112.69,85.78,56.47,1.307,1.5633,-0.2563,120.93,111.68,7.947,2009,9,3,2009-09,False
2009-09-11,ASIANPAINT,116.55,118.09,115.68,116.39,137570,-1.249,116.28,112.97,85.96,51.877,1.1493,1.4805,-0.3311,120.89,111.67,7.936,2009,9,3,2009-09,False
2009-09-14,ASIANPAINT,116.38,117.15,115.73,116.61,153820,0.195,116.33,113.26,86.14,52.517,1.0308,1.3905,-0.3598,120.94,111.72,7.921,2009,9,3,2009-09,False
2009-09-15,ASIANPAINT,117.5,118.01,115.96,117.59,135250,0.84,116.44,113.54,86.35,55.288,1.0043,1.3133,-0.309,121.06,111.82,7.936,2009,9,3,2009-09,False
2009-09-16,ASIANPAINT,118.35,118.87,116.82,117.65,204430,0.047,116.73,113.86,86.55,55.447,0.9766,1.2459,-0.2694,120.81,112.65,6.987,2009,9,3,2009-09,False
2009-09-17,ASIANPAINT,118.78,122.37,115.13,116.76,1917020,-0.753,116.96,114.18,86.76,52.261,0.8731,1.1714,-0.2983,120.45,113.46,5.983,2009,9,3,2009-09,False
2009-09-18,ASIANPAINT,117.24,118.79,115.74,117.74,164070,0.839,117.25,114.53,86.97,55.319,0.8602,1.1091,-0.249,119.84,114.66,4.417,2009,9,3,2009-09,False
2009-09-22,ASIANPAINT,116.38,118.95,115.53,116.18,536880,-1.33,117.35,114.93,87.17,49.826,0.7153,1.0304,-0.315,119.57,115.12,3.793,2009,9,3,2009-09,False
2009-09-23,ASIANPAINT,116.55,117.67,115.87,116.85,440300,0.582,117.37,115.27,87.38,52.04,0.6477,0.9538,-0.3062,119.56,115.18,3.731,2009,9,3,2009-09,False
2009-09-24,ASIANPAINT,116.55,117.24,115.53,116.85,461310,-0.004,117.35,115.6,87.58,52.024,0.5869,0.8804,-0.2935,119.55,115.15,3.752,2009,9,3,2009-09,False
2009-09-25,ASIANPAINT,117.58,118.61,115.57,118.04,1075790,1.018,117.39,115.93,87.8,55.987,0.6275,0.8299,-0.2024,119.61,115.17,3.786,2009,9,3,2009-09,False
2009-09-29,ASIANPAINT,118.94,121.86,118.1,119.48,584490,1.218,117.37,116.28,88.03,60.259,0.7668,0.8173,-0.0504,119.53,115.22,3.673,2009,9,3,2009-09,False
2009-09-30,ASIANPAINT,119.64,121.26,117.75,120.3,994060,0.688,117.4,116.61,88.27,62.499,0.9328,0.8404,0.0924,119.67,115.12,3.875,2009,9,3,2009-09,False
2009-10-01,ASIANPAINT,120.3,121.42,118.27,120.96,138370,0.551,117.55,116.89,88.49,64.251,1.1051,0.8933,0.2118,120.33,114.78,4.723,2009,10,4,2009-10,False
2009-10-05,ASIANPAINT,120.96,121.0,118.53,120.18,191080,-0.644,117.78,117.08,88.72,60.667,1.1654,0.9477,0.2177,120.64,114.91,4.87,2009,10,4,2009-10,False
2009-10-06,ASIANPAINT,120.64,122.19,118.1,121.52,1214270,1.114,118.07,117.3,88.95,64.35,1.3062,1.0194,0.2868,121.22,114.92,5.333,2009,10,4,2009-10,False
2009-10-07,ASIANPAINT,123.21,129.9,122.37,127.53,920180,4.947,118.56,117.61,89.22,75.458,1.8812,1.1918,0.6894,123.83,113.3,8.879,2009,10,4,2009-10,False
2009-10-08,ASIANPAINT,129.9,129.9,125.03,128.27,449070,0.577,119.07,117.86,89.49,76.427,2.3689,1.4272,0.9417,125.88,112.26,11.443,2009,10,4,2009-10,False
2009-10-09,ASIANPAINT,127.54,129.13,126.33,128.55,184700,0.217,119.61,118.06,89.77,76.799,2.7463,1.691,1.0553,127.59,111.63,13.345,2009,10,4,2009-10,False
2009-10-12,ASIANPAINT,127.51,133.07,127.17,132.53,349800,3.095,120.39,118.32,90.08,81.343,3.3281,2.0184,1.3096,130.13,110.66,16.168,2009,10,4,2009-10,False
2009-10-13,ASIANPAINT,132.47,132.47,132.47,132.47,0,-0.042,121.12,118.58,90.37,81.104,3.7415,2.363,1.3784,132.16,110.09,18.226,2009,10,4,2009-10,False
2009-10-14,ASIANPAINT,145.48,145.48,134.28,135.72,360440,2.455,122.09,118.88,90.68,84.055,4.2822,2.7469,1.5353,134.66,109.52,20.595,2009,10,4,2009-10,False
2009-10-15,ASIANPAINT,136.84,136.92,133.08,133.78,112380,-1.434,122.95,119.14,90.99,76.366,4.5017,3.0978,1.4039,136.27,109.63,21.666,2009,10,4,2009-10,False
2009-10-16,ASIANPAINT,136.04,136.05,133.07,133.97,94680,0.147,123.77,119.4,91.28,76.599,4.6381,3.4059,1.2322,137.7,109.83,22.515,2009,10,4,2009-10,False
2009-10-20,ASIANPAINT,135.64,136.32,133.69,134.8,138920,0.62,124.63,119.65,91.58,77.602,4.7583,3.6764,1.0819,139.08,110.18,23.189,2009,10,4,2009-10,False
2009-10-21,ASIANPAINT,132.9,135.54,130.16,131.48,254860,-2.466,125.36,119.91,91.87,65.493,4.5331,3.8477,0.6853,139.62,111.1,22.753,2009,10,4,2009-10,False
2009-10-22,ASIANPAINT,133.16,133.5,130.42,131.0,125920,-0.368,126.02,120.24,92.16,63.93,4.2663,3.9314,0.3349,140.02,112.02,22.219,2009,10,4,2009-10,False
2009-10-23,ASIANPAINT,133.5,146.16,133.5,143.65,1683470,9.659,127.4,120.83,92.51,78.431,5.0181,4.1488,0.8693,142.66,112.13,23.967,2009,10,4,2009-10,False
2009-10-26,ASIANPAINT,145.93,148.19,141.92,143.41,619030,-0.165,128.72,121.39,92.86,77.801,5.531,4.4252,1.1058,144.73,112.72,24.871,2009,10,4,2009-10,False
2009-10-27,ASIANPAINT,141.05,141.92,139.25,140.9,204550,-1.751,129.93,121.92,93.19,71.259,5.6695,4.6741,0.9954,145.79,114.06,24.42,2009,10,4,2009-10,False
2009-10-28,ASIANPAINT,141.06,141.06,136.97,140.18,157260,-0.513,131.03,122.35,93.51,69.45,5.6557,4.8704,0.7853,146.49,115.58,23.59,2009,10,4,2009-10,False
2009-10-29,ASIANPAINT,139.51,140.63,135.17,137.02,147990,-2.255,131.91,122.75,93.82,62.03,5.3283,4.962,0.3663,146.58,117.25,22.234,2009,10,4,2009-10,False
2009-10-30,ASIANPAINT,139.77,146.22,139.77,141.25,249210,3.092,132.96,123.26,94.13,67.103,5.349,5.0394,0.3096,147.12,118.8,21.295,2009,10,4,2009-10,False
2009-11-03,ASIANPAINT,142.69,144.93,139.51,142.83,206100,1.117,134.05,123.81,94.46,68.776,5.4302,5.1175,0.3126,147.68,120.43,20.325,2009,11,4,2009-11,False
2009-11-04,ASIANPAINT,144.84,145.79,143.64,144.93,478980,1.472,135.29,124.48,94.81,70.901,5.5997,5.214,0.3857,148.08,122.5,18.907,2009,11,4,2009-11,False
2009-11-05,ASIANPAINT,149.64,149.64,143.65,144.76,426920,-0.119,136.45,125.13,95.16,70.478,5.6549,5.3022,0.3527,148.15,124.75,17.148,2009,11,4,2009-11,False
2009-11-06,ASIANPAINT,145.36,145.79,144.93,145.17,345340,0.285,137.33,125.79,95.51,70.926,5.6667,5.3751,0.2916,148.86,125.81,16.787,2009,11,4,2009-11,False
2009-11-09,ASIANPAINT,145.88,145.88,144.98,145.35,390820,0.121,138.19,126.41,95.85,71.127,5.6254,5.4251,0.2003,149.42,126.96,16.249,2009,11,4,2009-11,False
2009-11-10,ASIANPAINT,143.64,148.8,142.91,144.15,399360,-0.825,138.97,126.97,96.18,67.691,5.4332,5.4267,0.0065,149.52,128.41,15.19,2009,11,4,2009-11,False
2009-11-11,ASIANPAINT,145.7,147.51,140.07,144.9,380000,0.522,139.59,127.52,96.51,68.712,5.2808,5.3975,-0.1168,150.0,129.17,14.923,2009,11,4,2009-11,False
2009-11-12,ASIANPAINT,144.07,145.45,142.09,142.66,112680,-1.546,140.1,128.03,96.84,62.391,4.9224,5.3025,-0.3801,150.03,130.16,14.184,2009,11,4,2009-11,False
2009-11-13,ASIANPAINT,143.98,145.36,142.78,143.42,202070,0.534,140.48,128.5,97.16,63.615,4.6463,5.1713,-0.525,150.3,130.66,13.978,2009,11,4,2009-11,False
2009-11-16,ASIANPAINT,143.42,144.59,143.04,144.15,1129760,0.504,141.0,128.99,97.48,64.788,4.4346,5.0239,-0.5893,150.41,131.59,13.354,2009,11,4,2009-11,False
2009-11-17,ASIANPAINT,144.5,145.27,143.47,144.31,50910,0.113,141.52,129.52,97.81,65.062,4.2313,4.8654,-0.6341,150.43,132.61,12.595,2009,11,4,2009-11,False
2009-11-18,ASIANPAINT,144.07,147.08,143.21,144.28,1880380,-0.021,141.99,130.09,98.15,64.961,4.0214,4.6966,-0.6752,150.39,133.59,11.835,2009,11,4,2009-11,False
2009-11-19,ASIANPAINT,144.28,147.51,144.07,145.34,532170,0.736,142.68,130.68,98.49,66.901,3.8958,4.5364,-0.6406,149.59,135.78,9.678,2009,11,4,2009-11,False
2009-11-20,ASIANPAINT,144.07,146.22,144.07,145.45,920400,0.071,143.41,131.24,98.88,67.092,3.7613,4.3814,-0.6201,147.69,139.13,5.97,2009,11,4,2009-11,False
2009-11-23,ASIANPAINT,145.08,146.99,144.5,146.25,289640,0.55,143.54,131.8,99.28,68.601,3.6768,4.2405,-0.5637,148.0,139.07,6.221,2009,11,4,2009-11,False
2009-11-24,ASIANPAINT,146.22,147.08,144.99,146.21,1512170,-0.026,143.68,132.37,99.69,68.437,3.5656,4.1055,-0.5399,148.3,139.06,6.432,2009,11,4,2009-11,False
2009-11-25,ASIANPAINT,145.36,146.52,144.42,144.65,78070,-1.068,143.86,132.93,100.08,62.015,3.3134,3.9471,-0.6337,148.31,139.42,6.183,2009,11,4,2009-11,False
2009-11-26,ASIANPAINT,145.36,146.22,143.64,144.89,280200,0.166,144.1,133.47,100.47,62.598,3.0972,3.7771,-0.6799,148.21,139.99,5.707,2009,11,4,2009-11,False
2009-11-27,ASIANPAINT,143.64,145.27,138.91,141.07,150240,-2.633,144.3,133.96,100.85,49.608,2.5882,3.5393,-0.9511,147.15,141.46,3.945,2009,11,4,2009-11,False
2009-11-30,ASIANPAINT,144.24,145.18,141.27,144.47,102050,2.411,144.46,134.52,101.25,57.982,2.4313,3.3177,-0.8864,146.92,142.0,3.403,2009,11,4,2009-11,False
2009-12-01,ASIANPAINT,143.21,147.08,141.58,146.86,104200,1.652,144.66,135.1,101.65,62.669,2.4711,3.1484,-0.6773,147.22,142.11,3.531,2009,12,4,2009-12,False
2009-12-02,ASIANPAINT,147.08,147.77,144.08,145.97,69340,-0.609,144.72,135.67,102.05,59.969,2.4027,2.9993,-0.5965,147.33,142.1,3.618,2009,12,4,2009-12,False
2009-12-03,ASIANPAINT,146.82,146.82,144.5,145.11,57850,-0.586,144.73,136.24,102.44,57.42,2.2535,2.8501,-0.5966,147.36,142.11,3.626,2009,12,4,2009-12,False
2009-12-04,ASIANPAINT,145.36,145.36,143.85,144.29,77020,-0.563,144.69,136.77,102.81,55.016,2.0458,2.6893,-0.6435,147.31,142.07,3.624,2009,12,4,2009-12,False
2009-12-07,ASIANPAINT,145.27,145.57,143.21,143.73,81170,-0.39,144.61,137.32,103.18,53.357,1.8147,2.5143,-0.6996,147.24,141.97,3.646,2009,12,4,2009-12,False
2009-12-08,ASIANPAINT,144.07,146.22,142.01,145.98,49090,1.565,144.7,137.9,103.57,58.71,1.7925,2.37,-0.5775,147.4,142.0,3.726,2009,12,4,2009-12,False
2009-12-09,ASIANPAINT,144.59,147.5,144.51,146.22,648110,0.168,144.77,138.49,103.95,59.259,1.7741,2.2508,-0.4767,147.55,141.99,3.841,2009,12,4,2009-12,False
2009-12-10,ASIANPAINT,144.68,148.37,144.68,146.08,195360,-0.1,144.94,139.05,104.34,58.757,1.7279,2.1462,-0.4183,147.59,142.28,3.661,2009,12,4,2009-12,False
2009-12-11,ASIANPAINT,148.28,148.28,145.88,146.85,87140,0.53,145.11,139.6,104.74,60.656,1.7337,2.0637,-0.33,147.79,142.42,3.7,2009,12,4,2009-12,False
2009-12-14,ASIANPAINT,146.65,147.94,146.65,147.29,80400,0.299,145.26,140.14,105.14,61.731,1.7536,2.0017,-0.2481,148.08,142.45,3.872,2009,12,4,2009-12,False
2009-12-15,ASIANPAINT,148.27,151.38,147.08,149.19,686080,1.291,145.51,140.7,105.54,66.06,1.9007,1.9815,-0.0808,148.78,142.24,4.499,2009,12,4,2009-12,False
2009-12-16,ASIANPAINT,149.66,152.91,147.94,152.15,809100,1.98,145.9,141.34,105.97,71.463,2.2301,2.0312,0.1988,150.26,141.54,5.978,2009,12,4,2009-12,False
2009-12-17,ASIANPAINT,154.37,154.37,151.53,152.31,170110,0.105,146.25,141.96,106.39,71.724,2.4754,2.12,0.3553,151.45,141.05,7.116,2009,12,4,2009-12,False
2009-12-18,ASIANPAINT,153.53,156.54,151.47,154.83,567290,1.655,146.72,142.5,106.83,75.541,2.8404,2.2641,0.5763,153.16,140.28,8.781,2009,12,4,2009-12,False
2009-12-21,ASIANPAINT,153.19,155.42,148.07,149.48,189660,-3.453,146.88,142.93,107.25,57.738,2.6676,2.3448,0.3228,153.43,140.33,8.923,2009,12,4,2009-12,False
2009-12-22,ASIANPAINT,156.46,156.46,134.18,149.36,137570,-0.078,147.04,143.34,107.66,57.421,2.4925,2.3743,0.1182,153.67,140.4,9.026,2009,12,4,2009-12,False
2009-12-23,ASIANPAINT,146.23,152.23,146.23,151.2,981780,1.229,147.37,143.72,108.09,61.058,2.4734,2.3942,0.0793,154.15,140.58,9.207,2009,12,4,2009-12,False
2009-12-24,ASIANPAINT,150.69,152.24,150.52,151.1,68360,-0.068,147.68,144.09,108.53,60.744,2.4221,2.3997,0.0223,154.55,140.8,9.31,2009,12,4,2009-12,False
2009-12-29,ASIANPAINT,154.82,154.82,150.09,151.88,134570,0.518,148.22,144.41,108.98,62.326,2.4166,2.4031,0.0135,154.59,141.85,8.594,2009,12,4,2009-12,False
2009-12-30,ASIANPAINT,151.88,153.1,150.95,151.85,94750,-0.017,148.59,144.77,109.43,62.237,2.3828,2.3991,-0.0162,154.9,142.28,8.494,2009,12,4,2009-12,False
2009-12-31,ASIANPAINT,154.31,155.25,151.81,154.58,176710,1.796,148.97,145.19,109.89,67.519,2.5467,2.4286,0.1181,155.76,142.18,9.118,2009,12,4,2009-12,False
2010-01-04,ASIANPAINT,154.05,154.81,153.1,153.84,80350,-0.476,149.37,145.57,110.35,64.883,2.5873,2.4603,0.127,156.34,142.4,9.332,2010,1,1,2010-01,False
2010-01-05,ASIANPAINT,154.65,155.25,153.53,154.33,849100,0.316,149.83,146.02,110.82,65.832,2.6285,2.494,0.1345,156.83,142.82,9.349,2010,1,1,2010-01,False
2010-01-06,ASIANPAINT,156.09,156.09,153.19,153.87,73450,-0.301,150.31,146.48,111.28,64.05,2.5937,2.5139,0.0798,157.02,143.59,8.934,2010,1,1,2010-01,False
2010-01-07,ASIANPAINT,154.71,154.71,152.15,152.3,240320,-1.02,150.73,146.65,111.74,58.306,2.4117,2.4935,-0.0818,156.74,144.73,7.965,2010,1,1,2010-01,False
2010-01-08,ASIANPAINT,152.63,157.75,152.3,154.81,711310,1.652,151.18,146.88,112.2,63.895,2.4423,2.4832,-0.0409,157.0,145.35,7.709,2010,1,1,2010-01,False
2010-01-11,ASIANPAINT,153.1,156.53,152.68,154.55,173420,-0.169,151.59,147.15,112.65,62.947,2.4175,2.4701,-0.0526,157.11,146.07,7.281,2010,1,1,2010-01,False
2010-01-12,ASIANPAINT,153.96,161.62,153.96,158.58,1148010,2.61,152.22,147.52,113.13,70.253,2.6924,2.5146,0.1778,157.94,146.5,7.514,2010,1,1,2010-01,False
2010-01-13,ASIANPAINT,152.24,161.44,147.22,159.83,432050,0.786,152.87,147.98,113.61,72.085,2.9765,2.6069,0.3696,158.96,146.78,7.966,2010,1,1,2010-01,False
2010-01-14,ASIANPAINT,161.1,165.83,160.43,161.85,230890,1.262,153.59,148.39,114.1,74.79,3.3261,2.7508,0.5753,160.32,146.87,8.762,2010,1,1,2010-01,False
2010-01-15,ASIANPAINT,160.95,165.74,160.43,161.01,372180,-0.518,154.19,148.75,114.59,71.68,3.4952,2.8997,0.5955,161.35,147.02,9.291,2010,1,1,2010-01,False
2010-01-18,ASIANPAINT,162.47,164.37,159.98,160.55,125790,-0.286,154.61,149.07,115.07,69.961,3.5511,3.03,0.5212,162.24,146.98,9.87,2010,1,1,2010-01,False
2010-01-19,ASIANPAINT,162.97,162.97,156.97,158.67,199220,-1.168,154.92,149.34,115.54,63.3,3.4049,3.1049,0.3,162.68,147.17,10.013,2010,1,1,2010-01,False
2010-01-20,ASIANPAINT,158.09,160.2,156.63,157.14,120360,-0.968,155.04,149.58,115.99,58.396,3.1291,3.1098,0.0193,162.86,147.22,10.086,2010,1,1,2010-01,False
2010-01-21,ASIANPAINT,157.14,158.09,154.49,155.86,108870,-0.816,155.36,149.79,116.43,54.595,2.7751,3.0428,-0.2678,162.73,147.99,9.49,2010,1,1,2010-01,False
2010-01-22,ASIANPAINT,153.96,155.68,150.09,151.82,334690,-2.594,155.48,149.95,116.86,44.708,2.1436,2.863,-0.7194,162.51,148.46,9.037,2010,1,1,2010-01,False
2010-01-25,ASIANPAINT,152.67,156.11,151.98,152.79,263830,0.643,155.56,150.11,117.29,47.195,1.7023,2.6309,-0.9285,162.42,148.71,8.813,2010,1,1,2010-01,False
2010-01-27,ASIANPAINT,151.81,156.46,150.46,151.78,372840,-0.664,155.59,150.29,117.71,44.932,1.2562,2.3559,-1.0997,162.36,148.83,8.7,2010,1,1,2010-01,False
2010-01-28,ASIANPAINT,153.1,156.88,152.33,155.06,373290,2.165,155.75,150.52,118.15,52.819,1.1545,2.1156,-0.9611,162.3,149.21,8.406,2010,1,1,2010-01,False
2010-01-29,ASIANPAINT,154.65,160.41,152.67,159.31,275390,2.74,156.13,150.82,118.62,60.664,1.4006,1.9726,-0.572,162.59,149.67,8.275,2010,1,1,2010-01,False
2010-02-01,ASIANPAINT,160.84,166.43,157.4,164.93,367220,3.528,156.64,151.24,119.11,68.197,2.0258,1.9833,0.0426,164.16,149.13,9.59,2010,2,1,2010-02,False
2010-02-02,ASIANPAINT,165.57,166.05,160.84,161.33,302690,-2.185,157.02,151.58,119.57,60.232,2.2051,2.0276,0.1775,164.69,149.35,9.767,2010,2,1,2010-02,False
2010-02-03,ASIANPAINT,162.9,165.57,161.69,164.68,419240,2.077,157.54,151.96,120.02,64.395,2.5877,2.1397,0.448,165.81,149.26,10.508,2010,2,1,2010-02,False
2010-02-04,ASIANPAINT,164.63,165.62,162.13,164.99,148690,0.188,158.09,152.35,120.46,64.763,2.8827,2.2883,0.5944,166.81,149.37,11.033,2010,2,1,2010-02,False
2010-02-05,ASIANPAINT,160.41,171.59,160.41,166.54,1872490,0.941,158.8,152.76,120.91,66.621,3.2047,2.4716,0.7332,167.85,149.76,11.396,2010,2,1,2010-02,False
2010-02-08,ASIANPAINT,168.58,170.73,167.29,167.53,407370,0.594,159.44,153.19,121.35,67.787,3.4995,2.6771,0.8223,169.08,149.8,12.087,2010,2,1,2010-02,False
2010-02-09,ASIANPAINT,167.21,170.56,167.21,168.82,508880,0.768,160.15,153.67,121.82,69.289,3.7931,2.9003,0.8928,170.36,149.95,12.747,2010,2,1,2010-02,False
2010-02-10,ASIANPAINT,170.3,174.17,167.29,170.27,514110,0.861,160.74,154.18,122.29,70.938,4.0959,3.1394,0.9564,171.86,149.61,13.843,2010,2,1,2010-02,False
2010-02-11,ASIANPAINT,171.48,171.94,166.0,167.27,371620,-1.76,161.11,154.7,122.75,63.379,4.0473,3.321,0.7263,172.6,149.62,14.263,2010,2,1,2010-02,False
2010-02-15,ASIANPAINT,171.14,171.14,163.85,166.39,385570,-0.527,161.34,155.14,123.2,61.31,3.8928,3.4354,0.4574,173.06,149.61,14.538,2010,2,1,2010-02,False
2010-02-16,ASIANPAINT,174.69,174.69,162.79,164.45,239100,-1.163,161.51,155.49,123.65,56.917,3.573,3.4629,0.1101,173.32,149.7,14.623,2010,2,1,2010-02,False
2010-02-17,ASIANPAINT,165.14,165.74,161.53,162.54,414590,-1.166,161.61,155.82,124.09,52.874,3.1287,3.396,-0.2674,173.42,149.8,14.613,2010,2,1,2010-02,False
2010-02-18,ASIANPAINT,163.4,163.4,159.21,159.8,884210,-1.685,161.66,156.12,124.52,47.665,2.5264,3.2221,-0.6957,173.42,149.9,14.549,2010,2,1,2010-02,False
2010-02-19,ASIANPAINT,159.13,160.67,158.27,159.9,72790,0.067,161.8,156.43,124.94,47.882,2.0343,2.9845,-0.9502,173.4,150.2,14.338,2010,2,1,2010-02,False
2010-02-22,ASIANPAINT,161.27,161.68,156.54,157.01,119950,-1.807,161.86,156.69,125.35,42.751,1.3951,2.6667,-1.2716,173.35,150.37,14.192,2010,2,1,2010-02,False
2010-02-23,ASIANPAINT,159.21,159.21,151.38,153.55,621410,-2.208,161.95,156.85,125.74,37.553,0.6018,2.2537,-1.6519,173.14,150.76,13.818,2010,2,1,2010-02,False
2010-02-24,ASIANPAINT,156.97,156.97,149.88,151.51,722660,-1.33,161.88,156.95,126.12,34.863,-0.1895,1.765,-1.9545,173.31,150.46,14.113,2010,2,1,2010-02,False
2010-02-25,ASIANPAINT,150.61,152.67,147.27,151.84,1812350,0.221,161.89,157.07,126.5,35.678,-0.7805,1.2559,-2.0365,173.3,150.47,14.098,2010,2,1,2010-02,False
2010-02-26,ASIANPAINT,150.18,156.97,149.83,155.68,243720,2.526,161.92,157.24,126.89,44.265,-0.9287,0.819,-1.7477,173.25,150.58,14.003,2010,2,1,2010-02,False
2010-03-02,ASIANPAINT,151.04,161.96,151.04,160.84,287840,3.315,161.99,157.51,127.31,53.298,-0.6225,0.5307,-1.1532,173.28,150.71,13.931,2010,3,1,2010-03,False
2010-03-03,ASIANPAINT,161.7,172.06,160.41,170.41,1213080,5.949,162.27,157.94,127.78,64.716,0.3878,0.5021,-0.1143,174.1,150.43,14.588,2010,3,1,2010-03,False
2010-03-04,ASIANPAINT,170.99,171.64,165.62,169.29,498000,-0.656,162.66,158.28,128.22,62.784,1.0857,0.6188,0.4669,174.9,150.43,15.039,2010,3,1,2010-03,False
2010-03-05,ASIANPAINT,169.79,171.16,167.85,168.76,154450,-0.312,162.87,158.61,128.66,61.844,1.5779,0.8107,0.7673,175.37,150.36,15.357,2010,3,1,2010-03,False
2010-03-08,ASIANPAINT,170.3,170.3,166.6,167.1,108280,-0.986,162.97,158.86,129.09,58.857,1.8129,1.0111,0.8018,175.59,150.36,15.482,2010,3,1,2010-03,False
2010-03-09,ASIANPAINT,166.43,168.58,166.43,167.27,106080,0.103,163.01,159.21,129.51,59.077,1.99,1.2069,0.7831,175.67,150.35,15.537,2010,3,1,2010-03,False
2010-03-10,ASIANPAINT,166.2,168.54,165.57,166.85,344470,-0.249,162.98,159.56,129.92,58.263,2.0728,1.3801,0.6927,175.59,150.36,15.482,2010,3,1,2010-03,False
2010-03-11,ASIANPAINT,159.44,168.41,159.44,167.03,95630,0.111,162.89,159.88,130.32,58.536,2.1288,1.5298,0.599,175.35,150.42,15.307,2010,3,1,2010-03,False
2010-03-12,ASIANPAINT,167.29,168.5,163.6,164.98,125790,-1.228,162.62,160.16,130.68,54.298,1.9848,1.6208,0.364,174.65,150.6,14.788,2010,3,1,2010-03,False
2010-03-15,ASIANPAINT,165.14,165.92,162.13,163.19,154890,-1.084,162.42,160.38,131.04,50.841,1.7066,1.638,0.0686,174.25,150.59,14.566,2010,3,1,2010-03,False
2010-03-16,ASIANPAINT,163.16,171.19,161.27,163.86,987590,0.408,162.29,160.62,131.42,52.066,1.5224,1.6148,-0.0925,174.0,150.59,14.423,2010,3,1,2010-03,False
2010-03-17,ASIANPAINT,164.38,170.13,164.3,169.39,1124780,3.375,162.54,160.92,131.82,60.792,1.8019,1.6522,0.1496,174.64,150.44,14.885,2010,3,1,2010-03,False
2010-03-18,ASIANPAINT,170.72,172.11,168.15,171.56,2050090,1.28,162.99,161.27,132.22,63.59,2.1732,1.7564,0.4168,175.74,150.24,15.648,2010,3,1,2010-03,False
2010-03-19,ASIANPAINT,172.11,174.07,170.73,171.54,218830,-0.01,163.58,161.62,132.62,63.551,2.4381,1.8928,0.5453,176.78,150.37,16.147,2010,3,1,2010-03,False
2010-03-22,ASIANPAINT,171.54,173.27,168.67,169.32,156960,-1.296,164.05,161.93,133.01,58.581,2.4404,2.0023,0.4381,177.37,150.72,16.246,2010,3,1,2010-03,False
2010-03-23,ASIANPAINT,170.73,171.64,168.7,169.28,246090,-0.023,164.66,162.27,133.38,58.495,2.4113,2.0841,0.3272,177.75,151.57,15.899,2010,3,1,2010-03,False
2010-03-25,ASIANPAINT,168.58,170.73,168.58,168.77,648090,-0.302,165.42,162.55,133.75,57.301,2.3202,2.1313,0.1889,177.52,153.32,14.631,2010,3,1,2010-03,False
2010-03-26,ASIANPAINT,169.87,177.18,168.77,172.53,1433570,2.227,166.47,162.9,134.13,63.238,2.5223,2.2095,0.3128,177.04,155.91,12.694,2010,3,1,2010-03,False
2010-03-29,ASIANPAINT,172.8,180.28,171.58,175.03,1566560,1.448,167.63,163.23,134.53,66.566,2.8511,2.3378,0.5133,176.37,158.9,10.421,2010,3,1,2010-03,False
2010-03-30,ASIANPAINT,173.83,178.9,173.82,178.06,817780,1.732,168.75,163.6,134.95,70.103,3.3182,2.5339,0.7843,176.74,160.76,9.467,2010,3,1,2010-03,False
2010-03-31,ASIANPAINT,176.32,179.76,174.27,175.37,453620,-1.512,169.48,163.87,135.35,63.663,3.4315,2.7134,0.7181,177.07,161.89,8.956,2010,3,1,2010-03,False
2010-04-01,ASIANPAINT,177.96,177.96,172.54,173.85,340100,-0.863,169.65,164.13,135.73,60.308,3.3604,2.8428,0.5176,177.48,161.82,9.231,2010,4,2,2010-04,False
2010-04-05,ASIANPAINT,175.64,179.85,173.74,176.93,177860,1.774,170.03,164.45,136.13,64.421,3.5124,2.9767,0.5357,178.51,161.56,9.97,2010,4,2,2010-04,False
2010-04-06,ASIANPAINT,177.18,177.61,174.17,175.71,75260,-0.69,170.38,164.79,136.51,61.694,3.4941,3.0802,0.4139,179.2,161.56,10.353,2010,4,2,2010-04,False
2010-04-07,ASIANPAINT,177.94,177.94,175.46,175.86,240430,0.083,170.82,165.17,136.9,61.902,3.4515,3.1545,0.297,179.82,161.82,10.539,2010,4,2,2010-04,False
2010-04-08,ASIANPAINT,176.32,177.1,172.71,174.9,367290,-0.548,171.2,165.55,137.28,59.607,3.302,3.184,0.118,180.21,162.19,10.53,2010,4,2,2010-04,False
2010-04-09,ASIANPAINT,172.71,176.32,172.71,175.86,377180,0.548,171.65,166.03,137.69,61.151,3.2237,3.1919,0.0318,180.65,162.65,10.485,2010,4,2,2010-04,False
2010-04-12,ASIANPAINT,175.72,176.32,173.39,175.93,1331360,0.042,172.1,166.49,138.09,61.273,3.1315,3.1798,-0.0483,181.01,163.18,10.363,2010,4,2,2010-04,False
2010-04-13,ASIANPAINT,174.61,178.47,173.06,177.12,150760,0.68,172.7,167.0,138.51,63.295,3.1189,3.1676,-0.0487,181.23,164.18,9.87,2010,4,2,2010-04,False
2010-04-15,ASIANPAINT,175.38,178.47,174.17,176.21,223290,-0.515,173.35,167.42,138.91,60.692,3.0008,3.1343,-0.1335,180.73,165.98,8.51,2010,4,2,2010-04,False
2010-04-16,ASIANPAINT,177.01,178.47,174.17,176.48,117490,0.154,173.98,167.77,139.33,61.203,2.8957,3.0866,-0.1909,179.97,168.0,6.88,2010,4,2,2010-04,False
2010-04-19,ASIANPAINT,174.28,177.07,173.08,175.67,196480,-0.463,174.3,167.98,139.74,58.725,2.7151,3.0123,-0.2971,179.92,168.68,6.447,2010,4,2,2010-04,False
2010-04-20,ASIANPAINT,176.93,180.61,175.91,179.06,541050,1.929,174.67,168.33,140.15,65.046,2.8131,2.9724,-0.1594,180.52,168.83,6.692,2010,4,2,2010-04,False
2010-04-21,ASIANPAINT,179.76,182.17,175.12,176.32,292940,-1.525,174.91,168.57,140.55,57.415,2.6399,2.9059,-0.266,180.61,169.22,6.511,2010,4,2,2010-04,False
2010-04-22,ASIANPAINT,177.18,179.3,175.46,178.48,154350,1.224,175.37,168.84,140.95,61.282,2.6464,2.854,-0.2077,180.63,170.11,5.996,2010,4,2,2010-04,False
2010-04-23,ASIANPAINT,177.61,180.54,177.61,180.28,185130,1.007,175.92,169.11,141.35,64.197,2.7647,2.8361,-0.0715,180.78,171.06,5.526,2010,4,2,2010-04,False
2010-04-26,ASIANPAINT,179.89,181.05,177.02,177.86,142880,-1.343,176.38,169.32,141.73,57.876,2.6327,2.7955,-0.1628,179.95,172.8,4.054,2010,4,2,2010-04,False
2010-04-27,ASIANPAINT,177.87,180.18,176.5,177.46,130190,-0.227,176.62,169.49,142.11,56.87,2.4671,2.7298,-0.2627,179.73,173.51,3.518,2010,4,2,2010-04,False
2010-04-28,ASIANPAINT,176.41,180.62,176.41,179.73,1245140,1.28,176.86,169.68,142.5,60.976,2.4903,2.6819,-0.1916,180.16,173.55,3.736,2010,4,2,2010-04,False
2010-04-29,ASIANPAINT,180.53,180.53,178.05,178.5,759470,-0.684,176.88,169.91,142.88,57.768,2.382,2.6219,-0.2399,180.22,173.54,3.78,2010,4,2,2010-04,False
2010-04-30,ASIANPAINT,178.56,180.58,178.39,178.8,88670,0.171,177.05,170.15,143.27,58.354,2.2944,2.5564,-0.262,180.42,173.68,3.805,2010,4,2,2010-04,False
2010-05-03,ASIANPAINT,178.04,180.19,177.49,179.27,56800,0.262,177.32,170.45,143.65,59.287,2.237,2.4925,-0.2555,180.47,174.17,3.552,2010,5,2,2010-05,False
2010-05-04,ASIANPAINT,180.44,180.62,178.56,179.6,62470,0.185,177.45,170.79,144.04,59.97,2.193,2.4326,-0.2397,180.76,174.15,3.722,2010,5,2,2010-05,False
2010-05-05,ASIANPAINT,176.67,178.47,176.14,177.24,103590,-1.317,177.53,171.14,144.42,53.117,1.9448,2.335,-0.3903,180.73,174.33,3.608,2010,5,2,2010-05,False
2010-05-06,ASIANPAINT,176.51,178.0,173.06,174.92,644620,-1.305,177.48,171.44,144.79,47.411,1.5436,2.1767,-0.6332,180.81,174.15,3.753,2010,5,2,2010-05,False
2010-05-07,ASIANPAINT,172.91,180.18,172.91,179.44,346130,2.584,177.71,171.89,145.21,57.106,1.5722,2.0558,-0.4836,180.92,174.51,3.607,2010,5,2,2010-05,False
2010-05-10,ASIANPAINT,179.94,184.03,179.94,182.16,368460,1.515,178.03,172.46,145.62,61.681,1.7936,2.0034,-0.2098,181.67,174.38,4.096,2010,5,2,2010-05,False
2010-05-11,ASIANPAINT,181.59,182.61,177.61,177.92,104680,-2.33,178.13,172.99,146.01,52.299,1.608,1.9243,-0.3163,181.64,174.61,3.942,2010,5,2,2010-05,False
2010-05-12,ASIANPAINT,190.34,190.34,175.64,176.71,164870,-0.677,178.11,173.49,146.38,49.977,1.3481,1.8091,-0.4609,181.65,174.56,3.976,2010,5,2,2010-05,False
2010-05-13,ASIANPAINT,176.42,182.34,176.42,181.74,315460,2.845,178.38,174.01,146.78,58.302,1.5303,1.7533,-0.223,182.16,174.61,4.231,2010,5,2,2010-05,False
2010-05-14,ASIANPAINT,181.91,184.93,181.05,184.15,399760,1.328,178.76,174.47,147.18,61.604,1.848,1.7722,0.0757,183.22,174.31,4.987,2010,5,2,2010-05,False
2010-05-17,ASIANPAINT,182.34,183.89,180.64,182.73,133780,-0.771,179.12,174.72,147.56,58.661,1.9626,1.8103,0.1523,183.66,174.58,5.073,2010,5,2,2010-05,False
2010-05-18,ASIANPAINT,185.7,186.89,182.26,185.51,377830,1.523,179.44,175.05,147.94,62.449,2.252,1.8987,0.3534,184.81,174.07,5.983,2010,5,2,2010-05,False
2010-05-19,ASIANPAINT,184.67,187.08,180.71,181.46,446460,-2.184,179.7,175.3,148.29,54.604,2.13,1.9449,0.185,184.93,174.47,5.821,2010,5,2,2010-05,False
2010-05-20,ASIANPAINT,182.36,184.06,176.15,177.92,809830,-1.95,179.67,175.52,148.62,48.833,1.7277,1.9015,-0.1738,184.93,174.41,5.858,2010,5,2,2010-05,False
2010-05-21,ASIANPAINT,174.0,178.56,173.07,173.88,263630,-2.272,179.35,175.65,148.91,43.214,1.0704,1.7353,-0.6649,185.2,173.5,6.526,2010,5,2,2010-05,False
2010-05-24,ASIANPAINT,175.89,179.59,173.03,177.95,260960,2.34,179.35,175.87,149.21,49.51,0.8677,1.5617,-0.694,185.2,173.51,6.52,2010,5,2,2010-05,False
2010-05-25,ASIANPAINT,177.46,179.76,174.31,178.39,179730,0.246,179.4,176.1,149.5,50.152,0.734,1.3962,-0.6622,185.2,173.6,6.464,2010,5,2,2010-05,False
2010-05-26,ASIANPAINT,181.74,181.89,177.21,179.41,164170,0.571,179.39,176.39,149.8,51.688,0.7022,1.2574,-0.5552,185.18,173.59,6.462,2010,5,2,2010-05,False
2010-05-27,ASIANPAINT,178.48,183.64,174.86,181.18,116860,0.988,179.52,176.75,150.1,54.324,0.8107,1.1681,-0.3574,185.35,173.69,6.499,2010,5,2,2010-05,False
2010-05-28,ASIANPAINT,184.84,184.84,180.07,180.65,179270,-0.292,179.61,177.08,150.4,53.388,0.8442,1.1033,-0.2591,185.46,173.77,6.507,2010,5,2,2010-05,False
2010-05-31,ASIANPAINT,181.05,183.64,178.47,179.43,311830,-0.676,179.62,177.28,150.7,51.193,0.7634,1.0353,-0.2719,185.46,173.78,6.505,2010,5,2,2010-05,False
2010-06-01,ASIANPAINT,180.19,180.44,175.89,178.67,705470,-0.424,179.57,177.42,150.98,49.819,0.6307,0.9544,-0.3237,185.43,173.72,6.524,2010,6,2,2010-06,False
2010-06-02,ASIANPAINT,177.31,180.45,174.0,178.89,555470,0.125,179.66,177.57,151.28,50.242,0.5374,0.871,-0.3336,185.42,173.89,6.418,2010,6,2,2010-06,False
2010-06-03,ASIANPAINT,183.33,183.33,179.85,181.91,551300,1.685,180.01,177.82,151.62,55.663,0.6986,0.8365,-0.1379,185.4,174.61,5.991,2010,6,2,2010-06,False
2010-06-04,ASIANPAINT,181.91,185.44,180.24,184.65,293020,1.506,180.27,178.13,151.97,59.935,1.0355,0.8763,0.1592,186.03,174.5,6.398,2010,6,2,2010-06,False
2010-06-07,ASIANPAINT,183.41,190.0,181.66,187.96,789190,1.793,180.56,178.51,152.33,64.4,1.5518,1.0114,0.5404,187.23,173.88,7.397,2010,6,2,2010-06,False
2010-06-08,ASIANPAINT,188.28,193.01,188.28,192.49,479970,2.414,181.28,178.91,152.72,69.427,2.3006,1.2692,1.0313,189.7,172.86,9.29,2010,6,2,2010-06,False
2010-06-09,ASIANPAINT,192.49,197.31,191.55,196.43,899740,2.042,182.27,179.34,153.11,72.986,3.1746,1.6503,1.5243,192.79,171.75,11.543,2010,6,2,2010-06,False
2010-06-10,ASIANPAINT,197.66,200.15,194.82,198.82,324610,1.22,183.12,179.76,153.52,74.904,4.0142,2.1231,1.8911,195.98,170.27,14.038,2010,6,2,2010-06,False
2010-06-11,ASIANPAINT,198.77,199.63,195.76,197.11,339890,-0.859,183.77,180.19,153.93,71.033,4.4901,2.5965,1.8936,198.07,169.47,15.56,2010,6,2,2010-06,False
2010-06-14,ASIANPAINT,198.77,199.1,196.11,197.5,874310,0.199,184.51,180.66,154.34,71.398,4.8431,3.0458,1.7972,200.05,168.97,16.848,2010,6,2,2010-06,False
2010-06-15,ASIANPAINT,197.14,199.46,196.54,197.37,155840,-0.068,185.1,181.07,154.77,71.07,5.0537,3.4474,1.6063,201.68,168.53,17.909,2010,6,2,2010-06,False
2010-06-16,ASIANPAINT,198.34,201.1,197.31,199.35,231420,1.0,186.0,181.55,155.2,73.046,5.3187,3.8217,1.497,203.64,168.35,18.971,2010,6,2,2010-06,False
2010-06-17,ASIANPAINT,200.84,206.26,198.26,203.71,752690,2.188,187.29,182.1,155.66,76.815,5.8135,4.22,1.5935,206.17,168.4,20.165,2010,6,2,2010-06,False
2010-06-18,ASIANPAINT,203.68,206.26,201.44,205.03,326490,0.65,188.84,182.71,156.12,77.829,6.2406,4.6241,1.6165,208.2,169.48,20.503,2010,6,2,2010-06,False
2010-06-21,ASIANPAINT,205.48,211.33,204.71,208.98,487170,1.926,190.4,183.37,156.58,80.558,6.819,5.0631,1.7559,211.01,169.78,21.656,2010,6,2,2010-06,False
2010-06-22,ASIANPAINT,206.86,210.04,203.01,203.91,653670,-2.426,191.67,183.93,157.01,68.838,6.79,5.4085,1.3815,212.32,171.03,21.543,2010,6,2,2010-06,False
2010-06-23,ASIANPAINT,204.02,208.45,202.99,207.18,777480,1.605,193.06,184.53,157.46,71.7,6.951,5.717,1.234,213.97,172.15,21.659,2010,6,2,2010-06,False
2010-06-24,ASIANPAINT,207.72,212.35,207.68,211.58,438840,2.126,194.58,185.24,157.92,75.024,7.3492,6.0434,1.3058,216.26,172.9,22.281,2010,6,2,2010-06,False
2010-06-25,ASIANPAINT,209.78,211.15,205.04,206.38,2180370,-2.459,195.87,185.83,158.35,65.268,7.1624,6.2672,0.8951,217.11,174.62,21.694,2010,6,2,2010-06,False
2010-06-28,ASIANPAINT,206.6,206.6,202.73,203.51,458730,-1.392,197.07,186.39,158.78,60.585,6.7051,6.3548,0.3503,217.09,177.05,20.315,2010,6,2,2010-06,False
2010-06-29,ASIANPAINT,203.51,206.43,201.44,203.04,686280,-0.232,198.29,186.87,159.22,59.823,6.2328,6.3304,-0.0976,216.47,180.11,18.34,2010,6,2,2010-06,False
2010-06-30,ASIANPAINT,205.46,207.02,198.96,199.55,723800,-1.719,199.32,187.34,159.64,54.394,5.5133,6.167,-0.6537,215.05,183.6,15.778,2010,6,2,2010-06,False
2010-07-01,ASIANPAINT,201.99,202.68,197.25,201.97,465110,1.214,200.33,187.81,160.06,57.293,5.0801,5.9496,-0.8695,213.77,186.88,13.419,2010,7,3,2010-07,False
2010-07-02,ASIANPAINT,202.85,204.4,200.43,201.19,294440,-0.384,201.15,188.22,160.47,56.064,4.6209,5.6839,-1.063,212.39,189.92,11.168,2010,7,3,2010-07,False
2010-07-05,ASIANPAINT,201.99,203.7,200.86,201.95,104120,0.377,201.85,188.71,160.9,57.034,4.269,5.4009,-1.1319,211.21,192.49,9.273,2010,7,3,2010-07,False
2010-07-06,ASIANPAINT,201.99,203.9,201.6,203.31,193200,0.672,202.39,189.22,161.33,58.787,4.0528,5.1313,-1.0784,210.66,194.12,8.171,2010,7,3,2010-07,False
2010-07-07,ASIANPAINT,203.31,204.94,201.23,202.58,379790,-0.36,202.7,189.68,161.75,57.425,3.7789,4.8608,-1.0819,210.48,194.92,7.673,2010,7,3,2010-07,False
2010-07-08,ASIANPAINT,203.31,204.59,202.25,203.76,785690,0.584,202.95,190.18,162.19,59.074,3.6156,4.6118,-0.9962,210.52,195.38,7.459,2010,7,3,2010-07,False
2010-07-09,ASIANPAINT,204.59,207.89,202.86,206.69,1908510,1.44,203.43,190.74,162.64,62.913,3.6805,4.4255,-0.745,210.64,196.21,7.097,2010,7,3,2010-07,False
2010-07-12,ASIANPAINT,206.24,209.79,203.29,204.55,2511790,-1.038,203.78,191.25,163.07,58.586,3.5183,4.2441,-0.7258,210.45,197.11,6.545,2010,7,3,2010-07,False
2010-07-13,ASIANPAINT,205.63,208.49,204.59,205.43,1946560,0.432,204.18,191.76,163.51,59.813,3.4216,4.0796,-0.658,210.16,198.21,5.854,2010,7,3,2010-07,False
2010-07-14,ASIANPAINT,205.94,210.23,199.62,209.36,795640,1.912,204.68,192.41,163.98,64.799,3.6202,3.9877,-0.3675,210.63,198.73,5.812,2010,7,3,2010-07,False
2010-07-15,ASIANPAINT,209.62,213.07,208.74,211.54,1345680,1.041,205.07,193.14,164.44,67.23,3.9084,3.9718,-0.0634,211.74,198.41,6.501,2010,7,3,2010-07,False
2010-07-16,ASIANPAINT,212.26,221.93,211.66,214.47,1417360,1.387,205.55,193.84,164.94,70.212,4.3238,4.0422,0.2816,213.43,197.67,7.667,2010,7,3,2010-07,False
2010-07-19,ASIANPAINT,215.44,215.44,210.66,214.48,115330,0.002,205.82,194.49,165.42,70.216,4.6003,4.1538,0.4464,214.54,197.1,8.476,2010,7,3,2010-07,False
2010-07-20,ASIANPAINT,214.56,215.35,212.39,214.88,195450,0.188,206.37,195.23,165.91,70.642,4.7966,4.2824,0.5143,215.93,196.81,9.262,2010,7,3,2010-07,False
2010-07-21,ASIANPAINT,214.56,216.73,213.17,214.96,6369580,0.034,206.76,195.99,166.4,70.724,4.9017,4.4063,0.4955,217.06,196.46,9.963,2010,7,3,2010-07,False
2010-07-22,ASIANPAINT,214.82,219.23,211.96,218.63,260450,1.708,207.11,196.73,166.89,74.554,5.221,4.5692,0.6518,218.53,195.7,11.023,2010,7,3,2010-07,False
2010-07-23,ASIANPAINT,218.63,220.89,217.59,218.51,462690,-0.054,207.72,197.42,167.39,74.22,5.4024,4.7358,0.6665,220.21,195.23,12.026,2010,7,3,2010-07,False
2010-07-26,ASIANPAINT,218.2,220.54,218.12,218.83,1444310,0.145,208.48,198.14,167.87,74.551,5.5082,4.8903,0.6178,221.74,195.22,12.719,2010,7,3,2010-07,False
2010-07-27,ASIANPAINT,219.78,220.89,209.81,211.38,596400,-3.401,208.9,198.65,168.33,56.246,4.9345,4.8992,0.0354,221.96,195.84,12.504,2010,7,3,2010-07,False
2010-07-28,ASIANPAINT,213.26,226.18,213.26,224.2,1286440,6.061,210.13,199.51,168.84,69.933,5.451,5.0095,0.4415,224.1,196.17,13.291,2010,7,3,2010-07,False
2010-07-29,ASIANPAINT,224.2,234.41,223.66,226.59,1675340,1.069,211.36,200.48,169.34,71.716,5.9848,5.2046,0.7802,226.58,196.14,14.401,2010,7,3,2010-07,False
2010-07-30,ASIANPAINT,227.3,232.23,223.23,225.69,514130,-0.4,212.59,201.52,169.83,70.026,6.2625,5.4162,0.8463,228.3,196.88,14.777,2010,7,3,2010-07,False
2010-08-02,ASIANPAINT,225.92,228.78,224.6,227.42,251800,0.768,213.86,202.51,170.32,71.414,6.547,5.6423,0.9047,230.06,197.66,15.149,2010,8,3,2010-08,False
2010-08-03,ASIANPAINT,227.4,231.46,224.71,225.25,207560,-0.957,214.96,203.45,170.78,67.207,6.5217,5.8182,0.7035,231.12,198.8,15.036,2010,8,3,2010-08,False
2010-08-04,ASIANPAINT,227.99,227.99,223.67,224.7,213570,-0.242,216.07,204.35,171.25,66.154,6.384,5.9314,0.4526,231.68,200.45,14.45,2010,8,3,2010-08,False
2010-08-05,ASIANPAINT,224.7,230.77,224.7,225.47,1838460,0.341,217.15,205.24,171.69,66.938,6.2646,5.998,0.2666,232.17,202.14,13.829,2010,8,3,2010-08,False
2010-08-06,ASIANPAINT,226.09,228.77,225.05,226.02,246310,0.244,218.12,206.14,172.16,67.519,6.1435,6.0271,0.1164,232.78,203.45,13.446,2010,8,3,2010-08,False
2010-08-09,ASIANPAINT,229.56,232.33,226.52,230.75,622000,2.092,219.43,207.17,172.64,72.064,6.3559,6.0929,0.2631,233.66,205.19,12.975,2010,8,3,2010-08,False
2010-08-10,ASIANPAINT,231.47,232.59,228.0,231.2,359090,0.197,220.72,208.22,173.12,72.463,6.4862,6.1715,0.3147,234.27,207.17,12.278,2010,8,3,2010-08,False
2010-08-11,ASIANPAINT,231.2,234.93,230.6,232.38,272810,0.51,221.87,209.29,173.63,73.519,6.6084,6.2589,0.3495,235.26,208.47,12.078,2010,8,3,2010-08,False
2010-08-12,ASIANPAINT,231.89,233.63,227.79,231.98,281910,-0.173,222.89,210.29,174.13,72.496,6.5967,6.3265,0.2702,236.09,209.69,11.843,2010,8,3,2010-08,False
2010-08-13,ASIANPAINT,232.33,234.93,229.32,230.13,203220,-0.798,223.67,211.2,174.56,67.826,6.3647,6.3341,0.0306,236.62,210.72,11.581,2010,8,3,2010-08,False
2010-08-16,ASIANPAINT,229.73,232.68,228.26,228.96,88160,-0.509,224.39,212.02,174.99,64.976,6.017,6.2707,-0.2537,236.79,212.0,11.047,2010,8,3,2010-08,False
2010-08-17,ASIANPAINT,231.55,232.16,225.83,228.09,4668280,-0.377,225.06,212.73,175.43,62.879,5.6072,6.138,-0.5308,236.7,213.41,10.349,2010,8,3,2010-08,False
2010-08-18,ASIANPAINT,226.7,232.77,226.7,229.83,214540,0.76,225.8,213.4,175.87,65.303,5.3606,5.9825,-0.6219,236.6,215.0,9.564,2010,8,3,2010-08,False
2010-08-19,ASIANPAINT,229.83,245.1,229.83,234.42,1310520,1.999,226.59,214.11,176.36,70.753,5.4728,5.8806,-0.4078,237.49,215.69,9.62,2010,8,3,2010-08,False
2010-08-20,ASIANPAINT,238.31,244.38,234.24,239.9,1051590,2.337,227.66,214.97,176.86,75.663,5.9354,5.8916,0.0439,239.39,215.93,10.303,2010,8,3,2010-08,False
2010-08-23,ASIANPAINT,240.83,244.3,238.41,239.12,319050,-0.323,228.67,215.8,177.34,73.774,6.1683,5.9469,0.2214,240.69,216.65,10.512,2010,8,3,2010-08,False
2010-08-24,ASIANPAINT,239.44,243.59,236.23,240.07,1480250,0.393,230.11,216.66,177.81,74.602,6.3555,6.0286,0.3269,240.12,220.1,8.7,2010,8,3,2010-08,False
2010-08-25,ASIANPAINT,239.7,244.72,237.36,238.43,1247380,-0.682,230.82,217.44,178.28,70.432,6.2991,6.0827,0.2164,241.08,220.56,8.89,2010,8,3,2010-08,False
2010-08-26,ASIANPAINT,239.27,241.48,236.67,237.79,1117550,-0.269,231.38,218.12,178.74,68.811,6.1319,6.0926,0.0393,241.89,220.87,9.083,2010,8,3,2010-08,False
2010-08-27,ASIANPAINT,240.13,240.13,234.41,236.42,1652160,-0.576,231.91,218.75,179.2,65.35,5.8218,6.0384,-0.2166,242.29,221.54,8.951,2010,8,3,2010-08,False
2010-08-30,ASIANPAINT,239.22,239.22,232.77,235.18,320730,-0.521,232.3,219.27,179.65,62.318,5.4142,5.9136,-0.4993,242.55,222.05,8.826,2010,8,3,2010-08,False
2010-08-31,ASIANPAINT,232.79,242.04,232.79,239.5,2265380,1.834,233.02,219.98,180.13,67.933,5.3773,5.8063,-0.429,243.18,222.85,8.726,2010,8,3,2010-08,False
2010-09-01,ASIANPAINT,242.14,242.14,236.49,237.43,519330,-0.865,233.65,220.59,180.6,63.07,5.1218,5.6694,-0.5476,243.2,224.1,8.174,2010,9,3,2010-09,False
2010-09-02,ASIANPAINT,240.05,244.04,238.05,242.52,990660,2.145,234.5,221.21,181.1,68.953,5.2695,5.5894,-0.3199,244.02,224.99,8.117,2010,9,3,2010-09,False
2010-09-03,ASIANPAINT,243.6,245.42,241.17,243.58,2269470,0.436,235.38,221.95,181.59,70.021,5.4096,5.5535,-0.1439,244.84,225.92,8.038,2010,9,3,2010-09,False
2010-09-06,ASIANPAINT,245.51,248.28,243.95,247.04,1713330,1.424,236.2,222.82,182.11,73.267,5.7343,5.5896,0.1447,246.72,225.67,8.913,2010,9,3,2010-09,False
2010-09-07,ASIANPAINT,248.28,250.67,245.79,247.41,4366780,0.149,237.01,223.71,182.62,73.595,5.9528,5.6623,0.2905,248.38,225.64,9.594,2010,9,3,2010-09,False
2010-09-08,ASIANPAINT,247.36,249.5,245.34,245.86,318320,-0.629,237.68,224.63,183.13,69.714,5.9319,5.7162,0.2157,249.49,225.88,9.932,2010,9,3,2010-09,False
2010-09-09,ASIANPAINT,247.58,248.8,242.74,243.49,405370,-0.961,238.26,225.47,183.62,64.18,5.6596,5.7049,-0.0453,250.01,226.5,9.868,2010,9,3,2010-09,False
2010-09-13,ASIANPAINT,245.72,247.07,241.77,242.54,435250,-0.392,238.88,226.29,184.1,62.039,5.3056,5.625,-0.3194,250.13,227.63,9.417,2010,9,3,2010-09,False
2010-09-14,ASIANPAINT,251.4,251.4,241.7,247.98,4211520,2.245,239.83,227.21,184.61,68.499,5.4021,5.5804,-0.1783,250.76,228.9,9.113,2010,9,3,2010-09,False
2010-09-15,ASIANPAINT,246.97,252.7,245.8,247.56,1696090,-0.173,240.8,228.1,185.12,67.524,5.382,5.5407,-0.1588,250.75,230.85,8.264,2010,9,3,2010-09,False
2010-09-16,ASIANPAINT,247.56,249.43,241.96,242.8,784380,-1.922,241.45,228.9,185.61,57.709,4.9252,5.4176,-0.4925,249.98,232.92,7.063,2010,9,3,2010-09,False
2010-09-17,ASIANPAINT,244.47,247.78,243.43,246.81,808770,1.655,242.07,229.76,186.14,62.645,4.8317,5.3004,-0.4688,250.24,233.9,6.75,2010,9,3,2010-09,False
2010-09-20,ASIANPAINT,246.81,249.54,245.47,247.38,634870,0.23,242.44,230.58,186.65,63.297,4.7486,5.1901,-0.4414,250.88,234.01,6.956,2010,9,3,2010-09,False
2010-09-21,ASIANPAINT,244.92,249.11,242.74,244.13,413550,-1.314,242.7,231.37,187.14,57.147,4.3702,5.0261,-0.6559,251.01,234.38,6.851,2010,9,3,2010-09,False
2010-09-22,ASIANPAINT,244.56,246.29,238.84,240.03,484040,-1.678,242.69,232.06,187.61,50.49,3.6971,4.7603,-1.0632,251.01,234.38,6.853,2010,9,3,2010-09,False
2010-09-23,ASIANPAINT,240.28,241.3,236.37,237.8,733660,-0.93,242.66,232.63,188.07,47.259,2.9495,4.3981,-1.4486,251.05,234.27,6.913,2010,9,3,2010-09,False
2010-09-24,ASIANPAINT,238.83,243.95,237.1,241.81,4227280,1.686,242.86,233.24,188.56,53.068,2.65,4.0485,-1.3985,250.95,234.78,6.656,2010,9,3,2010-09,False
2010-09-27,ASIANPAINT,243.17,244.85,240.05,240.86,511040,-0.393,243.09,233.76,189.05,51.619,2.3095,3.7007,-1.3912,250.65,235.52,6.223,2010,9,3,2010-09,False
2010-09-28,ASIANPAINT,241.87,243.17,239.01,240.82,1170270,-0.02,243.37,234.29,189.52,51.543,2.0126,3.3631,-1.3505,250.06,236.67,5.501,2010,9,3,2010-09,False
2010-09-29,ASIANPAINT,241.61,242.69,236.97,238.34,2886170,-1.026,243.31,234.76,189.98,47.622,1.5599,3.0024,-1.4426,250.16,236.46,5.633,2010,9,3,2010-09,False
2010-09-30,ASIANPAINT,236.23,240.13,229.73,230.88,1020300,-3.133,242.98,235.08,190.41,38.17,0.5917,2.5203,-1.9286,251.45,234.51,6.973,2010,9,3,2010-09,False
2010-10-01,ASIANPAINT,233.89,235.63,230.17,230.99,1074990,0.049,242.41,235.32,190.83,38.369,-0.1646,1.9833,-2.1479,252.44,232.38,8.276,2010,10,4,2010-10,False
2010-10-04,ASIANPAINT,233.98,234.92,228.87,229.41,837210,-0.683,241.7,235.54,191.24,36.595,-0.8812,1.4104,-2.2916,253.26,230.13,9.57,2010,10,4,2010-10,False
2010-10-05,ASIANPAINT,229.74,233.18,229.73,230.11,1005370,0.306,240.85,235.77,191.64,37.969,-1.3765,0.853,-2.2295,253.22,228.48,10.271,2010,10,4,2010-10,False
2010-10-06,ASIANPAINT,256.17,256.17,231.55,234.41,1501560,1.867,240.2,236.23,192.05,45.721,-1.4062,0.4012,-1.8074,252.48,227.92,10.227,2010,10,4,2010-10,False
2010-10-07,ASIANPAINT,234.5,238.23,231.47,234.12,1002540,-0.122,239.61,236.43,192.46,45.315,-1.4363,0.0337,-1.47,251.88,227.35,10.239,2010,10,4,2010-10,False
2010-10-08,ASIANPAINT,237.01,237.01,231.47,231.96,528650,-0.922,239.04,236.53,192.85,42.264,-1.6157,-0.2962,-1.3195,251.62,226.46,10.524,2010,10,4,2010-10,False
2010-10-11,ASIANPAINT,229.73,234.85,229.73,230.71,560190,-0.542,238.45,236.64,193.25,40.552,-1.8381,-0.6046,-1.2336,251.44,225.45,10.897,2010,10,4,2010-10,False
2010-10-12,ASIANPAINT,232.59,232.59,229.3,230.65,516310,-0.023,237.58,236.7,193.66,40.479,-1.9956,-0.8828,-1.1128,250.2,224.96,10.623,2010,10,4,2010-10,False
2010-10-13,ASIANPAINT,233.03,233.03,230.17,230.82,567020,0.07,236.74,236.81,194.06,40.833,-2.0834,-1.1229,-0.9605,248.78,224.7,10.172,2010,10,4,2010-10,False
2010-10-14,ASIANPAINT,231.05,235.96,231.05,233.98,688440,1.373,236.3,237.0,194.47,47.48,-1.8757,-1.2735,-0.6023,248.05,224.55,9.944,2010,10,4,2010-10,False
2010-10-15,ASIANPAINT,234.07,236.23,230.17,230.41,2046760,-1.528,235.48,237.1,194.87,41.776,-1.9769,-1.4142,-0.5627,246.4,224.56,9.275,2010,10,4,2010-10,False
2010-10-18,ASIANPAINT,231.1,235.37,228.0,230.51,629320,0.043,234.64,237.19,195.26,41.985,-2.0257,-1.5365,-0.4892,244.21,225.06,8.161,2010,10,4,2010-10,False
2010-10-19,ASIANPAINT,235.8,235.8,227.82,228.49,550900,-0.874,233.86,237.14,195.63,38.938,-2.2016,-1.6695,-0.5321,242.69,225.02,7.557,2010,10,4,2010-10,False
2010-10-20,ASIANPAINT,228.0,228.34,224.96,225.78,377650,-1.188,233.14,237.03,195.99,35.232,-2.5308,-1.8418,-0.689,242.18,224.11,7.751,2010,10,4,2010-10,False
2010-10-21,ASIANPAINT,226.45,229.18,226.29,228.46,248890,1.188,232.68,236.95,196.36,41.193,-2.5459,-1.9826,-0.5633,241.66,223.69,7.725,2010,10,4,2010-10,False
2010-10-22,ASIANPAINT,229.15,230.59,226.89,227.44,505670,-0.446,231.96,236.86,196.73,39.699,-2.6099,-2.108,-0.5018,240.13,223.79,7.046,2010,10,4,2010-10,False
2010-10-25,ASIANPAINT,227.39,229.56,226.52,227.19,208310,-0.111,231.27,236.8,197.1,39.32,-2.6504,-2.2165,-0.4339,238.55,224.0,6.29,2010,10,4,2010-10,False
2010-10-26,ASIANPAINT,227.57,228.86,224.52,224.7,788170,-1.097,230.47,236.72,197.45,35.683,-2.8507,-2.3433,-0.5073,236.8,224.14,5.496,2010,10,4,2010-10,False
2010-10-27,ASIANPAINT,227.13,227.13,215.86,216.95,3048540,-3.447,229.4,236.5,197.76,27.247,-3.5931,-2.5933,-0.9998,237.19,221.61,6.792,2010,10,4,2010-10,False
2010-10-28,ASIANPAINT,226.44,233.89,216.96,229.6,2595310,5.828,229.34,236.49,198.12,48.605,-3.1251,-2.6997,-0.4255,237.1,221.58,6.767,2010,10,4,2010-10,False
2010-10-29,ASIANPAINT,230.47,235.68,230.47,233.75,921330,1.811,229.47,236.48,198.49,53.445,-2.3913,-2.638,0.2467,237.45,221.49,6.955,2010,10,4,2010-10,False
2010-11-01,ASIANPAINT,234.91,235.86,232.91,235.26,403850,0.644,229.77,236.39,198.85,55.093,-1.669,-2.4442,0.7752,238.15,221.38,7.301,2010,11,4,2010-11,False
2010-11-02,ASIANPAINT,235.69,243.43,234.38,242.89,1019880,3.244,230.4,236.46,199.26,62.37,-0.4753,-2.0504,1.5751,240.65,220.16,8.89,2010,11,4,2010-11,False
2010-11-03,ASIANPAINT,245.43,245.43,233.25,234.38,1119490,-3.505,230.4,236.35,199.63,52.206,-0.2139,-1.6831,1.4692,240.64,220.16,8.887,2010,11,4,2010-11,False
2010-11-04,ASIANPAINT,234.74,237.43,230.47,231.61,1016060,-1.182,230.28,236.21,200.0,49.386,-0.2277,-1.392,1.1644,240.38,220.17,8.778,2010,11,4,2010-11,False
2010-11-08,ASIANPAINT,233.69,239.4,233.69,238.37,575620,2.921,230.6,236.22,200.4,55.683,0.304,-1.0528,1.3568,241.32,219.88,9.298,2010,11,4,2010-11,False
2010-11-09,ASIANPAINT,238.58,240.02,233.78,239.64,378020,0.531,231.04,236.29,200.82,56.766,0.8179,-0.6787,1.4966,242.5,219.59,9.918,2010,11,4,2010-11,False
2010-11-10,ASIANPAINT,239.6,241.34,237.76,238.95,460770,-0.289,231.46,236.36,201.26,55.961,1.1562,-0.3117,1.4679,243.45,219.47,10.357,2010,11,4,2010-11,False
2010-11-11,ASIANPAINT,238.95,238.95,227.86,230.55,1187270,-3.516,231.45,236.18,201.65,47.203,0.7378,-0.1018,0.8396,243.44,219.46,10.361,2010,11,4,2010-11,False
2010-11-12,ASIANPAINT,231.78,234.73,227.86,229.54,735520,-0.436,231.22,236.03,202.04,46.27,0.3214,-0.0172,0.3386,243.18,219.27,10.342,2010,11,4,2010-11,False
2010-11-15,ASIANPAINT,231.34,233.86,227.86,231.65,1520250,0.921,231.29,235.81,202.42,48.572,0.1602,0.0183,0.1419,243.24,219.33,10.335,2010,11,4,2010-11,False
2010-11-16,ASIANPAINT,231.65,232.65,228.38,231.21,751010,-0.193,231.32,235.56,202.78,48.102,-0.0037,0.0139,-0.0176,243.27,219.37,10.329,2010,11,4,2010-11,False
2010-11-18,ASIANPAINT,231.34,234.38,224.82,230.67,544410,-0.231,231.43,235.23,203.11,47.51,-0.1747,-0.0238,-0.1509,243.31,219.55,10.264,2010,11,4,2010-11,False
2010-11-19,ASIANPAINT,232.56,233.09,227.0,229.31,409590,-0.592,231.61,234.87,203.45,45.956,-0.4157,-0.1022,-0.3135,243.23,219.98,10.039,2010,11,4,2010-11,False
2010-11-22,ASIANPAINT,230.57,233.52,227.08,231.28,940390,0.863,231.75,234.58,203.78,48.581,-0.4419,-0.1701,-0.2717,243.28,220.21,9.953,2010,11,4,2010-11,False
2010-11-23,ASIANPAINT,230.38,230.38,226.21,229.55,1129610,-0.752,231.85,234.3,204.1,46.445,-0.5961,-0.2553,-0.3408,243.26,220.45,9.839,2010,11,4,2010-11,False
2010-11-24,ASIANPAINT,229.6,232.12,225.08,226.48,474270,-1.336,231.82,233.98,204.4,42.869,-0.9547,-0.3952,-0.5595,243.29,220.34,9.897,2010,11,4,2010-11,False
2010-11-25,ASIANPAINT,229.12,229.12,213.08,219.2,842470,-3.214,231.54,233.4,204.66,35.816,-1.8055,-0.6773,-1.1282,243.96,219.13,10.723,2010,11,4,2010-11,False
2010-11-26,ASIANPAINT,223.95,227.97,214.82,221.57,1318640,1.083,231.77,232.88,204.92,39.323,-2.2621,-0.9942,-1.2679,243.17,220.37,9.839,2010,11,4,2010-11,False
2010-11-29,ASIANPAINT,221.87,227.56,221.87,224.88,1395800,1.494,231.54,232.53,205.2,43.921,-2.3301,-1.2614,-1.0687,243.32,219.76,10.176,2010,11,4,2010-11,False
2010-11-30,ASIANPAINT,222.64,231.34,222.64,230.38,498590,2.442,231.37,232.2,205.51,50.611,-1.9186,-1.3928,-0.5258,243.11,219.62,10.151,2010,11,4,2010-11,False
2010-12-01,ASIANPAINT,229.2,236.91,229.2,233.12,769630,1.189,231.26,231.91,205.85,53.585,-1.3559,-1.3854,0.0296,242.89,219.63,10.06,2010,12,4,2010-12,False
2010-12-02,ASIANPAINT,233.12,236.56,229.78,230.63,177150,-1.065,230.65,231.64,206.18,50.61,-1.0976,-1.3279,0.2303,240.91,220.38,8.899,2010,12,4,2010-12,False
2010-12-03,ASIANPAINT,233.95,233.95,229.51,232.22,239010,0.686,230.54,231.49,206.53,52.424,-0.7565,-1.2136,0.4571,240.68,220.4,8.799,2010,12,4,2010-12,False
2010-12-06,ASIANPAINT,232.27,234.17,232.27,233.26,155110,0.451,230.62,231.39,206.89,53.637,-0.397,-1.0503,0.6533,240.83,220.42,8.851,2010,12,4,2010-12,False
2010-12-07,ASIANPAINT,233.26,236.46,231.69,235.49,378240,0.953,230.48,231.27,207.27,56.189,0.0665,-0.8269,0.8934,240.3,220.66,8.52,2010,12,4,2010-12,False
2010-12-08,ASIANPAINT,233.62,236.38,230.56,231.17,295600,-1.832,230.05,231.07,207.64,50.391,0.0847,-0.6446,0.7293,238.89,221.22,7.682,2010,12,4,2010-12,False
2010-12-09,ASIANPAINT,228.3,233.52,227.04,229.91,380440,-0.544,229.6,230.86,208.02,48.81,-0.0023,-0.5161,0.5139,237.39,221.82,6.78,2010,12,4,2010-12,False
2010-12-10,ASIANPAINT,229.69,232.56,229.17,231.75,306640,0.796,229.66,230.72,208.42,51.211,0.0757,-0.3978,0.4735,237.5,221.83,6.821,2010,12,4,2010-12,False
2010-12-13,ASIANPAINT,231.35,235.39,231.35,234.58,151230,1.223,229.92,230.8,208.84,54.75,0.3621,-0.2458,0.6079,238.05,221.78,7.076,2010,12,4,2010-12,False
2010-12-14,ASIANPAINT,234.67,238.93,234.67,238.38,254230,1.62,230.25,230.95,209.25,59.039,0.8855,-0.0195,0.905,239.2,221.3,7.777,2010,12,4,2010-12,False
2010-12-15,ASIANPAINT,238.39,239.08,234.82,235.79,102440,-1.085,230.48,231.07,209.63,55.203,1.0791,0.2002,0.8789,239.77,221.2,8.057,2010,12,4,2010-12,False
2010-12-16,ASIANPAINT,237.42,237.72,233.43,235.35,871300,-0.186,230.72,231.18,209.95,54.555,1.1835,0.3968,0.7866,240.25,221.18,8.268,2010,12,4,2010-12,False
2010-12-20,ASIANPAINT,234.82,241.34,234.82,240.46,479770,2.167,231.27,231.3,210.31,60.373,1.6586,0.6492,1.0094,241.72,220.82,9.038,2010,12,4,2010-12,False
2010-12-21,ASIANPAINT,240.46,255.34,237.45,253.62,1723330,5.476,232.39,231.69,210.73,70.775,3.0624,1.1318,1.9306,246.85,217.93,12.446,2010,12,4,2010-12,False
2010-12-22,ASIANPAINT,254.82,258.65,254.04,255.82,1031220,0.868,233.7,232.17,211.18,72.093,4.3028,1.766,2.5368,251.47,215.93,15.207,2010,12,4,2010-12,False
2010-12-23,ASIANPAINT,252.47,263.29,249.82,257.77,1661630,0.761,235.27,232.71,211.63,73.244,5.3811,2.489,2.892,255.67,214.86,17.347,2010,12,4,2010-12,False
2010-12-24,ASIANPAINT,257.43,257.87,250.05,251.15,649270,-2.569,236.87,233.12,212.05,63.637,5.6362,3.1185,2.5177,256.98,216.76,16.98,2010,12,4,2010-12,False
2010-12-27,ASIANPAINT,249.3,252.18,245.52,246.97,379800,-1.664,238.14,233.44,212.45,58.429,5.4385,3.5825,1.856,257.37,218.9,16.153,2010,12,4,2010-12,False
2010-12-28,ASIANPAINT,246.6,247.56,243.69,244.6,250590,-0.958,239.12,233.65,212.85,55.653,5.0329,3.8726,1.1603,257.5,220.75,15.369,2010,12,4,2010-12,False
2010-12-29,ASIANPAINT,244.66,248.3,244.39,245.06,399750,0.187,239.86,233.95,213.26,56.086,4.6942,4.0369,0.6573,257.93,221.78,15.071,2010,12,4,2010-12,False
2010-12-30,ASIANPAINT,245.55,247.34,244.1,245.51,574180,0.183,240.48,234.25,213.66,56.535,4.4111,4.1117,0.2994,258.43,222.52,14.93,2010,12,4,2010-12,False
2010-12-31,ASIANPAINT,244.47,251.61,244.47,250.36,480390,1.977,241.46,234.68,214.07,61.169,4.5261,4.1946,0.3315,259.3,223.62,14.778,2010,12,4,2010-12,False
2011-01-03,ASIANPAINT,252.04,255.47,248.74,250.0,454300,-0.144,242.35,235.17,214.46,60.651,4.5359,4.2629,0.273,260.02,224.68,14.585,2011,1,1,2011-01,False
2011-01-04,ASIANPAINT,252.13,252.13,245.78,246.67,249220,-1.334,243.02,235.53,214.84,55.938,4.2258,4.2555,-0.0297,260.25,225.79,14.183,2011,1,1,2011-01,False
2011-01-05,ASIANPAINT,250.47,251.78,246.15,250.52,710350,1.562,243.77,235.99,215.24,59.822,4.242,4.2528,-0.0108,260.93,226.61,14.079,2011,1,1,2011-01,False
2011-01-06,ASIANPAINT,250.65,251.69,247.21,247.82,149280,-1.076,244.61,236.41,215.64,56.096,3.9913,4.2005,-0.2092,260.78,228.43,13.225,2011,1,1,2011-01,False
2011-01-07,ASIANPAINT,247.83,249.42,240.16,241.41,498710,-2.588,245.18,236.74,216.0,48.375,3.2377,4.0079,-0.7702,259.91,230.45,12.014,2011,1,1,2011-01,False
2011-01-10,ASIANPAINT,242.22,242.22,230.3,232.88,443160,-3.531,245.24,237.06,216.3,40.416,1.9305,3.5925,-1.6619,259.75,230.72,11.839,2011,1,1,2011-01,False
2011-01-11,ASIANPAINT,232.88,237.34,227.25,235.11,481380,0.956,245.26,237.17,216.6,43.052,1.062,3.0864,-2.0244,259.7,230.83,11.772,2011,1,1,2011-01,False
2011-01-12,ASIANPAINT,236.56,238.65,232.73,237.11,213110,0.849,245.2,237.24,216.9,45.384,0.5286,2.5748,-2.0462,259.77,230.62,11.888,2011,1,1,2011-01,False
2011-01-13,ASIANPAINT,238.21,240.46,234.83,236.02,179330,-0.46,245.21,237.25,217.2,44.315,0.0176,2.0634,-2.0457,259.76,230.67,11.863,2011,1,1,2011-01,False
2011-01-14,ASIANPAINT,233.52,237.82,233.5,237.07,215480,0.448,245.3,237.14,217.52,45.65,-0.2986,1.591,-1.8896,259.62,230.98,11.675,2011,1,1,2011-01,False
2011-01-17,ASIANPAINT,234.43,234.43,230.91,231.59,2088300,-2.313,244.85,237.08,217.79,40.257,-0.9804,1.0767,-2.0571,260.31,229.4,12.623,2011,1,1,2011-01,False
2011-01-18,ASIANPAINT,233.95,233.95,229.25,230.88,2624210,-0.304,243.72,237.07,218.07,39.61,-1.5596,0.5494,-2.109,259.79,227.65,13.188,2011,1,1,2011-01,False
2011-01-19,ASIANPAINT,231.34,234.69,230.99,232.07,170210,0.512,242.53,236.94,218.35,41.316,-1.9013,0.0593,-1.9606,258.34,226.72,13.04,2011,1,1,2011-01,False
2011-01-20,ASIANPAINT,231.08,233.51,229.62,232.58,927100,0.223,241.27,236.8,218.63,42.087,-2.106,-0.3738,-1.7322,255.94,226.6,12.162,2011,1,1,2011-01,False
2011-01-21,ASIANPAINT,229.25,233.86,229.25,231.65,769560,-0.404,240.29,236.65,218.91,41.034,-2.3173,-0.7625,-1.5549,254.79,225.8,12.067,2011,1,1,2011-01,False
2011-01-24,ASIANPAINT,231.65,235.68,226.22,227.94,1504870,-1.598,239.34,236.6,219.17,37.093,-2.7517,-1.1603,-1.5914,254.48,224.21,12.649,2011,1,1,2011-01,False
2011-01-25,ASIANPAINT,227.94,229.94,225.69,226.11,1601180,-0.805,238.42,236.53,219.42,35.284,-3.207,-1.5697,-1.6374,254.44,222.4,13.436,2011,1,1,2011-01,False
2011-01-27,ASIANPAINT,225.69,231.7,225.69,226.13,749710,0.008,237.47,236.42,219.67,35.316,-3.5259,-1.9609,-1.565,254.06,220.88,13.974,2011,1,1,2011-01,False
2011-01-28,ASIANPAINT,230.2,230.2,221.77,224.31,2734200,-0.806,236.41,236.28,219.91,33.438,-3.8808,-2.3449,-1.5359,253.54,219.28,14.492,2011,1,1,2011-01,False
2011-01-31,ASIANPAINT,223.08,226.04,215.86,224.17,2249850,-0.062,235.1,236.15,220.15,33.293,-4.1258,-2.7011,-1.4247,251.74,218.46,14.154,2011,1,1,2011-01,False
2011-02-01,ASIANPAINT,223.94,224.39,212.64,216.37,1738540,-3.476,233.42,235.89,220.34,26.37,-4.8923,-3.1393,-1.753,250.51,216.33,14.642,2011,2,1,2011-02,False
2011-02-02,ASIANPAINT,215.95,219.6,212.7,216.16,751250,-0.098,231.89,235.59,220.54,26.209,-5.4541,-3.6023,-1.8519,249.45,214.34,15.137,2011,2,1,2011-02,False
2011-02-03,ASIANPAINT,213.08,220.38,212.2,214.96,737380,-0.557,230.12,235.3,220.72,25.273,-5.9282,-4.0675,-1.8608,246.91,213.32,14.598,2011,2,1,2011-02,False
2011-02-04,ASIANPAINT,213.08,218.03,213.08,216.23,1617390,0.593,228.54,235.1,220.9,28.195,-6.1305,-4.4801,-1.6504,244.23,212.85,13.732,2011,2,1,2011-02,False
2011-02-07,ASIANPAINT,216.3,220.12,215.77,217.56,526160,0.615,227.34,235.06,221.1,31.221,-6.1129,-4.8066,-1.3063,242.53,212.16,13.362,2011,2,1,2011-02,False
2011-02-08,ASIANPAINT,218.03,223.08,214.91,215.65,722100,-0.877,226.48,234.94,221.29,29.313,-6.1818,-5.0817,-1.1001,242.29,210.67,13.96,2011,2,1,2011-02,False
2011-02-09,ASIANPAINT,215.47,216.8,211.17,215.27,994890,-0.177,225.49,234.75,221.46,28.931,-6.1958,-5.3045,-0.8913,241.51,209.47,14.207,2011,2,1,2011-02,False
2011-02-10,ASIANPAINT,213.95,218.64,213.52,216.01,649160,0.345,224.44,234.46,221.65,30.816,-6.0769,-5.459,-0.6179,240.0,208.87,13.874,2011,2,1,2011-02,False
2011-02-11,ASIANPAINT,217.37,219.26,213.6,217.3,2277190,0.596,223.5,234.15,221.84,34.076,-5.8118,-5.5295,-0.2822,238.37,208.63,13.309,2011,2,1,2011-02,False
2011-02-14,ASIANPAINT,215.83,228.19,212.69,226.12,946210,4.06,222.95,234.06,222.08,51.089,-4.834,-5.3904,0.5564,236.47,209.44,12.122,2011,2,1,2011-02,False
2011-02-15,ASIANPAINT,224.56,228.3,223.95,225.07,340780,-0.465,222.63,233.91,222.31,49.45,-4.0968,-5.1317,1.0349,235.57,209.69,11.623,2011,2,1,2011-02,False
2011-02-16,ASIANPAINT,224.82,227.64,221.77,223.03,337740,-0.906,222.23,233.71,222.54,46.346,-3.6352,-4.8324,1.1972,234.58,209.89,11.111,2011,2,1,2011-02,False
2011-02-17,ASIANPAINT,225.86,226.14,221.43,225.67,326200,1.183,221.91,233.51,222.79,50.662,-3.0216,-4.4702,1.4487,233.5,210.33,10.438,2011,2,1,2011-02,False
2011-02-18,ASIANPAINT,224.82,227.23,224.82,226.04,1486590,0.166,221.59,233.41,223.02,51.26,-2.4766,-4.0715,1.5949,232.23,210.94,9.607,2011,2,1,2011-02,False
2011-02-21,ASIANPAINT,226.12,228.21,217.88,223.58,399940,-1.089,221.18,233.28,223.23,47.204,-2.2177,-3.7007,1.4831,230.78,211.58,8.68,2011,2,1,2011-02,False
2011-02-22,ASIANPAINT,222.82,222.82,217.43,218.3,350370,-2.361,220.7,233.02,223.43,39.909,-2.4107,-3.4427,1.032,229.83,211.58,8.271,2011,2,1,2011-02,False
2011-02-23,ASIANPAINT,215.69,217.34,213.27,215.52,1136200,-1.277,220.17,232.63,223.63,36.685,-2.7568,-3.3055,0.5488,229.21,211.14,8.207,2011,2,1,2011-02,False
2011-02-24,ASIANPAINT,214.56,216.12,208.55,209.72,1850230,-2.692,219.35,232.06,223.77,31.062,-3.4593,-3.3363,-0.123,229.07,209.64,8.856,2011,2,1,2011-02,False
2011-02-25,ASIANPAINT,209.16,214.82,208.32,209.29,1803780,-0.201,218.6,231.53,223.89,30.693,-4.0039,-3.4698,-0.5341,229.0,208.2,9.513,2011,2,1,2011-02,False
2011-02-28,ASIANPAINT,205.6,213.08,205.6,208.79,1149580,-0.241,217.83,231.0,224.02,30.232,-4.4252,-3.6609,-0.7643,228.76,206.91,10.031,2011,2,1,2011-02,False
2011-03-01,ASIANPAINT,210.88,221.59,209.6,220.28,512760,5.503,218.03,230.6,224.2,49.038,-3.7884,-3.6864,-0.102,228.98,207.07,10.049,2011,3,1,2011-03,False
2011-03-03,ASIANPAINT,217.52,222.96,216.12,220.73,618850,0.203,218.26,229.94,224.39,49.609,-3.2105,-3.5912,0.3807,229.24,207.27,10.063,2011,3,1,2011-03,False
2011-03-04,ASIANPAINT,223.94,225.86,216.65,218.14,1322350,-1.17,218.42,229.19,224.59,46.385,-2.9273,-3.4584,0.5312,229.29,207.54,9.955,2011,3,1,2011-03,False
2011-03-07,ASIANPAINT,217.43,219.77,212.4,217.88,414940,-0.122,218.5,228.39,224.81,46.054,-2.6931,-3.3054,0.6122,229.33,207.67,9.91,2011,3,1,2011-03,False
2011-03-08,ASIANPAINT,219.51,219.65,217.43,217.43,632510,-0.204,218.49,227.71,225.01,45.47,-2.5144,-3.1472,0.6328,229.32,207.66,9.913,2011,3,1,2011-03,False
2011-03-09,ASIANPAINT,219.33,219.77,217.43,217.51,812960,0.036,218.58,227.12,225.21,45.601,-2.3395,-2.9856,0.6462,229.34,207.83,9.844,2011,3,1,2011-03,False
2011-03-10,ASIANPAINT,217.0,218.64,216.56,217.43,699360,-0.038,218.69,226.58,225.4,45.476,-2.1823,-2.825,0.6426,229.35,208.03,9.75,2011,3,1,2011-03,False
2011-03-11,ASIANPAINT,217.34,220.88,216.12,220.0,515120,1.184,218.89,226.08,225.59,50.047,-1.829,-2.6258,0.7968,229.49,208.29,9.684,2011,3,1,2011-03,False
2011-03-14,ASIANPAINT,219.34,222.21,217.98,219.87,314810,-0.059,219.02,225.57,225.79,49.819,-1.5417,-2.409,0.8672,229.6,208.44,9.661,2011,3,1,2011-03,False
2011-03-15,ASIANPAINT,217.51,221.77,217.43,220.14,360200,0.121,218.72,224.96,225.99,50.314,-1.2779,-2.1828,0.9048,228.78,208.66,9.199,2011,3,1,2011-03,False
2011-03-16,ASIANPAINT,225.07,225.07,220.53,222.05,218810,0.869,218.57,224.4,226.21,53.853,-0.9041,-1.927,1.023,228.32,208.83,8.917,2011,3,1,2011-03,False
2011-03-17,ASIANPAINT,219.51,225.69,217.86,224.31,1134550,1.018,218.64,223.96,226.43,57.689,-0.4205,-1.6257,1.2053,228.52,208.75,9.042,2011,3,1,2011-03,False
2011-03-18,ASIANPAINT,225.08,226.56,217.51,221.45,1905090,-1.276,218.42,223.37,226.63,51.819,-0.265,-1.3536,1.0885,227.85,209.0,8.627,2011,3,1,2011-03,False
2011-03-21,ASIANPAINT,220.05,220.05,218.21,219.48,423130,-0.89,218.1,222.81,226.81,48.185,-0.2974,-1.1423,0.845,226.83,209.36,8.012,2011,3,1,2011-03,False
2011-03-22,ASIANPAINT,220.4,222.1,217.95,218.28,123290,-0.549,217.83,222.35,226.96,46.057,-0.4154,-0.9969,0.5815,226.18,209.48,7.665,2011,3,1,2011-03,False
2011-03-23,ASIANPAINT,218.11,222.21,218.11,221.4,343430,1.432,217.99,222.12,227.1,51.983,-0.2537,-0.8483,0.5946,226.49,209.49,7.798,2011,3,1,2011-03,False
2011-03-24,ASIANPAINT,220.9,222.48,217.43,217.67,580510,-1.685,218.09,221.77,227.21,45.552,-0.4218,-0.763,0.3412,226.52,209.67,7.723,2011,3,1,2011-03,False
2011-03-25,ASIANPAINT,218.43,229.86,218.43,219.97,389990,1.055,218.61,221.42,227.31,49.678,-0.3655,-0.6835,0.318,226.08,211.14,6.833,2011,3,1,2011-03,False
2011-03-28,ASIANPAINT,220.12,222.38,218.73,219.81,354530,-0.073,219.13,221.1,227.43,49.396,-0.3301,-0.6128,0.2827,225.19,213.08,5.527,2011,3,1,2011-03,False
2011-03-29,ASIANPAINT,219.34,221.28,218.4,218.8,212750,-0.457,219.63,220.73,227.53,47.577,-0.3787,-0.566,0.1873,223.25,216.01,3.298,2011,3,1,2011-03,False
2011-03-30,ASIANPAINT,218.8,223.94,216.14,220.57,1299430,0.809,219.65,220.51,227.65,51.0,-0.2713,-0.5071,0.2358,223.28,216.01,3.31,2011,3,1,2011-03,False
2011-03-31,ASIANPAINT,219.95,223.42,218.39,219.67,648870,-0.41,219.6,220.29,227.75,49.231,-0.2562,-0.4569,0.2007,223.19,216.0,3.278,2011,3,1,2011-03,False
2011-04-01,ASIANPAINT,223.42,223.42,218.38,219.21,573840,-0.208,219.65,220.03,227.83,48.319,-0.2779,-0.4211,0.1432,223.19,216.11,3.223,2011,4,2,2011-04,False
2011-04-04,ASIANPAINT,221.77,221.77,219.36,220.0,1021200,0.361,219.75,219.78,227.9,50.046,-0.2286,-0.3826,0.154,223.2,216.31,3.133,2011,4,2,2011-04,False
2011-04-05,ASIANPAINT,220.3,226.04,220.3,223.24,666060,1.469,220.04,219.61,227.97,56.442,0.0704,-0.292,0.3624,223.64,216.45,3.266,2011,4,2,2011-04,False
2011-04-06,ASIANPAINT,223.08,225.43,221.11,221.75,675370,-0.666,220.26,219.49,228.06,53.073,0.1852,-0.1966,0.3818,223.72,216.79,3.143,2011,4,2,2011-04,False
2011-04-07,ASIANPAINT,224.3,224.3,221.42,221.92,598320,0.078,220.48,219.41,228.14,53.424,0.2869,-0.0999,0.3868,223.75,217.21,2.963,2011,4,2,2011-04,False
2011-04-08,ASIANPAINT,223.5,227.24,221.8,222.67,1077600,0.339,220.61,219.34,228.19,54.988,0.4233,0.0048,0.4186,224.02,217.21,3.083,2011,4,2,2011-04,False
2011-04-11,ASIANPAINT,222.21,224.3,220.93,223.21,370720,0.24,220.78,219.31,228.28,56.116,0.5681,0.1174,0.4506,224.35,217.21,3.234,2011,4,2,2011-04,False
2011-04-13,ASIANPAINT,223.08,229.08,221.89,227.67,1735420,1.997,221.16,219.38,228.4,64.177,1.0306,0.3001,0.7305,225.85,216.46,4.246,2011,4,2,2011-04,False
2011-04-15,ASIANPAINT,227.6,229.16,224.05,227.94,372290,0.118,221.45,219.62,228.52,64.6,1.4027,0.5206,0.8821,227.04,215.87,5.043,2011,4,2,2011-04,False
2011-04-18,ASIANPAINT,229.4,229.4,223.08,224.53,242020,-1.496,221.46,219.78,228.65,55.642,1.4063,0.6977,0.7085,227.07,215.85,5.064,2011,4,2,2011-04,False
2011-04-19,ASIANPAINT,225.06,225.06,221.77,223.44,180150,-0.484,221.56,219.95,228.75,53.112,1.3063,0.8194,0.4869,227.24,215.88,5.125,2011,4,2,2011-04,False
2011-04-20,ASIANPAINT,226.12,227.86,222.22,223.41,137050,-0.014,221.76,220.1,228.87,53.04,1.2107,0.8977,0.313,227.4,216.11,5.092,2011,4,2,2011-04,False
2011-04-21,ASIANPAINT,225.64,226.04,223.63,225.37,98270,0.876,222.11,220.25,228.98,57.105,1.2781,0.9738,0.3043,227.73,216.5,5.057,2011,4,2,2011-04,False
2011-04-25,ASIANPAINT,225.86,232.63,225.26,231.52,587080,2.732,222.62,220.57,229.12,66.834,1.8075,1.1405,0.667,229.62,215.62,6.289,2011,4,2,2011-04,False
2011-04-26,ASIANPAINT,231.78,234.12,230.13,230.98,362950,-0.233,223.28,220.88,229.27,65.434,2.1587,1.3442,0.8146,230.82,215.75,6.746,2011,4,2,2011-04,False
2011-04-27,ASIANPAINT,232.9,232.99,230.57,232.02,770530,0.45,223.89,221.2,229.41,66.874,2.4922,1.5738,0.9184,232.19,215.58,7.418,2011,4,2,2011-04,False
2011-04-28,ASIANPAINT,232.65,236.83,230.67,234.02,893770,0.862,224.6,221.54,229.54,69.507,2.8846,1.8359,1.0487,233.82,215.38,8.208,2011,4,2,2011-04,False
2011-04-29,ASIANPAINT,234.02,241.78,233.98,241.31,2035230,3.112,225.72,221.84,229.73,76.753,3.7402,2.2168,1.5234,237.18,214.26,10.155,2011,4,2,2011-04,False
2011-05-02,ASIANPAINT,241.34,245.17,236.99,238.57,400330,-1.135,226.62,222.11,229.89,70.014,4.1494,2.6033,1.5461,239.16,214.09,11.061,2011,5,2,2011-05,False
2011-05-03,ASIANPAINT,239.16,243.43,235.73,241.17,1040070,1.09,227.7,222.48,230.05,72.483,4.6301,3.0087,1.6215,241.36,214.04,11.998,2011,5,2,2011-05,False
2011-05-04,ASIANPAINT,244.77,244.77,233.1,234.65,466290,-2.701,228.47,222.66,230.17,59.307,4.4344,3.2938,1.1406,241.85,215.09,11.716,2011,5,2,2011-05,False
2011-05-05,ASIANPAINT,234.66,236.56,231.34,232.02,171100,-1.123,229.07,222.77,230.26,54.955,4.0203,3.4391,0.5812,241.92,216.22,11.221,2011,5,2,2011-05,False
2011-05-06,ASIANPAINT,232.65,235.86,230.61,234.83,925470,1.213,229.65,223.0,230.36,58.46,3.8744,3.5262,0.3483,242.44,216.86,11.138,2011,5,2,2011-05,False
2011-05-09,ASIANPAINT,236.77,240.73,236.3,238.56,367520,1.587,230.49,223.4,230.48,62.61,4.0133,3.6236,0.3897,243.3,217.68,11.118,2011,5,2,2011-05,False
2011-05-10,ASIANPAINT,236.67,241.77,230.99,234.04,327500,-1.894,231.1,223.78,230.57,55.385,3.716,3.6421,0.0739,243.34,218.86,10.593,2011,5,2,2011-05,False
2011-05-11,ASIANPAINT,234.04,236.99,229.35,232.39,2182870,-0.704,231.58,224.23,230.64,52.984,3.3092,3.5755,-0.2663,243.17,220.0,10.006,2011,5,2,2011-05,False
2011-05-12,ASIANPAINT,233.95,240.47,232.65,239.21,1419540,2.934,232.38,224.83,230.74,60.597,3.4967,3.5597,-0.063,243.74,221.02,9.776,2011,5,2,2011-05,False
2011-05-13,ASIANPAINT,238.73,243.39,238.73,240.77,862830,0.651,233.04,225.47,230.85,62.105,3.728,3.5934,0.1346,244.76,221.32,10.058,2011,5,2,2011-05,False
2011-05-16,ASIANPAINT,241.34,245.26,240.03,242.95,1346020,0.907,233.79,225.92,231.01,64.177,4.0408,3.6829,0.3579,246.04,221.53,10.484,2011,5,2,2011-05,False
2011-05-17,ASIANPAINT,243.95,251.6,243.69,247.77,2560160,1.981,234.95,226.46,231.13,68.292,4.6238,3.8711,0.7528,247.9,222.01,11.019,2011,5,2,2011-05,False
2011-05-18,ASIANPAINT,247.91,251.17,246.77,249.13,1457400,0.551,236.24,227.08,231.24,69.367,5.1369,4.1242,1.0127,249.47,223.0,11.201,2011,5,2,2011-05,False
2011-05-19,ASIANPAINT,250.39,251.17,245.95,247.67,538730,-0.588,237.45,227.68,231.35,66.751,5.3634,4.3721,0.9913,250.17,224.73,10.712,2011,5,2,2011-05,False
2011-05-20,ASIANPAINT,244.91,253.97,244.47,253.06,963070,2.179,238.83,228.39,231.48,71.077,5.9102,4.6797,1.2305,252.03,225.63,11.054,2011,5,2,2011-05,False
2011-05-23,ASIANPAINT,253.26,256.48,251.69,253.44,1412520,0.151,239.93,229.11,231.62,71.361,6.3018,5.0041,1.2977,254.17,225.68,11.874,2011,5,2,2011-05,False
2011-05-24,ASIANPAINT,254.82,260.22,252.51,257.73,2414310,1.692,241.27,229.91,231.79,74.4,6.8789,5.3791,1.4998,256.93,225.61,12.982,2011,5,2,2011-05,False
2011-05-25,ASIANPAINT,256.57,263.08,256.57,261.48,3773100,1.453,242.74,230.74,231.97,76.723,7.5512,5.8135,1.7377,260.18,225.3,14.369,2011,5,2,2011-05,False
2011-05-26,ASIANPAINT,262.55,264.82,257.65,260.32,3693410,-0.441,244.05,231.55,232.14,74.483,7.9,6.2308,1.6692,262.65,225.45,15.242,2011,5,2,2011-05,False
2011-05-27,ASIANPAINT,257.08,262.65,257.08,261.46,1397460,0.438,245.06,232.38,232.29,75.252,8.1742,6.6195,1.5547,265.16,224.96,16.402,2011,5,2,2011-05,False
2011-05-30,ASIANPAINT,261.03,270.39,261.03,268.06,4304990,2.525,246.54,233.3,232.48,79.17,8.8224,7.0601,1.7623,268.84,224.24,18.09,2011,5,2,2011-05,False
2011-05-31,ASIANPAINT,268.91,294.57,265.26,272.51,18717210,1.659,248.1,234.26,232.68,81.317,9.5846,7.565,2.0196,273.06,223.15,20.119,2011,5,2,2011-05,False
2011-06-01,ASIANPAINT,273.53,277.78,266.26,275.64,1923490,1.147,250.15,235.35,232.89,82.669,10.3219,8.1163,2.2056,277.11,223.19,21.554,2011,6,2,2011-06,False
2011-06-02,ASIANPAINT,274.74,275.85,268.48,270.05,2116970,-2.029,252.05,236.36,233.09,72.556,10.3359,8.5602,1.7756,278.99,225.12,21.375,2011,6,2,2011-06,False
2011-06-03,ASIANPAINT,270.05,277.44,269.6,275.5,833550,2.021,254.09,237.5,233.33,75.682,10.6643,8.9811,1.6833,281.68,226.49,21.722,2011,6,2,2011-06,False
2011-06-06,ASIANPAINT,274.84,277.34,273.2,275.7,462910,0.071,255.94,238.59,233.57,75.789,10.8158,9.348,1.4678,284.13,227.76,22.027,2011,6,2,2011-06,False
2011-06-07,ASIANPAINT,275.7,280.9,274.39,278.84,820140,1.139,258.18,239.81,233.81,77.492,11.0617,9.6907,1.3709,286.16,230.21,21.674,2011,6,2,2011-06,False
2011-06-08,ASIANPAINT,277.44,280.91,272.51,278.68,791990,-0.058,260.5,240.99,234.03,77.192,11.1154,9.9757,1.1397,287.12,233.88,20.438,2011,6,2,2011-06,False
2011-06-09,ASIANPAINT,280.27,280.27,270.39,271.24,1273370,-2.668,262.1,242.01,234.19,64.735,10.4378,10.0681,0.3697,287.14,237.07,19.104,2011,6,2,2011-06,False
2011-06-10,ASIANPAINT,271.6,274.67,268.14,271.67,641430,0.158,263.65,243.07,234.35,65.085,9.8222,10.0189,-0.1967,286.89,240.4,17.632,2011,6,2,2011-06,False
2011-06-13,ASIANPAINT,271.33,273.26,267.49,268.55,1181500,-1.151,264.93,244.03,234.49,60.378,8.9785,9.8108,-0.8324,286.1,243.75,15.983,2011,6,2,2011-06,False
2011-06-14,ASIANPAINT,271.33,271.33,267.66,268.88,642460,0.124,265.98,245.02,234.65,60.704,8.2417,9.497,-1.2553,285.6,246.36,14.75,2011,6,2,2011-06,False
2011-06-15,ASIANPAINT,269.76,270.71,268.1,268.5,561910,-0.142,266.95,246.0,234.8,60.094,7.5401,9.1056,-1.5656,284.91,248.99,13.453,2011,6,2,2011-06,False
2011-06-16,ASIANPAINT,267.57,268.27,264.15,264.53,1250440,-1.48,267.79,246.89,234.94,54.009,6.5875,8.602,-2.0145,283.36,252.22,11.627,2011,6,2,2011-06,False
2011-06-17,ASIANPAINT,265.13,266.34,262.31,263.08,432330,-0.545,268.29,247.69,235.08,51.954,5.6511,8.0118,-2.3607,282.45,254.14,10.55,2011,6,2,2011-06,False
2011-06-20,ASIANPAINT,263.28,264.05,254.52,258.24,572400,-1.842,268.53,248.42,235.17,45.664,4.4666,7.3028,-2.8361,281.76,255.31,9.85,2011,6,2,2011-06,False
2011-06-21,ASIANPAINT,258.47,261.08,256.44,258.58,342000,0.134,268.58,249.15,235.28,46.165,3.5153,6.5453,-3.03,281.66,255.49,9.743,2011,6,2,2011-06,False
2011-06-22,ASIANPAINT,261.87,261.87,255.57,256.92,326890,-0.645,268.35,249.84,235.35,44.054,2.5968,5.7556,-3.1588,282.1,254.6,10.246,2011,6,2,2011-06,False
2011-06-23,ASIANPAINT,254.16,260.64,254.16,259.04,307630,0.829,268.28,250.55,235.43,47.361,2.0173,5.0079,-2.9906,282.2,254.37,10.373,2011,6,2,2011-06,False
2011-06-24,ASIANPAINT,259.68,265.02,259.52,261.07,948010,0.781,268.26,251.22,235.5,50.365,1.7018,4.3467,-2.6449,282.22,254.31,10.405,2011,6,2,2011-06,False
2011-06-27,ASIANPAINT,260.1,273.88,256.75,272.84,1043350,4.51,268.5,252.12,235.63,63.437,2.3746,3.9523,-1.5777,282.61,254.4,10.507,2011,6,2,2011-06,False
2011-06-28,ASIANPAINT,273.26,278.78,270.83,276.94,1161890,1.5,268.72,253.17,235.78,66.717,3.201,3.802,-0.601,283.23,254.22,10.794,2011,6,2,2011-06,False
2011-06-29,ASIANPAINT,277.75,279.29,272.57,275.28,499550,-0.6,268.71,254.2,235.94,64.2,3.6796,3.7775,-0.098,283.17,254.24,10.768,2011,6,2,2011-06,False
2011-06-30,ASIANPAINT,276.16,282.73,274.41,279.06,1469430,1.373,269.16,255.32,236.12,67.232,4.3141,3.8849,0.4293,284.34,253.97,11.284,2011,6,2,2011-06,False
2011-07-01,ASIANPAINT,279.05,293.5,278.2,290.34,1605550,4.045,269.9,256.62,236.33,74.245,5.6627,4.2404,1.4223,287.63,252.17,13.138,2011,7,3,2011-07,False
2011-07-04,ASIANPAINT,292.73,295.15,287.68,288.83,945650,-0.522,270.56,257.76,236.54,72.016,6.5338,4.6991,1.8347,290.07,251.04,14.427,2011,7,3,2011-07,False
2011-07-05,ASIANPAINT,284.74,290.17,283.35,283.87,489870,-1.718,270.81,258.82,236.75,65.123,6.7459,5.1085,1.6375,290.89,250.72,14.834,2011,7,3,2011-07,False
2011-07-06,ASIANPAINT,283.43,288.11,281.32,283.8,537230,-0.022,271.06,259.86,236.93,65.04,6.8303,5.4528,1.3775,291.7,250.43,15.223,2011,7,3,2011-07,False
2011-07-07,ASIANPAINT,285.44,286.06,277.83,280.46,1240290,-1.179,271.52,260.78,237.1,60.516,6.5516,5.6726,0.879,292.58,250.47,15.51,2011,7,3,2011-07,False
2011-07-08,ASIANPAINT,280.87,284.22,275.99,276.73,663540,-1.328,271.78,261.49,237.26,55.86,5.9616,5.7304,0.2312,292.96,250.59,15.59,2011,7,3,2011-07,False
2011-07-11,ASIANPAINT,276.68,279.05,275.19,276.47,511820,-0.095,272.17,262.25,237.44,55.535,5.4104,5.6664,-0.256,293.4,250.95,15.598,2011,7,3,2011-07,False
2011-07-12,ASIANPAINT,275.87,275.87,270.07,271.14,514690,-1.928,272.29,262.85,237.61,49.277,4.4916,5.4315,-0.9398,293.46,251.11,15.555,2011,7,3,2011-07,False
2011-07-13,ASIANPAINT,273.34,276.51,270.72,273.74,1469670,0.96,272.55,263.63,237.77,52.113,3.9282,5.1308,-1.2026,293.66,251.44,15.491,2011,7,3,2011-07,False
2011-07-14,ASIANPAINT,273.79,277.88,270.86,274.25,788910,0.184,273.03,264.48,237.93,52.665,3.4821,4.8011,-1.3189,293.81,252.26,15.219,2011,7,3,2011-07,False
2011-07-15,ASIANPAINT,275.1,279.91,272.96,278.66,676300,1.609,273.81,265.35,238.12,57.305,3.4449,4.5298,-1.0849,294.18,253.44,14.879,2011,7,3,2011-07,False
2011-07-18,ASIANPAINT,279.49,280.16,276.61,277.57,221130,-0.391,274.78,266.13,238.32,55.847,3.2894,4.2818,-0.9923,293.83,255.73,13.866,2011,7,3,2011-07,False
2011-07-19,ASIANPAINT,278.35,279.46,274.76,275.21,286700,-0.851,275.61,266.96,238.54,52.721,2.9418,4.0138,-1.0719,293.07,258.15,12.67,2011,7,3,2011-07,False
2011-07-20,ASIANPAINT,277.82,277.82,271.17,273.66,525470,-0.562,276.45,267.78,238.75,50.718,2.5126,3.7135,-1.2009,291.58,261.31,10.951,2011,7,3,2011-07,False
2011-07-21,ASIANPAINT,272.73,274.27,271.21,272.69,231070,-0.354,277.13,268.45,238.97,49.452,2.0704,3.3849,-1.3145,290.03,264.23,9.309,2011,7,3,2011-07,False
2011-07-22,ASIANPAINT,273.18,275.5,271.6,272.55,348660,-0.05,277.7,269.09,239.18,49.266,1.6896,3.0458,-1.3563,288.43,266.98,7.726,2011,7,3,2011-07,False
2011-07-25,ASIANPAINT,274.84,274.84,270.91,272.82,391410,0.098,277.7,269.69,239.38,49.667,1.3932,2.7153,-1.3221,288.43,266.97,7.727,2011,7,3,2011-07,False
2011-07-26,ASIANPAINT,271.2,276.77,268.1,275.03,2020170,0.808,277.61,270.23,239.58,52.967,1.321,2.4365,-1.1155,288.4,266.81,7.775,2011,7,3,2011-07,False
2011-07-27,ASIANPAINT,275.54,277.51,273.18,275.37,1635240,0.124,277.61,270.76,239.8,53.476,1.2766,2.2045,-0.9279,288.4,266.82,7.772,2011,7,3,2011-07,False
2011-07-28,ASIANPAINT,272.11,275.37,272.11,273.43,1552000,-0.705,277.33,271.27,240.01,50.154,1.0724,1.9781,-0.9057,288.25,266.41,7.877,2011,7,3,2011-07,False
2011-07-29,ASIANPAINT,273.56,275.11,272.91,274.58,285780,0.421,276.54,271.7,240.23,52.058,0.9921,1.7809,-0.7887,285.63,267.45,6.574,2011,7,3,2011-07,False
2011-08-01,ASIANPAINT,275.28,277.12,267.53,268.78,363320,-2.111,275.54,272.01,240.42,43.132,0.4556,1.5158,-1.0602,283.24,267.84,5.589,2011,8,3,2011-08,False
2011-08-02,ASIANPAINT,268.78,268.88,262.93,267.41,1771890,-0.512,274.72,272.2,240.59,41.321,-0.0796,1.1967,-1.2764,282.18,267.25,5.436,2011,8,3,2011-08,False
2011-08-03,ASIANPAINT,264.15,268.85,263.71,264.87,668410,-0.949,273.77,272.27,240.76,38.141,-0.7004,0.8173,-1.5177,281.19,266.35,5.418,2011,8,3,2011-08,False
2011-08-04,ASIANPAINT,263.82,273.35,263.82,270.87,537830,2.264,273.29,272.48,240.96,48.277,-0.7004,0.5137,-1.2142,280.1,266.48,4.985,2011,8,3,2011-08,False
2011-08-05,ASIANPAINT,270.87,271.16,263.89,268.0,1293720,-1.059,272.85,272.61,241.16,44.518,-0.9214,0.2267,-1.1481,279.85,265.85,5.131,2011,8,3,2011-08,False
2011-08-08,ASIANPAINT,264.16,272.39,263.71,269.91,467250,0.713,272.53,272.65,241.38,47.451,-0.9316,-0.0049,-0.9266,279.43,265.63,5.064,2011,8,3,2011-08,False
2011-08-09,ASIANPAINT,268.97,277.21,261.79,275.81,887490,2.185,272.76,272.71,241.62,55.305,-0.4586,-0.0957,-0.3629,279.78,265.74,5.146,2011,8,3,2011-08,False
2011-08-10,ASIANPAINT,273.79,279.92,273.79,276.41,527200,0.218,272.89,272.73,241.86,56.026,-0.0349,-0.0835,0.0486,280.09,265.7,5.273,2011,8,3,2011-08,False
2011-08-11,ASIANPAINT,276.42,279.22,274.26,275.86,255130,-0.197,272.97,272.84,242.1,55.159,0.2541,-0.016,0.2701,280.27,265.68,5.344,2011,8,3,2011-08,False
2011-08-12,ASIANPAINT,278.58,284.28,276.3,282.91,1418620,2.555,273.19,272.99,242.4,63.129,1.0399,0.1952,0.8447,281.37,265.0,5.993,2011,8,3,2011-08,False
2011-08-16,ASIANPAINT,283.87,288.16,280.62,285.63,699590,0.96,273.59,273.19,242.74,65.662,1.8603,0.5282,1.3321,283.33,263.85,7.12,2011,8,3,2011-08,False
2011-08-17,ASIANPAINT,286.06,288.15,282.06,284.26,1185290,-0.479,274.04,273.3,243.01,63.305,2.3729,0.8972,1.4758,284.88,263.21,7.909,2011,8,3,2011-08,False
2011-08-18,ASIANPAINT,285.61,285.61,279.83,281.83,357200,-0.855,274.45,273.36,243.25,59.233,2.5535,1.2284,1.3251,285.83,263.07,8.292,2011,8,3,2011-08,False
2011-08-19,ASIANPAINT,280.36,282.55,276.81,278.2,527920,-1.287,274.73,273.5,243.47,53.684,2.3766,1.4581,0.9185,286.19,263.26,8.347,2011,8,3,2011-08,False
2011-08-22,ASIANPAINT,278.01,290.0,276.5,288.36,484660,3.65,275.52,273.84,243.69,63.884,3.0209,1.7706,1.2503,288.44,262.6,9.379,2011,8,3,2011-08,False
2011-08-23,ASIANPAINT,289.13,292.01,285.53,286.88,475920,-0.513,276.22,274.2,243.96,61.749,3.3732,2.0911,1.282,290.02,262.42,9.994,2011,8,3,2011-08,False
2011-08-24,ASIANPAINT,286.93,288.42,281.32,282.85,515090,-1.403,276.61,274.48,244.21,56.244,3.2896,2.3308,0.9588,290.71,262.51,10.195,2011,8,3,2011-08,False
2011-08-25,ASIANPAINT,283.87,287.81,279.63,286.04,365180,1.127,277.14,274.83,244.45,59.336,3.441,2.5529,0.8881,291.84,262.45,10.606,2011,8,3,2011-08,False
2011-08-26,ASIANPAINT,284.56,289.79,284.56,285.9,225950,-0.049,277.77,275.26,244.68,59.139,3.5092,2.7441,0.7651,292.85,262.68,10.863,2011,8,3,2011-08,False
2011-08-29,ASIANPAINT,286.13,290.0,283.08,288.84,352570,1.03,278.48,275.77,244.93,62.004,3.7575,2.9468,0.8107,294.26,262.7,11.336,2011,8,3,2011-08,False
2011-08-30,ASIANPAINT,290.78,291.3,284.83,287.9,388860,-0.326,279.44,276.37,245.22,60.541,3.8341,3.1243,0.7099,295.06,263.81,11.184,2011,8,3,2011-08,False
2011-09-02,ASIANPAINT,285.62,291.57,284.3,285.63,889390,-0.788,280.35,276.91,245.5,57.049,3.6694,3.2333,0.4361,295.12,265.57,10.541,2011,9,3,2011-09,False
2011-09-05,ASIANPAINT,284.31,291.04,284.3,286.63,1431550,0.35,281.43,277.5,245.77,58.192,3.5782,3.3023,0.2759,294.52,268.35,9.299,2011,9,3,2011-09,False
2011-09-06,ASIANPAINT,286.93,287.37,281.25,285.47,859080,-0.405,282.16,278.03,246.05,56.316,3.3734,3.3165,0.0569,294.37,269.96,8.649,2011,9,3,2011-09,False
2011-09-07,ASIANPAINT,285.46,287.28,281.35,282.22,350070,-1.137,282.88,278.45,246.3,51.333,2.9155,3.2363,-0.3208,293.1,272.65,7.228,2011,9,3,2011-09,False
2011-09-08,ASIANPAINT,282.2,283.16,276.51,278.76,653830,-1.228,283.32,278.57,246.55,46.593,2.2472,3.0385,-0.7913,291.8,274.84,5.984,2011,9,3,2011-09,False
2011-09-09,ASIANPAINT,279.57,282.73,277.05,279.37,326490,0.218,283.5,278.62,246.79,47.51,1.7465,2.7801,-1.0336,291.44,275.55,5.606,2011,9,3,2011-09,False
2011-09-12,ASIANPAINT,278.6,281.85,276.51,278.25,389660,-0.398,283.59,278.68,247.03,45.957,1.2455,2.4732,-1.2276,291.22,275.95,5.385,2011,9,3,2011-09,False
2011-09-13,ASIANPAINT,278.61,280.36,274.4,275.7,493860,-0.916,283.58,278.61,247.28,42.527,0.6355,2.1056,-1.4701,291.25,275.91,5.409,2011,9,3,2011-09,False
2011-09-14,ASIANPAINT,276.67,276.67,272.65,274.08,318930,-0.588,283.14,278.29,247.56,40.459,0.021,1.6887,-1.6677,291.91,274.37,6.194,2011,9,3,2011-09,False
2011-09-15,ASIANPAINT,274.88,275.54,272.35,273.91,276010,-0.064,282.55,277.99,247.82,40.231,-0.4747,1.256,-1.7307,292.15,272.96,6.792,2011,9,3,2011-09,False
2011-09-16,ASIANPAINT,274.23,276.07,262.95,266.24,785250,-2.799,281.65,277.64,248.02,31.798,-1.4691,0.711,-2.1801,293.66,269.65,8.523,2011,9,3,2011-09,False
2011-09-19,ASIANPAINT,266.35,268.8,265.3,267.29,367370,0.393,280.93,277.31,248.21,33.838,-2.148,0.1392,-2.2872,294.54,267.31,9.69,2011,9,3,2011-09,False
2011-09-20,ASIANPAINT,265.61,272.04,265.61,269.66,385630,0.888,280.5,277.09,248.39,38.341,-2.466,-0.3818,-2.0842,294.98,266.02,10.324,2011,9,3,2011-09,False
2011-09-21,ASIANPAINT,270.54,272.38,268.98,271.03,228100,0.507,279.63,276.98,248.59,40.838,-2.578,-0.8211,-1.757,294.21,265.06,10.423,2011,9,3,2011-09,False
2011-09-22,ASIANPAINT,267.23,274.23,267.23,271.72,428710,0.255,278.88,276.88,248.79,42.116,-2.5812,-1.1731,-1.4081,293.44,264.31,10.444,2011,9,3,2011-09,False
2011-09-23,ASIANPAINT,271.6,275.98,269.41,270.76,731850,-0.355,278.27,276.88,248.98,40.794,-2.6312,-1.4647,-1.1664,293.14,263.4,10.687,2011,9,3,2011-09,False
2011-09-26,ASIANPAINT,270.73,273.6,266.43,269.96,268400,-0.294,277.47,276.8,249.15,39.685,-2.7039,-1.7126,-0.9914,292.31,262.63,10.696,2011,9,3,2011-09,False
2011-09-27,ASIANPAINT,273.79,273.79,269.41,271.33,254850,0.506,276.74,276.74,249.35,42.568,-2.6211,-1.8943,-0.7268,291.26,262.21,10.496,2011,9,3,2011-09,False
2011-09-28,ASIANPAINT,273.33,275.54,270.83,274.59,416720,1.201,276.03,276.66,249.57,48.849,-2.2663,-1.9687,-0.2976,289.4,262.65,9.692,2011,9,3,2011-09,False
2011-09-29,ASIANPAINT,273.88,277.73,272.04,276.36,1037900,0.645,275.45,276.64,249.8,51.923,-1.8213,-1.9392,0.1179,287.61,263.29,8.829,2011,9,3,2011-09,False
2011-09-30,ASIANPAINT,276.85,277.29,273.97,276.64,805400,0.103,275.0,276.66,250.01,52.418,-1.4292,-1.8372,0.408,286.2,263.8,8.147,2011,9,3,2011-09,False
2011-10-03,ASIANPAINT,274.53,276.77,269.42,274.18,509000,-0.892,274.38,276.67,250.19,47.821,-1.3025,-1.7303,0.4278,284.15,264.6,7.124,2011,10,4,2011-10,False
2011-10-04,ASIANPAINT,272.58,278.08,268.27,269.72,445760,-1.627,273.59,276.62,250.36,40.845,-1.5441,-1.693,0.1489,282.05,265.13,6.184,2011,10,4,2011-10,False
2011-10-05,ASIANPAINT,270.02,271.51,262.39,265.33,690000,-1.627,272.74,276.47,250.51,35.376,-2.066,-1.7676,-0.2983,280.94,264.54,6.013,2011,10,4,2011-10,False
2011-10-07,ASIANPAINT,270.27,276.41,265.47,274.13,721310,3.317,272.51,276.5,250.67,49.871,-1.7492,-1.7639,0.0147,280.25,264.78,5.675,2011,10,4,2011-10,False
2011-10-10,ASIANPAINT,274.05,279.31,272.67,278.0,562840,1.411,272.44,276.56,250.8,54.682,-1.1726,-1.6457,0.4731,279.94,264.95,5.504,2011,10,4,2011-10,False
2011-10-11,ASIANPAINT,280.27,281.23,276.42,277.94,271250,-0.019,272.43,276.61,250.91,54.605,-0.7116,-1.4589,0.7473,279.88,264.98,5.468,2011,10,4,2011-10,False
2011-10-12,ASIANPAINT,279.21,280.36,276.86,278.19,335010,0.09,272.55,276.7,251.01,54.929,-0.3224,-1.2316,0.9092,280.31,264.8,5.691,2011,10,4,2011-10,False
2011-10-13,ASIANPAINT,280.19,281.06,277.3,277.89,796350,-0.11,272.74,276.77,251.14,54.416,-0.0383,-0.9929,0.9546,280.84,264.65,5.934,2011,10,4,2011-10,False
2011-10-14,ASIANPAINT,271.7,278.57,230.15,275.67,174110,-0.799,272.83,276.91,251.29,50.723,0.0076,-0.7928,0.8004,281.01,264.65,5.999,2011,10,4,2011-10,False
2011-10-17,ASIANPAINT,278.6,279.84,273.79,274.82,215590,-0.308,273.26,277.06,251.44,49.343,-0.0244,-0.6391,0.6148,280.87,265.65,5.569,2011,10,4,2011-10,False
2011-10-18,ASIANPAINT,275.1,275.1,271.34,271.87,167130,-1.073,273.49,277.2,251.57,44.791,-0.2843,-0.5682,0.2839,280.6,266.38,5.2,2011,10,4,2011-10,False
2011-10-19,ASIANPAINT,273.34,275.5,270.64,273.95,263340,0.767,273.7,277.26,251.71,48.416,-0.3183,-0.5182,0.1998,280.58,266.82,5.028,2011,10,4,2011-10,False
2011-10-20,ASIANPAINT,272.92,277.73,272.92,276.59,224110,0.964,273.98,277.43,251.84,52.656,-0.1307,-0.4407,0.31,280.86,267.11,5.019,2011,10,4,2011-10,False
2011-10-21,ASIANPAINT,281.68,281.68,262.84,264.2,1284980,-4.482,273.6,277.31,251.92,37.2,-0.9711,-0.5468,-0.4244,281.71,265.5,5.928,2011,10,4,2011-10,False
2011-10-24,ASIANPAINT,265.03,268.01,264.59,267.23,443100,1.147,273.43,277.14,252.02,41.706,-1.3767,-0.7128,-0.6639,281.94,264.91,6.227,2011,10,4,2011-10,False
2011-10-25,ASIANPAINT,267.63,272.36,263.66,269.43,470520,0.822,273.4,277.0,252.11,44.797,-1.5035,-0.8709,-0.6326,281.96,264.84,6.264,2011,10,4,2011-10,False
2011-10-28,ASIANPAINT,266.3,281.15,266.3,269.04,2075940,-0.144,273.29,276.87,252.22,44.352,-1.6166,-1.02,-0.5965,282.03,264.55,6.395,2011,10,4,2011-10,False
2011-10-31,ASIANPAINT,271.91,279.22,266.47,277.68,1024170,3.213,273.44,276.76,252.4,55.107,-0.9972,-1.0155,0.0183,282.38,264.5,6.541,2011,10,4,2011-10,False
2011-11-01,ASIANPAINT,274.21,278.07,274.21,275.36,343500,-0.836,273.39,276.56,252.61,52.191,-0.6857,-0.9495,0.2638,282.28,264.51,6.5,2011,11,4,2011-11,False
2011-11-02,ASIANPAINT,272.62,277.19,272.61,276.75,520090,0.506,273.4,276.41,252.82,53.772,-0.3226,-0.8241,0.5015,282.29,264.5,6.507,2011,11,4,2011-11,False
2011-11-03,ASIANPAINT,276.75,279.45,274.29,277.68,333770,0.335,273.57,276.32,253.02,54.843,0.0394,-0.6514,0.6908,282.67,264.48,6.649,2011,11,4,2011-11,False
2011-11-04,ASIANPAINT,275.99,287.39,275.99,283.52,1366000,2.103,274.26,276.43,253.26,60.975,0.7885,-0.3634,1.1519,284.18,264.34,7.235,2011,11,4,2011-11,False
2011-11-08,ASIANPAINT,282.56,286.16,277.02,277.74,691400,-2.04,274.88,276.22,253.47,53.262,0.9051,-0.1097,1.0148,283.97,265.8,6.61,2011,11,4,2011-11,False
2011-11-09,ASIANPAINT,279.37,282.52,272.49,273.9,413030,-1.383,274.87,275.96,253.68,48.844,0.6797,0.0482,0.6316,283.96,265.78,6.614,2011,11,4,2011-11,False
2011-11-11,ASIANPAINT,274.02,278.42,267.7,268.68,664540,-1.904,274.41,275.68,253.87,43.559,0.0794,0.0544,0.025,283.77,265.04,6.826,2011,11,4,2011-11,False
2011-11-14,ASIANPAINT,272.18,276.4,270.08,272.3,559300,1.348,274.12,275.4,254.07,47.783,-0.1031,0.0229,-0.126,283.38,264.87,6.753,2011,11,4,2011-11,False
2011-11-15,ASIANPAINT,272.31,274.56,264.54,266.82,235430,-2.012,273.56,275.02,254.24,42.588,-0.682,-0.1181,-0.5639,283.15,263.96,7.015,2011,11,4,2011-11,False
2011-11-16,ASIANPAINT,265.51,274.21,262.96,272.06,665880,1.962,273.26,274.68,254.44,48.362,-0.7103,-0.2365,-0.4738,282.66,263.87,6.874,2011,11,4,2011-11,False
2011-11-17,ASIANPAINT,272.86,273.33,265.54,267.33,540870,-1.736,272.85,274.27,254.64,44.055,-1.1012,-0.4095,-0.6917,282.53,263.17,7.095,2011,11,4,2011-11,False
2011-11-18,ASIANPAINT,267.61,272.35,264.11,267.98,848100,0.242,272.51,273.92,254.85,44.78,-1.3434,-0.5962,-0.7471,282.37,262.64,7.242,2011,11,4,2011-11,False
2011-11-21,ASIANPAINT,267.88,269.61,255.75,258.19,312320,-3.652,271.82,273.35,255.01,36.972,-2.2985,-0.9367,-1.3618,283.59,260.06,8.657,2011,11,4,2011-11,False
2011-11-22,ASIANPAINT,259.27,261.9,255.75,259.65,522600,0.563,271.11,272.83,255.18,38.683,-2.9045,-1.3303,-1.5743,284.01,258.2,9.52,2011,11,4,2011-11,False
2011-11-23,ASIANPAINT,256.46,259.97,248.39,254.23,579200,-2.087,269.99,272.27,255.33,34.883,-3.7785,-1.8199,-1.9586,284.65,255.33,10.859,2011,11,4,2011-11,False
2011-11-24,ASIANPAINT,253.11,253.99,249.07,252.7,361640,-0.6,269.41,271.75,255.52,33.875,-4.5418,-2.3643,-2.1775,285.83,253.0,12.183,2011,11,4,2011-11,False
2011-11-25,ASIANPAINT,253.55,261.02,252.67,258.63,334250,2.346,268.98,271.34,255.73,41.014,-4.6152,-2.8145,-1.8007,286.07,251.9,12.706,2011,11,4,2011-11,False
2011-11-28,ASIANPAINT,262.34,265.68,256.9,258.39,232790,-0.095,268.43,270.94,255.94,40.817,-4.6397,-3.1795,-1.4602,286.16,250.7,13.21,2011,11,4,2011-11,False
2011-11-29,ASIANPAINT,259.87,261.37,255.05,258.25,1102210,-0.051,267.89,270.59,256.15,40.704,-4.6166,-3.4669,-1.1497,286.19,249.59,13.662,2011,11,4,2011-11,False
2011-11-30,ASIANPAINT,257.42,259.09,251.46,253.06,823270,-2.013,266.66,270.17,256.33,36.429,-4.9606,-3.7657,-1.1949,285.49,247.83,14.124,2011,11,4,2011-11,False
2011-12-01,ASIANPAINT,254.9,261.9,242.3,245.74,1198300,-2.893,265.18,269.61,256.48,31.424,-5.7575,-4.164,-1.5935,285.72,244.65,15.487,2011,12,4,2011-12,False
2011-12-02,ASIANPAINT,247.23,251.65,244.76,251.22,657450,2.232,263.9,269.31,256.66,38.266,-5.8788,-4.507,-1.3718,284.58,243.22,15.672,2011,12,4,2011-12,False
2011-12-05,ASIANPAINT,249.26,253.9,249.26,250.83,730820,-0.154,262.56,268.98,256.84,37.979,-5.9377,-4.7931,-1.1446,282.96,242.16,15.537,2011,12,4,2011-12,False
2011-12-07,ASIANPAINT,248.72,253.2,248.72,251.0,1069980,0.067,260.94,268.6,257.01,38.195,-5.9029,-5.0151,-0.8878,279.39,242.48,14.145,2011,12,4,2011-12,False
2011-12-08,ASIANPAINT,248.72,252.67,247.66,248.96,1595270,-0.814,259.5,268.16,257.12,36.518,-5.9713,-5.2063,-0.765,276.89,242.1,13.408,2011,12,4,2011-12,False
2011-12-09,ASIANPAINT,249.15,251.23,246.98,248.74,543120,-0.087,258.24,267.7,257.24,36.337,-5.9741,-5.3599,-0.6142,274.87,241.61,12.882,2011,12,4,2011-12,False
2011-12-12,ASIANPAINT,249.95,251.23,245.29,248.56,624690,-0.072,257.23,267.26,257.37,36.175,-5.9225,-5.4724,-0.4501,273.64,240.83,12.755,2011,12,4,2011-12,False
2011-12-13,ASIANPAINT,246.71,251.22,244.51,246.41,1145990,-0.866,255.94,266.79,257.47,34.216,-5.9864,-5.5752,-0.4112,271.4,240.48,12.079,2011,12,4,2011-12,False
2011-12-14,ASIANPAINT,246.13,250.48,241.25,244.58,953480,-0.74,254.83,266.25,257.56,32.606,-6.1137,-5.6829,-0.4308,270.19,239.47,12.055,2011,12,4,2011-12,False
2011-12-15,ASIANPAINT,244.3,246.08,242.29,244.87,807780,0.117,253.47,265.66,257.67,33.137,-6.121,-5.7705,-0.3505,267.12,239.81,10.776,2011,12,4,2011-12,False
2011-12-16,ASIANPAINT,245.13,245.13,236.51,238.41,482820,-2.638,252.02,264.9,257.77,27.803,-6.5722,-5.9308,-0.6414,265.62,238.42,10.792,2011,12,4,2011-12,False
2011-12-19,ASIANPAINT,236.42,238.41,231.15,233.73,334960,-1.961,250.31,264.04,257.86,24.704,-7.2238,-6.1894,-1.0344,264.07,236.55,10.995,2011,12,4,2011-12,False
2011-12-20,ASIANPAINT,237.29,241.6,232.48,232.86,531340,-0.376,249.04,263.22,257.98,24.159,-7.7222,-6.496,-1.2262,264.33,233.76,12.275,2011,12,4,2011-12,False
2011-12-21,ASIANPAINT,237.28,238.96,233.0,236.2,393670,1.434,247.87,262.55,258.11,30.44,-7.7582,-6.7484,-1.0097,263.32,232.41,12.471,2011,12,4,2011-12,False
2011-12-22,ASIANPAINT,239.05,243.89,233.08,242.41,240710,2.633,247.28,262.09,258.28,40.347,-7.2019,-6.8391,-0.3628,262.61,231.94,12.403,2011,12,4,2011-12,False
2011-12-23,ASIANPAINT,242.59,243.38,232.1,234.06,540940,-3.444,246.35,261.29,258.35,33.457,-7.3501,-6.9413,-0.4088,262.53,230.16,13.143,2011,12,4,2011-12,False
2011-12-26,ASIANPAINT,232.65,236.85,232.11,234.05,280860,-0.008,245.12,260.41,258.41,33.444,-7.3838,-7.0298,-0.354,261.11,229.12,13.049,2011,12,4,2011-12,False
2011-12-27,ASIANPAINT,233.34,236.59,233.34,234.74,777460,0.297,243.93,259.54,258.5,34.522,-7.2707,-7.078,-0.1927,259.28,228.59,12.581,2011,12,4,2011-12,False
2011-12-28,ASIANPAINT,234.66,238.88,224.11,228.43,891340,-2.686,242.44,258.55,258.55,29.801,-7.6023,-7.1829,-0.4194,257.72,227.16,12.606,2011,12,4,2011-12,False
2011-12-29,ASIANPAINT,229.81,232.02,224.99,230.85,1014870,1.058,241.33,257.61,258.62,33.552,-7.5826,-7.2628,-0.3198,256.59,226.07,12.647,2011,12,4,2011-12,False
2011-12-30,ASIANPAINT,228.94,231.54,226.49,227.83,225310,-1.308,240.44,256.65,258.67,31.302,-7.7216,-7.3546,-0.3671,256.68,224.2,13.51,2011,12,4,2011-12,False
2012-01-02,ASIANPAINT,224.99,230.08,224.99,227.65,182450,-0.079,239.26,255.71,258.72,31.168,-7.7569,-7.4351,-0.3219,255.63,222.89,13.682,2012,1,1,2012-01,False
2012-01-03,ASIANPAINT,228.52,233.78,228.52,233.1,174850,2.394,238.37,254.93,258.78,39.608,-7.2615,-7.4003,0.1389,254.0,222.74,13.116,2012,1,1,2012-01,False
2012-01-04,ASIANPAINT,230.18,237.28,230.18,235.09,341860,0.854,237.58,254.15,258.86,42.388,-6.6318,-7.2466,0.6148,252.08,223.07,12.211,2012,1,1,2012-01,False
2012-01-05,ASIANPAINT,235.0,236.5,233.78,234.81,719580,-0.122,236.87,253.32,258.93,42.088,-6.0856,-7.0144,0.9288,250.38,223.36,11.411,2012,1,1,2012-01,False
2012-01-06,ASIANPAINT,232.73,235.97,232.47,233.83,3815540,-0.415,236.12,252.71,258.99,41.023,-5.6662,-6.7448,1.0786,248.48,223.77,10.463,2012,1,1,2012-01,False
2012-01-09,ASIANPAINT,234.36,237.29,234.35,235.16,430720,0.569,235.45,252.07,259.05,43.139,-5.1668,-6.4292,1.2624,246.33,224.58,9.24,2012,1,1,2012-01,False
2012-01-10,ASIANPAINT,236.29,236.85,232.46,233.48,338040,-0.718,234.81,251.35,259.11,41.125,-4.8513,-6.1136,1.2623,244.41,225.21,8.176,2012,1,1,2012-01,False
2012-01-11,ASIANPAINT,236.29,239.92,232.02,239.08,1111290,2.4,234.53,250.75,259.21,49.546,-4.1018,-5.7112,1.6094,243.22,225.84,7.411,2012,1,1,2012-01,False
2012-01-12,ASIANPAINT,240.69,245.93,239.08,240.48,676690,0.588,234.31,250.01,259.32,51.424,-3.3557,-5.2401,1.8844,242.08,226.55,6.627,2012,1,1,2012-01,False
2012-01-13,ASIANPAINT,238.88,245.9,238.88,243.63,570680,1.307,234.57,249.37,259.43,55.417,-2.4823,-4.6886,2.2063,243.22,225.93,7.37,2012,1,1,2012-01,False
2012-01-16,ASIANPAINT,242.83,244.24,240.48,241.56,179230,-0.848,234.97,248.67,259.55,52.37,-1.9345,-4.1378,2.2033,244.14,225.79,7.811,2012,1,1,2012-01,False
2012-01-17,ASIANPAINT,240.01,243.89,239.23,240.42,528730,-0.471,235.34,247.92,259.65,50.715,-1.574,-3.625,2.051,244.77,225.91,8.015,2012,1,1,2012-01,False
2012-01-18,ASIANPAINT,241.64,242.22,238.17,239.39,205430,-0.431,235.5,247.04,259.75,49.189,-1.3564,-3.1713,1.8149,245.1,225.91,8.151,2012,1,1,2012-01,False
2012-01-19,ASIANPAINT,243.16,243.16,238.62,240.19,191140,0.334,235.39,246.29,259.85,50.428,-1.1066,-2.7583,1.6517,244.7,226.08,7.908,2012,1,1,2012-01,False
2012-01-20,ASIANPAINT,240.19,241.69,238.17,240.15,660940,-0.016,235.7,245.62,259.95,50.362,-0.9014,-2.387,1.4855,245.22,226.18,8.078,2012,1,1,2012-01,False
2012-01-23,ASIANPAINT,242.6,249.14,241.69,247.73,1106890,3.158,236.38,245.2,260.09,60.845,-0.1254,-1.9346,1.8092,247.27,225.49,9.213,2012,1,1,2012-01,False
2012-01-24,ASIANPAINT,249.16,251.18,243.45,246.46,1114090,-0.513,236.97,244.68,260.23,58.613,0.3827,-1.4712,1.8539,248.71,225.22,9.913,2012,1,1,2012-01,False
2012-01-25,ASIANPAINT,248.61,251.62,245.67,250.34,2868410,1.574,238.06,244.35,260.38,63.07,1.086,-0.9597,2.0457,250.52,225.6,10.468,2012,1,1,2012-01,False
2012-01-27,ASIANPAINT,252.67,259.18,252.67,256.31,1870510,2.384,239.33,244.04,260.55,68.66,2.1007,-0.3477,2.4483,253.74,224.93,12.039,2012,1,1,2012-01,False
2012-01-30,ASIANPAINT,256.6,264.98,256.59,262.61,1515850,2.46,241.07,243.94,260.75,73.266,3.3747,0.3968,2.9779,257.84,224.31,13.909,2012,1,1,2012-01,False
2012-01-31,ASIANPAINT,256.99,267.18,256.99,263.25,638760,0.241,242.85,243.85,260.96,73.684,4.3849,1.1944,3.1905,261.11,224.6,15.036,2012,1,1,2012-01,False
2012-02-01,ASIANPAINT,266.3,266.3,256.01,257.96,1463970,-2.006,244.1,243.84,261.13,64.605,4.7051,1.8966,2.8085,262.93,225.26,15.435,2012,2,1,2012-02,False
2012-02-02,ASIANPAINT,261.02,263.13,258.39,260.85,898140,1.117,245.38,243.87,261.32,66.995,5.1322,2.5437,2.5885,265.13,225.64,16.094,2012,2,1,2012-02,False
2012-02-03,ASIANPAINT,261.01,261.02,254.87,259.29,685600,-0.596,246.61,243.97,261.48,64.465,5.2843,3.0918,2.1925,266.63,226.59,16.236,2012,2,1,2012-02,False
2012-02-06,ASIANPAINT,257.07,265.02,257.07,263.1,1137650,1.468,248.07,244.17,261.65,67.681,5.6468,3.6028,2.044,268.43,227.71,16.417,2012,2,1,2012-02,False
2012-02-07,ASIANPAINT,263.22,264.3,259.01,260.05,668170,-1.157,249.32,244.2,261.83,62.785,5.6236,4.007,1.6166,269.4,229.23,16.109,2012,2,1,2012-02,False
2012-02-08,ASIANPAINT,258.4,264.98,258.4,261.08,2582610,0.395,250.7,244.26,262.02,63.739,5.6233,4.3302,1.2931,269.97,231.42,15.377,2012,2,1,2012-02,False
2012-02-09,ASIANPAINT,264.57,269.37,261.2,268.77,1357500,2.947,252.18,244.47,262.25,69.946,6.1728,4.6988,1.4741,272.25,232.11,15.914,2012,2,1,2012-02,False
2012-02-10,ASIANPAINT,269.37,274.91,269.37,272.4,1391900,1.349,253.78,244.85,262.48,72.348,6.8222,5.1234,1.6987,274.97,232.58,16.703,2012,2,1,2012-02,False
2012-02-13,ASIANPAINT,267.53,272.45,266.56,268.45,328260,-1.452,255.02,245.31,262.67,66.138,6.9377,5.4863,1.4514,276.61,233.42,16.935,2012,2,1,2012-02,False
2012-02-14,ASIANPAINT,268.45,269.79,265.42,266.05,409890,-0.892,256.24,245.6,262.84,62.633,6.7581,5.7407,1.0175,277.4,235.09,16.511,2012,2,1,2012-02,False
2012-02-15,ASIANPAINT,266.73,272.88,265.24,266.42,466600,0.139,257.54,245.92,263.01,62.959,6.5699,5.9065,0.6634,277.78,237.31,15.715,2012,2,1,2012-02,False
2012-02-16,ASIANPAINT,267.18,271.12,265.87,269.65,991920,1.214,259.06,246.29,263.19,65.775,6.6055,6.0463,0.5592,278.06,240.05,14.676,2012,2,1,2012-02,False
2012-02-17,ASIANPAINT,270.69,273.68,267.62,268.45,992440,-0.448,260.47,246.68,263.33,63.822,6.4617,6.1294,0.3323,277.69,243.25,13.222,2012,2,1,2012-02,False
2012-02-21,ASIANPAINT,266.69,270.59,266.12,267.65,301830,-0.296,261.84,247.06,263.47,62.507,6.212,6.1459,0.0661,276.42,247.27,11.134,2012,2,1,2012-02,False
2012-02-22,ASIANPAINT,267.65,273.33,267.61,270.19,986070,0.947,262.97,247.49,263.62,64.984,6.1478,6.1463,0.0015,276.38,249.55,10.201,2012,2,1,2012-02,False
2012-02-23,ASIANPAINT,268.26,273.28,265.42,268.88,799050,-0.485,264.09,247.94,263.79,62.681,5.923,6.1016,-0.1786,275.25,252.93,8.453,2012,2,1,2012-02,False
2012-02-24,ASIANPAINT,269.2,271.31,267.49,269.56,530130,0.253,265.05,248.44,263.98,63.407,5.7337,6.028,-0.2943,274.39,255.71,7.047,2012,2,1,2012-02,False
2012-02-27,ASIANPAINT,268.05,273.77,267.39,272.21,2250620,0.985,265.84,248.99,264.16,66.171,5.7318,5.9688,-0.237,274.75,256.94,6.698,2012,2,1,2012-02,False
2012-02-28,ASIANPAINT,274.65,280.47,271.57,277.6,1623880,1.981,266.59,249.77,264.36,70.969,6.0951,5.994,0.101,276.78,256.4,7.644,2012,2,1,2012-02,False
2012-02-29,ASIANPAINT,276.84,281.24,276.05,278.65,1154250,0.377,267.36,250.67,264.58,71.804,6.3937,6.074,0.3197,278.75,255.98,8.515,2012,2,1,2012-02,False
2012-03-01,ASIANPAINT,278.6,280.36,274.65,276.81,707510,-0.659,268.3,251.55,264.81,68.098,6.4082,6.1408,0.2674,279.53,257.08,8.369,2012,3,1,2012-03,False
2012-03-02,ASIANPAINT,278.06,280.35,274.74,277.61,1839750,0.289,269.14,252.38,265.0,68.852,6.4104,6.1947,0.2157,280.53,257.76,8.46,2012,3,1,2012-03,False
2012-03-05,ASIANPAINT,276.72,285.61,276.22,284.29,1301960,2.404,270.39,253.21,265.21,74.308,6.8715,6.3301,0.5414,282.68,258.11,9.086,2012,3,1,2012-03,False
2012-03-06,ASIANPAINT,284.66,285.63,275.97,277.76,711040,-2.295,271.13,254.09,265.39,62.738,6.634,6.3909,0.2431,283.33,258.93,9.0,2012,3,1,2012-03,False
2012-03-07,ASIANPAINT,275.54,277.7,268.58,271.72,430770,-2.174,271.71,254.84,265.51,54.312,5.8906,6.2908,-0.4002,282.74,260.68,8.119,2012,3,1,2012-03,False
2012-03-09,ASIANPAINT,274.21,281.15,273.29,278.73,1397870,2.579,272.59,255.72,265.66,60.88,5.8001,6.1927,-0.3925,282.84,262.35,7.517,2012,3,1,2012-03,False
2012-03-12,ASIANPAINT,274.65,282.29,274.65,277.74,1380880,-0.355,273.04,256.71,265.81,59.579,5.5843,6.071,-0.4867,283.37,262.71,7.565,2012,3,1,2012-03,False
2012-03-13,ASIANPAINT,276.85,281.94,276.85,280.06,145490,0.835,273.42,257.69,265.94,61.65,5.5367,5.9641,-0.4275,284.21,262.64,7.889,2012,3,1,2012-03,False
2012-03-14,ASIANPAINT,281.68,284.66,280.45,281.61,323340,0.551,274.08,258.77,266.08,63.008,5.5593,5.8832,-0.3239,285.19,262.97,8.105,2012,3,1,2012-03,False
2012-03-15,ASIANPAINT,283.43,293.54,281.24,282.55,611970,0.335,274.91,259.86,266.21,63.851,5.589,5.8243,-0.2353,285.95,263.86,8.037,2012,3,1,2012-03,False
2012-03-16,ASIANPAINT,285.63,285.63,279.05,282.12,2442480,-0.151,275.69,260.84,266.31,63.151,5.5146,5.7624,-0.2478,286.43,264.96,7.788,2012,3,1,2012-03,False
2012-03-19,ASIANPAINT,283.87,284.75,268.41,270.09,832210,-4.266,275.71,261.54,266.36,47.363,4.4333,5.4966,-1.0632,286.4,265.03,7.751,2012,3,1,2012-03,False
2012-03-20,ASIANPAINT,269.9,269.9,263.75,265.04,2624650,-1.869,275.54,262.15,266.38,42.556,3.1329,5.0238,-1.891,286.81,264.28,8.177,2012,3,1,2012-03,False
2012-03-21,ASIANPAINT,265.76,272.36,265.42,269.18,994040,1.564,275.62,262.86,266.38,47.285,2.4089,4.5008,-2.092,286.68,264.56,8.024,2012,3,1,2012-03,False
2012-03-22,ASIANPAINT,269.81,273.32,268.93,269.92,574010,0.274,275.61,263.55,266.37,48.104,1.8731,3.9753,-2.1022,286.69,264.52,8.045,2012,3,1,2012-03,False
2012-03-23,ASIANPAINT,270.44,276.4,269.32,273.47,704070,1.314,275.84,264.35,266.36,51.967,1.7148,3.5232,-1.8084,286.52,265.15,7.745,2012,3,1,2012-03,False
2012-03-26,ASIANPAINT,273.32,275.96,267.7,268.99,316300,-1.636,275.81,264.95,266.35,47.195,1.2144,3.0614,-1.847,286.56,265.05,7.799,2012,3,1,2012-03,False
2012-03-27,ASIANPAINT,268.99,274.47,267.27,272.15,811010,1.175,275.81,265.58,266.34,50.642,1.0606,2.6613,-1.6007,286.56,265.05,7.802,2012,3,1,2012-03,False
2012-03-28,ASIANPAINT,270.29,280.45,270.29,272.84,865590,0.252,275.57,266.17,266.32,51.384,0.9827,2.3256,-1.3429,286.37,264.77,7.84,2012,3,1,2012-03,False
2012-03-29,ASIANPAINT,272.45,285.54,268.07,280.23,991760,2.707,275.65,266.94,266.33,58.603,1.4997,2.1604,-0.6607,286.57,264.73,7.922,2012,3,1,2012-03,False
2012-03-30,ASIANPAINT,281.25,286.07,281.23,284.93,1292640,1.678,276.05,267.83,266.36,62.427,2.2628,2.1809,0.0819,287.73,264.37,8.461,2012,3,1,2012-03,False
2012-04-02,ASIANPAINT,285.14,289.59,281.59,286.81,383640,0.66,276.51,268.78,266.44,63.865,2.9848,2.3416,0.6432,289.14,263.89,9.13,2012,4,2,2012-04,False
2012-04-03,ASIANPAINT,287.51,296.62,287.39,294.98,1661100,2.85,277.05,269.87,266.55,69.355,4.1686,2.707,1.4615,291.79,262.31,10.64,2012,4,2,2012-04,False
2012-04-04,ASIANPAINT,290.03,298.81,289.42,292.09,761140,-0.98,277.76,270.91,266.67,65.56,4.8178,3.1292,1.6886,293.97,261.56,11.668,2012,4,2,2012-04,False
2012-04-09,ASIANPAINT,291.78,291.78,287.39,288.18,445740,-1.337,278.59,271.72,266.77,60.727,4.96,3.4953,1.4646,295.17,262.01,11.904,2012,4,2,2012-04,False
2012-04-10,ASIANPAINT,288.72,289.32,285.19,286.21,522050,-0.686,278.96,272.52,266.86,58.38,4.8571,3.7677,1.0894,295.89,262.03,12.137,2012,4,2,2012-04,False
2012-04-11,ASIANPAINT,285.54,286.49,283.17,284.48,565060,-0.605,279.3,273.2,266.96,56.328,4.583,3.9308,0.6522,296.39,262.2,12.24,2012,4,2,2012-04,False
2012-04-12,ASIANPAINT,284.48,289.03,283.28,286.13,465980,0.581,279.6,273.8,267.07,57.851,4.4478,4.0342,0.4137,296.96,262.24,12.42,2012,4,2,2012-04,False
2012-04-13,ASIANPAINT,287.39,291.34,285.99,290.12,596740,1.396,280.03,274.35,267.23,61.359,4.6099,4.1493,0.4606,298.0,262.05,12.84,2012,4,2,2012-04,False
2012-04-16,ASIANPAINT,291.78,295.99,290.47,294.82,505180,1.619,280.64,274.98,267.41,65.043,5.0591,4.3313,0.7278,299.78,261.5,13.64,2012,4,2,2012-04,False
2012-04-17,ASIANPAINT,294.77,296.62,290.92,292.51,380400,-0.784,281.16,275.67,267.59,61.915,5.1689,4.4988,0.6701,301.02,261.3,14.127,2012,4,2,2012-04,False
2012-04-18,ASIANPAINT,294.41,294.42,289.15,291.01,247670,-0.514,282.2,276.27,267.75,59.897,5.0762,4.6143,0.4619,301.81,262.6,13.895,2012,4,2,2012-04,False
2012-04-19,ASIANPAINT,291.34,294.42,290.03,292.56,239800,0.535,283.58,276.94,267.91,61.303,5.0698,4.7054,0.3644,301.94,265.22,12.947,2012,4,2,2012-04,False
2012-04-20,ASIANPAINT,293.19,294.86,291.0,293.59,577960,0.351,284.8,277.55,268.01,62.245,5.0891,4.7821,0.3069,302.36,267.25,12.328,2012,4,2,2012-04,False
2012-04-23,ASIANPAINT,293.98,306.32,291.08,305.05,1561580,3.905,286.56,278.45,268.15,70.783,5.9607,5.0178,0.9429,304.86,268.26,12.773,2012,4,2,2012-04,False
2012-04-24,ASIANPAINT,305.06,307.37,301.45,304.26,1282660,-0.259,288.1,279.31,268.3,69.614,6.5126,5.3168,1.1958,306.94,269.26,13.078,2012,4,2,2012-04,False
2012-04-25,ASIANPAINT,304.53,304.7,299.26,300.77,609440,-1.147,289.69,279.95,268.41,64.546,6.5925,5.5719,1.0205,307.04,272.33,11.983,2012,4,2,2012-04,False
2012-04-26,ASIANPAINT,300.57,309.8,299.83,306.02,3350750,1.744,291.38,280.62,268.48,68.285,6.9984,5.8572,1.1412,308.13,274.63,11.499,2012,4,2,2012-04,False
2012-04-27,ASIANPAINT,303.3,312.17,301.46,309.65,1037650,1.186,293.22,281.45,268.59,70.595,7.5263,6.191,1.3353,309.48,276.96,11.089,2012,4,2,2012-04,False
2012-04-30,ASIANPAINT,309.89,311.97,307.6,309.96,1109870,0.099,294.71,282.33,268.72,70.789,7.8787,6.5286,1.3501,311.39,278.02,11.324,2012,4,2,2012-04,False
2012-05-02,ASIANPAINT,309.98,311.91,306.06,310.31,572410,0.113,295.98,283.2,268.85,71.025,8.093,6.8414,1.2515,313.38,278.58,11.758,2012,5,2,2012-05,False
2012-05-03,ASIANPAINT,308.75,318.68,305.05,316.71,947470,2.062,297.47,284.15,269.03,74.979,8.679,7.209,1.4701,316.61,278.34,12.865,2012,5,2,2012-05,False
2012-05-04,ASIANPAINT,316.66,320.79,314.63,317.74,1359200,0.326,298.61,285.13,269.24,75.558,9.1217,7.5915,1.5302,319.73,277.49,14.143,2012,5,2,2012-05,False
2012-05-07,ASIANPAINT,316.3,326.67,311.61,320.29,1432850,0.803,300.02,286.18,269.46,76.978,9.5682,7.9868,1.5813,322.99,277.05,15.312,2012,5,2,2012-05,False
2012-05-08,ASIANPAINT,322.9,325.09,318.28,321.27,1132290,0.306,301.67,287.21,269.71,77.518,9.8872,8.3669,1.5203,325.79,277.56,15.99,2012,5,2,2012-05,False
2012-05-09,ASIANPAINT,325.09,329.14,319.12,325.95,1961510,1.455,303.66,288.35,269.97,79.936,10.3974,8.773,1.6244,328.93,278.39,16.646,2012,5,2,2012-05,False
2012-05-10,ASIANPAINT,322.63,329.05,319.12,321.12,771880,-1.48,305.49,289.38,270.2,71.402,10.2937,9.0771,1.2166,330.22,280.77,16.187,2012,5,2,2012-05,False
2012-05-11,ASIANPAINT,319.29,322.9,314.93,318.49,724140,-0.821,307.11,290.3,270.4,67.181,9.8849,9.2387,0.6462,330.71,283.51,15.369,2012,5,2,2012-05,False
2012-05-14,ASIANPAINT,316.84,328.25,314.19,324.94,965470,2.025,308.85,291.25,270.64,71.604,9.9665,9.3843,0.5823,332.31,285.39,15.191,2012,5,2,2012-05,False
2012-05-15,ASIANPAINT,325.18,332.21,323.1,331.16,1094620,1.915,310.67,292.3,270.92,75.091,10.4133,9.5901,0.8232,335.16,286.18,15.766,2012,5,2,2012-05,False
2012-05-16,ASIANPAINT,329.4,332.74,327.82,329.96,964750,-0.364,312.54,293.36,271.2,73.218,10.5486,9.7818,0.7668,336.91,288.17,15.595,2012,5,2,2012-05,False
2012-05-17,ASIANPAINT,331.33,332.65,323.51,324.75,824840,-1.58,314.23,294.31,271.46,65.589,10.1186,9.8491,0.2695,336.94,291.52,14.453,2012,5,2,2012-05,False
2012-05-18,ASIANPAINT,322.37,327.38,320.8,325.27,847440,0.162,315.86,295.13,271.72,65.975,9.7085,9.821,-0.1125,336.63,295.1,13.148,2012,5,2,2012-05,False
2012-05-21,ASIANPAINT,326.06,331.33,324.44,329.95,481580,1.437,317.68,296.17,272.01,69.269,9.6495,9.7867,-0.1372,336.51,298.85,11.855,2012,5,2,2012-05,False
2012-05-22,ASIANPAINT,329.93,329.93,321.31,323.16,563920,-2.058,318.59,297.2,272.25,60.161,8.9518,9.6197,-0.6679,336.58,300.59,11.298,2012,5,2,2012-05,False
2012-05-23,ASIANPAINT,324.74,324.88,319.73,323.2,482750,0.014,319.53,298.09,272.49,60.198,8.3066,9.3571,-1.0505,336.31,302.76,10.5,2012,5,2,2012-05,False
2012-05-24,ASIANPAINT,323.33,330.4,322.19,329.55,746560,1.965,320.97,299.12,272.77,65.162,8.213,9.1283,-0.9153,335.8,306.15,9.237,2012,5,2,2012-05,False
2012-05-25,ASIANPAINT,329.57,332.18,326.5,330.97,363680,0.429,322.22,300.14,273.05,66.174,8.1589,8.9344,-0.7755,335.9,308.54,8.492,2012,5,2,2012-05,False
2012-05-28,ASIANPAINT,331.77,337.48,330.04,335.97,646970,1.511,323.54,301.23,273.39,69.543,8.4225,8.832,-0.4095,337.19,309.88,8.44,2012,5,2,2012-05,False
2012-05-29,ASIANPAINT,336.61,338.54,334.06,337.71,571380,0.518,324.92,302.33,273.74,70.639,8.6719,8.8,-0.1281,338.41,311.44,8.299,2012,5,2,2012-05,False
2012-05-30,ASIANPAINT,339.06,339.06,334.41,335.41,716730,-0.679,326.18,303.4,274.09,67.206,8.5854,8.7571,-0.1717,338.56,313.8,7.593,2012,5,2,2012-05,False
2012-05-31,ASIANPAINT,333.97,368.33,332.31,353.44,3861160,5.374,328.02,305.07,274.51,76.762,9.8578,8.9772,0.8805,344.65,311.38,10.143,2012,5,2,2012-05,False
2012-06-01,ASIANPAINT,351.46,351.55,330.86,332.19,1599420,-6.011,328.74,306.41,274.83,56.035,9.0474,8.9913,0.0561,344.74,312.74,9.734,2012,6,2,2012-06,False
2012-06-04,ASIANPAINT,331.15,331.68,321.71,323.79,1108680,-2.529,328.91,307.5,275.1,50.257,7.6392,8.7208,-1.0817,344.6,313.23,9.537,2012,6,2,2012-06,False
2012-06-05,ASIANPAINT,328.17,333.88,324.5,326.85,954970,0.943,329.19,308.64,275.35,52.187,6.6924,8.3152,-1.6227,344.5,313.89,9.299,2012,6,2,2012-06,False
2012-06-06,ASIANPAINT,329.57,337.81,329.57,336.08,1268240,2.826,329.7,309.89,275.65,57.552,6.6112,7.9744,-1.3631,345.22,314.17,9.417,2012,6,2,2012-06,False
2012-06-07,ASIANPAINT,337.54,342.41,337.11,340.88,993880,1.427,330.69,311.33,275.97,60.059,6.855,7.7505,-0.8955,346.43,314.95,9.519,2012,6,2,2012-06,False
2012-06-08,ASIANPAINT,339.34,340.99,333.56,338.9,436580,-0.582,331.71,312.66,276.25,58.519,6.8095,7.5623,-0.7528,346.75,316.67,9.068,2012,6,2,2012-06,False
2012-06-11,ASIANPAINT,338.96,345.04,338.25,339.86,578730,0.285,332.45,314.0,276.53,59.069,6.7733,7.4045,-0.6312,347.56,317.35,9.088,2012,6,2,2012-06,False
2012-06-12,ASIANPAINT,337.36,345.42,335.24,344.08,551600,1.241,333.1,315.28,276.82,61.471,7.0042,7.3244,-0.3202,349.05,317.14,9.58,2012,6,2,2012-06,False
2012-06-13,ASIANPAINT,342.29,347.37,342.15,343.53,483950,-0.158,333.78,316.45,277.13,60.973,7.0618,7.2719,-0.2101,350.31,317.24,9.909,2012,6,2,2012-06,False
2012-06-14,ASIANPAINT,342.15,346.75,341.76,342.91,425710,-0.182,334.69,317.58,277.46,60.369,6.9766,7.2129,-0.2362,351.13,318.24,9.826,2012,6,2,2012-06,False
2012-06-15,ASIANPAINT,344.63,345.51,340.55,344.29,523980,0.402,335.64,318.56,277.74,61.28,6.9403,7.1583,-0.2181,351.99,319.29,9.743,2012,6,2,2012-06,False
2012-06-18,ASIANPAINT,345.51,352.6,339.44,342.32,508560,-0.57,336.25,319.57,278.01,59.194,6.6762,7.0619,-0.3857,352.64,319.87,9.743,2012,6,2,2012-06,False
2012-06-19,ASIANPAINT,343.21,345.95,340.1,344.28,451290,0.572,337.31,320.69,278.32,60.634,6.5494,6.9594,-0.41,352.84,321.78,9.206,2012,6,2,2012-06,False
2012-06-20,ASIANPAINT,345.07,347.28,341.69,344.19,485790,-0.027,338.36,321.85,278.61,60.524,6.3679,6.8411,-0.4732,352.66,324.06,8.453,2012,6,2,2012-06,False
2012-06-21,ASIANPAINT,344.62,346.27,340.64,345.22,924560,0.3,339.14,323.06,278.91,61.356,6.2356,6.72,-0.4844,353.13,325.16,8.246,2012,6,2,2012-06,False
2012-06-22,ASIANPAINT,343.83,346.67,342.27,344.74,398890,-0.14,339.83,324.24,279.19,60.712,6.0223,6.5805,-0.5582,353.47,326.19,8.027,2012,6,2,2012-06,False
2012-06-25,ASIANPAINT,346.84,346.84,335.73,337.36,573860,-2.139,339.9,325.18,279.43,51.764,5.1982,6.304,-1.1058,353.47,326.33,7.985,2012,6,2,2012-06,False
2012-06-26,ASIANPAINT,337.36,339.03,330.1,333.02,1026500,-1.287,339.67,325.94,279.67,47.341,4.147,5.8726,-1.7256,353.55,325.78,8.177,2012,6,2,2012-06,False
2012-06-27,ASIANPAINT,333.55,336.39,333.29,334.54,514730,0.456,339.62,326.78,279.91,48.984,3.3974,5.3776,-1.9802,353.57,325.67,8.214,2012,6,2,2012-06,False
2012-06-28,ASIANPAINT,334.88,338.16,331.16,332.14,825040,-0.718,338.56,327.61,280.14,46.514,2.5798,4.818,-2.2382,351.26,325.85,7.505,2012,6,2,2012-06,False
2012-06-29,ASIANPAINT,334.0,345.56,334.0,344.5,1040430,3.721,339.17,328.65,280.46,58.198,2.8958,4.4336,-1.5378,351.77,326.58,7.429,2012,6,2,2012-06,False
2012-07-02,ASIANPAINT,343.56,349.85,341.97,347.39,605310,0.838,340.35,329.72,280.8,60.376,3.3407,4.215,-0.8743,351.18,329.53,6.363,2012,7,3,2012-07,False
2012-07-03,ASIANPAINT,347.37,351.36,345.71,349.08,1355040,0.487,341.47,330.6,281.15,61.637,3.7862,4.1292,-0.343,350.93,332.0,5.546,2012,7,3,2012-07,False
2012-07-04,ASIANPAINT,349.14,351.18,342.24,343.07,1118120,-1.721,341.82,331.38,281.47,54.95,3.6129,4.026,-0.413,350.96,332.67,5.349,2012,7,3,2012-07,False
2012-07-05,ASIANPAINT,342.24,345.07,334.44,334.98,1452820,-2.358,341.52,332.06,281.77,47.48,2.7908,3.7789,-0.9882,351.16,331.88,5.643,2012,7,3,2012-07,False
2012-07-06,ASIANPAINT,334.08,334.63,326.04,329.07,1431720,-1.764,341.03,332.52,282.04,42.893,1.6434,3.3518,-1.7084,352.12,329.94,6.504,2012,7,3,2012-07,False
2012-07-09,ASIANPAINT,327.26,328.57,324.25,326.33,747410,-0.835,340.35,332.86,282.31,40.914,0.5067,2.7828,-2.2761,353.25,327.46,7.577,2012,7,3,2012-07,False
2012-07-10,ASIANPAINT,327.71,331.78,325.54,327.18,1188560,0.262,339.51,333.2,282.61,41.814,-0.3214,2.162,-2.4834,353.54,325.48,8.265,2012,7,3,2012-07,False
2012-07-11,ASIANPAINT,325.58,329.74,325.58,327.25,595220,0.022,338.69,333.54,282.91,41.893,-0.961,1.5374,-2.4984,353.6,323.79,8.804,2012,7,3,2012-07,False
2012-07-12,ASIANPAINT,327.25,332.84,326.32,329.85,811760,0.793,338.04,333.8,283.21,44.847,-1.244,0.9811,-2.2251,353.31,322.77,9.035,2012,7,3,2012-07,False
2012-07-13,ASIANPAINT,328.86,332.4,327.35,328.53,348430,-0.402,337.25,334.02,283.5,43.628,-1.5573,0.4734,-2.0307,352.79,321.71,9.214,2012,7,3,2012-07,False
2012-07-16,ASIANPAINT,325.31,330.95,325.31,327.17,339110,-0.413,336.5,334.16,283.78,42.36,-1.893,0.0001,-1.8932,352.46,320.53,9.491,2012,7,3,2012-07,False
2012-07-17,ASIANPAINT,327.53,329.41,322.48,324.49,538510,-0.819,335.51,334.22,284.04,39.89,-2.3483,-0.4696,-1.8788,351.89,319.12,9.767,2012,7,3,2012-07,False
2012-07-18,ASIANPAINT,325.93,325.93,319.82,324.69,598460,0.06,334.53,334.2,284.32,40.163,-2.6627,-0.9082,-1.7545,351.06,318.0,9.882,2012,7,3,2012-07,False
2012-07-19,ASIANPAINT,325.31,327.34,320.26,320.63,1053770,-1.248,333.3,334.19,284.56,36.453,-3.2021,-1.367,-1.8351,350.14,316.46,10.103,2012,7,3,2012-07,False
2012-07-20,ASIANPAINT,320.8,339.71,320.8,329.32,4206590,2.711,332.53,334.4,284.84,47.626,-2.8948,-1.6725,-1.2223,348.55,316.51,9.637,2012,7,3,2012-07,False
2012-07-23,ASIANPAINT,325.81,326.02,318.09,319.16,1637610,-3.086,331.62,334.29,285.05,38.993,-3.4317,-2.0244,-1.4073,348.53,314.71,10.199,2012,7,3,2012-07,False
2012-07-24,ASIANPAINT,318.94,321.28,314.59,315.99,1129990,-0.992,330.77,333.98,285.25,36.757,-4.0659,-2.4327,-1.6332,349.04,312.5,11.049,2012,7,3,2012-07,False
2012-07-25,ASIANPAINT,315.83,317.52,311.42,312.59,641710,-1.078,329.67,333.64,285.44,34.467,-4.7882,-2.9038,-1.8844,349.56,309.79,12.064,2012,7,3,2012-07,False
2012-07-26,ASIANPAINT,314.5,314.74,305.65,307.34,1221300,-1.679,328.43,333.29,285.63,31.238,-5.7182,-3.4667,-2.2516,350.63,306.23,13.517,2012,7,3,2012-07,False
2012-07-27,ASIANPAINT,312.65,314.32,307.51,310.62,633580,1.067,326.74,333.0,285.86,35.314,-6.1203,-3.9974,-2.1229,348.94,304.53,13.592,2012,7,3,2012-07,False
2012-07-30,ASIANPAINT,311.85,318.47,310.96,316.86,468970,2.009,325.21,332.73,286.07,42.324,-5.8676,-4.3714,-1.4962,345.56,304.86,12.513,2012,7,3,2012-07,False
2012-07-31,ASIANPAINT,317.25,325.02,315.44,322.68,744190,1.838,323.89,332.72,286.29,47.989,-5.1381,-4.5248,-0.6133,340.86,306.92,10.481,2012,7,3,2012-07,False
2012-08-01,ASIANPAINT,321.38,325.85,319.92,321.32,324300,-0.421,322.8,332.69,286.51,46.832,-4.6165,-4.5431,-0.0734,337.19,308.41,8.915,2012,8,3,2012-08,False
2012-08-02,ASIANPAINT,320.26,327.69,318.49,323.48,756250,0.671,322.23,332.57,286.74,48.934,-3.9831,-4.4311,0.448,335.44,309.02,8.199,2012,8,3,2012-08,False
2012-08-03,ASIANPAINT,321.15,333.9,321.15,332.87,1126450,2.902,322.42,332.6,287.01,56.917,-2.6927,-4.0834,1.3907,336.14,308.7,8.512,2012,8,3,2012-08,False
2012-08-06,ASIANPAINT,335.33,335.76,330.01,332.06,1003450,-0.244,322.7,332.52,287.29,56.102,-1.7157,-3.6099,1.8942,337.0,308.41,8.859,2012,8,3,2012-08,False
2012-08-07,ASIANPAINT,331.36,333.85,329.58,331.68,814570,-0.115,322.93,332.4,287.58,55.698,-0.9611,-3.0801,2.119,337.65,308.2,9.119,2012,8,3,2012-08,False
2012-08-08,ASIANPAINT,330.63,332.93,329.57,330.58,522180,-0.331,323.09,332.31,287.87,54.479,-0.4465,-2.5534,2.1069,338.1,308.09,9.287,2012,8,3,2012-08,False
2012-08-09,ASIANPAINT,332.22,333.82,330.53,332.23,926090,0.5,323.21,331.88,288.16,56.037,0.0935,-2.024,2.1175,338.48,307.95,9.445,2012,8,3,2012-08,False
2012-08-10,ASIANPAINT,330.01,332.57,327.46,328.98,843770,-0.977,323.24,331.82,288.42,52.253,0.2565,-1.5679,1.8244,338.53,307.94,9.466,2012,8,3,2012-08,False
2012-08-13,ASIANPAINT,327.44,335.33,327.0,334.23,290330,1.596,323.59,332.03,288.77,57.276,0.8001,-1.0943,1.8944,339.58,307.6,9.883,2012,8,3,2012-08,False
2012-08-14,ASIANPAINT,334.0,338.16,333.29,335.05,586760,0.247,324.12,332.19,289.11,58.022,1.2825,-0.619,1.9015,340.91,307.32,10.363,2012,8,3,2012-08,False
2012-08-16,ASIANPAINT,333.57,335.43,327.35,328.85,655810,-1.851,324.33,332.05,289.41,50.825,1.1512,-0.2649,1.4161,341.25,307.4,10.438,2012,8,3,2012-08,False
2012-08-17,ASIANPAINT,327.35,330.51,324.54,325.89,1033540,-0.9,324.59,331.75,289.69,47.779,0.7991,-0.0521,0.8512,341.44,307.74,10.381,2012,8,3,2012-08,False
2012-08-21,ASIANPAINT,325.27,329.04,323.04,327.27,895170,0.423,324.49,331.52,289.94,49.302,0.6241,0.0831,0.541,341.24,307.74,10.325,2012,8,3,2012-08,False
2012-08-22,ASIANPAINT,326.91,330.26,325.05,327.09,504670,-0.055,324.88,331.26,290.2,49.099,0.4653,0.1596,0.3058,341.48,308.29,10.216,2012,8,3,2012-08,False
2012-08-23,ASIANPAINT,327.79,329.56,326.24,327.79,387880,0.215,325.47,330.93,290.46,49.961,0.3918,0.206,0.1858,341.57,309.38,9.891,2012,8,3,2012-08,False
2012-08-24,ASIANPAINT,327.07,327.07,323.46,325.72,303450,-0.634,326.13,330.58,290.7,47.411,0.1641,0.1976,-0.0336,341.04,311.22,9.144,2012,8,3,2012-08,False
2012-08-27,ASIANPAINT,326.27,328.67,323.55,324.45,423870,-0.389,326.99,330.21,290.9,45.874,-0.1173,0.1346,-0.2519,339.05,314.92,7.378,2012,8,3,2012-08,False
2012-08-28,ASIANPAINT,323.37,332.21,323.37,330.09,1165820,1.739,327.96,329.92,291.16,53.161,0.1138,0.1305,-0.0167,337.29,318.62,5.692,2012,8,3,2012-08,False
2012-08-29,ASIANPAINT,330.45,331.24,325.24,327.99,395020,-0.636,328.52,329.64,291.43,50.44,0.126,0.1296,-0.0036,336.25,320.78,4.711,2012,8,3,2012-08,False
2012-08-30,ASIANPAINT,327.71,337.24,323.37,327.47,1127310,-0.159,328.76,329.3,291.73,49.757,0.0925,0.1222,-0.0297,336.02,321.5,4.417,2012,8,3,2012-08,False
2012-08-31,ASIANPAINT,327.88,333.07,321.62,322.54,770560,-1.506,328.82,328.87,291.98,43.743,-0.3282,0.0321,-0.3603,335.83,321.8,4.266,2012,8,3,2012-08,False
2012-09-03,ASIANPAINT,323.39,326.13,321.59,323.45,580650,0.283,328.81,328.43,292.26,45.066,-0.5812,-0.0906,-0.4906,335.83,321.8,4.269,2012,9,3,2012-09,False
2012-09-04,ASIANPAINT,323.28,327.79,322.17,327.19,412670,1.156,328.53,328.08,292.54,50.232,-0.4746,-0.1674,-0.3072,335.31,321.75,4.129,2012,9,3,2012-09,False
2012-09-05,ASIANPAINT,325.31,326.02,323.06,323.48,256670,-1.133,328.1,327.81,292.82,45.648,-0.6814,-0.2702,-0.4112,335.03,321.18,4.222,2012,9,3,2012-09,False
2012-09-06,ASIANPAINT,322.58,329.54,321.17,327.82,400490,1.339,327.91,327.7,293.12,51.247,-0.4901,-0.3141,-0.1759,334.63,321.19,4.099,2012,9,3,2012-09,False
2012-09-07,ASIANPAINT,329.86,334.49,328.77,334.04,527240,1.899,328.08,327.69,293.5,57.949,0.1619,-0.2189,0.3808,335.26,320.91,4.372,2012,9,3,2012-09,False
2012-09-10,ASIANPAINT,334.88,334.88,329.66,331.22,427150,-0.845,328.03,327.67,293.85,54.304,0.4458,-0.086,0.5318,335.1,320.97,4.306,2012,9,3,2012-09,False
2012-09-11,ASIANPAINT,329.57,334.88,329.57,334.54,283050,1.003,328.31,327.47,294.26,57.679,0.9281,0.1168,0.8113,335.95,320.68,4.651,2012,9,3,2012-09,False
2012-09-12,ASIANPAINT,333.56,341.7,333.56,340.68,625690,1.834,328.63,327.34,294.7,63.099,1.7848,0.4504,1.3344,337.72,319.54,5.533,2012,9,3,2012-09,False
2012-09-13,ASIANPAINT,342.14,343.3,339.4,341.04,463350,0.107,328.93,327.18,295.11,63.398,2.4647,0.8533,1.6114,339.23,318.64,6.26,2012,9,3,2012-09,False
2012-09-14,ASIANPAINT,345.42,347.02,342.18,345.64,645200,1.348,329.77,327.23,295.54,67.038,3.336,1.3498,1.9862,342.49,317.05,7.714,2012,9,3,2012-09,False
2012-09-17,ASIANPAINT,347.29,347.81,341.97,344.14,418010,-0.432,330.68,327.41,295.97,64.786,3.8616,1.8522,2.0094,344.78,316.59,8.524,2012,9,3,2012-09,False
2012-09-18,ASIANPAINT,344.18,347.73,343.01,345.56,439200,0.411,331.6,327.74,296.44,65.952,4.3421,2.3502,1.992,347.06,316.13,9.329,2012,9,3,2012-09,False
2012-09-20,ASIANPAINT,341.08,348.91,341.08,345.14,614350,-0.122,332.5,328.12,296.93,65.259,4.6355,2.8072,1.8283,348.94,316.06,9.886,2012,9,3,2012-09,False
2012-09-21,ASIANPAINT,345.71,351.58,344.72,349.64,1257940,1.305,333.59,328.57,297.43,69.013,5.172,3.2802,1.8918,351.54,315.64,10.763,2012,9,3,2012-09,False
2012-09-24,ASIANPAINT,349.68,354.28,348.42,352.59,773590,0.844,334.94,329.07,297.93,71.208,5.7686,3.7779,1.9908,354.37,315.5,11.604,2012,9,3,2012-09,False
2012-09-25,ASIANPAINT,351.71,356.14,347.28,348.75,836030,-1.091,336.15,329.45,298.42,64.77,5.8637,4.195,1.6686,355.86,316.44,11.726,2012,9,3,2012-09,False
2012-09-26,ASIANPAINT,345.73,350.39,342.94,344.91,908400,-1.101,336.89,329.78,298.9,59.029,5.5649,4.469,1.0959,356.75,317.03,11.792,2012,9,3,2012-09,False
2012-09-27,ASIANPAINT,345.51,347.92,341.35,342.88,1049260,-0.587,337.64,330.09,299.37,56.201,5.106,4.5964,0.5096,357.21,318.06,11.594,2012,9,3,2012-09,False
2012-09-28,ASIANPAINT,346.75,351.4,345.51,348.6,822900,1.667,338.69,330.58,299.87,61.768,5.144,4.7059,0.4381,358.24,319.15,11.54,2012,9,3,2012-09,False
2012-10-01,ASIANPAINT,350.65,350.83,345.51,349.03,720100,0.123,340.02,331.06,300.39,62.158,5.1495,4.7946,0.3549,358.51,321.52,10.879,2012,10,4,2012-10,False
2012-10-03,ASIANPAINT,349.05,350.46,343.56,346.23,746950,-0.802,341.16,331.58,300.89,58.011,4.8718,4.8101,0.0617,358.1,324.21,9.932,2012,10,4,2012-10,False
2012-10-04,ASIANPAINT,345.96,349.94,341.18,343.21,807190,-0.871,341.96,331.85,301.39,53.842,4.358,4.7197,-0.3616,357.58,326.33,9.139,2012,10,4,2012-10,False
2012-10-05,ASIANPAINT,345.06,345.42,304.09,337.65,1765020,-1.62,342.66,332.22,301.88,47.122,3.4624,4.4682,-1.0058,355.86,329.47,7.701,2012,10,4,2012-10,False
2012-10-08,ASIANPAINT,339.71,346.21,338.51,344.61,655820,2.062,343.5,332.8,302.44,54.742,3.2767,4.2299,-0.9532,354.71,332.3,6.523,2012,10,4,2012-10,False
2012-10-09,ASIANPAINT,345.51,347.11,342.06,344.77,508650,0.045,344.04,333.44,303.0,54.898,3.1063,4.0052,-0.8989,354.33,333.75,5.979,2012,10,4,2012-10,False
2012-10-10,ASIANPAINT,342.08,348.58,342.08,345.16,866190,0.113,344.74,334.2,303.54,55.315,2.9684,3.7978,-0.8294,353.07,336.41,4.833,2012,10,4,2012-10,False
2012-10-11,ASIANPAINT,345.6,348.08,343.21,345.1,512730,-0.018,345.27,334.88,304.05,55.227,2.8216,3.6026,-0.781,352.08,338.46,3.945,2012,10,4,2012-10,False
2012-10-12,ASIANPAINT,344.27,347.69,343.03,345.42,463590,0.095,345.5,335.46,304.61,55.626,2.7006,3.4222,-0.7216,351.96,339.05,3.738,2012,10,4,2012-10,False
2012-10-15,ASIANPAINT,345.6,347.11,338.91,343.2,309520,-0.645,345.61,335.87,305.16,52.219,2.3973,3.2172,-0.8199,351.82,339.4,3.594,2012,10,4,2012-10,False
2012-10-16,ASIANPAINT,344.45,346.22,342.19,344.19,336440,0.289,345.54,336.32,305.7,53.582,2.2115,3.0161,-0.8046,351.78,339.29,3.614,2012,10,4,2012-10,False
2012-10-17,ASIANPAINT,345.07,349.23,344.22,346.29,505580,0.611,345.65,336.78,306.29,56.423,2.2086,2.8546,-0.646,351.86,339.43,3.597,2012,10,4,2012-10,False
2012-10-18,ASIANPAINT,346.75,349.77,345.6,347.61,300500,0.381,345.75,337.08,306.88,58.152,2.2864,2.7409,-0.4545,352.03,339.47,3.632,2012,10,4,2012-10,False
2012-10-19,ASIANPAINT,345.51,347.61,343.3,343.89,478790,-1.07,345.69,337.31,307.46,51.898,2.0245,2.5977,-0.5731,352.01,339.36,3.661,2012,10,4,2012-10,False
2012-10-22,ASIANPAINT,344.16,349.05,340.46,348.1,392130,1.222,345.61,337.64,308.06,57.464,2.1316,2.5044,-0.3729,351.77,339.45,3.565,2012,10,4,2012-10,False
2012-10-23,ASIANPAINT,349.41,349.41,345.07,346.42,385570,-0.482,345.3,337.96,308.63,54.74,2.0573,2.415,-0.3577,350.54,340.06,3.033,2012,10,4,2012-10,False
2012-10-25,ASIANPAINT,346.4,347.29,342.98,345.17,1313130,-0.359,345.12,338.22,309.18,52.744,1.8763,2.3073,-0.431,350.1,340.14,2.885,2012,10,4,2012-10,False
2012-10-29,ASIANPAINT,350.53,350.53,345.65,349.16,241760,1.155,345.33,338.62,309.75,58.025,2.0312,2.2521,-0.2208,350.63,340.04,3.066,2012,10,4,2012-10,False
2012-10-30,ASIANPAINT,348.22,350.35,343.92,345.29,156350,-1.109,345.45,338.84,310.31,51.953,1.8206,2.1658,-0.3452,350.62,340.29,2.991,2012,10,4,2012-10,False
2012-10-31,ASIANPAINT,345.9,347.24,342.01,343.8,247300,-0.431,345.21,339.02,310.85,49.797,1.5161,2.0358,-0.5197,350.21,340.22,2.894,2012,10,4,2012-10,False
2012-11-01,ASIANPAINT,343.25,345.29,341.15,344.46,282210,0.191,344.99,339.33,311.4,50.769,1.3127,1.8912,-0.5785,349.65,340.32,2.706,2012,11,4,2012-11,False
2012-11-02,ASIANPAINT,347.24,348.13,344.57,346.65,374440,0.637,345.01,339.74,311.94,53.972,1.3134,1.7757,-0.4622,349.7,340.31,2.722,2012,11,4,2012-11,False
2012-11-05,ASIANPAINT,345.74,352.57,344.69,351.42,492210,1.376,345.42,340.23,312.5,60.057,1.6794,1.7564,-0.077,350.83,340.0,3.135,2012,11,4,2012-11,False
2012-11-06,ASIANPAINT,352.57,364.92,350.8,363.71,1475370,3.496,346.72,340.96,313.1,70.777,2.9272,1.9906,0.9366,355.66,337.78,5.156,2012,11,4,2012-11,False
2012-11-07,ASIANPAINT,364.57,368.12,363.4,365.94,799130,0.613,347.79,341.72,313.72,72.233,4.0492,2.4023,1.6469,360.11,335.46,7.088,2012,11,4,2012-11,False
2012-11-08,ASIANPAINT,361.81,372.99,361.81,371.06,871030,1.399,349.1,342.63,314.37,75.279,5.2906,2.98,2.3107,365.12,333.08,9.179,2012,11,4,2012-11,False
2012-11-09,ASIANPAINT,369.56,372.56,364.13,365.39,415070,-1.527,350.11,343.45,315.0,66.574,5.7509,3.5342,2.2168,367.58,332.65,9.976,2012,11,4,2012-11,False
2012-11-12,ASIANPAINT,366.78,369.45,362.58,363.2,388480,-0.6,351.02,344.11,315.62,63.512,5.871,4.0015,1.8695,369.25,332.79,10.386,2012,11,4,2012-11,False
2012-11-15,ASIANPAINT,359.7,364.83,354.37,356.57,1038430,-1.825,351.57,344.68,316.2,55.242,5.3694,4.2751,1.0943,369.76,333.39,10.347,2012,11,4,2012-11,False
2012-11-16,ASIANPAINT,357.46,358.69,349.56,350.89,440200,-1.592,351.96,345.15,316.72,49.322,4.4624,4.3126,0.1499,369.72,334.2,10.094,2012,11,4,2012-11,False
2012-11-19,ASIANPAINT,351.69,351.69,341.92,344.29,684050,-1.88,351.96,345.58,317.2,43.487,3.1747,4.085,-0.9103,369.72,334.21,10.089,2012,11,4,2012-11,False
2012-11-20,ASIANPAINT,343.7,348.93,340.32,341.91,514810,-0.691,351.75,345.95,317.66,41.576,1.9397,3.6559,-1.7163,369.9,333.59,10.321,2012,11,4,2012-11,False
2012-11-21,ASIANPAINT,342.27,349.47,340.68,348.13,961050,1.817,351.77,346.37,318.12,47.998,1.4455,3.2138,-1.7683,369.9,333.64,10.307,2012,11,4,2012-11,False
2012-11-22,ASIANPAINT,349.02,354.26,348.89,352.4,686100,1.228,352.2,346.95,318.57,51.917,1.383,2.8477,-1.4646,369.94,334.45,10.077,2012,11,4,2012-11,False
2012-11-23,ASIANPAINT,352.4,361.28,352.4,360.04,758030,2.169,352.79,347.59,319.05,58.007,1.9279,2.6637,-0.7358,370.76,334.83,10.186,2012,11,4,2012-11,False
2012-11-26,ASIANPAINT,363.67,366.06,359.68,362.65,497240,0.723,353.61,348.17,319.58,59.871,2.5405,2.6391,-0.0986,371.82,335.39,10.305,2012,11,4,2012-11,False
2012-11-27,ASIANPAINT,361.57,367.13,361.57,366.24,510620,0.992,354.66,348.87,320.1,62.357,3.2783,2.7669,0.5114,373.26,336.06,10.488,2012,11,4,2012-11,False
2012-11-29,ASIANPAINT,365.45,388.49,365.45,383.64,2186930,4.75,356.38,349.85,320.73,71.544,5.2069,3.2549,1.952,378.83,333.94,12.597,2012,11,4,2012-11,False
2012-11-30,ASIANPAINT,382.33,388.63,381.03,384.58,2510700,0.244,358.35,350.73,321.33,71.941,6.7334,3.9506,2.7827,383.43,333.27,13.998,2012,11,4,2012-11,False
2012-12-03,ASIANPAINT,383.68,389.25,382.33,386.02,631600,0.376,360.46,351.63,321.96,72.578,7.968,4.7541,3.2139,387.42,333.5,14.96,2012,12,4,2012-12,False
2012-12-04,ASIANPAINT,388.27,389.65,383.84,386.5,832250,0.123,362.56,352.44,322.59,72.796,8.8824,5.5798,3.3027,390.8,334.33,15.576,2012,12,4,2012-12,False
2012-12-05,ASIANPAINT,386.41,392.04,386.41,388.8,1481090,0.594,364.67,353.34,323.19,73.877,9.6808,6.4,3.2808,394.17,335.17,16.178,2012,12,4,2012-12,False
2012-12-06,ASIANPAINT,388.28,389.41,384.99,386.9,607840,-0.487,366.44,354.16,323.76,71.36,10.045,7.129,2.916,396.84,336.04,16.591,2012,12,4,2012-12,False
2012-12-07,ASIANPAINT,385.17,387.83,381.97,383.0,417720,-1.01,367.41,354.92,324.34,66.331,9.9042,7.684,2.2202,398.65,336.16,17.008,2012,12,4,2012-12,False
2012-12-10,ASIANPAINT,384.55,385.92,381.9,383.29,366760,0.077,368.27,355.59,324.92,66.521,9.7044,8.0881,1.6163,400.3,336.25,17.393,2012,12,4,2012-12,False
2012-12-11,ASIANPAINT,385.79,385.79,379.67,381.9,462050,-0.363,368.82,356.18,325.5,64.652,9.3264,8.3358,0.9906,401.4,336.23,17.671,2012,12,4,2012-12,False
2012-12-12,ASIANPAINT,384.19,385.43,380.46,383.7,1204090,0.472,369.73,356.88,326.07,65.987,9.0678,8.4822,0.5856,402.94,336.53,17.962,2012,12,4,2012-12,False
2012-12-13,ASIANPAINT,385.25,385.7,381.44,382.73,638300,-0.252,370.71,357.64,326.64,64.577,8.6846,8.5227,0.1619,404.25,337.17,18.097,2012,12,4,2012-12,False
2012-12-14,ASIANPAINT,384.27,384.27,378.6,380.18,671250,-0.668,371.89,358.38,327.2,60.875,8.0814,8.4344,-0.353,405.0,338.78,17.804,2012,12,4,2012-12,False
2012-12-17,ASIANPAINT,377.45,379.59,375.22,377.39,407780,-0.733,373.21,358.96,327.74,57.037,7.2942,8.2064,-0.9122,404.87,341.56,16.965,2012,12,4,2012-12,False
2012-12-18,ASIANPAINT,378.33,383.56,377.76,381.48,606600,1.085,375.07,359.61,328.3,60.932,6.921,7.9493,-1.0283,403.81,346.34,15.324,2012,12,4,2012-12,False
2012-12-19,ASIANPAINT,381.48,395.02,381.48,393.41,806400,3.128,377.65,360.55,328.92,69.586,7.5015,7.8597,-0.3583,402.89,352.4,13.37,2012,12,4,2012-12,False
2012-12-20,ASIANPAINT,393.87,399.42,391.65,394.69,823270,0.324,379.98,361.58,329.53,70.342,7.9724,7.8823,0.0902,402.16,357.79,11.676,2012,12,4,2012-12,False
2012-12-21,ASIANPAINT,393.96,393.96,385.47,386.87,451660,-1.98,381.7,362.56,330.08,60.426,7.6272,7.8312,-0.2041,399.85,363.55,9.511,2012,12,4,2012-12,False
2012-12-24,ASIANPAINT,388.54,389.43,384.99,387.3,364270,0.11,383.06,363.42,330.62,60.751,7.3037,7.7257,-0.422,398.21,367.91,7.91,2012,12,4,2012-12,False
2012-12-26,ASIANPAINT,388.2,394.67,388.12,392.86,382830,1.437,384.57,364.38,331.2,64.813,7.4109,7.6628,-0.2518,396.92,372.23,6.42,2012,12,4,2012-12,False
2012-12-27,ASIANPAINT,393.96,394.85,384.56,386.0,743630,-1.746,385.56,365.2,331.75,56.983,6.8632,7.5029,-0.6397,394.39,376.73,4.58,2012,12,4,2012-12,False
2012-12-28,ASIANPAINT,386.86,391.53,386.86,390.29,292430,1.111,385.9,366.1,332.28,60.219,6.698,7.3419,-0.6439,394.92,376.87,4.676,2012,12,4,2012-12,False
2012-12-31,ASIANPAINT,390.29,396.08,389.15,393.65,379160,0.861,386.35,367.06,332.86,62.594,6.7604,7.2256,-0.4652,395.99,376.71,4.988,2012,12,4,2012-12,False
2013-01-01,ASIANPAINT,394.76,395.63,391.65,392.81,299620,-0.214,386.69,368.06,333.46,61.6,6.665,7.1135,-0.4485,396.74,376.63,5.201,2013,1,1,2013-01,False
2013-01-02,ASIANPAINT,393.08,395.83,387.21,388.27,614960,-1.155,386.78,368.94,334.01,56.411,6.1522,6.9212,-0.769,396.86,376.7,5.213,2013,1,1,2013-01,False
2013-01-03,ASIANPAINT,390.55,393.25,388.1,390.47,508860,0.566,386.86,369.82,334.57,58.245,5.8557,6.7081,-0.8524,397.04,376.68,5.262,2013,1,1,2013-01,False
2013-01-04,ASIANPAINT,391.55,392.54,388.99,390.94,713090,0.121,387.06,370.69,335.13,58.647,5.5942,6.4853,-0.8911,397.4,376.72,5.343,2013,1,1,2013-01,False
2013-01-07,ASIANPAINT,394.13,394.13,388.99,390.26,519650,-0.174,387.43,371.62,335.67,57.783,5.2714,6.2426,-0.9711,397.68,377.18,5.291,2013,1,1,2013-01,False
2013-01-08,ASIANPAINT,389.43,391.38,386.54,390.24,672700,-0.006,387.77,372.46,336.21,57.753,4.9567,5.9854,-1.0287,397.9,377.64,5.225,2013,1,1,2013-01,False
2013-01-09,ASIANPAINT,390.32,391.56,386.77,387.58,393240,-0.682,388.06,373.28,336.74,54.136,4.4414,5.6766,-1.2352,397.8,378.31,5.024,2013,1,1,2013-01,False
2013-01-10,ASIANPAINT,389.0,392.28,386.32,387.45,832720,-0.033,388.24,374.13,337.32,53.96,3.9768,5.3366,-1.3598,397.78,378.71,4.913,2013,1,1,2013-01,False
2013-01-11,ASIANPAINT,387.5,389.74,380.55,381.83,530530,-1.45,388.2,374.78,337.91,46.804,3.1194,4.8932,-1.7738,397.85,378.54,4.974,2013,1,1,2013-01,False
2013-01-14,ASIANPAINT,382.77,388.9,381.45,387.7,302470,1.537,388.58,375.63,338.5,53.712,2.8804,4.4906,-1.6103,397.47,379.68,4.578,2013,1,1,2013-01,False
2013-01-15,ASIANPAINT,387.7,387.71,380.11,383.05,535140,-1.201,388.86,376.41,339.07,48.347,2.2887,4.0502,-1.7615,396.53,381.19,3.946,2013,1,1,2013-01,False
2013-01-16,ASIANPAINT,381.7,385.26,378.64,379.95,421340,-0.807,388.78,377.12,339.6,45.126,1.5525,3.5507,-1.9982,396.79,380.78,4.118,2013,1,1,2013-01,False
2013-01-17,ASIANPAINT,379.66,385.43,379.66,384.83,1190180,1.283,388.35,377.89,340.18,50.705,1.347,3.1099,-1.763,396.23,380.47,4.058,2013,1,1,2013-01,False
2013-01-18,ASIANPAINT,385.52,387.02,379.66,382.86,736430,-0.511,387.76,378.52,340.73,48.56,1.0136,2.6907,-1.677,395.41,380.11,3.945,2013,1,1,2013-01,False
2013-01-21,ASIANPAINT,382.95,386.23,379.71,380.81,445250,-0.537,387.46,378.86,341.27,46.353,0.577,2.2679,-1.691,395.71,379.2,4.261,2013,1,1,2013-01,False
2013-01-22,ASIANPAINT,384.55,395.59,382.86,391.92,1862370,2.919,387.69,379.38,341.83,57.579,1.1149,2.0373,-0.9224,396.18,379.2,4.38,2013,1,1,2013-01,False
2013-01-23,ASIANPAINT,391.92,398.73,391.66,394.54,1239080,0.667,387.77,379.85,342.38,59.716,1.7323,1.9763,-0.2441,396.51,379.04,4.505,2013,1,1,2013-01,False
2013-01-24,ASIANPAINT,394.67,397.51,389.87,391.22,579610,-0.842,388.03,380.36,342.9,55.868,1.9312,1.9673,-0.036,396.86,379.21,4.548,2013,1,1,2013-01,False
2013-01-25,ASIANPAINT,392.43,396.94,388.34,391.27,296880,0.014,388.08,380.93,343.38,55.917,2.0694,1.9877,0.0817,396.97,379.2,4.58,2013,1,1,2013-01,False
2013-01-28,ASIANPAINT,391.21,392.36,385.93,390.69,579060,-0.148,387.93,381.61,343.87,55.2,2.108,2.0118,0.0962,396.52,379.35,4.428,2013,1,1,2013-01,False
2013-01-29,ASIANPAINT,389.52,394.54,387.74,393.57,609480,0.736,387.97,382.46,344.4,58.082,2.3438,2.0782,0.2656,396.66,379.29,4.478,2013,1,1,2013-01,False
2013-01-30,ASIANPAINT,394.31,398.76,393.58,397.31,702210,0.951,388.42,383.52,344.96,61.548,2.8004,2.2226,0.5778,398.06,378.78,4.964,2013,1,1,2013-01,False
2013-01-31,ASIANPAINT,399.42,405.81,398.09,399.75,1377750,0.612,388.89,384.68,345.53,63.652,3.3203,2.4422,0.8782,399.76,378.02,5.59,2013,1,1,2013-01,False
2013-02-01,ASIANPAINT,403.02,404.53,400.09,403.42,469130,0.92,389.51,385.79,346.12,66.623,3.9832,2.7504,1.2328,402.16,376.86,6.496,2013,2,1,2013-02,False
2013-02-04,ASIANPAINT,403.91,414.47,403.2,412.34,1578080,2.21,390.62,386.98,346.73,72.495,5.1684,3.234,1.9344,406.88,374.35,8.327,2013,2,1,2013-02,False
2013-02-05,ASIANPAINT,410.74,415.36,409.88,411.98,581760,-0.087,391.7,388.02,347.32,71.945,6.0094,3.789,2.2203,410.56,372.85,9.628,2013,2,1,2013-02,False
2013-02-06,ASIANPAINT,412.48,414.3,409.66,410.67,722520,-0.318,392.86,388.98,347.91,69.867,6.4953,4.3303,2.165,413.4,372.31,10.46,2013,2,1,2013-02,False
2013-02-07,ASIANPAINT,409.42,412.52,407.94,408.87,410770,-0.439,393.93,389.84,348.5,66.998,6.6581,4.7959,1.8623,415.49,372.36,10.949,2013,2,1,2013-02,False
2013-02-08,ASIANPAINT,410.12,411.81,400.69,401.73,555190,-1.745,394.92,390.2,349.04,57.019,6.1406,5.0648,1.0758,415.97,373.88,10.658,2013,2,1,2013-02,False
2013-02-11,ASIANPAINT,402.31,406.24,397.43,402.62,462880,0.221,395.67,390.56,349.59,57.86,5.736,5.1991,0.537,416.7,374.64,10.628,2013,2,1,2013-02,False
2013-02-12,ASIANPAINT,403.2,403.2,397.59,400.49,208800,-0.529,396.54,390.85,350.06,55.074,5.1836,5.196,-0.0123,416.8,376.29,10.215,2013,2,1,2013-02,False
2013-02-13,ASIANPAINT,401.78,401.86,396.14,397.07,330480,-0.853,397.4,391.06,350.53,50.849,4.4194,5.0407,-0.6213,416.09,378.71,9.406,2013,2,1,2013-02,False
2013-02-14,ASIANPAINT,397.43,403.89,395.38,401.96,1626580,1.231,398.25,391.32,351.03,56.048,4.1603,4.8646,-0.7043,416.07,380.44,8.946,2013,2,1,2013-02,False
2013-02-15,ASIANPAINT,400.71,406.3,400.71,403.41,384090,0.36,399.28,391.65,351.52,57.481,4.0253,4.6967,-0.6714,415.67,382.89,8.209,2013,2,1,2013-02,False
2013-02-18,ASIANPAINT,400.98,402.99,398.17,400.01,393310,-0.843,400.24,391.99,351.97,53.098,3.6023,4.4778,-0.8755,414.13,386.35,6.942,2013,2,1,2013-02,False
2013-02-19,ASIANPAINT,398.76,408.44,397.89,404.87,407070,1.217,400.89,392.42,352.45,58.03,3.6182,4.3059,-0.6877,414.35,387.43,6.715,2013,2,1,2013-02,False
2013-02-20,ASIANPAINT,406.74,408.32,402.61,404.57,856240,-0.075,401.39,392.88,352.92,57.625,3.5652,4.1578,-0.5925,414.6,388.18,6.581,2013,2,1,2013-02,False
2013-02-21,ASIANPAINT,403.97,405.01,398.06,400.86,548690,-0.919,401.87,393.22,353.34,52.747,3.1866,3.9636,-0.7769,414.19,389.55,6.131,2013,2,1,2013-02,False
2013-02-22,ASIANPAINT,399.83,404.32,397.46,402.96,684190,0.524,402.46,393.63,353.77,55.062,3.0213,3.7751,-0.7538,413.72,391.19,5.598,2013,2,1,2013-02,False
2013-02-25,ASIANPAINT,404.79,404.79,398.84,399.83,477940,-0.775,402.91,394.02,354.16,51.058,2.6082,3.5417,-0.9335,412.83,393.0,4.922,2013,2,1,2013-02,False
2013-02-26,ASIANPAINT,399.38,399.55,388.12,390.77,597970,-2.267,402.77,394.29,354.51,41.6,1.5319,3.1398,-1.6078,413.3,392.24,5.229,2013,2,1,2013-02,False
2013-02-27,ASIANPAINT,389.08,392.89,385.07,387.04,587380,-0.956,402.26,394.4,354.82,38.44,0.3733,2.5865,-2.2131,414.74,389.79,6.203,2013,2,1,2013-02,False
2013-02-28,ASIANPAINT,388.99,393.84,375.22,379.41,1592310,-1.97,401.24,394.12,355.11,32.939,-1.1469,1.8398,-2.9867,417.36,385.12,8.035,2013,2,1,2013-02,False
2013-03-01,ASIANPAINT,381.79,389.43,379.23,387.13,772430,2.034,400.43,393.97,355.45,41.989,-1.7092,1.13,-2.8392,417.69,383.17,8.622,2013,3,1,2013-03,False
2013-03-04,ASIANPAINT,384.63,387.21,379.66,384.54,721440,-0.67,399.04,393.92,355.75,40.034,-2.3372,0.4366,-2.7737,416.74,381.34,8.87,2013,3,1,2013-03,False
2013-03-05,ASIANPAINT,386.06,395.2,381.17,393.86,785270,2.425,398.13,394.05,356.06,49.194,-2.0586,-0.0625,-1.9962,414.87,381.4,8.407,2013,3,1,2013-03,False
2013-03-06,ASIANPAINT,394.51,397.87,392.36,396.38,591600,0.638,397.42,394.12,356.39,51.351,-1.6165,-0.3733,-1.2432,413.09,381.75,7.885,2013,3,1,2013-03,False
2013-03-07,ASIANPAINT,392.99,409.6,392.99,407.23,977840,2.739,397.34,394.55,356.81,59.375,-0.3856,-0.3757,-0.0098,412.77,381.9,7.768,2013,3,1,2013-03,False
2013-03-08,ASIANPAINT,407.83,416.34,407.83,414.44,608210,1.77,397.97,395.03,357.25,63.66,1.1582,-0.069,1.2271,415.12,380.83,8.617,2013,3,1,2013-03,False
2013-03-11,ASIANPAINT,414.3,424.07,412.78,422.45,1244470,1.932,398.96,395.6,357.71,67.731,2.9931,0.5435,2.4496,419.25,378.68,10.168,2013,3,1,2013-03,False
2013-03-12,ASIANPAINT,422.82,423.62,419.49,422.06,787720,-0.091,400.04,396.19,358.21,67.339,4.3658,1.3079,3.0579,422.81,377.28,11.382,2013,3,1,2013-03,False
2013-03-13,ASIANPAINT,419.63,428.92,419.2,425.47,1453120,0.808,401.46,396.93,358.72,69.043,5.6635,2.179,3.4845,426.84,376.08,12.643,2013,3,1,2013-03,False
2013-03-14,ASIANPAINT,424.63,439.16,424.51,434.85,1590670,2.205,403.11,397.82,359.25,73.187,7.3643,3.2161,4.1482,432.56,373.66,14.612,2013,3,1,2013-03,False
2013-03-15,ASIANPAINT,434.28,446.27,431.64,444.7,3093410,2.264,405.17,398.9,359.82,76.709,9.3981,4.4525,4.9456,440.01,370.34,17.196,2013,3,1,2013-03,False
2013-03-18,ASIANPAINT,442.27,446.71,439.16,444.27,2528290,-0.096,407.38,399.98,360.36,76.242,10.8505,5.7321,5.1184,446.23,368.54,19.072,2013,3,1,2013-03,False
2013-03-19,ASIANPAINT,444.49,444.49,435.17,436.0,2170700,-1.862,408.94,400.89,360.85,67.635,11.2048,6.8266,4.3782,449.81,368.08,19.986,2013,3,1,2013-03,False
2013-03-20,ASIANPAINT,435.08,445.77,432.15,443.39,1901160,1.696,410.88,402.01,361.39,70.807,11.9445,7.8502,4.0943,454.47,367.29,21.217,2013,3,1,2013-03,False
2013-03-21,ASIANPAINT,444.06,448.49,433.84,436.3,1570570,-1.6,412.65,402.98,361.8,64.294,11.8219,8.6445,3.1773,457.39,367.91,21.684,2013,3,1,2013-03,False
2013-03-22,ASIANPAINT,435.08,444.05,433.21,439.94,1153710,0.835,414.5,404.15,362.34,66.021,11.8815,9.2919,2.5896,460.59,368.41,22.238,2013,3,1,2013-03,False
2013-03-25,ASIANPAINT,441.83,444.16,431.44,433.31,1665560,-1.507,416.18,405.06,362.89,60.302,11.264,9.6864,1.5777,462.45,369.9,22.239,2013,3,1,2013-03,False
2013-03-26,ASIANPAINT,433.39,437.54,432.95,435.46,1162070,0.496,418.41,406.11,363.43,61.467,10.8233,9.9138,0.9095,463.83,372.99,21.71,2013,3,1,2013-03,False
2013-03-28,ASIANPAINT,434.69,437.39,430.47,436.7,1029400,0.286,420.89,407.24,363.94,62.159,10.4538,10.0218,0.4321,464.48,377.3,20.713,2013,3,1,2013-03,False
2013-04-01,ASIANPAINT,437.12,442.45,433.48,440.05,688780,0.767,423.93,408.35,364.43,64.033,10.3123,10.0799,0.2324,463.63,384.22,18.731,2013,4,2,2013-04,False
2013-04-02,ASIANPAINT,440.05,441.38,433.02,434.31,520130,-1.304,426.28,409.38,364.91,58.673,9.6263,9.9892,-0.3629,462.21,390.36,16.855,2013,4,2,2013-04,False
2013-04-03,ASIANPAINT,434.28,436.41,429.91,433.84,758590,-0.107,428.75,410.44,365.38,58.246,8.9419,9.7797,-0.8378,458.92,398.58,14.073,2013,4,2,2013-04,False
2013-04-04,ASIANPAINT,430.11,434.88,424.07,425.27,574890,-1.975,430.32,411.1,365.78,50.916,7.6201,9.3478,-1.7277,455.74,404.9,11.813,2013,4,2,2013-04,False
2013-04-05,ASIANPAINT,424.95,428.95,420.27,423.4,734940,-0.44,431.67,411.68,366.18,49.453,6.3486,8.7479,-2.3994,451.82,411.53,9.334,2013,4,2,2013-04,False
2013-04-08,ASIANPAINT,423.62,425.22,409.5,410.52,906040,-3.043,431.84,412.07,366.52,40.764,4.252,7.8488,-3.5967,451.18,412.49,8.959,2013,4,2,2013-04,False
2013-04-09,ASIANPAINT,411.9,414.52,400.67,402.45,935710,-1.965,431.24,412.29,366.81,36.446,1.9174,6.6625,-4.7451,453.39,409.08,10.274,2013,4,2,2013-04,False
2013-04-10,ASIANPAINT,407.51,407.51,397.56,402.86,700260,0.102,430.26,412.53,367.12,36.811,0.0989,5.3498,-5.2508,455.56,404.96,11.76,2013,4,2,2013-04,False
2013-04-11,ASIANPAINT,407.28,408.34,400.63,404.5,713140,0.407,429.38,412.75,367.42,38.341,-1.1962,4.0406,-5.2368,456.99,401.77,12.86,2013,4,2,2013-04,False
2013-04-12,ASIANPAINT,406.57,419.08,403.28,414.03,963060,2.357,428.81,413.09,367.77,46.461,-1.4367,2.9451,-4.3818,457.22,400.39,13.252,2013,4,2,2013-04,False
2013-04-15,ASIANPAINT,413.14,417.85,410.3,412.26,527360,-0.427,427.68,413.34,368.1,45.271,-1.7498,2.0062,-3.7559,456.86,398.49,13.649,2013,4,2,2013-04,False
2013-04-16,ASIANPAINT,411.63,419.08,411.63,416.31,855260,0.982,426.26,413.59,368.46,48.525,-1.652,1.2745,-2.9265,454.71,397.81,13.35,2013,4,2,2013-04,False
2013-04-17,ASIANPAINT,416.52,418.03,412.08,413.0,1930760,-0.797,424.69,413.61,368.84,46.107,-1.8212,0.6554,-2.4766,452.41,396.98,13.051,2013,4,2,2013-04,False
2013-04-18,ASIANPAINT,413.05,416.48,408.06,412.92,540750,-0.018,423.54,413.63,369.24,46.05,-1.9391,0.1365,-2.0756,451.19,395.89,13.058,2013,4,2,2013-04,False
2013-04-22,ASIANPAINT,413.86,420.96,409.63,412.71,655860,-0.051,422.01,413.67,369.63,45.884,-2.026,-0.296,-1.73,448.4,395.62,12.508,2013,4,2,2013-04,False
2013-04-23,ASIANPAINT,416.94,416.94,409.89,412.92,421830,0.05,420.84,413.75,370.03,46.089,-2.0547,-0.6477,-1.4069,446.63,395.05,12.257,2013,4,2,2013-04,False
2013-04-25,ASIANPAINT,414.03,416.38,412.08,413.16,1946230,0.058,419.5,413.98,370.37,46.347,-2.0346,-0.9251,-1.1095,443.86,395.14,11.613,2013,4,2,2013-04,False
2013-04-26,ASIANPAINT,417.58,424.91,416.71,417.9,2005270,1.148,418.73,414.28,370.73,51.305,-1.6174,-1.0636,-0.5538,442.21,395.25,11.213,2013,4,2,2013-04,False
2013-04-29,ASIANPAINT,418.29,423.36,415.36,418.63,1219140,0.174,417.89,414.65,371.07,52.038,-1.214,-1.0936,-0.1203,440.01,395.77,10.586,2013,4,2,2013-04,False
2013-04-30,ASIANPAINT,418.82,418.87,411.28,415.74,494960,-0.689,416.84,415.02,371.44,48.897,-1.1143,-1.0978,-0.0165,437.12,396.56,9.729,2013,4,2,2013-04,False
2013-05-02,ASIANPAINT,414.74,421.84,414.74,419.83,1284490,0.985,415.83,415.38,371.86,53.212,-0.697,-1.0176,0.3207,433.01,398.64,8.265,2013,5,2,2013-05,False
2013-05-03,ASIANPAINT,419.89,420.87,415.53,416.98,438070,-0.679,414.96,415.65,372.3,50.043,-0.5894,-0.932,0.3426,429.81,400.11,7.157,2013,5,2,2013-05,False
2013-05-06,ASIANPAINT,417.87,434.63,417.87,431.26,894460,3.423,414.83,416.27,372.83,62.183,0.64,-0.6176,1.2576,429.02,400.65,6.84,2013,5,2,2013-05,False
2013-05-07,ASIANPAINT,434.28,439.52,432.06,435.17,1010350,0.907,415.33,416.88,373.37,64.715,1.9081,-0.1124,2.0205,431.59,399.07,7.829,2013,5,2,2013-05,False
2013-05-08,ASIANPAINT,438.63,438.63,429.94,431.04,686830,-0.948,415.71,417.41,373.89,60.143,2.5507,0.4202,2.1305,433.09,398.33,8.361,2013,5,2,2013-05,False
2013-05-09,ASIANPAINT,432.5,437.4,407.64,414.83,3269420,-3.762,415.92,417.69,374.31,46.297,1.7315,0.6824,1.0491,433.14,398.71,8.277,2013,5,2,2013-05,False
2013-05-10,ASIANPAINT,414.48,414.48,408.88,411.97,1607860,-0.689,416.4,417.87,374.73,44.358,0.8418,0.7143,0.1275,432.54,400.26,7.751,2013,5,2,2013-05,False
2013-05-13,ASIANPAINT,419.19,425.31,416.09,417.36,745550,1.31,417.13,418.22,375.18,48.722,0.5656,0.6846,-0.119,431.95,402.3,7.108,2013,5,2,2013-05,False
2013-05-14,ASIANPAINT,418.56,424.95,417.72,421.76,908190,1.053,417.99,418.84,375.66,52.024,0.6934,0.6863,0.007,431.68,404.29,6.554,2013,5,2,2013-05,False
2013-05-15,ASIANPAINT,422.11,430.55,422.11,428.46,895580,1.589,418.71,419.67,376.18,56.61,1.3201,0.8131,0.507,433.03,404.39,6.842,2013,5,2,2013-05,False
2013-05-16,ASIANPAINT,426.29,435.97,426.29,431.75,853000,0.768,419.68,420.71,376.74,58.698,2.0586,1.0622,0.9964,434.79,404.58,7.199,2013,5,2,2013-05,False
2013-05-17,ASIANPAINT,432.24,435.08,425.04,427.42,675110,-1.002,420.24,421.52,377.23,54.955,2.2687,1.3035,0.9652,435.64,404.84,7.329,2013,5,2,2013-05,False
2013-05-20,ASIANPAINT,430.63,430.63,423.24,423.94,445210,-0.814,420.79,422.31,377.75,52.076,2.1298,1.4687,0.661,435.88,405.7,7.173,2013,5,2,2013-05,False
2013-05-21,ASIANPAINT,422.02,428.51,419.54,424.95,523650,0.238,421.39,422.93,378.3,52.846,2.077,1.5904,0.4866,436.11,406.66,6.989,2013,5,2,2013-05,False
2013-05-22,ASIANPAINT,425.86,430.86,422.77,429.45,403560,1.06,422.23,423.59,378.88,56.23,2.3712,1.7466,0.6247,436.78,407.67,6.892,2013,5,2,2013-05,False
2013-05-23,ASIANPAINT,422.29,428.97,422.29,426.29,597040,-0.737,422.89,423.97,379.48,53.332,2.3221,1.8617,0.4605,436.86,408.93,6.605,2013,5,2,2013-05,False
2013-05-24,ASIANPAINT,427.18,428.51,422.94,426.73,505090,0.103,423.57,424.22,380.06,53.689,2.2923,1.9478,0.3445,436.85,410.3,6.269,2013,5,2,2013-05,False
2013-05-27,ASIANPAINT,426.91,429.86,423.71,428.6,785040,0.439,424.11,424.34,380.62,55.26,2.3923,2.0367,0.3556,437.28,410.93,6.213,2013,5,2,2013-05,False
2013-05-28,ASIANPAINT,428.95,432.95,426.5,428.21,663290,-0.09,424.59,424.46,381.14,54.847,2.4125,2.1119,0.3007,437.62,411.55,6.139,2013,5,2,2013-05,False
2013-05-29,ASIANPAINT,431.08,431.62,424.5,427.65,339930,-0.133,425.18,424.51,381.68,54.205,2.3555,2.1606,0.1949,437.59,412.78,5.835,2013,5,2,2013-05,False
2013-05-30,ASIANPAINT,425.49,439.52,425.49,436.38,693880,2.041,426.01,424.54,382.24,61.633,2.9805,2.3246,0.6559,439.1,412.92,6.145,2013,5,2,2013-05,False
2013-05-31,ASIANPAINT,436.06,437.82,430.74,431.89,582840,-1.028,426.75,424.28,382.74,56.557,3.0784,2.4753,0.603,439.37,414.14,5.912,2013,5,2,2013-05,False
2013-06-03,ASIANPAINT,430.11,431.61,413.41,416.9,928510,-3.471,426.04,423.73,383.16,43.626,1.9241,2.3651,-0.441,439.19,412.88,6.177,2013,6,2,2013-06,False
2013-06-04,ASIANPAINT,417.41,422.4,413.87,415.66,702350,-0.298,425.06,423.33,383.58,42.753,0.8987,2.0718,-1.1731,438.26,411.86,6.211,2013,6,2,2013-06,False
2013-06-05,ASIANPAINT,416.87,418.4,412.25,415.21,428150,-0.108,424.27,422.76,384.0,42.423,0.0492,1.6673,-1.6181,437.85,410.69,6.404,2013,6,2,2013-06,False
2013-06-06,ASIANPAINT,415.49,417.06,412.19,413.53,478640,-0.403,424.2,422.31,384.41,41.147,-0.7504,1.1838,-1.9341,437.99,410.42,6.499,2013,6,2,2013-06,False
2013-06-07,ASIANPAINT,411.02,416.94,408.16,409.66,514400,-0.936,424.09,421.7,384.81,38.28,-1.6771,0.6116,-2.2887,438.34,409.84,6.718,2013,6,2,2013-06,False
2013-06-10,ASIANPAINT,410.41,412.98,405.03,406.12,1006600,-0.864,423.53,421.16,385.17,35.821,-2.6664,-0.044,-2.6224,439.65,407.4,7.615,2013,6,2,2013-06,False
2013-06-11,ASIANPAINT,405.47,406.82,399.78,401.87,1084780,-1.048,422.53,420.49,385.51,33.072,-3.7507,-0.7854,-2.9654,441.35,403.72,8.906,2013,6,2,2013-06,False
2013-06-12,ASIANPAINT,401.45,404.58,397.43,402.44,726820,0.143,421.23,419.8,385.87,33.808,-4.5118,-1.5306,-2.9811,441.84,400.63,9.782,2013,6,2,2013-06,False
2013-06-13,ASIANPAINT,399.7,404.79,396.22,397.79,585410,-1.154,419.53,418.96,386.23,30.844,-5.4272,-2.31,-3.1173,442.0,397.07,10.71,2013,6,2,2013-06,False
2013-06-14,ASIANPAINT,399.66,411.28,399.57,408.11,586880,2.594,418.57,418.43,386.64,42.835,-5.2593,-2.8998,-2.3595,441.27,395.87,10.845,2013,6,2,2013-06,False
2013-06-17,ASIANPAINT,406.46,414.85,405.03,409.53,609850,0.348,417.85,417.95,387.05,44.266,-4.9546,-3.3108,-1.6439,440.74,394.96,10.957,2013,6,2,2013-06,False
2013-06-18,ASIANPAINT,407.45,412.37,405.75,409.52,637000,-0.002,417.08,417.63,387.46,44.258,-4.6602,-3.5807,-1.0795,440.0,394.15,10.993,2013,6,2,2013-06,False
2013-06-19,ASIANPAINT,407.55,413.53,407.55,412.68,538200,0.772,416.24,417.42,387.89,47.642,-4.1244,-3.6894,-0.4349,438.47,394.0,10.684,2013,6,2,2013-06,False
2013-06-20,ASIANPAINT,408.7,411.29,404.13,409.38,957840,-0.8,415.39,417.39,388.32,44.595,-3.921,-3.7357,-0.1853,437.3,393.48,10.549,2013,6,2,2013-06,False
2013-06-21,ASIANPAINT,406.37,412.25,403.88,407.95,882670,-0.349,414.45,417.5,388.71,43.305,-3.8309,-3.7548,-0.0761,435.92,392.99,10.36,2013,6,2,2013-06,False
2013-06-24,ASIANPAINT,404.59,408.11,391.16,393.23,869780,-3.609,412.69,417.31,389.03,32.778,-4.8912,-3.9821,-0.9092,435.06,390.31,10.842,2013,6,2,2013-06,False
2013-06-25,ASIANPAINT,391.43,396.27,384.41,390.39,1410210,-0.722,410.8,417.03,389.35,31.203,-5.8926,-4.3642,-1.5284,434.02,387.57,11.307,2013,6,2,2013-06,False
2013-06-26,ASIANPAINT,391.15,405.38,390.79,402.16,934730,3.015,409.52,416.79,389.75,43.357,-5.671,-4.6255,-1.0455,431.62,387.42,10.793,2013,6,2,2013-06,False
2013-06-27,ASIANPAINT,408.07,420.68,403.48,406.2,1677620,1.004,408.01,416.67,390.16,46.826,-5.1107,-4.7226,-0.3882,426.16,389.86,8.895,2013,6,2,2013-06,False
2013-06-28,ASIANPAINT,408.34,416.39,406.82,415.01,1249300,2.168,407.17,416.64,390.6,53.516,-3.9109,-4.5602,0.6493,421.88,392.45,7.229,2013,6,2,2013-06,False
2013-07-01,ASIANPAINT,412.29,424.29,411.74,421.81,1020000,1.639,407.41,416.82,391.09,57.919,-2.3837,-4.1249,1.7412,422.95,391.87,7.629,2013,7,3,2013-07,False
2013-07-02,ASIANPAINT,419.09,423.82,417.56,418.69,530990,-0.741,407.56,416.94,391.54,55.327,-1.4092,-3.5818,2.1726,423.5,391.63,7.819,2013,7,3,2013-07,False
2013-07-03,ASIANPAINT,417.11,419.12,407.0,409.17,630880,-2.273,407.26,416.87,391.92,48.245,-1.3886,-3.1432,1.7545,422.81,391.72,7.635,2013,7,3,2013-07,False
2013-07-04,ASIANPAINT,412.04,413.53,405.24,408.62,303550,-0.133,407.02,416.78,392.31,47.867,-1.4003,-2.7946,1.3943,422.3,391.73,7.51,2013,7,3,2013-07,False
2013-07-05,ASIANPAINT,411.74,419.75,409.05,417.9,353290,2.269,407.43,416.87,392.72,54.411,-0.6537,-2.3664,1.7127,423.44,391.42,7.859,2013,7,3,2013-07,False
2013-07-08,ASIANPAINT,417.67,420.6,414.42,418.27,653300,0.089,408.04,416.88,393.11,54.656,-0.0317,-1.8994,1.8678,424.74,391.33,8.189,2013,7,3,2013-07,False
2013-07-09,ASIANPAINT,418.93,427.31,418.93,426.29,533050,1.917,409.26,417.03,393.54,59.703,1.0958,-1.3004,2.3962,427.56,390.96,8.944,2013,7,3,2013-07,False
2013-07-10,ASIANPAINT,428.21,434.01,426.96,428.1,712580,0.425,410.54,417.28,393.95,60.766,2.1113,-0.6181,2.7293,430.37,390.72,9.658,2013,7,3,2013-07,False
2013-07-11,ASIANPAINT,430.54,437.49,430.54,436.31,468740,1.917,412.47,417.61,394.41,65.237,3.5375,0.2131,3.3245,434.44,390.49,10.656,2013,7,3,2013-07,False
2013-07-12,ASIANPAINT,438.54,438.54,428.9,432.03,646070,-0.981,413.66,417.91,394.84,61.314,4.2734,1.0251,3.2482,437.19,390.13,11.375,2013,7,3,2013-07,False
2013-07-15,ASIANPAINT,430.1,433.04,428.39,430.77,333500,-0.291,414.72,417.9,395.27,60.169,4.7008,1.7603,2.9406,439.36,390.09,11.88,2013,7,3,2013-07,False
2013-07-16,ASIANPAINT,425.63,434.9,425.63,432.85,336360,0.482,415.89,417.86,395.69,61.45,5.1479,2.4378,2.7101,441.67,390.11,12.397,2013,7,3,2013-07,False
2013-07-17,ASIANPAINT,432.33,450.44,431.07,448.58,1478710,3.633,417.69,418.21,396.17,69.457,6.694,3.289,3.4049,447.25,388.13,14.154,2013,7,3,2013-07,False
2013-07-18,ASIANPAINT,448.97,468.04,448.09,466.62,1825930,4.022,420.55,419.24,396.76,75.694,9.2681,4.4848,4.7833,457.0,384.09,17.336,2013,7,3,2013-07,False
2013-07-19,ASIANPAINT,467.33,469.72,460.97,462.35,846650,-0.915,423.27,420.25,397.34,71.949,10.8387,5.7556,5.0831,463.67,382.87,19.09,2013,7,3,2013-07,False
2013-07-22,ASIANPAINT,464.54,467.68,444.61,452.04,1718900,-2.228,426.21,420.94,397.89,63.753,11.1239,6.8293,4.2946,465.96,386.46,18.653,2013,7,3,2013-07,False
2013-07-23,ASIANPAINT,449.69,452.55,438.68,442.27,2053240,-2.163,428.8,421.35,398.36,57.104,10.4405,7.5515,2.8889,465.35,392.25,17.048,2013,7,3,2013-07,False
2013-07-24,ASIANPAINT,439.49,448.88,438.14,446.29,1079600,0.911,431.01,421.71,398.85,59.001,10.1073,8.0627,2.0447,466.09,395.93,16.278,2013,7,3,2013-07,False
2013-07-25,ASIANPAINT,448.24,458.1,445.47,454.74,1638100,1.892,433.43,422.17,399.39,62.723,10.4048,8.5311,1.8737,468.0,398.87,15.949,2013,7,3,2013-07,False
2013-07-26,ASIANPAINT,457.84,463.09,451.03,454.3,1259820,-0.095,435.4,422.71,399.94,62.409,10.4847,8.9218,1.5629,470.02,400.78,15.904,2013,7,3,2013-07,False
2013-07-29,ASIANPAINT,454.26,459.85,452.46,458.12,420570,0.84,437.22,423.39,400.55,64.109,10.7324,9.2839,1.4484,472.64,401.79,16.203,2013,7,3,2013-07,False
2013-07-30,ASIANPAINT,466.79,467.59,449.91,457.16,898758,-0.209,439.14,424.04,401.11,63.335,10.7277,9.5727,1.155,474.5,403.78,16.105,2013,7,3,2013-07,False
2013-07-31,ASIANPAINT,458.28,459.67,443.2,454.35,800891,-0.617,441.4,424.53,401.66,61.001,10.3768,9.7335,0.6433,474.39,408.4,14.95,2013,7,3,2013-07,False
2013-08-01,ASIANPAINT,460.97,460.97,435.28,445.93,841361,-1.852,443.26,424.93,402.16,54.542,9.3125,9.6493,-0.3368,472.46,414.07,13.171,2013,8,3,2013-08,False
2013-08-02,ASIANPAINT,446.65,451.26,440.38,445.26,986501,-0.151,444.63,425.3,402.66,54.05,8.319,9.3833,-1.0643,471.27,417.99,11.983,2013,8,3,2013-08,False
2013-08-05,ASIANPAINT,445.84,447.95,419.79,423.2,1753463,-4.955,444.88,425.19,403.05,40.974,5.6857,8.6437,-2.9581,470.57,419.19,11.548,2013,8,3,2013-08,False
2013-08-06,ASIANPAINT,420.69,420.69,388.6,391.47,1513183,-7.498,443.14,424.46,403.29,29.807,1.0265,7.1203,-6.0938,477.41,408.86,15.47,2013,8,3,2013-08,False
2013-08-07,ASIANPAINT,389.63,393.35,368.78,378.8,2441631,-3.235,440.67,423.48,403.46,26.681,-3.6458,4.9671,-8.6129,485.09,396.25,20.16,2013,8,3,2013-08,False
2013-08-08,ASIANPAINT,378.8,389.36,378.8,385.6,1000667,1.796,438.14,422.46,403.66,30.874,-6.7223,2.6292,-9.3515,488.94,387.34,23.189,2013,8,3,2013-08,False
2013-08-12,ASIANPAINT,386.18,393.66,374.59,391.06,1050655,1.416,436.09,421.65,403.88,34.13,-8.6205,0.3792,-8.9998,491.06,381.12,25.21,2013,8,3,2013-08,False
2013-08-13,ASIANPAINT,392.85,395.45,385.78,393.79,576780,0.698,434.24,421.18,404.13,35.76,-9.7917,-1.6549,-8.1368,492.36,376.12,26.768,2013,8,3,2013-08,False
2013-08-14,ASIANPAINT,395.72,397.37,384.89,389.14,808688,-1.182,432.05,420.65,404.33,34.206,-10.969,-3.5177,-7.4512,493.58,370.53,28.481,2013,8,3,2013-08,False
2013-08-16,ASIANPAINT,388.87,391.15,370.65,374.77,1875723,-3.692,428.36,419.84,404.47,29.89,-12.9124,-5.3967,-7.5157,494.4,362.32,30.834,2013,8,3,2013-08,False
2013-08-19,ASIANPAINT,374.77,385.65,356.38,382.38,1450144,2.03,424.15,419.22,404.66,34.597,-13.6809,-7.0535,-6.6274,490.66,357.64,31.362,2013,8,3,2013-08,False
2013-08-20,ASIANPAINT,376.74,379.47,367.88,373.97,1339308,-2.2,419.73,418.51,404.78,32.035,-14.7983,-8.6025,-6.1958,487.3,352.17,32.193,2013,8,3,2013-08,False
2013-08-21,ASIANPAINT,378.62,382.78,367.88,371.59,1405177,-0.634,415.71,417.82,404.92,31.331,-15.6943,-10.0208,-5.6735,484.74,346.68,33.209,2013,8,3,2013-08,False
2013-08-22,ASIANPAINT,369.67,379.96,368.78,376.2,715086,1.241,412.41,417.3,405.08,34.351,-15.8498,-11.1866,-4.6631,482.4,342.42,33.943,2013,8,3,2013-08,False
2013-08-23,ASIANPAINT,375.04,381.04,371.46,375.98,986872,-0.059,408.89,416.77,405.24,34.273,-15.8088,-12.1111,-3.6977,478.78,339.0,34.184,2013,8,3,2013-08,False
2013-08-26,ASIANPAINT,377.28,388.87,376.83,382.96,813600,1.857,405.3,416.48,405.42,38.977,-15.0396,-12.6968,-2.3428,472.6,338.0,33.209,2013,8,3,2013-08,False
2013-08-27,ASIANPAINT,378.35,385.33,362.51,366.98,1618168,-4.172,400.94,415.66,405.5,33.133,-15.5401,-13.2654,-2.2746,466.15,335.73,32.529,2013,8,3,2013-08,False
2013-08-28,ASIANPAINT,358.57,360.59,334.22,350.87,2461413,-4.39,395.57,414.48,405.43,28.493,-17.0403,-14.0204,-3.0199,458.59,332.56,31.859,2013,8,3,2013-08,False
2013-08-29,ASIANPAINT,348.81,366.54,348.81,360.9,1479215,2.857,390.76,413.51,405.41,34.627,-17.2219,-14.6607,-2.5612,448.45,333.08,29.524,2013,8,3,2013-08,False
2013-08-30,ASIANPAINT,365.37,380.37,352.44,376.79,1514956,4.402,386.88,412.79,405.43,42.976,-15.9004,-14.9086,-0.9918,436.42,337.34,25.609,2013,8,3,2013-08,False
2013-09-02,ASIANPAINT,375.94,383.01,374.41,378.08,533907,0.344,383.49,412.17,405.5,43.609,-14.5804,-14.843,0.2626,424.57,342.41,21.426,2013,9,3,2013-09,False
2013-09-03,ASIANPAINT,377.73,380.37,353.56,356.38,1313672,-5.741,379.05,411.13,405.46,36.338,-15.1115,-14.8967,-0.2148,409.97,348.12,16.316,2013,9,3,2013-09,False
2013-09-04,ASIANPAINT,360.72,366.54,357.14,360.99,668024,1.293,375.94,410.49,405.49,38.676,-14.9877,-14.9149,-0.0728,399.89,351.98,12.744,2013,9,3,2013-09,False
2013-09-05,ASIANPAINT,366.98,369.76,360.59,363.05,1025465,0.57,374.51,409.94,405.55,39.741,-14.5557,-14.843,0.2874,397.96,351.07,12.518,2013,9,3,2013-09,False
2013-09-06,ASIANPAINT,364.12,382.02,363.85,380.5,1558392,4.808,374.6,409.51,405.73,47.986,-12.659,-14.4062,1.7473,398.12,351.08,12.557,2013,9,3,2013-09,False
2013-09-10,ASIANPAINT,384.71,403.06,383.14,399.03,1598104,4.869,375.27,409.37,406.01,55.021,-9.5506,-13.4351,3.8845,400.79,349.75,13.602,2013,9,3,2013-09,False
2013-09-11,ASIANPAINT,401.62,401.62,389.36,397.95,875515,-0.269,375.62,409.03,406.26,54.56,-7.0922,-12.1665,5.0743,402.2,349.03,14.155,2013,9,3,2013-09,False
2013-09-12,ASIANPAINT,399.7,404.44,389.81,392.49,1740100,-1.372,375.55,408.44,406.46,52.169,-5.5208,-10.8374,5.3166,401.95,349.15,14.061,2013,9,3,2013-09,False
2013-09-13,ASIANPAINT,391.15,399.12,390.26,395.94,596005,0.878,375.89,407.98,406.64,53.553,-3.9518,-9.4603,5.5085,403.19,348.59,14.526,2013,9,3,2013-09,False
2013-09-16,ASIANPAINT,402.79,410.58,390.7,395.05,1263167,-0.226,376.9,407.7,406.8,53.123,-2.7489,-8.118,5.3691,405.5,348.3,15.176,2013,9,3,2013-09,False
2013-09-17,ASIANPAINT,394.78,397.33,391.56,395.36,463021,0.079,377.55,407.44,406.95,53.264,-1.7502,-6.8444,5.0943,407.24,347.86,15.728,2013,9,3,2013-09,False
2013-09-18,ASIANPAINT,395.63,401.45,392.49,398.76,618855,0.86,378.79,407.05,407.03,54.856,-0.6764,-5.6108,4.9344,409.89,347.7,16.419,2013,9,3,2013-09,False
2013-09-19,ASIANPAINT,404.58,435.41,402.79,428.84,1571260,7.542,381.66,407.26,407.25,65.914,2.5717,-3.9743,6.546,419.72,343.59,19.947,2013,9,3,2013-09,False
2013-09-20,ASIANPAINT,429.86,439.76,420.15,436.94,1366454,1.889,384.69,407.48,407.5,68.175,5.7334,-2.0328,7.7662,429.94,339.45,23.523,2013,9,3,2013-09,False
2013-09-23,ASIANPAINT,434.12,443.02,429.42,435.1,1698587,-0.42,387.65,407.62,407.74,67.09,7.9988,-0.0264,8.0253,437.94,337.36,25.947,2013,9,3,2013-09,False
2013-09-24,ASIANPAINT,435.01,451.84,432.42,434.38,1854893,-0.165,390.22,407.58,407.97,66.643,9.6255,1.9039,7.7215,444.6,335.84,27.869,2013,9,3,2013-09,False
2013-09-25,ASIANPAINT,438.14,438.41,422.08,427.72,1269349,-1.535,393.26,407.49,408.18,62.478,10.2582,3.5748,6.6834,448.94,337.58,28.318,2013,9,3,2013-09,False
2013-09-26,ASIANPAINT,426.78,433.49,426.46,429.46,1423622,0.408,397.19,407.47,408.41,63.128,10.7763,5.0151,5.7612,451.34,343.03,27.271,2013,9,3,2013-09,False
2013-09-27,ASIANPAINT,433.22,435.28,418.99,420.51,1022869,-2.084,400.17,407.22,408.59,57.618,10.3454,6.0812,4.2642,452.44,347.89,26.128,2013,9,3,2013-09,False
2013-09-30,ASIANPAINT,420.69,420.87,408.52,411.07,1184167,-2.246,401.88,406.47,408.74,52.42,9.1366,6.6922,2.4443,453.17,350.59,25.525,2013,9,3,2013-09,False
2013-10-01,ASIANPAINT,413.53,415.32,403.68,406.68,1194903,-1.067,403.31,405.27,408.86,50.157,7.7355,6.9009,0.8346,453.39,353.23,24.833,2013,10,4,2013-10,False
2013-10-03,ASIANPAINT,409.05,427.13,409.05,421.41,1872476,3.621,406.56,404.45,409.05,56.887,7.7242,7.0656,0.6587,452.04,361.08,22.373,2013,10,4,2013-10,False
2013-10-04,ASIANPAINT,418.86,426.15,417.11,418.09,1105813,-0.786,409.42,403.77,409.24,55.085,7.3632,7.1251,0.2381,449.73,369.11,19.691,2013,10,4,2013-10,False
2013-10-07,ASIANPAINT,420.51,420.51,408.34,414.87,1246791,-0.771,412.01,403.23,409.43,53.316,6.7393,7.0479,-0.3086,445.92,378.09,16.462,2013,10,4,2013-10,False
2013-10-08,ASIANPAINT,416.21,421.9,409.5,411.47,1062402,-0.82,413.56,402.53,409.58,51.438,5.9024,6.8188,-0.9164,444.07,383.04,14.757,2013,10,4,2013-10,False
2013-10-09,ASIANPAINT,407.26,422.66,406.01,420.6,1219033,2.219,414.63,401.85,409.71,55.926,5.9078,6.6366,-0.7288,444.5,384.76,14.408,2013,10,4,2013-10,False
2013-10-10,ASIANPAINT,418.0,432.77,418.0,429.33,1241962,2.075,416.2,401.35,409.89,59.754,6.5409,6.6175,-0.0766,445.68,386.73,14.163,2013,10,4,2013-10,False
2013-10-11,ASIANPAINT,434.16,436.71,426.24,434.16,732464,1.126,418.29,400.87,410.12,61.737,7.3479,6.7635,0.5843,446.57,390.0,13.524,2013,10,4,2013-10,False
2013-10-14,ASIANPAINT,430.98,430.98,419.39,421.23,922169,-2.979,419.55,400.15,410.29,54.062,6.8646,6.7838,0.0809,445.82,393.28,12.522,2013,10,4,2013-10,False
2013-10-15,ASIANPAINT,424.18,432.68,421.23,430.36,984845,2.167,421.32,399.67,410.48,58.029,7.1361,6.8542,0.2819,445.3,397.34,11.383,2013,10,4,2013-10,False
2013-10-17,ASIANPAINT,433.58,438.55,431.16,435.37,963435,1.165,423.32,399.46,410.73,60.067,7.6674,7.0169,0.6505,444.72,401.92,10.11,2013,10,4,2013-10,False
2013-10-18,ASIANPAINT,433.31,442.71,426.33,435.82,2524634,0.103,425.17,399.27,410.95,60.253,8.0319,7.2199,0.812,443.86,406.48,8.792,2013,10,4,2013-10,False
2013-10-21,ASIANPAINT,438.59,474.22,437.03,461.69,4416370,5.936,426.81,400.04,411.29,69.172,10.2895,7.8338,2.4557,451.63,402.0,11.629,2013,10,4,2013-10,False
2013-10-22,ASIANPAINT,474.4,475.47,456.76,468.31,3048277,1.435,428.38,401.58,411.67,70.969,12.4694,8.7609,3.7085,459.15,397.62,14.363,2013,10,4,2013-10,False
2013-10-23,ASIANPAINT,470.81,471.17,461.19,467.37,978398,-0.201,429.99,403.35,412.07,70.342,13.9602,9.8008,4.1594,465.29,394.7,16.418,2013,10,4,2013-10,False
2013-10-24,ASIANPAINT,466.65,478.54,465.04,467.77,1415249,0.086,431.66,404.99,412.45,70.463,15.0014,10.8409,4.1605,470.79,392.54,18.127,2013,10,4,2013-10,False
2013-10-25,ASIANPAINT,463.74,468.53,459.34,460.78,702992,-1.496,433.32,406.38,412.8,65.493,15.088,11.6903,3.3977,474.48,392.15,18.999,2013,10,4,2013-10,False
2013-10-28,ASIANPAINT,464.54,465.53,448.49,449.88,1054082,-2.365,434.34,407.51,413.1,58.563,14.1145,12.1752,1.9394,476.11,392.57,19.233,2013,10,4,2013-10,False
2013-10-29,ASIANPAINT,450.28,467.32,444.45,465.53,1519476,3.479,436.59,409.03,413.48,64.39,14.4396,12.628,1.8116,480.04,393.14,19.904,2013,10,4,2013-10,False
2013-10-30,ASIANPAINT,467.32,474.86,463.83,473.83,1579868,1.782,439.73,411.02,413.91,67.037,15.1916,13.1408,2.0509,484.46,394.99,20.346,2013,10,4,2013-10,False
2013-10-31,ASIANPAINT,474.95,486.12,472.35,483.87,1791990,2.12,443.59,413.05,414.39,69.949,16.4091,13.7944,2.6147,489.62,397.56,20.754,2013,10,4,2013-10,False
2013-11-01,ASIANPAINT,483.47,488.81,477.77,486.88,1033935,0.621,446.86,415.3,414.92,70.781,17.4157,14.5187,2.897,495.49,398.23,21.764,2013,11,4,2013-11,False
2013-11-05,ASIANPAINT,480.2,494.55,480.15,491.72,1376974,0.995,450.54,417.71,415.44,72.12,18.3922,15.2934,3.0988,501.11,399.97,22.448,2013,11,4,2013-11,False
2013-11-06,ASIANPAINT,493.34,498.49,485.53,495.44,1527805,0.757,454.57,420.09,416.0,73.139,19.2446,16.0836,3.161,506.0,403.14,22.63,2013,11,4,2013-11,False
2013-11-07,ASIANPAINT,495.13,500.92,491.14,494.59,880347,-0.172,458.73,422.46,416.57,72.486,19.6252,16.7919,2.8333,508.91,408.54,21.882,2013,11,4,2013-11,False
2013-11-08,ASIANPAINT,493.34,503.88,490.33,499.26,896874,0.943,462.66,424.79,417.14,73.861,20.0718,17.4479,2.6239,512.59,412.72,21.586,2013,11,4,2013-11,False
2013-11-11,ASIANPAINT,494.37,499.21,489.03,490.2,942969,-1.815,465.7,427.25,417.68,66.868,19.4703,17.8524,1.6179,514.49,416.91,20.953,2013,11,4,2013-11,False
2013-11-12,ASIANPAINT,491.54,494.19,473.69,475.8,886182,-2.937,467.78,429.75,418.15,57.543,17.6287,17.8077,-0.179,514.41,421.16,19.936,2013,11,4,2013-11,False
2013-11-13,ASIANPAINT,469.21,477.01,464.81,468.98,922754,-1.433,470.17,431.91,418.54,53.723,15.4411,17.3343,-1.8932,511.33,429.01,17.508,2013,11,4,2013-11,False
2013-11-14,ASIANPAINT,471.14,475.62,458.44,460.28,1141064,-1.855,471.67,433.58,418.87,49.231,12.8572,16.4389,-3.5817,508.7,434.63,15.704,2013,11,4,2013-11,False
2013-11-18,ASIANPAINT,464.81,473.51,461.99,472.08,1208180,2.563,473.5,435.46,419.27,54.754,11.6272,15.4766,-3.8494,506.37,440.64,13.881,2013,11,4,2013-11,False
2013-11-19,ASIANPAINT,473.6,479.25,473.6,476.56,840508,0.95,475.54,437.87,419.7,56.684,10.8887,14.559,-3.6703,503.21,447.87,11.636,2013,11,4,2013-11,False
2013-11-20,ASIANPAINT,477.1,481.68,467.68,470.28,869675,-1.318,475.97,440.05,420.1,53.259,9.6852,13.5842,-3.899,502.99,448.95,11.354,2013,11,4,2013-11,False
2013-11-21,ASIANPAINT,467.23,467.23,454.05,456.78,617352,-2.87,475.39,441.93,420.41,46.723,7.555,12.3784,-4.8234,503.57,447.22,11.854,2013,11,4,2013-11,False
2013-11-22,ASIANPAINT,459.25,461.85,453.11,455.75,654192,-0.226,474.81,443.43,420.71,46.256,5.7177,11.0463,-5.3286,504.14,445.49,12.353,2013,11,4,2013-11,False
2013-11-25,ASIANPAINT,457.59,465.98,457.59,463.11,559626,1.614,474.58,444.71,421.02,50.088,4.7998,9.797,-4.9972,504.22,444.94,12.489,2013,11,4,2013-11,False
2013-11-26,ASIANPAINT,460.6,462.7,452.97,454.5,889816,-1.859,474.27,445.84,421.28,45.957,3.339,8.5054,-5.1664,504.64,443.89,12.809,2013,11,4,2013-11,False
2013-11-27,ASIANPAINT,454.68,454.72,448.13,452.75,522030,-0.385,474.41,447.05,421.48,45.142,2.0169,7.2077,-5.1908,504.32,444.5,12.611,2013,11,4,2013-11,False
2013-11-28,ASIANPAINT,457.37,460.33,447.99,452.84,1494607,0.02,473.78,448.19,421.68,45.196,0.9653,5.9592,-4.9939,504.99,442.56,13.178,2013,11,4,2013-11,False
2013-11-29,ASIANPAINT,453.02,456.38,450.46,451.76,1045856,-0.238,472.67,449.32,421.89,44.632,0.0445,4.7763,-4.7318,505.4,439.94,13.85,2013,11,4,2013-11,False
2013-12-02,ASIANPAINT,453.87,456.52,451.18,453.06,957110,0.288,471.13,450.48,422.11,45.517,-0.5737,3.7063,-4.28,504.54,437.73,14.181,2013,12,4,2013-12,False
2013-12-03,ASIANPAINT,452.08,461.45,450.46,452.48,2162803,-0.129,469.41,451.55,422.36,45.168,-1.098,2.7454,-3.8434,502.95,435.88,14.288,2013,12,4,2013-12,False
2013-12-04,ASIANPAINT,453.91,455.21,449.38,450.6,740212,-0.416,467.36,451.99,422.6,43.996,-1.6465,1.8671,-3.5135,500.17,434.55,14.041,2013,12,4,2013-12,False
2013-12-05,ASIANPAINT,455.57,456.47,451.27,452.84,966233,0.498,465.23,452.3,422.87,45.799,-1.8786,1.1179,-2.9965,495.81,434.64,13.15,2013,12,4,2013-12,False
2013-12-06,ASIANPAINT,452.93,458.31,449.79,452.75,877218,-0.02,463.13,452.66,423.14,45.736,-2.0462,0.4851,-2.5313,490.85,435.41,11.971,2013,12,4,2013-12,False
2013-12-09,ASIANPAINT,462.84,463.06,451.18,452.66,945168,-0.02,460.8,453.02,423.4,45.667,-2.1614,-0.0442,-2.1172,483.03,438.58,9.646,2013,12,4,2013-12,False
2013-12-10,ASIANPAINT,452.97,455.66,445.57,452.7,1079003,0.01,458.93,453.52,423.64,45.711,-2.2234,-0.48,-1.7433,476.57,441.29,7.686,2013,12,4,2013-12,False
2013-12-11,ASIANPAINT,452.17,454.0,447.64,450.06,457572,-0.585,457.64,453.93,423.89,43.497,-2.4577,-0.8756,-1.5821,473.79,441.49,7.057,2013,12,4,2013-12,False
2013-12-12,ASIANPAINT,446.69,453.42,444.41,446.51,460920,-0.787,456.52,454.45,424.1,40.657,-2.8959,-1.2796,-1.6163,472.47,440.57,6.988,2013,12,4,2013-12,False
2013-12-13,ASIANPAINT,443.2,447.81,439.56,443.2,560652,-0.743,455.66,455.1,424.3,38.145,-3.471,-1.7179,-1.7531,472.57,438.76,7.419,2013,12,4,2013-12,False
2013-12-16,ASIANPAINT,441.49,444.99,434.18,435.8,465539,-1.67,453.85,455.68,424.47,33.217,-4.4723,-2.2688,-2.2035,471.12,436.58,7.61,2013,12,4,2013-12,False
2013-12-17,ASIANPAINT,436.56,443.46,432.34,440.1,706788,0.988,452.03,456.05,424.66,38.218,-4.8624,-2.7875,-2.0749,466.7,437.35,6.494,2013,12,4,2013-12,False
2013-12-18,ASIANPAINT,439.52,447.41,436.38,445.93,879699,1.325,450.81,456.61,424.89,44.301,-4.6475,-3.1595,-1.488,462.93,438.69,5.376,2013,12,4,2013-12,False
2013-12-19,ASIANPAINT,447.14,448.22,435.12,435.88,879048,-2.253,449.76,457.03,425.11,37.458,-5.2276,-3.5731,-1.6545,463.24,436.29,5.992,2013,12,4,2013-12,False
2013-12-20,ASIANPAINT,435.17,441.4,432.43,439.16,848785,0.751,448.93,457.58,425.37,40.674,-5.3613,-3.9308,-1.4306,462.89,434.98,6.218,2013,12,4,2013-12,False
2013-12-23,ASIANPAINT,439.47,441.31,434.58,436.56,619218,-0.592,447.61,457.9,425.66,38.96,-5.6125,-4.2671,-1.3454,460.92,434.29,5.95,2013,12,4,2013-12,False
2013-12-24,ASIANPAINT,438.44,441.04,435.93,437.19,510114,0.144,446.74,458.06,425.91,39.621,-5.6952,-4.5527,-1.1425,460.42,433.06,6.123,2013,12,4,2013-12,False
2013-12-26,ASIANPAINT,436.83,440.55,435.88,439.38,1213677,0.503,446.07,458.16,426.18,41.991,-5.5199,-4.7462,-0.7737,459.82,432.33,6.164,2013,12,4,2013-12,False
2013-12-27,ASIANPAINT,440.1,440.64,432.79,435.12,516613,-0.97,445.19,458.44,426.39,38.811,-5.6594,-4.9288,-0.7306,459.37,431.0,6.374,2013,12,4,2013-12,False
2013-12-30,ASIANPAINT,435.97,440.19,433.64,437.59,493062,0.567,444.48,458.59,426.6,41.57,-5.5075,-5.0446,-0.463,458.7,430.26,6.399,2013,12,4,2013-12,False
2013-12-31,ASIANPAINT,436.38,441.85,436.38,439.52,608388,0.441,443.8,458.67,426.76,43.707,-5.1719,-5.07,-0.1019,457.58,430.02,6.211,2013,12,4,2013-12,False
2014-01-01,ASIANPAINT,443.46,451.99,441.31,448.26,1866326,1.99,443.59,458.92,426.93,52.239,-4.1524,-4.8865,0.7341,456.94,430.24,6.017,2014,1,1,2014-01,False
2014-01-02,ASIANPAINT,449.74,453.06,433.24,435.53,952911,-2.841,442.84,458.4,426.99,42.206,-4.3223,-4.7737,0.4513,456.22,429.45,6.044,2014,1,1,2014-01,False
2014-01-03,ASIANPAINT,433.24,440.86,430.55,439.07,994043,0.813,442.15,457.81,427.08,45.35,-4.1236,-4.6436,0.5201,454.76,429.54,5.704,2014,1,1,2014-01,False
2014-01-06,ASIANPAINT,440.73,441.76,432.88,440.1,833555,0.235,441.52,457.27,427.15,46.267,-3.8386,-4.4826,0.644,453.12,429.92,5.254,2014,1,1,2014-01,False
2014-01-07,ASIANPAINT,440.41,442.66,434.14,439.47,708829,-0.143,440.86,456.7,427.17,45.764,-3.6217,-4.3104,0.6888,451.22,430.49,4.703,2014,1,1,2014-01,False
2014-01-08,ASIANPAINT,440.01,442.21,437.28,439.97,703600,0.112,440.22,456.28,427.15,46.258,-3.3711,-4.1226,0.7515,448.96,431.48,3.97,2014,1,1,2014-01,False
2014-01-09,ASIANPAINT,438.04,441.22,435.53,439.61,639802,-0.082,439.7,456.08,427.13,45.93,-3.1649,-3.931,0.7661,447.11,432.29,3.371,2014,1,1,2014-01,False
2014-01-10,ASIANPAINT,437.72,446.69,437.72,441.31,610335,0.388,439.44,455.59,427.15,47.823,-2.8314,-3.7111,0.8797,446.18,432.7,3.067,2014,1,1,2014-01,False
2014-01-13,ASIANPAINT,438.35,447.95,437.72,443.15,1093710,0.417,439.43,454.98,427.15,49.862,-2.3912,-3.4471,1.056,446.17,432.7,3.065,2014,1,1,2014-01,False
2014-01-14,ASIANPAINT,441.31,445.35,435.97,437.19,448596,-1.346,439.5,454.05,427.16,43.872,-2.4948,-3.2567,0.7618,446.11,432.9,3.005,2014,1,1,2014-01,False
2014-01-15,ASIANPAINT,435.93,443.73,435.93,442.66,597708,1.252,439.63,453.16,427.17,49.826,-2.1111,-3.0275,0.9164,446.38,432.88,3.07,2014,1,1,2014-01,False
2014-01-16,ASIANPAINT,444.0,445.66,440.15,444.54,738459,0.426,439.56,452.22,427.22,51.724,-1.6362,-2.7493,1.1131,446.06,433.06,2.957,2014,1,1,2014-01,False
2014-01-17,ASIANPAINT,446.2,448.49,437.81,440.91,827389,-0.817,439.81,451.13,427.25,47.956,-1.5352,-2.5065,0.9712,446.1,433.53,2.858,2014,1,1,2014-01,False
2014-01-20,ASIANPAINT,440.86,441.76,433.91,439.52,1396371,-0.315,439.83,450.03,427.27,46.558,-1.5495,-2.3151,0.7655,446.11,433.55,2.856,2014,1,1,2014-01,False
2014-01-21,ASIANPAINT,428.75,433.15,423.64,429.88,1628124,-2.194,439.5,448.64,427.22,38.232,-2.3123,-2.3145,0.0022,447.09,431.91,3.453,2014,1,1,2014-01,False
2014-01-22,ASIANPAINT,429.52,429.52,418.75,423.91,2795089,-1.388,438.83,447.31,427.16,34.162,-3.3594,-2.5235,-0.8359,449.12,428.55,4.687,2014,1,1,2014-01,False
2014-01-23,ASIANPAINT,425.08,425.61,419.92,424.27,941667,0.085,438.08,446.28,427.12,34.613,-4.1128,-2.8414,-1.2715,450.24,425.92,5.553,2014,1,1,2014-01,False
2014-01-24,ASIANPAINT,420.91,430.14,417.09,428.84,1170322,1.078,437.76,445.48,427.13,40.233,-4.2914,-3.1314,-1.16,450.56,424.97,5.844,2014,1,1,2014-01,False
2014-01-27,ASIANPAINT,425.17,429.56,422.03,427.32,941676,-0.356,437.25,444.82,427.15,39.029,-4.504,-3.4059,-1.0981,450.87,423.63,6.23,2014,1,1,2014-01,False
2014-01-28,ASIANPAINT,426.29,431.18,422.48,427.68,902422,0.084,436.66,443.93,427.24,39.488,-4.5906,-3.6428,-0.9478,450.88,422.44,6.513,2014,1,1,2014-01,False
2014-01-29,ASIANPAINT,428.84,434.81,424.94,433.15,1046075,1.279,435.9,443.06,427.39,46.145,-4.1697,-3.7482,-0.4215,449.1,422.71,6.053,2014,1,1,2014-01,False
2014-01-30,ASIANPAINT,428.75,430.55,416.15,428.31,2915597,-1.118,435.54,442.22,427.52,41.765,-4.1788,-3.8343,-0.3444,449.17,421.92,6.257,2014,1,1,2014-01,False
2014-01-31,ASIANPAINT,425.3,429.56,418.93,423.1,1681719,-1.215,434.74,441.55,427.61,37.633,-4.5533,-3.9781,-0.5752,449.33,420.15,6.713,2014,1,1,2014-01,False
2014-02-03,ASIANPAINT,420.01,429.65,419.38,421.49,651775,-0.382,433.81,440.86,427.65,36.428,-4.9236,-4.1672,-0.7564,449.31,418.31,7.145,2014,2,1,2014-02,False
2014-02-04,ASIANPAINT,417.14,428.22,416.24,426.96,969792,1.298,433.19,440.14,427.72,43.078,-4.7211,-4.278,-0.4432,448.73,417.64,7.178,2014,2,1,2014-02,False
2014-02-05,ASIANPAINT,424.45,435.12,421.67,434.54,1254256,1.775,432.92,439.74,427.81,50.761,-3.9041,-4.2032,0.2991,448.15,417.68,7.038,2014,2,1,2014-02,False
2014-02-06,ASIANPAINT,435.53,437.72,428.75,434.18,978103,-0.083,432.64,439.37,427.92,50.414,-3.2481,-4.0122,0.7641,447.57,417.72,6.899,2014,2,1,2014-02,False
2014-02-07,ASIANPAINT,436.83,440.68,434.18,439.97,596025,1.333,432.58,439.11,428.06,55.674,-2.2356,-3.6569,1.4213,447.35,417.81,6.829,2014,2,1,2014-02,False
2014-02-10,ASIANPAINT,442.03,444.0,435.03,436.83,2209585,-0.714,432.26,438.82,428.18,52.424,-1.6673,-3.259,1.5917,446.33,418.19,6.511,2014,2,1,2014-02,False
2014-02-11,ASIANPAINT,438.71,438.85,431.18,434.45,1058522,-0.544,432.12,438.44,428.28,50.042,-1.3927,-2.8857,1.493,446.05,418.2,6.444,2014,2,1,2014-02,False
2014-02-12,ASIANPAINT,429.65,433.24,425.26,428.17,856522,-1.445,431.4,437.96,428.36,44.315,-1.6625,-2.6411,0.9786,444.5,418.3,6.072,2014,2,1,2014-02,False
2014-02-13,ASIANPAINT,428.17,430.32,418.57,420.5,318431,-1.791,430.2,437.36,428.37,38.516,-2.4667,-2.6062,0.1395,442.61,417.78,5.772,2014,2,1,2014-02,False
2014-02-14,ASIANPAINT,421.26,426.47,420.91,424.09,323567,0.853,429.36,436.78,428.4,42.319,-2.7825,-2.6415,-0.1411,440.97,417.74,5.409,2014,2,1,2014-02,False
2014-02-17,ASIANPAINT,425.93,427.14,422.12,424.49,274976,0.095,428.61,436.22,428.44,42.748,-2.966,-2.7064,-0.2596,439.36,417.85,5.02,2014,2,1,2014-02,False
2014-02-18,ASIANPAINT,424.72,427.86,415.88,424.36,403429,-0.032,428.33,435.65,428.47,42.634,-3.0867,-2.7824,-0.3043,439.23,417.43,5.091,2014,2,1,2014-02,False
2014-02-19,ASIANPAINT,423.37,424.36,419.34,420.23,292623,-0.972,428.15,435.0,428.48,39.188,-3.4753,-2.921,-0.5543,439.48,416.81,5.293,2014,2,1,2014-02,False
2014-02-20,ASIANPAINT,418.57,419.34,412.79,414.04,694901,-1.473,427.64,434.28,428.4,34.662,-4.2338,-3.1836,-1.0502,440.52,414.75,6.026,2014,2,1,2014-02,False
2014-02-21,ASIANPAINT,414.63,420.55,413.77,416.2,562640,0.52,427.0,433.67,428.3,37.371,-4.6081,-3.4685,-1.1396,440.84,413.16,6.483,2014,2,1,2014-02,False
2014-02-24,ASIANPAINT,416.64,423.19,416.24,422.3,303887,1.466,426.75,433.26,428.26,44.406,-4.3623,-3.6472,-0.715,440.75,412.75,6.56,2014,2,1,2014-02,False
2014-02-25,ASIANPAINT,422.92,425.93,421.67,423.42,806751,0.266,426.54,433.01,428.3,45.615,-4.0305,-3.7239,-0.3066,440.61,412.47,6.596,2014,2,1,2014-02,False
2014-02-26,ASIANPAINT,422.03,430.46,422.03,427.99,604265,1.08,426.28,432.77,428.38,50.359,-3.3598,-3.6511,0.2913,440.02,412.54,6.448,2014,2,1,2014-02,False
2014-02-28,ASIANPAINT,428.53,432.79,422.07,424.27,673369,-0.87,426.08,432.33,428.41,46.783,-3.0929,-3.5394,0.4465,439.82,412.34,6.448,2014,2,1,2014-02,False
2014-03-03,ASIANPAINT,422.92,427.27,420.23,424.22,431296,-0.011,426.13,432.1,428.43,46.74,-2.8521,-3.402,0.5498,439.83,412.44,6.427,2014,3,1,2014-03,False
2014-03-04,ASIANPAINT,422.97,428.31,422.97,426.6,1001089,0.56,426.39,431.85,428.42,49.399,-2.4414,-3.2098,0.7685,439.91,412.87,6.341,2014,3,1,2014-03,False
2014-03-05,ASIANPAINT,428.22,429.56,423.37,425.7,436618,-0.21,426.33,431.63,428.39,48.416,-2.1633,-3.0005,0.8372,439.85,412.81,6.342,2014,3,1,2014-03,False
2014-03-06,ASIANPAINT,427.41,428.04,423.87,425.66,437306,-0.011,425.88,431.4,428.38,48.365,-1.9244,-2.7853,0.8609,438.84,412.93,6.084,2014,3,1,2014-03,False
2014-03-07,ASIANPAINT,426.87,434.4,424.72,431.44,930496,1.359,425.75,431.24,428.42,55.044,-1.2537,-2.479,1.2253,438.39,413.11,5.938,2014,3,1,2014-03,False
2014-03-10,ASIANPAINT,432.34,439.52,431.09,434.9,993946,0.8,425.49,431.24,428.47,58.495,-0.4385,-2.0709,1.6324,437.09,413.89,5.453,2014,3,1,2014-03,False
2014-03-11,ASIANPAINT,437.36,439.07,429.25,431.18,535386,-0.856,425.21,431.11,428.47,53.709,-0.0917,-1.6751,1.5833,435.89,414.53,5.022,2014,3,1,2014-03,False
2014-03-12,ASIANPAINT,431.44,444.85,429.29,443.37,907392,2.829,425.66,431.19,428.56,64.082,1.1541,-1.1092,2.2633,438.49,412.83,6.029,2014,3,1,2014-03,False
2014-03-13,ASIANPAINT,446.69,452.25,441.04,442.88,772560,-0.111,426.39,431.08,428.64,63.462,2.0777,-0.4718,2.5495,441.34,411.44,7.012,2014,3,1,2014-03,False
2014-03-14,ASIANPAINT,440.41,448.35,440.37,444.45,711413,0.354,427.59,431.26,428.72,64.634,2.9028,0.2031,2.6997,444.29,410.89,7.81,2014,3,1,2014-03,False
2014-03-18,ASIANPAINT,445.35,452.61,443.29,449.92,621330,1.231,428.88,431.47,428.83,68.432,3.9527,0.953,2.9997,448.23,409.54,9.021,2014,3,1,2014-03,False
2014-03-19,ASIANPAINT,451.18,461.45,451.18,460.19,939626,2.283,430.67,431.88,428.99,74.063,5.5495,1.8723,3.6772,454.4,406.94,11.02,2014,3,1,2014-03,False
2014-03-20,ASIANPAINT,460.6,466.16,460.15,462.48,1196743,0.497,432.57,432.34,429.12,75.127,6.9198,2.8818,4.038,460.01,405.14,12.683,2014,3,1,2014-03,False
2014-03-21,ASIANPAINT,462.97,464.63,452.93,457.55,955311,-1.067,434.44,432.69,429.25,68.591,7.5209,3.8096,3.7113,463.37,405.51,13.32,2014,3,1,2014-03,False
2014-03-24,ASIANPAINT,455.21,470.91,453.91,469.93,985612,2.705,437.23,433.29,429.52,74.57,8.8937,4.8264,4.0672,468.57,405.9,14.333,2014,3,1,2014-03,False
2014-03-25,ASIANPAINT,470.46,478.63,468.22,471.18,655035,0.267,439.98,433.89,429.79,75.088,9.968,5.8548,4.1132,473.14,406.82,15.072,2014,3,1,2014-03,False
2014-03-26,ASIANPAINT,472.3,478.31,469.52,474.59,577241,0.723,442.6,434.52,430.09,76.488,10.968,6.8774,4.0906,478.05,407.14,16.021,2014,3,1,2014-03,False
2014-03-27,ASIANPAINT,473.11,487.95,473.11,483.51,1514253,1.881,445.6,435.45,430.44,79.704,12.3385,7.9696,4.3689,484.25,406.95,17.348,2014,3,1,2014-03,False
2014-03-28,ASIANPAINT,486.16,487.06,478.89,484.23,559627,0.148,448.41,436.28,430.81,79.942,13.3288,9.0415,4.2874,489.76,407.07,18.441,2014,3,1,2014-03,False
2014-03-31,ASIANPAINT,484.37,493.34,479.88,491.5,545531,1.5,451.77,437.22,431.24,82.213,14.5324,10.1397,4.3928,495.71,407.84,19.449,2014,3,1,2014-03,False
2014-04-01,ASIANPAINT,491.32,491.32,477.19,481.36,590285,-2.062,454.63,438.03,431.64,70.263,14.5013,11.012,3.4893,498.45,410.81,19.277,2014,4,2,2014-04,False
2014-04-02,ASIANPAINT,480.78,486.88,467.32,468.94,1296369,-2.581,456.75,438.61,431.97,58.953,13.3206,11.4737,1.8469,498.93,414.57,18.469,2014,4,2,2014-04,False
2014-04-03,ASIANPAINT,469.61,486.16,469.61,483.11,960789,3.022,459.62,439.68,432.4,65.73,13.3743,11.8538,1.5205,500.7,418.54,17.876,2014,4,2,2014-04,False
2014-04-04,ASIANPAINT,487.06,487.06,473.15,476.02,757681,-1.467,462.14,440.72,432.74,60.363,12.6987,12.0228,0.6759,500.54,423.73,16.62,2014,4,2,2014-04,False
2014-04-07,ASIANPAINT,476.29,488.72,472.26,483.96,1064991,1.668,464.76,441.92,433.11,63.918,12.6579,12.1498,0.5081,501.48,428.05,15.798,2014,4,2,2014-04,False
2014-04-09,ASIANPAINT,486.47,492.89,483.33,491.27,620888,1.511,467.58,443.16,433.52,66.864,13.0648,12.3328,0.732,503.28,431.88,15.27,2014,4,2,2014-04,False
2014-04-10,ASIANPAINT,488.22,493.34,483.83,485.71,740700,-1.132,470.31,444.33,433.88,62.671,12.7911,12.4245,0.3667,502.46,438.16,13.67,2014,4,2,2014-04,False
2014-04-11,ASIANPAINT,484.37,490.51,480.24,487.69,513869,0.406,472.52,445.53,434.27,63.545,12.5883,12.4572,0.1311,502.91,442.13,12.863,2014,4,2,2014-04,False
2014-04-15,ASIANPAINT,487.95,488.85,476.16,479.43,403358,-1.692,474.35,446.46,434.63,57.486,11.6277,12.2913,-0.6636,501.45,447.25,11.427,2014,4,2,2014-04,False
2014-04-16,ASIANPAINT,482.26,483.02,477.64,479.79,750909,0.075,476.12,447.49,435.06,57.675,10.7712,11.9873,-1.2161,499.34,452.89,9.756,2014,4,2,2014-04,False
2014-04-17,ASIANPAINT,482.48,490.2,478.27,487.73,697395,1.654,478.01,448.78,435.55,61.728,10.6107,11.712,-1.1013,498.22,457.8,8.454,2014,4,2,2014-04,False
2014-04-21,ASIANPAINT,490.65,490.65,478.22,483.65,1250718,-0.837,479.18,450.02,435.96,58.62,10.0384,11.3773,-1.3389,497.69,460.68,7.723,2014,4,2,2014-04,False
2014-04-22,ASIANPAINT,484.55,486.16,479.43,481.14,405176,-0.519,480.11,451.11,436.33,56.727,9.2753,10.9569,-1.6816,496.87,463.36,6.98,2014,4,2,2014-04,False
2014-04-23,ASIANPAINT,477.41,484.41,474.1,475.04,866527,-1.268,480.99,451.92,436.63,52.31,8.0851,10.3825,-2.2974,494.25,467.73,5.513,2014,4,2,2014-04,False
2014-04-24,ASIANPAINT,475.04,475.04,475.04,475.04,0,0.0,481.24,452.73,436.9,52.31,7.0606,9.7181,-2.6576,493.78,468.71,5.21,2014,4,2,2014-04,False
2014-04-25,ASIANPAINT,479.43,479.43,460.19,461.9,512656,-2.766,480.78,453.17,437.11,43.79,5.1291,8.8003,-3.6712,495.4,466.16,6.082,2014,4,2,2014-04,False
2014-04-28,ASIANPAINT,461.94,465.22,447.19,448.98,1434257,-2.796,479.5,453.42,437.31,37.35,2.527,7.5457,-5.0186,499.79,459.21,8.463,2014,4,2,2014-04,False
2014-04-29,ASIANPAINT,450.28,452.93,443.73,446.33,871746,-0.589,477.64,453.65,437.5,36.176,0.2485,6.0862,-5.8378,502.65,452.64,10.471,2014,4,2,2014-04,False
2014-04-30,ASIANPAINT,446.87,459.21,446.87,453.11,642019,1.517,476.09,454.15,437.68,41.263,-0.9993,4.6691,-5.6684,503.15,449.02,11.371,2014,4,2,2014-04,False
2014-05-02,ASIANPAINT,452.97,465.08,452.97,458.76,521441,1.247,474.45,454.92,437.88,45.189,-1.5148,3.4323,-4.9471,501.55,447.34,11.425,2014,5,2,2014-05,False
2014-05-05,ASIANPAINT,457.68,466.2,455.17,465.17,507852,1.398,473.64,455.74,438.08,49.329,-1.3897,2.4679,-3.8576,500.84,446.44,11.486,2014,5,2,2014-05,False
2014-05-06,ASIANPAINT,467.32,470.42,460.37,461.72,346381,-0.742,473.28,456.48,438.24,47.259,-1.5514,1.6641,-3.2155,500.93,445.63,11.685,2014,5,2,2014-05,False
2014-05-07,ASIANPAINT,457.46,461.94,452.08,453.56,492771,-1.768,471.8,457.07,438.33,42.699,-2.3115,0.8689,-3.1805,500.38,443.22,12.116,2014,5,2,2014-05,False
2014-05-08,ASIANPAINT,452.34,459.16,451.18,452.43,473377,-0.247,470.62,457.71,438.43,42.098,-2.9702,0.1011,-3.0713,500.39,440.85,12.652,2014,5,2,2014-05,False
2014-05-09,ASIANPAINT,452.48,468.67,451.18,467.46,503574,3.321,469.8,458.78,438.61,51.872,-2.2538,-0.3699,-1.884,498.92,440.67,12.398,2014,5,2,2014-05,False
2014-05-12,ASIANPAINT,466.65,484.37,464.72,482.75,896112,3.272,469.37,460.11,438.86,59.388,-0.4469,-0.3853,-0.0616,497.4,441.34,11.942,2014,5,2,2014-05,False
2014-05-13,ASIANPAINT,483.74,494.23,479.84,484.68,1114150,0.399,469.32,461.36,439.04,60.231,1.1277,-0.0827,1.2104,497.22,441.41,11.891,2014,5,2,2014-05,False
2014-05-14,ASIANPAINT,488.76,502.31,486.16,499.53,1212854,3.063,469.91,462.88,439.21,66.072,3.5327,0.6404,2.8923,499.88,439.94,12.756,2014,5,2,2014-05,False
2014-05-15,ASIANPAINT,505.8,505.8,469.57,474.54,1907311,-5.001,469.67,463.81,439.27,52.183,3.384,1.1891,2.1949,499.39,439.94,12.657,2014,5,2,2014-05,False
2014-05-16,ASIANPAINT,484.37,493.34,472.71,481.23,2066679,1.408,469.74,464.95,439.42,54.914,3.7619,1.7037,2.0583,499.57,439.9,12.702,2014,5,2,2014-05,False
2014-05-19,ASIANPAINT,486.16,486.16,468.67,473.11,885764,-1.687,469.01,465.93,439.57,51.097,3.3676,2.0365,1.3312,497.68,440.34,12.226,2014,5,2,2014-05,False
2014-05-20,ASIANPAINT,479.88,480.51,462.57,474.41,1025384,0.275,468.54,466.88,439.71,51.676,3.1241,2.254,0.8701,496.51,440.58,11.937,2014,5,2,2014-05,False
2014-05-21,ASIANPAINT,473.6,492.89,473.6,490.02,1843991,3.29,468.99,468.17,439.89,58.094,4.1427,2.6317,1.511,498.06,439.92,12.396,2014,5,2,2014-05,False
2014-05-22,ASIANPAINT,492.89,493.2,481.45,482.39,1296696,-1.556,469.36,469.31,440.03,54.3,4.2853,2.9624,1.3229,498.93,439.78,12.601,2014,5,2,2014-05,False
2014-05-23,ASIANPAINT,483.02,486.38,478.09,484.86,495348,0.511,469.85,470.37,440.16,55.317,4.545,3.279,1.2661,500.13,439.56,12.892,2014,5,2,2014-05,False
2014-05-26,ASIANPAINT,477.19,483.25,466.47,469.66,687589,-3.136,470.23,471.07,440.22,48.199,3.4838,3.3199,0.1639,500.29,440.18,12.783,2014,5,2,2014-05,False
2014-05-27,ASIANPAINT,471.81,474.95,461.94,469.79,601376,0.029,471.28,471.84,440.3,48.263,2.6235,3.1806,-0.5572,499.62,442.93,12.031,2014,5,2,2014-05,False
2014-05-28,ASIANPAINT,468.76,470.46,454.32,457.64,959457,-2.587,471.84,472.13,440.36,43.125,0.95,2.7345,-1.7845,498.5,445.18,11.299,2014,5,2,2014-05,False
2014-05-29,ASIANPAINT,457.46,461.85,452.08,454.18,1727396,-0.755,471.89,472.35,440.4,41.764,-0.6475,2.0581,-2.7056,498.4,445.39,11.232,2014,5,2,2014-05,False
2014-05-30,ASIANPAINT,454.77,460.28,450.06,455.3,1629445,0.247,471.72,472.57,440.57,42.399,-1.8023,1.286,-3.0883,498.62,444.82,11.406,2014,5,2,2014-05,False
2014-06-02,ASIANPAINT,452.39,461.94,451.49,457.32,887646,0.443,471.33,472.72,440.89,43.593,-2.5254,0.5237,-3.0492,498.86,443.8,11.681,2014,6,2,2014-06,False
2014-06-03,ASIANPAINT,458.35,459.79,454.0,456.65,586753,-0.147,471.08,472.65,441.28,43.271,-3.1169,-0.2044,-2.9125,499.06,443.09,11.883,2014,6,2,2014-06,False
2014-06-04,ASIANPAINT,455.39,458.26,452.43,456.56,676269,-0.02,471.23,472.53,441.64,43.225,-3.552,-0.8739,-2.6781,498.85,443.6,11.724,2014,6,2,2014-06,False
2014-06-05,ASIANPAINT,457.1,462.84,454.86,457.55,1230823,0.216,471.48,472.53,441.97,43.928,-3.7737,-1.4539,-2.3198,498.46,444.5,11.444,2014,6,2,2014-06,False
2014-06-06,ASIANPAINT,459.25,460.01,451.63,453.29,1632891,-0.931,470.77,472.2,442.27,41.536,-4.2442,-2.0119,-2.2323,498.92,442.63,11.956,2014,6,2,2014-06,False
2014-06-09,ASIANPAINT,455.57,475.4,454.86,473.69,4290170,4.502,470.32,472.25,442.69,54.356,-2.9367,-2.1969,-0.7398,497.94,442.7,11.744,2014,6,2,2014-06,False
2014-06-10,ASIANPAINT,475.4,484.19,469.12,481.0,2579465,1.543,470.14,472.37,443.22,57.917,-1.2956,-2.0166,0.721,497.4,442.87,11.597,2014,6,2,2014-06,False
2014-06-11,ASIANPAINT,482.62,491.36,481.36,487.64,1993349,1.38,469.54,472.46,443.75,60.899,0.5344,-1.5064,2.0408,494.53,444.55,10.643,2014,6,2,2014-06,False
2014-06-12,ASIANPAINT,485.26,495.53,483.78,492.71,860725,1.039,470.45,472.63,444.34,63.052,2.3663,-0.7319,3.0982,497.44,443.46,11.475,2014,6,2,2014-06,False
2014-06-13,ASIANPAINT,492.71,497.82,484.37,486.34,573503,-1.293,470.71,472.52,444.92,58.68,3.2666,0.0678,3.1988,498.22,443.19,11.691,2014,6,2,2014-06,False
2014-06-16,ASIANPAINT,484.44,491.31,482.09,488.01,472781,0.344,471.45,472.66,445.47,59.474,4.0681,0.8679,3.2003,500.03,442.88,12.122,2014,6,2,2014-06,False
2014-06-17,ASIANPAINT,488.15,510.75,488.15,506.77,1580095,3.844,473.07,473.41,446.13,67.115,6.1461,1.9235,4.2226,505.72,440.41,13.805,2014,6,2,2014-06,False
2014-06-18,ASIANPAINT,506.23,514.36,499.22,504.33,2003001,-0.482,473.78,473.84,446.74,65.387,7.5094,3.0407,4.4687,508.56,439.01,14.68,2014,6,2,2014-06,False
2014-06-19,ASIANPAINT,505.87,515.27,498.27,513.46,1112449,1.81,475.34,474.59,447.47,68.639,9.2202,4.2766,4.9436,514.26,436.41,16.377,2014,6,2,2014-06,False
2014-06-20,ASIANPAINT,515.27,518.66,503.52,513.87,1086913,0.079,476.79,475.18,448.28,68.78,10.488,5.5189,4.9691,519.21,434.37,17.795,2014,6,2,2014-06,False
2014-06-23,ASIANPAINT,513.87,521.59,512.83,518.97,610166,0.994,479.25,475.74,449.07,70.566,11.7692,6.769,5.0003,525.49,433.02,19.296,2014,6,2,2014-06,False
2014-06-24,ASIANPAINT,518.97,526.11,516.71,524.22,816172,1.01,481.97,476.51,449.81,72.316,13.0571,8.0266,5.0305,532.11,431.84,20.804,2014,6,2,2014-06,False
2014-06-25,ASIANPAINT,524.4,532.44,517.98,530.18,796312,1.138,485.6,477.36,450.57,74.197,14.3933,9.2999,5.0934,538.73,432.47,21.882,2014,6,2,2014-06,False
2014-06-26,ASIANPAINT,533.26,533.35,522.32,528.65,838466,-0.29,489.33,478.34,451.43,72.825,15.1536,10.4707,4.6829,543.61,435.04,22.186,2014,6,2,2014-06,False
2014-06-27,ASIANPAINT,529.91,536.96,525.75,528.56,738734,-0.017,492.99,479.32,452.27,72.74,15.5693,11.4904,4.0789,547.49,438.49,22.111,2014,6,2,2014-06,False
2014-06-30,ASIANPAINT,528.83,540.49,528.56,536.96,785106,1.591,496.97,480.3,453.14,75.6,16.3882,12.47,3.9183,552.13,441.81,22.2,2014,6,2,2014-06,False
2014-07-01,ASIANPAINT,536.33,541.3,524.62,527.79,696050,-1.709,500.53,481.18,453.88,67.3,16.1112,13.1982,2.913,553.89,447.17,21.322,2014,7,3,2014-07,False
2014-07-02,ASIANPAINT,530.23,538.77,526.11,527.97,816714,0.034,504.1,482.12,454.52,67.376,15.7249,13.7035,2.0214,554.55,453.65,20.016,2014,7,3,2014-07,False
2014-07-03,ASIANPAINT,528.92,531.31,520.96,525.84,511556,-0.402,507.51,483.14,455.16,65.452,15.0736,13.9776,1.0961,553.77,461.26,18.228,2014,7,3,2014-07,False
2014-07-04,ASIANPAINT,528.74,535.92,527.92,532.13,374126,1.195,511.45,484.28,455.86,68.333,14.8927,14.1606,0.7321,551.24,471.67,15.556,2014,7,3,2014-07,False
2014-07-07,ASIANPAINT,532.13,539.22,527.97,536.6,713824,0.841,514.6,485.77,456.56,70.237,14.9383,14.3161,0.6221,551.67,477.53,14.406,2014,7,3,2014-07,False
2014-07-08,ASIANPAINT,533.71,546.0,528.56,533.44,809330,-0.59,517.22,487.46,457.25,67.162,14.5513,14.3632,0.1881,551.6,482.84,13.294,2014,7,3,2014-07,False
2014-07-09,ASIANPAINT,533.44,544.56,530.18,537.55,653792,0.771,519.72,489.29,457.96,69.058,14.4104,14.3726,0.0378,552.25,487.18,12.521,2014,7,3,2014-07,False
2014-07-10,ASIANPAINT,537.87,540.4,524.31,530.63,525220,-1.286,521.61,490.84,458.62,62.521,13.5842,14.2149,-0.6308,551.86,491.36,11.598,2014,7,3,2014-07,False
2014-07-11,ASIANPAINT,525.44,532.89,510.88,514.23,811989,-3.092,523.01,491.95,459.05,50.344,11.4732,13.6666,-2.1934,548.63,497.39,9.797,2014,7,3,2014-07,False
2014-07-14,ASIANPAINT,516.31,540.49,513.55,532.89,672433,3.63,525.25,493.3,459.53,59.911,11.1776,13.1688,-1.9912,545.2,505.31,7.595,2014,7,3,2014-07,False
2014-07-15,ASIANPAINT,537.41,538.5,521.6,526.57,574018,-1.187,526.24,494.6,459.99,55.974,10.3139,12.5978,-2.2839,544.19,508.29,6.822,2014,7,3,2014-07,False
2014-07-16,ASIANPAINT,524.76,532.08,521.59,524.17,675645,-0.455,527.23,496.01,460.44,54.514,9.3286,11.944,-2.6154,541.99,512.47,5.599,2014,7,3,2014-07,False
2014-07-17,ASIANPAINT,524.31,528.83,521.87,523.99,356143,-0.035,527.76,497.44,460.92,54.398,8.4358,11.2423,-2.8065,541.14,514.38,5.07,2014,7,3,2014-07,False
2014-07-18,ASIANPAINT,525.12,533.3,522.82,524.71,925055,0.138,528.3,498.59,461.39,54.81,7.698,10.5335,-2.8355,540.09,516.51,4.464,2014,7,3,2014-07,False
2014-07-21,ASIANPAINT,531.49,537.87,526.11,536.65,593459,2.274,529.19,499.66,461.98,61.061,7.984,10.0236,-2.0395,540.68,517.69,4.344,2014,7,3,2014-07,False
2014-07-22,ASIANPAINT,540.49,552.24,535.79,545.64,1929744,1.676,530.26,500.88,462.65,64.991,8.8347,9.7858,-0.9511,543.64,516.88,5.047,2014,7,3,2014-07,False
2014-07-23,ASIANPAINT,547.81,551.43,538.41,545.41,1050820,-0.041,531.02,501.8,463.34,64.814,9.3824,9.7051,-0.3227,546.02,516.02,5.649,2014,7,3,2014-07,False
2014-07-24,ASIANPAINT,544.87,565.03,542.07,560.56,934022,2.776,532.61,503.52,464.04,70.594,10.9125,9.9466,0.9659,552.53,512.7,7.48,2014,7,3,2014-07,False
2014-07-25,ASIANPAINT,560.65,578.5,558.43,576.2,1129698,2.79,535.0,505.42,464.83,75.137,13.2345,10.6042,2.6303,562.73,507.26,10.368,2014,7,3,2014-07,False
2014-07-28,ASIANPAINT,578.55,582.98,567.25,574.93,878389,-0.22,536.89,507.46,465.63,74.138,14.8019,11.4437,3.3582,569.89,503.9,12.293,2014,7,3,2014-07,False
2014-07-30,ASIANPAINT,571.31,586.68,564.99,582.07,641494,1.242,539.61,509.61,466.48,76.07,16.431,12.4412,3.9898,577.95,501.27,14.211,2014,7,3,2014-07,False
2014-07-31,ASIANPAINT,582.16,583.02,565.08,568.29,1019233,-2.368,541.62,511.18,467.22,65.845,16.4204,13.237,3.1833,581.6,501.65,14.759,2014,7,3,2014-07,False
2014-08-01,ASIANPAINT,560.56,570.32,560.56,564.53,508437,-0.66,543.56,512.82,467.9,63.35,15.9256,13.7747,2.1509,584.06,503.06,14.9,2014,8,3,2014-08,False
2014-08-04,ASIANPAINT,565.08,572.85,561.14,569.37,613756,0.857,545.42,514.51,468.57,65.182,15.7423,14.1683,1.5741,587.11,503.73,15.287,2014,8,3,2014-08,False
2014-08-05,ASIANPAINT,569.42,574.93,564.08,572.58,509925,0.564,547.22,516.57,469.33,66.383,15.6753,14.4697,1.2056,590.39,504.05,15.777,2014,8,3,2014-08,False
2014-08-06,ASIANPAINT,567.92,589.08,567.38,579.13,1057573,1.145,549.51,518.75,470.07,68.753,15.967,14.7691,1.1979,594.4,504.61,16.341,2014,8,3,2014-08,False
2014-08-07,ASIANPAINT,578.55,580.58,569.73,571.27,467998,-1.358,551.19,521.03,470.75,63.012,15.3862,14.8926,0.4936,596.73,505.66,16.522,2014,8,3,2014-08,False
2014-08-08,ASIANPAINT,567.7,567.7,555.27,558.61,732145,-2.215,552.59,523.12,471.37,55.046,13.7462,14.6633,-0.9171,597.17,508.01,16.137,2014,8,3,2014-08,False
2014-08-11,ASIANPAINT,557.75,563.13,550.66,554.86,500617,-0.672,554.62,525.11,471.83,52.911,12.0054,14.1317,-2.1263,595.39,513.86,14.7,2014,8,3,2014-08,False
2014-08-12,ASIANPAINT,558.66,558.66,547.86,555.22,757120,0.065,555.74,527.06,472.27,53.1,10.5336,13.4121,-2.8785,595.2,516.28,14.201,2014,8,3,2014-08,False
2014-08-13,ASIANPAINT,555.04,567.7,551.92,556.62,1091498,0.252,557.24,529.06,472.71,53.872,9.3722,12.6041,-3.2319,594.24,520.25,13.278,2014,8,3,2014-08,False
2014-08-14,ASIANPAINT,560.47,564.99,556.13,558.48,644135,0.333,558.96,531.1,473.17,54.928,8.5033,11.7839,-3.2807,592.52,525.4,12.008,2014,8,3,2014-08,False
2014-08-18,ASIANPAINT,563.0,566.25,558.25,559.88,674655,0.251,560.75,533.15,473.66,55.754,7.8374,10.9946,-3.1573,590.0,531.5,10.433,2014,8,3,2014-08,False
2014-08-19,ASIANPAINT,560.92,565.57,554.14,556.22,640905,-0.654,562.33,535.21,474.19,53.022,6.9343,10.1826,-3.2483,586.33,538.32,8.536,2014,8,3,2014-08,False
2014-08-20,ASIANPAINT,555.04,559.92,547.0,553.69,1083389,-0.455,563.18,536.81,474.63,51.156,5.9458,9.3352,-3.3894,584.39,541.97,7.532,2014,8,3,2014-08,False
2014-08-21,ASIANPAINT,555.04,564.58,552.47,554.95,827640,0.229,563.64,538.29,475.04,52.064,5.2046,8.5091,-3.3045,583.6,543.68,7.083,2014,8,3,2014-08,False
2014-08-22,ASIANPAINT,554.14,559.56,550.57,551.61,662770,-0.603,563.95,539.57,475.38,49.447,4.2977,7.6668,-3.3691,582.89,545.02,6.716,2014,8,3,2014-08,False
2014-08-25,ASIANPAINT,556.76,557.98,544.19,546.54,873238,-0.918,563.25,540.64,475.68,45.701,3.1344,6.7603,-3.626,583.7,542.81,7.259,2014,8,3,2014-08,False
2014-08-26,ASIANPAINT,546.0,553.23,545.41,549.62,780261,0.562,561.92,541.91,475.97,48.263,2.4324,5.8947,-3.4623,582.28,541.57,7.245,2014,8,3,2014-08,False
2014-08-27,ASIANPAINT,548.26,560.06,548.26,558.16,1286406,1.554,561.09,543.31,476.28,54.666,2.5361,5.223,-2.6869,580.55,541.62,6.937,2014,8,3,2014-08,False
2014-08-28,ASIANPAINT,560.6,571.22,560.51,564.26,2298792,1.093,560.19,544.46,476.63,58.607,3.0753,4.7935,-1.7182,577.07,543.32,6.025,2014,8,3,2014-08,False
2014-09-01,ASIANPAINT,566.88,573.94,566.88,569.32,744728,0.897,560.25,545.76,476.98,61.59,3.8665,4.6081,-0.7416,577.23,543.26,6.064,2014,9,3,2014-09,False
2014-09-02,ASIANPAINT,569.28,574.75,562.32,564.31,750353,-0.881,560.24,546.78,477.35,57.191,4.0421,4.4949,-0.4528,577.21,543.26,6.06,2014,9,3,2014-09,False
2014-09-03,ASIANPAINT,569.51,571.27,562.91,566.21,1140665,0.336,560.08,547.82,477.8,58.402,4.285,4.4529,-0.1679,576.75,543.4,5.954,2014,9,3,2014-09,False
2014-09-04,ASIANPAINT,565.21,575.61,562.36,571.63,1322883,0.958,560.03,548.88,478.31,61.732,4.8592,4.5342,0.325,576.56,543.5,5.903,2014,9,3,2014-09,False
2014-09-05,ASIANPAINT,573.94,587.45,573.94,584.92,1563632,2.325,560.32,550.09,478.94,68.405,6.3137,4.8901,1.4237,578.39,542.25,6.449,2014,9,3,2014-09,False
2014-09-08,ASIANPAINT,587.59,615.47,587.59,611.09,2284209,4.474,562.31,551.71,479.63,76.935,9.469,5.8059,3.6632,591.07,533.55,10.229,2014,9,3,2014-09,False
2014-09-09,ASIANPAINT,610.0,615.56,599.38,601.28,939947,-1.605,564.44,553.16,480.26,69.375,11.0508,6.8548,4.1959,597.98,530.91,11.884,2014,9,3,2014-09,False
2014-09-10,ASIANPAINT,599.34,600.6,589.48,591.11,788175,-1.691,566.26,554.41,480.86,62.516,11.3528,7.7544,3.5984,601.49,531.02,12.444,2014,9,3,2014-09,False
2014-09-11,ASIANPAINT,592.11,600.24,592.11,593.55,710191,0.413,568.17,555.55,481.54,63.45,11.6548,8.5345,3.1203,605.01,531.33,12.968,2014,9,3,2014-09,False
2014-09-12,ASIANPAINT,592.24,610.82,592.24,607.29,1101264,2.315,570.71,557.14,482.3,68.247,12.8547,9.3986,3.4562,611.01,530.4,14.123,2014,9,3,2014-09,False
2014-09-15,ASIANPAINT,602.95,605.62,594.91,597.94,1104474,-1.541,572.68,558.54,482.98,62.255,12.902,10.0992,2.8027,614.3,531.06,14.536,2014,9,3,2014-09,False
2014-09-16,ASIANPAINT,598.43,600.2,581.26,584.69,896478,-2.215,573.92,559.71,483.63,54.907,11.7355,10.4265,1.309,615.41,532.42,14.46,2014,9,3,2014-09,False
2014-09-17,ASIANPAINT,585.05,591.07,579.59,583.92,1158609,-0.131,575.3,560.75,484.28,54.506,10.6266,10.4665,0.1601,616.16,534.45,14.202,2014,9,3,2014-09,False
2014-09-18,ASIANPAINT,579.68,600.15,579.68,596.22,811042,2.105,577.43,561.94,485.0,59.602,10.6174,10.4967,0.1207,617.97,536.89,14.042,2014,9,3,2014-09,False
2014-09-19,ASIANPAINT,598.79,609.28,598.43,605.21,1293093,1.509,579.94,563.38,485.77,62.878,11.2067,10.6387,0.568,620.85,539.04,14.106,2014,9,3,2014-09,False
2014-09-22,ASIANPAINT,603.49,604.71,585.27,591.66,1317978,-2.239,581.95,564.46,486.46,55.566,10.4597,10.6029,-0.1432,620.88,543.01,13.381,2014,9,3,2014-09,False
2014-09-23,ASIANPAINT,591.44,595.42,569.5,575.39,1416455,-2.75,583.39,565.35,487.07,48.304,8.4574,10.1738,-1.7164,618.78,548.0,12.132,2014,9,3,2014-09,False
2014-09-24,ASIANPAINT,571.04,581.6,566.51,578.16,1688958,0.48,584.82,566.63,487.71,49.511,7.0127,9.5416,-2.5288,616.59,553.04,10.866,2014,9,3,2014-09,False
2014-09-25,ASIANPAINT,581.46,582.82,560.25,562.57,1269854,-2.697,585.04,567.23,488.26,43.36,4.5573,8.5447,-3.9874,616.08,553.99,10.614,2014,9,3,2014-09,False
2014-09-26,ASIANPAINT,560.16,571.9,554.73,568.68,1411716,1.088,585.26,568.07,488.84,46.186,3.0697,7.4497,-4.38,615.74,554.78,10.417,2014,9,3,2014-09,False
2014-09-29,ASIANPAINT,570.13,574.71,565.01,566.96,1331626,-0.303,585.14,568.92,489.41,45.498,1.7318,6.3061,-4.5744,615.9,554.38,10.514,2014,9,3,2014-09,False
2014-09-30,ASIANPAINT,566.51,578.93,564.15,570.63,2073763,0.647,585.46,569.86,490.0,47.3,0.9567,5.2362,-4.2796,615.43,555.48,10.241,2014,9,3,2014-09,False
2014-10-01,ASIANPAINT,571.04,579.65,567.82,572.58,580366,0.342,585.77,570.81,490.61,48.278,0.494,4.2878,-3.7938,615.02,556.53,9.984,2014,10,4,2014-10,False
2014-10-07,ASIANPAINT,566.96,577.88,566.69,570.23,1431462,-0.412,585.7,571.49,491.23,47.139,-0.0622,3.4178,-3.48,615.1,556.31,10.036,2014,10,4,2014-10,False
2014-10-08,ASIANPAINT,566.51,580.83,565.06,575.85,1066246,0.986,585.25,572.09,491.9,50.158,-0.0489,2.7245,-2.7733,614.97,555.53,10.157,2014,10,4,2014-10,False
2014-10-09,ASIANPAINT,580.06,596.28,579.92,593.84,1160688,3.125,584.39,573.06,492.69,58.36,1.3974,2.459,-1.0617,611.87,556.91,9.405,2014,10,4,2014-10,False
2014-10-10,ASIANPAINT,587.9,610.2,583.14,601.18,1533600,1.236,584.38,573.87,493.49,61.168,3.1002,2.5873,0.5129,611.85,556.92,9.401,2014,10,4,2014-10,False
2014-10-13,ASIANPAINT,599.96,602.77,588.26,594.29,1041522,-1.146,584.54,574.23,494.23,57.266,3.8495,2.8397,1.0098,612.21,556.87,9.466,2014,10,4,2014-10,False
2014-10-14,ASIANPAINT,601.77,601.77,584.14,585.63,784209,-1.457,584.15,574.45,494.98,52.715,3.7022,3.0122,0.69,611.5,556.8,9.364,2014,10,4,2014-10,False
2014-10-15,ASIANPAINT,585.63,585.63,585.63,585.63,0,0.0,583.06,574.52,495.72,52.715,3.5445,3.1187,0.4259,608.18,557.95,8.615,2014,10,4,2014-10,False
2014-10-16,ASIANPAINT,585.63,586.86,563.47,567.32,1335184,-3.126,581.53,574.5,496.37,44.115,1.92,2.8789,-0.9589,606.56,556.5,8.608,2014,10,4,2014-10,False
2014-10-17,ASIANPAINT,572.85,583.73,571.04,580.2,1194425,2.269,581.31,574.81,497.08,50.258,1.6522,2.6336,-0.9814,606.3,556.32,8.598,2014,10,4,2014-10,False
2014-10-20,ASIANPAINT,585.54,595.51,584.86,586.99,1135010,1.172,581.46,575.16,497.82,53.186,1.9658,2.5,-0.5343,606.56,556.37,8.632,2014,10,4,2014-10,False
2014-10-21,ASIANPAINT,590.98,592.07,578.75,583.96,1320367,-0.517,580.85,575.39,498.57,51.721,1.9468,2.3894,-0.4426,605.01,556.69,8.319,2014,10,4,2014-10,False
2014-10-22,ASIANPAINT,588.99,596.69,574.26,583.73,3318551,-0.039,579.77,575.48,499.3,51.607,1.8917,2.2898,-0.3981,601.12,558.43,7.363,2014,10,4,2014-10,False
2014-10-27,ASIANPAINT,595.97,597.15,586.63,588.04,1828483,0.738,579.59,575.82,500.04,53.699,2.1704,2.266,-0.0955,600.57,558.61,7.239,2014,10,4,2014-10,False
2014-10-28,ASIANPAINT,588.13,592.43,583.82,586.18,974665,-0.316,580.13,576.37,500.73,52.641,2.2159,2.256,-0.0401,601.21,559.05,7.267,2014,10,4,2014-10,False
2014-10-29,ASIANPAINT,592.75,592.75,581.92,585.91,1472338,-0.046,580.52,576.99,501.48,52.478,2.2045,2.2457,-0.0411,601.73,559.31,7.307,2014,10,4,2014-10,False
2014-10-30,ASIANPAINT,584.32,586.9,581.1,584.37,1961313,-0.263,581.61,577.57,502.21,51.506,2.0476,2.206,-0.1585,601.11,562.11,6.704,2014,10,4,2014-10,False
2014-10-31,ASIANPAINT,586.54,596.42,586.54,595.51,1568966,1.908,582.95,578.35,502.98,57.624,2.7906,2.323,0.4677,602.39,563.51,6.671,2014,10,4,2014-10,False
2014-11-03,ASIANPAINT,599.05,600.95,589.76,592.43,1127612,-0.518,584.22,579.03,503.75,55.538,3.0952,2.4774,0.6178,602.56,565.89,6.278,2014,11,4,2014-11,False
2014-11-05,ASIANPAINT,599.05,602.58,593.7,595.79,2038028,0.566,585.48,579.75,504.53,57.348,3.566,2.6951,0.8709,603.34,567.62,6.1,2014,11,4,2014-11,False
2014-11-07,ASIANPAINT,598.23,598.28,577.39,585.63,1491347,-1.704,586.14,580.34,505.26,50.631,3.0845,2.773,0.3115,602.93,569.34,5.731,2014,11,4,2014-11,False
2014-11-10,ASIANPAINT,585.68,592.79,582.82,588.17,1507972,0.433,587.03,581.03,505.99,52.14,2.8745,2.7933,0.0812,602.07,571.99,5.125,2014,11,4,2014-11,False
2014-11-11,ASIANPAINT,587.58,594.52,584.18,588.53,1412600,0.062,587.67,581.7,506.72,52.364,2.7061,2.7758,-0.0697,601.76,573.57,4.797,2014,11,4,2014-11,False
2014-11-12,ASIANPAINT,588.26,593.43,581.92,583.73,864869,-0.816,587.16,582.34,507.45,49.086,2.1601,2.6527,-0.4926,601.05,573.27,4.73,2014,11,4,2014-11,False
2014-11-13,ASIANPAINT,585.54,590.08,580.11,584.46,1113887,0.124,586.33,583.1,508.16,49.599,1.7656,2.4753,-0.7097,598.58,574.07,4.179,2014,11,4,2014-11,False
2014-11-14,ASIANPAINT,586.36,611.29,582.33,609.29,5337199,4.249,587.08,584.29,508.99,63.254,3.4176,2.6638,0.7539,602.74,571.41,5.337,2014,11,4,2014-11,False
2014-11-17,ASIANPAINT,612.19,629.91,611.83,627.19,2528265,2.938,589.15,585.67,509.92,69.639,6.101,3.3512,2.7498,612.94,565.37,8.074,2014,11,4,2014-11,False
2014-11-18,ASIANPAINT,629.96,637.75,619.17,635.31,1356980,1.293,591.64,587.09,510.9,72.013,8.781,4.4372,4.3438,623.03,560.24,10.612,2014,11,4,2014-11,False
2014-11-19,ASIANPAINT,634.22,635.03,611.92,619.17,1515771,-2.54,594.23,588.09,511.84,61.684,9.4936,5.4484,4.0451,625.73,562.73,10.603,2014,11,4,2014-11,False
2014-11-20,ASIANPAINT,620.71,628.6,616.36,625.92,647552,1.091,596.52,589.32,512.85,64.011,10.4823,6.4552,4.0271,630.29,562.75,11.322,2014,11,4,2014-11,False
2014-11-21,ASIANPAINT,627.06,631.59,620.89,627.37,1211218,0.232,598.53,590.55,513.87,64.509,11.2533,7.4148,3.8384,634.65,562.42,12.069,2014,11,4,2014-11,False
2014-11-24,ASIANPAINT,628.87,629.78,617.0,626.42,1103930,-0.152,600.66,591.64,514.86,63.884,11.6531,8.2625,3.3906,638.14,563.18,12.479,2014,11,4,2014-11,False
2014-11-25,ASIANPAINT,624.47,629.69,618.49,627.01,1054109,0.094,602.82,592.48,515.85,64.116,11.8806,8.9861,2.8945,641.17,564.47,12.724,2014,11,4,2014-11,False
2014-11-26,ASIANPAINT,628.96,643.1,627.33,638.8,1470743,1.879,605.36,593.04,516.91,68.475,12.8634,9.7616,3.1018,646.23,564.49,13.502,2014,11,4,2014-11,False
2014-11-27,ASIANPAINT,643.01,650.81,637.03,639.66,1821915,0.135,608.03,593.81,517.94,68.774,13.5555,10.5204,3.0351,650.58,565.49,13.995,2014,11,4,2014-11,False
2014-11-28,ASIANPAINT,649.08,679.09,648.63,675.01,3400152,5.526,612.49,595.48,519.18,77.989,16.7632,11.7689,4.9943,663.16,561.82,16.547,2014,11,4,2014-11,False
2014-12-01,ASIANPAINT,683.39,727.13,682.62,722.46,3291847,7.03,619.39,598.06,520.67,84.571,22.8706,13.9893,8.8813,688.29,550.5,22.246,2014,12,4,2014-12,False
2014-12-02,ASIANPAINT,722.23,722.23,695.4,697.98,2476843,-3.387,624.52,599.88,522.05,72.525,25.4427,16.2799,9.1627,700.78,548.25,24.423,2014,12,4,2014-12,False
2014-12-03,ASIANPAINT,702.29,720.55,700.66,715.52,1711464,2.513,630.67,602.23,523.5,75.246,28.567,18.7374,9.8297,715.43,545.92,26.878,2014,12,4,2014-12,False
2014-12-04,ASIANPAINT,717.83,724.04,705.15,717.61,1376036,0.291,636.76,604.89,524.91,75.556,30.8556,21.161,9.6946,728.21,545.32,28.722,2014,12,4,2014-12,False
2014-12-05,ASIANPAINT,720.51,722.87,708.59,711.22,588459,-0.89,643.04,607.43,526.3,72.558,31.7873,23.2863,8.5011,736.92,549.16,29.198,2014,12,4,2014-12,False
2014-12-08,ASIANPAINT,719.69,733.83,712.62,719.24,1413437,1.128,649.6,609.89,527.69,73.955,32.7949,25.188,7.6069,745.62,553.57,29.564,2014,12,4,2014-12,False
2014-12-09,ASIANPAINT,722.41,726.31,698.94,708.63,1457128,-1.475,655.6,611.96,529.05,68.956,32.3646,26.6233,5.7413,750.56,560.64,28.969,2014,12,4,2014-12,False
2014-12-10,ASIANPAINT,706.96,706.96,692.91,703.06,1267394,-0.787,661.57,614.19,530.4,66.415,31.214,27.5415,3.6725,752.42,570.71,27.467,2014,12,4,2014-12,False
2014-12-11,ASIANPAINT,709.36,716.47,693.41,697.49,1437194,-0.793,667.22,616.63,531.74,63.879,29.5121,27.9356,1.5765,751.72,582.72,25.329,2014,12,4,2014-12,False
2014-12-12,ASIANPAINT,702.02,711.85,697.94,701.84,1232250,0.624,671.85,619.1,533.15,65.002,28.1895,27.9864,0.2031,753.06,590.63,24.176,2014,12,4,2014-12,False
2014-12-15,ASIANPAINT,697.94,704.83,690.37,695.45,784332,-0.911,675.26,621.76,534.51,61.956,26.3222,27.6535,-1.3313,754.28,596.24,23.404,2014,12,4,2014-12,False
2014-12-16,ASIANPAINT,693.41,695.22,681.62,687.83,910901,-1.095,677.88,624.15,535.82,58.441,23.9519,26.9132,-2.9613,754.78,600.99,22.686,2014,12,4,2014-12,False
2014-12-17,ASIANPAINT,684.43,690.37,651.71,662.86,2346032,-3.63,680.07,626.06,537.02,48.686,19.8299,25.4966,-5.6667,752.28,607.86,21.236,2014,12,4,2014-12,False
2014-12-18,ASIANPAINT,668.21,678.72,666.4,675.23,1127699,1.866,682.53,628.16,538.29,52.883,17.3613,23.8695,-6.5082,750.18,614.89,19.822,2014,12,4,2014-12,False
2014-12-19,ASIANPAINT,686.11,688.56,659.87,664.4,1902149,-1.604,684.39,629.99,539.54,49.097,14.3654,21.9687,-7.6033,747.56,621.22,18.46,2014,12,4,2014-12,False
2014-12-22,ASIANPAINT,662.77,677.73,662.77,675.78,1029222,1.712,686.85,632.1,540.84,52.91,12.7618,20.1273,-7.3655,744.06,629.64,16.659,2014,12,4,2014-12,False
2014-12-23,ASIANPAINT,677.09,680.72,666.58,670.07,669484,-0.845,689.01,633.99,542.08,50.851,10.9046,18.2828,-7.3782,739.59,638.42,14.684,2014,12,4,2014-12,False
2014-12-24,ASIANPAINT,670.84,673.65,657.29,660.28,2337291,-1.461,690.08,635.32,543.26,47.442,8.5442,16.3351,-7.7908,736.95,643.21,13.585,2014,12,4,2014-12,False
2014-12-26,ASIANPAINT,663.5,668.93,654.43,659.01,525701,-0.192,691.05,636.47,544.42,47.002,6.4964,14.3673,-7.8709,734.19,647.91,12.486,2014,12,4,2014-12,False
2014-12-29,ASIANPAINT,660.64,688.24,660.64,686.65,865233,4.195,691.63,638.32,545.73,56.47,7.0233,12.8985,-5.8752,734.17,649.09,12.301,2014,12,4,2014-12,False
2014-12-30,ASIANPAINT,689.78,691.5,675.28,679.77,732669,-1.003,689.5,640.2,547.01,53.887,6.8065,11.6801,-4.8736,729.75,649.25,11.675,2014,12,4,2014-12,False
2014-12-31,ASIANPAINT,679.58,687.02,678.99,681.9,648847,0.313,688.69,642.13,548.28,54.579,6.729,10.6899,-3.9609,728.87,648.51,11.668,2014,12,4,2014-12,False
2015-01-01,ASIANPAINT,680.81,683.89,677.09,679.04,284935,-0.419,686.87,644.36,549.55,53.422,6.3639,9.8247,-3.4608,725.19,648.55,11.158,2015,1,1,2015-01,False
2015-01-02,ASIANPAINT,680.94,708.32,680.94,702.52,2080850,3.457,686.11,646.81,550.94,60.783,7.878,9.4353,-1.5574,722.42,649.8,10.585,2015,1,1,2015-01,False
2015-01-05,ASIANPAINT,706.91,714.16,700.39,702.47,1326999,-0.006,685.68,649.12,552.29,60.763,8.9709,9.3424,-0.3716,720.91,650.44,10.277,2015,1,1,2015-01,False
2015-01-06,ASIANPAINT,702.47,709.72,680.17,685.7,1510720,-2.387,684.0,651.15,553.55,53.731,8.3872,9.1514,-0.7642,715.5,652.5,9.211,2015,1,1,2015-01,False
2015-01-07,ASIANPAINT,691.96,705.51,688.19,699.48,1427667,2.009,683.54,653.47,554.89,58.029,8.9334,9.1078,-0.1744,713.78,653.31,8.847,2015,1,1,2015-01,False
2015-01-08,ASIANPAINT,710.45,745.89,705.28,743.58,2769416,6.304,685.57,656.58,556.39,68.208,12.7773,9.8417,2.9356,725.26,645.87,11.579,2015,1,1,2015-01,False
2015-01-09,ASIANPAINT,750.92,751.42,728.8,736.46,1708427,-0.957,687.52,659.58,557.86,65.45,15.0756,10.8885,4.1871,733.07,641.96,13.251,2015,1,1,2015-01,False
2015-01-12,ASIANPAINT,736.96,741.81,725.31,732.16,1320557,-0.585,689.03,662.51,559.29,63.77,16.361,11.983,4.3781,738.44,639.62,14.343,2015,1,1,2015-01,False
2015-01-13,ASIANPAINT,736.91,763.61,736.1,755.81,3835281,3.231,692.05,665.94,560.82,68.548,19.0689,13.4002,5.6687,749.79,634.31,16.686,2015,1,1,2015-01,False
2015-01-14,ASIANPAINT,761.39,770.45,752.51,763.79,2320114,1.055,695.85,669.3,562.34,69.986,21.6094,15.042,6.5674,761.82,629.87,18.962,2015,1,1,2015-01,False
2015-01-15,ASIANPAINT,769.55,770.45,755.04,760.8,1308063,-0.392,700.74,672.67,563.83,68.717,23.115,16.6566,6.4584,770.82,630.67,20.0,2015,1,1,2015-01,False
2015-01-16,ASIANPAINT,765.83,778.61,761.39,764.52,1568660,0.488,705.21,676.05,565.37,69.458,24.3276,18.1908,6.1368,779.68,630.74,21.12,2015,1,1,2015-01,False
2015-01-19,ASIANPAINT,766.83,768.64,751.92,754.05,1041563,-1.369,709.69,679.41,566.79,64.804,24.1653,19.3857,4.7796,784.61,634.77,21.113,2015,1,1,2015-01,False
2015-01-20,ASIANPAINT,756.86,767.73,756.86,760.66,1314139,0.878,713.93,682.86,568.24,66.339,24.2906,20.3667,3.9239,790.37,637.5,21.411,2015,1,1,2015-01,False
2015-01-21,ASIANPAINT,765.92,775.8,760.66,771.63,1663391,1.442,719.01,686.53,569.72,68.771,24.9868,21.2907,3.6961,796.66,641.37,21.598,2015,1,1,2015-01,False
2015-01-22,ASIANPAINT,776.34,799.14,773.04,786.0,1995155,1.862,725.3,690.57,571.23,71.659,26.3936,22.3113,4.0823,803.28,647.32,21.503,2015,1,1,2015-01,False
2015-01-23,ASIANPAINT,789.31,797.6,779.61,781.42,1531430,-0.582,731.42,694.51,572.72,69.455,26.8299,23.215,3.6149,806.66,656.18,20.574,2015,1,1,2015-01,False
2015-01-27,ASIANPAINT,787.58,809.25,784.5,807.16,1831293,3.294,737.45,698.47,574.3,74.251,28.9194,24.3559,4.5635,816.78,658.11,21.516,2015,1,1,2015-01,False
2015-01-28,ASIANPAINT,809.47,834.81,807.66,825.06,2895714,2.218,744.71,702.42,576.02,76.96,31.655,25.8157,5.8393,828.3,661.12,22.45,2015,1,1,2015-01,False
2015-01-29,ASIANPAINT,828.28,836.17,786.04,798.82,5326269,-3.18,750.56,705.7,577.67,65.998,31.3443,26.9214,4.4229,831.98,669.13,21.696,2015,1,1,2015-01,False
2015-01-30,ASIANPAINT,805.35,805.35,774.17,777.48,3291034,-2.672,755.48,708.86,579.14,58.676,29.0408,27.3453,1.6955,830.33,680.62,19.817,2015,1,1,2015-01,False
2015-02-02,ASIANPAINT,770.45,771.45,728.3,732.47,4808585,-5.788,756.98,710.99,580.42,46.87,23.3151,26.5393,-3.2241,828.49,685.46,18.896,2015,2,1,2015-02,False
2015-02-03,ASIANPAINT,734.01,749.15,726.94,738.46,3048559,0.817,758.78,713.21,581.69,48.358,19.0407,25.0396,-5.9988,826.21,691.34,17.776,2015,2,1,2015-02,False
2015-02-04,ASIANPAINT,743.08,746.16,725.86,728.62,912365,-1.332,760.92,715.26,582.88,46.074,14.6903,22.9697,-8.2794,820.89,700.96,15.761,2015,2,1,2015-02,False
2015-02-05,ASIANPAINT,736.01,749.06,732.38,734.97,1668101,0.871,762.7,717.42,584.13,47.787,11.6206,20.6999,-9.0793,816.82,708.57,14.193,2015,2,1,2015-02,False
2015-02-06,ASIANPAINT,734.2,738.73,714.98,723.0,1668283,-1.628,761.67,719.1,585.3,44.891,8.1287,18.1857,-10.057,818.06,705.28,14.807,2015,2,1,2015-02,False
2015-02-09,ASIANPAINT,716.07,745.07,710.08,728.44,1910672,0.752,761.27,720.88,586.55,46.479,5.734,15.6953,-9.9613,818.52,704.01,15.042,2015,2,1,2015-02,False
2015-02-10,ASIANPAINT,726.85,752.23,725.0,745.25,2235687,2.308,761.92,722.28,587.87,51.164,5.1338,13.583,-8.4492,818.06,705.78,14.737,2015,2,1,2015-02,False
2015-02-11,ASIANPAINT,752.32,765.92,750.51,762.07,1227804,2.256,762.23,723.07,589.25,55.371,5.9464,12.0557,-6.1093,818.3,706.17,14.711,2015,2,1,2015-02,False
2015-02-12,ASIANPAINT,767.73,770.36,742.67,746.66,1974102,-2.022,761.38,724.05,590.56,51.032,5.286,10.7018,-5.4157,817.87,704.89,14.839,2015,2,1,2015-02,False
2015-02-13,ASIANPAINT,747.2,756.81,738.77,749.38,1323475,0.364,760.81,724.72,591.9,51.75,4.9253,9.5465,-4.6211,817.55,704.06,14.917,2015,2,1,2015-02,False
2015-02-16,ASIANPAINT,755.95,763.65,741.45,756.09,1584956,0.895,760.38,725.49,593.31,53.561,5.1217,8.6615,-3.5398,817.14,703.63,14.927,2015,2,1,2015-02,False
2015-02-18,ASIANPAINT,760.57,763.2,742.99,744.21,1448399,-1.57,759.89,726.15,594.65,49.985,4.2699,7.7832,-3.5133,817.05,702.74,15.042,2015,2,1,2015-02,False
2015-02-19,ASIANPAINT,748.7,759.58,748.7,756.04,1216904,1.589,759.66,726.89,596.12,53.328,4.4975,7.1261,-2.6285,816.84,702.48,15.053,2015,2,1,2015-02,False
2015-02-20,ASIANPAINT,756.18,757.85,746.16,748.43,699111,-1.007,758.5,727.69,597.62,50.967,4.0172,6.5043,-2.4871,815.6,701.4,15.055,2015,2,1,2015-02,False
2015-02-23,ASIANPAINT,751.87,755.04,730.66,733.83,1434240,-1.95,755.89,728.3,599.06,46.699,2.431,5.6896,-3.2586,812.46,699.32,14.968,2015,2,1,2015-02,False
2015-02-24,ASIANPAINT,734.2,737.37,723.32,724.72,1141027,-1.241,753.06,728.85,600.42,44.211,0.4339,4.6385,-4.2046,809.92,696.19,15.103,2015,2,1,2015-02,False
2015-02-25,ASIANPAINT,729.84,739.63,729.66,737.69,1537365,1.789,749.58,729.56,601.81,48.422,-0.1018,3.6904,-3.7922,800.74,698.43,13.648,2015,2,1,2015-02,False
2015-02-26,ASIANPAINT,742.17,743.17,713.53,717.79,1600594,-2.697,744.22,730.01,603.07,43.05,-2.1075,2.5308,-4.6383,783.06,705.38,10.438,2015,2,1,2015-02,False
2015-02-27,ASIANPAINT,724.32,733.38,721.6,731.61,1272026,1.926,740.86,730.89,604.42,47.415,-2.5522,1.5142,-4.0664,770.3,711.42,7.949,2015,2,1,2015-02,False
2015-03-02,ASIANPAINT,746.7,752.87,730.57,748.34,1383141,2.286,739.4,732.59,605.9,52.19,-1.5374,0.9039,-2.4413,763.64,715.16,6.556,2015,3,1,2015-03,False
2015-03-03,ASIANPAINT,752.19,763.2,749.79,759.85,1617826,1.538,740.77,734.29,607.43,55.205,0.1934,0.7618,-0.5684,766.41,715.13,6.923,2015,3,1,2015-03,False
2015-03-04,ASIANPAINT,765.47,768.82,754.5,758.49,1600601,-0.179,741.77,736.17,608.89,54.765,1.4388,0.8972,0.5416,768.57,714.97,7.226,2015,3,1,2015-03,False
2015-03-05,ASIANPAINT,758.67,762.79,750.51,755.86,694150,-0.347,743.14,737.77,610.26,53.873,2.1885,1.1555,1.033,769.89,716.38,7.2,2015,3,1,2015-03,False
2015-03-09,ASIANPAINT,754.59,754.59,733.15,736.6,626456,-2.548,743.22,739.1,611.52,47.734,1.2144,1.1672,0.0471,769.88,716.56,7.174,2015,3,1,2015-03,False
2015-03-10,ASIANPAINT,736.91,741.45,726.94,732.34,691298,-0.578,743.68,740.54,612.68,46.472,0.0975,0.9533,-0.8558,769.15,718.21,6.85,2015,3,1,2015-03,False
2015-03-11,ASIANPAINT,741.45,743.21,731.25,733.29,942306,0.13,743.93,742.03,613.97,46.811,-0.7028,0.6221,-1.3248,768.87,718.98,6.706,2015,3,1,2015-03,False
2015-03-12,ASIANPAINT,738.55,738.73,729.84,732.47,979686,-0.111,743.29,742.94,615.23,46.539,-1.3868,0.2203,-1.6071,768.74,717.84,6.848,2015,3,1,2015-03,False
2015-03-13,ASIANPAINT,735.92,742.08,730.21,732.75,837992,0.037,741.82,744.0,616.53,46.65,-1.8852,-0.2008,-1.6844,766.07,717.57,6.537,2015,3,1,2015-03,False
2015-03-16,ASIANPAINT,736.91,757.63,733.29,754.0,1287189,2.901,742.19,745.45,617.93,54.589,-0.5586,-0.2724,-0.2863,766.96,717.42,6.675,2015,3,1,2015-03,False
2015-03-17,ASIANPAINT,760.8,763.16,745.98,753.59,1384999,-0.054,742.4,746.94,619.24,54.422,0.4545,-0.127,0.5815,767.5,717.3,6.761,2015,3,1,2015-03,False
2015-03-18,ASIANPAINT,757.63,757.63,734.2,738.0,1172762,-2.069,741.49,747.65,620.52,48.324,-0.0006,-0.1017,0.1012,765.81,717.18,6.558,2015,3,1,2015-03,False
2015-03-19,ASIANPAINT,746.89,768.5,744.8,756.67,2037801,2.53,742.12,748.73,621.88,54.849,1.1324,0.1451,0.9873,767.35,716.89,6.799,2015,3,1,2015-03,False
2015-03-20,ASIANPAINT,757.76,758.67,730.21,734.15,1245311,-2.977,741.02,749.7,623.2,47.119,0.2104,0.1582,0.0522,765.6,716.45,6.633,2015,3,1,2015-03,False
2015-03-23,ASIANPAINT,739.63,739.63,730.12,735.65,759196,0.204,740.38,750.42,624.53,47.647,-0.3951,0.0475,-0.4426,764.81,715.95,6.599,2015,3,1,2015-03,False
2015-03-24,ASIANPAINT,733.88,742.81,732.02,737.19,755974,0.209,740.55,750.3,625.93,48.22,-0.7421,-0.1104,-0.6317,764.84,716.27,6.559,2015,3,1,2015-03,False
2015-03-25,ASIANPAINT,737.64,740.86,727.4,732.84,834390,-0.59,740.96,750.22,627.32,46.666,-1.3525,-0.3588,-0.9937,764.39,717.53,6.324,2015,3,1,2015-03,False
2015-03-26,ASIANPAINT,727.85,739.54,714.25,718.88,1516627,-1.905,740.02,749.96,628.64,41.992,-2.9289,-0.8729,-2.0561,765.42,714.61,6.867,2015,3,1,2015-03,False
2015-03-27,ASIANPAINT,718.79,718.79,696.22,705.33,1557785,-1.885,739.39,748.95,629.88,38.011,-5.2116,-1.7406,-3.471,767.56,711.23,7.618,2015,3,1,2015-03,False
2015-03-30,ASIANPAINT,707.09,733.97,707.05,731.88,847421,3.765,739.41,748.31,631.26,48.346,-4.822,-2.3569,-2.4651,767.56,711.26,7.614,2015,3,1,2015-03,False
2015-03-31,ASIANPAINT,732.29,740.54,726.99,735.37,947718,0.477,738.76,747.8,632.65,49.537,-4.1835,-2.7222,-1.4613,766.64,710.88,7.548,2015,3,1,2015-03,False
2015-04-01,ASIANPAINT,734.2,748.61,728.3,744.8,898480,1.282,738.01,747.41,634.09,52.708,-2.8835,-2.7545,-0.1291,764.25,711.76,7.113,2015,4,2,2015-04,False
2015-04-06,ASIANPAINT,751.42,753.59,742.35,747.34,687263,0.341,737.45,747.27,635.56,53.554,-1.6297,-2.5295,0.8998,762.3,712.6,6.74,2015,4,2,2015-04,False
2015-04-07,ASIANPAINT,747.2,760.3,744.17,757.04,769528,1.298,737.51,747.2,636.97,56.739,0.1448,-1.9947,2.1395,762.55,712.47,6.791,2015,4,2,2015-04,False
2015-04-08,ASIANPAINT,762.29,774.08,761.39,767.6,982733,1.395,739.06,747.12,638.41,59.96,2.3759,-1.1206,3.4964,767.47,710.64,7.689,2015,4,2,2015-04,False
2015-04-09,ASIANPAINT,774.98,775.89,762.29,773.31,1019655,0.744,741.11,746.87,639.84,61.623,4.5523,0.014,4.5383,773.16,709.06,8.649,2015,4,2,2015-04,False
2015-04-10,ASIANPAINT,773.17,781.06,764.29,779.02,802074,0.738,743.39,746.82,641.27,63.267,6.6611,1.3434,5.3177,779.38,707.41,9.681,2015,4,2,2015-04,False
2015-04-13,ASIANPAINT,779.52,784.55,772.63,781.37,805167,0.303,745.84,746.3,642.74,63.953,8.4255,2.7598,5.6656,785.19,706.49,10.551,2015,4,2,2015-04,False
2015-04-15,ASIANPAINT,781.01,782.24,756.86,760.53,1279621,-2.668,747.23,745.01,644.11,54.292,8.0487,3.8176,4.2311,786.59,707.86,10.536,2015,4,2,2015-04,False
2015-04-16,ASIANPAINT,756.86,758.53,734.74,745.3,1366075,-2.002,746.79,743.94,645.3,48.525,6.447,4.3435,2.1035,786.03,707.55,10.509,2015,4,2,2015-04,False
2015-04-17,ASIANPAINT,745.3,751.96,738.73,740.36,685338,-0.663,746.13,743.2,646.48,46.789,4.7246,4.4197,0.3049,785.33,706.93,10.508,2015,4,2,2015-04,False
2015-04-20,ASIANPAINT,741.45,742.63,725.13,733.24,920198,-0.961,745.89,743.21,647.58,44.329,2.7537,4.0865,-1.3328,785.36,706.42,10.583,2015,4,2,2015-04,False
2015-04-21,ASIANPAINT,737.32,740.45,717.88,721.96,652649,-1.539,744.16,742.88,648.62,40.676,0.2779,3.3248,-3.0469,784.67,703.65,10.888,2015,4,2,2015-04,False
2015-04-22,ASIANPAINT,725.13,730.57,697.21,711.94,1779318,-1.387,743.05,742.55,649.58,37.706,-2.4639,2.167,-4.631,785.86,700.23,11.525,2015,4,2,2015-04,False
2015-04-23,ASIANPAINT,718.88,734.2,711.54,712.8,1275295,0.121,741.9,742.11,650.53,38.125,-4.5153,0.8306,-5.3459,786.73,697.08,12.083,2015,4,2,2015-04,False
2015-04-24,ASIANPAINT,718.33,718.33,693.45,699.16,1123939,-1.914,740.0,741.63,651.37,34.206,-7.1593,-0.7674,-6.3919,788.72,691.28,13.167,2015,4,2,2015-04,False
2015-04-27,ASIANPAINT,702.47,702.47,671.25,675.1,1625216,-3.442,737.12,740.56,652.1,28.618,-11.069,-2.8277,-8.2413,793.81,680.42,15.384,2015,4,2,2015-04,False
2015-04-28,ASIANPAINT,672.51,696.72,661.68,693.81,2052761,2.773,735.86,739.53,652.93,37.21,-12.5128,-4.7647,-7.7481,795.3,676.43,16.154,2015,4,2,2015-04,False
2015-04-29,ASIANPAINT,691.68,691.68,679.81,683.8,1445757,-1.444,734.79,737.97,653.66,34.796,-14.3004,-6.6719,-7.6285,797.25,672.32,17.003,2015,4,2,2015-04,False
2015-04-30,ASIANPAINT,679.18,698.71,677.27,691.1,2260678,1.067,732.75,736.86,654.48,37.954,-14.9559,-8.3287,-6.6272,798.21,667.29,17.866,2015,4,2,2015-04,False
2015-05-04,ASIANPAINT,697.8,708.36,692.5,706.46,1071772,2.223,731.3,736.0,655.37,44.093,-14.0734,-9.4776,-4.5958,797.78,664.82,18.182,2015,5,2,2015-05,False
2015-05-05,ASIANPAINT,707.0,711.4,696.72,708.27,952716,0.257,729.48,735.04,656.28,44.787,-13.0771,-10.1975,-2.8795,796.4,662.55,18.349,2015,5,2,2015-05,False
2015-05-06,ASIANPAINT,706.1,706.1,679.95,689.65,1616619,-2.63,726.59,733.95,657.07,39.377,-13.6333,-10.8847,-2.7486,795.23,657.95,18.893,2015,5,2,2015-05,False
2015-05-07,ASIANPAINT,682.8,701.07,666.08,694.09,1718402,0.644,723.44,732.71,657.86,41.201,-13.5594,-11.4196,-2.1398,791.97,654.91,18.946,2015,5,2,2015-05,False
2015-05-08,ASIANPAINT,700.66,701.93,682.3,688.33,1127201,-0.829,719.48,731.51,658.63,39.541,-13.8062,-11.8969,-1.9093,786.41,652.55,18.605,2015,5,2,2015-05,False
2015-05-11,ASIANPAINT,696.13,703.56,681.53,699.43,976348,1.613,715.79,730.82,659.44,44.211,-12.9564,-12.1088,-0.8476,778.21,653.36,17.442,2015,5,2,2015-05,False
2015-05-12,ASIANPAINT,700.48,700.52,683.44,687.38,1137027,-1.724,711.2,730.08,660.23,40.549,-13.1047,-12.308,-0.7967,767.21,655.2,15.749,2015,5,2,2015-05,False
2015-05-13,ASIANPAINT,688.01,702.47,687.97,691.14,839420,0.547,706.69,729.15,661.11,42.159,-12.7714,-12.4007,-0.3707,752.51,660.88,12.966,2015,5,2,2015-05,False
2015-05-14,ASIANPAINT,690.69,727.85,684.34,721.91,1975784,4.452,704.76,729.23,662.06,53.301,-9.91,-11.9025,1.9926,743.77,665.75,11.071,2015,5,2,2015-05,False
2015-05-15,ASIANPAINT,726.94,741.45,711.54,716.34,1503598,-0.772,703.31,728.92,663.01,51.37,-7.9998,-11.122,3.1222,737.89,668.74,9.832,2015,5,2,2015-05,False
2015-05-18,ASIANPAINT,722.28,741.45,690.69,694.99,6759860,-2.98,701.05,727.86,663.86,44.695,-8.115,-10.5206,2.4056,731.03,671.06,8.555,2015,5,2,2015-05,False
2015-05-19,ASIANPAINT,687.06,706.37,679.81,702.24,3903935,1.043,699.5,726.7,664.75,47.205,-7.5342,-9.9233,2.3891,725.4,673.59,7.408,2015,5,2,2015-05,False
2015-05-20,ASIANPAINT,703.06,705.14,692.64,699.03,1793967,-0.458,698.35,725.51,665.62,46.203,-7.25,-9.3887,2.1386,722.0,674.69,6.774,2015,5,2,2015-05,False
2015-05-21,ASIANPAINT,697.94,706.82,694.36,704.47,1678041,0.778,697.98,724.49,666.46,48.204,-6.511,-8.8131,2.3022,720.95,675.0,6.584,2015,5,2,2015-05,False
2015-05-22,ASIANPAINT,702.47,706.82,699.03,702.83,1039136,-0.232,697.48,723.81,667.25,47.632,-5.9878,-8.2481,2.2602,719.51,675.44,6.318,2015,5,2,2015-05,False
2015-05-25,ASIANPAINT,703.33,705.87,683.8,690.6,1282826,-1.741,697.05,722.98,667.97,43.463,-6.4859,-7.8956,1.4097,719.28,674.82,6.378,2015,5,2,2015-05,False
2015-05-26,ASIANPAINT,690.78,697.03,684.84,692.05,906103,0.21,697.9,722.15,668.63,44.087,-6.6865,-7.6538,0.9673,717.77,678.02,5.695,2015,5,2,2015-05,False
2015-05-27,ASIANPAINT,690.69,690.73,683.8,688.2,792609,-0.557,697.61,721.27,669.19,42.737,-7.0748,-7.538,0.4632,717.89,677.34,5.811,2015,5,2,2015-05,False
2015-05-28,ASIANPAINT,689.01,698.85,687.52,695.54,1051538,1.067,698.2,720.52,669.79,46.124,-6.7127,-7.3729,0.6603,717.44,678.96,5.511,2015,5,2,2015-05,False
2015-05-29,ASIANPAINT,696.58,720.6,696.13,713.39,2583950,2.567,699.32,719.71,670.45,53.352,-4.928,-6.8839,1.9559,719.39,679.24,5.741,2015,5,2,2015-05,False
2015-06-01,ASIANPAINT,714.07,720.33,712.71,715.84,713447,0.343,699.79,718.95,671.19,54.258,-3.2784,-6.1628,2.8844,720.97,678.6,6.054,2015,6,2,2015-06,False
2015-06-02,ASIANPAINT,715.25,719.96,685.25,688.15,1014316,-3.868,698.78,717.96,671.81,43.877,-4.1576,-5.7618,1.6042,720.18,677.38,6.124,2015,6,2,2015-06,False
2015-06-03,ASIANPAINT,691.59,695.22,679.81,691.32,867736,0.461,698.86,716.65,672.42,45.171,-4.546,-5.5186,0.9727,720.12,677.61,6.084,2015,6,2,2015-06,False
2015-06-04,ASIANPAINT,692.41,694.31,681.44,688.51,820596,-0.406,698.58,715.74,673.0,44.199,-5.0226,-5.4194,0.3968,720.25,676.92,6.202,2015,6,2,2015-06,False
2015-06-05,ASIANPAINT,687.97,693.95,681.62,687.79,830300,-0.105,698.56,714.78,673.54,43.936,-5.3966,-5.4149,0.0182,720.28,676.84,6.218,2015,6,2,2015-06,False
2015-06-08,ASIANPAINT,687.97,688.87,675.28,678.0,795683,-1.423,697.49,713.6,674.07,40.44,-6.4091,-5.6137,-0.7954,721.06,673.91,6.76,2015,6,2,2015-06,False
2015-06-09,ASIANPAINT,675.1,680.9,661.68,666.85,998511,-1.644,696.46,712.28,674.61,36.844,-8.0186,-6.0947,-1.9239,723.43,669.49,7.745,2015,6,2,2015-06,False
2015-06-10,ASIANPAINT,667.12,675.37,665.85,669.98,803748,0.469,695.4,711.3,675.19,38.496,-8.9388,-6.6635,-2.2753,724.8,666.0,8.456,2015,6,2,2015-06,False
2015-06-11,ASIANPAINT,670.02,674.1,636.76,642.1,1453089,-4.16,691.41,710.03,675.62,30.771,-11.7814,-7.6871,-4.0943,726.73,656.09,10.216,2015,6,2,2015-06,False
2015-06-12,ASIANPAINT,642.65,655.16,636.3,639.61,1168519,-0.388,687.57,708.19,676.04,30.187,-14.073,-8.9643,-5.1087,727.82,647.33,11.706,2015,6,2,2015-06,False
2015-06-15,ASIANPAINT,647.86,652.07,631.23,633.18,1244078,-1.006,684.48,706.14,676.41,28.675,-16.2214,-10.4157,-5.8057,731.29,637.68,13.676,2015,6,2,2015-06,False
2015-06-16,ASIANPAINT,635.35,639.93,628.15,638.98,2765685,0.916,681.32,704.03,676.81,31.982,-17.2571,-11.784,-5.4731,731.5,631.14,14.73,2015,6,2,2015-06,False
2015-06-17,ASIANPAINT,641.74,651.89,639.02,644.14,2215497,0.809,678.58,701.96,677.25,34.878,-17.4596,-12.9191,-4.5405,730.65,626.51,15.347,2015,6,2,2015-06,False
2015-06-18,ASIANPAINT,651.67,665.63,651.67,660.73,1908157,2.575,676.39,700.04,677.78,43.234,-16.0962,-13.5545,-2.5417,727.55,625.23,15.127,2015,6,2,2015-06,False
2015-06-19,ASIANPAINT,665.13,675.19,661.46,670.75,1783890,1.516,674.78,698.1,678.36,47.605,-14.0455,-13.6527,-0.3928,724.44,625.13,14.718,2015,6,2,2015-06,False
2015-06-22,ASIANPAINT,674.96,681.22,663.95,677.73,1350579,1.041,674.14,696.19,678.99,50.468,-11.7221,-13.2666,1.5445,723.27,625.02,14.574,2015,6,2,2015-06,False
2015-06-23,ASIANPAINT,679.81,688.87,672.24,685.7,980083,1.177,673.82,694.32,679.69,53.588,-9.1318,-12.4396,3.3078,722.54,625.11,14.46,2015,6,2,2015-06,False
2015-06-24,ASIANPAINT,685.43,692.63,673.85,687.02,2982650,0.193,673.77,692.44,680.37,54.105,-6.8929,-11.3303,4.4374,722.41,625.12,14.44,2015,6,2,2015-06,False
2015-06-25,ASIANPAINT,686.43,692.63,679.23,683.88,1858338,-0.458,673.18,690.9,681.0,52.606,-5.3111,-10.1264,4.8154,721.0,625.36,14.208,2015,6,2,2015-06,False
2015-06-26,ASIANPAINT,678.32,688.16,678.05,683.92,764357,0.007,671.71,689.68,681.6,52.626,-4.0076,-8.9027,4.8951,716.0,627.42,13.187,2015,6,2,2015-06,False
2015-06-29,ASIANPAINT,677.32,677.32,663.19,671.57,1100309,-1.806,669.5,688.3,682.11,46.732,-3.926,-7.9073,3.9813,708.62,630.37,11.689,2015,6,2,2015-06,False
2015-06-30,ASIANPAINT,671.85,692.36,671.85,688.57,1348105,2.532,669.52,687.41,682.73,54.316,-2.4612,-6.8181,4.3569,708.69,630.35,11.701,2015,6,2,2015-06,False
2015-07-01,ASIANPAINT,690.49,697.92,688.35,693.54,1025215,0.722,669.63,686.84,683.37,56.275,-0.8891,-5.6323,4.7432,709.07,630.19,11.78,2015,7,3,2015-07,False
2015-07-02,ASIANPAINT,695.64,704.21,693.82,695.46,973819,0.276,669.98,686.51,683.99,57.04,0.5054,-4.4048,4.9102,710.23,629.72,12.017,2015,7,3,2015-07,False
2015-07-03,ASIANPAINT,694.64,709.59,691.35,704.39,1068877,1.285,670.81,686.34,684.59,60.51,2.3048,-3.0628,5.3677,713.23,628.38,12.65,2015,7,3,2015-07,False
2015-07-06,ASIANPAINT,697.37,716.65,694.64,714.28,652931,1.404,672.62,686.64,685.1,63.979,4.4774,-1.5548,6.0322,719.24,626.0,13.862,2015,7,3,2015-07,False
2015-07-07,ASIANPAINT,722.9,754.71,720.21,751.7,2464459,5.239,676.86,688.17,685.86,73.473,9.1137,0.5789,8.5348,735.23,618.49,17.248,2015,7,3,2015-07,False
2015-07-08,ASIANPAINT,747.33,761.18,726.86,731.33,1933525,-2.71,679.93,688.93,686.56,63.638,11.017,2.6665,8.3505,743.03,616.83,18.562,2015,7,3,2015-07,False
2015-07-09,ASIANPAINT,738.39,742.86,724.72,726.5,613555,-0.661,684.15,689.78,687.22,61.535,11.9972,4.5326,7.4645,747.89,620.41,18.633,2015,7,3,2015-07,False
2015-07-10,ASIANPAINT,734.75,734.75,712.59,724.99,1027281,-0.207,688.42,690.46,687.81,60.86,12.5084,6.1278,6.3806,751.02,625.81,18.188,2015,7,3,2015-07,False
2015-07-13,ASIANPAINT,734.02,748.6,732.28,745.37,1275702,2.81,694.03,691.24,688.55,66.256,14.3917,7.7806,6.6111,755.89,632.16,17.828,2015,7,3,2015-07,False
2015-07-14,ASIANPAINT,750.24,754.62,738.67,749.97,780973,0.618,699.58,692.07,689.37,67.351,16.0705,9.4386,6.6319,760.56,638.6,17.433,2015,7,3,2015-07,False
2015-07-15,ASIANPAINT,753.43,766.2,750.47,763.78,1095558,1.841,705.56,693.55,690.27,70.449,18.3043,11.2117,7.0926,767.11,644.01,17.447,2015,7,3,2015-07,False
2015-07-16,ASIANPAINT,777.59,778.78,768.75,773.08,1169553,1.217,711.18,695.13,691.16,72.352,20.5876,13.0869,7.5007,775.92,646.43,18.209,2015,7,3,2015-07,False
2015-07-17,ASIANPAINT,776.5,777.04,750.93,752.43,1089597,-2.671,715.26,696.41,691.89,62.699,20.4948,14.5685,5.9263,779.57,650.95,17.983,2015,7,3,2015-07,False
2015-07-20,ASIANPAINT,756.62,780.28,754.12,776.95,1437246,3.259,720.22,697.96,692.82,68.136,22.1447,16.0837,6.061,787.58,652.86,18.705,2015,7,3,2015-07,False
2015-07-21,ASIANPAINT,777.59,792.81,739.4,743.91,4611552,-4.253,723.13,699.09,693.66,56.239,20.5489,16.9767,3.5721,789.23,657.04,18.281,2015,7,3,2015-07,False
2015-07-22,ASIANPAINT,747.51,770.3,747.51,768.75,2035530,3.339,727.22,700.65,694.61,61.659,21.046,17.7906,3.2554,794.02,660.42,18.371,2015,7,3,2015-07,False
2015-07-23,ASIANPAINT,771.21,776.5,762.19,771.67,1188579,0.379,731.61,701.64,695.66,62.25,21.4284,18.5182,2.9102,797.95,665.26,18.136,2015,7,3,2015-07,False
2015-07-24,ASIANPAINT,776.68,780.33,770.3,773.94,1132540,0.295,736.11,702.79,696.69,62.733,21.6656,19.1476,2.5179,801.03,671.19,17.639,2015,7,3,2015-07,False
2015-07-27,ASIANPAINT,772.12,783.61,762.09,777.73,1153262,0.489,741.42,704.45,697.74,63.568,21.9063,19.6994,2.2069,801.28,681.55,16.149,2015,7,3,2015-07,False
2015-07-28,ASIANPAINT,781.24,782.33,752.07,761.32,1009835,-2.11,745.05,705.63,698.69,57.55,20.5363,19.8668,0.6696,800.04,690.06,14.761,2015,7,3,2015-07,False
2015-07-29,ASIANPAINT,760.64,777.41,753.21,771.98,1010065,1.401,748.98,707.09,699.69,60.188,20.0797,19.9094,0.1704,799.51,698.45,13.493,2015,7,3,2015-07,False
2015-07-30,ASIANPAINT,773.03,789.85,772.58,781.74,1318726,1.263,753.29,708.63,700.75,62.484,20.2713,19.9817,0.2895,799.09,707.49,12.16,2015,7,3,2015-07,False
2015-07-31,ASIANPAINT,788.07,806.76,779.55,804.76,1842105,2.944,758.31,710.67,701.89,67.28,22.0265,20.3907,1.6358,803.54,713.08,11.93,2015,7,3,2015-07,False
2015-08-03,ASIANPAINT,802.2,809.5,797.65,799.93,763822,-0.6,762.59,712.86,702.92,65.391,22.7653,20.8656,1.8997,806.47,718.71,11.508,2015,8,3,2015-08,False
2015-08-04,ASIANPAINT,805.85,828.5,800.52,825.63,2178289,3.214,766.29,715.53,704.05,70.188,25.1354,21.7196,3.4158,818.05,714.52,13.51,2015,8,3,2015-08,False
2015-08-05,ASIANPAINT,824.99,844.87,807.45,841.68,2003128,1.943,771.8,718.6,705.28,72.729,27.9857,22.9728,5.0129,830.89,712.72,15.31,2015,8,3,2015-08,False
2015-08-06,ASIANPAINT,838.67,842.77,829.64,835.11,923303,-0.78,777.24,721.39,706.53,70.097,29.3763,24.2535,5.1228,838.7,715.77,15.816,2015,8,3,2015-08,False
2015-08-07,ASIANPAINT,830.46,842.68,816.06,819.21,1416068,-1.905,781.95,723.51,707.7,64.047,28.8621,25.1752,3.6869,840.94,722.95,15.09,2015,8,3,2015-08,False
2015-08-10,ASIANPAINT,823.63,835.25,816.24,822.4,732357,0.389,785.8,725.64,708.97,64.705,28.3849,25.8172,2.5677,844.8,726.8,15.017,2015,8,3,2015-08,False
2015-08-11,ASIANPAINT,824.99,826.77,803.12,805.3,1091087,-2.078,788.56,727.98,710.1,58.526,26.324,25.9185,0.4055,845.65,731.48,14.478,2015,8,3,2015-08,False
2015-08-12,ASIANPAINT,811.32,816.33,790.35,794.32,721554,-1.364,790.09,730.04,711.14,54.898,23.5331,25.4414,-1.9084,846.01,734.18,14.154,2015,8,3,2015-08,False
2015-08-13,ASIANPAINT,795.05,808.54,786.11,797.05,1251179,0.344,791.29,732.21,712.2,55.635,21.2964,24.6124,-3.316,846.7,735.89,14.004,2015,8,3,2015-08,False
2015-08-14,ASIANPAINT,802.2,820.44,801.79,816.11,880842,2.39,794.47,734.78,713.36,60.483,20.8212,23.8542,-3.033,847.75,741.19,13.413,2015,8,3,2015-08,False
2015-08-17,ASIANPAINT,823.63,827.05,815.88,820.48,577133,0.536,796.65,737.63,714.52,61.523,20.5607,23.1955,-2.6348,850.47,742.83,13.512,2015,8,3,2015-08,False
2015-08-18,ASIANPAINT,826.77,834.02,813.05,821.67,622790,0.144,800.54,740.73,715.7,61.816,20.2168,22.5998,-2.383,849.31,751.76,12.186,2015,8,3,2015-08,False
2015-08-19,ASIANPAINT,819.07,822.81,803.66,820.21,618923,-0.178,803.11,743.73,716.87,61.198,19.6006,21.9999,-2.3993,850.23,756.0,11.733,2015,8,3,2015-08,False
2015-08-20,ASIANPAINT,824.99,833.43,801.79,805.12,1404599,-1.839,804.78,746.99,717.98,55.067,17.691,21.1381,-3.4472,849.51,760.05,11.116,2015,8,3,2015-08,False
2015-08-21,ASIANPAINT,797.65,814.06,787.62,808.36,905933,0.402,806.5,750.37,719.04,56.083,16.2514,20.1608,-3.9094,848.82,764.19,10.494,2015,8,3,2015-08,False
2015-08-24,ASIANPAINT,782.15,799.65,752.52,763.46,1176140,-5.554,805.79,752.97,719.9,41.918,11.3568,18.4,-7.0432,850.56,761.02,11.112,2015,8,3,2015-08,False
2015-08-25,ASIANPAINT,774.86,789.44,739.99,776.82,1329631,1.749,806.57,755.73,720.8,46.266,8.458,16.4116,-7.9536,848.54,764.59,10.409,2015,8,3,2015-08,False
2015-08-26,ASIANPAINT,775.77,791.36,772.12,776.59,1265081,-0.029,806.8,758.38,721.76,46.202,6.0722,14.3437,-8.2715,848.02,765.57,10.219,2015,8,3,2015-08,False
2015-08-27,ASIANPAINT,783.97,788.53,775.31,779.41,1335712,0.364,806.68,760.75,722.71,47.172,4.3593,12.3468,-7.9875,848.21,765.15,10.297,2015,8,3,2015-08,False
2015-08-28,ASIANPAINT,790.22,796.83,774.86,782.38,1077558,0.38,805.56,762.98,723.68,48.225,3.2039,10.5182,-7.3143,848.49,762.63,10.659,2015,8,3,2015-08,False
2015-08-31,ASIANPAINT,781.24,786.48,770.34,773.58,1260477,-1.124,804.24,764.9,724.63,45.335,1.5604,8.7267,-7.1662,849.46,759.03,11.245,2015,8,3,2015-08,False
2015-09-01,ASIANPAINT,769.39,769.48,731.83,746.69,1438466,-3.476,800.3,766.12,725.44,37.866,-1.8902,6.6033,-8.4935,851.09,749.5,12.694,2015,9,3,2015-09,False
2015-09-02,ASIANPAINT,756.53,756.62,728.5,734.75,1500676,-1.599,794.95,767.08,726.07,35.1,-5.5248,4.1777,-9.7025,849.76,740.14,13.789,2015,9,3,2015-09,False
2015-09-03,ASIANPAINT,742.95,759.36,735.2,753.53,887079,2.556,790.87,768.47,726.7,42.244,-6.8114,1.9799,-8.7913,845.24,736.51,13.748,2015,9,3,2015-09,False
2015-09-04,ASIANPAINT,751.16,751.16,721.98,740.99,1101752,-1.663,786.96,769.61,727.23,39.146,-8.7417,-0.1645,-8.5773,843.93,729.99,14.479,2015,9,3,2015-09,False
2015-09-07,ASIANPAINT,742.95,747.46,715.65,718.34,874378,-3.057,781.76,770.54,727.73,34.258,-11.9615,-2.5239,-9.4377,843.88,719.64,15.892,2015,9,3,2015-09,False
2015-09-08,ASIANPAINT,721.16,729.28,709.22,721.53,1489813,0.444,777.57,771.2,728.2,35.48,-14.0934,-4.8378,-9.2556,844.14,711.0,17.123,2015,9,3,2015-09,False
2015-09-09,ASIANPAINT,729.28,750.15,725.63,748.56,1412900,3.746,775.28,772.3,728.81,44.836,-13.4468,-6.5596,-6.8872,842.57,707.99,17.359,2015,9,3,2015-09,False
2015-09-10,ASIANPAINT,744.77,744.77,729.55,736.52,887236,-1.608,772.25,773.13,729.36,41.921,-13.747,-7.9971,-5.7499,840.85,703.65,17.766,2015,9,3,2015-09,False
2015-09-11,ASIANPAINT,742.95,751.98,738.89,744.0,1034469,1.015,768.65,773.92,729.95,44.342,-13.2291,-9.0435,-4.1857,835.09,702.21,17.288,2015,9,3,2015-09,False
2015-09-14,ASIANPAINT,749.33,767.93,746.6,765.97,1115176,2.953,765.92,774.95,730.58,50.828,-10.9201,-9.4188,-1.5013,827.72,704.12,16.137,2015,9,3,2015-09,False
2015-09-15,ASIANPAINT,765.83,773.03,750.79,757.63,832597,-1.089,762.72,775.07,731.17,48.516,-9.652,-9.4654,-0.1866,818.72,706.72,14.685,2015,9,3,2015-09,False
2015-09-16,ASIANPAINT,765.74,765.74,745.78,751.11,665278,-0.86,759.27,775.47,731.55,46.728,-9.0684,-9.386,0.3176,808.44,710.09,12.954,2015,9,3,2015-09,False
2015-09-18,ASIANPAINT,752.98,774.77,751.16,766.7,1139255,2.075,757.34,776.27,731.77,51.347,-7.2643,-8.9617,1.6974,801.75,712.94,11.727,2015,9,3,2015-09,False
2015-09-21,ASIANPAINT,764.19,764.19,751.15,756.35,688544,-1.35,754.74,776.9,732.06,48.35,-6.5935,-8.4881,1.8946,792.11,717.38,9.9,2015,9,3,2015-09,False
2015-09-22,ASIANPAINT,757.72,765.19,731.19,733.56,826254,-3.013,753.25,776.66,732.15,42.47,-7.8107,-8.3526,0.5419,791.52,714.98,10.162,2015,9,3,2015-09,False
2015-09-23,ASIANPAINT,724.81,732.92,716.61,723.9,1281278,-1.317,750.6,776.14,732.19,40.236,-9.4462,-8.5713,-0.8749,789.33,711.88,10.319,2015,9,3,2015-09,False
2015-09-24,ASIANPAINT,724.63,742.04,715.92,735.07,1503108,1.543,748.53,775.56,732.31,43.909,-9.7291,-8.8029,-0.9263,785.82,711.24,9.963,2015,9,3,2015-09,False
2015-09-28,ASIANPAINT,738.39,741.13,720.21,724.22,739132,-1.476,745.77,774.59,732.33,41.256,-10.7053,-9.1834,-1.5219,781.57,709.96,9.602,2015,9,3,2015-09,False
2015-09-29,ASIANPAINT,713.78,738.3,711.04,733.65,1366194,1.303,743.33,774.21,732.46,44.402,-10.5954,-9.4658,-1.1297,775.04,711.62,8.532,2015,9,3,2015-09,False
2015-09-30,ASIANPAINT,736.57,770.21,736.48,767.2,1734244,4.573,743.01,774.02,732.78,53.862,-7.7125,-9.1151,1.4026,773.55,712.48,8.22,2015,9,3,2015-09,False
2015-10-01,ASIANPAINT,771.03,773.94,762.23,765.42,633622,-0.232,743.95,774.45,733.12,53.344,-5.5077,-8.3936,2.8859,776.07,711.83,8.635,2015,10,4,2015-10,False
2015-10-05,ASIANPAINT,768.48,781.19,767.93,779.78,882680,1.876,746.2,774.67,733.51,56.945,-2.5722,-7.2294,4.6571,781.74,710.66,9.524,2015,10,4,2015-10,False
2015-10-06,ASIANPAINT,783.88,787.71,774.58,778.23,779669,-0.199,747.44,774.8,733.92,56.439,-0.3667,-5.8568,5.4902,785.66,709.21,10.228,2015,10,4,2015-10,False
2015-10-07,ASIANPAINT,779.41,791.27,776.86,788.58,983606,1.329,749.81,775.09,734.42,59.056,2.1909,-4.2473,6.4382,792.06,707.57,11.269,2015,10,4,2015-10,False
2015-10-08,ASIANPAINT,788.53,802.16,783.97,796.87,952597,1.052,753.74,775.47,735.09,61.076,4.8315,-2.4315,7.263,798.21,709.27,11.799,2015,10,4,2015-10,False
2015-10-09,ASIANPAINT,799.01,806.12,771.39,778.32,1362132,-2.328,756.58,775.81,735.61,54.591,5.3654,-0.8721,6.2375,799.62,713.54,11.377,2015,10,4,2015-10,False
2015-10-12,ASIANPAINT,781.24,788.53,771.26,783.29,773525,0.638,758.32,776.04,736.2,55.94,6.1189,0.5261,5.5928,802.77,713.86,11.724,2015,10,4,2015-10,False
2015-10-13,ASIANPAINT,786.43,791.08,781.47,788.85,800729,0.71,760.93,776.18,736.77,57.464,7.0831,1.8375,5.2456,806.14,715.73,11.882,2015,10,4,2015-10,False
2015-10-14,ASIANPAINT,787.53,792.63,784.02,786.02,404366,-0.358,763.04,775.81,737.35,56.396,7.5324,2.9764,4.5559,808.83,717.24,12.003,2015,10,4,2015-10,False
2015-10-15,ASIANPAINT,789.44,800.61,787.8,793.13,623054,0.905,764.39,775.67,738.01,58.486,8.3657,4.0543,4.3114,812.12,716.66,12.489,2015,10,4,2015-10,False
2015-10-16,ASIANPAINT,794.87,806.94,789.08,804.48,658119,1.431,766.74,775.25,738.74,61.645,9.8287,5.2092,4.6195,817.57,715.9,13.259,2015,10,4,2015-10,False
2015-10-19,ASIANPAINT,804.48,813.51,790.35,801.52,1247569,-0.368,769.26,774.45,739.31,60.354,10.6265,6.2927,4.3339,821.8,716.72,13.66,2015,10,4,2015-10,False
2015-10-20,ASIANPAINT,796.73,810.32,795.41,798.06,1806905,-0.432,770.82,773.71,739.91,58.803,10.8542,7.205,3.6492,824.89,716.76,14.028,2015,10,4,2015-10,False
2015-10-21,ASIANPAINT,796.73,803.62,772.99,780.55,1442218,-2.193,772.04,772.93,740.4,51.59,9.5126,7.6665,1.8461,825.82,718.25,13.934,2015,10,4,2015-10,False
2015-10-23,ASIANPAINT,786.71,789.53,775.22,782.7,2540806,0.274,774.49,772.14,740.92,52.36,8.524,7.838,0.686,825.28,723.7,13.116,2015,10,4,2015-10,False
2015-10-26,ASIANPAINT,756.67,769.39,739.49,745.41,3455887,-4.764,775.57,770.94,741.13,40.332,4.6781,7.206,-2.5279,822.62,728.51,12.134,2015,10,4,2015-10,False
2015-10-27,ASIANPAINT,745.69,756.53,745.69,753.98,1247705,1.15,776.51,770.13,741.39,43.542,2.2952,6.2239,-3.9287,820.82,732.21,11.412,2015,10,4,2015-10,False
2015-10-28,ASIANPAINT,758.19,765.95,752.79,757.13,1108455,0.418,778.16,769.34,741.75,44.721,0.6536,5.1098,-4.4562,816.3,740.01,9.804,2015,10,4,2015-10,False
2015-10-29,ASIANPAINT,759.56,763.03,749.87,758.05,1500496,0.121,779.38,768.17,742.04,45.079,-0.567,3.9744,-4.5415,812.8,745.96,8.576,2015,10,4,2015-10,False
2015-10-30,ASIANPAINT,763.76,767.78,755.35,759.24,810491,0.157,778.98,766.95,742.12,45.572,-1.4222,2.8951,-4.3173,813.19,744.77,8.783,2015,10,4,2015-10,False
2015-11-02,ASIANPAINT,759.56,765.04,754.53,758.73,716702,-0.066,778.65,765.69,742.23,45.386,-2.116,1.8929,-4.0089,813.54,743.75,8.962,2015,11,4,2015-11,False
2015-11-03,ASIANPAINT,760.47,761.11,742.24,744.2,1599110,-1.915,776.87,764.17,742.29,40.276,-3.7948,0.7553,-4.5502,814.99,738.74,9.816,2015,11,4,2015-11,False
2015-11-04,ASIANPAINT,744.48,751.79,731.72,733.23,1783909,-1.474,774.62,762.73,742.18,36.899,-5.9419,-0.5841,-5.3578,817.43,731.81,11.054,2015,11,4,2015-11,False
2015-11-05,ASIANPAINT,737.62,741.73,728.62,736.57,1016171,0.455,772.02,761.3,742.04,38.585,-7.2902,-1.9253,-5.3649,817.49,726.54,11.781,2015,11,4,2015-11,False
2015-11-06,ASIANPAINT,739.04,745.85,731.22,732.32,918564,-0.577,768.79,760.67,741.9,37.22,-8.6025,-3.2608,-5.3418,815.97,721.61,12.274,2015,11,4,2015-11,False
2015-11-09,ASIANPAINT,722.9,748.04,716.83,746.21,1163084,1.897,767.18,760.06,741.81,44.173,-8.4244,-4.2935,-4.1309,815.18,719.19,12.512,2015,11,4,2015-11,False
2015-11-10,ASIANPAINT,744.66,745.85,728.3,729.21,751899,-2.278,764.48,759.11,741.68,38.547,-9.545,-5.3438,-4.2012,814.7,714.27,13.137,2015,11,4,2015-11,False
2015-11-13,ASIANPAINT,737.62,738.53,724.37,731.59,765985,0.326,761.62,758.16,741.54,39.703,-10.1246,-6.3,-3.8247,812.51,710.73,13.364,2015,11,4,2015-11,False
2015-11-16,ASIANPAINT,727.57,740.32,726.83,732.09,604535,0.069,758.92,757.15,741.34,39.961,-10.4233,-7.1246,-3.2987,810.08,707.76,13.482,2015,11,4,2015-11,False
2015-11-17,ASIANPAINT,738.03,743.33,731.54,738.21,500272,0.836,756.17,756.44,741.1,43.143,-10.05,-7.7097,-2.3403,805.46,706.89,13.036,2015,11,4,2015-11,False
2015-11-18,ASIANPAINT,738.49,753.62,737.62,751.1,1253226,1.746,753.51,756.53,740.95,49.242,-8.6149,-7.8907,-0.7241,797.25,709.76,11.611,2015,11,4,2015-11,False
2015-11-19,ASIANPAINT,755.9,762.12,748.68,752.88,1038035,0.237,751.07,756.9,740.68,50.04,-7.2501,-7.7626,0.5125,788.53,713.61,9.975,2015,11,4,2015-11,False
2015-11-20,ASIANPAINT,750.78,760.29,748.18,757.91,712339,0.668,749.07,756.98,740.34,52.317,-5.6972,-7.3495,1.6523,779.59,718.55,8.149,2015,11,4,2015-11,False
2015-11-23,ASIANPAINT,766.14,778.75,763.21,777.2,1475762,2.545,748.9,757.71,740.23,59.874,-2.8772,-6.4551,3.5779,778.72,719.08,7.964,2015,11,4,2015-11,False
2015-11-24,ASIANPAINT,776.92,787.66,773.45,782.96,771337,0.741,748.91,759.0,740.26,61.819,-0.1756,-5.1992,5.0236,778.79,719.03,7.98,2015,11,4,2015-11,False
2015-11-26,ASIANPAINT,786.98,791.5,778.57,787.75,678200,0.613,751.03,760.32,740.54,63.411,2.3258,-3.6942,6.02,785.51,716.55,9.183,2015,11,4,2015-11,False
2015-11-27,ASIANPAINT,788.44,789.72,778.75,785.24,444323,-0.319,752.59,761.06,740.77,61.954,4.0586,-2.1436,6.2022,790.32,714.86,10.026,2015,11,4,2015-11,False
2015-11-30,ASIANPAINT,785.15,785.15,762.3,766.41,1679737,-2.398,753.06,761.66,740.96,52.264,3.8679,-0.9413,4.8092,791.24,714.87,10.142,2015,11,4,2015-11,False
2015-12-01,ASIANPAINT,770.52,775.09,760.15,771.99,720255,0.727,753.75,762.22,741.15,54.532,4.1192,0.0708,4.0484,792.82,714.68,10.367,2015,12,4,2015-12,False
2015-12-02,ASIANPAINT,775.05,792.64,772.17,775.6,980956,0.468,754.57,762.41,741.41,55.99,4.5572,0.9681,3.5891,794.79,714.35,10.661,2015,12,4,2015-12,False
2015-12-03,ASIANPAINT,776.01,776.19,766.87,769.98,540473,-0.725,755.13,762.66,741.62,53.133,4.4,1.6545,2.7455,795.91,714.35,10.8,2015,12,4,2015-12,False
2015-12-04,ASIANPAINT,769.15,769.15,758.14,762.94,779530,-0.914,756.07,762.89,741.7,49.713,3.6652,2.0566,1.6086,796.65,715.49,10.735,2015,12,4,2015-12,False
2015-12-07,ASIANPAINT,769.61,798.72,768.7,796.53,1602605,4.403,759.23,763.49,741.88,62.214,5.7274,2.7908,2.9366,802.12,716.35,11.298,2015,12,4,2015-12,False
2015-12-08,ASIANPAINT,798.91,801.97,783.5,786.75,1058074,-1.228,761.74,764.1,742.08,57.715,6.4975,3.5321,2.9654,804.92,718.57,11.336,2015,12,4,2015-12,False
2015-12-09,ASIANPAINT,791.96,791.96,764.99,767.78,751034,-2.411,763.52,764.78,742.17,50.143,5.514,3.9285,1.5855,804.46,722.57,10.725,2015,12,4,2015-12,False
2015-12-10,ASIANPAINT,771.9,787.16,769.79,785.33,636140,2.286,765.47,766.01,742.32,55.908,6.0805,4.3589,1.7216,806.67,724.27,10.764,2015,12,4,2015-12,False
2015-12-11,ASIANPAINT,786.93,789.31,775.78,784.6,780634,-0.093,768.24,767.0,742.52,55.619,6.3967,4.7664,1.6302,806.52,729.96,9.965,2015,12,4,2015-12,False
2015-12-14,ASIANPAINT,786.06,802.88,779.66,800.18,889790,1.986,771.67,768.52,742.74,60.32,7.8147,5.3761,2.4386,808.38,734.96,9.515,2015,12,4,2015-12,False
2015-12-15,ASIANPAINT,802.97,804.34,791.96,803.02,861784,0.354,775.22,769.91,743.01,61.126,9.0627,6.1134,2.9493,809.45,740.99,8.831,2015,12,4,2015-12,False
2015-12-16,ASIANPAINT,804.34,807.95,785.24,792.0,900351,-1.372,777.91,770.4,743.3,56.335,9.0585,6.7024,2.3561,808.11,747.7,7.766,2015,12,4,2015-12,False
2015-12-17,ASIANPAINT,796.57,802.97,789.72,800.78,716229,1.108,780.39,771.11,743.68,59.086,9.652,7.2924,2.3597,809.46,751.32,7.451,2015,12,4,2015-12,False
2015-12-18,ASIANPAINT,799.32,809.74,793.38,803.84,1098597,0.382,782.94,771.59,744.01,60.033,10.2513,7.8841,2.3672,810.77,755.11,7.108,2015,12,4,2015-12,False
2015-12-21,ASIANPAINT,803.43,808.0,792.19,798.4,896692,-0.677,784.96,771.99,744.42,57.489,10.1701,8.3413,1.8288,810.96,758.97,6.622,2015,12,4,2015-12,False
2015-12-22,ASIANPAINT,798.86,810.74,798.45,805.21,663204,0.853,786.36,772.33,744.78,59.787,10.5339,8.7798,1.754,813.58,759.15,6.923,2015,12,4,2015-12,False
2015-12-23,ASIANPAINT,807.04,807.95,799.55,803.38,350212,-0.227,787.39,772.46,745.06,58.867,10.553,9.1345,1.4185,815.58,759.19,7.162,2015,12,4,2015-12,False
2015-12-24,ASIANPAINT,804.8,807.91,798.45,805.99,403140,0.324,788.3,773.01,745.29,59.815,10.6555,9.4387,1.2168,817.7,758.9,7.459,2015,12,4,2015-12,False
2015-12-28,ASIANPAINT,806.17,810.06,801.37,805.3,633270,-0.085,789.3,773.45,745.52,59.427,10.5597,9.6629,0.8968,819.62,758.99,7.682,2015,12,4,2015-12,False
2015-12-29,ASIANPAINT,807.73,808.91,803.06,804.44,602111,-0.108,791.2,773.76,745.77,58.905,10.295,9.7893,0.5057,820.22,762.19,7.334,2015,12,4,2015-12,False
2015-12-30,ASIANPAINT,805.39,807.09,799.77,802.65,450359,-0.222,792.74,774.1,746.1,57.784,9.8281,9.7971,0.0311,820.7,764.78,7.054,2015,12,4,2015-12,False
2015-12-31,ASIANPAINT,804.3,810.7,799.77,807.59,526825,0.615,794.34,774.38,746.47,60.052,9.7441,9.7865,-0.0424,821.82,766.85,6.921,2015,12,4,2015-12,False
2016-01-01,ASIANPAINT,806.17,809.46,801.51,803.2,294006,-0.543,796.0,774.36,746.82,57.114,9.2172,9.6726,-0.4554,821.21,770.79,6.334,2016,1,1,2016-01,False
2016-01-04,ASIANPAINT,800.87,815.72,796.76,805.08,709103,0.233,798.1,774.43,747.19,58.058,8.8489,9.5079,-0.659,818.21,778.0,5.038,2016,1,1,2016-01,False
2016-01-05,ASIANPAINT,805.53,827.19,805.53,823.22,1372748,2.254,799.44,774.93,747.64,65.886,9.9068,9.5876,0.3191,822.44,776.44,5.754,2016,1,1,2016-01,False
2016-01-06,ASIANPAINT,826.74,833.5,808.0,810.19,1716479,-1.582,800.61,775.53,747.92,57.578,9.5837,9.5869,-0.0032,823.27,777.95,5.662,2016,1,1,2016-01,False
2016-01-07,ASIANPAINT,807.09,814.9,794.29,797.35,990333,-1.585,802.09,775.82,748.14,50.779,8.1969,9.3089,-1.112,818.82,785.36,4.171,2016,1,1,2016-01,False
2016-01-08,ASIANPAINT,803.43,806.13,792.1,799.41,886022,0.258,802.79,776.9,748.44,51.761,7.181,8.8833,-1.7023,817.63,787.96,3.696,2016,1,1,2016-01,False
2016-01-11,ASIANPAINT,795.2,808.0,787.53,798.72,801102,-0.086,803.5,777.79,748.66,51.393,6.2486,8.3564,-2.1078,815.82,791.18,3.067,2016,1,1,2016-01,False
2016-01-12,ASIANPAINT,806.17,809.37,795.39,797.85,998419,-0.109,803.38,778.61,748.97,50.899,5.3776,7.7606,-2.383,815.88,790.89,3.111,2016,1,1,2016-01,False
2016-01-13,ASIANPAINT,804.3,807.54,776.97,793.88,901426,-0.498,802.92,779.33,749.26,48.596,4.3167,7.0718,-2.7551,816.13,789.72,3.288,2016,1,1,2016-01,False
2016-01-14,ASIANPAINT,789.26,819.88,777.93,812.94,2296682,2.401,803.97,780.4,749.64,58.329,4.9566,6.6488,-1.6922,816.84,791.1,3.202,2016,1,1,2016-01,False
2016-01-15,ASIANPAINT,816.23,818.01,799.13,803.66,1301590,-1.141,804.12,781.3,750.0,53.062,4.6614,6.2513,-1.5899,816.9,791.33,3.18,2016,1,1,2016-01,False
2016-01-18,ASIANPAINT,813.48,816.23,769.29,777.2,2335330,-3.293,802.78,781.96,750.29,41.54,2.2661,5.4543,-3.1882,820.35,785.22,4.376,2016,1,1,2016-01,False
2016-01-19,ASIANPAINT,793.28,793.74,754.99,772.86,2443365,-0.559,801.51,782.75,750.63,40.005,0.0173,4.3669,-4.3496,823.55,779.46,5.502,2016,1,1,2016-01,False
2016-01-20,ASIANPAINT,762.3,782.41,758.64,768.1,2247202,-0.615,799.65,783.38,750.81,38.335,-2.1239,3.0687,-5.1926,826.18,773.12,6.634,2016,1,1,2016-01,False
2016-01-21,ASIANPAINT,776.92,782.41,768.7,771.85,1138753,0.488,798.07,784.17,750.99,40.446,-3.4784,1.7593,-5.2377,827.28,768.87,7.319,2016,1,1,2016-01,False
2016-01-22,ASIANPAINT,779.67,798.31,776.19,795.16,1774017,3.02,797.53,785.15,751.24,51.554,-2.6406,0.8793,-3.5199,826.52,768.54,7.269,2016,1,1,2016-01,False
2016-01-25,ASIANPAINT,795.2,806.17,793.51,803.06,1794107,0.994,797.42,786.63,751.52,54.644,-1.3235,0.4387,-1.7622,826.3,768.54,7.243,2016,1,1,2016-01,False
2016-01-27,ASIANPAINT,804.34,805.99,781.63,784.74,969509,-2.282,796.44,787.69,751.66,47.138,-1.7384,0.0033,-1.7417,825.65,767.22,7.336,2016,1,1,2016-01,False
2016-01-28,ASIANPAINT,780.58,790.63,778.89,785.1,1392051,0.047,795.56,788.75,751.75,47.294,-2.0144,-0.4002,-1.6142,825.04,766.08,7.411,2016,1,1,2016-01,False
2016-01-29,ASIANPAINT,789.72,799.77,785.15,795.11,1320575,1.275,794.93,789.89,751.86,51.501,-1.4093,-0.602,-0.8073,823.86,766.0,7.279,2016,1,1,2016-01,False
2016-02-01,ASIANPAINT,799.04,813.48,796.39,811.11,786217,2.012,795.33,791.09,752.02,57.359,0.3568,-0.4103,0.767,824.94,765.71,7.447,2016,2,1,2016-02,False
2016-02-02,ASIANPAINT,813.39,817.83,802.52,806.63,920875,-0.552,795.41,792.16,752.14,55.343,1.3791,-0.0524,1.4315,825.14,765.68,7.475,2016,2,1,2016-02,False
2016-02-03,ASIANPAINT,800.87,807.95,785.2,789.45,540771,-2.13,793.72,792.79,752.29,48.326,0.7936,0.1168,0.6768,820.49,766.95,6.745,2016,2,1,2016-02,False
2016-02-04,ASIANPAINT,790.63,818.92,790.63,812.89,1658831,2.97,793.85,793.51,752.63,56.441,2.1961,0.5327,1.6634,820.99,766.71,6.838,2016,2,1,2016-02,False
2016-02-05,ASIANPAINT,812.57,825.78,810.19,821.94,1739178,1.113,795.08,794.29,753.03,59.11,3.9917,1.2245,2.7673,824.98,765.19,7.52,2016,2,1,2016-02,False
2016-02-08,ASIANPAINT,825.37,829.48,809.83,812.2,783143,-1.184,795.72,794.78,753.43,55.192,4.5765,1.8949,2.6816,826.54,764.9,7.746,2016,2,1,2016-02,False
2016-02-09,ASIANPAINT,808.82,817.41,802.97,808.18,636386,-0.495,796.2,795.24,753.86,53.611,4.6617,2.4483,2.2135,827.5,764.9,7.862,2016,2,1,2016-02,False
2016-02-10,ASIANPAINT,812.11,812.57,792.0,801.19,707101,-0.865,796.36,795.93,754.31,50.882,4.1176,2.7821,1.3355,827.73,764.99,7.879,2016,2,1,2016-02,False
2016-02-11,ASIANPAINT,799.55,799.55,778.75,782.13,1004015,-2.379,795.77,796.13,754.65,44.268,2.1241,2.6505,-0.5265,827.78,763.77,8.043,2016,2,1,2016-02,False
2016-02-12,ASIANPAINT,786.06,798.17,773.72,781.4,1089266,-0.093,794.2,796.25,755.06,44.031,0.4796,2.2163,-1.7367,825.74,762.65,7.944,2016,2,1,2016-02,False
2016-02-15,ASIANPAINT,791.55,797.21,779.66,784.87,703958,0.444,793.26,796.55,755.61,45.52,-0.5371,1.6656,-2.2028,824.74,761.78,7.937,2016,2,1,2016-02,False
2016-02-16,ASIANPAINT,781.54,786.2,764.22,768.06,985215,-2.143,792.8,796.65,755.98,39.975,-2.6692,0.7987,-3.4679,825.5,760.1,8.25,2016,2,1,2016-02,False
2016-02-17,ASIANPAINT,771.44,785.1,755.99,782.41,1171983,1.868,793.28,796.37,756.48,46.018,-3.1645,0.006,-3.1705,825.02,761.54,8.002,2016,2,1,2016-02,False
2016-02-18,ASIANPAINT,787.89,789.54,759.19,763.44,997874,-2.424,793.05,795.9,756.84,40.25,-5.0294,-1.001,-4.0284,825.62,760.47,8.215,2016,2,1,2016-02,False
2016-02-19,ASIANPAINT,763.17,783.23,757.73,781.22,799360,2.329,793.51,796.17,757.21,46.961,-5.015,-1.8038,-3.2112,825.06,761.97,7.951,2016,2,1,2016-02,False
2016-02-22,ASIANPAINT,782.41,798.13,780.58,795.98,609601,1.89,793.56,796.38,757.65,51.801,-3.7691,-2.1969,-1.5722,825.11,762.0,7.953,2016,2,1,2016-02,False
2016-02-23,ASIANPAINT,796.12,804.25,791.68,801.69,1438921,0.718,793.49,796.73,758.21,53.567,-2.2942,-2.2164,-0.0779,824.96,762.01,7.934,2016,2,1,2016-02,False
2016-02-24,ASIANPAINT,803.43,809.6,799.77,805.99,1289097,0.536,794.55,796.84,758.77,54.905,-0.7699,-1.9271,1.1572,826.22,762.88,7.971,2016,2,1,2016-02,False
2016-02-25,ASIANPAINT,804.8,808.82,784.88,787.62,1326303,-2.279,794.68,796.53,759.27,48.472,-1.0324,-1.7481,0.7157,826.2,763.15,7.935,2016,2,1,2016-02,False
2016-02-26,ASIANPAINT,793.38,798.86,780.76,788.39,536753,0.099,794.34,796.46,759.71,48.745,-1.1643,-1.6314,0.4671,825.99,762.69,7.969,2016,2,1,2016-02,False
2016-02-29,ASIANPAINT,789.81,794.24,769.25,773.36,890886,-1.907,792.45,795.91,760.14,43.89,-2.4539,-1.7959,-0.658,824.39,760.51,8.062,2016,2,1,2016-02,False
2016-03-01,ASIANPAINT,779.3,799.45,776.92,796.99,1161059,3.055,791.97,795.78,760.67,51.984,-1.5514,-1.747,0.1956,823.3,760.64,7.911,2016,3,1,2016-03,False
2016-03-02,ASIANPAINT,800.69,805.21,792.0,796.89,808137,-0.011,792.34,795.75,761.05,51.953,-0.8339,-1.5644,0.7304,823.72,760.97,7.92,2016,3,1,2016-03,False
2016-03-03,ASIANPAINT,799.23,819.43,796.8,804.57,1061326,0.963,791.93,795.73,761.49,54.428,0.3502,-1.1815,1.5316,822.36,761.49,7.687,2016,3,1,2016-03,False
2016-03-04,ASIANPAINT,810.38,813.58,784.6,791.36,1039977,-1.642,790.4,795.49,761.97,49.685,0.2203,-0.9011,1.1214,817.36,763.43,6.823,2016,3,1,2016-03,False
2016-03-08,ASIANPAINT,793.28,805.99,784.28,800.41,1174011,1.143,789.81,795.38,762.46,52.725,0.8378,-0.5533,1.3912,815.24,764.38,6.439,2016,3,1,2016-03,False
2016-03-09,ASIANPAINT,800.69,812.39,795.07,800.87,1401934,0.057,789.44,795.29,762.97,52.88,1.3486,-0.1729,1.5215,813.95,764.93,6.209,2016,3,1,2016-03,False
2016-03-10,ASIANPAINT,795.2,818.97,795.2,817.83,810951,2.117,790.27,795.56,763.54,58.332,3.086,0.4788,2.6071,817.45,763.1,6.877,2016,3,1,2016-03,False
2016-03-11,ASIANPAINT,822.62,826.01,814.9,821.12,1043602,0.402,792.22,795.93,764.13,59.316,4.6744,1.318,3.3565,822.37,762.08,7.61,2016,3,1,2016-03,False
2016-03-14,ASIANPAINT,820.8,825.55,812.2,822.03,788258,0.111,794.26,796.22,764.78,59.601,5.9386,2.2421,3.6965,826.71,761.8,8.174,2016,3,1,2016-03,False
2016-03-15,ASIANPAINT,825.37,828.57,800.82,808.55,954046,-1.64,795.44,796.33,765.37,53.627,5.7859,2.9509,2.8351,828.18,762.69,8.233,2016,3,1,2016-03,False
2016-03-16,ASIANPAINT,804.62,806.17,787.98,790.54,1456263,-2.227,796.56,796.03,765.88,46.869,4.164,3.1935,0.9705,826.8,766.33,7.591,2016,3,1,2016-03,False
2016-03-17,ASIANPAINT,795.2,800.69,790.72,797.53,965277,0.884,797.32,795.52,766.39,49.529,3.4035,3.2355,0.168,826.81,767.83,7.397,2016,3,1,2016-03,False
2016-03-18,ASIANPAINT,796.12,802.42,786.02,800.09,1072444,0.321,799.15,795.32,766.82,50.505,2.9731,3.183,-0.2099,823.96,774.34,6.209,2016,3,1,2016-03,False
2016-03-21,ASIANPAINT,798.17,799.77,779.12,785.74,1484160,-1.794,799.38,795.09,767.17,45.221,1.4573,2.8379,-1.3806,823.57,775.18,6.054,2016,3,1,2016-03,False
2016-03-22,ASIANPAINT,786.06,786.06,773.31,779.99,1746522,-0.733,798.58,794.7,767.63,43.265,-0.2063,2.229,-2.4353,824.26,772.9,6.432,2016,3,1,2016-03,False
2016-03-23,ASIANPAINT,779.99,783.23,773.5,776.92,917099,-0.393,797.34,794.26,768.06,42.219,-1.7516,1.4329,-3.1845,824.72,769.96,6.868,2016,3,1,2016-03,False
2016-03-28,ASIANPAINT,776.92,783.73,770.25,772.72,1722071,-0.541,795.68,793.76,768.48,40.762,-3.2777,0.4908,-3.7685,824.83,766.52,7.328,2016,3,1,2016-03,False
2016-03-29,ASIANPAINT,774.55,786.06,772.35,782.5,1101097,1.266,795.42,793.53,768.95,45.476,-3.6559,-0.3386,-3.3173,824.96,765.88,7.427,2016,3,1,2016-03,False
2016-03-30,ASIANPAINT,789.72,808.91,787.75,806.03,1470782,3.008,796.3,793.39,769.59,54.798,-2.033,-0.6774,-1.3556,826.01,766.59,7.462,2016,3,1,2016-03,False
2016-03-31,ASIANPAINT,804.8,808.23,790.72,793.74,1682214,-1.525,797.32,793.2,770.23,49.99,-1.719,-0.8858,-0.8332,825.05,769.59,6.955,2016,3,1,2016-03,False
2016-04-01,ASIANPAINT,796.12,807.95,790.63,795.2,853331,0.184,797.23,793.56,770.85,50.546,-1.3368,-0.976,-0.3608,824.98,769.49,6.96,2016,4,2,2016-04,False
2016-04-04,ASIANPAINT,798.86,812.11,790.86,809.97,662760,1.856,797.89,794.3,771.69,55.877,0.1555,-0.7497,0.9052,826.21,769.57,7.099,2016,4,2,2016-04,False
2016-04-05,ASIANPAINT,809.28,809.28,787.89,795.07,762479,-1.839,797.41,794.84,772.47,50.017,0.1344,-0.5728,0.7073,825.58,769.25,7.064,2016,4,2,2016-04,False
2016-04-06,ASIANPAINT,794.93,799.77,786.66,789.08,451307,-0.753,797.3,795.18,773.25,47.845,-0.3612,-0.5305,0.1693,825.58,769.01,7.096,2016,4,2,2016-04,False
2016-04-07,ASIANPAINT,789.72,794.29,781.54,784.46,449770,-0.585,796.5,794.97,773.98,46.18,-1.1137,-0.6472,-0.4665,825.31,767.69,7.235,2016,4,2,2016-04,False
2016-04-08,ASIANPAINT,786.06,787.39,776.56,778.34,448087,-0.781,795.37,794.47,774.65,43.993,-2.179,-0.9535,-1.2255,825.21,765.54,7.502,2016,4,2,2016-04,False
2016-04-11,ASIANPAINT,776.92,787.8,770.3,786.06,651373,0.992,793.78,794.5,775.27,47.378,-2.3727,-1.2374,-1.1354,821.92,765.65,7.089,2016,4,2,2016-04,False
2016-04-12,ASIANPAINT,787.71,795.2,785.61,792.37,433486,0.802,792.35,794.65,775.88,50.034,-1.9944,-1.3888,-0.6056,817.37,767.32,6.316,2016,4,2,2016-04,False
2016-04-13,ASIANPAINT,795.66,800.69,791.55,799.18,692424,0.859,791.2,794.73,776.49,52.803,-1.132,-1.3374,0.2054,812.3,770.11,5.332,2016,4,2,2016-04,False
2016-04-18,ASIANPAINT,808.23,810.33,799.77,809.1,685762,1.241,791.23,794.69,777.11,56.578,0.3477,-1.0004,1.3481,812.42,770.04,5.356,2016,4,2,2016-04,False
2016-04-20,ASIANPAINT,808.91,811.43,800.0,809.65,778272,0.068,792.19,794.75,777.72,56.784,1.5468,-0.491,2.0377,814.91,769.46,5.738,2016,4,2,2016-04,False
2016-04-21,ASIANPAINT,813.48,818.05,809.01,812.71,702226,0.378,792.95,795.21,778.36,57.981,2.7129,0.1498,2.5631,817.37,768.52,6.161,2016,4,2,2016-04,False
2016-04-22,ASIANPAINT,809.55,816.87,794.66,796.62,692414,-1.979,792.77,794.89,778.93,50.122,2.3123,0.5823,1.73,817.03,768.51,6.121,2016,4,2,2016-04,False
2016-04-25,ASIANPAINT,795.57,795.57,782.41,787.66,587700,-1.124,792.87,794.2,779.51,46.355,1.2575,0.7173,0.5402,817.03,768.71,6.094,2016,4,2,2016-04,False
2016-04-26,ASIANPAINT,789.9,804.34,785.2,801.51,694778,1.758,793.94,793.99,780.07,52.321,1.5214,0.8782,0.6433,817.6,770.29,5.959,2016,4,2,2016-04,False
2016-04-27,ASIANPAINT,800.41,814.4,796.12,813.35,553126,1.477,795.77,794.09,780.67,56.75,2.6551,1.2335,1.4215,819.51,772.02,5.968,2016,4,2,2016-04,False
2016-04-28,ASIANPAINT,813.35,817.6,795.2,798.04,1013142,-1.882,797.03,794.03,781.18,50.249,2.2917,1.4452,0.8465,818.16,775.9,5.302,2016,4,2,2016-04,False
2016-04-29,ASIANPAINT,797.95,800.69,787.57,791.78,955985,-0.785,797.5,794.22,781.62,47.836,1.4815,1.4524,0.029,817.67,777.33,5.058,2016,4,2,2016-04,False
2016-05-02,ASIANPAINT,789.72,792.92,786.66,790.45,199724,-0.167,796.72,794.4,782.0,47.317,0.724,1.3068,-0.5827,816.7,776.73,5.017,2016,5,2,2016-05,False
2016-05-03,ASIANPAINT,794.75,810.65,791.0,797.03,1073196,0.833,796.88,794.64,782.23,50.201,0.6473,1.1749,-0.5275,816.82,776.95,5.003,2016,5,2,2016-05,False
2016-05-04,ASIANPAINT,797.03,803.43,789.72,798.49,469904,0.184,797.05,795.25,782.57,50.845,0.6965,1.0792,-0.3827,816.98,777.11,5.001,2016,5,2,2016-05,False
2016-05-05,ASIANPAINT,798.95,800.19,788.3,792.51,402567,-0.75,796.17,795.45,782.9,48.103,0.2496,0.9133,-0.6637,815.23,777.11,4.788,2016,5,2,2016-05,False
2016-05-06,ASIANPAINT,789.67,813.48,787.43,812.62,1249025,2.537,797.05,796.44,783.33,56.575,1.5006,1.0307,0.4699,817.46,776.64,5.122,2016,5,2,2016-05,False
2016-05-09,ASIANPAINT,818.01,835.33,816.82,828.66,1355429,1.974,799.03,797.39,783.75,61.916,3.7433,1.5733,2.1701,823.47,774.59,6.117,2016,5,2,2016-05,False
2016-05-10,ASIANPAINT,827.15,830.16,816.64,821.12,1034271,-0.91,800.86,797.89,784.11,58.286,4.8563,2.2299,2.6264,826.18,775.54,6.323,2016,5,2,2016-05,False
2016-05-11,ASIANPAINT,815.31,839.99,811.2,829.8,2228431,1.057,803.43,798.45,784.44,61.113,6.3655,3.057,3.3085,829.56,777.31,6.504,2016,5,2,2016-05,False
2016-05-12,ASIANPAINT,840.9,853.61,838.35,848.95,2382775,2.308,806.58,799.31,784.81,66.504,9.003,4.2462,4.7568,838.42,774.74,7.894,2016,5,2,2016-05,False
2016-05-13,ASIANPAINT,848.9,866.5,847.85,862.52,2285317,1.599,810.09,800.81,785.37,69.709,12.0496,5.8069,6.2427,849.81,770.36,9.808,2016,5,2,2016-05,False
2016-05-16,ASIANPAINT,867.37,875.46,863.76,870.75,1913343,0.954,813.66,802.46,785.83,71.49,14.9554,7.6366,7.3188,861.35,765.98,11.721,2016,5,2,2016-05,False
2016-05-17,ASIANPAINT,871.52,888.43,866.27,886.29,1770437,1.784,817.52,804.71,786.55,74.535,18.3012,9.7695,8.5317,875.12,759.93,14.09,2016,5,2,2016-05,False
2016-05-18,ASIANPAINT,885.69,887.52,870.57,880.44,1273835,-0.66,821.06,806.38,787.1,71.441,20.2473,11.8651,8.3822,884.97,757.15,15.568,2016,5,2,2016-05,False
2016-05-19,ASIANPAINT,885.56,885.56,870.2,874.54,1251713,-0.67,824.16,807.94,787.62,68.362,21.071,13.7062,7.3647,892.21,756.1,16.515,2016,5,2,2016-05,False
2016-05-20,ASIANPAINT,873.81,880.21,869.01,873.81,972841,-0.084,828.01,809.32,788.12,67.97,21.4179,15.2486,6.1693,898.22,757.81,16.957,2016,5,2,2016-05,False
2016-05-23,ASIANPAINT,877.37,877.47,862.52,865.22,726047,-0.983,831.89,810.8,788.56,63.379,20.7602,16.3509,4.4093,901.27,762.51,16.68,2016,5,2,2016-05,False
2016-05-24,ASIANPAINT,870.52,879.66,860.74,874.04,490332,1.019,835.52,812.27,789.12,65.924,20.7119,17.2231,3.4888,905.79,765.25,16.821,2016,5,2,2016-05,False
2016-05-25,ASIANPAINT,880.35,900.32,880.03,897.8,815313,2.719,839.74,814.21,789.75,71.641,22.3339,18.2452,4.0886,914.41,765.07,17.785,2016,5,2,2016-05,False
2016-05-26,ASIANPAINT,903.56,913.57,889.76,906.58,1410903,0.977,845.17,815.98,790.37,73.415,24.0501,19.4062,4.6439,922.8,767.54,18.37,2016,5,2,2016-05,False
2016-05-27,ASIANPAINT,906.62,915.67,901.64,912.43,1105534,0.645,851.2,817.81,790.91,74.558,25.5872,20.6424,4.9448,930.1,772.3,18.539,2016,5,2,2016-05,False
2016-05-30,ASIANPAINT,908.54,917.91,894.33,900.23,1487177,-1.337,856.69,819.38,791.41,67.994,25.5266,21.6192,3.9073,933.03,780.35,17.822,2016,5,2,2016-05,False
2016-05-31,ASIANPAINT,903.06,909.91,896.39,900.18,1151373,-0.005,861.85,821.21,791.79,67.97,25.1845,22.3323,2.8522,935.09,788.61,16.996,2016,5,2,2016-05,False
2016-06-01,ASIANPAINT,904.02,936.88,904.02,933.86,2068760,3.742,868.62,824.07,792.25,75.01,27.3164,23.3291,3.9873,942.22,795.01,16.948,2016,6,2,2016-06,False
2016-06-02,ASIANPAINT,920.43,940.53,910.87,936.01,2420319,0.23,875.79,826.84,792.75,75.382,28.8467,24.4326,4.4141,946.06,805.52,16.048,2016,6,2,2016-06,False
2016-06-03,ASIANPAINT,935.51,943.37,926.37,937.15,2045789,0.122,882.02,829.58,793.34,75.59,29.8081,25.5077,4.3003,950.77,813.26,15.591,2016,6,2,2016-06,False
2016-06-06,ASIANPAINT,929.66,943.6,929.2,938.07,1574228,0.098,887.49,832.63,793.92,75.766,30.2945,26.4651,3.8294,955.78,819.2,15.389,2016,6,2,2016-06,False
2016-06-07,ASIANPAINT,937.2,948.26,936.51,943.96,755934,0.628,893.63,835.91,794.61,76.924,30.8006,27.3322,3.4685,958.81,828.45,14.588,2016,6,2,2016-06,False
2016-06-08,ASIANPAINT,940.53,940.53,924.31,930.53,933533,-1.423,898.67,838.98,795.29,68.849,29.7744,27.8206,1.9537,958.42,838.91,13.298,2016,6,2,2016-06,False
2016-06-09,ASIANPAINT,930.48,931.39,910.1,912.93,1024252,-1.891,901.87,841.79,795.87,59.971,27.2274,27.702,-0.4746,957.09,846.64,12.247,2016,6,2,2016-06,False
2016-06-10,ASIANPAINT,909.41,913.11,904.52,906.76,1313970,-0.676,904.08,844.27,796.33,57.186,24.4295,27.0475,-2.618,956.12,852.04,11.512,2016,6,2,2016-06,False
2016-06-13,ASIANPAINT,902.14,910.83,900.41,909.37,808571,0.287,906.01,846.34,796.77,58.072,22.1668,26.0713,-3.9046,955.65,856.36,10.959,2016,6,2,2016-06,False
2016-06-14,ASIANPAINT,909.46,913.11,894.47,901.69,699283,-0.844,906.78,848.5,797.17,54.495,19.5289,24.7629,-5.2339,955.61,857.95,10.769,2016,6,2,2016-06,False
2016-06-15,ASIANPAINT,901.23,915.86,901.23,912.56,731016,1.206,908.39,850.84,797.63,58.403,18.1073,23.4318,-5.3244,955.65,861.12,10.407,2016,6,2,2016-06,False
2016-06-16,ASIANPAINT,913.16,927.18,906.22,924.92,740810,1.354,910.9,853.14,798.23,62.36,17.7731,22.3,-4.5269,955.89,865.92,9.878,2016,6,2,2016-06,False
2016-06-17,ASIANPAINT,928.09,932.55,913.39,918.54,365441,-0.69,913.14,855.61,798.78,59.225,16.7993,21.1999,-4.4006,954.68,871.6,9.098,2016,6,2,2016-06,False
2016-06-20,ASIANPAINT,914.26,916.15,906.27,911.09,627622,-0.81,915.43,858.05,799.52,55.71,15.2511,20.0101,-4.759,950.37,880.5,7.633,2016,6,2,2016-06,False
2016-06-21,ASIANPAINT,909.72,910.63,897.95,902.41,712870,-0.953,916.85,860.41,800.15,51.845,13.1717,18.6424,-5.4708,946.64,887.07,6.497,2016,6,2,2016-06,False
2016-06-22,ASIANPAINT,900.53,909.21,899.15,905.54,507154,0.346,917.24,862.96,800.79,53.106,11.6416,17.2423,-5.6007,946.17,888.31,6.309,2016,6,2,2016-06,False
2016-06-23,ASIANPAINT,906.13,909.72,900.8,904.29,678141,-0.137,917.13,865.32,801.42,52.518,10.2112,15.836,-5.6249,946.25,888.0,6.352,2016,6,2,2016-06,False
2016-06-24,ASIANPAINT,895.11,912.47,885.46,909.3,777600,0.554,916.97,867.66,802.05,54.698,9.3736,14.5436,-5.17,946.24,887.7,6.383,2016,6,2,2016-06,False
2016-06-27,ASIANPAINT,891.57,912.43,891.57,895.29,662651,-1.541,916.72,869.58,802.66,48.049,7.4927,13.1334,-5.6407,946.66,886.79,6.531,2016,6,2,2016-06,False
2016-06-28,ASIANPAINT,901.45,905.12,896.25,900.71,822749,0.606,916.75,871.41,803.43,50.553,6.3661,11.7799,-5.4138,946.62,886.87,6.518,2016,6,2,2016-06,False
2016-06-29,ASIANPAINT,898.92,918.26,898.92,913.58,711457,1.428,915.73,873.49,804.32,55.976,6.4372,10.7114,-4.2742,944.52,886.95,6.287,2016,6,2,2016-06,False
2016-06-30,ASIANPAINT,923.36,927.18,915.28,921.94,1039352,0.915,915.03,875.68,805.17,59.115,7.0866,9.9864,-2.8998,942.38,887.68,5.979,2016,6,2,2016-06,False
2016-07-01,ASIANPAINT,921.48,929.1,914.72,921.2,1314022,-0.08,914.23,878.17,806.07,58.719,7.456,9.4803,-2.0244,939.74,888.73,5.58,2016,7,3,2016-07,False
2016-07-04,ASIANPAINT,926.26,934.57,917.25,919.27,884699,-0.209,913.29,880.8,807.07,57.627,7.5065,9.0856,-1.5791,936.37,890.22,5.054,2016,7,3,2016-07,False
2016-07-05,ASIANPAINT,921.66,923.36,903.61,905.21,523870,-1.529,911.36,882.88,807.99,50.287,6.339,8.5363,-2.1973,929.59,893.12,4.002,2016,7,3,2016-07,False
2016-07-07,ASIANPAINT,909.12,916.15,905.12,907.6,757053,0.264,910.21,884.76,808.79,51.419,5.5426,7.9375,-2.3949,926.1,894.32,3.492,2016,7,3,2016-07,False
2016-07-08,ASIANPAINT,912.38,931.68,908.02,928.74,1200518,2.329,911.0,887.37,809.75,60.082,6.5415,7.6583,-1.1169,928.91,893.09,3.931,2016,7,3,2016-07,False
2016-07-11,ASIANPAINT,937.28,949.23,935.31,943.53,1082293,1.593,912.84,890.41,810.74,64.811,8.4297,7.8126,0.6171,935.76,889.92,5.022,2016,7,3,2016-07,False
2016-07-12,ASIANPAINT,945.37,953.73,934.34,937.7,1259777,-0.618,914.26,893.35,811.6,61.706,9.3475,8.1196,1.2279,939.64,888.87,5.554,2016,7,3,2016-07,False
2016-07-13,ASIANPAINT,945.55,945.55,924.83,927.63,1319911,-1.073,915.55,895.97,812.45,56.664,9.1574,8.3271,0.8303,940.89,890.22,5.534,2016,7,3,2016-07,False
2016-07-14,ASIANPAINT,928.28,942.34,927.18,935.08,754274,0.802,916.68,898.7,813.37,59.312,9.4979,8.5613,0.9366,943.42,889.94,5.834,2016,7,3,2016-07,False
2016-07-15,ASIANPAINT,935.63,947.85,935.63,942.7,671924,0.816,917.57,901.7,814.25,61.883,10.2648,8.902,1.3628,946.55,888.59,6.317,2016,7,3,2016-07,False
2016-07-18,ASIANPAINT,943.81,960.16,942.11,945.09,721547,0.253,918.9,904.35,815.2,62.678,10.9393,9.3094,1.6298,950.39,887.4,6.854,2016,7,3,2016-07,False
2016-07-19,ASIANPAINT,947.39,953.36,938.39,947.12,541334,0.214,920.7,906.72,816.26,63.375,11.5043,9.7484,1.7559,954.36,887.04,7.312,2016,7,3,2016-07,False
2016-07-20,ASIANPAINT,945.78,952.35,937.28,945.14,529012,-0.209,922.83,909.2,817.37,62.154,11.6583,10.1304,1.5279,957.03,888.64,7.41,2016,7,3,2016-07,False
2016-07-21,ASIANPAINT,946.29,963.01,943.3,958.14,706661,1.376,925.46,911.77,818.49,66.7,12.6833,10.641,2.0423,962.06,888.87,7.909,2016,7,3,2016-07,False
2016-07-22,ASIANPAINT,962.87,968.53,957.55,962.14,502766,0.417,928.36,914.03,819.68,67.974,13.6607,11.2449,2.4158,967.0,889.72,8.324,2016,7,3,2016-07,False
2016-07-25,ASIANPAINT,964.21,987.27,962.23,983.83,734354,2.254,932.08,916.46,820.93,73.824,16.0008,12.1961,3.8047,976.87,887.29,9.61,2016,7,3,2016-07,False
2016-07-26,ASIANPAINT,985.16,987.78,969.44,974.73,562982,-0.925,936.05,918.54,821.96,68.196,16.9261,13.1421,3.784,981.19,890.92,9.644,2016,7,3,2016-07,False
2016-07-27,ASIANPAINT,983.14,986.72,966.87,975.69,765267,0.099,939.8,920.33,823.02,68.471,17.5351,14.0207,3.5144,985.04,894.57,9.626,2016,7,3,2016-07,False
2016-07-28,ASIANPAINT,986.9,1060.23,981.39,1036.53,5831636,6.235,945.95,923.45,824.3,80.121,22.6652,15.7496,6.9156,1006.87,885.03,12.881,2016,7,3,2016-07,False
2016-07-29,ASIANPAINT,1036.07,1045.44,1012.86,1023.8,1152956,-1.228,951.04,926.43,825.53,73.963,25.4109,17.6818,7.729,1020.01,882.07,14.504,2016,7,3,2016-07,False
2016-08-01,ASIANPAINT,1028.81,1042.04,1024.62,1030.0,864041,0.606,956.48,929.56,826.73,74.973,27.7672,19.6989,8.0683,1032.36,880.61,15.866,2016,8,3,2016-08,False
2016-08-02,ASIANPAINT,1038.09,1049.85,1027.93,1032.25,832931,0.219,962.13,932.9,827.91,75.347,29.4766,21.6545,7.8221,1043.0,881.26,16.81,2016,8,3,2016-08,False
2016-08-03,ASIANPAINT,1040.61,1054.12,1032.9,1050.68,1130691,1.785,969.41,936.43,829.27,78.213,31.9496,23.7135,8.2361,1054.76,884.05,17.61,2016,8,3,2016-08,False
2016-08-04,ASIANPAINT,1058.62,1060.97,1026.14,1035.88,1075876,-1.408,975.82,939.19,830.54,71.067,32.3429,25.4394,6.9035,1060.9,890.74,17.438,2016,8,3,2016-08,False
2016-08-05,ASIANPAINT,1039.28,1052.42,1037.21,1050.63,543090,1.424,981.91,942.07,831.85,73.652,33.459,27.0433,6.4157,1070.2,893.63,17.982,2016,8,3,2016-08,False
2016-08-08,ASIANPAINT,1059.5,1059.5,1043.88,1055.22,407801,0.437,987.5,944.93,833.19,74.418,34.3186,28.4984,5.8202,1079.61,895.39,18.655,2016,8,3,2016-08,False
2016-08-09,ASIANPAINT,1060.05,1061.29,1042.04,1053.52,541100,-0.161,993.29,947.99,834.49,73.565,34.4654,29.6918,4.7736,1086.77,899.81,18.822,2016,8,3,2016-08,False
2016-08-10,ASIANPAINT,1049.48,1055.32,1036.62,1038.32,788849,-1.444,998.82,950.76,835.66,66.25,32.9745,30.3483,2.6262,1088.98,908.67,18.053,2016,8,3,2016-08,False
2016-08-11,ASIANPAINT,1038.36,1054.44,1027.89,1052.24,651399,1.341,1004.68,953.13,836.92,69.263,32.5411,30.7869,1.7543,1092.6,916.77,17.501,2016,8,3,2016-08,False
2016-08-12,ASIANPAINT,1050.31,1067.08,1034.14,1045.25,795382,-0.664,1009.81,955.31,838.15,66.077,31.2737,30.8842,0.3894,1094.4,925.22,16.755,2016,8,3,2016-08,False
2016-08-16,ASIANPAINT,1043.42,1054.72,1035.51,1038.04,921462,-0.69,1014.46,957.33,839.44,62.86,29.3488,30.5771,-1.2283,1094.15,934.76,15.712,2016,8,3,2016-08,False
2016-08-17,ASIANPAINT,1024.58,1036.25,1018.28,1023.25,742834,-1.425,1018.26,959.03,840.64,56.756,26.3261,29.7269,-3.4008,1091.42,945.11,14.369,2016,8,3,2016-08,False
2016-08-18,ASIANPAINT,1028.94,1028.94,1013.14,1017.55,1263890,-0.557,1021.88,960.5,842.0,54.559,23.2034,28.4222,-5.2188,1086.47,957.3,12.64,2016,8,3,2016-08,False
2016-08-19,ASIANPAINT,1012.04,1035.51,1012.04,1023.2,864966,0.555,1025.14,962.36,843.35,56.364,20.9432,26.9264,-5.9832,1082.33,967.94,11.159,2016,8,3,2016-08,False
2016-08-22,ASIANPAINT,1030.09,1030.09,1015.39,1023.57,827995,0.036,1028.21,964.57,844.68,56.485,18.9631,25.3338,-6.3707,1077.17,979.25,9.523,2016,8,3,2016-08,False
2016-08-23,ASIANPAINT,1022.47,1038.04,1018.28,1034.92,684493,1.109,1030.76,967.13,846.07,60.159,18.1009,23.8872,-5.7863,1075.08,986.45,8.599,2016,8,3,2016-08,False
2016-08-24,ASIANPAINT,1038.36,1038.55,1025.13,1028.12,417969,-0.657,1033.43,969.51,847.41,57.05,16.6766,22.4451,-5.7685,1069.13,997.73,6.909,2016,8,3,2016-08,False
2016-08-25,ASIANPAINT,1029.27,1035.15,1013.37,1016.22,554850,-1.157,1035.46,971.8,848.7,51.988,14.4215,20.8403,-6.4189,1060.31,1010.6,4.801,2016,8,3,2016-08,False
2016-08-26,ASIANPAINT,1016.54,1036.11,1002.57,1032.21,869672,1.573,1035.24,974.19,850.14,57.451,13.7657,19.4254,-5.6597,1060.13,1010.35,4.809,2016,8,3,2016-08,False
2016-08-29,ASIANPAINT,1032.21,1033.45,1014.61,1021.68,452947,-1.019,1035.14,976.13,851.58,53.164,12.2557,17.9915,-5.7357,1060.25,1010.02,4.852,2016,8,3,2016-08,False
2016-08-30,ASIANPAINT,1024.58,1054.9,1019.98,1053.25,674826,3.089,1036.3,978.82,853.16,62.262,13.451,17.0834,-3.6324,1062.54,1010.06,5.064,2016,8,3,2016-08,False
2016-08-31,ASIANPAINT,1063.17,1078.7,1055.82,1064.0,1668417,1.021,1037.89,981.88,854.82,64.772,15.0919,16.6851,-1.5932,1066.8,1008.97,5.571,2016,8,3,2016-08,False
2016-09-01,ASIANPAINT,1065.79,1069.65,1049.39,1063.13,621894,-0.082,1038.51,985.09,856.41,64.398,16.1358,16.5752,-0.4395,1069.07,1007.95,5.886,2016,9,3,2016-09,False
2016-09-02,ASIANPAINT,1064.97,1076.96,1057.94,1072.87,710106,0.916,1040.36,988.44,858.12,66.711,17.5468,16.7695,0.7773,1074.52,1006.2,6.566,2016,9,3,2016-09,False
2016-09-06,ASIANPAINT,1079.71,1115.46,1075.67,1106.5,1131704,3.135,1043.15,992.48,860.0,73.188,21.1352,17.6427,3.4925,1088.24,998.07,8.644,2016,9,3,2016-09,False
2016-09-07,ASIANPAINT,1110.04,1110.96,1075.76,1081.73,1092266,-2.238,1044.48,995.93,861.75,63.405,21.7303,18.4602,3.2701,1092.52,996.44,9.199,2016,9,3,2016-09,False
2016-09-08,ASIANPAINT,1083.39,1093.5,1076.04,1086.7,888245,0.459,1046.14,999.76,863.49,64.431,22.3447,19.2371,3.1076,1097.66,994.62,9.85,2016,9,3,2016-09,False
2016-09-09,ASIANPAINT,1086.05,1086.05,1073.28,1076.73,575102,-0.918,1048.06,1003.28,865.12,60.746,21.7761,19.7449,2.0312,1101.19,994.93,10.139,2016,9,3,2016-09,False
2016-09-12,ASIANPAINT,1062.58,1068.69,1044.8,1060.97,465079,-1.464,1048.49,1006.23,866.66,55.356,19.8253,19.761,0.0643,1101.91,995.08,10.19,2016,9,3,2016-09,False
2016-09-14,ASIANPAINT,1056.83,1083.34,1056.83,1069.24,704633,0.78,1049.69,1009.17,868.21,57.488,18.7307,19.5549,-0.8242,1103.88,995.51,10.324,2016,9,3,2016-09,False
2016-09-15,ASIANPAINT,1075.12,1080.17,1065.93,1078.38,616127,0.855,1051.71,1012.32,869.72,59.775,18.389,19.3218,-0.9327,1107.06,996.36,10.525,2016,9,3,2016-09,False
2016-09-16,ASIANPAINT,1078.43,1085.46,1058.58,1061.47,1136226,-1.568,1053.62,1015.16,871.11,53.991,16.563,18.77,-2.207,1107.45,999.79,10.218,2016,9,3,2016-09,False
2016-09-19,ASIANPAINT,1063.36,1076.96,1063.36,1069.24,550698,0.732,1056.21,1018.44,872.52,56.092,15.563,18.1286,-2.5656,1107.65,1004.76,9.742,2016,9,3,2016-09,False
2016-09-20,ASIANPAINT,1069.61,1078.52,1068.32,1070.57,966451,0.125,1058.57,1021.7,873.95,56.46,14.7085,17.4446,-2.7361,1107.94,1009.2,9.328,2016,9,3,2016-09,False
2016-09-21,ASIANPAINT,1071.35,1080.63,1071.35,1075.67,615798,0.476,1061.18,1024.64,875.49,57.911,14.2782,16.8113,-2.5331,1108.21,1014.14,8.865,2016,9,3,2016-09,False
2016-09-22,ASIANPAINT,1086.42,1099.93,1079.71,1095.33,913747,1.828,1064.2,1027.68,877.11,63.03,15.347,16.5185,-1.1714,1111.89,1016.51,8.962,2016,9,3,2016-09,False
2016-09-23,ASIANPAINT,1103.61,1105.9,1088.9,1094.6,668223,-0.067,1067.52,1030.81,878.71,62.723,15.9509,16.4049,-0.454,1113.87,1021.18,8.683,2016,9,3,2016-09,False
2016-09-26,ASIANPAINT,1098.09,1098.09,1079.62,1087.06,817715,-0.688,1071.07,1034.0,880.29,59.522,15.6411,16.2522,-0.611,1111.34,1030.8,7.519,2016,9,3,2016-09,False
2016-09-27,ASIANPAINT,1088.17,1105.44,1088.17,1095.84,532323,0.807,1074.25,1037.22,881.96,61.957,15.9203,16.1858,-0.2655,1111.53,1036.96,6.942,2016,9,3,2016-09,False
2016-09-28,ASIANPAINT,1096.25,1103.61,1091.75,1096.71,566690,0.08,1078.0,1040.3,883.46,62.201,16.0272,16.1541,-0.1269,1107.25,1048.75,5.427,2016,9,3,2016-09,False
2016-09-29,ASIANPAINT,1097.49,1105.76,1065.93,1072.68,1125599,-2.191,1078.97,1042.85,884.89,52.277,14.0114,15.7255,-1.7141,1105.96,1051.98,5.003,2016,9,3,2016-09,False
2016-09-30,ASIANPAINT,1072.36,1084.26,1062.25,1066.57,478253,-0.57,1079.1,1045.24,886.38,50.088,11.785,14.9374,-3.1525,1105.81,1052.39,4.951,2016,9,3,2016-09,False
2016-10-03,ASIANPAINT,1075.12,1101.77,1070.89,1096.25,747111,2.783,1080.76,1048.26,887.93,59.055,12.274,14.4047,-2.1308,1107.41,1054.1,4.932,2016,10,4,2016-10,False
2016-10-04,ASIANPAINT,1104.52,1105.44,1083.76,1095.84,503642,-0.038,1081.91,1051.02,889.49,58.896,12.4843,14.0206,-1.5364,1109.1,1054.71,5.027,2016,10,4,2016-10,False
2016-10-05,ASIANPAINT,1091.66,1124.74,1088.9,1110.73,1080751,1.358,1082.12,1053.99,891.04,62.775,13.6942,13.9554,-0.2611,1110.17,1054.06,5.185,2016,10,4,2016-10,False
2016-10-06,ASIANPAINT,1111.97,1123.27,1104.25,1111.42,746006,0.062,1083.6,1056.54,892.59,62.95,14.5412,14.0725,0.4686,1114.56,1052.64,5.714,2016,10,4,2016-10,False
2016-10-07,ASIANPAINT,1110.04,1111.88,1085.04,1088.53,873434,-2.059,1083.69,1058.82,894.07,53.92,13.2137,13.9008,-0.687,1114.7,1052.69,5.722,2016,10,4,2016-10,False
2016-10-10,ASIANPAINT,1092.58,1120.15,1092.58,1114.31,570180,2.368,1085.57,1061.59,895.64,60.75,14.0793,13.9365,0.1428,1119.24,1051.9,6.203,2016,10,4,2016-10,False
2016-10-13,ASIANPAINT,1127.5,1127.77,1110.82,1117.94,1391322,0.326,1088.42,1063.22,897.21,61.613,14.8865,14.1265,0.7601,1122.95,1053.89,6.346,2016,10,4,2016-10,False
2016-10-14,ASIANPAINT,1117.48,1121.06,1104.75,1107.97,354200,-0.892,1090.36,1064.9,898.75,57.851,14.554,14.212,0.342,1124.71,1056.01,6.301,2016,10,4,2016-10,False
2016-10-17,ASIANPAINT,1110.13,1110.41,1082.93,1086.42,365921,-1.945,1090.76,1066.03,900.16,50.653,12.4087,13.8513,-1.4426,1124.7,1056.81,6.224,2016,10,4,2016-10,False
2016-10-18,ASIANPAINT,1090.19,1096.58,1071.03,1079.25,1339044,-0.66,1091.65,1066.97,901.54,48.491,10.0147,13.084,-3.0693,1123.21,1060.08,5.783,2016,10,4,2016-10,False
2016-10-19,ASIANPAINT,1084.31,1088.12,1068.92,1074.48,1201677,-0.443,1091.91,1067.44,902.88,47.05,7.6437,11.9959,-4.3522,1122.77,1061.05,5.652,2016,10,4,2016-10,False
2016-10-20,ASIANPAINT,1079.71,1081.55,1068.92,1071.21,448785,-0.304,1091.94,1068.15,904.21,46.043,5.4388,10.6845,-5.2457,1122.71,1061.17,5.635,2016,10,4,2016-10,False
2016-10-21,ASIANPAINT,1077.78,1077.78,1051.6,1059.96,948987,-1.051,1091.16,1068.34,905.49,42.653,2.7514,9.0979,-6.3465,1124.38,1057.94,6.089,2016,10,4,2016-10,False
2016-10-24,ASIANPAINT,1066.99,1067.77,1032.94,1036.07,1287073,-2.254,1088.19,1067.95,906.66,36.509,-1.2914,7.02,-8.3114,1129.45,1046.94,7.582,2016,10,4,2016-10,False
2016-10-25,ASIANPAINT,1040.15,1064.37,1026.51,1047.32,3014876,1.086,1085.83,1067.83,907.85,40.834,-3.5461,4.9068,-8.4529,1130.79,1040.87,8.281,2016,10,4,2016-10,False
2016-10-26,ASIANPAINT,1059.77,1063.17,1023.57,1032.02,1323248,-1.461,1083.08,1067.7,909.0,37.132,-6.4928,2.6269,-9.1196,1134.05,1032.1,9.413,2016,10,4,2016-10,False
2016-10-27,ASIANPAINT,1041.12,1042.41,993.34,997.43,1764517,-3.352,1078.16,1066.61,909.96,30.417,-11.4872,-0.1959,-11.2913,1141.46,1014.86,11.742,2016,10,4,2016-10,False
2016-10-28,ASIANPAINT,993.34,1007.99,979.6,983.14,1732990,-1.433,1072.48,1065.37,910.76,28.152,-16.4092,-3.4386,-12.9706,1147.97,996.98,14.079,2016,10,4,2016-10,False
2016-11-01,ASIANPAINT,992.21,1002.44,987.51,991.84,983171,0.885,1068.44,1064.44,911.67,31.498,-19.384,-6.6277,-12.7564,1152.1,984.77,15.661,2016,11,4,2016-11,False
2016-11-02,ASIANPAINT,983.74,997.97,972.17,978.99,872573,-1.296,1064.06,1063.56,912.58,29.327,-22.519,-9.8059,-12.713,1156.8,971.31,17.433,2016,11,4,2016-11,False
2016-11-03,ASIANPAINT,974.89,990.28,952.0,955.41,1075107,-2.409,1057.01,1062.31,913.36,25.811,-26.5997,-13.1647,-13.435,1160.26,953.77,19.536,2016,11,4,2016-11,False
2016-11-04,ASIANPAINT,957.3,971.67,953.52,960.84,976222,0.569,1050.26,1061.07,914.17,27.955,-29.0601,-16.3438,-12.7164,1160.26,940.27,20.946,2016,11,4,2016-11,False
2016-11-07,ASIANPAINT,965.4,976.09,946.89,955.59,829767,-0.546,1042.51,1059.71,914.96,27.139,-31.0755,-19.2901,-11.7854,1156.36,928.66,21.842,2016,11,4,2016-11,False
2016-11-08,ASIANPAINT,962.41,976.46,958.03,973.69,780312,1.894,1035.62,1058.48,915.85,34.262,-30.8564,-21.6034,-9.253,1148.58,922.66,21.815,2016,11,4,2016-11,False
2016-11-09,ASIANPAINT,920.27,974.71,876.97,968.12,2005884,-0.572,1029.6,1057.28,916.63,33.187,-30.7777,-23.4383,-7.3395,1143.52,915.68,22.128,2016,11,4,2016-11,False
2016-11-10,ASIANPAINT,972.77,976.46,928.56,931.6,1719037,-3.773,1020.46,1055.59,917.27,27.166,-33.279,-25.4064,-7.8726,1135.08,905.85,22.463,2016,11,4,2016-11,False
2016-11-11,ASIANPAINT,921.19,925.75,882.5,886.46,2665967,-4.845,1008.89,1052.68,917.82,21.883,-38.4602,-28.0172,-10.443,1128.69,889.09,23.75,2016,11,4,2016-11,False
2016-11-15,ASIANPAINT,894.43,894.43,800.51,820.59,5354021,-7.43,994.52,1048.65,918.06,16.761,-47.3354,-31.8808,-15.4546,1131.93,857.11,27.633,2016,11,4,2016-11,False
2016-11-16,ASIANPAINT,845.19,871.35,831.83,861.95,3032067,5.04,983.3,1044.83,918.52,28.137,-50.45,-35.5947,-14.8554,1125.68,840.92,28.96,2016,11,4,2016-11,False
2016-11-17,ASIANPAINT,871.44,872.5,844.73,846.06,1310176,-1.844,971.64,1040.47,918.9,26.631,-53.5829,-39.1923,-14.3906,1119.04,824.24,30.341,2016,11,4,2016-11,False
2016-11-18,ASIANPAINT,852.93,855.74,828.93,836.62,1335202,-1.116,959.75,1035.94,919.1,25.749,-56.1801,-42.5899,-13.5902,1110.55,808.94,31.426,2016,11,4,2016-11,False
2016-11-21,ASIANPAINT,845.65,845.65,821.47,829.07,1639425,-0.903,947.64,1031.06,919.23,25.035,-58.1772,-45.7073,-12.4699,1099.64,795.64,32.08,2016,11,4,2016-11,False
2016-11-22,ASIANPAINT,836.44,841.0,824.46,836.21,1678288,0.861,936.45,1025.66,919.49,27.093,-58.5095,-48.2678,-10.2417,1086.57,786.33,32.062,2016,11,4,2016-11,False
2016-11-23,ASIANPAINT,843.71,871.81,840.12,867.8,2371811,3.779,928.04,1021.38,919.9,35.53,-55.5824,-49.7307,-5.8517,1073.44,782.64,31.335,2016,11,4,2016-11,False
2016-11-24,ASIANPAINT,864.3,889.64,858.59,862.32,2908165,-0.632,918.79,1016.89,920.24,34.778,-53.093,-50.4032,-2.6899,1055.52,782.06,29.763,2016,11,4,2016-11,False
2016-11-25,ASIANPAINT,869.51,878.17,864.81,870.94,1460489,0.999,910.73,1012.78,920.54,37.033,-49.8505,-50.2926,0.4422,1038.03,783.44,27.954,2016,11,4,2016-11,False
2016-11-28,ASIANPAINT,875.13,892.31,859.93,862.32,1335539,-0.989,903.98,1008.8,920.82,35.703,-47.429,-49.7199,2.2909,1026.14,781.82,27.027,2016,11,4,2016-11,False
2016-11-29,ASIANPAINT,866.28,890.79,861.49,883.0,2507536,2.398,898.97,1005.08,921.29,41.164,-43.3416,-48.4442,5.1026,1015.55,782.39,25.937,2016,11,4,2016-11,False
2016-11-30,ASIANPAINT,891.66,898.06,877.48,893.46,4460941,1.184,894.05,1001.38,921.69,43.765,-38.8113,-46.5176,7.7064,1002.13,785.98,24.176,2016,11,4,2016-11,False
2016-12-01,ASIANPAINT,890.79,891.71,862.23,865.13,1517103,-3.17,888.36,997.45,921.9,38.766,-37.0792,-44.63,7.5508,989.36,787.36,22.738,2016,12,4,2016-12,False
2016-12-02,ASIANPAINT,862.23,862.69,830.91,833.54,2139914,-3.652,882.27,992.74,922.01,34.088,-37.8202,-43.268,5.4478,980.91,783.62,22.362,2016,12,4,2016-12,False
2016-12-05,ASIANPAINT,838.28,867.39,824.69,863.75,1881935,3.625,877.41,988.6,922.29,41.373,-35.5594,-41.7263,6.1669,969.08,785.74,20.896,2016,12,4,2016-12,False
2016-12-06,ASIANPAINT,866.74,870.25,851.31,860.53,889147,-0.373,872.66,984.3,922.59,40.854,-33.6401,-40.109,6.469,956.81,788.5,19.287,2016,12,4,2016-12,False
2016-12-07,ASIANPAINT,862.23,873.75,855.05,858.73,809152,-0.209,866.91,979.57,922.97,40.549,-31.8963,-38.4665,6.5702,936.44,797.38,16.041,2016,12,4,2016-12,False
2016-12-08,ASIANPAINT,867.71,872.87,856.52,862.37,1024529,0.424,861.62,974.92,923.37,41.502,-29.8763,-36.7484,6.8722,912.26,810.98,11.755,2016,12,4,2016-12,False
2016-12-09,ASIANPAINT,867.76,878.77,861.36,867.53,1600112,0.598,858.42,970.53,923.79,42.9,-27.5417,-34.9071,7.3654,897.12,819.72,9.017,2016,12,4,2016-12,False
2016-12-12,ASIANPAINT,857.9,863.29,837.36,838.51,1531811,-3.345,856.02,965.38,924.14,37.476,-27.7135,-33.4684,5.7549,893.33,818.72,8.716,2016,12,4,2016-12,False
2016-12-13,ASIANPAINT,842.89,842.89,824.46,835.29,1572248,-0.384,856.76,960.16,924.4,36.917,-27.7895,-32.3326,4.5431,891.62,821.89,8.139,2016,12,4,2016-12,False
2016-12-14,ASIANPAINT,836.44,850.44,836.44,842.29,944657,0.838,855.77,955.55,924.8,39.042,-26.9739,-31.2609,4.287,891.13,820.42,8.263,2016,12,4,2016-12,False
2016-12-15,ASIANPAINT,837.96,844.5,830.63,831.83,958978,-1.241,855.06,950.85,925.05,37.036,-26.8615,-30.381,3.5195,891.79,818.34,8.59,2016,12,4,2016-12,False
2016-12-16,ASIANPAINT,840.08,840.08,827.23,828.98,1041676,-0.343,854.68,945.51,925.22,36.485,-26.6951,-29.6438,2.9487,892.36,817.0,8.817,2016,12,4,2016-12,False
2016-12-19,ASIANPAINT,830.36,830.91,806.13,809.17,1905631,-2.389,853.68,939.77,925.25,32.834,-27.8405,-29.2831,1.4426,895.08,812.29,9.698,2016,12,4,2016-12,False
2016-12-20,ASIANPAINT,806.5,812.49,792.27,797.47,1811388,-1.446,851.75,933.51,925.21,30.869,-29.3539,-29.2973,-0.0566,899.69,803.8,11.258,2016,12,4,2016-12,False
2016-12-21,ASIANPAINT,798.85,807.42,793.65,797.33,1321988,-0.017,848.22,927.23,925.26,30.845,-30.216,-29.481,-0.735,901.29,795.16,12.511,2016,12,4,2016-12,False
2016-12-22,ASIANPAINT,797.33,805.39,784.02,801.71,1472349,0.549,845.19,921.49,925.33,32.594,-30.1982,-29.6245,-0.5737,901.68,788.71,13.366,2016,12,4,2016-12,False
2016-12-23,ASIANPAINT,806.04,815.25,793.6,805.12,1325637,0.425,841.9,915.31,925.48,33.994,-29.5681,-29.6132,0.0451,899.73,784.08,13.736,2016,12,4,2016-12,False
2016-12-26,ASIANPAINT,805.12,815.25,792.22,799.41,1313467,-0.709,838.76,908.94,925.5,32.766,-29.1931,-29.5292,0.336,898.71,778.8,14.295,2016,12,4,2016-12,False
2016-12-27,ASIANPAINT,803.18,808.62,795.35,806.96,846898,0.945,834.95,902.92,925.55,36.056,-27.9641,-29.2162,1.2521,892.7,777.21,13.831,2016,12,4,2016-12,False
2016-12-28,ASIANPAINT,806.96,819.86,801.02,806.68,1093720,-0.034,830.62,897.32,925.56,35.986,-26.7045,-28.7138,2.0093,882.6,778.63,12.517,2016,12,4,2016-12,False
2016-12-29,ASIANPAINT,809.72,817.09,807.88,810.69,1203203,0.497,827.89,891.95,925.65,37.854,-25.0937,-27.9898,2.8961,877.93,777.85,12.089,2016,12,4,2016-12,False
2016-12-30,ASIANPAINT,815.2,824.46,812.95,820.82,935476,1.25,827.26,886.88,925.76,42.428,-22.7374,-26.9393,4.202,877.32,777.2,12.103,2016,12,4,2016-12,False
2017-01-02,ASIANPAINT,822.62,835.98,812.72,833.35,1031421,1.526,825.74,882.12,925.92,47.566,-19.6327,-25.478,5.8453,872.9,778.58,11.422,2017,1,1,2017-01,False
2017-01-03,ASIANPAINT,838.28,838.28,823.03,825.94,2068282,-0.89,824.01,877.44,925.96,45.006,-17.5681,-23.896,6.3279,868.24,779.78,10.736,2017,1,1,2017-01,False
2017-01-04,ASIANPAINT,830.82,842.43,826.3,835.15,1408241,1.115,822.83,873.42,926.03,48.7,-15.0155,-22.1199,7.1044,864.34,781.32,10.089,2017,1,1,2017-01,False
2017-01-05,ASIANPAINT,841.87,847.4,830.45,844.27,2569365,1.092,821.92,869.36,926.14,52.128,-12.117,-20.1193,8.0024,860.49,783.36,9.384,2017,1,1,2017-01,False
2017-01-06,ASIANPAINT,845.65,859.01,842.52,856.24,1717545,1.418,821.36,865.84,926.38,56.262,-8.7526,-17.846,9.0933,857.36,785.36,8.766,2017,1,1,2017-01,False
2017-01-09,ASIANPAINT,858.55,859.51,834.6,838.37,1356124,-2.087,821.35,862.66,926.62,49.406,-7.4427,-15.7653,8.3227,857.34,785.37,8.762,2017,1,1,2017-01,False
2017-01-10,ASIANPAINT,842.89,855.78,836.39,850.81,1735052,1.483,822.13,860.02,926.88,53.64,-5.3394,-13.6801,8.3407,860.0,784.26,9.213,2017,1,1,2017-01,False
2017-01-11,ASIANPAINT,853.48,866.47,848.87,860.99,1236472,1.196,823.06,857.4,927.19,56.824,-2.8187,-11.5079,8.6891,863.84,782.29,9.909,2017,1,1,2017-01,False
2017-01-12,ASIANPAINT,861.31,865.32,853.3,859.97,955700,-0.118,824.47,855.02,927.56,56.409,-0.8926,-9.3848,8.4922,868.35,780.6,10.643,2017,1,1,2017-01,False
2017-01-13,ASIANPAINT,861.82,864.26,854.08,859.7,770385,-0.032,826.01,853.11,927.96,56.288,0.6047,-7.3869,7.9916,872.61,779.4,11.285,2017,1,1,2017-01,False
2017-01-16,ASIANPAINT,856.7,867.34,853.85,861.54,889759,0.214,828.63,851.12,928.38,56.95,1.9178,-5.526,7.4438,877.1,780.16,11.699,2017,1,1,2017-01,False
2017-01-17,ASIANPAINT,865.92,887.56,863.15,884.48,1742445,2.662,832.98,849.7,928.94,64.218,4.7545,-3.4699,8.2244,885.15,780.8,12.527,2017,1,1,2017-01,False
2017-01-18,ASIANPAINT,884.48,895.81,884.34,887.43,1216887,0.333,837.48,847.97,929.46,65.035,7.158,-1.3443,8.5023,892.19,782.77,13.066,2017,1,1,2017-01,False
2017-01-19,ASIANPAINT,889.04,889.64,879.18,886.83,770727,-0.067,841.74,846.35,929.87,64.712,8.9117,0.7069,8.2048,897.95,785.52,13.357,2017,1,1,2017-01,False
2017-01-20,ASIANPAINT,884.62,900.78,878.95,890.97,2190366,0.467,846.03,845.53,930.35,65.973,10.5149,2.6685,7.8464,903.57,788.49,13.602,2017,1,1,2017-01,False
2017-01-23,ASIANPAINT,891.16,896.82,882.27,888.67,1206139,-0.258,850.49,845.58,930.82,64.592,11.4673,4.4283,7.0391,906.64,794.35,13.202,2017,1,1,2017-01,False
2017-01-24,ASIANPAINT,887.56,902.62,878.44,896.73,1748158,0.907,854.98,847.1,931.26,67.181,12.7259,6.0878,6.6381,910.82,799.14,13.063,2017,1,1,2017-01,False
2017-01-25,ASIANPAINT,901.84,904.01,894.61,900.64,1128224,0.437,859.68,847.87,931.78,68.39,13.8792,7.6461,6.2331,914.21,805.15,12.685,2017,1,1,2017-01,False
2017-01-27,ASIANPAINT,902.58,911.61,888.12,893.18,1043635,-0.828,863.8,848.82,932.3,63.583,14.0294,8.9228,5.1067,915.11,812.49,11.88,2017,1,1,2017-01,False
2017-01-30,ASIANPAINT,892.63,901.84,887.1,896.5,572175,0.371,867.59,850.01,932.86,64.768,14.2518,9.9886,4.2632,916.66,818.51,11.313,2017,1,1,2017-01,False
2017-01-31,ASIANPAINT,896.13,900.46,888.02,894.2,603928,-0.257,870.63,851.32,933.44,63.229,14.0799,10.8068,3.273,918.29,822.97,10.949,2017,1,1,2017-01,False
2017-02-01,ASIANPAINT,894.2,922.15,893.74,912.9,1241463,2.091,874.98,852.85,934.08,69.556,15.2764,11.7007,3.5757,921.32,828.63,10.593,2017,2,1,2017-02,False
2017-02-02,ASIANPAINT,911.47,916.58,904.56,911.05,1365514,-0.202,878.77,853.72,934.67,68.309,15.8929,12.5392,3.3537,923.8,833.75,10.247,2017,2,1,2017-02,False
2017-02-03,ASIANPAINT,911.97,915.57,903.73,908.2,465754,-0.313,881.97,854.63,935.22,66.324,15.9669,13.2247,2.7422,925.74,838.2,9.925,2017,2,1,2017-02,False
2017-02-06,ASIANPAINT,912.07,925.75,907.83,914.28,744278,0.669,884.87,855.5,935.74,68.427,16.328,13.8454,2.4826,929.15,840.59,10.008,2017,2,1,2017-02,False
2017-02-07,ASIANPAINT,913.82,924.83,912.16,920.54,577723,0.685,888.98,856.66,936.3,70.473,16.9245,14.4612,2.4633,930.24,847.72,9.282,2017,2,1,2017-02,False
2017-02-08,ASIANPAINT,920.54,930.31,903.68,919.07,1192386,-0.16,892.39,857.39,936.83,69.335,17.0814,14.9852,2.0962,931.6,853.19,8.787,2017,2,1,2017-02,False
2017-02-09,ASIANPAINT,920.27,925.79,912.9,923.81,493191,0.516,895.53,857.99,937.46,70.961,17.3881,15.4658,1.9223,934.21,856.86,8.637,2017,2,1,2017-02,False
2017-02-10,ASIANPAINT,926.62,929.48,912.44,914.78,479738,-0.977,898.27,858.99,938.1,64.005,16.7101,15.7147,0.9954,933.99,862.55,7.953,2017,2,1,2017-02,False
2017-02-13,ASIANPAINT,916.58,921.19,904.14,907.14,643641,-0.836,900.65,860.46,938.63,58.752,15.3786,15.6475,-0.2689,931.56,869.74,6.864,2017,2,1,2017-02,False
2017-02-14,ASIANPAINT,910.13,910.18,893.55,903.5,604108,-0.401,902.74,861.25,939.08,56.38,13.8698,15.2919,-1.4221,927.58,877.91,5.502,2017,2,1,2017-02,False
2017-02-15,ASIANPAINT,903.87,909.17,899.08,904.33,600970,0.092,903.74,862.13,939.61,56.808,12.5958,14.7527,-2.1569,927.04,880.44,5.156,2017,2,1,2017-02,False
2017-02-16,ASIANPAINT,907.37,911.56,891.48,893.46,932357,-1.202,904.04,862.82,940.12,49.898,10.587,13.9196,-3.3326,926.59,881.49,4.99,2017,2,1,2017-02,False
2017-02-17,ASIANPAINT,896.31,896.68,880.29,885.08,1142332,-0.938,903.95,863.28,940.59,45.32,8.2238,12.7804,-4.5566,926.8,881.1,5.055,2017,2,1,2017-02,False
2017-02-20,ASIANPAINT,885.26,902.72,878.67,898.85,1092302,1.556,904.35,863.9,941.1,52.956,7.3771,11.6997,-4.3226,926.51,882.18,4.902,2017,2,1,2017-02,False
2017-02-21,ASIANPAINT,900.64,915.61,899.35,913.36,885074,1.614,905.58,865.4,941.68,59.391,7.7871,10.9172,-3.1301,926.8,884.36,4.686,2017,2,1,2017-02,False
2017-02-22,ASIANPAINT,916.67,944.91,915.57,939.89,2809160,2.905,907.74,867.49,942.41,68.008,10.136,10.761,-0.625,933.47,882.01,5.669,2017,2,1,2017-02,False
2017-02-23,ASIANPAINT,948.82,948.82,926.12,929.48,1580357,-1.108,909.18,869.24,943.0,62.412,11.0303,10.8148,0.2155,936.42,881.94,5.993,2017,2,1,2017-02,False
2017-02-27,ASIANPAINT,930.4,938.27,920.27,922.98,738246,-0.699,910.67,871.06,943.47,59.142,11.0873,10.8693,0.218,937.48,883.85,5.889,2017,2,1,2017-02,False
2017-02-28,ASIANPAINT,924.04,945.87,919.48,943.48,1368244,2.221,913.02,873.35,944.08,65.318,12.6406,11.2236,1.417,942.69,883.35,6.499,2017,2,1,2017-02,False
2017-03-01,ASIANPAINT,948.82,958.03,945.18,951.36,1124115,0.835,915.88,876.19,944.69,67.359,14.3418,11.8472,2.4946,948.75,883.0,7.178,2017,3,1,2017-03,False
2017-03-02,ASIANPAINT,956.1,962.41,945.51,947.67,1037442,-0.387,917.61,879.2,945.18,65.419,15.2173,12.5212,2.6961,953.38,881.85,7.794,2017,3,1,2017-03,False
2017-03-03,ASIANPAINT,946.11,946.11,926.71,933.81,596208,-1.463,918.75,881.93,945.54,58.582,14.6239,12.9418,1.6821,955.08,882.43,7.907,2017,3,1,2017-03,False
2017-03-06,ASIANPAINT,939.61,952.32,935.93,948.27,559268,1.549,920.76,884.86,945.93,62.934,15.146,13.3826,1.7634,959.0,882.51,8.307,2017,3,1,2017-03,False
2017-03-07,ASIANPAINT,949.33,951.22,940.07,943.25,429279,-0.529,922.2,887.62,946.21,60.555,14.9819,13.7025,1.2795,961.59,882.82,8.542,2017,3,1,2017-03,False
2017-03-08,ASIANPAINT,943.3,953.2,935.0,941.96,1164247,-0.137,923.28,890.47,946.52,59.929,14.5798,13.8779,0.7019,963.63,882.93,8.741,2017,3,1,2017-03,False
2017-03-09,ASIANPAINT,947.44,958.77,944.22,949.84,827512,0.836,924.81,893.33,946.89,62.482,14.7269,14.0477,0.6792,966.8,882.83,9.08,2017,3,1,2017-03,False
2017-03-10,ASIANPAINT,943.39,955.45,943.39,949.05,579487,-0.082,926.08,896.18,947.27,62.059,14.6118,14.1606,0.4513,969.43,882.72,9.363,2017,3,1,2017-03,False
2017-03-14,ASIANPAINT,967.06,992.85,958.59,986.96,1640301,3.994,929.68,899.7,947.88,71.963,17.3791,14.8043,2.5748,980.46,878.91,10.924,2017,3,1,2017-03,False
2017-03-15,ASIANPAINT,983.83,990.74,977.47,980.19,619852,-0.686,933.34,902.89,948.41,68.523,18.809,15.6052,3.2038,987.67,879.0,11.643,2017,3,1,2017-03,False
2017-03-16,ASIANPAINT,986.82,1003.63,984.06,1001.84,1382416,2.209,938.25,906.26,948.93,72.972,21.4418,16.7725,4.6693,998.68,877.83,12.88,2017,3,1,2017-03,False
2017-03-17,ASIANPAINT,1004.32,1006.12,990.28,994.37,782439,-0.745,942.76,909.63,949.37,69.334,22.665,17.951,4.714,1005.89,879.62,13.394,2017,3,1,2017-03,False
2017-03-20,ASIANPAINT,996.54,997.65,983.04,994.61,423077,0.023,947.81,912.82,949.78,69.385,23.3834,19.0375,4.3459,1010.53,885.1,13.233,2017,3,1,2017-03,False
2017-03-21,ASIANPAINT,996.68,999.44,979.64,984.47,1431610,-1.019,952.78,915.62,950.2,64.341,22.8715,19.8043,3.0672,1010.08,895.48,12.028,2017,3,1,2017-03,False
2017-03-22,ASIANPAINT,974.62,980.28,965.91,974.48,661176,-1.015,956.56,917.99,950.57,59.729,21.4124,20.1259,1.2865,1008.62,904.51,10.884,2017,3,1,2017-03,False
2017-03-23,ASIANPAINT,976.46,985.67,970.93,977.93,466635,0.354,959.79,920.78,950.79,60.775,20.3009,20.1609,0.1399,1008.46,911.12,10.142,2017,3,1,2017-03,False
2017-03-24,ASIANPAINT,979.04,988.43,977.42,980.37,435183,0.25,961.82,923.37,951.02,61.536,19.3933,20.0074,-0.6141,1010.37,913.27,10.096,2017,3,1,2017-03,False
2017-03-27,ASIANPAINT,983.83,983.83,957.99,960.71,833514,-2.006,963.38,925.36,951.13,52.673,16.8924,19.3844,-2.492,1009.5,917.26,9.575,2017,3,1,2017-03,False
2017-03-28,ASIANPAINT,962.64,978.25,962.64,974.48,452398,1.434,965.95,927.65,951.32,57.31,15.8391,18.6753,-2.8362,1008.16,923.75,8.739,2017,3,1,2017-03,False
2017-03-29,ASIANPAINT,978.3,993.96,974.48,983.92,1345902,0.969,967.98,930.14,951.51,60.19,15.5866,18.0576,-2.471,1009.52,926.43,8.584,2017,3,1,2017-03,False
2017-03-30,ASIANPAINT,983.92,990.0,978.3,985.76,1171200,0.187,969.7,932.62,951.79,60.746,15.3581,17.5177,-2.1596,1011.19,928.2,8.559,2017,3,1,2017-03,False
2017-03-31,ASIANPAINT,985.67,994.42,981.06,988.89,937954,0.318,971.76,934.71,952.17,61.725,15.2539,17.0649,-1.811,1012.74,930.78,8.435,2017,3,1,2017-03,False
2017-04-03,ASIANPAINT,990.0,1011.88,984.29,1003.96,790370,1.523,975.26,937.04,952.66,66.105,16.1999,16.8919,-0.692,1014.54,935.99,8.055,2017,4,2,2017-04,False
2017-04-05,ASIANPAINT,1007.78,1008.38,984.56,997.23,927397,-0.67,977.71,939.25,953.1,62.658,16.22,16.7575,-0.5375,1016.0,939.43,7.831,2017,4,2,2017-04,False
2017-04-06,ASIANPAINT,993.41,1003.17,987.05,1001.24,690411,0.402,980.61,941.45,953.59,63.867,16.3706,16.6801,-0.3095,1016.62,944.6,7.345,2017,4,2,2017-04,False
2017-04-07,ASIANPAINT,992.12,1004.0,988.53,997.6,837821,-0.363,983.39,943.63,954.02,61.906,16.0117,16.5465,-0.5347,1015.18,951.61,6.465,2017,4,2,2017-04,False
2017-04-10,ASIANPAINT,993.41,995.3,973.74,975.72,757492,-2.193,984.69,945.21,954.27,51.642,13.8028,15.9977,-2.1949,1012.59,956.78,5.668,2017,4,2,2017-04,False
2017-04-11,ASIANPAINT,979.87,991.89,973.28,987.97,731062,1.256,986.63,946.96,954.62,56.038,12.8923,15.3766,-2.4844,1008.94,964.33,4.522,2017,4,2,2017-04,False
2017-04-12,ASIANPAINT,990.74,996.63,979.31,986.08,719256,-0.191,986.59,948.82,955.0,55.205,11.8813,14.6776,-2.7963,1008.9,964.28,4.522,2017,4,2,2017-04,False
2017-04-13,ASIANPAINT,986.08,996.17,982.12,993.32,328677,0.733,987.25,950.75,955.45,57.792,11.5307,14.0482,-2.5175,1009.53,964.96,4.515,2017,4,2,2017-04,False
2017-04-17,ASIANPAINT,994.47,994.88,973.19,975.86,506747,-1.757,985.95,952.39,955.8,50.247,9.7321,13.185,-3.4529,1007.68,964.22,4.408,2017,4,2,2017-04,False
2017-04-18,ASIANPAINT,978.67,984.7,955.55,958.45,722855,-1.784,984.15,953.3,956.07,44.068,6.8231,11.9126,-5.0895,1008.7,959.6,4.989,2017,4,2,2017-04,False
2017-04-19,ASIANPAINT,961.72,972.77,952.23,966.23,398732,0.812,982.73,954.4,956.36,47.195,5.0872,10.5475,-5.4603,1008.01,957.46,5.144,2017,4,2,2017-04,False
2017-04-20,ASIANPAINT,972.77,978.99,960.34,975.35,493562,0.944,982.28,955.74,956.76,50.674,4.3967,9.3174,-4.9207,1007.75,956.8,5.186,2017,4,2,2017-04,False
2017-04-21,ASIANPAINT,981.89,987.05,971.11,981.48,701515,0.628,982.63,957.09,957.16,52.918,4.2943,8.3127,-4.0185,1007.84,957.42,5.132,2017,4,2,2017-04,False
2017-04-24,ASIANPAINT,982.08,989.68,979.87,985.62,363436,0.422,983.01,958.39,957.52,54.429,4.4957,7.5493,-3.0536,1008.16,957.87,5.116,2017,4,2,2017-04,False
2017-04-25,ASIANPAINT,990.0,1015.1,985.67,1011.37,1060527,2.612,984.56,960.24,957.97,62.482,6.6563,7.3707,-0.7144,1012.67,956.45,5.71,2017,4,2,2017-04,False
2017-04-26,ASIANPAINT,1017.82,1033.57,1006.63,1017.59,1870316,0.615,987.41,962.11,958.45,64.13,8.7692,7.6504,1.1187,1016.83,957.98,5.96,2017,4,2,2017-04,False
2017-04-27,ASIANPAINT,1017.82,1022.1,1005.94,1018.23,666287,0.063,989.59,964.18,958.95,64.305,10.3761,8.1955,2.1805,1021.38,957.81,6.425,2017,4,2,2017-04,False
2017-04-28,ASIANPAINT,1019.39,1036.29,1018.23,1032.14,1012065,1.366,992.01,966.68,959.58,67.942,12.6264,9.0817,3.5447,1028.89,955.12,7.436,2017,4,2,2017-04,False
2017-05-02,ASIANPAINT,1034.58,1047.85,1013.31,1024.45,1031522,-0.745,993.94,969.1,960.16,64.055,13.632,9.9918,3.6403,1033.41,954.47,7.943,2017,5,2,2017-05,False
2017-05-03,ASIANPAINT,1028.04,1035.37,1025.28,1030.72,476101,0.611,996.03,971.63,960.67,65.773,14.7643,10.9463,3.818,1038.68,953.38,8.564,2017,5,2,2017-05,False
2017-05-04,ASIANPAINT,1030.72,1045.55,1029.52,1043.34,878814,1.224,998.0,974.62,961.17,68.987,16.4898,12.055,4.4348,1045.55,950.45,9.528,2017,5,2,2017-05,False
2017-05-05,ASIANPAINT,1045.55,1068.58,1044.63,1056.42,1518367,1.254,1000.96,978.05,961.77,71.929,18.6973,13.3834,5.3138,1055.2,946.72,10.838,2017,5,2,2017-05,False
2017-05-08,ASIANPAINT,1059.36,1080.55,1053.29,1075.35,672001,1.792,1004.66,981.58,962.51,75.546,21.7239,15.0515,6.6723,1068.3,941.03,12.668,2017,5,2,2017-05,False
2017-05-09,ASIANPAINT,1080.05,1084.1,1068.67,1073.46,734416,-0.176,1008.46,984.78,963.2,74.514,23.6969,16.7806,6.9163,1078.99,937.93,13.988,2017,5,2,2017-05,False
2017-05-10,ASIANPAINT,1075.12,1088.84,1057.66,1067.01,1004939,-0.601,1013.02,987.33,963.82,70.953,24.4583,18.3162,6.1422,1086.39,939.65,14.485,2017,5,2,2017-05,False
2017-05-11,ASIANPAINT,1067.66,1085.99,1061.48,1074.52,1003768,0.704,1017.35,990.23,964.47,72.595,25.375,19.7279,5.6471,1094.6,940.1,15.187,2017,5,2,2017-05,False
2017-05-12,ASIANPAINT,1077.97,1086.08,1038.18,1043.66,2500503,-2.872,1020.23,992.64,964.95,58.062,23.3423,20.4508,2.8915,1096.86,943.59,15.023,2017,5,2,2017-05,False
2017-05-15,ASIANPAINT,1052.82,1059.27,1045.55,1057.57,729473,1.333,1023.44,994.92,965.51,61.777,22.5933,20.8793,1.714,1100.71,946.17,15.1,2017,5,2,2017-05,False
2017-05-16,ASIANPAINT,1058.35,1059.09,1040.57,1052.78,913600,-0.453,1027.29,996.95,965.98,59.812,21.3669,20.9768,0.3901,1102.21,952.37,14.586,2017,5,2,2017-05,False
2017-05-17,ASIANPAINT,1052.92,1067.66,1046.98,1063.92,579709,1.059,1032.56,999.28,966.49,62.778,21.0517,20.9918,0.0599,1101.7,963.42,13.393,2017,5,2,2017-05,False
2017-05-18,ASIANPAINT,1056.74,1068.39,1050.15,1060.61,702003,-0.312,1037.28,1001.81,966.88,61.328,20.3003,20.8535,-0.5532,1099.94,974.62,12.082,2017,5,2,2017-05,False
2017-05-19,ASIANPAINT,1050.01,1054.57,1012.2,1034.63,1732673,-2.449,1040.24,1003.54,967.18,51.325,17.408,20.1644,-2.7564,1095.77,984.71,10.677,2017,5,2,2017-05,False
2017-05-22,ASIANPAINT,1035.64,1048.17,1016.99,1024.87,1058940,-0.944,1042.41,1005.17,967.42,48.146,14.1647,18.9645,-4.7998,1091.27,993.56,9.373,2017,5,2,2017-05,False
2017-05-23,ASIANPAINT,1031.68,1037.76,1005.43,1012.29,1374392,-1.227,1043.75,1006.58,967.3,44.338,10.4591,17.2634,-6.8043,1087.23,1000.26,8.333,2017,5,2,2017-05,False
2017-05-24,ASIANPAINT,1008.7,1019.8,995.34,1005.2,1551698,-0.701,1043.44,1007.69,967.21,42.305,6.8708,15.1849,-8.3141,1087.97,998.91,8.535,2017,5,2,2017-05,False
2017-05-25,ASIANPAINT,1009.21,1036.34,1004.14,1025.47,1226634,2.016,1043.83,1009.21,967.19,49.438,5.5978,13.2675,-7.6696,1087.53,1000.13,8.373,2017,5,2,2017-05,False
2017-05-26,ASIANPAINT,1036.29,1058.26,1035.41,1043.2,915210,1.729,1045.08,1010.34,967.24,54.714,5.9513,11.8042,-5.8529,1087.09,1003.06,8.041,2017,5,2,2017-05,False
2017-05-29,ASIANPAINT,1036.33,1059.36,1036.33,1056.19,460152,1.245,1046.28,1011.86,967.27,58.158,7.1965,10.8827,-3.6862,1088.11,1004.45,7.996,2017,5,2,2017-05,False
2017-05-30,ASIANPAINT,1059.36,1074.2,1056.6,1068.07,460978,1.125,1048.46,1013.18,967.43,61.074,9.0381,10.5138,-1.4757,1090.05,1006.88,7.933,2017,5,2,2017-05,False
2017-05-31,ASIANPAINT,1067.66,1073.18,1054.34,1060.47,1488564,-0.712,1049.95,1014.5,967.48,58.277,9.7717,10.3653,-0.5937,1090.99,1008.91,7.817,2017,5,2,2017-05,False
2017-06-01,ASIANPAINT,1059.36,1070.42,1043.8,1068.99,578030,0.804,1051.23,1015.99,967.55,60.463,10.9148,10.4752,0.4395,1093.0,1009.47,7.946,2017,6,2,2017-06,False
2017-06-02,ASIANPAINT,1069.68,1082.3,1068.76,1072.54,437401,0.332,1052.04,1017.75,967.64,61.371,11.9689,10.774,1.1949,1094.84,1009.24,8.136,2017,6,2,2017-06,False
2017-06-05,ASIANPAINT,1073.18,1083.68,1068.12,1070.0,425935,-0.236,1051.77,1019.66,967.8,60.306,12.4563,11.1104,1.3459,1094.02,1009.52,8.034,2017,6,2,2017-06,False
2017-06-06,ASIANPAINT,1070.56,1073.46,1051.12,1062.27,787798,-0.723,1051.21,1021.35,967.85,57.05,12.079,11.3041,0.7748,1092.54,1009.89,7.862,2017,6,2,2017-06,False
2017-06-07,ASIANPAINT,1063.05,1075.95,1055.68,1069.96,531046,0.724,1051.36,1023.14,967.97,59.397,12.2593,11.4952,0.7641,1092.94,1009.78,7.91,2017,6,2,2017-06,False
2017-06-08,ASIANPAINT,1082.21,1082.21,1050.34,1053.19,1202971,-1.567,1050.29,1024.99,968.05,52.645,10.9234,11.3808,-0.4574,1090.44,1010.14,7.646,2017,6,2,2017-06,False
2017-06-09,ASIANPAINT,1054.76,1066.37,1042.92,1064.66,559008,1.089,1051.34,1026.8,968.26,56.304,10.6672,11.2381,-0.5709,1091.86,1010.83,7.708,2017,6,2,2017-06,False
2017-06-12,ASIANPAINT,1063.42,1067.33,1052.55,1060.01,649908,-0.437,1051.47,1028.32,968.47,54.466,9.9738,10.9852,-1.0114,1092.08,1010.86,7.725,2017,6,2,2017-06,False
2017-06-13,ASIANPAINT,1060.47,1063.28,1052.23,1059.09,855507,-0.087,1051.78,1029.78,968.65,54.089,9.2434,10.6369,-1.3935,1092.53,1011.03,7.749,2017,6,2,2017-06,False
2017-06-14,ASIANPAINT,1060.29,1061.99,1037.49,1059.0,931530,-0.009,1051.53,1031.19,968.83,54.049,8.5584,10.2212,-1.6627,1092.04,1011.03,7.703,2017,6,2,2017-06,False
2017-06-15,ASIANPAINT,1064.61,1066.46,1051.02,1057.47,1003963,-0.144,1051.38,1032.26,968.94,53.339,7.8022,9.7374,-1.9352,1091.75,1011.0,7.681,2017,6,2,2017-06,False
2017-06-16,ASIANPAINT,1059.69,1066.28,1046.48,1062.2,1184164,0.447,1052.76,1033.56,969.11,55.293,7.4981,9.2895,-1.7915,1092.6,1012.91,7.57,2017,6,2,2017-06,False
2017-06-19,ASIANPAINT,1065.53,1073.88,1055.29,1070.31,808994,0.764,1055.03,1034.94,969.38,58.506,7.8217,8.9959,-1.1743,1093.33,1016.72,7.261,2017,6,2,2017-06,False
2017-06-20,ASIANPAINT,1071.19,1072.81,1061.36,1065.95,804319,-0.407,1057.71,1036.3,969.55,56.171,7.6383,8.7244,-1.0861,1090.54,1024.88,6.207,2017,6,2,2017-06,False
2017-06-21,ASIANPAINT,1073.88,1076.11,1066.37,1071.47,553929,0.518,1061.02,1038.22,969.8,58.432,7.8478,8.5491,-0.7013,1083.18,1038.87,4.175,2017,6,2,2017-06,False
2017-06-22,ASIANPAINT,1072.95,1085.94,1072.58,1078.1,651018,0.619,1063.66,1040.02,969.92,61.034,8.4515,8.5296,-0.0781,1079.68,1047.63,3.013,2017,6,2,2017-06,False
2017-06-23,ASIANPAINT,1078.52,1079.91,1062.84,1069.85,596082,-0.766,1064.99,1041.7,969.95,56.31,8.1697,8.4576,-0.2879,1078.0,1051.98,2.443,2017,6,2,2017-06,False
2017-06-27,ASIANPAINT,1072.95,1083.48,1047.91,1051.76,484244,-1.69,1064.77,1042.87,969.89,47.613,6.4133,8.0488,-1.6354,1078.53,1051.0,2.586,2017,6,2,2017-06,False
2017-06-28,ASIANPAINT,1043.28,1046.85,1019.17,1028.58,930404,-2.204,1062.79,1043.92,969.67,39.245,3.1147,7.0619,-3.9473,1083.92,1041.66,3.976,2017,6,2,2017-06,False
2017-06-29,ASIANPAINT,1031.22,1045.09,1020.09,1024.31,460382,-0.415,1060.99,1045.24,969.26,37.924,0.1545,5.6805,-5.526,1088.25,1033.72,5.139,2017,6,2,2017-06,False
2017-06-30,ASIANPAINT,1020.05,1031.22,1004.61,1022.83,617697,-0.145,1058.68,1046.37,968.97,37.452,-2.2849,4.0874,-6.3722,1090.52,1026.84,6.015,2017,6,2,2017-06,False
2017-07-03,ASIANPAINT,1026.59,1041.84,1023.99,1038.87,512386,1.568,1056.99,1047.64,968.73,45.371,-2.8902,2.6919,-5.5821,1089.31,1024.68,6.114,2017,7,3,2017-07,False
2017-07-04,ASIANPAINT,1042.17,1044.62,1026.4,1028.02,549148,-1.044,1054.89,1048.57,968.48,41.541,-4.197,1.3141,-5.5111,1089.05,1020.74,6.476,2017,7,3,2017-07,False
2017-07-05,ASIANPAINT,1028.02,1052.55,1028.02,1044.81,837353,1.633,1054.02,1049.75,968.4,48.749,-3.8341,0.2845,-4.1186,1088.28,1019.77,6.5,2017,7,3,2017-07,False
2017-07-06,ASIANPAINT,1052.55,1060.9,1045.92,1049.91,532283,0.488,1053.02,1050.53,968.31,50.737,-3.0992,-0.3923,-2.7069,1086.47,1019.56,6.354,2017,7,3,2017-07,False
2017-07-07,ASIANPAINT,1052.55,1052.92,1031.27,1034.42,364301,-1.475,1052.08,1050.86,968.09,45.026,-3.7235,-1.0585,-2.665,1086.55,1017.61,6.553,2017,7,3,2017-07,False
2017-07-10,ASIANPAINT,1038.87,1076.62,1034.98,1045.83,70264,1.103,1051.14,1051.41,968.01,49.532,-3.2603,-1.4989,-1.7614,1085.19,1017.09,6.479,2017,7,3,2017-07,False
2017-07-11,ASIANPAINT,1043.28,1052.55,1041.05,1049.54,532133,0.355,1050.62,1051.76,967.91,50.94,-2.5643,-1.712,-0.8523,1084.41,1016.82,6.434,2017,7,3,2017-07,False
2017-07-12,ASIANPAINT,1053.48,1054.78,1042.44,1051.35,373345,0.172,1050.23,1052.3,967.81,51.649,-1.8456,-1.7387,-0.1069,1083.79,1016.66,6.392,2017,7,3,2017-07,False
2017-07-13,ASIANPAINT,1057.0,1061.13,1039.8,1043.74,764694,-0.723,1049.47,1052.56,967.65,48.479,-1.868,-1.7646,-0.1035,1082.89,1016.05,6.369,2017,7,3,2017-07,False
2017-07-14,ASIANPAINT,1046.29,1046.94,1031.27,1036.18,872831,-0.724,1048.4,1052.42,967.36,45.491,-2.4673,-1.9051,-0.5622,1082.1,1014.7,6.429,2017,7,3,2017-07,False
2017-07-17,ASIANPAINT,1039.2,1046.71,1034.24,1043.69,1260921,0.725,1047.48,1052.16,967.1,48.864,-2.3094,-1.986,-0.3234,1080.59,1014.36,6.323,2017,7,3,2017-07,False
2017-07-18,ASIANPAINT,1036.79,1066.46,1035.86,1063.31,648737,1.879,1047.13,1051.92,966.98,56.445,-0.5948,-1.7077,1.113,1079.36,1014.89,6.157,2017,7,3,2017-07,False
2017-07-19,ASIANPAINT,1071.05,1073.88,1062.8,1071.89,964588,0.807,1047.42,1051.89,966.86,59.287,1.4397,-1.0782,2.5179,1080.49,1014.36,6.314,2017,7,3,2017-07,False
2017-07-20,ASIANPAINT,1072.86,1073.74,1051.58,1071.61,1287749,-0.026,1047.43,1051.98,966.74,59.152,2.995,-0.2636,3.2586,1080.52,1014.34,6.318,2017,7,3,2017-07,False
2017-07-21,ASIANPAINT,1072.03,1087.33,1064.61,1072.12,2017663,0.048,1047.13,1051.93,966.74,59.335,4.2201,0.6331,3.5869,1079.14,1015.12,6.114,2017,7,3,2017-07,False
2017-07-24,ASIANPAINT,1067.95,1075.27,1057.19,1071.79,2063340,-0.03,1047.23,1052.5,966.76,59.154,5.106,1.5277,3.5783,1079.54,1014.92,6.171,2017,7,3,2017-07,False
2017-07-25,ASIANPAINT,1075.78,1080.37,1057.19,1066.55,2963793,-0.489,1047.97,1052.68,966.61,56.171,5.3238,2.2869,3.0369,1081.38,1014.56,6.376,2017,7,3,2017-07,False
2017-07-26,ASIANPAINT,1051.62,1061.64,1044.2,1051.62,1973462,-1.4,1049.12,1052.65,966.39,48.645,4.2429,2.6781,1.5647,1081.28,1016.96,6.131,2017,7,3,2017-07,False
2017-07-27,ASIANPAINT,1053.99,1069.24,1053.52,1065.35,1033335,1.305,1051.17,1052.68,966.17,54.659,4.4424,3.031,1.4115,1081.87,1020.47,5.841,2017,7,3,2017-07,False
2017-07-28,ASIANPAINT,1064.61,1072.86,1056.26,1069.48,616845,0.387,1053.5,1052.86,965.96,56.316,4.8774,3.4003,1.4771,1082.15,1024.85,5.439,2017,7,3,2017-07,False
2017-07-31,ASIANPAINT,1070.31,1079.44,1062.84,1077.31,777721,0.733,1055.43,1053.71,965.9,59.353,5.7877,3.8777,1.9099,1085.08,1025.77,5.62,2017,7,3,2017-07,False
2017-08-01,ASIANPAINT,1077.59,1078.52,1057.65,1064.79,1176561,-1.162,1057.26,1054.51,965.65,53.012,5.4362,4.1894,1.2468,1084.2,1030.33,5.096,2017,8,3,2017-08,False
2017-08-02,ASIANPAINT,1066.46,1068.32,1052.55,1061.36,848781,-0.322,1058.09,1055.49,965.37,51.391,4.8252,4.3166,0.5086,1084.43,1031.75,4.978,2017,8,3,2017-08,False
2017-08-03,ASIANPAINT,1059.97,1065.44,1045.23,1062.84,997619,0.14,1058.74,1056.65,965.14,52.074,4.4099,4.3352,0.0746,1084.86,1032.61,4.935,2017,8,3,2017-08,False
2017-08-04,ASIANPAINT,1060.9,1075.69,1057.79,1073.23,529318,0.977,1060.68,1057.6,965.08,56.659,4.8627,4.4407,0.422,1084.9,1036.46,4.566,2017,8,3,2017-08,False
2017-08-07,ASIANPAINT,1075.73,1076.43,1059.41,1066.14,576280,-0.661,1061.69,1058.06,965.01,52.934,4.5962,4.4718,0.1244,1084.97,1038.42,4.385,2017,8,3,2017-08,False
2017-08-08,ASIANPAINT,1062.75,1067.85,1056.35,1064.0,600256,-0.2,1062.42,1058.22,964.96,51.83,4.1649,4.4104,-0.2456,1085.0,1039.84,4.25,2017,8,3,2017-08,False
2017-08-09,ASIANPAINT,1064.42,1074.72,1057.28,1071.61,530763,0.715,1063.43,1058.29,964.96,55.4,4.3861,4.4056,-0.0195,1085.73,1041.13,4.194,2017,8,3,2017-08,False
2017-08-10,ASIANPAINT,1070.17,1076.01,1062.75,1067.48,649594,-0.385,1064.62,1058.43,965.0,53.1,4.1802,4.3605,-0.1803,1084.95,1044.29,3.819,2017,8,3,2017-08,False
2017-08-11,ASIANPAINT,1053.15,1065.3,1039.75,1060.8,843233,-0.626,1065.85,1058.26,965.12,49.519,3.4386,4.1761,-0.7375,1081.33,1050.37,2.905,2017,8,3,2017-08,False
2017-08-14,ASIANPAINT,1065.95,1079.17,1061.82,1070.17,511994,0.883,1067.17,1058.22,965.24,54.187,3.5656,4.054,-0.4884,1078.7,1055.64,2.161,2017,8,3,2017-08,False
2017-08-16,ASIANPAINT,1070.5,1071.38,1046.99,1058.39,857454,-1.1,1066.93,1057.98,965.37,48.156,2.685,3.7802,-1.0952,1079.0,1054.85,2.263,2017,8,3,2017-08,False
2017-08-17,ASIANPAINT,1058.39,1059.78,1049.77,1052.5,494638,-0.556,1065.96,1057.79,965.65,45.434,1.4946,3.3231,-1.8285,1079.39,1052.53,2.52,2017,8,3,2017-08,False
2017-08-18,ASIANPAINT,1049.72,1059.46,1041.42,1057.19,357491,0.445,1065.24,1057.53,966.02,47.954,0.9186,2.8422,-1.9236,1078.94,1051.54,2.572,2017,8,3,2017-08,False
2017-08-21,ASIANPAINT,1058.86,1058.86,1046.52,1052.04,456594,-0.487,1064.23,1057.51,966.32,45.468,0.0462,2.283,-2.2368,1078.73,1049.74,2.725,2017,8,3,2017-08,False
2017-08-22,ASIANPAINT,1057.28,1059.6,1044.16,1047.4,568911,-0.441,1063.01,1057.17,966.66,43.292,-1.0077,1.6249,-2.6325,1078.87,1047.16,2.984,2017,8,3,2017-08,False
2017-08-23,ASIANPAINT,1049.58,1061.36,1033.08,1058.39,513036,1.049,1062.61,1057.13,967.17,49.467,-0.9452,1.1108,-2.0561,1078.5,1046.71,2.992,2017,8,3,2017-08,False
2017-08-24,ASIANPAINT,1057.56,1061.82,1048.84,1053.11,483362,-0.499,1062.68,1057.01,967.63,46.825,-1.3072,0.6272,-1.9344,1078.37,1046.99,2.953,2017,8,3,2017-08,False
2017-08-28,ASIANPAINT,1049.31,1075.5,1044.3,1071.93,751938,1.788,1063.01,1057.27,968.22,55.864,-0.0742,0.4869,-0.5611,1079.21,1046.81,3.047,2017,8,3,2017-08,False
2017-08-29,ASIANPAINT,1071.1,1071.1,1056.54,1068.04,578071,-0.363,1062.94,1057.48,968.69,53.825,0.582,0.506,0.076,1079.03,1046.85,3.027,2017,8,3,2017-08,False
2017-08-30,ASIANPAINT,1066.37,1076.06,1061.18,1069.57,674280,0.143,1062.55,1057.63,969.2,54.528,1.2115,0.6471,0.5645,1077.52,1047.59,2.817,2017,8,3,2017-08,False
2017-08-31,ASIANPAINT,1063.08,1088.72,1061.18,1083.66,1131097,1.318,1063.49,1057.9,969.96,60.487,2.8154,1.0807,1.7347,1081.19,1045.8,3.327,2017,8,3,2017-08,False
2017-09-01,ASIANPAINT,1088.9,1130.45,1081.3,1127.57,1523879,4.052,1066.8,1059.13,971.16,72.555,7.5427,2.3731,5.1696,1100.43,1033.18,6.303,2017,9,3,2017-09,False
2017-09-04,ASIANPAINT,1127.57,1127.57,1105.41,1110.09,682612,-1.55,1069.17,1059.9,972.61,64.155,9.7661,3.8517,5.9144,1107.87,1030.46,7.24,2017,9,3,2017-09,False
2017-09-05,ASIANPAINT,1113.99,1134.2,1113.2,1118.72,714964,0.777,1071.44,1060.72,973.89,66.232,12.0847,5.4983,6.5864,1116.05,1026.84,8.326,2017,9,3,2017-09,False
2017-09-06,ASIANPAINT,1111.3,1125.3,1110.97,1118.44,370400,-0.025,1074.06,1061.69,975.25,66.099,13.7413,7.1469,6.5944,1123.25,1024.86,9.16,2017,9,3,2017-09,False
2017-09-07,ASIANPAINT,1129.52,1130.26,1107.22,1111.58,832839,-0.614,1076.44,1062.88,976.63,62.75,14.3353,8.5846,5.7507,1128.12,1024.75,9.603,2017,9,3,2017-09,False
2017-09-08,ASIANPAINT,1108.19,1118.39,1103.56,1116.49,477517,0.442,1078.68,1064.64,978.07,64.151,15.0293,9.8735,5.1558,1133.3,1024.06,10.127,2017,9,3,2017-09,False
2017-09-11,ASIANPAINT,1118.39,1150.85,1112.46,1148.12,843302,2.832,1082.71,1067.12,979.63,71.562,17.9244,11.4837,6.4407,1145.19,1020.24,11.541,2017,9,3,2017-09,False
2017-09-12,ASIANPAINT,1151.78,1168.42,1146.26,1165.09,1461215,1.478,1087.93,1069.96,981.11,74.597,21.3422,13.4554,7.8868,1159.45,1016.4,13.149,2017,9,3,2017-09,False
2017-09-13,ASIANPAINT,1159.24,1170.33,1158.27,1163.79,913364,-0.111,1092.61,1072.46,982.62,73.947,23.6732,15.499,8.1742,1171.15,1014.06,14.377,2017,9,3,2017-09,False
2017-09-14,ASIANPAINT,1166.62,1170.33,1150.85,1155.53,754072,-0.709,1097.46,1075.01,984.04,69.783,24.5713,17.3134,7.2578,1179.05,1015.87,14.869,2017,9,3,2017-09,False
2017-09-15,ASIANPAINT,1141.11,1158.87,1137.13,1155.02,912016,-0.044,1102.59,1077.22,985.51,69.522,24.9541,18.8416,6.1126,1185.16,1020.01,14.978,2017,9,3,2017-09,False
2017-09-18,ASIANPAINT,1159.2,1169.4,1158.08,1164.72,419287,0.839,1107.97,1079.51,986.91,71.685,25.7428,20.2218,5.521,1192.08,1023.85,15.184,2017,9,3,2017-09,False
2017-09-19,ASIANPAINT,1170.33,1170.33,1158.46,1162.26,464997,-0.211,1113.48,1082.07,988.26,70.322,25.8714,21.3517,4.5196,1196.6,1030.35,14.931,2017,9,3,2017-09,False
2017-09-20,ASIANPAINT,1165.23,1165.6,1145.29,1147.42,473176,-1.277,1118.48,1084.1,989.67,62.585,24.4936,21.9801,2.5135,1196.76,1040.2,13.998,2017,9,3,2017-09,False
2017-09-21,ASIANPAINT,1148.07,1156.65,1135.97,1139.82,772766,-0.663,1122.55,1085.91,991.2,59.002,22.5284,22.0898,0.4386,1195.99,1049.1,13.085,2017,9,3,2017-09,False
2017-09-22,ASIANPAINT,1129.57,1140.84,1117.37,1125.12,896125,-1.29,1126.15,1087.38,992.51,52.719,19.5594,21.5837,-2.0243,1191.92,1060.38,11.68,2017,9,3,2017-09,False
2017-09-25,ASIANPAINT,1117.61,1125.3,1105.41,1110.0,917093,-1.343,1128.05,1088.71,993.76,47.158,15.8046,20.4279,-4.6233,1189.26,1066.84,10.852,2017,9,3,2017-09,False
2017-09-26,ASIANPAINT,1100.77,1103.32,1079.44,1088.72,740276,-1.917,1129.09,1089.76,994.91,40.655,10.9849,18.5393,-7.5544,1186.61,1071.56,10.19,2017,9,3,2017-09,False
2017-09-27,ASIANPAINT,1087.88,1092.94,1069.1,1075.74,786410,-1.193,1129.39,1090.4,995.97,37.278,6.0479,16.041,-9.9931,1185.63,1073.16,9.959,2017,9,3,2017-09,False
2017-09-28,ASIANPAINT,1071.1,1080.37,1041.42,1047.91,2353175,-2.586,1127.61,1090.09,996.87,31.282,-0.1084,12.8111,-12.9195,1191.69,1063.53,11.366,2017,9,3,2017-09,False
2017-09-29,ASIANPAINT,1047.91,1061.78,1045.13,1049.49,791548,0.15,1123.7,1089.64,997.93,31.95,-4.8047,9.288,-14.0926,1196.69,1050.72,12.99,2017,9,3,2017-09,False
2017-10-03,ASIANPAINT,1058.39,1075.73,1053.01,1065.35,834092,1.511,1121.47,1089.52,999.08,38.433,-7.1643,5.9975,-13.1618,1198.82,1044.11,13.795,2017,10,4,2017-10,False
2017-10-04,ASIANPAINT,1070.17,1082.32,1064.19,1070.22,626750,0.457,1119.04,1089.48,1000.22,40.313,-8.543,3.0894,-11.6324,1199.73,1038.35,14.421,2017,10,4,2017-10,False
2017-10-05,ASIANPAINT,1066.14,1077.13,1064.24,1069.48,327057,-0.069,1116.59,1089.43,1001.41,40.112,-9.585,0.5545,-10.1395,1200.27,1032.91,14.988,2017,10,4,2017-10,False
2017-10-06,ASIANPAINT,1071.1,1084.73,1069.24,1073.23,344962,0.351,1114.67,1089.57,1002.63,41.697,-9.9926,-1.5549,-8.4377,1200.57,1028.78,15.411,2017,10,4,2017-10,False
2017-10-09,ASIANPAINT,1084.82,1084.82,1069.06,1074.44,363972,0.112,1112.57,1090.02,1003.96,42.225,-10.1018,-3.2643,-6.8375,1200.31,1024.83,15.773,2017,10,4,2017-10,False
2017-10-10,ASIANPAINT,1072.03,1082.18,1070.17,1078.52,316767,0.38,1109.09,1090.29,1005.36,44.073,-9.7468,-4.5608,-5.186,1196.42,1021.77,15.747,2017,10,4,2017-10,False
2017-10-11,ASIANPAINT,1085.01,1090.34,1071.1,1076.29,602214,-0.206,1104.65,1090.42,1006.76,43.261,-9.5351,-5.5557,-3.9795,1188.97,1020.34,15.266,2017,10,4,2017-10,False
2017-10-12,ASIANPAINT,1072.49,1077.59,1062.8,1074.62,658884,-0.155,1100.19,1090.37,1008.12,42.626,-9.3938,-6.3233,-3.0705,1180.69,1019.7,14.633,2017,10,4,2017-10,False
2017-10-13,ASIANPAINT,1074.62,1091.59,1070.31,1088.95,417081,1.333,1096.86,1090.85,1009.54,49.48,-8.0331,-6.6652,-1.3678,1173.12,1020.61,13.904,2017,10,4,2017-10,False
2017-10-16,ASIANPAINT,1095.21,1098.92,1081.3,1085.98,689380,-0.273,1093.41,1091.34,1010.97,48.196,-7.1121,-6.7546,-0.3575,1164.67,1022.16,13.033,2017,10,4,2017-10,False
2017-10-17,ASIANPAINT,1085.01,1112.83,1085.01,1110.19,979278,2.229,1090.69,1092.29,1012.49,57.813,-4.3788,-6.2795,1.9007,1154.21,1027.17,11.648,2017,10,4,2017-10,False
2017-10-18,ASIANPAINT,1110.79,1110.79,1085.01,1093.96,523048,-1.462,1087.27,1092.71,1013.92,50.979,-3.4819,-5.7199,2.238,1141.21,1033.33,9.922,2017,10,4,2017-10,False
2017-10-19,ASIANPAINT,1089.65,1097.3,1086.08,1092.89,77085,-0.097,1084.55,1093.24,1015.34,50.556,-2.8247,-5.1409,2.3162,1130.62,1038.47,8.497,2017,10,4,2017-10,False
2017-10-23,ASIANPAINT,1098.41,1105.27,1074.81,1088.86,698954,-0.369,1082.0,1093.74,1016.68,48.904,-2.5993,-4.6326,2.0332,1120.16,1043.83,7.055,2017,10,4,2017-10,False
2017-10-24,ASIANPAINT,1089.65,1144.36,1089.65,1134.07,2345084,4.152,1082.44,1094.99,1018.18,63.36,1.2132,-3.4634,4.6767,1122.88,1042.01,7.472,2017,10,4,2017-10,False
2017-10-25,ASIANPAINT,1134.07,1142.55,1108.19,1114.41,1015698,-1.734,1082.66,1095.93,1019.62,55.947,2.6181,-2.2471,4.8653,1123.78,1041.55,7.595,2017,10,4,2017-10,False
2017-10-26,ASIANPAINT,1107.27,1116.21,1094.93,1104.62,808543,-0.878,1083.46,1096.8,1020.97,52.646,2.9086,-1.216,4.1245,1125.67,1041.25,7.791,2017,10,4,2017-10,False
2017-10-27,ASIANPAINT,1107.17,1108.19,1092.98,1098.5,346755,-0.554,1084.6,1097.37,1022.24,50.633,2.6147,-0.4498,3.0645,1127.15,1042.04,7.847,2017,10,4,2017-10,False
2017-10-30,ASIANPAINT,1098.92,1111.72,1093.87,1096.65,280643,-0.169,1087.04,1098.13,1023.44,50.009,2.2067,0.0815,2.1253,1126.19,1047.88,7.204,2017,10,4,2017-10,False
2017-10-31,ASIANPAINT,1098.6,1104.97,1093.16,1097.53,279632,0.08,1089.44,1099.03,1024.74,50.323,1.9323,0.4516,1.4807,1124.59,1054.29,6.453,2017,10,4,2017-10,False
2017-11-01,ASIANPAINT,1101.39,1104.69,1091.16,1092.98,260543,-0.415,1090.82,1099.75,1025.95,48.627,1.332,0.6277,0.7043,1124.1,1057.53,6.103,2017,11,4,2017-11,False
2017-11-02,ASIANPAINT,1093.39,1098.55,1083.73,1095.25,245949,0.208,1092.07,1100.61,1027.12,49.543,1.0282,0.7078,0.3204,1123.95,1060.19,5.838,2017,11,4,2017-11,False
2017-11-03,ASIANPAINT,1099.02,1099.62,1084.94,1089.72,258595,-0.505,1093.08,1101.46,1028.27,47.337,0.3373,0.6337,-0.2964,1123.17,1062.99,5.506,2017,11,4,2017-11,False
2017-11-06,ASIANPAINT,1085.59,1090.33,1073.5,1080.34,314729,-0.861,1093.44,1101.9,1029.37,43.773,-0.9567,0.3156,-1.2723,1122.7,1064.18,5.352,2017,11,4,2017-11,False
2017-11-07,ASIANPAINT,1076.29,1082.47,1052.59,1060.91,758497,-1.798,1092.76,1102.06,1030.37,37.485,-3.5092,-0.4493,-3.0599,1124.4,1061.12,5.79,2017,11,4,2017-11,False
2017-11-08,ASIANPAINT,1066.16,1096.18,1064.26,1089.49,691775,2.694,1093.31,1102.41,1031.39,49.076,-3.1892,-0.9973,-2.1919,1124.28,1062.34,5.666,2017,11,4,2017-11,False
2017-11-09,ASIANPAINT,1094.74,1113.89,1090.79,1111.24,884722,1.996,1095.06,1103.27,1032.51,55.793,-1.1671,-1.0313,-0.1359,1125.93,1064.19,5.638,2017,11,4,2017-11,False
2017-11-10,ASIANPAINT,1110.59,1110.59,1078.15,1095.44,1130647,-1.422,1096.1,1103.79,1033.56,50.574,-0.83,-0.991,0.161,1125.43,1066.76,5.353,2017,11,4,2017-11,False
2017-11-13,ASIANPAINT,1100.46,1105.57,1086.38,1092.05,363501,-0.31,1096.25,1103.96,1034.56,49.503,-0.8271,-0.9582,0.1311,1125.46,1067.04,5.329,2017,11,4,2017-11,False
2017-11-14,ASIANPAINT,1092.05,1093.02,1071.09,1073.55,547558,-1.694,1095.63,1102.88,1035.49,44.03,-2.2908,-1.2248,-1.0661,1126.26,1065.01,5.59,2017,11,4,2017-11,False
2017-11-15,ASIANPAINT,1073.5,1106.03,1069.83,1098.18,829732,2.294,1095.03,1102.64,1036.49,51.69,-1.4467,-1.2691,-0.1776,1124.92,1065.15,5.458,2017,11,4,2017-11,False
2017-11-16,ASIANPAINT,1099.53,1105.11,1092.09,1096.32,429230,-0.169,1095.15,1102.19,1037.47,51.122,-0.9171,-1.1987,0.2816,1125.04,1065.26,5.458,2017,11,4,2017-11,False
2017-11-17,ASIANPAINT,1102.32,1109.66,1083.73,1088.65,454013,-0.699,1094.94,1101.59,1038.45,48.739,-1.1035,-1.1797,0.0762,1124.95,1064.92,5.482,2017,11,4,2017-11,False
2017-11-20,ASIANPAINT,1090.23,1093.44,1077.83,1084.05,255840,-0.423,1094.7,1101.04,1039.39,47.315,-1.6039,-1.2645,-0.3394,1124.99,1064.4,5.535,2017,11,4,2017-11,False
2017-11-21,ASIANPAINT,1086.14,1092.09,1074.43,1078.43,421268,-0.519,1091.92,1100.28,1040.31,45.562,-2.4263,-1.4969,-0.9294,1116.71,1067.13,4.541,2017,11,4,2017-11,False
2017-11-22,ASIANPAINT,1080.47,1093.49,1073.5,1091.44,731572,1.207,1090.77,1099.15,1041.2,50.163,-2.0049,-1.5985,-0.4064,1113.18,1068.35,4.11,2017,11,4,2017-11,False
2017-11-23,ASIANPAINT,1092.56,1094.79,1075.41,1077.78,482632,-1.252,1089.43,1097.4,1042.03,45.787,-2.7419,-1.8272,-0.9147,1111.56,1067.29,4.064,2017,11,4,2017-11,False
2017-11-24,ASIANPAINT,1081.87,1081.87,1067.14,1077.78,406704,0.0,1088.39,1095.68,1042.88,45.787,-3.288,-2.1194,-1.1687,1110.68,1066.1,4.096,2017,11,4,2017-11,False
2017-11-27,ASIANPAINT,1076.29,1078.15,1065.23,1074.9,373156,-0.267,1087.3,1094.07,1043.69,44.831,-3.9083,-2.4771,-1.4311,1110.01,1064.59,4.177,2017,11,4,2017-11,False
2017-11-28,ASIANPAINT,1075.83,1092.0,1069.0,1088.38,445227,1.254,1086.84,1092.74,1044.52,50.083,-3.2746,-2.6366,-0.638,1109.05,1064.64,4.086,2017,11,4,2017-11,False
2017-11-29,ASIANPAINT,1083.73,1093.35,1067.23,1072.43,516698,-1.465,1085.82,1090.89,1045.29,44.667,-4.0124,-2.9118,-1.1006,1108.72,1062.92,4.218,2017,11,4,2017-11,False
2017-11-30,ASIANPAINT,1069.09,1076.29,1060.82,1065.84,1433116,-0.615,1084.35,1088.96,1046.0,42.612,-5.0711,-3.3436,-1.7274,1108.44,1060.25,4.444,2017,11,4,2017-11,False
2017-12-01,ASIANPAINT,1066.25,1072.57,1050.5,1053.75,397188,-1.134,1082.55,1087.09,1046.7,39.068,-6.8066,-4.0362,-2.7704,1110.08,1055.02,5.086,2017,12,4,2017-12,False
2017-12-04,ASIANPAINT,1064.63,1064.63,1038.18,1041.9,455769,-1.125,1080.63,1085.13,1047.37,35.914,-9.0342,-5.0358,-3.9984,1113.63,1047.62,6.108,2017,12,4,2017-12,False
2017-12-05,ASIANPAINT,1042.83,1044.83,1029.87,1036.33,702853,-0.535,1079.4,1083.35,1048.03,34.502,-11.1213,-6.2529,-4.8684,1117.0,1041.79,6.968,2017,12,4,2017-12,False
2017-12-06,ASIANPAINT,1036.14,1036.28,1021.46,1026.43,723473,-0.955,1076.24,1081.68,1048.64,32.091,-13.4194,-7.6862,-5.7332,1120.31,1032.18,8.188,2017,12,4,2017-12,False
2017-12-07,ASIANPAINT,1029.82,1069.79,1028.75,1063.65,986078,3.627,1073.86,1081.18,1049.5,47.072,-12.0975,-8.5685,-3.529,1115.01,1032.72,7.664,2017,12,4,2017-12,False
2017-12-08,ASIANPAINT,1064.16,1072.11,1050.36,1055.38,593327,-0.778,1071.86,1080.77,1050.35,44.711,-11.5839,-9.1716,-2.4123,1112.48,1031.24,7.58,2017,12,4,2017-12,False
2017-12-11,ASIANPAINT,1061.42,1062.07,1044.13,1046.41,551772,-0.85,1069.58,1080.74,1051.08,42.238,-11.765,-9.6902,-2.0747,1110.55,1028.61,7.662,2017,12,4,2017-12,False
2017-12-12,ASIANPAINT,1051.99,1051.99,1023.31,1038.56,1060836,-0.751,1067.83,1080.53,1051.71,40.144,-12.3992,-10.232,-2.1672,1111.02,1024.64,8.089,2017,12,4,2017-12,False
2017-12-13,ASIANPAINT,1039.02,1057.24,1031.68,1037.77,646677,-0.076,1064.81,1079.97,1052.2,39.93,-12.8179,-10.7492,-2.0687,1107.51,1022.11,8.02,2017,12,4,2017-12,False
2017-12-14,ASIANPAINT,1042.83,1049.85,1036.7,1044.18,543059,0.618,1062.2,1079.45,1052.77,42.61,-12.4883,-11.097,-1.3912,1103.13,1021.27,7.706,2017,12,4,2017-12,False
2017-12-15,ASIANPAINT,1049.34,1054.64,1037.26,1039.77,897594,-0.423,1059.76,1078.86,1053.36,41.245,-12.4399,-11.3656,-1.0743,1099.86,1019.65,7.569,2017,12,4,2017-12,False
2017-12-18,ASIANPAINT,1040.97,1059.52,1031.68,1056.91,622558,1.649,1058.4,1078.53,1053.92,48.185,-10.8922,-11.2709,0.3787,1096.85,1019.95,7.265,2017,12,4,2017-12,False
2017-12-19,ASIANPAINT,1067.93,1068.39,1051.15,1057.42,459494,0.048,1057.35,1078.19,1054.46,48.381,-9.5148,-10.9197,1.4049,1094.62,1020.08,7.051,2017,12,4,2017-12,False
2017-12-20,ASIANPAINT,1057.24,1061.37,1045.62,1055.38,458160,-0.193,1055.55,1077.73,1054.99,47.606,-8.4903,-10.4338,1.9435,1089.19,1021.9,6.374,2017,12,4,2017-12,False
2017-12-21,ASIANPAINT,1060.45,1063.28,1050.64,1057.61,460388,0.211,1054.54,1077.36,1055.61,48.574,-7.4129,-9.8296,2.4167,1086.54,1022.53,6.07,2017,12,4,2017-12,False
2017-12-22,ASIANPAINT,1056.77,1061.89,1052.59,1057.7,377780,0.009,1053.53,1077.02,1056.16,48.616,-6.4769,-9.1591,2.6822,1083.68,1023.39,5.722,2017,12,4,2017-12,False
2017-12-26,ASIANPAINT,1061.42,1074.06,1059.75,1069.55,820589,1.12,1053.27,1076.63,1056.79,53.861,-4.7244,-8.2722,3.5477,1082.7,1023.84,5.589,2017,12,4,2017-12,False
2017-12-27,ASIANPAINT,1068.86,1075.36,1061.42,1067.97,611258,-0.148,1052.25,1076.27,1057.42,53.083,-3.4236,-7.3025,3.8788,1077.7,1026.79,4.838,2017,12,4,2017-12,False
2017-12-28,ASIANPAINT,1065.14,1072.9,1058.03,1063.65,536350,-0.405,1051.81,1075.34,1057.99,50.916,-2.7102,-6.384,3.6738,1076.07,1027.55,4.613,2017,12,4,2017-12,False
2017-12-29,ASIANPAINT,1064.3,1089.77,1061.47,1076.76,965848,1.232,1052.35,1075.0,1058.63,56.689,-1.075,-5.3222,4.2472,1078.37,1026.34,4.945,2017,12,4,2017-12,False
2018-01-01,ASIANPAINT,1080.94,1082.8,1057.8,1062.95,591349,-1.282,1052.81,1074.4,1059.01,50.017,-0.8826,-4.4343,3.5517,1079.26,1026.37,5.024,2018,1,1,2018-01,False
2018-01-02,ASIANPAINT,1065.14,1068.86,1054.03,1062.12,516171,-0.079,1053.83,1073.86,1059.42,49.636,-0.7885,-3.7051,2.9166,1080.06,1027.59,4.979,2018,1,1,2018-01,False
2018-01-03,ASIANPAINT,1067.93,1067.93,1055.19,1061.33,593809,-0.074,1055.08,1072.41,1059.72,49.254,-0.7688,-3.1179,2.349,1080.16,1030.0,4.754,2018,1,1,2018-01,False
2018-01-04,ASIANPAINT,1067.93,1094.88,1065.05,1089.35,729965,2.64,1058.22,1071.91,1060.19,60.78,1.4907,-2.1962,3.6869,1083.95,1032.49,4.862,2018,1,1,2018-01,False
2018-01-05,ASIANPAINT,1094.88,1107.89,1085.08,1101.62,1151320,1.126,1060.12,1071.85,1060.73,64.573,4.2228,-0.9124,5.1351,1092.32,1027.92,6.075,2018,1,1,2018-01,False
2018-01-08,ASIANPAINT,1106.03,1106.82,1090.7,1098.6,928875,-0.274,1062.28,1071.85,1061.3,62.959,6.0742,0.4849,5.5892,1098.67,1025.89,6.851,2018,1,1,2018-01,False
2018-01-09,ASIANPAINT,1099.62,1112.73,1092.19,1108.87,699621,0.935,1065.4,1072.09,1061.97,66.066,8.2748,2.0429,6.2319,1106.48,1024.33,7.711,2018,1,1,2018-01,False
2018-01-10,ASIANPAINT,1102.32,1105.2,1088.47,1094.32,1102382,-1.312,1068.19,1072.03,1062.55,58.572,8.7442,3.3832,5.361,1109.16,1027.22,7.671,2018,1,1,2018-01,False
2018-01-11,ASIANPAINT,1096.65,1105.99,1087.45,1105.06,475476,0.981,1071.56,1072.27,1063.17,61.998,9.8687,4.6803,5.1884,1113.06,1030.06,7.746,2018,1,1,2018-01,False
2018-01-12,ASIANPAINT,1103.25,1108.4,1093.02,1105.76,390841,0.063,1074.64,1072.48,1063.9,62.216,10.6929,5.8828,4.8101,1116.72,1032.55,7.832,2018,1,1,2018-01,False
2018-01-15,ASIANPAINT,1105.71,1122.95,1099.02,1119.09,723833,1.206,1078.6,1073.07,1064.62,66.218,12.2807,7.1624,5.1183,1121.78,1035.42,8.007,2018,1,1,2018-01,False
2018-01-16,ASIANPAINT,1119.09,1119.09,1100.46,1104.87,557253,-1.271,1081.0,1073.56,1065.23,59.038,12.2504,8.18,4.0704,1124.44,1037.56,8.036,2018,1,1,2018-01,False
2018-01-17,ASIANPAINT,1103.06,1111.98,1095.25,1109.52,506648,0.421,1083.6,1074.53,1065.85,60.544,12.4577,9.0355,3.4222,1127.34,1039.87,8.071,2018,1,1,2018-01,False
2018-01-18,ASIANPAINT,1110.68,1119.14,1097.67,1104.41,500762,-0.461,1086.06,1074.83,1066.42,58.017,12.0704,9.6425,2.4279,1128.61,1043.51,7.836,2018,1,1,2018-01,False
2018-01-19,ASIANPAINT,1099.62,1110.68,1094.79,1105.94,722692,0.139,1088.47,1074.72,1066.93,58.576,11.7518,10.0644,1.6874,1129.69,1047.26,7.573,2018,1,1,2018-01,False
2018-01-22,ASIANPAINT,1107.89,1109.47,1081.96,1093.02,942542,-1.168,1090.24,1074.67,1067.41,52.268,10.3376,10.119,0.2186,1128.85,1051.63,7.083,2018,1,1,2018-01,False
2018-01-23,ASIANPAINT,1093.02,1094.74,1074.62,1087.35,1841634,-0.519,1091.13,1074.58,1067.84,49.737,8.6596,9.8271,-1.1676,1128.53,1053.72,6.856,2018,1,1,2018-01,False
2018-01-24,ASIANPAINT,1087.45,1088.98,1064.26,1069.83,1122469,-1.611,1091.22,1074.51,1068.2,42.834,5.8486,9.0314,-3.1829,1128.39,1054.05,6.813,2018,1,1,2018-01,False
2018-01-25,ASIANPAINT,1067.0,1079.45,1062.77,1069.28,1563047,-0.052,1091.5,1073.93,1068.67,42.631,3.5351,7.9322,-4.3971,1127.87,1055.13,6.664,2018,1,1,2018-01,False
2018-01-29,ASIANPAINT,1072.57,1082.1,1066.63,1070.76,1538762,0.139,1091.2,1073.42,1069.09,43.401,1.8009,6.7059,-4.905,1128.18,1054.23,6.777,2018,1,1,2018-01,False
2018-01-30,ASIANPAINT,1069.79,1070.72,1044.18,1047.2,1404578,-2.2,1090.42,1072.59,1069.39,35.316,-1.4579,5.0731,-6.5311,1130.47,1050.36,7.346,2018,1,1,2018-01,False
2018-01-31,ASIANPAINT,1048.41,1059.38,1044.69,1048.69,961596,0.142,1089.74,1071.88,1069.67,36.125,-3.8759,3.2833,-7.1592,1132.17,1047.31,7.787,2018,1,1,2018-01,False
2018-02-01,ASIANPAINT,1046.55,1075.69,1046.55,1071.65,1103162,2.189,1090.26,1071.74,1070.15,47.117,-3.8947,1.8477,-5.7425,1131.47,1049.05,7.559,2018,2,1,2018-02,False
2018-02-02,ASIANPAINT,1067.0,1067.0,1044.64,1057.61,872105,-1.31,1088.67,1071.07,1070.64,42.322,-4.9847,0.4812,-5.4659,1132.4,1044.95,8.032,2018,2,1,2018-02,False
2018-02-05,ASIANPAINT,1042.09,1059.56,1035.68,1054.08,1263378,-0.334,1086.3,1070.59,1071.08,41.186,-6.0636,-0.8277,-5.2359,1132.17,1040.42,8.446,2018,2,1,2018-02,False
2018-02-06,ASIANPAINT,1031.68,1047.48,1013.18,1031.91,1055719,-2.103,1082.96,1069.68,1071.37,34.862,-8.6081,-2.3838,-6.2243,1134.43,1031.5,9.504,2018,2,1,2018-02,False
2018-02-07,ASIANPAINT,1036.33,1045.81,1028.47,1042.0,854461,0.977,1079.62,1069.02,1071.67,39.419,-9.6992,-3.8469,-5.8523,1132.66,1026.58,9.826,2018,2,1,2018-02,False
2018-02-08,ASIANPAINT,1048.41,1051.48,1031.68,1044.74,1185917,0.263,1077.14,1068.15,1071.96,40.636,-10.2247,-5.1224,-5.1022,1131.89,1022.38,10.167,2018,2,1,2018-02,False
2018-02-09,ASIANPAINT,1023.31,1061.65,1023.31,1050.96,666922,0.596,1074.43,1067.72,1072.16,43.414,-10.0232,-6.1026,-3.9206,1128.72,1020.14,10.106,2018,2,1,2018-02,False
2018-02-12,ASIANPAINT,1057.7,1068.86,1055.75,1063.65,646362,1.207,1072.33,1067.67,1072.39,48.684,-8.739,-6.6299,-2.1091,1124.74,1019.92,9.775,2018,2,1,2018-02,False
2018-02-14,ASIANPAINT,1063.28,1063.28,1047.48,1058.77,691596,-0.459,1069.31,1067.77,1072.59,46.876,-8.0225,-6.9084,-1.1141,1117.13,1021.49,8.944,2018,2,1,2018-02,False
2018-02-15,ASIANPAINT,1054.92,1059.47,1043.76,1055.33,471072,-0.325,1066.84,1068.04,1072.71,45.591,-7.644,-7.0555,-0.5885,1111.96,1021.72,8.459,2018,2,1,2018-02,False
2018-02-16,ASIANPAINT,1056.31,1066.07,1050.27,1063.14,734476,0.74,1064.52,1068.58,1072.9,49.008,-6.6376,-6.9719,0.3343,1104.92,1024.11,7.591,2018,2,1,2018-02,False
2018-02-19,ASIANPAINT,1064.21,1064.95,1033.12,1041.3,443677,-2.054,1061.36,1068.88,1072.96,41.209,-7.5159,-7.0807,-0.4351,1098.36,1024.36,6.972,2018,2,1,2018-02,False
2018-02-20,ASIANPAINT,1044.64,1055.84,1034.23,1046.92,662281,0.54,1058.41,1068.54,1072.97,43.693,-7.6697,-7.1985,-0.4712,1089.36,1027.46,5.848,2018,2,1,2018-02,False
2018-02-21,ASIANPAINT,1052.45,1053.29,1036.33,1047.67,720563,0.071,1056.14,1068.39,1072.93,44.03,-7.6436,-7.2875,-0.356,1082.76,1029.53,5.04,2018,2,1,2018-02,False
2018-02-22,ASIANPAINT,1043.48,1046.92,1023.31,1039.21,1559398,-0.807,1053.73,1068.24,1072.75,41.024,-8.2106,-7.4722,-0.7385,1076.95,1030.51,4.407,2018,2,1,2018-02,False
2018-02-23,ASIANPAINT,1038.23,1038.23,1021.36,1024.06,1140118,-1.458,1051.45,1067.95,1072.5,36.25,-9.7699,-7.9317,-1.8382,1076.9,1025.99,4.842,2018,2,1,2018-02,False
2018-02-26,ASIANPAINT,1031.68,1031.68,1018.11,1026.85,1170283,0.272,1049.32,1067.73,1072.3,37.687,-10.6578,-8.4769,-2.1809,1075.58,1023.07,5.005,2018,2,1,2018-02,False
2018-02-27,ASIANPAINT,1026.85,1034.47,1021.41,1032.0,610498,0.502,1047.39,1067.49,1072.09,40.366,-10.8205,-8.9456,-1.8749,1072.69,1022.09,4.831,2018,2,1,2018-02,False
2018-02-28,ASIANPAINT,1026.1,1044.69,1021.69,1038.88,1006756,0.667,1046.97,1067.47,1072.07,43.833,-10.276,-9.2117,-1.0643,1072.56,1021.39,4.887,2018,2,1,2018-02,False
2018-03-01,ASIANPAINT,1040.97,1044.88,1029.82,1039.95,736217,0.103,1046.53,1067.13,1071.98,44.374,-9.647,-9.2988,-0.3482,1072.29,1020.77,4.923,2018,3,1,2018-03,False
2018-03-05,ASIANPAINT,1031.91,1036.19,1022.38,1027.91,529677,-1.157,1044.35,1066.54,1071.85,39.731,-10.0044,-9.4399,-0.5645,1068.51,1020.19,4.627,2018,3,1,2018-03,False
2018-03-06,ASIANPAINT,1034.1,1034.1,1022.38,1023.87,702294,-0.393,1042.66,1065.91,1071.65,38.282,-10.493,-9.6505,-0.8425,1067.62,1017.7,4.787,2018,3,1,2018-03,False
2018-03-07,ASIANPAINT,1027.68,1031.63,1017.97,1029.12,669686,0.513,1041.41,1065.34,1071.5,41.278,-10.3372,-9.7878,-0.5494,1066.46,1016.36,4.811,2018,3,1,2018-03,False
2018-03-08,ASIANPAINT,1036.14,1050.27,1029.45,1048.04,751329,1.838,1042.22,1065.15,1071.56,50.581,-8.5886,-9.548,0.9594,1067.02,1017.42,4.759,2018,3,1,2018-03,False
2018-03-09,ASIANPAINT,1053.06,1059.56,1045.06,1049.43,1158526,0.133,1042.59,1064.75,1071.69,51.195,-7.0095,-9.0403,2.0308,1067.6,1017.58,4.797,2018,3,1,2018-03,False
2018-03-12,ASIANPAINT,1051.29,1053.99,1040.97,1051.66,527293,0.213,1042.94,1064.42,1071.88,52.218,-5.5145,-8.3351,2.8206,1068.26,1017.62,4.856,2018,3,1,2018-03,False
2018-03-13,ASIANPAINT,1045.81,1062.35,1045.81,1059.84,711550,0.778,1043.38,1064.35,1072.16,55.869,-3.6279,-7.3937,3.7658,1069.59,1017.17,5.024,2018,3,1,2018-03,False
2018-03-14,ASIANPAINT,1059.52,1063.7,1051.29,1056.77,1360578,-0.289,1043.04,1063.95,1072.31,54.197,-2.3531,-6.3856,4.0325,1068.29,1017.78,4.842,2018,3,1,2018-03,False
2018-03-15,ASIANPAINT,1052.27,1081.64,1052.27,1078.89,1146702,2.093,1044.04,1064.26,1072.49,62.837,0.4371,-5.021,5.4581,1073.23,1014.85,5.591,2018,3,1,2018-03,False
2018-03-16,ASIANPAINT,1078.06,1078.06,1039.49,1043.53,1946844,-3.278,1043.45,1063.89,1072.43,47.432,-0.203,-4.0574,3.8544,1072.15,1014.75,5.501,2018,3,1,2018-03,False
2018-03-19,ASIANPAINT,1042.04,1044.69,1020.43,1024.75,855444,-1.799,1041.53,1063.16,1072.21,41.601,-2.1999,-3.6859,1.486,1069.82,1013.25,5.432,2018,3,1,2018-03,False
2018-03-20,ASIANPAINT,1024.24,1038.19,1015.09,1028.43,720303,0.358,1040.89,1061.94,1072.05,43.074,-3.4465,-3.638,0.1916,1069.78,1012.0,5.551,2018,3,1,2018-03,False
2018-03-21,ASIANPAINT,1028.43,1037.26,1022.38,1025.68,612237,-0.267,1039.83,1060.42,1071.83,42.218,-4.6026,-3.8309,-0.7716,1069.34,1010.32,5.676,2018,3,1,2018-03,False
2018-03-22,ASIANPAINT,1024.71,1031.68,1022.38,1028.98,478426,0.322,1038.89,1059.03,1071.62,43.67,-5.1927,-4.1033,-1.0894,1068.54,1009.24,5.708,2018,3,1,2018-03,False
2018-03-23,ASIANPAINT,1017.6,1040.97,1015.93,1034.14,828523,0.501,1038.64,1057.54,1071.44,45.956,-5.1844,-4.3195,-0.8649,1068.36,1008.92,5.724,2018,3,1,2018-03,False
2018-03-26,ASIANPAINT,1033.54,1040.04,1023.31,1038.7,479675,0.44,1039.37,1056.42,1071.32,47.965,-4.7554,-4.4067,-0.3487,1068.29,1010.45,5.565,2018,3,1,2018-03,False
2018-03-27,ASIANPAINT,1040.04,1057.7,1037.63,1051.29,672158,1.212,1040.59,1055.35,1071.23,53.15,-3.3606,-4.1975,0.8369,1069.35,1011.84,5.527,2018,3,1,2018-03,False
2018-03-28,ASIANPAINT,1051.06,1051.06,1036.33,1041.35,699839,-0.946,1041.06,1054.06,1071.17,48.998,-3.0227,-3.9625,0.9398,1069.54,1012.59,5.47,2018,3,1,2018-03,False
2018-04-02,ASIANPAINT,1041.35,1072.53,1033.07,1069.0,428944,2.655,1042.57,1053.06,1071.19,58.666,-0.5179,-3.2736,2.7557,1073.62,1011.51,5.958,2018,4,2,2018-04,False
2018-04-03,ASIANPAINT,1064.26,1075.08,1058.59,1070.81,561118,0.17,1044.11,1052.38,1071.24,59.212,1.5951,-2.2999,3.895,1077.59,1010.63,6.413,2018,4,2,2018-04,False
2018-04-04,ASIANPAINT,1075.27,1076.01,1046.55,1055.84,607619,-1.397,1045.51,1051.3,1071.23,52.99,2.0387,-1.4321,3.4708,1078.47,1012.55,6.305,2018,4,2,2018-04,False
2018-04-05,ASIANPAINT,1070.53,1075.18,1057.29,1062.26,549137,0.607,1047.43,1050.46,1071.24,55.165,2.8746,-0.5708,3.4454,1079.54,1015.31,6.133,2018,4,2,2018-04,False
2018-04-06,ASIANPAINT,1062.26,1071.46,1054.92,1062.82,395626,0.052,1049.11,1049.6,1071.27,55.358,3.5413,0.2516,3.2896,1080.72,1017.51,6.025,2018,4,2,2018-04,False
2018-04-09,ASIANPAINT,1064.21,1088.84,1059.52,1075.78,837112,1.22,1050.5,1049.25,1071.34,59.709,5.0575,1.2128,3.8447,1084.27,1016.73,6.429,2018,4,2,2018-04,False
2018-04-10,ASIANPAINT,1077.22,1085.31,1071.55,1075.13,546269,-0.06,1051.78,1049.01,1071.36,59.396,6.1359,2.1974,3.9385,1087.29,1016.27,6.752,2018,4,2,2018-04,False
2018-04-11,ASIANPAINT,1075.36,1076.85,1060.68,1074.29,419140,-0.078,1052.91,1049.1,1071.4,58.968,6.8441,3.1268,3.7174,1089.82,1016.01,7.01,2018,4,2,2018-04,False
2018-04-12,ASIANPAINT,1068.39,1087.35,1064.12,1082.98,360744,0.809,1054.07,1049.37,1071.46,62.028,8.0143,4.1043,3.91,1093.27,1014.87,7.438,2018,4,2,2018-04,False
2018-04-13,ASIANPAINT,1087.45,1093.81,1076.15,1080.2,639579,-0.257,1055.24,1049.56,1071.47,60.47,8.6173,5.0069,3.6104,1096.15,1014.34,7.752,2018,4,2,2018-04,False
2018-04-16,ASIANPAINT,1078.15,1104.64,1073.5,1095.67,550645,1.433,1056.08,1050.53,1071.6,65.63,10.226,6.0507,4.1753,1099.63,1012.53,8.247,2018,4,2,2018-04,False
2018-04-17,ASIANPAINT,1096.74,1103.62,1086.52,1093.02,432543,-0.242,1058.56,1051.42,1071.81,64.088,11.1586,7.0723,4.0863,1104.65,1012.46,8.709,2018,4,2,2018-04,False
2018-04-18,ASIANPAINT,1095.81,1101.39,1085.59,1089.58,465763,-0.315,1061.8,1051.78,1072.11,62.049,11.4877,7.9554,3.5324,1106.99,1016.6,8.513,2018,4,2,2018-04,False
2018-04-19,ASIANPAINT,1089.3,1103.25,1080.57,1082.8,620949,-0.623,1064.52,1052.28,1072.4,58.122,11.0734,8.579,2.4945,1107.76,1021.27,8.124,2018,4,2,2018-04,False
2018-04-20,ASIANPAINT,1082.8,1083.68,1061.65,1077.55,727517,-0.485,1067.11,1052.75,1072.68,55.209,10.2037,8.9039,1.2998,1106.61,1027.61,7.402,2018,4,2,2018-04,False
2018-04-23,ASIANPAINT,1078.99,1098.04,1064.58,1095.53,554353,1.669,1070.44,1054.02,1072.96,62.196,10.8408,9.2913,1.5495,1107.55,1033.32,6.934,2018,4,2,2018-04,False
2018-04-24,ASIANPAINT,1094.42,1099.02,1079.92,1087.54,484112,-0.73,1073.11,1054.93,1073.26,57.875,10.5787,9.5488,1.0299,1106.75,1039.47,6.27,2018,4,2,2018-04,False
2018-04-25,ASIANPAINT,1084.66,1086.33,1074.48,1080.99,280574,-0.603,1075.22,1055.66,1073.44,54.53,9.7301,9.585,0.145,1104.83,1045.61,5.507,2018,4,2,2018-04,False
2018-04-26,ASIANPAINT,1081.87,1094.0,1068.44,1074.15,1638937,-0.632,1076.36,1056.12,1073.56,51.207,8.4093,9.3499,-0.9405,1103.76,1048.96,5.091,2018,4,2,2018-04,False
2018-04-27,ASIANPAINT,1083.03,1114.49,1082.1,1098.23,803227,2.241,1079.21,1056.81,1073.88,60.371,9.1991,9.3197,-0.1206,1102.85,1055.56,4.382,2018,4,2,2018-04,False
2018-04-30,ASIANPAINT,1105.76,1121.84,1098.97,1116.91,505974,1.701,1081.6,1057.98,1074.23,65.748,11.2033,9.6964,1.5069,1110.1,1053.1,5.27,2018,4,2,2018-04,False
2018-05-02,ASIANPAINT,1115.56,1143.77,1112.91,1136.06,2011978,1.714,1084.87,1059.59,1074.67,70.209,14.1732,10.5918,3.5814,1121.84,1047.89,6.816,2018,5,2,2018-05,False
2018-05-03,ASIANPAINT,1134.2,1143.21,1116.26,1121.6,641515,-1.272,1088.15,1060.76,1075.02,63.487,15.1856,11.5106,3.6751,1125.95,1050.36,6.946,2018,5,2,2018-05,False
2018-05-04,ASIANPAINT,1126.48,1126.48,1094.97,1106.45,743905,-1.351,1090.36,1062.06,1075.33,57.295,14.5972,12.1279,2.4693,1126.93,1053.8,6.707,2018,5,2,2018-05,False
2018-05-07,ASIANPAINT,1107.89,1134.66,1096.74,1129.5,728801,2.083,1093.7,1063.71,1075.8,63.179,15.8086,12.864,2.9446,1131.82,1055.58,6.971,2018,5,2,2018-05,False
2018-05-08,ASIANPAINT,1132.99,1137.64,1119.98,1124.53,627060,-0.44,1096.14,1065.25,1076.2,61.219,16.1809,13.5274,2.6535,1135.64,1056.63,7.208,2018,5,2,2018-05,False
2018-05-09,ASIANPAINT,1113.1,1142.38,1113.1,1136.29,729538,1.046,1099.19,1067.19,1076.57,64.058,17.2262,14.2672,2.959,1141.24,1057.15,7.65,2018,5,2,2018-05,False
2018-05-10,ASIANPAINT,1145.07,1150.65,1122.3,1131.78,1904962,-0.397,1102.07,1069.35,1076.87,62.179,17.4892,14.9116,2.5776,1144.8,1059.34,7.755,2018,5,2,2018-05,False
2018-05-11,ASIANPAINT,1149.72,1200.74,1143.07,1195.68,4723019,5.646,1107.7,1072.72,1077.49,73.878,22.5932,16.4479,6.1453,1166.53,1048.88,10.621,2018,5,2,2018-05,False
2018-05-14,ASIANPAINT,1194.33,1212.92,1179.09,1205.81,1553283,0.847,1113.98,1076.2,1078.16,75.188,27.1429,18.5869,8.556,1185.83,1042.14,12.898,2018,5,2,2018-05,False
2018-05-15,ASIANPAINT,1199.91,1230.07,1197.86,1221.89,1368261,1.333,1120.29,1079.86,1078.91,77.148,31.6807,21.2057,10.4751,1206.17,1034.42,15.331,2018,5,2,2018-05,False
2018-05-16,ASIANPAINT,1213.06,1238.02,1209.06,1230.3,736281,0.688,1127.16,1083.67,1079.73,78.121,35.546,24.0737,11.4723,1224.97,1029.35,17.355,2018,5,2,2018-05,False
2018-05-17,ASIANPAINT,1220.5,1236.16,1211.57,1217.06,751423,-1.077,1133.53,1087.45,1080.55,72.859,37.1128,26.6815,10.4312,1237.46,1029.61,18.336,2018,5,2,2018-05,False
2018-05-18,ASIANPAINT,1212.92,1223.52,1196.75,1216.03,939743,-0.084,1140.19,1091.29,1081.31,72.453,37.8358,28.9124,8.9234,1247.45,1032.93,18.814,2018,5,2,2018-05,False
2018-05-21,ASIANPAINT,1212.92,1221.94,1199.77,1209.85,692442,-0.508,1146.81,1094.91,1082.01,69.918,37.478,30.6255,6.8525,1254.12,1039.5,18.715,2018,5,2,2018-05,False
2018-05-22,ASIANPAINT,1206.41,1210.13,1188.75,1196.05,708573,-1.141,1151.83,1097.87,1082.6,64.492,35.6696,31.6343,4.0352,1258.45,1045.22,18.512,2018,5,2,2018-05,False
2018-05-23,ASIANPAINT,1190.61,1200.98,1180.02,1188.38,509522,-0.641,1156.88,1100.65,1083.22,61.63,33.2345,31.9544,1.2801,1260.17,1053.58,17.858,2018,5,2,2018-05,False
2018-05-24,ASIANPAINT,1186.99,1210.97,1173.88,1202.32,774173,1.173,1162.94,1103.66,1083.92,64.697,32.0601,31.9755,0.0846,1261.62,1064.27,16.97,2018,5,2,2018-05,False
2018-05-25,ASIANPAINT,1208.27,1217.57,1189.68,1201.16,773652,-0.097,1169.29,1106.49,1084.62,64.236,30.682,31.7168,-1.0348,1259.93,1078.66,15.503,2018,5,2,2018-05,False
2018-05-28,ASIANPAINT,1203.16,1237.92,1200.42,1228.58,657272,2.283,1175.81,1109.92,1085.39,69.718,31.4398,31.6614,-0.2216,1263.64,1087.99,14.938,2018,5,2,2018-05,False
2018-05-29,ASIANPAINT,1232.44,1236.16,1198.05,1207.81,769331,-1.691,1180.36,1112.5,1086.1,61.968,30.0181,31.3327,-1.3146,1264.68,1096.03,14.289,2018,5,2,2018-05,False
2018-05-30,ASIANPAINT,1198.98,1209.16,1192.8,1202.56,478025,-0.435,1183.68,1115.68,1086.79,60.148,28.1433,30.6949,-2.5515,1265.87,1101.49,13.887,2018,5,2,2018-05,False
2018-05-31,ASIANPAINT,1208.46,1219.15,1196.19,1212.59,1400776,0.835,1188.23,1119.44,1087.5,62.42,27.1545,29.9868,-2.8323,1265.9,1110.56,13.073,2018,5,2,2018-05,False
2018-06-01,ASIANPAINT,1214.78,1217.57,1199.72,1201.81,368820,-0.889,1193.0,1122.91,1088.17,58.558,25.2102,29.0315,-3.8212,1260.59,1125.41,11.33,2018,6,2,2018-06,False
2018-06-04,ASIANPAINT,1203.63,1205.95,1175.74,1193.82,939794,-0.665,1196.22,1126.27,1088.84,55.802,22.762,27.7776,-5.0156,1256.84,1135.59,10.136,2018,6,2,2018-06,False
2018-06-05,ASIANPAINT,1186.2,1202.05,1180.9,1183.74,524237,-0.845,1199.18,1129.36,1089.4,52.447,19.7801,26.1781,-6.398,1250.06,1148.29,8.487,2018,6,2,2018-06,False
2018-06-06,ASIANPAINT,1181.23,1181.23,1157.2,1173.7,1211557,-0.848,1201.05,1132.16,1089.98,49.272,16.4176,24.226,-7.8084,1244.39,1157.7,7.218,2018,6,2,2018-06,False
2018-06-07,ASIANPAINT,1180.53,1205.48,1167.38,1199.72,701247,2.217,1204.44,1135.38,1090.72,56.607,15.6721,22.5152,-6.8431,1233.09,1175.8,4.757,2018,6,2,2018-06,False
2018-06-08,ASIANPAINT,1185.04,1197.63,1182.25,1188.62,442333,-0.926,1204.09,1138.12,1091.37,53.079,14.0235,20.8169,-6.7934,1233.36,1174.82,4.862,2018,6,2,2018-06,False
2018-06-11,ASIANPAINT,1188.75,1204.46,1185.22,1192.75,373098,0.348,1203.44,1141.15,1092.08,54.223,12.9019,19.2339,-6.332,1233.12,1173.75,4.934,2018,6,2,2018-06,False
2018-06-12,ASIANPAINT,1188.34,1200.84,1185.22,1196.84,401090,0.343,1202.18,1143.71,1092.82,55.382,12.2023,17.8276,-5.6252,1230.68,1173.69,4.741,2018,6,2,2018-06,False
2018-06-13,ASIANPAINT,1198.98,1201.53,1191.5,1195.63,566241,-0.101,1200.45,1146.2,1093.51,54.939,11.4188,16.5458,-5.127,1225.79,1175.11,4.222,2018,6,2,2018-06,False
2018-06-14,ASIANPAINT,1195.73,1204.32,1185.97,1201.0,507824,0.449,1199.65,1149.11,1094.25,56.598,11.1032,15.4573,-4.3541,1223.76,1175.53,4.02,2018,6,2,2018-06,False
2018-06-15,ASIANPAINT,1199.88,1201.52,1184.19,1197.36,1048699,-0.303,1198.72,1151.81,1094.88,55.116,10.4388,14.4536,-4.0148,1221.57,1175.86,3.813,2018,6,2,2018-06,False
2018-06-18,ASIANPAINT,1204.08,1204.32,1186.9,1197.22,512049,-0.012,1198.08,1154.5,1095.52,55.056,9.7882,13.5205,-3.7323,1220.33,1175.83,3.714,2018,6,2,2018-06,False
2018-06-19,ASIANPAINT,1188.77,1202.45,1181.3,1185.22,572488,-1.002,1197.54,1156.69,1096.1,50.053,8.2096,12.4583,-4.2487,1220.52,1174.57,3.837,2018,6,2,2018-06,False
2018-06-20,ASIANPAINT,1190.64,1190.64,1176.63,1187.18,484907,0.165,1197.48,1158.93,1096.62,50.839,7.0357,11.3738,-4.3381,1220.56,1174.4,3.855,2018,6,2,2018-06,False
2018-06-21,ASIANPAINT,1187.83,1195.21,1163.56,1170.09,1179247,-1.439,1195.87,1160.84,1096.83,44.295,4.6726,10.0336,-5.361,1221.85,1169.89,4.344,2018,6,2,2018-06,False
2018-06-22,ASIANPAINT,1178.03,1189.28,1158.14,1183.82,646452,1.173,1195.0,1162.86,1097.2,49.877,3.863,8.7994,-4.9365,1221.39,1168.62,4.416,2018,6,2,2018-06,False
2018-06-25,ASIANPAINT,1184.1,1187.93,1166.64,1170.51,936253,-1.124,1192.1,1164.67,1097.46,45.154,2.1231,7.4642,-5.3411,1215.55,1168.65,3.934,2018,6,2,2018-06,False
2018-06-26,ASIANPAINT,1171.96,1195.17,1170.09,1190.26,1262632,1.687,1191.22,1166.56,1097.82,52.364,2.3113,6.4336,-4.1223,1213.48,1168.97,3.736,2018,6,2,2018-06,False
2018-06-27,ASIANPAINT,1194.51,1199.97,1179.43,1183.31,857951,-0.584,1190.26,1168.36,1098.18,49.876,1.8774,5.5224,-3.645,1212.11,1168.41,3.672,2018,6,2,2018-06,False
2018-06-28,ASIANPAINT,1183.31,1189.19,1167.29,1184.47,729637,0.099,1188.85,1170.26,1098.52,50.303,1.6092,4.7397,-3.1305,1208.12,1169.59,3.241,2018,6,2,2018-06,False
2018-06-29,ASIANPAINT,1184.33,1186.99,1169.3,1180.78,622680,-0.311,1187.8,1172.22,1098.68,48.887,1.0864,4.0091,-2.9226,1206.37,1169.23,3.127,2018,6,2,2018-06,False
2018-07-02,ASIANPAINT,1182.7,1212.07,1177.56,1207.49,1437438,2.262,1188.49,1174.82,1098.89,58.085,2.795,3.7663,-0.9712,1208.9,1168.07,3.436,2018,7,3,2018-07,False
2018-07-03,ASIANPAINT,1212.68,1222.01,1202.87,1206.37,1399979,-0.093,1189.62,1177.04,1099.1,57.617,4.0125,3.8155,0.197,1211.39,1167.84,3.661,2018,7,3,2018-07,False
2018-07-04,ASIANPAINT,1210.25,1213.94,1197.87,1204.46,619316,-0.159,1191.16,1179.38,1099.35,56.774,4.7678,4.006,0.7619,1212.54,1169.77,3.59,2018,7,3,2018-07,False
2018-07-05,ASIANPAINT,1209.13,1242.0,1193.72,1233.97,1733903,2.45,1192.87,1182.43,1099.74,65.217,7.6593,4.7366,2.9227,1221.42,1164.32,4.787,2018,7,3,2018-07,False
2018-07-06,ASIANPAINT,1237.33,1247.04,1222.43,1235.6,1662920,0.132,1195.22,1185.66,1100.1,65.618,9.9678,5.7829,4.1849,1229.46,1160.97,5.73,2018,7,3,2018-07,False
2018-07-09,ASIANPAINT,1242.0,1277.39,1237.56,1272.91,1391869,3.019,1199.23,1189.16,1100.65,73.204,14.6388,7.5541,7.0848,1247.95,1150.5,8.127,2018,7,3,2018-07,False
2018-07-10,ASIANPAINT,1272.63,1284.49,1265.34,1279.77,796987,0.539,1203.37,1192.41,1101.31,74.326,18.6792,9.7791,8.9001,1263.92,1142.82,10.064,2018,7,3,2018-07,False
2018-07-11,ASIANPAINT,1270.01,1293.12,1267.54,1269.83,784238,-0.777,1207.08,1195.09,1101.96,69.766,20.8385,11.991,8.8476,1274.35,1139.81,11.147,2018,7,3,2018-07,False
2018-07-12,ASIANPAINT,1279.35,1287.76,1256.94,1268.05,953054,-0.14,1210.43,1198.02,1102.68,68.954,22.1513,14.023,8.1283,1282.91,1137.95,11.976,2018,7,3,2018-07,False
2018-07-13,ASIANPAINT,1269.55,1283.46,1268.8,1277.3,655594,0.729,1214.43,1201.44,1103.51,70.859,23.6649,15.9514,7.7135,1292.48,1136.38,12.853,2018,7,3,2018-07,False
2018-07-16,ASIANPAINT,1279.35,1302.6,1261.7,1269.59,1234066,-0.603,1218.05,1204.24,1104.42,67.161,23.9665,17.5544,6.4121,1299.38,1136.72,13.354,2018,7,3,2018-07,False
2018-07-17,ASIANPAINT,1275.05,1291.96,1263.57,1285.19,1166581,1.228,1223.05,1207.45,1105.47,70.515,25.1737,19.0783,6.0954,1308.08,1138.01,13.906,2018,7,3,2018-07,False
2018-07-18,ASIANPAINT,1294.29,1307.32,1286.4,1300.83,1085504,1.217,1228.73,1210.74,1106.73,73.445,27.0804,20.6787,6.4017,1318.72,1138.74,14.648,2018,7,3,2018-07,False
2018-07-19,ASIANPAINT,1302.7,1315.3,1301.72,1310.17,848175,0.718,1235.73,1214.31,1108.03,75.04,29.0106,22.3451,6.6655,1328.27,1143.19,14.978,2018,7,3,2018-07,False
2018-07-20,ASIANPAINT,1310.17,1311.8,1290.09,1304.05,575194,-0.467,1241.75,1216.48,1109.23,71.99,29.7043,23.8169,5.8874,1335.7,1147.79,15.132,2018,7,3,2018-07,False
2018-07-23,ASIANPAINT,1330.8,1367.5,1304.19,1338.37,1975242,2.632,1250.14,1219.13,1110.57,77.512,32.6469,25.5829,7.064,1347.23,1153.04,15.534,2018,7,3,2018-07,False
2018-07-24,ASIANPAINT,1347.52,1378.52,1331.18,1370.63,2171087,2.411,1259.16,1222.1,1112.07,81.254,37.1541,27.8972,9.257,1365.87,1152.45,16.949,2018,7,3,2018-07,False
2018-07-25,ASIANPAINT,1356.86,1391.97,1327.3,1354.2,4310816,-1.199,1267.7,1224.58,1113.48,74.457,38.9509,30.1079,8.843,1376.19,1159.21,17.116,2018,7,3,2018-07,False
2018-07-26,ASIANPAINT,1352.28,1361.39,1328.14,1338.98,1732715,-1.124,1275.43,1227.02,1114.8,68.724,38.7005,31.8264,6.8741,1380.92,1169.93,16.543,2018,7,3,2018-07,False
2018-07-27,ASIANPAINT,1341.92,1357.79,1331.04,1339.91,630981,0.07,1283.38,1229.5,1116.11,68.882,38.1378,33.0887,5.0491,1382.64,1184.12,15.469,2018,7,3,2018-07,False
2018-07-30,ASIANPAINT,1339.35,1355.78,1332.58,1335.57,750392,-0.324,1289.79,1232.01,1117.4,67.179,36.9159,33.8541,3.0618,1384.87,1194.7,14.744,2018,7,3,2018-07,False
2018-07-31,ASIANPAINT,1335.38,1360.22,1331.65,1355.36,1221636,1.482,1297.24,1235.2,1118.81,70.732,37.1172,34.5067,2.6104,1388.05,1206.42,14.002,2018,7,3,2018-07,False
2018-08-01,ASIANPAINT,1361.53,1363.35,1336.13,1342.1,1121286,-0.978,1304.12,1238.27,1120.07,65.609,35.794,34.7642,1.0298,1385.73,1222.51,12.516,2018,8,3,2018-08,False
2018-08-02,ASIANPAINT,1342.1,1348.36,1321.23,1324.55,836564,-1.308,1308.65,1240.72,1121.27,59.469,32.949,34.4012,-1.4522,1383.65,1233.64,11.463,2018,8,3,2018-08,False
2018-08-03,ASIANPAINT,1329.78,1331.88,1313.9,1318.43,1002287,-0.462,1312.79,1243.06,1122.31,57.451,29.8566,33.4922,-3.6357,1379.5,1246.08,10.163,2018,8,3,2018-08,False
2018-08-06,ASIANPAINT,1326.04,1326.88,1302.42,1304.94,795996,-1.023,1314.39,1244.59,1123.36,53.166,26.0171,31.9972,-5.9801,1378.56,1250.22,9.764,2018,8,3,2018-08,False
2018-08-07,ASIANPAINT,1306.43,1342.85,1306.43,1330.01,1915936,1.921,1316.9,1247.03,1124.55,59.249,24.7126,30.5403,-5.8277,1379.27,1254.53,9.472,2018,8,3,2018-08,False
2018-08-08,ASIANPAINT,1336.27,1351.86,1323.24,1331.41,1063862,0.105,1319.98,1249.61,1125.76,59.565,23.5206,29.1363,-5.6157,1378.53,1261.43,8.871,2018,8,3,2018-08,False
2018-08-09,ASIANPAINT,1337.15,1339.07,1320.53,1323.57,903734,-0.589,1322.76,1251.83,1126.71,56.904,21.693,27.6477,-5.9547,1375.96,1269.56,8.044,2018,8,3,2018-08,False
2018-08-10,ASIANPAINT,1326.04,1344.63,1316.0,1324.73,997053,0.088,1325.13,1254.29,1127.76,57.21,20.107,26.1395,-6.0326,1373.84,1276.42,7.352,2018,8,3,2018-08,False
2018-08-13,ASIANPAINT,1320.44,1327.54,1304.56,1306.67,875198,-1.364,1326.98,1256.54,1128.77,51.15,17.1938,24.3504,-7.1566,1369.18,1284.79,6.36,2018,8,3,2018-08,False
2018-08-14,ASIANPAINT,1314.74,1322.96,1299.47,1302.79,729379,-0.297,1327.86,1258.93,1129.79,49.928,14.4063,22.3616,-7.9553,1367.01,1288.71,5.897,2018,8,3,2018-08,False
2018-08-16,ASIANPAINT,1308.3,1316.7,1295.23,1302.51,1050412,-0.021,1327.95,1261.5,1130.82,49.836,12.0358,20.2964,-8.2606,1366.86,1289.04,5.86,2018,8,3,2018-08,False
2018-08-17,ASIANPAINT,1310.17,1312.17,1298.03,1307.97,537229,0.419,1327.84,1263.67,1131.87,51.717,10.4772,18.3326,-7.8553,1366.97,1288.7,5.894,2018,8,3,2018-08,False
2018-08-20,ASIANPAINT,1312.97,1336.31,1305.5,1315.86,1259905,0.603,1328.43,1266.21,1132.99,54.379,9.7662,16.6193,-6.8531,1366.39,1290.47,5.715,2018,8,3,2018-08,False
2018-08-21,ASIANPAINT,1322.73,1331.6,1303.07,1310.45,1520772,-0.412,1327.03,1268.57,1134.06,52.25,8.6658,15.0286,-6.3628,1365.5,1288.56,5.798,2018,8,3,2018-08,False
2018-08-23,ASIANPAINT,1316.7,1318.57,1298.68,1302.46,859955,-0.609,1323.62,1270.68,1135.13,49.192,7.0679,13.4365,-6.3685,1357.65,1289.59,5.142,2018,8,3,2018-08,False
2018-08-24,ASIANPAINT,1302.7,1317.64,1293.4,1301.3,919355,-0.09,1320.98,1272.79,1136.23,48.743,5.6424,11.8776,-6.2353,1353.18,1288.78,4.875,2018,8,3,2018-08,False
2018-08-27,ASIANPAINT,1305.03,1313.9,1304.1,1307.18,785772,0.452,1319.39,1274.91,1137.46,51.163,4.9305,10.4882,-5.5577,1350.98,1287.8,4.789,2018,8,3,2018-08,False
2018-08-28,ASIANPAINT,1309.23,1325.72,1308.3,1314.37,1290318,0.55,1318.11,1277.26,1138.59,54.02,4.8902,9.3686,-4.4784,1348.24,1287.98,4.572,2018,8,3,2018-08,False
2018-08-29,ASIANPAINT,1320.21,1320.21,1298.96,1301.76,743529,-0.959,1316.42,1279.35,1139.54,48.646,3.7972,8.2543,-4.4571,1346.22,1286.62,4.527,2018,8,3,2018-08,False
2018-08-30,ASIANPAINT,1301.86,1306.15,1282.67,1287.47,1062266,-1.098,1313.03,1281.39,1140.5,43.379,1.7579,6.955,-5.1972,1339.42,1286.63,4.02,2018,8,3,2018-08,False
2018-08-31,ASIANPAINT,1291.49,1299.89,1273.93,1281.64,1006329,-0.453,1310.0,1283.28,1141.45,41.407,-0.3255,5.4989,-5.8245,1336.22,1283.78,4.003,2018,8,3,2018-08,False
2018-09-03,ASIANPAINT,1292.42,1295.69,1265.34,1271.51,817733,-0.791,1307.35,1285.31,1142.44,38.163,-2.7623,3.8467,-6.609,1337.77,1276.93,4.654,2018,9,3,2018-09,False
2018-09-04,ASIANPAINT,1270.01,1274.31,1216.32,1224.53,1789240,-3.694,1302.66,1286.12,1143.07,27.433,-8.3871,1.3999,-9.787,1350.1,1255.22,7.284,2018,9,3,2018-09,False
2018-09-05,ASIANPAINT,1227.52,1242.0,1216.27,1233.87,1222703,0.763,1299.1,1287.39,1143.76,31.553,-11.9534,-1.2708,-10.6827,1355.6,1242.6,8.699,2018,9,3,2018-09,False
2018-09-06,ASIANPAINT,1240.08,1243.82,1221.45,1227.52,726455,-0.515,1293.98,1288.14,1144.45,30.293,-15.1179,-4.0402,-11.0777,1356.9,1231.06,9.726,2018,9,3,2018-09,False
2018-09-07,ASIANPAINT,1235.27,1235.27,1223.32,1228.92,912914,0.114,1288.85,1289.05,1145.18,30.948,-17.3132,-6.6948,-10.6184,1355.52,1222.18,10.346,2018,9,3,2018-09,False
2018-09-10,ASIANPAINT,1227.62,1230.79,1195.77,1207.54,1121083,-1.74,1283.05,1289.51,1145.82,26.808,-20.5417,-9.4642,-11.0776,1356.82,1209.29,11.499,2018,9,3,2018-09,False
2018-09-11,ASIANPAINT,1209.31,1226.4,1201.56,1211.97,1676544,0.367,1277.42,1290.13,1146.43,28.932,-22.4833,-12.068,-10.4153,1354.91,1199.92,12.133,2018,9,3,2018-09,False
2018-09-12,ASIANPAINT,1217.25,1217.25,1195.31,1205.58,1111171,-0.528,1272.36,1290.09,1147.06,27.684,-24.2585,-14.5061,-9.7524,1354.85,1189.87,12.966,2018,9,3,2018-09,False
2018-09-14,ASIANPAINT,1212.86,1248.11,1211.69,1245.64,1498792,3.323,1269.5,1290.88,1147.9,43.978,-22.1771,-16.0403,-6.1368,1351.51,1187.5,12.92,2018,9,3,2018-09,False
2018-09-17,ASIANPAINT,1241.95,1241.95,1215.85,1222.06,965321,-1.893,1265.48,1291.23,1148.64,38.482,-22.1746,-17.2672,-4.9075,1348.56,1182.4,13.13,2018,9,3,2018-09,False
2018-09-18,ASIANPAINT,1219.59,1243.63,1199.97,1206.61,1088372,-1.265,1260.41,1290.68,1149.23,35.363,-23.1529,-18.4443,-4.7085,1344.93,1175.9,13.411,2018,9,3,2018-09,False
2018-09-19,ASIANPAINT,1217.9,1231.91,1201.84,1205.9,929673,-0.058,1254.91,1290.09,1149.9,35.223,-23.7113,-19.4977,-4.2136,1338.55,1171.28,13.328,2018,9,3,2018-09,False
2018-09-21,ASIANPAINT,1206.6,1237.19,1131.71,1218.42,1867297,1.038,1250.31,1289.0,1150.66,39.788,-22.8804,-20.1742,-2.7061,1331.16,1169.47,12.932,2018,9,3,2018-09,False
2018-09-24,ASIANPAINT,1213.98,1229.53,1172.89,1187.79,1691456,-2.514,1244.58,1287.16,1151.33,33.555,-24.4121,-21.0218,-3.3902,1326.12,1163.04,13.103,2018,9,3,2018-09,False
2018-09-25,ASIANPAINT,1187.65,1218.51,1173.97,1204.55,1262738,1.411,1239.74,1285.86,1152.14,39.171,-23.9967,-21.6168,-2.3799,1318.54,1160.94,12.713,2018,9,3,2018-09,False
2018-09-26,ASIANPAINT,1213.98,1217.25,1189.7,1197.17,1338324,-0.612,1234.24,1284.44,1152.95,37.662,-23.9863,-22.0907,-1.8956,1308.45,1160.04,12.024,2018,9,3,2018-09,False
2018-09-27,ASIANPAINT,1209.13,1227.06,1191.99,1202.31,1901166,0.429,1228.64,1282.94,1153.83,39.412,-23.2951,-22.3316,-0.9635,1293.73,1163.54,10.596,2018,9,3,2018-09,False
2018-09-28,ASIANPAINT,1207.45,1227.99,1200.91,1207.73,1549540,0.45,1223.94,1281.7,1154.55,41.284,-22.056,-22.2765,0.2204,1279.71,1168.16,9.114,2018,9,3,2018-09,False
2018-10-01,ASIANPAINT,1213.05,1221.36,1185.03,1195.12,1143818,-1.044,1219.32,1279.9,1155.25,38.317,-21.8396,-22.1891,0.3495,1267.75,1170.89,7.944,2018,10,4,2018-10,False
2018-10-03,ASIANPAINT,1181.2,1185.03,1163.7,1168.92,1236645,-2.192,1213.68,1277.26,1155.86,33.008,-23.5107,-22.4534,-1.0572,1257.6,1169.76,7.238,2018,10,4,2018-10,False
2018-10-04,ASIANPAINT,1146.75,1157.21,1133.67,1143.66,1557441,-2.161,1207.29,1273.93,1156.39,28.856,-26.567,-23.2761,-3.2909,1252.96,1161.63,7.565,2018,10,4,2018-10,False
2018-10-05,ASIANPAINT,1140.63,1157.95,1112.99,1129.47,1344685,-1.241,1202.54,1270.44,1156.84,26.815,-29.7912,-24.5791,-5.212,1259.13,1145.95,9.412,2018,10,4,2018-10,False
2018-10-08,ASIANPAINT,1129.94,1171.03,1121.63,1165.24,1050759,3.167,1199.11,1266.98,1157.45,38.6,-29.1246,-25.4882,-3.6364,1256.02,1142.19,9.493,2018,10,4,2018-10,False
2018-10-09,ASIANPAINT,1171.03,1172.8,1112.19,1121.91,1088738,-3.719,1193.83,1262.0,1157.86,31.899,-31.727,-26.736,-4.991,1258.68,1128.97,10.865,2018,10,4,2018-10,False
2018-10-10,ASIANPAINT,1126.11,1158.75,1102.76,1144.83,803576,2.043,1189.62,1257.82,1158.3,38.029,-31.5755,-27.7039,-3.8716,1255.79,1123.45,11.124,2018,10,4,2018-10,False
2018-10-11,ASIANPAINT,1121.53,1140.68,1111.68,1138.39,781348,-0.563,1186.16,1253.8,1158.7,37.02,-31.6109,-28.4853,-3.1256,1255.54,1116.79,11.697,2018,10,4,2018-10,False
2018-10-12,ASIANPAINT,1152.26,1182.19,1152.26,1177.75,1000950,3.458,1184.45,1250.56,1159.32,46.377,-28.1386,-28.4159,0.2774,1252.83,1116.08,11.545,2018,10,4,2018-10,False
2018-10-15,ASIANPAINT,1171.96,1174.01,1159.35,1167.57,728514,-0.864,1182.55,1247.2,1159.87,44.535,-25.9094,-27.9146,2.0052,1250.56,1114.54,11.503,2018,10,4,2018-10,False
2018-10-16,ASIANPAINT,1173.83,1198.01,1169.67,1183.73,908616,1.384,1179.46,1243.77,1160.5,48.062,-22.5789,-26.8475,4.2686,1240.68,1118.24,10.381,2018,10,4,2018-10,False
2018-10-17,ASIANPAINT,1197.36,1197.41,1171.96,1175.69,698043,-0.678,1177.14,1240.44,1161.03,46.479,-20.3528,-25.5485,5.1957,1234.98,1119.29,9.828,2018,10,4,2018-10,False
2018-10-19,ASIANPAINT,1180.36,1201.84,1139.7,1153.66,1449043,-1.874,1174.49,1237.02,1161.45,42.358,-20.1349,-24.4658,4.3309,1231.5,1117.48,9.708,2018,10,4,2018-10,False
2018-10-22,ASIANPAINT,1162.62,1164.63,1112.19,1120.97,1949683,-2.833,1170.24,1233.07,1161.74,37.104,-22.3419,-24.041,1.6991,1229.99,1110.5,10.21,2018,10,4,2018-10,False
2018-10-23,ASIANPAINT,1060.09,1111.26,1044.02,1063.12,8272850,-5.161,1162.48,1228.24,1161.67,30.008,-28.4314,-24.9191,-3.5123,1234.88,1090.07,12.457,2018,10,4,2018-10,False
2018-10-24,ASIANPAINT,1083.25,1119.67,1074.05,1108.37,2370198,4.256,1158.51,1223.8,1161.9,39.718,-29.2691,-25.7891,-3.48,1233.73,1083.29,12.985,2018,10,4,2018-10,False
2018-10-25,ASIANPAINT,1102.39,1128.96,1097.25,1120.65,1995349,1.108,1154.31,1219.59,1162.19,42.067,-28.6123,-26.3538,-2.2586,1228.06,1080.56,12.778,2018,10,4,2018-10,False
2018-10-26,ASIANPAINT,1120.6,1122.47,1091.04,1111.54,1440249,-0.812,1150.03,1215.35,1162.44,40.797,-28.498,-26.7826,-1.7154,1223.24,1076.82,12.733,2018,10,4,2018-10,False
2018-10-29,ASIANPAINT,1118.42,1136.11,1110.65,1119.59,1186190,0.724,1145.9,1211.24,1162.6,42.451,-27.4414,-26.9144,-0.5271,1215.95,1075.84,12.227,2018,10,4,2018-10,False
2018-10-30,ASIANPAINT,1118.42,1130.78,1100.4,1119.82,1075337,0.021,1141.5,1207.51,1162.69,42.501,-26.2823,-26.788,0.5057,1206.04,1076.96,11.307,2018,10,4,2018-10,False
2018-10-31,ASIANPAINT,1128.53,1156.0,1108.17,1151.75,1561884,2.85,1139.33,1204.49,1162.95,49.041,-22.5283,-25.936,3.4077,1199.01,1079.65,10.477,2018,10,4,2018-10,False
2018-11-01,ASIANPAINT,1154.18,1165.22,1136.21,1139.95,1200280,-1.024,1137.88,1201.24,1163.11,46.917,-20.2712,-24.8031,4.5318,1195.92,1079.84,10.202,2018,11,4,2018-11,False
2018-11-02,ASIANPAINT,1162.6,1208.99,1161.9,1167.28,2235848,2.398,1139.06,1198.42,1163.47,52.094,-16.0914,-23.0607,6.9693,1198.54,1079.58,10.444,2018,11,4,2018-11,False
2018-11-05,ASIANPAINT,1171.96,1180.06,1153.71,1164.52,756887,-0.237,1140.82,1195.4,1163.77,51.547,-12.8536,-21.0193,8.1657,1201.17,1080.47,10.58,2018,11,4,2018-11,False
2018-11-06,ASIANPAINT,1162.79,1174.77,1156.05,1159.33,815046,-0.446,1140.52,1192.37,1164.04,50.474,-10.5847,-18.9324,8.3476,1200.42,1080.62,10.504,2018,11,4,2018-11,False
2018-11-07,ASIANPAINT,1170.09,1173.84,1159.98,1170.98,100134,1.005,1142.97,1189.74,1164.3,52.846,-7.7569,-16.6973,8.9404,1203.68,1082.27,10.623,2018,11,4,2018-11,False
2018-11-09,ASIANPAINT,1179.27,1225.23,1176.5,1212.78,2026920,3.569,1146.37,1187.97,1164.84,60.209,-2.1188,-13.7816,11.6628,1214.65,1078.1,11.912,2018,11,4,2018-11,False
2018-11-12,ASIANPAINT,1212.22,1230.84,1193.63,1197.05,1100286,-1.297,1149.31,1185.77,1165.27,56.626,1.0682,-10.8116,11.8798,1221.09,1077.52,12.492,2018,11,4,2018-11,False
2018-11-13,ASIANPAINT,1195.79,1212.78,1195.79,1202.76,1632176,0.477,1150.56,1183.54,1165.77,57.612,4.0084,-7.8476,11.8561,1225.24,1075.87,12.982,2018,11,4,2018-11,False
2018-11-14,ASIANPAINT,1228.13,1252.42,1218.77,1236.13,1631802,2.775,1153.98,1182.23,1166.42,62.919,8.9284,-4.4924,13.4208,1237.7,1070.27,14.509,2018,11,4,2018-11,False
2018-11-15,ASIANPAINT,1235.62,1246.71,1229.44,1234.03,1065640,-0.17,1156.5,1181.16,1167.12,62.388,12.5134,-1.0912,13.6046,1246.75,1066.25,15.607,2018,11,4,2018-11,False
2018-11-16,ASIANPAINT,1235.62,1244.79,1229.25,1236.83,1113304,0.228,1159.56,1180.26,1167.87,62.838,15.4035,2.2077,13.1958,1256.44,1062.67,16.711,2018,11,4,2018-11,False
2018-11-19,ASIANPAINT,1244.04,1244.84,1221.58,1228.27,784645,-0.692,1163.29,1179.4,1168.66,60.461,16.8091,5.128,11.6811,1264.85,1061.73,17.461,2018,11,4,2018-11,False
2018-11-20,ASIANPAINT,1232.81,1245.96,1221.3,1223.31,867729,-0.404,1168.4,1179.37,1169.43,59.067,17.323,7.567,9.756,1271.29,1065.52,17.612,2018,11,4,2018-11,False
2018-11-21,ASIANPAINT,1244.04,1256.68,1229.77,1239.55,1374789,1.328,1177.22,1179.48,1170.28,62.144,18.8237,9.8183,9.0054,1272.04,1082.41,16.109,2018,11,4,2018-11,False
2018-11-22,ASIANPAINT,1244.98,1245.63,1225.09,1230.38,691593,-0.74,1183.32,1179.54,1171.19,59.427,19.0533,11.6653,7.3879,1275.14,1091.51,15.518,2018,11,4,2018-11,False
2018-11-26,ASIANPAINT,1244.93,1270.77,1238.99,1263.23,2149117,2.67,1190.45,1180.23,1172.26,65.282,21.637,13.6596,7.9773,1283.91,1097.0,15.7,2018,11,4,2018-11,False
2018-11-27,ASIANPAINT,1260.7,1260.7,1241.28,1253.96,1130756,-0.734,1197.58,1181.16,1173.18,62.541,22.6754,15.4628,7.2126,1287.34,1107.81,14.991,2018,11,4,2018-11,False
2018-11-28,ASIANPAINT,1266.41,1267.96,1234.82,1239.6,1205630,-1.146,1203.58,1181.71,1174.09,58.443,22.0843,16.7871,5.2972,1287.23,1119.92,13.901,2018,11,4,2018-11,False
2018-11-29,ASIANPAINT,1250.59,1268.38,1245.63,1263.98,3556169,1.967,1210.78,1182.88,1175.14,62.887,23.3148,18.0926,5.2222,1288.7,1132.87,12.87,2018,11,4,2018-11,False
2018-11-30,ASIANPAINT,1266.32,1274.7,1256.35,1259.91,1030541,-0.322,1216.19,1183.16,1176.28,61.7,23.6883,19.2118,4.4765,1291.83,1140.55,12.439,2018,11,4,2018-11,False
2018-12-03,ASIANPAINT,1259.02,1272.12,1249.71,1253.12,710748,-0.539,1221.85,1183.78,1177.33,59.679,23.1696,20.0033,3.1663,1290.04,1153.66,11.162,2018,12,4,2018-12,False
2018-12-04,ASIANPAINT,1251.11,1268.1,1241.65,1244.46,830261,-0.691,1225.71,1184.54,1178.33,57.109,21.8085,20.3644,1.4441,1289.49,1161.93,10.408,2018,12,4,2018-12,False
2018-12-05,ASIANPAINT,1243.57,1257.15,1238.99,1244.51,864628,0.004,1229.71,1185.31,1179.3,57.119,20.4973,20.391,0.1063,1287.04,1172.37,9.325,2018,12,4,2018-12,False
2018-12-06,ASIANPAINT,1239.36,1240.25,1204.35,1212.31,896350,-2.587,1232.36,1185.19,1180.04,48.173,16.6677,19.6463,-2.9786,1280.09,1184.62,7.747,2018,12,4,2018-12,False
2018-12-07,ASIANPAINT,1222.98,1239.36,1215.4,1234.35,1037026,1.818,1235.53,1186.12,1180.92,53.538,15.2359,18.7642,-3.5284,1273.53,1197.53,6.151,2018,12,4,2018-12,False
2018-12-10,ASIANPAINT,1198.17,1222.75,1181.61,1192.75,1074399,-3.371,1234.52,1185.89,1181.61,44.23,10.6212,17.1356,-6.5144,1275.95,1193.1,6.711,2018,12,4,2018-12,False
2018-12-11,ASIANPAINT,1186.94,1251.02,1172.1,1238.99,1746513,3.877,1236.62,1186.72,1182.48,53.836,10.5735,15.8232,-5.2497,1274.12,1199.12,6.065,2018,12,4,2018-12,False
2018-12-12,ASIANPAINT,1238.43,1251.72,1227.99,1245.82,986580,0.552,1238.77,1187.59,1183.51,55.067,10.9608,14.8507,-3.8899,1272.88,1204.67,5.506,2018,12,4,2018-12,False
2018-12-13,ASIANPAINT,1252.89,1257.33,1231.87,1235.8,1175211,-0.804,1238.76,1188.15,1184.45,52.842,10.3403,13.9486,-3.6083,1272.87,1204.65,5.507,2018,12,4,2018-12,False
2018-12-14,ASIANPAINT,1247.6,1264.64,1235.62,1255.23,1869410,1.572,1239.82,1189.36,1185.49,56.512,11.2858,13.4161,-2.1303,1274.62,1205.02,5.614,2018,12,4,2018-12,False
2018-12-17,ASIANPAINT,1254.34,1258.97,1244.98,1250.45,665295,-0.38,1240.5,1190.99,1186.55,55.372,11.5171,13.0363,-1.5192,1275.59,1205.41,5.657,2018,12,4,2018-12,False
2018-12-18,ASIANPAINT,1252.89,1274.0,1242.69,1269.04,1581385,1.486,1242.54,1193.49,1187.77,58.853,13.0494,13.0389,0.0105,1279.33,1205.75,5.922,2018,12,4,2018-12,False
2018-12-19,ASIANPAINT,1282.42,1316.87,1282.42,1310.74,3334213,3.286,1246.91,1197.12,1189.19,65.38,17.4278,13.9167,3.5111,1293.54,1200.28,7.48,2018,12,4,2018-12,False
2018-12-20,ASIANPAINT,1301.05,1340.04,1300.25,1334.65,2578234,1.825,1251.66,1200.51,1190.7,68.469,22.5674,15.6468,6.9206,1312.4,1190.93,9.705,2018,12,4,2018-12,False
2018-12-21,ASIANPAINT,1342.24,1342.24,1293.93,1299.46,2098064,-2.637,1255.12,1204.06,1192.01,59.986,23.5294,17.2233,6.306,1318.55,1191.68,10.108,2018,12,4,2018-12,False
2018-12-24,ASIANPAINT,1299.27,1300.16,1264.73,1270.3,1649577,-2.244,1255.47,1206.57,1193.16,54.015,21.6888,18.1164,3.5724,1319.18,1191.77,10.148,2018,12,4,2018-12,False
2018-12-26,ASIANPAINT,1280.5,1287.01,1261.27,1275.87,1790087,0.438,1256.57,1209.32,1194.4,54.938,20.444,18.5819,1.862,1320.91,1192.22,10.241,2018,12,4,2018-12,False
2018-12-27,ASIANPAINT,1273.11,1296.23,1267.72,1284.76,2174090,0.697,1258.83,1211.46,1195.7,56.441,19.9451,18.8546,1.0905,1323.83,1193.82,10.328,2018,12,4,2018-12,False
2018-12-28,ASIANPAINT,1294.59,1294.59,1272.12,1278.68,1705033,-0.474,1259.56,1213.68,1196.95,55.087,18.8415,18.852,-0.0105,1325.14,1193.98,10.413,2018,12,4,2018-12,False
2018-12-31,ASIANPAINT,1287.1,1289.91,1279.89,1285.28,698593,0.516,1260.83,1215.71,1198.14,56.311,18.2886,18.7393,-0.4507,1327.41,1194.25,10.561,2018,12,4,2018-12,False
2019-01-01,ASIANPAINT,1285.42,1291.5,1271.75,1283.87,664707,-0.109,1262.37,1217.87,1199.31,55.962,17.535,18.4984,-0.9634,1329.61,1195.12,10.654,2019,1,1,2019-01,False
2019-01-02,ASIANPAINT,1279.61,1298.19,1274.56,1294.87,1233780,0.857,1264.89,1220.7,1200.52,58.152,17.6221,18.3232,-0.701,1333.08,1196.69,10.783,2019,1,1,2019-01,False
2019-01-03,ASIANPAINT,1293.47,1304.75,1289.91,1299.55,1636293,0.361,1267.64,1224.27,1201.72,59.085,17.863,18.2311,-0.3682,1336.81,1198.47,10.913,2019,1,1,2019-01,False
2019-01-04,ASIANPAINT,1299.27,1311.81,1293.09,1297.26,1202397,-0.176,1271.89,1228.95,1202.93,58.398,17.6651,18.1179,-0.4528,1337.07,1206.7,10.249,2019,1,1,2019-01,False
2019-01-07,ASIANPAINT,1297.4,1315.56,1295.29,1306.76,1074373,0.732,1275.51,1232.92,1204.06,60.449,18.0667,18.1077,-0.041,1339.95,1211.06,10.105,2019,1,1,2019-01,False
2019-01-08,ASIANPAINT,1311.44,1322.39,1306.29,1311.67,1232440,0.376,1281.45,1236.74,1205.41,61.506,18.5675,18.1997,0.3679,1334.72,1228.19,8.314,2019,1,1,2019-01,False
2019-01-09,ASIANPAINT,1312.84,1323.61,1307.84,1312.38,973687,0.054,1285.12,1240.76,1206.84,61.664,18.8043,18.3206,0.4837,1336.13,1234.11,7.939,2019,1,1,2019-01,False
2019-01-10,ASIANPAINT,1301.14,1310.5,1299.88,1307.09,1004783,-0.403,1288.19,1244.51,1208.24,59.681,18.3536,18.3272,0.0264,1336.55,1239.82,7.509,2019,1,1,2019-01,False
2019-01-11,ASIANPAINT,1310.27,1316.31,1303.39,1313.92,473391,0.523,1292.09,1248.39,1209.68,61.408,18.3364,18.329,0.0074,1334.95,1249.23,6.634,2019,1,1,2019-01,False
2019-01-14,ASIANPAINT,1314.25,1320.43,1296.88,1299.83,1360800,-1.072,1294.32,1251.35,1211.03,56.076,16.9902,18.0613,-1.0711,1333.59,1255.05,6.069,2019,1,1,2019-01,False
2019-01-15,ASIANPAINT,1299.83,1324.03,1299.83,1316.07,1355920,1.249,1297.6,1254.87,1212.44,60.35,17.0374,17.8565,-0.8191,1332.12,1263.08,5.32,2019,1,1,2019-01,False
2019-01-16,ASIANPAINT,1319.86,1322.63,1298.99,1300.91,1189597,-1.152,1299.2,1257.55,1213.75,54.971,15.6706,17.4193,-1.7487,1331.0,1267.39,4.896,2019,1,1,2019-01,False
2019-01-17,ASIANPAINT,1301.14,1309.1,1295.34,1300.77,853829,-0.011,1298.7,1260.27,1215.0,54.922,14.4099,16.8174,-2.4076,1330.05,1267.35,4.828,2019,1,1,2019-01,False
2019-01-18,ASIANPAINT,1302.08,1314.95,1294.59,1310.92,1092189,0.781,1297.51,1263.3,1216.35,57.839,14.0681,16.2676,-2.1994,1324.64,1270.38,4.182,2019,1,1,2019-01,False
2019-01-21,ASIANPAINT,1306.01,1333.72,1306.01,1331.19,2513582,1.546,1299.1,1266.51,1217.66,62.984,15.2567,16.0654,-0.8087,1330.14,1268.06,4.779,2019,1,1,2019-01,False
2019-01-22,ASIANPAINT,1332.88,1340.5,1287.34,1317.01,5483768,-1.065,1301.43,1268.59,1218.89,57.679,14.8828,15.8289,-0.9461,1330.3,1272.56,4.437,2019,1,1,2019-01,False
2019-01-23,ASIANPAINT,1337.65,1338.07,1301.14,1307.27,2702265,-0.739,1303.0,1270.8,1220.15,54.298,13.6436,15.3918,-1.7482,1329.32,1276.68,4.04,2019,1,1,2019-01,False
2019-01-24,ASIANPAINT,1310.5,1323.14,1307.23,1312.24,1562800,0.38,1304.38,1272.99,1221.4,55.723,12.9131,14.8961,-1.983,1329.53,1279.22,3.857,2019,1,1,2019-01,False
2019-01-25,ASIANPAINT,1318.37,1323.33,1266.79,1284.43,1613548,-2.119,1304.66,1273.95,1222.51,46.901,9.9758,13.912,-3.9363,1328.69,1280.64,3.683,2019,1,1,2019-01,False
2019-01-28,ASIANPAINT,1287.1,1302.08,1279.47,1291.31,1590764,0.536,1304.97,1275.1,1223.58,49.05,8.1096,12.7515,-4.6419,1328.1,1281.83,3.545,2019,1,1,2019-01,False
2019-01-29,ASIANPAINT,1288.97,1310.5,1285.42,1304.23,1061762,1.0,1305.98,1276.45,1224.73,52.906,7.5856,11.7183,-4.1328,1326.89,1285.08,3.202,2019,1,1,2019-01,False
2019-01-30,ASIANPAINT,1304.89,1326.23,1284.39,1301.52,1313152,-0.208,1306.32,1277.91,1225.86,52.015,6.872,10.7491,-3.877,1326.69,1285.95,3.118,2019,1,1,2019-01,False
2019-01-31,ASIANPAINT,1310.5,1324.54,1302.13,1322.3,1256050,1.597,1307.45,1279.89,1227.06,57.863,7.8924,10.1778,-2.2853,1328.75,1286.16,3.258,2019,1,1,2019-01,False
2019-02-01,ASIANPAINT,1322.11,1375.7,1318.18,1364.05,2077539,3.157,1310.79,1282.38,1228.48,66.656,11.9323,10.5287,1.4036,1343.34,1278.25,4.965,2019,2,1,2019-02,False
2019-02-04,ASIANPAINT,1351.69,1359.93,1342.33,1353.89,735159,-0.745,1313.15,1284.85,1229.77,63.201,14.1513,11.2532,2.8981,1350.88,1275.42,5.746,2019,2,1,2019-02,False
2019-02-05,ASIANPAINT,1352.58,1373.13,1350.85,1357.63,786962,0.277,1315.45,1286.74,1231.09,63.943,16.0272,12.208,3.8192,1358.08,1272.82,6.481,2019,2,1,2019-02,False
2019-02-06,ASIANPAINT,1364.66,1381.83,1359.46,1375.47,1088914,1.313,1318.6,1289.17,1232.52,67.322,18.7368,13.5138,5.2231,1368.92,1268.29,7.632,2019,2,1,2019-02,False
2019-02-07,ASIANPAINT,1373.27,1382.39,1363.86,1378.32,697412,0.208,1322.16,1291.94,1234.0,67.842,20.874,14.9858,5.8882,1378.74,1265.59,8.558,2019,2,1,2019-02,False
2019-02-08,ASIANPAINT,1374.16,1385.39,1352.63,1356.18,1018518,-1.606,1324.28,1293.79,1235.39,59.889,20.5445,16.0975,4.447,1382.69,1265.87,8.821,2019,2,1,2019-02,False
2019-02-11,ASIANPAINT,1355.34,1364.14,1335.78,1345.23,728051,-0.808,1326.55,1295.49,1236.64,56.368,19.1786,16.7137,2.4648,1384.48,1268.61,8.735,2019,2,1,2019-02,False
2019-02-12,ASIANPAINT,1346.54,1363.77,1343.5,1359.27,947583,1.044,1328.71,1297.62,1238.0,59.644,19.0099,17.173,1.8369,1388.2,1269.22,8.955,2019,2,1,2019-02,False
2019-02-14,ASIANPAINT,1327.02,1332.17,1307.23,1309.75,915441,-3.643,1329.15,1298.92,1239.15,46.411,14.7109,16.6806,-1.9696,1387.9,1270.4,8.84,2019,2,1,2019-02,False
2019-02-15,ASIANPAINT,1311.25,1315.14,1284.39,1304.51,1113223,-0.4,1329.34,1300.12,1240.3,45.266,10.757,15.4959,-4.7389,1387.73,1270.95,8.785,2019,2,1,2019-02,False
2019-02-18,ASIANPAINT,1312.09,1312.09,1259.02,1291.83,1460282,-0.972,1328.38,1301.71,1241.27,42.532,6.5248,13.7016,-7.1768,1388.64,1268.13,9.072,2019,2,1,2019-02,False
2019-02-19,ASIANPAINT,1284.34,1307.65,1283.36,1289.77,697530,-0.159,1326.31,1302.82,1242.13,42.087,2.9704,11.5554,-8.585,1388.96,1263.67,9.447,2019,2,1,2019-02,False
2019-02-20,ASIANPAINT,1291.78,1309.38,1288.04,1307.6,843469,1.383,1325.84,1305.12,1242.99,47.23,1.5742,9.5591,-7.985,1388.92,1262.76,9.515,2019,2,1,2019-02,False
2019-02-21,ASIANPAINT,1309.57,1317.85,1301.42,1308.44,677142,0.064,1325.9,1306.51,1243.92,47.467,0.5296,7.7532,-7.2237,1388.91,1262.89,9.504,2019,2,1,2019-02,False
2019-02-22,ASIANPAINT,1309.57,1317.76,1295.71,1308.44,801380,0.0,1325.71,1307.76,1244.93,47.467,-0.2949,6.1436,-6.4385,1388.92,1262.5,9.535,2019,2,1,2019-02,False
2019-02-25,ASIANPAINT,1310.46,1315.93,1302.41,1308.87,711217,0.032,1326.93,1309.22,1245.83,47.604,-0.9039,4.7341,-5.638,1387.67,1266.19,9.155,2019,2,1,2019-02,False
2019-02-26,ASIANPAINT,1307.6,1317.06,1290.47,1312.38,1147218,0.268,1327.98,1310.36,1246.77,48.799,-1.0907,3.5692,-4.6598,1386.83,1269.14,8.862,2019,2,1,2019-02,False
2019-02-27,ASIANPAINT,1314.25,1339.38,1305.82,1315.84,1462017,0.264,1328.56,1311.67,1247.67,50.011,-0.9483,2.6657,-3.614,1386.65,1270.48,8.743,2019,2,1,2019-02,False
2019-02-28,ASIANPAINT,1324.36,1324.54,1311.86,1315.37,1230935,-0.036,1329.26,1312.6,1248.58,49.839,-0.8633,1.9599,-2.8232,1386.3,1272.21,8.583,2019,2,1,2019-02,False
2019-03-01,ASIANPAINT,1318.93,1327.31,1299.36,1303.34,783876,-0.914,1328.31,1312.45,1249.12,45.516,-1.7464,1.2186,-2.965,1386.46,1270.16,8.755,2019,3,1,2019-03,False
2019-03-05,ASIANPAINT,1304.42,1319.63,1294.31,1314.11,1214257,0.826,1325.81,1312.04,1249.66,49.72,-1.5597,0.663,-2.2226,1381.75,1269.88,8.438,2019,3,1,2019-03,False
2019-03-06,ASIANPAINT,1317.99,1319.86,1297.91,1304.61,720335,-0.723,1323.35,1312.14,1250.08,46.322,-2.1535,0.0997,-2.2532,1378.41,1268.29,8.322,2019,3,1,2019-03,False
2019-03-07,ASIANPAINT,1309.19,1315.65,1303.01,1306.24,746742,0.126,1320.78,1312.86,1250.46,46.995,-2.4636,-0.413,-2.0506,1373.87,1267.69,8.039,2019,3,1,2019-03,False
2019-03-08,ASIANPAINT,1304.65,1305.5,1291.78,1293.98,524331,-0.939,1316.7,1313.22,1250.84,42.684,-3.6566,-1.0617,-2.5949,1364.35,1269.06,7.237,2019,3,1,2019-03,False
2019-03-11,ASIANPAINT,1300.39,1332.03,1296.46,1329.04,1342007,2.709,1314.24,1314.11,1251.41,55.306,-1.7532,-1.2,-0.5532,1352.67,1275.81,5.849,2019,3,1,2019-03,False
2019-03-12,ASIANPAINT,1331.1,1352.95,1330.35,1336.81,1333909,0.585,1313.27,1315.27,1252.04,57.538,0.3779,-0.8844,1.2623,1348.06,1278.49,5.297,2019,3,1,2019-03,False
2019-03-13,ASIANPAINT,1347.38,1347.38,1326.42,1336.99,708227,0.014,1312.86,1316.31,1252.75,57.593,2.0581,-0.2959,2.3541,1346.22,1279.5,5.081,2019,3,1,2019-03,False
2019-03-14,ASIANPAINT,1345.7,1354.45,1329.22,1343.03,1113700,0.452,1312.05,1317.49,1253.52,59.417,3.8328,0.5298,3.303,1341.17,1282.93,4.439,2019,3,1,2019-03,False
2019-03-15,ASIANPAINT,1342.33,1363.86,1337.32,1340.97,1667627,-0.153,1313.61,1318.41,1254.21,58.493,5.0152,1.4269,3.5883,1345.43,1281.78,4.845,2019,3,1,2019-03,False
2019-03-18,ASIANPAINT,1353.56,1367.23,1344.76,1353.19,1148000,0.911,1316.04,1319.48,1254.97,62.244,6.8589,2.5133,4.3456,1352.1,1279.98,5.48,2019,3,1,2019-03,False
2019-03-19,ASIANPAINT,1349.82,1366.53,1347.95,1360.96,886660,0.574,1319.5,1320.76,1255.63,64.445,8.845,3.7797,5.0654,1358.88,1280.11,5.97,2019,3,1,2019-03,False
2019-03-20,ASIANPAINT,1368.54,1372.28,1355.9,1363.06,764625,0.155,1323.16,1321.89,1256.41,65.041,10.4683,5.1174,5.3509,1364.49,1281.83,6.247,2019,3,1,2019-03,False
2019-03-22,ASIANPAINT,1365.73,1385.3,1359.74,1377.2,1380404,1.037,1326.64,1323.2,1257.28,68.813,12.7484,6.6436,6.1048,1373.77,1279.52,7.105,2019,3,1,2019-03,False
2019-03-25,ASIANPAINT,1371.44,1381.27,1358.71,1364.37,848078,-0.931,1329.44,1324.24,1258.04,62.25,13.3665,7.9882,5.3783,1378.61,1280.27,7.397,2019,3,1,2019-03,False
2019-03-26,ASIANPAINT,1367.14,1396.86,1367.14,1390.12,1630147,1.887,1333.52,1325.9,1258.98,68.702,15.7519,9.5409,6.211,1388.57,1278.48,8.256,2019,3,1,2019-03,False
2019-03-27,ASIANPAINT,1398.49,1401.26,1369.94,1377.95,1387002,-0.875,1336.98,1327.18,1259.9,63.203,16.4706,10.9269,5.5437,1394.14,1279.82,8.55,2019,3,1,2019-03,False
2019-03-28,ASIANPAINT,1379.3,1412.49,1379.3,1401.3,1353947,1.695,1341.42,1329.21,1260.99,68.427,18.709,12.4833,6.2258,1404.09,1278.75,9.344,2019,3,1,2019-03,False
2019-04-01,ASIANPAINT,1401.07,1407.86,1394.75,1397.32,707570,-0.284,1345.5,1330.83,1262.11,66.69,19.9323,13.9731,5.9592,1411.66,1279.33,9.835,2019,4,2,2019-04,False
2019-04-02,ASIANPAINT,1397.56,1426.06,1389.65,1422.18,1326634,1.779,1350.84,1333.26,1263.22,71.548,22.646,15.7077,6.9383,1423.67,1278.01,10.783,2019,4,2,2019-04,False
2019-04-03,ASIANPAINT,1424.0,1432.05,1397.56,1401.86,1606692,-1.428,1355.76,1335.28,1264.29,63.408,22.8937,17.1449,5.7488,1428.4,1283.13,10.715,2019,4,2,2019-04,False
2019-04-04,ASIANPAINT,1408.6,1427.51,1406.92,1421.9,1409222,1.429,1361.15,1337.5,1265.43,67.353,24.4248,18.6009,5.824,1436.71,1285.6,11.102,2019,4,2,2019-04,False
2019-04-05,ASIANPAINT,1422.83,1426.25,1406.92,1417.64,1129222,-0.3,1366.81,1339.23,1266.54,65.73,25.0064,19.882,5.1244,1441.45,1292.16,10.923,2019,4,2,2019-04,False
2019-04-08,ASIANPAINT,1417.22,1417.22,1391.01,1400.69,925518,-1.195,1371.53,1340.9,1267.56,59.581,23.8254,20.6707,3.1548,1441.87,1301.19,10.258,2019,4,2,2019-04,False
2019-04-09,ASIANPAINT,1371.07,1380.62,1345.33,1352.49,2642226,-3.442,1374.45,1341.8,1268.32,46.308,18.783,20.2931,-1.5101,1435.47,1313.44,8.878,2019,4,2,2019-04,False
2019-04-10,ASIANPAINT,1357.12,1358.24,1315.51,1319.72,2608319,-2.422,1373.99,1341.95,1268.93,39.816,12.0048,18.6355,-6.6306,1436.58,1311.39,9.111,2019,4,2,2019-04,False
2019-04-11,ASIANPAINT,1319.58,1340.41,1317.99,1332.17,1494450,0.943,1373.76,1342.91,1269.61,43.081,7.5506,16.4185,-8.8679,1436.96,1310.55,9.202,2019,4,2,2019-04,False
2019-04-12,ASIANPAINT,1341.16,1352.44,1334.65,1346.68,1510649,1.089,1374.24,1344.02,1270.42,46.71,5.1323,14.1613,-9.029,1436.4,1312.08,9.046,2019,4,2,2019-04,False
2019-04-15,ASIANPAINT,1355.39,1358.66,1335.78,1340.04,791389,-0.494,1374.09,1344.73,1271.18,45.286,2.6488,11.8588,-9.2099,1436.58,1311.6,9.095,2019,4,2,2019-04,False
2019-04-16,ASIANPAINT,1350.52,1371.25,1348.18,1365.73,1463057,1.918,1375.33,1346.02,1272.16,51.45,2.7227,10.0316,-7.3088,1436.01,1314.65,8.824,2019,4,2,2019-04,False
2019-04-18,ASIANPAINT,1370.41,1385.3,1366.95,1375.65,1425676,0.727,1376.45,1347.08,1273.12,53.622,3.5411,8.7335,-5.1923,1436.23,1316.67,8.686,2019,4,2,2019-04,False
2019-04-22,ASIANPAINT,1366.62,1366.62,1343.27,1351.08,737603,-1.786,1375.96,1346.82,1274.02,47.905,2.1818,7.4231,-5.2413,1436.44,1315.48,8.791,2019,4,2,2019-04,False
2019-04-23,ASIANPAINT,1356.37,1361.89,1334.75,1339.52,601653,-0.856,1374.78,1346.54,1274.77,45.45,0.1698,5.9725,-5.8027,1437.2,1312.36,9.081,2019,4,2,2019-04,False
2019-04-24,ASIANPAINT,1344.2,1366.11,1339.52,1357.35,1154712,1.331,1373.79,1346.53,1275.64,49.73,0.0139,4.7808,-4.7668,1436.68,1310.9,9.155,2019,4,2,2019-04,False
2019-04-25,ASIANPAINT,1357.31,1366.67,1346.17,1355.39,1161847,-0.145,1373.34,1346.13,1276.49,49.271,-0.2652,3.7716,-4.0367,1436.64,1310.04,9.218,2019,4,2,2019-04,False
2019-04-26,ASIANPAINT,1357.31,1366.06,1344.2,1356.14,704193,0.055,1371.64,1345.69,1277.37,49.462,-0.421,2.9331,-3.3541,1434.87,1308.42,9.219,2019,4,2,2019-04,False
2019-04-30,ASIANPAINT,1362.92,1382.58,1362.27,1369.62,1525776,0.994,1371.22,1345.96,1278.18,52.905,0.5369,2.4538,-1.9169,1434.38,1308.06,9.212,2019,4,2,2019-04,False
2019-05-02,ASIANPAINT,1371.35,1378.74,1338.68,1344.76,774788,-1.815,1368.4,1345.95,1278.87,46.601,-0.7012,1.8228,-2.524,1430.95,1305.85,9.142,2019,5,2,2019-05,False
2019-05-03,ASIANPAINT,1351.5,1362.92,1340.64,1346.59,1020007,0.136,1365.86,1345.69,1279.58,47.1,-1.5176,1.1547,-2.6724,1427.58,1304.14,9.037,2019,5,2,2019-05,False
2019-05-06,ASIANPAINT,1343.22,1356.0,1318.51,1322.48,1161960,-1.79,1360.88,1345.95,1280.02,41.579,-4.0628,0.1112,-4.1741,1419.47,1302.28,8.611,2019,5,2,2019-05,False
2019-05-07,ASIANPAINT,1335.59,1335.59,1288.37,1299.08,2863939,-1.77,1355.74,1345.84,1280.34,37.039,-7.8774,-1.4865,-6.3909,1417.15,1294.32,9.06,2019,5,2,2019-05,False
2019-05-08,ASIANPAINT,1293.65,1305.82,1275.49,1297.12,1414591,-0.151,1349.5,1345.94,1280.46,36.677,-10.9331,-3.3758,-7.5573,1407.89,1291.1,8.654,2019,5,2,2019-05,False
2019-05-09,ASIANPAINT,1296.42,1304.56,1260.47,1267.63,2628463,-2.273,1342.0,1345.5,1280.4,31.673,-15.5548,-5.8116,-9.7432,1402.05,1281.94,8.95,2019,5,2,2019-05,False
2019-05-10,ASIANPAINT,1230.09,1263.7,1230.09,1255.32,3476379,-0.971,1334.73,1344.46,1280.33,29.843,-19.9804,-8.6454,-11.335,1399.85,1269.61,9.758,2019,5,2,2019-05,False
2019-05-13,ASIANPAINT,1255.32,1259.25,1239.03,1247.32,862130,-0.638,1329.47,1343.23,1280.23,28.682,-23.8586,-11.688,-12.1705,1404.75,1254.2,11.324,2019,5,2,2019-05,False
2019-05-14,ASIANPAINT,1244.98,1249.42,1218.86,1235.85,2167873,-0.919,1325.28,1341.78,1280.02,27.058,-27.5398,-14.8584,-12.6814,1411.4,1239.15,12.997,2019,5,2,2019-05,False
2019-05-15,ASIANPAINT,1241.23,1244.04,1218.49,1222.47,996276,-1.083,1319.79,1340.05,1279.78,25.261,-31.1779,-18.1223,-13.0557,1417.29,1222.29,14.775,2019,5,2,2019-05,False
2019-05-16,ASIANPAINT,1228.13,1230.0,1213.01,1221.01,726485,-0.119,1313.51,1338.23,1279.46,25.066,-33.7888,-21.2556,-12.5332,1419.53,1207.48,16.144,2019,5,2,2019-05,False
2019-05-17,ASIANPAINT,1221.58,1245.68,1217.83,1235.62,860934,1.196,1308.29,1336.62,1279.14,30.835,-34.2844,-23.8613,-10.423,1418.99,1197.58,16.924,2019,5,2,2019-05,False
2019-05-20,ASIANPAINT,1254.34,1290.28,1249.66,1286.12,976630,4.087,1304.31,1336.04,1279.02,46.248,-30.2534,-25.1398,-5.1136,1412.0,1196.61,16.514,2019,5,2,2019-05,False
2019-05-21,ASIANPAINT,1295.53,1295.53,1266.23,1270.95,1166297,-1.179,1299.07,1335.39,1278.85,43.139,-27.9601,-25.7038,-2.2563,1402.25,1195.9,15.884,2019,5,2,2019-05,False
2019-05-22,ASIANPAINT,1273.53,1285.93,1261.87,1280.97,840075,0.788,1295.57,1334.73,1278.56,45.734,-25.0458,-25.5722,0.5264,1396.03,1195.1,15.509,2019,5,2,2019-05,False
2019-05-23,ASIANPAINT,1300.21,1300.21,1270.91,1280.31,1527569,-0.051,1292.61,1334.24,1278.11,45.587,-22.5293,-24.9636,2.4343,1391.08,1194.13,15.237,2019,5,2,2019-05,False
2019-05-24,ASIANPAINT,1303.01,1310.92,1288.18,1295.99,980933,1.225,1289.54,1334.04,1277.82,49.738,-19.0502,-23.7809,4.7307,1383.23,1195.84,14.531,2019,5,2,2019-05,False
2019-05-27,ASIANPAINT,1298.24,1301.8,1275.59,1279.47,782730,-1.275,1285.74,1333.75,1277.52,45.776,-17.4253,-22.5098,5.0845,1374.21,1197.28,13.761,2019,5,2,2019-05,False
2019-05-28,ASIANPAINT,1282.37,1300.07,1273.06,1277.13,1562891,-0.183,1281.79,1332.71,1277.21,45.226,-16.1403,-21.2359,5.0956,1363.84,1199.74,12.803,2019,5,2,2019-05,False
2019-05-29,ASIANPAINT,1273.81,1279.57,1260.99,1271.42,582768,-0.447,1276.88,1331.4,1276.89,43.843,-15.4051,-20.0697,4.6646,1347.8,1205.96,11.109,2019,5,2,2019-05,False
2019-05-30,ASIANPAINT,1277.74,1303.01,1267.35,1286.73,1032259,1.204,1273.98,1330.39,1276.54,48.398,-13.4326,-18.7423,5.3097,1337.58,1210.38,9.984,2019,5,2,2019-05,False
2019-05-31,ASIANPAINT,1292.72,1336.71,1292.72,1317.34,2559888,2.379,1272.52,1329.88,1276.42,56.073,-9.2924,-16.8523,7.5599,1330.15,1214.88,9.058,2019,5,2,2019-05,False
2019-06-03,ASIANPAINT,1340.41,1371.3,1338.59,1365.97,2867897,3.691,1274.69,1330.38,1276.63,64.983,-2.0635,-13.8946,11.8311,1342.62,1206.76,10.658,2019,6,2,2019-06,False
2019-06-04,ASIANPAINT,1361.99,1361.99,1326.46,1330.63,1493226,-2.587,1276.27,1329.93,1276.69,56.081,0.8048,-10.9547,11.7595,1347.95,1204.59,11.232,2019,6,2,2019-06,False
2019-06-06,ASIANPAINT,1343.22,1368.4,1333.81,1337.23,1985857,0.496,1278.27,1329.45,1276.85,57.259,3.5694,-8.0499,11.6192,1354.51,1202.04,11.928,2019,6,2,2019-06,False
2019-06-07,ASIANPAINT,1337.65,1347.81,1322.72,1327.68,878470,-0.714,1281.28,1328.75,1276.84,54.962,4.9329,-5.4533,10.3863,1360.42,1202.13,12.354,2019,6,2,2019-06,False
2019-06-10,ASIANPAINT,1337.65,1349.82,1327.82,1331.66,800967,0.3,1285.09,1327.84,1276.84,55.759,6.2624,-3.1102,9.3726,1366.3,1203.89,12.639,2019,6,2,2019-06,False
2019-06-11,ASIANPAINT,1336.71,1341.72,1319.4,1334.37,743047,0.204,1289.45,1327.24,1276.89,56.326,7.4492,-0.9983,8.4475,1371.46,1207.43,12.72,2019,6,2,2019-06,False
2019-06-12,ASIANPAINT,1338.54,1347.85,1330.16,1334.33,874293,-0.004,1294.37,1326.12,1276.94,56.312,8.2904,0.8595,7.431,1374.64,1214.1,12.403,2019,6,2,2019-06,False
2019-06-13,ASIANPAINT,1344.87,1354.18,1338.47,1345.29,1572720,0.822,1300.51,1325.47,1277.14,58.787,9.7296,2.6335,7.0961,1376.29,1224.74,11.653,2019,6,2,2019-06,False
2019-06-14,ASIANPAINT,1345.81,1347.46,1327.93,1329.57,546091,-1.168,1305.94,1324.03,1277.27,54.06,9.4926,4.0053,5.4873,1372.76,1239.12,10.233,2019,6,2,2019-06,False
2019-06-17,ASIANPAINT,1333.57,1341.1,1316.54,1319.41,962166,-0.764,1310.13,1322.47,1277.35,51.193,8.3879,4.8818,3.506,1368.34,1251.92,8.886,2019,6,2,2019-06,False
2019-06-18,ASIANPAINT,1322.28,1327.36,1295.03,1298.8,1177437,-1.562,1310.76,1320.01,1277.31,45.879,5.7826,5.062,0.7206,1368.14,1253.38,8.755,2019,6,2,2019-06,False
2019-06-19,ASIANPAINT,1300.63,1314.19,1291.22,1299.83,692212,0.08,1312.21,1317.97,1277.23,46.181,3.7581,4.8012,-1.0431,1366.75,1257.66,8.313,2019,6,2,2019-06,False
2019-06-20,ASIANPAINT,1285.15,1322.19,1280.59,1310.09,991210,0.789,1313.66,1315.73,1277.23,49.207,2.9475,4.4305,-1.4829,1366.21,1261.11,8.001,2019,6,2,2019-06,False
2019-06-21,ASIANPAINT,1298.7,1312.54,1291.22,1301.58,1242165,-0.65,1314.73,1313.41,1277.22,46.852,1.5994,3.8643,-2.2649,1365.26,1264.19,7.687,2019,6,2,2019-06,False
2019-06-24,ASIANPAINT,1304.4,1315.69,1287.69,1295.13,757055,-0.495,1314.68,1311.3,1277.19,45.092,0.0107,3.0935,-3.0829,1365.28,1264.08,7.698,2019,6,2,2019-06,False
2019-06-25,ASIANPAINT,1290.28,1291.65,1280.26,1282.85,1388994,-0.948,1314.85,1309.9,1277.07,41.866,-2.2139,2.0321,-4.2459,1364.98,1264.73,7.625,2019,6,2,2019-06,False
2019-06-26,ASIANPAINT,1279.93,1288.92,1272.4,1279.88,960174,-0.231,1314.99,1309.11,1276.9,41.102,-4.1681,0.792,-4.9601,1364.69,1265.28,7.56,2019,6,2,2019-06,False
2019-06-27,ASIANPAINT,1280.96,1289.01,1278.19,1281.25,2113899,0.107,1315.48,1308.09,1276.79,41.63,-5.5427,-0.4749,-5.0678,1363.54,1267.42,7.307,2019,6,2,2019-06,False
2019-06-28,ASIANPAINT,1284.64,1291.13,1270.61,1278.19,1131371,-0.239,1315.05,1306.72,1276.75,40.748,-6.8006,-1.7401,-5.0605,1364.32,1265.78,7.493,2019,6,2,2019-06,False
2019-07-01,ASIANPAINT,1287.46,1293.58,1271.51,1274.14,739182,-0.317,1312.89,1305.4,1276.71,39.554,-8.0314,-2.9983,-5.0331,1365.42,1260.37,8.002,2019,7,3,2019-07,False
2019-07-02,ASIANPAINT,1276.16,1279.93,1261.77,1266.52,1171118,-0.598,1307.92,1303.42,1276.69,37.334,-9.5124,-4.3011,-5.2112,1358.07,1257.77,7.668,2019,7,3,2019-07,False
2019-07-03,ASIANPAINT,1276.21,1290.28,1270.05,1272.4,1378288,0.464,1305.01,1301.35,1276.92,40.126,-10.095,-5.4599,-4.6351,1356.35,1253.67,7.869,2019,7,3,2019-07,False
2019-07-04,ASIANPAINT,1276.16,1285.91,1271.6,1279.65,902077,0.57,1302.13,1299.92,1277.15,43.468,-9.8583,-6.3396,-3.5187,1352.31,1251.95,7.708,2019,7,3,2019-07,False
2019-07-05,ASIANPAINT,1283.6,1292.59,1271.88,1278.71,966162,-0.074,1299.68,1298.71,1277.41,43.131,-9.6357,-6.9988,-2.6369,1349.39,1249.97,7.65,2019,7,3,2019-07,False
2019-07-08,ASIANPAINT,1278.05,1278.42,1254.24,1261.34,866416,-1.358,1296.17,1296.79,1277.57,37.379,-10.7365,-7.7464,-2.9902,1346.3,1246.03,7.735,2019,7,3,2019-07,False
2019-07-09,ASIANPAINT,1265.72,1265.72,1215.23,1243.23,2037332,-1.436,1291.61,1294.54,1277.75,32.507,-12.9219,-8.7815,-4.1404,1343.65,1239.57,8.059,2019,7,3,2019-07,False
2019-07-10,ASIANPAINT,1240.21,1261.44,1234.8,1245.06,1115080,0.148,1287.15,1292.32,1277.92,33.453,-14.3404,-9.8933,-4.4471,1339.07,1235.22,8.069,2019,7,3,2019-07,False
2019-07-11,ASIANPAINT,1239.46,1258.28,1233.86,1254.0,757323,0.718,1282.58,1290.01,1278.16,38.012,-14.5751,-10.8296,-3.7455,1328.72,1236.45,7.194,2019,7,3,2019-07,False
2019-07-12,ASIANPAINT,1254.0,1288.92,1247.41,1281.76,1050985,2.214,1280.19,1288.75,1278.34,49.567,-12.3782,-11.1393,-1.2389,1320.68,1239.7,6.326,2019,7,3,2019-07,False
2019-07-15,ASIANPAINT,1282.61,1286.52,1267.74,1273.48,666533,-0.646,1277.89,1287.29,1278.6,46.767,-11.1766,-11.1468,-0.0298,1313.99,1241.8,5.65,2019,7,3,2019-07,False
2019-07-16,ASIANPAINT,1272.4,1294.05,1265.81,1291.51,782642,1.415,1277.53,1286.67,1279.02,52.991,-8.6701,-10.6515,1.9814,1312.88,1242.18,5.534,2019,7,3,2019-07,False
2019-07-17,ASIANPAINT,1295.93,1322.14,1294.52,1313.72,1599926,1.72,1278.22,1286.96,1279.56,59.306,-4.8357,-9.4883,4.6526,1315.88,1240.56,5.893,2019,7,3,2019-07,False
2019-07-18,ASIANPAINT,1312.87,1313.2,1296.12,1303.41,802222,-0.784,1277.89,1287.09,1279.98,55.575,-2.5985,-8.1104,5.5118,1314.46,1241.32,5.724,2019,7,3,2019-07,False
2019-07-19,ASIANPAINT,1308.26,1317.01,1284.64,1288.49,842552,-1.144,1277.24,1287.5,1280.49,50.613,-2.0061,-6.8895,4.8834,1312.47,1242.0,5.517,2019,7,3,2019-07,False
2019-07-22,ASIANPAINT,1287.27,1326.99,1279.04,1321.53,1279369,2.564,1278.56,1288.83,1281.07,59.284,1.1161,-5.2884,6.4044,1318.3,1238.81,6.217,2019,7,3,2019-07,False
2019-07-23,ASIANPAINT,1326.04,1358.94,1319.32,1345.2,2262423,1.791,1281.67,1290.79,1281.81,64.142,5.4376,-3.1432,8.5808,1331.37,1231.98,7.755,2019,7,3,2019-07,False
2019-07-24,ASIANPAINT,1346.28,1405.57,1313.01,1396.06,7400250,3.781,1287.48,1293.99,1282.78,71.901,12.8193,0.0493,12.77,1358.77,1216.19,11.074,2019,7,3,2019-07,False
2019-07-25,ASIANPAINT,1394.09,1415.31,1373.15,1407.78,4194809,0.839,1293.81,1297.7,1283.78,73.333,19.3913,3.9177,15.4736,1382.98,1204.64,13.785,2019,7,3,2019-07,False
2019-07-26,ASIANPAINT,1400.49,1440.67,1398.13,1436.58,2420636,2.046,1301.73,1302.01,1284.99,76.501,26.6166,8.4575,18.1591,1410.94,1192.51,16.78,2019,7,3,2019-07,False
2019-07-29,ASIANPAINT,1435.12,1447.68,1417.9,1424.16,1634196,-0.865,1309.23,1305.78,1286.26,72.499,30.9832,12.9626,18.0206,1430.42,1188.04,18.513,2019,7,3,2019-07,False
2019-07-30,ASIANPAINT,1422.13,1437.1,1414.23,1419.92,1436383,-0.297,1316.9,1308.45,1287.65,71.133,33.7134,17.1128,16.6006,1445.87,1187.93,19.587,2019,7,3,2019-07,False
2019-07-31,ASIANPAINT,1418.27,1435.22,1407.12,1431.54,1249734,0.819,1324.86,1311.67,1289.16,72.656,36.3954,20.9693,15.4261,1461.67,1188.04,20.653,2019,7,3,2019-07,False
2019-08-01,ASIANPAINT,1425.8,1441.29,1405.71,1416.11,2263295,-1.078,1331.68,1314.37,1290.41,67.559,36.8507,24.1456,12.7051,1472.55,1190.81,21.157,2019,8,3,2019-08,False
2019-08-02,ASIANPAINT,1420.16,1458.74,1415.92,1454.23,3044783,2.692,1340.46,1317.85,1292.07,72.66,39.8279,27.282,12.5459,1489.09,1191.83,22.176,2019,8,3,2019-08,False
2019-08-05,ASIANPAINT,1442.93,1459.68,1432.11,1435.59,1443728,-1.281,1349.17,1320.64,1293.53,67.105,40.2202,29.8697,10.3505,1498.7,1199.64,22.166,2019,8,3,2019-08,False
2019-08-06,ASIANPAINT,1439.92,1477.42,1434.32,1473.66,2056715,2.652,1360.69,1324.52,1295.2,71.841,43.106,32.5169,10.5891,1511.35,1210.02,22.145,2019,8,3,2019-08,False
2019-08-07,ASIANPAINT,1471.26,1482.27,1460.53,1467.4,1583322,-0.425,1371.81,1328.33,1296.65,70.055,44.3765,34.8889,9.4876,1519.33,1224.29,21.507,2019,8,3,2019-08,False
2019-08-08,ASIANPAINT,1473.57,1477.28,1449.61,1473.71,1579565,0.43,1382.79,1332.37,1298.18,70.842,45.3691,36.9849,8.3842,1526.03,1239.55,20.718,2019,8,3,2019-08,False
2019-08-09,ASIANPAINT,1476.81,1488.77,1469.1,1482.74,1154542,0.613,1392.84,1336.29,1299.68,71.977,46.3506,38.858,7.4925,1534.43,1251.25,20.331,2019,8,3,2019-08,False
2019-08-13,ASIANPAINT,1480.86,1500.15,1475.68,1480.72,1612748,-0.136,1403.2,1339.56,1301.2,71.307,46.4299,40.3724,6.0574,1538.19,1268.21,19.24,2019,8,3,2019-08,False
2019-08-14,ASIANPAINT,1481.8,1482.74,1461.1,1477.28,1113095,-0.232,1412.49,1341.79,1302.82,70.115,45.6889,41.4357,4.2532,1540.51,1284.48,18.126,2019,8,3,2019-08,False
2019-08-16,ASIANPAINT,1478.51,1506.6,1469.1,1503.4,1682359,1.768,1421.98,1345.24,1304.73,73.715,46.671,42.4827,4.1882,1547.25,1296.7,17.62,2019,8,3,2019-08,False
2019-08-19,ASIANPAINT,1504.86,1514.79,1489.05,1493.05,1322246,-0.689,1431.46,1348.36,1306.88,70.109,46.0827,43.2027,2.88,1547.3,1315.61,16.186,2019,8,3,2019-08,False
2019-08-20,ASIANPAINT,1491.68,1505.33,1489.52,1501.23,1024331,0.548,1442.09,1351.83,1308.85,71.305,45.7499,43.7122,2.0377,1540.41,1343.78,13.635,2019,8,3,2019-08,False
2019-08-21,ASIANPAINT,1491.92,1501.09,1485.61,1495.59,704009,-0.376,1450.8,1355.11,1310.72,69.248,44.5173,43.8732,0.6441,1533.8,1367.8,11.442,2019,8,3,2019-08,False
2019-08-22,ASIANPAINT,1491.87,1500.06,1474.08,1477.75,985590,-1.192,1457.43,1357.98,1312.55,63.061,41.6215,43.4229,-1.8013,1524.58,1390.27,9.215,2019,8,3,2019-08,False
2019-08-23,ASIANPAINT,1477.47,1490.13,1464.06,1487.35,984637,0.65,1461.99,1361.04,1314.39,64.88,39.6442,42.6671,-3.0229,1523.77,1400.21,8.452,2019,8,3,2019-08,False
2019-08-26,ASIANPAINT,1496.39,1505.8,1484.29,1503.49,1153556,1.085,1466.78,1364.2,1316.31,67.755,38.9309,41.9199,-2.989,1525.64,1407.91,8.026,2019,8,3,2019-08,False
2019-08-27,ASIANPAINT,1505.8,1512.81,1492.15,1505.28,1581449,0.119,1470.21,1367.72,1318.08,68.067,38.0709,41.1501,-3.0792,1529.67,1410.75,8.089,2019,8,3,2019-08,False
2019-08-28,ASIANPAINT,1505.05,1512.15,1496.95,1508.76,565676,0.231,1474.44,1371.5,1319.92,68.702,37.2411,40.3683,-3.1272,1532.12,1416.77,7.823,2019,8,3,2019-08,False
2019-08-29,ASIANPAINT,1508.48,1524.53,1495.45,1520.15,861692,0.755,1479.45,1375.93,1321.68,70.75,37.075,39.7096,-2.6346,1534.54,1424.36,7.447,2019,8,3,2019-08,False
2019-08-30,ASIANPAINT,1520.86,1526.97,1501.19,1521.05,1181516,0.059,1483.93,1380.35,1323.47,70.911,36.5936,39.0864,-2.4928,1537.14,1430.72,7.172,2019,8,3,2019-08,False
2019-09-03,ASIANPAINT,1513.33,1514.83,1480.91,1483.92,1289263,-2.441,1487.32,1383.83,1325.09,56.907,32.8378,37.8367,-4.9989,1529.92,1444.72,5.729,2019,9,3,2019-09,False
2019-09-04,ASIANPAINT,1486.04,1489.42,1437.85,1444.77,2381389,-2.638,1486.85,1386.69,1326.46,46.483,26.3978,35.5489,-9.1511,1531.17,1442.52,5.962,2019,9,3,2019-09,False
2019-09-05,ASIANPAINT,1446.51,1454.88,1426.04,1430.27,1506173,-1.003,1486.58,1389.4,1327.55,43.319,19.8952,32.4182,-12.5229,1532.24,1440.92,6.143,2019,9,3,2019-09,False
2019-09-06,ASIANPAINT,1434.27,1448.81,1430.27,1442.18,801338,0.832,1485.01,1392.58,1328.77,46.538,15.5236,29.0393,-13.5157,1534.55,1435.46,6.672,2019,9,3,2019-09,False
2019-09-09,ASIANPAINT,1440.44,1454.04,1434.46,1449.9,812836,0.535,1484.13,1395.98,1330.01,48.576,12.5372,25.7389,-13.2016,1535.56,1432.7,6.931,2019,9,3,2019-09,False
2019-09-11,ASIANPAINT,1454.04,1472.86,1451.83,1469.52,1541300,1.353,1483.92,1399.75,1331.18,53.438,11.6199,22.9151,-11.2951,1535.57,1432.27,6.961,2019,9,3,2019-09,False
2019-09-12,ASIANPAINT,1477.57,1477.57,1446.65,1449.61,753116,-1.355,1482.26,1403.18,1332.25,48.436,9.181,20.1683,-10.9873,1536.15,1428.38,7.27,2019,9,3,2019-09,False
2019-09-13,ASIANPAINT,1449.33,1461.71,1438.04,1457.05,547381,0.513,1481.08,1406.84,1333.35,50.307,7.7586,17.6863,-9.9277,1536.13,1426.03,7.434,2019,9,3,2019-09,False
2019-09-16,ASIANPAINT,1421.1,1437.05,1413.66,1431.73,1811073,-1.738,1478.8,1410.14,1334.37,44.399,4.5363,15.0563,-10.52,1538.12,1419.49,8.022,2019,9,3,2019-09,False
2019-09-17,ASIANPAINT,1437.47,1452.44,1429.19,1440.77,1353034,0.631,1475.67,1413.51,1335.46,46.8,2.6807,12.5812,-9.9005,1536.12,1415.22,8.193,2019,9,3,2019-09,False
2019-09-18,ASIANPAINT,1451.36,1469.05,1444.63,1456.63,1057300,1.101,1473.85,1417.05,1336.54,50.815,2.4613,10.5572,-8.0959,1534.29,1413.41,8.202,2019,9,3,2019-09,False
2019-09-19,ASIANPAINT,1462.41,1471.45,1454.04,1462.41,879908,0.397,1471.91,1420.72,1337.7,52.232,2.7231,8.9904,-6.2673,1531.13,1412.69,8.047,2019,9,3,2019-09,False
2019-09-20,ASIANPAINT,1467.21,1623.68,1451.31,1572.62,3962166,7.536,1475.76,1426.95,1339.25,69.972,11.6885,9.53,2.1585,1549.67,1401.86,10.016,2019,9,3,2019-09,False
2019-09-23,ASIANPAINT,1597.89,1712.85,1597.89,1696.61,4253004,7.885,1486.7,1436.01,1341.46,79.291,28.4707,13.3182,15.1526,1610.09,1363.31,16.599,2019,9,3,2019-09,False
2019-09-24,ASIANPAINT,1696.66,1696.8,1648.85,1661.93,2028042,-2.044,1495.43,1444.35,1343.58,72.512,38.5282,18.3602,20.168,1641.61,1349.25,19.55,2019,9,3,2019-09,False
2019-09-25,ASIANPAINT,1678.97,1678.97,1626.5,1648.66,1794074,-0.798,1502.69,1452.25,1345.5,70.045,44.9103,23.6702,21.2401,1664.17,1341.21,21.492,2019,9,3,2019-09,False
2019-09-26,ASIANPAINT,1658.07,1675.2,1648.76,1666.68,1674004,1.093,1510.76,1459.94,1347.53,71.465,50.8365,29.1035,21.733,1688.14,1333.39,23.482,2019,9,3,2019-09,False
2019-09-27,ASIANPAINT,1665.79,1676.52,1633.18,1671.72,1115289,0.302,1518.91,1467.91,1349.63,71.867,55.3018,34.3431,20.9587,1710.31,1327.5,25.203,2019,9,3,2019-09,False
2019-09-30,ASIANPAINT,1663.91,1665.79,1634.78,1658.4,1041807,-0.797,1525.82,1475.25,1351.7,69.099,57.1078,38.8961,18.2117,1727.15,1324.5,26.389,2019,9,3,2019-09,False
2019-10-01,ASIANPAINT,1664.8,1693.93,1653.56,1662.12,1317945,0.224,1532.88,1482.21,1353.78,69.452,58.1684,42.7505,15.4179,1743.18,1322.57,27.439,2019,10,4,2019-10,False
2019-10-03,ASIANPAINT,1661.08,1664.14,1630.22,1645.98,1010826,-0.971,1540.98,1489.07,1355.95,65.924,57.049,45.6102,11.4387,1755.78,1326.18,27.879,2019,10,4,2019-10,False
2019-10-04,ASIANPAINT,1650.64,1657.98,1616.01,1622.88,1231811,-1.404,1549.88,1495.75,1357.9,61.137,53.6787,47.2239,6.4548,1762.65,1337.12,27.456,2019,10,4,2019-10,False
2019-10-07,ASIANPAINT,1623.39,1640.33,1616.71,1623.58,562559,0.043,1559.55,1501.79,1360.05,61.229,50.4827,47.8757,2.6071,1766.93,1352.17,26.595,2019,10,4,2019-10,False
2019-10-09,ASIANPAINT,1624.1,1673.32,1624.1,1669.04,1777552,2.8,1570.89,1508.27,1362.2,66.729,51.0296,48.5064,2.5231,1776.05,1365.74,26.12,2019,10,4,2019-10,False
2019-10-10,ASIANPAINT,1661.08,1687.44,1653.09,1673.88,1599166,0.29,1582.09,1513.83,1364.34,67.263,51.2632,49.0578,2.2054,1783.86,1380.32,25.507,2019,10,4,2019-10,False
2019-10-11,ASIANPAINT,1682.35,1695.72,1660.19,1684.85,1442236,0.655,1592.86,1519.37,1366.59,68.493,51.7366,49.5936,2.1431,1792.31,1393.41,25.043,2019,10,4,2019-10,False
2019-10-14,ASIANPAINT,1684.61,1699.95,1679.63,1692.8,881724,0.472,1605.02,1524.49,1368.77,69.391,52.1523,50.1053,2.047,1797.21,1412.82,23.95,2019,10,4,2019-10,False
2019-10-15,ASIANPAINT,1701.27,1717.55,1690.26,1696.94,1204392,0.245,1617.01,1529.95,1371.01,69.873,52.214,50.5271,1.687,1800.05,1433.97,22.639,2019,10,4,2019-10,False
2019-10-16,ASIANPAINT,1702.02,1707.2,1653.13,1661.74,1403020,-2.074,1628.51,1534.79,1372.97,61.074,48.8595,50.1935,-1.334,1790.19,1466.83,19.856,2019,10,4,2019-10,False
2019-10-17,ASIANPAINT,1667.67,1709.69,1652.61,1705.6,1722055,2.639,1641.75,1540.27,1374.94,66.701,49.1731,49.9895,-0.8164,1780.44,1503.07,16.895,2019,10,4,2019-10,False
2019-10-18,ASIANPAINT,1708.14,1717.03,1681.51,1709.79,1682488,0.246,1654.41,1546.14,1376.82,67.189,49.1925,49.8301,-0.6376,1765.4,1543.43,13.417,2019,10,4,2019-10,False
2019-10-22,ASIANPAINT,1715.39,1717.55,1670.5,1675.39,2135313,-2.012,1665.06,1550.56,1378.7,59.482,45.903,49.0446,-3.1416,1729.65,1600.47,7.758,2019,10,4,2019-10,False
2019-10-23,ASIANPAINT,1658.64,1694.02,1658.26,1663.34,3369253,-0.719,1669.6,1555.12,1380.66,57.015,41.8417,47.6041,-5.7623,1717.42,1621.78,5.728,2019,10,4,2019-10,False
2019-10-24,ASIANPAINT,1673.32,1689.27,1649.84,1685.08,1497854,1.307,1669.02,1559.35,1382.71,60.221,39.9172,46.0667,-6.1495,1715.74,1622.31,5.598,2019,10,4,2019-10,False
2019-10-25,ASIANPAINT,1691.2,1701.93,1679.95,1690.54,1202154,0.324,1670.45,1563.81,1384.74,61.007,38.39,44.5314,-6.1414,1718.0,1622.91,5.693,2019,10,4,2019-10,False
2019-10-27,ASIANPAINT,1695.91,1701.13,1682.82,1687.06,124919,-0.206,1672.37,1568.08,1386.78,60.19,36.4781,42.9207,-6.4426,1719.31,1625.43,5.613,2019,10,4,2019-10,False
2019-10-29,ASIANPAINT,1686.59,1712.85,1668.19,1707.44,1050123,1.208,1674.41,1572.57,1388.89,63.289,36.1899,41.5746,-5.3846,1723.78,1625.04,5.897,2019,10,4,2019-10,False
2019-10-30,ASIANPAINT,1725.44,1725.44,1700.93,1717.24,1133258,0.574,1676.68,1577.3,1391.06,64.713,36.3339,40.5264,-4.1925,1729.61,1623.76,6.313,2019,10,4,2019-10,False
2019-10-31,ASIANPAINT,1721.96,1729.97,1700.46,1706.21,1297114,-0.642,1679.08,1581.88,1393.12,61.809,35.1527,39.4517,-4.299,1732.83,1625.32,6.403,2019,10,4,2019-10,False
2019-11-01,ASIANPAINT,1712.24,1716.96,1661.33,1665.43,1527660,-2.39,1679.24,1585.12,1394.94,52.439,30.5736,37.6761,-7.1025,1732.8,1625.68,6.379,2019,11,4,2019-11,False
2019-11-04,ASIANPAINT,1673.59,1687.73,1665.29,1683.86,821893,1.107,1681.14,1588.94,1396.88,55.708,28.108,35.7625,-7.6544,1732.37,1629.9,6.095,2019,11,4,2019-11,False
2019-11-05,ASIANPAINT,1678.3,1695.08,1666.61,1691.36,1251974,0.445,1684.56,1592.74,1398.8,57.002,26.4539,33.9008,-7.4468,1727.95,1641.17,5.152,2019,11,4,2019-11,False
2019-11-06,ASIANPAINT,1686.79,1711.3,1678.87,1694.9,1136777,0.209,1688.12,1596.73,1400.72,57.631,25.1386,32.1483,-7.0097,1720.82,1655.43,3.874,2019,11,4,2019-11,False
2019-11-07,ASIANPAINT,1706.59,1726.29,1695.46,1722.57,1380635,1.633,1690.8,1601.62,1402.77,62.28,26.0291,30.9245,-4.8954,1725.61,1655.99,4.118,2019,11,4,2019-11,False
2019-11-08,ASIANPAINT,1721.67,1722.43,1688.48,1692.3,1077136,-1.757,1691.72,1605.72,1404.69,55.152,24.0158,29.5427,-5.527,1725.61,1657.83,4.007,2019,11,4,2019-11,False
2019-11-11,ASIANPAINT,1687.68,1691.45,1666.99,1672.6,860384,-1.164,1691.11,1609.1,1406.49,51.054,20.5927,27.7527,-7.16,1725.95,1656.27,4.121,2019,11,4,2019-11,False
2019-11-13,ASIANPAINT,1672.41,1684.9,1656.33,1669.3,983760,-0.197,1689.93,1612.38,1408.33,50.379,17.4129,25.6848,-8.2718,1726.1,1653.77,4.28,2019,11,4,2019-11,False
2019-11-14,ASIANPAINT,1676.41,1697.16,1665.52,1670.62,1116800,0.079,1688.62,1615.62,1410.11,50.66,14.8285,23.5135,-8.685,1725.61,1651.62,4.382,2019,11,4,2019-11,False
2019-11-15,ASIANPAINT,1679.1,1682.07,1655.95,1660.1,729613,-0.629,1688.54,1618.42,1411.9,48.314,11.796,21.17,-9.374,1725.79,1651.28,4.413,2019,11,4,2019-11,False
2019-11-18,ASIANPAINT,1660.1,1664.58,1635.4,1639.64,1273055,-1.232,1685.24,1620.79,1413.6,44.038,7.6536,18.4667,-10.8132,1727.48,1643.0,5.013,2019,11,4,2019-11,False
2019-11-19,ASIANPAINT,1648.08,1648.13,1620.31,1623.0,1187377,-1.015,1680.9,1623.57,1415.16,40.87,2.9933,15.372,-12.3787,1729.82,1631.98,5.821,2019,11,4,2019-11,False
2019-11-20,ASIANPAINT,1631.06,1648.93,1617.44,1625.03,1374382,0.125,1678.38,1627.18,1416.63,41.423,-0.5303,12.1916,-12.7219,1733.31,1623.45,6.546,2019,11,4,2019-11,False
2019-11-21,ASIANPAINT,1629.18,1635.73,1613.24,1622.06,913095,-0.183,1676.32,1631.01,1418.15,40.821,-3.5218,9.0489,-12.5707,1736.48,1616.15,7.178,2019,11,4,2019-11,False
2019-11-22,ASIANPAINT,1612.3,1616.02,1580.24,1586.61,1275334,-2.186,1671.39,1633.9,1419.55,34.394,-8.6536,5.5084,-14.162,1743.47,1599.31,8.625,2019,11,4,2019-11,False
2019-11-25,ASIANPAINT,1587.79,1619.84,1570.96,1612.96,1320689,1.661,1667.51,1637.16,1421.05,41.737,-10.4733,2.3121,-12.7853,1743.5,1591.53,9.114,2019,11,4,2019-11,False
2019-11-26,ASIANPAINT,1619.84,1630.07,1591.18,1612.58,2714721,-0.023,1663.79,1640.03,1422.69,41.665,-11.8097,-0.5123,-11.2974,1742.98,1584.6,9.519,2019,11,4,2019-11,False
2019-11-27,ASIANPAINT,1616.07,1632.1,1607.21,1617.34,883771,0.295,1659.29,1643.38,1424.32,43.0,-12.3424,-2.8783,-9.4641,1738.27,1580.3,9.52,2019,11,4,2019-11,False
2019-11-28,ASIANPAINT,1620.08,1628.85,1604.52,1616.64,691147,-0.044,1654.26,1646.57,1425.89,42.843,-12.6754,-4.8377,-7.8377,1730.46,1578.05,9.213,2019,11,4,2019-11,False
2019-11-29,ASIANPAINT,1617.01,1622.11,1581.52,1608.67,1890290,-0.493,1649.38,1650.11,1427.42,41.028,-13.4275,-6.5557,-6.8718,1724.05,1574.7,9.055,2019,11,4,2019-11,False
2019-12-02,ASIANPAINT,1608.72,1642.94,1601.32,1638.94,1476972,1.881,1648.05,1654.07,1429.0,49.739,-11.4493,-7.5344,-3.9149,1722.47,1573.64,9.031,2019,12,4,2019-12,False
2019-12-03,ASIANPAINT,1640.59,1650.91,1626.44,1637.24,1374317,-0.104,1645.72,1657.69,1430.37,49.299,-9.9044,-8.0084,-1.896,1718.31,1573.13,8.822,2019,12,4,2019-12,False
2019-12-04,ASIANPAINT,1632.29,1635.31,1612.54,1622.01,853421,-0.93,1642.25,1660.88,1431.71,45.419,-9.7958,-8.3659,-1.4299,1712.25,1572.26,8.524,2019,12,4,2019-12,False
2019-12-05,ASIANPAINT,1619.28,1638.84,1609.47,1617.82,971984,-0.259,1638.4,1661.78,1433.01,44.383,-9.9338,-8.6795,-1.2543,1704.57,1572.23,8.077,2019,12,4,2019-12,False
2019-12-06,ASIANPAINT,1624.46,1647.75,1614.99,1618.57,1031777,0.047,1633.2,1660.22,1434.23,44.627,-9.8685,-8.9173,-0.9512,1686.64,1579.76,6.545,2019,12,4,2019-12,False
2019-12-09,ASIANPAINT,1626.44,1633.89,1613.24,1627.72,751290,0.565,1629.97,1659.54,1435.47,47.635,-8.9754,-8.9289,-0.0465,1675.61,1584.33,5.6,2019,12,4,2019-12,False
2019-12-10,ASIANPAINT,1627.39,1633.04,1611.36,1615.27,686580,-0.765,1627.11,1658.87,1436.77,44.123,-9.1661,-8.9763,-0.1898,1668.48,1585.73,5.085,2019,12,4,2019-12,False
2019-12-11,ASIANPAINT,1619.84,1642.09,1615.36,1638.89,827804,1.462,1625.59,1658.31,1438.24,51.44,-7.327,-8.6465,1.3195,1662.41,1588.76,4.531,2019,12,4,2019-12,False
2019-12-12,ASIANPAINT,1640.92,1653.79,1629.37,1650.63,802332,0.716,1624.59,1657.89,1439.69,54.621,-4.8662,-7.8904,3.0242,1657.1,1592.07,4.003,2019,12,4,2019-12,False
2019-12-13,ASIANPAINT,1650.96,1657.27,1636.39,1644.31,960033,-0.383,1623.8,1657.61,1441.37,52.623,-3.3867,-6.9897,3.603,1653.31,1594.28,3.635,2019,12,4,2019-12,False
2019-12-16,ASIANPAINT,1644.36,1651.9,1629.32,1632.52,707437,-0.717,1623.44,1657.02,1443.01,49.021,-3.1291,-6.2176,3.0884,1652.31,1594.57,3.557,2019,12,4,2019-12,False
2019-12-17,ASIANPAINT,1636.06,1649.02,1631.39,1645.68,873024,0.806,1624.57,1657.01,1444.78,52.896,-1.8424,-5.3425,3.5001,1655.11,1594.04,3.759,2019,12,4,2019-12,False
2019-12-18,ASIANPAINT,1649.31,1680.19,1634.6,1676.84,1476506,1.894,1627.16,1658.09,1446.71,60.548,1.6725,-3.9395,5.612,1665.62,1588.71,4.727,2019,12,4,2019-12,False
2019-12-19,ASIANPAINT,1677.17,1704.51,1674.15,1700.08,2554245,1.386,1631.07,1659.62,1448.67,65.101,6.2613,-1.8994,8.1607,1681.35,1580.78,6.166,2019,12,4,2019-12,False
2019-12-20,ASIANPAINT,1701.83,1705.64,1692.44,1696.45,1419128,-0.214,1636.56,1660.17,1450.61,63.861,9.4957,0.3796,9.116,1690.28,1582.84,6.565,2019,12,4,2019-12,False
2019-12-23,ASIANPAINT,1693.2,1710.92,1684.15,1704.28,659899,0.461,1641.12,1660.78,1452.59,65.392,12.5458,2.8129,9.7329,1701.51,1580.74,7.359,2019,12,4,2019-12,False
2019-12-24,ASIANPAINT,1708.47,1721.67,1696.26,1700.41,896574,-0.227,1645.51,1661.09,1454.55,63.951,14.4841,5.1471,9.337,1709.81,1581.22,7.814,2019,12,4,2019-12,False
2019-12-26,ASIANPAINT,1696.59,1715.73,1694.38,1706.21,1161570,0.341,1649.96,1661.36,1456.52,65.19,16.3002,7.3777,8.9225,1718.21,1581.7,8.274,2019,12,4,2019-12,False
2019-12-27,ASIANPAINT,1707.53,1721.67,1697.72,1708.71,930468,0.146,1654.56,1661.59,1458.49,65.736,17.7366,9.4495,8.2871,1725.71,1583.41,8.601,2019,12,4,2019-12,False
2019-12-30,ASIANPAINT,1706.59,1714.55,1695.93,1699.33,562492,-0.549,1659.09,1662.34,1460.4,61.813,17.9116,11.1419,6.7697,1729.48,1588.71,8.485,2019,12,4,2019-12,False
2019-12-31,ASIANPAINT,1701.87,1701.87,1679.34,1682.97,928396,-0.963,1661.3,1661.89,1462.3,55.584,16.5395,12.2214,4.3181,1731.78,1590.81,8.486,2019,12,4,2019-12,False
2020-01-01,ASIANPAINT,1687.92,1699.56,1681.32,1690.75,397285,0.462,1663.97,1661.51,1464.19,57.764,15.8966,12.9565,2.9401,1734.68,1593.27,8.498,2020,1,1,2020-01,False
2020-01-02,ASIANPAINT,1688.67,1697.06,1681.51,1688.34,411266,-0.142,1667.29,1661.77,1466.1,56.836,15.0199,13.3692,1.6507,1735.9,1598.68,8.23,2020,1,1,2020-01,False
2020-01-03,ASIANPAINT,1678.11,1678.11,1647.23,1651.33,1318628,-2.192,1668.96,1661.53,1467.83,44.88,11.2097,12.9373,-1.7275,1734.03,1603.9,7.797,2020,1,1,2020-01,False
2020-01-06,ASIANPAINT,1638.65,1638.7,1597.21,1609.61,1871804,-2.527,1668.52,1660.02,1469.41,35.75,4.7685,11.3035,-6.535,1735.15,1601.88,7.987,2020,1,1,2020-01,False
2020-01-07,ASIANPAINT,1613.24,1641.06,1613.24,1625.88,1033650,1.01,1668.42,1658.73,1470.89,40.805,0.9651,9.2358,-8.2707,1735.3,1601.55,8.016,2020,1,1,2020-01,False
2020-01-08,ASIANPAINT,1599.1,1636.81,1598.16,1630.03,1006057,0.255,1669.16,1657.59,1472.36,42.058,-1.6948,7.0497,-8.7445,1733.86,1604.47,7.752,2020,1,1,2020-01,False
2020-01-09,ASIANPAINT,1662.27,1673.59,1641.53,1671.28,1781733,2.531,1670.78,1656.86,1474.03,52.76,-0.4688,5.546,-6.0148,1733.89,1607.68,7.554,2020,1,1,2020-01,False
2020-01-10,ASIANPAINT,1670.76,1694.61,1659.44,1690.13,1256612,1.128,1672.76,1656.32,1475.77,56.698,2.0013,4.8371,-2.8358,1735.68,1609.83,7.523,2020,1,1,2020-01,False
2020-01-13,ASIANPAINT,1696.22,1704.65,1691.83,1701.78,823821,0.689,1675.63,1656.23,1477.57,58.972,4.8427,4.8382,0.0045,1738.33,1612.93,7.484,2020,1,1,2020-01,False
2020-01-14,ASIANPAINT,1701.87,1717.57,1701.68,1715.21,775629,0.79,1679.76,1657.23,1479.38,61.485,8.0855,5.4877,2.5978,1741.39,1618.14,7.338,2020,1,1,2020-01,False
2020-01-15,ASIANPAINT,1713.66,1739.59,1706.68,1736.99,1252925,1.27,1684.33,1658.29,1481.26,65.206,12.2714,6.8444,5.427,1748.79,1619.87,7.654,2020,1,1,2020-01,False
2020-01-16,ASIANPAINT,1731.05,1742.42,1724.27,1730.3,1031569,-0.385,1687.0,1659.07,1483.1,63.186,14.8772,8.451,6.4262,1754.52,1619.49,8.004,2020,1,1,2020-01,False
2020-01-17,ASIANPAINT,1730.72,1733.84,1711.3,1725.49,862204,-0.278,1688.27,1659.68,1484.84,61.707,16.3655,10.0339,6.3317,1757.75,1618.8,8.231,2020,1,1,2020-01,False
2020-01-20,ASIANPAINT,1732.99,1755.85,1728.84,1743.12,1091453,1.022,1690.61,1660.09,1486.73,64.947,18.7517,11.7774,6.9742,1764.25,1616.96,8.712,2020,1,1,2020-01,False
2020-01-21,ASIANPAINT,1734.83,1737.28,1691.36,1707.29,2101561,-2.055,1690.76,1660.39,1488.32,54.799,17.5493,12.9318,4.6175,1764.53,1616.98,8.727,2020,1,1,2020-01,False
2020-01-22,ASIANPAINT,1711.3,1714.79,1665.9,1677.59,3415306,-1.74,1689.62,1660.49,1489.82,48.091,14.038,13.153,0.8849,1763.47,1615.76,8.742,2020,1,1,2020-01,False
2020-01-23,ASIANPAINT,1677.36,1686.79,1656.71,1674.62,1885275,-0.177,1688.04,1660.6,1491.18,47.465,10.8901,12.7004,-1.8104,1761.75,1614.33,8.733,2020,1,1,2020-01,False
2020-01-24,ASIANPAINT,1681.74,1697.06,1678.54,1684.71,1195596,0.602,1686.84,1660.88,1492.62,49.852,9.1045,11.9813,-2.8768,1759.91,1613.77,8.664,2020,1,1,2020-01,False
2020-01-27,ASIANPAINT,1684.9,1702.58,1678.3,1686.17,969054,0.087,1686.18,1661.4,1493.94,50.205,7.7183,11.1287,-3.4104,1759.02,1613.35,8.639,2020,1,1,2020-01,False
2020-01-28,ASIANPAINT,1691.5,1691.5,1671.7,1677.45,873291,-0.517,1685.91,1662.16,1495.32,48.033,5.8486,10.0727,-4.2241,1758.83,1612.98,8.651,2020,1,1,2020-01,False
2020-01-29,ASIANPAINT,1684.9,1700.79,1679.24,1694.28,873805,1.003,1686.08,1663.58,1496.68,52.32,5.6596,9.1901,-3.5304,1759.08,1613.09,8.658,2020,1,1,2020-01,False
2020-01-30,ASIANPAINT,1697.16,1705.55,1683.96,1701.87,1005975,0.448,1686.76,1665.12,1498.1,54.158,6.0526,8.5626,-2.51,1760.09,1613.43,8.695,2020,1,1,2020-01,False
2020-01-31,ASIANPAINT,1706.59,1719.79,1686.5,1693.06,1169614,-0.518,1688.84,1666.54,1499.56,51.667,5.5882,7.9677,-2.3795,1760.28,1617.41,8.46,2020,1,1,2020-01,False
2020-02-03,ASIANPAINT,1667.74,1765.89,1664.16,1760.94,2854532,4.01,1696.41,1670.03,1501.6,65.009,10.5761,8.4894,2.0868,1764.49,1628.33,8.027,2020,2,1,2020-02,False
2020-02-04,ASIANPAINT,1763.16,1788.38,1749.06,1783.24,1830049,1.266,1704.28,1673.43,1503.92,68.122,16.1424,10.02,6.1224,1774.38,1634.18,8.227,2020,2,1,2020-02,False
2020-02-05,ASIANPAINT,1781.07,1782.02,1759.53,1766.46,1344016,-0.941,1711.1,1676.51,1506.09,63.54,18.9806,11.8121,7.1685,1777.22,1644.98,7.728,2020,2,1,2020-02,False
2020-02-06,ASIANPAINT,1770.7,1774.85,1739.59,1750.71,995386,-0.891,1715.07,1679.18,1508.11,59.497,19.7319,13.3961,6.3358,1780.66,1649.49,7.648,2020,2,1,2020-02,False
2020-02-07,ASIANPAINT,1750.71,1769.29,1744.87,1752.5,632858,0.102,1718.19,1681.89,1510.18,59.811,20.2385,14.7646,5.474,1784.71,1651.67,7.743,2020,2,1,2020-02,False
2020-02-10,ASIANPAINT,1760.33,1765.75,1732.23,1762.69,747711,0.581,1721.24,1684.97,1512.16,61.628,21.2172,16.0551,5.1621,1790.13,1652.35,8.005,2020,2,1,2020-02,False
2020-02-11,ASIANPAINT,1772.59,1786.26,1765.75,1770.8,1093021,0.46,1724.02,1687.61,1514.14,63.06,22.3889,17.3218,5.0671,1796.28,1651.75,8.384,2020,2,1,2020-02,False
2020-02-12,ASIANPAINT,1772.59,1807.19,1770.89,1785.5,1616826,0.831,1726.44,1690.58,1516.31,65.57,24.2252,18.7025,5.5227,1803.63,1649.25,8.942,2020,2,1,2020-02,False
2020-02-13,ASIANPAINT,1781.07,1793.28,1761.32,1766.98,638878,-1.038,1728.27,1693.48,1518.45,60.036,23.9099,19.744,4.1659,1807.57,1648.98,9.176,2020,2,1,2020-02,False
2020-02-14,ASIANPAINT,1769.29,1791.11,1763.16,1769.81,771464,0.16,1730.49,1696.52,1520.51,60.583,23.616,20.5184,3.0976,1811.9,1649.08,9.409,2020,2,1,2020-02,False
2020-02-17,ASIANPAINT,1772.49,1785.32,1763.72,1773.91,676579,0.232,1732.03,1699.62,1522.6,61.408,23.4437,21.1035,2.3403,1815.58,1648.48,9.648,2020,2,1,2020-02,False
2020-02-18,ASIANPAINT,1772.49,1772.49,1754.67,1757.17,683421,-0.943,1734.52,1702.21,1524.61,56.236,21.7066,21.2241,0.4825,1817.95,1651.1,9.619,2020,2,1,2020-02,False
2020-02-19,ASIANPAINT,1763.25,1784.61,1745.57,1777.21,723351,1.14,1739.5,1705.45,1526.64,60.523,21.6965,21.3186,0.378,1820.47,1658.53,9.31,2020,2,1,2020-02,False
2020-02-20,ASIANPAINT,1775.42,1778.24,1733.98,1736.99,1401879,-2.263,1742.62,1707.41,1528.6,49.949,18.2335,20.7016,-2.4681,1817.66,1667.59,8.612,2020,2,1,2020-02,False
2020-02-24,ASIANPAINT,1739.82,1747.13,1710.36,1715.03,1310832,-1.265,1744.14,1708.7,1530.45,45.293,13.56,19.2732,-5.7132,1815.38,1672.9,8.169,2020,2,1,2020-02,False
2020-02-25,ASIANPAINT,1733.36,1738.22,1716.2,1721.77,897257,0.393,1745.92,1710.25,1532.44,46.928,10.2817,17.4749,-7.1933,1812.7,1679.14,7.65,2020,2,1,2020-02,False
2020-02-26,ASIANPAINT,1721.67,1739.59,1716.02,1722.29,1909619,0.03,1748.16,1712.05,1534.56,47.059,7.6374,15.5074,-7.87,1807.9,1688.42,6.835,2020,2,1,2020-02,False
2020-02-27,ASIANPAINT,1725.3,1746.19,1707.01,1738.46,1643273,0.939,1750.37,1713.9,1536.77,51.113,6.7686,13.7596,-6.9911,1804.75,1695.99,6.214,2020,2,1,2020-02,False
2020-02-28,ASIANPAINT,1716.02,1736.85,1681.27,1695.23,2964119,-2.487,1750.04,1714.27,1538.9,41.88,2.5621,11.5201,-8.958,1805.73,1694.34,6.365,2020,2,1,2020-02,False
2020-03-02,ASIANPAINT,1711.4,1732.47,1668.17,1684.71,1219296,-0.62,1749.62,1713.96,1541.05,39.988,-1.6013,8.8959,-10.4972,1807.2,1692.03,6.583,2020,3,1,2020-03,False
2020-03-03,ASIANPAINT,1685.09,1721.02,1672.74,1704.5,1392463,1.174,1746.8,1714.12,1543.34,45.021,-3.2668,6.4633,-9.7301,1807.49,1686.1,6.949,2020,3,1,2020-03,False
2020-03-04,ASIANPAINT,1707.81,1758.36,1707.81,1749.37,3050469,2.633,1745.1,1715.02,1545.9,54.369,-0.9549,4.9797,-5.9346,1803.36,1686.85,6.676,2020,3,1,2020-03,False
2020-03-05,ASIANPAINT,1755.1,1781.6,1753.3,1774.45,2062439,1.434,1745.5,1716.5,1548.66,58.606,2.8685,4.5574,-1.689,1804.48,1686.52,6.758,2020,3,1,2020-03,False
2020-03-06,ASIANPAINT,1741.84,1783.87,1737.11,1777.3,1393659,0.16,1746.83,1717.93,1551.45,59.069,6.0578,4.8575,1.2003,1807.48,1686.19,6.944,2020,3,1,2020-03,False
2020-03-09,ASIANPAINT,1787.28,1813.69,1749.42,1767.54,3420741,-0.549,1747.58,1719.1,1554.11,56.722,7.7098,5.428,2.2818,1808.9,1686.27,7.017,2020,3,1,2020-03,False
2020-03-11,ASIANPAINT,1774.93,1803.38,1752.73,1782.41,3194186,0.841,1748.57,1720.76,1556.59,59.372,10.1018,6.3627,3.7391,1811.52,1685.62,7.2,2020,3,1,2020-03,False
2020-03-12,ASIANPAINT,1765.46,1774.79,1718.18,1745.01,6254349,-2.098,1747.28,1722.01,1558.96,50.922,8.8778,6.8658,2.0121,1809.36,1685.2,7.106,2020,3,1,2020-03,False
2020-03-13,ASIANPAINT,1689.78,1745.39,1580.77,1701.8,3878300,-2.476,1743.1,1722.23,1561.06,43.259,4.3704,6.3667,-1.9963,1805.61,1680.58,7.173,2020,3,1,2020-03,False
2020-03-16,ASIANPAINT,1682.2,1682.2,1588.63,1593.6,2867336,-6.358,1734.43,1720.33,1562.63,30.773,-7.8424,3.5249,-11.3673,1824.85,1644.0,10.427,2020,3,1,2020-03,False
2020-03-17,ASIANPAINT,1608.36,1684.85,1580.91,1639.23,2643189,2.863,1727.9,1720.09,1564.34,38.796,-13.6816,0.0836,-13.7651,1826.09,1629.7,11.366,2020,3,1,2020-03,False
2020-03-18,ASIANPAINT,1639.6,1664.74,1522.22,1531.88,3676437,-6.549,1715.8,1718.53,1565.61,29.99,-26.6641,-5.266,-21.3981,1844.91,1586.69,15.049,2020,3,1,2020-03,False
2020-03-19,ASIANPAINT,1457.85,1565.72,1354.85,1515.78,4906644,-1.051,1703.73,1716.33,1566.8,28.93,-37.8155,-11.7759,-26.0396,1859.03,1548.43,18.23,2020,3,1,2020-03,False
2020-03-20,ASIANPAINT,1524.11,1663.65,1486.77,1649.97,3128629,8.853,1697.36,1716.73,1568.69,46.054,-35.4169,-16.5041,-18.9128,1850.4,1544.33,18.032,2020,3,1,2020-03,False
2020-03-23,ASIANPAINT,1494.39,1561.98,1411.22,1418.51,2155326,-14.028,1681.44,1711.68,1569.35,31.815,-51.5979,-23.5228,-28.075,1877.38,1485.51,23.306,2020,3,1,2020-03,False
2020-03-24,ASIANPAINT,1473.51,1512.75,1375.72,1443.5,3910566,1.762,1667.86,1706.74,1569.98,34.181,-61.6936,-31.157,-30.5366,1889.89,1445.84,26.624,2020,3,1,2020-03,False
2020-03-25,ASIANPAINT,1369.38,1519.71,1368.86,1508.16,2196415,4.479,1657.18,1702.87,1570.69,39.984,-63.7426,-37.6741,-26.0685,1888.64,1425.72,27.934,2020,3,1,2020-03,False
2020-03-26,ASIANPAINT,1519.38,1561.98,1490.03,1530.69,2622118,1.494,1647.6,1699.18,1571.69,41.906,-62.8242,-42.7041,-20.1201,1883.54,1411.67,28.639,2020,3,1,2020-03,False
2020-03-27,ASIANPAINT,1575.99,1576.41,1467.5,1518.57,2102479,-0.792,1636.61,1694.81,1572.6,41.143,-62.3553,-46.6343,-15.7209,1875.19,1398.03,29.156,2020,3,1,2020-03,False
2020-03-30,ASIANPAINT,1506.27,1533.11,1475.88,1509.87,1844011,-0.574,1627.34,1690.4,1573.51,40.571,-61.9721,-49.7019,-12.2702,1870.69,1383.99,29.908,2020,3,1,2020-03,False
2020-03-31,ASIANPAINT,1538.31,1599.84,1516.35,1577.6,2789174,4.486,1621.99,1687.45,1574.74,46.768,-55.5624,-50.874,-4.6884,1864.73,1379.24,29.932,2020,3,1,2020-03,False
2020-04-01,ASIANPAINT,1562.03,1566.71,1499.74,1517.68,1559455,-3.798,1612.65,1682.94,1575.66,42.542,-54.6875,-51.6367,-3.0508,1856.4,1368.89,30.23,2020,4,2,2020-04,False
2020-04-03,ASIANPAINT,1528.94,1529.79,1436.31,1439.77,2925847,-5.133,1597.17,1677.59,1576.18,37.763,-59.5939,-53.2281,-6.3658,1843.67,1350.66,30.868,2020,4,2,2020-04,False
2020-04-07,ASIANPAINT,1457.85,1547.78,1455.95,1537.18,2733586,6.766,1585.3,1674.78,1577.14,45.939,-54.9882,-53.5802,-1.408,1818.35,1352.25,29.401,2020,4,2,2020-04,False
2020-04-08,ASIANPAINT,1537.18,1597.76,1514.65,1523.12,2382213,-0.915,1572.59,1671.75,1578.11,45.02,-51.8744,-53.239,1.3646,1788.66,1356.52,27.479,2020,4,2,2020-04,False
2020-04-09,ASIANPAINT,1552.51,1589.34,1532.58,1563.26,1489539,2.635,1562.38,1669.32,1579.33,48.207,-45.6419,-51.7196,6.0777,1757.99,1366.77,25.04,2020,4,2,2020-04,False
2020-04-13,ASIANPAINT,1558.19,1612.77,1517.34,1591.18,2586159,1.786,1552.82,1667.42,1580.79,50.362,-38.0109,-48.9779,10.9669,1719.73,1385.9,21.498,2020,4,2,2020-04,False
2020-04-15,ASIANPAINT,1612.77,1644.1,1593.98,1626.54,2508270,2.222,1546.89,1666.4,1582.43,53.028,-28.7785,-44.938,16.1594,1692.08,1401.7,18.772,2020,4,2,2020-04,False
2020-04-16,ASIANPAINT,1600.79,1658.82,1594.87,1650.11,1821296,1.449,1544.31,1665.52,1584.13,54.772,-19.3369,-39.8178,20.4809,1679.38,1409.24,17.492,2020,4,2,2020-04,False
2020-04-17,ASIANPAINT,1668.95,1688.55,1634.97,1662.56,1398686,0.754,1547.76,1664.73,1585.93,55.707,-10.7261,-33.9994,23.2733,1691.37,1404.14,18.558,2020,4,2,2020-04,False
2020-04-20,ASIANPAINT,1664.45,1664.83,1614.66,1638.14,1431055,-1.469,1547.7,1663.63,1587.65,53.375,-5.8059,-28.3607,22.5548,1691.18,1404.23,18.54,2020,4,2,2020-04,False
2020-04-21,ASIANPAINT,1618.78,1660.38,1609.31,1633.92,1594930,-0.257,1552.81,1661.09,1589.4,52.963,-2.221,-23.1328,20.9118,1701.09,1404.53,19.098,2020,4,2,2020-04,False
2020-04-22,ASIANPAINT,1625.5,1724.8,1620.91,1716.28,3727805,5.041,1562.83,1659.75,1591.58,59.536,7.183,-17.0696,24.2527,1726.85,1398.81,20.99,2020,4,2,2020-04,False
2020-04-23,ASIANPAINT,1710.6,1746.95,1704.97,1724.47,2573552,0.477,1566.56,1658.91,1593.8,60.133,15.1222,-10.6313,25.7534,1741.9,1391.21,22.386,2020,4,2,2020-04,False
2020-04-24,ASIANPAINT,1718.22,1744.49,1717.23,1730.06,2744768,0.324,1582.13,1658.5,1596.06,60.56,21.6155,-4.1819,25.7974,1757.45,1406.81,22.163,2020,4,2,2020-04,False
2020-04-27,ASIANPAINT,1741.84,1760.59,1721.11,1752.59,1770889,1.302,1597.59,1658.5,1598.45,62.314,28.2539,2.3053,25.9486,1775.92,1419.25,22.325,2020,4,2,2020-04,False
2020-04-28,ASIANPAINT,1748.66,1764.56,1709.94,1727.07,1934910,-1.456,1608.53,1657.79,1600.75,59.109,31.0977,8.0637,23.034,1790.59,1426.48,22.636,2020,4,2,2020-04,False
2020-04-29,ASIANPAINT,1748.37,1748.47,1662.23,1673.21,2931120,-3.119,1615.66,1655.84,1602.76,52.919,28.6745,12.1859,16.4886,1796.04,1435.28,22.329,2020,4,2,2020-04,False
2020-04-30,ASIANPAINT,1699.24,1701.14,1648.12,1664.88,2926333,-0.498,1622.97,1653.43,1604.68,52.012,25.7847,14.9057,10.879,1798.58,1447.37,21.64,2020,4,2,2020-04,False
2020-05-04,ASIANPAINT,1626.35,1657.59,1582.33,1587.35,2942397,-4.657,1626.85,1649.83,1606.23,44.387,17.0419,15.3329,1.709,1795.21,1458.48,20.698,2020,5,2,2020-05,False
2020-05-05,ASIANPAINT,1591.32,1602.59,1494.06,1532.77,5867890,-3.438,1624.61,1645.09,1607.58,39.947,5.6444,13.3952,-7.7508,1796.88,1452.33,21.208,2020,5,2,2020-05,False
2020-05-06,ASIANPAINT,1528.85,1551.28,1492.87,1524.73,3937921,-0.525,1624.96,1640.11,1608.99,39.322,-3.9915,9.9179,-13.9093,1796.34,1453.58,21.093,2020,5,2,2020-05,False
2020-05-07,ASIANPAINT,1524.06,1541.81,1462.77,1509.25,5256213,-1.015,1628.43,1635.15,1610.31,38.089,-12.7301,5.3883,-18.1184,1786.29,1470.58,19.387,2020,5,2,2020-05,False
2020-05-08,ASIANPAINT,1525.82,1550.62,1486.25,1494.2,5644426,-0.997,1626.28,1629.49,1611.51,36.877,-20.6323,0.1842,-20.8165,1790.42,1462.15,20.185,2020,5,2,2020-05,False
2020-05-11,ASIANPAINT,1498.55,1513.7,1472.05,1485.87,3767646,-0.558,1624.42,1624.47,1612.53,36.191,-27.2529,-5.3033,-21.9496,1794.23,1454.61,20.907,2020,5,2,2020-05,False
2020-05-12,ASIANPAINT,1456.9,1461.4,1431.34,1442.08,4504073,-2.947,1618.36,1619.01,1613.38,32.743,-35.622,-11.367,-24.255,1805.16,1431.57,23.084,2020,5,2,2020-05,False
2020-05-13,ASIANPAINT,1495.52,1495.52,1451.55,1479.9,2940514,2.623,1612.8,1614.17,1614.32,38.219,-38.7562,-16.8449,-21.9114,1809.38,1416.22,24.377,2020,5,2,2020-05,False
2020-05-14,ASIANPAINT,1470.44,1474.51,1436.07,1441.19,2592264,-2.616,1603.53,1608.55,1614.96,35.071,-43.8587,-22.2476,-21.6111,1814.34,1392.72,26.293,2020,5,2,2020-05,False
2020-05-15,ASIANPAINT,1447.43,1476.78,1429.45,1470.11,2860493,2.007,1594.53,1603.18,1615.79,39.105,-45.0496,-26.808,-18.2416,1812.23,1376.84,27.305,2020,5,2,2020-05,False
2020-05-18,ASIANPAINT,1474.89,1475.41,1418.18,1421.02,2871905,-3.339,1582.45,1597.7,1616.45,35.117,-49.3848,-31.3234,-18.0614,1810.8,1354.11,28.859,2020,5,2,2020-05,False
2020-05-19,ASIANPAINT,1429.45,1436.03,1403.84,1423.72,3164137,0.19,1571.73,1592.48,1616.96,35.506,-52.0032,-35.4593,-16.5439,1809.03,1334.44,30.195,2020,5,2,2020-05,False
2020-05-20,ASIANPAINT,1423.72,1433.23,1413.02,1420.03,2057402,-0.259,1561.04,1586.79,1617.34,35.195,-53.7566,-39.1188,-14.6378,1805.7,1316.38,31.346,2020,5,2,2020-05,False
2020-05-21,ASIANPAINT,1422.82,1499.03,1420.93,1490.32,3845743,4.95,1549.74,1581.61,1617.81,45.068,-48.9106,-41.0772,-7.8335,1784.9,1314.58,30.348,2020,5,2,2020-05,False
2020-05-22,ASIANPAINT,1485.11,1538.31,1472.43,1531.59,5203736,2.769,1540.1,1576.75,1618.43,49.895,-41.264,-41.1145,-0.1495,1760.44,1319.76,28.614,2020,5,2,2020-05,False
2020-05-26,ASIANPAINT,1538.31,1568.56,1533.58,1542.9,3552636,0.739,1530.74,1572.06,1618.96,51.162,-33.9004,-39.6717,5.7713,1732.2,1329.28,26.322,2020,5,2,2020-05,False
2020-05-27,ASIANPAINT,1543.99,1549.53,1510.81,1533.06,2260057,-0.638,1519.76,1567.37,1619.5,49.978,-28.5303,-37.4434,8.9132,1692.15,1347.37,22.686,2020,5,2,2020-05,False
2020-05-28,ASIANPAINT,1535.47,1568.56,1529.08,1555.92,3138915,1.491,1511.2,1562.84,1620.18,52.715,-22.174,-34.3895,12.2155,1654.86,1367.55,19.012,2020,5,2,2020-05,False
2020-05-29,ASIANPAINT,1551.57,1608.36,1545.98,1593.31,3532977,2.403,1507.21,1559.81,1620.99,56.872,-13.9585,-30.3033,16.3449,1635.52,1378.9,17.026,2020,5,2,2020-05,False
2020-06-01,ASIANPAINT,1615.46,1620.58,1591.8,1602.92,2529255,0.603,1504.11,1557.83,1621.93,57.896,-6.5962,-25.5619,18.9657,1618.65,1389.58,15.23,2020,6,2,2020-06,False
2020-06-02,ASIANPAINT,1602.92,1640.55,1590.38,1618.11,2440552,0.948,1505.65,1558.32,1622.75,59.532,0.4591,-20.3577,20.8168,1625.59,1385.71,15.932,2020,6,2,2020-06,False
2020-06-03,ASIANPAINT,1632.03,1650.96,1614.85,1624.98,3088817,0.424,1510.26,1558.04,1623.69,60.283,6.5291,-14.9803,21.5095,1641.18,1379.34,17.337,2020,6,2,2020-06,False
2020-06-04,ASIANPAINT,1624.88,1627.87,1540.21,1546.6,4388930,-4.824,1511.35,1558.33,1624.06,49.081,4.9576,-10.9927,15.9504,1643.14,1379.57,17.44,2020,6,2,2020-06,False
2020-06-05,ASIANPAINT,1561.98,1570.83,1534.53,1551.14,2884206,0.294,1513.45,1559.04,1624.48,49.665,4.0324,-7.9877,12.0201,1646.42,1380.48,17.572,2020,6,2,2020-06,False
2020-06-08,ASIANPAINT,1568.6,1577.12,1542.1,1547.07,2046505,-0.262,1516.09,1556.98,1624.84,49.121,2.9368,-5.8028,8.7396,1649.55,1382.63,17.606,2020,6,2,2020-06,False
2020-06-09,ASIANPAINT,1552.51,1604.58,1549.44,1554.45,3671930,0.477,1519.52,1559.7,1625.2,50.186,2.634,-4.1155,6.7494,1653.24,1385.8,17.6,2020,6,2,2020-06,False
2020-06-10,ASIANPAINT,1560.09,1585.74,1541.06,1548.68,2069280,-0.371,1524.85,1561.8,1625.54,49.317,1.9061,-2.9111,4.8172,1653.99,1395.71,16.938,2020,6,2,2020-06,False
2020-06-11,ASIANPAINT,1548.68,1558.19,1521.27,1524.68,1888420,-1.55,1527.09,1562.13,1625.78,45.769,-0.6003,-2.449,1.8487,1654.49,1399.69,16.685,2020,6,2,2020-06,False
2020-06-12,ASIANPAINT,1495.71,1555.3,1493.35,1550.0,2391556,1.661,1532.53,1562.52,1626.01,49.867,-0.537,-2.0666,1.5295,1653.62,1411.44,15.803,2020,6,2,2020-06,False
2020-06-15,ASIANPAINT,1542.1,1562.59,1516.63,1531.88,1681166,-1.17,1535.62,1562.79,1626.21,47.122,-1.9275,-2.0388,0.1113,1653.1,1418.13,15.301,2020,6,2,2020-06,False
2020-06-16,ASIANPAINT,1551.57,1552.75,1521.89,1535.19,1497691,0.216,1541.33,1563.29,1626.38,47.689,-2.7307,-2.1771,-0.5535,1645.73,1436.92,13.548,2020,6,2,2020-06,False
2020-06-17,ASIANPAINT,1521.79,1536.09,1505.56,1510.29,1812788,-1.622,1545.66,1561.95,1626.45,43.882,-5.3149,-2.8047,-2.5102,1635.73,1455.59,11.655,2020,6,2,2020-06,False
2020-06-18,ASIANPAINT,1510.29,1526.19,1502.62,1512.56,1417273,0.15,1550.28,1561.84,1626.62,44.318,-7.0977,-3.6633,-3.4344,1620.5,1480.06,9.059,2020,6,2,2020-06,False
2020-06-19,ASIANPAINT,1512.56,1543.05,1506.17,1535.95,2714342,1.546,1552.56,1563.77,1626.87,48.741,-6.5484,-4.2403,-2.3081,1617.33,1487.8,8.343,2020,6,2,2020-06,False
2020-06-22,ASIANPAINT,1545.89,1584.22,1537.37,1564.01,2034739,1.827,1554.19,1564.3,1627.17,53.514,-3.8043,-4.1531,0.3488,1618.36,1490.01,8.259,2020,6,2,2020-06,False
2020-06-23,ASIANPAINT,1571.3,1598.9,1553.46,1594.07,2334863,1.922,1556.74,1565.72,1627.61,58.022,0.7866,-3.1652,3.9518,1623.07,1490.42,8.521,2020,6,2,2020-06,False
2020-06-24,ASIANPAINT,1594.16,1716.99,1594.16,1654.04,11545923,3.762,1562.79,1567.54,1628.34,65.26,9.1585,-0.7004,9.8589,1641.02,1484.56,10.012,2020,6,2,2020-06,False
2020-06-25,ASIANPAINT,1647.18,1653.8,1593.36,1598.9,4054785,-3.334,1564.94,1567.69,1628.73,55.742,11.2144,1.6825,9.5319,1644.72,1485.16,10.196,2020,6,2,2020-06,False
2020-06-26,ASIANPAINT,1618.78,1619.11,1581.57,1596.77,2129986,-0.133,1565.11,1567.1,1629.11,55.406,12.5275,3.8515,8.676,1645.17,1485.06,10.23,2020,6,2,2020-06,False
2020-06-29,ASIANPAINT,1597.0,1617.31,1584.75,1601.69,2753482,0.308,1565.05,1566.13,1629.7,56.065,13.8062,5.8425,7.9637,1644.99,1485.12,10.215,2020,6,2,2020-06,False
2020-06-30,ASIANPAINT,1617.74,1626.35,1591.94,1597.43,1960731,-0.266,1564.02,1564.83,1630.46,55.303,14.3108,7.5361,6.7747,1641.56,1486.47,9.916,2020,6,2,2020-06,False
2020-07-01,ASIANPAINT,1607.42,1607.42,1590.43,1597.95,1661296,0.033,1562.67,1564.02,1631.3,55.383,14.5847,8.9458,5.6388,1636.6,1488.74,9.462,2020,7,3,2020-07,False
2020-07-02,ASIANPAINT,1609.31,1613.1,1571.54,1596.48,2038399,-0.092,1565.16,1563.27,1632.07,55.085,14.516,10.0599,4.4561,1640.17,1490.16,9.584,2020,7,3,2020-07,False
2020-07-03,ASIANPAINT,1604.96,1628.24,1599.84,1605.19,1988941,0.546,1567.86,1561.05,1632.85,56.581,14.9915,11.0462,3.9453,1644.62,1491.11,9.791,2020,7,3,2020-07,False
2020-07-06,ASIANPAINT,1617.78,1620.67,1601.88,1617.69,1236670,0.778,1571.4,1558.92,1633.59,58.706,16.19,12.0749,4.115,1650.58,1492.21,10.078,2020,7,3,2020-07,False
2020-07-07,ASIANPAINT,1617.78,1656.55,1614.85,1652.62,2983260,2.159,1576.3,1557.37,1634.61,64.01,19.7311,13.6062,6.1249,1662.89,1489.72,10.986,2020,7,3,2020-07,False
2020-07-08,ASIANPAINT,1656.64,1667.81,1590.43,1596.29,2725937,-3.408,1578.68,1554.24,1635.3,52.337,17.7873,14.4424,3.3449,1664.69,1492.68,10.896,2020,7,3,2020-07,False
2020-07-09,ASIANPAINT,1603.63,1630.14,1601.83,1625.64,1904661,1.838,1583.73,1552.21,1636.27,56.761,18.4027,15.2345,3.1683,1668.23,1499.24,10.67,2020,7,3,2020-07,False
2020-07-10,ASIANPAINT,1616.84,1619.72,1604.77,1612.62,1156043,-0.801,1586.86,1551.0,1637.13,54.351,17.6368,15.7149,1.9219,1670.74,1502.99,10.571,2020,7,3,2020-07,False
2020-07-13,ASIANPAINT,1616.88,1640.46,1609.31,1614.66,1289791,0.126,1591.0,1550.0,1637.92,54.675,16.9981,15.9716,1.0266,1671.55,1510.45,10.126,2020,7,3,2020-07,False
2020-07-14,ASIANPAINT,1614.66,1626.35,1592.37,1598.33,1347120,-1.011,1594.16,1550.22,1638.6,51.516,15.0014,15.7775,-0.7762,1670.33,1517.99,9.556,2020,7,3,2020-07,False
2020-07-15,ASIANPAINT,1609.31,1622.19,1574.57,1582.47,1611341,-0.992,1597.77,1551.21,1638.65,48.58,12.0011,15.0222,-3.0212,1663.31,1532.23,8.203,2020,7,3,2020-07,False
2020-07-16,ASIANPAINT,1590.19,1606.57,1557.34,1602.87,1442725,1.289,1602.28,1552.77,1638.18,52.343,11.1411,14.246,-3.1049,1654.11,1550.46,6.469,2020,7,3,2020-07,False
2020-07-17,ASIANPAINT,1604.58,1649.54,1599.61,1626.26,2308792,1.459,1606.8,1555.11,1638.0,56.291,12.2056,13.8379,-1.6324,1649.17,1564.44,5.273,2020,7,3,2020-07,False
2020-07-20,ASIANPAINT,1634.87,1663.6,1628.48,1658.16,1848600,1.962,1611.51,1558.39,1638.05,61.034,15.4454,14.1594,1.2859,1654.77,1568.25,5.369,2020,7,3,2020-07,False
2020-07-21,ASIANPAINT,1667.06,1677.23,1627.3,1632.27,2088461,-1.561,1613.42,1561.32,1637.88,55.747,15.7423,14.476,1.2663,1656.81,1570.03,5.379,2020,7,3,2020-07,False
2020-07-22,ASIANPAINT,1632.27,1643.77,1600.79,1605.29,1300409,-1.653,1610.98,1564.59,1637.55,50.808,13.6433,14.3094,-0.6661,1650.02,1571.94,4.847,2020,7,3,2020-07,False
2020-07-23,ASIANPAINT,1601.26,1648.64,1598.42,1637.08,2375218,1.98,1612.89,1567.73,1637.44,55.779,14.3791,14.3234,0.0558,1653.16,1572.62,4.993,2020,7,3,2020-07,False
2020-07-24,ASIANPAINT,1633.48,1636.32,1593.68,1622.15,3971563,-0.912,1614.16,1571.35,1637.24,53.068,13.6013,14.179,-0.5776,1653.88,1574.43,4.922,2020,7,3,2020-07,False
2020-07-27,ASIANPAINT,1627.03,1694.12,1627.03,1684.78,6470525,3.861,1618.31,1575.64,1637.43,61.521,17.833,14.9098,2.9232,1668.54,1568.09,6.207,2020,7,3,2020-07,False
2020-07-28,ASIANPAINT,1685.59,1698.52,1659.11,1667.25,2534092,-1.04,1621.8,1580.57,1637.66,58.353,19.5469,15.8372,3.7097,1675.51,1568.1,6.623,2020,7,3,2020-07,False
2020-07-29,ASIANPAINT,1677.06,1686.44,1639.16,1648.78,1530981,-1.108,1624.35,1585.07,1637.78,55.131,19.1931,16.5084,2.6847,1678.11,1570.58,6.619,2020,7,3,2020-07,False
2020-07-30,ASIANPAINT,1660.01,1684.64,1637.36,1651.81,2113975,0.184,1627.11,1589.7,1637.7,55.564,18.939,16.9945,1.9445,1680.53,1573.69,6.566,2020,7,3,2020-07,False
2020-07-31,ASIANPAINT,1661.9,1677.91,1620.59,1625.42,1678643,-1.597,1628.12,1592.41,1637.45,50.949,16.4191,16.8794,-0.4603,1680.55,1575.7,6.44,2020,7,3,2020-07,False
2020-08-03,ASIANPAINT,1638.21,1643.9,1608.37,1615.95,1437425,-0.583,1628.04,1594.09,1637.11,49.363,13.5019,16.2039,-2.702,1680.54,1575.53,6.45,2020,8,3,2020-08,False
2020-08-04,ASIANPAINT,1628.74,1643.9,1618.84,1623.95,1815396,0.495,1626.6,1595.71,1636.76,50.758,11.7012,15.3034,-3.6022,1677.83,1575.37,6.299,2020,8,3,2020-08,False
2020-08-05,ASIANPAINT,1627.79,1650.48,1622.58,1626.18,1416803,0.137,1628.1,1597.58,1636.41,51.161,10.3346,14.3096,-3.975,1677.31,1578.89,6.045,2020,8,3,2020-08,False
2020-08-06,ASIANPAINT,1641.1,1660.1,1629.78,1636.84,1914507,0.655,1628.66,1599.19,1636.29,53.137,9.9964,13.447,-3.4505,1678.0,1579.31,6.06,2020,8,3,2020-08,False
2020-08-07,ASIANPAINT,1636.84,1721.5,1635.09,1711.41,5166075,4.556,1633.6,1601.56,1636.32,64.087,15.566,13.8708,1.6952,1694.59,1572.6,7.467,2020,8,3,2020-08,False
2020-08-10,ASIANPAINT,1714.96,1728.51,1683.69,1688.76,1892614,-1.323,1637.3,1603.27,1636.21,59.537,17.9458,14.6858,3.26,1702.32,1572.28,7.942,2020,8,3,2020-08,False
2020-08-11,ASIANPAINT,1705.49,1741.3,1686.54,1695.58,3039662,0.404,1642.16,1604.82,1636.31,60.448,20.15,15.7786,4.3714,1709.42,1574.91,8.191,2020,8,3,2020-08,False
2020-08-12,ASIANPAINT,1695.96,1711.17,1678.96,1702.88,1679096,0.43,1648.18,1606.38,1636.51,61.448,22.2293,17.0688,5.1605,1714.49,1581.88,8.046,2020,8,3,2020-08,False
2020-08-13,ASIANPAINT,1711.55,1719.7,1694.12,1707.9,1192375,0.295,1653.44,1609.61,1636.62,62.157,24.0056,18.4561,5.5495,1721.25,1585.62,8.203,2020,8,3,2020-08,False
2020-08-14,ASIANPAINT,1723.2,1733.91,1701.22,1707.9,1868376,0.0,1657.52,1612.74,1636.71,62.157,25.1238,19.7897,5.3341,1728.21,1586.82,8.53,2020,8,3,2020-08,False
2020-08-17,ASIANPAINT,1724.44,1745.75,1707.24,1740.26,1634180,1.895,1661.62,1616.61,1636.98,66.729,28.2947,21.4907,6.804,1741.42,1581.82,9.605,2020,8,3,2020-08,False
2020-08-18,ASIANPAINT,1734.86,1785.07,1734.86,1775.69,2586298,2.036,1668.79,1621.03,1637.32,70.878,33.2834,23.8492,9.4342,1762.12,1575.47,11.185,2020,8,3,2020-08,False
2020-08-19,ASIANPAINT,1790.76,1802.51,1774.23,1786.69,1947114,0.619,1677.86,1625.79,1637.66,72.043,37.6894,26.6172,11.0721,1780.04,1575.69,12.179,2020,8,3,2020-08,False
2020-08-20,ASIANPAINT,1769.87,1781.28,1759.54,1776.45,1538879,-0.573,1684.83,1630.83,1638.02,69.265,39.8956,29.2729,10.6227,1794.06,1575.6,12.967,2020,8,3,2020-08,False
2020-08-21,ASIANPAINT,1788.77,1869.64,1782.0,1855.19,5688228,4.432,1696.48,1636.93,1638.96,76.707,47.4504,32.9084,14.542,1825.49,1567.48,15.209,2020,8,3,2020-08,False
2020-08-24,ASIANPAINT,1855.19,1891.19,1838.13,1859.12,3996329,0.212,1705.2,1643.47,1639.84,77.006,53.1423,36.9552,16.1872,1853.06,1557.34,17.342,2020,8,3,2020-08,False
2020-08-25,ASIANPAINT,1861.11,1910.95,1860.87,1895.55,3544399,1.96,1716.62,1650.68,1640.86,79.62,59.9024,41.5446,18.3578,1885.85,1547.39,19.717,2020,8,3,2020-08,False
2020-08-26,ASIANPAINT,1895.88,1903.51,1852.82,1867.89,2245810,-1.46,1727.57,1657.83,1641.73,72.847,62.3091,45.6975,16.6116,1906.41,1548.74,20.704,2020,8,3,2020-08,False
2020-08-27,ASIANPAINT,1876.89,1903.51,1866.61,1878.4,3116305,0.563,1738.9,1665.15,1642.51,73.761,64.3236,49.4227,14.9008,1926.04,1551.76,21.524,2020,8,3,2020-08,False
2020-08-28,ASIANPAINT,1889.3,1892.14,1850.74,1855.28,1842536,-1.231,1750.39,1671.54,1643.32,68.319,63.3246,52.2031,11.1215,1936.42,1564.36,21.256,2020,8,3,2020-08,False
2020-08-31,ASIANPAINT,1873.19,1879.73,1782.47,1799.38,2738522,-3.013,1759.57,1676.24,1643.95,57.308,57.3608,53.2346,4.1262,1935.5,1583.63,19.997,2020,8,3,2020-08,False
2020-09-01,ASIANPAINT,1823.92,1883.61,1807.58,1875.37,3068285,4.223,1772.14,1681.87,1644.99,65.458,58.0965,54.207,3.8895,1943.13,1601.14,19.298,2020,9,3,2020-09,False
2020-09-02,ASIANPAINT,1874.09,1892.14,1823.92,1841.88,2569603,-1.786,1782.92,1685.63,1645.84,60.019,55.3389,54.4334,0.9055,1941.94,1623.9,17.838,2020,9,3,2020-09,False
2020-09-03,ASIANPAINT,1847.8,1883.47,1842.87,1874.14,1931667,1.752,1794.79,1691.13,1646.91,63.192,55.1214,54.571,0.5504,1942.96,1646.62,16.511,2020,9,3,2020-09,False
2020-09-04,ASIANPAINT,1855.19,1889.01,1848.56,1853.63,1930422,-1.095,1801.9,1696.27,1647.98,59.935,52.6864,54.1941,-1.5077,1946.83,1656.96,16.087,2020,9,3,2020-09,False
2020-09-07,ASIANPAINT,1861.82,1898.44,1845.81,1878.02,2855392,1.316,1811.36,1701.8,1649.26,62.416,52.1245,53.7801,-1.6556,1949.76,1672.96,15.282,2020,9,3,2020-09,False
2020-09-08,ASIANPAINT,1883.14,1896.83,1849.5,1857.42,2401034,-1.097,1819.45,1707.0,1650.42,59.088,49.4464,52.9134,-3.467,1947.92,1690.98,14.122,2020,9,3,2020-09,False
2020-09-09,ASIANPAINT,1857.42,1889.2,1855.19,1875.13,2776804,0.954,1828.06,1712.54,1651.68,61.013,48.198,51.9703,-3.7723,1946.32,1709.81,12.937,2020,9,3,2020-09,False
2020-09-10,ASIANPAINT,1880.82,1961.02,1876.98,1948.56,5081252,3.916,1840.1,1719.58,1653.49,67.778,52.5284,52.0819,0.4465,1955.82,1724.38,12.578,2020,9,3,2020-09,False
2020-09-11,ASIANPAINT,1954.68,1961.26,1915.83,1929.05,2599475,-1.002,1851.16,1726.06,1655.07,64.571,53.7655,52.4186,1.3469,1955.38,1746.93,11.261,2020,9,3,2020-09,False
2020-09-14,ASIANPAINT,1942.36,1946.15,1899.72,1924.55,2142458,-0.233,1860.37,1732.2,1656.63,63.821,53.763,52.6875,1.0755,1955.5,1765.24,10.227,2020,9,3,2020-09,False
2020-09-15,ASIANPAINT,1937.62,1941.93,1903.56,1911.61,1997383,-0.672,1867.17,1737.38,1658.11,61.606,52.1167,52.5734,-0.4567,1956.04,1778.29,9.52,2020,9,3,2020-09,False
2020-09-16,ASIANPAINT,1920.57,1920.57,1889.44,1906.45,1717740,-0.27,1873.15,1743.58,1659.55,60.701,49.821,52.0229,-2.2019,1955.06,1791.24,8.746,2020,9,3,2020-09,False
2020-09-17,ASIANPAINT,1894.98,1937.62,1894.98,1902.52,2416918,-0.206,1879.46,1749.12,1661.02,59.978,47.1409,51.0465,-3.9056,1948.41,1810.5,7.338,2020,9,3,2020-09,False
2020-09-18,ASIANPAINT,1919.9,1937.0,1909.2,1921.89,3021436,1.018,1882.79,1755.3,1662.44,62.357,46.0496,50.0471,-3.9975,1953.24,1812.34,7.484,2020,9,3,2020-09,False
2020-09-21,ASIANPAINT,1929.47,1948.99,1859.26,1868.98,2518361,-2.753,1883.28,1760.39,1663.6,53.076,40.4485,48.1274,-7.6789,1953.17,1813.4,7.422,2020,9,3,2020-09,False
2020-09-22,ASIANPAINT,1885.7,1890.91,1825.2,1835.77,1974860,-1.777,1880.3,1765.14,1664.67,48.225,32.95,45.0919,-12.1419,1953.03,1807.56,7.737,2020,9,3,2020-09,False
2020-09-23,ASIANPAINT,1838.13,1885.51,1827.05,1844.34,2732912,0.467,1879.12,1770.37,1665.8,49.509,27.3836,41.5502,-14.1666,1953.44,1804.79,7.911,2020,9,3,2020-09,False
2020-09-24,ASIANPAINT,1839.6,1842.87,1807.58,1817.62,1906183,-1.449,1876.08,1774.67,1666.79,45.707,20.579,37.356,-16.777,1955.34,1796.82,8.449,2020,9,3,2020-09,False
2020-09-25,ASIANPAINT,1824.16,1852.35,1807.81,1824.49,1939316,0.378,1874.54,1778.63,1667.78,46.837,15.5612,32.997,-17.4358,1956.64,1792.44,8.76,2020,9,3,2020-09,False
2020-09-28,ASIANPAINT,1836.24,1855.19,1828.66,1843.44,1137313,1.039,1876.74,1782.34,1668.92,49.933,12.9642,28.9905,-16.0263,1952.47,1801.01,8.07,2020,9,3,2020-09,False
2020-09-29,ASIANPAINT,1857.08,1885.46,1851.4,1857.04,1965383,0.738,1875.83,1786.83,1670.01,52.089,11.8664,25.5656,-13.6993,1952.07,1799.58,8.129,2020,9,3,2020-09,False
2020-09-30,ASIANPAINT,1862.86,1898.77,1855.33,1882.1,2518982,1.35,1877.84,1792.37,1671.17,55.862,12.8702,23.0266,-10.1563,1952.41,1803.26,7.943,2020,9,3,2020-09,False
2020-10-01,ASIANPAINT,1901.62,1941.74,1887.45,1933.31,2014003,2.721,1880.79,1798.29,1672.61,62.382,17.5953,21.9403,-4.345,1959.34,1802.25,8.352,2020,10,4,2020-10,False
2020-10-05,ASIANPAINT,1933.31,1935.44,1905.41,1921.51,1554873,-0.61,1884.19,1804.28,1674.06,60.177,20.1558,21.5834,-1.4276,1963.65,1804.72,8.435,2020,10,4,2020-10,False
2020-10-06,ASIANPAINT,1942.36,1987.74,1937.72,1980.26,3152378,3.057,1889.3,1810.19,1675.73,66.522,26.6184,22.5904,4.028,1979.52,1799.08,9.551,2020,10,4,2020-10,False
2020-10-07,ASIANPAINT,1970.78,2007.55,1965.05,1994.47,2429595,0.718,1896.15,1816.74,1677.32,67.857,32.512,24.5747,7.9373,1996.43,1795.87,10.577,2020,10,4,2020-10,False
2020-10-08,ASIANPAINT,1994.0,1997.27,1963.25,1978.98,1427493,-0.777,1901.35,1823.34,1678.71,64.824,35.5233,26.7644,8.7588,2007.62,1795.07,11.179,2020,10,4,2020-10,False
2020-10-09,ASIANPAINT,1984.05,1998.17,1937.76,1942.93,1636939,-1.822,1901.06,1829.16,1679.94,58.293,34.6018,28.3319,6.2699,2006.84,1795.29,11.128,2020,10,4,2020-10,False
2020-10-12,ASIANPAINT,1959.32,1976.89,1934.07,1968.75,2182836,1.329,1903.05,1836.03,1681.27,61.3,35.5451,29.7745,5.7705,2012.46,1793.64,11.499,2020,10,4,2020-10,False
2020-10-13,ASIANPAINT,1967.94,2003.0,1946.2,1956.24,2619233,-0.635,1904.63,1842.83,1682.55,59.078,34.8814,30.7959,4.0855,2016.25,1793.01,11.721,2020,10,4,2020-10,False
2020-10-14,ASIANPAINT,1961.31,1975.99,1947.1,1962.59,1530471,0.325,1907.18,1849.61,1683.83,59.873,34.4703,31.5308,2.9395,2021.76,1792.6,12.016,2020,10,4,2020-10,False
2020-10-15,ASIANPAINT,1961.31,2012.47,1957.57,1980.68,4001883,0.922,1910.89,1856.7,1685.19,62.132,35.199,32.2644,2.9346,2030.09,1791.7,12.475,2020,10,4,2020-10,False
2020-10-16,ASIANPAINT,1980.21,1980.26,1947.62,1952.97,2017706,-1.399,1913.42,1863.02,1686.46,56.854,33.158,32.4431,0.7149,2033.99,1792.84,12.603,2020,10,4,2020-10,False
2020-10-19,ASIANPAINT,1970.74,1970.74,1948.52,1961.4,1338404,0.432,1915.39,1868.02,1687.85,58.022,31.8538,32.3253,-0.4715,2037.83,1792.95,12.785,2020,10,4,2020-10,False
2020-10-20,ASIANPAINT,1968.79,2019.86,1958.8,2007.26,2377713,2.338,1922.31,1874.39,1689.43,63.769,34.1272,32.6856,1.4415,2049.25,1795.37,13.207,2020,10,4,2020-10,False
2020-10-21,ASIANPAINT,2018.16,2031.28,1971.97,2003.28,2895432,-0.198,1930.68,1880.54,1691.01,62.963,35.2019,33.1889,2.013,2055.67,1805.69,12.948,2020,10,4,2020-10,False
2020-10-22,ASIANPAINT,2003.19,2005.7,1967.75,1989.64,2755686,-0.681,1937.95,1886.28,1692.7,60.158,34.5544,33.462,1.0924,2058.62,1817.27,12.454,2020,10,4,2020-10,False
2020-10-23,ASIANPAINT,2002.52,2017.59,1985.94,2008.92,3070714,0.969,1947.51,1892.3,1694.69,62.688,35.1915,33.8079,1.3836,2057.92,1837.11,11.338,2020,10,4,2020-10,False
2020-10-26,ASIANPAINT,2005.22,2005.22,1961.36,1971.21,1278139,-1.877,1954.85,1897.57,1696.42,55.292,32.2813,33.5026,-1.2213,2049.16,1860.54,9.649,2020,10,4,2020-10,False
2020-10-27,ASIANPAINT,1975.52,2091.45,1975.52,2082.4,4964874,5.641,1966.8,1904.41,1698.68,67.476,38.5031,34.5027,4.0004,2062.22,1871.37,9.703,2020,10,4,2020-10,False
2020-10-28,ASIANPAINT,2087.47,2105.27,2040.36,2049.28,3166047,-1.59,1976.41,1909.88,1700.57,62.052,40.2971,35.6616,4.6355,2063.66,1889.16,8.829,2020,10,4,2020-10,False
2020-10-29,ASIANPAINT,2051.6,2119.22,2050.75,2111.81,4795796,3.052,1987.89,1916.38,1702.68,67.384,46.2319,37.7756,8.4563,2083.0,1892.79,9.568,2020,10,4,2020-10,False
2020-10-30,ASIANPAINT,2097.25,2128.33,2083.39,2098.58,3006197,-0.627,1996.16,1922.83,1704.66,65.292,49.2989,40.0803,9.2186,2099.64,1892.67,10.368,2020,10,4,2020-10,False
2020-11-02,ASIANPAINT,2085.77,2112.24,2055.5,2061.9,1772571,-1.748,2003.18,1926.96,1706.4,59.758,48.2142,41.7071,6.5071,2104.36,1901.99,10.102,2020,11,4,2020-11,False
2020-11-03,ASIANPAINT,2081.88,2081.88,2037.13,2044.63,1781465,-0.838,2006.4,1930.67,1707.94,57.296,45.4372,42.4531,2.9841,2108.6,1904.19,10.188,2020,11,4,2020-11,False
2020-11-04,ASIANPAINT,2049.71,2100.81,2045.91,2058.67,2189957,0.687,2009.61,1933.93,1709.58,58.783,43.864,42.7353,1.1288,2114.24,1904.97,10.413,2020,11,4,2020-11,False
2020-11-05,ASIANPAINT,2078.17,2131.03,2072.15,2124.01,2671841,3.174,2016.86,1939.05,1711.57,64.907,47.3435,43.6569,3.6865,2132.12,1901.6,11.43,2020,11,4,2020-11,False
2020-11-06,ASIANPAINT,2119.88,2133.21,2090.04,2096.25,2395965,-1.307,2024.52,1943.41,1713.34,60.776,47.3158,44.3887,2.9271,2139.47,1909.57,11.356,2020,11,4,2020-11,False
2020-11-09,ASIANPAINT,2134.16,2134.16,2101.09,2111.58,1691773,0.731,2031.67,1948.54,1715.36,62.206,47.9774,45.1064,2.871,2149.73,1913.6,11.622,2020,11,4,2020-11,False
2020-11-10,ASIANPAINT,2111.58,2124.25,2077.23,2087.43,1879561,-1.144,2038.22,1954.3,1717.41,58.581,46.0226,45.2897,0.7329,2153.18,1923.27,11.28,2020,11,4,2020-11,False
2020-11-11,ASIANPAINT,2092.41,2109.49,2047.14,2070.3,2387398,-0.821,2043.61,1958.2,1719.38,56.084,42.6001,44.7518,-2.1516,2153.63,1933.59,10.767,2020,11,4,2020-11,False
2020-11-12,ASIANPAINT,2061.09,2089.32,2051.6,2060.9,1626054,-0.454,2047.62,1962.58,1721.27,54.707,38.6838,43.5382,-4.8543,2153.76,1941.48,10.368,2020,11,4,2020-11,False
2020-11-13,ASIANPAINT,2069.16,2093.88,2061.09,2068.64,1560060,0.375,2053.4,1966.47,1723.18,55.672,35.7916,41.9889,-6.1972,2150.01,1956.8,9.409,2020,11,4,2020-11,False
2020-11-14,ASIANPAINT,2080.07,2081.4,2069.02,2073.05,146991,0.213,2058.99,1970.86,1725.16,56.245,33.4698,40.285,-6.8153,2145.59,1972.38,8.413,2020,11,4,2020-11,False
2020-11-17,ASIANPAINT,2093.74,2108.45,2070.58,2075.94,1699293,0.14,2062.42,1974.81,1727.06,56.641,31.5001,38.5281,-7.0279,2145.78,1979.06,8.083,2020,11,4,2020-11,False
2020-11-18,ASIANPAINT,2073.43,2097.15,2055.5,2083.63,1817170,0.37,2066.44,1979.34,1728.97,57.734,30.2111,36.8647,-6.6536,2145.42,1987.45,7.645,2020,11,4,2020-11,False
2020-11-19,ASIANPAINT,2063.94,2082.92,2046.58,2051.32,2669522,-1.551,2069.52,1982.86,1730.76,51.819,26.2794,34.7476,-8.4682,2140.27,1998.78,6.837,2020,11,4,2020-11,False
2020-11-20,ASIANPAINT,2052.89,2078.22,2050.23,2055.92,2196113,0.224,2071.87,1985.01,1732.24,52.564,23.2666,32.4514,-9.1848,2137.05,2006.7,6.291,2020,11,4,2020-11,False
2020-11-23,ASIANPAINT,2050.23,2084.77,2029.59,2074.62,4002609,0.909,2077.04,1987.92,1733.7,55.571,22.1323,30.3876,-8.2553,2121.8,2032.29,4.31,2020,11,4,2020-11,False
2020-11-24,ASIANPAINT,2080.93,2117.08,2079.12,2095.16,2954306,0.99,2077.68,1991.33,1735.34,58.672,22.6303,28.8361,-6.2058,2123.12,2032.24,4.374,2020,11,4,2020-11,False
2020-11-25,ASIANPAINT,2085.05,2095.92,2040.22,2044.3,1682365,-2.428,2077.43,1993.99,1736.81,49.467,18.7051,26.8099,-8.1048,2123.57,2031.29,4.442,2020,11,4,2020-11,False
2020-11-26,ASIANPAINT,2049.71,2066.27,2009.04,2045.25,2247478,0.046,2074.1,1996.76,1738.27,49.626,15.4923,24.5464,-9.0541,2119.4,2028.81,4.368,2020,11,4,2020-11,False
2020-11-27,ASIANPAINT,2059.2,2129.99,2054.45,2102.18,10036402,2.784,2074.28,2000.76,1739.97,58.128,17.3406,23.1052,-5.7647,2120.02,2028.55,4.409,2020,11,4,2020-11,False
2020-12-01,ASIANPAINT,2158.84,2158.84,2093.55,2116.18,2235498,0.666,2077.0,2004.64,1741.7,59.919,19.7076,22.4257,-2.7181,2125.96,2028.03,4.715,2020,12,4,2020-12,False
2020-12-02,ASIANPAINT,2126.57,2207.18,2121.83,2197.6,3305952,3.847,2084.65,2011.21,1743.76,68.388,27.8325,23.5071,4.3254,2155.31,2013.99,6.779,2020,12,4,2020-12,False
2020-12-03,ASIANPAINT,2220.52,2298.19,2197.98,2288.27,4334658,4.126,2096.13,2020.26,1746.36,74.78,41.114,27.0284,14.0855,2210.25,1982.0,10.889,2020,12,4,2020-12,False
2020-12-04,ASIANPAINT,2277.45,2320.15,2253.73,2314.22,2789953,1.134,2105.64,2029.66,1749.08,76.259,53.1215,32.247,20.8744,2255.62,1955.66,14.246,2020,12,4,2020-12,False
2020-12-07,ASIANPAINT,2315.41,2352.23,2312.56,2346.3,1762501,1.386,2118.14,2040.24,1751.95,77.979,64.4823,38.6941,25.7882,2302.56,1933.72,17.413,2020,12,4,2020-12,False
2020-12-08,ASIANPAINT,2344.4,2357.35,2303.97,2314.36,2090950,-1.361,2128.28,2050.03,1754.73,72.36,70.1011,44.9755,25.1256,2332.42,1924.13,19.184,2020,12,4,2020-12,False
2020-12-09,ASIANPAINT,2324.9,2402.81,2322.05,2393.51,2022370,3.42,2143.58,2061.03,1757.81,76.818,80.0177,51.9839,28.0338,2378.42,1908.75,21.91,2020,12,4,2020-12,False
2020-12-10,ASIANPAINT,2387.48,2421.69,2373.29,2397.07,2372909,0.149,2159.92,2071.84,1761.11,76.998,87.1592,59.019,28.1402,2417.64,1902.2,23.864,2020,12,4,2020-12,False
2020-12-11,ASIANPAINT,2387.53,2407.36,2367.6,2392.23,2171653,-0.202,2176.49,2082.04,1764.5,76.134,91.375,65.4902,25.8848,2449.55,1903.43,25.092,2020,12,4,2020-12,False
2020-12-14,ASIANPAINT,2400.81,2423.49,2392.27,2418.04,1280339,1.079,2193.96,2091.73,1767.98,77.579,95.6957,71.5313,24.1644,2482.25,1905.67,26.28,2020,12,4,2020-12,False
2020-12-15,ASIANPAINT,2405.56,2408.97,2374.72,2398.39,1283286,-0.812,2210.22,2101.27,1771.36,73.911,96.4233,76.5097,19.9136,2506.4,1914.05,26.8,2020,12,4,2020-12,False
2020-12-16,ASIANPAINT,2410.3,2455.76,2408.03,2450.59,1920875,2.176,2228.96,2110.68,1774.92,77.02,100.058,81.2193,18.8386,2536.54,1921.37,27.599,2020,12,4,2020-12,False
2020-12-17,ASIANPAINT,2437.82,2470.42,2426.44,2443.56,1750663,-0.287,2246.95,2119.66,1778.66,75.712,101.2052,85.2165,15.9887,2560.79,1933.12,27.934,2020,12,4,2020-12,False
2020-12-18,ASIANPAINT,2445.41,2501.4,2444.04,2468.66,4402604,1.027,2267.82,2129.45,1782.58,77.202,102.953,88.7638,14.1892,2582.39,1953.26,27.742,2020,12,4,2020-12,False
2020-12-21,ASIANPAINT,2462.92,2469.42,2409.45,2424.21,1383048,-1.801,2286.23,2139.08,1786.18,69.116,99.6025,90.9316,8.671,2591.55,1980.92,26.709,2020,12,4,2020-12,False
2020-12-22,ASIANPAINT,2411.25,2480.14,2368.74,2468.0,1993090,1.806,2305.9,2149.06,1789.78,72.204,99.336,92.6124,6.7235,2604.43,2007.38,25.892,2020,12,4,2020-12,False
2020-12-23,ASIANPAINT,2471.04,2514.69,2471.04,2507.62,1339307,1.605,2326.53,2160.09,1793.44,74.672,101.1555,94.3211,6.8345,2620.71,2032.34,25.289,2020,12,4,2020-12,False
2020-12-24,ASIANPAINT,2522.28,2522.28,2479.58,2513.03,1143202,0.216,2349.96,2171.1,1797.12,74.998,101.8598,95.8288,6.031,2623.43,2076.5,23.274,2020,12,4,2020-12,False
2020-12-28,ASIANPAINT,2518.72,2552.17,2495.28,2546.86,1226254,1.346,2375.04,2182.42,1801.02,76.995,103.9495,97.4529,6.4965,2621.52,2128.57,20.755,2020,12,4,2020-12,False
2020-12-29,ASIANPAINT,2547.9,2573.95,2536.51,2559.1,1562853,0.481,2397.89,2194.54,1804.9,77.689,105.3786,99.0381,6.3405,2621.52,2174.26,18.652,2020,12,4,2020-12,False
2020-12-30,ASIANPAINT,2556.44,2602.8,2543.49,2594.78,1614643,1.394,2421.82,2207.21,1809.15,79.62,108.1436,100.8592,7.2844,2619.43,2224.2,16.32,2020,12,4,2020-12,False
2020-12-31,ASIANPAINT,2594.78,2630.46,2585.9,2623.34,1526325,1.101,2443.11,2219.53,1813.76,81.035,111.3561,102.9586,8.3975,2630.48,2255.73,15.339,2020,12,4,2020-12,False
2021-01-01,ASIANPAINT,2618.12,2649.44,2609.58,2633.83,1246698,0.4,2460.38,2232.14,1818.96,81.541,113.4404,105.0549,8.3855,2651.34,2269.43,15.522,2021,1,1,2021-01,False
2021-01-04,ASIANPAINT,2639.09,2648.58,2604.84,2613.09,1360486,-0.787,2475.33,2244.61,1823.83,77.152,112.1267,106.4693,5.6574,2664.89,2285.76,15.316,2021,1,1,2021-01,False
2021-01-05,ASIANPAINT,2613.09,2661.39,2592.5,2651.19,1299589,1.458,2490.57,2257.46,1829.42,79.352,112.8589,107.7472,5.1117,2685.41,2295.73,15.646,2021,1,1,2021-01,False
2021-01-06,ASIANPAINT,2658.26,2678.33,2638.05,2662.1,1697884,0.412,2507.96,2271.28,1835.16,79.947,113.017,108.8012,4.2158,2698.61,2317.31,15.204,2021,1,1,2021-01,False
2021-01-07,ASIANPAINT,2657.98,2687.25,2639.47,2649.67,1142806,-0.467,2520.77,2282.62,1840.15,77.216,110.8613,109.2132,1.6481,2713.45,2328.08,15.288,2021,1,1,2021-01,False
2021-01-08,ASIANPAINT,2674.11,2704.28,2646.64,2699.44,1660967,1.878,2535.89,2295.63,1846.56,80.141,111.8793,109.7464,2.1329,2735.04,2336.73,15.707,2021,1,1,2021-01,False
2021-01-11,ASIANPAINT,2699.73,2726.73,2680.37,2703.81,1517995,0.162,2551.46,2307.47,1852.86,80.379,111.7502,110.1472,1.603,2752.05,2350.88,15.723,2021,1,1,2021-01,False
2021-01-12,ASIANPAINT,2704.09,2704.47,2573.66,2581.63,6674890,-4.519,2559.64,2317.13,1858.23,59.052,100.6293,108.2436,-7.6143,2750.42,2368.87,14.907,2021,1,1,2021-01,False
2021-01-13,ASIANPAINT,2619.07,2621.92,2541.26,2565.64,2862676,-0.619,2568.01,2327.2,1863.4,56.923,89.494,104.4937,-14.9997,2743.04,2392.98,13.631,2021,1,1,2021-01,False
2021-01-14,ASIANPAINT,2574.47,2596.91,2512.79,2527.88,2124950,-1.472,2571.87,2336.87,1868.45,52.142,76.7371,98.9423,-22.2053,2739.23,2404.51,13.014,2021,1,1,2021-01,False
2021-01-15,ASIANPAINT,2525.03,2525.93,2448.78,2458.6,2570436,-2.74,2572.62,2344.87,1873.19,44.722,60.3419,91.2223,-30.8804,2737.67,2407.57,12.831,2021,1,1,2021-01,False
2021-01-18,ASIANPAINT,2459.65,2486.08,2424.92,2456.04,2395168,-0.104,2571.99,2351.51,1877.59,44.47,46.6046,82.2987,-35.6941,2738.8,2405.18,12.971,2021,1,1,2021-01,False
2021-01-19,ASIANPAINT,2481.47,2539.93,2457.75,2509.99,2558693,2.197,2576.28,2359.78,1882.55,50.763,39.6141,73.7618,-34.1477,2731.07,2421.49,12.016,2021,1,1,2021-01,False
2021-01-20,ASIANPAINT,2518.48,2568.92,2509.99,2559.52,2065439,1.973,2580.86,2368.74,1888.15,55.724,37.6373,66.5369,-28.8996,2727.36,2434.36,11.353,2021,1,1,2021-01,False
2021-01-21,ASIANPAINT,2587.71,2673.11,2557.39,2577.65,5015712,0.708,2584.36,2378.54,1893.35,57.415,37.1054,60.6506,-23.5452,2726.78,2441.94,11.022,2021,1,1,2021-01,False
2021-01-22,ASIANPAINT,2609.58,2627.47,2457.75,2464.06,4945564,-4.407,2581.91,2386.42,1898.05,45.649,27.2047,53.9614,-26.7568,2731.02,2432.8,11.55,2021,1,1,2021-01,False
2021-01-25,ASIANPAINT,2479.43,2497.13,2373.29,2385.58,3520087,-3.185,2573.85,2392.91,1902.16,39.61,12.8774,45.7446,-32.8672,2746.52,2401.18,13.417,2021,1,1,2021-01,False
2021-01-27,ASIANPAINT,2396.07,2396.07,2306.44,2312.18,2700415,-3.077,2561.5,2397.78,1905.77,34.952,-4.3498,35.7257,-40.0755,2770.17,2352.83,16.293,2021,1,1,2021-01,False
2021-01-28,ASIANPAINT,2296.43,2328.65,2278.45,2317.02,3035457,0.209,2547.61,2402.66,1909.22,35.491,-17.4112,25.0984,-42.5095,2782.31,2312.92,18.424,2021,1,1,2021-01,False
2021-01-29,ASIANPAINT,2330.59,2357.16,2277.45,2284.43,2768673,-1.407,2530.67,2406.83,1912.39,33.48,-30.0463,14.0694,-44.1157,2789.99,2271.35,20.494,2021,1,1,2021-01,False
2021-02-01,ASIANPAINT,2302.69,2341.74,2255.53,2322.81,1797359,1.68,2515.12,2411.62,1915.69,37.939,-36.5412,3.9473,-40.4885,2785.46,2244.78,21.497,2021,2,1,2021-02,False
2021-02-02,ASIANPAINT,2334.39,2391.32,2301.27,2337.85,2679428,0.648,2501.36,2417.35,1919.19,39.646,-40.0135,-4.8449,-35.1687,2778.63,2224.08,22.17,2021,2,1,2021-02,False
2021-02-03,ASIANPAINT,2376.0,2376.0,2313.84,2328.36,2409356,-0.406,2485.21,2422.8,1922.67,38.919,-43.035,-12.4829,-30.5521,2763.35,2207.08,22.383,2021,2,1,2021-02,False
2021-02-04,ASIANPAINT,2330.59,2330.59,2275.55,2279.16,3478562,-2.113,2466.07,2426.89,1925.48,35.302,-48.8368,-19.7537,-29.0831,2745.65,2186.49,22.674,2021,2,1,2021-02,False
2021-02-05,ASIANPAINT,2296.43,2300.13,2249.74,2255.39,3303319,-1.043,2446.35,2430.09,1928.13,33.674,-54.7221,-26.7473,-27.9747,2727.03,2165.68,22.946,2021,2,1,2021-02,False
2021-02-08,ASIANPAINT,2271.76,2310.57,2252.21,2293.44,3666313,1.687,2426.05,2435.07,1930.95,38.559,-55.6739,-32.5327,-23.1413,2687.74,2164.37,21.573,2021,2,1,2021-02,False
2021-02-09,ASIANPAINT,2308.29,2403.14,2299.89,2378.85,7178572,3.724,2409.81,2441.75,1934.08,47.844,-48.9723,-35.8206,-13.1517,2636.95,2182.66,18.852,2021,2,1,2021-02,False
2021-02-10,ASIANPAINT,2399.86,2424.54,2348.62,2382.4,4473123,0.15,2399.84,2447.35,1937.36,48.195,-42.8798,-37.2324,-5.6474,2612.26,2187.43,17.702,2021,2,1,2021-02,False
2021-02-11,ASIANPAINT,2396.02,2410.3,2367.7,2377.57,1446286,-0.203,2390.44,2452.58,1940.88,47.725,-38.0039,-37.3867,-0.6172,2588.08,2192.79,16.536,2021,2,1,2021-02,False
2021-02-12,ASIANPAINT,2389.43,2394.17,2338.37,2359.16,1376085,-0.774,2382.0,2455.81,1944.35,45.888,-35.2192,-36.9532,1.734,2569.07,2194.94,15.707,2021,2,1,2021-02,False
2021-02-15,ASIANPAINT,2367.6,2388.95,2323.52,2331.3,1634576,-1.181,2375.64,2456.67,1948.07,43.181,-34.8579,-36.5342,1.6763,2560.38,2190.9,15.553,2021,2,1,2021-02,False
2021-02-16,ASIANPAINT,2345.78,2348.72,2298.33,2325.14,1615849,-0.265,2369.09,2456.89,1952.03,42.582,-34.6696,-36.1612,1.4917,2551.09,2187.09,15.365,2021,2,1,2021-02,False
2021-02-17,ASIANPAINT,2311.61,2329.69,2260.37,2266.21,3178784,-2.534,2356.9,2455.29,1955.74,37.263,-38.8279,-36.6946,-2.1333,2531.68,2182.12,14.831,2021,2,1,2021-02,False
2021-02-18,ASIANPAINT,2300.23,2352.99,2272.94,2344.59,4253843,3.459,2346.16,2455.89,1959.92,46.785,-35.3905,-36.4338,1.0432,2492.62,2199.7,12.485,2021,2,1,2021-02,False
2021-02-19,ASIANPAINT,2344.73,2344.73,2277.45,2293.06,2244567,-2.198,2331.93,2453.88,1963.91,42.246,-36.4046,-36.4279,0.0233,2431.48,2232.38,8.538,2021,2,1,2021-02,False
2021-02-22,ASIANPAINT,2304.73,2323.0,2258.47,2265.16,2002642,-1.217,2321.98,2451.24,1967.81,39.984,-39.0098,-36.9443,-2.0655,2404.18,2239.79,7.08,2021,2,1,2021-02,False
2021-02-23,ASIANPAINT,2253.73,2277.45,2196.79,2251.07,3267268,-0.622,2315.26,2448.42,1971.85,38.852,-41.7305,-37.9016,-3.829,2397.55,2232.96,7.109,2021,2,1,2021-02,False
2021-02-24,ASIANPAINT,2251.83,2286.32,2227.35,2240.78,1708526,-0.457,2311.69,2444.88,1975.66,38.006,-44.2079,-39.1628,-5.045,2400.48,2222.89,7.682,2021,2,1,2021-02,False
2021-02-25,ASIANPAINT,2253.73,2264.4,2216.91,2252.54,2839515,0.525,2308.46,2441.96,1979.71,39.624,-44.7064,-40.2715,-4.4348,2401.05,2215.88,8.021,2021,2,1,2021-02,False
2021-02-26,ASIANPAINT,2218.67,2239.49,2144.6,2160.92,3933813,-4.067,2302.29,2436.17,1983.17,32.507,-51.8962,-42.5965,-9.2997,2415.74,2188.83,9.856,2021,2,1,2021-02,False
2021-03-01,ASIANPAINT,2182.56,2248.89,2182.56,2241.68,2545806,3.737,2298.23,2432.13,1987.27,42.338,-50.4958,-44.1763,-6.3195,2414.37,2182.09,10.107,2021,3,1,2021-03,False
2021-03-02,ASIANPAINT,2264.17,2279.87,2238.54,2268.34,2033586,1.19,2294.76,2428.12,1991.5,45.178,-46.6961,-44.6803,-2.0158,2410.06,2179.45,10.049,2021,3,1,2021-03,False
2021-03-03,ASIANPAINT,2283.15,2294.25,2254.49,2279.44,1591567,0.489,2292.31,2425.23,1995.79,46.362,-42.3013,-44.2045,1.9032,2406.68,2177.94,9.979,2021,3,1,2021-03,False
2021-03-04,ASIANPAINT,2258.47,2310.66,2230.0,2293.68,2149984,0.624,2293.04,2421.74,1999.81,47.916,-37.2405,-42.8117,5.5712,2407.24,2178.83,9.961,2021,3,1,2021-03,False
2021-03-05,ASIANPAINT,2276.5,2300.13,2255.72,2265.21,1953642,-1.241,2293.53,2416.89,2003.48,45.102,-35.1221,-41.2738,6.1517,2407.13,2179.92,9.907,2021,3,1,2021-03,False
2021-03-08,ASIANPAINT,2261.32,2290.26,2239.54,2261.03,1593838,-0.184,2291.91,2411.85,2007.07,44.688,-33.3952,-39.6981,6.3029,2406.44,2177.38,9.994,2021,3,1,2021-03,False
2021-03-09,ASIANPAINT,2277.45,2319.21,2273.8,2298.99,1800442,1.679,2287.91,2406.89,2010.9,49.253,-28.6337,-37.4852,8.8515,2395.01,2180.82,9.362,2021,3,1,2021-03,False
2021-03-10,ASIANPAINT,2321.1,2321.1,2292.21,2307.77,1056102,0.382,2284.18,2401.87,2014.66,50.276,-23.8766,-34.7635,10.8869,2382.23,2186.13,8.585,2021,3,1,2021-03,False
2021-03-12,ASIANPAINT,2318.07,2338.8,2274.61,2278.73,1279203,-1.258,2279.24,2395.55,2018.08,46.909,-22.1938,-32.2495,10.0557,2366.89,2191.59,7.691,2021,3,1,2021-03,False
2021-03-15,ASIANPAINT,2279.87,2303.6,2223.41,2234.75,1524449,-1.93,2273.02,2387.78,2021.24,42.29,-24.1311,-30.6259,6.4947,2354.21,2191.83,7.143,2021,3,1,2021-03,False
2021-03-16,ASIANPAINT,2257.71,2353.37,2254.06,2342.55,4230564,4.824,2273.58,2381.95,2024.87,54.195,-16.7746,-27.8556,11.081,2356.6,2190.56,7.303,2021,3,1,2021-03,False
2021-03-17,ASIANPAINT,2334.39,2334.39,2287.99,2299.23,1623187,-1.849,2272.29,2375.67,2028.24,49.753,-14.2754,-25.1396,10.8641,2352.69,2191.89,7.077,2021,3,1,2021-03,False
2021-03-18,ASIANPAINT,2342.79,2342.79,2267.96,2281.77,1851739,-0.759,2273.07,2368.28,2031.91,48.044,-13.5476,-22.8212,9.2736,2353.52,2192.61,7.079,2021,3,1,2021-03,False
2021-03-19,ASIANPAINT,2270.81,2309.72,2235.08,2288.13,3738079,0.279,2270.24,2360.8,2035.6,48.735,-12.3157,-20.7201,8.4044,2343.8,2196.69,6.48,2021,3,1,2021-03,False
2021-03-22,ASIANPAINT,2267.96,2313.61,2267.96,2301.84,1489853,0.599,2270.68,2353.85,2039.37,50.27,-10.1164,-18.5993,8.4829,2344.91,2196.45,6.538,2021,3,1,2021-03,False
2021-03-23,ASIANPAINT,2305.92,2309.67,2275.74,2287.23,1745466,-0.635,2271.78,2345.6,2043.04,48.6,-9.4437,-16.7682,7.3245,2346.32,2197.25,6.562,2021,3,1,2021-03,False
2021-03-24,ASIANPAINT,2287.23,2343.88,2286.94,2318.78,4132092,1.379,2275.17,2337.9,2046.89,52.286,-6.2921,-14.673,8.3809,2351.87,2198.47,6.742,2021,3,1,2021-03,False
2021-03-25,ASIANPAINT,2325.8,2342.93,2269.86,2279.54,2272545,-1.692,2277.11,2331.86,2050.66,47.704,-6.8814,-13.1147,6.2333,2352.08,2202.13,6.585,2021,3,1,2021-03,False
2021-03-26,ASIANPAINT,2301.18,2385.58,2286.09,2377.23,3084607,4.286,2283.34,2328.09,2054.8,57.654,0.5286,-10.386,10.9146,2369.61,2197.08,7.556,2021,3,1,2021-03,False
2021-03-30,ASIANPAINT,2409.45,2451.53,2392.75,2446.41,2332884,2.91,2297.62,2326.46,2059.37,63.02,11.8465,-5.9395,17.786,2392.62,2202.61,8.27,2021,3,1,2021-03,False
2021-03-31,ASIANPAINT,2446.41,2451.06,2401.76,2407.84,1616044,-1.577,2305.92,2325.45,2063.73,58.564,17.5017,-1.2513,18.7529,2409.05,2202.8,8.944,2021,3,1,2021-03,False
2021-04-01,ASIANPAINT,2402.71,2433.6,2402.71,2421.45,1219588,0.566,2313.58,2324.76,2068.29,59.648,22.8192,3.5628,19.2564,2427.16,2200.0,9.818,2021,4,2,2021-04,False
2021-04-05,ASIANPAINT,2427.38,2427.38,2357.64,2382.45,1268939,-1.611,2318.73,2322.21,2072.64,55.192,23.6141,7.5731,16.041,2435.1,2202.36,10.037,2021,4,2,2021-04,False
2021-04-06,ASIANPAINT,2397.02,2486.22,2376.62,2478.25,3372846,4.021,2327.96,2320.58,2077.35,62.586,31.6096,12.3804,19.2292,2463.64,2192.28,11.656,2021,4,2,2021-04,False
2021-04-07,ASIANPAINT,2471.98,2531.81,2467.33,2494.38,1937977,0.651,2339.42,2318.91,2082.0,63.673,38.8004,17.6644,21.1361,2490.6,2188.23,12.925,2021,4,2,2021-04,False
2021-04-08,ASIANPAINT,2495.71,2522.66,2493.81,2515.3,897483,0.839,2352.13,2319.94,2086.61,65.09,45.6613,23.2638,22.3975,2517.65,2186.61,14.074,2021,4,2,2021-04,False
2021-04-09,ASIANPAINT,2500.45,2519.43,2476.87,2496.47,1185017,-0.749,2362.0,2322.16,2090.82,62.718,49.0137,28.4137,20.5999,2537.44,2186.57,14.855,2021,4,2,2021-04,False
2021-04-12,ASIANPAINT,2446.55,2476.73,2424.54,2469.33,1427691,-1.087,2370.08,2325.3,2095.17,59.362,48.9166,32.5143,16.4023,2549.83,2190.34,15.168,2021,4,2,2021-04,False
2021-04-13,ASIANPAINT,2467.24,2491.91,2433.36,2439.44,1200230,-1.21,2378.12,2327.75,2099.38,55.82,45.8986,35.1912,10.7074,2555.01,2201.22,14.877,2021,4,2,2021-04,False
2021-04-15,ASIANPAINT,2457.75,2461.12,2407.46,2455.57,1209829,0.661,2389.16,2331.17,2103.65,57.301,44.2979,37.0125,7.2854,2555.63,2222.68,13.936,2021,4,2,2021-04,False
2021-04-16,ASIANPAINT,2455.47,2555.96,2449.87,2527.69,2760777,2.937,2398.42,2335.27,2108.3,63.234,48.292,39.2684,9.0236,2574.3,2222.53,14.667,2021,4,2,2021-04,False
2021-04-19,ASIANPAINT,2514.69,2514.69,2435.78,2440.57,1552036,-3.446,2405.48,2337.32,2112.52,53.554,43.9219,40.1991,3.7228,2575.86,2235.1,14.166,2021,4,2,2021-04,False
2021-04-20,ASIANPAINT,2467.24,2471.7,2399.68,2423.26,1489287,-0.71,2412.56,2339.22,2116.65,51.854,38.6159,39.8825,-1.2665,2572.75,2252.36,13.28,2021,4,2,2021-04,False
2021-04-22,ASIANPAINT,2425.15,2426.43,2360.96,2383.02,1690758,-1.66,2417.3,2341.3,2120.54,48.039,30.8092,38.0678,-7.2587,2567.27,2267.33,12.408,2021,4,2,2021-04,False
2021-04-23,ASIANPAINT,2398.06,2434.03,2368.74,2389.38,1614593,0.267,2421.68,2343.98,2124.4,48.682,24.8488,35.424,-10.5752,2562.28,2281.08,11.612,2021,4,2,2021-04,False
2021-04-26,ASIANPAINT,2400.81,2443.52,2400.81,2427.29,1103980,1.587,2428.68,2346.66,2128.27,52.456,22.92,32.9232,-10.0032,2554.23,2303.13,10.339,2021,4,2,2021-04,False
2021-04-27,ASIANPAINT,2415.05,2448.17,2404.61,2442.9,866331,0.643,2434.89,2347.94,2132.51,53.958,22.3929,30.8172,-8.4243,2549.34,2320.43,9.401,2021,4,2,2021-04,False
2021-04-28,ASIANPAINT,2455.85,2486.46,2443.52,2481.05,1065561,1.562,2444.96,2349.91,2136.78,57.492,24.7679,29.6073,-4.8394,2534.63,2355.29,7.335,2021,4,2,2021-04,False
2021-04-29,ASIANPAINT,2495.71,2507.09,2438.77,2480.0,1295346,-0.042,2450.1,2351.96,2141.12,57.362,26.263,28.9384,-2.6754,2535.09,2365.12,6.937,2021,4,2,2021-04,False
2021-04-30,ASIANPAINT,2462.49,2472.74,2395.17,2406.89,1384907,-2.948,2448.13,2352.91,2145.08,49.018,21.3026,27.4113,-6.1087,2535.28,2360.97,7.12,2021,4,2,2021-04,False
2021-05-03,ASIANPAINT,2381.83,2462.59,2377.66,2450.3,1034774,1.804,2450.25,2355.29,2149.34,53.357,20.6366,26.0563,-5.4197,2535.32,2365.18,6.944,2021,5,2,2021-05,False
2021-05-04,ASIANPAINT,2471.98,2484.27,2440.24,2455.05,1058140,0.194,2451.93,2357.89,2153.7,53.819,20.2582,24.8967,-4.6385,2535.92,2367.94,6.851,2021,5,2,2021-05,False
2021-05-05,ASIANPAINT,2483.37,2483.37,2416.09,2436.54,1220186,-0.754,2454.63,2361.3,2157.87,51.667,18.2547,23.5683,-5.3136,2532.46,2376.8,6.342,2021,5,2,2021-05,False
2021-05-06,ASIANPAINT,2448.12,2450.02,2398.92,2418.89,1518119,-0.724,2451.66,2362.78,2161.84,49.629,15.069,21.8684,-6.7995,2530.23,2373.1,6.409,2021,5,2,2021-05,False
2021-05-07,ASIANPAINT,2424.54,2457.75,2411.73,2421.36,1416102,0.102,2448.01,2365.35,2165.65,49.926,12.5981,20.0144,-7.4162,2524.99,2371.04,6.289,2021,5,2,2021-05,False
2021-05-10,ASIANPAINT,2456.8,2456.8,2412.34,2426.39,1526814,0.208,2443.57,2368.57,2169.62,50.567,10.92,18.1955,-7.2755,2514.19,2372.95,5.78,2021,5,2,2021-05,False
2021-05-11,ASIANPAINT,2403.66,2431.18,2392.56,2425.72,1168363,-0.027,2440.03,2372.07,2173.72,50.475,9.4277,16.4419,-7.0142,2506.46,2373.6,5.445,2021,5,2,2021-05,False
2021-05-12,ASIANPAINT,2445.41,2456.75,2400.81,2425.68,2085630,-0.002,2437.85,2375.76,2177.67,50.468,8.1473,14.783,-6.6357,2503.08,2372.62,5.352,2021,5,2,2021-05,False
2021-05-14,ASIANPAINT,2486.22,2690.48,2468.71,2632.83,10543708,8.54,2447.52,2383.37,2182.72,70.106,23.5764,16.5417,7.0347,2556.44,2338.59,8.901,2021,5,2,2021-05,False
2021-05-17,ASIANPAINT,2639.95,2679.99,2607.26,2640.66,2134352,0.297,2456.77,2392.97,2187.5,70.581,36.0205,20.4374,15.5831,2595.85,2317.69,11.322,2021,5,2,2021-05,False
2021-05-18,ASIANPAINT,2654.18,2699.73,2646.59,2677.71,1328605,1.403,2464.27,2401.69,2192.55,72.784,48.3158,26.0131,22.3026,2632.57,2295.97,13.659,2021,5,2,2021-05,False
2021-05-19,ASIANPAINT,2661.91,2703.52,2655.75,2672.07,1219067,-0.211,2475.85,2409.76,2197.67,71.9,56.9477,32.2,24.7477,2667.51,2284.19,15.482,2021,5,2,2021-05,False
2021-05-20,ASIANPAINT,2670.31,2699.73,2636.63,2651.43,1211975,-0.772,2487.26,2417.2,2202.67,68.621,61.4153,38.0431,23.3722,2692.42,2282.09,16.497,2021,5,2,2021-05,False
2021-05-21,ASIANPAINT,2663.67,2708.27,2652.28,2687.87,1328308,1.374,2502.5,2425.08,2207.98,71.125,67.1224,43.859,23.2635,2719.98,2285.02,17.381,2021,5,2,2021-05,False
2021-05-24,ASIANPAINT,2700.68,2703.52,2664.81,2675.25,813091,-0.47,2516.79,2433.28,2213.28,69.069,69.8221,49.0516,20.7705,2740.46,2293.12,17.774,2021,5,2,2021-05,False
2021-05-25,ASIANPAINT,2692.04,2773.41,2678.62,2765.59,2730112,3.377,2533.71,2443.38,2218.98,74.705,78.3481,54.9109,23.4372,2779.0,2288.42,19.362,2021,5,2,2021-05,False
2021-05-26,ASIANPAINT,2789.74,2797.37,2761.79,2791.4,1250531,0.933,2551.13,2453.22,2224.81,76.048,86.1941,61.1675,25.0266,2817.84,2284.43,20.909,2021,5,2,2021-05,False
2021-05-27,ASIANPAINT,2799.37,2813.6,2754.06,2798.75,2415085,0.263,2567.02,2463.04,2230.62,76.432,91.9457,67.3232,24.6225,2853.28,2280.76,22.303,2021,5,2,2021-05,False
2021-05-28,ASIANPAINT,2807.1,2812.46,2781.48,2790.54,711383,-0.293,2582.54,2473.28,2236.01,74.987,94.7493,72.8084,21.9409,2882.3,2282.79,23.214,2021,5,2,2021-05,False
2021-05-31,ASIANPAINT,2787.98,2837.28,2786.18,2825.46,2093635,1.251,2603.47,2485.09,2241.7,76.98,98.6518,77.9771,20.6748,2909.97,2296.98,23.545,2021,5,2,2021-05,False
2021-06-01,ASIANPAINT,2813.6,2830.3,2766.25,2781.34,1194073,-1.562,2620.03,2493.87,2247.13,69.449,97.0651,81.7947,15.2704,2927.44,2312.61,23.467,2021,6,2,2021-06,False
2021-06-02,ASIANPAINT,2769.81,2783.95,2730.24,2755.43,2067842,-0.931,2635.04,2502.99,2252.39,65.403,92.6492,83.9656,8.6836,2937.84,2332.25,22.982,2021,6,2,2021-06,False
2021-06-03,ASIANPAINT,2770.52,2791.78,2755.76,2785.47,1404434,1.09,2652.49,2513.07,2257.78,67.749,90.5295,85.2784,5.2511,2947.23,2357.75,22.223,2021,6,2,2021-06,False
2021-06-04,ASIANPAINT,2802.22,2837.33,2759.51,2775.55,1509084,-0.356,2670.32,2522.82,2263.12,66.154,87.0461,85.6319,1.4142,2948.23,2392.42,20.814,2021,6,2,2021-06,False
2021-06-07,ASIANPAINT,2780.39,2790.83,2755.67,2783.33,802415,0.28,2688.42,2532.45,2268.33,66.814,83.9456,85.2947,-1.349,2944.34,2432.51,19.038,2021,6,2,2021-06,False
2021-06-08,ASIANPAINT,2778.49,2793.91,2759.04,2776.83,762931,-0.234,2705.94,2542.24,2273.34,65.662,80.0413,84.244,-4.2027,2932.64,2479.25,16.755,2021,6,2,2021-06,False
2021-06-09,ASIANPAINT,2781.15,2813.6,2770.52,2793.25,1340352,0.591,2724.32,2551.73,2278.37,67.2,77.3798,82.8711,-5.4913,2911.51,2537.13,13.742,2021,6,2,2021-06,False
2021-06-10,ASIANPAINT,2808.46,2822.09,2785.24,2813.8,1344559,0.736,2743.73,2562.41,2283.56,69.068,76.0522,81.5073,-5.4552,2871.65,2615.81,9.325,2021,6,2,2021-06,False
2021-06-11,ASIANPAINT,2822.76,2833.82,2802.35,2819.19,878445,0.192,2753.04,2571.25,2288.38,69.558,74.5751,80.1209,-5.5458,2873.91,2632.18,8.78,2021,6,2,2021-06,False
2021-06-14,ASIANPAINT,2818.09,2832.3,2781.28,2813.13,746823,-0.215,2761.67,2578.59,2293.15,68.25,72.085,78.5137,-6.4288,2873.0,2650.33,8.063,2021,6,2,2021-06,False
2021-06-15,ASIANPAINT,2832.3,2908.59,2823.67,2901.15,2262031,3.129,2772.84,2588.45,2298.17,75.468,76.3341,78.0778,-1.7437,2893.18,2652.5,8.68,2021,6,2,2021-06,False
2021-06-16,ASIANPAINT,2888.56,2901.15,2866.15,2878.74,859505,-0.772,2783.17,2597.6,2303.23,71.04,77.0055,77.8633,-0.8578,2902.57,2663.78,8.58,2021,6,2,2021-06,False
2021-06-17,ASIANPAINT,2878.03,2931.43,2861.38,2918.41,1533864,1.378,2796.52,2608.32,2308.43,73.954,79.8187,78.2544,1.5643,2913.58,2679.47,8.371,2021,6,2,2021-06,False
2021-06-18,ASIANPAINT,2919.6,2935.1,2876.21,2905.92,2293860,-0.428,2807.43,2616.87,2313.68,71.514,80.1165,78.6268,1.4897,2922.47,2692.38,8.196,2021,6,2,2021-06,False
2021-06-21,ASIANPAINT,2883.99,2936.39,2880.98,2926.28,720491,0.701,2819.98,2625.51,2319.32,73.073,81.0611,79.1137,1.9474,2928.91,2711.04,7.726,2021,6,2,2021-06,False
2021-06-22,ASIANPAINT,2941.97,2949.45,2864.91,2871.21,1199238,-1.882,2825.26,2632.63,2324.3,63.024,76.4841,78.5878,-2.1037,2933.33,2717.19,7.65,2021,6,2,2021-06,False
2021-06-23,ASIANPAINT,2889.52,2889.52,2845.17,2848.84,1009007,-0.779,2828.13,2639.67,2329.33,59.449,70.2426,76.9187,-6.6762,2935.46,2720.8,7.59,2021,6,2,2021-06,False
2021-06-24,ASIANPAINT,2848.84,2908.3,2837.5,2902.15,985596,1.871,2833.3,2648.33,2334.47,64.603,68.8045,75.2959,-6.4914,2944.56,2722.04,7.854,2021,6,2,2021-06,False
2021-06-25,ASIANPAINT,2889.71,2911.93,2846.6,2864.63,786964,-1.293,2837.01,2656.83,2339.53,58.925,63.9003,73.0168,-9.1165,2947.2,2726.81,7.769,2021,6,2,2021-06,False
2021-06-28,ASIANPAINT,2883.79,2897.96,2838.26,2844.65,891695,-0.697,2837.96,2664.62,2344.36,56.098,57.7359,69.9606,-12.2247,2948.07,2727.86,7.76,2021,6,2,2021-06,False
2021-06-29,ASIANPAINT,2850.42,2883.65,2835.21,2862.34,1242734,0.622,2842.01,2671.31,2349.38,58.019,53.6596,66.7004,-13.0408,2949.28,2734.75,7.548,2021,6,2,2021-06,False
2021-06-30,ASIANPAINT,2859.95,2889.52,2847.22,2853.95,924522,-0.293,2846.94,2679.58,2354.28,56.75,49.1848,63.1973,-14.0124,2946.21,2747.67,6.974,2021,6,2,2021-06,False
2021-07-01,ASIANPAINT,2868.54,2886.56,2858.05,2881.51,848235,0.966,2851.74,2688.74,2358.94,59.854,47.3171,60.0212,-12.7042,2947.73,2755.76,6.732,2021,7,3,2021-07,False
2021-07-02,ASIANPAINT,2892.33,2897.91,2860.67,2865.68,805542,-0.549,2856.25,2698.39,2363.63,57.31,44.0516,56.8273,-12.7757,2945.39,2767.11,6.242,2021,7,3,2021-07,False
2021-07-05,ASIANPAINT,2879.98,2908.59,2867.68,2875.02,863343,0.326,2860.83,2708.11,2368.38,58.433,41.7367,53.8092,-12.0725,2943.37,2778.29,5.77,2021,7,3,2021-07,False
2021-07-06,ASIANPAINT,2863.77,2889.04,2857.09,2863.29,762630,-0.408,2865.16,2716.83,2373.14,56.427,38.5118,50.7497,-12.2379,2937.61,2792.7,5.058,2021,7,3,2021-07,False
2021-07-07,ASIANPAINT,2922.89,2926.71,2871.64,2899.15,1234865,1.252,2870.45,2725.95,2378.1,60.853,38.4066,48.2811,-9.8745,2935.92,2804.98,4.562,2021,7,3,2021-07,False
2021-07-08,ASIANPAINT,2908.59,2917.17,2878.84,2887.9,907391,-0.388,2874.16,2734.09,2383.03,58.833,36.9888,46.0226,-9.0338,2934.3,2814.01,4.185,2021,7,3,2021-07,False
2021-07-09,ASIANPAINT,2881.89,2898.24,2867.58,2871.02,547082,-0.584,2876.75,2741.91,2387.77,55.839,34.11,43.6401,-9.5301,2931.1,2822.39,3.779,2021,7,3,2021-07,False
2021-07-12,ASIANPAINT,2894.19,2901.77,2852.37,2860.34,765566,-0.372,2879.11,2750.98,2392.73,53.967,30.6137,41.0348,-10.4211,2925.32,2832.89,3.21,2021,7,3,2021-07,False
2021-07-13,ASIANPAINT,2879.98,2881.03,2846.94,2855.04,703484,-0.185,2876.8,2759.07,2397.83,53.019,27.1035,38.2486,-11.1451,2922.99,2830.62,3.211,2021,7,3,2021-07,False
2021-07-14,ASIANPAINT,2863.77,2868.3,2845.84,2862.77,470744,0.271,2876.0,2767.23,2402.92,54.282,24.6606,35.531,-10.8704,2922.6,2829.41,3.24,2021,7,3,2021-07,False
2021-07-15,ASIANPAINT,2870.44,2871.4,2833.35,2845.27,635535,-0.611,2872.35,2775.4,2408.06,50.942,21.0696,32.6387,-11.5691,2916.34,2828.36,3.063,2021,7,3,2021-07,False
2021-07-16,ASIANPAINT,2855.19,2866.63,2827.53,2850.7,1062548,0.191,2869.59,2784.04,2413.19,51.931,18.4497,29.8009,-11.3512,2911.59,2827.58,2.928,2021,7,3,2021-07,False
2021-07-19,ASIANPAINT,2850.7,2860.62,2827.53,2843.69,837836,-0.246,2865.46,2792.49,2418.19,50.516,15.6277,26.9662,-11.3386,2899.47,2831.44,2.374,2021,7,3,2021-07,False
2021-07-20,ASIANPAINT,2857.09,3032.09,2841.41,3012.58,6755922,5.939,2872.53,2804.21,2423.97,71.011,26.7112,26.9152,-0.204,2946.67,2798.39,5.162,2021,7,3,2021-07,False
2021-07-22,ASIANPAINT,2984.88,3018.26,2946.73,2962.71,1982572,-1.656,2878.22,2814.95,2429.37,62.746,31.1118,27.7546,3.3573,2961.61,2794.83,5.795,2021,7,3,2021-07,False
2021-07-23,ASIANPAINT,2961.99,2984.5,2935.34,2940.77,815329,-0.74,2880.15,2825.25,2434.41,59.468,32.4554,28.6947,3.7606,2967.57,2792.73,6.07,2021,7,3,2021-07,False
2021-07-26,ASIANPAINT,2937.15,2974.39,2909.73,2919.27,1136884,-0.731,2882.88,2830.98,2439.39,56.359,31.4227,29.2403,2.1824,2971.66,2794.1,6.159,2021,7,3,2021-07,False
2021-07-27,ASIANPAINT,2936.63,2938.63,2881.22,2888.23,904289,-1.063,2885.06,2835.93,2443.93,52.124,27.7793,28.9481,-1.1688,2972.01,2798.11,6.028,2021,7,3,2021-07,False
2021-07-28,ASIANPAINT,2889.85,2892.38,2845.65,2864.82,996594,-0.811,2885.18,2839.67,2448.29,49.125,22.7407,27.7066,-4.966,2972.01,2798.36,6.018,2021,7,3,2021-07,False
2021-07-29,ASIANPAINT,2864.82,2899.01,2851.66,2858.48,762683,-0.221,2885.41,2843.4,2452.68,48.314,18.0279,25.7709,-7.7429,2971.91,2798.91,5.996,2021,7,3,2021-07,False
2021-07-30,ASIANPAINT,2868.54,2869.16,2815.04,2821.28,1067423,-1.301,2882.4,2846.8,2457.08,43.753,11.1633,22.8494,-11.6861,2973.54,2791.26,6.324,2021,7,3,2021-07,False
2021-08-02,ASIANPAINT,2847.18,2848.32,2823.38,2836.16,832285,0.527,2880.92,2849.76,2461.41,45.951,6.8446,19.6484,-12.8038,2974.14,2787.71,6.471,2021,8,3,2021-08,False
2021-08-03,ASIANPAINT,2879.98,2922.89,2855.38,2886.66,2433031,1.78,2881.51,2853.99,2466.06,52.706,7.4111,17.2009,-9.7899,2974.71,2788.3,6.469,2021,8,3,2021-08,False
2021-08-04,ASIANPAINT,2899.63,2911.74,2872.35,2878.65,659295,-0.277,2882.27,2856.25,2470.65,51.605,7.1314,15.187,-8.0556,2975.1,2789.45,6.441,2021,8,3,2021-08,False
2021-08-05,ASIANPAINT,2893.33,2899.05,2841.88,2849.85,693694,-1.0,2879.81,2857.42,2474.99,47.74,4.5336,13.0564,-8.5227,2973.36,2786.26,6.497,2021,8,3,2021-08,False
2021-08-06,ASIANPAINT,2856.14,2861.86,2824.15,2828.91,744159,-0.735,2876.86,2858.03,2479.37,45.097,0.7769,10.6005,-9.8236,2973.02,2780.7,6.685,2021,8,3,2021-08,False
2021-08-09,ASIANPAINT,2855.81,2875.21,2835.21,2853.8,825462,0.88,2876.0,2859.29,2483.83,48.732,-0.1898,8.4424,-8.6322,2972.69,2779.31,6.724,2021,8,3,2021-08,False
2021-08-10,ASIANPAINT,2859.0,2868.82,2823.29,2839.12,724335,-0.515,2874.94,2859.56,2487.99,46.764,-2.1166,6.3306,-8.4472,2972.81,2777.07,6.809,2021,8,3,2021-08,False
2021-08-11,ASIANPAINT,2848.89,2862.29,2815.66,2834.78,987941,-0.153,2873.92,2860.63,2492.15,46.171,-3.9482,4.2749,-8.223,2973.07,2774.78,6.9,2021,8,3,2021-08,False
2021-08-12,ASIANPAINT,2836.11,2846.84,2820.86,2837.54,438552,0.098,2872.66,2862.28,2496.39,46.636,-5.1175,2.3964,-7.5139,2973.04,2772.28,6.989,2021,8,3,2021-08,False
2021-08-13,ASIANPAINT,2842.69,2862.81,2835.26,2850.13,572250,0.444,2872.91,2863.57,2500.59,48.802,-4.9712,0.9229,-5.8941,2973.03,2772.78,6.97,2021,8,3,2021-08,False
2021-08-16,ASIANPAINT,2841.83,2845.79,2822.76,2833.63,461742,-0.579,2872.05,2864.73,2504.91,46.158,-6.1161,-0.4849,-5.6311,2973.26,2770.85,7.048,2021,8,3,2021-08,False
2021-08-17,ASIANPAINT,2836.11,2902.87,2835.25,2875.5,2036757,1.477,2873.64,2866.57,2508.87,53.102,-3.6037,-1.1087,-2.495,2973.97,2773.32,6.983,2021,8,3,2021-08,False
2021-08-18,ASIANPAINT,2906.68,2906.68,2853.8,2862.39,1375320,-0.456,2866.13,2868.28,2512.94,50.888,-2.6402,-1.415,-1.2252,2942.23,2790.04,5.31,2021,8,3,2021-08,False
2021-08-20,ASIANPAINT,2862.34,2979.21,2862.34,2968.62,3931334,3.711,2866.43,2871.79,2517.22,63.987,6.6194,0.1919,6.4275,2944.13,2788.73,5.422,2021,8,3,2021-08,False
2021-08-23,ASIANPAINT,3012.58,3017.16,2909.54,2934.77,1578949,-1.14,2866.13,2874.21,2521.4,58.621,11.0979,2.3731,8.7248,2942.66,2789.6,5.34,2021,8,3,2021-08,False
2021-08-24,ASIANPAINT,2949.41,2949.41,2893.86,2904.73,763704,-1.024,2865.4,2875.92,2525.62,54.272,12.084,4.3153,7.7687,2940.06,2790.74,5.211,2021,8,3,2021-08,False
2021-08-25,ASIANPAINT,2885.7,2927.66,2872.92,2897.19,797870,-0.259,2865.85,2877.6,2529.88,53.206,12.1179,5.8758,6.2421,2941.19,2790.51,5.258,2021,8,3,2021-08,False
2021-08-26,ASIANPAINT,2921.94,2941.49,2885.89,2898.72,1319516,0.053,2867.54,2877.56,2534.08,53.406,12.128,7.1262,5.0018,2944.3,2790.79,5.353,2021,8,3,2021-08,False
2021-08-27,ASIANPAINT,2899.48,2916.17,2880.46,2896.0,634375,-0.094,2869.42,2877.9,2537.94,52.972,11.781,8.0572,3.7238,2947.07,2791.77,5.412,2021,8,3,2021-08,False
2021-08-30,ASIANPAINT,2914.98,2969.86,2906.73,2964.62,1051747,2.369,2876.59,2878.82,2542.28,61.474,16.8483,9.8154,7.0329,2961.64,2791.54,5.913,2021,8,3,2021-08,False
2021-08-31,ASIANPAINT,2964.62,3061.17,2959.18,3052.92,2283290,2.979,2887.43,2881.76,2546.99,69.194,27.6709,13.3865,14.2843,3001.18,2773.67,7.88,2021,8,3,2021-08,False
2021-09-01,ASIANPAINT,3080.29,3178.47,3065.94,3149.62,2423168,3.167,2900.57,2886.23,2552.3,75.082,43.5485,19.4189,24.1296,3063.93,2737.22,11.264,2021,9,3,2021-09,False
2021-09-02,ASIANPAINT,3159.35,3165.12,3115.19,3148.52,847517,-0.035,2914.07,2891.78,2557.69,74.907,55.4046,26.6161,28.7886,3110.95,2717.19,13.512,2021,9,3,2021-09,False
2021-09-03,ASIANPAINT,3148.52,3189.86,3134.12,3184.0,832039,1.127,2930.78,2898.48,2563.31,76.79,66.8921,34.6713,32.2208,3158.94,2702.62,15.57,2021,9,3,2021-09,False
2021-09-06,ASIANPAINT,3187.05,3192.49,3152.63,3161.83,664394,-0.696,2947.42,2903.67,2568.77,73.098,73.3612,42.4093,30.952,3192.26,2702.59,16.614,2021,9,3,2021-09,False
2021-09-07,ASIANPAINT,3178.95,3237.21,3169.74,3181.57,1285818,0.624,2963.81,2910.01,2574.31,74.283,79.1683,49.7611,29.4073,3225.56,2702.06,17.663,2021,9,3,2021-09,False
2021-09-08,ASIANPAINT,3189.91,3205.69,3144.14,3181.9,702598,0.01,2980.95,2916.76,2579.84,74.304,82.8425,56.3774,26.4651,3253.0,2708.89,18.253,2021,9,3,2021-09,False
2021-09-09,ASIANPAINT,3151.77,3203.26,3151.77,3191.2,591745,0.292,2998.77,2923.34,2585.38,74.908,85.5187,62.2056,23.3131,3277.13,2720.41,18.565,2021,9,3,2021-09,False
2021-09-13,ASIANPAINT,3191.44,3217.57,3175.94,3210.94,610920,0.619,3017.44,2930.48,2591.18,76.186,88.2156,67.4076,20.808,3300.32,2734.56,18.75,2021,9,3,2021-09,False
2021-09-14,ASIANPAINT,3227.96,3231.49,3201.21,3206.6,569412,-0.135,3035.26,2936.98,2596.93,75.278,88.9771,71.7215,17.2556,3318.68,2751.85,18.675,2021,9,3,2021-09,False
2021-09-15,ASIANPAINT,3205.98,3227.06,3191.77,3196.87,587855,-0.303,3053.43,2943.6,2602.55,73.172,87.7838,74.934,12.8498,3328.88,2777.97,18.042,2021,9,3,2021-09,False
2021-09-16,ASIANPAINT,3194.68,3214.71,3180.38,3187.15,516746,-0.304,3069.01,2949.84,2608.01,71.032,85.0726,76.9617,8.1109,3337.25,2800.77,17.481,2021,9,3,2021-09,False
2021-09-17,ASIANPAINT,3196.59,3225.2,3132.74,3149.91,1545695,-1.168,3083.38,2955.58,2613.53,63.389,79.0082,77.371,1.6372,3335.32,2831.45,16.342,2021,9,3,2021-09,False
2021-09-20,ASIANPAINT,3146.95,3161.3,3113.62,3119.87,689288,-0.954,3090.95,2959.99,2618.91,57.97,70.9603,76.0889,-5.1286,3337.4,2844.49,15.947,2021,9,3,2021-09,False
2021-09-21,ASIANPAINT,3119.87,3180.38,3119.34,3155.77,922057,1.151,3102.0,2965.35,2624.17,62.137,66.7104,74.2132,-7.5028,3338.58,2865.41,15.254,2021,9,3,2021-09,False
2021-09-22,ASIANPAINT,3174.18,3175.56,3135.79,3163.69,825945,0.251,3114.94,2971.2,2629.41,63.007,63.2519,72.0209,-8.769,3333.75,2896.14,14.049,2021,9,3,2021-09,False
2021-09-23,ASIANPAINT,3185.14,3185.14,3161.3,3166.69,694716,0.095,3128.42,2977.33,2634.26,63.352,60.061,69.6289,-9.5679,3322.57,2934.27,12.412,2021,9,3,2021-09,False
2021-09-24,ASIANPAINT,3175.61,3342.49,3166.88,3288.71,2775975,3.853,3147.92,2986.0,2639.26,73.957,66.6102,69.0252,-2.415,3322.26,2973.58,11.076,2021,9,3,2021-09,False
2021-09-27,ASIANPAINT,3301.11,3309.12,3259.19,3271.59,902449,-0.52,3166.7,2994.18,2644.05,70.859,69.6168,69.1435,0.4733,3303.7,3029.7,8.652,2021,9,3,2021-09,False
2021-09-28,ASIANPAINT,3266.11,3270.69,3194.68,3223.0,961271,-1.485,3179.62,3001.73,2648.43,62.816,67.303,68.7754,-1.4724,3280.29,3078.94,6.333,2021,9,3,2021-09,False
2021-09-29,ASIANPAINT,3208.98,3224.91,3156.53,3168.98,973387,-1.676,3185.42,3008.1,2652.7,55.299,60.4137,67.1031,-6.6894,3266.9,3103.94,5.116,2021,9,3,2021-09,False
2021-09-30,ASIANPAINT,3175.51,3192.49,3070.71,3094.21,2077896,-2.359,3182.65,3013.11,2656.21,46.93,48.3635,63.3551,-14.9917,3272.58,3092.72,5.651,2021,9,3,2021-09,False
2021-10-01,ASIANPAINT,3097.41,3102.13,3023.03,3030.51,1512332,-2.059,3176.75,3013.47,2659.37,41.208,33.2895,57.342,-24.0525,3288.86,3064.64,7.058,2021,10,4,2021-10,False
2021-10-04,ASIANPAINT,3054.3,3080.72,3030.65,3053.16,921241,0.747,3170.21,3015.28,2662.68,43.83,22.9068,50.455,-27.5482,3295.08,3045.33,7.878,2021,10,4,2021-10,False
2021-10-05,ASIANPAINT,3059.79,3108.85,3043.67,3103.85,909337,1.66,3167.31,3018.54,2666.11,49.282,18.5545,44.0749,-25.5204,3295.64,3038.97,8.104,2021,10,4,2021-10,False
2021-10-06,ASIANPAINT,3110.76,3127.93,3052.25,3063.32,786378,-1.306,3161.4,3021.42,2669.43,45.481,11.7,37.5999,-25.8999,3297.62,3025.17,8.618,2021,10,4,2021-10,False
2021-10-07,ASIANPAINT,3070.71,3164.16,3070.71,3138.27,1177283,2.447,3159.21,3026.42,2672.87,52.741,12.1757,32.5151,-20.3394,3295.45,3022.98,8.625,2021,10,4,2021-10,False
2021-10-08,ASIANPAINT,3153.67,3174.65,3112.76,3153.58,882436,0.488,3157.33,3032.2,2676.42,54.086,13.6306,28.7382,-15.1076,3292.75,3021.92,8.578,2021,10,4,2021-10,False
2021-10-11,ASIANPAINT,3172.17,3189.29,3144.85,3152.77,460197,-0.026,3154.42,3038.08,2679.84,53.998,14.5505,25.9006,-11.3501,3287.47,3021.38,8.435,2021,10,4,2021-10,False
2021-10-12,ASIANPAINT,3127.93,3180.38,3127.93,3169.17,564524,0.52,3152.55,3045.04,2683.57,55.567,16.4138,24.0033,-7.5894,3283.55,3021.56,8.31,2021,10,4,2021-10,False
2021-10-13,ASIANPAINT,3188.01,3203.17,3138.8,3169.41,770144,0.008,3151.18,3051.7,2687.07,55.591,17.7057,22.7438,-5.038,3280.78,3021.58,8.226,2021,10,4,2021-10,False
2021-10-14,ASIANPAINT,3187.05,3197.49,3137.46,3144.9,648597,-0.773,3149.07,3056.87,2690.26,52.491,16.561,21.5072,-4.9462,3277.58,3020.56,8.162,2021,10,4,2021-10,False
2021-10-18,ASIANPAINT,3101.7,3131.69,3082.15,3091.21,1576121,-1.707,3146.13,3061.12,2693.15,46.387,11.1925,19.4443,-8.2518,3277.22,3015.05,8.333,2021,10,4,2021-10,False
2021-10-19,ASIANPAINT,3109.71,3117.53,3028.84,3036.14,1042069,-1.782,3141.95,3064.85,2695.6,41.107,2.4656,16.0485,-13.583,3281.63,3002.27,8.891,2021,10,4,2021-10,False
2021-10-20,ASIANPAINT,3042.1,3070.66,2991.22,3022.64,1205540,-0.444,3135.29,3068.72,2697.91,39.909,-5.4763,11.7436,-17.2198,3284.56,2986.02,9.522,2021,10,4,2021-10,False
2021-10-21,ASIANPAINT,3045.91,3047.3,2785.05,2862.81,5103543,-5.288,3120.25,3068.9,2699.25,29.089,-24.386,4.5176,-28.9037,3312.05,2928.44,12.294,2021,10,4,2021-10,False
2021-10-22,ASIANPAINT,2837.07,2863.72,2777.13,2844.12,2855592,-0.653,3104.12,3069.0,2700.36,28.129,-40.4145,-4.4688,-35.9457,3330.59,2877.65,14.592,2021,10,4,2021-10,False
2021-10-25,ASIANPAINT,2813.23,2813.23,2724.78,2782.76,2161537,-2.158,3078.82,3067.96,2701.1,25.189,-57.4072,-15.0565,-42.3507,3330.14,2827.5,16.326,2021,10,4,2021-10,False
2021-10-26,ASIANPAINT,2782.76,2883.8,2763.64,2832.11,1988263,1.773,3056.85,3067.85,2702.2,31.399,-66.1295,-25.2711,-40.8585,3313.99,2799.71,16.824,2021,10,4,2021-10,False
2021-10-27,ASIANPAINT,2888.75,2999.19,2888.75,2951.17,4609951,4.204,3043.25,3069.87,2703.7,43.57,-62.7119,-32.7592,-29.9527,3292.02,2794.49,16.348,2021,10,4,2021-10,False
2021-10-28,ASIANPAINT,2962.63,3005.21,2923.48,2975.32,1791065,0.819,3033.57,3072.71,2705.26,45.676,-57.3927,-37.6859,-19.7067,3276.74,2790.4,16.032,2021,10,4,2021-10,False
2021-10-29,ASIANPAINT,2983.63,3002.44,2943.82,2959.86,1118903,-0.52,3026.85,3074.39,2706.82,44.53,-53.805,-40.9097,-12.8952,3270.39,2783.32,16.092,2021,10,4,2021-10,False
2021-11-01,ASIANPAINT,2986.5,3000.1,2951.79,2980.58,750393,0.7,3024.36,3076.76,2708.22,46.467,-48.7282,-42.4734,-6.2548,3268.76,2779.95,16.162,2021,11,4,2021-11,False
2021-11-02,ASIANPAINT,2978.86,2997.76,2940.67,2962.96,881916,-0.591,3019.85,3076.64,2709.52,45.027,-45.6005,-43.0988,-2.5017,3265.34,2774.36,16.259,2021,11,4,2021-11,False
2021-11-03,ASIANPAINT,2961.77,3038.91,2954.99,3027.22,879227,2.169,3016.02,3078.49,2711.74,50.993,-37.5047,-41.98,4.4753,3258.36,2773.67,16.07,2021,11,4,2021-11,False
2021-11-04,ASIANPAINT,3035.19,3045.69,3002.73,3016.33,263595,-0.36,3013.67,3080.72,2714.0,50.003,-31.6026,-39.9045,8.3019,3254.99,2772.35,16.015,2021,11,4,2021-11,False
2021-11-08,ASIANPAINT,3021.82,3037.1,2955.13,2996.04,787824,-0.673,3006.56,3082.7,2716.34,48.128,-28.2368,-37.571,9.3342,3240.69,2772.42,15.575,2021,11,4,2021-11,False
2021-11-09,ASIANPAINT,2997.95,3012.27,2978.86,3002.87,668840,0.228,2999.02,3084.78,2719.06,48.823,-24.7335,-35.0035,10.27,3222.7,2775.34,14.917,2021,11,4,2021-11,False
2021-11-10,ASIANPAINT,2990.31,2994.75,2941.14,2967.69,872975,-1.172,2989.77,3086.22,2721.62,45.442,-24.5134,-32.9055,8.3921,3201.67,2777.86,14.175,2021,11,4,2021-11,False
2021-11-11,ASIANPAINT,2950.21,2966.11,2913.93,2924.91,958143,-1.441,2977.55,3085.42,2723.69,41.663,-27.4738,-31.8191,4.3454,3173.47,2781.64,13.16,2021,11,4,2021-11,False
2021-11-12,ASIANPAINT,2949.26,2986.5,2936.66,2981.63,682344,1.939,2968.16,3084.0,2725.8,47.854,-24.9559,-30.4465,5.4905,3142.14,2794.19,11.723,2021,11,4,2021-11,False
2021-11-15,ASIANPAINT,2984.59,3036.14,2984.59,3025.35,696377,1.467,2962.19,3081.51,2728.04,52.077,-19.2106,-28.1993,8.9887,3117.84,2806.53,10.51,2021,11,4,2021-11,False
2021-11-16,ASIANPAINT,3021.82,3063.83,2978.95,3009.12,1400107,-0.537,2958.08,3078.73,2730.77,50.444,-15.7852,-25.7165,9.9313,3103.4,2812.76,9.825,2021,11,4,2021-11,False
2021-11-17,ASIANPAINT,3026.6,3093.33,3021.87,3084.12,1616452,2.492,2960.48,3076.73,2734.26,57.133,-6.9389,-21.961,15.0221,3112.65,2808.31,10.28,2021,11,4,2021-11,False
2021-11-18,ASIANPAINT,3102.83,3112.52,3068.6,3080.87,1609821,-0.105,2963.39,3075.11,2738.1,56.776,-0.1879,-17.6064,17.4185,3122.63,2804.15,10.747,2021,11,4,2021-11,False
2021-11-22,ASIANPAINT,3094.38,3158.69,3069.61,3113.72,2146970,1.066,2975.94,3073.75,2742.09,59.532,7.7235,-12.5404,20.2639,3141.23,2810.64,11.109,2021,11,4,2021-11,False
2021-11-23,ASIANPAINT,3113.72,3139.54,3028.08,3041.44,1482618,-2.321,2985.8,3070.94,2745.87,51.716,8.0683,-8.4186,16.487,3141.23,2830.38,10.411,2021,11,4,2021-11,False
2021-11-24,ASIANPAINT,3041.92,3063.74,3007.5,3014.18,1056213,-0.896,2997.37,3067.4,2749.33,49.097,6.0721,-5.5205,11.5926,3120.19,2874.56,8.195,2021,11,4,2021-11,False
2021-11-25,ASIANPAINT,3013.71,3029.79,2972.17,3002.01,728825,-0.404,3005.87,3063.22,2752.65,47.93,3.4677,-3.7228,7.1906,3100.92,2910.82,6.324,2021,11,4,2021-11,False
2021-11-26,ASIANPAINT,2960.72,3024.07,2951.17,3000.91,1029110,-0.037,3008.36,3059.11,2756.01,47.82,1.3003,-2.7182,4.0185,3099.92,2916.8,6.087,2021,11,4,2021-11,False
2021-11-29,ASIANPAINT,2989.36,3035.09,2932.93,3002.06,876651,0.038,3009.69,3055.21,2759.63,47.955,-0.3213,-2.2389,1.9175,3100.0,2919.39,6.001,2021,11,4,2021-11,False
2021-11-30,ASIANPAINT,2975.18,3044.74,2975.18,3001.44,2340489,-0.021,3011.77,3051.5,2763.36,47.883,-1.6377,-2.1186,0.4809,3099.11,2924.44,5.8,2021,11,4,2021-11,False
2021-12-01,ASIANPAINT,3013.13,3055.0,2982.77,2996.19,1741820,-0.175,3012.55,3048.42,2766.87,47.235,-3.0692,-2.3087,-0.7605,3098.99,2926.12,5.739,2021,12,4,2021-12,False
2021-12-02,ASIANPAINT,3017.05,3049.51,3009.65,3036.72,939320,1.353,3016.24,3046.76,2770.16,52.565,-0.9227,-2.0315,1.1088,3100.02,2932.46,5.555,2021,12,4,2021-12,False
2021-12-03,ASIANPAINT,3040.92,3043.26,2965.49,2969.74,1216263,-2.206,3013.37,3043.04,2773.1,44.555,-4.5733,-2.5399,-2.0334,3099.48,2927.26,5.715,2021,12,4,2021-12,False
2021-12-06,ASIANPAINT,2974.08,2974.08,2891.26,2900.85,1107363,-2.32,3007.59,3037.78,2775.71,38.121,-12.8765,-4.6072,-8.2693,3107.28,2907.91,6.629,2021,12,4,2021-12,False
2021-12-07,ASIANPAINT,2902.48,2930.16,2879.99,2893.26,2056459,-0.262,3002.45,3032.32,2778.38,37.479,-19.8407,-7.6539,-12.1868,3114.48,2890.43,7.462,2021,12,4,2021-12,False
2021-12-08,ASIANPAINT,2894.74,2981.72,2893.88,2967.88,1171484,2.579,3000.7,3025.9,2781.57,46.942,-19.1187,-9.9469,-9.1718,3113.79,2887.62,7.537,2021,12,4,2021-12,False
2021-12-09,ASIANPAINT,3009.79,3039.06,2970.26,3034.9,1287243,2.258,3004.07,3021.17,2785.12,53.718,-12.9884,-10.5552,-2.4332,3117.02,2891.11,7.52,2021,12,4,2021-12,False
2021-12-10,ASIANPAINT,3039.96,3143.08,3034.9,3134.63,2554394,3.286,3014.55,3019.4,2789.46,61.581,-0.0822,-8.4606,8.3784,3135.24,2893.87,8.007,2021,12,4,2021-12,False
2021-12-13,ASIANPAINT,3136.49,3189.86,3122.98,3131.48,1265832,-0.101,3022.04,3018.65,2793.39,61.227,9.779,-4.8127,14.5917,3152.34,2891.74,8.623,2021,12,4,2021-12,False
2021-12-14,ASIANPAINT,3125.89,3155.49,3102.02,3148.33,863179,0.538,3028.19,3019.73,2797.67,62.469,18.7379,-0.1026,18.8405,3170.23,2886.16,9.381,2021,12,4,2021-12,False
2021-12-15,ASIANPAINT,3129.85,3164.03,3118.73,3152.58,811946,0.135,3035.37,3022.17,2802.11,62.793,25.8824,5.0944,20.7879,3187.48,2883.25,10.023,2021,12,4,2021-12,False
2021-12-16,ASIANPAINT,3174.58,3174.58,3122.64,3149.38,502930,-0.101,3038.63,3024.1,2806.6,62.357,30.9298,10.2615,20.6683,3197.78,2879.48,10.475,2021,12,4,2021-12,False
2021-12-17,ASIANPAINT,3126.85,3144.32,3081.69,3096.96,1019403,-1.664,3039.43,3023.96,2810.88,55.549,30.3505,14.2793,16.0712,3199.64,2879.22,10.542,2021,12,4,2021-12,False
2021-12-20,ASIANPAINT,3081.02,3126.85,3037.1,3092.9,948872,-0.131,3038.39,3024.55,2815.08,55.048,29.227,17.2688,11.9582,3196.83,2879.95,10.429,2021,12,4,2021-12,False
2021-12-21,ASIANPAINT,3100.11,3146.9,3093.43,3123.36,712026,0.985,3042.49,3024.25,2819.89,58.103,30.4434,19.9037,10.5396,3205.43,2879.54,10.711,2021,12,4,2021-12,False
2021-12-22,ASIANPAINT,3127.51,3137.01,3094.38,3131.72,619865,0.267,3048.36,3023.81,2824.34,58.927,31.7159,22.2662,9.4497,3215.43,2881.29,10.961,2021,12,4,2021-12,False
2021-12-23,ASIANPAINT,3141.17,3158.26,3102.98,3120.07,1051596,-0.372,3054.27,3023.16,2828.6,57.236,31.4222,24.0974,7.3248,3222.78,2885.76,11.034,2021,12,4,2021-12,False
2021-12-24,ASIANPAINT,3131.62,3150.71,3113.48,3136.2,651404,0.517,3061.03,3022.5,2832.88,58.992,32.1212,25.7021,6.4191,3231.38,2890.69,11.13,2021,12,4,2021-12,False
2021-12-27,ASIANPAINT,3131.71,3136.15,3080.25,3124.36,640701,-0.378,3067.15,3021.6,2837.04,57.138,31.3583,26.8334,4.525,3237.36,2896.94,11.099,2021,12,4,2021-12,False
2021-12-28,ASIANPAINT,3127.75,3222.32,3124.94,3215.83,1211648,2.928,3077.87,3023.02,2841.79,66.021,37.6997,29.0067,8.6931,3257.4,2898.33,11.666,2021,12,4,2021-12,False
2021-12-29,ASIANPAINT,3219.65,3232.82,3194.82,3215.11,598421,-0.022,3088.81,3025.5,2846.56,65.906,42.1814,31.6416,10.5398,3273.99,2903.64,11.99,2021,12,4,2021-12,False
2021-12-30,ASIANPAINT,3211.1,3236.64,3198.74,3213.44,691223,-0.052,3097.65,3029.04,2851.13,65.618,45.0786,34.329,10.7496,3289.12,2906.18,12.362,2021,12,4,2021-12,False
2021-12-31,ASIANPAINT,3236.64,3250.96,3209.34,3229.91,570671,0.513,3110.66,3033.19,2855.74,67.14,48.1486,37.0929,11.0557,3300.88,2920.43,12.231,2021,12,4,2021-12,False
2022-01-03,ASIANPAINT,3229.96,3285.24,3229.96,3267.58,696276,1.166,3128.99,3041.28,2860.69,70.371,53.0099,40.2763,12.7335,3304.17,2953.82,11.197,2022,1,1,2022-01,False
2022-01-04,ASIANPAINT,3278.65,3315.36,3260.56,3302.81,790886,1.078,3149.47,3050.46,2866.03,73.041,59.0248,44.026,14.9988,3303.04,2995.9,9.752,2022,1,1,2022-01,False
2022-01-05,ASIANPAINT,3313.02,3379.86,3295.89,3367.25,1024506,1.951,3169.44,3062.15,2871.15,77.105,68.2058,48.862,19.3438,3327.39,3011.49,9.967,2022,1,1,2022-01,False
2022-01-06,ASIANPAINT,3333.22,3377.52,3295.98,3355.65,1312743,-0.345,3185.48,3072.62,2876.43,74.916,73.6962,53.8288,19.8674,3350.87,3020.09,10.384,2022,1,1,2022-01,False
2022-01-07,ASIANPAINT,3355.65,3419.96,3338.37,3414.51,964364,1.754,3199.47,3081.88,2882.1,78.285,81.8534,59.4337,22.4197,3391.9,3007.04,12.029,2022,1,1,2022-01,False
2022-01-10,ASIANPAINT,3418.05,3427.6,3367.45,3392.75,657511,-0.638,3212.54,3090.23,2887.62,74.31,85.5751,64.662,20.9131,3420.38,3004.69,12.94,2022,1,1,2022-01,False
2022-01-11,ASIANPAINT,3389.98,3402.77,3336.94,3378.66,734344,-0.415,3224.05,3098.61,2893.01,71.771,86.3923,69.0081,17.3842,3442.19,3005.91,13.532,2022,1,1,2022-01,False
2022-01-12,ASIANPAINT,3395.99,3420.39,3374.13,3383.49,594543,0.143,3235.6,3106.67,2898.49,72.122,86.4327,72.493,13.9397,3462.09,3009.1,14.0,2022,1,1,2022-01,False
2022-01-13,ASIANPAINT,3398.95,3398.95,3293.93,3299.9,1153984,-2.471,3243.12,3113.41,2903.39,58.527,78.8112,73.7566,5.0546,3467.55,3018.7,13.84,2022,1,1,2022-01,False
2022-01-14,ASIANPAINT,3305.39,3305.39,3194.63,3212.2,1558978,-2.658,3248.89,3117.11,2908.06,48.251,64.9463,71.9946,-7.0483,3463.2,3034.57,13.193,2022,1,1,2022-01,False
2022-01-17,ASIANPAINT,3212.2,3245.24,3170.76,3225.81,1103159,0.424,3255.53,3121.3,2912.3,49.726,54.4286,68.4814,-14.0528,3457.36,3053.7,12.399,2022,1,1,2022-01,False
2022-01-18,ASIANPAINT,3226.19,3242.8,3199.41,3221.08,558543,-0.147,3260.42,3125.8,2916.17,49.202,45.191,63.8233,-18.6323,3453.3,3067.53,11.832,2022,1,1,2022-01,False
2022-01-19,ASIANPAINT,3217.55,3217.55,3119.92,3132.0,1495218,-2.766,3260.43,3128.38,2919.79,40.524,30.3325,57.1251,-26.7926,3453.28,3067.58,11.83,2022,1,1,2022-01,False
2022-01-20,ASIANPAINT,3133.53,3212.68,3076.24,3156.82,3075678,0.793,3262.27,3132.16,2923.47,43.514,20.3258,49.7653,-29.4394,3450.12,3074.42,11.517,2022,1,1,2022-01,False
2022-01-21,ASIANPAINT,3150.76,3174.54,3095.1,3126.7,1441694,-0.954,3261.79,3136.2,2927.19,40.832,9.8513,41.7825,-31.9312,3451.03,3072.56,11.603,2022,1,1,2022-01,False
2022-01-24,ASIANPAINT,3120.16,3122.07,2993.18,3012.42,1575665,-3.655,3256.2,3136.81,2929.86,32.617,-7.5843,31.9091,-39.4935,3467.84,3044.55,13.0,2022,1,1,2022-01,False
2022-01-25,ASIANPAINT,2959.76,3014.14,2874.55,3004.73,2699779,-0.255,3245.64,3136.4,2932.41,32.149,-21.7714,21.173,-42.9444,3485.01,3006.28,14.75,2022,1,1,2022-01,False
2022-01-27,ASIANPAINT,2998.05,3000.82,2932.31,2975.95,1834684,-0.958,3233.68,3135.74,2934.72,30.389,-34.9349,9.9514,-44.8863,3501.66,2965.71,16.574,2022,1,1,2022-01,False
2022-01-28,ASIANPAINT,2988.4,3026.6,2962.63,2970.12,892060,-0.196,3221.52,3133.46,2937.09,30.03,-45.3146,-1.1018,-44.2128,3514.3,2928.73,18.177,2022,1,1,2022-01,False
2022-01-31,ASIANPAINT,2997.95,3048.99,2994.52,3009.65,944530,1.331,3210.5,3132.03,2939.79,35.581,-49.7772,-10.8369,-38.9404,3518.15,2902.85,19.165,2022,1,1,2022-01,False
2022-02-01,ASIANPAINT,3049.51,3067.03,2999.48,3051.66,1008915,1.396,3199.71,3130.79,2942.85,40.943,-49.3552,-18.5405,-30.8146,3514.01,2885.41,19.646,2022,2,1,2022-02,False
2022-02-02,ASIANPAINT,3059.82,3097.39,3047.74,3053.04,667265,0.045,3187.22,3131.02,2945.84,41.117,-48.3516,-24.5027,-23.8489,3504.11,2870.33,19.885,2022,2,1,2022-02,False
2022-02-03,ASIANPAINT,3067.51,3094.96,3045.88,3058.1,899753,0.166,3171.76,3131.9,2948.49,41.792,-46.6107,-28.9243,-17.6864,3481.76,2861.76,19.547,2022,2,1,2022-02,False
2022-02-04,ASIANPAINT,3043.78,3101.83,3032.37,3090.23,705765,1.051,3158.49,3133.67,2951.74,46.022,-42.1526,-31.57,-10.5827,3457.89,2859.1,18.958,2022,2,1,2022-02,False
2022-02-07,ASIANPAINT,3087.7,3104.12,3000.91,3031.08,860393,-1.914,3139.32,3134.27,2954.77,40.226,-42.8979,-33.8356,-9.0623,3418.08,2860.56,17.759,2022,2,1,2022-02,False
2022-02-08,ASIANPAINT,3035.19,3077.68,3022.97,3070.85,799206,1.312,3123.22,3135.65,2958.21,45.221,-39.8206,-35.0326,-4.788,3376.37,2870.08,16.211,2022,2,1,2022-02,False
2022-02-09,ASIANPAINT,3083.88,3111.57,3076.96,3082.31,472725,0.373,3108.41,3137.26,2961.68,46.606,-36.0418,-35.2344,-0.8074,3331.51,2885.31,14.355,2022,2,1,2022-02,False
2022-02-10,ASIANPAINT,3074.33,3101.07,3032.32,3092.24,728666,0.322,3093.84,3139.18,2965.0,47.836,-31.8785,-34.5632,2.6847,3275.52,2912.17,11.744,2022,2,1,2022-02,False
2022-02-11,ASIANPAINT,3083.83,3083.83,3038.53,3070.8,587840,-0.693,3082.39,3139.87,2968.14,45.404,-29.9632,-33.6432,3.68,3236.1,2928.68,9.973,2022,2,1,2022-02,False
2022-02-14,ASIANPAINT,2997.95,3038.72,2978.86,3001.25,681236,-2.265,3071.84,3140.5,2970.74,38.553,-33.6697,-33.6485,-0.0212,3216.74,2926.94,9.434,2022,2,1,2022-02,False
2022-02-15,ASIANPAINT,2997.95,3122.07,2991.13,3116.92,676844,3.854,3066.4,3144.82,2973.93,51.625,-26.9627,-32.3114,5.3487,3194.1,2938.69,8.329,2022,2,1,2022-02,False
2022-02-16,ASIANPAINT,3131.62,3136.49,3077.2,3105.7,624320,-0.36,3060.63,3149.07,2977.42,50.503,-22.2956,-30.3082,8.0126,3167.67,2953.59,6.994,2022,2,1,2022-02,False
2022-02-17,ASIANPAINT,3124.94,3145.89,3089.99,3118.11,636735,0.4,3059.93,3152.07,2980.76,51.752,-17.3948,-27.7255,10.3307,3165.19,2954.68,6.879,2022,2,1,2022-02,False
2022-02-18,ASIANPAINT,3089.75,3123.98,3083.93,3111.04,423801,-0.227,3057.64,3153.59,2984.04,50.964,-13.9206,-24.9645,11.044,3155.77,2959.51,6.419,2022,2,1,2022-02,False
2022-02-21,ASIANPAINT,3088.66,3130.14,3059.2,3104.55,547472,-0.209,3056.54,3152.99,2987.38,50.206,-11.5578,-22.2832,10.7254,3151.84,2961.23,6.236,2022,2,1,2022-02,False
2022-02-22,ASIANPAINT,2978.86,3090.37,2978.86,3081.16,1147209,-0.753,3059.97,3151.99,2990.69,47.47,-11.441,-20.1147,8.6738,3153.52,2966.42,6.114,2022,2,1,2022-02,False
2022-02-23,ASIANPAINT,3090.47,3147.75,3083.88,3090.76,935896,0.311,3064.28,3150.83,2994.04,48.705,-10.4536,-18.1825,7.7289,3155.0,2973.55,5.921,2022,2,1,2022-02,False
2022-02-24,ASIANPAINT,2988.4,3053.14,2913.46,2930.21,1823450,-5.194,3061.99,3146.39,2996.56,34.211,-22.3678,-19.0196,-3.3482,3163.72,2960.25,6.645,2022,2,1,2022-02,False
2022-02-25,ASIANPAINT,2964.54,2999.34,2943.58,2978.09,1239456,1.634,3062.39,3142.96,2999.32,39.951,-27.6277,-20.7412,-6.8865,3162.66,2962.12,6.549,2022,2,1,2022-02,False
2022-02-28,ASIANPAINT,2950.21,3046.17,2878.61,3031.04,1678348,1.778,3063.46,3141.64,3002.35,45.602,-27.2106,-22.0351,-5.1756,3161.8,2965.12,6.42,2022,2,1,2022-02,False
2022-03-02,ASIANPAINT,2966.45,2970.46,2855.79,2891.93,3014206,-4.589,3055.47,3137.62,3003.64,36.012,-37.6708,-25.1622,-12.5086,3180.24,2930.7,8.167,2022,3,1,2022-03,False
2022-03-03,ASIANPAINT,2891.97,2912.98,2732.53,2741.98,4406840,-5.185,3039.92,3130.0,3004.15,28.946,-57.3983,-31.6094,-25.7888,3227.63,2852.2,12.35,2022,3,1,2022-03,False
2022-03-04,ASIANPAINT,2734.25,2734.25,2541.62,2614.28,6979253,-4.657,3017.73,3119.65,3003.83,24.532,-82.387,-41.7649,-40.622,3284.62,2750.83,17.689,2022,3,1,2022-03,False
2022-03-07,ASIANPAINT,2530.02,2604.54,2481.76,2585.92,3233760,-1.085,2992.51,3108.96,3003.4,23.668,-103.2882,-54.0696,-49.2186,3319.17,2665.86,21.831,2022,3,1,2022-03,False
2022-03-08,ASIANPAINT,2568.31,2613.14,2518.66,2600.2,2611102,0.552,2970.97,3098.24,3003.15,25.097,-117.3481,-66.7253,-50.6228,3340.88,2601.05,24.902,2022,3,1,2022-03,False
2022-03-09,ASIANPAINT,2625.6,2759.26,2544.49,2744.89,4076068,5.565,2954.67,3090.65,3003.43,37.806,-115.4838,-76.477,-39.0068,3334.64,2574.7,25.72,2022,3,1,2022-03,False
2022-03-10,ASIANPAINT,2864.29,2902.48,2760.41,2781.03,3971987,1.317,2939.6,3081.96,3003.96,40.52,-109.8243,-83.1465,-26.6779,3322.15,2557.06,26.027,2022,3,1,2022-03,False
2022-03-11,ASIANPAINT,2785.04,2806.95,2751.96,2799.36,1265493,0.659,2924.96,3073.64,3004.13,41.905,-102.6764,-87.0525,-15.6239,3305.32,2544.6,26.008,2022,3,1,2022-03,False
2022-03-14,ASIANPAINT,2816.55,2837.89,2785.33,2828.77,1214217,1.05,2912.86,3065.95,3004.32,44.152,-93.5602,-88.354,-5.2062,3289.06,2536.66,25.83,2022,3,1,2022-03,False
2022-03-15,ASIANPAINT,2862.38,2894.84,2831.82,2852.02,1857685,0.822,2905.4,3058.39,3004.58,45.932,-83.4971,-87.3826,3.8855,3280.14,2530.66,25.796,2022,3,1,2022-03,False
2022-03-16,ASIANPAINT,2905.34,2912.02,2874.55,2904.39,1287234,1.836,2894.77,3051.13,3005.15,49.813,-70.4838,-84.0029,13.519,3256.07,2533.48,24.962,2022,3,1,2022-03,False
2022-03-17,ASIANPAINT,2972.65,3020.2,2937.33,2994.71,2867519,3.11,2889.22,3044.97,3006.0,55.717,-52.28,-77.6583,25.3783,3240.14,2538.31,24.291,2022,3,1,2022-03,False
2022-03-21,ASIANPAINT,2976.28,2976.28,2893.02,2907.97,1259015,-2.896,2878.71,3035.78,3006.63,49.673,-44.3413,-70.9949,26.6536,3212.96,2544.47,23.222,2022,3,1,2022-03,False
2022-03-22,ASIANPAINT,2887.2,2924.15,2840.42,2913.12,1515772,0.177,2868.82,3026.93,3007.42,50.02,-37.205,-64.2369,27.0319,3185.35,2552.29,22.067,2022,3,1,2022-03,False
2022-03-23,ASIANPAINT,2921.57,2940.57,2869.06,2880.33,948403,-1.126,2857.61,3016.25,3007.89,47.764,-33.806,-58.1507,24.3447,3154.24,2560.97,20.761,2022,3,1,2022-03,False
2022-03-24,ASIANPAINT,2835.17,2901.47,2817.07,2888.49,1243917,0.283,2847.97,3006.16,3008.46,48.388,-30.1066,-52.5419,22.4353,3125.97,2569.98,19.522,2022,3,1,2022-03,False
2022-03-25,ASIANPAINT,2888.49,2925.92,2855.69,2909.11,1083275,0.714,2838.89,2996.77,3009.09,50.013,-25.22,-47.0775,21.8575,3094.45,2583.33,18.004,2022,3,1,2022-03,False
2022-03-28,ASIANPAINT,2909.11,2920.23,2860.13,2890.49,680332,-0.64,2836.91,2986.91,3009.65,48.528,-22.5892,-42.1799,19.5906,3090.09,2583.72,17.849,2022,3,1,2022-03,False
2022-03-29,ASIANPAINT,2930.16,2948.02,2876.41,2904.96,1120936,0.5,2833.25,2979.01,3010.21,49.776,-19.1168,-37.5673,18.4505,3079.87,2586.63,17.409,2022,3,1,2022-03,False
2022-03-30,ASIANPAINT,2938.76,2954.37,2917.66,2942.15,849545,1.28,2828.8,2973.61,3010.86,52.935,-13.2117,-32.6961,19.4844,3063.33,2594.28,16.581,2022,3,1,2022-03,False
2022-03-31,ASIANPAINT,2974.08,2987.69,2927.4,2940.62,1464862,-0.052,2831.24,2967.91,3011.46,52.788,-8.5566,-27.8682,19.3116,3069.5,2592.98,16.831,2022,3,1,2022-03,False
2022-04-01,ASIANPAINT,2969.31,2979.81,2947.97,2973.27,637392,1.11,2842.8,2962.95,3012.26,55.622,-2.2072,-22.736,20.5288,3085.24,2600.37,17.056,2022,4,2,2022-04,False
2022-04-04,ASIANPAINT,2983.58,3000.82,2953.56,2976.95,873264,0.124,2860.94,2959.85,3012.64,55.943,3.0859,-17.5716,20.6575,3084.96,2636.92,15.661,2022,4,2,2022-04,False
2022-04-05,ASIANPAINT,2969.31,3014.18,2940.67,2998.72,805874,0.731,2881.58,2956.69,3013.24,57.884,8.9342,-12.2705,21.2047,3072.54,2690.62,13.254,2022,4,2,2022-04,False
2022-04-06,ASIANPAINT,2995.09,3021.82,2972.17,3011.32,736379,0.42,2902.13,2954.38,3013.71,59.01,14.4198,-6.9324,21.3522,3048.97,2755.29,10.119,2022,4,2,2022-04,False
2022-04-07,ASIANPAINT,3011.32,3063.78,3003.2,3012.27,1025244,0.032,2915.5,2954.38,3014.24,59.099,18.6294,-1.8201,20.4495,3050.25,2780.75,9.244,2022,4,2,2022-04,False
2022-04-08,ASIANPAINT,3024.69,3074.33,3008.65,3061.21,678898,1.624,2929.51,2955.51,3014.91,63.485,25.6187,3.6677,21.951,3063.65,2795.37,9.158,2022,4,2,2022-04,False
2022-04-11,ASIANPAINT,3039.96,3076.24,3007.5,3014.61,672652,-1.522,2940.27,2956.28,3015.63,57.196,27.0858,8.3513,18.7345,3064.63,2815.91,8.459,2022,4,2,2022-04,False
2022-04-12,ASIANPAINT,3011.99,3019.05,2973.27,2987.12,794265,-0.912,2948.19,2956.62,3016.32,53.808,25.7331,11.8277,13.9055,3062.41,2833.97,7.748,2022,4,2,2022-04,False
2022-04-13,ASIANPAINT,2976.18,2980.67,2927.4,2941.29,1121350,-1.534,2952.65,2955.25,3016.52,48.637,20.7242,13.607,7.1172,3057.65,2847.65,7.112,2022,4,2,2022-04,False
2022-04-18,ASIANPAINT,2917.75,2919.66,2876.7,2884.86,1032504,-1.918,2951.68,2951.92,3016.62,43.14,12.0624,13.2981,-1.2356,3058.91,2844.45,7.266,2022,4,2,2022-04,False
2022-04-19,ASIANPAINT,2892.93,2920.81,2835.64,2855.88,749782,-1.004,2944.74,2947.97,3016.67,40.602,2.8271,11.2039,-8.3768,3058.04,2831.43,7.695,2022,4,2,2022-04,False
2022-04-20,ASIANPAINT,2855.98,2949.74,2845.19,2943.53,838182,3.069,2946.51,2945.68,3017.08,50.154,2.5511,9.4733,-6.9223,3058.5,2834.53,7.601,2022,4,2,2022-04,False
2022-04-21,ASIANPAINT,2950.02,3030.8,2946.44,3015.38,1069035,2.441,2951.63,2944.18,3017.89,56.35,8.037,9.1861,-1.1491,3066.49,2836.77,7.783,2022,4,2,2022-04,False
2022-04-22,ASIANPAINT,2980.29,3029.75,2972.41,3021.25,681191,0.195,2958.67,2943.99,3018.59,56.823,12.7119,9.8912,2.8207,3072.4,2844.94,7.688,2022,4,2,2022-04,False
2022-04-25,ASIANPAINT,2992.22,3012.37,2955.08,2988.98,1096774,-1.068,2963.7,2942.35,3019.2,53.402,13.6554,10.6441,3.0113,3073.17,2854.23,7.388,2022,4,2,2022-04,False
2022-04-26,ASIANPAINT,2988.4,3006.26,2965.3,2984.25,1703441,-0.158,2967.46,2940.39,3019.75,52.9,13.8619,11.2876,2.5743,3074.16,2860.75,7.192,2022,4,2,2022-04,False
2022-04-27,ASIANPAINT,2955.94,3020.87,2946.35,3005.93,963536,0.726,2973.23,2938.66,3020.46,54.99,15.5947,12.1491,3.4457,3074.77,2871.68,6.83,2022,4,2,2022-04,False
2022-04-28,ASIANPAINT,3045.69,3120.16,3026.6,3100.78,2001838,3.156,2983.02,2939.26,3021.47,62.778,24.3415,14.5875,9.7539,3094.15,2871.88,7.451,2022,4,2,2022-04,False
2022-04-29,ASIANPAINT,3102.02,3129.71,3075.57,3090.76,1088970,-0.323,2990.45,2941.05,3022.48,61.565,30.1172,17.6935,12.4237,3109.66,2871.24,7.973,2022,4,2,2022-04,False
2022-05-02,ASIANPAINT,3050.46,3066.22,3011.37,3055.24,595522,-1.149,2996.18,2939.82,3023.41,57.34,31.4658,20.4479,11.0179,3116.32,2876.04,8.02,2022,5,2,2022-05,False
2022-05-04,ASIANPAINT,3034.23,3050.18,2942.05,2960.57,1120002,-3.098,2995.54,2936.92,3023.91,47.904,24.6123,21.2808,3.3315,3116.33,2874.76,8.064,2022,5,2,2022-05,False
2022-05-05,ASIANPAINT,2964.3,2985.49,2931.12,2937.37,724601,-0.784,2993.57,2933.3,3024.32,45.91,17.1115,20.447,-3.3355,3116.9,2870.23,8.24,2022,5,2,2022-05,False
2022-05-06,ASIANPAINT,2883.38,2914.32,2868.01,2879.8,923941,-1.96,2987.62,2928.68,3024.4,41.314,6.4471,17.647,-11.1999,3120.97,2854.27,8.927,2022,5,2,2022-05,False
2022-05-09,ASIANPAINT,2865.1,2901.33,2840.42,2869.3,998324,-0.365,2980.52,2923.97,3024.52,40.518,-2.8194,13.5537,-16.3731,3123.34,2837.7,9.584,2022,5,2,2022-05,False
2022-05-10,ASIANPAINT,2912.98,2996.76,2898.66,2946.73,2460016,2.699,2977.24,2921.28,3025.0,48.417,-3.8706,10.0688,-13.9394,3120.0,2834.48,9.59,2022,5,2,2022-05,False
2022-05-11,ASIANPAINT,2950.6,2968.88,2844.24,2915.51,1883969,-1.06,2969.96,2917.78,3025.36,45.777,-7.1406,6.627,-13.7675,3109.51,2830.4,9.398,2022,5,2,2022-05,False
2022-05-12,ASIANPAINT,2904.39,2938.76,2852.83,2902.43,1254245,-0.449,2964.35,2917.22,3024.81,44.678,-10.6646,3.1687,-13.8332,3105.36,2823.34,9.514,2022,5,2,2022-05,False
2022-05-13,ASIANPAINT,2935.32,2975.28,2897.99,2925.39,1121729,0.791,2961.26,2916.17,3024.63,47.08,-11.4723,0.2405,-11.7128,3102.87,2819.65,9.564,2022,5,2,2022-05,False
2022-05-16,ASIANPAINT,2950.12,2950.12,2850.16,2864.19,733044,-2.092,2957.41,2912.83,3024.24,41.863,-16.8565,-3.1789,-13.6775,3105.36,2809.45,10.006,2022,5,2,2022-05,False
2022-05-17,ASIANPAINT,2863.24,2918.33,2817.5,2912.02,1179081,1.67,2958.76,2913.23,3024.21,46.823,-17.067,-5.9565,-11.1104,3104.4,2813.13,9.844,2022,5,2,2022-05,False
2022-05-18,ASIANPAINT,2892.93,2987.26,2889.11,2959.86,1379763,1.643,2963.96,2917.59,3024.56,51.297,-13.2216,-7.4095,-5.812,3101.32,2826.61,9.268,2022,5,2,2022-05,False
2022-05-19,ASIANPAINT,2864.76,2932.74,2864.72,2909.06,772390,-1.716,2962.24,2923.49,3024.79,46.795,-14.11,-8.7496,-5.3604,3101.53,2822.95,9.404,2022,5,2,2022-05,False
2022-05-20,ASIANPAINT,2940.67,2983.63,2931.12,2969.26,778957,2.069,2959.93,2931.15,3025.34,52.155,-9.8432,-8.9684,-0.8749,3097.03,2822.84,9.263,2022,5,2,2022-05,False
2022-05-23,ASIANPAINT,3001.72,3043.78,2988.45,3030.61,813294,2.066,2960.4,2939.76,3026.39,56.918,-1.4946,-7.4736,5.979,3098.44,2822.37,9.325,2022,5,2,2022-05,False
2022-05-24,ASIANPAINT,3031.13,3039.63,2931.12,2947.21,691307,-2.752,2958.31,2943.81,3026.94,49.677,-1.5895,-6.2968,4.7073,3095.79,2820.84,9.294,2022,5,2,2022-05,False
2022-05-25,ASIANPAINT,2901.52,2901.52,2698.44,2709.66,3381427,-8.06,2944.58,2942.38,3026.06,35.733,-20.5952,-9.1565,-11.4387,3120.6,2768.57,11.955,2022,5,2,2022-05,False
2022-05-26,ASIANPAINT,2721.07,2730.62,2595.57,2711.67,3212196,0.074,2929.87,2940.63,3025.22,35.897,-35.091,-14.3434,-20.7477,3131.61,2728.13,13.771,2022,5,2,2022-05,False
2022-05-27,ASIANPAINT,2738.26,2739.21,2655.19,2706.61,1879534,-0.187,2910.16,2938.18,3024.51,35.65,-46.4519,-20.7651,-25.6868,3118.51,2701.82,14.318,2022,5,2,2022-05,False
2022-05-30,ASIANPAINT,2749.71,2753.53,2689.56,2715.34,2525482,0.323,2891.39,2935.45,3023.94,36.462,-54.1267,-27.4374,-26.6893,3098.87,2683.91,14.352,2022,5,2,2022-05,False
2022-05-31,ASIANPAINT,2715.34,2747.81,2683.84,2730.29,2408221,0.55,2875.14,2931.97,3023.32,37.904,-58.3309,-33.6161,-24.7148,3079.47,2670.82,14.213,2022,5,2,2022-05,False
2022-06-01,ASIANPAINT,2730.29,2806.9,2703.93,2723.46,1770795,-0.25,2863.29,2926.54,3022.74,37.485,-61.5046,-39.1938,-22.3108,3074.16,2652.42,14.729,2022,6,2,2022-06,False
2022-06-02,ASIANPAINT,2740.36,2786.95,2719.16,2776.97,1164197,1.965,2855.27,2923.92,3022.45,42.818,-59.0212,-43.1593,-15.8619,3066.47,2644.06,14.794,2022,6,2,2022-06,False
2022-06-03,ASIANPAINT,2773.58,2787.38,2726.8,2756.3,1228489,-0.744,2849.09,2920.79,3022.05,41.351,-58.0519,-46.1378,-11.9141,3064.46,2633.73,15.118,2022,6,2,2022-06,False
2022-06-06,ASIANPAINT,2741.22,2742.08,2680.69,2689.99,1193698,-2.406,2840.13,2916.98,3021.25,36.974,-61.9205,-49.2943,-12.6261,3066.59,2613.66,15.948,2022,6,2,2022-06,False
2022-06-07,ASIANPAINT,2673.33,2677.15,2607.45,2620.54,1403598,-2.582,2823.82,2911.62,3020.18,33.03,-69.7867,-53.3928,-16.3938,3064.5,2583.14,17.046,2022,6,2,2022-06,False
2022-06-08,ASIANPAINT,2646.5,2649.46,2577.86,2582.82,1743575,-1.439,2807.18,2905.1,3018.72,31.091,-78.1627,-58.3468,-19.8159,3066.45,2547.92,18.472,2022,6,2,2022-06,False
2022-06-09,ASIANPAINT,2573.51,2590.41,2529.1,2580.04,1857501,-0.108,2791.06,2898.89,3017.31,30.946,-84.0566,-63.4888,-20.5678,3065.07,2517.06,19.634,2022,6,2,2022-06,False
2022-06-10,ASIANPAINT,2559.1,2627.28,2546.62,2601.12,1592920,0.817,2774.85,2892.81,3015.47,33.466,-86.035,-67.998,-18.037,3053.72,2495.98,20.1,2022,6,2,2022-06,False
2022-06-13,ASIANPAINT,2563.86,2576.39,2537.5,2555.02,1674206,-1.772,2759.39,2885.07,3013.57,30.818,-90.2814,-72.4547,-17.8268,3051.38,2467.41,21.163,2022,6,2,2022-06,False
2022-06-14,ASIANPAINT,2513.01,2560.4,2482.28,2530.68,2296040,-0.953,2740.33,2876.87,3011.7,29.49,-94.5215,-76.868,-17.6534,3040.04,2440.61,21.875,2022,6,2,2022-06,False
2022-06-15,ASIANPAINT,2544.7,2576.97,2522.71,2555.41,928842,0.977,2720.1,2868.51,3009.99,32.663,-94.7937,-80.4532,-14.3406,3011.93,2428.28,21.457,2022,6,2,2022-06,False
2022-06-16,ASIANPAINT,2587.86,2617.15,2535.1,2551.85,1280628,-0.139,2702.24,2860.01,3008.26,32.437,-94.2102,-83.2046,-11.0056,2989.05,2415.43,21.228,2022,6,2,2022-06,False
2022-06-17,ASIANPAINT,2544.8,2551.42,2458.28,2477.67,2043251,-2.907,2677.66,2849.59,3006.16,28.073,-98.597,-86.2831,-12.3139,2952.11,2403.21,20.499,2022,6,2,2022-06,False
2022-06-20,ASIANPAINT,2496.69,2567.12,2485.5,2554.97,1595360,3.12,2653.88,2840.46,3004.12,37.509,-94.7438,-87.9752,-6.7686,2877.23,2430.53,16.832,2022,6,2,2022-06,False
2022-06-21,ASIANPAINT,2568.66,2602.32,2535.1,2571.92,1042074,0.663,2635.12,2831.65,3001.71,39.387,-89.2931,-88.2388,-1.0543,2813.17,2457.06,13.514,2022,6,2,2022-06,False
2022-06-22,ASIANPAINT,2581.19,2600.35,2521.99,2560.4,1871760,-0.448,2627.65,2821.64,2998.76,38.539,-84.9244,-87.5759,2.6516,2805.07,2450.24,13.504,2022,6,2,2022-06,False
2022-06-23,ASIANPAINT,2568.66,2657.96,2568.66,2648.6,1612872,3.445,2624.5,2814.32,2996.26,47.801,-73.4978,-84.7603,11.2625,2797.82,2451.18,13.208,2022,6,2,2022-06,False
2022-06-24,ASIANPAINT,2664.73,2674.14,2617.68,2651.19,2215583,0.098,2621.73,2807.6,2993.6,48.049,-63.501,-80.5084,17.0075,2791.25,2452.21,12.932,2022,6,2,2022-06,False
2022-06-27,ASIANPAINT,2669.44,2715.29,2655.13,2708.86,1295734,2.175,2621.41,2802.95,2991.34,53.354,-50.3451,-74.4758,24.1307,2790.2,2452.61,12.878,2022,6,2,2022-06,False
2022-06-28,ASIANPAINT,2669.53,2674.14,2596.84,2618.16,1838358,-3.348,2615.8,2797.62,2988.52,45.487,-46.6991,-68.9204,22.2214,2776.63,2454.97,12.297,2022,6,2,2022-06,False
2022-06-29,ASIANPAINT,2598.95,2610.96,2571.59,2590.6,1066354,-1.053,2609.16,2792.31,2985.56,43.393,-45.5088,-64.2381,18.7293,2762.04,2456.27,11.719,2022,6,2,2022-06,False
2022-06-30,ASIANPAINT,2606.97,2618.59,2573.51,2588.1,1291447,-0.096,2599.71,2785.2,2982.55,43.199,-44.2569,-60.2419,15.985,2730.72,2468.71,10.078,2022,6,2,2022-06,False
2022-07-01,ASIANPAINT,2597.42,2669.53,2578.31,2662.96,1477191,2.892,2595.05,2778.15,2979.81,50.364,-36.8005,-55.5536,18.7531,2707.96,2482.13,8.702,2022,7,3,2022-07,False
2022-07-04,ASIANPAINT,2664.88,2686.82,2635.73,2679.42,653147,0.618,2594.52,2771.32,2977.17,51.804,-29.2255,-50.288,21.0625,2705.65,2483.39,8.567,2022,7,3,2022-07,False
2022-07-05,ASIANPAINT,2674.34,2700.55,2650.33,2656.67,1073043,-0.849,2596.32,2764.67,2974.47,49.659,-24.7731,-45.185,20.4119,2710.37,2482.28,8.785,2022,7,3,2022-07,False
2022-07-06,ASIANPAINT,2718.08,2755.0,2693.68,2747.7,2085735,3.427,2604.57,2759.94,2972.27,57.279,-13.7405,-38.8961,25.1556,2736.88,2472.26,10.16,2022,7,3,2022-07,False
2022-07-07,ASIANPAINT,2786.11,2815.49,2762.49,2776.51,1469087,1.048,2614.39,2755.35,2970.41,59.374,-2.6421,-31.6453,29.0032,2766.7,2462.08,11.651,2022,7,3,2022-07,False
2022-07-08,ASIANPAINT,2765.56,2773.24,2727.63,2765.37,1274148,-0.401,2622.6,2748.64,2968.63,58.186,5.1947,-24.2773,29.472,2788.96,2456.25,12.686,2022,7,3,2022-07,False
2022-07-11,ASIANPAINT,2759.8,2823.7,2738.05,2816.5,1081885,1.849,2635.68,2743.16,2966.94,61.951,15.3546,-16.3509,31.7055,2819.82,2451.53,13.973,2022,7,3,2022-07,False
2022-07-12,ASIANPAINT,2803.97,2807.09,2770.75,2778.24,1115524,-1.359,2648.06,2737.62,2965.01,57.759,20.087,-9.0633,29.1504,2835.73,2460.38,14.174,2022,7,3,2022-07,False
2022-07-13,ASIANPAINT,2831.82,2850.98,2809.78,2824.33,2153712,1.659,2661.5,2734.89,2963.3,61.167,27.2428,-1.8021,29.0449,2859.48,2463.53,14.877,2022,7,3,2022-07,False
2022-07-14,ASIANPAINT,2834.8,2837.44,2796.67,2822.36,882479,-0.07,2675.03,2732.59,2960.97,60.941,32.3816,5.0346,27.347,2878.35,2471.7,15.202,2022,7,3,2022-07,False
2022-07-15,ASIANPAINT,2832.73,2866.39,2823.61,2859.81,1668006,1.327,2694.13,2732.19,2958.91,63.691,39.0262,11.833,27.1933,2891.09,2497.18,14.621,2022,7,3,2022-07,False
2022-07-18,ASIANPAINT,2875.75,2904.8,2869.65,2897.93,823390,1.333,2711.28,2732.77,2957.28,66.293,46.8285,18.8321,27.9965,2916.76,2505.8,15.157,2022,7,3,2022-07,False
2022-07-19,ASIANPAINT,2864.9,2902.88,2859.81,2899.13,638171,0.041,2727.64,2731.81,2955.93,66.375,52.5035,25.5664,26.9371,2938.44,2516.85,15.456,2022,7,3,2022-07,False
2022-07-20,ASIANPAINT,2912.48,2923.72,2880.79,2886.99,867436,-0.419,2743.97,2731.24,2954.9,64.667,55.3824,31.5296,23.8528,2950.78,2537.16,15.074,2022,7,3,2022-07,False
2022-07-21,ASIANPAINT,2862.55,2962.37,2862.55,2944.27,1184060,1.984,2758.75,2732.08,2954.47,68.751,61.5761,37.5389,24.0372,2978.71,2538.8,15.946,2022,7,3,2022-07,False
2022-07-22,ASIANPAINT,2944.27,2969.86,2926.88,2945.51,1268141,0.042,2773.47,2732.48,2953.93,68.835,65.8266,43.1964,22.6302,3002.33,2544.61,16.503,2022,7,3,2022-07,False
2022-07-25,ASIANPAINT,2947.53,2993.34,2930.39,2981.57,985844,1.224,2787.11,2734.83,2953.32,71.255,71.283,48.8137,22.4693,3031.71,2542.5,17.552,2022,7,3,2022-07,False
2022-07-26,ASIANPAINT,2972.98,3024.64,2931.69,2984.98,2876310,0.114,2805.45,2736.29,2952.92,71.48,75.0175,54.0545,20.963,3051.72,2559.18,17.556,2022,7,3,2022-07,False
2022-07-27,ASIANPAINT,2995.02,3066.12,2972.98,3059.45,1976407,2.495,2828.89,2738.28,2952.53,75.922,83.0291,59.8494,23.1797,3078.29,2579.49,17.632,2022,7,3,2022-07,False
2022-07-28,ASIANPAINT,3070.92,3149.67,3055.56,3142.37,1332572,2.71,2856.6,2742.95,2952.47,79.711,94.9743,66.8744,28.0999,3116.31,2596.9,18.183,2022,7,3,2022-07,False
2022-07-29,ASIANPAINT,3154.85,3221.06,3144.86,3201.28,1836550,1.875,2883.52,2747.59,2952.72,81.891,107.9503,75.0896,32.8608,3169.02,2598.01,19.803,2022,7,3,2022-07,False
2022-08-01,ASIANPAINT,3207.33,3221.69,3182.8,3192.45,1076122,-0.276,2909.17,2750.82,2952.83,80.494,116.1818,83.308,32.8738,3209.28,2609.06,20.632,2022,8,3,2022-08,False
2022-08-02,ASIANPAINT,3198.64,3269.46,3193.45,3261.2,1650536,2.154,2939.4,2757.1,2953.29,82.934,126.7917,92.0047,34.7869,3253.86,2624.94,21.396,2022,8,3,2022-08,False
2022-08-03,ASIANPAINT,3268.74,3310.99,3237.29,3302.97,1169005,1.281,2967.16,2768.97,2954.08,84.226,136.9915,101.0021,35.9894,3307.35,2626.97,22.931,2022,8,3,2022-08,False
2022-08-04,ASIANPAINT,3317.71,3338.79,3275.36,3322.99,981434,0.606,2994.48,2781.2,2955.24,84.818,145.0188,109.8054,35.2134,3357.24,2631.73,24.228,2022,8,3,2022-08,False
2022-08-05,ASIANPAINT,3336.92,3353.19,3314.4,3335.86,792478,0.387,3023.01,2793.78,2956.74,85.203,150.6819,117.9807,32.7012,3399.37,2646.65,24.9,2022,8,3,2022-08,False
2022-08-08,ASIANPAINT,3327.31,3338.79,3300.0,3321.03,724644,-0.445,3048.24,2805.9,2958.23,82.603,152.2181,124.8282,27.3899,3433.84,2662.63,25.3,2022,8,3,2022-08,False
2022-08-10,ASIANPAINT,3304.27,3312.77,3261.06,3276.08,1089295,-1.353,3073.13,2816.81,2960.3,75.124,148.102,129.483,18.619,3449.51,2696.75,24.495,2022,8,3,2022-08,False
2022-08-11,ASIANPAINT,3312.91,3339.75,3255.3,3269.89,1410533,-0.189,3095.41,2827.74,2962.43,74.128,142.6953,132.1254,10.5699,3462.41,2728.4,23.713,2022,8,3,2022-08,False
2022-08-12,ASIANPAINT,3263.94,3298.31,3248.57,3291.64,548472,0.665,3118.87,2838.03,2964.97,75.363,138.5681,133.414,5.1542,3472.12,2765.62,22.652,2022,8,3,2022-08,False
2022-08-16,ASIANPAINT,3332.12,3370.0,3318.0,3361.88,911189,2.134,3143.97,2850.15,2967.62,78.872,139.359,134.603,4.756,3491.01,2796.94,22.076,2022,8,3,2022-08,False
2022-08-17,ASIANPAINT,3378.16,3404.76,3365.34,3383.68,817912,0.648,3168.26,2864.02,2969.78,79.832,140.1293,135.7082,4.4211,3510.76,2825.77,21.62,2022,8,3,2022-08,False
2022-08-18,ASIANPAINT,3384.93,3401.93,3375.86,3394.87,599877,0.331,3193.05,2879.51,2971.88,80.326,140.0283,136.5723,3.4561,3525.13,2860.97,20.8,2022,8,3,2022-08,False
2022-08-19,ASIANPAINT,3380.13,3397.89,3326.35,3344.17,581829,-1.493,3215.91,2894.73,2973.8,71.748,134.3089,136.1196,-1.8107,3521.14,2910.68,18.983,2022,8,3,2022-08,False
2022-08-22,ASIANPAINT,3324.53,3347.05,3200.75,3216.64,2336567,-3.813,3229.53,2907.47,2974.98,55.65,118.1244,132.5206,-14.3961,3506.75,2952.31,17.168,2022,8,3,2022-08,False
2022-08-23,ASIANPAINT,3200.56,3249.49,3185.05,3223.22,831446,0.204,3243.41,2919.91,2976.28,56.196,104.6229,126.941,-22.3181,3486.45,3000.38,14.986,2022,8,3,2022-08,False
2022-08-24,ASIANPAINT,3206.9,3250.49,3170.79,3244.59,1182154,0.663,3256.56,2933.7,2977.37,58.004,94.5569,120.4642,-25.9073,3466.1,3047.03,12.868,2022,8,3,2022-08,False
2022-08-25,ASIANPAINT,3240.89,3269.84,3218.04,3228.89,615392,-0.484,3268.76,2947.66,2978.43,56.169,84.3404,113.2394,-28.899,3435.82,3101.69,10.222,2022,8,3,2022-08,False
2022-08-26,ASIANPAINT,3245.07,3250.01,3174.3,3191.49,1384783,-1.158,3275.36,2960.38,2979.41,51.952,72.3912,105.0698,-32.6786,3415.94,3134.78,8.584,2022,8,3,2022-08,False
2022-08-29,ASIANPAINT,3117.98,3215.3,3108.09,3210.4,1031166,0.593,3278.76,2973.56,2980.45,53.84,63.7134,96.7985,-33.0851,3408.68,3148.85,7.925,2022,8,3,2022-08,False
2022-08-30,ASIANPAINT,3198.64,3274.26,3198.64,3256.83,1426459,1.446,3281.54,2989.14,2981.89,58.182,59.8922,89.4173,-29.525,3406.77,3156.31,7.632,2022,8,3,2022-08,False
2022-09-01,ASIANPAINT,3183.28,3336.34,3183.28,3309.6,1417762,1.62,3287.4,3004.23,2983.82,62.499,60.4252,83.6189,-23.1937,3405.86,3168.94,7.207,2022,9,3,2022-09,False
2022-09-02,ASIANPAINT,3350.36,3350.36,3288.9,3294.71,740821,-0.45,3289.07,3018.69,2985.38,60.599,58.9668,78.6884,-19.7217,3406.92,3171.23,7.166,2022,9,3,2022-09,False
2022-09-05,ASIANPAINT,3288.95,3312.91,3270.23,3288.71,518438,-0.182,3288.36,3033.25,2986.7,59.809,56.6734,74.2854,-17.612,3406.02,3170.7,7.156,2022,9,3,2022-09,False
2022-09-06,ASIANPAINT,3284.1,3298.08,3249.53,3260.34,540937,-0.863,3285.23,3045.49,2987.96,56.087,51.9672,69.8218,-17.8546,3402.34,3168.11,7.13,2022,9,3,2022-09,False
2022-09-07,ASIANPAINT,3257.22,3298.51,3251.41,3265.23,682921,0.15,3281.7,3057.77,2988.86,56.589,48.0784,65.4731,-17.3947,3396.62,3166.77,7.004,2022,9,3,2022-09,False
2022-09-08,ASIANPAINT,3312.91,3346.18,3291.21,3313.05,1143090,1.465,3281.3,3069.85,2990.02,61.249,48.2985,62.0382,-13.7397,3395.7,3166.89,6.973,2022,9,3,2022-09,False
2022-09-09,ASIANPAINT,3345.27,3345.27,3297.02,3305.08,702805,-0.241,3282.75,3083.59,2990.98,60.091,47.2848,59.0875,-11.8027,3397.61,3167.88,6.998,2022,9,3,2022-09,False
2022-09-12,ASIANPAINT,3305.08,3316.42,3286.98,3295.82,641280,-0.28,3284.04,3097.7,2992.25,58.702,45.2124,56.3125,-11.1,3398.88,3169.21,6.994,2022,9,3,2022-09,False
2022-09-13,ASIANPAINT,3295.63,3321.55,3278.97,3286.22,776044,-0.291,3283.77,3111.66,2993.61,57.225,42.3075,53.5115,-11.204,3398.56,3168.98,6.991,2022,9,3,2022-09,False
2022-09-14,ASIANPAINT,3245.69,3311.47,3245.69,3302.3,816678,0.489,3280.79,3124.44,2995.11,59.082,40.8326,50.9757,-10.1431,3390.0,3171.58,6.657,2022,9,3,2022-09,False
2022-09-15,ASIANPAINT,3303.31,3321.31,3254.43,3260.48,590182,-1.266,3274.63,3136.07,2996.41,52.68,35.8756,47.9557,-12.0801,3372.74,3176.53,5.992,2022,9,3,2022-09,False
2022-09-16,ASIANPAINT,3276.8,3284.1,3178.04,3190.53,1598265,-2.146,3264.42,3146.74,2997.35,44.077,26.0027,43.5651,-17.5624,3351.77,3177.06,5.352,2022,9,3,2022-09,False
2022-09-19,ASIANPAINT,3188.7,3209.3,3102.9,3184.48,1013563,-0.19,3256.43,3155.48,2998.27,43.417,17.4885,38.3498,-20.8613,3342.27,3170.59,5.272,2022,9,3,2022-09,False
2022-09-20,ASIANPAINT,3203.06,3274.5,3201.52,3258.37,708184,2.32,3258.52,3165.12,2999.58,52.732,16.5132,33.9825,-17.4693,3342.29,3174.74,5.142,2022,9,3,2022-09,False
2022-09-21,ASIANPAINT,3269.7,3288.81,3214.96,3222.69,605378,-1.095,3258.49,3174.26,3000.51,48.574,12.715,29.729,-17.014,3342.31,3174.67,5.145,2022,9,3,2022-09,False
2022-09-22,ASIANPAINT,3222.69,3303.31,3183.9,3299.47,829396,2.382,3261.23,3183.92,3002.16,56.519,15.7187,26.9269,-11.2082,3346.72,3175.75,5.242,2022,9,3,2022-09,False
2022-09-23,ASIANPAINT,3298.51,3301.34,3248.29,3260.34,513370,-1.186,3262.81,3193.56,3003.95,52.101,14.7714,24.4958,-9.7244,3346.93,3178.68,5.156,2022,9,3,2022-09,False
2022-09-26,ASIANPAINT,3236.09,3330.2,3220.73,3301.44,1429914,1.261,3268.3,3203.11,3006.0,55.992,17.1394,23.0245,-5.8851,3347.0,3189.61,4.816,2022,9,3,2022-09,False
2022-09-27,ASIANPAINT,3317.57,3360.92,3294.71,3332.74,1455383,0.948,3274.42,3213.31,3007.82,58.742,21.2966,22.6789,-1.3824,3353.18,3195.66,4.811,2022,9,3,2022-09,False
2022-09-28,ASIANPAINT,3313.87,3440.53,3284.1,3428.77,1843428,2.881,3283.02,3224.69,3009.79,65.8,31.9712,24.5374,7.4338,3387.14,3178.89,6.343,2022,9,3,2022-09,False
2022-09-29,ASIANPAINT,3421.85,3421.85,3238.39,3250.3,2624894,-5.205,3280.05,3231.74,3010.37,49.017,25.7336,24.7766,0.957,3384.37,3175.74,6.361,2022,9,3,2022-09,False
2022-09-30,ASIANPAINT,3266.82,3276.32,3154.71,3209.63,2159720,-1.251,3275.8,3237.95,3010.76,46.129,17.3092,23.2832,-5.9739,3384.45,3167.15,6.633,2022,9,3,2022-09,False
2022-10-03,ASIANPAINT,3214.96,3219.29,3155.19,3171.66,934543,-1.183,3269.95,3243.64,3010.87,43.549,7.4821,20.1229,-12.6409,3387.88,3152.01,7.213,2022,10,4,2022-10,False
2022-10-04,ASIANPAINT,3197.68,3234.51,3180.44,3205.12,994382,1.055,3267.19,3248.86,3011.14,46.394,2.367,16.5718,-14.2047,3388.6,3145.77,7.432,2022,10,4,2022-10,False
2022-10-06,ASIANPAINT,3205.12,3232.97,3180.11,3196.67,922770,-0.264,3263.76,3253.88,3011.37,45.767,-2.3415,12.7891,-15.1306,3389.21,3138.31,7.688,2022,10,4,2022-10,False
2022-10-07,ASIANPAINT,3186.16,3226.1,3156.63,3210.83,774544,0.443,3258.65,3258.47,3011.94,47.059,-4.874,9.2565,-14.1305,3383.97,3133.32,7.692,2022,10,4,2022-10,False
2022-10-10,ASIANPAINT,3149.67,3167.91,3130.65,3147.7,734377,-1.966,3250.78,3261.72,3012.22,42.23,-11.8392,5.0373,-16.8765,3383.38,3118.18,8.158,2022,10,4,2022-10,False
2022-10-11,ASIANPAINT,3159.75,3226.49,3143.9,3167.62,1411316,0.633,3244.37,3263.89,3012.44,44.177,-15.5718,0.9155,-16.4873,3380.16,3108.58,8.371,2022,10,4,2022-10,False
2022-10-12,ASIANPAINT,3202.48,3206.8,3078.61,3119.13,1812549,-1.531,3236.01,3263.42,3012.38,40.591,-22.1873,-3.705,-18.4822,3381.2,3090.83,8.973,2022,10,4,2022-10,False
2022-10-13,ASIANPAINT,3101.75,3128.73,3066.99,3081.49,779890,-1.207,3224.97,3261.03,3012.18,38.012,-30.1202,-8.9881,-21.1321,3382.03,3067.92,9.74,2022,10,4,2022-10,False
2022-10-14,ASIANPAINT,3106.45,3117.02,3053.64,3058.92,845765,-0.732,3214.89,3258.36,3011.8,36.514,-37.7924,-14.7489,-23.0434,3387.46,3042.33,10.735,2022,10,4,2022-10,False
2022-10-17,ASIANPAINT,3058.92,3090.13,3044.13,3070.54,1067773,0.38,3208.9,3254.54,3011.53,37.871,-42.4458,-20.2883,-22.1575,3392.98,3024.81,11.474,2022,10,4,2022-10,False
2022-10-18,ASIANPAINT,3090.13,3120.86,3084.37,3097.67,1015424,0.883,3204.55,3250.44,3010.94,41.041,-43.4439,-24.9194,-18.5245,3395.05,3014.06,11.889,2022,10,4,2022-10,False
2022-10-19,ASIANPAINT,3113.18,3116.73,3069.34,3085.09,943543,-0.406,3195.89,3245.68,3010.29,40.022,-44.7343,-28.8824,-15.8519,3391.77,3000.01,12.258,2022,10,4,2022-10,False
2022-10-20,ASIANPAINT,3070.92,3113.03,2978.55,3016.09,2284352,-2.236,3185.56,3239.28,3009.3,34.9,-50.7394,-33.2538,-17.4856,3396.68,2974.44,13.255,2022,10,4,2022-10,False
2022-10-21,ASIANPAINT,3015.23,3039.0,2950.56,2969.52,1738731,-1.544,3169.06,3232.25,3008.0,31.929,-58.5812,-38.3193,-20.2619,3393.83,2944.29,14.185,2022,10,4,2022-10,False
2022-10-24,ASIANPAINT,3024.83,3033.47,2992.18,2997.61,178709,0.946,3155.93,3226.68,3006.65,35.495,-61.8168,-43.0188,-18.7981,3388.8,2923.05,14.758,2022,10,4,2022-10,False
2022-10-25,ASIANPAINT,3009.47,3010.43,2957.52,2962.32,1016316,-1.177,3138.97,3220.53,3004.95,33.146,-66.4626,-47.7075,-18.755,3376.57,2901.37,15.139,2022,10,4,2022-10,False
2022-10-27,ASIANPAINT,2998.9,2998.9,2912.48,2922.52,2005709,-1.344,3118.46,3213.15,3002.72,30.679,-72.5202,-52.6701,-19.8501,3356.45,2880.47,15.264,2022,10,4,2022-10,False
2022-10-28,ASIANPAINT,2937.16,2949.55,2919.2,2932.07,715736,0.327,3093.63,3204.55,3000.6,31.988,-75.6775,-57.2716,-18.4059,3296.32,2890.93,13.104,2022,10,4,2022-10,False
2022-10-31,ASIANPAINT,2963.8,2993.62,2943.66,2988.52,814364,1.925,3080.54,3196.65,2998.47,39.279,-72.7857,-60.3744,-12.4113,3274.24,2886.83,12.576,2022,10,4,2022-10,False
2022-11-01,ASIANPAINT,2991.21,3043.04,2991.21,3038.24,939335,1.664,3071.97,3189.52,2996.7,44.884,-65.7246,-61.4444,-4.2801,3256.58,2887.35,12.019,2022,11,4,2022-11,False
2022-11-02,ASIANPAINT,3036.89,3038.77,3002.37,3011.79,787012,-0.87,3063.97,3182.87,2994.87,42.63,-61.5529,-61.4661,-0.0868,3244.2,2883.74,11.764,2022,11,4,2022-11,False
2022-11-03,ASIANPAINT,2985.92,3027.99,2985.92,3020.83,563798,0.3,3054.76,3178.95,2993.05,43.671,-56.862,-60.5453,3.6833,3223.05,2886.47,11.018,2022,11,4,2022-11,False
2022-11-04,ASIANPAINT,3027.27,3062.85,3006.02,3059.34,609757,1.275,3047.89,3175.68,2991.85,48.001,-49.4664,-58.3295,8.8631,3202.45,2893.33,10.142,2022,11,4,2022-11,False
2022-11-07,ASIANPAINT,3063.82,3075.36,2978.66,2984.53,1669943,-2.446,3036.58,3170.47,2990.71,41.351,-49.0767,-56.4789,7.4023,3172.98,2900.18,8.984,2022,11,4,2022-11,False
2022-11-09,ASIANPAINT,3025.35,3025.35,2961.88,2968.13,1391333,-0.549,3027.6,3165.26,2989.42,40.042,-49.52,-55.0872,5.5672,3156.64,2898.55,8.524,2022,11,4,2022-11,False
2022-11-10,ASIANPAINT,2967.65,2967.65,2917.16,2928.37,1375007,-1.34,3015.64,3160.0,2987.96,36.983,-52.4751,-54.5647,2.0897,3133.94,2897.34,7.846,2022,11,4,2022-11,False
2022-11-11,ASIANPAINT,2972.17,2979.19,2931.11,2938.22,810288,0.337,3006.59,3154.55,2986.99,38.243,-53.406,-54.333,0.927,3119.09,2894.09,7.484,2022,11,4,2022-11,False
2022-11-14,ASIANPAINT,2938.8,2959.91,2924.43,2936.11,811702,-0.072,2999.32,3148.14,2985.89,38.067,-53.6955,-54.2055,0.51,3110.22,2888.42,7.395,2022,11,4,2022-11,False
2022-11-15,ASIANPAINT,2950.82,2976.31,2925.34,2961.21,873840,0.855,2994.44,3141.17,2985.06,41.503,-51.3082,-53.6261,2.3178,3102.87,2886.01,7.242,2022,11,4,2022-11,False
2022-11-16,ASIANPAINT,2961.21,2974.38,2933.99,2964.81,770953,0.122,2989.15,3134.57,2984.82,42.001,-48.5655,-52.6139,4.0485,3092.13,2886.17,6.89,2022,11,4,2022-11,False
2022-11-17,ASIANPAINT,2973.42,2977.8,2942.65,2953.8,706271,-0.371,2981.96,3127.87,2984.57,40.857,-46.7415,-51.4394,4.698,3072.35,2891.57,6.063,2022,11,4,2022-11,False
2022-11-18,ASIANPAINT,2976.31,2995.4,2938.56,2976.79,1258576,0.778,2976.54,3122.2,2984.57,44.268,-42.9463,-49.7408,6.7945,3052.79,2900.29,5.123,2022,11,4,2022-11,False
2022-11-21,ASIANPAINT,2985.92,2991.07,2948.61,2976.59,612194,-0.006,2974.57,3116.43,2984.6,44.245,-39.4988,-47.6924,8.1936,3048.51,2900.62,4.972,2022,11,4,2022-11,False
2022-11-22,ASIANPAINT,2984.96,2999.87,2954.48,2984.82,764079,0.276,2975.33,3109.87,2984.48,45.547,-35.6918,-45.2923,9.6005,3049.37,2901.29,4.977,2022,11,4,2022-11,False
2022-11-23,ASIANPAINT,2991.69,2995.35,2971.5,2981.88,488341,-0.098,2974.54,3103.4,2984.13,45.142,-32.5363,-42.7411,10.2048,3047.92,2901.17,4.934,2022,11,4,2022-11,False
2022-11-24,ASIANPAINT,2998.38,3000.59,2973.42,2995.83,571872,0.468,2976.22,3097.4,2983.85,47.531,-28.5809,-39.9091,11.3281,3049.95,2902.49,4.955,2022,11,4,2022-11,False
2022-11-25,ASIANPAINT,2995.83,3000.16,2957.31,2988.95,898769,-0.23,2979.54,3091.46,2983.5,46.457,-25.7048,-37.0682,11.3634,3048.94,2910.14,4.659,2022,11,4,2022-11,False
2022-11-28,ASIANPAINT,2988.95,3037.85,2977.94,3030.35,914689,1.385,2984.46,3086.02,2983.2,53.301,-19.856,-33.6258,13.7698,3053.62,2915.29,4.635,2022,11,4,2022-11,False
2022-11-29,ASIANPAINT,3035.93,3047.47,3007.22,3014.82,877720,-0.512,2985.77,3081.11,2983.12,50.684,-16.2862,-30.1578,13.8717,3056.25,2915.29,4.721,2022,11,4,2022-11,False
2022-11-30,ASIANPAINT,3019.48,3077.23,3013.14,3053.38,2547283,1.279,2986.53,3078.36,2983.03,56.407,-10.2276,-26.1718,15.9442,3059.66,2913.4,4.897,2022,11,4,2022-11,False
2022-12-01,ASIANPAINT,3068.62,3074.39,3040.02,3057.42,761717,0.132,2988.81,3075.82,2982.91,56.971,-5.0421,-21.9458,16.9038,3067.86,2909.76,5.29,2022,12,4,2022-12,False
2022-12-02,ASIANPAINT,3051.46,3052.56,3013.81,3022.9,932259,-1.129,2988.91,3071.11,2982.56,50.914,-3.6759,-18.2919,14.616,3068.15,2909.68,5.302,2022,12,4,2022-12,False
2022-12-05,ASIANPAINT,3009.96,3047.18,2993.14,3035.83,926122,0.428,2987.74,3067.37,2982.39,52.933,-1.5318,-14.9398,13.408,3063.18,2912.3,5.05,2022,12,4,2022-12,False
2022-12-06,ASIANPAINT,3005.16,3047.47,3005.16,3040.45,958365,0.152,2990.53,3062.19,2982.58,53.666,0.5337,-11.8451,12.3788,3069.54,2911.53,5.283,2022,12,4,2022-12,False
2022-12-07,ASIANPAINT,3058.05,3110.65,3054.58,3102.76,1832282,2.05,2997.27,3059.04,2982.51,62.214,7.1168,-8.0527,15.1696,3089.98,2904.55,6.187,2022,12,4,2022-12,False
2022-12-08,ASIANPAINT,3106.13,3116.61,3079.83,3097.91,851312,-0.157,3005.74,3054.97,2982.47,61.265,11.8061,-4.081,15.8871,3102.84,2908.65,6.461,2022,12,4,2022-12,False
2022-12-09,ASIANPAINT,3110.94,3118.01,3083.05,3103.2,847879,0.171,3013.99,3050.38,2982.4,61.946,15.7674,-0.1113,15.8787,3114.89,2913.09,6.695,2022,12,4,2022-12,False
2022-12-12,ASIANPAINT,3103.24,3106.13,3021.41,3044.92,1323816,-1.878,3019.43,3042.7,2982.07,51.259,14.0425,2.7195,11.323,3114.19,2924.67,6.277,2022,12,4,2022-12,False
2022-12-13,ASIANPAINT,3062.85,3062.85,3022.13,3056.6,886601,0.384,3024.2,3038.83,2981.83,53.01,13.4631,4.8682,8.5949,3116.19,2932.21,6.083,2022,12,4,2022-12,False
2022-12-14,ASIANPAINT,3057.08,3072.47,3005.16,3025.3,1103870,-1.024,3027.23,3035.14,2981.55,48.033,10.3588,5.9663,4.3925,3114.87,2939.59,5.79,2022,12,4,2022-12,False
2022-12-15,ASIANPAINT,3021.5,3039.97,2997.17,3010.54,799124,-0.488,3030.06,3031.92,2981.15,45.847,6.631,6.0992,0.5317,3111.12,2949.0,5.35,2022,12,4,2022-12,False
2022-12-16,ASIANPAINT,2995.54,2997.46,2933.32,2938.71,1192821,-2.386,3028.16,3026.59,2981.19,37.019,-2.0957,4.4603,-6.5559,3115.99,2940.32,5.801,2022,12,4,2022-12,False
2022-12-19,ASIANPAINT,2944.57,2969.57,2924.38,2962.79,655594,0.82,3027.47,3021.92,2981.11,41.114,-6.9872,2.1708,-9.158,3117.2,2937.73,5.928,2022,12,4,2022-12,False
2022-12-20,ASIANPAINT,2957.12,2970.2,2902.26,2963.95,739257,0.039,3026.42,3016.98,2980.78,41.311,-10.648,-0.393,-10.255,3118.7,2934.15,6.098,2022,12,4,2022-12,False
2022-12-21,ASIANPAINT,2966.69,2993.09,2933.08,2951.93,616324,-0.406,3024.93,3013.06,2981.08,39.817,-14.3537,-3.1851,-11.1686,3121.13,2928.72,6.361,2022,12,4,2022-12,False
2022-12-22,ASIANPAINT,2956.11,2974.86,2921.54,2970.1,663202,0.616,3023.64,3009.11,2982.22,43.163,-15.6435,-5.6768,-9.9667,3122.15,2925.14,6.516,2022,12,4,2022-12,False
2022-12-23,ASIANPAINT,2960.87,2968.47,2919.57,2940.63,1230858,-0.992,3021.22,3005.54,2983.85,39.343,-18.8271,-8.3069,-10.5202,3125.51,2916.94,6.904,2022,12,4,2022-12,False
2022-12-26,ASIANPAINT,2940.63,2954.09,2912.64,2938.85,536884,-0.06,3016.65,3002.69,2985.61,39.118,-21.2487,-10.8952,-10.3535,3127.1,2906.2,7.323,2022,12,4,2022-12,False
2022-12-27,ASIANPAINT,2942.65,3009.0,2939.09,2993.23,729041,1.85,3015.57,3001.38,2987.58,48.764,-18.5657,-12.4293,-6.1364,3126.52,2904.63,7.358,2022,12,4,2022-12,False
2022-12-28,ASIANPAINT,2990.68,3023.23,2985.92,3003.91,972274,0.357,3013.1,3000.04,2988.87,50.425,-15.4005,-13.0236,-2.377,3122.69,2903.5,7.274,2022,12,4,2022-12,False
2022-12-29,ASIANPAINT,2982.08,3005.16,2973.95,2995.68,596265,-0.274,3010.01,2998.0,2989.95,49.105,-13.4011,-13.0991,-0.302,3117.81,2902.21,7.163,2022,12,4,2022-12,False
2022-12-30,ASIANPAINT,3010.69,3010.69,2953.52,2969.48,836220,-0.875,3007.34,2995.69,2990.8,45.056,-13.7723,-13.2337,-0.5386,3116.43,2898.24,7.255,2022,12,4,2022-12,False
2023-01-02,ASIANPAINT,2969.48,2969.48,2905.14,2930.39,1015990,-1.316,3002.07,2993.98,2991.31,39.787,-17.0245,-13.9919,-3.0326,3115.47,2888.66,7.555,2023,1,1,2023-01,False
2023-01-03,ASIANPAINT,2930.15,2942.6,2908.99,2912.12,860367,-0.624,2995.65,2992.83,2991.61,37.575,-20.8361,-15.3607,-5.4754,3114.31,2876.99,7.922,2023,1,1,2023-01,False
2023-01-04,ASIANPAINT,2918.61,2933.03,2886.44,2901.15,836382,-0.376,2985.57,2990.9,2991.59,36.272,-24.4595,-17.1805,-7.279,3100.1,2871.04,7.672,2023,1,1,2023-01,False
2023-01-05,ASIANPAINT,2922.98,2929.76,2880.53,2889.13,1113920,-0.414,2975.13,2989.44,2991.06,34.845,-27.9784,-19.3401,-8.6384,3084.49,2865.77,7.351,2023,1,1,2023-01,False
2023-01-06,ASIANPAINT,2894.57,2907.55,2838.79,2864.18,1045526,-0.864,2963.18,2988.27,2990.84,32.028,-32.4073,-21.9535,-10.4538,3065.63,2860.73,6.915,2023,1,1,2023-01,False
2023-01-09,ASIANPAINT,2878.51,2901.92,2837.83,2869.71,808263,0.193,2954.42,2987.02,2990.63,33.314,-35.0669,-24.5762,-10.4907,3057.41,2851.43,6.972,2023,1,1,2023-01,False
2023-01-10,ASIANPAINT,2869.71,2870.52,2838.98,2846.82,864325,-0.798,2943.93,2984.19,2990.46,30.723,-38.5767,-27.3763,-11.2004,3045.82,2842.04,6.922,2023,1,1,2023-01,False
2023-01-11,ASIANPAINT,2860.81,2860.81,2822.44,2827.64,890426,-0.674,2934.05,2979.98,2990.16,28.707,-42.4174,-30.3845,-12.0328,3040.93,2827.16,7.286,2023,1,1,2023-01,False
2023-01-12,ASIANPAINT,2826.29,2827.11,2784.94,2804.12,1558620,-0.832,2923.73,2975.82,2989.63,26.419,-46.8186,-33.6713,-13.1473,3039.04,2808.41,7.888,2023,1,1,2023-01,False
2023-01-13,ASIANPAINT,2812.83,2812.83,2761.62,2797.58,1507864,-0.233,2916.67,2971.36,2989.17,25.803,-50.2551,-36.9881,-13.267,3044.69,2788.64,8.779,2023,1,1,2023-01,False
2023-01-16,ASIANPAINT,2812.83,2817.25,2784.94,2804.22,644073,0.237,2908.74,2966.25,2988.66,27.646,-51.8454,-39.9595,-11.8859,3044.17,2773.32,9.312,2023,1,1,2023-01,False
2023-01-17,ASIANPAINT,2812.83,2831.91,2799.51,2828.12,716489,0.852,2901.95,2963.13,2988.09,34.005,-50.5942,-42.0865,-8.5078,3039.33,2764.57,9.468,2023,1,1,2023-01,False
2023-01-18,ASIANPAINT,2834.9,2846.48,2817.01,2832.3,893808,0.148,2895.97,2960.41,2987.55,35.081,-48.7037,-43.4099,-5.2938,3034.59,2757.34,9.574,2023,1,1,2023-01,False
2023-01-19,ASIANPAINT,2841.58,2859.56,2734.55,2756.23,2379947,-2.686,2885.27,2956.97,2986.46,26.593,-52.7355,-45.275,-7.4604,3032.55,2738.0,10.209,2023,1,1,2023-01,False
2023-01-20,ASIANPAINT,2738.78,2738.78,2674.35,2680.89,3171005,-2.734,2872.29,2951.82,2984.98,21.138,-61.3037,-48.4808,-12.823,3042.96,2701.62,11.884,2023,1,1,2023-01,False
2023-01-23,ASIANPAINT,2692.62,2692.62,2661.7,2677.67,1402260,-0.12,2859.23,2946.65,2983.38,20.94,-67.5751,-52.2996,-15.2755,3047.51,2670.94,13.17,2023,1,1,2023-01,False
2023-01-24,ASIANPAINT,2687.81,2718.68,2677.67,2702.81,1061471,0.939,2844.71,2941.48,2981.84,26.706,-69.7125,-55.7822,-13.9303,3034.27,2655.14,13.327,2023,1,1,2023-01,False
2023-01-25,ASIANPAINT,2703.1,2703.2,2660.98,2668.58,857953,-1.267,2827.94,2935.56,2980.12,24.126,-73.3236,-59.2905,-14.0331,3017.53,2638.35,13.409,2023,1,1,2023-01,False
2023-01-27,ASIANPAINT,2660.5,2666.51,2582.85,2618.24,1801498,-1.886,2809.07,2928.85,2977.9,20.925,-79.3331,-63.299,-16.0341,3003.44,2614.7,13.839,2023,1,1,2023-01,False
2023-01-30,ASIANPAINT,2619.53,2669.54,2592.85,2660.12,1171912,1.6,2793.6,2922.51,2976.13,29.326,-79.7965,-66.5985,-13.198,2983.41,2603.79,13.589,2023,1,1,2023-01,False
2023-01-31,ASIANPAINT,2654.15,2673.34,2613.81,2621.31,1961805,-1.459,2778.15,2915.41,2974.3,26.515,-82.3456,-69.7479,-12.5977,2971.36,2584.93,13.91,2023,1,1,2023-01,False
2023-02-01,ASIANPAINT,2644.34,2671.46,2601.07,2638.53,1176872,0.657,2764.47,2908.48,2972.79,29.732,-82.0311,-72.2046,-9.8266,2956.48,2572.45,13.891,2023,2,1,2023-02,False
2023-02-02,ASIANPAINT,2635.88,2635.88,2590.68,2601.89,1308570,-1.389,2749.5,2900.88,2971.37,27.021,-83.7727,-74.5182,-9.2545,2943.3,2555.71,14.097,2023,2,1,2023-02,False
2023-02-03,ASIANPAINT,2601.89,2657.9,2596.45,2654.54,1278409,2.024,2737.77,2894.06,2970.37,36.047,-79.9825,-75.6111,-4.3714,2924.25,2551.3,13.622,2023,2,1,2023-02,False
2023-02-06,ASIANPAINT,2654.54,2658.96,2613.76,2648.58,1120284,-0.225,2726.99,2887.25,2968.89,35.511,-76.5771,-75.8043,-0.7728,2907.53,2546.46,13.241,2023,2,1,2023-02,False
2023-02-07,ASIANPAINT,2656.08,2668.1,2642.76,2652.28,732250,0.14,2716.12,2879.69,2967.08,36.146,-72.741,-75.1916,2.4506,2886.37,2545.88,12.536,2023,2,1,2023-02,False
2023-02-08,ASIANPAINT,2661.85,2677.23,2639.06,2659.54,811956,0.274,2706.76,2872.58,2965.27,37.446,-68.3274,-73.8188,5.4914,2867.05,2546.47,11.844,2023,2,1,2023-02,False
2023-02-09,ASIANPAINT,2675.26,2712.19,2660.07,2706.66,946372,1.772,2700.71,2865.65,2963.86,45.238,-60.3319,-71.1214,10.7895,2850.58,2550.83,11.099,2023,2,1,2023-02,False
2023-02-10,ASIANPAINT,2721.47,2722.38,2685.89,2697.04,700072,-0.355,2695.36,2858.44,2962.42,44.032,-54.1471,-67.7265,13.5794,2837.11,2553.61,10.518,2023,2,1,2023-02,False
2023-02-13,ASIANPAINT,2706.56,2720.51,2673.39,2683.72,467228,-0.494,2689.66,2851.66,2960.81,42.349,-49.747,-64.1306,14.3837,2823.02,2556.3,9.917,2023,2,1,2023-02,False
2023-02-14,ASIANPAINT,2697.19,2697.19,2658.96,2670.5,524746,-0.493,2682.98,2844.35,2958.66,40.686,-46.7874,-60.662,13.8746,2805.09,2560.86,9.103,2023,2,1,2023-02,False
2023-02-15,ASIANPAINT,2670.5,2690.98,2648.38,2679.3,817717,0.33,2675.54,2837.13,2956.6,42.31,-43.2335,-57.1763,13.9427,2776.76,2574.31,7.567,2023,2,1,2023-02,False
2023-02-16,ASIANPAINT,2689.73,2725.65,2683.1,2698.34,788964,0.711,2668.84,2829.04,2954.82,45.768,-38.4376,-53.4286,14.9909,2739.5,2598.18,5.295,2023,2,1,2023-02,False
2023-02-17,ASIANPAINT,2695.46,2736.71,2678.68,2724.93,840526,0.985,2667.27,2821.58,2953.64,50.254,-32.1209,-49.167,17.0461,2730.81,2603.73,4.764,2023,2,1,2023-02,False
2023-02-20,ASIANPAINT,2735.89,2742.63,2704.26,2717.19,646218,-0.284,2669.09,2813.86,2952.54,48.983,-27.4235,-44.8183,17.3948,2736.24,2601.94,5.032,2023,2,1,2023-02,False
2023-02-21,ASIANPAINT,2728.2,2729.83,2697.43,2709.06,631934,-0.299,2670.66,2807.14,2951.68,47.623,-24.0789,-40.6704,16.5916,2740.08,2601.23,5.199,2023,2,1,2023-02,False
2023-02-22,ASIANPAINT,2702.19,2706.03,2673.39,2688.72,580270,-0.751,2669.95,2799.78,2950.78,44.305,-22.8065,-37.0976,14.2911,2738.28,2601.63,5.118,2023,2,1,2023-02,False
2023-02-23,ASIANPAINT,2697.43,2697.96,2596.55,2602.18,1790570,-3.219,2666.63,2791.32,2949.06,33.584,-28.4539,-35.3689,6.915,2741.39,2591.87,5.607,2023,2,1,2023-02,False
2023-02-24,ASIANPAINT,2608.09,2656.08,2606.07,2633.48,1429040,1.203,2667.4,2783.78,2947.65,39.305,-30.0572,-34.3066,4.2494,2740.37,2594.43,5.471,2023,2,1,2023-02,False
2023-02-27,ASIANPAINT,2635.31,2652.86,2620.54,2644.44,561317,0.416,2666.61,2777.9,2946.36,41.214,-30.0963,-33.4645,3.3682,2740.24,2592.98,5.523,2023,2,1,2023-02,False
2023-02-28,ASIANPAINT,2644.54,2730.12,2622.85,2720.31,1815923,2.869,2671.56,2773.05,2945.33,52.382,-23.7313,-31.5179,7.7865,2745.68,2597.44,5.549,2023,2,1,2023-02,False
2023-03-01,ASIANPAINT,2719.55,2743.88,2708.05,2731.95,816598,0.428,2676.23,2768.41,2944.67,53.83,-17.5458,-28.7235,11.1776,2753.3,2599.16,5.76,2023,3,1,2023-03,False
2023-03-02,ASIANPAINT,2722.43,2739.74,2703.2,2725.22,604523,-0.246,2682.4,2763.87,2943.74,52.829,-13.0367,-25.5861,12.5494,2753.96,2610.84,5.336,2023,3,1,2023-03,False
2023-03-03,ASIANPAINT,2728.25,2742.63,2702.86,2720.36,679295,-0.178,2685.69,2758.88,2942.54,52.076,-9.7427,-22.4174,12.6747,2757.91,2613.47,5.378,2023,3,1,2023-03,False
2023-03-06,ASIANPAINT,2733.97,2773.4,2721.71,2754.69,1050267,1.262,2691.0,2755.16,2941.77,56.765,-4.3123,-18.7964,14.4841,2767.22,2614.78,5.665,2023,3,1,2023-03,False
2023-03-08,ASIANPAINT,2759.93,2759.93,2718.58,2749.89,580250,-0.175,2695.88,2751.38,2940.67,55.94,-0.3921,-15.1155,14.7234,2774.13,2617.62,5.806,2023,3,1,2023-03,False
2023-03-09,ASIANPAINT,2752.24,2762.29,2728.06,2744.12,774224,-0.21,2700.11,2746.4,2939.24,54.908,2.2234,-11.6477,13.8712,2779.23,2620.98,5.861,2023,3,1,2023-03,False
2023-03-10,ASIANPAINT,2734.93,2734.93,2699.35,2721.66,489978,-0.818,2700.86,2740.75,2938.11,50.968,2.4561,-8.827,11.2831,2780.52,2621.19,5.899,2023,3,1,2023-03,False
2023-03-13,ASIANPAINT,2715.22,2740.17,2665.89,2677.43,813217,-1.625,2699.88,2734.39,2937.95,44.233,-0.9185,-7.2453,6.3268,2780.22,2619.53,5.952,2023,3,1,2023-03,False
2023-03-14,ASIANPAINT,2676.22,2680.07,2634.97,2640.31,1060450,-1.386,2697.7,2727.8,2937.59,39.515,-6.5129,-7.0988,0.5859,2782.13,2613.28,6.259,2023,3,1,2023-03,False
2023-03-15,ASIANPAINT,2665.89,2756.42,2659.15,2718.97,2170346,2.979,2700.13,2723.57,2937.65,51.356,-4.5467,-6.5884,2.0417,2784.05,2616.21,6.216,2023,3,1,2023-03,False
2023-03-16,ASIANPAINT,2740.7,2788.78,2720.22,2782.29,1755487,2.329,2705.28,2720.98,2937.99,58.414,2.0971,-4.8513,6.9484,2796.17,2614.39,6.719,2023,3,1,2023-03,False
2023-03-17,ASIANPAINT,2811.82,2811.82,2745.56,2752.87,1848073,-1.058,2708.0,2718.01,2938.1,54.46,4.931,-2.8948,7.8258,2801.26,2614.75,6.887,2023,3,1,2023-03,False
2023-03-20,ASIANPAINT,2803.21,2803.21,2722.48,2745.65,1074367,-0.262,2709.04,2715.14,2938.21,53.504,6.5198,-1.0119,7.5317,2803.54,2614.54,6.976,2023,3,1,2023-03,False
2023-03-21,ASIANPAINT,2748.54,2776.28,2726.28,2730.22,691891,-0.562,2709.69,2712.46,2937.98,51.424,6.459,0.4823,5.9768,2804.6,2614.78,7.005,2023,3,1,2023-03,False
2023-03-22,ASIANPAINT,2716.66,2743.73,2706.9,2730.94,731807,0.026,2710.78,2709.69,2937.85,51.518,6.3954,1.6649,4.7305,2806.17,2615.4,7.037,2023,3,1,2023-03,False
2023-03-23,ASIANPAINT,2709.06,2714.74,2661.61,2690.5,1016581,-1.481,2710.87,2706.56,2937.85,46.084,3.0468,1.9413,1.1056,2806.18,2615.57,7.031,2023,3,1,2023-03,False
2023-03-24,ASIANPAINT,2690.5,2707.67,2666.51,2691.18,784111,0.025,2715.32,2703.83,2938.21,46.186,0.4423,1.6415,-1.1992,2796.52,2634.13,5.981,2023,3,1,2023-03,False
2023-03-27,ASIANPAINT,2691.18,2711.85,2679.64,2696.23,791560,0.188,2718.46,2701.68,2938.78,46.994,-1.2006,1.0731,-2.2736,2790.7,2646.22,5.315,2023,3,1,2023-03,False
2023-03-28,ASIANPAINT,2683.96,2702.81,2658.96,2677.67,558581,-0.688,2720.12,2699.28,2939.26,44.357,-3.9546,0.0675,-4.0222,2786.48,2653.76,4.879,2023,3,1,2023-03,False
2023-03-29,ASIANPAINT,2677.67,2686.61,2649.34,2664.25,1087648,-0.501,2717.32,2696.48,2939.58,42.501,-7.1374,-1.3735,-5.764,2788.23,2646.41,5.219,2023,3,1,2023-03,False
2023-03-31,ASIANPAINT,2650.35,2668.58,2642.13,2655.74,1967803,-0.319,2713.51,2693.03,2940.08,41.319,-10.2287,-3.1445,-7.0842,2789.14,2637.88,5.574,2023,3,1,2023-03,False
2023-04-03,ASIANPAINT,2641.6,2674.97,2604.77,2670.5,1035295,0.556,2710.77,2689.79,2940.78,44.216,-11.3564,-4.7869,-6.5696,2788.55,2633.0,5.738,2023,4,2,2023-04,False
2023-04-05,ASIANPAINT,2654.15,2703.73,2646.7,2700.79,668643,1.134,2709.79,2688.69,2941.51,49.702,-9.6941,-5.7683,-3.9258,2787.55,2632.04,5.739,2023,4,2,2023-04,False
2023-04-06,ASIANPAINT,2699.78,2716.66,2679.93,2702.09,627554,0.048,2707.16,2689.11,2942.26,49.93,-8.1777,-6.2502,-1.9275,2782.03,2632.3,5.531,2023,4,2,2023-04,False
2023-04-10,ASIANPAINT,2702.24,2702.24,2649.44,2669.88,1215461,-1.192,2703.16,2688.95,2943.22,44.55,-9.4664,-6.8934,-2.5729,2776.96,2629.36,5.46,2023,4,2,2023-04,False
2023-04-11,ASIANPAINT,2683.0,2683.0,2644.58,2648.19,1246379,-0.812,2698.37,2687.86,2943.69,41.322,-12.098,-7.9344,-4.1636,2773.42,2623.32,5.563,2023,4,2,2023-04,False
2023-04-12,ASIANPAINT,2649.87,2698.58,2645.5,2679.88,2235399,1.197,2696.28,2688.09,2944.23,47.327,-11.4942,-8.6463,-2.8479,2770.93,2621.63,5.537,2023,4,2,2023-04,False
2023-04-13,ASIANPAINT,2679.83,2705.41,2675.31,2702.0,602597,0.825,2697.51,2689.76,2944.93,51.09,-9.1258,-8.7422,-0.3836,2771.65,2623.36,5.497,2023,4,2,2023-04,False
2023-04-17,ASIANPAINT,2716.66,2736.47,2698.39,2734.07,754555,1.187,2702.2,2691.24,2945.36,55.998,-4.6078,-7.9153,3.3075,2772.89,2631.5,5.232,2023,4,2,2023-04,False
2023-04-18,ASIANPAINT,2738.78,2748.83,2721.57,2745.13,717724,0.404,2703.5,2693.72,2945.83,57.579,-0.1334,-6.3589,6.2256,2776.44,2630.57,5.396,2023,4,2,2023-04,False
2023-04-19,ASIANPAINT,2727.58,2743.3,2693.24,2701.95,799624,-1.573,2699.49,2694.99,2945.8,50.022,-0.0707,-5.1013,5.0306,2762.3,2636.68,4.653,2023,4,2,2023-04,False
2023-04-20,ASIANPAINT,2711.85,2741.66,2705.26,2734.79,761101,1.215,2698.58,2697.64,2946.38,54.873,2.599,-3.5612,6.1602,2758.62,2638.55,4.449,2023,4,2,2023-04,False
2023-04-21,ASIANPAINT,2737.91,2776.28,2737.91,2771.57,894930,1.345,2699.88,2699.98,2947.28,59.603,7.5952,-1.3299,8.9252,2765.09,2634.67,4.83,2023,4,2,2023-04,False
2023-04-24,ASIANPAINT,2771.57,2786.86,2742.63,2780.23,782967,0.312,2702.38,2702.62,2948.25,60.648,12.1136,1.3588,10.7548,2775.8,2628.95,5.434,2023,4,2,2023-04,False
2023-04-25,ASIANPAINT,2780.18,2790.47,2754.31,2786.86,636120,0.239,2705.17,2705.31,2948.87,61.471,16.0449,4.296,11.7489,2786.96,2623.39,6.047,2023,4,2,2023-04,False
2023-04-26,ASIANPAINT,2785.85,2804.6,2777.29,2798.4,569221,0.414,2710.57,2708.09,2949.46,62.923,19.8626,7.4093,12.4533,2801.95,2619.19,6.743,2023,4,2,2023-04,False
2023-04-27,ASIANPAINT,2803.69,2808.02,2782.87,2788.74,599461,-0.345,2715.45,2709.73,2950.12,60.855,21.8565,10.2987,11.5577,2812.7,2618.19,7.163,2023,4,2,2023-04,False
2023-04-28,ASIANPAINT,2807.97,2807.97,2737.43,2791.04,1080665,0.083,2720.19,2711.61,2950.34,61.183,23.3536,12.9097,10.4439,2822.6,2617.77,7.53,2023,4,2,2023-04,False
2023-05-02,ASIANPAINT,2799.31,2821.19,2782.05,2788.35,663800,-0.096,2725.72,2713.7,2950.4,60.545,24.0456,15.1369,8.9087,2830.4,2621.05,7.681,2023,5,2,2023-05,False
2023-05-03,ASIANPAINT,2806.09,2848.79,2785.9,2817.35,1237193,1.04,2733.38,2716.64,2950.66,64.8,26.6267,17.4348,9.1918,2841.46,2625.29,7.909,2023,5,2,2023-05,False
2023-05-04,ASIANPAINT,2834.94,2871.63,2810.08,2868.46,1008540,1.814,2744.01,2720.42,2950.92,70.782,32.4227,20.4324,11.9903,2861.39,2626.63,8.555,2023,5,2,2023-05,False
2023-05-05,ASIANPAINT,2857.06,2908.99,2837.88,2897.4,1326561,1.009,2755.36,2724.4,2951.51,73.526,38.9033,24.1266,14.7767,2885.94,2624.77,9.479,2023,5,2,2023-05,False
2023-05-08,ASIANPAINT,2899.37,2919.28,2878.22,2903.65,941879,0.216,2765.5,2727.98,2951.91,74.092,44.036,28.1085,15.9275,2909.1,2621.9,10.385,2023,5,2,2023-05,False
2023-05-09,ASIANPAINT,2900.38,2956.88,2895.29,2918.41,1025850,0.508,2776.32,2732.0,2952.39,75.428,48.7331,32.2334,16.4997,2931.9,2620.73,11.208,2023,5,2,2023-05,False
2023-05-10,ASIANPAINT,2926.25,2939.76,2903.12,2924.76,751851,0.217,2789.06,2736.31,2952.71,76.0,52.3641,36.2595,16.1045,2949.61,2628.51,11.513,2023,5,2,2023-05,False
2023-05-11,ASIANPAINT,2935.0,3035.11,2915.24,3019.34,3229605,3.234,2807.62,2742.93,2953.32,82.535,62.1568,41.439,20.7178,2984.57,2630.67,12.605,2023,5,2,2023-05,False
2023-05-12,ASIANPAINT,3018.62,3057.81,2967.65,3011.02,1998170,-0.276,2824.18,2751.1,2953.88,80.46,68.4573,46.8427,21.6146,3012.41,2635.94,13.33,2023,5,2,2023-05,False
2023-05-15,ASIANPAINT,3014.0,3046.51,3001.36,3011.89,810281,0.029,2839.67,2758.67,2954.5,80.515,72.6825,52.0106,20.6718,3036.39,2642.95,13.855,2023,5,2,2023-05,False
2023-05-16,ASIANPAINT,3011.89,3044.29,3002.61,3017.75,822404,0.195,2853.85,2766.14,2954.87,80.906,75.6324,56.735,18.8974,3059.23,2648.48,14.393,2023,5,2,2023-05,False
2023-05-17,ASIANPAINT,3015.73,3027.23,2957.6,2973.85,835371,-1.455,2865.29,2771.21,2955.01,69.631,73.5798,60.1039,13.4759,3070.65,2659.94,14.334,2023,5,2,2023-05,False
2023-05-18,ASIANPAINT,2986.55,3005.16,2974.62,2989.82,498067,0.537,2879.68,2776.37,2955.05,71.203,72.4066,62.5645,9.8421,3077.03,2682.34,13.706,2023,5,2,2023-05,False
2023-05-19,ASIANPAINT,3004.19,3007.99,2950.39,2966.16,633262,-0.791,2891.25,2781.19,2954.96,65.771,68.7751,63.8066,4.9685,3079.76,2702.74,13.04,2023,5,2,2023-05,False
2023-05-22,ASIANPAINT,2952.27,2986.5,2929.19,2966.59,659425,0.015,2901.0,2786.11,2954.5,65.822,65.1806,64.0814,1.0992,3083.53,2718.48,12.584,2023,5,2,2023-05,False
2023-05-23,ASIANPAINT,2968.61,3007.99,2966.69,3000.92,581204,1.157,2912.04,2791.03,2953.79,69.706,64.3603,64.1372,0.2231,3090.46,2733.62,12.254,2023,5,2,2023-05,False
2023-05-24,ASIANPAINT,2995.54,3012.99,2979.19,2982.56,439465,-0.612,2921.82,2795.69,2952.7,65.422,61.5189,63.6135,-2.0946,3092.64,2751.01,11.693,2023,5,2,2023-05,False
2023-05-25,ASIANPAINT,2982.56,3009.0,2967.65,3003.76,500313,0.711,2932.09,2800.88,2951.75,67.877,60.2833,62.9475,-2.6642,3096.23,2767.95,11.196,2023,5,2,2023-05,False
2023-05-26,ASIANPAINT,3003.23,3016.65,2992.41,3008.43,568249,0.155,2943.08,2806.62,2950.49,68.408,59.0002,62.158,-3.1578,3095.83,2790.32,10.38,2023,5,2,2023-05,False
2023-05-29,ASIANPAINT,3026.5,3034.0,2996.55,3017.08,535712,0.288,2954.38,2813.41,2949.06,69.418,58.013,61.329,-3.316,3092.52,2816.24,9.352,2023,5,2,2023-05,False
2023-05-30,ASIANPAINT,3026.22,3034.01,3007.61,3023.81,506026,0.223,2966.15,2821.08,2947.56,70.216,57.1154,60.4863,-3.3709,3083.24,2849.06,7.895,2023,5,2,2023-05,False
2023-05-31,ASIANPAINT,3031.07,3095.89,3016.17,3070.5,2349066,1.544,2978.81,2828.11,2946.24,75.074,59.4857,60.2862,-0.8004,3082.09,2875.53,6.934,2023,5,2,2023-05,False
2023-06-01,ASIANPAINT,3111.27,3125.27,3084.01,3116.42,1104861,1.495,2991.21,2834.79,2945.21,78.746,64.3279,61.0945,3.2334,3098.18,2884.24,7.152,2023,6,2,2023-06,False
2023-06-02,ASIANPAINT,3115.17,3125.31,3095.55,3113.1,781973,-0.106,3001.99,2842.0,2944.4,77.854,67.1239,62.3004,4.8235,3112.57,2891.41,7.367,2023,6,2,2023-06,False
2023-06-05,ASIANPAINT,3115.7,3115.7,3072.47,3077.04,492565,-1.158,3010.66,2848.62,2943.43,68.736,65.6728,62.9749,2.6979,3115.84,2905.49,6.987,2023,6,2,2023-06,False
2023-06-06,ASIANPAINT,3084.73,3114.69,3072.47,3089.54,577698,0.406,3019.22,2855.81,2942.42,70.045,64.7848,63.3369,1.4479,3120.57,2917.87,6.714,2023,6,2,2023-06,False
2023-06-07,ASIANPAINT,3093.63,3105.41,3083.29,3101.13,470038,0.375,3028.04,2863.22,2941.12,71.248,64.2751,63.5245,0.7506,3125.39,2930.68,6.43,2023,6,2,2023-06,False
2023-06-08,ASIANPAINT,3096.51,3122.48,3070.55,3089.06,561161,-0.389,3031.52,2871.19,2939.65,68.178,62.1806,63.2557,-1.0751,3132.49,2930.55,6.662,2023,6,2,2023-06,False
2023-06-09,ASIANPAINT,3107.26,3135.43,3067.33,3078.94,1239045,-0.327,3034.92,2878.94,2938.07,65.626,59.024,62.4094,-3.3854,3137.54,2932.29,6.763,2023,6,2,2023-06,False
2023-06-12,ASIANPAINT,3083.44,3100.05,3050.48,3092.69,1029156,0.446,3038.96,2886.87,2936.81,67.412,56.9749,61.3225,-4.3476,3144.1,2933.82,6.919,2023,6,2,2023-06,False
2023-06-13,ASIANPAINT,3107.45,3167.47,3102.76,3158.61,1598821,2.132,3046.0,2896.49,2936.52,74.304,59.979,61.0538,-1.0748,3163.33,2928.68,7.703,2023,6,2,2023-06,False
2023-06-14,ASIANPAINT,3160.7,3184.8,3149.08,3165.73,741615,0.225,3055.59,2906.52,2936.23,74.92,62.2168,61.2864,0.9304,3179.29,2931.9,8.096,2023,6,2,2023-06,False
2023-06-15,ASIANPAINT,3171.34,3198.45,3168.78,3189.11,806994,0.738,3065.56,2917.19,2935.95,76.883,65.1259,62.0543,3.0716,3198.69,2932.43,8.685,2023,6,2,2023-06,False
2023-06-16,ASIANPAINT,3186.59,3215.87,3181.56,3210.89,984671,0.683,3077.8,2927.99,2935.86,78.566,68.4005,63.3235,5.077,3217.29,2938.3,9.065,2023,6,2,2023-06,False
2023-06-19,ASIANPAINT,3212.82,3238.09,3197.72,3203.97,516915,-0.216,3089.66,2938.06,2935.93,76.656,69.6344,64.5857,5.0487,3229.72,2949.61,9.066,2023,6,2,2023-06,False
2023-06-20,ASIANPAINT,3209.1,3220.57,3172.41,3212.68,866290,0.272,3100.25,2948.27,2935.94,77.401,70.5027,65.7691,4.7336,3244.02,2956.48,9.275,2023,6,2,2023-06,False
2023-06-21,ASIANPAINT,3212.68,3226.52,3194.58,3210.16,742456,-0.078,3111.63,2959.08,2935.7,76.64,70.1787,66.651,3.5276,3252.17,2971.09,9.033,2023,6,2,2023-06,False
2023-06-22,ASIANPAINT,3218.78,3220.57,3138.87,3144.29,871640,-2.052,3118.66,2969.0,2934.88,60.017,63.87,66.0948,-2.2248,3250.26,2987.06,8.44,2023,6,2,2023-06,False
2023-06-23,ASIANPAINT,3160.7,3198.59,3149.13,3192.35,1260659,1.529,3127.85,2979.25,2934.37,65.839,62.0336,65.2826,-3.249,3252.55,3003.16,7.973,2023,6,2,2023-06,False
2023-06-26,ASIANPAINT,3189.74,3209.44,3166.89,3202.47,592801,0.317,3137.12,2989.26,2933.94,66.93,60.6949,64.365,-3.6702,3254.49,3019.76,7.482,2023,6,2,2023-06,False
2023-06-27,ASIANPAINT,3170.38,3237.66,3168.78,3219.75,914141,0.54,3146.92,2998.97,2933.73,68.766,60.3328,63.5586,-3.2258,3256.94,3036.9,6.992,2023,6,2,2023-06,False
2023-06-28,ASIANPAINT,3224.59,3248.06,3217.33,3241.29,713110,0.669,3155.46,3008.89,2933.61,70.932,61.0798,63.0628,-1.983,3267.01,3043.91,7.07,2023,6,2,2023-06,False
2023-06-30,ASIANPAINT,3245.88,3339.4,3236.93,3254.65,1436363,0.412,3162.37,3019.95,2933.32,72.219,62.0347,62.8572,-0.8225,3280.66,3044.08,7.481,2023,6,2,2023-06,False
2023-07-03,ASIANPAINT,3257.5,3271.97,3230.59,3251.4,474224,-0.1,3169.29,3030.28,2933.05,71.392,61.8171,62.6492,-0.8321,3291.55,3047.02,7.715,2023,7,3,2023-07,False
2023-07-04,ASIANPAINT,3251.4,3278.8,3224.59,3240.75,473663,-0.328,3177.47,3039.66,2932.78,68.616,60.0927,62.1379,-2.0451,3295.58,3059.36,7.434,2023,7,3,2023-07,False
2023-07-05,ASIANPAINT,3244.29,3291.38,3234.03,3266.6,632406,0.798,3186.33,3049.39,2932.68,71.512,60.1188,61.7341,-1.6153,3303.22,3069.43,7.337,2023,7,3,2023-07,False
2023-07-06,ASIANPAINT,3301.06,3301.06,3260.21,3290.8,693995,0.741,3195.81,3059.47,2932.62,73.937,61.3847,61.6642,-0.2795,3314.37,3077.25,7.419,2023,7,3,2023-07,False
2023-07-07,ASIANPAINT,3276.86,3304.94,3230.54,3236.88,620761,-1.639,3203.2,3068.24,2932.5,61.398,57.3756,60.8065,-3.4309,3311.74,3094.66,6.777,2023,7,3,2023-07,False
2023-07-10,ASIANPAINT,3238.14,3264.33,3188.72,3236.35,548838,-0.016,3211.07,3077.19,2932.73,61.287,53.5382,59.3528,-5.8146,3303.27,3118.87,5.743,2023,7,3,2023-07,False
2023-07-11,ASIANPAINT,3242.93,3291.33,3238.14,3284.17,772158,1.478,3220.64,3087.05,2933.23,67.028,53.7365,58.2296,-4.4931,3299.96,3141.33,4.925,2023,7,3,2023-07,False
2023-07-12,ASIANPAINT,3299.13,3305.32,3254.84,3297.92,1025127,0.419,3227.61,3097.24,2933.43,68.476,54.376,57.4588,-3.0828,3308.44,3146.78,5.009,2023,7,3,2023-07,False
2023-07-13,ASIANPAINT,3315.58,3315.58,3276.23,3289.98,750126,-0.241,3233.82,3106.7,2933.77,66.656,53.6242,56.6919,-3.0677,3313.72,3153.93,4.941,2023,7,3,2023-07,False
2023-07-14,ASIANPAINT,3289.98,3329.14,3278.8,3320.18,832843,0.918,3240.38,3115.73,2933.87,69.93,54.8333,56.3202,-1.4869,3326.12,3154.63,5.292,2023,7,3,2023-07,False
2023-07-17,ASIANPAINT,3320.18,3362.05,3315.58,3349.85,817694,0.894,3247.32,3124.78,2934.32,72.76,57.5227,56.5607,0.962,3344.73,3149.91,5.999,2023,7,3,2023-07,False
2023-07-18,ASIANPAINT,3349.47,3410.45,3345.21,3401.21,962485,1.533,3257.19,3134.73,2934.82,76.825,63.071,57.8628,5.2083,3374.1,3140.27,7.179,2023,7,3,2023-07,False
2023-07-19,ASIANPAINT,3407.55,3417.23,3371.25,3402.37,620289,0.034,3266.67,3144.41,2935.16,76.909,66.7919,59.6486,7.1433,3398.24,3135.1,8.055,2023,7,3,2023-07,False
2023-07-20,ASIANPAINT,3397.92,3422.07,3383.3,3413.36,589848,0.323,3276.83,3154.18,2935.09,77.73,69.8224,61.6833,8.139,3420.82,3132.84,8.788,2023,7,3,2023-07,False
2023-07-21,ASIANPAINT,3422.99,3424.93,3393.03,3405.32,857975,-0.235,3289.88,3161.9,2935.86,75.612,70.7601,63.4987,7.2614,3430.57,3149.19,8.553,2023,7,3,2023-07,False
2023-07-24,ASIANPAINT,3394.0,3454.02,3386.74,3430.49,680246,0.739,3301.79,3170.29,2936.97,77.665,72.6962,65.3382,7.358,3447.93,3155.65,8.852,2023,7,3,2023-07,False
2023-07-25,ASIANPAINT,3434.56,3434.56,3242.98,3291.77,2555630,-4.044,3306.25,3175.89,2937.57,51.783,62.3185,64.7342,-2.4158,3444.88,3167.63,8.386,2023,7,3,2023-07,False
2023-07-26,ASIANPAINT,3291.24,3303.97,3257.5,3265.25,959076,-0.806,3308.53,3180.84,2937.87,48.458,51.3617,62.0597,-10.6981,3442.59,3174.46,8.104,2023,7,3,2023-07,False
2023-07-27,ASIANPAINT,3281.7,3304.94,3243.95,3261.76,874078,-0.107,3309.55,3186.6,2938.19,48.021,41.9139,58.0306,-16.1166,3441.76,3177.35,7.989,2023,7,3,2023-07,False
2023-07-28,ASIANPAINT,3267.18,3290.41,3257.02,3282.38,553750,0.632,3310.94,3192.45,2938.55,50.842,35.6791,53.5603,-17.8812,3441.29,3180.59,7.874,2023,7,3,2023-07,False
2023-07-31,ASIANPAINT,3217.04,3279.77,3216.99,3269.46,933890,-0.394,3311.84,3198.52,2939.16,49.045,29.3567,48.7196,-19.3628,3440.69,3182.99,7.781,2023,7,3,2023-07,False
2023-08-01,ASIANPAINT,3264.28,3276.86,3231.36,3236.16,698667,-1.019,3311.61,3203.91,2939.5,44.666,21.4123,43.2581,-21.8458,3441.01,3182.21,7.815,2023,8,3,2023-08,False
2023-08-02,ASIANPAINT,3234.46,3264.23,3224.25,3255.47,857218,0.597,3311.06,3209.0,2940.18,47.589,16.4846,37.9034,-21.4188,3441.37,3180.75,7.871,2023,8,3,2023-08,False
2023-08-03,ASIANPAINT,3262.34,3271.97,3211.95,3229.77,711067,-0.789,3308.0,3213.94,2940.92,44.24,10.3857,32.3999,-22.0142,3443.08,3172.93,8.167,2023,8,3,2023-08,False
2023-08-04,ASIANPAINT,3231.51,3265.54,3216.84,3232.96,519248,0.099,3307.81,3218.53,2941.79,44.76,5.7438,27.0686,-21.3248,3443.33,3172.28,8.194,2023,8,3,2023-08,False
2023-08-07,ASIANPAINT,3210.11,3242.98,3210.07,3236.2,360358,0.1,3307.8,3223.08,2942.62,45.318,2.3003,22.115,-19.8147,3443.34,3172.26,8.195,2023,8,3,2023-08,False
2023-08-08,ASIANPAINT,3236.2,3252.61,3226.18,3241.09,500258,0.151,3305.65,3227.56,2943.34,46.2,-0.0338,17.6852,-17.7191,3444.11,3167.19,8.377,2023,8,3,2023-08,False
2023-08-09,ASIANPAINT,3226.09,3249.71,3197.48,3224.59,643222,-0.509,3301.98,3231.58,2944.04,43.641,-3.1789,13.5124,-16.6913,3445.11,3158.86,8.669,2023,8,3,2023-08,False
2023-08-10,ASIANPAINT,3204.26,3213.94,3126.81,3134.46,1253219,-2.795,3294.2,3232.86,2944.63,32.917,-12.7963,8.2507,-21.0469,3455.78,3132.63,9.81,2023,8,3,2023-08,False
2023-08-11,ASIANPAINT,3134.46,3145.16,3078.41,3083.59,919023,-1.623,3282.37,3232.2,2945.2,28.639,-24.2435,1.7518,-25.9953,3468.7,3096.05,11.353,2023,8,3,2023-08,False
2023-08-14,ASIANPAINT,3083.59,3107.36,3051.55,3100.29,815534,0.542,3269.9,3231.94,2945.71,31.774,-31.6037,-4.9193,-26.6845,3470.1,3069.69,12.245,2023,8,3,2023-08,False
2023-08-16,ASIANPAINT,3092.83,3106.34,3075.41,3092.01,597686,-0.267,3254.44,3232.24,2946.36,31.046,-37.6704,-11.4695,-26.2009,3459.64,3049.24,12.61,2023,8,3,2023-08,False
2023-08-17,ASIANPAINT,3120.91,3121.01,3060.99,3081.56,873392,-0.338,3238.4,3232.08,2947.16,30.108,-42.8282,-17.7413,-25.087,3445.06,3031.74,12.763,2023,8,3,2023-08,False
2023-08-18,ASIANPAINT,3073.47,3083.74,3054.21,3062.49,592652,-0.619,3220.85,3231.31,2947.81,28.42,-47.9025,-23.7735,-24.129,3424.52,3017.18,12.647,2023,8,3,2023-08,False
2023-08-21,ASIANPAINT,3058.95,3085.67,3051.45,3080.64,353330,0.593,3204.62,3231.14,2948.27,32.308,-49.8842,-28.9956,-20.8886,3397.87,3011.36,12.061,2023,8,3,2023-08,False
2023-08-22,ASIANPAINT,3096.42,3096.42,3069.7,3078.12,377068,-0.082,3187.0,3231.13,2948.47,32.048,-51.0691,-33.4103,-17.6588,3356.32,3017.68,10.625,2023,8,3,2023-08,False
2023-08-23,ASIANPAINT,3084.22,3093.9,3064.13,3067.57,370811,-0.343,3175.79,3230.62,2948.75,30.925,-52.2573,-37.1797,-15.0775,3345.59,3005.99,10.693,2023,8,3,2023-08,False
2023-08-24,ASIANPAINT,3083.25,3129.62,3069.6,3122.55,1167742,1.792,3168.66,3229.9,2949.26,42.28,-48.2063,-39.385,-8.8212,3334.57,3002.74,10.472,2023,8,3,2023-08,False
2023-08-25,ASIANPAINT,3121.88,3160.7,3113.45,3155.18,1363431,1.045,3163.33,3229.69,2949.74,47.766,-41.8807,-39.8842,-1.9965,3323.4,3003.26,10.12,2023,8,3,2023-08,False
2023-08-28,ASIANPAINT,3160.65,3167.47,3127.83,3155.56,707315,0.012,3156.99,3229.02,2950.59,47.829,-36.4165,-39.1906,2.7741,3306.93,3007.05,9.499,2023,8,3,2023-08,False
2023-08-29,ASIANPAINT,3156.82,3183.93,3151.06,3180.73,533163,0.798,3152.55,3228.42,2951.65,51.914,-29.7127,-37.295,7.5824,3293.46,3011.64,8.939,2023,8,3,2023-08,False
2023-08-30,ASIANPAINT,3195.84,3197.34,3171.73,3189.45,599080,0.274,3150.21,3228.13,2952.96,53.278,-23.4268,-34.5214,11.0946,3286.77,3013.66,8.669,2023,8,3,2023-08,False
2023-08-31,ASIANPAINT,3194.63,3196.51,3117.13,3152.08,1601967,-1.172,3145.04,3226.91,2954.03,47.107,-21.2158,-31.8603,10.6445,3272.33,3017.75,8.095,2023,8,3,2023-08,False
2023-09-01,ASIANPAINT,3137.56,3159.92,3114.33,3155.42,650131,0.106,3141.33,3225.82,2955.13,47.691,-18.9753,-29.2833,10.308,3262.39,3020.26,7.708,2023,9,3,2023-09,False
2023-09-04,ASIANPAINT,3155.42,3161.91,3113.36,3132.19,696213,-0.736,3136.29,3225.58,2955.98,44.052,-18.8571,-27.198,8.341,3249.42,3023.16,7.214,2023,9,3,2023-09,False
2023-09-05,ASIANPAINT,3141.33,3145.06,3117.13,3120.33,597022,-0.379,3130.49,3224.14,2956.76,42.279,-19.4956,-25.6575,6.162,3233.5,3027.49,6.581,2023,9,3,2023-09,False
2023-09-06,ASIANPAINT,3106.48,3126.81,3092.93,3122.26,754106,0.062,3124.55,3222.53,2957.6,42.685,-19.6191,-24.4499,4.8307,3213.44,3035.67,5.689,2023,9,3,2023-09,False
2023-09-07,ASIANPAINT,3122.26,3149.8,3098.98,3142.64,923108,0.653,3120.46,3220.99,2958.43,46.913,-17.8668,-23.1333,5.2664,3196.56,3044.35,4.878,2023,9,3,2023-09,False
2023-09-08,ASIANPAINT,3146.71,3158.81,3128.75,3134.61,395918,-0.256,3120.46,3218.86,2959.22,45.488,-16.9313,-21.8929,4.9615,3196.57,3044.35,4.878,2023,9,3,2023-09,False
2023-09-11,ASIANPAINT,3138.43,3160.7,3138.43,3155.27,359345,0.659,3124.05,3216.87,2960.07,49.719,-14.3567,-20.3856,6.0289,3199.59,3048.5,4.837,2023,9,3,2023-09,False
2023-09-12,ASIANPAINT,3155.86,3175.02,3139.4,3152.81,554905,-0.078,3126.67,3214.9,2960.93,49.227,-12.3728,-18.7831,6.4103,3202.39,3050.95,4.844,2023,9,3,2023-09,False
2023-09-13,ASIANPAINT,3141.33,3179.72,3122.26,3173.04,880907,0.642,3130.72,3213.54,2961.81,53.301,-9.0636,-16.8392,7.7756,3207.3,3054.15,4.892,2023,9,3,2023-09,False
2023-09-14,ASIANPAINT,3177.15,3188.96,3120.28,3136.74,1102554,-1.144,3133.48,3210.95,2962.55,46.146,-9.2634,-15.324,6.0606,3206.5,3060.47,4.66,2023,9,3,2023-09,False
2023-09-15,ASIANPAINT,3131.65,3136.49,3083.25,3094.53,1568607,-1.346,3135.09,3207.02,2962.87,39.506,-12.6814,-14.7955,2.1141,3202.75,3067.42,4.317,2023,9,3,2023-09,False
2023-09-18,ASIANPAINT,3097.77,3126.72,3088.09,3103.87,673602,0.302,3136.25,3204.36,2963.32,41.512,-14.4696,-14.7303,0.2607,3200.7,3071.8,4.11,2023,9,3,2023-09,False
2023-09-20,ASIANPAINT,3103.87,3124.88,3092.93,3111.66,901084,0.251,3137.92,3201.87,2963.61,43.204,-15.084,-14.8011,-0.2829,3197.57,3078.28,3.802,2023,9,3,2023-09,False
2023-09-21,ASIANPAINT,3107.45,3157.02,3078.94,3140.56,845739,0.929,3141.57,3198.99,2964.02,49.086,-13.0884,-14.4585,1.3701,3191.18,3091.97,3.158,2023,9,3,2023-09,False
2023-09-22,ASIANPAINT,3131.61,3178.7,3118.25,3170.23,896521,0.945,3143.96,3196.44,2964.76,54.317,-9.0088,-13.3686,4.3598,3194.29,3093.62,3.202,2023,9,3,2023-09,False
2023-09-25,ASIANPAINT,3167.76,3228.27,3166.65,3217.08,1422084,1.478,3147.05,3194.98,2965.67,61.112,-1.9722,-11.0893,9.1171,3206.99,3087.11,3.809,2023,9,3,2023-09,False
2023-09-26,ASIANPAINT,3216.84,3218.68,3156.19,3187.61,834560,-0.916,3148.66,3192.33,2966.4,55.517,1.2118,-8.6291,9.8408,3211.21,3086.1,3.973,2023,9,3,2023-09,False
2023-09-27,ASIANPAINT,3182.96,3203.29,3167.18,3196.32,516326,0.273,3149.43,3189.26,2966.87,56.777,4.3875,-6.0258,10.4133,3214.03,3084.84,4.102,2023,9,3,2023-09,False
2023-09-28,ASIANPAINT,3176.96,3183.93,3054.21,3069.07,2104381,-3.981,3143.42,3182.62,2966.73,39.282,-3.3254,-5.4857,2.1603,3214.42,3072.41,4.518,2023,9,3,2023-09,False
2023-09-29,ASIANPAINT,3092.93,3092.93,3033.88,3060.07,1550585,-0.293,3138.82,3175.77,2966.51,38.381,-10.0486,-6.3983,-3.6503,3218.81,3058.82,5.097,2023,9,3,2023-09,False
2023-10-03,ASIANPAINT,3064.95,3124.68,3060.99,3065.68,1219145,0.183,3134.33,3168.82,2966.61,39.316,-14.7536,-8.0693,-6.6843,3220.25,3048.4,5.483,2023,10,4,2023-10,False
2023-10-04,ASIANPAINT,3063.84,3087.12,3050.68,3068.63,892584,0.096,3131.15,3162.08,2966.67,39.833,-18.0362,-10.0627,-7.9735,3221.97,3040.33,5.801,2023,10,4,2023-10,False
2023-10-05,ASIANPAINT,3107.45,3128.85,3072.89,3103.82,1002610,1.147,3130.33,3155.55,2967.07,45.763,-17.5954,-11.5693,-6.0262,3221.86,3038.79,5.848,2023,10,4,2023-10,False
2023-10-06,ASIANPAINT,3112.05,3114.23,3088.09,3093.66,814257,-0.327,3128.89,3151.59,2967.48,44.402,-17.8604,-12.8275,-5.0329,3221.84,3035.95,5.941,2023,10,4,2023-10,False
2023-10-09,ASIANPAINT,3039.74,3061.95,3032.62,3052.08,700012,-1.344,3124.37,3147.33,2968.05,39.257,-21.1812,-14.4982,-6.683,3223.13,3025.6,6.322,2023,10,4,2023-10,False
2023-10-10,ASIANPAINT,3049.37,3063.79,3039.74,3050.82,847367,-0.041,3120.18,3143.11,2968.49,39.109,-23.642,-16.327,-7.315,3224.09,3016.27,6.661,2023,10,4,2023-10,False
2023-10-11,ASIANPAINT,3067.76,3083.25,3051.35,3062.82,1025317,0.393,3115.56,3138.72,2968.98,41.375,-24.343,-17.9302,-6.4128,3221.1,3010.01,6.776,2023,10,4,2023-10,False
2023-10-12,ASIANPAINT,3084.22,3086.64,3049.42,3058.18,992531,-0.152,3110.82,3134.49,2969.52,40.743,-24.9855,-19.3413,-5.6442,3217.82,3003.83,6.879,2023,10,4,2023-10,False
2023-10-13,ASIANPAINT,3049.37,3070.67,3028.31,3048.21,854688,-0.326,3104.58,3130.73,2969.91,39.354,-25.9995,-20.6729,-5.3266,3210.85,2998.31,6.846,2023,10,4,2023-10,False
2023-10-16,ASIANPAINT,3024.2,3028.07,2997.19,3012.63,853011,-1.167,3098.38,3125.87,2970.27,34.795,-29.3357,-22.4055,-6.9302,3211.04,2985.71,7.273,2023,10,4,2023-10,False
2023-10-17,ASIANPAINT,3036.78,3036.78,2993.03,3014.08,792640,0.048,3094.35,3121.56,2970.64,35.126,-31.4993,-24.2242,-7.2751,3213.18,2975.53,7.68,2023,10,4,2023-10,False
2023-10-18,ASIANPAINT,3010.65,3015.68,2991.29,2997.53,481985,-0.549,3089.04,3116.85,2970.66,33.069,-34.156,-26.2106,-7.9454,3215.35,2962.73,8.178,2023,10,4,2023-10,False
2023-10-19,ASIANPAINT,2989.06,3011.52,2977.83,3002.71,568124,0.173,3083.59,3112.18,2970.66,34.364,-35.4351,-28.0555,-7.3796,3215.08,2952.1,8.529,2023,10,4,2023-10,False
2023-10-20,ASIANPAINT,2993.71,3015.58,2966.65,3006.63,711434,0.131,3076.89,3107.49,2970.71,35.383,-35.7207,-29.5885,-6.1321,3209.8,2943.98,8.639,2023,10,4,2023-10,False
2023-10-23,ASIANPAINT,2997.14,3009.58,2966.12,2973.86,374476,-1.09,3067.07,3102.48,2970.73,31.044,-38.1513,-31.3011,-6.8502,3199.97,2934.18,8.666,2023,10,4,2023-10,False
2023-10-25,ASIANPAINT,2994.58,3008.71,2954.5,2963.02,669290,-0.365,3054.37,3099.05,2970.9,29.745,-40.4858,-33.138,-7.3478,3174.88,2933.86,7.891,2023,10,4,2023-10,False
2023-10-26,ASIANPAINT,2953.63,2957.4,2846.08,2865.73,1834111,-3.283,3038.28,3094.69,2970.67,21.177,-49.6145,-36.4333,-13.1812,3169.38,2907.18,8.63,2023,10,4,2023-10,False
2023-10-27,ASIANPAINT,2839.11,2879.62,2837.37,2860.74,1708185,-0.174,3021.5,3089.9,2970.46,20.846,-56.5988,-40.4664,-16.1324,3153.33,2889.67,8.726,2023,10,4,2023-10,False
2023-10-30,ASIANPAINT,2878.99,2896.37,2845.21,2872.31,878885,0.404,3011.66,3085.51,2970.38,23.824,-60.5031,-44.4738,-16.0293,3157.2,2866.13,9.665,2023,10,4,2023-10,False
2023-10-31,ASIANPAINT,2874.15,2916.5,2871.25,2900.0,1152306,0.964,3003.66,3081.88,2970.56,30.559,-60.6639,-47.7118,-12.9521,3155.45,2851.86,10.107,2023,10,4,2023-10,False
2023-11-01,ASIANPAINT,2902.18,2912.78,2836.4,2840.8,1029990,-2.041,2992.41,3077.44,2970.41,25.39,-64.8208,-51.1336,-13.6872,3157.59,2827.24,11.04,2023,11,4,2023-11,False
2023-11-02,ASIANPAINT,2866.46,2867.38,2840.27,2860.99,900125,0.71,2982.03,3073.05,2970.49,29.753,-65.7288,-54.0526,-11.6762,3153.04,2811.03,11.469,2023,11,4,2023-11,False
2023-11-03,ASIANPAINT,2867.53,2892.65,2852.99,2887.75,715997,0.936,2971.23,3069.24,2970.79,35.167,-63.556,-55.9533,-7.6027,3137.06,2805.4,11.163,2023,11,4,2023-11,False
2023-11-06,ASIANPAINT,2907.29,2942.25,2893.57,2937.64,620959,1.728,2963.43,3066.64,2971.45,43.853,-57.1494,-56.1925,-0.9568,3119.39,2807.46,10.526,2023,11,4,2023-11,False
2023-11-07,ASIANPAINT,2937.64,2947.0,2911.36,2941.57,757998,0.134,2957.9,3063.02,2972.17,44.484,-51.1653,-55.1871,4.0218,3108.38,2807.42,10.175,2023,11,4,2023-11,False
2023-11-08,ASIANPAINT,2965.48,3005.19,2954.03,3001.6,783400,2.041,2955.44,3059.95,2973.16,53.145,-41.1053,-52.3707,11.2654,3101.05,2809.83,9.854,2023,11,4,2023-11,False
2023-11-09,ASIANPAINT,3006.21,3017.26,2981.04,2987.0,849702,-0.486,2951.65,3056.58,2973.95,51.059,-33.9194,-48.6805,14.761,3089.21,2814.09,9.321,2023,11,4,2023-11,False
2023-11-10,ASIANPAINT,2977.11,2991.66,2948.12,2983.37,364232,-0.122,2947.91,3052.63,2974.71,50.527,-28.193,-44.583,16.39,3077.09,2818.73,8.764,2023,11,4,2023-11,False
2023-11-13,ASIANPAINT,3004.27,3004.27,2972.26,2992.24,405941,0.297,2945.11,3048.69,2975.89,51.846,-22.6773,-40.2018,17.5245,3067.38,2822.84,8.303,2023,11,4,2023-11,False
2023-11-15,ASIANPAINT,2992.34,3024.48,2985.55,3021.91,700017,0.992,2945.57,3046.09,2977.6,56.064,-15.7304,-35.3076,19.5772,3068.99,2822.16,8.38,2023,11,4,2023-11,False
2023-11-16,ASIANPAINT,3024.63,3045.87,3003.88,3035.59,675454,0.452,2946.65,3043.69,2979.38,57.894,-9.0176,-30.0496,21.032,3072.92,2820.38,8.57,2023,11,4,2023-11,False
2023-11-17,ASIANPAINT,3054.69,3130.57,3050.47,3073.02,1430175,1.233,2950.42,3042.51,2981.24,62.499,-0.6695,-24.1735,23.5041,3087.18,2813.67,9.27,2023,11,4,2023-11,False
2023-11-20,ASIANPAINT,3073.02,3075.93,3037.24,3045.33,406431,-0.901,2952.56,3041.01,2983.12,57.491,3.6701,-18.6048,22.2749,3093.99,2811.12,9.58,2023,11,4,2023-11,False
2023-11-21,ASIANPAINT,3061.38,3061.38,3032.39,3038.45,409069,-0.226,2954.15,3039.33,2985.22,56.283,6.479,-13.588,20.0671,3098.82,2809.47,9.795,2023,11,4,2023-11,False
2023-11-22,ASIANPAINT,3044.99,3061.48,3026.76,3038.21,489889,-0.008,2957.36,3037.24,2987.11,56.238,8.5865,-9.1531,17.7397,3106.67,2808.06,10.097,2023,11,4,2023-11,False
2023-11-23,ASIANPAINT,3052.75,3075.44,3020.9,3028.46,792460,-0.321,2960.64,3035.12,2989.15,54.364,9.3624,-5.45,14.8125,3113.29,2807.98,10.313,2023,11,4,2023-11,False
2023-11-24,ASIANPAINT,3023.66,3044.8,3016.87,3041.26,756329,0.423,2969.41,3032.84,2991.16,56.418,10.8848,-2.1831,13.0678,3119.25,2819.57,10.092,2023,11,4,2023-11,False
2023-11-28,ASIANPAINT,3046.11,3064.39,3041.26,3053.09,647883,0.389,2979.03,3030.84,2993.42,58.287,12.8972,0.833,12.0642,3124.12,2833.94,9.741,2023,11,4,2023-11,False
2023-11-29,ASIANPAINT,3053.09,3074.09,3046.93,3053.09,620725,0.0,2988.07,3028.45,2995.41,58.287,14.327,3.5318,10.7952,3127.58,2848.56,9.338,2023,11,4,2023-11,False
2023-11-30,ASIANPAINT,3053.09,3058.52,3014.3,3025.5,1793116,-0.904,2994.34,3026.22,2997.29,52.23,13.083,5.442,7.6409,3128.36,2860.33,8.951,2023,11,4,2023-11,False
2023-12-01,ASIANPAINT,3051.73,3094.06,3045.24,3077.38,960196,1.715,3006.17,3025.88,2999.42,60.535,16.0979,7.5732,8.5247,3123.9,2888.45,7.832,2023,12,4,2023-12,False
2023-12-04,ASIANPAINT,3093.48,3107.49,3070.69,3097.89,1018189,0.666,3018.02,3025.76,3001.61,63.254,19.9127,10.0411,9.8716,3120.99,2915.05,6.823,2023,12,4,2023-12,False
2023-12-05,ASIANPAINT,3100.27,3149.39,3083.78,3128.64,1005550,0.992,3030.06,3026.1,3003.72,66.932,25.1269,13.0583,12.0686,3124.9,2935.22,6.26,2023,12,4,2023-12,False
2023-12-06,ASIANPAINT,3166.21,3189.49,3135.13,3154.14,1229158,0.815,3040.89,3026.37,3006.01,69.647,30.9603,16.6387,14.3216,3140.61,2941.17,6.559,2023,12,4,2023-12,False
2023-12-07,ASIANPAINT,3184.64,3200.11,3148.61,3153.41,1071725,-0.023,3051.48,3026.03,3008.35,69.472,35.1197,20.3349,14.7848,3151.78,2951.18,6.574,2023,12,4,2023-12,False
2023-12-08,ASIANPAINT,3156.52,3170.87,3130.14,3134.21,895852,-0.609,3058.11,3024.38,3010.67,64.836,36.4466,23.5572,12.8894,3162.0,2954.22,6.794,2023,12,4,2023-12,False
2023-12-11,ASIANPAINT,3132.27,3146.82,3089.12,3135.18,910426,0.031,3065.52,3023.33,3012.95,64.963,37.1482,26.2754,10.8728,3169.19,2961.85,6.764,2023,12,4,2023-12,False
2023-12-12,ASIANPAINT,3130.33,3158.5,3112.88,3127.18,1019030,-0.255,3072.71,3021.94,3015.1,62.941,36.6364,28.3476,8.2888,3172.26,2973.16,6.48,2023,12,4,2023-12,False
2023-12-13,ASIANPAINT,3141.97,3156.47,3093.77,3145.51,1052079,0.586,3080.37,3023.47,3017.2,65.584,37.2799,30.1341,7.1458,3177.41,2983.34,6.3,2023,12,4,2023-12,False
2023-12-14,ASIANPAINT,3156.52,3160.01,3120.63,3143.28,923107,-0.071,3086.44,3025.14,3019.33,64.977,37.1813,31.5435,5.6378,3183.26,2989.62,6.274,2023,12,4,2023-12,False
2023-12-15,ASIANPAINT,3151.67,3225.71,3143.91,3213.63,1631687,2.238,3095.34,3028.1,3021.85,73.358,42.2927,33.6934,8.5994,3204.44,2986.25,7.049,2023,12,4,2023-12,False
2023-12-18,ASIANPAINT,3212.76,3234.87,3196.27,3231.23,911936,0.548,3103.25,3031.35,3024.57,74.971,47.2195,36.3986,10.8209,3227.43,2979.08,8.003,2023,12,4,2023-12,False
2023-12-19,ASIANPAINT,3235.02,3252.42,3200.3,3235.11,780448,0.12,3112.74,3033.97,3027.73,75.326,50.8508,39.289,11.5618,3246.89,2978.6,8.619,2023,12,4,2023-12,False
2023-12-20,ASIANPAINT,3235.11,3258.29,3183.33,3197.39,979762,-1.166,3120.69,3036.05,3030.55,65.591,50.1071,41.4527,8.6544,3255.14,2986.24,8.616,2023,12,4,2023-12,False
2023-12-21,ASIANPAINT,3180.76,3219.55,3172.86,3203.01,1585879,0.176,3128.93,3039.07,3033.34,66.291,49.4021,43.0425,6.3596,3262.29,2995.57,8.524,2023,12,4,2023-12,False
2023-12-22,ASIANPAINT,3209.75,3249.42,3187.55,3240.2,930563,1.161,3139.52,3042.86,3035.94,70.553,51.2534,44.6847,6.5687,3272.91,3006.12,8.498,2023,12,4,2023-12,False
2023-12-26,ASIANPAINT,3248.59,3289.27,3243.99,3280.98,600190,1.259,3151.5,3047.22,3038.69,74.379,55.3728,46.8223,8.5505,3290.68,3012.33,8.832,2023,12,4,2023-12,False
2023-12-27,ASIANPAINT,3278.75,3306.78,3252.52,3301.44,837182,0.624,3163.92,3052.08,3041.57,76.06,59.6014,49.3781,10.2233,3310.26,3017.58,9.25,2023,12,4,2023-12,False
2023-12-28,ASIANPAINT,3301.98,3316.47,3270.99,3294.46,779250,-0.211,3175.99,3057.01,3044.44,74.269,61.6782,51.8382,9.8401,3323.65,3028.33,9.298,2023,12,4,2023-12,False
2023-12-29,ASIANPAINT,3306.83,3319.38,3281.52,3299.46,615676,0.152,3189.69,3062.75,3047.16,74.728,63.0009,54.0707,8.9302,3329.17,3050.21,8.746,2023,12,4,2023-12,False
2024-01-01,ASIANPAINT,3300.04,3308.57,3286.61,3293.35,283951,-0.185,3200.49,3068.33,3049.88,73.015,62.8318,55.8229,7.0089,3336.76,3064.21,8.516,2024,1,1,2024-01,False
2024-01-02,ASIANPAINT,3293.25,3296.06,3243.79,3288.74,552394,-0.14,3210.03,3074.15,3052.6,71.68,61.6159,56.9815,4.6344,3342.73,3077.32,8.268,2024,1,1,2024-01,False
2024-01-03,ASIANPAINT,3288.74,3296.16,3263.19,3271.53,379131,-0.523,3217.17,3079.53,3055.35,66.77,58.588,57.3028,1.2852,3346.78,3087.57,8.057,2024,1,1,2024-01,False
2024-01-04,ASIANPAINT,3269.98,3298.34,3262.02,3277.68,777127,0.188,3223.35,3084.95,3058.35,67.625,56.0392,57.0501,-1.0109,3352.08,3094.62,7.987,2024,1,1,2024-01,False
2024-01-05,ASIANPAINT,3277.68,3278.12,3246.7,3254.02,416956,-0.722,3228.38,3090.56,3061.42,61.121,51.5162,55.9433,-4.4272,3353.41,3103.35,7.746,2024,1,1,2024-01,False
2024-01-08,ASIANPAINT,3253.49,3274.34,3195.16,3198.6,545884,-1.703,3231.6,3095.27,3063.82,49.189,42.9643,53.3475,-10.3832,3349.54,3113.66,7.299,2024,1,1,2024-01,False
2024-01-09,ASIANPAINT,3209.85,3214.7,3163.55,3168.64,670704,-0.937,3233.27,3101.33,3065.75,44.169,33.3842,49.3549,-15.9707,3346.3,3120.25,6.991,2024,1,1,2024-01,False
2024-01-10,ASIANPAINT,3192.4,3193.37,3159.62,3187.4,691087,0.592,3236.28,3107.86,3067.93,47.764,26.9948,44.8828,-17.888,3340.26,3132.31,6.425,2024,1,1,2024-01,False
2024-01-11,ASIANPAINT,3187.4,3209.08,3171.74,3188.71,537469,0.041,3238.44,3114.19,3070.14,48.016,21.7857,40.2634,-18.4777,3336.08,3140.81,6.03,2024,1,1,2024-01,False
2024-01-12,ASIANPAINT,3195.26,3195.26,3145.85,3178.63,673004,-0.316,3240.21,3119.76,3072.38,46.171,16.6517,35.5411,-18.8894,3331.68,3148.75,5.646,2024,1,1,2024-01,False
2024-01-15,ASIANPAINT,3182.89,3187.74,3160.01,3174.84,728116,-0.119,3238.27,3126.44,3074.6,45.466,12.1378,30.8604,-18.7226,3333.67,3142.87,5.892,2024,1,1,2024-01,False
2024-01-16,ASIANPAINT,3175.86,3219.55,3174.84,3197.15,748215,0.703,3236.57,3133.16,3077.14,50.289,10.2423,26.7368,-16.4945,3333.7,3139.44,6.002,2024,1,1,2024-01,False
2024-01-17,ASIANPAINT,3194.43,3204.37,3096.44,3144.2,2239241,-1.656,3232.02,3138.29,3079.4,41.015,4.4166,22.2728,-17.8561,3337.58,3126.46,6.532,2024,1,1,2024-01,False
2024-01-18,ASIANPAINT,3159.38,3159.38,2956.36,3068.12,1979174,-2.42,3225.56,3140.9,3081.26,31.91,-6.2667,16.5649,-22.8316,3353.5,3097.61,7.933,2024,1,1,2024-01,False
2024-01-19,ASIANPAINT,3081.65,3104.68,3053.33,3070.06,936201,0.063,3218.91,3143.47,3083.22,32.323,-14.4107,10.3698,-24.7804,3364.4,3073.42,9.04,2024,1,1,2024-01,False
2024-01-23,ASIANPAINT,2994.13,3014.93,2930.13,2962.28,2365225,-3.511,3205.01,3142.68,3084.71,23.722,-29.2255,2.4507,-31.6762,3389.74,3020.29,11.527,2024,1,1,2024-01,False
2024-01-24,ASIANPAINT,2962.57,2962.57,2886.05,2908.7,2665932,-1.809,3186.4,3141.12,3085.98,20.764,-44.7736,-6.9941,-37.7794,3409.86,2962.94,14.026,2024,1,1,2024-01,False
2024-01-25,ASIANPAINT,2918.98,2924.75,2853.28,2859.97,2001961,-1.675,3164.33,3138.65,3086.92,18.504,-60.3321,-17.6617,-42.6703,3424.19,2904.46,16.425,2024,1,1,2024-01,False
2024-01-29,ASIANPAINT,2851.09,2898.03,2851.09,2886.01,1862723,0.91,3143.9,3136.53,3087.85,23.307,-69.7572,-28.0808,-41.6763,3424.11,2863.69,17.826,2024,1,1,2024-01,False
2024-01-30,ASIANPAINT,2899.53,2914.08,2861.76,2864.72,1273188,-0.738,3122.17,3133.38,3088.66,22.157,-78.0446,-38.0736,-39.971,3418.55,2825.78,18.986,2024,1,1,2024-01,False
2024-01-31,ASIANPAINT,2876.26,2881.98,2858.85,2868.36,1771244,0.127,3100.92,3130.04,3089.66,22.858,-83.3581,-47.1305,-36.2276,3406.43,2795.41,19.704,2024,1,1,2024-01,False
2024-02-01,ASIANPAINT,2871.41,2882.9,2831.6,2840.72,3006472,-0.964,3078.52,3125.39,3090.62,21.29,-88.7758,-55.4595,-33.3163,3391.64,2765.39,20.343,2024,2,1,2024-02,False
2024-02-02,ASIANPAINT,2860.74,2872.72,2835.58,2847.46,1881911,0.237,3057.31,3121.43,3091.46,22.683,-91.4712,-62.6619,-28.8093,3372.83,2741.79,20.64,2024,2,1,2024-02,False
2024-02-05,ASIANPAINT,2860.74,2875.29,2823.89,2829.08,923435,-0.645,3034.88,3117.25,3092.09,21.563,-94.0065,-68.9308,-25.0757,3348.21,2721.55,20.649,2024,2,1,2024-02,False
2024-02-06,ASIANPAINT,2842.32,2857.83,2814.83,2842.27,1471312,0.466,3014.3,3113.33,3092.63,24.446,-93.8694,-73.9185,-19.9509,3321.04,2707.55,20.353,2024,2,1,2024-02,False
2024-02-07,ASIANPAINT,2867.53,2912.09,2847.22,2890.95,1134012,1.713,2998.91,3110.58,3093.36,34.078,-88.8089,-76.8966,-11.9123,3297.49,2700.34,19.912,2024,2,1,2024-02,False
2024-02-08,ASIANPAINT,2908.99,2908.99,2831.46,2840.96,1633654,-1.729,2982.53,3106.57,3094.06,29.867,-87.8199,-79.0812,-8.7386,3277.83,2687.22,19.802,2024,2,1,2024-02,False
2024-02-09,ASIANPAINT,2841.35,2869.47,2822.49,2862.34,1144765,0.753,2966.28,3102.76,3094.69,33.644,-84.3385,-80.1327,-4.2058,3249.64,2682.91,19.106,2024,2,1,2024-02,False
2024-02-12,ASIANPAINT,2862.34,2875.24,2831.7,2864.43,614469,0.073,2950.06,3098.98,3095.16,34.017,-80.4834,-80.2028,-0.2806,3216.44,2683.68,18.059,2024,2,1,2024-02,False
2024-02-13,ASIANPAINT,2875.24,2891.05,2856.57,2881.69,717118,0.603,2935.22,3096.11,3095.67,37.167,-75.1689,-79.1961,4.0272,3180.2,2690.23,16.693,2024,2,1,2024-02,False
2024-02-14,ASIANPAINT,2880.04,2890.61,2847.22,2886.34,750339,0.162,2920.79,3092.29,3096.16,38.026,-69.7772,-77.3123,7.5351,3138.86,2702.72,14.932,2024,2,1,2024-02,False
2024-02-15,ASIANPAINT,2889.84,2932.99,2877.67,2925.28,1068730,1.349,2907.2,3088.83,3096.8,44.823,-61.6518,-74.1802,12.5284,3082.41,2731.98,12.054,2024,2,1,2024-02,False
2024-02-16,ASIANPAINT,2943.17,2943.17,2909.23,2916.89,1179473,-0.287,2895.83,3084.6,3097.44,43.711,-55.2523,-70.3946,15.1423,3031.3,2760.36,9.356,2024,2,1,2024-02,False
2024-02-19,ASIANPAINT,2916.89,2927.37,2897.11,2907.39,560700,-0.326,2887.79,3079.66,3098.02,42.426,-50.3668,-66.389,16.0222,2996.69,2778.9,7.542,2024,2,1,2024-02,False
2024-02-20,ASIANPAINT,2907.39,2925.81,2882.18,2920.53,729371,0.452,2880.32,3075.01,3098.68,44.84,-44.917,-62.0946,17.1776,2949.99,2810.64,4.838,2024,2,1,2024-02,False
2024-02-21,ASIANPAINT,2920.92,2935.17,2893.23,2910.98,927130,-0.327,2877.75,3070.54,3099.15,43.415,-40.8974,-57.8552,16.9578,2937.84,2817.66,4.176,2024,2,1,2024-02,False
2024-02-22,ASIANPAINT,2892.75,2935.61,2843.39,2926.1,2615821,0.52,2878.62,3066.36,3099.44,46.324,-36.0752,-53.4992,17.424,2941.06,2816.19,4.338,2024,2,1,2024-02,False
2024-02-23,ASIANPAINT,2908.26,2914.08,2876.45,2895.61,1650523,-1.042,2880.41,3061.73,3099.43,41.673,-34.319,-49.6632,15.3442,2942.63,2818.18,4.321,2024,2,1,2024-02,False
2024-02-26,ASIANPAINT,2831.65,2841.35,2761.64,2781.66,3524491,-3.935,2875.19,3054.45,3098.82,29.682,-41.6415,-48.0588,6.4173,2951.37,2799.0,5.299,2024,2,1,2024-02,False
2024-02-27,ASIANPAINT,2768.62,2783.16,2763.87,2773.03,1296180,-0.31,2870.6,3047.05,3098.09,29.001,-47.5925,-47.9656,0.3731,2959.43,2781.78,6.188,2024,2,1,2024-02,False
2024-02-28,ASIANPAINT,2763.91,2772.88,2701.22,2709.8,2472196,-2.28,2862.68,3036.97,3097.02,24.558,-56.7563,-49.7237,-7.0326,2976.99,2748.36,7.986,2024,2,1,2024-02,False
2024-02-29,ASIANPAINT,2700.74,2752.13,2692.74,2736.52,2284424,0.986,2857.47,3027.08,3095.6,29.474,-61.158,-52.0106,-9.1474,2984.75,2730.18,8.909,2024,2,1,2024-02,False
2024-03-01,ASIANPAINT,2747.19,2759.84,2729.88,2746.07,978174,0.349,2852.4,3017.3,3094.28,31.201,-63.1477,-54.238,-8.9097,2989.09,2715.7,9.584,2024,3,1,2024-03,False
2024-03-04,ASIANPAINT,2773.47,2774.39,2742.43,2746.07,971299,0.0,2848.25,3008.27,3092.95,31.201,-63.9869,-56.1878,-7.7991,2992.74,2703.75,10.146,2024,3,1,2024-03,False
2024-03-05,ASIANPAINT,2748.25,2749.08,2720.13,2735.06,736381,-0.401,2842.89,2998.91,3091.54,30.213,-64.7932,-57.9089,-6.8843,2996.01,2689.76,10.772,2024,3,1,2024-03,False
2024-03-06,ASIANPAINT,2742.39,2753.1,2693.71,2741.76,1723066,0.245,2835.43,2988.94,3090.38,31.631,-64.1528,-59.1576,-4.9951,2993.16,2677.7,11.126,2024,3,1,2024-03,False
2024-03-07,ASIANPAINT,2739.53,2806.44,2739.53,2783.7,1564364,1.53,2832.56,2979.0,3089.34,39.877,-59.5742,-59.2409,-0.3332,2991.94,2673.18,11.253,2024,3,1,2024-03,False
2024-03-11,ASIANPAINT,2807.94,2808.91,2766.78,2789.81,866546,0.219,2828.94,2968.76,3088.46,40.993,-54.8206,-58.3569,3.5362,2988.76,2669.11,11.299,2024,3,1,2024-03,False
2024-03-12,ASIANPAINT,2792.86,2812.16,2778.75,2789.13,663186,-0.024,2825.17,2958.66,3087.58,40.902,-50.5258,-56.7907,6.2649,2985.02,2665.32,11.316,2024,3,1,2024-03,False
2024-03-13,ASIANPAINT,2791.5,2799.89,2749.22,2773.61,955841,-0.556,2819.77,2948.14,3086.44,38.786,-47.8229,-54.9971,7.1742,2978.88,2660.65,11.286,2024,3,1,2024-03,False
2024-03-14,ASIANPAINT,2773.47,2810.37,2755.04,2804.74,1381741,1.122,2815.69,2938.37,3085.55,44.942,-42.677,-52.5331,9.8561,2971.77,2659.61,11.087,2024,3,1,2024-03,False
2024-03-15,ASIANPAINT,2807.41,2809.3,2763.77,2780.79,1356226,-0.854,2808.46,2928.21,3084.44,41.485,-40.0697,-50.0404,9.9707,2956.35,2660.58,10.531,2024,3,1,2024-03,False
2024-03-18,ASIANPAINT,2779.28,2779.28,2732.01,2760.38,940424,-0.734,2800.64,2917.98,3083.19,38.749,-39.1987,-47.8721,8.6733,2940.72,2660.55,10.004,2024,3,1,2024-03,False
2024-03-19,ASIANPAINT,2754.07,2754.07,2716.25,2729.93,1199135,-1.103,2791.76,2907.03,3081.76,35.037,-40.4987,-46.3974,5.8987,2925.72,2657.8,9.597,2024,3,1,2024-03,False
2024-03-20,ASIANPAINT,2729.93,2751.21,2712.91,2739.43,818910,0.348,2782.71,2896.74,3080.34,37.064,-40.2975,-45.1774,4.8799,2903.89,2661.52,8.71,2024,3,1,2024-03,False
2024-03-21,ASIANPAINT,2758.92,2759.31,2721.1,2735.79,1167680,-0.133,2773.95,2887.48,3078.66,36.593,-39.9708,-44.1361,4.1653,2880.54,2667.35,7.685,2024,3,1,2024-03,False
2024-03-22,ASIANPAINT,2735.79,2768.76,2723.04,2755.53,1652689,0.721,2765.42,2879.22,3076.86,40.971,-37.6851,-42.8459,5.1608,2844.5,2686.34,5.719,2024,3,1,2024-03,False
2024-03-26,ASIANPAINT,2734.68,2758.1,2724.98,2729.49,1372390,-0.945,2757.11,2870.06,3074.94,37.311,-37.5418,-41.7851,4.2432,2808.76,2705.47,3.746,2024,3,1,2024-03,False
2024-03-27,ASIANPAINT,2732.69,2756.84,2732.45,2744.86,1156231,0.563,2755.27,2861.18,3073.28,40.68,-35.7757,-40.5832,4.8075,2805.85,2704.7,3.671,2024,3,1,2024-03,False
2024-03-28,ASIANPAINT,2749.27,2781.22,2733.71,2760.62,1864623,0.574,2754.65,2852.82,3071.64,44.002,-32.7272,-39.012,6.2848,2804.61,2704.7,3.627,2024,3,1,2024-03,False
2024-04-01,ASIANPAINT,2774.39,2799.12,2766.05,2784.13,558086,0.852,2758.37,2845.01,3070.05,48.627,-28.0898,-36.8276,8.7377,2805.24,2711.5,3.398,2024,4,2,2024-04,False
2024-04-02,ASIANPAINT,2787.09,2804.89,2769.59,2787.24,562473,0.111,2760.91,2836.81,3068.54,49.223,-23.889,-34.2399,10.3509,2808.28,2713.53,3.432,2024,4,2,2024-04,False
2024-04-03,ASIANPAINT,2758.92,2797.27,2758.92,2782.53,816676,-0.169,2762.73,2829.58,3067.06,48.308,-20.7006,-31.532,10.8314,2810.51,2714.95,3.459,2024,4,2,2024-04,False
2024-04-04,ASIANPAINT,2783.16,2854.2,2764.98,2830.0,1831347,1.706,2766.93,2824.82,3065.75,56.994,-14.18,-28.0616,13.8816,2822.63,2711.22,4.027,2024,4,2,2024-04,False
2024-04-05,ASIANPAINT,2835.53,2839.17,2792.86,2796.21,1155672,-1.194,2769.98,2819.34,3063.93,50.489,-11.6056,-24.7704,13.1648,2825.03,2714.93,3.975,2024,4,2,2024-04,False
2024-04-08,ASIANPAINT,2820.01,2820.94,2786.85,2804.5,570695,0.297,2773.12,2816.18,3062.13,51.939,-8.795,-21.5753,12.7804,2828.55,2717.69,3.997,2024,4,2,2024-04,False
2024-04-09,ASIANPAINT,2805.47,2828.21,2758.92,2770.7,1017670,-1.205,2772.47,2813.42,3060.04,46.025,-9.1886,-19.098,9.9094,2827.68,2717.26,3.983,2024,4,2,2024-04,False
2024-04-10,ASIANPAINT,2796.06,2811.38,2771.53,2809.1,740495,1.386,2773.44,2812.41,3058.03,52.626,-6.3289,-16.5442,10.2152,2830.56,2716.31,4.12,2024,4,2,2024-04,False
2024-04-12,ASIANPAINT,2802.56,2805.47,2758.92,2768.13,1766311,-1.459,2772.39,2810.05,3055.85,46.142,-7.2847,-14.6923,7.4076,2829.07,2715.7,4.089,2024,4,2,2024-04,False
2024-04-15,ASIANPAINT,2744.57,2767.16,2727.26,2758.34,884519,-0.354,2771.62,2807.92,3053.58,44.724,-8.7318,-13.5002,4.7683,2828.64,2714.6,4.115,2024,4,2,2024-04,False
2024-04-16,ASIANPAINT,2742.1,2755.48,2734.68,2744.37,911249,-0.506,2768.6,2805.44,3051.25,42.708,-10.88,-12.9761,2.0961,2824.63,2712.58,4.047,2024,4,2,2024-04,False
2024-04-18,ASIANPAINT,2768.62,2772.69,2715.38,2722.75,1732434,-0.788,2765.7,2803.08,3049.14,39.722,-14.1642,-13.2138,-0.9505,2824.99,2706.42,4.287,2024,4,2,2024-04,False
2024-04-19,ASIANPAINT,2705.58,2736.71,2682.46,2723.57,1337807,0.03,2763.86,2800.6,3046.8,39.894,-16.5102,-13.873,-2.6371,2826.05,2701.67,4.5,2024,4,2,2024-04,False
2024-04-22,ASIANPAINT,2760.47,2760.47,2728.91,2755.87,676040,1.186,2765.16,2799.14,3044.56,46.37,-15.5839,-14.2152,-1.3687,2825.42,2704.89,4.359,2024,4,2,2024-04,False
2024-04-23,ASIANPAINT,2765.71,2790.87,2757.95,2787.92,929062,1.163,2767.58,2798.05,3042.4,51.907,-12.124,-13.797,1.673,2827.39,2707.78,4.322,2024,4,2,2024-04,False
2024-04-24,ASIANPAINT,2795.72,2795.87,2773.47,2780.98,718441,-0.249,2769.84,2795.85,3040.1,50.688,-9.8281,-13.0032,3.1751,2827.98,2711.7,4.198,2024,4,2,2024-04,False
2024-04-25,ASIANPAINT,2778.32,2783.07,2743.45,2774.87,1594152,-0.22,2770.81,2794.53,3037.7,49.583,-8.4048,-12.0835,3.6788,2828.59,2713.03,4.171,2024,4,2,2024-04,False
2024-04-26,ASIANPAINT,2783.16,2791.12,2751.21,2758.1,625507,-0.605,2772.24,2792.45,3035.24,46.579,-8.5321,-11.3732,2.8411,2827.05,2717.43,3.954,2024,4,2,2024-04,False
2024-04-29,ASIANPAINT,2758.1,2786.99,2753.1,2781.42,566219,0.846,2774.07,2790.79,3032.94,51.021,-6.6741,-10.4334,3.7593,2827.46,2720.68,3.849,2024,4,2,2024-04,False
2024-04-30,ASIANPAINT,2768.62,2823.89,2768.62,2788.89,1290649,0.268,2775.48,2788.93,3030.55,52.386,-4.5468,-9.2561,4.7093,2828.87,2722.09,3.847,2024,4,2,2024-04,False
2024-05-02,ASIANPAINT,2788.11,2897.59,2788.11,2885.38,2493406,3.46,2780.54,2788.91,3028.52,65.692,4.8689,-6.4311,11.3,2853.13,2707.96,5.221,2024,5,2,2024-05,False
2024-05-03,ASIANPAINT,2892.79,2906.32,2821.23,2841.11,1594445,-1.534,2783.24,2787.23,3026.55,57.722,8.659,-3.4131,12.0721,2860.7,2705.77,5.567,2024,5,2,2024-05,False
2024-05-06,ASIANPAINT,2860.74,2869.47,2823.12,2843.43,768806,0.082,2786.28,2785.76,3024.58,58.01,11.7154,-0.3874,12.1028,2868.29,2704.28,5.886,2024,5,2,2024-05,False
2024-05-07,ASIANPAINT,2857.83,2878.15,2816.14,2824.86,629534,-0.653,2786.02,2784.11,3022.28,54.798,12.4952,2.1891,10.306,2867.48,2704.57,5.848,2024,5,2,2024-05,False
2024-05-08,ASIANPAINT,2812.26,2817.11,2735.65,2757.27,1652877,-2.393,2784.08,2780.84,3019.58,45.025,7.5718,3.2657,4.3061,2866.37,2701.79,5.912,2024,5,2,2024-05,False
2024-05-09,ASIANPAINT,2742.43,2767.6,2621.99,2628.1,3547959,-4.685,2775.26,2775.19,3016.27,32.936,-6.676,1.2773,-7.9533,2882.39,2668.12,7.721,2024,5,2,2024-05,False
2024-05-10,ASIANPAINT,2617.34,2708.11,2589.31,2687.4,2478584,2.256,2771.09,2770.41,3013.11,40.795,-13.0322,-1.5846,-11.4477,2885.22,2656.96,8.237,2024,5,2,2024-05,False
2024-05-13,ASIANPAINT,2687.4,2807.41,2670.77,2792.13,2748823,3.897,2770.24,2768.34,3010.32,51.586,-9.509,-3.1695,-6.3395,2883.43,2657.06,8.172,2024,5,2,2024-05,False
2024-05-14,ASIANPAINT,2791.89,2800.62,2756.01,2779.43,999330,-0.455,2770.81,2768.3,3007.21,50.386,-7.6536,-4.0663,-3.5873,2884.07,2657.55,8.175,2024,5,2,2024-05,False
2024-05-15,ASIANPAINT,2779.43,2787.29,2721.25,2728.57,1230520,-1.83,2769.32,2767.41,3003.84,45.795,-10.1702,-5.2871,-4.8832,2884.04,2654.6,8.285,2024,5,2,2024-05,False
2024-05-16,ASIANPAINT,2735.7,2751.74,2702.24,2728.91,1534319,0.012,2768.55,2767.79,3000.42,45.83,-11.9989,-6.6295,-5.3695,2884.18,2652.91,8.353,2024,5,2,2024-05,False
2024-05-17,ASIANPAINT,2729.44,2752.33,2701.8,2724.88,1325150,-0.147,2768.65,2767.56,2997.02,45.45,-13.616,-8.0268,-5.5892,2884.11,2653.19,8.341,2024,5,2,2024-05,False
2024-05-21,ASIANPAINT,2729.83,2780.21,2716.25,2765.51,921822,1.491,2770.75,2767.95,2993.69,49.96,-11.4864,-8.7187,-2.7677,2884.27,2657.23,8.194,2024,5,2,2024-05,False
2024-05-22,ASIANPAINT,2765.51,2807.41,2750.77,2798.44,933846,1.19,2772.88,2768.99,2991.23,53.326,-7.0608,-8.3871,1.3264,2886.82,2658.94,8.218,2024,5,2,2024-05,False
2024-05-23,ASIANPAINT,2797.71,2832.86,2790.24,2815.89,1181894,0.624,2774.28,2770.61,2988.98,55.053,-2.1204,-7.1338,5.0133,2889.67,2658.88,8.319,2024,5,2,2024-05,False
2024-05-24,ASIANPAINT,2822.15,2822.15,2780.25,2787.77,755822,-0.999,2774.62,2771.53,2986.61,51.733,-0.469,-5.8008,5.3318,2890.14,2659.1,8.327,2024,5,2,2024-05,False
2024-05-27,ASIANPAINT,2800.52,2810.61,2769.15,2785.39,817091,-0.085,2775.14,2771.56,2984.12,51.45,0.6406,-4.5125,5.1531,2890.76,2659.53,8.332,2024,5,2,2024-05,False
2024-05-28,ASIANPAINT,2788.84,2832.62,2777.35,2823.12,1084544,1.354,2778.4,2772.23,2981.89,55.594,4.5119,-2.7076,7.2196,2895.64,2661.15,8.44,2024,5,2,2024-05,False
2024-05-29,ASIANPAINT,2808.38,2833.3,2793.93,2812.4,1758297,-0.38,2779.94,2772.7,2979.77,54.179,6.6388,-0.8384,7.4772,2898.17,2661.72,8.506,2024,5,2,2024-05,False
2024-05-30,ASIANPAINT,2788.26,2822.78,2788.01,2796.45,1344426,-0.567,2780.32,2773.15,2977.48,52.056,6.9569,0.7207,6.2362,2898.72,2661.93,8.517,2024,5,2,2024-05,False
2024-05-31,ASIANPAINT,2796.45,2818.07,2769.2,2794.03,2520363,-0.087,2775.76,2772.94,2975.3,51.724,6.9335,1.9633,4.9702,2883.67,2667.84,7.776,2024,5,2,2024-05,False
2024-06-03,ASIANPAINT,2860.74,2860.74,2773.52,2779.72,952701,-0.512,2772.69,2772.92,2973.03,49.711,5.6951,2.7096,2.9855,2876.18,2669.19,7.465,2024,6,2,2024-06,False
2024-06-04,ASIANPAINT,2792.86,2809.35,2691.77,2771.19,2683847,-0.307,2769.07,2773.13,2970.71,48.498,3.9792,2.9635,1.0157,2867.07,2671.08,7.078,2024,6,2,2024-06,False
2024-06-05,ASIANPAINT,2777.83,2935.7,2777.83,2872.14,2410576,3.643,2771.44,2775.98,2968.86,60.71,10.6425,4.4993,6.1431,2877.08,2665.8,7.624,2024,6,2,2024-06,False
2024-06-06,ASIANPAINT,2870.44,2872.14,2795.04,2816.91,1689408,-1.923,2774.42,2777.53,2966.82,53.268,11.3362,5.8667,5.4695,2881.73,2667.11,7.736,2024,6,2,2024-06,False
2024-06-07,ASIANPAINT,2816.91,2854.05,2801.44,2839.12,1600180,0.788,2784.97,2779.59,2965.35,55.624,13.522,7.3978,6.1242,2871.12,2698.82,6.186,2024,6,2,2024-06,False
2024-06-10,ASIANPAINT,2839.41,2862.59,2826.8,2848.67,876867,0.336,2793.03,2781.46,2964.17,56.637,15.8424,9.0867,6.7557,2870.48,2715.59,5.545,2024,6,2,2024-06,False
2024-06-11,ASIANPAINT,2854.15,2859.39,2834.57,2841.87,855430,-0.239,2795.52,2783.7,2962.88,55.662,16.937,10.6567,6.2802,2875.98,2715.06,5.756,2024,6,2,2024-06,False
2024-06-12,ASIANPAINT,2848.28,2857.09,2805.83,2845.15,1701770,0.115,2798.81,2785.71,2961.65,56.055,17.8632,12.098,5.7652,2881.82,2715.79,5.932,2024,6,2,2024-06,False
2024-06-13,ASIANPAINT,2867.86,2867.86,2844.36,2849.26,726380,0.145,2804.84,2787.48,2960.49,56.574,18.7134,13.4211,5.2923,2883.81,2725.87,5.631,2024,6,2,2024-06,False
2024-06-14,ASIANPAINT,2849.26,2870.16,2844.46,2860.62,982815,0.399,2811.43,2789.01,2959.48,58.047,20.0722,14.7513,5.3209,2885.55,2737.3,5.273,2024,6,2,2024-06,False
2024-06-18,ASIANPAINT,2860.62,2866.88,2844.36,2857.58,741098,-0.106,2818.06,2790.42,2958.36,57.486,20.666,15.9343,4.7318,2882.72,2753.4,4.589,2024,6,2,2024-06,False
2024-06-19,ASIANPAINT,2857.09,2859.05,2822.48,2831.34,1018294,-0.918,2821.35,2791.4,2957.13,52.737,18.8024,16.5079,2.2945,2881.27,2761.43,4.248,2024,6,2,2024-06,False
2024-06-20,ASIANPAINT,2824.78,2863.46,2812.44,2854.64,1129752,0.823,2824.16,2791.89,2956.06,56.198,18.9871,17.0037,1.9833,2884.83,2763.5,4.296,2024,6,2,2024-06,False
2024-06-21,ASIANPAINT,2863.94,2866.88,2819.98,2830.51,1722379,-0.845,2824.89,2792.57,2954.6,51.955,16.99,17.001,-0.011,2885.49,2764.3,4.29,2024,6,2,2024-06,False
2024-06-24,ASIANPAINT,2822.82,2839.42,2811.46,2835.6,892125,0.18,2827.28,2793.2,2953.0,52.765,15.6379,16.7284,-1.0905,2885.44,2769.13,4.114,2024,6,2,2024-06,False
2024-06-25,ASIANPAINT,2815.97,2834.52,2796.39,2798.78,1217792,-1.298,2827.95,2793.76,2951.22,46.64,11.4635,15.6754,-4.2119,2884.36,2771.55,3.989,2024,6,2,2024-06,False
2024-06-26,ASIANPAINT,2800.5,2813.86,2784.68,2803.58,960622,0.171,2826.98,2793.65,2949.33,47.496,8.445,14.2293,-5.7843,2884.4,2769.55,4.063,2024,6,2,2024-06,False
2024-06-27,ASIANPAINT,2801.04,2842.4,2785.61,2820.72,1628022,0.611,2827.39,2794.7,2947.49,50.544,7.3508,12.8536,-5.5028,2884.49,2770.29,4.039,2024,6,2,2024-06,False
2024-06-28,ASIANPAINT,2805.2,2870.8,2802.46,2856.16,1206712,1.257,2830.38,2796.66,2946.01,56.209,9.2371,12.1303,-2.8932,2886.91,2773.85,3.995,2024,6,2,2024-06,False
2024-07-01,ASIANPAINT,2828.99,2877.65,2827.72,2866.69,1104110,0.369,2834.01,2799.1,2944.57,57.757,11.4495,11.9941,-0.5447,2890.04,2777.98,3.954,2024,7,3,2024-07,False
2024-07-02,ASIANPAINT,2866.69,2874.72,2851.22,2864.53,1064295,-0.075,2838.25,2801.94,2943.23,57.31,12.8805,12.1714,0.709,2889.63,2786.88,3.62,2024,7,3,2024-07,False
2024-07-03,ASIANPAINT,2868.55,2887.39,2855.13,2864.48,925189,-0.002,2842.92,2804.76,2941.95,57.3,13.8509,12.5073,1.3436,2884.7,2801.14,2.939,2024,7,3,2024-07,False
2024-07-04,ASIANPAINT,2878.63,2906.49,2861.99,2873.64,968666,0.32,2842.99,2807.11,2940.71,58.866,15.1837,13.0426,2.1411,2885.0,2800.99,2.955,2024,7,3,2024-07,False
2024-07-05,ASIANPAINT,2875.84,2885.39,2852.29,2874.62,817429,0.034,2845.88,2808.84,2939.37,59.039,16.133,13.6607,2.4723,2888.27,2803.49,2.979,2024,7,3,2024-07,False
2024-07-08,ASIANPAINT,2874.62,2874.62,2830.36,2837.66,828260,-1.286,2845.8,2809.98,2937.88,50.415,13.7443,13.6774,0.0669,2888.25,2803.36,2.983,2024,7,3,2024-07,False
2024-07-09,ASIANPAINT,2848.23,2852.39,2829.68,2844.36,685431,0.236,2845.59,2811.37,2936.33,51.791,12.2512,13.3922,-1.1409,2888.01,2803.16,2.982,2024,7,3,2024-07,False
2024-07-10,ASIANPAINT,2839.52,2951.58,2833.93,2933.9,2299950,3.148,2850.19,2814.88,2935.23,65.541,18.0847,14.3307,3.754,2908.07,2792.31,4.061,2024,7,3,2024-07,False
2024-07-11,ASIANPAINT,2936.4,2966.75,2910.94,2958.97,1968980,0.854,2855.88,2818.44,2934.16,68.269,24.4486,16.3542,8.0943,2931.38,2780.39,5.287,2024,7,3,2024-07,False
2024-07-12,ASIANPAINT,2961.86,2988.29,2908.89,2936.55,1879930,-0.758,2860.25,2821.39,2933.16,63.431,27.3672,18.5568,8.8104,2943.79,2776.7,5.842,2024,7,3,2024-07,False
2024-07-15,ASIANPAINT,2936.4,2936.4,2871.34,2894.79,2425341,-1.422,2861.95,2821.58,2932.16,55.537,26.0108,20.0476,5.9632,2946.92,2776.99,5.937,2024,7,3,2024-07,False
2024-07-16,ASIANPAINT,2897.24,2953.0,2880.1,2912.36,2085611,0.607,2864.69,2823.0,2931.21,57.911,26.0537,21.2488,4.8048,2952.55,2776.84,6.133,2024,7,3,2024-07,False
2024-07-18,ASIANPAINT,2814.99,2896.16,2782.68,2870.36,5384611,-1.442,2866.64,2823.54,2930.0,50.914,22.4396,21.487,0.9526,2953.1,2780.19,6.032,2024,7,3,2024-07,False
2024-07-19,ASIANPAINT,2863.94,2917.8,2856.36,2884.56,2164746,0.495,2868.14,2824.73,2928.72,52.982,20.4848,21.2865,-0.8018,2954.76,2781.53,6.04,2024,7,3,2024-07,False
2024-07-22,ASIANPAINT,2875.69,2911.29,2856.26,2873.05,1616347,-0.399,2870.27,2827.05,2927.23,51.103,17.8021,20.5897,-2.7876,2955.06,2785.47,5.908,2024,7,3,2024-07,False
2024-07-23,ASIANPAINT,2873.05,2885.78,2825.76,2836.63,1906312,-1.268,2870.32,2831.22,2925.33,45.592,12.5918,18.9901,-6.3982,2955.03,2785.61,5.902,2024,7,3,2024-07,False
2024-07-24,ASIANPAINT,2840.45,2865.9,2825.95,2852.0,1476148,0.542,2872.98,2834.51,2923.65,48.134,9.5925,17.1106,-7.5181,2951.33,2794.63,5.454,2024,7,3,2024-07,False
2024-07-25,ASIANPAINT,2831.68,2847.98,2825.02,2840.84,1239922,-0.391,2874.84,2835.49,2921.88,46.437,6.2428,14.937,-8.6942,2947.83,2801.85,5.078,2024,7,3,2024-07,False
2024-07-26,ASIANPAINT,2841.62,2902.57,2840.15,2888.57,1359780,1.68,2878.24,2837.67,2920.97,53.919,7.355,13.4206,-6.0656,2946.81,2809.66,4.765,2024,7,3,2024-07,False
2024-07-29,ASIANPAINT,2891.41,2903.21,2874.72,2893.02,854408,0.154,2880.08,2840.96,2920.14,54.557,8.498,12.4361,-3.9381,2948.13,2812.02,4.726,2024,7,3,2024-07,False
2024-07-30,ASIANPAINT,2911.43,2969.49,2908.01,2942.32,2144591,1.704,2883.86,2845.23,2919.52,60.993,13.2293,12.5947,0.6346,2957.0,2810.72,5.072,2024,7,3,2024-07,False
2024-07-31,ASIANPAINT,2942.32,3033.33,2942.32,3020.07,3549501,2.642,2891.64,2851.13,2919.28,68.555,22.9871,14.6732,8.3139,2986.09,2797.18,6.533,2024,7,3,2024-07,False
2024-08-01,ASIANPAINT,3023.54,3063.64,2998.87,3034.66,1675122,0.483,2900.15,2856.51,2918.93,69.741,31.5339,18.0454,13.4886,3013.14,2787.15,7.792,2024,8,3,2024-08,False
2024-08-02,ASIANPAINT,3005.92,3063.74,2996.13,3041.85,1348780,0.237,2908.56,2861.38,2918.67,70.335,38.4449,22.1253,16.3196,3037.2,2779.91,8.846,2024,8,3,2024-08,False
2024-08-05,ASIANPAINT,3005.87,3079.35,2991.53,3028.83,2019141,-0.428,2916.27,2865.64,2918.56,67.743,42.3825,26.1767,16.2058,3054.48,2778.06,9.479,2024,8,3,2024-08,False
2024-08-06,ASIANPAINT,3036.96,3069.56,3021.63,3037.01,885743,0.27,2926.23,2870.62,2918.49,68.527,45.6368,30.0687,15.5681,3069.24,2783.23,9.774,2024,8,3,2024-08,False
2024-08-07,ASIANPAINT,3037.01,3053.41,2996.18,3036.71,1907105,-0.01,2935.85,2875.65,2918.36,68.463,47.6429,33.5836,14.0593,3081.52,2790.18,9.924,2024,8,3,2024-08,False
2024-08-08,ASIANPAINT,3015.71,3025.21,2927.98,2942.67,1280109,-3.097,2936.29,2878.04,2917.78,51.707,41.1695,35.1008,6.0688,3081.99,2790.59,9.924,2024,8,3,2024-08,False
2024-08-09,ASIANPAINT,2975.57,2989.03,2904.09,2977.13,1665414,1.171,2937.2,2881.34,2917.42,55.961,38.378,35.7562,2.6218,3083.72,2790.68,9.977,2024,8,3,2024-08,False
2024-08-12,ASIANPAINT,2956.96,3019.63,2941.0,2989.47,1736881,0.414,2939.84,2885.2,2917.31,57.407,36.7377,35.9525,0.7852,3088.21,2791.47,10.094,2024,8,3,2024-08,False
2024-08-13,ASIANPAINT,2991.13,2995.93,2950.11,2960.44,502260,-0.971,2943.13,2888.53,2917.04,52.997,32.718,35.3056,-2.5876,3090.2,2796.05,9.994,2024,8,3,2024-08,False
2024-08-14,ASIANPAINT,2971.45,2971.45,2931.55,2962.69,454671,0.076,2945.64,2892.18,2916.87,53.296,29.3755,34.1196,-4.7441,3092.22,2799.07,9.952,2024,8,3,2024-08,False
2024-08-16,ASIANPAINT,2990.25,2990.25,2940.32,2984.52,514229,0.737,2951.35,2896.45,2916.78,56.212,28.1637,32.9284,-4.7647,3094.43,2808.27,9.696,2024,8,3,2024-08,False
2024-08-19,ASIANPAINT,2990.2,3023.4,2974.93,3012.09,542858,0.924,2957.73,2899.25,2916.8,59.638,29.0921,32.1611,-3.0691,3099.64,2815.82,9.596,2024,8,3,2024-08,False
2024-08-20,ASIANPAINT,3031.38,3041.51,3013.75,3038.43,668282,0.874,2966.0,2903.68,2917.13,62.645,31.589,32.0467,-0.4577,3106.4,2825.6,9.467,2024,8,3,2024-08,False
2024-08-21,ASIANPAINT,3036.27,3104.42,3019.67,3085.77,1186536,1.558,2978.45,2908.61,2917.74,67.353,36.9617,33.0297,3.932,3114.67,2842.24,9.147,2024,8,3,2024-08,False
2024-08-22,ASIANPAINT,3100.89,3131.88,3090.17,3120.08,1540888,1.112,2991.86,2914.04,2919.01,70.278,43.4876,35.1213,8.3663,3128.44,2855.27,9.13,2024,8,3,2024-08,False
2024-08-23,ASIANPAINT,3123.41,3131.83,3083.02,3088.8,779284,-1.003,3004.26,2918.98,2920.15,64.597,45.6093,37.2189,8.3904,3127.48,2881.03,8.204,2024,8,3,2024-08,False
2024-08-26,ASIANPAINT,3089.14,3111.13,3075.93,3105.15,472874,0.529,3015.09,2924.18,2921.32,66.138,48.0562,39.3864,8.6699,3133.48,2896.69,7.853,2024,8,3,2024-08,False
2024-08-27,ASIANPAINT,3088.16,3136.78,3084.25,3100.11,1003501,-0.162,3025.44,2929.2,2922.32,65.196,49.0235,41.3138,7.7097,3134.76,2916.12,7.227,2024,8,3,2024-08,False
2024-08-28,ASIANPAINT,3087.14,3099.42,3053.7,3060.26,538366,-1.285,3031.34,2933.19,2923.41,58.145,46.0436,42.2597,3.7839,3134.32,2928.35,6.795,2024,8,3,2024-08,False
2024-08-29,ASIANPAINT,3060.26,3078.32,3028.14,3050.81,849866,-0.309,3032.87,2937.06,2924.36,56.582,42.4306,42.2939,0.1367,3136.07,2929.68,6.805,2024,8,3,2024-08,False
2024-08-30,ASIANPAINT,3064.71,3100.65,3045.77,3061.53,1567031,0.351,3034.22,2941.66,2925.23,57.963,39.9715,41.8294,-1.8579,3138.2,2930.23,6.854,2024,8,3,2024-08,False
2024-09-02,ASIANPAINT,3082.29,3117.54,3074.07,3085.18,702358,0.772,3036.38,2946.27,2925.97,60.914,39.4757,41.3587,-1.883,3142.82,2929.95,7.011,2024,9,3,2024-09,False
2024-09-03,ASIANPAINT,3098.89,3108.29,3081.8,3089.0,577471,0.124,3039.39,2951.44,2926.71,61.386,38.942,40.8754,-1.9333,3148.3,2930.48,7.166,2024,9,3,2024-09,False
2024-09-04,ASIANPAINT,3089.63,3184.12,3089.63,3164.19,2379110,2.434,3045.75,2958.01,2927.52,69.252,44.0787,41.516,2.5627,3168.1,2923.41,8.034,2024,9,3,2024-09,False
2024-09-05,ASIANPAINT,3172.37,3189.01,3149.85,3170.66,1482119,0.204,3052.45,2965.45,2928.44,69.821,48.1163,42.8361,5.2802,3186.79,2918.11,8.802,2024,9,3,2024-09,False
2024-09-06,ASIANPAINT,3170.41,3217.31,3158.03,3205.37,2131256,1.095,3065.58,2973.48,2929.55,72.739,53.5003,44.9689,8.5314,3205.96,2925.21,9.158,2024,9,3,2024-09,False
2024-09-09,ASIANPAINT,3205.37,3244.82,3189.99,3212.27,1272289,0.215,3077.34,2981.32,2930.65,73.292,57.6595,47.507,10.1524,3225.69,2928.99,9.641,2024,9,3,2024-09,False
2024-09-10,ASIANPAINT,3221.33,3240.91,3202.62,3226.27,928920,0.436,3089.18,2988.72,2931.67,74.426,61.3779,50.2812,11.0967,3245.58,2932.78,10.126,2024,9,3,2024-09,False
2024-09-11,ASIANPAINT,3245.8,3312.34,3245.8,3297.16,2561892,2.197,3106.02,2997.33,2932.98,79.231,69.2467,54.0743,15.1724,3275.97,2936.06,10.943,2024,9,3,2024-09,False
2024-09-12,ASIANPAINT,3299.66,3322.18,3270.58,3312.63,1643536,0.469,3123.51,3006.29,2934.17,80.109,75.8567,58.4308,17.4259,3303.12,2943.91,11.5,2024,9,3,2024-09,False
2024-09-13,ASIANPAINT,3285.51,3299.36,3251.58,3287.96,1029400,-0.745,3138.69,3014.76,2935.39,74.684,78.2027,62.3852,15.8175,3320.11,2957.26,11.56,2024,9,3,2024-09,False
2024-09-16,ASIANPAINT,3289.86,3324.04,3261.08,3266.17,1019280,-0.663,3151.39,3022.61,2936.53,70.166,77.4116,65.3905,12.0212,3331.06,2971.72,11.403,2024,9,3,2024-09,False
2024-09-17,ASIANPAINT,3266.17,3279.98,3232.88,3243.65,586834,-0.689,3161.65,3029.99,2937.55,65.738,74.1132,67.135,6.9782,3337.56,2985.74,11.128,2024,9,3,2024-09,False
2024-09-18,ASIANPAINT,3243.65,3255.45,3183.68,3206.3,410510,-1.152,3167.68,3037.36,2938.44,59.079,67.7046,67.2489,0.4557,3340.88,2994.48,10.935,2024,9,3,2024-09,False
2024-09-19,ASIANPAINT,3225.24,3250.7,3206.64,3225.1,963456,0.586,3172.93,3044.98,2939.36,61.209,63.4117,66.4815,-3.0698,3346.42,2999.44,10.936,2024,9,3,2024-09,False
2024-09-20,ASIANPAINT,3235.03,3255.4,3197.88,3237.92,1504277,0.398,3180.38,3051.06,2940.29,62.638,60.3489,65.255,-4.9061,3351.45,3009.31,10.758,2024,9,3,2024-09,False
2024-09-23,ASIANPAINT,3247.71,3255.5,3204.88,3209.04,522775,-0.892,3185.58,3056.06,2941.07,57.502,54.9573,63.1954,-8.2381,3353.31,3017.85,10.53,2024,9,3,2024-09,False
2024-09-24,ASIANPAINT,3209.04,3228.91,3173.45,3180.59,1057933,-0.886,3189.6,3060.94,2941.84,52.901,47.8379,60.1239,-12.286,3352.49,3026.72,10.214,2024,9,3,2024-09,False
2024-09-25,ASIANPAINT,3184.12,3184.12,3139.81,3177.02,740636,-0.112,3195.44,3066.58,2942.34,52.335,41.4297,56.3851,-14.9553,3346.77,3044.11,9.471,2024,9,3,2024-09,False
2024-09-26,ASIANPAINT,3182.16,3217.26,3159.74,3208.65,951080,0.995,3203.33,3072.51,2942.89,56.749,38.4599,52.8,-14.3402,3338.5,3068.16,8.439,2024,9,3,2024-09,False
2024-09-27,ASIANPAINT,3222.26,3268.28,3208.65,3241.64,1315996,1.028,3212.34,3079.94,2943.46,60.825,38.3269,49.9054,-11.5785,3330.68,3094.0,7.368,2024,9,3,2024-09,False
2024-09-30,ASIANPAINT,3241.64,3287.91,3236.16,3259.61,1088162,0.554,3221.06,3087.44,2943.99,62.877,39.2193,47.7682,-8.5489,3324.74,3117.37,6.438,2024,9,3,2024-09,False
2024-10-01,ASIANPAINT,3247.76,3259.46,3176.34,3208.94,968660,-1.554,3227.06,3094.16,2944.26,54.248,35.4294,45.3004,-9.871,3310.47,3143.64,5.17,2024,10,4,2024-10,False
2024-10-03,ASIANPAINT,3125.67,3158.56,3061.24,3083.56,1741363,-3.907,3223.02,3099.09,2944.01,39.722,22.0548,40.6513,-18.5965,3324.97,3121.08,6.326,2024,10,4,2024-10,False
2024-10-04,ASIANPAINT,3069.56,3090.86,2990.79,3008.37,1551818,-2.439,3214.91,3102.22,2943.38,33.865,5.3262,33.5863,-28.2601,3353.62,3076.21,8.629,2024,10,4,2024-10,False
2024-10-07,ASIANPAINT,3010.81,3033.87,2974.59,2998.33,909812,-0.334,3204.56,3105.37,2942.73,33.163,-8.6416,25.1407,-33.7823,3373.8,3035.31,10.563,2024,10,4,2024-10,False
2024-10-08,ASIANPAINT,2994.17,3034.31,2982.08,3023.59,817718,0.843,3195.12,3108.07,2942.12,36.722,-17.4714,16.6183,-34.0897,3382.61,3007.64,11.736,2024,10,4,2024-10,False
2024-10-09,ASIANPAINT,3030.93,3081.02,3007.63,3014.58,1225598,-0.298,3184.54,3110.5,2941.48,35.986,-24.9088,8.3128,-33.2217,3387.86,2981.22,12.769,2024,10,4,2024-10,False
2024-10-10,ASIANPAINT,3025.55,3030.4,2979.48,2995.25,1161933,-0.641,3169.44,3111.56,2940.39,34.393,-31.9946,0.2514,-32.2459,3382.17,2956.72,13.423,2024,10,4,2024-10,False
2024-10-11,ASIANPAINT,2995.34,3000.04,2962.84,2973.8,976017,-0.716,3152.5,3110.64,2939.1,32.665,-38.892,-7.5773,-31.3147,3371.1,2933.91,13.868,2024,10,4,2024-10,False
2024-10-14,ASIANPAINT,2973.61,2991.23,2954.22,2975.71,716011,0.064,3136.89,3109.46,2937.8,32.988,-43.7005,-14.802,-28.8985,3359.32,2914.46,14.182,2024,10,4,2024-10,False
2024-10-15,ASIANPAINT,3010.81,3032.16,2984.03,3003.08,1242322,0.92,3123.74,3108.68,2936.83,37.604,-44.7867,-20.7989,-23.9878,3345.09,2902.38,14.173,2024,10,4,2024-10,False
2024-10-16,ASIANPAINT,3023.54,3038.77,3002.1,3017.77,764001,0.489,3112.44,3108.46,2935.9,39.994,-43.9557,-25.4303,-18.5255,3331.07,2893.81,14.049,2024,10,4,2024-10,False
2024-10-17,ASIANPAINT,3018.55,3020.61,2973.61,2992.06,674481,-0.852,3101.73,3107.56,2934.66,37.302,-44.8541,-29.315,-15.539,3321.98,2881.48,14.202,2024,10,4,2024-10,False
2024-10-18,ASIANPAINT,2993.19,3004.94,2918.38,2929.69,899318,-2.085,3086.96,3105.42,2932.91,31.722,-50.0222,-33.4565,-16.5657,3311.95,2861.97,14.577,2024,10,4,2024-10,False
2024-10-21,ASIANPAINT,2944.28,2993.19,2937.92,2985.55,806970,1.907,3074.34,3106.28,2931.33,40.331,-49.0452,-36.5742,-12.471,3291.87,2856.82,14.151,2024,10,4,2024-10,False
2024-10-22,ASIANPAINT,2990.25,2994.12,2932.73,2944.09,541838,-1.389,3061.09,3105.62,2929.58,36.638,-51.0286,-39.4651,-11.5636,3276.34,2845.85,14.063,2024,10,4,2024-10,False
2024-10-23,ASIANPAINT,2937.33,2963.33,2910.01,2927.29,624689,-0.57,3048.43,3104.37,2927.72,35.231,-53.3407,-42.2402,-11.1005,3263.88,2832.98,14.135,2024,10,4,2024-10,False
2024-10-24,ASIANPAINT,2927.29,2939.63,2889.4,2909.96,571259,-0.592,3035.08,3103.36,2925.8,33.789,-55.9267,-44.9775,-10.9492,3250.07,2820.08,14.167,2024,10,4,2024-10,False
2024-10-25,ASIANPAINT,2913.39,2952.6,2890.38,2896.26,1047769,-0.471,3019.46,3102.04,2923.84,32.651,-58.409,-47.6638,-10.7452,3226.6,2812.31,13.721,2024,10,4,2024-10,False
2024-10-28,ASIANPAINT,2925.53,2958.63,2901.2,2939.19,504961,1.482,3004.33,3101.13,2922.17,39.523,-56.2631,-49.3837,-6.8795,3185.74,2822.92,12.077,2024,10,4,2024-10,False
2024-10-29,ASIANPAINT,2956.96,2964.79,2879.71,2930.38,613459,-0.3,2987.87,3099.5,2920.44,38.651,-54.6437,-50.4357,-4.208,3126.44,2849.3,9.275,2024,10,4,2024-10,False
2024-10-30,ASIANPAINT,2943.25,2943.25,2901.69,2934.1,812725,0.127,2974.13,3097.41,2918.84,39.261,-52.4554,-50.8396,-1.6158,3067.54,2880.72,6.282,2024,10,4,2024-10,False
2024-10-31,ASIANPAINT,2931.7,2933.95,2858.07,2874.37,1031171,-2.036,2963.67,3093.18,2917.22,33.508,-54.9077,-51.6532,-3.2544,3052.21,2875.13,5.975,2024,10,4,2024-10,False
2024-11-01,ASIANPAINT,2896.26,2903.84,2868.84,2878.48,112249,0.143,2957.18,3088.35,2915.77,34.223,-55.8752,-52.4976,-3.3775,3050.82,2863.53,6.333,2024,11,4,2024-11,False
2024-11-04,ASIANPAINT,2900.32,2900.32,2825.27,2854.45,1146008,-0.835,2949.98,3083.66,2914.1,32.054,-57.914,-53.5809,-4.3331,3052.04,2847.92,6.919,2024,11,4,2024-11,False
2024-11-05,ASIANPAINT,2834.57,2857.87,2812.74,2827.03,935417,-0.96,2940.16,3078.1,2912.29,29.74,-61.0383,-55.0724,-5.9659,3049.93,2830.38,7.468,2024,11,4,2024-11,False
2024-11-06,ASIANPAINT,2830.17,2847.15,2800.3,2836.82,1817087,0.346,2931.27,3072.83,2910.58,31.638,-62.0094,-56.4598,-5.5497,3044.41,2818.13,7.719,2024,11,4,2024-11,False
2024-11-07,ASIANPAINT,2839.47,2844.31,2766.03,2783.51,1112489,-1.879,2920.68,3067.3,2908.63,27.311,-66.3166,-58.4312,-7.8855,3047.42,2793.94,8.679,2024,11,4,2024-11,False
2024-11-08,ASIANPAINT,2783.51,2787.57,2704.74,2711.64,2060410,-2.582,2907.57,3060.52,2906.2,22.786,-74.6685,-61.6786,-12.9899,3062.31,2752.83,10.644,2024,11,4,2024-11,False
2024-11-11,ASIANPAINT,2511.51,2544.5,2453.69,2490.02,8854840,-8.173,2883.29,3049.08,2902.93,14.699,-98.0405,-68.951,-29.0895,3122.43,2644.14,16.588,2024,11,4,2024-11,False
2024-11-12,ASIANPAINT,2482.09,2482.09,2418.44,2423.19,3445898,-2.684,2854.29,3035.85,2899.7,13.18,-120.5655,-79.2739,-41.2916,3162.83,2545.76,21.619,2024,11,4,2024-11,False
2024-11-13,ASIANPAINT,2418.44,2445.86,2399.94,2418.93,1803766,-0.176,2824.35,3022.44,2896.45,13.087,-137.1791,-90.8549,-46.3241,3178.89,2469.81,25.106,2024,11,4,2024-11,False
2024-11-14,ASIANPAINT,2430.98,2449.53,2414.72,2431.32,1206967,0.512,2796.31,3007.79,2893.79,14.963,-147.6441,-102.2128,-45.4313,3182.3,2410.33,27.607,2024,11,4,2024-11,False
2024-11-18,ASIANPAINT,2467.4,2467.4,2419.23,2431.86,945471,0.022,2771.42,2993.01,2891.41,15.049,-154.1176,-112.5937,-41.5239,3184.46,2358.39,29.807,2024,11,4,2024-11,False
2024-11-19,ASIANPAINT,2440.24,2455.15,2424.89,2436.02,941508,0.171,2743.95,2977.62,2889.29,15.758,-157.1006,-121.4951,-35.6055,3169.91,2317.98,31.048,2024,11,4,2024-11,False
2024-11-21,ASIANPAINT,2407.58,2418.62,2378.45,2381.54,1377572,-2.237,2715.82,2961.01,2886.77,14.101,-161.9937,-129.5948,-32.3989,3160.04,2271.6,32.714,2024,11,4,2024-11,False
2024-11-22,ASIANPAINT,2383.36,2446.08,2376.44,2424.75,3805843,1.814,2690.69,2944.98,2884.57,21.177,-160.5348,-135.7828,-24.7519,3141.35,2240.03,33.498,2024,11,4,2024-11,False
2024-11-25,ASIANPAINT,2456.92,2459.81,2403.02,2412.49,1857124,-0.506,2665.82,2927.28,2882.29,20.657,-158.5403,-140.3343,-18.2059,3120.42,2211.21,34.106,2024,11,4,2024-11,False
2024-11-26,ASIANPAINT,2412.68,2469.67,2410.43,2456.92,1152258,1.842,2643.85,2910.17,2880.37,27.595,-151.6266,-142.5928,-9.0338,3094.01,2193.69,34.053,2024,11,4,2024-11,False
2024-11-27,ASIANPAINT,2469.18,2469.32,2432.4,2444.07,864653,-0.523,2619.09,2893.29,2878.35,26.864,-145.5069,-143.1756,-2.3313,3055.1,2183.09,33.294,2024,11,4,2024-11,False
2024-11-28,ASIANPAINT,2452.01,2457.9,2406.21,2410.87,1506133,-1.358,2593.12,2876.19,2876.26,25.018,-141.7025,-142.881,1.1785,3012.63,2173.61,32.355,2024,11,4,2024-11,False
2024-11-29,ASIANPAINT,2410.87,2443.67,2407.92,2432.0,1030854,0.877,2568.01,2859.95,2874.21,28.391,-135.4209,-141.389,5.968,2960.85,2175.18,30.595,2024,11,4,2024-11,False
2024-12-02,ASIANPAINT,2432.0,2438.28,2414.1,2431.46,914624,-0.022,2545.87,2844.46,2871.91,28.356,-128.9992,-138.911,9.9118,2915.22,2176.51,29.016,2024,12,4,2024-12,False
2024-12-03,ASIANPAINT,2446.13,2446.13,2416.21,2422.0,1341985,-0.389,2523.04,2828.4,2869.82,27.709,-123.253,-135.7794,12.5264,2860.93,2185.16,26.784,2024,12,4,2024-12,False
2024-12-04,ASIANPAINT,2431.32,2431.51,2406.11,2412.24,1005012,-0.403,2500.93,2811.88,2867.57,27.025,-118.1248,-132.2485,14.1237,2803.54,2198.32,24.2,2024,12,4,2024-12,False
2024-12-05,ASIANPAINT,2417.68,2419.55,2377.37,2405.13,3190834,-0.295,2479.84,2795.8,2865.27,26.512,-113.3281,-128.4644,15.1363,2742.98,2216.7,21.222,2024,12,4,2024-12,False
2024-12-06,ASIANPAINT,2420.63,2420.63,2380.41,2383.06,1735948,-0.918,2457.15,2779.85,2862.78,24.928,-110.0389,-124.7793,14.7404,2662.62,2251.68,16.724,2024,12,4,2024-12,False
2024-12-09,ASIANPAINT,2391.35,2392.18,2341.18,2345.94,2301281,-1.558,2435.27,2763.23,2860.08,22.494,-109.1693,-121.6573,12.488,2578.04,2292.5,11.725,2024,12,4,2024-12,False
2024-12-10,ASIANPAINT,2353.83,2358.49,2339.27,2343.04,1657888,-0.123,2416.84,2745.92,2857.16,22.311,-107.4748,-118.8208,11.346,2485.14,2348.55,5.652,2024,12,4,2024-12,False
2024-12-11,ASIANPAINT,2353.69,2381.39,2346.72,2370.9,1337700,1.189,2410.89,2728.5,2854.43,28.35,-102.7003,-115.5967,12.8964,2472.79,2348.98,5.135,2024,12,4,2024-12,False
2024-12-12,ASIANPAINT,2366.68,2368.64,2335.0,2343.68,1089028,-1.148,2406.91,2710.19,2851.62,26.206,-99.9604,-112.4694,12.5091,2475.35,2338.47,5.687,2024,12,4,2024-12,False
2024-12-13,ASIANPAINT,2343.68,2365.7,2308.81,2361.43,1150861,0.757,2404.04,2693.24,2848.82,29.928,-95.2584,-109.0272,13.7688,2475.13,2332.94,5.915,2024,12,4,2024-12,False
2024-12-16,ASIANPAINT,2373.5,2373.5,2340.35,2356.14,987775,-0.224,2400.28,2678.69,2846.05,29.451,-90.9115,-105.4041,14.4926,2473.23,2327.33,6.078,2024,12,4,2024-12,False
2024-12-17,ASIANPAINT,2342.16,2353.83,2305.38,2310.78,1258218,-1.925,2394.22,2664.74,2842.97,25.675,-90.0884,-102.341,12.2525,2475.73,2312.71,6.809,2024,12,4,2024-12,False
2024-12-18,ASIANPAINT,2311.56,2327.16,2296.06,2300.43,855682,-0.448,2387.44,2650.78,2839.99,24.891,-89.2424,-99.7212,10.4789,2476.52,2298.37,7.462,2024,12,4,2024-12,False
2024-12-19,ASIANPAINT,2280.37,2280.37,2221.87,2247.86,2784409,-2.285,2380.76,2635.26,2837.32,21.327,-91.7562,-98.1282,6.3721,2489.57,2271.94,9.141,2024,12,4,2024-12,False
2024-12-20,ASIANPAINT,2252.91,2273.51,2232.31,2238.54,1719502,-0.415,2371.45,2619.74,2834.65,20.76,-93.4233,-97.1872,3.7639,2495.25,2247.65,10.441,2024,12,4,2024-12,False
2024-12-23,ASIANPAINT,2255.85,2258.35,2222.55,2235.45,855647,-0.138,2362.6,2604.55,2832.28,20.565,-93.9113,-96.5321,2.6208,2498.74,2226.45,11.525,2024,12,4,2024-12,False
2024-12-24,ASIANPAINT,2238.29,2250.95,2233.44,2240.16,601558,0.211,2351.76,2589.87,2829.8,21.773,-92.8478,-95.7952,2.9474,2490.77,2212.75,11.822,2024,12,4,2024-12,False
2024-12-26,ASIANPAINT,2240.16,2243.54,2213.19,2218.97,1267334,-0.946,2340.5,2574.74,2827.16,20.278,-92.6465,-95.1655,2.5189,2484.41,2196.6,12.297,2024,12,4,2024-12,False
2024-12-27,ASIANPAINT,2226.67,2246.83,2216.67,2227.8,821790,0.398,2331.35,2559.23,2824.57,22.66,-90.7289,-94.2782,3.5493,2479.64,2183.07,12.721,2024,12,4,2024-12,False
2024-12-30,ASIANPAINT,2236.48,2254.67,2213.48,2244.33,1076940,0.742,2321.97,2543.76,2822.12,27.054,-86.8741,-92.7974,5.9232,2467.15,2176.78,12.506,2024,12,4,2024-12,False
2024-12-31,ASIANPAINT,2236.23,2253.55,2229.37,2237.56,685486,-0.302,2312.27,2528.67,2819.6,26.393,-83.4039,-90.9187,7.5148,2452.48,2172.06,12.128,2024,12,4,2024-12,False
2025-01-01,ASIANPAINT,2236.23,2278.61,2236.23,2260.41,1067328,1.021,2304.19,2515.29,2816.98,32.401,-77.9115,-88.3172,10.4057,2436.16,2172.22,11.455,2025,1,1,2025-01,False
2025-01-02,ASIANPAINT,2269.58,2302.88,2249.97,2298.27,1342922,1.675,2298.49,2501.54,2814.52,40.994,-69.7004,-84.5939,14.8934,2420.27,2176.72,10.596,2025,1,1,2025-01,False
2025-01-03,ASIANPAINT,2299.01,2303.86,2277.58,2291.11,1355319,-0.312,2292.79,2488.48,2812.03,39.959,-63.0441,-80.2839,17.2398,2403.74,2181.84,9.678,2025,1,1,2025-01,False
2025-01-06,ASIANPAINT,2291.11,2295.08,2213.38,2223.63,1190987,-2.945,2284.82,2474.41,2809.28,31.811,-62.4935,-76.7258,14.2323,2391.28,2178.36,9.319,2025,1,1,2025-01,False
2025-01-07,ASIANPAINT,2228.39,2271.54,2228.39,2248.59,740798,1.123,2279.95,2461.18,2806.5,36.934,-59.3587,-73.2524,13.8937,2383.51,2176.4,9.084,2025,1,1,2025-01,False
2025-01-08,ASIANPAINT,2243.15,2293.12,2229.07,2289.54,1439632,1.821,2277.28,2449.05,2804.05,44.324,-52.9597,-69.1939,16.2342,2376.65,2177.91,8.727,2025,1,1,2025-01,False
2025-01-09,ASIANPAINT,2296.95,2316.07,2276.74,2305.09,1362304,0.679,2273.99,2436.37,2801.77,46.869,-46.1026,-64.5756,18.473,2364.25,2183.73,7.939,2025,1,1,2025-01,False
2025-01-10,ASIANPAINT,2290.77,2303.81,2271.54,2276.2,1214334,-1.253,2270.61,2423.28,2799.5,42.941,-42.509,-60.1623,17.6533,2354.74,2186.49,7.41,2025,1,1,2025-01,False
2025-01-13,ASIANPAINT,2247.76,2257.71,2203.28,2209.41,1181928,-2.934,2263.01,2408.79,2796.85,35.526,-44.5373,-57.0373,12.5,2339.74,2186.29,6.781,2025,1,1,2025-01,False
2025-01-14,ASIANPAINT,2225.45,2242.46,2194.06,2196.95,1316807,-0.564,2255.05,2395.24,2794.16,34.336,-46.6125,-54.9523,8.3398,2323.7,2186.41,6.088,2025,1,1,2025-01,False
2025-01-15,ASIANPAINT,2205.83,2210.49,2177.39,2186.9,1308999,-0.458,2248.86,2381.41,2791.31,33.364,-48.5092,-53.6637,5.1545,2318.68,2179.04,6.21,2025,1,1,2025-01,False
2025-01-16,ASIANPAINT,2196.02,2196.86,2165.42,2173.07,1936087,-0.632,2242.49,2367.78,2788.53,32.021,-50.5455,-53.0401,2.4945,2315.66,2169.32,6.526,2025,1,1,2025-01,False
2025-01-17,ASIANPAINT,2182.93,2225.49,2170.03,2217.6,878848,2.049,2240.98,2355.59,2785.9,40.346,-48.0128,-52.0346,4.0218,2314.93,2167.03,6.6,2025,1,1,2025-01,False
2025-01-20,ASIANPAINT,2228.63,2243.0,2207.79,2236.77,555716,0.865,2240.89,2343.59,2783.28,43.552,-43.9518,-50.4181,6.4663,2314.86,2166.92,6.602,2025,1,1,2025-01,False
2025-01-21,ASIANPAINT,2236.77,2270.56,2211.71,2216.96,1410294,-0.886,2239.97,2332.26,2780.44,41.095,-41.8496,-48.7044,6.8548,2314.68,2165.25,6.671,2025,1,1,2025-01,False
2025-01-22,ASIANPAINT,2226.43,2226.43,2201.81,2218.68,835523,0.077,2238.89,2322.4,2777.6,41.403,-39.5888,-46.8812,7.2925,2314.21,2163.58,6.728,2025,1,1,2025-01,False
2025-01-23,ASIANPAINT,2218.68,2257.62,2203.08,2232.65,1142465,0.63,2239.58,2317.25,2774.85,43.976,-36.2514,-44.7553,8.5039,2314.38,2164.78,6.68,2025,1,1,2025-01,False
2025-01-24,ASIANPAINT,2239.18,2252.47,2211.76,2218.97,543202,-0.613,2239.14,2313.17,2771.79,42.03,-34.3149,-42.6672,8.3523,2314.33,2163.94,6.717,2025,1,1,2025-01,False
2025-01-27,ASIANPAINT,2212.01,2234.03,2203.08,2208.28,1097939,-0.482,2237.33,2308.96,2768.85,40.522,-33.2596,-40.7857,7.5261,2313.72,2160.94,6.829,2025,1,1,2025-01,False
2025-01-28,ASIANPAINT,2216.62,2223.53,2191.22,2198.77,897501,-0.431,2235.39,2304.31,2765.82,39.174,-32.8126,-39.1911,6.3785,2313.71,2157.08,7.007,2025,1,1,2025-01,False
2025-01-29,ASIANPAINT,2198.77,2203.67,2169.59,2180.48,1281088,-0.832,2231.4,2299.28,2762.87,36.651,-33.5477,-38.0624,4.5147,2312.44,2150.35,7.264,2025,1,1,2025-01,False
2025-01-30,ASIANPAINT,2180.48,2215.88,2172.48,2206.66,1155718,1.201,2226.82,2294.69,2759.86,42.374,-31.6523,-36.7804,5.1281,2302.1,2151.53,6.762,2025,1,1,2025-01,False
2025-01-31,ASIANPAINT,2211.71,2260.75,2191.95,2256.64,1292909,2.265,2225.09,2292.19,2757.3,51.397,-25.8202,-34.5883,8.7681,2295.61,2154.58,6.338,2025,1,1,2025-01,False
2025-02-01,ASIANPAINT,2267.62,2343.14,2241.43,2306.02,1318619,2.188,2229.21,2289.82,2755.04,58.34,-17.0172,-31.0741,14.0569,2308.45,2149.97,7.109,2025,2,1,2025-02,False
2025-02-03,ASIANPAINT,2306.02,2319.06,2233.98,2248.25,1070382,-2.505,2229.19,2286.53,2752.56,49.443,-14.5347,-27.7662,13.2315,2308.42,2149.97,7.108,2025,2,1,2025-02,False
2025-02-04,ASIANPAINT,2260.41,2372.17,2220.3,2309.16,5373733,2.709,2230.18,2283.58,2750.49,56.905,-7.5654,-23.7261,16.1607,2312.95,2147.4,7.423,2025,2,1,2025-02,False
2025-02-05,ASIANPAINT,2225.45,2251.49,2194.31,2231.53,3474642,-3.362,2226.5,2279.33,2748.03,47.318,-8.2116,-20.6232,12.4115,2301.42,2151.57,6.73,2025,2,1,2025-02,False
2025-02-06,ASIANPAINT,2243.3,2254.77,2216.86,2219.95,1285954,-0.519,2223.69,2275.51,2745.35,46.072,-9.5476,-18.4081,8.8605,2294.88,2152.49,6.404,2025,2,1,2025-02,False
2025-02-07,ASIANPAINT,2222.5,2232.61,2200.14,2227.41,1336756,0.336,2224.59,2271.42,2742.55,47.04,-9.8909,-16.7046,6.8138,2295.48,2153.69,6.374,2025,2,1,2025-02,False
2025-02-10,ASIANPAINT,2227.46,2234.27,2210.73,2226.57,1181565,-0.037,2226.07,2267.32,2739.78,46.938,-10.1136,-15.3864,5.2728,2295.76,2156.38,6.261,2025,2,1,2025-02,False
2025-02-11,ASIANPAINT,2235.25,2239.08,2183.27,2197.84,1607942,-1.291,2226.61,2262.84,2736.89,43.46,-12.4653,-14.8022,2.3369,2295.17,2158.06,6.158,2025,2,1,2025-02,False
2025-02-12,ASIANPAINT,2198.82,2204.8,2143.74,2185.48,1181706,-0.562,2227.23,2258.3,2734.03,42.018,-15.1516,-14.8721,-0.2795,2293.95,2160.52,5.991,2025,2,1,2025-02,False
2025-02-13,ASIANPAINT,2185.48,2206.76,2177.39,2193.47,921923,0.366,2226.03,2254.07,2731.09,43.328,-16.4459,-15.1868,-1.2591,2294.33,2157.72,6.137,2025,2,1,2025-02,False
2025-02-14,ASIANPAINT,2193.47,2207.35,2160.71,2188.47,1380052,-0.228,2223.61,2250.18,2728.09,42.678,-17.6716,-15.6838,-1.9878,2293.71,2153.51,6.305,2025,2,1,2025-02,False
2025-02-17,ASIANPAINT,2188.47,2216.62,2183.32,2207.64,923900,0.876,2223.15,2247.41,2724.7,46.02,-16.9008,-15.9272,-0.9736,2293.55,2152.74,6.334,2025,2,1,2025-02,False
2025-02-18,ASIANPAINT,2204.85,2208.72,2176.16,2194.65,735853,-0.589,2221.94,2244.44,2721.47,44.141,-17.1411,-16.17,-0.9711,2293.48,2150.41,6.439,2025,2,1,2025-02,False
2025-02-19,ASIANPAINT,2194.65,2206.61,2183.37,2196.12,645234,0.067,2220.12,2240.95,2718.23,44.418,-17.0166,-16.3393,-0.6773,2292.37,2147.87,6.509,2025,2,1,2025-02,False
2025-02-20,ASIANPAINT,2196.12,2213.77,2188.22,2205.88,637442,0.444,2219.46,2238.19,2715.14,46.317,-15.9467,-16.2608,0.3141,2291.99,2146.93,6.536,2025,2,1,2025-02,False
2025-02-21,ASIANPAINT,2205.88,2222.31,2194.06,2214.26,755585,0.38,2219.76,2235.25,2712.42,47.962,-14.2577,-15.8602,1.6024,2292.15,2147.38,6.522,2025,2,1,2025-02,False
2025-02-24,ASIANPAINT,2202.79,2215.64,2197.98,2203.08,765042,-0.505,2219.98,2232.19,2710.3,45.94,-13.6639,-15.4209,1.757,2292.12,2147.83,6.5,2025,2,1,2025-02,False
2025-02-25,ASIANPAINT,2203.08,2213.77,2175.13,2182.05,947702,-0.955,2220.06,2229.61,2707.77,42.326,-14.7213,-15.281,0.5597,2292.03,2148.09,6.484,2025,2,1,2025-02,False
2025-02-27,ASIANPAINT,2171.5,2185.63,2155.81,2171.16,1027196,-0.499,2218.28,2227.03,2704.67,40.548,-16.2504,-15.4749,-0.7755,2293.33,2143.24,6.766,2025,2,1,2025-02,False
2025-02-28,ASIANPAINT,2167.58,2168.9,2134.03,2137.91,1701193,-1.531,2212.34,2224.83,2701.46,35.626,-19.9156,-16.363,-3.5526,2293.18,2131.51,7.307,2025,2,1,2025-02,False
2025-03-03,ASIANPAINT,2137.91,2151.25,2088.13,2124.82,959068,-0.612,2203.28,2222.55,2698.44,33.882,-23.6047,-17.8113,-5.7934,2280.44,2126.12,7.004,2025,3,1,2025-03,False
2025-03-04,ASIANPAINT,2112.7,2118.39,2083.96,2091.17,2180989,-1.583,2195.43,2219.67,2695.25,29.839,-28.9097,-20.031,-8.8787,2284.39,2106.47,8.104,2025,3,1,2025-03,False
2025-03-05,ASIANPAINT,2091.08,2140.9,2083.96,2122.61,1535212,1.503,2186.1,2217.32,2692.24,37.359,-30.229,-22.0706,-8.1584,2263.19,2109.02,7.052,2025,3,1,2025-03,False
2025-03-06,ASIANPAINT,2147.82,2231.33,2141.19,2224.17,1985096,4.785,2185.74,2217.42,2689.53,54.375,-22.8163,-22.2198,-0.5966,2261.97,2109.5,6.976,2025,3,1,2025-03,False
2025-03-07,ASIANPAINT,2224.17,2234.22,2204.85,2226.43,921429,0.101,2186.06,2217.39,2686.67,54.67,-16.5687,-21.0895,4.5209,2262.96,2109.16,7.035,2025,3,1,2025-03,False
2025-03-10,ASIANPAINT,2226.43,2248.99,2218.43,2234.86,1072395,0.379,2186.43,2217.2,2683.77,55.818,-10.8121,-19.0341,8.222,2264.24,2108.62,7.117,2025,3,1,2025-03,False
2025-03-11,ASIANPAINT,2230.35,2246.93,2214.56,2243.49,601228,0.386,2187.28,2217.32,2681.05,57.018,-5.4902,-16.3253,10.8351,2267.26,2107.29,7.314,2025,3,1,2025-03,False
2025-03-12,ASIANPAINT,2243.49,2251.88,2203.87,2208.09,749216,-1.578,2187.79,2216.28,2678.16,50.909,-4.0826,-13.8768,9.7942,2268.19,2107.39,7.35,2025,3,1,2025-03,False
2025-03-13,ASIANPAINT,2211.96,2213.87,2179.84,2188.47,747470,-0.888,2187.94,2214.08,2674.99,47.851,-4.4981,-12.001,7.503,2268.33,2107.55,7.349,2025,3,1,2025-03,False
2025-03-17,ASIANPAINT,2162.67,2196.27,2153.9,2176.95,838015,-0.527,2187.11,2211.8,2671.81,46.098,-5.6916,-10.7391,5.0475,2267.61,2106.62,7.361,2025,3,1,2025-03,False
2025-03-18,ASIANPAINT,2176.95,2176.95,2176.95,2176.95,0,0.0,2186.54,2210.86,2668.71,46.098,-6.5618,-9.9037,3.3418,2267.15,2105.92,7.374,2025,3,1,2025-03,False
2025-03-19,ASIANPAINT,2230.35,2244.03,2224.32,2236.92,663292,2.755,2188.0,2210.63,2665.93,55.856,-2.3845,-8.3998,6.0153,2271.25,2104.75,7.61,2025,3,1,2025-03,False
2025-03-20,ASIANPAINT,2246.04,2262.72,2225.2,2243.3,1166849,0.285,2190.43,2209.7,2663.24,56.752,1.4241,-6.435,7.8592,2277.27,2103.6,7.928,2025,3,1,2025-03,False
2025-03-21,ASIANPAINT,2247.66,2270.07,2234.13,2256.24,1624115,0.577,2193.44,2208.73,2660.67,58.591,5.4246,-4.0631,9.4877,2285.13,2101.75,8.36,2025,3,1,2025-03,False
2025-03-24,ASIANPAINT,2258.2,2285.52,2257.91,2277.92,1100353,0.961,2197.04,2208.76,2657.7,61.539,10.2262,-1.2053,11.4315,2296.15,2097.93,9.022,2025,3,1,2025-03,False
2025-03-25,ASIANPAINT,2280.37,2299.5,2263.7,2286.01,1828005,0.355,2200.63,2210.29,2655.04,62.609,14.5171,1.9392,12.5779,2307.27,2093.99,9.692,2025,3,1,2025-03,False
2025-03-26,ASIANPAINT,2295.08,2296.01,2259.77,2278.56,1934287,-0.326,2204.4,2211.93,2652.24,60.927,17.1188,4.9751,12.1437,2316.61,2092.2,10.18,2025,3,1,2025-03,False
2025-03-27,ASIANPAINT,2270.56,2304.99,2246.53,2293.22,1497861,0.644,2209.96,2214.05,2649.46,63.031,20.1319,8.0065,12.1254,2328.35,2091.58,10.714,2025,3,1,2025-03,False
2025-03-28,ASIANPAINT,2298.96,2318.62,2280.37,2295.72,1281871,0.109,2216.19,2216.5,2646.73,63.393,22.4626,10.8977,11.5649,2339.0,2093.38,11.083,2025,3,1,2025-03,False
2025-04-01,ASIANPAINT,2297.04,2316.37,2261.49,2271.54,970583,-1.053,2222.87,2217.58,2643.86,57.528,22.104,13.139,8.965,2342.24,2103.5,10.74,2025,4,2,2025-04,False
2025-04-02,ASIANPAINT,2283.31,2283.71,2248.15,2262.37,792693,-0.404,2229.75,2218.1,2640.93,55.433,20.8396,14.6791,6.1605,2340.9,2118.6,9.97,2025,4,2,2025-04,False
2025-04-03,ASIANPAINT,2250.95,2309.7,2245.85,2304.3,608846,1.853,2240.41,2219.84,2638.15,62.209,22.9563,16.3345,6.6218,2335.3,2145.52,8.471,2025,4,2,2025-04,False
2025-04-04,ASIANPAINT,2304.3,2318.57,2258.6,2310.82,1163188,0.283,2249.82,2221.69,2635.41,63.148,24.8734,18.0423,6.8311,2332.0,2167.63,7.306,2025,4,2,2025-04,False
2025-04-07,ASIANPAINT,2147.96,2308.81,2147.96,2296.41,1745817,-0.624,2253.43,2222.96,2632.74,59.622,24.9418,19.4222,5.5196,2337.2,2169.66,7.435,2025,4,2,2025-04,False
2025-04-08,ASIANPAINT,2310.78,2373.55,2310.78,2348.24,1876867,2.257,2259.52,2225.55,2630.21,66.799,28.8461,21.307,7.5391,2352.26,2166.78,8.209,2025,4,2,2025-04,False
2025-04-09,ASIANPAINT,2353.93,2382.82,2345.01,2364.87,1186937,0.708,2266.02,2228.68,2627.88,68.719,32.9026,23.6261,9.2765,2369.13,2162.91,9.1,2025,4,2,2025-04,False
2025-04-11,ASIANPAINT,2392.67,2401.01,2334.56,2347.65,968152,-0.728,2271.23,2231.66,2625.44,64.556,34.3326,25.7674,8.5652,2379.91,2162.54,9.571,2025,4,2,2025-04,False
2025-04-15,ASIANPAINT,2368.55,2378.45,2339.22,2369.33,1141122,0.923,2279.29,2235.43,2623.29,67.247,36.7909,27.9721,8.8188,2392.1,2166.48,9.899,2025,4,2,2025-04,False
2025-04-16,ASIANPAINT,2358.93,2421.12,2357.56,2412.68,1166695,1.83,2290.5,2239.55,2621.34,71.85,41.7558,30.7288,11.027,2409.69,2171.31,10.407,2025,4,2,2025-04,False
2025-04-17,ASIANPAINT,2412.68,2428.86,2384.34,2420.53,885840,0.325,2302.68,2242.83,2619.34,72.601,45.7958,33.7422,12.0536,2422.79,2182.57,10.432,2025,4,2,2025-04,False
2025-04-21,ASIANPAINT,2418.57,2423.47,2394.14,2398.07,541913,-0.928,2313.74,2244.67,2617.05,67.086,46.6475,36.3233,10.3242,2425.54,2201.94,9.664,2025,4,2,2025-04,False
2025-04-22,ASIANPAINT,2398.07,2402.97,2367.17,2385.32,543647,-0.532,2321.16,2247.41,2614.64,64.11,45.766,38.2118,7.5542,2431.17,2211.14,9.48,2025,4,2,2025-04,False
2025-04-23,ASIANPAINT,2390.22,2409.44,2379.04,2406.01,744684,0.868,2329.29,2249.35,2612.35,66.693,46.2047,39.8104,6.3943,2439.13,2219.45,9.431,2025,4,2,2025-04,False
2025-04-24,ASIANPAINT,2402.97,2443.18,2389.14,2417.09,1203452,0.461,2337.33,2253.06,2610.11,68.021,46.906,41.2295,5.6765,2448.2,2226.46,9.487,2025,4,2,2025-04,False
2025-04-25,ASIANPAINT,2417.0,2421.31,2367.37,2384.92,702217,-1.331,2342.68,2256.36,2607.67,60.484,44.3546,41.8545,2.5001,2451.8,2233.57,9.315,2025,4,2,2025-04,False
2025-04-28,ASIANPAINT,2373.45,2412.58,2358.84,2405.13,554920,0.847,2348.64,2259.92,2605.32,63.239,43.4619,42.176,1.2859,2457.73,2239.55,9.29,2025,4,2,2025-04,False
2025-04-29,ASIANPAINT,2412.78,2424.55,2394.73,2404.05,1235066,-0.045,2354.91,2263.46,2603.15,62.987,42.1812,42.177,0.0042,2461.44,2248.39,9.047,2025,4,2,2025-04,False
2025-04-30,ASIANPAINT,2402.97,2414.94,2355.4,2379.14,1479669,-1.036,2359.21,2267.09,2600.82,57.298,38.7098,41.4836,-2.7738,2462.13,2256.29,8.725,2025,4,2,2025-04,False
2025-05-02,ASIANPAINT,2378.45,2397.97,2351.97,2363.74,744673,-0.647,2362.61,2270.66,2597.97,54.048,34.3205,40.051,-5.7305,2461.09,2264.13,8.337,2025,5,2,2025-05,False
2025-05-05,ASIANPAINT,2376.59,2427.49,2376.59,2390.12,1229588,1.116,2368.54,2274.59,2595.13,58.401,32.5951,38.5598,-5.9647,2457.78,2279.3,7.536,2025,5,2,2025-05,False
2025-05-06,ASIANPAINT,2395.13,2402.87,2345.2,2371.59,702802,-0.776,2374.0,2278.25,2592.31,54.495,29.3931,36.7265,-7.3333,2447.94,2300.06,6.229,2025,5,2,2025-05,False
2025-05-07,ASIANPAINT,2342.16,2359.52,2274.0,2289.3,1711738,-3.47,2373.25,2279.88,2589.28,41.292,19.9851,33.3782,-13.3931,2450.41,2296.09,6.502,2025,5,2,2025-05,False
2025-05-08,ASIANPAINT,2277.43,2304.01,2249.48,2258.4,2292261,-1.35,2370.63,2281.16,2586.01,37.608,9.9218,28.6869,-18.7651,2459.4,2281.86,7.489,2025,5,2,2025-05,False
2025-05-09,ASIANPAINT,2203.48,2287.04,2201.91,2255.46,1503010,-0.13,2368.58,2282.35,2582.93,37.267,1.6896,23.2875,-21.5978,2466.03,2271.14,8.228,2025,5,2,2025-05,False
2025-05-12,ASIANPAINT,2285.27,2332.84,2276.45,2311.17,940135,2.47,2366.73,2284.45,2580.07,47.056,-0.3352,18.5629,-18.8982,2467.17,2266.29,8.488,2025,5,2,2025-05,False
2025-05-13,ASIANPAINT,2308.81,2312.74,2270.66,2279.98,1220489,-1.349,2362.48,2285.77,2577.1,43.009,-4.4059,13.9692,-18.3751,2470.17,2254.8,9.116,2025,5,2,2025-05,False
2025-05-14,ASIANPAINT,2274.49,2274.49,2233.39,2238.49,1549845,-1.82,2357.03,2286.47,2574.11,38.292,-10.8546,9.0044,-19.859,2478.11,2235.94,10.274,2025,5,2,2025-05,False
2025-05-15,ASIANPAINT,2241.14,2290.67,2224.47,2285.18,1675015,2.086,2352.82,2288.54,2571.28,45.532,-12.059,4.7917,-16.8507,2477.88,2227.75,10.631,2025,5,2,2025-05,False
2025-05-16,ASIANPAINT,2289.1,2309.79,2270.56,2308.42,785113,1.017,2347.61,2291.28,2568.61,48.755,-11.0109,1.6312,-12.6421,2470.84,2224.37,10.499,2025,5,2,2025-05,False
2025-05-19,ASIANPAINT,2308.42,2333.24,2281.94,2286.65,552961,-0.943,2340.91,2294.26,2565.6,46.008,-11.8012,-1.0553,-10.7459,2462.0,2219.83,10.345,2025,5,2,2025-05,False
2025-05-20,ASIANPAINT,2302.44,2302.63,2247.42,2251.54,1095824,-1.536,2333.58,2296.79,2562.4,41.908,-15.0869,-3.8616,-11.2253,2457.8,2209.37,10.646,2025,5,2,2025-05,False
2025-05-21,ASIANPAINT,2251.93,2271.74,2246.04,2268.01,469330,0.732,2327.72,2300.33,2559.03,44.412,-16.1748,-6.3242,-9.8506,2452.72,2202.71,10.741,2025,5,2,2025-05,False
2025-05-22,ASIANPAINT,2264.87,2265.66,2239.28,2255.07,916504,-0.571,2320.17,2302.98,2555.2,42.849,-17.8756,-8.6345,-9.2411,2443.49,2196.85,10.63,2025,5,2,2025-05,False
2025-05-23,ASIANPAINT,2257.62,2284.29,2250.95,2271.05,458035,0.709,2312.87,2303.92,2551.38,45.404,-17.7291,-10.4534,-7.2757,2429.11,2196.62,10.052,2025,5,2,2025-05,False
2025-05-26,ASIANPAINT,2271.54,2293.12,2258.6,2282.53,1258062,0.505,2307.75,2305.04,2547.59,47.227,-16.4968,-11.6621,-4.8347,2419.57,2195.93,9.691,2025,5,2,2025-05,False
2025-05-27,ASIANPAINT,2268.7,2306.46,2256.93,2282.92,2485428,0.017,2301.64,2306.0,2543.86,47.292,-15.3121,-12.3921,-2.92,2404.01,2199.27,8.895,2025,5,2,2025-05,False
2025-05-28,ASIANPAINT,2282.92,2288.22,2256.14,2258.99,774808,-1.048,2294.39,2306.31,2539.97,43.761,-16.1185,-13.1374,-2.9811,2386.22,2202.56,8.005,2025,5,2,2025-05,False
2025-05-29,ASIANPAINT,2258.99,2264.68,2242.61,2250.26,1414643,-0.386,2287.94,2307.15,2536.03,42.515,-17.2629,-13.9625,-3.3004,2372.54,2203.35,7.395,2025,5,2,2025-05,False
2025-05-30,ASIANPAINT,2252.42,2259.77,2211.71,2215.74,3610431,-1.534,2280.54,2307.7,2532.4,37.914,-20.7169,-15.3134,-5.4035,2363.09,2198.0,7.239,2025,5,2,2025-05,False
2025-06-02,ASIANPAINT,2215.74,2228.68,2214.56,2223.19,702789,0.336,2272.2,2308.62,2528.63,39.438,-22.5923,-16.7692,-5.8232,2340.64,2203.75,6.025,2025,6,2,2025-06,False
2025-06-03,ASIANPAINT,2228.98,2243.39,2203.57,2212.4,792587,-0.485,2264.24,2309.33,2524.74,37.985,-24.6648,-18.3483,-6.3165,2319.83,2208.64,4.911,2025,6,2,2025-06,False
2025-06-04,ASIANPAINT,2206.32,2217.6,2197.88,2205.83,768079,-0.297,2260.06,2308.71,2520.97,37.088,-26.5317,-19.985,-6.5467,2320.09,2200.03,5.312,2025,6,2,2025-06,False
2025-06-05,ASIANPAINT,2207.89,2217.6,2190.14,2200.44,996614,-0.245,2257.17,2307.85,2517.16,36.33,-28.1223,-21.6124,-6.5099,2322.86,2191.47,5.821,2025,6,2,2025-06,False
2025-06-06,ASIANPAINT,2205.93,2209.36,2196.02,2202.1,822087,0.076,2254.5,2306.77,2513.25,36.76,-28.9151,-23.073,-5.8421,2324.67,2184.33,6.225,2025,6,2,2025-06,False
2025-06-09,ASIANPAINT,2197.0,2212.5,2193.08,2204.75,1041851,0.12,2249.18,2305.31,2509.21,37.483,-28.9954,-24.2575,-4.7379,2317.36,2180.99,6.063,2025,6,2,2025-06,False
2025-06-10,ASIANPAINT,2217.27,2217.27,2192.72,2196.39,1809051,-0.379,2245.0,2303.51,2505.0,36.081,-29.3951,-25.285,-4.1101,2315.45,2174.55,6.276,2025,6,2,2025-06,False
2025-06-11,ASIANPAINT,2186.59,2203.32,2184.81,2186.39,1430888,-0.455,2242.39,2301.67,2500.5,34.423,-30.1709,-26.2622,-3.9087,2317.55,2167.23,6.703,2025,6,2,2025-06,False
2025-06-12,ASIANPAINT,2201.43,2240.04,2185.7,2196.88,3417373,0.48,2237.98,2299.74,2495.89,37.66,-29.5978,-26.9293,-2.6685,2312.92,2163.03,6.698,2025,6,2,2025-06,False
2025-06-13,ASIANPAINT,2152.93,2194.6,2152.73,2191.73,1786807,-0.234,2232.14,2297.66,2491.4,36.703,-29.2221,-27.3879,-1.8343,2301.99,2162.29,6.259,2025,6,2,2025-06,False
2025-06-16,ASIANPAINT,2191.73,2227.17,2186.88,2222.02,1301826,1.382,2228.91,2296.67,2486.99,45.483,-26.1785,-27.146,0.9675,2293.96,2163.86,5.837,2025,6,2,2025-06,False
2025-06-17,ASIANPAINT,2208.36,2257.86,2204.4,2241.82,1540986,0.891,2228.43,2296.26,2482.7,50.332,-21.9163,-26.1,4.1837,2292.91,2163.94,5.787,2025,6,2,2025-06,False
2025-06-18,ASIANPAINT,2234.1,2260.83,2232.12,2258.25,1131156,0.733,2227.94,2295.34,2478.69,53.991,-17.0164,-24.2833,7.2669,2291.3,2164.58,5.688,2025,6,2,2025-06,False
2025-06-19,ASIANPAINT,2246.97,2261.82,2241.03,2244.99,524926,-0.587,2227.43,2294.02,2474.66,50.742,-14.0417,-22.235,8.1933,2290.04,2164.83,5.621,2025,6,2,2025-06,False
2025-06-20,ASIANPAINT,2244.0,2266.67,2240.04,2262.51,1945026,0.78,2227.01,2293.35,2470.66,54.626,-10.1534,-19.8187,9.6653,2288.46,2165.55,5.519,2025,6,2,2025-06,False
2025-06-23,ASIANPAINT,2238.26,2249.74,2231.03,2241.13,596186,-0.945,2224.94,2291.2,2466.44,49.497,-8.6969,-17.5943,8.8974,2281.08,2168.79,5.047,2025,6,2,2025-06,False
2025-06-24,ASIANPAINT,2281.61,2286.27,2245.88,2252.21,1044179,0.495,2223.4,2288.95,2462.26,52.013,-6.5723,-15.3899,8.8176,2274.3,2172.5,4.579,2025,6,2,2025-06,False
2025-06-25,ASIANPAINT,2253.01,2271.02,2252.31,2256.77,807368,0.202,2223.29,2287.13,2457.72,53.047,-4.4696,-13.2058,8.7363,2273.87,2172.71,4.55,2025,6,2,2025-06,False
2025-06-26,ASIANPAINT,2263.8,2269.34,2257.06,2266.57,921519,0.434,2224.11,2285.08,2453.2,55.282,-1.9894,-10.9626,8.9731,2276.99,2171.22,4.756,2025,6,2,2025-06,False
2025-06-27,ASIANPAINT,2259.84,2340.51,2254.0,2334.77,1555059,3.009,2230.06,2283.52,2448.85,67.039,5.4168,-7.6867,13.1035,2302.25,2157.87,6.474,2025,6,2,2025-06,False
2025-06-30,ASIANPAINT,2338.03,2345.85,2302.5,2317.35,785414,-0.746,2234.76,2281.46,2444.37,62.518,9.768,-4.1957,13.9638,2316.69,2152.84,7.332,2025,6,2,2025-06,False
2025-07-01,ASIANPAINT,2356.35,2375.65,2326.35,2345.46,1232160,1.213,2241.42,2280.4,2439.97,66.45,15.3083,-0.2949,15.6032,2336.29,2146.55,8.465,2025,7,3,2025-07,False
2025-07-02,ASIANPAINT,2316.26,2405.34,2303.39,2394.85,1936030,2.106,2250.87,2280.59,2435.46,72.007,23.4147,4.447,18.9677,2366.25,2135.48,10.252,2025,7,3,2025-07,False
2025-07-03,ASIANPAINT,2404.26,2439.4,2400.4,2406.24,1547480,0.475,2261.16,2280.6,2430.92,73.112,30.4072,9.639,20.7681,2393.12,2129.2,11.672,2025,7,3,2025-07,False
2025-07-04,ASIANPAINT,2406.24,2418.21,2387.53,2399.6,602309,-0.276,2271.03,2280.25,2426.48,71.345,35.01,14.7132,20.2968,2413.53,2128.54,12.549,2025,7,3,2025-07,False
2025-07-07,ASIANPAINT,2398.71,2440.09,2396.44,2418.01,869054,0.767,2281.7,2280.91,2422.24,73.276,39.686,19.7078,19.9782,2434.83,2128.57,13.422,2025,7,3,2025-07,False
2025-07-08,ASIANPAINT,2415.74,2462.76,2412.57,2459.39,1136367,1.711,2294.85,2282.0,2418.32,77.024,46.1978,25.0058,21.192,2461.69,2128.01,14.54,2025,7,3,2025-07,False
2025-07-09,ASIANPAINT,2494.93,2509.28,2467.61,2473.55,2328636,0.576,2309.21,2283.39,2414.66,78.153,51.9024,30.3851,21.5173,2485.88,2132.53,15.302,2025,7,3,2025-07,False
2025-07-10,ASIANPAINT,2481.86,2486.51,2420.29,2426.33,932859,-1.909,2320.68,2284.33,2410.66,66.429,52.0138,34.7109,17.303,2496.44,2144.92,15.147,2025,7,3,2025-07,False
2025-07-11,ASIANPAINT,2422.67,2459.59,2410.79,2414.45,1050411,-0.49,2331.81,2285.34,2406.55,63.834,50.5608,37.8808,12.68,2501.29,2162.34,14.536,2025,7,3,2025-07,False
2025-07-14,ASIANPAINT,2406.43,2423.76,2366.74,2377.23,891618,-1.541,2339.57,2285.09,2402.39,56.401,45.8772,39.4801,6.3971,2501.94,2177.2,13.88,2025,7,3,2025-07,False
2025-07-15,ASIANPAINT,2385.45,2390.5,2362.09,2369.22,610228,-0.337,2345.94,2285.04,2398.33,54.917,41.0453,39.7932,1.2522,2502.04,2189.85,13.308,2025,7,3,2025-07,False
2025-07-16,ASIANPAINT,2356.84,2397.82,2346.94,2386.04,1200909,0.71,2352.33,2286.97,2394.37,57.447,38.1342,39.4614,-1.3271,2503.71,2200.96,12.87,2025,7,3,2025-07,False
2025-07-17,ASIANPAINT,2379.71,2389.51,2369.71,2374.56,526163,-0.481,2358.81,2289.3,2390.2,55.172,34.503,38.4697,-3.9667,2501.69,2215.93,12.115,2025,7,3,2025-07,False
2025-07-18,ASIANPAINT,2376.24,2380.6,2348.23,2358.23,599552,-0.688,2363.6,2291.35,2385.79,52.017,29.9618,36.7681,-6.8063,2499.12,2228.07,11.468,2025,7,3,2025-07,False
2025-07-21,ASIANPAINT,2358.23,2383.57,2336.85,2351.3,390931,-0.294,2369.11,2292.16,2381.25,50.692,25.5098,34.5165,-9.0067,2492.04,2246.17,10.378,2025,7,3,2025-07,False
2025-07-22,ASIANPAINT,2351.3,2356.64,2337.34,2341.2,411317,-0.429,2373.56,2293.38,2376.91,48.744,20.9256,31.7983,-10.8727,2484.54,2262.57,9.352,2025,7,3,2025-07,False
2025-07-23,ASIANPAINT,2339.02,2360.5,2328.73,2351.3,368999,0.431,2378.28,2295.64,2373.25,50.781,17.9009,29.0188,-11.1179,2475.52,2281.04,8.177,2025,7,3,2025-07,False
2025-07-24,ASIANPAINT,2351.3,2355.85,2317.25,2328.24,506960,-0.981,2381.37,2296.5,2369.85,46.259,13.4874,25.9125,-12.4251,2466.9,2295.83,7.183,2025,7,3,2025-07,False
2025-07-25,ASIANPAINT,2316.26,2326.65,2302.2,2312.5,383636,-0.676,2380.25,2296.58,2366.42,43.417,8.6203,22.4541,-13.8338,2468.86,2291.64,7.445,2025,7,3,2025-07,False
2025-07-28,ASIANPAINT,2312.5,2342.39,2296.46,2335.66,650364,1.002,2381.17,2297.56,2362.98,48.437,6.5565,19.2746,-12.7181,2467.39,2294.95,7.242,2025,7,3,2025-07,False
2025-07-29,ASIANPAINT,2335.07,2393.76,2301.41,2377.13,1742815,1.776,2382.75,2300.07,2359.79,55.969,8.1733,17.0543,-8.881,2467.36,2298.15,7.102,2025,7,3,2025-07,False
2025-07-30,ASIANPAINT,2384.56,2419.0,2342.49,2391.29,1685818,0.595,2382.57,2302.54,2356.77,58.213,10.4762,15.7387,-5.2625,2467.09,2298.06,7.094,2025,7,3,2025-07,False
2025-07-31,ASIANPAINT,2377.03,2392.67,2349.42,2371.79,1274735,-0.815,2380.85,2304.87,2353.76,54.122,10.6054,14.712,-4.1066,2464.74,2296.97,7.047,2025,7,3,2025-07,False
2025-08-01,ASIANPAINT,2353.87,2446.92,2353.87,2406.33,2225293,1.457,2381.19,2307.58,2350.91,59.546,13.3416,14.4379,-1.0963,2465.44,2296.93,7.077,2025,8,3,2025-08,False
2025-08-04,ASIANPAINT,2418.41,2441.97,2414.85,2424.94,1165898,0.773,2381.53,2310.42,2348.02,62.143,16.8178,14.9139,1.9039,2466.48,2296.59,7.134,2025,8,3,2025-08,False
2025-08-05,ASIANPAINT,2436.92,2438.7,2384.66,2412.08,659094,-0.531,2379.17,2313.01,2344.99,59.308,18.3232,15.5958,2.7274,2457.35,2300.98,6.572,2025,8,3,2025-08,False
2025-08-06,ASIANPAINT,2415.24,2480.18,2415.24,2465.92,2019109,2.232,2378.79,2317.15,2342.36,66.247,23.5894,17.1945,6.3949,2455.08,2302.49,6.415,2025,8,3,2025-08,False
2025-08-07,ASIANPAINT,2458.9,2484.53,2441.87,2481.07,1502806,0.614,2381.52,2321.76,2340.12,67.905,28.6546,19.4865,9.1681,2468.22,2294.83,7.281,2025,8,3,2025-08,False
2025-08-08,ASIANPAINT,2481.07,2486.22,2443.45,2450.48,1178226,-1.233,2383.33,2326.46,2337.44,61.351,29.8566,21.5605,8.296,2474.3,2292.36,7.634,2025,8,3,2025-08,False
2025-08-11,ASIANPAINT,2438.9,2478.79,2427.12,2463.85,721135,0.545,2387.66,2331.27,2335.04,63.03,31.524,23.5532,7.9708,2485.4,2289.91,8.187,2025,8,3,2025-08,False
2025-08-12,ASIANPAINT,2463.85,2477.41,2448.9,2453.15,608984,-0.434,2391.85,2336.09,2332.67,60.756,31.6184,25.1663,6.4522,2493.4,2290.31,8.491,2025,8,3,2025-08,False
2025-08-13,ASIANPAINT,2454.64,2478.99,2436.23,2474.83,350844,0.884,2396.29,2341.47,2330.5,63.622,33.0613,26.7453,6.3161,2504.32,2288.26,9.017,2025,8,3,2025-08,False
2025-08-14,ASIANPAINT,2479.58,2509.18,2472.36,2503.04,1088550,1.14,2402.72,2347.52,2328.53,66.999,36.0655,28.6093,7.4561,2520.18,2285.26,9.777,2025,8,3,2025-08,False
2025-08-18,ASIANPAINT,2524.13,2568.67,2510.86,2561.15,1755615,2.321,2412.86,2354.7,2326.64,72.634,42.6432,31.4161,11.2271,2547.88,2277.84,11.192,2025,8,3,2025-08,False
2025-08-19,ASIANPAINT,2561.15,2568.67,2535.21,2553.23,698587,-0.309,2422.96,2361.67,2324.75,70.858,46.6791,34.4687,12.2104,2568.39,2277.52,12.005,2025,8,3,2025-08,False
2025-08-20,ASIANPAINT,2551.84,2553.13,2537.39,2544.02,308028,-0.361,2433.1,2368.62,2322.8,68.754,48.5748,37.2899,11.2849,2582.76,2283.44,12.302,2025,8,3,2025-08,False
2025-08-21,ASIANPAINT,2548.77,2549.86,2533.33,2540.56,781082,-0.136,2442.56,2375.7,2321.14,67.936,49.2301,39.678,9.5522,2594.36,2290.77,12.429,2025,8,3,2025-08,False
2025-08-22,ASIANPAINT,2536.8,2543.23,2475.72,2479.09,523774,-2.42,2450.11,2381.35,2319.14,55.356,44.2789,40.5982,3.6808,2592.7,2307.52,11.639,2025,8,3,2025-08,False
2025-08-25,ASIANPAINT,2490.47,2496.91,2450.88,2467.61,766497,-0.463,2457.86,2386.87,2317.2,53.368,38.9792,40.2744,-1.2952,2584.97,2330.75,10.343,2025,8,3,2025-08,False
2025-08-26,ASIANPAINT,2455.93,2497.7,2442.96,2456.22,7106393,-0.461,2463.89,2391.55,2315.35,51.397,33.4747,38.9144,-5.4397,2577.29,2350.49,9.205,2025,8,3,2025-08,False
2025-08-28,ASIANPAINT,2439.99,2502.35,2439.99,2463.75,1485769,0.306,2468.22,2395.99,2313.48,52.642,29.3807,37.0077,-7.627,2574.03,2362.41,8.574,2025,8,3,2025-08,False
2025-08-29,ASIANPAINT,2465.73,2505.91,2464.74,2493.05,1798653,1.189,2473.31,2400.68,2312.03,57.235,28.1757,35.2413,-7.0656,2573.16,2373.45,8.075,2025,8,3,2025-08,False
2025-09-01,ASIANPAINT,2492.45,2551.65,2489.58,2544.12,1314833,2.049,2481.92,2406.67,2311.19,63.822,30.9849,34.39,-3.4051,2574.36,2389.49,7.449,2025,9,3,2025-09,False
2025-09-02,ASIANPAINT,2542.93,2545.81,2505.32,2514.23,1024054,-1.175,2487.32,2411.7,2311.32,58.174,30.4481,33.6016,-3.1535,2573.57,2401.07,6.935,2025,9,3,2025-09,False
2025-09-03,ASIANPAINT,2504.33,2539.07,2501.66,2527.99,925847,0.547,2492.47,2417.44,2311.84,59.932,30.7782,33.0369,-2.2588,2575.27,2409.67,6.644,2025,9,3,2025-09,False
2025-09-04,ASIANPAINT,2527.99,2556.79,2527.1,2542.54,933071,0.576,2498.99,2423.25,2312.46,61.762,31.8467,32.7989,-0.9522,2575.44,2422.55,6.118,2025,9,3,2025-09,False
2025-09-05,ASIANPAINT,2538.97,2575.6,2538.97,2553.72,1153436,0.44,2503.38,2429.18,2313.07,63.155,33.2133,32.8818,0.3315,2581.89,2424.88,6.272,2025,9,3,2025-09,False
2025-09-08,ASIANPAINT,2553.72,2563.33,2500.77,2505.12,742880,-1.903,2504.59,2433.96,2313.44,53.957,30.0284,32.3111,-2.2827,2582.39,2426.79,6.213,2025,9,3,2025-09,False
2025-09-09,ASIANPAINT,2514.23,2525.71,2499.18,2511.56,702450,0.257,2507.64,2437.49,2313.81,54.893,27.7041,31.3897,-3.6856,2581.18,2434.11,5.865,2025,9,3,2025-09,False
2025-09-10,ASIANPAINT,2511.56,2529.08,2499.48,2517.5,520584,0.236,2510.32,2441.49,2314.49,55.787,26.0412,30.32,-4.2788,2580.99,2439.66,5.63,2025,9,3,2025-09,False
2025-09-11,ASIANPAINT,2515.22,2533.53,2509.97,2529.97,423961,0.495,2514.16,2445.18,2315.02,57.684,25.4365,29.3433,-3.9068,2579.93,2448.4,5.232,2025,9,3,2025-09,False
2025-09-12,ASIANPAINT,2534.03,2542.24,2511.46,2520.46,547539,-0.376,2516.45,2447.7,2315.56,55.723,23.9148,28.2576,-4.3428,2579.58,2453.31,5.018,2025,9,3,2025-09,False
2025-09-15,ASIANPAINT,2509.38,2517.69,2472.65,2477.21,583051,-1.716,2515.15,2449.12,2315.66,47.761,18.9994,26.406,-7.4066,2580.46,2449.85,5.193,2025,9,3,2025-09,False
2025-09-16,ASIANPAINT,2469.69,2484.43,2449.39,2455.73,760790,-0.867,2509.88,2450.24,2315.72,44.37,13.2183,23.7684,-10.5501,2576.56,2443.2,5.313,2025,9,3,2025-09,False
2025-09-17,ASIANPAINT,2456.82,2471.57,2455.63,2468.3,359627,0.512,2505.64,2451.24,2316.01,46.753,9.5411,20.923,-11.3819,2571.51,2439.77,5.258,2025,9,3,2025-09,False
2025-09-18,ASIANPAINT,2472.56,2480.77,2444.25,2453.55,400796,-0.598,2501.11,2451.13,2316.11,44.353,5.3749,17.8133,-12.4385,2568.3,2433.93,5.372,2025,9,3,2025-09,False
2025-09-19,ASIANPAINT,2449.89,2484.04,2443.45,2456.52,3731525,0.121,2496.91,2450.79,2316.24,44.965,2.2863,14.7079,-12.4216,2564.22,2429.6,5.391,2025,9,3,2025-09,False
2025-09-22,ASIANPAINT,2468.79,2477.6,2449.0,2457.51,872806,0.04,2495.83,2451.41,2316.42,45.182,-0.0805,11.7502,-11.8308,2565.01,2426.66,5.543,2025,9,3,2025-09,False
2025-09-23,ASIANPAINT,2447.02,2458.6,2403.37,2422.07,1332111,-1.442,2493.56,2451.56,2316.47,39.229,-4.7609,8.448,-13.2089,2569.33,2417.79,6.077,2025,9,3,2025-09,False
2025-09-24,ASIANPAINT,2421.18,2449.89,2418.41,2432.27,637749,0.421,2492.36,2452.66,2316.6,41.613,-7.5602,5.2464,-12.8066,2571.3,2413.41,6.335,2025,9,3,2025-09,False
2025-09-25,ASIANPAINT,2433.56,2437.71,2363.77,2379.61,1518215,-2.165,2488.15,2452.87,2316.58,34.16,-13.8681,1.4235,-15.2916,2581.22,2395.08,7.481,2025,9,3,2025-09,False
2025-09-26,ASIANPAINT,2373.17,2375.65,2315.27,2319.03,1089446,-2.546,2479.45,2451.53,2316.45,27.958,-23.4847,-3.5582,-19.9265,2599.28,2359.62,9.666,2025,9,3,2025-09,False
2025-09-29,ASIANPAINT,2319.13,2339.72,2305.57,2318.83,950369,-0.009,2468.19,2450.42,2316.33,27.94,-30.7672,-9.0,-21.7672,2603.74,2332.63,10.984,2025,9,3,2025-09,False
2025-09-30,ASIANPAINT,2328.14,2364.56,2316.26,2326.16,778874,0.316,2458.78,2449.78,2316.11,29.728,-35.5379,-14.3075,-21.2303,2606.44,2311.12,12.011,2025,9,3,2025-09,False
2025-10-01,ASIANPAINT,2329.52,2333.09,2297.65,2312.1,648279,-0.604,2447.99,2448.99,2315.95,28.278,-39.9919,-19.4444,-20.5475,2605.58,2290.4,12.875,2025,10,4,2025-10,False
2025-10-03,ASIANPAINT,2318.44,2338.73,2312.4,2333.88,659872,0.942,2437.55,2448.84,2315.81,33.676,-41.2885,-23.8132,-17.4753,2596.41,2278.7,13.034,2025,10,4,2025-10,False
2025-10-06,ASIANPAINT,2331.11,2335.26,2310.42,2330.91,362107,-0.127,2426.41,2448.44,2315.68,33.308,-42.0708,-27.4647,-14.6061,2582.19,2270.64,12.84,2025,10,4,2025-10,False
2025-10-07,ASIANPAINT,2331.11,2347.34,2322.2,2328.93,498524,-0.085,2417.6,2448.45,2315.77,33.048,-42.3622,-30.4442,-11.918,2574.56,2260.65,12.985,2025,10,4,2025-10,False
2025-10-08,ASIANPAINT,2336.05,2345.36,2296.46,2304.87,701799,-1.033,2407.27,2448.3,2315.8,29.992,-44.0266,-33.1607,-10.8659,2565.39,2249.15,13.137,2025,10,4,2025-10,False
2025-10-09,ASIANPAINT,2304.87,2317.25,2300.22,2312.69,587567,0.339,2397.03,2447.84,2316.12,32.188,-44.205,-35.3696,-8.8354,2551.58,2242.48,12.896,2025,10,4,2025-10,False
2025-10-10,ASIANPAINT,2315.17,2333.88,2312.89,2316.46,1117236,0.163,2386.35,2446.63,2316.51,33.272,-43.541,-37.0038,-6.5371,2531.45,2241.26,12.161,2025,10,4,2025-10,False
2025-10-13,ASIANPAINT,2316.46,2342.59,2313.29,2318.73,667732,0.098,2376.27,2445.17,2316.93,33.96,-42.3429,-38.0717,-4.2713,2509.69,2242.85,11.23,2025,10,4,2025-10,False
2025-10-14,ASIANPAINT,2318.63,2331.11,2284.58,2294.58,353345,-1.042,2367.14,2443.63,2317.2,30.381,-42.8484,-39.027,-3.8214,2496.4,2237.87,10.922,2025,10,4,2025-10,False
2025-10-15,ASIANPAINT,2306.36,2359.81,2301.41,2351.0,753640,2.459,2361.9,2442.52,2317.86,44.972,-38.2553,-38.8727,0.6174,2484.36,2239.44,10.37,2025,10,4,2025-10,False
2025-10-16,ASIANPAINT,2352.88,2396.24,2342.88,2385.25,715890,1.457,2357.75,2441.73,2318.65,51.602,-31.4886,-37.3959,5.9072,2470.25,2245.25,9.543,2025,10,4,2025-10,False
2025-10-17,ASIANPAINT,2396.44,2518.19,2396.44,2482.36,3719960,4.071,2359.19,2443.14,2319.84,64.62,-18.082,-33.5331,15.4511,2477.44,2240.93,10.025,2025,10,4,2025-10,False
2025-10-20,ASIANPAINT,2482.36,2511.36,2475.33,2490.47,714986,0.327,2360.89,2443.63,2321.1,65.456,-6.7247,-28.1714,21.4467,2485.81,2235.96,10.583,2025,10,4,2025-10,False
2025-10-21,ASIANPAINT,2487.5,2493.64,2458.8,2479.19,107942,-0.453,2361.97,2443.59,2322.19,63.219,1.3499,-22.2672,23.6171,2490.74,2233.2,10.904,2025,10,4,2025-10,False
2025-10-23,ASIANPAINT,2493.34,2520.17,2471.47,2477.01,811738,-0.088,2364.72,2444.12,2323.09,62.773,7.4871,-16.3163,23.8034,2501.01,2228.42,11.527,2025,10,4,2025-10,False
2025-10-24,ASIANPAINT,2469.69,2481.27,2461.07,2476.22,327596,-0.032,2366.91,2444.37,2324.01,62.6,12.147,-10.6237,22.7706,2509.08,2224.74,12.013,2025,10,4,2025-10,False
2025-10-27,ASIANPAINT,2476.22,2504.33,2474.24,2493.24,550089,0.688,2372.6,2445.17,2325.36,64.842,17.0176,-5.0954,22.113,2525.57,2219.62,12.895,2025,10,4,2025-10,False
2025-10-28,ASIANPAINT,2489.48,2502.94,2466.72,2483.84,1103957,-0.377,2380.84,2445.35,2326.54,62.609,19.8895,-0.0984,19.9879,2539.32,2222.35,13.313,2025,10,4,2025-10,False
2025-10-29,ASIANPAINT,2494.43,2524.92,2487.01,2512.94,615292,1.172,2390.54,2445.55,2327.66,66.459,24.2344,4.7681,19.4663,2556.63,2224.45,13.896,2025,10,4,2025-10,False
2025-10-30,ASIANPAINT,2509.77,2512.94,2487.8,2497.9,736486,-0.599,2399.13,2444.28,2328.62,62.856,26.1621,9.0469,17.1152,2568.92,2229.34,14.154,2025,10,4,2025-10,False
2025-10-31,ASIANPAINT,2497.8,2504.33,2479.88,2485.32,609128,-0.503,2407.79,2442.92,2329.66,59.932,26.3715,12.5118,13.8596,2576.56,2239.02,14.018,2025,10,4,2025-10,False
2025-11-03,ASIANPAINT,2470.87,2489.78,2469.69,2486.71,425210,0.056,2415.43,2441.78,2331.05,60.152,26.3455,15.2786,11.0669,2583.95,2246.91,13.953,2025,11,4,2025-11,False
2025-11-04,ASIANPAINT,2484.53,2495.42,2454.54,2461.47,527087,-1.015,2421.96,2440.2,2332.37,54.303,24.0114,17.0251,6.9863,2586.76,2257.15,13.609,2025,11,4,2025-11,False
2025-11-06,ASIANPAINT,2534.12,2604.31,2534.12,2576.49,4448622,4.673,2434.34,2442.14,2334.32,69.065,31.0845,19.837,11.2475,2606.73,2261.94,14.164,2025,11,4,2025-11,False
2025-11-07,ASIANPAINT,2576.49,2592.33,2558.77,2587.28,791663,0.419,2448.46,2444.54,2336.39,70.043,37.1326,23.2961,13.8365,2622.46,2274.45,14.213,2025,11,4,2025-11,False
2025-11-10,ASIANPAINT,2587.28,2639.74,2584.61,2623.51,1706880,1.4,2464.0,2447.88,2338.42,73.115,44.338,27.5045,16.8335,2642.41,2285.59,14.482,2025,11,4,2025-11,False
2025-11-11,ASIANPAINT,2623.51,2637.86,2606.68,2630.24,776404,0.257,2479.69,2451.21,2340.39,73.656,50.0149,32.0066,18.0083,2658.66,2300.72,14.435,2025,11,4,2025-11,False
2025-11-12,ASIANPAINT,2633.01,2809.9,2615.29,2741.7,2859196,4.238,2500.84,2456.19,2343.01,80.609,62.7839,38.162,24.6218,2698.69,2302.99,15.823,2025,11,4,2025-11,False
2025-11-13,ASIANPAINT,2829.89,2867.71,2811.18,2850.18,5933630,3.957,2528.62,2462.31,2346.17,84.811,80.7268,46.675,34.0518,2758.04,2299.2,18.146,2025,11,4,2025-11,False
2025-11-14,ASIANPAINT,2836.03,2880.38,2832.96,2876.91,2494076,0.938,2554.91,2469.56,2349.39,85.637,95.9967,56.5393,39.4574,2816.86,2292.96,20.506,2025,11,4,2025-11,False
2025-11-17,ASIANPAINT,2876.91,2897.2,2850.78,2858.6,1230683,-0.637,2578.58,2476.17,2352.59,82.334,105.4056,66.3126,39.093,2860.74,2296.42,21.885,2025,11,4,2025-11,False
2025-11-18,ASIANPAINT,2861.18,2890.92,2837.48,2881.0,1819066,0.784,2598.51,2482.94,2355.95,83.188,113.3633,75.7227,37.6406,2907.14,2289.89,23.754,2025,11,4,2025-11,False
2025-11-19,ASIANPAINT,2888.94,2890.92,2862.37,2868.81,1387906,-0.423,2617.43,2489.24,2359.3,80.895,117.3333,84.0448,33.2885,2944.03,2290.83,24.956,2025,11,4,2025-11,False
2025-11-20,ASIANPAINT,2872.48,2881.1,2827.96,2835.2,1062883,-1.172,2635.23,2495.85,2362.58,74.777,116.4256,90.521,25.9046,2968.84,2301.62,25.319,2025,11,4,2025-11,False
2025-11-21,ASIANPAINT,2844.32,2870.69,2829.55,2851.86,857340,0.587,2653.97,2502.65,2365.8,75.756,115.7163,95.5601,20.1563,2992.24,2315.71,25.491,2025,11,4,2025-11,False
2025-11-24,ASIANPAINT,2851.26,2871.59,2839.86,2854.43,5404326,0.09,2672.88,2509.39,2368.79,75.912,114.0475,99.2576,14.79,3011.59,2334.17,25.344,2025,11,4,2025-11,False
2025-11-25,ASIANPAINT,2874.96,2883.48,2844.32,2851.06,972417,-0.118,2690.77,2515.81,2371.52,75.231,111.1715,101.6403,9.5311,3027.33,2354.22,25.015,2025,11,4,2025-11,False
2025-11-26,ASIANPAINT,2855.23,2871.29,2833.02,2849.28,570376,-0.063,2709.05,2522.39,2374.52,74.848,107.5089,102.814,4.6948,3037.89,2380.2,24.277,2025,11,4,2025-11,False
2025-11-27,ASIANPAINT,2855.23,2889.43,2846.7,2854.34,1158685,0.177,2726.11,2529.93,2377.25,75.233,103.8175,103.0147,0.8028,3047.45,2404.78,23.575,2025,11,4,2025-11,False
2025-11-28,ASIANPAINT,2855.23,2865.04,2831.24,2849.68,748446,-0.163,2743.7,2537.81,2380.34,74.109,99.3706,102.2859,-2.9153,3050.63,2436.78,22.373,2025,11,4,2025-11,False
2025-12-01,ASIANPAINT,2852.95,2862.66,2823.5,2842.93,499153,-0.237,2761.58,2545.3,2383.45,72.423,94.2163,100.672,-6.4557,3045.97,2477.2,20.596,2025,12,4,2025-12,False
2025-12-02,ASIANPAINT,2842.34,2936.52,2836.59,2928.99,2102147,3.027,2783.7,2554.81,2386.96,78.992,95.9691,99.7314,-3.7624,3046.02,2521.38,18.847,2025,12,4,2025-12,False
2025-12-03,ASIANPAINT,2943.46,2943.66,2907.38,2928.1,1252456,-0.03,2807.03,2564.24,2390.47,78.783,96.1774,99.0206,-2.8432,3028.5,2585.56,15.78,2025,12,4,2025-12,False
2025-12-04,ASIANPAINT,2924.63,2960.02,2908.76,2931.76,1466098,0.125,2824.79,2573.73,2394.14,79.029,95.5373,98.3239,-2.7867,3024.31,2625.27,14.126,2025,12,4,2025-12,False
2025-12-05,ASIANPAINT,2929.58,2947.92,2915.7,2942.97,944978,0.382,2842.58,2584.15,2397.93,79.8,94.8406,97.6273,-2.7866,3014.45,2670.71,12.093,2025,12,4,2025-12,False
2025-12-08,ASIANPAINT,2944.45,2948.92,2889.73,2903.11,983544,-1.354,2856.56,2593.56,2401.48,69.945,90.0348,96.1088,-6.074,2995.79,2717.33,9.748,2025,12,4,2025-12,False
2025-12-09,ASIANPAINT,2884.97,2888.44,2764.52,2771.95,1839391,-4.518,2863.64,2601.41,2404.39,48.65,74.7804,91.8431,-17.0627,2963.13,2764.16,6.948,2025,12,4,2025-12,False
2025-12-10,ASIANPAINT,2785.83,2799.71,2772.64,2780.38,845073,0.304,2865.58,2610.64,2407.26,49.709,62.649,86.0043,-23.3553,2956.19,2774.97,6.324,2025,12,4,2025-12,False
2025-12-11,ASIANPAINT,2775.92,2787.42,2739.43,2755.49,777422,-0.895,2860.84,2619.37,2410.06,46.649,50.4453,78.8925,-28.4472,2963.88,2757.8,7.203,2025,12,4,2025-12,False
2025-12-12,ASIANPAINT,2770.96,2772.94,2722.38,2741.02,977696,-0.525,2854.05,2627.67,2412.79,44.916,39.1546,70.9449,-31.7904,2969.77,2738.33,8.109,2025,12,4,2025-12,False
2025-12-15,ASIANPAINT,2749.25,2777.9,2734.97,2756.29,1029674,0.557,2848.93,2636.55,2415.54,47.146,31.0802,62.972,-31.8918,2972.58,2725.28,8.68,2025,12,4,2025-12,False
2025-12-16,ASIANPAINT,2768.98,2783.85,2752.22,2766.89,916244,0.385,2843.23,2645.21,2418.3,48.7,25.2462,55.4268,-30.1807,2971.1,2715.35,8.995,2025,12,4,2025-12,False
2025-12-17,ASIANPAINT,2775.92,2782.36,2748.16,2761.74,636499,-0.186,2837.87,2653.83,2421.09,47.962,19.9764,48.3367,-28.3604,2970.13,2705.62,9.321,2025,12,4,2025-12,False
2025-12-18,ASIANPAINT,2756.09,2769.77,2731.6,2735.96,417994,-0.933,2832.91,2661.97,2423.86,44.344,13.5637,41.3821,-27.8184,2972.81,2693.01,9.877,2025,12,4,2025-12,False
2025-12-19,ASIANPAINT,2742.61,2788.21,2735.96,2775.82,3895542,1.457,2829.11,2671.39,2426.89,50.554,11.5643,35.4186,-23.8543,2970.96,2687.25,10.028,2025,12,4,2025-12,False
2025-12-22,ASIANPAINT,2761.84,2798.82,2756.39,2783.45,463953,0.275,2825.56,2680.8,2430.11,51.667,10.4749,30.4298,-19.9549,2968.3,2682.82,10.103,2025,12,4,2025-12,False
2025-12-23,ASIANPAINT,2773.93,2794.75,2759.16,2783.65,431068,0.007,2822.19,2690.15,2433.41,51.697,9.5179,26.2475,-16.7295,2965.57,2678.81,10.161,2025,12,4,2025-12,False
2025-12-24,ASIANPAINT,2783.65,2800.4,2758.07,2761.54,512144,-0.794,2817.8,2699.0,2436.76,48.067,6.896,22.3772,-15.4811,2963.05,2672.55,10.309,2025,12,4,2025-12,False
2025-12-26,ASIANPAINT,2761.05,2770.36,2719.41,2722.88,532078,-1.4,2811.23,2707.57,2439.76,42.453,1.6789,18.2375,-16.5586,2961.34,2661.12,10.679,2025,12,4,2025-12,False
2025-12-29,ASIANPAINT,2722.88,2769.77,2711.48,2751.53,815529,1.052,2806.32,2715.58,2442.4,47.359,-0.1422,14.5616,-14.7037,2957.55,2655.1,10.778,2025,12,4,2025-12,False
2025-12-30,ASIANPAINT,2746.47,2768.38,2717.42,2734.57,4833527,-0.616,2800.9,2722.57,2444.94,44.919,-2.9196,11.0653,-13.985,2954.36,2647.45,10.957,2025,12,4,2025-12,False
2025-12-31,ASIANPAINT,2731.3,2772.74,2731.2,2745.68,1274705,0.406,2791.74,2727.83,2447.49,46.851,-4.1767,8.0169,-12.1936,2934.5,2648.97,10.228,2025,12,4,2025-12,False
2026-01-01,ASIANPAINT,2752.02,2758.76,2722.48,2728.33,327945,-0.632,2781.75,2732.59,2449.92,44.24,-6.498,5.1139,-11.6119,2911.73,2651.77,9.345,2026,1,1,2026-01,False
2026-01-02,ASIANPAINT,2732.1,2774.92,2732.1,2748.75,508884,0.749,2772.6,2737.98,2452.62,47.919,-6.6134,2.7685,-9.3819,2882.29,2662.91,7.913,2026,1,1,2026-01,False
2026-01-05,ASIANPAINT,2746.17,2803.68,2745.18,2791.38,866733,1.551,2765.02,2744.27,2455.64,54.647,-3.2278,1.5692,-4.797,2840.88,2689.16,5.487,2026,1,1,2026-01,False
2026-01-06,ASIANPAINT,2795.74,2823.9,2787.42,2821.32,875891,1.073,2760.93,2751.17,2458.86,58.683,1.8499,1.6254,0.2246,2809.28,2712.59,3.502,2026,1,1,2026-01,False
2026-01-07,ASIANPAINT,2821.32,2830.15,2777.01,2785.24,636748,-1.279,2761.6,2757.01,2461.9,52.606,2.9284,1.886,1.0424,2810.93,2712.26,3.573,2026,1,1,2026-01,False
2026-01-08,ASIANPAINT,2770.96,2780.58,2746.27,2762.53,620031,-0.815,2760.7,2762.58,2464.53,49.157,1.9289,1.8945,0.0343,2809.25,2712.16,3.517,2026,1,1,2026-01,False
2026-01-09,ASIANPAINT,2765.9,2832.13,2762.23,2801.2,1657381,1.4,2762.99,2768.35,2467.32,54.614,4.2082,2.3573,1.8509,2814.7,2711.28,3.743,2026,1,1,2026-01,False
2026-01-12,ASIANPAINT,2801.69,2875.06,2783.85,2871.49,1743901,2.509,2769.51,2775.82,2470.39,62.496,11.5531,4.1964,7.3567,2839.31,2699.71,5.04,2026,1,1,2026-01,False
2026-01-13,ASIANPAINT,2875.06,2889.43,2846.11,2861.47,1051986,-0.349,2774.77,2783.34,2473.31,60.874,16.3774,6.6326,9.7447,2855.39,2694.16,5.811,2026,1,1,2026-01,False
2026-01-14,ASIANPAINT,2859.19,2859.19,2783.15,2789.7,958254,-2.508,2775.91,2789.4,2475.83,50.715,14.2446,8.155,6.0895,2856.7,2695.12,5.821,2026,1,1,2026-01,False
2026-01-15,ASIANPAINT,2789.7,2789.7,2789.7,2789.7,0,0.0,2777.31,2795.97,2478.38,50.715,12.4112,9.0063,3.405,2858.04,2696.58,5.813,2026,1,1,2026-01,False
2026-01-16,ASIANPAINT,2763.92,2802.19,2726.84,2733.19,1143463,-2.026,2777.17,2799.1,2480.58,44.008,6.3255,8.4701,-2.1446,2858.2,2696.14,5.836,2026,1,1,2026-01,False
2026-01-19,ASIANPAINT,2733.19,2762.33,2701.26,2730.31,1342048,-0.105,2774.9,2801.96,2482.76,43.692,1.2561,7.0273,-5.7712,2858.6,2691.19,6.033,2026,1,1,2026-01,False
2026-01-20,ASIANPAINT,2716.43,2716.53,2646.34,2652.59,911151,-2.847,2768.35,2802.54,2484.66,36.126,-8.9304,3.8358,-12.7661,2868.15,2668.55,7.21,2026,1,1,2026-01,False
2026-01-21,ASIANPAINT,2647.03,2664.88,2625.22,2638.21,914318,-0.542,2761.08,2802.7,2486.54,34.922,-17.9562,-0.5226,-17.4335,2876.21,2645.95,8.339,2026,1,1,2026-01,False
2026-01-22,ASIANPAINT,2642.37,2706.42,2642.37,2680.54,1290346,1.605,2757.03,2801.48,2488.42,41.145,-21.446,-4.7073,-16.7387,2877.65,2636.41,8.75,2026,1,1,2026-01,False
2026-01-23,ASIANPAINT,2680.54,2758.96,2667.66,2680.44,1786635,-0.004,2754.91,2798.09,2490.27,41.135,-23.9438,-8.5546,-15.3892,2879.49,2630.33,9.044,2026,1,1,2026-01,False
2026-01-27,ASIANPAINT,2696.51,2711.18,2524.1,2600.24,3818761,-2.992,2747.34,2792.55,2491.79,33.994,-32.0259,-13.2489,-18.7771,2889.87,2604.82,10.376,2026,1,1,2026-01,False
2026-01-28,ASIANPAINT,2513.2,2526.58,2429.92,2490.2,3430002,-4.232,2735.13,2785.18,2492.5,27.054,-46.7716,-19.9534,-26.8182,2918.35,2551.9,13.398,2026,1,1,2026-01,False
2026-01-29,ASIANPAINT,2490.2,2493.27,2389.27,2395.22,3488159,-3.814,2717.6,2775.47,2492.65,22.74,-65.368,-29.0363,-36.3316,2955.47,2479.74,17.505,2026,1,1,2026-01,False
2026-01-30,ASIANPAINT,2396.21,2423.97,2379.85,2407.41,2048843,0.509,2701.56,2766.24,2492.95,24.407,-78.2201,-38.8731,-39.347,2976.74,2426.37,20.372,2026,1,1,2026-01,False
2026-02-02,ASIANPAINT,2354.47,2408.6,2351.6,2381.34,1183482,-1.083,2683.19,2757.16,2493.01,23.252,-89.4779,-48.9941,-40.4839,2992.09,2374.28,23.025,2026,2,1,2026-02,False
2026-02-03,ASIANPAINT,2503.28,2503.28,2370.43,2405.13,2233860,0.999,2663.87,2748.23,2492.97,26.663,-95.3804,-58.2713,-37.1091,2992.0,2335.75,24.635,2026,2,1,2026-02,False
2026-02-04,ASIANPAINT,2409.1,2442.61,2396.31,2431.6,970973,1.101,2644.39,2739.77,2493.03,30.37,-96.8064,-65.9783,-30.828,2979.36,2309.42,25.334,2026,2,1,2026-02,False
2026-02-05,ASIANPAINT,2423.97,2434.68,2381.93,2411.18,1047405,-0.84,2625.68,2730.97,2493.09,29.146,-98.4495,-72.4726,-25.9769,2969.2,2282.16,26.166,2026,2,1,2026-02,False
2026-02-06,ASIANPAINT,2411.08,2422.98,2365.58,2380.45,1043982,-1.275,2606.58,2721.6,2493.07,27.359,-101.0666,-78.1914,-22.8752,2960.4,2252.76,27.148,2026,2,1,2026-02,False
2026-02-09,ASIANPAINT,2383.32,2405.33,2376.18,2396.61,669839,0.679,2586.35,2712.44,2493.02,29.797,-100.6762,-82.6883,-17.9878,2939.58,2233.12,27.315,2026,2,1,2026-02,False
2026-02-10,ASIANPAINT,2398.19,2399.18,2366.37,2373.01,1513620,-0.985,2561.43,2702.91,2492.8,28.303,-101.1052,-86.3717,-14.7335,2899.99,2222.87,26.435,2026,2,1,2026-02,False
2026-02-11,ASIANPAINT,2378.37,2385.01,2355.86,2371.92,3177710,-0.046,2536.95,2693.49,2492.74,28.232,-100.3762,-89.1726,-11.2036,2854.29,2219.61,25.018,2026,2,1,2026-02,False
2026-02-12,ASIANPAINT,2377.37,2393.14,2356.55,2389.77,607767,0.752,2516.95,2682.7,2492.66,31.248,-97.2375,-90.7856,-6.4519,2817.18,2216.73,23.856,2026,2,1,2026-02,False
2026-02-13,ASIANPAINT,2388.18,2391.06,2339.8,2346.05,675635,-1.829,2494.77,2671.06,2492.37,28.129,-97.1581,-92.0601,-5.098,2775.04,2214.5,22.469,2026,2,1,2026-02,False
2026-02-16,ASIANPAINT,2339.7,2384.41,2336.53,2376.58,683108,1.302,2476.94,2659.96,2492.36,33.147,-93.5527,-92.3586,-1.1941,2738.07,2215.81,21.085,2026,2,1,2026-02,False
2026-02-17,ASIANPAINT,2378.86,2431.31,2378.86,2416.43,1004356,1.677,2461.25,2649.43,2492.62,39.122,-86.4827,-91.1834,4.7007,2694.5,2228.0,18.954,2026,2,1,2026-02,False
2026-02-18,ASIANPAINT,2419.01,2427.14,2395.71,2411.18,551809,-0.217,2449.18,2639.59,2492.73,38.632,-80.377,-89.0221,8.6451,2665.08,2233.28,17.63,2026,2,1,2026-02,False
2026-02-19,ASIANPAINT,2399.18,2407.12,2370.53,2380.15,971600,-1.287,2436.27,2631.75,2492.77,35.78,-77.1528,-86.6483,9.4955,2634.75,2237.8,16.293,2026,2,1,2026-02,False
2026-02-20,ASIANPAINT,2357.74,2414.75,2355.66,2407.22,790329,1.137,2422.61,2624.29,2493.36,39.944,-71.5885,-83.6363,12.0479,2584.54,2260.68,13.368,2026,2,1,2026-02,False
2026-02-23,ASIANPAINT,2403.84,2425.56,2390.76,2408.8,634365,0.066,2409.02,2617.36,2494.11,40.188,-66.2866,-80.1664,13.8798,2516.21,2301.84,8.899,2026,2,1,2026-02,False
2026-02-24,ASIANPAINT,2392.25,2420.5,2383.02,2392.34,499660,-0.683,2398.63,2610.38,2494.79,38.438,-62.6901,-76.6711,13.9811,2456.9,2340.36,4.858,2026,2,1,2026-02,False
2026-02-25,ASIANPAINT,2395.22,2407.02,2379.36,2395.62,526764,0.137,2393.9,2603.17,2495.22,39.007,-58.8969,-73.1163,14.2194,2433.11,2354.69,3.276,2026,2,1,2026-02,False
2026-02-26,ASIANPAINT,2395.32,2401.37,2361.51,2374.3,588742,-0.89,2392.85,2595.32,2495.69,36.633,-56.9542,-69.8839,12.9296,2433.02,2352.69,3.357,2026,2,1,2026-02,False
2026-02-27,ASIANPAINT,2364.49,2376.98,2338.71,2355.76,2531619,-0.781,2390.27,2587.2,2496.28,34.657,-56.262,-67.1595,10.8975,2433.06,2347.49,3.58,2026,2,1,2026-02,False
2026-03-02,ASIANPAINT,2280.22,2317.79,2263.86,2287.26,2528308,-2.908,2385.57,2578.23,2496.29,28.533,-60.5434,-65.8363,5.2929,2448.45,2322.68,5.272,2026,3,1,2026-03,False
2026-03-04,ASIANPAINT,2241.25,2271.2,2197.24,2265.54,1610358,-0.949,2378.59,2568.02,2496.07,26.91,-64.9397,-65.657,0.7172,2460.45,2296.72,6.883,2026,3,1,2026-03,False
2026-03-05,ASIANPAINT,2265.54,2293.11,2234.32,2268.12,925040,0.114,2370.41,2557.71,2495.98,27.437,-67.4385,-66.0133,-1.4252,2462.05,2278.78,7.732,2026,3,1,2026-03,False
2026-03-06,ASIANPAINT,2242.25,2288.05,2234.31,2259.89,979742,-0.363,2362.85,2547.24,2496.02,26.773,-69.2841,-66.6674,-2.6167,2464.72,2260.98,8.623,2026,3,1,2026-03,False
2026-03-09,ASIANPAINT,2181.08,2210.82,2144.0,2201.7,2198153,-2.575,2353.91,2536.04,2495.69,22.603,-74.5829,-68.2505,-6.3324,2478.19,2229.64,10.559,2026,3,1,2026-03,False
2026-03-10,ASIANPAINT,2232.23,2285.27,2232.23,2260.79,1192174,2.684,2347.12,2526.8,2495.72,33.865,-73.1709,-69.2346,-3.9363,2476.32,2217.92,11.009,2026,3,1,2026-03,False
2026-03-11,ASIANPAINT,2270.3,2282.2,2206.85,2212.8,687786,-2.122,2339.11,2516.02,2495.43,30.042,-75.0585,-70.3994,-4.6591,2480.81,2197.41,12.116,2026,3,1,2026-03,False
2026-03-12,ASIANPAINT,2189.01,2230.55,2182.07,2202.09,1384055,-0.484,2330.62,2505.38,2495.02,29.249,-76.5362,-71.6267,-4.9094,2483.92,2177.32,13.155,2026,3,1,2026-03,False
2026-03-13,ASIANPAINT,2185.74,2200.61,2171.16,2177.9,949233,-1.098,2320.03,2494.02,2494.5,27.483,-78.7514,-73.0517,-5.6997,2484.96,2155.1,14.218,2026,3,1,2026-03,False
2026-03-16,ASIANPAINT,2166.6,2208.64,2156.39,2198.62,1111587,0.951,2312.66,2483.43,2494.2,31.309,-77.9366,-74.0287,-3.9079,2485.67,2139.64,14.962,2026,3,1,2026-03,False
2026-03-17,ASIANPAINT,2198.62,2242.05,2198.13,2218.95,875461,0.924,2304.77,2472.83,2494.04,34.935,-74.7888,-74.1807,-0.6081,2479.87,2129.67,15.195,2026,3,1,2026-03,False
2026-03-18,ASIANPAINT,2215.88,2250.87,2209.43,2242.64,844912,1.068,2296.08,2461.85,2494.17,38.979,-69.5801,-73.2606,3.6804,2464.99,2127.18,14.713,2026,3,1,2026-03,False
2026-03-19,ASIANPAINT,2200.91,2219.74,2161.84,2167.2,889334,-3.364,2283.89,2448.77,2493.89,32.131,-70.7248,-72.7534,2.0286,2453.04,2114.73,14.813,2026,3,1,2026-03,False
2026-03-20,ASIANPAINT,2191.88,2205.37,2166.21,2176.52,875920,0.43,2273.7,2436.6,2493.72,33.681,-70.0722,-72.2172,2.145,2442.97,2104.44,14.889,2026,3,1,2026-03,False
2026-03-23,ASIANPAINT,2161.25,2161.25,2096.81,2103.05,978398,-3.375,2258.5,2423.41,2493.2,28.211,-74.6226,-72.6983,-1.9244,2431.86,2085.13,15.352,2026,3,1,2026-03,False
2026-03-24,ASIANPAINT,2165.21,2205.37,2134.78,2198.23,1561016,4.526,2247.97,2411.35,2493.19,41.472,-69.7451,-72.1076,2.3625,2407.96,2087.97,14.234,2026,3,1,2026-03,False
2026-03-25,ASIANPAINT,2205.96,2270.01,2202.89,2250.67,1270855,2.386,2240.88,2398.93,2493.43,47.254,-60.9453,-69.8752,8.9299,2385.79,2095.97,12.933,2026,3,1,2026-03,False
2026-03-27,ASIANPAINT,2226.98,2249.48,2182.17,2188.41,1089010,-2.766,2230.52,2385.47,2493.35,41.955,-58.3229,-67.5647,9.2418,2357.36,2103.69,11.372,2026,3,1,2026-03,False
2026-03-30,ASIANPAINT,2166.5,2183.95,2132.5,2146.58,1513565,-1.912,2219.14,2372.61,2493.1,38.806,-58.9411,-65.84,6.8989,2331.71,2106.57,10.146,2026,3,1,2026-03,False
2026-04-01,ASIANPAINT,2205.66,2227.28,2179.49,2206.66,1209900,2.799,2211.68,2360.95,2493.2,45.17,-53.9611,-63.4642,9.5031,2304.1,2119.26,8.357,2026,4,2,2026-04,False
2026-04-02,ASIANPAINT,2166.21,2166.31,2123.97,2150.34,1854061,-2.552,2204.84,2349.29,2492.97,40.879,-53.9365,-61.5587,7.6221,2293.91,2115.76,8.08,2026,4,2,2026-04,False
2026-04-06,ASIANPAINT,2150.34,2174.34,2127.44,2165.51,2048228,0.705,2199.83,2338.0,2492.84,42.465,-52.0926,-59.6655,7.5728,2285.73,2113.94,7.809,2026,4,2,2026-04,False
2026-04-07,ASIANPAINT,2149.05,2179.79,2126.55,2167.4,1793007,0.087,2194.8,2328.29,2492.57,42.67,-49.904,-57.7132,7.8091,2275.49,2114.11,7.353,2026,4,2,2026-04,False
2026-04-08,ASIANPAINT,2264.85,2316.8,2225.89,2262.77,2914767,4.4,2194.94,2320.78,2492.67,52.021,-40.0126,-54.1731,14.1605,2276.13,2113.75,7.398,2026,4,2,2026-04,False
2026-04-09,ASIANPAINT,2255.43,2269.91,2232.63,2250.08,1980060,-0.561,2197.36,2312.17,2492.63,50.833,-32.8192,-49.9023,17.0831,2282.2,2112.52,7.722,2026,4,2,2026-04,False
2026-04-10,ASIANPAINT,2248.19,2356.46,2248.19,2340.39,3018178,4.014,2201.34,2305.37,2493.11,58.157,-19.6046,-43.8427,24.2382,2304.25,2098.43,9.35,2026,4,2,2026-04,False
2026-04-13,ASIANPAINT,2260.29,2342.18,2242.54,2332.17,1734562,-0.352,2207.31,2300.01,2493.46,57.319,-9.6843,-37.011,27.3268,2325.7,2088.92,10.727,2026,4,2,2026-04,False
2026-04-15,ASIANPAINT,2379.85,2405.13,2360.52,2402.26,1182431,3.005,2217.32,2298.25,2494.26,62.301,3.7898,-28.8509,32.6407,2364.25,2070.38,13.253,2026,4,2,2026-04,False
2026-04-16,ASIANPAINT,2414.06,2425.56,2390.86,2419.31,1496210,0.71,2229.39,2298.73,2495.1,63.419,15.6635,-19.948,35.6115,2400.38,2058.39,15.34,2026,4,2,2026-04,False
2026-04-17,ASIANPAINT,2404.14,2464.72,2396.71,2442.81,1286575,0.971,2241.6,2299.44,2496.03,64.962,26.6621,-10.626,37.2881,2436.54,2046.66,17.393,2026,4,2,2026-04,False
2026-04-20,ASIANPAINT,2448.75,2502.09,2435.37,2495.15,1203157,2.143,2255.41,2301.72,2497.17,68.182,39.1511,-0.6706,39.8217,2480.41,2030.41,19.952,2026,4,2,2026-04,False
2026-04-21,ASIANPAINT,2494.66,2559.79,2492.08,2521.72,1681872,1.065,2269.36,2304.05,2498.11,69.703,50.6093,9.5854,41.0239,2523.73,2015.0,22.417,2026,4,2,2026-04,False
2026-04-22,ASIANPAINT,2478.5,2549.88,2478.5,2540.86,1126584,0.759,2288.04,2306.24,2499.22,70.787,60.5361,19.7755,40.7606,2564.73,2011.36,24.185,2026,4,2,2026-04,False
2026-04-23,ASIANPAINT,2508.24,2519.84,2488.41,2499.71,1378614,-1.619,2304.2,2308.01,2499.99,65.373,64.3416,28.6888,35.6528,2591.03,2017.38,24.896,2026,4,2,2026-04,False
2026-04-24,ASIANPAINT,2499.71,2517.06,2449.45,2463.72,436871,-1.44,2322.24,2309.67,2500.34,60.98,63.7191,35.6948,28.0242,2601.05,2043.42,24.012,2026,4,2,2026-04,False
2026-04-27,ASIANPAINT,2481.47,2498.13,2454.21,2463.82,452134,0.004,2335.52,2311.02,2500.63,60.987,62.5131,41.0585,21.4546,2614.76,2056.27,23.913,2026,4,2,2026-04,False
2026-04-28,ASIANPAINT,2453.71,2477.51,2434.97,2441.42,556571,-0.909,2345.05,2312.38,2500.84,58.165,59.0685,44.6605,14.408,2625.13,2064.98,23.886,2026,4,2,2026-04,False
2026-04-29,ASIANPAINT,2448.66,2456.59,2417.62,2426.25,603585,-0.621,2356.95,2313.47,2500.88,56.267,54.4866,46.6257,7.8609,2629.1,2084.79,23.094,2026,4,2,2026-04,False
2026-04-30,ASIANPAINT,2405.83,2434.78,2364.98,2423.47,823684,-0.114,2370.79,2314.14,2500.7,55.908,50.0544,47.3114,2.7429,2625.5,2116.09,21.487,2026,4,2,2026-04,False
2026-05-01,ASIANPAINT,2423.47,2423.47,2423.47,2423.47,0,0.0,2381.63,2315.69,2500.45,55.908,46.0114,47.0514,-1.04,2625.13,2138.13,20.448,2026,5,2,2026-05,False
2026-05-04,ASIANPAINT,2438.84,2485.44,2421.29,2427.04,581159,0.147,2395.47,2316.7,2500.45,56.324,42.6042,46.162,-3.5578,2613.77,2177.16,18.227,2026,5,2,2026-05,False
2026-05-05,ASIANPAINT,2409.1,2433.78,2394.23,2409.1,327682,-0.739,2407.65,2316.56,2500.42,53.585,38.0178,44.5331,-6.5153,2597.23,2218.07,15.748,2026,5,2,2026-05,False
2026-05-06,ASIANPAINT,2438.84,2507.25,2419.41,2497.33,1395987,3.663,2424.14,2318.28,2501.02,63.089,41.0299,43.8325,-2.8026,2580.14,2268.14,12.871,2026,5,2,2026-05,False
2026-05-07,ASIANPAINT,2512.8,2533.82,2489.7,2508.83,1053513,0.461,2436.45,2320.85,2501.72,64.12,43.8396,43.8339,0.0057,2576.9,2296.0,11.529,2026,5,2,2026-05,False
2026-05-08,ASIANPAINT,2518.15,2584.97,2493.76,2577.54,2327900,2.738,2452.82,2324.26,2502.68,69.587,51.0219,45.2715,5.7504,2577.22,2328.42,10.144,2026,5,2,2026-05,False
2026-05-11,ASIANPAINT,2556.72,2585.47,2533.02,2544.03,1271257,-1.3,2463.0,2326.96,2503.53,64.431,53.3946,46.8961,6.4985,2581.87,2344.13,9.653,2026,5,2,2026-05,False
2026-05-12,ASIANPAINT,2524.3,2533.72,2478.5,2483.95,628802,-2.362,2470.59,2328.8,2504.16,56.366,49.8524,47.4874,2.365,2572.46,2368.73,8.246,2026,5,2,2026-05,False
2026-05-13,ASIANPAINT,2532.03,2619.67,2532.03,2595.09,3515018,4.474,2480.23,2332.78,2505.37,65.075,55.3747,49.0648,6.3098,2590.98,2369.48,8.93,2026,5,2,2026-05,False
2026-05-14,ASIANPAINT,2597.46,2642.77,2587.55,2599.65,1040916,0.176,2489.25,2337.29,2506.67,65.38,59.4339,51.1387,8.2953,2608.17,2370.32,9.555,2026,5,2,2026-05,False
2026-05-15,ASIANPAINT,2599.65,2617.29,2570.5,2583.19,796240,-0.633,2496.27,2341.84,2507.83,63.232,60.6241,53.0358,7.5884,2620.12,2372.41,9.923,2026,5,2,2026-05,False
2026-05-18,ASIANPAINT,2557.91,2596.87,2534.01,2591.52,898479,0.322,2501.09,2347.93,2509.14,63.878,61.5301,54.7346,6.7955,2632.05,2370.12,10.473,2026,5,2,2026-05,False
2026-05-19,ASIANPAINT,2606.39,2623.24,2572.78,2578.33,688639,-0.509,2503.92,2354.18,2510.47,62.018,60.4868,55.8851,4.6018,2639.14,2368.7,10.801,2026,5,2,2026-05,False
2026-05-20,ASIANPAINT,2539.96,2591.52,2539.96,2576.25,586190,-0.081,2505.69,2360.34,2511.67,61.713,58.8141,56.4709,2.3432,2643.84,2367.54,11.027,2026,5,2,2026-05,False
2026-05-21,ASIANPAINT,2602.42,2625.52,2568.52,2576.45,1031843,0.008,2509.52,2366.67,2512.67,61.732,56.8491,56.5465,0.3026,2651.19,2367.85,11.291,2026,5,2,2026-05,False
2026-05-22,ASIANPAINT,2583.68,2641.78,2577.83,2617.09,1556434,1.578,2517.19,2374.98,2513.8,65.571,57.9042,56.8181,1.0862,2664.9,2369.48,11.736,2026,5,2,2026-05,False
2026-05-25,ASIANPAINT,2649.02,2661.01,2630.38,2634.94,815621,0.682,2525.75,2382.47,2515.12,67.13,59.4946,57.3534,2.1412,2680.11,2371.38,12.223,2026,5,2,2026-05,False
2026-05-26,ASIANPAINT,2627.21,2641.38,2613.23,2624.23,486267,-0.406,2534.89,2390.69,2516.21,65.222,59.2085,57.7244,1.4841,2689.88,2379.9,12.228,2026,5,2,2026-05,False
2026-05-27,ASIANPAINT,2622.05,2666.47,2619.28,2648.92,858457,0.941,2546.02,2399.63,2517.33,67.515,60.2788,58.2353,2.0435,2700.14,2391.9,12.107,2026,5,2,2026-05,False
2026-05-28,ASIANPAINT,2648.92,2648.92,2648.92,2648.92,0,0.0,2557.29,2409.05,2518.51,67.515,60.4304,58.6743,1.7561,2706.57,2408.01,11.675,2026,5,2,2026-05,False
2026-05-29,ASIANPAINT,2653.08,2724.56,2608.96,2648.62,5062328,-0.011,2568.55,2418.05,2519.42,67.453,59.8368,58.9068,0.93,2709.04,2428.06,10.939,2026,5,2,2026-05,False
2026-06-01,ASIANPAINT,2709.1,2754.9,2604.11,2609.76,2224344,-1.467,2577.69,2425.87,2520.07,59.718,55.5897,58.2434,-2.6537,2702.29,2453.08,9.668,2026,6,2,2026-06,False
2026-06-02,ASIANPAINT,2603.51,2649.12,2585.47,2637.81,1026319,1.075,2589.12,2433.77,2521.0,63.015,53.8668,57.368,-3.5013,2687.89,2490.36,7.629,2026,6,2,2026-06,False
2026-06-03,ASIANPAINT,2629.29,2652.98,2602.12,2639.5,958774,0.064,2596.23,2443.22,2521.88,63.21,52.0375,56.3019,-4.2644,2687.35,2505.11,7.019,2026,6,2,2026-06,False
2026-06-04,ASIANPAINT,2640.99,2675.59,2622.15,2638.71,1840743,-0.03,2602.72,2452.46,2522.81,63.042,49.948,55.0312,-5.0831,2685.77,2519.68,6.381,2026,6,2,2026-06,False
2026-06-05,ASIANPAINT,2643.07,2676.58,2642.08,2663.59,1615011,0.943,2607.03,2463.67,2523.75,66.092,49.7268,53.9703,-4.2435,2693.43,2520.63,6.628,2026,6,2,2026-06,False
2026-06-08,ASIANPAINT,2620.56,2651.99,2607.48,2636.33,1262904,-1.024,2611.64,2472.43,2524.42,60.227,46.812,52.5386,-5.7267,2693.62,2529.66,6.278,2026,6,2,2026-06,False
2026-06-09,ASIANPAINT,2643.27,2695.61,2638.61,2684.81,1416560,1.839,2621.68,2481.12,2525.04,66.004,47.8621,51.6033,-3.7412,2684.85,2558.52,4.819,2026,6,2,2026-06,False
2026-06-10,ASIANPAINT,2687.78,2720.4,2676.78,2691.75,1395772,0.258,2626.52,2491.18,2525.73,66.749,48.693,51.0213,-2.3283,2695.63,2557.41,5.262,2026,6,2,2026-06,False
2026-06-11,ASIANPAINT,2670.73,2683.42,2648.03,2667.75,771558,-0.891,2629.92,2501.61,2526.35,61.716,46.8752,50.192,-3.3169,2700.16,2559.69,5.341,2026,6,2,2026-06,False
2026-06-12,ASIANPAINT,2702.26,2729.32,2686.1,2723.77,1078025,2.1,2636.95,2511.95,2527.26,67.817,49.3852,50.0307,-0.6455,2715.18,2558.72,5.933,2026,6,2,2026-06,False
2026-06-15,ASIANPAINT,2796.04,2808.33,2706.52,2715.74,2752021,-0.295,2643.16,2523.26,2528.45,66.189,50.1483,50.0542,0.0941,2725.8,2560.52,6.253,2026,6,2,2026-06,False
2026-06-16,ASIANPAINT,2717.42,2747.17,2711.48,2724.46,962931,0.321,2650.47,2534.44,2529.73,67.112,50.8706,50.2175,0.6531,2734.8,2566.14,6.363,2026,6,2,2026-06,False
2026-06-17,ASIANPAINT,2740.23,2745.08,2709.0,2714.45,557209,-0.368,2657.38,2545.38,2531.02,64.92,50.0581,50.1856,-0.1275,2738.69,2576.06,6.12,2026,6,2,2026-06,False
2026-06-18,ASIANPAINT,2721.39,2741.22,2704.73,2731.3,600888,0.621,2665.12,2554.75,2532.36,66.881,50.1955,50.1876,0.0079,2743.42,2586.82,5.876,2026,6,2,2026-06,False
2026-06-19,ASIANPAINT,2729.22,2729.22,2695.41,2709.39,838991,-0.802,2669.74,2563.93,2533.44,62.026,47.9833,49.7467,-1.7634,2746.99,2592.48,5.788,2026,6,2,2026-06,False
2026-06-22,ASIANPAINT,2719.11,2732.79,2647.03,2651.0,1033475,-2.155,2670.54,2570.15,2533.98,51.331,41.0451,48.0064,-6.9613,2746.6,2594.48,5.696,2026,6,2,2026-06,False
2026-06-23,ASIANPAINT,2669.0,2695.4,2650.1,2661.2,1182151,0.385,2672.39,2576.73,2534.71,52.86,35.9551,45.5961,-9.641,2745.45,2599.33,5.468,2026,6,2,2026-06,False
2026-06-24,ASIANPAINT,2662.0,2687.6,2653.6,2667.5,1264476,0.237,2673.32,2582.03,2535.41,53.825,32.0601,42.8889,-10.8288,2745.59,2601.05,5.407,2026,6,2,2026-06,False
2026-06-25,ASIANPAINT,2690.0,2690.7,2637.1,2645.2,2050810,-0.836,2673.13,2586.55,2535.92,49.929,26.8641,39.684,-12.8198,2745.68,2600.58,5.428,2026,6,2,2026-06,False
2026-06-26,ASIANPAINT,2645.2,2645.2,2645.2,2645.2,0,0.0,2672.96,2590.6,2536.38,49.929,22.4871,36.2446,-13.7575,2745.77,2600.15,5.448,2026,6,2,2026-06,False
2026-06-29,ASIANPAINT,2631.3,2687.8,2630.0,2656.9,4752587,0.442,2675.32,2593.83,2537.14,52.041,19.7348,32.9426,-13.2078,2742.33,2608.3,5.01,2026,6,2,2026-06,False
2026-06-30,ASIANPAINT,2658.0,2672.1,2630.3,2635.7,1821479,-0.798,2675.21,2596.11,2537.76,48.083,15.6625,29.4866,-13.8241,2742.48,2607.94,5.029,2026,6,2,2026-06,False
2026-07-01,ASIANPAINT,2648.0,2723.0,2624.0,2716.4,1097512,3.062,2679.06,2599.62,2538.75,60.423,18.731,27.3355,-8.6045,2746.52,2611.59,5.037,2026,7,3,2026-07,False
2026-07-02,ASIANPAINT,2720.0,2759.9,2711.0,2744.5,1629567,1.034,2684.35,2604.52,2539.83,63.662,23.1632,26.501,-3.3378,2755.01,2613.69,5.265,2026,7,3,2026-07,False
2026-07-03,ASIANPAINT,2744.0,2762.4,2730.0,2737.8,472124,-0.244,2688.06,2610.0,2540.91,62.351,25.8373,26.3683,-0.531,2761.85,2614.26,5.491,2026,7,3,2026-07,False
2026-07-06,ASIANPAINT,2724.0,2758.0,2722.0,2754.9,504943,0.625,2693.99,2615.82,2542.3,64.367,29.0021,26.895,2.107,2769.32,2618.65,5.593,2026,7,3,2026-07,False
2026-07-07,ASIANPAINT,2750.0,2751.8,2726.4,2731.4,489066,-0.853,2696.32,2621.62,2543.68,59.641,29.2764,27.3713,1.9051,2773.32,2619.32,5.712,2026,7,3,2026-07,False
2026-07-08,ASIANPAINT,2676.6,2713.1,2653.3,2665.9,1481672,-2.398,2695.02,2626.41,2544.67,48.871,23.9327,26.6836,-2.7509,2773.21,2616.84,5.802,2026,7,3,2026-07,False
2026-07-09,ASIANPAINT,2658.0,2722.8,2656.0,2673.8,918568,0.296,2695.33,2631.42,2545.77,50.043,20.1035,25.3676,-5.2641,2773.11,2617.54,5.772,2026,7,3,2026-07,False
2026-07-10,ASIANPAINT,2695.0,2728.2,2672.9,2677.8,982095,0.15,2693.03,2636.51,2546.88,50.66,17.1933,23.7327,-6.5394,2769.98,2616.07,5.715,2026,7,3,2026-07,False
2026-07-13,ASIANPAINT,2650.5,2664.4,2630.1,2652.1,1107802,-0.96,2689.85,2641.01,2547.85,46.674,12.6673,21.5196,-8.8524,2768.1,2611.59,5.819,2026,7,3,2026-07,False
2026-07-14,ASIANPAINT,2604.0,2655.9,2579.9,2641.0,975301,-0.419,2685.67,2645.65,2548.94,45.026,8.0913,18.834,-10.7426,2765.05,2606.3,5.911,2026,7,3,2026-07,False
2026-07-15,ASIANPAINT,2644.9,2684.0,2644.9,2670.0,809114,1.098,2683.45,2649.1,2550.13,49.993,6.7274,16.4127,-9.6852,2761.92,2604.98,5.848,2026,7,3,2026-07,False
2026-07-16,ASIANPAINT,2688.0,2693.1,2660.1,2674.7,455037,0.176,2680.62,2652.42,2551.61,50.77,5.9571,14.3215,-8.3645,2755.84,2605.4,5.612,2026,7,3,2026-07,False
2026-07-17,ASIANPAINT,2665.0,2700.0,2665.0,2689.0,452284,0.535,2679.6,2654.65,2553.46,53.153,6.4264,12.7425,-6.3161,2753.72,2605.48,5.532,2026,7,3,2026-07,False
2026-07-20,ASIANPAINT,2689.0,2708.5,2666.7,2691.4,571087,0.089,2681.62,2657.59,2555.32,53.559,6.9123,11.5765,-4.6642,2754.65,2608.59,5.447,2026,7,3,2026-07,False
2026-07-21,ASIANPAINT,2695.0,2720.0,2680.5,2692.4,1000078,0.037,2683.18,2661.76,2557.15,53.739,7.294,10.72,-3.426,2755.71,2610.65,5.406,2026,7,3,2026-07,False
2026-07-22,ASIANPAINT,2683.0,2700.0,2665.6,2692.8,528096,0.015,2684.44,2663.72,2559.06,53.816,7.5418,10.0843,-2.5425,2756.7,2612.19,5.383,2026,7,3,2026-07,False
2026-07-23,ASIANPAINT,2671.1,2693.4,2656.0,2668.8,584245,-0.891,2685.62,2665.1,2560.73,48.582,5.7355,9.2146,-3.4791,2755.93,2615.32,5.235,2026,7,3,2026-07,False
2026-07-24,ASIANPAINT,2620.1,2657.1,2620.1,2637.9,645563,-1.158,2685.26,2666.19,2562.27,42.81,1.79,7.7297,-5.9397,2756.51,2614.01,5.307,2026,7,3,2026-07,False
2026-07-27,ASIANPAINT,2665.8,2723.9,2664.3,2710.2,715239,2.741,2687.92,2668.57,2564.17,55.987,4.4459,7.0729,-2.627,2758.7,2617.15,5.266,2026,7,3,2026-07,False
2026-07-28,ASIANPAINT,2712.0,2749.8,2706.3,2736.2,1282146,0.959,2692.95,2671.72,2566.33,59.593,8.5502,7.3684,1.1818,2762.37,2623.53,5.156,2026,7,3,2026-07,False
2026-07-29,ASIANPAINT,2746.2,2864.0,2718.5,2758.4,3803474,0.811,2695.05,2675.37,2568.56,62.424,13.4392,8.5825,4.8567,2769.79,2620.31,5.547,2026,7,3,2026-07,False
2026-07-30,ASIANPAINT,2758.1,2767.9,2666.2,2746.2,2387024,-0.442,2695.13,2678.76,2570.71,59.939,16.1433,10.0947,6.0486,2770.12,2620.15,5.564,2026,7,3,2026-07,False
2026-07-31,ASIANPAINT,2773.9,2774.9,2732.4,2747.3,891738,0.04,2695.61,2681.37,2572.85,60.093,18.1657,11.7089,6.4568,2771.84,2619.38,5.656,2026,7,3,2026-07,False
2026-08-03,ASIANPAINT,2770.9,2810.0,2762.1,2810.0,1040453,2.282,2698.36,2684.87,2575.43,67.723,24.5449,14.2761,10.2688,2786.65,2610.08,6.543,2026,8,3,2026-08,False
2026-08-04,ASIANPAINT,2774.9,2807.3,2732.4,2775.0,820097,-1.246,2700.54,2687.88,2577.55,60.742,26.4711,16.7151,9.756,2794.25,2606.84,6.94,2026,8,3,2026-08,False
2026-08-05,ASIANPAINT,2787.0,2787.0,2748.7,2760.0,688876,-0.541,2705.25,2690.11,2579.42,57.983,26.482,18.6685,7.8135,2801.06,2609.44,7.083,2026,8,3,2026-08,False
2026-08-06,ASIANPAINT,2788.0,2788.0,2741.6,2755.0,797083,-0.181,2709.31,2692.23,2580.78,57.053,25.7899,20.0927,5.6971,2806.38,2612.24,7.166,2026,8,3,2026-08,False
2026-08-07,ASIANPAINT,2755.0,2755.0,2695.0,2735.0,1067986,-0.726,2712.17,2693.95,2582.01,53.365,23.3583,20.7459,2.6124,2808.7,2615.64,7.118,2026,8,3,2026-08,False
2026-08-10,ASIANPAINT,2724.7,2761.5,2713.5,2750.0,977656,0.548,2717.06,2696.76,2583.36,55.679,22.3835,21.0734,1.3102,2810.65,2623.48,6.889,2026,8,3,2026-08,False
2026-08-11,ASIANPAINT,2742.1,2747.6,2720.0,2735.5,951134,-0.527,2721.79,2698.71,2584.65,52.944,20.2081,20.9003,-0.6922,2808.5,2635.08,6.371,2026,8,3,2026-08,False
2026-08-12,ASIANPAINT,2733.2,2748.4,2698.2,2740.0,648174,0.165,2725.29,2700.72,2585.97,53.704,18.6324,20.4467,-1.8144,2808.79,2641.79,6.127,2026,8,3,2026-08,False
2026-08-13,ASIANPAINT,2725.0,2755.5,2720.0,2755.5,579435,0.566,2729.33,2703.06,2587.28,56.321,18.422,20.0418,-1.6198,2810.3,2648.36,5.933,2026,8,3,2026-08,False
2026-08-14,ASIANPAINT,2751.0,2751.0,2690.3,2696.3,667311,-2.148,2729.69,2703.71,2588.34,45.697,13.3247,18.6984,-5.3737,2809.96,2649.43,5.881,2026,8,3,2026-08,False
2026-08-17,ASIANPAINT,2694.5,2714.6,2687.5,2687.5,312900,-0.326,2729.5,2704.74,2589.22,44.358,8.4772,16.6541,-8.1769,2810.18,2648.82,5.911,2026,8,3,2026-08,False
2026-08-18,ASIANPAINT,2663.1,2670.1,2610.1,2628.4,1016853,-2.199,2726.3,2703.61,2589.87,36.599,-0.1318,13.297,-13.4287,2817.56,2635.04,6.695,2026,8,3,2026-08,False
2026-08-19,ASIANPAINT,2625.0,2634.9,2601.0,2630.8,742443,0.091,2723.2,2702.39,2590.6,37.081,-6.6838,9.3008,-15.9846,2823.06,2623.34,7.334,2026,8,3,2026-08,False
2026-08-20,ASIANPAINT,2635.1,2641.8,2607.0,2625.2,476939,-0.213,2721.02,2701.54,2591.29,36.387,-12.1876,5.0031,-17.1908,2827.56,2614.48,7.831,2026,8,3,2026-08,False
2026-08-21,ASIANPAINT,2620.2,2644.0,2615.5,2640.0,330334,0.564,2721.12,2699.86,2592.18,39.604,-15.1803,0.9664,-16.1467,2827.32,2614.93,7.805,2026,8,3,2026-08,False
