Date,Ticker,Open,High,Low,Close,Volume,Daily_Return_Pct,MA20,MA50,MA200,RSI_14,MACD,MACD_Signal,MACD_Hist,BB_Upper,BB_Lower,BB_Width,Year,Month,Quarter,Year_Month,Price_Repaired
2010-11-04,COALINDIA,95.4634,113.145,95.4634,112.374,479716245,,,,,,0.0,0.0,0.0,,,,2010,11,4,2010-11,False
2010-11-08,COALINDIA,115.409,116.754,108.093,108.503,46932779,-3.4447,,,,,-0.308799,-0.0617597,-0.247039,,,,2010,11,4,2010-11,False
2010-11-09,COALINDIA,108.307,109.373,106.617,106.962,23741956,-1.421,,,,,-0.670214,-0.183451,-0.486764,,,,2010,11,4,2010-11,False
2010-11-10,COALINDIA,106.748,107.536,104.993,105.895,21057129,-0.9968,,,,,-1.03079,-0.352918,-0.67787,,,,2010,11,4,2010-11,False
2010-11-11,COALINDIA,105.961,110.537,105.584,107.782,26548372,1.7813,,,,,-1.15107,-0.512548,-0.63852,,,,2010,11,4,2010-11,False
2010-11-12,COALINDIA,108.257,109.225,104.321,105.026,15004107,-2.5567,,,,,-1.45201,-0.70044,-0.751569,,,,2010,11,4,2010-11,False
2010-11-15,COALINDIA,105.371,105.928,103.353,104.058,9917395,-0.9215,,,,,-1.74844,-0.910041,-0.838403,,,,2010,11,4,2010-11,False
2010-11-16,COALINDIA,104.977,106.273,103.697,104.337,12100114,0.268,,,,,-1.93852,-1.11574,-0.822784,,,,2010,11,4,2010-11,False
2010-11-18,COALINDIA,104.846,107.913,101.696,107.24,23983896,2.7826,,,,,-1.83375,-1.25934,-0.574412,,,,2010,11,4,2010-11,False
2010-11-19,COALINDIA,108.339,111.522,107.634,109.422,51723739,2.0343,,,,,-1.55674,-1.31882,-0.237923,,,,2010,11,4,2010-11,False
2010-11-22,COALINDIA,110.226,110.554,103.337,109.356,11494521,-0.0599,,,,,-1.32721,-1.3205,-0.00670785,,,,2010,11,4,2010-11,False
2010-11-23,COALINDIA,108.421,109.045,104.157,105.026,13147667,-3.9598,,,,,-1.47768,-1.35193,-0.125747,,,,2010,11,4,2010-11,False
2010-11-24,COALINDIA,108.044,108.044,101.696,101.959,16243562,-2.9205,,,,,-1.82342,-1.44623,-0.377191,,,,2010,11,4,2010-11,False
2010-11-25,COALINDIA,103.009,104.436,102.057,102.746,6489260,0.7722,,,,,-2.01071,-1.55913,-0.451586,,,,2010,11,4,2010-11,False
2010-11-26,COALINDIA,103.337,103.665,98.7439,102.582,13657322,-0.1596,,,,31.0717,-2.14762,-1.67683,-0.470796,,,,2010,11,4,2010-11,False
2010-11-29,COALINDIA,102.156,104.878,101.106,104.14,6493219,1.519,,,,35.271,-2.10611,-1.76268,-0.343423,,,,2010,11,4,2010-11,False
2010-11-30,COALINDIA,103.337,104.649,102.352,104.075,6050064,-0.063,,,,35.1738,-2.05481,-1.82111,-0.233705,,,,2010,11,4,2010-11,False
2010-12-01,COALINDIA,103.993,105.797,103.337,105.288,5053942,1.1662,,,,38.5466,-1.89439,-1.83577,-0.0586222,,,,2010,12,4,2010-12,False
2010-12-02,COALINDIA,105.699,106.929,105.354,106.568,6143344,1.2152,,,,41.9738,-1.64504,-1.79762,0.152577,,,,2010,12,4,2010-12,False
2010-12-03,COALINDIA,104.354,106.847,104.354,105.617,2453815,-0.8927,105.948,,,40.1794,-1.50683,-1.73946,0.232629,111.192,100.703,9.9001,2010,12,4,2010-12,False
2010-12-06,COALINDIA,105.305,106.584,104.485,105.108,2895539,-0.4814,105.585,,,39.2146,-1.42194,-1.67596,0.254018,109.874,101.295,8.1257,2010,12,4,2010-12,False
2010-12-07,COALINDIA,105.141,105.879,104.075,104.977,3484977,-0.1248,105.408,,,38.9546,-1.34969,-1.61071,0.261014,109.477,101.339,7.7201,2010,12,4,2010-12,False
2010-12-08,COALINDIA,104.518,105.863,104.075,104.6,2877153,-0.3594,105.29,,,38.171,-1.3078,-1.55012,0.242324,109.306,101.274,7.628,2010,12,4,2010-12,False
2010-12-09,COALINDIA,104.321,104.977,101.368,102.746,5313081,-1.772,105.133,,,34.4994,-1.40793,-1.52169,0.113753,109.293,100.972,7.9142,2010,12,4,2010-12,False
2010-12-10,COALINDIA,102.352,105.633,102.352,104.091,5799900,1.309,104.948,,,39.0787,-1.36305,-1.48996,0.12691,108.938,100.959,7.6025,2010,12,4,2010-12,False
2010-12-13,COALINDIA,104.321,106.404,103.993,106.01,2809522,1.8437,104.997,,,44.9885,-1.15926,-1.42382,0.264562,109.015,100.98,7.6527,2010,12,4,2010-12,False
2010-12-14,COALINDIA,106.437,108.585,105.879,106.716,7075931,0.6653,105.13,,,47.0226,-0.930115,-1.32508,0.394963,109.193,101.068,7.7282,2010,12,4,2010-12,False
2010-12-15,COALINDIA,106.814,108.257,105.961,107.552,5380352,0.7839,105.291,,,49.4118,-0.673256,-1.19471,0.521458,109.474,101.108,7.9453,2010,12,4,2010-12,False
2010-12-16,COALINDIA,107.191,107.273,104.124,105.207,2893052,-2.1809,105.189,,,43.4896,-0.651451,-1.08606,0.43461,109.27,101.108,7.7592,2010,12,4,2010-12,False
2010-12-20,COALINDIA,105.961,105.961,103.353,103.665,2905355,-1.4656,104.901,,,40.0882,-0.74994,-1.01884,0.268896,108.51,101.293,6.8802,2010,12,4,2010-12,False
2010-12-21,COALINDIA,104.583,104.583,102.09,102.779,4427901,-0.8544,104.573,,,38.238,-0.889216,-0.992913,0.103697,107.628,101.517,5.8442,2010,12,4,2010-12,False
2010-12-22,COALINDIA,103.369,104.878,102.582,103.025,5425074,0.2394,104.472,,,39.0792,-0.968572,-0.988045,0.0194722,107.596,101.349,5.9796,2010,12,4,2010-12,False
2010-12-23,COALINDIA,103.353,103.648,102.352,102.664,3326534,-0.3503,104.508,,,38.2563,-1.0485,-1.00014,-0.0483615,107.526,101.49,5.7759,2010,12,4,2010-12,False
2010-12-24,COALINDIA,102.68,102.976,101.729,102.402,1859093,-0.2557,104.491,,,37.6355,-1.1201,-1.02413,-0.0959751,107.555,101.426,5.8648,2010,12,4,2010-12,False
2010-12-27,COALINDIA,102.402,103.107,100.548,100.811,5273320,-1.5537,104.402,,,34.0307,-1.29036,-1.07738,-0.212988,107.784,101.02,6.4793,2010,12,4,2010-12,False
2010-12-28,COALINDIA,101.04,101.68,98.7439,99.646,8055446,-1.1552,104.177,,,31.6418,-1.50195,-1.16229,-0.339662,108.174,100.18,7.6731,2010,12,4,2010-12,False
2010-12-29,COALINDIA,100.417,102.156,99.8264,101.778,5772875,2.1399,104.062,,,39.9537,-1.48051,-1.22594,-0.254575,108.201,99.9238,7.9541,2010,12,4,2010-12,False
2010-12-30,COALINDIA,102.024,102.221,100.712,101.057,2643251,-0.7091,103.851,,,38.258,-1.50441,-1.28163,-0.222782,108.155,99.5467,8.289,2010,12,4,2010-12,False
2010-12-31,COALINDIA,101.532,103.812,101.139,103.255,4960987,2.175,103.685,,,45.8019,-1.33066,-1.29144,-0.0392208,107.8,99.5705,7.9368,2010,12,4,2010-12,False
2011-01-03,COALINDIA,103.501,104.321,103.189,104.091,2929118,0.8101,103.609,,,48.3865,-1.11263,-1.25567,0.143044,107.628,99.5895,7.7587,2011,1,1,2011-01,False
2011-01-04,COALINDIA,104.616,104.977,103.681,104.714,2716995,0.5988,103.589,,,50.289,-0.879408,-1.18042,0.301014,107.581,99.597,7.7078,2011,1,1,2011-01,False
2011-01-05,COALINDIA,104.977,104.977,101.122,101.631,8555905,-2.9449,103.422,,,42.0344,-0.932658,-1.13087,0.19821,107.45,99.3943,7.7888,2011,1,1,2011-01,False
2011-01-06,COALINDIA,102.024,102.681,101.204,101.401,2763146,-0.2259,103.262,,,41.4884,-0.982065,-1.10111,0.119043,107.346,99.1776,7.9107,2011,1,1,2011-01,False
2011-01-07,COALINDIA,101.696,102.845,99.1211,101.401,2298583,0.0,103.195,,,41.4884,-1.00958,-1.0828,0.0732202,107.358,99.0311,8.0695,2011,1,1,2011-01,False
2011-01-10,COALINDIA,101.664,101.696,99.1047,100.105,5413595,-1.2779,102.995,,,38.2371,-1.12301,-1.09084,-0.032164,107.355,98.6355,8.4662,2011,1,1,2011-01,False
2011-01-11,COALINDIA,100.384,102.664,100.384,101.385,2781948,1.2781,102.764,,,42.9877,-1.09701,-1.09208,-0.00493562,106.937,98.5909,8.1221,2011,1,1,2011-01,False
2011-01-12,COALINDIA,101.664,102.648,100.466,101.204,1181115,-0.178,102.489,,,42.4913,-1.07854,-1.08937,0.0108302,106.273,98.7042,7.3851,2011,1,1,2011-01,False
2011-01-13,COALINDIA,101.5,102.992,100.876,101.844,2070696,0.6321,102.203,,,44.9196,-1.00074,-1.07165,0.0709004,105.147,99.2589,5.7616,2011,1,1,2011-01,False
2011-01-14,COALINDIA,101.844,103.501,101.024,101.86,2244505,0.0161,102.036,,,44.9837,-0.927082,-1.04273,0.11565,104.62,99.452,5.0648,2011,1,1,2011-01,False
2011-01-17,COALINDIA,100.794,103.009,100.45,102.73,1707118,0.8535,101.989,104.188,,48.413,-0.789453,-0.992077,0.202623,104.481,99.4971,4.8869,2011,1,1,2011-01,False
2011-01-18,COALINDIA,102.845,102.992,101.04,102.074,844507,-0.6387,101.954,103.982,,46.0786,-0.724968,-0.938655,0.213687,104.419,99.4891,4.8351,2011,1,1,2011-01,False
2011-01-19,COALINDIA,102.024,102.582,101.024,101.5,1426048,-0.5624,101.878,103.842,,44.076,-0.711979,-0.89332,0.181341,104.297,99.4584,4.7493,2011,1,1,2011-01,False
2011-01-20,COALINDIA,101.303,104.714,101.073,103.566,6121175,2.0362,101.923,103.774,,52.1401,-0.52882,-0.82042,0.291599,104.436,99.4099,4.9308,2011,1,1,2011-01,False
2011-01-21,COALINDIA,103.812,103.812,102.352,103.058,2413133,-0.491,101.956,103.717,,50.2213,-0.419859,-0.740308,0.320449,104.511,99.3996,5.0138,2011,1,1,2011-01,False
2011-01-24,COALINDIA,103.304,103.304,101.368,101.844,1097986,-1.1778,102.007,103.599,,45.8809,-0.426531,-0.677552,0.251021,104.507,99.5076,4.9009,2011,1,1,2011-01,False
2011-01-25,COALINDIA,102.024,103.566,101.221,101.696,2452476,-0.145,102.11,103.532,,45.3673,-0.438674,-0.629777,0.191102,104.357,99.8624,4.4018,2011,1,1,2011-01,False
2011-01-27,COALINDIA,102.024,102.648,100.778,101.139,2455783,-0.5484,102.078,103.474,,43.3914,-0.487677,-0.601357,0.11368,104.363,99.7926,4.4771,2011,1,1,2011-01,False
2011-01-28,COALINDIA,100.729,101.598,99.4164,100.072,4236476,-1.0542,102.029,103.388,,39.8206,-0.605562,-0.602198,-0.00336441,104.445,99.6122,4.7365,2011,1,1,2011-01,False
2011-01-31,COALINDIA,99.0719,100.876,98.5962,99.8428,3673855,-0.2295,101.858,103.24,,39.0746,-0.709343,-0.623627,-0.085716,104.389,99.3271,4.9693,2011,1,1,2011-01,False
2011-02-01,COALINDIA,100.22,101.647,99.564,101.139,4863055,1.2979,101.71,103.075,,45.3008,-0.679196,-0.634741,-0.0444557,104.028,99.3925,4.5577,2011,2,1,2011-02,False
2011-02-02,COALINDIA,101.729,103.304,101.221,102.517,3374631,1.3623,101.6,102.938,,51.0311,-0.537925,-0.615378,0.0774526,103.487,99.7141,3.7133,2011,2,1,2011-02,False
2011-02-03,COALINDIA,102.024,104.977,101.992,104.108,4211492,1.552,101.724,102.92,,56.6751,-0.294194,-0.551141,0.256947,103.919,99.5295,4.315,2011,2,1,2011-02,False
2011-02-04,COALINDIA,104.108,104.354,100.712,101.089,1688679,-2.899,101.709,102.902,,45.8738,-0.34064,-0.509041,0.1684,103.917,99.4999,4.3433,2011,2,1,2011-02,False
2011-02-07,COALINDIA,101.499,101.844,99.7772,99.9412,1799233,-1.1358,101.636,102.846,,42.5513,-0.464744,-0.500181,0.0354374,103.98,99.2918,4.6124,2011,2,1,2011-02,False
2011-02-08,COALINDIA,100.679,100.86,97.1693,98.8751,3841730,-1.0667,101.574,102.772,,39.6777,-0.641726,-0.52849,-0.113236,104.141,99.0072,5.0543,2011,2,1,2011-02,False
2011-02-09,COALINDIA,99.0719,100.991,97.4317,97.9894,4490558,-0.8958,101.404,102.649,,37.4168,-0.843733,-0.591539,-0.252194,104.432,98.3769,5.9711,2011,2,1,2011-02,False
2011-02-10,COALINDIA,98.4486,99.728,96.2015,97.6449,2690945,-0.3516,101.226,102.52,,36.5447,-1.01987,-0.677204,-0.342661,104.69,97.7624,6.8441,2011,2,1,2011-02,False
2011-02-11,COALINDIA,97.7925,100.056,97.7597,99.9249,3292240,2.335,101.13,102.413,,45.5851,-0.96436,-0.734635,-0.229725,104.629,97.6323,6.9181,2011,2,1,2011-02,False
2011-02-14,COALINDIA,100.384,100.712,98.4486,99.3344,1942474,-0.5909,101.004,102.268,,43.8429,-0.956988,-0.779106,-0.177882,104.573,97.4353,7.0668,2011,2,1,2011-02,False
2011-02-15,COALINDIA,99.8921,100.991,99.0719,99.2196,3035367,-0.1156,100.829,102.141,,43.4948,-0.949465,-0.813178,-0.136287,104.385,97.2718,7.0551,2011,2,1,2011-02,False
2011-02-16,COALINDIA,99.8101,99.8757,98.5635,98.7767,1619527,-0.4463,100.664,102.014,,42.1063,-0.968078,-0.844158,-0.12392,104.283,97.0449,7.1901,2011,2,1,2011-02,False
2011-02-17,COALINDIA,99.3836,100.515,99.0719,100.072,2752128,1.3118,100.592,101.916,,47.3979,-0.86826,-0.848978,-0.0192822,104.198,96.9867,7.1691,2011,2,1,2011-02,False
2011-02-18,COALINDIA,100.852,101.284,99.5913,100.338,1990388,0.2653,100.431,101.831,,48.4378,-0.758983,-0.830979,0.071996,103.754,97.1078,6.6179,2011,2,1,2011-02,False
2011-02-21,COALINDIA,100.056,100.852,99.5581,100.172,953044,-0.1654,100.287,101.779,,47.8017,-0.677954,-0.800374,0.12242,103.372,97.2017,6.1525,2011,2,1,2011-02,False
2011-02-22,COALINDIA,100.388,100.72,99.6577,100.006,1436876,-0.1656,100.195,101.697,,47.1352,-0.61998,-0.764295,0.144315,103.193,97.1968,5.9844,2011,2,1,2011-02,False
2011-02-23,COALINDIA,100.355,100.355,99.2262,99.7738,2131294,-0.2323,100.099,101.573,,46.1645,-0.586027,-0.728642,0.142614,103.016,97.1812,5.8293,2011,2,1,2011-02,False
2011-02-24,COALINDIA,100.023,100.554,98.9773,99.3258,2899140,-0.449,100.008,101.425,,44.2713,-0.588486,-0.700611,0.112125,102.902,97.114,5.7876,2011,2,1,2011-02,False
2011-02-25,COALINDIA,99.5913,100.554,95.9076,97.1189,1964843,-2.2219,99.8604,101.216,,36.3608,-0.759752,-0.712439,-0.0473129,103.029,96.6918,6.3461,2011,2,1,2011-02,False
2011-02-28,COALINDIA,99.2262,110.095,98.2638,108.751,20923045,11.9768,100.306,101.287,,68.4052,0.0426089,-0.561429,0.604038,105.389,95.2221,10.1364,2011,2,1,2011-02,False
2011-03-01,COALINDIA,107.855,112.799,106.411,112.368,7867356,3.3262,100.867,101.461,,72.9644,0.959313,-0.257281,1.21659,108.284,93.451,14.705,2011,3,1,2011-03,False
2011-03-03,COALINDIA,112.169,112.169,108.585,109.199,4387230,-2.8205,101.201,101.59,,64.2204,1.41377,0.0769302,1.33684,109.482,92.9206,16.365,2011,3,1,2011-03,False
2011-03-04,COALINDIA,110.41,111.157,107.274,107.606,1402888,-1.4587,101.376,101.681,,60.3085,1.62666,0.386875,1.23978,110.054,92.6987,17.1195,2011,3,1,2011-03,False
2011-03-07,COALINDIA,106.859,114.011,105.664,113.164,7183263,5.1657,101.98,101.891,,67.7021,2.21833,0.753165,1.46516,112.129,91.831,19.9039,2011,3,1,2011-03,False
2011-03-08,COALINDIA,113.828,114.326,111.289,111.92,3110206,-1.0997,102.579,102.082,,64.7922,2.55733,1.114,1.44334,113.598,91.56,21.4838,2011,3,1,2011-03,False
2011-03-09,COALINDIA,112.766,113.231,111.522,112.683,1603527,0.682,103.269,102.319,,65.7641,2.85468,1.46214,1.39255,115.017,91.5214,22.7521,2011,3,1,2011-03,False
2011-03-10,COALINDIA,112.766,112.766,109.431,110.941,1612997,-1.5462,103.917,102.545,,61.5849,2.91613,1.75294,1.1632,115.866,91.9683,22.9966,2011,3,1,2011-03,False
2011-03-11,COALINDIA,111.157,111.173,108.883,109.497,856545,-1.3012,104.51,102.699,,58.2801,2.81589,1.96553,0.85036,116.323,92.6958,22.6081,2011,3,1,2011-03,False
2011-03-14,COALINDIA,109.813,111.422,108.535,110.775,1128910,1.1668,105.052,102.894,,60.3102,2.80718,2.13386,0.67332,116.975,93.1287,22.6998,2011,3,1,2011-03,False
2011-03-15,COALINDIA,109.182,113.795,106.245,112.318,4638465,1.3931,105.701,103.075,,62.6727,2.89146,2.28538,0.606087,117.727,93.6753,22.7546,2011,3,1,2011-03,False
2011-03-16,COALINDIA,112.534,115.454,110.675,114.127,3717632,1.6103,106.447,103.276,,65.2811,3.06883,2.44207,0.626762,118.628,94.2653,22.8872,2011,3,1,2011-03,False
2011-03-17,COALINDIA,113.496,115.321,112.335,113.812,1815524,-0.2762,107.198,103.458,,64.4359,3.14767,2.58319,0.564482,119.242,95.1551,22.4691,2011,3,1,2011-03,False
2011-03-18,COALINDIA,113.994,115.156,112.036,114.293,2926170,0.4228,107.909,103.711,,65.177,3.21195,2.70894,0.503013,119.86,95.9588,22.1494,2011,3,1,2011-03,False
2011-03-21,COALINDIA,113.944,116.118,113.928,115.205,3943734,0.7985,108.653,103.987,,66.5987,3.29852,2.82686,0.471661,120.469,96.8363,21.7509,2011,3,1,2011-03,False
2011-03-22,COALINDIA,115.321,123.253,115.288,119.47,9681241,3.7015,109.618,104.348,,72.2912,3.66893,2.99527,0.673656,121.668,97.5677,21.9853,2011,3,1,2011-03,False
2011-03-23,COALINDIA,119.802,120.731,116.831,117.445,2695567,-1.6945,110.49,104.695,,66.4974,3.75583,3.14738,0.60845,122.128,98.8513,21.0668,2011,3,1,2011-03,False
2011-03-24,COALINDIA,117.445,119.918,117.445,118.906,2324343,1.2433,111.446,105.045,,68.4609,3.8976,3.29743,0.600178,122.507,100.386,19.849,2011,3,1,2011-03,False
2011-03-25,COALINDIA,119.47,120.133,118.325,118.839,2203586,-0.0558,112.422,105.398,,68.265,3.95897,3.42974,0.529232,122.367,102.477,17.6925,2011,3,1,2011-03,False
2011-03-28,COALINDIA,119.42,119.47,115.935,116.466,1128268,-1.9966,113.389,105.691,,61.4925,3.77264,3.49832,0.274328,120.397,106.382,12.3604,2011,3,1,2011-03,False
2011-03-29,COALINDIA,116.815,116.815,113.048,114.907,6481785,-1.3392,113.697,105.952,,57.4572,3.45925,3.4905,-0.031256,120.38,107.014,11.756,2011,3,1,2011-03,False
2011-03-30,COALINDIA,115.156,116.317,112.866,113.297,2449230,-1.4007,113.743,106.163,,53.5519,3.04589,3.40158,-0.355688,120.401,107.086,11.7054,2011,3,1,2011-03,False
2011-03-31,COALINDIA,113.629,115.786,113.297,114.99,3248352,1.4938,114.033,106.421,,56.8715,2.82234,3.28573,-0.463393,120.353,107.713,11.0845,2011,3,1,2011-03,False
2011-04-01,COALINDIA,115.156,115.653,113.695,115.122,2169798,0.1155,114.409,106.694,,57.1303,2.62562,3.15371,-0.528091,119.968,108.85,9.7174,2011,4,2,2011-04,False
2011-04-04,COALINDIA,115.272,119.785,114.608,118.126,2719239,2.6089,114.657,106.985,,62.5986,2.68116,3.0592,-0.378043,120.421,108.893,10.0543,2011,4,2,2011-04,False
2011-04-05,COALINDIA,116.516,119.802,116.516,119.055,1328250,0.7866,115.014,107.305,,64.1233,2.76824,3.00101,-0.23277,120.945,109.082,10.3144,2011,4,2,2011-04,False
2011-04-06,COALINDIA,119.055,122.058,117.744,121.61,4513558,2.1463,115.46,107.7,,67.9882,3.00876,3.00256,0.00620042,121.969,108.951,11.2741,2011,4,2,2011-04,False
2011-04-07,COALINDIA,121.892,123.054,118.906,119.354,2485182,-1.8556,115.881,108.053,,61.6698,2.98289,2.99862,-0.0157305,122.245,109.516,10.9848,2011,4,2,2011-04,False
2011-04-08,COALINDIA,120.465,120.698,116.649,117.893,2121665,-1.2234,116.3,108.388,,57.9192,2.81216,2.96133,-0.149173,121.961,110.64,9.7342,2011,4,2,2011-04,False
2011-04-11,COALINDIA,118.275,120.465,117.014,118.673,2751598,0.6615,116.695,108.76,,59.3414,2.70855,2.91078,-0.202222,121.808,111.582,8.7628,2011,4,2,2011-04,False
2011-04-13,COALINDIA,118.806,119.271,116.151,117.445,1432901,-1.0347,116.952,109.112,,56.1248,2.49856,2.82833,-0.329771,121.637,112.267,8.012,2011,4,2,2011-04,False
2011-04-15,COALINDIA,117.81,119.055,116.317,118.624,2609120,1.0032,117.177,109.462,,58.4519,2.39955,2.74258,-0.343027,121.72,112.633,7.7553,2011,4,2,2011-04,False
2011-04-18,COALINDIA,119.154,119.221,116.3,117.047,979661,-1.3289,117.338,109.753,,54.302,2.16888,2.62784,-0.458956,121.599,113.078,7.2625,2011,4,2,2011-04,False
2011-04-19,COALINDIA,116.815,117.744,114.79,116.018,1488088,-0.8789,117.425,109.991,,51.7211,1.88137,2.47854,-0.597171,121.491,113.358,6.9263,2011,4,2,2011-04,False
2011-04-20,COALINDIA,116.649,122.423,116.483,121.643,4296720,4.8484,117.747,110.402,,62.2779,2.0834,2.39952,-0.316116,122.084,113.409,7.367,2011,4,2,2011-04,False
2011-04-21,COALINDIA,122.689,122.705,118.823,120.233,4895594,-1.1595,117.785,110.808,,58.8057,2.10543,2.3407,-0.235271,122.198,113.371,7.4947,2011,4,2,2011-04,False
2011-04-25,COALINDIA,120.465,121.229,119.304,120.847,1832622,0.5106,117.955,111.247,,59.855,2.14767,2.30209,-0.154423,122.571,113.339,7.8271,2011,4,2,2011-04,False
2011-04-26,COALINDIA,119.984,121.129,118.839,120.946,1277232,0.0824,118.057,111.706,,60.0327,2.16423,2.27452,-0.11029,122.848,113.265,8.1175,2011,4,2,2011-04,False
2011-04-27,COALINDIA,119.47,125.111,119.287,123.07,3734876,1.7561,118.268,112.215,,63.7234,2.32197,2.28401,0.0379598,123.554,112.983,8.9378,2011,4,2,2011-04,False
2011-04-28,COALINDIA,123.452,126.704,123.037,125.012,7546827,1.5775,118.696,112.717,,66.7462,2.57396,2.342,0.231964,124.7,112.691,10.1177,2011,4,2,2011-04,False
2011-04-29,COALINDIA,125.012,127.202,124.282,126.289,3799109,1.022,119.265,113.256,,68.6005,2.84399,2.4424,0.401588,125.884,112.646,11.0994,2011,4,2,2011-04,False
2011-05-02,COALINDIA,120.133,127.086,120.133,126.007,1855839,-0.2234,119.9,113.792,,67.7028,3.00063,2.55404,0.446583,126.547,113.253,11.0875,2011,5,2,2011-05,False
2011-05-03,COALINDIA,125.443,127.6,122.307,123.286,2031295,-2.1596,120.315,114.282,,59.6006,2.87207,2.61765,0.254423,126.702,113.928,10.6172,2011,5,2,2011-05,False
2011-05-04,COALINDIA,123.12,124.381,119.901,123.352,2881731,0.0539,120.727,114.747,,59.7272,2.74392,2.6429,0.101017,126.755,114.698,9.9875,2011,5,2,2011-05,False
2011-05-05,COALINDIA,123.104,124.431,121.212,122.224,1537387,-0.9147,120.932,115.185,,56.4867,2.52224,2.61877,-0.0965332,126.866,114.997,9.8145,2011,5,2,2011-05,False
2011-05-06,COALINDIA,122.606,123.751,121.312,122.705,2241153,0.3937,121.114,115.636,,57.5447,2.3582,2.56666,-0.208457,127.03,115.198,9.7692,2011,5,2,2011-05,False
2011-05-09,COALINDIA,122.788,130.72,122.34,130.189,6109075,6.0987,121.543,116.239,,69.8295,2.79978,2.61328,0.186496,128.72,114.366,11.8098,2011,5,2,2011-05,False
2011-05-10,COALINDIA,130.089,131.533,127.766,128.148,3322937,-1.5677,121.983,116.807,,64.3597,2.95102,2.68083,0.270194,129.655,114.31,12.5799,2011,5,2,2011-05,False
2011-05-11,COALINDIA,128.53,130.57,126.605,127.484,2854705,-0.5179,122.462,117.37,,62.6413,2.98294,2.74125,0.241693,130.257,114.668,12.7295,2011,5,2,2011-05,False
2011-05-12,COALINDIA,128.065,130.488,126.223,126.721,2726810,-0.5987,122.865,117.962,,60.6363,2.91307,2.77562,0.137458,130.666,115.063,12.6996,2011,5,2,2011-05,False
2011-05-13,COALINDIA,127.103,129.94,126.787,128.38,2281880,1.3094,123.411,118.355,,63.3804,2.9575,2.81199,0.145507,131.146,115.676,12.5352,2011,5,2,2011-05,False
2011-05-16,COALINDIA,128.762,130.504,128.098,129.06,1551570,0.5299,123.933,118.689,,64.4739,3.01287,2.85217,0.160702,131.716,116.15,12.56,2011,5,2,2011-05,False
2011-05-17,COALINDIA,129.426,133.209,129.26,131.948,5674815,2.2371,124.678,119.144,,68.7402,3.25224,2.93218,0.320055,132.538,116.818,12.6082,2011,5,2,2011-05,False
2011-05-18,COALINDIA,132.611,132.611,122.921,124.016,8642834,-6.0111,125.078,119.472,,50.7205,2.77,2.89975,-0.129744,131.817,118.34,10.7749,2011,5,2,2011-05,False
2011-05-19,COALINDIA,124.464,127.683,121.295,124.813,11416019,0.6422,125.237,119.705,,52.0791,2.42415,2.80463,-0.380474,131.781,118.692,10.4518,2011,5,2,2011-05,False
2011-05-20,COALINDIA,123.452,123.983,120.349,121.112,5400664,-2.9647,125.281,119.889,,45.7666,1.83038,2.60978,-0.779395,131.694,118.867,10.2389,2011,5,2,2011-05,False
2011-05-23,COALINDIA,120.797,123.933,120.283,121.262,1974392,0.1233,125.301,120.06,,46.0508,1.35623,2.35907,-1.00284,131.657,118.946,10.1447,2011,5,2,2011-05,False
2011-05-24,COALINDIA,121.793,124.58,119.221,123.021,3890213,1.4505,125.405,120.302,,49.4133,1.1096,2.10918,-0.999575,131.525,119.285,9.7601,2011,5,2,2011-05,False
2011-05-25,COALINDIA,123.983,127.733,123.12,125.228,3824128,1.7939,125.513,120.616,,53.3426,1.07977,1.9033,-0.823522,131.535,119.491,9.5956,2011,5,2,2011-05,False
2011-05-26,COALINDIA,126.107,129.691,126.024,129.077,5232851,3.0741,125.716,120.982,,59.2838,1.35119,1.79287,-0.441684,131.938,119.494,9.8981,2011,5,2,2011-05,False
2011-05-27,COALINDIA,129.26,130.919,128.098,128.729,2737715,-0.27,125.838,121.311,,58.5569,1.52064,1.73843,-0.217788,132.201,119.475,10.1132,2011,5,2,2011-05,False
2011-05-30,COALINDIA,129.426,131.749,129.426,131.068,2529091,1.8175,126.091,121.649,,61.9318,1.82271,1.75528,0.0674242,132.871,119.311,10.7546,2011,5,2,2011-05,False
2011-05-31,COALINDIA,130.753,140.161,130.753,135.548,11708250,3.4182,126.704,122.084,,67.4054,2.39599,1.88342,0.512563,134.55,118.858,12.385,2011,5,2,2011-05,False
2011-06-01,COALINDIA,137.722,138.253,134.437,137.54,4496698,1.469,127.414,122.549,,69.5041,2.97667,2.10207,0.874598,136.458,118.37,14.1963,2011,6,2,2011-06,False
2011-06-02,COALINDIA,137.058,137.224,132.943,133.657,2842746,-2.823,127.985,122.918,,61.2255,3.08797,2.29925,0.788715,137.093,118.877,14.2328,2011,6,2,2011-06,False
2011-06-03,COALINDIA,133.607,135.482,129.459,129.973,2764367,-2.7561,128.349,123.128,,54.5829,2.84612,2.40863,0.437495,137.144,119.553,13.7057,2011,6,2,2011-06,False
2011-06-06,COALINDIA,130.089,132.678,129.542,130.72,2009110,0.5745,128.375,123.394,,55.6337,2.68377,2.46365,0.220114,137.197,119.553,13.7442,2011,6,2,2011-06,False
2011-06-07,COALINDIA,131.085,134.171,130.521,133.79,1982013,2.3483,128.657,123.691,,59.7558,2.77086,2.5251,0.245767,137.804,119.511,14.2181,2011,6,2,2011-06,False
2011-06-08,COALINDIA,134.088,137.324,133.64,135.283,3290373,1.1162,129.047,124.02,,61.6239,2.92665,2.60541,0.321244,138.637,119.457,14.8627,2011,6,2,2011-06,False
2011-06-09,COALINDIA,135.399,136.527,134.586,135.183,1360848,-0.0736,129.47,124.395,,61.4191,3.00741,2.68581,0.321603,139.37,119.571,15.2923,2011,6,2,2011-06,False
2011-06-10,COALINDIA,135.664,136.71,132.993,134.52,1845651,-0.491,129.777,124.787,,59.9887,2.98347,2.74534,0.238127,139.912,119.642,15.6192,2011,6,2,2011-06,False
2011-06-13,COALINDIA,134.403,134.42,131.085,131.516,1548256,-2.2326,129.9,125.151,,53.874,2.69113,2.7345,-0.0433715,140.058,119.742,15.6398,2011,6,2,2011-06,False
2011-06-14,COALINDIA,132.147,133.574,130.156,130.985,2432283,-0.4037,129.852,125.471,,52.8484,2.38906,2.66541,-0.276348,139.978,119.726,15.5966,2011,6,2,2011-06,False
2011-06-15,COALINDIA,131.018,131.865,128.961,129.475,2682187,-1.1528,130.125,125.758,,49.9369,2.00472,2.53327,-0.528552,139.876,120.374,14.9876,2011,6,2,2011-06,False
2011-06-16,COALINDIA,129.426,131.649,128.745,130.836,1462308,1.0509,130.426,126.012,,52.4775,1.78929,2.38448,-0.595183,139.853,120.999,14.4559,2011,6,2,2011-06,False
2011-06-17,COALINDIA,130.919,133.607,130.421,131.284,3800502,0.3424,130.935,126.257,,53.3176,1.63586,2.23475,-0.598893,139.282,122.588,12.7501,2011,6,2,2011-06,False
2011-06-20,COALINDIA,132.794,134.851,130.355,131.284,3967696,0.0,131.436,126.45,,53.3176,1.49701,2.0872,-0.590197,138.432,124.44,10.6457,2011,6,2,2011-06,False
2011-06-21,COALINDIA,131.732,132.678,128.845,129.343,2133725,-1.4788,131.752,126.65,,48.9674,1.21629,1.91302,-0.696731,137.629,125.875,8.9213,2011,6,2,2011-06,False
2011-06-22,COALINDIA,130.106,130.421,124.813,125.659,2533012,-2.848,131.773,126.806,,41.9701,0.68864,1.66815,-0.979505,137.552,125.995,8.7703,2011,6,2,2011-06,False
2011-06-23,COALINDIA,125.659,127.036,124.448,124.813,2255855,-0.6734,131.56,126.928,,40.5371,0.199888,1.37449,-1.17461,138.031,125.09,9.8368,2011,6,2,2011-06,False
2011-06-24,COALINDIA,125.642,129.923,125.642,129.426,2896582,3.6958,131.595,127.168,,50.4659,0.182664,1.13613,-0.953464,138.009,125.181,9.7476,2011,6,2,2011-06,False
2011-06-27,COALINDIA,135.598,135.598,127.999,132.014,2439080,2.0,131.642,127.436,,55.0061,0.373576,0.983618,-0.610041,138.054,125.231,9.7405,2011,6,2,2011-06,False
2011-06-28,COALINDIA,132.08,133.308,129.973,130.222,1186089,-1.3575,131.376,127.699,,51.4875,0.375937,0.862081,-0.486144,137.542,125.21,9.3867,2011,6,2,2011-06,False
2011-06-29,COALINDIA,131.45,131.583,128.596,128.944,2091679,-0.9811,130.946,127.958,,49.0772,0.271581,0.743981,-0.4724,136.468,125.425,8.4334,2011,6,2,2011-06,False
2011-06-30,COALINDIA,129.426,130.687,129.177,130.371,1614539,1.1067,130.782,128.132,,51.7917,0.300561,0.655297,-0.354736,136.158,125.406,8.2208,2011,6,2,2011-06,False
2011-07-01,COALINDIA,130.371,131.085,127.103,127.517,2254393,-2.1891,130.659,128.278,,46.4578,0.0921707,0.542672,-0.450501,136.222,125.097,8.5144,2011,7,3,2011-07,False
2011-07-04,COALINDIA,128.413,131.483,128.413,131.118,1683417,2.8237,130.679,128.483,,53.0301,0.215085,0.477155,-0.26207,136.245,125.113,8.5188,2011,7,3,2011-07,False
2011-07-05,COALINDIA,131.085,131.666,129.857,131.201,882850,0.0633,130.55,128.688,,53.1728,0.315553,0.444834,-0.129281,135.929,125.171,8.2403,2011,7,3,2011-07,False
2011-07-06,COALINDIA,132.064,132.993,129.84,130.139,1853087,-0.8094,130.293,128.83,,51.0364,0.305956,0.417059,-0.111102,135.189,125.396,7.5157,2011,7,3,2011-07,False
2011-07-07,COALINDIA,131.085,131.384,130.272,130.836,1111992,0.5355,130.075,128.946,,52.3884,0.350546,0.403756,-0.0532098,134.411,125.739,6.6668,2011,7,3,2011-07,False
2011-07-08,COALINDIA,122.788,125.676,119.802,120.349,19402497,-8.0152,129.367,128.828,,36.1939,-0.455068,0.231991,-0.68706,135.063,123.671,8.8058,2011,7,3,2011-07,False
2011-07-11,COALINDIA,99.2263,121.793,99.2263,118.391,8003993,-1.6269,128.71,128.675,,34.0759,-1.23725,-0.0618571,-1.17539,136.128,121.293,11.5256,2011,7,3,2011-07,False
2011-07-12,COALINDIA,117.976,122.34,117.147,121.229,7031368,2.3966,128.223,128.634,,39.5926,-1.60963,-0.371411,-1.23822,136.267,120.178,12.5473,2011,7,3,2011-07,False
2011-07-13,COALINDIA,121.793,122.954,121.328,122.174,4671340,0.7802,127.858,128.61,,41.3544,-1.80758,-0.658646,-1.14894,136.314,119.401,13.2287,2011,7,3,2011-07,False
2011-07-14,COALINDIA,121.577,124.614,121.577,123.27,3791759,0.8964,127.479,128.631,,43.4122,-1.85472,-0.89786,-0.956856,136.051,118.907,13.4486,2011,7,3,2011-07,False
2011-07-15,COALINDIA,123.27,124.033,121.063,121.411,2338930,-1.5076,126.986,128.606,,40.7961,-2.01876,-1.12204,-0.896718,135.77,118.202,13.8347,2011,7,3,2011-07,False
2011-07-18,COALINDIA,122.257,123.751,121.129,122.423,1928820,0.8337,126.543,128.45,,42.8173,-2.04353,-1.30634,-0.737194,135.307,117.778,13.853,2011,7,3,2011-07,False
2011-07-19,COALINDIA,122.689,123.402,120.83,122.739,1751354,0.2575,126.212,128.342,,43.4648,-2.0145,-1.44797,-0.566531,135.031,117.394,13.9737,2011,7,3,2011-07,False
2011-07-20,COALINDIA,123.784,123.983,121.643,121.826,1144234,-0.7436,126.021,128.229,,41.9829,-2.0416,-1.5667,-0.474906,135.054,116.988,14.3356,2011,7,3,2011-07,False
2011-07-21,COALINDIA,121.776,124.116,121.643,122.091,1786938,0.2179,125.885,128.136,,42.5961,-2.01839,-1.65704,-0.361355,135.075,116.694,14.6008,2011,7,3,2011-07,False
2011-07-22,COALINDIA,122.805,123.452,121.859,122.44,1621371,0.2854,125.535,128.017,,43.4408,-1.94941,-1.71551,-0.233898,134.69,116.381,14.5846,2011,7,3,2011-07,False
2011-07-25,COALINDIA,123.021,123.22,121.876,122.49,1674691,0.0407,125.059,127.886,,43.5686,-1.86917,-1.74624,-0.122932,133.775,116.343,13.9386,2011,7,3,2011-07,False
2011-07-26,COALINDIA,122.971,124.929,122.788,124.099,2173138,1.314,124.753,127.729,,47.6839,-1.65662,-1.72832,0.0717004,133.129,116.377,13.4276,2011,7,3,2011-07,False
2011-07-27,COALINDIA,124.398,132.894,124.381,132.396,8304568,6.6854,124.926,127.897,,62.7597,-0.809373,-1.54453,0.735156,133.793,116.058,14.1958,2011,7,3,2011-07,False
2011-07-28,COALINDIA,133.955,135.631,129.99,130.653,5536482,-1.316,124.94,128.013,,58.9198,-0.275341,-1.29069,1.01535,133.844,116.035,14.2539,2011,7,3,2011-07,False
2011-07-29,COALINDIA,129.426,131.085,127.799,128.845,1971794,-1.3843,125.006,128.168,,55.1478,0.00192158,-1.03217,1.03409,134.01,116.001,14.4065,2011,7,3,2011-07,False
2011-08-01,COALINDIA,129.923,131.018,128.43,130.006,2027360,0.9014,124.95,128.343,,57.0494,0.31178,-0.763379,1.07516,133.809,116.092,14.1787,2011,8,3,2011-08,False
2011-08-02,COALINDIA,129.757,132.213,129.426,131.848,2508279,1.4168,124.983,128.52,,59.9494,0.697923,-0.471119,1.16904,133.941,116.024,14.3355,2011,8,3,2011-08,False
2011-08-03,COALINDIA,129.757,131.516,129.757,130.089,2524242,-1.334,124.98,128.617,,56.0571,0.852195,-0.206456,1.05865,133.933,116.028,14.3262,2011,8,3,2011-08,False
2011-08-04,COALINDIA,131.981,134.901,130.438,130.803,4004932,0.5485,124.979,128.651,,57.2691,1.02027,0.0388887,0.981379,133.927,116.031,14.3191,2011,8,3,2011-08,False
2011-08-05,COALINDIA,129.226,131.483,124.514,130.388,3203823,-0.3171,125.481,128.684,,56.2968,1.10723,0.252557,0.854673,134.461,116.5,14.314,2011,8,3,2011-08,False
2011-08-08,COALINDIA,126.472,132.628,125.51,130.172,4596727,-0.1654,126.07,128.667,,55.7668,1.14554,0.431154,0.714387,134.628,117.511,13.5771,2011,8,3,2011-08,False
2011-08-09,COALINDIA,127.102,128.762,124.862,125.775,4161457,-3.378,126.297,128.471,,46.2129,0.811728,0.507269,0.304459,134.55,118.044,13.0691,2011,8,3,2011-08,False
2011-08-10,COALINDIA,129.077,129.16,126.157,126.538,2365785,0.6069,126.515,128.251,,47.8821,0.601833,0.526182,0.0756514,134.537,118.494,12.6808,2011,8,3,2011-08,False
2011-08-11,COALINDIA,126.14,128.961,126.14,128.181,1581039,1.2982,126.761,128.142,,51.379,0.561568,0.533259,0.0283092,134.664,118.858,12.4692,2011,8,3,2011-08,False
2011-08-12,COALINDIA,129.426,130.687,126.472,127.849,2785578,-0.2589,127.083,128.099,,50.6398,0.497149,0.526037,-0.0288874,134.582,119.583,11.8029,2011,8,3,2011-08,False
2011-08-16,COALINDIA,129.459,131.218,128.165,128.447,3817965,0.4673,127.384,128.054,,51.9792,0.488668,0.518563,-0.0298951,134.573,120.195,11.2876,2011,8,3,2011-08,False
2011-08-17,COALINDIA,129.226,132.412,128.762,132.047,4815761,2.8032,127.849,128.019,,59.1704,0.763683,0.567587,0.196096,134.977,120.721,11.1507,2011,8,3,2011-08,False
2011-08-18,COALINDIA,133.242,134.105,128.845,129.492,3881299,-1.9351,128.232,127.903,,53.0938,0.766608,0.607391,0.159217,134.799,121.666,10.2418,2011,8,3,2011-08,False
2011-08-19,COALINDIA,127.766,132.23,127.534,130.57,4263628,0.8329,128.656,127.811,,55.1858,0.846202,0.655154,0.191049,134.621,122.692,9.272,2011,8,3,2011-08,False
2011-08-22,COALINDIA,131.085,132.064,129.757,130.886,2422421,0.2415,129.079,127.738,,55.8063,0.924069,0.708937,0.215133,134.345,123.812,8.1599,2011,8,3,2011-08,False
2011-08-23,COALINDIA,130.902,130.985,126.671,130.222,5401601,-0.5071,129.465,127.712,115.804,54.1078,0.921596,0.751469,0.170128,133.736,125.194,6.5977,2011,8,3,2011-08,False
2011-08-24,COALINDIA,128.546,128.878,122.954,124.083,5263656,-4.7146,129.465,127.574,115.862,41.5199,0.419403,0.685055,-0.265653,133.74,125.189,6.6045,2011,8,3,2011-08,False
2011-08-25,COALINDIA,124.149,125.228,120.017,124.365,5596203,0.2273,129.063,127.472,115.941,42.1854,0.0436693,0.556778,-0.513109,133.674,124.452,7.1461,2011,8,3,2011-08,False
2011-08-26,COALINDIA,125.111,126.737,118.474,119.271,5864875,-4.0961,128.494,127.241,116.003,34.5407,-0.657572,0.313908,-0.97148,134.783,122.204,9.7894,2011,8,3,2011-08,False
2011-08-29,COALINDIA,120.615,123.651,120.615,122.573,3603683,2.7685,128.18,127.066,116.086,41.8916,-0.936075,0.0639116,-0.999986,134.999,121.361,10.6396,2011,8,3,2011-08,False
2011-08-30,COALINDIA,124.249,125.742,122.822,124.647,2721134,1.6922,127.912,126.934,116.171,45.9941,-0.978149,-0.144501,-0.833649,134.849,120.975,10.8465,2011,8,3,2011-08,False
2011-09-02,COALINDIA,127.103,129.658,124.514,128.812,3519216,3.3413,127.76,126.923,116.29,53.1472,-0.667727,-0.249146,-0.418581,134.464,121.057,10.4935,2011,9,3,2011-09,False
2011-09-05,COALINDIA,127.185,128.413,125.958,126.455,1574228,-1.8292,127.579,126.939,116.402,49.1786,-0.604869,-0.32029,-0.284579,134.213,120.945,10.4001,2011,9,3,2011-09,False
2011-09-06,COALINDIA,126.041,127.418,124.531,125.692,2150209,-0.6036,127.323,126.956,116.508,47.9301,-0.609618,-0.378156,-0.231462,133.827,120.82,10.216,2011,9,3,2011-09,False
2011-09-07,COALINDIA,126.273,130.421,125.941,129.84,3479610,3.3003,127.296,126.965,116.621,54.6663,-0.275479,-0.357621,0.0821416,133.75,120.842,10.1398,2011,9,3,2011-09,False
2011-09-08,COALINDIA,129.99,130.056,127.764,128.296,1874028,-1.1897,127.202,126.89,116.716,51.9701,-0.133773,-0.312851,0.179078,133.533,120.871,9.9544,2011,9,3,2011-09,False
2011-09-09,COALINDIA,129.209,130.704,126.12,126.585,2337246,-1.3335,127.242,126.818,116.802,49.0827,-0.157702,-0.281821,0.124119,133.545,120.94,9.907,2011,9,3,2011-09,False
2011-09-12,COALINDIA,126.037,126.734,123.03,125.405,2230973,-0.9316,127.186,126.747,116.904,47.1385,-0.268729,-0.279203,0.0104738,133.536,120.836,9.9851,2011,9,3,2011-09,False
2011-09-13,COALINDIA,126.07,127.432,123.911,124.907,1863685,-0.3973,127.022,126.638,117.019,46.304,-0.392403,-0.301843,-0.0905601,133.432,120.612,10.0932,2011,9,3,2011-09,False
2011-09-14,COALINDIA,125.555,127.133,124.808,125.505,2263022,0.4787,126.905,126.597,117.132,47.5051,-0.437127,-0.3289,-0.108227,133.337,120.473,10.1372,2011,9,3,2011-09,False
2011-09-15,COALINDIA,126.751,127.033,125.04,125.738,1389227,0.1853,126.77,126.49,117.248,47.9923,-0.448634,-0.352847,-0.0957875,133.179,120.36,10.1123,2011,9,3,2011-09,False
2011-09-16,COALINDIA,126.734,127.233,124.758,125.954,2933473,0.1717,126.465,126.385,117.357,48.4706,-0.43531,-0.369339,-0.065971,132.378,120.551,9.3519,2011,9,3,2011-09,False
2011-09-19,COALINDIA,125.273,125.904,124.691,125.073,683397,-0.6989,126.244,126.284,117.462,46.5895,-0.490138,-0.393499,-0.0966389,132.009,120.478,9.134,2011,9,3,2011-09,False
2011-09-20,COALINDIA,125.372,126.469,123.944,125.704,2411501,0.5046,126.001,126.181,117.564,48.1433,-0.47716,-0.410231,-0.0669285,131.396,120.605,8.5645,2011,9,3,2011-09,False
2011-09-21,COALINDIA,127.066,128.711,126.302,127.714,3797201,1.5988,125.842,126.328,117.67,52.8474,-0.301229,-0.388431,0.0872014,130.802,120.882,7.8828,2011,9,3,2011-09,False
2011-09-22,COALINDIA,126.219,126.635,124.259,124.691,1916877,-2.367,125.565,126.454,117.765,46.0769,-0.401109,-0.390966,-0.0101425,130.095,121.036,7.2151,2011,9,3,2011-09,False
2011-09-23,COALINDIA,123.645,124.043,121.137,121.452,3128059,-2.5976,125.434,126.459,117.847,40.1427,-0.73317,-0.459407,-0.273763,130.286,120.582,7.7369,2011,9,3,2011-09,False
2011-09-26,COALINDIA,121.253,121.253,113.646,115.107,6521673,-5.2243,124.971,126.317,117.898,31.5662,-1.49113,-0.665752,-0.825381,131.668,118.274,10.7181,2011,9,3,2011-09,False
2011-09-27,COALINDIA,117.566,119.343,116.635,118.977,4671317,3.3622,124.956,126.231,117.97,39.9883,-1.75926,-0.884453,-0.874804,131.707,118.206,10.8051,2011,9,3,2011-09,False
2011-09-28,COALINDIA,120.19,120.456,116.602,118.147,2221187,-0.698,124.735,126.166,118.047,38.8824,-2.01553,-1.11067,-0.904859,132.079,117.391,11.7753,2011,9,3,2011-09,False
2011-09-29,COALINDIA,117.765,117.765,114.46,116.486,2605432,-1.4059,124.327,126.047,118.109,36.6967,-2.32584,-1.3537,-0.972138,132.546,116.108,13.2221,2011,9,3,2011-09,False
2011-09-30,COALINDIA,116.851,117.815,108.015,110.689,14757839,-4.9765,123.421,125.806,118.132,30.2957,-3.00489,-1.68394,-1.32095,133.372,113.47,16.1254,2011,9,3,2011-09,False
2011-10-03,COALINDIA,109.626,112.848,107.417,111.885,8622229,1.0804,122.692,125.608,118.158,32.8962,-3.40726,-2.0286,-1.37866,133.777,111.608,18.0688,2011,10,4,2011-10,False
2011-10-04,COALINDIA,110.955,112.583,105.424,106.271,6097620,-5.0178,121.721,125.291,118.151,27.6761,-4.13154,-2.44919,-1.68235,134.904,108.539,21.6599,2011,10,4,2011-10,False
2011-10-05,COALINDIA,106.935,108.895,104.494,107.865,6675945,1.5005,120.623,125.0,118.165,31.0241,-4.5247,-2.86429,-1.66041,134.595,106.65,23.1675,2011,10,4,2011-10,False
2011-10-07,COALINDIA,110.955,112.915,110.058,112.134,7803489,3.9575,119.815,124.793,118.207,39.1453,-4.44064,-3.17956,-1.26108,133.788,105.841,23.3252,2011,10,4,2011-10,False
2011-10-10,COALINDIA,113.28,114.609,109.908,114.161,10170568,1.8071,119.193,124.594,118.264,42.6002,-4.16253,-3.37616,-0.786376,133.003,105.383,23.1723,2011,10,4,2011-10,False
2011-10-11,COALINDIA,114.642,115.489,113.712,114.858,3946651,0.6111,118.666,124.243,118.323,43.7835,-3.84155,-3.46924,-0.372317,132.281,105.051,22.9472,2011,10,4,2011-10,False
2011-10-12,COALINDIA,114.941,115.988,110.39,112.267,10114266,-2.2559,118.034,123.875,118.371,40.4482,-3.75299,-3.52599,-0.227007,131.603,104.465,22.9914,2011,10,4,2011-10,False
2011-10-13,COALINDIA,112.915,113.164,109.045,110.307,5951310,-1.7459,117.274,123.505,118.411,38.0848,-3.7972,-3.58023,-0.216967,130.783,103.765,23.0388,2011,10,4,2011-10,False
2011-10-14,COALINDIA,109.692,109.958,105.988,107.151,9162659,-2.861,116.345,123.048,118.442,34.5812,-4.04031,-3.67224,-0.368062,129.959,102.73,23.4039,2011,10,4,2011-10,False
2011-10-17,COALINDIA,107.616,107.832,105.689,106.686,6312019,-0.4341,115.381,122.544,118.478,34.0836,-4.22184,-3.78216,-0.439673,128.859,101.904,23.3622,2011,10,4,2011-10,False
2011-10-18,COALINDIA,106.869,110.074,106.686,109.643,12213184,2.7713,114.61,122.135,118.517,39.9951,-4.08009,-3.84175,-0.238345,127.506,101.714,22.5039,2011,10,4,2011-10,False
2011-10-19,COALINDIA,110.589,112.45,110.29,111.237,4426087,1.4543,113.886,121.744,118.568,42.9659,-3.79534,-3.83247,0.0371234,125.743,102.03,20.8219,2011,10,4,2011-10,False
2011-10-20,COALINDIA,110.872,110.872,108.463,109.526,3657774,-1.538,112.977,121.327,118.599,40.6409,-3.66548,-3.79907,0.133591,123.019,102.935,17.7775,2011,10,4,2011-10,False
2011-10-21,COALINDIA,109.925,110.755,108.795,109.144,1766269,-0.3488,112.2,120.906,118.624,40.1189,-3.55243,-3.74974,0.197309,120.715,103.685,15.1784,2011,10,4,2011-10,False
2011-10-24,COALINDIA,110.623,110.639,107.367,107.816,3643726,-1.2174,111.518,120.547,118.64,38.2773,-3.52938,-3.70567,0.176291,119.039,103.996,13.4892,2011,10,4,2011-10,False
2011-10-25,COALINDIA,107.699,108.231,106.487,107.6,3614659,-0.2003,111.142,120.168,118.67,37.9722,-3.48832,-3.6622,0.173878,118.659,103.626,13.5259,2011,10,4,2011-10,False
2011-10-28,COALINDIA,113.612,113.878,111.237,112.35,8671739,4.415,110.811,119.852,118.725,47.824,-3.03745,-3.53725,0.499802,117.4,104.222,11.8929,2011,10,4,2011-10,False
2011-10-31,COALINDIA,112.865,112.865,110.058,110.29,3014703,-1.8333,110.418,119.5,118.769,44.5222,-2.81389,-3.39258,0.57869,116.031,104.806,10.1655,2011,10,4,2011-10,False
2011-11-01,COALINDIA,109.859,110.44,109.244,109.46,1928657,-0.753,110.067,119.121,118.816,43.2263,-2.67291,-3.24864,0.575731,114.906,105.228,8.7937,2011,11,4,2011-11,False
2011-11-02,COALINDIA,108.065,109.294,107.965,108.264,3310414,-1.0926,109.946,118.645,118.85,41.3593,-2.62741,-3.1244,0.49699,114.841,105.051,8.9045,2011,11,4,2011-11,False
2011-11-03,COALINDIA,108.53,109.294,107.649,108.181,4108210,-0.0767,109.761,118.219,118.885,41.2262,-2.56844,-3.01321,0.444769,114.627,104.894,8.8672,2011,11,4,2011-11,False
2011-11-04,COALINDIA,109.294,109.626,108.114,108.397,3532695,0.1996,109.867,117.775,118.918,41.7513,-2.47574,-2.90571,0.429972,114.499,105.234,8.4332,2011,11,4,2011-11,False
2011-11-08,COALINDIA,109.111,109.692,108.48,108.729,2300152,0.3064,109.91,117.332,118.952,42.6009,-2.3484,-2.79425,0.445848,114.48,105.34,8.3154,2011,11,4,2011-11,False
2011-11-09,COALINDIA,109.294,109.726,107.816,108.33,3703073,-0.3666,109.72,116.894,118.98,41.8128,-2.25367,-2.68613,0.432464,114.216,105.224,8.1955,2011,11,4,2011-11,False
2011-11-11,COALINDIA,107.965,109.111,107.566,108.33,4015218,0.0,109.428,116.579,119.011,41.8128,-2.15377,-2.57966,0.425894,113.442,105.414,7.3361,2011,11,4,2011-11,False
2011-11-14,COALINDIA,108.33,108.596,106.105,107.334,2911632,-0.92,109.052,116.239,119.041,39.6839,-2.13045,-2.48982,0.359366,112.251,105.853,5.8665,2011,11,4,2011-11,False
2011-11-15,COALINDIA,106.968,108.098,104.61,105.357,2426013,-1.8416,108.707,115.96,119.05,35.7918,-2.24559,-2.44097,0.195385,111.936,105.477,5.9411,2011,11,4,2011-11,False
2011-11-16,COALINDIA,105.274,105.39,101.67,103.53,3890690,-1.7341,108.368,115.58,119.052,32.6082,-2.45595,-2.44397,-0.01198,112.247,104.489,7.1589,2011,11,4,2011-11,False
2011-11-17,COALINDIA,103.314,103.397,99.743,101.304,5484081,-2.1499,108.075,115.113,119.049,29.2007,-2.77033,-2.50924,-0.261088,113.063,103.088,9.2302,2011,11,4,2011-11,False
2011-11-18,COALINDIA,100.956,100.956,97.8661,98.8793,6164620,-2.3938,107.685,114.514,119.035,26.0113,-3.17852,-2.6431,-0.535422,114.138,101.233,11.9839,2011,11,4,2011-11,False
2011-11-21,COALINDIA,98.6634,100.291,97.9159,98.8461,2590004,-0.0336,107.145,113.962,119.024,25.9694,-3.46475,-2.80743,-0.657327,114.632,99.6587,13.9746,2011,11,4,2011-11,False
2011-11-22,COALINDIA,99.6102,101.304,98.9956,100.507,3376746,1.6804,106.609,113.458,119.026,31.871,-3.51702,-2.94935,-0.567678,114.393,98.8249,14.6027,2011,11,4,2011-11,False
2011-11-23,COALINDIA,99.9922,100.789,98.6634,99.8593,2565762,-0.6445,106.125,112.859,119.026,30.8385,-3.56957,-3.07339,-0.496182,114.335,97.9155,15.4722,2011,11,4,2011-11,False
2011-11-24,COALINDIA,100.358,101.637,99.0288,101.039,3583744,1.181,105.72,112.313,119.025,34.9689,-3.47599,-3.15391,-0.322079,114.101,97.3392,15.855,2011,11,4,2011-11,False
2011-11-25,COALINDIA,100.69,104.41,99.959,102.5,3004169,1.4467,105.454,111.832,119.025,39.7702,-3.24646,-3.17242,-0.074035,113.893,97.0163,16.0034,2011,11,4,2011-11,False
2011-11-28,COALINDIA,103.746,107.766,103.314,107.135,3578208,4.5212,105.431,111.466,119.04,51.8961,-2.65994,-3.06993,0.409981,113.847,97.0154,15.9645,2011,11,4,2011-11,False
2011-11-29,COALINDIA,107.433,107.948,106.005,106.653,2912186,-0.4496,105.146,111.101,119.068,50.7523,-2.20854,-2.89765,0.689107,112.939,97.354,14.8218,2011,11,4,2011-11,False
2011-11-30,COALINDIA,106.62,109.526,105.706,108.679,3023017,1.9,105.066,110.765,119.112,55.2233,-1.66806,-2.65173,0.983673,112.665,97.4664,14.4658,2011,11,4,2011-11,False
2011-12-01,COALINDIA,111.353,111.619,109.094,109.792,2920375,1.024,105.082,110.446,119.167,57.505,-1.13682,-2.34875,1.21193,112.723,97.4413,14.543,2011,12,4,2011-12,False
2011-12-02,COALINDIA,109.626,111.287,108.413,111.171,1842887,1.2556,105.228,110.15,119.232,60.2099,-0.597671,-1.99853,1.40086,113.226,97.2296,15.2015,2011,12,4,2011-12,False
2011-12-05,COALINDIA,111.536,112.4,110.091,110.589,1295784,-0.5229,105.348,109.861,119.297,58.5184,-0.214826,-1.64179,1.42696,113.602,97.0943,15.6695,2011,12,4,2011-12,False
2011-12-07,COALINDIA,110.589,110.623,106.404,107.517,5922728,-2.7786,105.304,109.497,119.335,50.4502,-0.157556,-1.34494,1.18739,113.499,97.1096,15.5635,2011,12,4,2011-12,False
2011-12-08,COALINDIA,106.271,106.537,103.264,104.145,5099681,-3.1361,105.075,109.025,119.359,43.3821,-0.37987,-1.15193,0.772059,113.121,97.0286,15.3152,2011,12,4,2011-12,False
2011-12-09,COALINDIA,102.666,105.806,101.57,104.992,2245578,0.8134,104.908,108.631,119.388,45.4498,-0.482143,-1.01797,0.535829,112.807,97.0089,15.0589,2011,12,4,2011-12,False
2011-12-12,COALINDIA,105.972,106.221,100.623,100.989,3270317,-3.8127,104.541,108.222,119.399,38.3266,-0.876104,-0.989598,0.113494,112.453,96.6292,15.1361,2011,12,4,2011-12,False
2011-12-13,COALINDIA,100.823,102.916,99.7596,102.318,2304900,1.3158,104.29,107.966,119.41,41.5986,-1.06878,-1.00543,-0.0633458,112.147,96.4333,15.0671,2011,12,4,2011-12,False
2011-12-14,COALINDIA,101.504,102.484,99.0288,99.743,2569313,-2.5162,104.009,107.582,119.407,37.4526,-1.41294,-1.08693,-0.326,112.103,95.9155,15.5636,2011,12,4,2011-12,False
2011-12-15,COALINDIA,99.2946,103.945,97.5506,103.53,4955253,3.7969,104.009,107.289,119.424,45.9815,-1.36436,-1.14242,-0.221941,112.103,95.9155,15.5636,2011,12,4,2011-12,False
2011-12-16,COALINDIA,104.327,104.643,99.0454,99.9092,3337493,-3.4975,103.94,106.958,119.424,40.3203,-1.59961,-1.23386,-0.365754,112.155,95.7245,15.8074,2011,12,4,2011-12,False
2011-12-19,COALINDIA,99.66,102.45,98.9623,102.035,2949577,2.128,104.097,106.785,119.435,44.6307,-1.5961,-1.30631,-0.289792,112.019,96.1755,15.2201,2011,12,4,2011-12,False
2011-12-20,COALINDIA,101.952,103.015,99.6932,100.324,2497383,-1.6767,104.171,106.553,119.44,42.0018,-1.71163,-1.38737,-0.324259,111.912,96.4302,14.8622,2011,12,4,2011-12,False
2011-12-21,COALINDIA,102.068,102.284,99.1949,100.574,5048737,0.2483,104.175,106.44,119.457,42.5327,-1.76277,-1.46245,-0.300315,111.909,96.4401,14.8491,2011,12,4,2011-12,False
2011-12-22,COALINDIA,100.574,100.657,97.5339,99.6434,3747650,-0.9248,104.164,106.275,119.412,41.023,-1.85694,-1.54135,-0.315592,111.924,96.4034,14.9004,2011,12,4,2011-12,False
2011-12-23,COALINDIA,100.623,100.623,99.1949,99.6434,2340380,0.0,104.094,106.025,119.348,41.023,-1.90956,-1.61499,-0.294571,111.997,96.1915,15.1834,2011,12,4,2011-12,False
2011-12-26,COALINDIA,100.324,101.952,100.158,101.67,1796032,2.0336,104.053,105.775,119.31,45.877,-1.76738,-1.64547,-0.12191,111.999,96.1061,15.2737,2011,12,4,2011-12,False
2011-12-27,COALINDIA,101.487,102.185,98.0488,99.0786,3212706,-2.5486,103.65,105.46,119.268,41.2067,-1.84254,-1.68488,-0.157659,111.753,95.546,15.6367,2011,12,4,2011-12,False
2011-12-28,COALINDIA,98.4973,100.258,98.2481,99.5105,1957155,0.4359,103.293,105.205,119.2,42.2617,-1.84598,-1.7171,-0.128881,111.468,95.1169,15.8301,2011,12,4,2011-12,False
2011-12-29,COALINDIA,98.9956,100.324,98.6966,99.2447,2925666,-0.2671,102.821,104.983,119.136,41.765,-1.84884,-1.74345,-0.105392,110.774,94.8682,15.469,2011,12,4,2011-12,False
2011-12-30,COALINDIA,99.9922,100.424,98.6468,99.8759,1723569,0.636,102.325,104.838,119.072,43.4643,-1.77967,-1.75069,-0.028971,109.66,94.9899,14.3371,2011,12,4,2011-12,False
2012-01-02,COALINDIA,100.657,104.045,100.657,103.696,3499615,3.8251,101.951,104.778,119.036,52.4993,-1.40043,-1.68064,0.280212,108.046,95.8571,11.9553,2012,1,1,2012-01,False
2012-01-03,COALINDIA,104.876,109.543,104.876,108.696,6951091,4.8214,101.857,104.759,119.032,61.2313,-0.688516,-1.48222,0.7937,107.422,96.2916,10.9273,2012,1,1,2012-01,False
2012-01-04,COALINDIA,108.928,109.892,106.885,108.53,3565108,-0.1528,101.907,104.705,119.021,60.8312,-0.136154,-1.213,1.07685,107.703,96.1116,11.3745,2012,1,1,2012-01,False
2012-01-05,COALINDIA,107.633,108.945,104.145,106.487,6830098,-1.8825,102.024,104.644,118.992,55.9855,0.135181,-0.943367,1.07855,108.098,95.9504,11.907,2012,1,1,2012-01,False
2012-01-06,COALINDIA,104.942,107.234,104.942,105.656,2714233,-0.7799,102.058,104.575,118.949,54.0991,0.279978,-0.698698,0.978676,108.207,95.9085,12.0503,2012,1,1,2012-01,False
2012-01-09,COALINDIA,106.304,106.968,103.746,104.278,3237127,-1.3049,102.222,104.504,118.902,51.0253,0.280252,-0.502908,0.78316,108.427,96.0176,12.1391,2012,1,1,2012-01,False
2012-01-10,COALINDIA,105.291,106.736,104.759,105.656,3556640,1.3221,102.389,104.465,118.858,53.8492,0.387253,-0.324876,0.712129,108.781,95.9969,12.4859,2012,1,1,2012-01,False
2012-01-11,COALINDIA,105.872,107.417,105.091,106.437,2652061,0.7388,102.724,104.347,118.814,55.4167,0.528944,-0.154112,0.683056,109.232,96.2151,12.6721,2012,1,1,2012-01,False
2012-01-12,COALINDIA,106.869,108.895,105.64,108.181,4866674,1.6386,102.956,104.304,118.758,58.7849,0.773056,0.0313217,0.741734,109.904,96.0088,13.496,2012,1,1,2012-01,False
2012-01-13,COALINDIA,108.629,114.908,108.629,114.21,9030615,5.5734,103.671,104.399,118.742,67.8326,1.43648,0.312353,1.12413,112.087,95.2556,16.2354,2012,1,1,2012-01,False
2012-01-16,COALINDIA,114.094,115.207,112.616,113.214,3405645,-0.8726,104.23,104.498,118.713,65.2817,1.86039,0.62196,1.23843,113.617,94.8433,18.012,2012,1,1,2012-01,False
2012-01-17,COALINDIA,113.945,117.931,113.945,116.851,5299117,3.213,105.057,104.672,118.703,69.7529,2.46148,0.989865,1.47162,115.807,94.3065,20.4653,2012,1,1,2012-01,False
2012-01-18,COALINDIA,117.3,119.027,111.785,112.882,7110166,-3.3973,105.672,104.762,118.686,60.5832,2.5877,1.30943,1.27827,116.746,94.5982,20.9588,2012,1,1,2012-01,False
2012-01-19,COALINDIA,113.28,116.669,112.284,116.237,3572813,2.9723,106.502,104.912,118.692,64.7955,2.92475,1.6325,1.29225,118.145,94.8579,21.8658,2012,1,1,2012-01,False
2012-01-20,COALINDIA,116.918,116.918,111.652,114.543,3705887,-1.4575,107.247,105.036,118.698,61.237,3.02034,1.91006,1.11028,118.949,95.5441,21.8236,2012,1,1,2012-01,False
2012-01-23,COALINDIA,113.347,113.745,110.357,111.287,2654998,-2.8423,107.727,105.095,118.68,54.9872,2.80111,2.08827,0.712835,119.254,96.2007,21.3998,2012,1,1,2012-01,False
2012-01-24,COALINDIA,110.456,112.217,109.078,109.609,4062908,-1.5074,108.254,105.141,118.652,52.0399,2.4636,2.16334,0.30026,119.057,97.4514,19.9578,2012,1,1,2012-01,False
2012-01-25,COALINDIA,110.29,114.875,109.975,113.911,5152317,3.9248,108.974,105.312,118.631,58.2238,2.51427,2.23353,0.280746,119.229,98.7195,18.8202,2012,1,1,2012-01,False
2012-01-27,COALINDIA,114.709,115.606,112.649,113.596,3135118,-0.277,109.692,105.513,118.604,57.6367,2.50015,2.28685,0.213296,119.049,100.334,17.0609,2012,1,1,2012-01,False
2012-01-30,COALINDIA,112.483,113.28,110.589,111.503,2829375,-1.8423,110.273,105.717,118.553,53.7649,2.29364,2.28821,0.00543119,118.43,102.116,14.7947,2012,1,1,2012-01,False
2012-01-31,COALINDIA,111.287,112.118,107.467,108.696,6397212,-2.5175,110.523,105.913,118.5,49.0094,1.88178,2.20692,-0.325144,118.119,102.927,13.7451,2012,1,1,2012-01,False
2012-02-01,COALINDIA,108.629,108.629,104.876,105.307,10018128,-3.1174,110.354,106.043,118.437,43.9553,1.26734,2.01901,-0.751662,118.265,102.442,14.3392,2012,2,1,2012-02,False
2012-02-02,COALINDIA,106.62,107.882,106.138,106.968,6184145,1.5773,110.275,106.172,118.379,46.8488,0.904009,1.79601,-0.891997,118.293,102.258,14.5414,2012,2,1,2012-02,False
2012-02-03,COALINDIA,107.965,109.46,107.45,108.746,3378677,1.6615,110.388,106.35,118.335,49.8334,0.75082,1.58697,-0.836149,118.243,102.533,14.2317,2012,2,1,2012-02,False
2012-02-06,COALINDIA,109.958,110.706,108.347,109.045,3120365,0.2749,110.558,106.51,118.287,50.3385,0.646094,1.39879,-0.7527,118.124,102.992,13.6872,2012,2,1,2012-02,False
2012-02-07,COALINDIA,111.27,111.27,107.799,108.247,1900153,-0.7311,110.756,106.625,118.243,48.9237,0.49308,1.21765,-0.724571,117.82,103.692,12.7561,2012,2,1,2012-02,False
2012-02-08,COALINDIA,108.38,111.503,108.38,110.722,3911363,2.2863,111.01,106.696,118.217,53.3106,0.565003,1.08712,-0.522118,117.655,104.365,11.9718,2012,2,1,2012-02,False
2012-02-09,COALINDIA,110.623,111.735,110.074,110.722,3161155,0.0,111.224,106.778,118.162,53.3106,0.614915,0.99268,-0.377765,117.515,104.933,11.3124,2012,2,1,2012-02,False
2012-02-10,COALINDIA,110.722,111.204,108.796,110.241,3588782,-0.435,111.327,106.809,118.112,52.2968,0.60859,0.915862,-0.307272,117.474,105.18,11.0433,2012,2,1,2012-02,False
2012-02-13,COALINDIA,111.287,113.064,110.755,111.819,4388141,1.4314,111.207,106.849,118.067,55.2962,0.722576,0.877205,-0.154629,117.21,105.205,10.7947,2012,2,1,2012-02,False
2012-02-14,COALINDIA,112.217,112.898,110.39,111.071,2450641,-0.6685,111.1,106.847,118.018,53.5776,0.744019,0.850568,-0.106549,117.028,105.173,10.6705,2012,2,1,2012-02,False
2012-02-15,COALINDIA,112.616,114.26,111.968,112.898,4463513,1.645,110.902,106.894,117.967,57.0883,0.898092,0.860073,0.0380194,116.259,105.546,9.6591,2012,2,1,2012-02,False
2012-02-16,COALINDIA,112.632,112.865,105.988,106.321,16369724,-5.8261,110.574,106.87,117.873,44.1453,0.483865,0.784831,-0.300966,116.216,104.933,10.2045,2012,2,1,2012-02,False
2012-02-17,COALINDIA,107.965,110.457,107.267,107.566,10576465,1.1717,110.141,106.938,117.78,46.614,0.253191,0.678503,-0.425312,115.259,105.023,9.2935,2012,2,1,2012-02,False
2012-02-21,COALINDIA,107.965,109.261,106.337,108.297,5880975,0.6794,109.829,107.004,117.691,48.0642,0.127877,0.568378,-0.440501,114.564,105.094,8.6224,2012,2,1,2012-02,False
2012-02-22,COALINDIA,108.629,109.825,106.304,107.018,3968025,-1.181,109.615,107.125,117.61,45.7234,-0.0737865,0.439945,-0.513732,114.457,104.773,8.8342,2012,2,1,2012-02,False
2012-02-23,COALINDIA,106.636,108.214,105.64,107.218,3360240,0.1862,109.496,107.223,117.529,46.1634,-0.215045,0.308947,-0.523992,114.455,104.536,9.0581,2012,2,1,2012-02,False
2012-02-24,COALINDIA,106.968,109.809,106.537,108.845,4222023,1.5182,109.242,107.405,117.462,49.7468,-0.193417,0.208474,-0.401891,113.749,104.736,8.2501,2012,2,1,2012-02,False
2012-02-27,COALINDIA,109.294,109.925,105.341,107.334,4789844,-1.3887,108.929,107.481,117.385,46.6422,-0.294843,0.107811,-0.402654,113.012,104.846,7.4966,2012,2,1,2012-02,False
2012-02-28,COALINDIA,107.616,110.108,107.467,109.775,2773113,2.2749,108.843,107.678,117.283,51.8678,-0.176169,0.0510149,-0.227184,112.767,104.919,7.2099,2012,2,1,2012-02,False
2012-02-29,COALINDIA,110.008,111.553,110.008,111.121,2881804,1.2256,108.964,107.86,117.198,54.5113,0.0261427,0.0460404,-0.0198978,113.016,104.912,7.438,2012,2,1,2012-02,False
2012-03-01,COALINDIA,110.922,112.45,109.958,111.121,2738044,0.0,109.255,108.076,117.116,54.5113,0.184351,0.0737026,0.110649,113.027,105.482,6.9055,2012,3,1,2012-03,False
2012-03-02,COALINDIA,111.121,111.486,109.41,110.34,1871139,-0.7026,109.423,108.271,117.035,52.5683,0.243925,0.107747,0.136178,113.065,105.782,6.6552,2012,3,1,2012-03,False
2012-03-05,COALINDIA,109.593,109.925,108.081,108.912,1182214,-1.2946,109.432,108.457,116.937,49.1185,0.173871,0.120972,0.0528988,113.067,105.796,6.6442,2012,3,1,2012-03,False
2012-03-06,COALINDIA,108.629,111.586,107.965,109.676,2452725,0.7015,109.463,108.657,116.84,50.9719,0.177954,0.132368,0.0455855,113.095,105.831,6.6364,2012,3,1,2012-03,False
2012-03-07,COALINDIA,109.543,109.825,107.5,108.596,1867060,-0.9844,109.481,108.796,116.724,48.2949,0.0929981,0.124494,-0.0314961,113.092,105.87,6.5965,2012,3,1,2012-03,False
2012-03-09,COALINDIA,109.294,112.201,109.294,111.636,2190819,2.799,109.526,109.047,116.662,55.3972,0.267854,0.153166,0.114688,113.225,105.827,6.7547,2012,3,1,2012-03,False
2012-03-12,COALINDIA,112.616,113.446,111.503,112.101,2081580,0.4166,109.595,109.299,116.598,56.3845,0.438902,0.210313,0.228588,113.437,105.754,7.0105,2012,3,1,2012-03,False
2012-03-13,COALINDIA,113.347,114.842,112.632,114.061,3112273,1.7484,109.786,109.595,116.563,60.3657,0.724262,0.313103,0.411159,114.112,105.46,7.8808,2012,3,1,2012-03,False
2012-03-14,COALINDIA,114.792,116.17,114.277,115.622,6289523,1.3688,109.976,109.91,116.535,63.2439,1.06413,0.463308,0.600821,114.963,104.99,9.0679,2012,3,1,2012-03,False
2012-03-15,COALINDIA,116.391,116.664,114.768,116.288,2943615,0.576,110.237,110.162,116.501,64.4305,1.37141,0.644928,0.72648,115.957,104.518,10.3764,2012,3,1,2012-03,False
2012-03-16,COALINDIA,116.288,119.14,115.776,116.681,5726497,0.3377,110.426,110.322,116.458,65.1451,1.62785,0.841513,0.786341,116.736,104.117,11.4277,2012,3,1,2012-03,False
2012-03-19,COALINDIA,114.854,116.51,113.727,114.342,1523499,-2.0049,110.828,110.438,116.385,57.7081,1.6236,0.997932,0.625673,117.057,104.598,11.2425,2012,3,1,2012-03,False
2012-03-20,COALINDIA,113.59,114.495,111.165,111.524,3024480,-2.4642,111.025,110.539,116.299,50.2652,1.37701,1.07375,0.303261,117.068,104.983,10.8846,2012,3,1,2012-03,False
2012-03-21,COALINDIA,111.763,113.727,111.763,113.095,2308361,1.4087,111.265,110.687,116.209,53.8401,1.29344,1.11768,0.175751,117.232,105.299,10.7253,2012,3,1,2012-03,False
2012-03-22,COALINDIA,112.941,117.671,112.566,115.656,6022192,2.2648,111.697,110.915,116.109,59.0129,1.41755,1.17766,0.239891,117.62,105.774,10.605,2012,3,1,2012-03,False
2012-03-23,COALINDIA,116.083,117.108,112.805,114.359,1996054,-1.1221,112.054,111.089,115.993,55.6124,1.3951,1.22115,0.173958,117.694,106.414,10.0664,2012,3,1,2012-03,False
2012-03-26,COALINDIA,114.068,114.973,112.224,113.368,1653792,-0.866,112.28,111.228,115.892,53.0978,1.28262,1.23344,0.0491751,117.738,106.822,9.7219,2012,3,1,2012-03,False
2012-03-27,COALINDIA,113.727,114.341,111.131,113.01,4081274,-0.3163,112.564,111.324,115.807,52.1778,1.15126,1.217,-0.0657441,117.505,107.623,8.7784,2012,3,1,2012-03,False
2012-03-28,COALINDIA,113.402,113.761,112.053,113.249,1603380,0.2115,112.738,111.305,115.72,52.7654,1.0543,1.18446,-0.130166,117.507,107.969,8.4606,2012,3,1,2012-03,False
2012-03-29,COALINDIA,112.702,116.254,112.702,113.658,5451105,0.3619,112.865,111.314,115.619,53.8129,0.999006,1.14737,-0.148366,117.588,108.142,8.369,2012,3,1,2012-03,False
2012-03-30,COALINDIA,113.795,119.191,113.59,117.449,2711580,3.3354,113.181,111.326,115.53,62.1708,1.24671,1.16724,0.0794711,118.248,108.115,8.9527,2012,3,1,2012-03,False
2012-04-02,COALINDIA,116.117,117.244,114.444,116.527,2427033,-0.7851,113.49,111.399,115.437,59.3571,1.35301,1.20439,0.14862,118.582,108.399,8.9726,2012,4,2,2012-04,False
2012-04-03,COALINDIA,117.108,118.611,116.305,117.244,1424419,0.6155,113.907,111.419,115.35,60.8415,1.4781,1.25913,0.218961,118.78,109.034,8.556,2012,4,2,2012-04,False
2012-04-04,COALINDIA,115.093,117.723,114.273,116.664,2287795,-0.4952,114.256,111.461,115.276,58.9641,1.51294,1.30989,0.203041,118.846,109.667,8.0335,2012,4,2,2012-04,False
2012-04-09,COALINDIA,114.888,116.903,114.751,114.905,892507,-1.5076,114.572,111.534,115.196,53.571,1.38268,1.32445,0.0582307,118.312,110.832,6.5285,2012,4,2,2012-04,False
2012-04-10,COALINDIA,115.127,115.366,113.044,113.829,873331,-0.9363,114.682,111.618,115.117,50.5268,1.17906,1.29537,-0.116317,118.18,111.183,6.1008,2012,4,2,2012-04,False
2012-04-11,COALINDIA,112.702,114.956,112.19,113.061,1699275,-0.675,114.73,111.601,115.028,48.4108,0.944787,1.22526,-0.280469,118.103,111.356,5.8804,2012,4,2,2012-04,False
2012-04-12,COALINDIA,113.727,114.666,113.3,113.778,1201944,0.6343,114.715,111.605,114.941,50.4947,0.807687,1.14174,-0.334055,118.103,111.328,5.9058,2012,4,2,2012-04,False
2012-04-13,COALINDIA,115.571,117.688,114.512,115.742,1894838,1.7259,114.721,111.689,114.863,55.7638,0.84772,1.08294,-0.235218,118.116,111.327,5.9179,2012,4,2,2012-04,False
2012-04-16,COALINDIA,114.085,116.083,114.085,115.827,806031,0.0738,114.698,111.832,114.796,55.9831,0.876235,1.0416,-0.165362,118.054,111.343,5.8515,2012,4,2,2012-04,False
2012-04-17,COALINDIA,117.142,120.369,117.142,119.55,4635971,3.2139,114.842,112.117,114.765,64.2963,1.18555,1.07039,0.115162,118.754,110.93,6.8125,2012,4,2,2012-04,False
2012-04-18,COALINDIA,120.728,120.865,118.303,118.867,1425875,-0.5714,115.068,112.355,114.735,61.983,1.35989,1.12829,0.2316,119.363,110.773,7.4646,2012,4,2,2012-04,False
2012-04-19,COALINDIA,119.362,123.904,118.61,123.494,3178601,3.8931,115.667,112.65,114.706,69.8873,1.85014,1.27266,0.577479,121.074,110.259,9.3498,2012,4,2,2012-04,False
2012-04-20,COALINDIA,123.289,124.519,121.582,123.785,2814624,0.2351,116.201,112.945,114.665,70.3044,2.23631,1.46539,0.770921,122.566,109.836,10.9558,2012,4,2,2012-04,False
2012-04-23,COALINDIA,122.64,125.492,120.318,121.377,2317353,-1.9451,116.487,113.207,114.62,62.5639,2.32131,1.63657,0.68474,123.251,109.723,11.6132,2012,4,2,2012-04,False
2012-04-24,COALINDIA,122.162,124.211,120.506,121.616,2301413,0.197,116.85,113.425,114.584,62.9995,2.38053,1.78536,0.595164,123.905,109.794,12.0762,2012,4,2,2012-04,False
2012-04-25,COALINDIA,121.923,122.35,119.02,119.362,1822054,-1.8534,117.15,113.598,114.529,56.3427,2.21998,1.87229,0.347695,124.091,110.209,11.8499,2012,4,2,2012-04,False
2012-04-26,COALINDIA,120.523,123.853,117.449,122.743,5184496,2.8326,117.636,113.848,114.505,62.708,2.33861,1.96555,0.373062,124.719,110.554,12.041,2012,4,2,2012-04,False
2012-04-27,COALINDIA,121.753,122.248,118.85,119.96,1031688,-2.2676,117.972,114.011,114.449,55.5302,2.18287,2.00902,0.173857,124.811,111.133,11.5938,2012,4,2,2012-04,False
2012-04-30,COALINDIA,120.045,121.206,119.225,120.335,745458,0.3131,118.306,114.196,114.395,56.2578,2.06594,2.0204,0.0455412,124.906,111.706,11.1572,2012,4,2,2012-04,False
2012-05-02,COALINDIA,120.745,121.394,117.227,118.098,2621232,-1.859,118.338,114.3,114.334,50.9146,1.77234,1.97079,-0.19845,124.927,111.75,11.1349,2012,5,2,2012-05,False
2012-05-03,COALINDIA,117.244,117.705,113.658,115.076,3406455,-2.5592,118.266,114.475,114.256,44.7326,1.28101,1.83283,-0.551828,124.969,111.562,11.3362,2012,5,2,2012-05,False
2012-05-04,COALINDIA,115.093,115.776,112.224,112.634,1430057,-2.122,118.035,114.576,114.217,40.4585,0.686666,1.6036,-0.916934,125.188,110.882,12.1206,2012,5,2,2012-05,False
2012-05-07,COALINDIA,111.678,113.522,111.029,112.19,2982635,-0.3942,117.811,114.654,114.186,39.7154,0.177772,1.31843,-1.14066,125.411,110.212,12.9015,2012,5,2,2012-05,False
2012-05-08,COALINDIA,111.712,115.673,111.678,114.307,3112575,1.8874,117.781,114.8,114.151,44.9116,-0.0540496,1.04394,-1.09799,125.434,110.129,12.9941,2012,5,2,2012-05,False
2012-05-09,COALINDIA,113.676,113.676,111.097,111.507,2775700,-2.4499,117.665,114.886,114.098,40.0008,-0.458459,0.743458,-1.20192,125.634,109.697,13.5448,2012,5,2,2012-05,False
2012-05-10,COALINDIA,112.002,112.924,109.287,109.731,1823505,-1.5927,117.499,114.904,114.03,37.2213,-0.911748,0.412417,-1.32416,125.994,109.003,14.4607,2012,5,2,2012-05,False
2012-05-11,COALINDIA,109.441,109.697,106.777,107.409,2240167,-2.1164,117.18,114.905,113.96,33.9036,-1.44176,0.0415815,-1.48334,126.681,107.679,16.2159,2012,5,2,2012-05,False
2012-05-14,COALINDIA,107.579,109.372,107.238,107.955,2554750,0.5088,116.791,114.869,113.888,35.3635,-1.79699,-0.326132,-1.47086,127.141,106.442,17.723,2012,5,2,2012-05,False
2012-05-15,COALINDIA,106.93,107.87,106.043,107.306,1867697,-0.6011,116.365,114.792,113.811,34.3921,-2.10658,-0.682223,-1.42436,127.549,105.181,19.223,2012,5,2,2012-05,False
2012-05-16,COALINDIA,106.384,107.75,104.984,105.325,2230341,-1.846,115.654,114.677,113.728,31.5435,-2.48316,-1.04241,-1.44075,127.757,103.551,20.9298,2012,5,2,2012-05,False
2012-05-17,COALINDIA,105.291,106.726,104.335,104.659,2066494,-0.6323,114.943,114.563,113.641,30.6251,-2.80302,-1.39453,-1.40849,127.891,101.996,22.5282,2012,5,2,2012-05,False
2012-05-18,COALINDIA,103.823,104.437,102.832,103.515,2601032,-1.0932,113.944,114.455,113.547,29.0597,-3.11294,-1.73821,-1.37473,127.193,100.696,23.2551,2012,5,2,2012-05,False
2012-05-21,COALINDIA,103.31,106.316,103.157,105.872,1855016,2.2765,113.049,114.379,113.464,36.2837,-3.13231,-2.01703,-1.11527,125.913,100.184,22.7589,2012,5,2,2012-05,False
2012-05-22,COALINDIA,107.067,107.545,104.198,104.489,1763845,-1.3065,112.204,114.297,113.365,34.0894,-3.22212,-2.25805,-0.964068,124.984,99.4249,22.7789,2012,5,2,2012-05,False
2012-05-23,COALINDIA,104.096,105.821,103.345,105.308,1096968,0.7844,111.389,114.17,113.23,36.5386,-3.19038,-2.44451,-0.745864,123.713,99.0651,22.1278,2012,5,2,2012-05,False
2012-05-24,COALINDIA,105.189,106.589,104.198,105.786,888439,0.454,110.71,114.044,113.106,37.9863,-3.09101,-2.57381,-0.5172,122.675,98.745,21.6154,2012,5,2,2012-05,False
2012-05-25,COALINDIA,105.359,107.34,104.95,107.084,1207744,1.2268,109.927,113.904,112.997,41.8629,-2.87441,-2.63393,-0.240477,120.551,99.3032,19.3294,2012,5,2,2012-05,False
2012-05-28,COALINDIA,107.238,108.092,106.982,107.579,976383,0.4624,109.308,113.743,112.885,43.3189,-2.63245,-2.63364,0.00118827,118.86,99.7568,17.4763,2012,5,2,2012-05,False
2012-05-29,COALINDIA,108.945,110.653,108.297,109.919,2048507,2.1746,108.788,113.616,112.775,49.7248,-2.22626,-2.55216,0.325904,116.823,100.752,14.7729,2012,5,2,2012-05,False
2012-05-30,COALINDIA,109.236,110.107,108.638,109.167,1288436,-0.6835,108.341,113.466,112.67,47.8542,-1.94258,-2.43025,0.487664,115.087,101.595,12.4535,2012,5,2,2012-05,False
2012-05-31,COALINDIA,107.921,111.251,107.921,109.833,4945117,0.61,108.079,113.376,112.566,49.6618,-1.64506,-2.27321,0.628144,114.091,102.067,11.1247,2012,5,2,2012-05,False
2012-06-01,COALINDIA,109.833,110.738,108.741,109.885,1725372,0.0466,107.941,113.343,112.463,49.8059,-1.38913,-2.09639,0.70726,113.632,102.251,10.5433,2012,6,2,2012-06,False
2012-06-04,COALINDIA,109.885,110.158,107.614,109.321,1779732,-0.5128,107.798,113.267,112.359,48.1719,-1.21774,-1.92066,0.702923,113.173,102.423,9.9729,2012,6,2,2012-06,False
2012-06-05,COALINDIA,109.389,110.909,107.511,107.955,1820932,-1.2496,107.48,113.113,112.27,44.3716,-1.17856,-1.77224,0.593686,111.902,103.058,8.2283,2012,6,2,2012-06,False
2012-06-06,COALINDIA,108.262,110.482,108.262,109.97,2518829,1.8665,107.403,113.026,112.187,50.5665,-0.973684,-1.61253,0.638846,111.577,103.23,7.7721,2012,6,2,2012-06,False
2012-06-07,COALINDIA,110.431,111.558,110.431,111.08,1102332,1.0093,107.471,112.98,112.101,53.6298,-0.713533,-1.43273,0.719198,111.842,103.1,8.1344,2012,6,2,2012-06,False
2012-06-08,COALINDIA,110.585,112.531,109.902,111.917,1309159,0.7532,107.696,112.958,112.022,55.8508,-0.434834,-1.23315,0.798317,112.498,102.895,8.9164,2012,6,2,2012-06,False
2012-06-11,COALINDIA,112.361,115.195,112.053,113.624,1775891,1.5258,107.98,112.966,111.948,60.0558,-0.0753048,-1.00158,0.926277,113.466,102.494,10.1615,2012,6,2,2012-06,False
2012-06-12,COALINDIA,112.941,115.161,112.77,114.785,1185164,1.0219,108.354,112.988,111.861,62.6602,0.299863,-0.741293,1.04116,114.612,102.096,11.5514,2012,6,2,2012-06,False
2012-06-13,COALINDIA,114.922,116.425,113.556,113.829,1541990,-0.8331,108.779,112.916,111.783,59.2349,0.514098,-0.490215,1.00431,115.32,102.238,12.0262,2012,6,2,2012-06,False
2012-06-14,COALINDIA,113.915,114.99,112.514,113.027,1016302,-0.705,109.197,112.846,111.695,56.4461,0.612067,-0.269759,0.881825,115.699,102.696,11.9083,2012,6,2,2012-06,False
2012-06-15,COALINDIA,113.727,116.425,113.727,116.015,2607870,2.6439,109.822,112.821,111.621,63.3628,0.92023,-0.0317608,0.951991,116.427,103.218,12.0272,2012,6,2,2012-06,False
2012-06-18,COALINDIA,116.561,117.484,115.042,115.964,1920907,-0.0441,110.327,112.807,111.55,63.1777,1.1471,0.204011,0.943086,117.197,103.457,12.4542,2012,6,2,2012-06,False
2012-06-19,COALINDIA,115.708,117.876,114.273,117.483,1889552,1.3105,110.977,112.859,111.517,66.3229,1.433,0.449809,0.983194,117.979,103.975,12.6189,2012,6,2,2012-06,False
2012-06-20,COALINDIA,117.893,118.252,114.785,115.4,1968947,-1.7733,111.481,112.89,111.472,58.8963,1.47449,0.654745,0.819741,118.213,104.75,12.0762,2012,6,2,2012-06,False
2012-06-21,COALINDIA,114.82,117.398,114.324,116.766,1306288,1.1838,112.03,112.964,111.459,61.9084,1.59916,0.843627,0.755531,118.595,105.466,11.7195,2012,6,2,2012-06,False
2012-06-22,COALINDIA,116.117,117.262,114.922,115.332,1307708,-1.2284,112.443,112.995,111.423,57.171,1.56419,0.98774,0.576449,118.729,106.156,11.1822,2012,6,2,2012-06,False
2012-06-25,COALINDIA,116.578,117.825,114.478,114.973,1341511,-0.3109,112.812,112.98,111.375,56.0169,1.49036,1.08826,0.402095,118.755,106.87,10.5358,2012,6,2,2012-06,False
2012-06-26,COALINDIA,115.093,116.117,114.427,115.708,977526,0.6386,113.102,112.977,111.309,57.8913,1.4741,1.16543,0.308672,119.015,107.189,10.4565,2012,6,2,2012-06,False
2012-06-27,COALINDIA,116.117,117.637,115.725,117.074,1093934,1.1807,113.497,112.928,111.262,61.204,1.55355,1.24305,0.310493,119.36,107.634,10.331,2012,6,2,2012-06,False
2012-06-28,COALINDIA,116.817,119.174,116.766,118.798,1551058,1.4731,113.945,112.927,111.228,64.9525,1.73566,1.34158,0.394088,119.996,107.894,10.621,2012,6,2,2012-06,False
2012-06-29,COALINDIA,119.533,120.899,117.159,118.44,2197837,-0.3018,114.373,112.825,111.171,63.5771,1.82997,1.43925,0.390711,120.425,108.321,10.5829,2012,6,2,2012-06,False
2012-07-02,COALINDIA,118.85,120.164,117.74,119.669,939971,1.0381,114.89,112.743,111.128,66.2186,1.98107,1.54762,0.433453,120.893,108.888,10.4493,2012,7,3,2012-07,False
2012-07-03,COALINDIA,119.311,122.231,118.44,121.889,1721062,1.855,115.587,112.753,111.104,70.3936,2.25397,1.68889,0.56508,121.433,109.741,10.1149,2012,7,3,2012-07,False
2012-07-04,COALINDIA,121.923,122.487,120.318,120.813,1463831,-0.8826,116.129,112.737,111.081,66.1283,2.35627,1.82236,0.533906,121.79,110.469,9.7488,2012,7,3,2012-07,False
2012-07-05,COALINDIA,121.104,121.633,118.713,119.02,992871,-1.4841,116.526,112.731,111.052,59.642,2.26654,1.9112,0.355341,121.796,111.257,9.0448,2012,7,3,2012-07,False
2012-07-06,COALINDIA,118.986,120.933,118.611,120.011,2194702,0.8321,116.931,112.676,111.024,61.867,2.24942,1.97884,0.270573,121.947,111.915,8.58,2012,7,3,2012-07,False
2012-07-09,COALINDIA,119.191,120.523,118.337,119.72,1169024,-0.2419,117.236,112.671,110.994,60.8088,2.18721,2.02052,0.166693,122.146,112.326,8.3763,2012,7,3,2012-07,False
2012-07-10,COALINDIA,119.874,122.948,119.72,120.865,1487627,0.9556,117.54,112.682,110.969,63.4615,2.20481,2.05737,0.147436,122.563,112.517,8.5463,2012,7,3,2012-07,False
2012-07-11,COALINDIA,119.942,121.138,119.618,120.728,747301,-0.113,117.885,112.734,110.947,62.914,2.18258,2.08242,0.100165,122.78,112.989,8.3058,2012,7,3,2012-07,False
2012-07-12,COALINDIA,120.113,121.496,119.96,121.018,1078046,0.2405,118.284,112.853,110.924,63.6321,2.16345,2.09862,0.0648264,122.8,113.768,7.6357,2012,7,3,2012-07,False
2012-07-13,COALINDIA,121.24,121.923,120.557,120.933,1002438,-0.0706,118.53,113.019,110.89,63.2441,2.11699,2.1023,0.0146963,123.061,113.999,7.6456,2012,7,3,2012-07,False
2012-07-16,COALINDIA,120.557,121.872,119.43,119.72,1105616,-1.0025,118.718,113.17,110.865,57.8513,1.95975,2.07379,-0.114034,123.111,114.326,7.3999,2012,7,3,2012-07,False
2012-07-17,COALINDIA,120.899,121.377,120.199,121.001,1404550,1.0697,118.894,113.304,110.863,61.5783,1.91639,2.04231,-0.125916,123.359,114.429,7.5117,2012,7,3,2012-07,False
2012-07-18,COALINDIA,121.411,123.597,121.411,123.05,3132440,1.6935,119.276,113.534,110.902,66.6584,2.02404,2.03866,-0.0146118,123.792,114.761,7.5718,2012,7,3,2012-07,False
2012-07-19,COALINDIA,123.87,124.177,122.35,122.88,1221959,-0.1388,119.582,113.797,110.922,65.8767,2.0717,2.04526,0.0264342,124.209,114.956,7.7378,2012,7,3,2012-07,False
2012-07-20,COALINDIA,122.675,124.041,122.606,123.289,973638,0.3335,119.98,114.115,110.948,66.8805,2.11812,2.05984,0.0582828,124.433,115.527,7.4228,2012,7,3,2012-07,False
2012-07-23,COALINDIA,122.606,122.845,121.172,121.513,705880,-1.4404,120.307,114.386,110.973,58.8074,1.98868,2.0456,-0.0569235,124.127,116.487,6.3512,2012,7,3,2012-07,False
2012-07-24,COALINDIA,121.24,122.145,120.472,121.616,871978,0.0843,120.602,114.672,111.027,59.114,1.87278,2.01104,-0.13826,123.786,117.419,5.2795,2012,7,3,2012-07,False
2012-07-25,COALINDIA,120.557,121.24,118.167,119.874,1403757,-1.4322,120.742,114.963,111.067,52.0242,1.62169,1.93317,-0.311481,123.489,117.996,4.5493,2012,7,3,2012-07,False
2012-07-26,COALINDIA,119.874,120.147,118.235,119.106,2974750,-0.641,120.758,115.252,111.132,49.2195,1.34518,1.81557,-0.470389,123.462,118.054,4.478,2012,7,3,2012-07,False
2012-07-27,COALINDIA,120.045,121.069,119.55,120.865,1257600,1.4767,120.879,115.599,111.197,55.176,1.25352,1.70316,-0.449638,123.353,118.405,4.093,2012,7,3,2012-07,False
2012-07-30,COALINDIA,121.069,122.64,120.25,121.513,1155127,0.5369,120.971,115.912,111.243,57.1721,1.21919,1.60637,-0.387177,123.392,118.55,4.0023,2012,7,3,2012-07,False
2012-07-31,COALINDIA,121.582,123.426,121.274,122.726,1652469,0.9978,121.013,116.277,111.286,60.6939,1.27512,1.54012,-0.265003,123.528,118.498,4.1561,2012,7,3,2012-07,False
2012-08-01,COALINDIA,121.923,122.504,117.893,119.276,2658429,-2.8106,120.936,116.556,111.308,48.4794,1.02923,1.43794,-0.408707,123.568,118.305,4.3521,2012,8,3,2012-08,False
2012-08-02,COALINDIA,119.738,119.874,117.227,118.423,2215158,-0.7158,120.906,116.809,111.339,46.0111,0.756754,1.3017,-0.54495,123.641,118.172,4.5238,2012,8,3,2012-08,False
2012-08-03,COALINDIA,117.62,117.825,114.427,117.483,3796470,-0.7931,120.78,117.017,111.375,43.3939,0.459727,1.13331,-0.673581,123.896,117.664,5.1598,2012,8,3,2012-08,False
2012-08-06,COALINDIA,117.723,118.645,116.51,117.296,1030665,-0.1599,120.659,117.211,111.426,42.8687,0.206792,0.948005,-0.741213,124.118,117.199,5.7341,2012,8,3,2012-08,False
2012-08-07,COALINDIA,116.92,118.167,116.134,117.654,1818651,0.3057,120.498,117.366,111.481,44.2558,0.0348711,0.765378,-0.730507,124.206,116.79,6.1547,2012,8,3,2012-08,False
2012-08-08,COALINDIA,117.825,120.045,117.432,117.893,2484555,0.2032,120.357,117.541,111.522,45.2109,-0.0811509,0.596072,-0.677223,124.24,116.473,6.4537,2012,8,3,2012-08,False
2012-08-09,COALINDIA,118.474,121.155,118.184,120.421,3254288,2.1437,120.327,117.752,111.568,54.1532,0.0304752,0.482953,-0.452478,124.198,116.455,6.4349,2012,8,3,2012-08,False
2012-08-10,COALINDIA,120.455,120.83,118.559,119.054,1096183,-1.1344,120.233,117.936,111.615,49.4545,0.00861035,0.388084,-0.379474,124.133,116.332,6.4883,2012,8,3,2012-08,False
2012-08-13,COALINDIA,119.533,119.703,118.064,118.73,982115,-0.2725,120.183,118.124,111.663,48.3808,-0.0345002,0.303567,-0.338068,124.136,116.23,6.5778,2012,8,3,2012-08,False
2012-08-14,COALINDIA,119.533,121.582,119.533,120.813,2594238,1.7546,120.174,118.381,111.728,55.1188,0.0983052,0.262515,-0.16421,124.119,116.228,6.5662,2012,8,3,2012-08,False
2012-08-16,COALINDIA,120.557,121.121,119.089,120.762,1322951,-0.0424,120.059,118.597,111.794,54.929,0.197148,0.249442,-0.0522936,123.78,116.339,6.1978,2012,8,3,2012-08,False
2012-08-17,COALINDIA,121.24,121.735,119.14,119.498,3018095,-1.0464,119.89,118.765,111.83,50.3239,0.171539,0.233861,-0.0623217,123.371,116.41,5.8061,2012,8,3,2012-08,False
2012-08-21,COALINDIA,119.516,120.745,118.064,120.369,805617,0.7288,119.744,118.934,111.88,53.2339,0.218994,0.230888,-0.0118937,122.849,116.64,5.1858,2012,8,3,2012-08,False
2012-08-22,COALINDIA,119.276,122.06,119.276,121.496,1228381,0.9363,119.744,119.092,111.94,56.7637,0.343583,0.253427,0.0901566,122.846,116.641,5.1824,2012,8,3,2012-08,False
2012-08-23,COALINDIA,121.291,123.067,120.745,122.641,2822248,0.9417,119.795,119.249,112.012,60.0595,0.52855,0.308452,0.220099,123.057,116.532,5.4472,2012,8,3,2012-08,False
2012-08-24,COALINDIA,122.35,126.961,122.35,125.356,4474419,2.2138,120.069,119.479,112.098,66.5715,0.88403,0.423567,0.460463,124.172,115.965,6.835,2012,8,3,2012-08,False
2012-08-27,COALINDIA,125.304,126.312,123.699,124.57,2562249,-0.6266,120.342,119.71,112.179,63.3533,1.08981,0.556815,0.532991,124.88,115.804,7.5419,2012,8,3,2012-08,False
2012-08-28,COALINDIA,123.716,124.826,122.128,122.76,1088810,-1.4531,120.437,119.845,112.249,56.567,1.09421,0.664295,0.429919,125.098,115.775,7.7409,2012,8,3,2012-08,False
2012-08-29,COALINDIA,122.692,123.614,121.821,122.88,768280,0.0974,120.505,119.983,112.322,56.8954,1.09473,0.750382,0.34435,125.272,115.738,7.9113,2012,8,3,2012-08,False
2012-08-30,COALINDIA,122.521,124.997,121.94,123.187,1876595,0.2501,120.528,120.098,112.396,57.7793,1.10718,0.821742,0.28544,125.344,115.712,7.9918,2012,8,3,2012-08,False
2012-08-31,COALINDIA,122.777,122.777,119.328,120.028,1690335,-2.5645,120.566,120.19,112.46,47.0907,0.852312,0.827856,0.0244557,125.352,115.779,7.9404,2012,8,3,2012-08,False
2012-09-03,COALINDIA,120.352,123.955,119.311,123.255,1238762,2.6889,120.807,120.32,112.549,56.0382,0.900373,0.842359,0.0580137,125.626,115.988,7.9779,2012,9,3,2012-09,False
2012-09-04,COALINDIA,123.375,124.058,121.445,123.17,1335023,-0.0693,121.092,120.477,112.647,55.7695,0.920954,0.858078,0.0628756,125.753,116.43,7.6994,2012,9,3,2012-09,False
2012-09-05,COALINDIA,122.009,123.494,121.326,122.675,1999234,-0.4021,121.361,120.631,112.754,54.1477,0.887079,0.863878,0.0232004,125.71,117.011,7.1684,2012,9,3,2012-09,False
2012-09-06,COALINDIA,123.119,123.581,121.632,122.521,772575,-0.1255,121.604,120.767,112.872,53.6259,0.838152,0.858733,-0.0205808,125.612,117.596,6.5916,2012,9,3,2012-09,False
2012-09-07,COALINDIA,123.461,124.077,122.401,123.53,813793,0.8235,121.886,120.896,112.996,56.5804,0.870751,0.861137,0.00961436,125.575,118.197,6.0535,2012,9,3,2012-09,False
2012-09-10,COALINDIA,123.461,126.454,123.171,125.411,1683054,1.5227,122.135,121.028,113.12,61.5045,1.03642,0.896193,0.140224,126.074,118.197,6.4494,2012,9,3,2012-09,False
2012-09-11,COALINDIA,124.145,125.718,124.145,125.411,790047,0.0,122.453,121.168,113.248,61.5045,1.1544,0.947834,0.206566,126.371,118.536,6.3984,2012,9,3,2012-09,False
2012-09-12,COALINDIA,125.274,129.104,125.274,128.813,3049221,2.7134,122.957,121.351,113.387,68.9037,1.50514,1.05929,0.445842,127.415,118.499,7.2516,2012,9,3,2012-09,False
2012-09-13,COALINDIA,129.497,130.455,128.283,129.959,1739163,0.8894,123.415,121.512,113.524,70.9297,1.85417,1.21827,0.635903,128.739,118.09,8.6284,2012,9,3,2012-09,False
2012-09-14,COALINDIA,131.156,131.755,130.353,131.054,2034569,0.8421,123.929,121.717,113.644,72.7557,2.19381,1.41338,0.780432,130.097,117.762,9.9533,2012,9,3,2012-09,False
2012-09-17,COALINDIA,130.985,132.097,127.428,128.01,3702194,-2.3226,124.355,121.897,113.751,61.2352,2.19209,1.56912,0.622972,130.408,118.301,9.7363,2012,9,3,2012-09,False
2012-09-18,COALINDIA,128.249,129.566,126.539,128.437,3027806,0.334,124.758,122.065,113.849,62.1419,2.19987,1.69527,0.504598,130.769,118.747,9.6358,2012,9,3,2012-09,False
2012-09-20,COALINDIA,126.539,127.941,123.837,124.658,2711969,-2.9424,124.916,122.164,113.924,50.8247,1.87943,1.7321,0.147324,130.729,119.104,9.3063,2012,9,3,2012-09,False
2012-09-21,COALINDIA,124.863,128.591,123.735,127.428,4354579,2.2223,125.156,122.295,114.005,57.006,1.82794,1.75127,0.0766681,130.968,119.343,9.2881,2012,9,3,2012-09,False
2012-09-24,COALINDIA,126.915,127.309,125.513,126.454,1163086,-0.7649,125.21,122.41,114.084,54.4143,1.68901,1.73882,-0.049806,131.051,119.37,9.3298,2012,9,3,2012-09,False
2012-09-25,COALINDIA,125.599,127.548,124.829,126.077,1178093,-0.2975,125.286,122.511,114.177,53.405,1.53091,1.69724,-0.16633,131.131,119.441,9.3307,2012,9,3,2012-09,False
2012-09-26,COALINDIA,125.342,126.18,122.093,122.486,2996497,-2.8483,125.272,122.542,114.269,44.8535,1.10313,1.57841,-0.475288,131.143,119.401,9.3734,2012,9,3,2012-09,False
2012-09-27,COALINDIA,122.435,123.991,120.212,122.298,4214312,-0.1536,125.243,122.593,114.355,44.452,0.740395,1.41081,-0.670415,131.17,119.317,9.464,2012,9,3,2012-09,False
2012-09-28,COALINDIA,123.119,126.539,121.529,122.76,2636688,0.3775,125.222,122.629,114.464,45.7361,0.484598,1.22557,-0.740969,131.182,119.261,9.5201,2012,9,3,2012-09,False
2012-10-01,COALINDIA,123.119,123.564,121.785,122.298,843310,-0.3761,125.335,122.614,114.564,44.6252,0.241834,1.02882,-0.786987,130.956,119.714,8.9694,2012,10,4,2012-10,False
2012-10-03,COALINDIA,122.298,125.513,122.076,124.898,1712977,2.1253,125.417,122.654,114.69,51.7329,0.256219,0.8743,-0.618081,130.958,119.877,8.8351,2012,10,4,2012-10,False
2012-10-04,COALINDIA,125.359,125.77,123.222,123.701,1838271,-0.9583,125.444,122.662,114.791,48.6368,0.169086,0.733257,-0.564171,130.944,119.944,8.7688,2012,10,4,2012-10,False
2012-10-05,COALINDIA,123.837,126.608,98.9742,124.299,6833999,0.4839,125.525,122.718,114.913,50.2405,0.146639,0.615934,-0.469295,130.9,120.151,8.563,2012,10,4,2012-10,False
2012-10-08,COALINDIA,124.504,124.829,121.905,122.23,1100145,-1.6646,125.511,122.73,115.014,45.0088,-0.0376779,0.485211,-0.522889,130.921,120.101,8.6208,2012,10,4,2012-10,False
2012-10-09,COALINDIA,123.119,123.632,121.546,121.939,1272596,-0.2378,125.431,122.771,115.122,44.3106,-0.204846,0.3472,-0.552046,131.008,119.854,8.8922,2012,10,4,2012-10,False
2012-10-10,COALINDIA,121.409,122.093,120.725,120.811,639630,-0.9255,125.201,122.806,115.223,41.6121,-0.423514,0.193057,-0.616571,131.149,119.254,9.5006,2012,10,4,2012-10,False
2012-10-11,COALINDIA,121.409,123.085,120.777,122.692,1000450,1.557,125.065,122.842,115.338,47.3655,-0.439959,0.0664539,-0.506413,131.116,119.015,9.676,2012,10,4,2012-10,False
2012-10-12,COALINDIA,122.093,123.803,121.409,122.88,1107958,0.1533,124.769,122.869,115.454,47.9183,-0.432823,-0.0334014,-0.399421,130.624,118.913,9.3863,2012,10,4,2012-10,False
2012-10-15,COALINDIA,122.709,122.709,120.982,121.905,978551,-0.7932,124.366,122.853,115.556,45.2658,-0.500052,-0.126732,-0.373321,129.812,118.92,8.758,2012,10,4,2012-10,False
2012-10-16,COALINDIA,121.461,122.965,120.725,121.136,839257,-0.6312,123.87,122.89,115.666,43.2313,-0.608412,-0.223068,-0.385344,128.496,119.244,7.4698,2012,10,4,2012-10,False
2012-10-17,COALINDIA,121.58,122.196,120.571,120.93,1006622,-0.1694,123.516,122.94,115.773,42.6804,-0.702744,-0.319003,-0.383741,127.885,119.147,7.0742,2012,10,4,2012-10,False
2012-10-18,COALINDIA,120.948,123.684,120.229,122.88,1398223,1.612,123.238,123.048,115.891,49.2914,-0.613135,-0.377829,-0.235306,126.946,119.53,6.0174,2012,10,4,2012-10,False
2012-10-19,COALINDIA,122.162,122.982,120.725,121.05,1193960,-1.489,123.058,123.123,115.997,44.1449,-0.6819,-0.438644,-0.243257,126.825,119.29,6.1232,2012,10,4,2012-10,False
2012-10-22,COALINDIA,119.768,122.675,119.768,122.384,1077651,1.1019,122.805,123.218,116.09,48.3763,-0.621605,-0.475236,-0.146369,125.968,119.643,5.1501,2012,10,4,2012-10,False
2012-10-23,COALINDIA,121.956,123.735,121.17,122.623,1394940,0.1956,122.614,123.313,116.16,49.1213,-0.548185,-0.489826,-0.0583595,125.269,119.959,4.3312,2012,10,4,2012-10,False
2012-10-25,COALINDIA,122.435,123.359,121.461,121.871,1540244,-0.6136,122.404,123.342,116.227,46.8338,-0.544433,-0.500747,-0.0436854,124.514,120.293,3.4488,2012,10,4,2012-10,False
2012-10-29,COALINDIA,121.101,122.11,119.391,119.733,904286,-1.7539,122.266,123.355,116.293,40.9929,-0.705802,-0.541758,-0.164044,124.69,119.842,3.9648,2012,10,4,2012-10,False
2012-10-30,COALINDIA,119.733,119.973,118.177,118.519,844118,-1.014,122.077,123.351,116.357,38.0873,-0.921038,-0.617614,-0.303424,125.023,119.131,4.8266,2012,10,4,2012-10,False
2012-10-31,COALINDIA,118.639,119.477,117.237,118.434,1238573,-0.0722,121.861,123.303,116.428,37.8836,-1.086,-0.711291,-0.374707,125.204,118.517,5.4873,2012,10,4,2012-10,False
2012-11-01,COALINDIA,118.16,119.562,117.852,118.964,846349,0.4476,121.694,123.267,116.495,40.0248,-1.16057,-0.801147,-0.359426,125.27,118.118,5.877,2012,11,4,2012-11,False
2012-11-02,COALINDIA,118.69,120.503,118.69,119.904,1715884,0.7906,121.444,123.276,116.562,43.7306,-1.13075,-0.867068,-0.263684,124.767,118.122,5.4715,2012,11,4,2012-11,False
2012-11-05,COALINDIA,119.477,121.409,119.46,120.708,1271314,0.6703,121.295,123.282,116.625,46.7582,-1.03039,-0.899732,-0.130656,124.455,118.135,5.2107,2012,11,4,2012-11,False
2012-11-06,COALINDIA,120.383,121.683,119.015,120.349,1830106,-0.2975,121.097,123.259,116.655,45.5782,-0.96866,-0.913518,-0.0551422,123.945,118.249,4.7034,2012,11,4,2012-11,False
2012-11-07,COALINDIA,119.887,120.383,118.878,119.135,2822027,-1.0088,120.942,123.189,116.685,41.7427,-1.00611,-0.932036,-0.0740719,123.866,118.018,4.8353,2012,11,4,2012-11,False
2012-11-08,COALINDIA,118.502,119.939,118.109,119.409,1800464,0.2296,120.816,123.07,116.698,42.9086,-1.00216,-0.94606,-0.0560972,123.777,117.855,4.9019,2012,11,4,2012-11,False
2012-11-09,COALINDIA,119.699,120.315,118.109,118.536,2114860,-0.7303,120.702,122.95,116.726,40.1502,-1.05721,-0.96829,-0.0889201,123.834,117.57,5.1892,2012,11,4,2012-11,False
2012-11-12,COALINDIA,118.417,119.289,117.049,117.87,4073157,-0.5626,120.461,122.852,116.734,38.1315,-1.14149,-1.00293,-0.138562,123.689,117.233,5.3591,2012,11,4,2012-11,False
2012-11-15,COALINDIA,117.989,119.836,117.733,119.152,3944091,1.088,120.275,122.777,116.757,43.9662,-1.09221,-1.02079,-0.0714253,123.341,117.208,5.0987,2012,11,4,2012-11,False
2012-11-16,COALINDIA,119.528,121.136,118.297,120.093,2884881,0.7893,120.184,122.715,116.801,47.8502,-0.966132,-1.00986,0.043724,123.153,117.215,4.9406,2012,11,4,2012-11,False
2012-11-19,COALINDIA,120.041,120.588,119.426,120.11,2124504,0.0143,120.133,122.717,116.854,47.921,-0.854974,-0.97888,0.123906,123.068,117.198,4.8861,2012,11,4,2012-11,False
2012-11-20,COALINDIA,120.383,121.529,119.631,121.084,2029773,0.8115,120.14,122.674,116.89,51.9211,-0.680391,-0.919182,0.238791,123.085,117.196,4.9018,2012,11,4,2012-11,False
2012-11-21,COALINDIA,121.204,121.58,120.041,121.341,1601145,0.2119,120.063,122.637,116.928,52.9455,-0.515392,-0.838424,0.323032,122.778,117.349,4.5219,2012,11,4,2012-11,False
2012-11-22,COALINDIA,121.751,122.059,120.041,121.683,803077,0.2819,120.095,122.617,116.979,54.3423,-0.352962,-0.741331,0.388369,122.872,117.318,4.6247,2012,11,4,2012-11,False
2012-11-23,COALINDIA,121.649,122.777,121.221,122.452,999152,0.6324,120.099,122.616,117.048,57.4058,-0.160297,-0.625125,0.464828,122.888,117.31,4.6445,2012,11,4,2012-11,False
2012-11-26,COALINDIA,122.093,123.769,121.974,123.273,1152147,0.6703,120.131,122.611,117.138,60.4539,0.0579555,-0.488509,0.546464,123.056,117.206,4.8692,2012,11,4,2012-11,False
2012-11-27,COALINDIA,123.803,125.513,123.29,124.248,1148482,0.7907,120.25,122.587,117.224,63.7695,0.306041,-0.329599,0.63564,123.63,116.87,5.6218,2012,11,4,2012-11,False
2012-11-29,COALINDIA,124.795,127.736,124.265,126.505,2727957,1.8167,120.588,122.609,117.313,70.0351,0.676985,-0.128282,0.805267,124.961,116.215,7.2528,2012,11,4,2012-11,False
2012-11-30,COALINDIA,127.565,127.719,122.829,125.359,1913806,-0.9057,120.93,122.54,117.395,63.9864,0.8685,0.0710745,0.797426,125.676,116.185,7.8486,2012,11,4,2012-11,False
2012-12-03,COALINDIA,125.274,128.198,124.111,125.223,2009230,-0.1091,121.27,122.445,117.48,63.2836,0.997738,0.256407,0.741331,126.23,116.31,8.1802,2012,12,4,2012-12,False
2012-12-04,COALINDIA,125.513,126.317,123.666,124.641,2002423,-0.4643,121.554,122.317,117.549,60.2547,1.04125,0.413375,0.627871,126.607,116.5,8.3146,2012,12,4,2012-12,False
2012-12-05,COALINDIA,125.0,125.77,123.513,123.701,957128,-0.7546,121.744,122.231,117.614,55.6169,0.98844,0.528388,0.460052,126.821,116.666,8.3415,2012,12,4,2012-12,False
2012-12-06,COALINDIA,123.974,125.992,122.504,123.94,4403668,0.1935,121.905,122.141,117.683,56.5339,0.954898,0.61369,0.341208,127.049,116.761,8.4396,2012,12,4,2012-12,False
2012-12-07,COALINDIA,124.795,127.223,123.393,124.128,3397863,0.1518,122.094,122.131,117.744,57.2809,0.932745,0.677501,0.255244,127.275,116.913,8.4869,2012,12,4,2012-12,False
2012-12-10,COALINDIA,124.453,125.787,123.803,124.06,894152,-0.0551,122.34,122.063,117.809,56.8978,0.899299,0.721861,0.177439,127.396,117.285,8.2645,2012,12,4,2012-12,False
2012-12-11,COALINDIA,124.316,125.137,121.443,122.162,934577,-1.53,122.478,121.977,117.855,47.4247,0.711435,0.719776,-0.00834038,127.344,117.612,7.9454,2012,12,4,2012-12,False
2012-12-12,COALINDIA,122.743,123.222,121.478,121.888,1333281,-0.224,122.646,121.894,117.933,46.2297,0.534313,0.682683,-0.14837,127.158,118.133,7.358,2012,12,4,2012-12,False
2012-12-13,COALINDIA,121.922,122.298,120.144,120.948,1239115,-0.7716,122.799,121.863,118.0,42.2858,0.314428,0.609032,-0.294604,126.807,118.791,6.5278,2012,12,4,2012-12,False
2012-12-14,COALINDIA,120.725,121.888,120.127,121.101,1882922,0.1273,122.897,121.839,118.064,43.1407,0.150848,0.517395,-0.366547,126.616,119.178,6.0521,2012,12,4,2012-12,False
2012-12-17,COALINDIA,120.759,121.409,119.614,120.315,2604658,-0.6495,122.908,121.79,118.131,39.8888,-0.0417815,0.40556,-0.447341,126.593,119.223,5.9961,2012,12,4,2012-12,False
2012-12-18,COALINDIA,120.725,121.563,119.255,120.435,3208233,0.0995,122.924,121.753,118.197,40.6224,-0.182675,0.287913,-0.470588,126.56,119.289,5.9149,2012,12,4,2012-12,False
2012-12-19,COALINDIA,120.571,122.794,120.571,122.145,2694436,1.4199,122.977,121.698,118.263,50.0075,-0.15457,0.199416,-0.353986,126.53,119.425,5.7774,2012,12,4,2012-12,False
2012-12-20,COALINDIA,122.247,123.273,120.794,121.922,2359658,-0.182,123.006,121.662,118.336,48.9248,-0.148523,0.129828,-0.278352,126.512,119.501,5.6993,2012,12,4,2012-12,False
2012-12-21,COALINDIA,121.238,121.238,119.699,120.588,2572795,-1.094,122.952,121.588,118.39,42.9208,-0.248493,0.0541641,-0.302657,126.576,119.327,5.8956,2012,12,4,2012-12,False
2012-12-24,COALINDIA,120.606,121.546,120.093,121.187,445971,0.4963,122.888,121.567,118.44,46.1162,-0.276242,-0.0119171,-0.264325,126.593,119.184,6.0289,2012,12,4,2012-12,False
2012-12-26,COALINDIA,121.187,121.7,120.469,121.443,825470,0.2117,122.797,121.557,118.492,47.4734,-0.274373,-0.0644083,-0.209965,126.551,119.042,6.1148,2012,12,4,2012-12,False
2012-12-27,COALINDIA,121.443,121.632,120.075,120.742,2472434,-0.5773,122.622,121.556,118.544,44.1967,-0.325708,-0.116668,-0.20904,126.418,118.825,6.1919,2012,12,4,2012-12,False
2012-12-28,COALINDIA,121.341,121.58,119.887,120.862,1362203,0.0991,122.339,121.519,118.604,44.8958,-0.352671,-0.163869,-0.188802,125.739,118.94,5.5567,2012,12,4,2012-12,False
2012-12-31,COALINDIA,120.759,121.58,120.383,121.341,781161,0.3962,122.139,121.488,118.662,47.7184,-0.331579,-0.197411,-0.134168,125.249,119.028,5.093,2012,12,4,2012-12,False
2013-01-01,COALINDIA,121.768,123.342,121.683,123.102,931122,1.4515,122.033,121.512,118.735,56.5372,-0.170773,-0.192083,0.0213104,124.829,119.236,4.5829,2013,1,1,2013-01,False
2013-01-02,COALINDIA,123.495,124.128,122.298,122.675,2259736,-0.3473,121.934,121.543,118.79,54.1496,-0.0769432,-0.169055,0.0921121,124.471,119.398,4.1601,2013,1,1,2013-01,False
2013-01-03,COALINDIA,122.811,123.974,122.469,123.273,2027014,0.4879,121.913,121.59,118.846,56.8941,0.045192,-0.126206,0.171398,124.393,119.433,4.0688,2013,1,1,2013-01,False
2013-01-04,COALINDIA,123.718,124.727,122.367,124.419,1535946,0.9294,121.937,121.621,118.898,61.629,0.231762,-0.0546124,0.286374,124.507,119.367,4.2157,2013,1,1,2013-01,False
2013-01-07,COALINDIA,124.556,124.829,122.623,123.188,1000153,-0.9896,121.89,121.663,118.935,54.6782,0.277076,0.0117253,0.265351,124.322,119.458,3.9907,2013,1,1,2013-01,False
2013-01-08,COALINDIA,123.359,123.803,122.093,123.205,886068,0.0139,121.847,121.68,118.97,54.7545,0.310785,0.0715373,0.239248,124.145,119.549,3.7717,2013,1,1,2013-01,False
2013-01-09,COALINDIA,123.29,126.864,122.982,124.385,3174415,0.9577,121.958,121.715,119.008,59.7869,0.427779,0.142786,0.284993,124.52,119.396,4.2012,2013,1,1,2013-01,False
2013-01-10,COALINDIA,125.24,127.36,124.419,125.051,1889875,0.5361,122.116,121.779,119.062,62.3365,0.567761,0.227781,0.33998,125.027,119.206,4.7668,2013,1,1,2013-01,False
2013-01-11,COALINDIA,125.171,126.454,122.777,123.342,1310539,-1.3674,122.236,121.851,119.121,53.0485,0.534557,0.289136,0.245421,125.141,119.331,4.7532,2013,1,1,2013-01,False
2013-01-14,COALINDIA,123.461,123.872,122.196,122.829,1242363,-0.4159,122.322,121.937,119.17,50.612,0.461528,0.323614,0.137913,125.188,119.457,4.6851,2013,1,1,2013-01,False
2013-01-15,COALINDIA,123.085,123.307,120.965,121.426,1104566,-1.1416,122.378,121.997,119.199,44.5844,0.287194,0.31633,-0.0291359,125.12,119.636,4.4811,2013,1,1,2013-01,False
2013-01-16,COALINDIA,121.067,122.709,120.195,120.588,1893031,-0.69,122.386,122.029,119.23,41.4107,0.0804954,0.269163,-0.188668,125.105,119.666,4.4446,2013,1,1,2013-01,False
2013-01-17,COALINDIA,120.896,121.632,119.802,120.571,1437686,-0.0142,122.307,122.043,119.266,41.3461,-0.0837295,0.198585,-0.282314,125.145,119.469,4.6401,2013,1,1,2013-01,False
2013-01-18,COALINDIA,120.777,122.692,120.777,121.341,1430944,0.6382,122.278,122.055,119.307,45.4737,-0.150056,0.128857,-0.278913,125.144,119.412,4.6876,2013,1,1,2013-01,False
2013-01-21,COALINDIA,120.896,121.529,119.751,120.246,1395513,-0.9019,122.261,122.053,119.342,41.0493,-0.287615,0.0455623,-0.333177,125.173,119.349,4.7637,2013,1,1,2013-01,False
2013-01-22,COALINDIA,119.528,121.17,119.186,119.853,2106194,-0.3271,122.194,122.068,119.373,39.5597,-0.423483,-0.0482468,-0.375237,125.266,119.122,5.0286,2013,1,1,2013-01,False
2013-01-23,COALINDIA,120.999,120.999,119.665,119.87,1525211,0.0143,122.115,122.077,119.386,39.6622,-0.523743,-0.143346,-0.380397,125.345,118.886,5.2897,2013,1,1,2013-01,False
2013-01-24,COALINDIA,119.357,121.649,117.134,117.528,2244498,-1.9544,121.955,122.057,119.391,31.723,-0.783207,-0.271318,-0.511889,125.744,118.166,6.2139,2013,1,1,2013-01,False
2013-01-25,COALINDIA,117.989,117.989,115.647,116.638,2178501,-0.7566,121.744,122.032,119.387,29.3236,-1.0485,-0.426755,-0.621747,126.201,117.286,7.3226,2013,1,1,2013-01,False
2013-01-28,COALINDIA,116.826,117.271,115.253,117.049,1729721,0.3519,121.529,121.99,119.389,31.8843,-1.21167,-0.583737,-0.627929,126.456,116.601,8.1092,2013,1,1,2013-01,False
2013-01-29,COALINDIA,116.45,119.101,116.365,118.896,2242187,1.5778,121.319,121.966,119.409,42.0579,-1.17837,-0.702663,-0.475704,126.322,116.315,8.2482,2013,1,1,2013-01,False
2013-01-30,COALINDIA,118.844,120.657,118.622,119.785,2914324,0.7478,121.174,121.96,119.439,46.2224,-1.06792,-0.775715,-0.292206,126.179,116.169,8.2614,2013,1,1,2013-01,False
2013-01-31,COALINDIA,119.699,121.375,118.776,120.845,2978332,0.8851,121.053,121.955,119.478,50.7662,-0.884645,-0.797501,-0.0871441,125.96,116.145,8.1085,2013,1,1,2013-01,False
2013-02-01,COALINDIA,120.469,122.811,119.46,121.991,1952958,0.9481,120.931,121.968,119.519,55.1741,-0.639576,-0.765916,0.12634,125.603,116.26,7.7261,2013,2,1,2013-02,False
2013-02-04,COALINDIA,122.127,122.213,119.186,119.887,2098181,-1.7241,120.766,121.932,119.54,46.8771,-0.60806,-0.734345,0.126284,125.334,116.198,7.5651,2013,2,1,2013-02,False
2013-02-05,COALINDIA,118.742,120.725,118.075,119.494,1840821,-0.3281,120.581,121.873,119.558,45.499,-0.60782,-0.70904,0.10122,125.032,116.13,7.3825,2013,2,1,2013-02,False
2013-02-06,COALINDIA,120.623,121.409,116.484,117.083,1067866,-2.0177,120.216,121.749,119.546,38.1047,-0.79304,-0.72584,-0.0672001,124.549,115.882,7.2096,2013,2,1,2013-02,False
2013-02-07,COALINDIA,117.1,118.297,116.006,117.579,982217,0.4235,119.842,121.615,119.539,40.2553,-0.889559,-0.758584,-0.130976,123.68,116.004,6.4055,2013,2,1,2013-02,False
2013-02-08,COALINDIA,116.997,117.989,113.885,115.852,2935771,-1.4689,119.468,121.402,119.501,35.6141,-1.09282,-0.82543,-0.267385,123.33,115.605,6.4654,2013,2,1,2013-02,False
2013-02-11,COALINDIA,116.621,116.861,114.792,115.749,2575836,-0.0885,119.114,121.21,119.461,35.3533,-1.24779,-0.909902,-0.337889,122.976,115.251,6.4858,2013,2,1,2013-02,False
2013-02-12,COALINDIA,116.399,118.742,115.424,118.023,2557673,1.9648,118.943,121.066,119.444,44.9717,-1.17357,-0.962636,-0.210934,122.675,115.212,6.2741,2013,2,1,2013-02,False
2013-02-13,COALINDIA,118.023,119.255,116.621,118.896,1750962,0.7389,118.859,120.951,119.431,48.1571,-1.03247,-0.976603,-0.0558695,122.509,115.209,6.1419,2013,2,1,2013-02,False
2013-02-14,COALINDIA,120.794,120.913,118.451,120.007,3190078,0.9348,118.831,120.877,119.434,51.9728,-0.821497,-0.945582,0.124085,122.433,115.228,6.0637,2013,2,1,2013-02,False
2013-02-15,COALINDIA,120.041,120.349,118.058,119.648,2005414,-0.2992,118.746,120.792,119.418,50.6751,-0.675485,-0.891562,0.216077,122.176,115.316,5.7768,2013,2,1,2013-02,False
2013-02-18,COALINDIA,119.049,119.733,116.792,117.339,1564363,-1.9294,118.601,120.656,119.405,43.2063,-0.737544,-0.860759,0.123214,122.009,115.192,5.7478,2013,2,1,2013-02,False
2013-02-19,COALINDIA,116.997,117.339,115.065,115.869,1147864,-1.2533,118.401,120.492,119.383,39.2388,-0.895074,-0.867622,-0.027452,121.964,114.839,6.0176,2013,2,1,2013-02,False
2013-02-20,COALINDIA,116.621,117.476,116.108,117.168,1864313,1.1216,118.266,120.392,119.378,44.1222,-0.904619,-0.875021,-0.0295979,121.799,114.734,5.9741,2013,2,1,2013-02,False
2013-02-21,COALINDIA,116.604,116.997,115.27,116.382,2103633,-0.6714,118.209,120.282,119.385,41.9258,-0.964541,-0.892925,-0.0716158,121.828,114.59,6.1234,2013,2,1,2013-02,False
2013-02-22,COALINDIA,116.04,116.279,112.893,113.441,2323286,-2.5272,118.049,120.132,119.389,34.9253,-1.23512,-0.961364,-0.273755,122.203,113.895,7.0383,2013,2,1,2013-02,False
2013-02-25,COALINDIA,113.885,114.21,111.012,111.423,2234113,-1.7787,117.768,119.938,119.385,31.0899,-1.594,-1.08789,-0.506108,122.863,112.673,8.6525,2013,2,1,2013-02,False
2013-02-26,COALINDIA,111.235,111.406,107.131,107.592,1783812,-3.4377,117.203,119.684,119.351,25.3898,-2.16257,-1.30283,-0.85974,123.996,110.41,11.5916,2013,2,1,2013-02,False
2013-02-27,COALINDIA,108.978,108.978,106.276,106.532,3096188,-0.9854,116.54,119.406,119.327,24.0742,-2.66795,-1.57585,-1.0921,124.717,108.363,14.0326,2013,2,1,2013-02,False
2013-02-28,COALINDIA,107.045,110.465,104.344,105.951,6550159,-0.5457,115.795,119.082,119.308,23.3594,-3.07988,-1.87666,-1.20323,124.973,106.618,15.8516,2013,2,1,2013-02,False
2013-03-01,COALINDIA,106.156,109.2,106.156,107.387,1982201,1.3557,115.065,118.791,119.308,28.9709,-3.25294,-2.15191,-1.10103,124.488,105.642,16.3781,2013,3,1,2013-03,False
2013-03-04,COALINDIA,107.387,108.533,105.216,108.106,2460519,0.6688,114.476,118.542,119.308,31.6651,-3.29416,-2.38036,-0.9138,124.1,104.852,16.8146,2013,3,1,2013-03,False
2013-03-05,COALINDIA,107.798,109.063,107.114,108.807,1121331,0.6485,113.942,118.294,119.316,34.2853,-3.233,-2.55089,-0.682105,123.58,104.304,16.9175,2013,3,1,2013-03,False
2013-03-06,COALINDIA,109.097,110.397,108.088,108.413,1387621,-0.3614,113.508,118.033,119.331,33.5091,-3.1796,-2.67663,-0.502969,123.33,103.687,17.305,2013,3,1,2013-03,False
2013-03-07,COALINDIA,108.14,108.584,106.703,107.045,1508269,-1.2618,112.982,117.759,119.343,30.8894,-3.21066,-2.78344,-0.42722,123.011,102.952,17.7546,2013,3,1,2013-03,False
2013-03-08,COALINDIA,107.216,110.123,106.977,109.901,3730472,2.6677,112.684,117.54,119.375,41.2202,-2.9706,-2.82087,-0.14973,122.708,102.66,17.7918,2013,3,1,2013-03,False
2013-03-11,COALINDIA,109.627,112.004,109.32,109.576,1694709,-0.2956,112.375,117.305,119.394,40.4788,-2.77459,-2.81161,0.0370265,122.382,102.368,17.81,2013,3,1,2013-03,False
2013-03-12,COALINDIA,109.935,110.688,107.9,109.149,1065793,-0.3901,111.932,117.026,119.417,39.4728,-2.6235,-2.77399,0.150493,121.667,102.196,17.3961,2013,3,1,2013-03,False
2013-03-13,COALINDIA,108.43,110.636,107.986,109.114,1431325,-0.0313,111.443,116.755,119.436,39.3885,-2.47795,-2.71478,0.236832,120.675,102.21,16.5693,2013,3,1,2013-03,False
2013-03-14,COALINDIA,108.772,109.73,108.311,109.166,1589111,0.047,110.9,116.472,119.453,39.5969,-2.33159,-2.63814,0.306555,119.246,102.555,15.051,2013,3,1,2013-03,False
2013-03-15,COALINDIA,110.157,110.431,108.106,109.439,1966212,0.2506,110.39,116.173,119.465,40.767,-2.16852,-2.54422,0.375697,117.663,103.117,13.1769,2013,3,1,2013-03,False
2013-03-18,COALINDIA,108.981,109.069,105.789,106.618,4966365,-2.5782,109.854,115.842,119.46,33.5489,-2.24113,-2.4836,0.242472,116.526,103.182,12.147,2013,3,1,2013-03,False
2013-03-19,COALINDIA,106.247,106.406,102.632,105.048,4898937,-1.472,109.313,115.478,119.436,30.3319,-2.39767,-2.46642,0.0687421,115.679,102.947,11.6476,2013,3,1,2013-03,False
2013-03-20,COALINDIA,104.819,105.701,104.096,105.066,2619937,0.0168,108.708,115.092,119.415,30.4127,-2.49159,-2.47145,-0.0201401,114.166,103.25,10.0419,2013,3,1,2013-03,False
2013-03-21,COALINDIA,104.837,105.948,104.378,105.154,2180014,0.0839,108.146,114.694,119.392,30.8441,-2.52975,-2.48311,-0.0466371,112.474,103.819,8.0027,2013,3,1,2013-03,False
2013-03-22,COALINDIA,105.137,107.129,103.638,104.643,1569103,-0.4863,107.707,114.32,119.365,29.6939,-2.57161,-2.50081,-0.0707969,111.527,103.886,7.0938,2013,3,1,2013-03,False
2013-03-25,COALINDIA,105.225,105.983,103.691,104.89,1815688,0.2359,107.38,113.961,119.343,31.0312,-2.5554,-2.51173,-0.0436723,110.973,103.787,6.6917,2013,3,1,2013-03,False
2013-03-26,COALINDIA,104.22,107.57,104.22,106.283,2049384,1.3282,107.314,113.658,119.335,38.1769,-2.40245,-2.48987,0.0874218,110.938,103.69,6.7541,2013,3,1,2013-03,False
2013-03-28,COALINDIA,105.983,109.334,105.912,109.016,1954665,2.5718,107.439,113.427,119.33,49.2804,-2.0372,-2.39934,0.362141,111.12,103.758,6.8523,2013,3,1,2013-03,False
2013-04-01,COALINDIA,109.016,110.938,107.464,107.605,989906,-1.2941,107.521,113.168,119.313,44.8073,-1.84035,-2.28754,0.447188,111.135,103.907,6.7223,2013,4,2,2013-04,False
2013-04-02,COALINDIA,107.746,109.298,107.5,108.946,1129788,1.2455,107.599,112.92,119.298,49.4971,-1.55824,-2.14168,0.583437,111.268,103.931,6.819,2013,4,2,2013-04,False
2013-04-03,COALINDIA,108.346,109.034,105.595,106.406,1310408,-2.3309,107.514,112.643,119.262,42.1833,-1.52203,-2.01775,0.495719,111.212,103.816,6.8787,2013,4,2,2013-04,False
2013-04-04,COALINDIA,106.195,110.744,105.807,109.598,4561472,2.9997,107.554,112.438,119.236,51.82,-1.2217,-1.85854,0.636844,111.326,103.782,7.0146,2013,4,2,2013-04,False
2013-04-05,COALINDIA,110.074,110.921,108.099,109.069,2585164,-0.4827,107.587,112.222,119.212,50.3228,-1.01467,-1.68977,0.675095,111.401,103.772,7.0917,2013,4,2,2013-04,False
2013-04-08,COALINDIA,108.963,109.915,108.293,108.946,780879,-0.1132,107.682,112.05,119.192,49.9602,-0.850755,-1.52196,0.671209,111.534,103.829,7.1554,2013,4,2,2013-04,False
2013-04-09,COALINDIA,109.369,110.568,107.288,108.099,1790726,-0.7769,107.592,111.879,119.152,47.4354,-0.780158,-1.3736,0.593445,111.307,103.876,6.9073,2013,4,2,2013-04,False
2013-04-10,COALINDIA,108.311,109.616,107.041,108.857,1376413,0.7015,107.556,111.716,119.117,49.879,-0.655466,-1.22998,0.574509,111.204,103.907,6.7841,2013,4,2,2013-04,False
2013-04-11,COALINDIA,109.298,110.215,107.429,107.799,1481388,-0.972,107.488,111.494,119.068,46.6222,-0.634708,-1.11092,0.476214,111.062,103.915,6.649,2013,4,2,2013-04,False
2013-04-12,COALINDIA,107.306,108.54,105.454,105.771,2308935,-1.8812,107.321,111.213,119.02,41.0849,-0.772985,-1.04333,0.27035,110.887,103.755,6.6452,2013,4,2,2013-04,False
2013-04-15,COALINDIA,105.489,105.666,103.303,103.673,2366725,-1.984,107.046,110.87,118.955,36.2827,-1.03992,-1.04265,0.0027347,110.852,103.241,7.1103,2013,4,2,2013-04,False
2013-04-16,COALINDIA,102.985,104.555,102.985,103.973,2062215,0.2892,106.773,110.51,118.898,37.4083,-1.21329,-1.07678,-0.136507,110.64,102.906,7.243,2013,4,2,2013-04,False
2013-04-17,COALINDIA,104.396,106.389,104.22,104.696,2143002,0.6954,106.677,110.206,118.846,40.1541,-1.27761,-1.11694,-0.160666,110.654,102.7,7.4562,2013,4,2,2013-04,False
2013-04-18,COALINDIA,104.749,105.877,104.043,105.666,2370066,0.9264,106.708,109.929,118.796,43.7207,-1.23608,-1.14077,-0.0953048,110.641,102.775,7.3718,2013,4,2,2013-04,False
2013-04-22,COALINDIA,105.86,110.709,105.86,110.215,5301898,4.3057,106.965,109.792,118.762,56.7435,-0.826511,-1.07792,0.251407,111.114,102.816,7.7574,2013,4,2,2013-04,False
2013-04-23,COALINDIA,111.097,111.838,108.734,109.968,2266794,-0.224,107.206,109.64,118.718,55.9864,-0.515904,-0.965516,0.449612,111.469,102.942,7.9538,2013,4,2,2013-04,False
2013-04-25,COALINDIA,110.374,112.331,110.233,111.838,3417233,1.6998,107.566,109.559,118.685,60.3048,-0.117559,-0.795924,0.678365,112.123,103.009,8.4728,2013,4,2,2013-04,False
2013-04-26,COALINDIA,111.132,114.377,111.132,112.508,2154596,0.5992,107.947,109.495,118.649,61.7535,0.24933,-0.586873,0.836204,112.824,103.069,9.0367,2013,4,2,2013-04,False
2013-04-29,COALINDIA,112.896,113.601,110.127,110.55,1361563,-1.7398,108.16,109.345,118.592,55.3938,0.37779,-0.393941,0.771731,113.104,103.216,9.1417,2013,4,2,2013-04,False
2013-04-30,COALINDIA,110.938,113.037,110.039,112.578,2252928,1.8344,108.338,109.219,118.551,59.991,0.635906,-0.187971,0.823878,113.654,103.022,9.8144,2013,4,2,2013-04,False
2013-05-02,COALINDIA,113.213,113.813,111.132,111.908,1430676,-0.5953,108.553,109.057,118.515,57.8686,0.777428,0.00510865,0.77232,114.088,103.018,10.1982,2013,5,2,2013-05,False
2013-05-03,COALINDIA,112.79,112.843,110.85,112.42,1577249,0.457,108.727,108.912,118.477,59.0591,0.920246,0.188136,0.73211,114.526,102.928,10.6668,2013,5,2,2013-05,False
2013-05-06,COALINDIA,111.644,112.86,111.203,111.608,867052,-0.7216,108.987,108.798,118.437,56.3399,0.956942,0.341897,0.615045,114.814,103.16,10.6933,2013,5,2,2013-05,False
2013-05-07,COALINDIA,111.414,111.414,108.893,109.316,3570510,-2.054,108.973,108.666,118.379,49.4155,0.791911,0.4319,0.360011,114.795,103.151,10.6858,2013,5,2,2013-05,False
2013-05-08,COALINDIA,110.497,110.744,109.563,110.127,1429302,0.7421,109.026,108.526,118.326,51.6786,0.7183,0.48918,0.22912,114.871,103.181,10.7225,2013,5,2,2013-05,False
2013-05-09,COALINDIA,110.127,110.392,108.558,108.928,1546402,-1.0889,109.025,108.377,118.266,48.2426,0.556783,0.502701,0.0540824,114.87,103.18,10.7227,2013,5,2,2013-05,False
2013-05-10,COALINDIA,109.333,109.439,104.96,105.701,2637865,-2.9626,108.905,108.222,118.19,40.4484,0.16646,0.435452,-0.268992,114.926,102.884,11.0572,2013,5,2,2013-05,False
2013-05-13,COALINDIA,107.182,107.306,104.131,104.678,1982939,-0.9676,108.696,108.087,118.114,38.3346,-0.222835,0.303795,-0.52663,115.007,102.385,11.6122,2013,5,2,2013-05,False
2013-05-14,COALINDIA,105.26,106.142,103.708,103.973,1730499,-0.6739,108.505,108.014,118.029,36.9021,-0.58157,0.126722,-0.708292,115.153,101.856,12.2548,2013,5,2,2013-05,False
2013-05-15,COALINDIA,104.22,106.336,104.22,105.86,2373288,1.8148,108.509,108.001,117.943,43.034,-0.705481,-0.0397186,-0.665762,115.15,101.868,12.2404,2013,5,2,2013-05,False
2013-05-16,COALINDIA,105.454,106.688,104.89,105.313,2310647,-0.5164,108.591,107.988,117.855,41.7676,-0.838131,-0.199401,-0.63873,115.018,102.165,11.8363,2013,5,2,2013-05,False
2013-05-17,COALINDIA,105.383,105.807,104.431,104.925,1472277,-0.3684,108.639,107.939,117.764,40.8488,-0.963458,-0.352213,-0.611246,114.934,102.343,11.5894,2013,5,2,2013-05,False
2013-05-20,COALINDIA,106.159,107.711,105.824,106.265,1497496,1.2773,108.717,107.902,117.687,45.3232,-0.943757,-0.470521,-0.473235,114.842,102.592,11.268,2013,5,2,2013-05,False
2013-05-21,COALINDIA,107.5,108.963,107.217,108.452,2690361,2.0578,108.856,107.895,117.622,51.7378,-0.743129,-0.525043,-0.218086,114.814,102.899,10.9453,2013,5,2,2013-05,False
2013-05-22,COALINDIA,109.016,110.938,109.016,109.316,3015493,0.7967,108.812,107.913,117.569,54.0327,-0.508545,-0.521743,0.0131983,114.739,102.884,10.8953,2013,5,2,2013-05,False
2013-05-23,COALINDIA,108.981,109.51,107.94,108.663,3558706,-0.5968,108.746,107.946,117.517,52.0213,-0.371004,-0.491596,0.120592,114.649,102.844,10.856,2013,5,2,2013-05,False
2013-05-24,COALINDIA,110.021,110.832,108.804,109.386,8813985,0.6653,108.624,107.935,117.459,54.062,-0.201343,-0.433545,0.232202,114.356,102.892,10.5535,2013,5,2,2013-05,False
2013-05-27,COALINDIA,110.48,111.009,110.233,110.674,2356166,1.1769,108.532,107.957,117.405,57.5263,0.0365695,-0.339522,0.376092,114.057,103.007,10.1816,2013,5,2,2013-05,False
2013-05-28,COALINDIA,115.682,115.682,112.86,114.06,5561014,3.0593,108.707,108.055,117.362,65.0019,0.492643,-0.173089,0.665732,114.705,102.71,11.0345,2013,5,2,2013-05,False
2013-05-29,COALINDIA,114.941,115.964,114.271,115.47,3055647,1.2369,108.852,108.183,117.343,67.5637,0.95689,0.0529068,0.903984,115.36,102.344,11.9581,2013,5,2,2013-05,False
2013-05-30,COALINDIA,114.977,116.211,114.359,115.576,3032019,0.0916,109.035,108.311,117.328,67.7543,1.31815,0.305956,1.0122,116.09,101.981,12.9402,2013,5,2,2013-05,False
2013-05-31,COALINDIA,114.659,115.682,113.918,114.518,4512959,-0.9155,109.14,108.412,117.314,63.7212,1.50177,0.545119,0.95665,116.464,101.816,13.4211,2013,5,2,2013-05,False
2013-06-03,COALINDIA,114.712,116.634,114.095,115.029,1489728,0.4466,109.311,108.581,117.302,64.8115,1.66931,0.769956,0.899352,117.027,101.596,14.1173,2013,6,2,2013-06,False
2013-06-04,COALINDIA,114.977,115.664,112.86,114.624,2561931,-0.3526,109.577,108.772,117.287,63.1894,1.74919,0.965803,0.783388,117.65,101.503,14.7356,2013,6,2,2013-06,False
2013-06-05,COALINDIA,113.971,114.641,112.543,114.112,1676990,-0.4461,109.776,108.953,117.268,61.1128,1.75105,1.12285,0.628197,118.1,101.453,15.1644,2013,6,2,2013-06,False
2013-06-06,COALINDIA,112.86,114.765,112.173,114.024,2308221,-0.0773,110.031,109.13,117.236,60.742,1.72552,1.24339,0.482131,118.555,101.507,15.4934,2013,6,2,2013-06,False
2013-06-07,COALINDIA,112.86,114.095,112.155,112.755,2348565,-1.1135,110.384,109.293,117.205,55.52,1.58456,1.31162,0.272943,118.735,102.032,15.1315,2013,6,2,2013-06,False
2013-06-10,COALINDIA,112.878,114.13,112.525,112.843,2130996,0.0782,110.792,109.452,117.175,55.8042,1.46311,1.34192,0.121189,118.758,102.826,14.3808,2013,6,2,2013-06,False
2013-06-11,COALINDIA,112.508,112.596,108.452,110.004,3408678,-2.516,111.093,109.526,117.121,45.6838,1.12479,1.29849,-0.173701,118.402,103.784,13.1582,2013,6,2,2013-06,False
2013-06-12,COALINDIA,107.923,109.157,105.648,106.882,2536722,-2.8375,111.145,109.483,117.052,37.6086,0.597918,1.15838,-0.56046,118.312,103.977,12.898,2013,6,2,2013-06,False
2013-06-13,COALINDIA,105.807,106.759,104.255,105.419,2400040,-1.3694,111.15,109.44,116.981,34.5265,0.0615512,0.939013,-0.877462,118.3,104.0,12.865,2013,6,2,2013-06,False
2013-06-14,COALINDIA,106.547,106.865,104.713,106.142,2962607,0.6859,111.211,109.384,116.91,37.2617,-0.301702,0.69087,-0.992572,118.155,104.266,12.4888,2013,6,2,2013-06,False
2013-06-17,COALINDIA,106.865,107.041,104.555,106.477,2441271,0.3157,111.221,109.385,116.835,38.5429,-0.556137,0.441469,-0.997606,118.135,104.308,12.4316,2013,6,2,2013-06,False
2013-06-18,COALINDIA,106.071,107.447,106.071,106.882,1833002,0.3809,111.143,109.331,116.756,40.1366,-0.716789,0.209817,-0.926606,118.222,104.063,12.7391,2013,6,2,2013-06,False
2013-06-19,COALINDIA,106.547,107.112,104.749,105.648,4827143,-1.1549,110.959,109.262,116.658,36.9924,-0.932957,-0.0187378,-0.91422,118.418,103.501,13.4436,2013,6,2,2013-06,False
2013-06-20,COALINDIA,104.731,104.872,103.444,104.361,4313673,-1.2185,110.744,109.171,116.557,34.001,-1.19438,-0.253867,-0.940515,118.712,102.776,14.3902,2013,6,2,2013-06,False
2013-06-21,COALINDIA,104.396,106.018,103.479,105.313,3559191,0.9125,110.541,109.115,116.47,37.9953,-1.30963,-0.465018,-0.844607,118.856,102.226,15.0442,2013,6,2,2013-06,False
2013-06-24,COALINDIA,104.749,106.071,103.338,104.749,3581590,-0.5358,110.244,109.033,116.379,36.5824,-1.43001,-0.658016,-0.771992,118.952,101.536,15.7976,2013,6,2,2013-06,False
2013-06-25,COALINDIA,104.784,106.336,102.632,103.761,3088565,-0.9428,109.729,108.952,116.282,34.1865,-1.58681,-0.843775,-0.743032,118.701,100.757,16.353,2013,6,2,2013-06,False
2013-06-26,COALINDIA,104.043,104.59,101.081,101.733,2881059,-1.9544,109.043,108.871,116.19,29.8615,-1.85334,-1.04569,-0.807654,118.264,99.8212,16.9133,2013,6,2,2013-06,False
2013-06-27,COALINDIA,102.28,102.809,100.587,101.327,2487855,-0.3987,108.33,108.824,116.081,29.0693,-2.0734,-1.25123,-0.822171,117.627,99.0328,17.1648,2013,6,2,2013-06,False
2013-06-28,COALINDIA,101.962,109.298,101.945,106.706,5272321,5.3081,107.94,108.879,115.998,48.5572,-1.79313,-1.35961,-0.433519,116.788,99.0912,16.3949,2013,6,2,2013-06,False
2013-07-01,COALINDIA,107.182,108.628,106.918,107.57,1909587,0.8098,107.567,108.936,115.923,50.8915,-1.48418,-1.38452,-0.0996547,115.761,99.3719,15.2365,2013,7,3,2013-07,False
2013-07-02,COALINDIA,107.041,107.129,104.413,105.613,1901758,-1.8197,107.116,108.935,115.838,45.8192,-1.38136,-1.38389,0.00253267,114.64,99.5916,14.049,2013,7,3,2013-07,False
2013-07-03,COALINDIA,105.031,105.736,102.985,104.89,2753000,-0.6846,106.655,108.829,115.745,44.072,-1.34273,-1.37566,0.032926,113.471,99.8388,12.7816,2013,7,3,2013-07,False
2013-07-04,COALINDIA,105.807,106.512,104.22,105.63,830571,0.7061,106.235,108.742,115.646,46.3298,-1.23809,-1.34815,0.110056,112.109,100.361,11.0587,2013,7,3,2013-07,False
2013-07-05,COALINDIA,105.93,106.318,104.131,104.696,1361439,-0.8848,105.832,108.599,115.543,43.9202,-1.21655,-1.32183,0.105278,110.869,100.795,9.519,2013,7,3,2013-07,False
2013-07-08,COALINDIA,104.043,104.378,100.269,102.28,2252731,-2.3076,105.304,108.395,115.41,38.3655,-1.37853,-1.33317,-0.0453657,109.367,101.241,7.7166,2013,7,3,2013-07,False
2013-07-09,COALINDIA,102.28,103.338,100.375,102.774,2174450,0.4828,104.943,108.239,115.274,40.0348,-1.45034,-1.3566,-0.0937411,108.5,101.385,6.7799,2013,7,3,2013-07,False
2013-07-10,COALINDIA,102.809,103.073,101.61,102.244,1141011,-0.5148,104.711,108.032,115.13,38.8216,-1.53228,-1.39174,-0.140543,108.34,101.082,6.9315,2013,7,3,2013-07,False
2013-07-11,COALINDIA,103.338,106.812,103.338,105.26,3410504,2.9493,104.703,107.899,115.016,48.4166,-1.33846,-1.38108,0.04262,108.326,101.08,6.9209,2013,7,3,2013-07,False
2013-07-12,COALINDIA,105.842,106.124,103.532,105.789,2000153,0.5026,104.685,107.767,114.903,49.901,-1.12916,-1.3307,0.20154,108.282,101.088,6.8721,2013,7,3,2013-07,False
2013-07-15,COALINDIA,104.66,104.925,102.879,103.091,1176893,-2.5504,104.516,107.597,114.795,43.0901,-1.16753,-1.29807,0.130531,108.076,100.955,6.8133,2013,7,3,2013-07,False
2013-07-16,COALINDIA,101.927,104.043,101.469,103.849,1666772,0.7356,104.364,107.487,114.677,45.3479,-1.12381,-1.26321,0.139408,107.755,100.974,6.4973,2013,7,3,2013-07,False
2013-07-17,COALINDIA,103.673,104.255,101.398,102.703,2254708,-1.1038,104.217,107.339,114.558,42.5969,-1.16818,-1.24421,0.0760284,107.628,100.805,6.5467,2013,7,3,2013-07,False
2013-07-18,COALINDIA,102.456,103.743,101.151,102.668,1969919,-0.0343,104.132,107.213,114.441,42.5115,-1.19244,-1.23385,0.0414126,107.612,100.653,6.6832,2013,7,3,2013-07,False
2013-07-19,COALINDIA,102.668,105.066,102.668,104.749,2723333,2.0268,104.104,107.194,114.353,49.0108,-1.03187,-1.19346,0.161588,107.552,100.656,6.6249,2013,7,3,2013-07,False
2013-07-22,COALINDIA,104.255,106.371,103.937,105.877,1295646,1.0775,104.16,107.218,114.271,52.1694,-0.804271,-1.11562,0.311348,107.689,100.632,6.7757,2013,7,3,2013-07,False
2013-07-23,COALINDIA,106.512,107.023,104.502,105.295,1800511,-0.5496,104.237,107.245,114.183,50.4346,-0.66321,-1.02514,0.361928,107.796,100.678,6.8283,2013,7,3,2013-07,False
2013-07-24,COALINDIA,105.066,106.512,104.043,105.225,1126011,-0.067,104.412,107.232,114.098,50.2165,-0.550764,-0.930263,0.379499,107.791,101.032,6.4737,2013,7,3,2013-07,False
2013-07-25,COALINDIA,104.749,105.666,102.985,103.814,2350957,-1.3407,104.536,107.202,113.992,45.9401,-0.568926,-0.857995,0.28907,107.607,101.465,5.875,2013,7,3,2013-07,False
2013-07-26,COALINDIA,104.361,104.361,97.4655,99.5464,3757318,-4.1108,104.178,107.095,113.872,35.9629,-0.917102,-0.869817,-0.0472852,107.803,100.553,6.9591,2013,7,3,2013-07,False
2013-07-29,COALINDIA,99.2466,99.4582,95.8432,96.4075,2076463,-3.1532,103.62,106.897,113.732,30.6843,-1.42984,-0.981821,-0.448017,108.323,98.9169,9.0774,2013,7,3,2013-07,False
2013-07-30,COALINDIA,96.1077,97.7477,95.2259,96.9188,2070660,0.5304,103.185,106.667,113.606,32.4245,-1.77447,-1.14035,-0.634116,108.657,97.7135,10.6058,2013,7,3,2013-07,False
2013-07-31,COALINDIA,97.1658,100.446,96.6367,99.2995,2161051,2.4564,102.906,106.467,113.493,39.9791,-1.83434,-1.27915,-0.555192,108.578,97.2331,11.0249,2013,7,3,2013-07,False
2013-08-01,COALINDIA,98.7528,100.869,94.5206,95.2612,2096002,-4.0668,102.387,106.198,113.365,33.1991,-2.18249,-1.45982,-0.722673,108.852,95.923,12.6271,2013,8,3,2013-08,False
2013-08-02,COALINDIA,95.5786,95.6668,88.3662,89.7945,2608617,-5.7386,101.642,105.807,113.2,26.6181,-2.86647,-1.74115,-1.12532,110.111,93.1739,16.663,2013,8,3,2013-08,False
2013-08-05,COALINDIA,87.9958,95.3847,87.555,92.7924,5429449,3.3386,101.168,105.449,113.05,34.3084,-3.13054,-2.01903,-1.11152,110.504,91.8315,18.4572,2013,8,3,2013-08,False
2013-08-06,COALINDIA,91.7696,92.7571,89.0539,90.5705,3768708,-2.3945,100.558,104.979,112.893,31.6601,-3.47901,-2.31102,-1.16799,110.984,90.1317,20.7363,2013,8,3,2013-08,False
2013-08-07,COALINDIA,89.9709,94.45,88.9834,92.5808,1697887,2.2196,100.075,104.521,112.75,36.4406,-3.55201,-2.55922,-0.992792,111.052,89.0966,21.9395,2013,8,3,2013-08,False
2013-08-08,COALINDIA,92.4045,95.5434,90.9937,94.9262,1880161,2.5334,99.5579,104.108,112.62,41.5754,-3.38163,-2.7237,-0.657928,110.481,88.6349,21.9429,2013,8,3,2013-08,False
2013-08-12,COALINDIA,96.5133,98.118,94.7851,96.7601,1090893,1.932,99.1064,103.753,112.49,45.2969,-3.06331,-2.79162,-0.271683,109.686,88.5269,21.3498,2013,8,3,2013-08,False
2013-08-13,COALINDIA,96.0195,96.4956,93.8681,94.7674,1223862,-2.0594,98.6902,103.348,112.358,42.1549,-2.93796,-2.82089,-0.117068,109.265,88.1158,21.4295,2013,8,3,2013-08,False
2013-08-14,COALINDIA,94.8732,95.9313,94.5734,95.4904,1229805,0.7629,98.2723,102.965,112.224,43.6813,-2.7486,-2.80643,0.0578359,108.647,87.8976,21.1143,2013,8,3,2013-08,False
2013-08-16,COALINDIA,94.6969,95.6492,90.835,91.0995,1845309,-4.5983,97.6921,102.505,112.066,37.2521,-2.91919,-2.82898,-0.090203,108.318,87.0659,21.7545,2013,8,3,2013-08,False
2013-08-19,COALINDIA,90.2883,91.3288,88.278,90.6586,1816295,-0.4839,97.0917,102.038,111.91,36.6685,-3.05474,-2.87413,-0.180606,107.89,86.2935,22.2433,2013,8,3,2013-08,False
2013-08-20,COALINDIA,90.2531,93.4273,88.7012,92.6337,2242515,2.1786,96.4859,101.635,111.775,41.1187,-2.96858,-2.89302,-0.0755535,106.825,86.1468,21.4314,2013,8,3,2013-08,False
2013-08-21,COALINDIA,93.0746,93.4978,90.3059,91.8578,2890647,-0.8376,95.785,101.216,111.641,39.9316,-2.92914,-2.90025,-0.028891,105.312,86.2576,19.8932,2013,8,3,2013-08,False
2013-08-22,COALINDIA,90.3059,95.4199,88.9834,94.4677,2482706,2.8412,95.2436,100.905,111.522,45.6187,-2.65666,-2.85153,0.194869,103.661,86.8257,17.6765,2013,8,3,2013-08,False
2013-08-23,COALINDIA,94.4677,96.2311,93.4625,95.1378,2044341,0.7093,94.7392,100.67,111.402,47.0061,-2.35945,-2.75311,0.393664,101.726,87.7522,14.7501,2013,8,3,2013-08,False
2013-08-26,COALINDIA,95.2259,98.4178,94.2561,95.6668,2376648,0.5561,94.3319,100.475,111.281,48.1311,-2.0575,-2.61399,0.556489,99.8965,88.7673,11.7979,2013,8,3,2013-08,False
2013-08-27,COALINDIA,94.6969,95.1025,89.9709,91.8049,1969084,-4.0369,93.9448,100.188,111.137,41.2471,-2.10556,-2.5123,0.406743,99.0393,88.8503,10.8457,2013,8,3,2013-08,False
2013-08-28,COALINDIA,90.6057,90.9584,86.1971,89.5477,2763694,-2.4587,93.6018,99.8497,110.983,37.8406,-2.29928,-2.4697,0.170419,98.9171,88.2865,11.3572,2013,8,3,2013-08,False
2013-08-29,COALINDIA,89.9709,91.2935,87.4845,88.278,4701564,-1.4179,93.1698,99.4776,110.828,36.0376,-2.52614,-2.48099,-0.04515,98.748,87.5915,11.9744,2013,8,3,2013-08,False
2013-08-30,COALINDIA,88.4543,90.112,84.0105,88.6659,3474788,0.4395,92.6381,99.138,110.675,37.0249,-2.64414,-2.51362,-0.130521,97.7652,87.511,11.069,2013,8,3,2013-08,False
2013-09-02,COALINDIA,89.5124,91.4875,89.1244,91.0113,1913808,2.6452,92.4256,98.871,110.537,42.7759,-2.51936,-2.51477,-0.00459547,97.4461,87.4051,10.8638,2013,9,3,2013-09,False
2013-09-03,COALINDIA,91.752,94.0621,91.3464,92.087,3933612,1.1819,92.5402,98.6065,110.408,45.2457,-2.30708,-2.47323,0.166149,97.4102,87.6703,10.5251,2013,9,3,2013-09,False
2013-09-04,COALINDIA,92.2986,94.9791,91.2582,93.4449,1882267,1.4745,92.5729,98.3804,110.28,48.2801,-2.00615,-2.37981,0.373662,97.4587,87.6871,10.5556,2013,9,3,2013-09,False
2013-09-05,COALINDIA,95.3141,105.56,94.6088,99.952,3236777,6.9636,93.0419,98.3042,110.179,59.7827,-1.22843,-2.14954,0.921103,98.8354,87.2485,12.4534,2013,9,3,2013-09,False
2013-09-06,COALINDIA,100.632,100.919,97.0154,99.3253,2502019,-0.627,93.3792,98.2561,110.075,58.4347,-0.655109,-1.85065,1.19554,99.8097,86.9486,13.773,2013,9,3,2013-09,False
2013-09-10,COALINDIA,100.847,103.748,100.471,103.211,2526163,3.9121,93.7934,98.2937,109.986,63.8735,0.111512,-1.45822,1.56973,101.57,86.0168,16.5825,2013,9,3,2013-09,False
2013-09-11,COALINDIA,102.047,105.485,101.671,104.948,1907571,1.6828,94.2028,98.2586,109.904,66.0142,0.849422,-0.996691,1.84611,103.374,85.0316,19.4712,2013,9,3,2013-09,False
2013-09-12,COALINDIA,104.572,107.293,101.492,102.047,2976934,-2.764,94.5668,98.1481,109.806,59.6562,1.18648,-0.560057,1.74653,104.387,84.7464,20.7692,2013,9,3,2013-09,False
2013-09-13,COALINDIA,102.065,105.557,101.564,104.93,1463029,2.8251,95.0387,98.1345,109.718,63.4263,1.667,-0.114646,1.78165,105.898,84.1791,22.8531,2013,9,3,2013-09,False
2013-09-16,COALINDIA,105.109,106.72,101.796,103.694,2249367,-1.1775,95.6685,98.1106,109.62,60.8038,1.92593,0.293469,1.63246,107.016,84.3209,23.7228,2013,9,3,2013-09,False
2013-09-17,COALINDIA,103.229,105.646,103.229,105.181,2572697,1.4333,96.3946,98.1016,109.525,62.7965,2.2254,0.679854,1.54554,108.24,84.5492,24.5768,2013,9,3,2013-09,False
2013-09-18,COALINDIA,104.303,107.329,104.303,106.506,1981623,1.2598,97.0882,98.1378,109.425,64.528,2.54036,1.05196,1.48841,109.611,84.5649,25.7977,2013,9,3,2013-09,False
2013-09-19,COALINDIA,107.974,109.227,105.771,106.524,3184840,0.0168,97.8214,98.2226,109.33,64.552,2.75961,1.39349,1.36613,110.766,84.8773,26.4649,2013,9,3,2013-09,False
2013-09-20,COALINDIA,106.094,108.869,104.464,108.046,3193597,1.4288,98.5003,98.3281,109.245,66.6201,3.02135,1.71906,1.30229,112.111,84.8897,27.6357,2013,9,3,2013-09,False
2013-09-23,COALINDIA,106.72,110.445,106.72,109.138,4569833,1.011,99.2003,98.4659,109.167,68.0603,3.27913,2.03107,1.24805,113.505,84.8955,28.8403,2013,9,3,2013-09,False
2013-09-24,COALINDIA,107.437,109.55,106.112,106.362,3802287,-2.5431,99.7351,98.488,109.08,60.8733,3.22231,2.26932,0.952989,114.281,85.1888,29.1698,2013,9,3,2013-09,False
2013-09-25,COALINDIA,105.646,108.153,105.288,105.664,2803764,-0.6566,100.428,98.4855,108.989,59.18,3.08537,2.43253,0.652838,114.702,86.1546,28.4254,2013,9,3,2013-09,False
2013-09-26,COALINDIA,105.664,109.209,105.431,108.816,3688717,2.9826,101.391,98.6,108.912,64.0414,3.19432,2.58489,0.60943,115.165,87.6178,27.1692,2013,9,3,2013-09,False
2013-09-27,COALINDIA,107.974,110.66,107.831,109.908,2226646,1.0037,102.473,98.7212,108.842,65.5717,3.3304,2.73399,0.596413,115.274,89.6724,24.9833,2013,9,3,2013-09,False
2013-09-30,COALINDIA,108.798,110.069,104.93,105.449,2298688,-4.0567,103.312,98.7761,108.758,55.2374,3.0434,2.79587,0.247527,114.386,92.2387,21.4369,2013,9,3,2013-09,False
2013-10-01,COALINDIA,105.646,107.061,105.002,106.541,1994423,1.0358,104.089,98.8536,108.681,57.0243,2.87099,2.8109,0.0600916,113.598,94.5795,18.2712,2013,10,4,2013-10,False
2013-10-03,COALINDIA,106.362,112.737,106.362,108.278,3969487,1.6303,104.898,98.9242,108.618,59.7742,2.84175,2.81707,0.0246791,112.711,97.0857,14.8954,2013,10,4,2013-10,False
2013-10-04,COALINDIA,108.278,111.555,107.92,111.036,2240607,2.5467,105.778,99.0273,108.568,63.7411,3.00642,2.85494,0.151487,111.95,99.6059,11.6695,2013,10,4,2013-10,False
2013-10-07,COALINDIA,109.281,109.8,106.756,107.347,6371754,-3.322,106.148,99.0684,108.503,55.8124,2.80694,2.84534,-0.0384015,111.705,100.59,10.4719,2013,10,4,2013-10,False
2013-10-08,COALINDIA,107.795,108.153,105.378,106.13,2545544,-1.1343,106.488,99.0865,108.431,53.4489,2.52152,2.78057,-0.259055,111.027,101.949,8.5252,2013,10,4,2013-10,False
2013-10-09,COALINDIA,106.183,106.846,104.267,106.094,2253222,-0.0337,106.632,99.1321,108.351,53.3773,2.26631,2.67772,-0.411412,110.908,102.355,8.0211,2013,10,4,2013-10,False
2013-10-10,COALINDIA,105.646,107.168,104.876,105.27,1270541,-0.7764,106.648,99.2465,108.268,51.6632,1.97483,2.53714,-0.562315,110.9,102.396,7.9742,2013,10,4,2013-10,False
2013-10-11,COALINDIA,106.362,106.506,100.525,101.188,3440986,-3.8782,106.605,99.3421,108.171,44.1034,1.39827,2.30937,-0.911095,111.065,102.145,8.3678,2013,10,4,2013-10,False
2013-10-14,COALINDIA,101.707,103.068,101.08,102.154,1184284,0.9556,106.466,99.4468,108.076,46.1145,1.00776,2.04905,-1.04129,111.303,101.63,9.0855,2013,10,4,2013-10,False
2013-10-15,COALINDIA,102.423,102.853,100.077,101.51,1501343,-0.631,106.357,99.4911,107.976,44.9533,0.638892,1.76702,-1.12812,111.543,101.171,9.7523,2013,10,4,2013-10,False
2013-10-17,COALINDIA,101.313,102.674,100.686,101.689,871980,0.1764,106.182,99.6196,107.881,45.3649,0.356898,1.48499,-1.12809,111.756,100.609,10.498,2013,10,4,2013-10,False
2013-10-18,COALINDIA,101.08,103.103,101.08,102.459,1518954,0.7572,105.98,99.8729,107.789,47.1932,0.193317,1.22666,-1.03334,111.793,100.167,10.9696,2013,10,4,2013-10,False
2013-10-21,COALINDIA,101.707,103.659,101.08,103.103,1936086,0.6292,105.809,100.079,107.698,48.7398,0.114376,1.0042,-0.889825,111.754,99.8639,11.2376,2013,10,4,2013-10,False
2013-10-22,COALINDIA,102.459,105.27,102.19,104.912,2562561,1.7541,105.652,100.366,107.607,52.9069,0.195492,0.842459,-0.646967,111.514,99.7908,11.096,2013,10,4,2013-10,False
2013-10-23,COALINDIA,103.856,104.93,102.781,103.802,1849940,-1.0582,105.386,100.59,107.512,50.2086,0.168255,0.707618,-0.539364,111.062,99.7092,10.7727,2013,10,4,2013-10,False
2013-10-24,COALINDIA,102.799,103.856,99.5581,100.024,2591299,-3.6398,105.069,100.692,107.396,42.3016,-0.156396,0.534815,-0.691211,111.205,98.9326,11.6801,2013,10,4,2013-10,False
2013-10-25,COALINDIA,100.024,100.883,98.9134,99.8983,2533958,-0.1253,104.78,100.755,107.273,42.0649,-0.418969,0.344058,-0.763027,111.327,98.234,12.4953,2013,10,4,2013-10,False
2013-10-28,COALINDIA,100.095,100.31,98.5195,99.0388,1676949,-0.8603,104.292,100.841,107.153,40.3959,-0.688476,0.137552,-0.826027,111.027,97.5565,12.9158,2013,10,4,2013-10,False
2013-10-29,COALINDIA,98.4837,101.51,98.4837,100.686,1516155,1.6633,103.83,100.944,107.04,44.9078,-0.76037,-0.0420326,-0.718337,110.199,97.4617,12.2677,2013,10,4,2013-10,False
2013-10-30,COALINDIA,100.632,102.011,100.292,101.08,1131324,0.3913,103.612,101.144,106.924,45.9613,-0.776607,-0.188947,-0.587659,110.046,97.1776,12.4202,2013,10,4,2013-10,False
2013-10-31,COALINDIA,100.632,104.07,100.632,103.121,2379392,2.0195,103.441,101.393,106.814,51.1716,-0.61764,-0.274686,-0.342954,109.728,97.1543,12.1551,2013,10,4,2013-10,False
2013-11-01,COALINDIA,102.602,105.789,102.602,104.59,2450234,1.4238,103.257,101.632,106.72,54.565,-0.368926,-0.293534,-0.0753923,109.15,97.3633,11.4148,2013,11,4,2013-11,False
2013-11-05,COALINDIA,103.533,106.685,103.533,106.148,1611993,1.4895,103.012,101.918,106.637,57.9075,-0.0455874,-0.243945,0.198357,107.86,98.1647,9.4115,2013,11,4,2013-11,False
2013-11-06,COALINDIA,106.04,107.938,105.986,107.007,1987170,0.8097,102.995,102.169,106.565,59.6702,0.276821,-0.139791,0.416613,107.781,98.2097,9.2925,2013,11,4,2013-11,False
2013-11-07,COALINDIA,107.079,107.974,105.198,105.986,1344544,-0.9538,102.988,102.386,106.492,56.637,0.444849,-0.0228633,0.467713,107.754,98.2219,9.2555,2013,11,4,2013-11,False
2013-11-08,COALINDIA,105.145,105.986,103.676,104.321,1597712,-1.5712,102.899,102.559,106.41,51.9929,0.438582,0.0694257,0.369156,107.485,98.314,8.9123,2013,11,4,2013-11,False
2013-11-11,COALINDIA,104.393,105.252,103.175,103.587,1447723,-0.7037,102.815,102.795,106.322,50.0447,0.37011,0.129563,0.240547,107.277,98.3529,8.6802,2013,11,4,2013-11,False
2013-11-12,COALINDIA,103.032,103.856,101.581,101.957,756369,-1.573,102.854,103.043,106.23,45.9309,0.182262,0.140102,0.0421596,107.27,98.4375,8.5873,2013,11,4,2013-11,False
2013-11-13,COALINDIA,102.423,103.175,100.453,102.101,1049512,0.1405,102.851,103.319,106.141,46.3483,0.0444356,0.120969,-0.0765335,107.269,98.4329,8.5912,2013,11,4,2013-11,False
2013-11-14,COALINDIA,100.095,100.435,97.1586,98.2867,5182174,-3.7355,102.69,103.512,106.033,37.9461,-0.368304,0.0231146,-0.391418,107.529,97.8507,9.4247,2013,11,4,2013-11,False
2013-11-18,COALINDIA,97.3019,99.4148,96.7468,96.9617,3993288,-1.3482,102.453,103.631,105.931,35.5358,-0.793181,-0.140145,-0.653037,107.92,96.9873,10.6705,2013,11,4,2013-11,False
2013-11-19,COALINDIA,97.0512,97.5884,95.0636,95.8157,2458816,-1.1819,102.121,103.705,105.827,33.551,-1.20844,-0.353804,-0.854636,108.341,95.9012,12.1818,2013,11,4,2013-11,False
2013-11-20,COALINDIA,95.7978,98.4837,95.5292,97.5884,6013211,1.8501,101.846,103.788,105.729,39.2076,-1.3786,-0.558763,-0.819839,108.364,95.3269,12.801,2013,11,4,2013-11,False
2013-11-21,COALINDIA,98.1255,98.9313,96.0663,96.4066,2489905,-1.211,101.42,103.717,105.617,36.9493,-1.59049,-0.765108,-0.825378,108.201,94.6395,13.3717,2013,11,4,2013-11,False
2013-11-22,COALINDIA,97.0512,97.3377,95.6187,95.9231,956725,-0.5015,101.026,103.649,105.497,36.0349,-1.77693,-0.967473,-0.80946,108.132,93.9205,14.0674,2013,11,4,2013-11,False
2013-11-25,COALINDIA,96.1559,97.1765,96.1559,96.6394,1531911,0.7467,100.857,103.518,105.376,38.4645,-1.84562,-1.1431,-0.70252,108.22,93.4942,14.6008,2013,11,4,2013-11,False
2013-11-26,COALINDIA,96.1559,97.5884,93.8639,94.2041,3548246,-2.5199,100.572,103.303,105.237,33.7682,-2.07267,-1.32902,-0.743654,108.509,92.6354,15.7838,2013,11,4,2013-11,False
2013-11-27,COALINDIA,93.5595,95.762,93.4521,95.1352,1951682,0.9884,100.377,103.165,105.114,36.9386,-2.15266,-1.49375,-0.658915,108.658,92.0968,16.4986,2013,11,4,2013-11,False
2013-11-28,COALINDIA,95.2606,97.0512,95.2606,96.6573,2730214,1.5999,100.176,102.999,105.0,41.8395,-2.06938,-1.60887,-0.46051,108.619,91.7326,16.8568,2013,11,4,2013-11,False
2013-11-29,COALINDIA,97.3377,98.3225,96.8363,97.3914,1280472,0.7595,99.9914,102.873,104.901,44.0963,-1.92199,-1.6715,-0.250493,108.512,91.4706,17.0431,2013,11,4,2013-11,False
2013-12-02,COALINDIA,96.3349,98.5911,96.3349,98.1076,1009491,0.7354,99.7407,102.732,104.804,46.2861,-1.72747,-1.68269,-0.0447806,108.168,91.3131,16.899,2013,12,4,2013-12,False
2013-12-03,COALINDIA,98.1077,98.3762,96.514,96.8363,1384676,-1.2959,99.353,102.538,104.709,43.0617,-1.6568,-1.67751,0.0207106,107.552,91.1544,16.504,2013,12,4,2013-12,False
2013-12-04,COALINDIA,97.0512,97.8391,95.9768,97.3377,1476382,0.5178,98.9125,102.355,104.617,44.6979,-1.54256,-1.65052,0.107964,106.498,91.3272,15.3374,2013,12,4,2013-12,False
2013-12-05,COALINDIA,98.4837,101.564,97.7674,100.256,4271398,2.9985,98.575,102.199,104.528,53.1398,-1.20264,-1.56095,0.358305,105.181,91.9687,13.4036,2013,12,4,2013-12,False
2013-12-06,COALINDIA,100.238,104.93,100.042,103.694,5332278,3.4292,98.4604,102.09,104.452,60.7418,-0.648365,-1.37843,0.730065,104.588,92.3333,12.4459,2013,12,4,2013-12,False
2013-12-09,COALINDIA,107.043,107.043,103.676,104.07,4016879,0.3627,98.4479,102.044,104.372,61.4779,-0.176715,-1.13809,0.961372,104.525,92.3704,12.3466,2013,12,4,2013-12,False
2013-12-10,COALINDIA,103.945,105.163,101.187,102.369,2579166,-1.6346,98.387,101.978,104.286,56.332,0.059123,-0.898645,0.957768,104.269,92.505,11.9568,2013,12,4,2013-12,False
2013-12-11,COALINDIA,99.6476,103.891,98.8418,103.462,3451979,1.067,98.4622,101.871,104.216,58.7213,0.330358,-0.652844,0.983203,104.57,92.3539,12.4074,2013,12,4,2013-12,False
2013-12-12,COALINDIA,103.103,103.103,100.274,100.632,2016537,-2.7345,98.3888,101.686,104.14,50.9461,0.313409,-0.459594,0.773003,104.346,92.4312,12.1103,2013,12,4,2013-12,False
2013-12-13,COALINDIA,100.632,103.283,100.632,101.384,9743906,0.7473,98.5437,101.604,104.061,52.7375,0.356551,-0.296365,0.652916,104.649,92.438,12.3918,2013,12,4,2013-12,False
2013-12-16,COALINDIA,102.71,103.981,100.991,102.727,5203337,1.3246,98.832,101.528,103.993,55.839,0.493419,-0.138408,0.631827,105.163,92.5005,12.8126,2013,12,4,2013-12,False
2013-12-17,COALINDIA,103.068,103.103,99.2715,99.7192,4366436,-2.9283,99.0271,101.357,103.924,48.2077,0.355057,-0.0397151,0.394772,105.206,92.8484,12.4789,2013,12,4,2013-12,False
2013-12-18,COALINDIA,99.0746,101.51,99.0746,101.367,1838948,1.652,99.216,101.164,103.874,52.0707,0.37402,0.0430319,0.330988,105.44,92.9916,12.5472,2013,12,4,2013-12,False
2013-12-19,COALINDIA,101.689,101.957,99.7192,100.632,1496366,-0.7242,99.4273,101.029,103.839,50.2712,0.326051,0.0996357,0.226415,105.536,93.3186,12.2877,2013,12,4,2013-12,False
2013-12-20,COALINDIA,100.919,102.172,100.668,101.85,3838775,1.21,99.7237,100.944,103.816,53.1623,0.381884,0.156085,0.225799,105.69,93.7574,11.9657,2013,12,4,2013-12,False
2013-12-23,COALINDIA,102.71,102.71,100.919,101.564,2013300,-0.2813,99.9699,100.853,103.794,52.3906,0.398423,0.204553,0.19387,105.805,94.1345,11.6742,2013,12,4,2013-12,False
2013-12-24,COALINDIA,101.886,102.656,100.991,101.42,1174702,-0.141,100.331,100.776,103.764,51.9842,0.395413,0.242725,0.152688,105.522,95.1396,10.3479,2013,12,4,2013-12,False
2013-12-26,COALINDIA,101.349,102.244,100.382,101.026,2907958,-0.3884,100.625,100.773,103.729,50.8168,0.357124,0.265605,0.0915195,105.208,96.0425,9.1085,2013,12,4,2013-12,False
2013-12-27,COALINDIA,101.743,101.743,100.435,101.384,1029256,0.3545,100.862,100.757,103.692,51.8748,0.351622,0.282808,0.0688137,105.054,96.6696,8.3123,2013,12,4,2013-12,False
2013-12-30,COALINDIA,101.349,104.303,101.331,103.766,2221007,2.349,101.18,100.803,103.668,58.2992,0.533284,0.332903,0.20038,105.228,97.1324,8.0014,2013,12,4,2013-12,False
2013-12-31,COALINDIA,104.554,105.001,103.605,103.855,1708561,0.0863,101.468,100.846,103.652,58.5234,0.676674,0.401657,0.275017,105.412,97.5235,7.7743,2013,12,4,2013-12,False
2014-01-01,COALINDIA,105.539,105.646,104.052,104.643,1265974,0.7586,101.858,100.89,103.626,60.534,0.844157,0.490157,0.354,105.397,98.3194,6.9483,2014,1,1,2014-01,False
2014-01-02,COALINDIA,104.357,104.572,100.919,101.402,1485831,-3.0972,102.061,100.856,103.585,49.8327,0.707215,0.533569,0.173646,104.906,99.217,5.5738,2014,1,1,2014-01,False
2014-01-03,COALINDIA,100.991,101.868,98.8418,99.4148,2570514,-1.9601,102.019,100.746,103.537,44.6229,0.433311,0.513517,-0.0802062,104.998,99.0407,5.8391,2014,1,1,2014-01,False
2014-01-06,COALINDIA,99.952,100.328,98.1256,98.9493,5415257,-0.4683,101.782,100.649,103.486,43.4763,0.176638,0.446141,-0.269503,104.949,98.6153,6.2225,2014,1,1,2014-01,False
2014-01-07,COALINDIA,99.5222,99.9162,98.1256,98.609,3143007,-0.3438,101.509,100.62,103.433,42.6146,-0.0536127,0.346191,-0.399803,104.785,98.2331,6.4543,2014,1,1,2014-01,False
2014-01-08,COALINDIA,99.9162,104.464,99.1999,103.426,8932578,4.8847,101.562,100.691,103.403,55.9319,0.150842,0.307121,-0.156279,104.929,98.1947,6.6305,2014,1,1,2014-01,False
2014-01-09,COALINDIA,104.572,106.362,103.676,105.879,4352671,2.3719,101.683,100.828,103.399,60.9077,0.505004,0.346698,0.158306,105.483,97.8827,7.4741,2014,1,1,2014-01,False
2014-01-10,COALINDIA,106.273,106.273,102.566,103.479,2878673,-2.2662,101.825,100.883,103.391,54.4337,0.585318,0.394422,0.190896,105.672,97.9777,7.5567,2014,1,1,2014-01,False
2014-01-13,COALINDIA,103.354,104.858,103.354,103.945,2773085,0.4499,101.953,100.941,103.386,55.4237,0.678709,0.451279,0.22743,105.907,97.9985,7.7575,2014,1,1,2014-01,False
2014-01-14,COALINDIA,105.288,105.933,102.566,103.462,5805721,-0.4651,101.99,100.948,103.377,54.109,0.70558,0.502139,0.20344,105.988,97.9916,7.8403,2014,1,1,2014-01,False
2014-01-15,COALINDIA,107.795,110.248,105.127,105.718,18564061,2.1807,102.29,100.97,103.383,58.9973,0.898569,0.581425,0.317144,106.467,98.1127,8.167,2014,1,1,2014-01,False
2014-01-16,COALINDIA,106.452,108.816,104.769,108.386,15021903,2.5237,102.641,101.015,103.4,63.8952,1.25236,0.715613,0.536751,107.598,97.6835,9.6591,2014,1,1,2014-01,False
2014-01-17,COALINDIA,108.92,111.0,107.376,107.732,6900162,-0.603,102.996,101.029,103.407,61.9433,1.46315,0.86512,0.598029,108.348,97.6429,10.394,2014,1,1,2014-01,False
2014-01-20,COALINDIA,107.871,108.762,106.148,106.722,4551231,-0.9375,103.239,101.044,103.396,58.9464,1.53105,0.998306,0.532745,108.811,97.6671,10.7946,2014,1,1,2014-01,False
2014-01-21,COALINDIA,106.92,106.94,103.91,104.168,3477115,-2.3938,103.369,101.041,103.379,52.0824,1.36301,1.07125,0.291763,108.898,97.8406,10.6972,2014,1,1,2014-01,False
2014-01-22,COALINDIA,104.128,105.118,103.257,103.692,2853129,-0.4563,103.483,101.043,103.352,50.895,1.17791,1.09258,0.0853277,108.936,98.03,10.539,2014,1,1,2014-01,False
2014-01-23,COALINDIA,103.177,104.049,102.385,102.623,2805631,-1.0313,103.563,101.056,103.334,48.2307,0.934152,1.06089,-0.126741,108.91,98.2155,10.3267,2014,1,1,2014-01,False
2014-01-24,COALINDIA,102.187,103.514,101.811,102.148,2902163,-0.4632,103.601,101.057,103.296,47.0517,0.694615,0.987638,-0.293023,108.893,98.3085,10.2171,2014,1,1,2014-01,False
2014-01-27,COALINDIA,101.395,101.553,98.2264,98.6225,3926853,-3.451,103.344,101.064,103.244,39.3658,0.217824,0.833675,-0.615851,109.084,97.6041,11.108,2014,1,1,2014-01,False
2014-01-28,COALINDIA,98.2265,100.464,98.068,98.6819,1869607,0.0603,103.085,101.099,103.193,39.5451,-0.153471,0.636246,-0.789717,109.183,96.9874,11.8305,2014,1,1,2014-01,False
2014-01-29,COALINDIA,98.7612,100.603,98.7612,99.2959,1727528,0.6221,102.818,101.168,103.149,41.4705,-0.393649,0.430267,-0.823916,109.094,96.5413,12.2088,2014,1,1,2014-01,False
2014-01-30,COALINDIA,98.2265,99.6127,97.0977,97.4937,5510037,-1.8149,102.622,101.166,103.092,37.6771,-0.721096,0.199994,-0.921091,109.314,95.9307,13.0413,2014,1,1,2014-01,False
2014-01-31,COALINDIA,97.4541,98.2265,96.8006,98.0087,2028867,0.5282,102.552,101.198,103.043,39.3833,-0.928349,-0.0256743,-0.902675,109.413,95.6911,13.3804,2014,1,1,2014-01,False
2014-02-03,COALINDIA,97.4343,98.6423,96.8006,97.3353,3314634,-0.687,102.471,101.227,103.001,37.9213,-1.13386,-0.247312,-0.886551,109.545,95.3973,13.8069,2014,2,1,2014-02,False
2014-02-04,COALINDIA,96.2461,99.4345,96.2461,98.7414,5352922,1.4446,102.478,101.269,102.976,42.7043,-1.16979,-0.431808,-0.737983,109.537,95.4189,13.7767,2014,2,1,2014-02,False
2014-02-05,COALINDIA,98.1473,101.316,98.1473,101.078,3346367,2.3666,102.361,101.406,102.962,49.6478,-0.998194,-0.545085,-0.453109,109.431,95.2898,13.8154,2014,2,1,2014-02,False
2014-02-06,COALINDIA,100.405,106.623,100.405,105.871,5588845,4.7414,102.36,101.621,102.967,60.2793,-0.47007,-0.530082,0.0600123,109.43,95.2902,13.8138,2014,2,1,2014-02,False
2014-02-07,COALINDIA,106.544,107.059,104.088,106.782,2628212,0.8605,102.525,101.823,102.973,61.9249,0.0217306,-0.419719,0.44145,109.855,95.1958,14.2978,2014,2,1,2014-02,False
2014-02-10,COALINDIA,106.94,107.415,105.891,106.94,1400555,0.1484,102.675,102.014,102.957,62.2181,0.419434,-0.251889,0.671323,110.245,95.105,14.7456,2014,2,1,2014-02,False
2014-02-11,COALINDIA,106.94,107.198,105.356,106.94,1921146,0.0,102.849,102.191,102.942,62.2181,0.726246,-0.0562618,0.782508,110.651,95.0465,15.1725,2014,2,1,2014-02,False
2014-02-12,COALINDIA,106.643,107.059,104.96,106.9,3412799,-0.037,102.908,102.392,102.917,62.0795,0.95519,0.146028,0.809161,110.819,94.997,15.3751,2014,2,1,2014-02,False
2014-02-13,COALINDIA,106.366,106.366,102.762,103.138,2162133,-3.5198,102.646,102.508,102.87,50.5576,0.823516,0.281526,0.54199,110.128,95.163,14.5796,2014,2,1,2014-02,False
2014-02-14,COALINDIA,103.613,103.989,101.692,103.296,1941733,0.1536,102.424,102.569,102.834,50.9703,0.723605,0.369942,0.353663,109.525,95.3228,13.866,2014,2,1,2014-02,False
2014-02-17,COALINDIA,103.356,103.375,101.197,101.494,2521574,-1.7446,102.162,102.525,102.778,46.2428,0.493324,0.394618,0.0987061,108.976,95.3485,13.3394,2014,2,1,2014-02,False
2014-02-18,COALINDIA,100.999,101.692,100.266,101.039,2316373,-0.4488,102.006,102.464,102.724,45.1041,0.270946,0.369884,-0.0989381,108.77,95.2424,13.2611,2014,2,1,2014-02,False
2014-02-19,COALINDIA,101.474,101.95,100.484,100.92,1218899,-0.1176,101.867,102.435,102.666,44.7942,0.0841524,0.312738,-0.228585,108.599,95.1358,13.2164,2014,2,1,2014-02,False
2014-02-20,COALINDIA,100.524,101.514,99.1176,99.4345,2174766,-1.4718,101.708,102.355,102.606,41.0021,-0.181639,0.213862,-0.395501,108.515,94.9011,13.3852,2014,2,1,2014-02,False
2014-02-21,COALINDIA,100.029,100.286,99.2166,99.5137,1022484,0.0797,101.576,102.332,102.557,41.2876,-0.381493,0.0947912,-0.476284,108.449,94.7036,13.532,2014,2,1,2014-02,False
2014-02-24,COALINDIA,99.5137,101.039,99.4741,99.8108,1189950,0.2985,101.636,102.301,102.505,42.413,-0.510027,-0.0261724,-0.483854,108.421,94.8505,13.3519,2014,2,1,2014-02,False
2014-02-25,COALINDIA,100.009,100.167,97.1967,97.4937,2237742,-2.3214,101.576,102.196,102.448,36.5315,-0.789753,-0.178889,-0.610864,108.49,94.6626,13.6127,2014,2,1,2014-02,False
2014-02-26,COALINDIA,97.0382,97.3749,95.1767,96.6422,3702994,-0.8734,101.444,102.135,102.403,34.6307,-1.06784,-0.356679,-0.711163,108.638,94.2495,14.1834,2014,2,1,2014-02,False
2014-02-28,COALINDIA,96.7214,98.0284,96.0877,96.6422,2362184,0.0,101.401,102.04,102.362,34.6307,-1.27355,-0.540053,-0.733496,108.703,94.0992,14.4018,2014,2,1,2014-02,False
2014-03-03,COALINDIA,96.662,97.2561,95.3351,96.7808,2380690,0.1434,101.34,101.963,102.326,35.2666,-1.40914,-0.713871,-0.695272,108.781,93.8984,14.6856,2014,3,1,2014-03,False
2014-03-04,COALINDIA,96.8402,98.2265,96.761,97.8898,2575377,1.1459,101.367,101.884,102.287,40.2722,-1.41085,-0.853267,-0.557584,108.75,93.9851,14.5654,2014,3,1,2014-03,False
2014-03-05,COALINDIA,98.1076,99.8702,97.969,99.6325,2684429,1.7803,101.412,101.845,102.258,47.1837,-1.25709,-0.934032,-0.32306,108.738,94.0858,14.4482,2014,3,1,2014-03,False
2014-03-06,COALINDIA,99.8108,102.049,99.8108,101.831,3405827,2.2063,101.45,101.854,102.243,54.3582,-0.946943,-0.936614,-0.0103285,108.776,94.1229,14.4438,2014,3,1,2014-03,False
2014-03-07,COALINDIA,101.89,105.356,101.89,104.881,3649357,2.9949,101.4,101.931,102.236,62.0586,-0.449871,-0.839266,0.389394,108.613,94.1867,14.2274,2014,3,1,2014-03,False
2014-03-10,COALINDIA,103.871,104.762,101.831,102.504,3309344,-2.2659,101.186,101.953,102.206,54.3621,-0.244876,-0.720388,0.475512,107.968,94.4039,13.4054,2014,3,1,2014-03,False
2014-03-11,COALINDIA,101.811,103.276,100.821,101.296,1988654,-1.1785,100.904,101.904,102.166,50.9059,-0.177842,-0.611879,0.434036,107.124,94.6834,12.3297,2014,3,1,2014-03,False
2014-03-12,COALINDIA,100.603,103.395,100.207,103.177,1671339,1.8573,100.716,101.89,102.138,55.6364,0.0267838,-0.484146,0.51093,106.369,95.0621,11.227,2014,3,1,2014-03,False
2014-03-13,COALINDIA,103.177,106.069,102.979,104.999,2857175,1.7658,100.621,101.897,102.117,59.6874,0.332138,-0.320889,0.653028,105.887,95.3542,10.468,2014,3,1,2014-03,False
2014-03-14,COALINDIA,105.554,106.009,103.573,104.663,1600297,-0.3206,100.697,101.962,102.087,58.6222,0.540736,-0.148564,0.6893,106.157,95.2365,10.8454,2014,3,1,2014-03,False
2014-03-18,COALINDIA,105.158,107.534,105.158,107.217,3009481,2.4409,100.893,102.118,102.052,63.8888,0.901796,0.0615079,0.840288,106.991,94.7952,12.0877,2014,3,1,2014-03,False
2014-03-19,COALINDIA,107.415,109.198,103.989,104.227,4703870,-2.7891,101.03,102.224,101.996,55.0553,0.935854,0.236377,0.699477,107.304,94.7552,12.4211,2014,3,1,2014-03,False
2014-03-20,COALINDIA,104.168,104.366,101.435,103.158,4293614,-1.026,101.136,102.315,101.934,52.2719,0.866565,0.362415,0.504151,107.482,94.7894,12.55,2014,3,1,2014-03,False
2014-03-21,COALINDIA,103.158,104.564,102.207,104.187,2527055,0.9982,101.299,102.33,101.882,54.6494,0.884548,0.466841,0.417706,107.788,94.8095,12.8125,2014,3,1,2014-03,False
2014-03-24,COALINDIA,104.603,107.732,104.603,106.92,5301925,2.6231,101.673,102.351,101.842,60.3017,1.10657,0.594787,0.511784,108.561,94.7853,13.5492,2014,3,1,2014-03,False
2014-03-25,COALINDIA,106.306,108.901,106.108,108.722,2123909,1.6855,102.134,102.456,101.812,63.5296,1.41167,0.758163,0.653505,109.619,94.6484,14.658,2014,3,1,2014-03,False
2014-03-26,COALINDIA,108.901,111.693,108.128,111.198,4019330,2.2769,102.703,102.601,101.798,67.4453,1.83209,0.972949,0.859142,111.119,94.2873,16.3887,2014,3,1,2014-03,False
2014-03-27,COALINDIA,110.861,112.822,109.515,110.901,4437037,-0.2671,103.373,102.75,101.782,66.5223,2.11691,1.20174,0.915166,112.169,94.5775,17.0179,2014,3,1,2014-03,False
2014-03-28,COALINDIA,111.376,114.03,109.178,113.416,2001799,2.2679,104.212,102.904,101.785,70.2363,2.51656,1.46471,1.05186,113.491,94.9331,17.808,2014,3,1,2014-03,False
2014-03-31,COALINDIA,112.584,115.654,112.584,114.366,2176837,0.8381,105.098,103.023,101.793,71.5222,2.87683,1.74713,1.1297,114.713,95.4839,18.296,2014,3,1,2014-03,False
2014-04-01,COALINDIA,114.664,115.654,111.693,115.06,3559789,0.6061,106.012,103.17,101.818,72.4566,3.1816,2.03403,1.14758,115.772,96.2529,18.4118,2014,4,2,2014-04,False
2014-04-02,COALINDIA,115.06,115.258,112.881,113.634,1461584,-1.2392,106.799,103.308,101.852,67.5464,3.27038,2.2813,0.989086,116.338,97.2614,17.8617,2014,4,2,2014-04,False
2014-04-03,COALINDIA,113.693,114.109,110.604,111.099,3742894,-2.2308,107.373,103.447,101.88,59.7891,3.10045,2.44513,0.655326,116.465,98.2805,16.9359,2014,4,2,2014-04,False
2014-04-04,COALINDIA,111.297,112.723,108.94,111.574,11061864,0.4278,107.86,103.604,101.908,60.7005,2.9699,2.55008,0.41982,116.744,98.9763,16.4726,2014,4,2,2014-04,False
2014-04-07,COALINDIA,111.713,113.178,109.534,112.485,2242868,0.8165,108.24,103.802,101.938,62.4568,2.90644,2.62136,0.285089,117.237,99.2432,16.6241,2014,4,2,2014-04,False
2014-04-09,COALINDIA,113.079,114.466,112.287,114.129,3023751,1.4613,108.821,104.041,101.974,65.4566,2.95473,2.68803,0.2667,117.76,99.883,16.4278,2014,4,2,2014-04,False
2014-04-10,COALINDIA,114.743,116.248,112.644,115.713,4462459,1.3881,109.542,104.383,102.024,68.102,3.08527,2.76748,0.31779,118.248,100.837,15.8942,2014,4,2,2014-04,False
2014-04-11,COALINDIA,114.862,116.446,113.891,116.07,2898928,0.3081,110.187,104.731,102.083,68.6832,3.18082,2.85015,0.330673,118.817,101.557,15.6642,2014,4,2,2014-04,False
2014-04-15,COALINDIA,115.258,116.822,112.921,115.971,4382242,-0.0853,110.735,105.064,102.136,68.3108,3.21153,2.92242,0.289108,119.372,102.099,15.5981,2014,4,2,2014-04,False
2014-04-16,COALINDIA,115.852,117.04,113.416,114.743,1850340,-1.0587,111.239,105.409,102.186,63.7,3.10105,2.95815,0.142902,119.554,102.925,14.9491,2014,4,2,2014-04,False
2014-04-17,COALINDIA,114.98,115.654,113.416,115.218,2279947,0.4142,111.64,105.753,102.243,64.6934,3.01707,2.96993,0.0471339,119.909,103.37,14.8148,2014,4,2,2014-04,False
2014-04-21,COALINDIA,115.218,117.832,114.881,117.278,2138227,1.7875,112.292,106.152,102.321,68.6921,3.08118,2.99218,0.0889987,120.148,104.436,13.9922,2014,4,2,2014-04,False
2014-04-22,COALINDIA,117.832,119.139,116.862,118.426,4237705,0.9794,113.055,106.546,102.407,70.686,3.18793,3.03133,0.156596,120.1,106.011,12.4614,2014,4,2,2014-04,False
2014-04-23,COALINDIA,118.545,120.308,117.654,119.713,4370472,1.0869,113.832,106.919,102.472,72.7784,3.33792,3.09265,0.245268,120.145,107.518,11.0924,2014,4,2,2014-04,False
2014-04-24,COALINDIA,119.713,119.713,119.713,119.713,0,0.0,114.471,107.196,102.532,72.7784,3.41739,3.1576,0.259794,120.418,108.525,10.3896,2014,4,2,2014-04,False
2014-04-25,COALINDIA,119.515,120.545,118.505,118.803,2409633,-0.761,114.975,107.436,102.598,68.7506,3.36804,3.19969,0.168355,120.569,109.382,9.7293,2014,4,2,2014-04,False
2014-04-28,COALINDIA,118.09,118.624,116.485,117.119,3350917,-1.4169,115.272,107.64,102.659,61.9304,3.15672,3.19109,-0.0343764,120.645,109.898,9.3237,2014,4,2,2014-04,False
2014-04-29,COALINDIA,117.04,118.426,115.693,117.515,1368878,0.3382,115.602,107.851,102.719,62.8639,2.98677,3.15023,-0.163459,120.648,110.557,8.7287,2014,4,2,2014-04,False
2014-04-30,COALINDIA,117.119,118.723,114.525,115.594,2778923,-1.6347,115.711,108.025,102.773,55.7266,2.66634,3.05345,-0.387108,120.651,110.772,8.5377,2014,4,2,2014-04,False
2014-05-02,COALINDIA,115.654,117.872,115.654,116.961,1361657,1.1821,115.841,108.301,102.847,59.2692,2.49391,2.94154,-0.447629,120.768,110.914,8.5066,2014,5,2,2014-05,False
2014-05-05,COALINDIA,116.842,118.525,116.268,117.416,1556958,0.3894,115.959,108.584,102.92,60.4065,2.36674,2.82658,-0.459845,120.92,110.998,8.5565,2014,5,2,2014-05,False
2014-05-06,COALINDIA,117.634,118.129,116.941,117.416,815026,0.0,116.148,108.902,102.996,60.4065,2.24012,2.70929,-0.469165,121.023,111.272,8.3953,2014,5,2,2014-05,False
2014-05-07,COALINDIA,116.644,118.03,116.287,117.0,1585768,-0.3542,116.443,109.221,103.054,58.6717,2.08222,2.58388,-0.501654,120.708,112.178,7.3254,2014,5,2,2014-05,False
2014-05-08,COALINDIA,117.0,117.832,116.03,116.347,2029447,-0.5585,116.682,109.53,103.107,55.9526,1.88265,2.44363,-0.560981,120.282,113.081,6.171,2014,5,2,2014-05,False
2014-05-09,COALINDIA,116.248,122.783,116.248,122.248,4673033,5.0723,117.17,109.986,103.203,69.6375,2.17561,2.39003,-0.214415,121.014,113.326,6.5611,2014,5,2,2014-05,False
2014-05-12,COALINDIA,122.387,133.517,122.387,131.12,8237761,7.2574,118.019,110.618,103.339,79.7987,3.08809,2.52964,0.558448,125.144,110.895,12.0739,2014,5,2,2014-05,False
2014-05-13,COALINDIA,132.665,135.655,128.724,131.516,4950353,0.3021,118.809,111.253,103.483,80.1185,3.79939,2.78359,1.0158,128.049,109.57,15.5533,2014,5,2,2014-05,False
2014-05-14,COALINDIA,131.497,136.943,129.655,135.972,6846395,3.3881,119.805,112.022,103.65,83.3188,4.66884,3.16064,1.5082,131.705,107.904,19.8671,2014,5,2,2014-05,False
2014-05-15,COALINDIA,135.814,136.784,130.942,134.804,4092349,-0.8593,120.746,112.785,103.8,79.6962,5.20362,3.56924,1.63438,134.243,107.249,22.3558,2014,5,2,2014-05,False
2014-05-16,COALINDIA,141.795,144.726,134.685,136.804,14234067,1.4837,121.849,113.589,103.955,81.2028,5.72285,3.99996,1.7229,136.807,106.891,24.5515,2014,5,2,2014-05,False
2014-05-19,COALINDIA,138.527,156.152,137.913,154.053,11585955,12.6086,123.791,114.734,104.199,88.872,7.44044,4.68806,2.75238,144.21,103.372,32.9897,2014,5,2,2014-05,False
2014-05-20,COALINDIA,154.469,154.984,142.785,145.161,11520726,-5.7719,125.185,115.679,104.398,72.4599,7.99202,5.34885,2.64317,147.456,102.915,35.5799,2014,5,2,2014-05,False
2014-05-21,COALINDIA,144.963,148.369,140.745,146.904,12136258,1.2005,126.609,116.625,104.614,73.4931,8.4721,5.9735,2.49861,150.632,102.586,37.9488,2014,5,2,2014-05,False
2014-05-22,COALINDIA,150.706,158.984,150.548,154.429,14514099,5.1227,128.345,117.677,104.888,77.4306,9.35201,6.6492,2.70281,155.129,101.561,41.737,2014,5,2,2014-05,False
2014-05-23,COALINDIA,157.836,158.43,154.192,157.598,5290632,2.0518,130.239,118.731,105.194,78.8549,10.1876,7.35688,2.83071,159.679,100.799,45.2095,2014,5,2,2014-05,False
2014-05-26,COALINDIA,161.48,165.084,153.677,158.846,8404997,0.7916,132.241,119.858,105.504,79.4059,10.8257,8.05064,2.77503,163.779,100.704,47.6964,2014,5,2,2014-05,False
2014-05-27,COALINDIA,159.974,161.163,152.588,155.677,6135493,-1.9948,134.169,120.946,105.786,74.1224,10.9495,8.6304,2.31905,166.518,101.821,48.2205,2014,5,2,2014-05,False
2014-05-28,COALINDIA,155.657,156.053,149.934,150.667,7118340,-3.2184,135.827,121.895,106.063,66.5787,10.522,9.00872,1.51326,167.979,103.675,47.3431,2014,5,2,2014-05,False
2014-05-29,COALINDIA,150.112,152.053,146.825,147.954,8459707,-1.8007,137.445,122.755,106.354,62.8486,9.85072,9.17712,0.673601,168.55,106.34,45.262,2014,5,2,2014-05,False
2014-05-30,COALINDIA,147.3,151.439,146.151,146.904,4130201,-0.7094,138.942,123.599,106.624,61.415,9.12881,9.16746,-0.0386421,168.751,109.133,42.9089,2014,5,2,2014-05,False
2014-06-02,COALINDIA,146.904,149.102,145.201,147.874,4652528,0.6606,140.465,124.413,106.911,62.2718,8.5366,9.04128,-0.504686,168.715,112.215,40.2239,2014,6,2,2014-06,False
2014-06-03,COALINDIA,149.063,156.41,148.152,155.816,8792311,5.3703,142.385,125.444,107.227,68.4468,8.60882,8.95479,-0.345972,169.224,115.546,37.6991,2014,6,2,2014-06,False
2014-06-04,COALINDIA,156.053,156.845,152.687,154.608,6610785,-0.7753,144.265,126.473,107.525,66.6595,8.47093,8.85802,-0.387089,168.785,119.745,33.993,2014,6,2,2014-06,False
2014-06-05,COALINDIA,155.261,157.44,153.518,155.241,9603148,0.4099,146.21,127.494,107.818,67.1442,8.31692,8.7498,-0.432881,167.342,125.077,28.9071,2014,6,2,2014-06,False
2014-06-06,COALINDIA,156.053,157.321,154.073,154.726,7053744,-0.3317,147.834,128.451,108.117,66.3008,8.0604,8.61192,-0.551521,165.996,129.671,24.5714,2014,6,2,2014-06,False
2014-06-09,COALINDIA,155.657,166.054,154.964,163.658,10844180,5.7724,149.461,129.549,108.458,72.7052,8.48005,8.58554,-0.105497,167.142,131.779,23.6606,2014,6,2,2014-06,False
2014-06-10,COALINDIA,164.767,167.698,160.054,166.51,11167893,1.7425,151.21,130.655,108.835,74.3794,8.93968,8.65637,0.283309,168.332,134.089,22.6463,2014,6,2,2014-06,False
2014-06-11,COALINDIA,167.143,167.817,159.024,160.133,7166116,-3.8297,152.418,131.64,109.183,64.8067,8.68923,8.66294,0.0262851,168.384,136.453,20.9492,2014,6,2,2014-06,False
2014-06-12,COALINDIA,160.806,160.806,155.063,156.41,5334343,-2.325,153.499,132.5,109.502,59.955,8.09698,8.54975,-0.452769,167.21,139.787,17.8655,2014,6,2,2014-06,False
2014-06-13,COALINDIA,157.242,160.608,152.905,154.212,4402493,-1.4054,154.369,133.297,109.813,57.2307,7.36534,8.31287,-0.947528,165.605,143.133,14.5575,2014,6,2,2014-06,False
2014-06-16,COALINDIA,154.073,155.776,149.835,154.212,3627210,0.0,154.377,134.08,110.112,57.2307,6.70818,7.99193,-1.28375,165.612,143.142,14.5558,2014,6,2,2014-06,False
2014-06-17,COALINDIA,153.954,159.163,153.439,158.608,5177391,2.8509,155.049,134.979,110.429,61.3087,6.46758,7.68706,-1.21948,165.548,144.551,13.5423,2014,6,2,2014-06,False
2014-06-18,COALINDIA,159.143,159.816,154.489,156.093,4239276,-1.5857,155.509,135.879,110.732,57.9071,6.00474,7.3506,-1.34586,165.286,145.732,12.5745,2014,6,2,2014-06,False
2014-06-19,COALINDIA,156.846,157.638,151.835,152.548,4308309,-2.271,155.415,136.699,111.035,53.4093,5.29091,6.93866,-1.64775,165.271,145.558,12.6845,2014,6,2,2014-06,False
2014-06-20,COALINDIA,151.023,156.37,150.904,153.023,3825862,0.3116,155.186,137.51,111.353,53.926,4.70925,6.49278,-1.78353,165.042,145.33,12.7019,2014,6,2,2014-06,False
2014-06-23,COALINDIA,152.033,154.469,151.815,153.637,1701418,0.4012,154.926,138.3,111.679,54.626,4.24884,6.04399,-1.79515,164.648,145.203,12.5518,2014,6,2,2014-06,False
2014-06-24,COALINDIA,153.281,156.43,152.885,155.063,2885722,0.9281,154.895,139.087,112.011,56.2872,3.95345,5.62588,-1.67243,164.612,145.178,12.5464,2014,6,2,2014-06,False
2014-06-25,COALINDIA,156.014,158.529,155.42,157.578,3068966,1.622,155.24,139.917,112.344,59.1296,3.8776,5.27622,-1.39863,164.815,145.666,12.3348,2014,6,2,2014-06,False
2014-06-26,COALINDIA,158.073,159.638,153.162,153.796,4248179,-2.4004,155.532,140.673,112.653,53.4957,3.47224,4.91543,-1.44319,164.508,146.556,11.5423,2014,6,2,2014-06,False
2014-06-27,COALINDIA,154.627,155.36,150.508,150.845,3787517,-1.9186,155.73,141.395,112.94,49.531,2.87969,4.50828,-1.62859,164.058,147.401,10.6956,2014,6,2,2014-06,False
2014-06-30,COALINDIA,151.696,152.924,150.904,152.469,3441503,1.0765,155.959,142.14,113.202,51.6545,2.51217,4.10906,-1.59689,163.6,148.318,9.7986,2014,6,2,2014-06,False
2014-07-01,COALINDIA,153.954,155.4,151.934,152.271,4739271,-0.1299,155.782,142.84,113.467,51.3706,2.1798,3.72321,-1.54341,163.599,147.965,10.0363,2014,7,3,2014-07,False
2014-07-02,COALINDIA,153.677,156.192,152.806,155.875,4498375,2.367,155.845,143.589,113.73,56.0994,2.18208,3.41498,-1.2329,163.643,148.048,10.0071,2014,7,3,2014-07,False
2014-07-03,COALINDIA,156.647,159.103,155.697,156.885,5264060,0.6479,155.928,144.333,113.99,57.3509,2.23956,3.1799,-0.940336,163.733,148.122,10.0118,2014,7,3,2014-07,False
2014-07-04,COALINDIA,157.38,157.38,153.776,156.113,2548987,-0.4923,155.997,145.061,114.26,56.0354,2.19747,2.98341,-0.785944,163.782,148.212,9.9814,2014,7,3,2014-07,False
2014-07-07,COALINDIA,156.113,158.351,155.261,157.143,2867565,0.6597,155.671,145.827,114.521,57.4373,2.2216,2.83105,-0.609453,162.605,148.737,8.9089,2014,7,3,2014-07,False
2014-07-08,COALINDIA,157.044,157.638,147.676,149.479,4326868,-4.8771,154.82,146.475,114.75,45.746,1.60381,2.5856,-0.981793,160.146,149.493,6.8811,2014,7,3,2014-07,False
2014-07-09,COALINDIA,149.914,152.093,143.775,144.844,5650039,-3.1002,154.055,147.021,114.949,40.3922,0.731835,2.21485,-1.48301,160.452,147.658,8.3043,2014,7,3,2014-07,False
2014-07-10,COALINDIA,144.983,150.508,141.399,146.508,5572244,1.1485,153.56,147.64,115.149,42.9723,0.173025,1.80648,-1.63346,160.681,146.439,9.2746,2014,7,3,2014-07,False
2014-07-11,COALINDIA,148.053,148.528,141.557,143.656,3400029,-1.9464,153.032,148.173,115.334,39.7925,-0.494246,1.34634,-1.84058,161.405,144.66,10.942,2014,7,3,2014-07,False
2014-07-14,COALINDIA,143.696,145.201,139.497,141.894,2915555,-1.2269,152.416,148.663,115.504,37.9246,-1.15201,0.846668,-1.99867,162.129,142.704,12.7443,2014,7,3,2014-07,False
2014-07-15,COALINDIA,142.983,145.577,141.597,144.349,4477265,1.7306,151.703,149.202,115.68,42.009,-1.45832,0.38567,-1.84399,161.594,141.813,13.0389,2014,7,3,2014-07,False
2014-07-16,COALINDIA,144.765,146.092,142.23,144.686,3625393,0.2332,151.133,149.755,115.871,42.5669,-1.65484,-0.0224318,-1.63241,161.27,140.996,13.4146,2014,7,3,2014-07,False
2014-07-17,COALINDIA,143.597,149.597,143.597,149.201,3299444,3.1207,150.966,150.412,116.089,49.5741,-1.42976,-0.303897,-1.12586,161.115,140.817,13.4455,2014,7,3,2014-07,False
2014-07-18,COALINDIA,148.884,149.32,144.864,148.766,4824302,-0.292,150.753,150.943,116.289,48.9535,-1.27187,-0.497492,-0.77438,160.899,140.607,13.4604,2014,7,3,2014-07,False
2014-07-21,COALINDIA,148.548,151.083,148.548,149.894,2435981,0.7588,150.566,151.318,116.489,50.6764,-1.04363,-0.606719,-0.436909,160.625,140.506,13.3625,2014,7,3,2014-07,False
2014-07-22,COALINDIA,150.152,153.994,150.152,153.499,4662386,2.4045,150.487,151.758,116.729,55.8056,-0.565396,-0.598455,0.0330585,160.423,140.552,13.2051,2014,7,3,2014-07,False
2014-07-23,COALINDIA,154.429,155.855,151.498,152.409,4292684,-0.7096,150.229,152.087,116.958,53.9789,-0.271154,-0.532995,0.261841,159.644,140.814,12.5337,2014,7,3,2014-07,False
2014-07-24,COALINDIA,152.192,153.439,152.093,152.588,3722152,0.1169,150.169,152.442,117.18,54.2428,-0.0233161,-0.431059,0.407743,159.502,140.835,12.4306,2014,7,3,2014-07,False
2014-07-25,COALINDIA,152.192,153.122,148.27,149.32,9210428,-2.1415,150.092,152.693,117.371,48.725,-0.0895394,-0.362755,0.273216,159.427,140.757,12.4391,2014,7,3,2014-07,False
2014-07-28,COALINDIA,149.419,149.439,143.775,144.31,4071310,-3.3554,149.684,152.498,117.556,41.7175,-0.540087,-0.398221,-0.141865,159.291,140.077,12.8363,2014,7,3,2014-07,False
2014-07-30,COALINDIA,144.567,145.835,143.854,145.478,2970292,0.8096,149.345,152.504,117.753,43.7491,-0.793721,-0.477321,-0.316399,159.047,139.643,12.9925,2014,7,3,2014-07,False
2014-07-31,COALINDIA,145.478,147.241,144.765,145.637,5715183,0.1089,148.833,152.479,117.951,44.0341,-0.97075,-0.576007,-0.394743,158.157,139.509,12.5296,2014,7,3,2014-07,False
2014-08-01,COALINDIA,144.171,147.914,141.042,142.191,4885489,-2.3661,148.098,152.234,118.135,39.3644,-1.37327,-0.73546,-0.63781,157.059,139.137,12.1017,2014,8,3,2014-08,False
2014-08-04,COALINDIA,142.587,143.874,140.428,142.369,3099856,0.1254,147.411,151.929,118.341,39.7205,-1.65876,-0.920121,-0.738644,155.879,138.943,11.4886,2014,8,3,2014-08,False
2014-08-05,COALINDIA,142.686,145.577,140.012,143.023,4498302,0.459,146.705,151.613,118.545,41.0866,-1.81141,-1.09838,-0.713028,154.034,139.376,9.9921,2014,8,3,2014-08,False
2014-08-06,COALINDIA,142.923,144.904,141.993,142.547,2376739,-0.3323,146.358,151.35,118.751,40.37,-1.94827,-1.26836,-0.679914,153.79,138.926,10.1559,2014,8,3,2014-08,False
2014-08-07,COALINDIA,141.121,145.359,141.121,143.775,2559482,0.8614,146.305,151.213,118.961,43.1295,-1.93535,-1.40175,-0.533594,153.798,138.812,10.243,2014,8,3,2014-08,False
2014-08-08,COALINDIA,142.349,142.765,139.26,140.864,1974951,-2.0248,146.023,151.071,119.153,38.5718,-2.1354,-1.54848,-0.58692,153.899,138.147,10.7876,2014,8,3,2014-08,False
2014-08-11,COALINDIA,141.795,142.666,141.102,141.557,876052,0.4921,145.918,150.964,119.345,40.1924,-2.21251,-1.68129,-0.531223,153.981,137.855,11.051,2014,8,3,2014-08,False
2014-08-12,COALINDIA,142.052,145.161,142.052,144.409,2424914,2.0146,146.044,150.894,119.543,46.4514,-2.02022,-1.74908,-0.271145,153.918,138.169,10.7841,2014,8,3,2014-08,False
2014-08-13,COALINDIA,145.439,145.894,137.477,139.834,3476487,-3.1679,145.818,150.575,119.723,39.3392,-2.21147,-1.84156,-0.369917,154.143,137.493,11.4187,2014,8,3,2014-08,False
2014-08-14,COALINDIA,139.814,141.478,139.181,141.181,3036124,0.9631,145.643,150.306,119.929,42.1473,-2.22868,-1.91898,-0.309703,154.212,137.073,11.7679,2014,8,3,2014-08,False
2014-08-18,COALINDIA,140.606,144.864,140.408,144.052,2080416,2.0339,145.385,150.083,120.149,47.7062,-1.98771,-1.93273,-0.054981,153.813,136.957,11.5935,2014,8,3,2014-08,False
2014-08-19,COALINDIA,144.963,147.34,144.646,146.25,2420419,1.526,145.259,149.913,120.386,51.5447,-1.6009,-1.86636,0.265463,153.548,136.97,11.4129,2014,8,3,2014-08,False
2014-08-20,COALINDIA,145.993,146.785,144.587,145.221,1387438,-0.7041,145.026,149.544,120.608,49.7041,-1.36175,-1.76544,0.403691,153.023,137.028,11.0288,2014,8,3,2014-08,False
2014-08-21,COALINDIA,144.666,146.647,143.795,144.25,2526710,-0.6682,144.563,149.099,120.824,47.9659,-1.23627,-1.6596,0.423335,151.496,137.63,9.5919,2014,8,3,2014-08,False
2014-08-22,COALINDIA,144.607,144.765,141.101,141.418,2120692,-1.9632,144.014,148.725,121.016,43.2162,-1.34978,-1.59764,0.247857,150.007,138.02,8.3232,2014,8,3,2014-08,False
2014-08-25,COALINDIA,142.389,143.379,141.121,142.052,1627688,0.4481,143.487,148.438,121.203,44.5397,-1.37278,-1.55267,0.179887,147.968,139.005,6.2466,2014,8,3,2014-08,False
2014-08-26,COALINDIA,142.191,144.567,139.022,141.24,3083141,-0.5716,143.083,148.178,121.378,43.152,-1.43993,-1.53012,0.0901936,146.729,139.436,5.0969,2014,8,3,2014-08,False
2014-08-27,COALINDIA,141.28,143.973,140.23,142.013,2097073,0.5469,142.968,147.934,121.553,44.9104,-1.41451,-1.507,0.092489,146.596,139.34,5.0758,2014,8,3,2014-08,False
2014-08-28,COALINDIA,142.012,142.904,140.606,141.042,2450725,-0.6834,142.746,147.583,121.729,43.1063,-1.45589,-1.49678,0.0408868,146.269,139.223,4.9362,2014,8,3,2014-08,False
2014-09-01,COALINDIA,141.597,145.24,141.597,144.666,2942078,2.5695,142.698,147.354,121.93,51.0195,-1.18262,-1.43394,0.251327,146.077,139.318,4.7363,2014,9,3,2014-09,False
2014-09-02,COALINDIA,145.28,145.755,143.181,143.933,2148461,-0.5065,142.785,147.182,122.132,49.5198,-1.01349,-1.34985,0.336363,146.199,139.371,4.782,2014,9,3,2014-09,False
2014-09-03,COALINDIA,144.171,150.112,143.933,148.964,3815885,3.4948,143.115,147.101,122.367,58.5315,-0.468168,-1.17352,0.705349,147.496,138.733,6.1232,2014,9,3,2014-09,False
2014-09-04,COALINDIA,148.964,151.419,147.142,150.132,4419097,0.7844,143.47,147.031,122.607,60.3041,0.0576199,-0.927289,0.984909,148.858,138.082,7.5111,2014,9,3,2014-09,False
2014-09-05,COALINDIA,149.716,150.112,145.538,146.666,2666350,-2.3084,143.676,146.863,122.849,53.0591,0.192447,-0.703342,0.895789,149.228,138.124,7.7285,2014,9,3,2014-09,False
2014-09-08,COALINDIA,144.171,148.746,143.458,148.409,2372603,1.1882,143.908,146.679,123.106,55.9266,0.434909,-0.475692,0.910601,149.85,137.965,8.2587,2014,9,3,2014-09,False
2014-09-09,COALINDIA,148.528,151.459,148.132,150.766,2653533,1.5879,144.403,146.619,123.381,59.5271,0.807909,-0.218972,1.02688,150.901,137.904,9.0007,2014,9,3,2014-09,False
2014-09-10,COALINDIA,151.697,152.449,147.379,147.993,3659862,-1.839,144.725,146.562,123.633,53.9437,0.869767,-0.00122398,0.870991,151.267,138.182,9.0413,2014,9,3,2014-09,False
2014-09-11,COALINDIA,147.894,148.607,142.626,142.884,4488229,-3.4524,144.648,146.37,123.866,45.4781,0.500735,0.0991677,0.401567,151.242,138.055,9.1164,2014,9,3,2014-09,False
2014-09-12,COALINDIA,142.884,143.775,140.646,141.676,2692129,-0.8454,144.74,146.158,124.094,43.7308,0.109537,0.101242,0.00829558,151.098,138.383,8.7847,2014,9,3,2014-09,False
2014-09-15,COALINDIA,140.705,141.597,139.022,139.359,1849463,-1.6355,144.649,145.828,124.308,40.5152,-0.383042,0.00438498,-0.387427,151.268,138.03,9.1519,2014,9,3,2014-09,False
2014-09-16,COALINDIA,139.101,139.735,135.695,136.428,3746048,-2.1032,144.268,145.419,124.519,36.8264,-0.998407,-0.196173,-0.802234,151.841,136.695,10.499,2014,9,3,2014-09,False
2014-09-17,COALINDIA,136.25,138.388,133.239,134.408,5056125,-1.4806,143.676,144.985,124.715,34.4953,-1.63029,-0.482997,-1.14729,152.366,134.986,12.097,2014,9,3,2014-09,False
2014-09-18,COALINDIA,134.606,137.636,134.408,136.606,2647582,1.6355,143.245,144.574,124.915,39.019,-1.93142,-0.772682,-1.15874,152.452,134.039,12.8542,2014,9,3,2014-09,False
2014-09-19,COALINDIA,136.626,138.468,135.675,136.963,2449184,0.2609,142.881,144.324,125.113,39.7457,-2.11691,-1.04153,-1.07538,152.488,133.274,13.4478,2014,9,3,2014-09,False
2014-09-22,COALINDIA,135.576,137.953,134.962,135.854,1706520,-0.8097,142.603,144.144,125.302,38.2197,-2.32657,-1.29854,-1.02803,152.698,132.507,14.1589,2014,9,3,2014-09,False
2014-09-23,COALINDIA,136.646,136.646,131.952,132.744,3741412,-2.2887,142.137,143.868,125.481,34.2496,-2.71235,-1.5813,-1.13105,153.156,131.119,15.5037,2014,9,3,2014-09,False
2014-09-24,COALINDIA,132.824,139.775,132.784,139.161,8121925,4.8337,142.033,143.779,125.69,46.5817,-2.47184,-1.75941,-0.712435,153.126,130.94,15.6202,2014,9,3,2014-09,False
2014-09-25,COALINDIA,142.191,142.666,136.032,137.339,7173650,-1.3092,141.8,143.687,125.876,44.055,-2.40058,-1.88764,-0.512937,153.09,130.51,15.9238,2014,9,3,2014-09,False
2014-09-26,COALINDIA,136.646,139.121,132.883,137.874,3281595,0.3893,141.641,143.558,126.047,44.9979,-2.27473,-1.96506,-0.309674,153.064,130.218,16.1293,2014,9,3,2014-09,False
2014-09-29,COALINDIA,137.279,137.557,135.101,136.052,1695859,-1.3215,141.21,143.385,126.207,42.3769,-2.29556,-2.03116,-0.264399,152.801,129.619,16.4166,2014,9,3,2014-09,False
2014-09-30,COALINDIA,135.378,138.527,134.071,135.2,4288540,-0.6259,140.774,143.105,126.371,41.1699,-2.35364,-2.09566,-0.257985,152.589,128.959,16.7857,2014,9,3,2014-09,False
2014-10-01,COALINDIA,135.378,137.656,135.259,136.487,3408001,0.9521,140.15,142.86,126.536,43.7768,-2.26964,-2.13045,-0.139186,151.45,128.849,16.1263,2014,10,4,2014-10,False
2014-10-07,COALINDIA,135.141,137.794,134.309,135.279,3866590,-0.8851,139.407,142.567,126.709,41.9003,-2.27433,-2.15923,-0.115103,149.867,128.948,15.0054,2014,10,4,2014-10,False
2014-10-08,COALINDIA,133.933,136.21,133.933,135.339,2646998,0.0439,138.841,142.204,126.879,42.032,-2.24735,-2.17685,-0.0704955,148.863,128.819,14.4365,2014,10,4,2014-10,False
2014-10-09,COALINDIA,134.665,136.844,134.447,135.992,2162932,0.4829,138.22,141.876,127.045,43.5468,-2.14846,-2.17117,0.0227123,147.234,129.206,13.0428,2014,10,4,2014-10,False
2014-10-10,COALINDIA,134.764,135.2,132.091,132.784,2372747,-2.3591,137.321,141.48,127.211,38.2609,-2.30243,-2.19743,-0.105005,144.458,130.184,10.3941,2014,10,4,2014-10,False
2014-10-13,COALINDIA,132.566,135.854,131.239,134.982,2888612,1.6555,136.67,141.193,127.379,43.3362,-2.22146,-2.20223,-0.0192312,141.801,131.54,7.508,2014,10,4,2014-10,False
2014-10-14,COALINDIA,135.061,137.636,134.467,136.329,2210131,0.9976,136.343,141.033,127.557,46.2511,-2.02529,-2.16684,0.141555,140.558,132.127,6.1833,2014,10,4,2014-10,False
2014-10-15,COALINDIA,136.329,136.329,136.329,136.329,0,0.0,136.075,140.85,127.729,46.2511,-1.84851,-2.10318,0.254667,139.463,132.687,4.9797,2014,10,4,2014-10,False
2014-10-16,COALINDIA,135.893,139.141,134.903,138.072,3072011,1.2783,136.011,140.699,127.912,50.1037,-1.54992,-1.99253,0.442606,139.178,132.844,4.6572,2014,10,4,2014-10,False
2014-10-17,COALINDIA,138.27,140.468,137.121,138.883,1801616,0.5881,136.134,140.633,128.099,51.8358,-1.23355,-1.84073,0.607182,139.55,132.718,5.0184,2014,10,4,2014-10,False
2014-10-20,COALINDIA,140.606,145.042,139.636,143.102,2002057,3.0372,136.568,140.648,128.31,59.6688,-0.63513,-1.59961,0.964481,141.092,132.044,6.6253,2014,10,4,2014-10,False
2014-10-21,COALINDIA,143.379,143.379,139.418,140.626,3201012,-1.7299,136.769,140.6,128.506,54.1075,-0.356518,-1.35099,0.994474,141.644,131.895,7.1284,2014,10,4,2014-10,False
2014-10-22,COALINDIA,141.399,141.399,139.022,139.834,6261947,-0.5633,136.913,140.545,128.686,52.4237,-0.197359,-1.12027,0.922907,141.977,131.849,7.3976,2014,10,4,2014-10,False
2014-10-27,COALINDIA,139.616,142.31,137.755,141.201,2375296,0.9772,137.18,140.494,128.873,55.0238,0.038591,-0.888494,0.927085,142.564,131.797,7.8483,2014,10,4,2014-10,False
2014-10-28,COALINDIA,137.834,141.795,137.834,141.26,1610475,0.0421,137.606,140.502,129.056,55.1387,0.227754,-0.665245,0.892999,142.857,132.355,7.6323,2014,10,4,2014-10,False
2014-10-29,COALINDIA,141.339,142.587,140.349,142.111,1915279,0.6028,137.754,140.513,129.26,56.8391,0.441291,-0.443937,0.885228,143.344,132.164,8.116,2014,10,4,2014-10,False
2014-10-30,COALINDIA,141.795,143.775,141.3,142.547,2565256,0.3066,138.014,140.476,129.475,57.7221,0.638321,-0.227486,0.865806,143.994,132.034,8.6662,2014,10,4,2014-10,False
2014-10-31,COALINDIA,142.587,147.32,142.587,146.765,2705137,2.9592,138.459,140.614,129.714,65.1548,1.12191,0.0423928,1.07951,145.604,131.314,10.3208,2014,10,4,2014-10,False
2014-11-03,COALINDIA,147.34,148.528,141.795,142.27,3332454,-3.063,138.77,140.636,129.933,54.2155,1.12939,0.259792,0.869596,146.014,131.525,10.441,2014,11,4,2014-11,False
2014-11-05,COALINDIA,142.983,143.359,136.566,138.27,6256926,-2.8118,138.923,140.52,130.107,46.7014,0.803267,0.368487,0.43478,145.977,131.87,10.1546,2014,11,4,2014-11,False
2014-11-07,COALINDIA,137.042,137.775,135.319,136.467,3604629,-1.3034,138.922,140.325,130.26,43.759,0.394844,0.373758,0.0210853,145.977,131.867,10.1568,2014,11,4,2014-11,False
2014-11-10,COALINDIA,135.061,140.032,134.309,138.27,4328207,1.3206,139.072,140.186,130.434,47.3326,0.214116,0.34183,-0.127714,145.925,132.218,9.8565,2014,11,4,2014-11,False
2014-11-11,COALINDIA,139.418,139.596,136.309,136.883,4602542,-1.0026,139.149,140.038,130.598,44.9657,-0.0405066,0.265363,-0.305869,145.859,132.439,9.6443,2014,11,4,2014-11,False
2014-11-12,COALINDIA,138.27,138.468,136.408,137.002,2513692,0.0868,139.199,139.95,130.766,45.2185,-0.230059,0.166278,-0.396337,145.824,132.575,9.5182,2014,11,4,2014-11,False
2014-11-13,COALINDIA,137.438,138.151,136.646,137.477,1249146,0.3469,139.434,139.859,130.925,46.2817,-0.338032,0.0654161,-0.403448,145.402,133.466,8.5599,2014,11,4,2014-11,False
2014-11-14,COALINDIA,136.646,141.914,136.646,141.121,3269054,2.6506,139.741,139.856,131.089,53.7007,-0.128091,0.0267147,-0.154806,145.366,134.116,8.051,2014,11,4,2014-11,False
2014-11-17,COALINDIA,140.408,141.201,139.26,140.25,1525940,-0.6175,139.937,139.821,131.251,51.8563,-0.0316617,0.0150395,-0.0467011,145.33,134.544,7.7078,2014,11,4,2014-11,False
2014-11-18,COALINDIA,140.23,142.27,138.705,139.656,2309766,-0.4236,140.103,139.793,131.416,50.5808,-0.0031424,0.0114031,-0.0145455,145.226,134.981,7.313,2014,11,4,2014-11,False
2014-11-19,COALINDIA,139.893,140.567,136.25,137.458,2692674,-1.574,140.073,139.649,131.582,46.0657,-0.15612,-0.0221015,-0.134018,145.254,134.892,7.3979,2014,11,4,2014-11,False
2014-11-20,COALINDIA,137.517,139.735,136.269,137.339,3031965,-0.0864,139.995,139.517,131.751,45.8276,-0.283672,-0.0744155,-0.209256,145.296,134.695,7.5724,2014,11,4,2014-11,False
2014-11-21,COALINDIA,136.725,137.834,136.071,137.398,2195792,0.0433,139.71,139.286,131.924,45.9779,-0.375634,-0.134659,-0.240975,144.92,134.501,7.458,2014,11,4,2014-11,False
2014-11-24,COALINDIA,137.636,138.586,136.448,137.557,3715247,0.1153,139.557,139.034,132.102,46.4051,-0.430767,-0.193881,-0.236886,144.833,134.28,7.5619,2014,11,4,2014-11,False
2014-11-25,COALINDIA,137.042,138.547,135.061,137.854,2205505,0.216,139.458,138.858,132.298,47.2477,-0.445352,-0.244175,-0.201177,144.787,134.129,7.6421,2014,11,4,2014-11,False
2014-11-26,COALINDIA,137.438,139.379,137.438,138.448,1762676,0.4309,139.32,138.659,132.497,48.975,-0.404314,-0.276203,-0.128111,144.601,134.039,7.5814,2014,11,4,2014-11,False
2014-11-27,COALINDIA,137.656,139.181,137.121,138.289,2790178,-0.1144,139.172,138.409,132.691,48.5187,-0.380192,-0.297001,-0.0831917,144.39,133.953,7.499,2014,11,4,2014-11,False
2014-11-28,COALINDIA,138.666,141.676,137.24,140.606,2812968,1.6755,139.096,138.262,132.907,55.1061,-0.172125,-0.272026,0.0999003,144.178,134.015,7.3062,2014,11,4,2014-11,False
2014-12-01,COALINDIA,140.606,140.725,139.002,140.131,3707445,-0.338,138.976,138.207,133.118,53.5912,-0.0450638,-0.226633,0.18157,143.821,134.13,6.9729,2014,12,4,2014-12,False
2014-12-02,COALINDIA,139.24,141.874,138.151,140.903,1793479,0.5512,138.682,138.191,133.335,55.7214,0.116612,-0.157984,0.274596,142.018,135.347,4.8097,2014,12,4,2014-12,False
2014-12-03,COALINDIA,140.903,142.389,139.973,141.438,2969992,0.3795,138.641,138.233,133.549,57.1864,0.284605,-0.0694665,0.354071,141.804,135.478,4.563,2014,12,4,2014-12,False
2014-12-04,COALINDIA,141.597,141.795,139.022,140.943,1688563,-0.35,138.775,138.323,133.748,55.3599,0.373487,0.0191241,0.354362,142.094,135.455,4.7835,2014,12,4,2014-12,False
2014-12-05,COALINDIA,140.765,142.389,140.606,141.22,1215587,0.1967,139.012,138.459,133.925,56.2035,0.460983,0.107496,0.353487,142.316,135.708,4.7538,2014,12,4,2014-12,False
2014-12-08,COALINDIA,141.616,145.736,141.399,144.409,4844333,2.2578,139.319,138.615,134.113,64.5099,0.778628,0.241722,0.536905,143.386,135.253,5.8375,2014,12,4,2014-12,False
2014-12-09,COALINDIA,144.151,144.369,141.141,142.963,3800573,-1.0011,139.623,138.735,134.293,59.0421,0.903297,0.374037,0.52926,143.829,135.417,6.0252,2014,12,4,2014-12,False
2014-12-10,COALINDIA,143.676,144.369,142.013,142.607,2148878,-0.2493,139.903,138.87,134.472,57.7425,0.962243,0.491678,0.470564,144.121,135.686,6.0296,2014,12,4,2014-12,False
2014-12-11,COALINDIA,142.587,144.646,140.666,144.052,2425895,1.0137,140.232,139.097,134.657,61.4486,1.11278,0.615899,0.496881,144.673,135.791,6.3333,2014,12,4,2014-12,False
2014-12-12,COALINDIA,144.171,146.072,143.557,144.31,3222397,0.1787,140.392,139.2,134.863,62.0864,1.23858,0.740435,0.498147,145.182,135.601,6.8241,2014,12,4,2014-12,False
2014-12-15,COALINDIA,143.379,150.053,142.963,149.34,2993299,3.4857,140.846,139.44,135.093,71.8756,1.72429,0.937207,0.787087,147.085,134.607,8.8598,2014,12,4,2014-12,False
2014-12-16,COALINDIA,149.082,150.865,144.072,145.26,4518753,-2.7317,141.126,139.587,135.312,58.6494,1.75975,1.10172,0.658036,147.638,134.615,9.2283,2014,12,4,2014-12,False
2014-12-17,COALINDIA,144.567,147.32,142.23,145.458,2365837,0.1363,141.526,139.775,135.534,59.0434,1.78327,1.23803,0.545247,148.072,134.981,9.2502,2014,12,4,2014-12,False
2014-12-18,COALINDIA,146.587,146.924,143.577,145.577,3216002,0.0817,141.938,139.983,135.758,59.294,1.79086,1.34859,0.442266,148.411,135.466,9.1204,2014,12,4,2014-12,False
2014-12-19,COALINDIA,147.34,150.33,145.359,148.924,3499013,2.299,142.515,140.232,136.005,65.6667,2.04338,1.48755,0.55583,149.329,135.7,9.5626,2014,12,4,2014-12,False
2014-12-22,COALINDIA,149.736,155.222,149.736,154.608,3682646,3.8165,143.367,140.618,136.281,73.3087,2.67133,1.72431,0.947026,151.673,135.061,11.5866,2014,12,4,2014-12,False
2014-12-23,COALINDIA,155.42,155.796,151.043,151.954,2507930,-1.7164,144.072,140.951,136.541,65.9299,2.92119,1.96368,0.957502,152.791,135.353,12.1032,2014,12,4,2014-12,False
2014-12-24,COALINDIA,152.409,154.39,147.954,149.261,5158783,-1.7724,144.613,141.216,136.8,59.3956,2.8688,2.14471,0.724094,153.203,136.022,11.8804,2014,12,4,2014-12,False
2014-12-26,COALINDIA,151.459,151.459,149.28,149.855,1081330,0.398,145.191,141.557,137.066,60.3296,2.84246,2.28426,0.5582,153.543,136.839,11.5045,2014,12,4,2014-12,False
2014-12-29,COALINDIA,149.875,153.855,149.875,153.241,1640127,2.2598,145.823,141.923,137.349,65.238,3.05957,2.43932,0.620248,154.614,137.031,12.0578,2014,12,4,2014-12,False
2014-12-30,COALINDIA,153.241,153.875,150.924,151.518,1023792,-1.1243,146.392,142.226,137.623,61.0961,3.05736,2.56293,0.494432,155.106,137.678,11.9051,2014,12,4,2014-12,False
2014-12-31,COALINDIA,151.657,154.073,150.191,152.033,1432057,0.3398,146.949,142.54,137.894,61.8752,3.06186,2.66271,0.399149,155.608,138.289,11.7858,2014,12,4,2014-12,False
2015-01-01,COALINDIA,151.697,151.875,149.934,150.528,540225,-0.99,147.403,142.79,138.148,58.2062,2.91044,2.71226,0.198178,155.795,139.011,11.3863,2015,1,1,2015-01,False
2015-01-02,COALINDIA,150.706,153.122,150.488,151.201,969551,0.4473,147.916,143.036,138.395,59.367,2.81234,2.73227,0.0800649,155.889,139.943,10.7803,2015,1,1,2015-01,False
2015-01-05,COALINDIA,150.904,152.885,149.32,150.607,1857013,-0.3929,148.385,143.186,138.624,57.8406,2.65605,2.71703,-0.0609839,155.783,140.988,9.971,2015,1,1,2015-01,False
2015-01-06,COALINDIA,148.132,151.34,148.013,150.488,4644316,-0.0789,148.689,143.383,138.863,57.522,2.49384,2.67239,-0.178548,155.896,141.482,9.6939,2015,1,1,2015-01,False
2015-01-07,COALINDIA,150.508,152.271,147.558,148.409,2628276,-1.3818,148.962,143.555,139.099,52.1127,2.17247,2.57241,-0.39994,155.65,142.273,8.9807,2015,1,1,2015-01,False
2015-01-08,COALINDIA,152.37,152.489,149.439,150.29,1779075,1.2677,149.346,143.737,139.335,56.1321,2.046,2.46712,-0.421129,155.345,143.347,8.0338,2015,1,1,2015-01,False
2015-01-09,COALINDIA,151.3,151.696,147.696,148.548,1442177,-1.1596,149.571,143.882,139.552,51.7951,1.78457,2.33061,-0.546045,155.049,144.092,7.3253,2015,1,1,2015-01,False
2015-01-12,COALINDIA,148.488,148.488,141.003,141.735,3794388,-4.586,149.442,143.875,139.738,39.0829,1.01597,2.06768,-1.05172,155.528,143.356,8.145,2015,1,1,2015-01,False
2015-01-13,COALINDIA,141.993,143.537,141.814,143.062,1654914,0.9362,149.128,143.885,139.917,42.0654,0.508058,1.75576,-1.2477,155.85,142.406,9.0156,2015,1,1,2015-01,False
2015-01-14,COALINDIA,144.131,144.528,142.706,143.854,1186130,0.5537,149.058,143.827,140.115,43.8333,0.167521,1.43811,-1.27059,155.977,142.138,9.284,2015,1,1,2015-01,False
2015-01-15,COALINDIA,145.755,147.241,143.419,145.934,2278050,1.4455,149.081,143.9,140.329,48.294,0.0646853,1.16343,-1.09874,155.952,142.211,9.2168,2015,1,1,2015-01,False
2015-01-16,COALINDIA,145.458,150.746,144.33,150.132,2086327,2.8769,149.309,144.137,140.559,55.908,0.318292,0.9944,-0.676107,155.99,142.629,8.9486,2015,1,1,2015-01,False
2015-01-19,COALINDIA,150.112,152.053,148.171,150.191,1720402,0.0396,149.373,144.412,140.775,56.0067,0.518103,0.89914,-0.381038,156.062,142.683,8.9564,2015,1,1,2015-01,False
2015-01-20,COALINDIA,152.35,152.35,150.073,151.419,1371798,0.8175,149.213,144.675,140.989,58.095,0.76669,0.87265,-0.10596,155.518,142.908,8.4507,2015,1,1,2015-01,False
2015-01-21,COALINDIA,151.538,155.855,150.924,155.202,2579948,2.498,149.376,145.041,141.209,63.7964,1.25445,0.949011,0.305443,156.129,142.622,9.0422,2015,1,1,2015-01,False
2015-01-22,COALINDIA,156.291,157.479,154.885,157.004,1632779,1.1612,149.763,145.441,141.439,66.1588,1.76607,1.11242,0.653647,157.327,142.198,10.1023,2015,1,1,2015-01,False
2015-01-23,COALINDIA,157.638,158.43,154.707,156.331,1892706,-0.4288,150.086,145.818,141.654,64.4662,2.09307,1.30855,0.784519,158.202,141.971,10.8146,2015,1,1,2015-01,False
2015-01-27,COALINDIA,155.222,156.331,150.112,151.558,2619631,-3.053,150.002,146.027,141.84,53.9332,1.94468,1.43578,0.508905,158.014,141.99,10.6827,2015,1,1,2015-01,False
2015-01-28,COALINDIA,151.459,153.954,150.706,152.013,2589117,0.3005,150.027,146.262,142.024,54.694,1.8426,1.51714,0.325457,158.062,141.992,10.7113,2015,1,1,2015-01,False
2015-01-29,COALINDIA,144.567,150.389,144.25,148.508,11218814,-2.3059,149.851,146.439,142.199,48.1094,1.462,1.50612,-0.0441113,157.855,141.847,10.6829,2015,1,1,2015-01,False
2015-01-30,COALINDIA,143.379,144.25,142.607,142.923,14790368,-3.7605,149.471,146.549,142.358,39.873,0.701656,1.34522,-0.643568,158.042,140.899,11.4687,2015,1,1,2015-01,False
2015-02-02,COALINDIA,140.309,141.399,138.685,140.646,25950717,-1.5935,148.943,146.615,142.503,37.0847,-0.0837321,1.05943,-1.14316,158.327,139.559,12.6005,2015,2,1,2015-02,False
2015-02-03,COALINDIA,140.626,142.567,140.052,141.26,7690620,0.4365,148.475,146.692,142.647,38.3365,-0.649135,0.717719,-1.36685,158.424,138.527,13.4013,2015,2,1,2015-02,False
2015-02-04,COALINDIA,141.478,146.072,141.438,144.983,15177656,2.6356,148.2,146.841,142.801,45.4278,-0.787721,0.416631,-1.20435,158.219,138.181,13.5205,2015,2,1,2015-02,False
2015-02-05,COALINDIA,145.122,148.508,145.062,146.508,9382752,1.0518,148.105,147.014,142.955,48.0623,-0.76568,0.180169,-0.945849,158.151,138.059,13.5666,2015,2,1,2015-02,False
2015-02-06,COALINDIA,146.151,146.647,142.23,144.171,3576894,-1.595,147.799,147.128,143.096,44.5157,-0.926096,-0.0410843,-0.885012,157.938,137.661,13.7193,2015,2,1,2015-02,False
2015-02-09,COALINDIA,142.963,143.537,141.795,142.844,2498414,-0.9204,147.514,147.219,143.23,42.5937,-1.14707,-0.262282,-0.884791,157.882,137.146,14.0571,2015,2,1,2015-02,False
2015-02-10,COALINDIA,141.814,146.151,141.814,145.815,5296191,2.0796,147.718,147.323,143.386,48.006,-1.07016,-0.423859,-0.646306,157.763,137.673,13.6001,2015,2,1,2015-02,False
2015-02-11,COALINDIA,146.151,149.28,146.151,147.379,27184800,1.073,147.934,147.468,143.546,50.6452,-0.872907,-0.513668,-0.359239,157.74,138.127,13.2577,2015,2,1,2015-02,False
2015-02-12,COALINDIA,147.478,148.409,144.567,146.052,4759855,-0.9003,148.044,147.571,143.69,48.4013,-0.814259,-0.573786,-0.240473,157.706,138.382,13.0529,2015,2,1,2015-02,False
2015-02-13,COALINDIA,143.894,150.469,143.775,149.657,16984215,2.4678,148.23,147.736,143.846,54.3218,-0.47151,-0.553331,0.0818214,157.864,138.596,12.9991,2015,2,1,2015-02,False
2015-02-16,COALINDIA,149.578,152.033,148.568,149.34,4307836,-0.2117,148.19,147.904,143.995,53.738,-0.222876,-0.48724,0.264364,157.798,138.582,12.9669,2015,2,1,2015-02,False
2015-02-18,COALINDIA,149.558,152.37,149.36,150.647,5508230,0.8752,148.213,148.092,144.149,55.8459,0.0787271,-0.374047,0.452774,157.843,138.583,12.9947,2015,2,1,2015-02,False
2015-02-19,COALINDIA,150.687,154.469,148.865,152.073,6011878,0.9465,148.246,148.246,144.316,58.0893,0.427872,-0.213663,0.641535,157.926,138.566,13.0594,2015,2,1,2015-02,False
2015-02-20,COALINDIA,151.142,152.489,149.439,151.597,5970211,-0.3125,148.065,148.418,144.488,57.0488,0.658629,-0.0392044,0.697834,157.325,138.806,12.5078,2015,2,1,2015-02,False
2015-02-23,COALINDIA,152.429,153.202,151.38,152.172,4701758,0.3788,147.824,148.61,144.661,58.0271,0.877728,0.144182,0.733546,156.323,139.325,11.4985,2015,2,1,2015-02,False
2015-02-24,COALINDIA,153.281,154.568,151.617,152.172,4510109,0.0,147.616,148.772,144.844,58.0271,1.03938,0.323223,0.716162,155.413,139.819,10.5638,2015,2,1,2015-02,False
2015-02-25,COALINDIA,153.598,154.39,152.033,153.122,3296025,0.6247,147.694,148.948,145.025,59.7855,1.23002,0.504583,0.72544,155.687,139.702,10.8229,2015,2,1,2015-02,False
2015-02-26,COALINDIA,152.706,153.261,149.914,152.231,10641810,-0.582,147.705,149.006,145.199,57.3594,1.29428,0.662522,0.631755,155.723,139.687,10.8564,2015,2,1,2015-02,False
2015-02-27,COALINDIA,153.043,157.638,152.469,156.548,24773100,2.8359,148.107,149.232,145.395,64.8096,1.67426,0.864869,0.809391,157.048,139.167,12.073,2015,2,1,2015-02,False
2015-03-02,COALINDIA,156.37,157.717,152.924,156.35,8425861,-0.1265,148.778,149.45,145.591,64.255,1.93709,1.07931,0.857777,158.089,139.468,12.5157,2015,3,1,2015-03,False
2015-03-03,COALINDIA,156.12,159.673,155.911,158.691,5328335,1.4971,149.681,149.712,145.803,67.7661,2.30766,1.32498,0.98268,159.168,140.193,12.6774,2015,3,1,2015-03,False
2015-03-04,COALINDIA,159.673,159.673,154.657,155.305,4497793,-2.1335,150.383,149.839,145.968,58.7733,2.30161,1.52031,0.781303,159.309,141.457,11.8711,2015,3,1,2015-03,False
2015-03-05,COALINDIA,155.493,156.831,151.314,152.129,4971903,-2.0455,150.74,149.79,146.073,51.8243,2.01723,1.61969,0.397534,159.322,142.159,11.3856,2015,3,1,2015-03,False
2015-03-09,COALINDIA,151.272,154.302,148.847,149.349,4555473,-1.8272,150.882,149.738,146.163,46.6292,1.54969,1.60569,-0.0560014,159.26,142.504,11.1054,2015,3,1,2015-03,False
2015-03-10,COALINDIA,150.06,155.41,149.704,154.95,4533632,3.7504,151.421,149.852,146.258,56.1649,1.61254,1.60706,0.00548071,159.357,143.486,10.4811,2015,3,1,2015-03,False
2015-03-11,COALINDIA,154.24,154.95,152.986,154.365,3136497,-0.3777,151.997,149.942,146.355,55.0581,1.59673,1.605,-0.00826853,158.919,145.076,9.1076,2015,3,1,2015-03,False
2015-03-12,COALINDIA,154.595,155.598,151.732,152.442,2979075,-1.2456,152.329,149.926,146.434,51.4691,1.41276,1.56655,-0.153791,158.609,146.048,8.2457,2015,3,1,2015-03,False
2015-03-13,COALINDIA,153.383,154.449,151.941,152.609,2770431,0.1097,152.59,149.948,146.426,51.7636,1.26586,1.50641,-0.240551,158.422,146.758,7.6441,2015,3,1,2015-03,False
2015-03-16,COALINDIA,153.404,153.404,150.916,152.317,2446877,-0.1918,152.903,149.953,146.462,51.1783,1.113,1.42773,-0.31473,157.865,147.942,6.4899,2015,3,1,2015-03,False
2015-03-17,COALINDIA,153.821,153.989,150.331,151.23,2003857,-0.7135,152.982,149.967,146.484,48.964,0.893854,1.32095,-0.427098,157.774,148.19,6.2646,2015,3,1,2015-03,False
2015-03-18,COALINDIA,151.397,152.881,150.916,152.379,1296884,0.7601,153.134,149.991,146.473,51.361,0.803673,1.2175,-0.413824,157.623,148.645,5.8625,2015,3,1,2015-03,False
2015-03-19,COALINDIA,153.195,154.449,151.732,152.714,2412424,0.2194,153.237,150.033,146.449,52.0663,0.750535,1.1241,-0.373569,157.578,148.897,5.6649,2015,3,1,2015-03,False
2015-03-20,COALINDIA,152.965,155.075,151.982,153.926,2118984,0.7937,153.33,150.102,146.424,54.6343,0.797046,1.05869,-0.261647,157.645,149.015,5.628,2015,3,1,2015-03,False
2015-03-23,COALINDIA,153.821,154.804,151.773,154.239,2544068,0.2037,153.462,150.218,146.417,55.3013,0.849411,1.01684,-0.167426,157.715,149.209,5.5424,2015,3,1,2015-03,False
2015-03-24,COALINDIA,153.633,155.911,153.215,154.678,1960112,0.2846,153.587,150.306,146.437,56.2707,0.915771,0.996623,-0.0808523,157.828,149.347,5.5217,2015,3,1,2015-03,False
2015-03-25,COALINDIA,155.243,155.243,150.519,151.23,1851588,-2.2294,153.54,150.36,146.454,47.5462,0.682235,0.933745,-0.251511,157.867,149.214,5.6357,2015,3,1,2015-03,False
2015-03-26,COALINDIA,149.997,150.478,146.298,147.259,3834991,-2.6258,153.247,150.47,146.455,39.8788,0.17472,0.78194,-0.60722,158.407,148.087,6.7344,2015,3,1,2015-03,False
2015-03-27,COALINDIA,147.614,148.158,144.793,145.462,2344094,-1.2205,152.909,150.518,146.443,36.9725,-0.368275,0.551897,-0.920173,159.129,146.689,8.1355,2015,3,1,2015-03,False
2015-03-30,COALINDIA,146.695,150.457,144.897,150.185,2451097,3.2471,152.591,150.645,146.415,47.7493,-0.412713,0.358975,-0.771688,158.676,146.505,7.9764,2015,3,1,2015-03,False
2015-03-31,COALINDIA,150.478,152.965,150.289,151.69,3477225,1.0019,152.357,150.76,146.401,50.6446,-0.322787,0.222623,-0.54541,158.189,146.526,7.6544,2015,3,1,2015-03,False
2015-04-01,COALINDIA,151.69,152.254,149.642,151.732,1428949,0.0276,152.01,150.792,146.383,50.7263,-0.245316,0.129035,-0.374351,157.022,146.997,6.5954,2015,4,2,2015-04,False
2015-04-06,COALINDIA,152.17,152.4,149.934,150.791,1248881,-0.6198,151.784,150.804,146.363,48.7707,-0.256848,0.0518584,-0.308707,156.573,146.994,6.311,2015,4,2,2015-04,False
2015-04-07,COALINDIA,150.791,151.481,148.973,150.31,1859700,-0.3188,151.693,150.782,146.297,47.7572,-0.301305,-0.0187742,-0.28253,156.524,146.862,6.3692,2015,4,2,2015-04,False
2015-04-08,COALINDIA,152.672,159.966,152.609,158.984,6874570,5.7703,152.175,150.857,146.259,62.7842,0.359191,0.0568189,0.302372,157.866,146.483,7.4803,2015,4,2,2015-04,False
2015-04-09,COALINDIA,160.238,162.767,158.378,161.742,3309241,1.7352,152.514,150.952,146.267,66.1221,1.09265,0.263986,0.828667,159.554,145.474,9.2317,2015,4,2,2015-04,False
2015-04-10,COALINDIA,160.489,163.101,160.468,162.599,3579563,0.5298,152.926,151.078,146.298,67.1089,1.72321,0.55583,1.16738,161.265,144.587,10.9058,2015,4,2,2015-04,False
2015-04-13,COALINDIA,162.767,165.4,160.426,164.0,2909461,0.8612,153.504,151.326,146.347,68.7127,2.3093,0.906523,1.40277,163.194,143.814,12.6252,2015,4,2,2015-04,False
2015-04-15,COALINDIA,163.728,163.728,160.509,161.325,4149634,-1.6312,153.94,151.513,146.383,62.448,2.52877,1.23097,1.29779,164.226,143.653,13.364,2015,4,2,2015-04,False
2015-04-16,COALINDIA,161.325,161.366,159.506,160.363,2034424,-0.5959,154.342,151.75,146.391,60.3195,2.5952,1.50382,1.09138,164.984,143.7,13.7904,2015,4,2,2015-04,False
2015-04-17,COALINDIA,159.694,160.99,158.44,159.005,2106426,-0.8471,154.731,152.071,146.406,57.3452,2.50931,1.70492,0.804393,165.462,143.999,13.8708,2015,4,2,2015-04,False
2015-04-20,COALINDIA,159.611,159.987,154.887,155.514,3400318,-2.1951,154.887,152.369,146.421,50.4609,2.135,1.79093,0.344063,165.565,144.209,13.7882,2015,4,2,2015-04,False
2015-04-21,COALINDIA,155.514,158.294,155.514,156.497,1820148,0.6316,155.077,152.673,146.438,52.2,1.89575,1.8119,0.0838564,165.726,144.427,13.7351,2015,4,2,2015-04,False
2015-04-22,COALINDIA,156.434,159.214,156.1,158.503,2165103,1.2821,155.305,152.944,146.462,55.6269,1.84676,1.81887,0.0278935,166.048,144.563,13.8336,2015,4,2,2015-04,False
2015-04-23,COALINDIA,159.673,161.304,159.214,160.614,2812629,1.3318,155.624,153.226,146.49,58.9604,1.95572,1.84624,0.109483,166.609,144.64,14.1167,2015,4,2,2015-04,False
2015-04-24,COALINDIA,160.509,160.865,156.392,157.27,2896474,-2.082,155.754,153.488,146.489,52.2623,1.75205,1.8274,-0.0753518,166.752,144.755,14.1231,2015,4,2,2015-04,False
2015-04-27,COALINDIA,157.709,158.837,154.95,157.855,2202533,0.3721,156.085,153.788,146.509,53.2629,1.61919,1.78576,-0.166568,166.908,145.262,13.8676,2015,4,2,2015-04,False
2015-04-28,COALINDIA,157.583,158.001,154.992,155.661,3455021,-1.3902,156.505,153.985,146.533,49.1061,1.32159,1.69293,-0.371334,166.506,146.504,12.7808,2015,4,2,2015-04,False
2015-04-29,COALINDIA,155.075,156.768,154.511,155.055,2453973,-0.3894,156.985,154.139,146.546,47.992,1.02502,1.55935,-0.534325,165.577,148.393,10.9464,2015,4,2,2015-04,False
2015-04-30,COALINDIA,153.905,154.825,150.143,151.627,4879254,-2.2105,157.057,154.25,146.543,42.1662,0.507563,1.34899,-0.841426,165.43,148.684,10.6627,2015,4,2,2015-04,False
2015-05-04,COALINDIA,152.986,155.243,151.773,154.574,1970167,1.9435,157.201,154.348,146.536,48.0096,0.331437,1.14548,-0.814042,165.279,149.123,10.2776,2015,5,2,2015-05,False
2015-05-05,COALINDIA,154.198,154.198,151.105,152.317,2200905,-1.4602,157.23,154.408,146.513,44.3161,0.00961075,0.918305,-0.908694,165.229,149.232,10.1744,2015,5,2,2015-05,False
2015-05-06,COALINDIA,151.376,152.15,147.196,147.593,3280440,-3.101,157.07,154.347,146.471,37.7681,-0.61943,0.610758,-1.23019,165.713,148.428,11.0046,2015,5,2,2015-05,False
2015-05-07,COALINDIA,147.886,151.355,147.343,150.812,2921296,2.1807,157.095,154.322,146.439,43.8558,-0.848459,0.318915,-1.16737,165.658,148.533,10.9009,2015,5,2,2015-05,False
2015-05-08,COALINDIA,151.439,152.965,149.809,152.024,2285680,0.8038,156.747,154.33,146.452,45.9983,-0.921531,0.0708256,-0.992356,165.549,147.946,11.2304,2015,5,2,2015-05,False
2015-05-11,COALINDIA,152.568,156.706,152.568,155.473,3000387,2.2684,156.434,154.396,146.505,51.6511,-0.69319,-0.0819774,-0.611212,164.928,147.94,10.8593,2015,5,2,2015-05,False
2015-05-12,COALINDIA,156.309,157.416,153.404,154.323,4880073,-0.7394,156.02,154.439,146.544,49.7805,-0.598087,-0.185199,-0.412888,164.043,147.998,10.2838,2015,5,2,2015-05,False
2015-05-13,COALINDIA,154.741,155.765,152.568,154.219,2227226,-0.0677,155.531,154.461,146.597,49.6047,-0.525095,-0.253178,-0.271916,162.647,148.416,9.15,2015,5,2,2015-05,False
2015-05-14,COALINDIA,154.219,155.284,151.982,154.741,2518413,0.3388,155.202,154.511,146.661,50.5454,-0.420245,-0.286592,-0.133653,161.778,148.626,8.4737,2015,5,2,2015-05,False
2015-05-15,COALINDIA,155.055,155.201,152.4,153.362,2370660,-0.8914,154.852,154.448,146.706,47.9978,-0.443344,-0.317942,-0.125402,161.002,148.701,7.9438,2015,5,2,2015-05,False
2015-05-18,COALINDIA,153.759,154.177,152.233,153.027,1902932,-0.218,154.553,154.381,146.748,47.3745,-0.483063,-0.350966,-0.132096,160.429,148.677,7.6034,2015,5,2,2015-05,False
2015-05-19,COALINDIA,152.986,153.153,151.648,152.003,3367308,-0.6692,154.377,154.247,146.762,45.4285,-0.590372,-0.398847,-0.191524,160.341,148.414,7.7263,2015,5,2,2015-05,False
2015-05-20,COALINDIA,152.191,152.651,150.227,151.042,3619042,-0.6325,154.105,154.162,146.773,43.6173,-0.744408,-0.467959,-0.276448,160.159,148.051,7.857,2015,5,2,2015-05,False
2015-05-21,COALINDIA,151.941,156.706,151.941,156.204,3494856,3.4177,153.99,154.244,146.805,54.1811,-0.44481,-0.463329,0.0185198,159.773,148.206,7.5117,2015,5,2,2015-05,False
2015-05-22,COALINDIA,157.354,157.395,154.323,156.643,1724948,0.281,153.791,154.39,146.821,54.954,-0.169997,-0.404663,0.234666,158.844,148.739,6.5707,2015,5,2,2015-05,False
2015-05-25,COALINDIA,156.329,157.416,153.236,154.616,1558758,-1.2942,153.659,154.383,146.832,50.7004,-0.114473,-0.346625,0.232152,158.46,148.857,6.249,2015,5,2,2015-05,False
2015-05-26,COALINDIA,154.24,157.333,153.759,156.747,1825840,1.3787,153.603,154.431,146.852,54.6733,0.100387,-0.257223,0.35761,158.222,148.984,6.0146,2015,5,2,2015-05,False
2015-05-27,COALINDIA,156.288,160.509,155.493,160.112,2478570,2.1466,153.826,154.584,146.906,60.1343,0.535998,-0.0985785,0.634576,159.226,148.426,7.0207,2015,5,2,2015-05,False
2015-05-28,COALINDIA,160.071,162.181,157.751,160.238,3353352,0.0784,154.085,154.737,146.986,60.3263,0.88119,0.0973753,0.783815,160.185,147.985,7.918,2015,5,2,2015-05,False
2015-05-29,COALINDIA,159.653,164.585,159.235,163.456,6003508,2.0086,154.676,154.959,147.076,64.9838,1.39834,0.357569,1.04078,161.954,147.399,9.4096,2015,5,2,2015-05,False
2015-06-01,COALINDIA,163.853,165.713,163.017,163.77,2859251,0.1918,155.136,155.21,147.167,65.4098,1.8126,0.648575,1.16402,163.471,146.801,10.7455,2015,6,2,2015-06,False
2015-06-02,COALINDIA,163.853,164.459,159.882,160.3,2191899,-2.1184,155.535,155.369,147.257,57.1276,1.83974,0.886808,0.952934,164.064,147.006,10.9673,2015,6,2,2015-06,False
2015-06-03,COALINDIA,159.673,164.146,159.423,161.868,4210717,0.9778,156.249,155.552,147.355,59.6156,1.96508,1.10246,0.862619,164.358,148.14,10.3802,2015,6,2,2015-06,False
2015-06-04,COALINDIA,161.763,163.394,160.196,162.411,2843287,0.3357,156.829,155.721,147.452,60.4721,2.08424,1.29882,0.78542,164.96,148.698,10.3696,2015,6,2,2015-06,False
2015-06-05,COALINDIA,163.874,171.273,163.874,169.434,9218970,4.3238,157.699,156.025,147.586,69.4796,2.71403,1.58186,1.13217,167.266,148.133,12.1324,2015,6,2,2015-06,False
2015-06-08,COALINDIA,169.852,173.028,166.947,167.594,6610246,-1.0855,158.306,156.284,147.705,65.2836,3.0298,1.87145,1.15836,168.772,147.84,13.2225,2015,6,2,2015-06,False
2015-06-09,COALINDIA,166.758,168.869,165.17,167.741,3662673,0.0873,158.976,156.614,147.839,65.4622,3.25435,2.14803,1.10632,170.069,147.884,13.9549,2015,6,2,2015-06,False
2015-06-10,COALINDIA,167.908,170.04,167.72,169.245,4448352,0.8971,159.728,157.053,147.978,67.325,3.51323,2.42107,1.09216,171.479,147.976,14.7147,2015,6,2,2015-06,False
2015-06-11,COALINDIA,169.831,170.959,166.779,167.239,3080462,-1.1854,160.353,157.489,148.092,62.4859,3.51597,2.64005,0.875921,172.315,148.39,14.9202,2015,6,2,2015-06,False
2015-06-12,COALINDIA,167.239,167.615,164.522,165.567,3609449,-0.9998,160.963,157.797,148.221,58.6992,3.34466,2.78097,0.563693,172.666,149.26,14.5417,2015,6,2,2015-06,False
2015-06-15,COALINDIA,166.299,166.779,163.832,164.815,4389850,-0.4544,161.552,158.059,148.339,57.0247,3.11232,2.84724,0.26508,172.749,150.355,13.8617,2015,6,2,2015-06,False
2015-06-16,COALINDIA,165.107,166.57,164.439,166.09,5719136,0.7735,162.257,158.346,148.449,59.1513,2.99652,2.8771,0.119421,172.669,151.844,12.8346,2015,6,2,2015-06,False
2015-06-17,COALINDIA,166.779,168.326,165.839,166.403,4690179,0.1887,163.025,158.659,148.55,59.6796,2.89665,2.88101,0.0156389,172.139,153.91,11.182,2015,6,2,2015-06,False
2015-06-18,COALINDIA,168.159,168.159,164.104,164.919,2862686,-0.8917,163.46,158.951,148.648,55.9882,2.66702,2.83821,-0.17119,172.019,154.902,10.4711,2015,6,2,2015-06,False
2015-06-19,COALINDIA,165.943,166.905,163.686,164.543,2788874,-0.2281,163.855,159.062,148.75,55.0582,2.4267,2.75591,-0.329204,171.796,155.915,9.6916,2015,6,2,2015-06,False
2015-06-22,COALINDIA,165.337,168.786,165.337,167.072,3765670,1.5369,164.478,159.168,148.878,59.8816,2.4125,2.68723,-0.274723,171.232,157.724,8.2127,2015,6,2,2015-06,False
2015-06-23,COALINDIA,167.364,175.453,167.072,173.634,6294096,3.9279,165.323,159.389,149.036,69.1379,2.89739,2.72926,0.168128,172.228,158.417,8.3537,2015,6,2,2015-06,False
2015-06-24,COALINDIA,175.097,176.184,170.855,172.339,5522329,-0.7463,165.934,159.556,149.191,65.9046,3.1409,2.81159,0.329311,173.058,158.81,8.587,2015,6,2,2015-06,False
2015-06-25,COALINDIA,171.753,173.091,170.98,171.942,6149596,-0.2304,166.519,159.768,149.341,64.9029,3.26421,2.90211,0.362101,173.596,159.442,8.4998,2015,6,2,2015-06,False
2015-06-26,COALINDIA,171.962,173.885,170.541,171.962,2521061,0.0122,166.944,160.0,149.496,64.9331,3.3253,2.98675,0.338547,174.264,159.624,8.7695,2015,6,2,2015-06,False
2015-06-29,COALINDIA,170.855,173.154,166.947,170.416,2017827,-0.8994,167.277,160.229,149.624,60.7647,3.21188,3.03178,0.180108,174.593,159.96,8.748,2015,6,2,2015-06,False
2015-06-30,COALINDIA,171.294,176.644,171.147,176.08,9240034,3.3235,168.066,160.64,149.785,68.6913,3.53824,3.13307,0.405172,175.614,160.517,8.9829,2015,6,2,2015-06,False
2015-07-01,COALINDIA,176.623,179.445,176.393,177.856,7247029,1.0089,168.865,161.067,149.93,70.6913,3.89532,3.28552,0.609803,177.013,160.718,9.6498,2015,7,3,2015-07,False
2015-07-02,COALINDIA,178.253,178.671,175.348,177.25,4018078,-0.3408,169.607,161.442,150.065,69.0702,4.08235,3.44489,0.637464,177.979,161.235,9.8728,2015,7,3,2015-07,False
2015-07-03,COALINDIA,177.25,177.438,173.467,174.512,2469598,-1.5446,169.861,161.72,150.204,62.1379,3.96395,3.5487,0.415252,178.515,161.207,10.1891,2015,7,3,2015-07,False
2015-07-06,COALINDIA,173.467,176.644,172.924,175.453,4931673,0.5389,170.254,162.084,150.34,63.4933,3.90104,3.61917,0.281872,179.183,161.324,10.4896,2015,7,3,2015-07,False
2015-07-07,COALINDIA,175.871,180.03,175.223,179.277,5529091,2.1799,170.831,162.512,150.482,68.4412,4.11239,3.71781,0.39458,180.534,161.128,11.3597,2015,7,3,2015-07,False
2015-07-08,COALINDIA,178.588,178.818,173.258,174.366,5123404,-2.7396,171.087,162.886,150.614,57.6378,3.83932,3.74211,0.0972081,180.883,161.29,11.4522,2015,7,3,2015-07,False
2015-07-09,COALINDIA,175.557,176.686,174.073,174.366,2934615,0.0,171.443,163.272,150.771,57.6378,3.58163,3.71002,-0.128391,181.169,161.718,11.3455,2015,7,3,2015-07,False
2015-07-10,COALINDIA,175.975,177.647,175.014,175.536,3748152,0.6712,171.942,163.751,150.941,59.4087,3.43228,3.65447,-0.222192,181.418,162.465,11.0225,2015,7,3,2015-07,False
2015-07-13,COALINDIA,176.372,176.393,173.927,175.536,2023481,0.0,172.478,164.17,151.122,59.4087,3.27615,3.5788,-0.302654,181.456,163.499,10.4113,2015,7,3,2015-07,False
2015-07-14,COALINDIA,176.142,182.015,175.599,181.472,6061876,3.3814,173.247,164.753,151.347,67.419,3.58998,3.58104,0.00894201,182.551,163.943,10.7408,2015,7,3,2015-07,False
2015-07-15,COALINDIA,183.499,184.251,182.078,182.517,3890009,0.5758,174.052,165.451,151.587,68.594,3.87831,3.64049,0.237814,183.647,164.457,11.0253,2015,7,3,2015-07,False
2015-07-16,COALINDIA,183.248,184.419,182.663,183.206,2685433,0.3779,174.967,166.099,151.82,69.379,4.11503,3.7354,0.379626,184.381,165.553,10.7609,2015,7,3,2015-07,False
2015-07-17,COALINDIA,183.248,183.269,179.319,179.8,1939162,-1.8595,175.73,166.655,152.035,61.2373,3.98184,3.78469,0.19715,183.989,167.47,9.4,2015,7,3,2015-07,False
2015-07-20,COALINDIA,180.573,180.573,177.187,177.835,3351240,-1.0926,176.268,167.102,152.245,57.0776,3.6754,3.76283,-0.0874325,183.489,169.046,8.1937,2015,7,3,2015-07,False
2015-07-21,COALINDIA,179.215,180.782,177.334,179.173,3572121,0.7521,176.545,167.599,152.477,59.1141,3.50013,3.71029,-0.210163,183.766,169.324,8.1804,2015,7,3,2015-07,False
2015-07-22,COALINDIA,178.17,181.263,178.17,180.719,3028536,0.8631,176.964,168.129,152.684,61.3947,3.44629,3.65749,-0.211202,184.13,169.798,8.0986,2015,7,3,2015-07,False
2015-07-23,COALINDIA,181.66,182.663,179.821,180.364,3970346,-0.1966,177.385,168.641,152.9,60.5589,3.33649,3.59329,-0.2568,184.293,170.476,7.7892,2015,7,3,2015-07,False
2015-07-24,COALINDIA,179.946,181.743,177.647,178.086,4240548,-1.263,177.691,169.136,153.101,55.3558,3.03072,3.48077,-0.450057,184.113,171.269,7.2285,2015,7,3,2015-07,False
2015-07-27,COALINDIA,178.253,178.337,175.453,177.062,6244014,-0.5751,178.023,169.617,153.306,53.1452,2.67492,3.3196,-0.644683,183.475,172.572,6.1247,2015,7,3,2015-07,False
2015-07-28,COALINDIA,177.626,178.671,174.512,175.912,4224368,-0.6492,178.015,170.095,153.509,50.6979,2.27399,3.11048,-0.836495,183.48,172.55,6.1396,2015,7,3,2015-07,False
2015-07-29,COALINDIA,176.101,177.229,174.805,175.62,5348695,-0.1663,177.903,170.586,153.705,50.066,1.91061,2.87051,-0.959898,183.472,172.334,6.2606,2015,7,3,2015-07,False
2015-07-30,COALINDIA,176.247,177.229,174.387,175.703,7044484,0.0476,177.826,170.976,153.907,50.2566,1.6108,2.61856,-1.00776,183.475,172.176,6.3539,2015,7,3,2015-07,False
2015-07-31,COALINDIA,177.856,185.087,177.313,183.52,5559406,4.4487,178.276,171.514,154.148,64.0777,1.98109,2.49107,-0.50998,184.241,172.312,6.6914,2015,7,3,2015-07,False
2015-08-03,COALINDIA,184.335,184.941,179.152,180.448,2794167,-1.6741,178.526,172.031,154.37,57.3347,2.00355,2.39356,-0.390018,184.411,172.641,6.5924,2015,8,3,2015-08,False
2015-08-04,COALINDIA,181.827,185.798,180.239,185.338,4990892,2.7102,178.829,172.602,154.633,63.8552,2.38844,2.39254,-0.00410293,185.454,172.204,7.4095,2015,8,3,2015-08,False
2015-08-05,COALINDIA,186.007,186.885,182.496,183.29,3410332,-1.1051,179.275,173.066,154.875,59.7376,2.49938,2.41391,0.0854745,185.836,172.714,7.3198,2015,8,3,2015-08,False
2015-08-06,COALINDIA,182.684,183.875,179.925,180.322,4162278,-1.6191,179.573,173.468,155.095,54.2762,2.32108,2.39534,-0.0742615,185.724,173.422,6.8506,2015,8,3,2015-08,False
2015-08-07,COALINDIA,180.071,181.451,172.276,173.342,7480783,-3.8711,179.463,173.665,155.28,44.0704,1.59809,2.23589,-0.637805,185.985,172.942,7.2675,2015,8,3,2015-08,False
2015-08-10,COALINDIA,174.679,174.742,169.601,170.52,5571855,-1.6277,179.213,173.8,155.442,40.7362,0.788353,1.94638,-1.15803,186.686,171.739,8.3403,2015,8,3,2015-08,False
2015-08-11,COALINDIA,171.168,171.377,163.164,164.146,8619915,-3.7382,178.346,173.877,155.568,34.4034,-0.363539,1.4844,-1.84794,188.317,168.376,11.1809,2015,8,3,2015-08,False
2015-08-12,COALINDIA,165.024,165.024,151.397,155.243,14392544,-5.424,176.983,173.745,155.629,27.8833,-1.9721,0.793098,-2.7652,191.135,162.83,15.9929,2015,8,3,2015-08,False
2015-08-13,COALINDIA,155.452,158.378,152.568,157.604,7986914,1.5213,175.702,173.649,155.714,31.587,-3.02151,0.0301766,-3.05169,191.959,159.445,18.5051,2015,8,3,2015-08,False
2015-08-14,COALINDIA,157.583,159.632,156.121,157.813,2980717,0.1326,174.603,173.416,155.804,31.9203,-3.79258,-0.734376,-3.05821,192.576,156.63,20.5876,2015,8,3,2015-08,False
2015-08-17,COALINDIA,158.817,159.59,156.497,158.775,2719119,0.6092,173.65,173.24,155.892,33.5243,-4.27679,-1.44286,-2.83393,192.879,154.421,22.147,2015,8,3,2015-08,False
2015-08-18,COALINDIA,159.088,160.342,150.31,152.212,7856857,-4.1332,172.302,172.929,155.946,28.5752,-5.13092,-2.18047,-2.95045,193.573,151.031,24.69,2015,8,3,2015-08,False
2015-08-19,COALINDIA,151.982,152.735,148.179,148.659,4342672,-2.3342,170.699,172.518,155.979,26.3105,-6.02507,-2.94939,-3.07568,194.031,147.367,27.3371,2015,8,3,2015-08,False
2015-08-20,COALINDIA,148.827,151.021,145.566,146.235,4973865,-1.6308,168.993,172.097,155.997,24.8626,-6.85034,-3.72958,-3.12076,194.26,143.725,29.9039,2015,8,3,2015-08,False
2015-08-21,COALINDIA,145.42,147.573,144.417,145.733,3733692,-0.343,167.375,171.701,155.992,24.5614,-7.45887,-4.47544,-2.98343,194.281,140.469,32.1504,2015,8,3,2015-08,False
2015-08-24,COALINDIA,142.118,143.748,138.962,140.697,9826523,-3.4562,165.557,171.218,155.984,21.7166,-8.25244,-5.23084,-3.0216,194.541,136.572,35.0143,2015,8,3,2015-08,False
2015-08-25,COALINDIA,142.578,148.388,142.348,147.802,8086602,5.0505,164.151,170.853,156.032,33.4309,-8.21328,-5.82733,-2.38595,193.741,134.561,36.0518,2015,8,3,2015-08,False
2015-08-26,COALINDIA,147.426,151.627,146.172,149.704,4958051,1.2867,162.855,170.519,156.098,36.1834,-7.93729,-6.24932,-1.68797,192.6,133.111,36.5287,2015,8,3,2015-08,False
2015-08-27,COALINDIA,151.69,153.153,148.325,151.251,11449981,1.0331,161.633,170.245,156.163,38.4135,-7.50723,-6.5009,-1.00632,191.163,132.103,36.54,2015,8,3,2015-08,False
2015-08-28,COALINDIA,153.404,153.404,148.262,149.454,4320791,-1.1883,159.929,169.944,156.226,36.8039,-7.22811,-6.64634,-0.581767,188.04,131.819,35.1536,2015,8,3,2015-08,False
2015-08-31,COALINDIA,148.785,153.801,146.841,153.132,4502846,2.4612,158.564,169.665,156.307,42.1467,-6.63363,-6.6438,0.0101717,185.086,132.041,33.4534,2015,8,3,2015-08,False
2015-09-01,COALINDIA,151.314,152.777,144.73,148.262,3454778,-3.18,156.71,169.157,156.361,37.613,-6.48073,-6.61119,0.130455,180.382,133.037,30.2119,2015,9,3,2015-09,False
2015-09-02,COALINDIA,149.224,150.143,142.975,143.936,4050972,-2.918,154.742,168.589,156.375,34.1033,-6.6322,-6.61539,-0.0168095,175.471,134.013,26.792,2015,9,3,2015-09,False
2015-09-03,COALINDIA,144.73,146.904,141.951,144.333,3216240,0.2759,152.943,168.037,156.395,34.7056,-6.64361,-6.62103,-0.0225771,170.296,135.59,22.6919,2015,9,3,2015-09,False
2015-09-04,COALINDIA,144.208,146.005,141.282,145.253,3506413,0.6371,151.538,167.503,156.423,36.1606,-6.50349,-6.59752,0.0940381,166.292,136.785,19.4714,2015,9,3,2015-09,False
2015-09-07,COALINDIA,147.092,147.092,140.446,141.052,3456022,-2.892,150.065,166.916,156.441,32.5879,-6.65469,-6.60896,-0.0457348,162.547,137.582,16.6361,2015,9,3,2015-09,False
2015-09-08,COALINDIA,141.282,142.327,140.028,141.01,5328867,-0.0297,148.908,166.214,156.459,32.5534,-6.70066,-6.6273,-0.0733607,160.119,137.697,15.0582,2015,9,3,2015-09,False
2015-09-09,COALINDIA,143.706,143.706,141.073,141.679,6479310,0.4743,148.23,165.491,156.481,33.7605,-6.60696,-6.62323,0.0162682,159.469,136.991,15.1642,2015,9,3,2015-09,False
2015-09-10,COALINDIA,140.78,142.327,139.652,141.428,3799294,-0.177,147.421,164.774,156.5,33.5183,-6.47827,-6.59424,0.115972,158.135,136.707,14.5357,2015,9,3,2015-09,False
2015-09-11,COALINDIA,142.118,142.41,139.192,139.547,1813830,-1.33,146.508,164.075,156.509,31.682,-6.45366,-6.56612,0.112462,156.587,136.428,13.76,2015,9,3,2015-09,False
2015-09-14,COALINDIA,140.028,142.306,138.377,141.825,2800185,1.6325,145.66,163.402,156.526,36.238,-6.17911,-6.48872,0.309611,154.117,137.204,11.6113,2015,9,3,2015-09,False
2015-09-15,COALINDIA,142.118,142.41,140.508,141.303,3505826,-0.3684,145.115,162.643,156.541,35.6508,-5.93527,-6.37803,0.442763,153.191,137.039,11.1303,2015,9,3,2015-09,False
2015-09-16,COALINDIA,142.076,142.369,140.529,141.052,8157111,-0.1775,144.734,161.977,156.543,35.3546,-5.69659,-6.24174,0.545153,152.824,136.645,11.1785,2015,9,3,2015-09,False
2015-09-18,COALINDIA,142.536,144.208,141.449,143.518,6337365,1.7484,144.599,161.36,156.56,40.5817,-5.24794,-6.04298,0.795041,152.673,136.524,11.1684,2015,9,3,2015-09,False
2015-09-21,COALINDIA,142.954,143.581,141.491,143.037,3328761,-0.3349,144.464,160.71,156.57,39.9044,-4.87498,-5.80938,0.934403,152.549,136.379,11.193,2015,9,3,2015-09,False
2015-09-22,COALINDIA,143.79,144.103,134.698,135.263,3776365,-5.4354,144.192,159.904,156.54,30.9169,-5.14742,-5.67699,0.529569,153.13,135.254,12.3976,2015,9,3,2015-09,False
2015-09-23,COALINDIA,134.176,137.938,132.755,137.018,3327509,1.2979,143.653,159.015,156.52,34.5041,-5.16216,-5.57402,0.41186,152.967,134.338,12.9678,2015,9,3,2015-09,False
2015-09-24,COALINDIA,136.809,137.144,132.086,133.089,5936377,-2.8676,142.822,158.027,156.479,30.6661,-5.42832,-5.54488,0.116562,152.804,132.84,13.9778,2015,9,3,2015-09,False
2015-09-28,COALINDIA,134.385,134.385,128.554,129.097,7962444,-2.9994,141.714,156.944,156.403,27.339,-5.89343,-5.61459,-0.278835,152.631,130.798,15.4062,2015,9,3,2015-09,False
2015-09-29,COALINDIA,128.261,132.587,125.732,131.835,7414233,2.1208,140.833,155.985,156.347,32.7298,-5.97226,-5.68612,-0.286135,151.962,129.705,15.8034,2015,9,3,2015-09,False
2015-09-30,COALINDIA,132.922,137.562,132.169,136.935,7806132,3.8681,140.024,155.167,156.319,41.4441,-5.55916,-5.66073,0.101569,149.638,130.409,13.7324,2015,9,3,2015-09,False
2015-10-01,COALINDIA,137.75,138.084,135.639,137.248,2815897,0.2289,139.473,154.329,156.285,41.942,-5.14715,-5.55802,0.410863,148.332,130.613,12.7042,2015,10,4,2015-10,False
2015-10-05,COALINDIA,137.938,139.275,135.304,137.833,3601833,0.4264,139.168,153.471,156.252,42.9178,-4.71901,-5.39022,0.671202,147.797,130.538,12.4017,2015,10,4,2015-10,False
2015-10-06,COALINDIA,139.192,143.811,137.603,143.246,4666670,3.9272,139.113,152.728,156.222,51.1039,-3.89799,-5.09177,1.19378,147.619,130.608,12.2281,2015,10,4,2015-10,False
2015-10-07,COALINDIA,143.351,145.838,141.951,144.73,3319321,1.0359,139.087,152.061,156.219,53.09,-3.09195,-4.69181,1.59986,147.516,130.658,12.1204,2015,10,4,2015-10,False
2015-10-08,COALINDIA,144.793,145.754,143.518,144.709,2394780,-0.0145,139.27,151.414,156.215,53.0572,-2.42686,-4.23882,1.81195,148.031,130.51,12.5807,2015,10,4,2015-10,False
2015-10-09,COALINDIA,145.462,145.775,139.84,140.383,3407835,-2.9896,139.239,150.704,156.189,46.6538,-2.22324,-3.8357,1.61246,147.978,130.5,12.5523,2015,10,4,2015-10,False
2015-10-12,COALINDIA,140.864,142.118,138.774,139.777,2260848,-0.4317,139.144,149.987,156.144,45.8195,-2.08672,-3.4859,1.39919,147.812,130.476,12.4592,2015,10,4,2015-10,False
2015-10-13,COALINDIA,138.774,142.87,138.565,142.264,1960525,1.7793,139.185,149.318,156.082,49.7876,-1.75758,-3.14024,1.38266,147.908,130.463,12.5335,2015,10,4,2015-10,False
2015-10-14,COALINDIA,142.076,142.076,139.652,139.923,1985322,-1.6454,139.204,148.446,156.022,46.3471,-1.66641,-2.84547,1.17907,147.932,130.477,12.5388,2015,10,4,2015-10,False
2015-10-15,COALINDIA,140.55,143.539,139.192,142.703,2765986,1.9866,139.248,147.691,155.989,50.7036,-1.35424,-2.54723,1.19298,148.04,130.457,12.6269,2015,10,4,2015-10,False
2015-10-16,COALINDIA,143.246,143.288,140.132,141.533,2787049,-0.8202,139.26,146.815,155.947,48.9031,-1.18761,-2.2753,1.0877,148.063,130.456,12.643,2015,10,4,2015-10,False
2015-10-19,COALINDIA,141.533,142.285,140.279,141.198,1741503,-0.2362,139.267,145.973,155.887,48.3745,-1.07019,-2.03428,0.964092,148.077,130.457,12.6517,2015,10,4,2015-10,False
2015-10-20,COALINDIA,141.282,141.491,139.61,140.007,1736696,-0.8437,139.091,145.167,155.83,46.4484,-1.06103,-1.83963,0.778599,147.682,130.501,12.3521,2015,10,4,2015-10,False
2015-10-21,COALINDIA,140.07,141.992,139.547,140.968,7302126,0.6867,138.988,144.52,155.774,48.2396,-0.96507,-1.66472,0.699648,147.427,130.549,12.1431,2015,10,4,2015-10,False
2015-10-23,COALINDIA,142.118,143.706,141.491,142.912,2219876,1.3788,139.37,143.967,155.736,51.753,-0.72384,-1.47654,0.752703,147.792,130.949,12.0846,2015,10,4,2015-10,False
2015-10-26,COALINDIA,143.957,144.082,138.816,139.359,3866037,-2.4861,139.487,143.472,155.677,45.6527,-0.810019,-1.34324,0.533219,147.836,131.139,11.9699,2015,10,4,2015-10,False
2015-10-27,COALINDIA,139.401,140.07,137.144,138.899,3829306,-0.3299,139.778,143.145,155.619,44.9149,-0.904987,-1.25559,0.350601,147.575,131.981,11.1562,2015,10,4,2015-10,False
2015-10-28,COALINDIA,138.272,140.028,136.767,138.021,3432045,-0.632,140.224,142.753,155.556,43.4705,-1.0391,-1.21229,0.17319,146.273,134.175,8.6272,2015,10,4,2015-10,False
2015-10-29,COALINDIA,138.001,138.774,134.071,134.51,7634777,-2.5439,140.358,142.287,155.487,38.1812,-1.41242,-1.25232,-0.160107,145.703,135.013,7.6162,2015,10,4,2015-10,False
2015-10-30,COALINDIA,134.218,136.475,133.235,133.716,3556422,-0.5905,140.197,141.786,155.404,37.082,-1.75217,-1.35229,-0.399886,146.137,134.257,8.4733,2015,10,4,2015-10,False
2015-11-02,COALINDIA,133.758,136.266,132.316,135.848,2024779,1.5943,140.127,141.459,155.34,41.9154,-1.82833,-1.4475,-0.380836,146.243,134.011,8.7298,2015,11,4,2015-11,False
2015-11-03,COALINDIA,136.642,137.081,135.764,136.203,1681515,0.2615,140.046,141.209,155.313,42.7053,-1.83883,-1.52576,-0.313063,146.332,133.759,8.9774,2015,11,4,2015-11,False
2015-11-04,COALINDIA,136.726,138.502,135.911,138.126,2142185,1.4117,139.789,141.047,155.288,46.9132,-1.67271,-1.55515,-0.117556,145.943,133.636,8.8032,2015,11,4,2015-11,False
2015-11-05,COALINDIA,138.314,141.888,137.248,140.906,3740920,2.0124,139.598,140.951,155.273,52.3603,-1.30176,-1.50447,0.202715,145.328,133.869,8.2087,2015,11,4,2015-11,False
2015-11-06,COALINDIA,141.616,144.208,139.192,143.037,3849776,1.5129,139.515,140.997,155.259,56.0822,-0.826237,-1.36883,0.542589,144.973,134.057,7.8243,2015,11,4,2015-11,False
2015-11-09,COALINDIA,140.028,142.536,138.983,141.951,2613167,-0.7598,139.593,140.88,155.218,53.7756,-0.530957,-1.20125,0.670295,145.148,134.038,7.9584,2015,11,4,2015-11,False
2015-11-10,COALINDIA,140.697,141.177,135.221,136.287,2215348,-3.99,139.419,140.612,155.148,43.6906,-0.745378,-1.11008,0.3647,145.165,133.672,8.2433,2015,11,4,2015-11,False
2015-11-13,COALINDIA,138.398,142.745,137.499,141.156,6657788,3.5731,139.363,140.41,155.097,52.0218,-0.516415,-0.991345,0.47493,145.015,133.712,8.1104,2015,11,4,2015-11,False
2015-11-16,COALINDIA,139.798,140.843,136.537,138.251,4014192,-2.0581,139.28,140.186,155.012,47.5061,-0.562889,-0.905654,0.342765,144.946,133.614,8.1361,2015,11,4,2015-11,False
2015-11-17,COALINDIA,138.356,139.819,137.959,138.92,1859904,0.4838,139.09,139.902,154.922,48.6121,-0.53953,-0.832429,0.292899,144.523,133.658,7.8116,2015,11,4,2015-11,False
2015-11-18,COALINDIA,139.234,141.95,136.997,140.049,6900525,0.8124,139.016,139.738,154.84,50.5069,-0.425055,-0.750954,0.325899,144.348,133.684,7.6707,2015,11,4,2015-11,False
2015-11-19,COALINDIA,140.237,140.738,137.959,139.484,3658468,-0.4029,138.931,139.649,154.78,49.5237,-0.375533,-0.67587,0.300337,144.169,133.692,7.541,2015,11,4,2015-11,False
2015-11-20,COALINDIA,139.484,141.115,138.732,139.317,1647969,-0.1199,138.896,139.548,154.717,49.2179,-0.345795,-0.609855,0.26406,144.114,133.678,7.5129,2015,11,4,2015-11,False
2015-11-23,COALINDIA,139.61,139.61,138.209,138.857,2979816,-0.33,138.79,139.42,154.668,48.3342,-0.35523,-0.55893,0.2037,143.916,133.665,7.3862,2015,11,4,2015-11,False
2015-11-24,COALINDIA,139.108,140.655,138.23,138.941,4012527,0.0602,138.592,139.378,154.648,48.5151,-0.351908,-0.517526,0.165617,143.339,133.845,6.8505,2015,11,4,2015-11,False
2015-11-26,COALINDIA,138.753,142.766,138.627,140.362,5909688,1.0229,138.642,139.365,154.647,51.6183,-0.231927,-0.460406,0.228479,143.444,133.84,6.9273,2015,11,4,2015-11,False
2015-11-27,COALINDIA,141.052,141.595,139.714,140.655,2109945,0.2085,138.73,139.345,154.644,52.2564,-0.111939,-0.390712,0.278774,143.615,133.845,7.043,2015,11,4,2015-11,False
2015-11-30,COALINDIA,140.404,140.968,137.75,138.168,4387003,-1.7682,138.737,139.28,154.61,46.6276,-0.215052,-0.35558,0.140528,143.619,133.856,7.0368,2015,11,4,2015-11,False
2015-12-01,COALINDIA,138.398,143.372,138.398,142.766,3623167,3.3278,139.15,139.344,154.591,56.0524,0.0733961,-0.269785,0.343181,143.921,134.379,6.8577,2015,12,4,2015-12,False
2015-12-02,COALINDIA,143.957,144.856,141.073,141.428,2168133,-0.9369,139.536,139.336,154.577,53.1141,0.191852,-0.177458,0.36931,143.66,135.411,5.9124,2015,12,4,2015-12,False
2015-12-03,COALINDIA,141.073,142.536,139.693,139.944,1780516,-1.0492,139.74,139.309,154.563,49.9836,0.164101,-0.109146,0.273247,143.483,135.997,5.3572,2015,12,4,2015-12,False
2015-12-04,COALINDIA,139.61,141.553,138.774,140.132,2023873,0.1344,139.937,139.29,154.535,50.3828,0.155493,-0.0562182,0.211711,143.29,136.583,4.7929,2015,12,4,2015-12,False
2015-12-07,COALINDIA,140.508,141.282,136.057,136.914,2915052,-2.2968,139.876,139.158,154.482,43.9227,-0.109775,-0.0669296,-0.0428457,143.407,136.346,5.048,2015,12,4,2015-12,False
2015-12-08,COALINDIA,135.806,136.684,132.441,132.922,3247712,-2.9156,139.477,138.956,154.417,37.5004,-0.634792,-0.180502,-0.45429,144.141,134.813,6.6877,2015,12,4,2015-12,False
2015-12-09,COALINDIA,132.086,135.43,127.906,128.575,3961414,-3.2704,138.754,138.822,154.311,32.0111,-1.38568,-0.421537,-0.964139,145.227,132.28,9.3308,2015,12,4,2015-12,False
2015-12-10,COALINDIA,129.494,130.497,128.679,129.975,3494488,1.0891,138.155,138.681,154.214,35.2967,-1.84648,-0.706525,-1.13995,145.535,130.775,10.6841,2015,12,4,2015-12,False
2015-12-11,COALINDIA,130.017,130.414,128.01,128.637,1918941,-1.0291,137.773,138.592,154.104,33.6251,-2.29317,-1.02385,-1.26931,146.269,129.276,12.334,2015,12,4,2015-12,False
2015-12-14,COALINDIA,127.906,132.776,127.488,132.149,2456429,2.7295,137.322,138.653,154.005,41.462,-2.33691,-1.28646,-1.05044,146.016,128.628,12.6621,2015,12,4,2015-12,False
2015-12-15,COALINDIA,133.089,133.11,130.644,131.48,1937912,-0.5061,136.984,138.646,153.904,40.4816,-2.3979,-1.50875,-0.889147,146.045,127.922,13.2296,2015,12,4,2015-12,False
2015-12-16,COALINDIA,132.462,133.507,130.414,132.42,2194038,0.7153,136.659,138.556,153.805,42.5392,-2.34333,-1.67567,-0.667666,145.892,127.425,13.5131,2015,12,4,2015-12,False
2015-12-17,COALINDIA,132.295,133.235,131.083,132.107,4540387,-0.2368,136.262,138.453,153.705,42.0177,-2.29889,-1.80031,-0.498577,145.564,126.959,13.6538,2015,12,4,2015-12,False
2015-12-18,COALINDIA,132.316,133.235,131.459,132.232,3328948,0.0949,135.899,138.341,153.601,42.3223,-2.22786,-1.88582,-0.342041,145.238,126.56,13.7437,2015,12,4,2015-12,False
2015-12-21,COALINDIA,132.232,135.534,132.086,133.465,2328659,0.9325,135.606,138.146,153.507,45.3616,-2.04847,-1.91835,-0.130115,144.861,126.352,13.6486,2015,12,4,2015-12,False
2015-12-22,COALINDIA,133.528,134.552,132.295,133.382,1619130,-0.0626,135.333,137.919,153.391,45.1878,-1.89123,-1.91293,0.0216935,144.505,126.16,13.556,2015,12,4,2015-12,False
2015-12-23,COALINDIA,133.967,135.346,133.528,134.803,1438759,1.0655,135.126,137.72,153.283,48.7816,-1.63313,-1.85697,0.223842,144.141,126.11,13.3439,2015,12,4,2015-12,False
2015-12-24,COALINDIA,136.12,137.269,134.343,134.719,1548582,-0.062,134.844,137.607,153.163,48.5798,-1.41896,-1.76937,0.350406,143.516,126.171,12.8625,2015,12,4,2015-12,False
2015-12-28,COALINDIA,134.991,136.621,134.636,136.057,2159124,0.9929,134.614,137.533,153.067,52.0008,-1.1283,-1.64115,0.512856,142.871,126.356,12.2682,2015,12,4,2015-12,False
2015-12-29,COALINDIA,136.078,136.475,133.591,134.489,2318395,-1.1521,134.43,137.377,152.979,47.9728,-1.01275,-1.51547,0.502721,142.516,126.344,12.0303,2015,12,4,2015-12,False
2015-12-30,COALINDIA,134.594,135.827,133.883,134.636,2583837,0.1088,134.023,137.271,152.905,48.3748,-0.899011,-1.39218,0.493168,141.099,126.947,10.5594,2015,12,4,2015-12,False
2015-12-31,COALINDIA,135.012,138.774,135.012,137.854,4739203,2.3906,133.845,137.175,152.82,56.3621,-0.542903,-1.22232,0.679421,140.285,127.404,9.6241,2015,12,4,2015-12,False
2016-01-01,COALINDIA,137.938,140.028,135.973,139.631,1001091,1.2887,133.829,137.136,152.746,60.0372,-0.116001,-1.00106,0.885058,140.208,127.449,9.5337,2016,1,1,2016-01,False
2016-01-04,COALINDIA,139.171,140.906,136.893,138.021,1402242,-1.1525,133.723,137.073,152.674,55.479,0.0914133,-0.782565,0.873979,139.722,127.725,8.972,2016,1,1,2016-01,False
2016-01-05,COALINDIA,139.15,139.15,135.555,136.182,3789711,-1.3325,133.687,136.996,152.592,50.7379,0.106161,-0.60482,0.710981,139.612,127.761,8.8646,2016,1,1,2016-01,False
2016-01-06,COALINDIA,135.931,138.356,135.639,137.06,3950971,0.6446,133.894,136.918,152.516,52.8106,0.186528,-0.44655,0.633079,139.993,127.794,9.1107,2016,1,1,2016-01,False
2016-01-07,COALINDIA,136.6,137.833,135.534,136.433,2845034,-0.4574,134.287,136.789,152.442,51.155,0.197355,-0.317769,0.515124,139.939,128.634,8.4189,2016,1,1,2016-01,False
2016-01-08,COALINDIA,137.102,137.729,132.504,134.218,3587538,-1.6238,134.499,136.686,152.351,45.7027,0.0268617,-0.248843,0.275705,139.776,129.221,7.8476,2016,1,1,2016-01,False
2016-01-11,COALINDIA,133.34,133.34,129.996,132.065,3136079,-1.6039,134.67,136.549,152.248,41.1169,-0.278744,-0.254823,-0.023921,139.333,130.007,6.9248,2016,1,1,2016-01,False
2016-01-12,COALINDIA,132.065,132.796,130.497,132.086,2704456,0.0158,134.667,136.43,152.138,41.1786,-0.513336,-0.306526,-0.20681,139.337,129.997,6.9357,2016,1,1,2016-01,False
2016-01-13,COALINDIA,132.922,133.967,130.999,132.629,1860750,0.4114,134.724,136.393,152.03,42.8555,-0.647934,-0.374808,-0.273127,139.256,130.193,6.7265,2016,1,1,2016-01,False
2016-01-14,COALINDIA,131.313,134.531,129.829,133.194,1469470,0.4255,134.763,136.382,151.923,44.6211,-0.700989,-0.440044,-0.260945,139.224,130.302,6.6205,2016,1,1,2016-01,False
2016-01-15,COALINDIA,133.716,134.176,132.587,133.152,1925285,-0.0314,134.815,136.328,151.833,44.5114,-0.737903,-0.499616,-0.238287,139.169,130.462,6.458,2016,1,1,2016-01,False
2016-01-18,COALINDIA,131.877,135.054,129.327,129.933,1736472,-2.4172,134.7,136.203,151.746,36.9734,-1.01516,-0.602726,-0.412439,139.445,129.956,7.0441,2016,1,1,2016-01,False
2016-01-19,COALINDIA,130.038,130.414,126.234,129.097,3268371,-0.6434,134.482,136.023,151.664,35.3011,-1.28751,-0.739683,-0.547831,139.829,129.135,7.9526,2016,1,1,2016-01,False
2016-01-20,COALINDIA,127.822,132.316,122.054,124.625,3609992,-3.4645,134.044,135.697,151.536,28.0038,-1.843,-0.960347,-0.882655,140.972,127.117,10.336,2016,1,1,2016-01,False
2016-01-21,COALINDIA,126.276,126.297,119.755,120.466,4600455,-3.3373,133.327,135.245,151.38,23.2008,-2.58899,-1.28607,-1.30291,142.521,124.134,13.7909,2016,1,1,2016-01,False
2016-01-22,COALINDIA,121.636,126.485,120.884,125.168,8008963,3.9036,132.85,134.91,151.247,36.4685,-2.76882,-1.58262,-1.18619,142.707,122.992,14.8399,2016,1,1,2016-01,False
2016-01-25,COALINDIA,126.234,128.031,125.168,127.446,3162445,1.82,132.419,134.733,151.131,41.721,-2.69644,-1.80539,-0.891051,142.438,122.401,15.1314,2016,1,1,2016-01,False
2016-01-27,COALINDIA,127.363,127.697,124.604,127.091,3860574,-0.2788,132.049,134.452,151.014,41.1496,-2.63734,-1.97178,-0.665563,142.29,121.809,15.5101,2016,1,1,2016-01,False
2016-01-28,COALINDIA,126.443,131.145,125.858,128.157,8121506,0.8387,131.725,134.25,150.86,43.6433,-2.47596,-2.07261,-0.403344,142.031,121.42,15.6473,2016,1,1,2016-01,False
2016-01-29,COALINDIA,127.885,135.639,127.53,133.737,4782044,4.3542,131.519,134.146,150.72,54.5111,-1.87616,-2.03332,0.157165,141.468,121.571,15.1286,2016,1,1,2016-01,False
2016-02-01,COALINDIA,134.468,137.938,130.268,137.332,3208370,2.6879,131.405,134.092,150.594,59.8785,-1.09809,-1.84628,0.748187,141.006,121.804,14.6128,2016,2,1,2016-02,False
2016-02-02,COALINDIA,136.893,139.025,132.295,133.319,3045611,-2.9219,131.169,133.969,150.441,52.44,-0.79608,-1.63624,0.840156,140.307,122.032,13.9329,2016,2,1,2016-02,False
2016-02-03,COALINDIA,132.504,135.555,131.584,132.608,4106124,-0.533,130.991,133.834,150.297,51.2264,-0.607077,-1.4304,0.823327,139.851,122.13,13.5287,2016,2,1,2016-02,False
2016-02-04,COALINDIA,132.901,135.179,132.859,134.803,3572599,1.6549,130.878,133.753,150.169,54.7121,-0.277022,-1.19973,0.922706,139.466,122.289,13.1244,2016,2,1,2016-02,False
2016-02-05,COALINDIA,135.179,140.947,132.922,136.37,6271759,1.1628,130.875,133.702,150.056,57.072,0.109765,-0.937829,1.04759,139.455,122.295,13.1118,2016,2,1,2016-02,False
2016-02-08,COALINDIA,136.684,137.833,134.51,135.158,2378719,-0.8889,130.922,133.598,149.954,54.6983,0.314858,-0.687292,1.00215,139.589,122.255,13.24,2016,2,1,2016-02,False
2016-02-09,COALINDIA,133.925,135.012,128.763,129.264,3673347,-4.3606,130.782,133.37,149.818,44.9163,0.00180189,-0.549473,0.551275,139.461,122.102,13.2736,2016,2,1,2016-02,False
2016-02-10,COALINDIA,127.53,132.19,126.276,131.145,3126063,1.4551,130.735,133.229,149.681,48.106,-0.0934433,-0.458267,0.364824,139.395,122.075,13.2484,2016,2,1,2016-02,False
2016-02-11,COALINDIA,130.372,131.145,123.622,127.53,4387964,-2.757,130.48,132.925,149.516,42.9567,-0.455427,-0.457699,0.00227202,139.205,121.754,13.3742,2016,2,1,2016-02,False
2016-02-12,COALINDIA,129.202,130.038,125.607,126.589,4767172,-0.7375,130.15,132.628,149.362,41.7061,-0.808869,-0.527933,-0.280936,138.942,121.357,13.5114,2016,2,1,2016-02,False
2016-02-15,COALINDIA,128.554,138.251,128.073,135.534,5228881,7.0662,130.269,132.54,149.251,55.0958,-0.362996,-0.494946,0.131949,139.294,121.243,13.8564,2016,2,1,2016-02,False
2016-02-16,COALINDIA,136.266,136.558,131.041,132.88,2434947,-1.9584,130.416,132.395,149.137,51.3284,-0.221265,-0.44021,0.218944,139.514,121.318,13.9525,2016,2,1,2016-02,False
2016-02-17,COALINDIA,132.943,133.34,128.115,130.748,2497160,-1.6043,130.499,132.271,149.015,48.4621,-0.277757,-0.407719,0.129962,139.576,121.421,13.9123,2016,2,1,2016-02,False
2016-02-18,COALINDIA,131.584,133.382,131.25,132.755,1809851,1.5345,130.905,132.268,148.921,51.2229,-0.1588,-0.357935,0.199135,139.595,122.215,13.2768,2016,2,1,2016-02,False
2016-02-19,COALINDIA,132.086,132.483,129.62,130.518,3183958,-1.6845,131.408,132.307,148.801,48.1283,-0.24218,-0.334784,0.0926038,138.587,124.228,10.9266,2016,2,1,2016-02,False
2016-02-22,COALINDIA,130.665,132.086,129.662,131.208,2820180,0.5284,131.71,132.332,148.695,49.1487,-0.249728,-0.317773,0.0680454,138.265,125.155,9.9538,2016,2,1,2016-02,False
2016-02-23,COALINDIA,131.208,131.25,125.273,125.858,3468668,-4.0777,131.63,132.276,148.587,42.2118,-0.679602,-0.390139,-0.289463,138.436,124.824,10.3414,2016,2,1,2016-02,False
2016-02-24,COALINDIA,125.795,125.795,122.347,123.413,2928473,-1.9429,131.446,132.101,148.45,39.4699,-1.20372,-0.552854,-0.650862,138.934,123.959,11.3923,2016,2,1,2016-02,False
2016-02-25,COALINDIA,123.726,128.7,123.392,125.147,14688967,1.4056,131.296,131.975,148.315,42.3316,-1.46225,-0.734734,-0.727519,139.172,123.419,11.9983,2016,2,1,2016-02,False
2016-02-26,COALINDIA,126.255,130.769,126.025,130.184,6359697,4.0247,131.118,131.93,148.189,49.7591,-1.24635,-0.837057,-0.409292,138.923,123.313,11.9049,2016,2,1,2016-02,False
2016-02-29,COALINDIA,132.504,132.796,128.01,129.996,6433602,-0.1445,130.751,131.888,148.067,49.5027,-1.078,-0.885245,-0.192751,137.996,123.507,11.0816,2016,2,1,2016-02,False
2016-03-01,COALINDIA,130.289,133.277,129.39,132.859,3958446,2.2026,130.728,131.9,147.96,53.4362,-0.705399,-0.849276,0.143876,137.942,123.515,11.0354,2016,3,1,2016-03,False
2016-03-02,COALINDIA,132.922,133.758,129.536,129.996,4195722,-2.1551,130.598,131.831,147.837,49.3005,-0.633851,-0.806191,0.17234,137.762,123.433,10.9716,2016,3,1,2016-03,False
2016-03-03,COALINDIA,131.584,132.525,129.578,131.292,4070260,0.9968,130.422,131.789,147.726,51.1434,-0.467202,-0.738393,0.271191,137.32,123.525,10.5773,2016,3,1,2016-03,False
2016-03-04,COALINDIA,131.71,136.893,131.48,135.911,6405159,3.518,130.399,131.811,147.641,57.1257,0.0371408,-0.583286,0.620427,137.216,123.583,10.4551,2016,3,1,2016-03,False
2016-03-08,COALINDIA,138.774,139.192,134.74,135.451,13626475,-0.3383,130.414,131.826,147.558,56.3855,0.395177,-0.387594,0.782771,137.275,123.553,10.5216,2016,3,1,2016-03,False
2016-03-09,COALINDIA,135.43,136.308,134.594,134.803,6614341,-0.4783,130.691,131.801,147.477,55.2982,0.619503,-0.186174,0.805677,137.799,123.583,10.8777,2016,3,1,2016-03,False
2016-03-10,COALINDIA,135.848,136.308,133.8,134.468,8652210,-0.248,130.857,131.8,147.368,54.7119,0.761524,0.00336539,0.758159,138.162,123.552,11.1655,2016,3,1,2016-03,False
2016-03-11,COALINDIA,135.012,136.12,132.378,133.298,11276463,-0.8704,131.145,131.774,147.251,52.6091,0.770752,0.156843,0.613909,138.353,123.938,10.9911,2016,3,1,2016-03,False
2016-03-14,COALINDIA,133.938,136.728,133.527,135.676,9036862,1.7839,131.6,131.73,147.157,56.2852,0.958886,0.317251,0.641635,138.743,124.457,10.8559,2016,3,1,2016-03,False
2016-03-15,COALINDIA,136.545,136.59,134.99,135.196,4471379,-0.3539,131.583,131.641,147.049,55.3515,1.05705,0.465212,0.591842,138.688,124.477,10.7999,2016,3,1,2016-03,False
2016-03-16,COALINDIA,135.539,135.767,134.213,135.196,3600579,0.0,131.699,131.585,146.924,55.3515,1.12192,0.596553,0.525366,138.967,124.431,11.0374,2016,3,1,2016-03,False
2016-03-17,COALINDIA,135.905,136.362,134.19,134.556,3428625,-0.4735,131.889,131.552,146.796,53.9672,1.10889,0.69902,0.409867,139.251,124.527,11.1641,2016,3,1,2016-03,False
2016-03-18,COALINDIA,135.356,136.636,134.35,136.156,4585864,1.1894,132.059,131.534,146.659,56.8712,1.21371,0.801958,0.411752,139.659,124.459,11.5094,2016,3,1,2016-03,False
2016-03-21,COALINDIA,135.927,136.499,134.899,135.63,2804720,-0.3862,132.315,131.518,146.519,55.6294,1.24006,0.889578,0.35048,140.039,124.59,11.6756,2016,3,1,2016-03,False
2016-03-22,COALINDIA,135.584,137.048,134.235,134.624,5604065,-0.7417,132.485,131.526,146.39,53.2347,1.16632,0.944925,0.22139,140.258,124.713,11.7329,2016,3,1,2016-03,False
2016-03-23,COALINDIA,135.333,136.499,134.853,136.27,2712299,1.2228,133.006,131.61,146.262,56.5322,1.22657,1.00125,0.225315,140.288,125.724,10.9505,2016,3,1,2016-03,False
2016-03-28,COALINDIA,136.499,136.499,133.618,134.213,4199915,-1.5101,133.546,131.653,146.121,51.6313,1.09565,1.02013,0.0755137,139.268,127.824,8.5687,2016,3,1,2016-03,False
2016-03-29,COALINDIA,134.418,135.996,134.007,134.967,2231442,0.5622,134.037,131.7,145.949,53.2323,1.04078,1.02426,0.0165155,138.196,129.878,6.2055,2016,3,1,2016-03,False
2016-03-30,COALINDIA,135.173,136.065,135.081,135.745,3076806,0.576,134.315,131.751,145.79,54.8891,1.04794,1.029,0.018944,138.118,130.513,5.662,2016,3,1,2016-03,False
2016-03-31,COALINDIA,136.202,136.202,133.069,133.504,8788685,-1.6507,134.49,131.758,145.619,49.4514,0.862868,0.995772,-0.132904,137.737,131.244,4.828,2016,3,1,2016-03,False
2016-04-01,COALINDIA,133.527,134.327,130.623,131.24,4021684,-1.6955,134.41,131.784,145.428,44.6402,0.527463,0.90211,-0.374647,137.899,130.92,5.1923,2016,4,2,2016-04,False
2016-04-04,COALINDIA,131.88,132.132,129.868,130.326,3745464,-0.6969,134.426,131.808,145.244,42.8272,0.185715,0.758831,-0.573116,137.83,131.022,5.0641,2016,4,2,2016-04,False
2016-04-05,COALINDIA,130.097,130.303,125.341,125.867,4975193,-3.4211,134.155,131.833,145.045,35.3004,-0.439818,0.519101,-0.95892,139.118,129.192,7.3986,2016,4,2,2016-04,False
2016-04-06,COALINDIA,126.21,127.994,125.296,126.027,6518559,0.1272,133.661,131.945,144.851,35.7371,-0.912129,0.232855,-1.14498,139.732,127.589,9.0844,2016,4,2,2016-04,False
2016-04-07,COALINDIA,126.759,128.84,126.347,128.611,3137807,2.0501,133.319,132.013,144.664,42.4847,-1.06567,-0.0268504,-1.03882,139.726,126.911,9.6128,2016,4,2,2016-04,False
2016-04-08,COALINDIA,128.84,129.411,127.308,127.856,3567115,-0.5867,132.971,132.022,144.471,41.1265,-1.23402,-0.268284,-0.965735,139.781,126.162,10.2421,2016,4,2,2016-04,False
2016-04-11,COALINDIA,128.131,129.228,126.759,128.245,6696441,0.304,132.66,132.045,144.288,42.1525,-1.32084,-0.478796,-0.842046,139.745,125.575,10.681,2016,4,2,2016-04,False
2016-04-12,COALINDIA,128.245,128.268,124.221,125.478,9281615,-2.1573,132.269,131.991,144.093,37.1856,-1.59451,-0.701938,-0.892571,140.036,124.502,11.7438,2016,4,2,2016-04,False
2016-04-13,COALINDIA,126.324,127.262,125.753,126.873,9314286,1.1115,131.829,131.854,143.892,40.9623,-1.67949,-0.897449,-0.782043,139.778,123.88,12.0601,2016,4,2,2016-04,False
2016-04-18,COALINDIA,126.53,127.376,125.387,126.119,7530454,-0.5947,131.375,131.63,143.654,39.576,-1.78712,-1.07538,-0.711739,139.549,123.202,12.4427,2016,4,2,2016-04,False
2016-04-20,COALINDIA,127.033,128.954,126.279,127.422,8438851,1.0333,130.986,131.512,143.43,43.1546,-1.74712,-1.20973,-0.53739,139.134,122.839,12.4405,2016,4,2,2016-04,False
2016-04-21,COALINDIA,128.039,132.041,127.948,131.583,6341547,3.2658,130.838,131.491,143.228,52.7725,-1.36391,-1.24057,-0.123347,138.818,122.858,12.1987,2016,4,2,2016-04,False
2016-04-22,COALINDIA,131.995,131.995,130.326,131.606,3616133,0.0174,130.61,131.427,143.026,52.8197,-1.04632,-1.20172,0.155403,138.202,123.018,11.6252,2016,4,2,2016-04,False
2016-04-25,COALINDIA,131.972,133.024,131.149,131.675,2987563,0.0521,130.413,131.333,142.832,52.9717,-0.780087,-1.11739,0.337305,137.652,123.173,11.1019,2016,4,2,2016-04,False
2016-04-26,COALINDIA,131.286,132.566,131.012,131.835,1972410,0.1215,130.273,131.267,142.611,53.3492,-0.549847,-1.00388,0.454035,137.274,123.272,10.7483,2016,4,2,2016-04,False
2016-04-27,COALINDIA,132.155,134.213,131.72,133.024,2654547,0.9018,130.111,131.342,142.387,56.1646,-0.268349,-0.856776,0.588427,136.662,123.559,10.071,2016,4,2,2016-04,False
2016-04-28,COALINDIA,133.321,134.281,129.708,130.349,5733507,-2.011,129.918,131.326,142.152,48.9992,-0.258144,-0.73705,0.478905,136.182,123.654,9.643,2016,4,2,2016-04,False
2016-04-29,COALINDIA,130.326,132.452,129.983,131.72,3886257,1.0525,129.755,131.41,141.938,52.3561,-0.137771,-0.617194,0.479423,135.624,123.886,9.0459,2016,4,2,2016-04,False
2016-05-02,COALINDIA,132.018,132.155,131.057,131.995,1741094,0.2083,129.568,131.518,141.721,53.0221,-0.020004,-0.497756,0.477752,134.84,124.295,8.1385,2016,5,2,2016-05,False
2016-05-03,COALINDIA,132.155,132.269,126.896,127.651,4658529,-3.2912,129.275,131.36,141.463,42.8168,-0.274054,-0.453016,0.178962,134.27,124.28,7.7277,2016,5,2,2016-05,False
2016-05-04,COALINDIA,127.033,128.702,124.564,128.016,6641861,0.2866,129.114,131.263,141.231,43.7978,-0.440789,-0.45057,0.00978102,134.05,124.178,7.6455,2016,5,2,2016-05,False
2016-05-05,COALINDIA,128.268,129.48,128.039,128.862,2845968,0.6608,129.041,131.225,141.004,46.1006,-0.498914,-0.460239,-0.0386747,133.944,124.137,7.5997,2016,5,2,2016-05,False
2016-05-06,COALINDIA,128.611,129.16,126.896,128.908,3358599,0.0355,129.193,131.148,140.771,46.2288,-0.53512,-0.475215,-0.0599051,133.865,124.521,7.2328,2016,5,2,2016-05,False
2016-05-09,COALINDIA,129.022,131.012,129.022,130.6,2147251,1.3125,129.421,131.15,140.546,50.8855,-0.42242,-0.464656,0.0422366,133.884,124.959,6.8965,2016,5,2,2016-05,False
2016-05-10,COALINDIA,131.103,131.103,129.411,130.28,3178150,-0.2451,129.505,131.132,140.29,50.0033,-0.35484,-0.442693,0.087853,133.966,125.044,6.8899,2016,5,2,2016-05,False
2016-05-11,COALINDIA,128.817,130.051,126.507,129.777,4069757,-0.3861,129.601,131.21,140.026,48.5779,-0.337975,-0.421749,0.0837744,133.995,125.207,6.781,2016,5,2,2016-05,False
2016-05-12,COALINDIA,129.891,130.257,128.954,129.8,3368917,0.0176,129.679,131.338,139.759,48.6495,-0.319088,-0.401217,0.0821292,134.027,125.331,6.7057,2016,5,2,2016-05,False
2016-05-13,COALINDIA,129.686,129.686,127.376,128.702,2846180,-0.8455,129.84,131.409,139.504,45.3808,-0.3882,-0.398614,0.0104133,133.749,125.931,6.0215,2016,5,2,2016-05,False
2016-05-16,COALINDIA,128.908,129.823,127.879,129.343,4442240,0.4974,129.963,131.392,139.261,47.5929,-0.386853,-0.396262,0.00940824,133.626,126.3,5.6368,2016,5,2,2016-05,False
2016-05-17,COALINDIA,129.754,130.28,128.862,129.8,1736009,0.3535,130.147,131.388,139.014,49.1761,-0.344914,-0.385992,0.041078,133.336,126.959,4.9001,2016,5,2,2016-05,False
2016-05-18,COALINDIA,130.463,130.463,128.588,129.846,2782932,0.0352,130.269,131.328,138.76,49.341,-0.304477,-0.369689,0.0652121,133.195,127.343,4.4922,2016,5,2,2016-05,False
2016-05-19,COALINDIA,129.868,130.051,127.765,128.176,1489126,-1.2854,130.098,131.291,138.499,43.7622,-0.402471,-0.376245,-0.0262252,133.098,127.099,4.6111,2016,5,2,2016-05,False
2016-05-20,COALINDIA,128.314,128.542,127.148,127.582,4355684,-0.4638,129.897,131.217,138.247,41.9432,-0.522082,-0.405413,-0.116669,133.008,126.786,4.7905,2016,5,2,2016-05,False
2016-05-23,COALINDIA,128.497,128.725,127.216,128.268,2035863,0.5376,129.727,131.064,138.003,44.7945,-0.555129,-0.435356,-0.119773,132.801,126.652,4.7398,2016,5,2,2016-05,False
2016-05-24,COALINDIA,128.68,128.68,127.125,127.834,2073509,-0.3387,129.527,130.912,137.762,43.3426,-0.609347,-0.470154,-0.139193,132.544,126.51,4.6585,2016,5,2,2016-05,False
2016-05-25,COALINDIA,128.222,128.725,126.988,128.497,2075737,0.5187,129.3,130.786,137.527,46.2085,-0.591988,-0.494521,-0.0974668,131.857,126.744,3.9542,2016,5,2,2016-05,False
2016-05-26,COALINDIA,128.497,128.817,127.468,128.428,4619836,-0.0534,129.204,130.665,137.29,45.9496,-0.577112,-0.511039,-0.0660728,131.739,126.669,3.9237,2016,5,2,2016-05,False
2016-05-27,COALINDIA,129.068,130.097,128.131,128.634,4543846,0.1602,129.05,130.572,137.016,46.9106,-0.542466,-0.517324,-0.0251416,131.299,126.8,3.4863,2016,5,2,2016-05,False
2016-05-30,COALINDIA,132.269,135.333,131.926,133.778,17863356,3.9993,129.139,130.534,136.782,64.0981,-0.0987584,-0.433611,0.334853,131.951,126.327,4.3552,2016,5,2,2016-05,False
2016-05-31,COALINDIA,134.396,135.013,131.652,133.252,7041001,-0.3931,129.419,130.495,136.522,61.8922,0.208051,-0.305279,0.51333,132.686,126.152,5.0487,2016,5,2,2016-05,False
2016-06-01,COALINDIA,133.55,136.956,132.178,135.905,5843470,1.9904,129.814,130.509,136.285,67.8934,0.657632,-0.112697,0.770328,134.11,125.517,6.6193,2016,6,2,2016-06,False
2016-06-02,COALINDIA,136.179,141.529,135.676,140.546,9888554,3.4152,130.398,130.629,136.086,75.2414,1.37263,0.184369,1.18826,136.807,123.988,9.8306,2016,6,2,2016-06,False
2016-06-03,COALINDIA,141.758,142.627,140.866,141.278,6459723,0.5206,131.016,130.731,135.926,76.1674,1.97554,0.542603,1.43294,139.011,123.021,12.2049,2016,6,2,2016-06,False
2016-06-06,COALINDIA,140.889,141.072,139.014,139.837,5184081,-1.0196,131.478,130.815,135.772,70.5714,2.31048,0.896179,1.4143,140.387,122.569,13.5521,2016,6,2,2016-06,False
2016-06-07,COALINDIA,140.432,141.529,139.494,140.752,2708323,0.654,132.002,130.938,135.655,71.979,2.61953,1.24085,1.37868,141.801,122.203,14.8467,2016,6,2,2016-06,False
2016-06-08,COALINDIA,140.637,140.82,139.014,140.294,1673081,-0.3249,132.528,131.018,135.581,70.1718,2.79532,1.55174,1.24358,142.934,122.121,15.7043,2016,6,2,2016-06,False
2016-06-09,COALINDIA,140.294,143.77,139.654,143.13,2240051,2.0209,133.194,131.197,135.508,74.4545,3.12737,1.86687,1.2605,144.531,121.857,17.0227,2016,6,2,2016-06,False
2016-06-10,COALINDIA,143.45,144.456,139.997,140.226,2251748,-2.0288,133.77,131.302,135.42,64.2756,3.12024,2.11754,1.0027,145.315,122.225,17.2607,2016,6,2,2016-06,False
2016-06-13,COALINDIA,139.471,141.964,139.266,141.072,2418196,0.6033,134.357,131.409,135.332,65.7449,3.14658,2.32335,0.823233,146.144,122.57,17.5457,2016,6,2,2016-06,False
2016-06-14,COALINDIA,141.758,141.918,140.226,141.232,2102212,0.1135,134.928,131.563,135.277,66.0296,3.14413,2.48751,0.656624,146.892,122.964,17.7338,2016,6,2,2016-06,False
2016-06-15,COALINDIA,141.369,142.124,139.403,141.643,2353608,0.2914,135.518,131.771,135.242,66.7937,3.13921,2.61785,0.521363,147.59,123.446,17.8156,2016,6,2,2016-06,False
2016-06-16,COALINDIA,141.323,141.529,139.7,140.637,1665463,-0.7103,136.141,131.977,135.214,63.0594,3.01933,2.69814,0.321183,147.9,124.383,17.2739,2016,6,2,2016-06,False
2016-06-17,COALINDIA,140.843,143.816,140.843,143.221,3608513,1.8371,136.923,132.324,135.201,68.0065,3.0971,2.77793,0.319163,148.361,125.486,16.7064,2016,6,2,2016-06,False
2016-06-20,COALINDIA,141.758,143.221,141.689,142.832,1683234,-0.2714,137.651,132.661,135.212,66.5622,3.09173,2.84069,0.251034,148.613,126.689,15.927,2016,6,2,2016-06,False
2016-06-21,COALINDIA,143.13,144.044,142.467,143.13,1174461,0.2081,138.416,132.951,135.189,67.1369,3.076,2.88775,0.188243,148.601,128.232,14.7159,2016,6,2,2016-06,False
2016-06-22,COALINDIA,143.13,145.599,142.672,145.187,2935707,1.4377,139.251,133.298,135.166,70.8699,3.19277,2.94876,0.244015,148.723,129.778,13.6051,2016,6,2,2016-06,False
2016-06-23,COALINDIA,145.187,145.828,144.547,145.21,1565312,0.0157,140.09,133.637,135.136,70.9094,3.2497,3.00895,0.240755,148.432,131.748,11.909,2016,6,2,2016-06,False
2016-06-24,COALINDIA,140.958,143.587,139.723,142.787,3080388,-1.669,140.797,133.983,135.103,61.3963,3.06393,3.01994,0.0439906,147.23,134.365,9.1372,2016,6,2,2016-06,False
2016-06-27,COALINDIA,140.18,142.901,140.18,140.889,1728920,-1.3291,141.153,134.263,135.041,55.1565,2.73209,2.96237,-0.230284,146.673,135.633,7.8217,2016,6,2,2016-06,False
2016-06-28,COALINDIA,142.101,143.701,141.712,143.267,2634505,1.6877,141.654,134.606,135.016,60.5646,2.63065,2.89603,-0.265381,145.803,137.504,5.8584,2016,6,2,2016-06,False
2016-06-29,COALINDIA,143.678,143.884,141.575,142.215,1902427,-0.7341,141.969,134.902,135.008,57.2744,2.43729,2.80428,-0.36699,145.117,138.822,4.4337,2016,6,2,2016-06,False
2016-06-30,COALINDIA,143.587,143.77,142.467,143.13,3314387,0.6431,142.098,135.133,135.002,59.3428,2.33098,2.70962,-0.378638,145.212,138.985,4.3818,2016,6,2,2016-06,False
2016-07-01,COALINDIA,143.13,143.77,141.552,141.804,2225864,-0.9265,142.125,135.337,134.984,55.1721,2.11534,2.59076,-0.475424,145.218,139.032,4.3523,2016,7,3,2016-07,False
2016-07-04,COALINDIA,142.901,145.873,142.444,145.393,2699220,2.5314,142.403,135.611,135.006,62.7947,2.20864,2.51434,-0.3057,145.626,139.18,4.5267,2016,7,3,2016-07,False
2016-07-05,COALINDIA,145.393,147.885,144.959,147.222,2816887,1.2581,142.726,135.919,135.037,65.9701,2.40248,2.49197,-0.089486,146.503,138.949,5.2924,2016,7,3,2016-07,False
2016-07-07,COALINDIA,148.548,149.006,143.907,144.296,3939302,-1.9879,142.926,136.145,135.05,57.5124,2.29351,2.45228,-0.158764,146.583,139.27,5.1165,2016,7,3,2016-07,False
2016-07-08,COALINDIA,143.267,144.021,141.758,142.535,2294810,-1.2201,142.896,136.388,135.056,53.102,2.04156,2.37013,-0.328573,146.556,139.237,5.1214,2016,7,3,2016-07,False
2016-07-11,COALINDIA,144.044,147.52,143.884,146.742,2536047,2.9515,143.222,136.689,135.092,60.8317,2.1565,2.32741,-0.17091,147.037,139.407,5.3274,2016,7,3,2016-07,False
2016-07-12,COALINDIA,146.948,146.948,143.267,144.982,3413443,-1.1998,143.418,136.949,135.108,56.6256,2.08153,2.27823,-0.196703,147.169,139.667,5.2312,2016,7,3,2016-07,False
2016-07-13,COALINDIA,145.873,148.846,145.073,148.183,3400480,2.2078,143.765,137.359,135.142,61.7976,2.25442,2.27347,-0.0190505,147.929,139.601,5.7925,2016,7,3,2016-07,False
2016-07-14,COALINDIA,148.617,149.806,147.017,148.457,4310790,0.1852,144.106,137.768,135.179,62.2136,2.38607,2.29599,0.090082,148.637,139.574,6.2892,2016,7,3,2016-07,False
2016-07-15,COALINDIA,148.457,148.617,144.959,145.805,2109207,-1.7865,144.364,138.107,135.19,55.8803,2.25045,2.28688,-0.0364288,148.645,140.083,5.9311,2016,7,3,2016-07,False
2016-07-18,COALINDIA,146.171,148.16,145.828,147.085,1986754,0.8781,144.558,138.47,135.211,58.0979,2.22069,2.27364,-0.0529519,148.968,140.147,6.1024,2016,7,3,2016-07,False
2016-07-19,COALINDIA,147.222,148.023,145.416,145.85,1617036,-0.8394,144.708,138.775,135.264,55.2158,2.07358,2.23363,-0.160053,149.077,140.34,6.0377,2016,7,3,2016-07,False
2016-07-20,COALINDIA,146.285,150.881,146.102,150.56,3246139,3.2293,145.08,139.181,135.331,62.7978,2.31041,2.24899,0.0614241,150.099,140.061,6.9186,2016,7,3,2016-07,False
2016-07-21,COALINDIA,150.903,153.556,149.394,152.435,6355171,1.2453,145.442,139.634,135.428,65.3151,2.6192,2.32303,0.296171,151.444,139.44,8.2533,2016,7,3,2016-07,False
2016-07-22,COALINDIA,152.275,152.618,150.766,151.567,2004989,-0.57,145.76,140.07,135.54,63.1815,2.76197,2.41082,0.351153,152.354,139.166,9.0479,2016,7,3,2016-07,False
2016-07-25,COALINDIA,151.361,152.915,150.812,152.618,1492185,0.6939,146.252,140.548,135.644,64.6853,2.92625,2.5139,0.412345,153.358,139.145,9.7184,2016,7,3,2016-07,False
2016-07-26,COALINDIA,152.733,152.824,149.44,149.737,1692026,-1.8876,146.694,140.956,135.708,57.7297,2.7918,2.56948,0.222314,153.49,139.898,9.2654,2016,7,3,2016-07,False
2016-07-27,COALINDIA,149.646,151.269,148.045,148.869,1919050,-0.5802,146.974,141.337,135.766,55.7816,2.58534,2.57265,0.0126829,153.636,140.313,9.0649,2016,7,3,2016-07,False
2016-07-28,COALINDIA,149.143,152.344,149.12,150.881,3253199,1.3516,147.408,141.758,135.832,59.2142,2.55462,2.56905,-0.0144257,153.891,140.924,8.7961,2016,7,3,2016-07,False
2016-07-29,COALINDIA,150.903,152.733,149.463,149.989,3182206,-0.591,147.75,142.194,135.865,57.0986,2.43031,2.5413,-0.11099,154.002,141.499,8.4626,2016,7,3,2016-07,False
2016-08-01,COALINDIA,150.583,151.589,148.96,149.28,1461407,-0.4726,148.124,142.628,135.888,55.4042,2.24867,2.48277,-0.2341,153.741,142.508,7.5833,2016,8,3,2016-08,False
2016-08-02,COALINDIA,149.532,150.446,147.245,147.725,2335301,-1.0415,148.241,143.017,135.903,51.7749,1.95672,2.37756,-0.420844,153.714,142.768,7.3834,2016,8,3,2016-08,False
2016-08-03,COALINDIA,148.023,150.263,147.291,149.143,1603751,0.9596,148.337,143.443,135.947,54.6894,1.81876,2.2658,-0.44704,153.802,142.872,7.368,2016,8,3,2016-08,False
2016-08-04,COALINDIA,150.172,150.286,146.628,147.931,1808553,-0.8125,148.519,143.832,135.988,51.807,1.59328,2.1313,-0.538018,153.649,143.388,6.9087,2016,8,3,2016-08,False
2016-08-05,COALINDIA,148.777,151.086,148.594,150.629,2101931,1.8238,148.923,144.276,136.03,57.2137,1.61369,2.02778,-0.414089,153.286,144.561,5.8587,2016,8,3,2016-08,False
2016-08-08,COALINDIA,150.903,152.047,149.897,151.795,2076712,0.7741,149.176,144.739,136.089,59.3371,1.70431,1.96308,-0.258776,153.592,144.761,5.9199,2016,8,3,2016-08,False
2016-08-09,COALINDIA,152.733,154.333,152.275,154.173,3267563,1.5665,149.636,145.147,136.146,63.3332,1.94557,1.95958,-0.0140085,154.126,145.146,6.0013,2016,8,3,2016-08,False
2016-08-10,COALINDIA,154.745,155.476,152.961,154.539,3121860,0.2373,149.953,145.573,136.211,63.9206,2.14161,1.99599,0.14562,154.888,145.019,6.5818,2016,8,3,2016-08,False
2016-08-11,COALINDIA,154.173,154.836,152.435,154.47,3452229,-0.0444,150.254,145.944,136.278,63.7144,2.26531,2.04985,0.215463,155.526,144.982,7.0176,2016,8,3,2016-08,False
2016-08-12,COALINDIA,154.196,155.293,153.487,154.539,1889296,0.0444,150.691,146.224,136.35,63.84,2.34189,2.10826,0.233635,155.857,145.525,6.8567,2016,8,3,2016-08,False
2016-08-16,COALINDIA,154.104,155.636,153.281,154.47,2665923,-0.0444,151.06,146.488,136.418,63.6029,2.36973,2.16055,0.209178,156.197,145.923,6.8008,2016,8,3,2016-08,False
2016-08-17,COALINDIA,154.539,160.026,154.493,159.043,5810868,2.9604,151.72,146.872,136.499,71.2634,2.72932,2.27431,0.455015,157.399,146.04,7.4868,2016,8,3,2016-08,False
2016-08-18,COALINDIA,159.18,159.249,154.607,155.042,4975745,-2.5158,151.944,147.158,136.577,59.4691,2.66076,2.3516,0.309163,157.782,146.105,7.6848,2016,8,3,2016-08,False
2016-08-19,COALINDIA,155.499,155.659,151.864,152.801,9764483,-1.4452,151.962,147.408,136.647,54.0721,2.39798,2.36088,0.0371064,157.809,146.115,7.6954,2016,8,3,2016-08,False
2016-08-22,COALINDIA,151.772,154.15,151.361,153.144,7488064,0.2244,152.041,147.608,136.722,54.749,2.19213,2.32713,-0.134997,157.908,146.174,7.7178,2016,8,3,2016-08,False
2016-08-23,COALINDIA,153.464,154.333,152.07,153.944,2257353,0.5226,152.107,147.883,136.819,56.3652,2.06971,2.27564,-0.205934,158.032,146.183,7.7896,2016,8,3,2016-08,False
2016-08-24,COALINDIA,153.922,153.967,152.092,152.71,7665307,-0.802,152.256,148.115,136.914,53.2079,1.85172,2.19086,-0.339139,158.078,146.434,7.6479,2016,8,3,2016-08,False
2016-08-25,COALINDIA,152.961,153.967,150.606,151.498,3658893,-0.7936,152.387,148.321,136.993,50.2336,1.56315,2.06532,-0.502163,158.003,146.772,7.3697,2016,8,3,2016-08,False
2016-08-26,COALINDIA,151.567,152.87,150.675,152.412,2682815,0.6037,152.464,148.536,137.074,52.3963,1.39221,1.9307,-0.538483,158.034,146.894,7.307,2016,8,3,2016-08,False
2016-08-29,COALINDIA,152.275,152.915,151.132,152.664,1292318,0.165,152.598,148.777,137.146,53.0012,1.26248,1.79705,-0.534571,158.045,147.151,7.1393,2016,8,3,2016-08,False
2016-08-30,COALINDIA,153.236,153.693,152.001,153.03,1531387,0.2396,152.785,148.973,137.207,53.9184,1.17564,1.67277,-0.497133,158.005,147.565,6.8328,2016,8,3,2016-08,False
2016-08-31,COALINDIA,152.733,153.83,151.406,152.504,3834244,-0.3436,153.024,149.166,137.254,52.3372,1.05225,1.54867,-0.496417,157.675,148.373,6.0788,2016,8,3,2016-08,False
2016-09-01,COALINDIA,152.778,155.019,152.092,154.562,2860233,1.3493,153.295,149.395,137.317,57.5795,1.10774,1.46048,-0.352741,157.614,148.977,5.6343,2016,9,3,2016-09,False
2016-09-02,COALINDIA,154.104,154.173,151.567,151.955,3458571,-1.6864,153.496,149.53,137.396,50.0677,0.930665,1.35452,-0.423852,157.074,149.919,4.6616,2016,9,3,2016-09,False
2016-09-06,COALINDIA,152.527,152.618,148.686,150.378,2989741,-1.0382,153.484,149.634,137.442,46.1438,0.655475,1.21471,-0.559235,157.105,149.862,4.7192,2016,9,3,2016-09,False
2016-09-07,COALINDIA,150.446,152.001,149.577,151.361,2982805,0.6538,153.462,149.805,137.507,48.8349,0.510828,1.07393,-0.563105,157.131,149.793,4.7819,2016,9,3,2016-09,False
2016-09-08,COALINDIA,151.361,152.275,150.355,152.07,2998354,0.4683,153.357,150.029,137.573,50.7458,0.44822,0.94879,-0.50057,157.061,149.653,4.8303,2016,9,3,2016-09,False
2016-09-09,COALINDIA,152.275,152.275,151.155,151.91,2194843,-0.1052,153.225,150.202,137.632,50.2891,0.381296,0.835291,-0.453995,156.939,149.512,4.8474,2016,9,3,2016-09,False
2016-09-12,COALINDIA,149.852,152.275,149.76,151.109,2607009,-0.5268,153.057,150.379,137.69,47.9646,0.260678,0.720369,-0.45969,156.837,149.277,4.9395,2016,9,3,2016-09,False
2016-09-14,COALINDIA,147.977,149.783,147.017,148.32,6425242,-1.846,152.746,150.483,137.735,40.8728,-0.0593116,0.564433,-0.623744,157.006,148.487,5.5775,2016,9,3,2016-09,False
2016-09-15,COALINDIA,148.777,149.486,147.154,148.045,2277264,-0.185,152.425,150.608,137.781,40.2426,-0.331226,0.385301,-0.716527,157.087,147.763,6.1175,2016,9,3,2016-09,False
2016-09-16,COALINDIA,148.709,149.532,147.382,148.411,4151279,0.2471,151.893,150.668,137.829,41.5369,-0.511309,0.205979,-0.717288,155.73,148.057,5.0515,2016,9,3,2016-09,False
2016-09-19,COALINDIA,148.16,150.492,148.16,150.126,2730095,1.1554,151.648,150.726,137.878,47.2999,-0.50978,0.0628272,-0.572607,155.258,148.037,4.7615,2016,9,3,2016-09,False
2016-09-20,COALINDIA,150.355,151.086,149.6,150.56,2955423,0.2894,151.536,150.852,137.927,48.68,-0.468118,-0.0433618,-0.424756,155.134,147.937,4.7496,2016,9,3,2016-09,False
2016-09-21,COALINDIA,150.583,151.795,149.783,151.361,3433714,0.5315,151.446,151.028,137.993,51.2146,-0.366303,-0.10795,-0.258353,154.965,147.928,4.6464,2016,9,3,2016-09,False
2016-09-22,COALINDIA,152.435,152.527,149.372,149.737,2589917,-1.0725,151.236,151.088,138.028,46.227,-0.411859,-0.168732,-0.243127,154.626,147.846,4.4834,2016,9,3,2016-09,False
2016-09-23,COALINDIA,149.6,150.881,149.6,150.172,3605797,0.2901,151.109,151.192,138.072,47.6951,-0.408202,-0.216626,-0.191576,154.457,147.761,4.4309,2016,9,3,2016-09,False
2016-09-26,COALINDIA,150.378,152.778,150.057,152.024,3256853,1.2332,151.136,151.269,138.132,53.5205,-0.252948,-0.22389,-0.0290574,154.504,147.767,4.458,2016,9,3,2016-09,False
2016-09-27,COALINDIA,153.419,154.196,151.818,152.161,3058963,0.0903,151.123,151.343,138.192,53.9299,-0.117482,-0.202609,0.0851268,154.474,147.772,4.4342,2016,9,3,2016-09,False
2016-09-28,COALINDIA,152.161,153.51,149.806,150.195,1620533,-1.2923,150.999,151.431,138.259,47.4762,-0.166868,-0.19546,0.0285927,154.292,147.707,4.3615,2016,9,3,2016-09,False
2016-09-29,COALINDIA,151.041,152.024,147.497,149.829,4747212,-0.2436,150.839,151.486,138.343,46.3646,-0.232841,-0.202937,-0.0299041,154.026,147.653,4.2256,2016,9,3,2016-09,False
2016-09-30,COALINDIA,149.143,150.355,144.913,147.382,4445950,-1.6328,150.583,151.516,138.437,39.6743,-0.477033,-0.257756,-0.219277,154.02,147.146,4.5649,2016,9,3,2016-09,False
2016-10-03,COALINDIA,147.748,150.309,147.017,149.943,3104019,1.7375,150.352,151.504,138.537,48.1139,-0.45864,-0.297933,-0.160707,153.241,147.464,3.8421,2016,10,4,2016-10,False
2016-10-04,COALINDIA,149.989,150.446,146.033,146.834,5945963,-2.0738,150.096,151.392,138.628,40.6729,-0.687052,-0.375756,-0.311295,153.279,146.913,4.2415,2016,10,4,2016-10,False
2016-10-05,COALINDIA,147.291,147.977,145.759,146.902,5316324,0.0467,149.923,151.299,138.702,40.8899,-0.85271,-0.471147,-0.381563,153.406,146.439,4.6474,2016,10,4,2016-10,False
2016-10-06,COALINDIA,147.702,147.702,145.05,145.668,3130353,-0.8405,149.638,151.16,138.773,38.1807,-1.07127,-0.591172,-0.4801,153.533,145.743,5.206,2016,10,4,2016-10,False
2016-10-07,COALINDIA,145.965,146.193,144.341,145.782,2038680,0.0785,149.324,151.08,138.84,38.5863,-1.22119,-0.717175,-0.50401,153.403,145.244,5.4638,2016,10,4,2016-10,False
2016-10-10,COALINDIA,146.331,147.131,145.485,145.828,1976384,0.0314,149.019,151.02,138.908,38.7597,-1.32107,-0.837954,-0.483116,153.193,144.846,5.6011,2016,10,4,2016-10,False
2016-10-13,COALINDIA,145.416,145.828,142.672,144.273,3543786,-1.0662,148.678,150.887,138.968,35.1328,-1.5083,-0.972023,-0.536277,153.233,144.123,6.1274,2016,10,4,2016-10,False
2016-10-14,COALINDIA,144.502,145.508,142.832,143.153,2066659,-0.7765,148.419,150.751,139.017,32.7544,-1.72717,-1.12305,-0.60412,153.603,143.236,6.9848,2016,10,4,2016-10,False
2016-10-17,COALINDIA,143.953,144.684,141.598,142.329,5164144,-0.575,148.133,150.612,139.061,31.0892,-1.94463,-1.28737,-0.657264,153.99,142.277,7.9074,2016,10,4,2016-10,False
2016-10-18,COALINDIA,142.627,143.907,142.489,142.924,3335691,0.4177,147.859,150.516,139.102,33.7104,-2.04542,-1.43898,-0.606444,154.158,141.56,8.5208,2016,10,4,2016-10,False
2016-10-19,COALINDIA,142.672,143.998,142.512,142.924,3410851,0.0,147.499,150.391,139.143,33.7104,-2.10108,-1.5714,-0.529682,154.07,140.928,8.9103,2016,10,4,2016-10,False
2016-10-20,COALINDIA,142.787,143.884,142.764,142.947,1993881,0.016,147.118,150.292,139.178,33.8228,-2.11892,-1.6809,-0.438016,153.824,140.413,9.1155,2016,10,4,2016-10,False
2016-10-21,COALINDIA,142.947,143.678,142.81,143.267,3009896,0.2239,146.714,150.144,139.221,35.4705,-2.08322,-1.76137,-0.32185,153.317,140.11,9.0018,2016,10,4,2016-10,False
2016-10-24,COALINDIA,143.541,147.52,143.061,146.902,2802733,2.5375,146.572,150.047,139.283,50.536,-1.7415,-1.75739,0.015893,153.022,140.122,8.8012,2016,10,4,2016-10,False
2016-10-25,COALINDIA,148.114,148.114,145.439,146.171,2235089,-0.4981,146.372,149.886,139.324,48.102,-1.51229,-1.70837,0.19608,152.596,140.148,8.5046,2016,10,4,2016-10,False
2016-10-26,COALINDIA,145.85,147.062,144.913,146.01,1967319,-0.1095,146.071,149.716,139.356,47.5623,-1.32825,-1.63235,0.3041,151.698,140.444,7.7043,2016,10,4,2016-10,False
2016-10-27,COALINDIA,146.331,146.445,144.204,144.639,2363687,-0.9395,145.695,149.519,139.389,43.099,-1.27835,-1.56155,0.283198,150.562,140.828,6.6815,2016,10,4,2016-10,False
2016-10-28,COALINDIA,144.959,149.532,144.364,148.526,3058160,2.6873,145.612,149.399,139.451,55.7652,-0.914622,-1.43216,0.517542,150.203,141.02,6.307,2016,10,4,2016-10,False
2016-11-01,COALINDIA,149.303,151.498,147.84,150.926,5375999,1.6164,145.666,149.328,139.52,61.4702,-0.427712,-1.23127,0.803561,150.491,140.842,6.6239,2016,11,4,2016-11,False
2016-11-02,COALINDIA,149.097,150.56,147.725,149.966,3362257,-0.6363,145.796,149.147,139.588,58.2348,-0.117964,-1.00861,0.890648,150.941,140.65,7.0586,2016,11,4,2016-11,False
2016-11-03,COALINDIA,149.897,151.361,148.731,149.532,2183816,-0.2897,145.775,149.036,139.665,56.7789,0.0914057,-0.788608,0.880014,150.854,140.696,6.9677,2016,11,4,2016-11,False
2016-11-04,COALINDIA,149.532,149.532,142.81,144.456,3382028,-3.3945,145.656,148.869,139.727,43.1919,-0.150508,-0.660988,0.51048,150.742,140.571,6.983,2016,11,4,2016-11,False
2016-11-07,COALINDIA,145.828,147.474,144.799,146.01,2877174,1.0763,145.612,148.727,139.796,47.348,-0.214303,-0.571651,0.357348,150.667,140.556,6.9433,2016,11,4,2016-11,False
2016-11-08,COALINDIA,146.011,147.268,144.296,144.982,1759612,-0.7047,145.577,148.548,139.858,45.0016,-0.343917,-0.526104,0.182187,150.64,140.514,6.9555,2016,11,4,2016-11,False
2016-11-09,COALINDIA,137.688,146.788,132.292,144.982,4814661,0.0,145.537,148.393,139.917,45.0016,-0.441548,-0.509193,0.0676449,150.606,140.469,6.9654,2016,11,4,2016-11,False
2016-11-10,COALINDIA,147.154,154.242,146.331,152.367,5022605,5.0939,145.864,148.41,140.013,61.0641,0.0761209,-0.39213,0.468251,151.784,139.944,8.1167,2016,11,4,2016-11,False
2016-11-11,COALINDIA,150.835,151.818,146.971,148.183,2674065,-2.7461,146.06,148.326,140.104,51.8284,0.147053,-0.284294,0.431347,152.016,140.103,8.1563,2016,11,4,2016-11,False
2016-11-15,COALINDIA,147.702,150.423,142.672,143.427,3886233,-3.2094,146.073,148.141,140.176,43.7324,-0.178421,-0.263119,0.0846977,152.003,140.144,8.1186,2016,11,4,2016-11,False
2016-11-16,COALINDIA,145.096,145.096,141.323,143.153,3380097,-0.1913,146.115,147.943,140.269,43.312,-0.453277,-0.301151,-0.152126,151.945,140.284,7.9811,2016,11,4,2016-11,False
2016-11-17,COALINDIA,142.101,142.992,138.1,140.317,4774690,-1.9805,145.984,147.7,140.368,39.1268,-0.889621,-0.418845,-0.470776,152.218,139.751,8.5401,2016,11,4,2016-11,False
2016-11-18,COALINDIA,140.477,141.461,139.014,140.249,2226399,-0.0489,145.85,147.413,140.443,39.0286,-1.22682,-0.580439,-0.646378,152.464,139.237,9.0687,2016,11,4,2016-11,False
2016-11-21,COALINDIA,140.249,141.918,136.865,137.528,2929466,-1.94,145.58,147.125,140.494,35.2473,-1.69407,-0.803165,-0.890904,153.078,138.081,10.3022,2016,11,4,2016-11,False
2016-11-22,COALINDIA,138.1,139.449,136.659,138.74,2497312,0.8811,145.353,146.892,140.552,38.1227,-1.94418,-1.03137,-0.912809,153.399,137.307,11.0712,2016,11,4,2016-11,False
2016-11-23,COALINDIA,139.929,140.363,138.168,139.037,1537222,0.2142,144.96,146.646,140.606,38.8401,-2.09426,-1.24395,-0.850317,153.444,136.476,11.7058,2016,11,4,2016-11,False
2016-11-24,COALINDIA,139.014,139.243,136.545,137.345,3596361,-1.2169,144.519,146.351,140.624,36.2628,-2.32296,-1.45975,-0.863208,153.633,135.405,12.6128,2016,11,4,2016-11,False
2016-11-25,COALINDIA,138.282,139.586,137.597,139.128,1621974,1.2985,144.175,146.096,140.633,40.7274,-2.33339,-1.63448,-0.698916,153.567,134.782,13.0289,2016,11,4,2016-11,False
2016-11-28,COALINDIA,139.426,139.791,138.145,139.426,1677056,0.2136,143.914,145.862,140.664,41.4633,-2.29127,-1.76584,-0.525435,153.538,134.289,13.3752,2016,11,4,2016-11,False
2016-11-29,COALINDIA,140.112,143.587,139.929,141.026,3068122,1.1479,143.539,145.716,140.706,45.395,-2.10448,-1.83357,-0.270917,152.99,134.088,13.1681,2016,11,4,2016-11,False
2016-11-30,COALINDIA,142.055,142.078,139.494,141.118,3289134,0.0648,143.048,145.577,140.737,45.6197,-1.92686,-1.85222,-0.0746357,151.883,134.214,12.3517,2016,11,4,2016-11,False
2016-12-01,COALINDIA,141.392,141.895,139.631,140.066,1906398,-0.7453,142.553,145.411,140.756,43.4069,-1.84964,-1.85171,0.00206868,150.849,134.258,11.6384,2016,12,4,2016-12,False
2016-12-02,COALINDIA,140.912,142.535,139.243,139.86,3374258,-0.1469,142.07,145.205,140.779,42.9678,-1.78447,-1.83826,0.0537873,149.758,134.382,10.8229,2016,12,4,2016-12,False
2016-12-05,COALINDIA,139.517,140.455,138.054,139.631,2694582,-0.1635,141.829,144.987,140.831,42.4539,-1.73132,-1.81687,0.0855519,149.504,134.153,10.8237,2016,12,4,2016-12,False
2016-12-06,COALINDIA,140.18,141.529,139.266,139.792,3262885,0.1146,141.518,144.755,140.875,42.9682,-1.65718,-1.78493,0.127757,148.981,134.055,10.5474,2016,12,4,2016-12,False
2016-12-07,COALINDIA,140.226,140.843,139.151,139.609,1896374,-0.1309,141.249,144.553,140.935,42.5007,-1.5948,-1.74691,0.152111,148.573,133.925,10.3699,2016,12,4,2016-12,False
2016-12-08,COALINDIA,140.752,143.427,140.157,142.718,2985532,2.2273,141.136,144.404,141.016,52.0503,-1.27969,-1.65346,0.373769,148.285,133.987,10.1302,2016,12,4,2016-12,False
2016-12-09,COALINDIA,143.107,143.244,139.883,140.134,2583377,-1.8103,140.524,144.166,141.039,45.316,-1.22434,-1.56764,0.343301,145.339,135.709,6.8531,2016,12,4,2016-12,False
2016-12-12,COALINDIA,139.883,141.621,139.311,139.609,1861391,-0.3753,140.096,143.915,141.072,44.0662,-1.20897,-1.4959,0.286938,143.296,136.895,4.5685,2016,12,4,2016-12,False
2016-12-13,COALINDIA,138.603,140.775,138.603,139.906,4145409,0.2129,139.92,143.709,141.118,44.9898,-1.15943,-1.42861,0.269178,142.709,137.13,3.9874,2016,12,4,2016-12,False
2016-12-14,COALINDIA,135.813,136.682,133.092,133.527,7916342,-4.5596,139.438,143.383,141.122,32.5641,-1.61629,-1.46614,-0.150141,143.073,135.804,5.2131,2016,12,4,2016-12,False
2016-12-15,COALINDIA,132.612,134.35,132.292,132.681,2606624,-0.6336,139.056,143.089,141.133,31.3283,-2.02329,-1.57757,-0.445714,143.752,134.361,6.7532,2016,12,4,2016-12,False
2016-12-16,COALINDIA,133.595,133.755,131.286,131.812,4139183,-0.6548,138.635,142.726,141.136,30.0664,-2.38842,-1.73974,-0.648675,144.296,132.974,8.1668,2016,12,4,2016-12,False
2016-12-19,COALINDIA,131.903,132.521,131.012,131.4,2396882,-0.3122,138.328,142.418,141.163,29.4611,-2.68009,-1.92781,-0.752283,144.841,131.816,9.4159,2016,12,4,2016-12,False
2016-12-20,COALINDIA,132.612,133.801,132.246,132.887,2428442,1.131,138.036,142.137,141.211,34.5832,-2.75952,-2.09415,-0.665367,144.982,131.089,10.0643,2016,12,4,2016-12,False
2016-12-21,COALINDIA,133.344,134.67,132.223,133.618,2448452,0.5506,137.765,141.896,141.253,37.0082,-2.73194,-2.22171,-0.510227,144.964,130.565,10.4523,2016,12,4,2016-12,False
2016-12-22,COALINDIA,133.069,133.481,131.263,131.538,1586040,-1.5571,137.474,141.611,141.26,33.2351,-2.84517,-2.3464,-0.498765,145.195,129.754,11.2321,2016,12,4,2016-12,False
2016-12-23,COALINDIA,132.155,132.155,130.783,131.629,1478235,0.0695,137.099,141.327,141.268,33.5556,-2.89417,-2.45595,-0.43821,145.201,128.998,11.8184,2016,12,4,2016-12,False
2016-12-26,COALINDIA,131.88,131.88,129.228,130.326,2446568,-0.9901,136.644,141.049,141.255,31.252,-3.00353,-2.56547,-0.438063,145.205,128.084,12.5295,2016,12,4,2016-12,False
2016-12-27,COALINDIA,129.182,132.726,129.182,132.132,3419419,1.3859,136.2,140.828,141.266,37.6415,-2.91091,-2.63456,-0.276348,144.726,127.674,12.5199,2016,12,4,2016-12,False
2016-12-28,COALINDIA,132.612,135.539,132.018,134.99,3946048,2.163,135.893,140.681,141.285,46.1672,-2.57717,-2.62308,0.0459097,144.11,127.676,12.0928,2016,12,4,2016-12,False
2016-12-29,COALINDIA,133.847,137.962,133.847,136.568,7139986,1.1687,135.718,140.554,141.288,50.2137,-2.16047,-2.53056,0.370086,143.707,127.73,11.7721,2016,12,4,2016-12,False
2016-12-30,COALINDIA,136.27,137.779,135.402,137.185,3733367,0.452,135.584,140.439,141.297,51.7421,-1.76014,-2.37647,0.616338,143.368,127.801,11.4812,2016,12,4,2016-12,False
2017-01-02,COALINDIA,137.208,138.397,135.813,137.208,1729563,0.0167,135.463,140.325,141.309,51.8013,-1.4246,-2.1861,0.761502,143.054,127.872,11.2077,2017,1,1,2017-01,False
2017-01-03,COALINDIA,137.642,140.523,136.956,139.609,1459916,1.7497,135.454,140.251,141.334,57.6574,-0.953966,-1.93967,0.985706,143.024,127.885,11.1767,2017,1,1,2017-01,False
2017-01-04,COALINDIA,139.929,141.758,139.677,139.997,1954806,0.2784,135.474,140.113,141.368,58.5358,-0.54336,-1.66041,1.11705,143.09,127.857,11.2441,2017,1,1,2017-01,False
2017-01-05,COALINDIA,140.432,142.398,140.203,140.98,1845973,0.7023,135.387,140.01,141.394,60.7536,-0.137038,-1.35574,1.2187,142.688,128.085,10.7862,2017,1,1,2017-01,False
2017-01-06,COALINDIA,141.3,142.009,139.471,140.02,940177,-0.6812,135.381,139.89,141.418,57.5175,0.106259,-1.06334,1.1696,142.667,128.095,10.7638,2017,1,1,2017-01,False
2017-01-09,COALINDIA,139.86,139.906,137.002,137.185,1947858,-2.0248,135.26,139.741,141.428,49.1873,0.0695004,-0.836769,0.90627,142.327,128.192,10.45,2017,1,1,2017-01,False
2017-01-10,COALINDIA,137.665,138.671,136.773,137.459,1455309,0.2,135.137,139.519,141.443,49.943,0.0617982,-0.657056,0.718854,141.946,128.329,10.0767,2017,1,1,2017-01,False
2017-01-11,COALINDIA,137.917,145.416,137.917,144.89,7657690,5.4058,135.706,139.399,141.487,65.0851,0.64783,-0.396079,1.04391,143.735,127.676,11.8341,2017,1,1,2017-01,False
2017-01-12,COALINDIA,145.416,145.713,141.986,143.221,2316891,-1.1519,136.233,139.264,141.524,60.6475,0.966447,-0.123574,1.09002,144.793,127.673,12.5666,2017,1,1,2017-01,False
2017-01-13,COALINDIA,144.502,146.011,143.381,144.044,3458448,0.5747,136.844,139.154,141.572,62.0227,1.27072,0.155286,1.11544,145.813,127.876,13.1072,2017,1,1,2017-01,False
2017-01-16,COALINDIA,145.873,145.873,141.918,143.495,3866192,-0.381,137.449,139.135,141.608,60.5046,1.45086,0.4144,1.03646,146.502,128.396,13.1734,2017,1,1,2017-01,False
2017-01-17,COALINDIA,143.838,144.25,139.952,140.386,3759649,-2.167,137.824,139.022,141.639,52.6419,1.3274,0.597001,0.730403,146.701,128.947,12.882,2017,1,1,2017-01,False
2017-01-18,COALINDIA,139.38,141.666,139.266,141.163,3680888,0.5538,138.201,138.946,141.67,54.2429,1.27757,0.733115,0.544455,146.967,129.436,12.6847,2017,1,1,2017-01,False
2017-01-19,COALINDIA,141.301,141.964,140.203,140.546,2434032,-0.4373,138.652,138.857,141.694,52.7188,1.17472,0.821436,0.353283,146.885,130.419,11.876,2017,1,1,2017-01,False
2017-01-20,COALINDIA,140.386,141.003,138.305,138.877,3784930,-1.1876,139.014,138.587,141.72,48.7319,0.9476,0.846668,0.100931,146.555,131.474,10.8485,2017,1,1,2017-01,False
2017-01-23,COALINDIA,138.968,140.02,138.351,138.74,1855848,-0.0988,139.435,138.399,141.758,48.408,0.747918,0.826918,-0.0790001,145.778,133.092,9.0986,2017,1,1,2017-01,False
2017-01-24,COALINDIA,139.243,142.101,138.831,141.506,2508724,1.9941,139.904,138.36,141.814,54.9181,0.803642,0.822263,-0.0186209,145.288,134.519,7.6968,2017,1,1,2017-01,False
2017-01-25,COALINDIA,141.666,145.873,140.615,145.05,5594608,2.5044,140.407,138.398,141.91,61.6022,1.12085,0.881981,0.23887,145.737,135.076,7.5932,2017,1,1,2017-01,False
2017-01-27,COALINDIA,145.416,146.514,144.501,145.302,2607499,0.1734,140.843,138.498,142.006,62.0325,1.37667,0.980918,0.395749,146.28,135.407,7.72,2017,1,1,2017-01,False
2017-01-30,COALINDIA,144.776,145.21,143.313,143.907,1713746,-0.9599,141.179,138.571,142.083,58.1419,1.45014,1.07476,0.375378,146.493,135.865,7.528,2017,1,1,2017-01,False
2017-01-31,COALINDIA,143.313,143.747,138.557,141.392,17232981,-1.7477,141.389,138.648,142.15,51.8294,1.29055,1.11792,0.172633,146.363,136.414,7.0363,2017,1,1,2017-01,False
2017-02-01,COALINDIA,141.758,143.45,140.066,143.153,3168177,1.2451,141.566,138.737,142.225,55.4737,1.29125,1.15259,0.138667,146.525,136.606,7.007,2017,2,1,2017-02,False
2017-02-02,COALINDIA,142.398,147.611,141.186,146.536,3723534,2.3638,141.893,138.887,142.33,61.5024,1.54703,1.23148,0.315552,147.262,136.523,7.5686,2017,2,1,2017-02,False
2017-02-03,COALINDIA,146.536,149.486,146.536,149.143,3778609,1.7788,142.301,139.122,142.441,65.3897,1.93772,1.37272,0.564995,148.548,136.054,8.7797,2017,2,1,2017-02,False
2017-02-06,COALINDIA,149.074,150.446,147.428,148.64,1934568,-0.3373,142.732,139.313,142.554,64.0457,2.18161,1.5345,0.647107,149.485,135.979,9.4627,2017,2,1,2017-02,False
2017-02-07,COALINDIA,149.074,149.303,142.009,144.067,5669911,-3.0764,143.076,139.406,142.637,53.3169,1.98304,1.62421,0.358834,149.321,136.831,8.7302,2017,2,1,2017-02,False
2017-02-08,COALINDIA,143.13,147.474,143.13,147.131,4346528,2.1266,143.559,139.528,142.715,58.351,2.04928,1.70922,0.340054,149.462,137.657,8.2232,2017,2,1,2017-02,False
2017-02-09,COALINDIA,147.291,148.617,145.507,147.314,2390829,0.1243,143.681,139.652,142.794,58.6378,2.09241,1.78586,0.306546,149.794,137.567,8.5097,2017,2,1,2017-02,False
2017-02-10,COALINDIA,148.16,148.731,146.971,148.388,2168081,0.7295,143.939,139.818,142.877,60.3645,2.18808,1.8663,0.321774,150.398,137.48,8.9741,2017,2,1,2017-02,False
2017-02-13,COALINDIA,145.416,147.017,143.953,146.742,4142829,-1.1094,144.074,139.956,142.952,56.4751,2.10678,1.9144,0.192378,150.653,137.495,9.1334,2017,2,1,2017-02,False
2017-02-14,COALINDIA,145.873,146.651,144.159,146.422,2050709,-0.2181,144.22,140.091,143.019,55.7232,1.99353,1.93022,0.0633082,150.875,137.565,9.2289,2017,2,1,2017-02,False
2017-02-15,COALINDIA,146.765,147.611,145.073,146.308,2649600,-0.0781,144.516,140.222,143.098,55.4394,1.87297,1.91877,-0.0458009,150.977,138.056,8.9413,2017,2,1,2017-02,False
2017-02-16,COALINDIA,145.187,145.873,144.41,145.553,2703863,-0.5157,144.736,140.341,143.168,53.5023,1.69699,1.87442,-0.177429,151.013,138.459,8.6735,2017,2,1,2017-02,False
2017-02-17,COALINDIA,146.331,146.331,142.215,144.616,4292500,-0.6441,144.939,140.379,143.231,51.1124,1.46498,1.79253,-0.327549,150.9,138.978,8.2253,2017,2,1,2017-02,False
2017-02-20,COALINDIA,144.616,146.742,143.633,146.285,2429373,1.1542,145.31,140.502,143.324,54.969,1.39966,1.71396,-0.314294,150.563,140.056,7.2305,2017,2,1,2017-02,False
2017-02-21,COALINDIA,146.559,146.971,145.005,146.148,1678198,-0.0938,145.68,140.632,143.415,54.588,1.32159,1.63548,-0.313889,149.932,141.428,5.8376,2017,2,1,2017-02,False
2017-02-22,COALINDIA,147.382,150.766,146.582,150.149,3479768,2.7378,146.112,140.837,143.521,62.7099,1.56456,1.6213,-0.0567414,150.335,141.89,5.78,2017,2,1,2017-02,False
2017-02-23,COALINDIA,150.721,151.818,148.846,149.852,9869639,-0.198,146.352,141.164,143.626,61.8252,1.71337,1.63971,0.0736561,150.857,141.847,6.1563,2017,2,1,2017-02,False
2017-02-27,COALINDIA,150.903,151.955,149.852,150.881,5619203,0.6866,146.631,141.528,143.727,63.7324,1.89251,1.69027,0.20224,151.536,141.727,6.6892,2017,2,1,2017-02,False
2017-02-28,COALINDIA,150.903,151.544,146.376,147.199,5247380,-2.4398,146.796,141.836,143.812,53.4448,1.71765,1.69575,0.0218986,151.533,142.059,6.4544,2017,2,1,2017-02,False
2017-03-01,COALINDIA,147.702,148.388,145.69,146.422,4131446,-0.5281,147.047,142.136,143.895,51.5524,1.49905,1.65641,-0.157354,151.055,143.04,5.4503,2017,3,1,2017-03,False
2017-03-02,COALINDIA,145.576,149.234,145.576,146.971,4008179,0.3748,147.238,142.418,143.981,52.8224,1.35449,1.59602,-0.241538,150.804,143.673,4.843,2017,3,1,2017-03,False
2017-03-03,COALINDIA,147.245,148.343,146.559,146.902,2402666,-0.0467,147.257,142.683,144.072,52.6366,1.22031,1.52088,-0.30057,150.811,143.703,4.8269,2017,3,1,2017-03,False
2017-03-06,COALINDIA,148.617,149.943,146.605,147.657,4040938,0.5136,147.182,143.006,144.163,54.5306,1.16147,1.449,-0.287527,150.631,143.734,4.686,2017,3,1,2017-03,False
2017-03-07,COALINDIA,148.617,149.189,146.925,147.611,4787611,-0.031,147.131,143.325,144.252,54.3885,1.09849,1.3789,-0.280409,150.518,143.744,4.6042,2017,3,1,2017-03,False
2017-03-08,COALINDIA,148.617,148.937,146.01,146.422,4290085,-0.8055,147.249,143.647,144.335,50.6936,0.94178,1.29147,-0.349694,150.338,144.159,4.196,2017,3,1,2017-03,False
2017-03-09,COALINDIA,146.033,146.285,145.21,145.462,4365909,-0.6558,147.165,143.914,144.422,47.8653,0.731667,1.17951,-0.447846,150.356,143.974,4.3368,2017,3,1,2017-03,False
2017-03-10,COALINDIA,146.125,146.331,144.159,144.639,5243694,-0.5659,147.031,144.107,144.507,45.5208,0.493049,1.04222,-0.549171,150.415,143.648,4.6023,2017,3,1,2017-03,False
2017-03-14,COALINDIA,146.802,146.802,142.864,143.375,9137462,-0.8738,146.781,144.243,144.583,42.1102,0.199658,0.873707,-0.67405,150.47,143.092,5.0268,2017,3,1,2017-03,False
2017-03-15,COALINDIA,144.128,144.347,141.941,142.281,6245963,-0.7628,146.558,144.345,144.655,39.3617,-0.119729,0.67502,-0.794749,150.76,142.355,5.7352,2017,3,1,2017-03,False
2017-03-16,COALINDIA,143.205,143.642,141.552,141.917,8597054,-0.2562,146.332,144.439,144.722,38.4606,-0.39768,0.46048,-0.85816,151.021,141.644,6.4077,2017,3,1,2017-03,False
2017-03-17,COALINDIA,142.889,143.205,140.094,140.604,9065938,-0.9248,146.047,144.459,144.783,35.3252,-0.715615,0.225261,-0.940876,151.39,140.704,7.3165,2017,3,1,2017-03,False
2017-03-20,COALINDIA,140.969,142.135,140.021,141.844,7075100,0.8816,145.862,144.496,144.849,40.2772,-0.857671,0.00867464,-0.866346,151.525,140.199,7.7648,2017,3,1,2017-03,False
2017-03-21,COALINDIA,142.427,143.302,141.455,142.062,6910712,0.1542,145.734,144.518,144.89,41.1337,-0.941746,-0.18141,-0.760337,151.626,139.842,8.0856,2017,3,1,2017-03,False
2017-03-22,COALINDIA,141.455,142.573,140.726,142.014,4830714,-0.0342,145.521,144.557,144.934,40.993,-1.00076,-0.34528,-0.655481,151.634,139.407,8.4018,2017,3,1,2017-03,False
2017-03-23,COALINDIA,142.111,144.347,142.087,143.837,11221222,1.2836,145.405,144.69,144.974,48.1547,-0.890182,-0.45426,-0.435922,151.555,139.254,8.4598,2017,3,1,2017-03,False
2017-03-24,COALINDIA,144.857,145.83,143.715,144.784,9643952,0.659,145.137,144.837,144.995,51.4543,-0.717786,-0.506965,-0.210821,150.87,139.404,7.9003,2017,3,1,2017-03,False
2017-03-27,COALINDIA,142.646,142.646,141.187,141.698,5001302,-2.1319,144.729,144.773,144.997,42.0658,-0.820768,-0.569726,-0.251042,150.204,139.254,7.5662,2017,3,1,2017-03,False
2017-03-28,COALINDIA,141.892,142.135,140.774,141.139,5418025,-0.3945,144.242,144.731,145.003,40.6201,-0.936697,-0.64312,-0.293577,149.113,139.371,6.7539,2017,3,1,2017-03,False
2017-03-29,COALINDIA,141.212,143.205,141.066,142.962,5756051,1.2916,144.03,144.71,145.015,47.0143,-0.871433,-0.688783,-0.182651,148.725,139.335,6.5192,2017,3,1,2017-03,False
2017-03-30,COALINDIA,143.642,143.642,140.483,140.726,7141482,-1.5641,143.745,144.654,145.017,41.1594,-0.988744,-0.748775,-0.239969,148.519,138.971,6.6427,2017,3,1,2017-03,False
2017-03-31,COALINDIA,140.969,143.01,140.774,142.257,7016938,1.0881,143.51,144.692,145.012,46.1087,-0.947239,-0.788468,-0.158771,148.074,138.945,6.3614,2017,3,1,2017-03,False
2017-04-03,COALINDIA,142.257,143.521,141.455,143.399,3252869,0.803,143.334,144.737,145.028,49.52,-0.812803,-0.793335,-0.0194681,147.611,139.058,5.9667,2017,4,2,2017-04,False
2017-04-05,COALINDIA,144.274,144.274,140.871,140.993,7897483,-1.678,143.001,144.746,145.028,43.3021,-0.890158,-0.812699,-0.0774589,146.879,139.123,5.4238,2017,4,2,2017-04,False
2017-04-06,COALINDIA,140.871,140.871,138.903,139.219,8564973,-1.2584,142.582,144.752,145.018,39.376,-1.08216,-0.866591,-0.215565,146.164,138.999,5.0256,2017,4,2,2017-04,False
2017-04-07,COALINDIA,139.121,139.121,136.156,138.003,11862350,-0.8729,142.161,144.738,145.0,36.9077,-1.31719,-0.95671,-0.360479,145.821,138.5,5.1495,2017,4,2,2017-04,False
2017-04-10,COALINDIA,138.49,140.288,138.417,139.389,5200102,1.0038,141.857,144.695,144.993,41.4162,-1.37581,-1.04053,-0.33528,145.369,138.345,4.9511,2017,4,2,2017-04,False
2017-04-11,COALINDIA,139.267,141.163,139.097,140.434,4064823,0.7498,141.647,144.603,144.979,44.6307,-1.32269,-1.09696,-0.225726,144.955,138.339,4.671,2017,4,2,2017-04,False
2017-04-12,COALINDIA,140.118,141.868,139.996,140.969,4747753,0.3807,141.526,144.516,144.97,46.2555,-1.22334,-1.12224,-0.101104,144.744,138.309,4.5465,2017,4,2,2017-04,False
2017-04-13,COALINDIA,140.434,141.722,140.264,141.479,3847263,0.3621,141.486,144.468,144.962,47.8294,-1.09085,-1.11596,0.0251127,144.684,138.289,4.52,2017,4,2,2017-04,False
2017-04-17,COALINDIA,141.455,141.455,138.635,138.927,1515055,-1.8038,141.337,144.418,144.93,41.3149,-1.17819,-1.12841,-0.0497851,144.724,137.95,4.7926,2017,4,2,2017-04,False
2017-04-18,COALINDIA,137.566,138.295,135.476,135.743,4906059,-2.2918,141.094,144.27,144.883,34.9239,-1.48718,-1.20016,-0.287022,145.3,136.887,5.963,2017,4,2,2017-04,False
2017-04-19,COALINDIA,135.378,137.76,134.212,137.42,3993645,1.2354,140.873,144.088,144.856,40.1734,-1.57854,-1.27584,-0.302706,145.369,136.377,6.3829,2017,4,2,2017-04,False
2017-04-20,COALINDIA,138.003,138.052,135.184,135.816,3833330,-1.1673,140.56,143.821,144.831,37.0913,-1.7601,-1.37269,-0.387407,145.549,135.572,7.0984,2017,4,2,2017-04,False
2017-04-21,COALINDIA,136.569,136.934,134.358,134.649,3533868,-0.859,140.192,143.542,144.788,34.9889,-1.97535,-1.49322,-0.482125,145.78,134.604,7.9722,2017,4,2,2017-04,False
2017-04-24,COALINDIA,135.84,135.84,134.309,134.722,4077534,0.0541,139.736,143.355,144.75,35.2359,-2.11566,-1.61771,-0.497952,145.555,133.918,8.3279,2017,4,2,2017-04,False
2017-04-25,COALINDIA,135.135,135.573,134.722,135.281,2431359,0.4149,139.261,143.118,144.711,37.2063,-2.15689,-1.72555,-0.431348,144.893,133.629,8.0883,2017,4,2,2017-04,False
2017-04-26,COALINDIA,135.573,136.448,134.163,134.479,2868393,-0.5929,138.9,142.861,144.675,35.5358,-2.2286,-1.82616,-0.402442,144.794,133.007,8.4861,2017,4,2,2017-04,False
2017-04-27,COALINDIA,134.576,135.087,132.754,133.264,2586925,-0.9037,138.507,142.558,144.614,33.11,-2.35632,-1.93219,-0.424133,144.808,132.205,9.0999,2017,4,2,2017-04,False
2017-04-28,COALINDIA,133.264,135.257,133.264,134.479,2235812,0.9119,138.082,142.313,144.55,37.6906,-2.3326,-2.01227,-0.320325,144.262,131.902,8.9513,2017,4,2,2017-04,False
2017-05-02,COALINDIA,135.476,135.476,133.118,133.458,2101731,-0.7591,137.719,142.054,144.496,35.492,-2.36886,-2.08359,-0.285267,144.096,131.342,9.2611,2017,5,2,2017-05,False
2017-05-03,COALINDIA,134.844,136.205,133.677,135.889,2622769,1.8211,137.401,141.846,144.463,43.8853,-2.17639,-2.10215,-0.0742383,143.451,131.35,8.8074,2017,5,2,2017-05,False
2017-05-04,COALINDIA,136.108,136.885,135.622,136.229,2230934,0.2504,137.042,141.659,144.41,44.965,-1.97364,-2.07645,0.102804,142.407,131.677,7.8298,2017,5,2,2017-05,False
2017-05-05,COALINDIA,137.08,138.271,135.16,135.379,5125398,-0.6244,136.761,141.474,144.362,42.7506,-1.86016,-2.03319,0.173025,141.836,131.687,7.4207,2017,5,2,2017-05,False
2017-05-08,COALINDIA,136.594,136.594,135.233,135.67,1671179,0.2154,136.584,141.262,144.3,43.773,-1.72679,-1.97191,0.245116,141.543,131.625,7.2621,2017,5,2,2017-05,False
2017-05-09,COALINDIA,135.816,136.181,134.163,135.208,2466355,-0.3404,136.444,141.043,144.233,42.4793,-1.63946,-1.90542,0.265958,141.393,131.496,7.2536,2017,5,2,2017-05,False
2017-05-10,COALINDIA,134.99,135.767,134.698,135.403,1433509,0.1438,136.245,140.748,144.181,43.2399,-1.53685,-1.83171,0.29486,141.012,131.478,6.9976,2017,5,2,2017-05,False
2017-05-11,COALINDIA,136.059,136.108,133.07,133.288,4892432,-1.5616,135.888,140.417,144.112,37.4418,-1.60761,-1.78689,0.179276,140.397,131.379,6.6366,2017,5,2,2017-05,False
2017-05-12,COALINDIA,133.483,135.16,133.483,134.455,2692014,0.8752,135.562,140.089,144.055,42.0581,-1.55167,-1.73984,0.188173,139.42,131.704,5.6917,2017,5,2,2017-05,False
2017-05-15,COALINDIA,134.771,135.379,134.771,135.014,2531633,0.4158,135.239,139.845,143.978,44.1837,-1.44557,-1.68099,0.235422,137.91,132.567,3.9504,2017,5,2,2017-05,False
2017-05-16,COALINDIA,134.844,134.99,133.434,134.139,2258317,-0.6481,134.999,139.599,143.886,41.6107,-1.41576,-1.62794,0.212182,137.069,132.929,3.0668,2017,5,2,2017-05,False
2017-05-17,COALINDIA,133.774,135.135,133.677,134.333,2146326,0.1449,134.929,139.346,143.8,42.4132,-1.36077,-1.57451,0.213742,136.988,132.869,3.0526,2017,5,2,2017-05,False
2017-05-18,COALINDIA,133.677,135.33,133.677,134.382,1619249,0.0362,134.777,139.096,143.709,42.6255,-1.29829,-1.51927,0.220971,136.48,133.074,2.5272,2017,5,2,2017-05,False
2017-05-19,COALINDIA,135.33,137.882,134.042,134.285,4250348,-0.0723,134.7,138.829,143.632,42.2897,-1.24231,-1.46387,0.221565,136.343,133.057,2.4395,2017,5,2,2017-05,False
2017-05-22,COALINDIA,134.82,135.014,132.948,133.118,1557880,-0.8687,134.624,138.539,143.553,38.382,-1.27735,-1.42657,0.149219,136.413,132.835,2.6581,2017,5,2,2017-05,False
2017-05-23,COALINDIA,133.142,133.58,129.861,130.202,2984399,-2.191,134.398,138.214,143.449,30.7355,-1.52291,-1.44584,-0.0770738,137.063,131.733,3.9655,2017,5,2,2017-05,False
2017-05-24,COALINDIA,130.42,131.368,126.872,127.236,3021594,-2.2774,133.996,137.85,143.336,25.2318,-1.93449,-1.54357,-0.390921,138.125,129.866,6.1636,2017,5,2,2017-05,False
2017-05-25,COALINDIA,128.233,129.424,127.722,129.035,4127507,1.4136,133.723,137.538,143.234,33.0614,-2.09143,-1.65314,-0.43829,138.4,129.047,6.9947,2017,5,2,2017-05,False
2017-05-26,COALINDIA,129.302,130.882,129.254,130.396,1843278,1.0548,133.58,137.278,143.148,38.3249,-2.08198,-1.73891,-0.343071,138.486,128.674,7.3459,2017,5,2,2017-05,False
2017-05-29,COALINDIA,131.247,131.733,129.181,129.934,3299175,-0.3542,133.353,137.031,143.052,37.2546,-2.08769,-1.80866,-0.279023,138.499,128.207,7.718,2017,5,2,2017-05,False
2017-05-30,COALINDIA,126.288,130.566,126.143,130.129,4782782,0.1497,133.186,136.795,142.963,38.0394,-2.05285,-1.8575,-0.195353,138.53,127.843,8.0239,2017,5,2,2017-05,False
2017-05-31,COALINDIA,130.274,130.712,127.358,127.625,3555129,-1.9238,132.773,136.536,142.848,32.4182,-2.20187,-1.92638,-0.275498,138.501,127.045,8.6277,2017,5,2,2017-05,False
2017-06-01,COALINDIA,127.844,129.351,127.722,128.986,1289229,1.0665,132.411,136.279,142.734,37.7999,-2.18496,-1.97809,-0.206865,138.134,126.687,8.6449,2017,6,2,2017-06,False
2017-06-02,COALINDIA,128.986,131.368,128.986,130.663,2602919,1.3001,132.175,136.051,142.616,43.744,-2.01303,-1.98508,-0.0279474,137.771,126.579,8.4671,2017,6,2,2017-06,False
2017-06-05,COALINDIA,130.007,130.226,128.184,128.597,3033579,-1.5811,131.821,135.782,142.486,38.8221,-2.02018,-1.9921,-0.0280825,137.381,126.262,8.435,2017,6,2,2017-06,False
2017-06-06,COALINDIA,128.816,128.962,127.358,127.504,1340588,-0.8505,131.436,135.456,142.352,36.4818,-2.09002,-2.01168,-0.078333,137.075,125.798,8.58,2017,6,2,2017-06,False
2017-06-07,COALINDIA,127.844,128.816,127.601,128.525,1618299,0.8006,131.092,135.131,142.221,40.1107,-2.03948,-2.01724,-0.0222358,136.548,125.636,8.3239,2017,6,2,2017-06,False
2017-06-08,COALINDIA,128.622,128.695,127.406,127.795,1404808,-0.5673,130.818,134.853,142.088,38.4221,-2.03481,-2.02076,-0.0140517,136.361,125.275,8.4742,2017,6,2,2017-06,False
2017-06-09,COALINDIA,128.33,128.573,126.872,127.115,1744203,-0.5325,130.451,134.572,141.928,36.8623,-2.06225,-2.02905,-0.0331942,135.951,124.95,8.4334,2017,6,2,2017-06,False
2017-06-12,COALINDIA,127.334,127.601,126.434,126.531,1675846,-0.4589,130.027,134.243,141.786,35.531,-2.10678,-2.0446,-0.0621784,135.351,124.702,8.1899,2017,6,2,2017-06,False
2017-06-13,COALINDIA,126.386,126.58,125.656,125.924,1732288,-0.4802,129.616,133.947,141.652,34.1473,-2.16613,-2.0689,-0.0972243,134.872,124.36,8.1098,2017,6,2,2017-06,False
2017-06-14,COALINDIA,126.143,126.264,124.49,124.952,1887257,-0.772,129.147,133.601,141.511,32.0002,-2.2655,-2.10822,-0.157274,134.303,123.99,7.9858,2017,6,2,2017-06,False
2017-06-15,COALINDIA,124.83,124.903,122.983,123.566,3324587,-1.1087,128.606,133.205,141.359,29.1842,-2.42805,-2.17219,-0.25586,133.719,123.493,7.9519,2017,6,2,2017-06,False
2017-06-16,COALINDIA,123.907,125.025,123.445,124.295,3283821,0.5901,128.106,132.871,141.217,32.5488,-2.46956,-2.23166,-0.2379,132.82,123.393,7.3588,2017,6,2,2017-06,False
2017-06-19,COALINDIA,124.563,124.903,122.254,123.445,2412135,-0.6844,127.623,132.555,141.076,30.7153,-2.54181,-2.29369,-0.248115,132.153,123.093,7.0989,2017,6,2,2017-06,False
2017-06-20,COALINDIA,123.688,123.955,122.983,123.25,1052345,-0.1575,127.275,132.26,140.931,30.2952,-2.58496,-2.35195,-0.233011,132.033,122.517,7.4763,2017,6,2,2017-06,False
2017-06-21,COALINDIA,123.323,123.348,121.573,121.743,3289233,-1.2226,127.001,131.907,140.776,27.1916,-2.70951,-2.42346,-0.286052,132.363,121.638,8.4454,2017,6,2,2017-06,False
2017-06-22,COALINDIA,121.768,122.327,119.191,119.434,3230390,-1.8966,126.521,131.487,140.608,23.2595,-2.96041,-2.53085,-0.429562,132.763,120.278,9.8682,2017,6,2,2017-06,False
2017-06-23,COALINDIA,119.434,120.455,118.171,119.046,3623117,-0.3256,125.953,131.049,140.441,22.665,-3.15427,-2.65553,-0.498736,132.751,119.155,10.7949,2017,6,2,2017-06,False
2017-06-27,COALINDIA,119.143,119.872,118.608,118.778,2074212,-0.2246,125.395,130.595,140.262,22.2441,-3.29153,-2.78273,-0.5088,132.634,118.156,11.5463,2017,6,2,2017-06,False
2017-06-28,COALINDIA,119.58,120.164,118.875,119.459,3526585,0.5729,124.862,130.205,140.099,26.0108,-3.30728,-2.88764,-0.419637,132.204,117.519,11.7608,2017,6,2,2017-06,False
2017-06-29,COALINDIA,119.969,120.455,118.9,119.167,2498353,-0.2441,124.439,129.874,139.943,25.4419,-3.30519,-2.97115,-0.334039,132.079,116.798,12.2799,2017,6,2,2017-06,False
2017-06-30,COALINDIA,118.948,119.532,118.365,118.73,2375289,-0.3671,123.926,129.5,139.78,24.5738,-3.30079,-3.03708,-0.263709,131.658,116.194,12.4778,2017,6,2,2017-06,False
2017-07-03,COALINDIA,119.264,121.282,117.928,120.966,2347837,1.8833,123.441,129.203,139.625,36.5001,-3.08135,-3.04593,-0.0354153,130.588,116.294,11.5794,2017,7,3,2017-07,False
2017-07-04,COALINDIA,121.768,121.768,119.678,119.945,1760337,-0.8439,123.008,128.909,139.465,33.8673,-2.95574,-3.02789,0.0721549,129.883,116.134,11.1781,2017,7,3,2017-07,False
2017-07-05,COALINDIA,120.941,121.039,119.702,120.309,1260907,0.3039,122.649,128.621,139.311,35.6524,-2.79456,-2.98123,0.186666,129.282,116.016,10.8167,2017,7,3,2017-07,False
2017-07-06,COALINDIA,120.309,122.886,120.115,122.23,2797532,1.596,122.334,128.36,139.18,44.1961,-2.48327,-2.88164,0.398369,128.363,116.305,9.857,2017,7,3,2017-07,False
2017-07-07,COALINDIA,121.549,122.959,121.549,122.059,1762982,-0.1392,122.047,128.111,139.05,43.6431,-2.22465,-2.75024,0.525591,127.501,116.594,8.9369,2017,7,3,2017-07,False
2017-07-10,COALINDIA,123.202,126.07,123.202,125.802,717269,3.0665,121.982,127.962,138.937,56.5288,-1.69809,-2.53981,0.84172,127.205,116.758,8.5646,2017,7,3,2017-07,False
2017-07-11,COALINDIA,125.9,126.337,123.348,123.712,1813885,-1.6615,121.841,127.747,138.805,49.6954,-1.43293,-2.31843,0.885502,126.686,116.996,7.9532,2017,7,3,2017-07,False
2017-07-12,COALINDIA,123.955,124.806,123.032,123.202,2640999,-0.4126,121.705,127.542,138.668,48.1643,-1.24957,-2.10466,0.855087,126.208,117.202,7.3999,2017,7,3,2017-07,False
2017-07-13,COALINDIA,123.566,124.344,122.424,123.299,2303738,0.0789,121.622,127.29,138.528,48.4898,-1.08392,-1.90051,0.81659,125.93,117.313,7.0852,2017,7,3,2017-07,False
2017-07-14,COALINDIA,123.445,123.615,120.601,121.743,2907464,-1.2616,121.531,127.0,138.388,43.755,-1.06587,-1.73359,0.667711,125.742,117.319,6.9306,2017,7,3,2017-07,False
2017-07-17,COALINDIA,121.889,122.011,119.605,120.066,4445325,-1.3775,121.319,126.694,138.238,39.2995,-1.17337,-1.62154,0.448174,125.368,117.271,6.674,2017,7,3,2017-07,False
2017-07-18,COALINDIA,120.796,121.184,119.459,120.796,5338825,0.6073,121.187,126.396,138.081,42.0618,-1.18605,-1.53444,0.348392,125.114,117.26,6.4812,2017,7,3,2017-07,False
2017-07-19,COALINDIA,120.577,124.757,120.577,123.809,4270908,2.495,121.215,126.168,137.94,51.8215,-0.942052,-1.41597,0.473913,125.211,117.218,6.5939,2017,7,3,2017-07,False
2017-07-20,COALINDIA,123.809,125.657,123.591,124.101,3923545,0.2356,121.333,125.942,137.809,52.6527,-0.716883,-1.27615,0.559266,125.529,117.137,6.9167,2017,7,3,2017-07,False
2017-07-21,COALINDIA,123.955,127.82,123.518,127.528,7715255,2.7614,121.737,125.827,137.698,61.1369,-0.258923,-1.0727,0.813781,126.661,116.814,8.0885,2017,7,3,2017-07,False
2017-07-24,COALINDIA,127.844,128.938,126.434,127.139,3359835,-0.3049,122.142,125.681,137.597,59.8271,0.0718115,-0.843801,0.915612,127.449,116.835,8.6904,2017,7,3,2017-07,False
2017-07-25,COALINDIA,127.358,127.528,125.292,125.559,1812135,-1.2426,122.481,125.492,137.475,54.6988,0.204087,-0.634223,0.83831,127.75,117.212,8.6034,2017,7,3,2017-07,False
2017-07-26,COALINDIA,125.608,127.309,125.438,126.702,2199360,0.9098,122.843,125.343,137.374,57.5334,0.396524,-0.428074,0.824598,128.232,117.455,8.7728,2017,7,3,2017-07,False
2017-07-27,COALINDIA,127.163,127.455,123.712,124.077,1950819,-2.0717,123.089,125.138,137.26,49.8194,0.333378,-0.275784,0.609161,128.213,117.965,8.3259,2017,7,3,2017-07,False
2017-07-28,COALINDIA,123.566,124.733,121.525,122.278,2641938,-1.4496,123.266,124.896,137.143,45.3342,0.136628,-0.193301,0.329929,127.984,118.548,7.6554,2017,7,3,2017-07,False
2017-07-31,COALINDIA,122.497,122.667,120.552,121.087,3580763,-0.974,123.272,124.632,137.019,42.5994,-0.114082,-0.177457,0.0633757,127.978,118.566,7.6352,2017,7,3,2017-07,False
2017-08-01,COALINDIA,121.476,123.226,121.257,122.23,5248187,0.9434,123.386,124.414,136.901,45.9666,-0.218078,-0.185581,-0.0324965,127.857,118.915,7.2472,2017,8,3,2017-08,False
2017-08-02,COALINDIA,122.473,123.177,121.039,121.938,3701093,-0.2386,123.468,124.249,136.79,45.2369,-0.32034,-0.212533,-0.107807,127.759,119.177,6.9504,2017,8,3,2017-08,False
2017-08-03,COALINDIA,122.302,122.4,117.198,117.514,9661464,-3.6276,123.232,124.054,136.662,35.9235,-0.749679,-0.319962,-0.429717,128.264,118.201,8.1659,2017,8,3,2017-08,False
2017-08-04,COALINDIA,117.636,121.622,115.91,121.136,6573068,3.0817,123.186,123.896,136.556,45.7676,-0.788623,-0.413695,-0.374928,128.279,118.093,8.2694,2017,8,3,2017-08,False
2017-08-07,COALINDIA,121.427,123.08,120.844,122.254,3336900,0.923,123.008,123.734,136.452,48.4031,-0.720958,-0.475147,-0.245811,127.963,118.054,8.0563,2017,8,3,2017-08,False
2017-08-08,COALINDIA,120.747,121.986,118.219,119.118,3335671,-2.5647,122.779,123.517,136.333,42.2084,-0.909844,-0.562087,-0.347758,128.014,117.543,8.5284,2017,8,3,2017-08,False
2017-08-09,COALINDIA,119.046,119.24,117.198,117.879,1801736,-1.0406,122.513,123.272,136.208,40.0274,-1.14634,-0.678938,-0.467407,128.181,116.844,9.2534,2017,8,3,2017-08,False
2017-08-10,COALINDIA,117.247,117.757,115.448,116.153,2764860,-1.4639,122.155,123.043,136.072,37.1495,-1.45623,-0.834397,-0.621834,128.478,115.833,10.3518,2017,8,3,2017-08,False
2017-08-11,COALINDIA,115.205,116.858,113.601,114.671,3335287,-1.2764,121.802,122.756,135.911,34.8322,-1.80069,-1.02766,-0.773038,128.958,114.646,11.7502,2017,8,3,2017-08,False
2017-08-14,COALINDIA,115.011,117.101,114.792,115.764,3086137,0.9538,121.587,122.458,135.759,37.9091,-1.9628,-1.21469,-0.748118,129.206,113.967,12.533,2017,8,3,2017-08,False
2017-08-16,COALINDIA,115.205,116.615,113.99,115.667,7864893,-0.084,121.33,122.2,135.607,37.7386,-2.0752,-1.38679,-0.688411,129.394,113.267,13.2919,2017,8,3,2017-08,False
2017-08-17,COALINDIA,116.372,121.209,115.23,120.042,20945037,3.7823,121.142,122.051,135.484,48.8842,-1.79062,-1.46755,-0.323062,129.137,113.146,13.2001,2017,8,3,2017-08,False
2017-08-18,COALINDIA,119.823,120.504,117.49,118.292,3442524,-1.4578,120.851,121.846,135.333,45.3844,-1.68684,-1.51141,-0.175432,128.816,112.887,13.1811,2017,8,3,2017-08,False
2017-08-21,COALINDIA,118.608,121.233,115.473,115.91,6555861,-2.0136,120.271,121.608,135.158,41.074,-1.77633,-1.56439,-0.211931,127.871,112.67,12.6396,2017,8,3,2017-08,False
2017-08-22,COALINDIA,116.931,118.146,115.959,116.931,3428907,0.8807,119.76,121.405,134.993,43.5486,-1.74476,-1.60047,-0.14429,126.767,112.754,11.7009,2017,8,3,2017-08,False
2017-08-23,COALINDIA,117.782,117.879,116.421,117.198,3693013,0.2286,119.342,121.218,134.831,44.2094,-1.67881,-1.61614,-0.0626769,125.873,112.811,10.9454,2017,8,3,2017-08,False
2017-08-24,COALINDIA,117.83,118.025,116.469,117.296,3835139,0.083,118.872,121.045,134.696,44.4639,-1.60026,-1.61296,0.0127005,124.458,113.286,9.3986,2017,8,3,2017-08,False
2017-08-28,COALINDIA,117.636,118.754,117.417,118.414,2231233,0.9532,118.589,120.915,134.558,47.4345,-1.43129,-1.57663,0.145333,123.609,113.568,8.4675,2017,8,3,2017-08,False
2017-08-29,COALINDIA,117.879,117.879,115.691,115.813,3051560,-2.1962,118.265,120.76,134.412,41.8297,-1.49006,-1.55931,0.0692558,123.116,113.415,8.2022,2017,8,3,2017-08,False
2017-08-30,COALINDIA,117.125,117.83,116.25,117.539,3263209,1.49,118.088,120.624,134.274,46.3589,-1.38146,-1.52374,0.142284,122.76,113.416,7.9126,2017,8,3,2017-08,False
2017-08-31,COALINDIA,117.393,117.393,114.646,115.4,8401866,-1.8197,117.746,120.464,134.09,41.9945,-1.45125,-1.50924,0.0579945,122.133,113.359,7.4516,2017,8,3,2017-08,False
2017-09-01,COALINDIA,115.716,116.858,115.716,116.007,2197715,0.5266,117.45,120.319,133.929,43.6185,-1.44092,-1.49558,0.0546611,121.427,113.473,6.7717,2017,9,3,2017-09,False
2017-09-04,COALINDIA,116.178,120.164,116.153,119.823,8269444,3.2893,117.565,120.28,133.811,52.5944,-1.112,-1.41886,0.30686,121.682,113.449,7.0023,2017,9,3,2017-09,False
2017-09-05,COALINDIA,119.823,123.809,118.9,123.396,9538135,2.9817,117.678,120.359,133.712,59.1516,-0.556624,-1.24642,0.689792,122.3,113.056,7.8552,2017,9,3,2017-09,False
2017-09-06,COALINDIA,122.278,125.195,122.035,124.344,4237130,0.7682,117.783,120.465,133.632,60.7046,-0.0395368,-1.00504,0.965504,122.908,112.658,8.702,2017,9,3,2017-09,False
2017-09-07,COALINDIA,125.754,125.851,122.327,123.129,5398987,-0.9773,117.983,120.552,133.546,57.6771,0.269095,-0.750213,1.01931,123.617,112.35,9.5494,2017,9,3,2017-09,False
2017-09-08,COALINDIA,123.129,124.368,122.278,123.955,3749501,0.6712,118.287,120.642,133.479,59.1683,0.573756,-0.485419,1.05918,124.52,112.054,10.5389,2017,9,3,2017-09,False
2017-09-11,COALINDIA,124.684,126.191,124.077,124.952,3525110,0.8039,118.727,120.758,133.41,60.9549,0.885403,-0.211255,1.09666,125.541,111.913,11.4781,2017,9,3,2017-09,False
2017-09-12,COALINDIA,124.49,125.559,123.177,125.195,3752410,0.1945,119.253,120.887,133.34,61.3986,1.13887,0.0587704,1.0801,126.367,112.14,11.9304,2017,9,3,2017-09,False
2017-09-13,COALINDIA,124.927,126.24,124.004,124.611,3956139,-0.4659,119.696,120.96,133.277,59.6469,1.27795,0.302606,0.975341,126.994,112.398,12.1944,2017,9,3,2017-09,False
2017-09-14,COALINDIA,124.247,125.511,123.493,123.979,5756534,-0.5071,120.111,121.041,133.201,57.7256,1.32194,0.506472,0.815464,127.39,112.833,12.1201,2017,9,3,2017-09,False
2017-09-15,COALINDIA,124.052,127.455,124.052,126.288,8591867,1.8624,120.424,121.161,133.135,62.4812,1.52553,0.710283,0.815244,128.208,112.639,12.9289,2017,9,3,2017-09,False
2017-09-18,COALINDIA,127.091,128.816,126.434,128.597,4114253,1.8283,120.939,121.288,133.073,66.5353,1.85184,0.938594,0.913246,129.459,112.419,14.09,2017,9,3,2017-09,False
2017-09-19,COALINDIA,127.358,127.82,124.976,125.681,5364164,-2.268,121.427,121.36,132.996,58.0085,1.85373,1.12162,0.732111,129.854,113.001,13.8783,2017,9,3,2017-09,False
2017-09-20,COALINDIA,125.681,125.754,123.08,124.709,3310089,-0.7736,121.816,121.339,132.919,55.4572,1.75654,1.2486,0.507931,130.085,113.548,13.5757,2017,9,3,2017-09,False
2017-09-21,COALINDIA,124.198,124.636,120.796,123.493,4473641,-0.9745,122.131,121.334,132.837,52.3574,1.56342,1.31157,0.251854,130.135,114.128,13.1065,2017,9,3,2017-09,False
2017-09-22,COALINDIA,123.226,123.688,120.552,123.372,5178307,-0.0984,122.435,121.338,132.756,52.0441,1.38461,1.32618,0.058436,130.121,114.749,12.5548,2017,9,3,2017-09,False
2017-09-25,COALINDIA,123.664,125.268,121.646,124.952,5684406,1.2805,122.762,121.371,132.682,55.7508,1.35477,1.33189,0.0228711,130.282,115.242,12.2513,2017,9,3,2017-09,False
2017-09-26,COALINDIA,125.17,127.285,123.372,126.58,4587866,1.3032,123.3,121.467,132.617,59.2474,1.44584,1.35468,0.0911591,130.245,116.355,11.2652,2017,9,3,2017-09,False
2017-09-27,COALINDIA,127.236,127.309,124.101,126.799,5990467,0.1729,123.763,121.602,132.537,59.7081,1.51818,1.38738,0.130795,130.314,117.212,10.5868,2017,9,3,2017-09,False
2017-09-28,COALINDIA,126.386,131.368,125.875,130.177,15893278,2.6643,124.502,121.79,132.487,66.0837,1.82705,1.47532,0.351732,130.38,118.624,9.4431,2017,9,3,2017-09,False
2017-09-29,COALINDIA,131.247,132.413,129.934,131.66,4839652,1.1389,125.285,121.947,132.448,68.4436,2.16649,1.61355,0.552939,130.536,120.034,8.3824,2017,9,3,2017-09,False
2017-10-03,COALINDIA,132.705,133.337,130.833,132.219,2925990,0.4246,125.904,122.109,132.409,69.3107,2.45234,1.78131,0.671032,131.363,120.446,8.6713,2017,10,4,2017-10,False
2017-10-04,COALINDIA,131.806,132.146,130.615,131.247,2861280,-0.7353,126.297,122.183,132.398,65.9184,2.5708,1.93921,0.631589,132.114,120.48,9.2111,2017,10,4,2017-10,False
2017-10-05,COALINDIA,131.247,133.167,130.785,132.826,3173461,1.2037,126.721,122.297,132.399,68.6072,2.76033,2.10343,0.656899,133.144,120.299,10.1365,2017,10,4,2017-10,False
2017-10-06,COALINDIA,132.948,135.378,132.924,134.504,7954834,1.2626,127.29,122.476,132.412,71.2043,3.01115,2.28497,0.726175,134.355,120.224,11.1014,2017,10,4,2017-10,False
2017-10-09,COALINDIA,134.649,137.056,134.552,136.764,7166260,1.6805,127.93,122.677,132.439,74.2914,3.35366,2.49871,0.854948,135.977,119.884,12.5798,2017,10,4,2017-10,False
2017-10-10,COALINDIA,136.764,139.146,136.764,138.854,8451221,1.5283,128.625,122.973,132.469,76.7714,3.75053,2.74907,1.00145,137.897,119.353,14.417,2017,10,4,2017-10,False
2017-10-11,COALINDIA,139.024,139.267,136.472,137.542,17103406,-0.9452,129.243,123.278,132.488,72.0702,3.91403,2.98207,0.931962,139.174,119.312,15.3679,2017,10,4,2017-10,False
2017-10-12,COALINDIA,137.031,137.931,136.181,137.274,5889501,-0.1944,129.876,123.602,132.517,71.115,3.9762,3.18089,0.795304,140.172,119.58,15.8546,2017,10,4,2017-10,False
2017-10-13,COALINDIA,137.371,140.483,137.371,139.632,5084089,1.7174,130.658,123.95,132.557,74.3445,4.16766,3.37824,0.789412,141.435,119.882,16.4962,2017,10,4,2017-10,False
2017-10-16,COALINDIA,139.656,141.698,139.389,141.309,5476361,1.2011,131.409,124.337,132.612,76.3686,4.40395,3.58339,0.820564,142.969,119.85,17.5933,2017,10,4,2017-10,False
2017-10-17,COALINDIA,141.455,141.455,140.118,140.993,3950516,-0.2236,132.029,124.807,132.656,75.1653,4.51369,3.76945,0.744241,144.264,119.795,18.5327,2017,10,4,2017-10,False
2017-10-18,COALINDIA,140.969,141.673,140.142,140.969,3633204,-0.0173,132.794,125.203,132.686,75.0673,4.54628,3.92481,0.621471,145.266,120.321,18.7844,2017,10,4,2017-10,False
2017-10-19,COALINDIA,140.969,140.993,138.49,138.927,543143,-1.4483,133.505,125.537,132.698,67.1495,4.35715,4.01128,0.34587,145.653,121.356,18.1994,2017,10,4,2017-10,False
2017-10-23,COALINDIA,139.267,141.649,139.267,140.896,13204235,1.4171,134.375,125.972,132.716,70.3925,4.31636,4.0723,0.244067,145.985,122.764,17.2805,2017,10,4,2017-10,False
2017-10-24,COALINDIA,140.507,141.917,139.996,140.823,3062378,-0.0518,135.247,126.431,132.735,70.1164,4.2294,4.10372,0.125685,145.965,124.53,15.8485,2017,10,4,2017-10,False
2017-10-25,COALINDIA,141.455,141.795,139.778,140.555,2442011,-0.1899,136.027,126.919,132.739,69.047,4.09175,4.10132,-0.00957886,145.821,126.234,14.3994,2017,10,4,2017-10,False
2017-10-26,COALINDIA,140.483,143.399,140.483,142.597,8702312,1.4526,136.828,127.478,132.752,72.4966,4.10013,4.10109,-0.000953668,145.967,127.69,13.3574,2017,10,4,2017-10,False
2017-10-27,COALINDIA,142.913,143.035,139.948,140.555,2507100,-1.4318,137.516,127.974,132.75,64.728,3.89711,4.06029,-0.163181,145.47,129.562,11.5681,2017,10,4,2017-10,False
2017-10-30,COALINDIA,140.555,141.406,138.587,140.434,2210701,-0.0865,138.029,128.469,132.752,64.2865,3.68394,3.98502,-0.30108,145.282,130.776,10.51,2017,10,4,2017-10,False
2017-10-31,COALINDIA,139.51,140.142,137.736,139.243,2596941,-0.848,138.408,128.853,132.762,59.9688,3.37994,3.864,-0.484063,145.025,131.792,9.5607,2017,10,4,2017-10,False
2017-11-01,COALINDIA,139.267,140.969,136.861,139.292,3609151,0.0349,138.762,129.273,132.772,60.0867,3.10713,3.71263,-0.605502,144.707,132.816,8.5695,2017,11,4,2017-11,False
2017-11-02,COALINDIA,139.462,142.111,138.368,141.552,4090974,1.6227,139.277,129.786,132.755,65.2142,3.03829,3.57776,-0.539472,144.174,134.38,7.0322,2017,11,4,2017-11,False
2017-11-03,COALINDIA,141.552,141.941,138.562,139.292,4371428,-1.5968,139.6,130.233,132.735,57.2885,2.76942,3.41609,-0.646674,143.445,135.756,5.5082,2017,11,4,2017-11,False
2017-11-06,COALINDIA,139.267,140.701,138.003,139.194,4414386,-0.0698,139.835,130.673,132.711,56.9677,2.51945,3.23676,-0.717316,142.854,136.816,4.3184,2017,11,4,2017-11,False
2017-11-07,COALINDIA,139.316,139.899,137.615,138.368,4584351,-0.5937,139.915,131.095,132.685,54.1908,2.22897,3.0352,-0.806237,142.664,137.166,3.9294,2017,11,4,2017-11,False
2017-11-08,COALINDIA,137.687,140.483,137.323,140.021,13609387,1.1944,139.973,131.527,132.684,58.5432,2.10782,2.84973,-0.741906,142.677,137.27,3.8625,2017,11,4,2017-11,False
2017-11-09,COALINDIA,139.462,139.753,136.132,137.687,3805782,-1.6664,139.981,131.964,132.666,51.1539,1.80276,2.64033,-0.837576,142.657,137.304,3.8238,2017,11,4,2017-11,False
2017-11-10,COALINDIA,137.712,139.729,135.135,138.222,3527154,0.3884,140.028,132.378,132.655,52.6295,1.58586,2.42944,-0.843579,142.53,137.526,3.5742,2017,11,4,2017-11,False
2017-11-13,COALINDIA,134.26,136.253,133.191,133.653,5406841,-3.3058,139.729,132.743,132.628,41.1808,1.03335,2.15022,-1.11687,143.525,135.933,5.4333,2017,11,4,2017-11,False
2017-11-14,COALINDIA,133.361,133.872,131.854,133.264,2798791,-0.291,139.327,133.088,132.601,40.3758,0.557672,1.83171,-1.27404,144.017,134.636,6.7333,2017,11,4,2017-11,False
2017-11-15,COALINDIA,133.191,133.264,131.344,132.389,2600287,-0.6566,138.897,133.339,132.556,38.5498,0.108837,1.48714,-1.3783,144.444,133.349,7.9876,2017,11,4,2017-11,False
2017-11-16,COALINDIA,132.462,132.656,129.375,130.445,2776035,-1.4687,138.37,133.48,132.482,34.785,-0.399166,1.10988,-1.50904,144.984,131.757,9.5595,2017,11,4,2017-11,False
2017-11-17,COALINDIA,131.976,132.899,130.639,132.608,3366492,1.6583,138.054,133.646,132.419,41.6163,-0.620063,0.763888,-1.38395,145.143,130.966,10.2692,2017,11,4,2017-11,False
2017-11-20,COALINDIA,132.705,136.229,131.271,135.306,3090470,2.0344,137.775,133.889,132.376,48.8171,-0.570853,0.49694,-1.06779,144.833,130.717,10.2451,2017,11,4,2017-11,False
2017-11-21,COALINDIA,135.622,137.08,132.754,133.094,2880586,-1.6346,137.389,134.072,132.335,44.0233,-0.702229,0.257106,-0.959335,144.588,130.189,10.4811,2017,11,4,2017-11,False
2017-11-22,COALINDIA,133.92,134.406,131.781,132.122,1531611,-0.7305,136.967,134.215,132.279,42.0678,-0.87471,0.0307428,-0.905453,144.371,129.563,10.8113,2017,11,4,2017-11,False
2017-11-23,COALINDIA,131.976,133.24,130.663,131.465,1490892,-0.4967,136.41,134.341,132.204,40.7519,-1.05223,-0.185851,-0.866375,143.705,129.116,10.6952,2017,11,4,2017-11,False
2017-11-24,COALINDIA,131.611,132.632,131.441,131.976,876297,0.3882,135.981,134.488,132.118,42.2646,-1.1386,-0.3764,-0.762198,143.259,128.704,10.7034,2017,11,4,2017-11,False
2017-11-27,COALINDIA,131.66,132.413,130.931,132.049,887044,0.0552,135.562,134.649,132.035,42.4904,-1.18748,-0.538616,-0.648862,142.724,128.4,10.5671,2017,11,4,2017-11,False
2017-11-28,COALINDIA,132.219,134.358,131.028,133.361,7236470,0.9939,135.268,134.791,131.982,46.5447,-1.10754,-0.652401,-0.45514,142.275,128.26,10.3608,2017,11,4,2017-11,False
2017-11-29,COALINDIA,134.601,137.128,133.434,134.309,5209745,0.7108,135.019,134.905,131.918,49.3234,-0.956674,-0.713255,-0.243418,141.774,128.264,10.0058,2017,11,4,2017-11,False
2017-11-30,COALINDIA,133.823,135.281,132.462,134.066,7343947,-0.181,134.644,135.073,131.851,48.6252,-0.846965,-0.739997,-0.106967,140.665,128.624,8.9424,2017,11,4,2017-11,False
2017-12-01,COALINDIA,133.774,134.333,131.247,132.243,1987545,-1.3597,134.292,135.223,131.771,43.6379,-0.896771,-0.771352,-0.125419,139.983,128.601,8.4756,2017,12,4,2017-12,False
2017-12-04,COALINDIA,132.705,132.997,128.889,129.254,2398989,-2.2606,133.795,135.339,131.683,36.9452,-1.16405,-0.849892,-0.31416,139.419,128.171,8.4073,2017,12,4,2017-12,False
2017-12-05,COALINDIA,128.816,129.472,127.893,128.938,1277351,-0.2445,133.324,135.45,131.596,36.3113,-1.3854,-0.956994,-0.428407,138.915,127.732,8.3873,2017,12,4,2017-12,False
2017-12-06,COALINDIA,127.941,130.202,127.941,128.865,1779062,-0.0565,132.766,135.528,131.509,36.1572,-1.54885,-1.07536,-0.473483,137.735,127.796,7.4858,2017,12,4,2017-12,False
2017-12-07,COALINDIA,129.302,129.74,127.358,127.747,1932289,-0.8676,132.269,135.552,131.42,33.7883,-1.74844,-1.20998,-0.538462,137.153,127.384,7.3855,2017,12,4,2017-12,False
2017-12-08,COALINDIA,128.768,129.108,127.528,128.743,2408884,0.7801,131.795,135.59,131.34,37.7058,-1.8054,-1.32906,-0.476338,136.045,127.544,6.45,2017,12,4,2017-12,False
2017-12-11,COALINDIA,129.132,131.441,128.962,131.174,2354885,1.8879,131.671,135.61,131.265,46.0847,-1.63557,-1.39036,-0.245202,135.837,127.505,6.3279,2017,12,4,2017-12,False
2017-12-12,COALINDIA,131.052,131.149,127.601,128.038,2169686,-2.3902,131.409,135.538,131.174,38.8292,-1.73398,-1.45909,-0.274892,135.804,127.015,6.6882,2017,12,4,2017-12,False
2017-12-13,COALINDIA,128.743,128.792,126.872,127.917,1498753,-0.0949,131.186,135.452,131.063,38.5756,-1.80102,-1.52747,-0.273544,135.819,126.553,7.0636,2017,12,4,2017-12,False
2017-12-14,COALINDIA,127.966,128.646,127.455,127.771,1822161,-0.114,131.052,135.382,130.952,38.2529,-1.84465,-1.59091,-0.253739,135.924,126.181,7.4344,2017,12,4,2017-12,False
2017-12-15,COALINDIA,128.33,132.0,128.233,131.733,9186533,3.1006,131.008,135.361,130.857,50.3951,-1.54178,-1.58108,0.0393053,135.837,126.18,7.3707,2017,12,4,2017-12,False
2017-12-18,COALINDIA,131.222,133.507,127.504,130.104,4251230,-1.2362,130.748,135.273,130.771,46.3597,-1.41682,-1.54823,0.131412,135.143,126.354,6.7219,2017,12,4,2017-12,False
2017-12-19,COALINDIA,130.955,132.17,129.521,130.08,3864780,-0.0187,130.598,135.139,130.69,46.3,-1.30471,-1.49953,0.194816,134.858,126.337,6.5245,2017,12,4,2017-12,False
2017-12-20,COALINDIA,132.219,132.219,130.347,130.979,3597976,0.6913,130.541,134.981,130.61,48.9166,-1.13027,-1.42567,0.295406,134.745,126.336,6.4419,2017,12,4,2017-12,False
2017-12-21,COALINDIA,131.927,131.927,129.715,130.226,2744760,-0.5753,130.479,134.835,130.526,46.8565,-1.04082,-1.3487,0.307881,134.662,126.295,6.4129,2017,12,4,2017-12,False
2017-12-22,COALINDIA,130.347,130.615,128.962,129.254,3505383,-0.7465,130.343,134.675,130.434,44.2662,-1.03644,-1.28625,0.249813,134.498,126.187,6.3766,2017,12,4,2017-12,False
2017-12-26,COALINDIA,130.129,130.129,127.844,128.209,4580600,-0.8086,130.151,134.446,130.337,41.6035,-1.10456,-1.24991,0.145352,134.329,125.972,6.4211,2017,12,4,2017-12,False
2017-12-27,COALINDIA,127.99,128.865,127.163,127.625,6400825,-0.455,129.864,134.172,130.243,40.1518,-1.19188,-1.23831,0.0464265,133.899,125.828,6.2152,2017,12,4,2017-12,False
2017-12-28,COALINDIA,127.747,129.229,127.406,127.917,6346822,0.2285,129.544,133.911,130.155,41.2556,-1.22344,-1.23533,0.0118916,133.079,126.009,5.4571,2017,12,4,2017-12,False
2017-12-29,COALINDIA,127.893,128.549,127.261,127.82,2800172,-0.076,129.232,133.648,130.071,40.9843,-1.24198,-1.23666,-0.00531924,132.131,126.333,4.4866,2017,12,4,2017-12,False
2018-01-01,COALINDIA,127.844,129.934,127.65,129.618,3079260,1.4071,129.101,133.462,130.003,47.8212,-1.09888,-1.20911,0.110227,131.641,126.56,3.9357,2018,1,1,2018-01,False
2018-01-02,COALINDIA,130.274,131.684,129.788,131.271,5659389,1.2751,129.201,133.269,129.948,53.188,-0.842398,-1.13576,0.293366,131.921,126.481,4.2104,2018,1,1,2018-01,False
2018-01-03,COALINDIA,131.733,132.924,131.101,132.146,9240120,0.6665,129.362,133.096,129.899,55.781,-0.562053,-1.02102,0.458969,132.379,126.345,4.664,2018,1,1,2018-01,False
2018-01-04,COALINDIA,132.656,136.035,132.316,135.038,6919578,2.1887,129.67,132.985,129.871,63.0643,-0.10528,-0.837874,0.732594,133.599,125.742,6.0588,2018,1,1,2018-01,False
2018-01-05,COALINDIA,135.379,136.424,135.135,135.5,3344950,0.342,130.058,132.843,129.839,64.0816,0.29063,-0.612173,0.902803,134.66,125.457,7.076,2018,1,1,2018-01,False
2018-01-08,COALINDIA,135.622,141.26,135.622,139.729,4891781,3.1211,130.607,132.827,129.827,71.7538,0.934865,-0.302765,1.23763,136.871,124.344,9.591,2018,1,1,2018-01,False
2018-01-09,COALINDIA,145.684,151.177,144.201,147.798,27639107,5.7749,131.439,132.974,129.856,80.3697,2.07265,0.172318,1.90034,141.362,121.516,15.0992,2018,1,1,2018-01,False
2018-01-10,COALINDIA,148.746,150.593,148.26,149.864,15300218,1.3978,132.53,133.187,129.887,81.8926,3.10526,0.758907,2.34636,145.277,119.783,19.2369,2018,1,1,2018-01,False
2018-01-11,COALINDIA,149.718,150.691,147.264,149.767,4703627,-0.0648,133.622,133.396,129.911,81.5721,3.87115,1.38136,2.48979,148.304,118.941,21.9742,2018,1,1,2018-01,False
2018-01-12,COALINDIA,150.205,151.079,148.843,150.205,5119534,0.2921,134.744,133.569,129.954,81.9153,4.46199,1.99748,2.4645,150.897,118.591,23.9759,2018,1,1,2018-01,False
2018-01-15,COALINDIA,150.326,150.909,148.017,148.698,2643125,-1.0032,135.592,133.757,129.992,76.6218,4.75383,2.54875,2.20508,152.825,118.36,25.4186,2018,1,1,2018-01,False
2018-01-16,COALINDIA,148.698,148.698,141.26,141.746,4069770,-4.6747,136.174,133.808,129.986,58.0015,4.3738,2.91376,1.46004,153.413,118.936,25.3187,2018,1,1,2018-01,False
2018-01-17,COALINDIA,142.427,143.375,139.17,141.43,4360706,-0.2229,136.742,133.87,129.989,57.3196,4.001,3.13121,0.869794,153.883,119.601,25.0707,2018,1,1,2018-01,False
2018-01-18,COALINDIA,142.573,142.816,135.184,137.59,3784420,-2.7152,137.073,133.821,129.966,49.676,3.35699,3.17637,0.180625,153.999,120.146,24.6976,2018,1,1,2018-01,False
2018-01-19,COALINDIA,137.59,138.976,136.351,138.052,2574759,0.3356,137.464,133.828,129.939,50.5303,2.85101,3.1113,-0.260288,154.083,120.844,24.1801,2018,1,1,2018-01,False
2018-01-22,COALINDIA,139.559,140.823,137.906,138.562,3025790,0.3697,137.929,133.835,129.927,51.5101,2.46281,2.9816,-0.518791,154.096,121.763,23.4418,2018,1,1,2018-01,False
2018-01-23,COALINDIA,138.635,142.986,138.635,142.476,3974425,2.8241,138.643,134.012,129.943,58.3252,2.44275,2.87383,-0.431078,154.253,123.033,22.5183,2018,1,1,2018-01,False
2018-01-24,COALINDIA,142.184,145.1,139.51,143.18,3073618,0.4947,139.42,134.21,129.969,59.4312,2.45543,2.79015,-0.334722,154.25,124.591,21.2726,2018,1,1,2018-01,False
2018-01-25,COALINDIA,143.18,147.118,143.18,145.538,6919878,1.6466,140.301,134.473,130.0,62.9712,2.62544,2.75721,-0.131763,154.325,126.278,19.9904,2018,1,1,2018-01,False
2018-01-29,COALINDIA,145.1,148.746,144.347,146.68,3557035,0.7849,141.244,134.798,130.031,64.5837,2.81986,2.76974,0.0501202,154.232,128.257,18.3903,2018,1,1,2018-01,False
2018-01-30,COALINDIA,145.344,149.475,143.496,148.698,3085086,1.3753,142.198,135.119,130.07,67.2926,3.10097,2.83598,0.264983,154.367,130.029,17.1156,2018,1,1,2018-01,False
2018-01-31,COALINDIA,147.531,148.041,144.857,145.611,5198298,-2.0759,142.915,135.326,130.09,59.7606,3.03963,2.87671,0.162919,154.016,131.814,15.5351,2018,1,1,2018-01,False
2018-02-01,COALINDIA,145.878,146.389,141.43,143.691,4533542,-1.3186,143.493,135.537,130.114,55.5922,2.80377,2.86212,-0.0583551,153.369,133.617,13.7654,2018,2,1,2018-02,False
2018-02-02,COALINDIA,141.989,144.639,139.049,141.139,6393201,-1.7761,143.798,135.718,130.141,50.5458,2.38344,2.76639,-0.382945,152.923,134.673,12.6915,2018,2,1,2018-02,False
2018-02-05,COALINDIA,142.427,143.885,138.538,143.302,7795465,1.5326,144.188,135.955,130.171,54.3301,2.19952,2.65301,-0.453491,152.445,135.931,11.4534,2018,2,1,2018-02,False
2018-02-06,COALINDIA,139.51,141.941,136.156,141.139,4674661,-1.5095,144.258,136.138,130.197,50.1938,1.8578,2.49397,-0.636169,152.378,136.138,11.2574,2018,2,1,2018-02,False
2018-02-07,COALINDIA,141.698,145.684,141.139,144.663,7223510,2.497,144.102,136.39,130.247,56.0629,1.85004,2.36519,-0.515146,152.053,136.15,11.0359,2018,2,1,2018-02,False
2018-02-08,COALINDIA,144.663,147.093,144.225,145.83,3286814,0.8064,143.9,136.639,130.303,57.8342,1.91594,2.27534,-0.359399,151.429,136.37,10.4648,2018,2,1,2018-02,False
2018-02-09,COALINDIA,143.448,147.993,143.107,145.903,4731060,0.05,143.707,136.871,130.356,57.9483,1.95155,2.21058,-0.259031,150.787,136.626,9.8539,2018,2,1,2018-02,False
2018-02-12,COALINDIA,147.725,148.26,144.396,146.146,4512970,0.1666,143.504,137.113,130.414,58.3529,1.9766,2.16378,-0.187183,150.009,136.998,9.0667,2018,2,1,2018-02,False
2018-02-14,COALINDIA,145.83,150.423,145.83,149.208,5725179,2.0954,143.529,137.452,130.494,63.1621,2.218,2.17463,0.0433711,150.124,136.934,9.1893,2018,2,1,2018-02,False
2018-02-15,COALINDIA,149.475,151.566,148.09,149.767,5219503,0.3747,143.93,137.862,130.57,63.9798,2.42644,2.22499,0.201455,151.025,136.835,9.8586,2018,2,1,2018-02,False
2018-02-16,COALINDIA,149.767,150.909,147.093,147.531,1931615,-1.4931,144.235,138.234,130.641,58.3961,2.38373,2.25674,0.12699,151.402,137.069,9.9371,2018,2,1,2018-02,False
2018-02-19,COALINDIA,147.288,149.427,146.34,148.455,2935183,0.626,144.778,138.626,130.704,59.9508,2.39677,2.28474,0.112028,151.454,138.103,9.2222,2018,2,1,2018-02,False
2018-02-20,COALINDIA,148.26,151.59,146.802,150.885,8602002,1.6372,145.42,139.089,130.777,63.786,2.57356,2.34251,0.231056,151.836,139.005,8.8234,2018,2,1,2018-02,False
2018-02-21,COALINDIA,151.177,151.663,148.333,150.958,5399556,0.0483,146.04,139.533,130.855,63.8977,2.68857,2.41172,0.276847,152.048,140.032,8.2281,2018,2,1,2018-02,False
2018-02-22,COALINDIA,148.989,153.121,148.989,151.444,7815886,0.322,146.488,139.939,130.934,64.6798,2.7868,2.48674,0.300068,152.711,140.265,8.4962,2018,2,1,2018-02,False
2018-02-23,COALINDIA,151.055,152.562,149.889,151.152,3195456,-0.1926,146.887,140.401,131.013,63.7869,2.80875,2.55114,0.257609,153.238,140.536,8.6471,2018,2,1,2018-02,False
2018-02-26,COALINDIA,151.298,153.802,150.204,152.659,3171308,0.9969,147.243,140.896,131.1,66.3701,2.91414,2.62374,0.290399,154.057,140.429,9.2554,2018,2,1,2018-02,False
2018-02-27,COALINDIA,152.465,154.069,149.33,150.205,6667601,-1.608,147.419,141.344,131.184,58.9882,2.76768,2.65253,0.115151,154.353,140.485,9.4071,2018,2,1,2018-02,False
2018-02-28,COALINDIA,149.232,151.566,148.26,150.277,3731061,0.0485,147.498,141.715,131.263,59.1336,2.6272,2.64746,-0.0202582,154.529,140.468,9.5331,2018,2,1,2018-02,False
2018-03-01,COALINDIA,151.079,152.708,149.718,152.1,2535090,1.213,147.823,142.155,131.349,62.6943,2.63262,2.64449,-0.0118729,155.082,140.564,9.8214,2018,3,1,2018-03,False
2018-03-05,COALINDIA,150.909,151.395,147.75,148.649,3593849,-2.2691,148.071,142.527,131.421,53.2364,2.33155,2.5819,-0.250359,155.069,141.072,9.4535,2018,3,1,2018-03,False
2018-03-06,COALINDIA,149.184,150.423,146.364,149.232,3693197,0.3924,148.475,142.892,131.496,54.4862,2.11562,2.48865,-0.373024,154.677,142.273,8.3542,2018,3,1,2018-03,False
2018-03-07,COALINDIA,148.746,150.18,147.239,149.208,4794848,-0.0163,148.771,143.271,131.57,54.4209,1.92041,2.375,-0.454593,154.478,143.063,7.6729,2018,3,1,2018-03,False
2018-03-08,COALINDIA,149.718,150.083,146.875,148.503,2236174,-0.4724,149.139,143.656,131.641,52.4587,1.68935,2.23787,-0.548522,153.584,144.694,5.9609,2018,3,1,2018-03,False
2018-03-09,COALINDIA,148.26,149.475,146.85,147.798,2136347,-0.4746,149.295,144.048,131.715,50.4978,1.43284,2.07686,-0.644024,153.272,145.319,5.3275,2018,3,1,2018-03,False
2018-03-12,COALINDIA,148.455,149.184,143.885,144.687,6796993,-2.105,149.238,144.389,131.787,42.879,0.967364,1.85496,-0.887599,153.451,145.026,5.6451,2018,3,1,2018-03,False
2018-03-13,COALINDIA,144.614,145.173,140.969,143.326,6306692,-0.9407,149.11,144.697,131.867,40.0334,0.483079,1.58059,-1.09751,153.873,144.346,6.3891,2018,3,1,2018-03,False
2018-03-14,COALINDIA,141.455,143.107,141.309,142.476,4406927,-0.5935,148.926,144.991,131.935,38.3216,0.0302895,1.27053,-1.24024,154.4,143.452,7.3512,2018,3,1,2018-03,False
2018-03-15,COALINDIA,142.913,145.295,141.989,143.642,4487868,0.8188,148.648,145.271,132.001,41.9854,-0.23174,0.970074,-1.20181,154.606,142.69,8.0164,2018,3,1,2018-03,False
2018-03-16,COALINDIA,144.311,144.878,142.201,143.23,11016304,-0.2867,148.321,145.51,132.067,41.0581,-0.46725,0.682609,-1.14986,154.721,141.921,8.6303,2018,3,1,2018-03,False
2018-03-19,COALINDIA,143.9,143.9,138.545,140.193,3588096,-2.1208,147.954,145.671,132.118,34.9307,-0.888759,0.368335,-1.25709,155.314,140.594,9.9495,2018,3,1,2018-03,False
2018-03-20,COALINDIA,138.545,140.708,138.159,139.137,1804554,-0.7528,147.488,145.753,132.175,33.0834,-1.29307,0.0360552,-1.32912,155.829,139.147,11.3108,2018,3,1,2018-03,False
2018-03-21,COALINDIA,139.472,140.321,138.519,139.472,2739537,0.2405,146.917,145.833,132.228,34.2704,-1.5684,-0.284836,-1.28356,155.823,138.012,12.1227,2018,3,1,2018-03,False
2018-03-22,COALINDIA,139.009,140.785,137.979,138.7,3383841,-0.5537,146.305,145.812,132.268,32.8233,-1.82785,-0.593439,-1.23441,155.712,136.897,12.8601,2018,3,1,2018-03,False
2018-03-23,COALINDIA,137.284,139.935,136.434,138.983,3980861,0.2042,145.682,145.636,132.32,33.9251,-1.9877,-0.872291,-1.11541,155.304,136.059,13.2102,2018,3,1,2018-03,False
2018-03-26,COALINDIA,139.009,141.325,138.005,140.785,2277261,1.2965,145.163,145.454,132.386,40.6008,-1.94654,-1.08714,-0.859403,154.661,135.665,13.0856,2018,3,1,2018-03,False
2018-03-27,COALINDIA,141.119,142.51,140.167,142.201,1888128,1.0057,144.64,145.303,132.455,45.279,-1.77917,-1.22555,-0.553622,153.533,135.748,12.2958,2018,3,1,2018-03,False
2018-03-28,COALINDIA,141.428,147.117,140.476,145.856,6983849,2.5706,144.423,145.216,132.545,55.1089,-1.33616,-1.24767,-0.0884923,152.947,135.898,11.8049,2018,3,1,2018-03,False
2018-04-02,COALINDIA,145.882,145.959,141.66,142.87,2520975,-2.0473,144.052,145.099,132.624,47.5883,-1.21206,-1.24055,0.028491,152.138,135.967,11.2263,2018,4,2,2018-04,False
2018-04-03,COALINDIA,142.201,143.951,141.66,143.616,1641179,0.5225,143.628,145.137,132.709,49.4458,-1.04146,-1.20073,0.159272,150.772,136.485,9.947,2018,4,2,2018-04,False
2018-04-04,COALINDIA,143.539,143.591,140.656,141.351,2946453,-1.5774,143.263,145.135,132.786,44.3137,-1.07664,-1.17591,0.0992726,150.064,136.462,9.4942,2018,4,2,2018-04,False
2018-04-05,COALINDIA,142.175,143.9,141.814,143.024,1527043,1.1837,142.953,145.244,132.877,48.5605,-0.958457,-1.13242,0.173963,149.146,136.76,8.6649,2018,4,2,2018-04,False
2018-04-06,COALINDIA,142.973,143.539,141.325,141.995,1527251,-0.7199,142.592,145.323,132.969,46.2242,-0.937083,-1.09335,0.15627,148.048,137.136,7.6523,2018,4,2,2018-04,False
2018-04-09,COALINDIA,142.278,142.278,140.811,141.3,1254956,-0.4895,142.232,145.377,133.054,44.6623,-0.965101,-1.0677,0.102601,146.945,137.519,6.6277,2018,4,2,2018-04,False
2018-04-10,COALINDIA,142.098,144.904,140.682,144.62,2351145,2.3501,142.073,145.42,133.16,52.8586,-0.711152,-0.996393,0.28524,146.17,137.976,5.7678,2018,4,2,2018-04,False
2018-04-11,COALINDIA,146.036,146.911,143.153,145.908,2997141,0.89,142.134,145.475,133.273,55.6034,-0.401407,-0.877396,0.475988,146.427,137.841,6.0406,2018,4,2,2018-04,False
2018-04-12,COALINDIA,144.955,145.573,143.694,144.929,1342136,-0.6705,142.214,145.463,133.389,53.0741,-0.232191,-0.748355,0.516163,146.658,137.771,6.2494,2018,4,2,2018-04,False
2018-04-13,COALINDIA,145.444,146.989,144.157,146.731,1836917,1.2434,142.427,145.464,133.525,56.9582,0.0467818,-0.589328,0.636109,147.309,137.545,6.8559,2018,4,2,2018-04,False
2018-04-16,COALINDIA,146.525,147.658,145.882,147.298,1222199,0.3859,142.61,145.436,133.667,58.1311,0.309992,-0.409464,0.719456,147.937,137.283,7.4711,2018,4,2,2018-04,False
2018-04-17,COALINDIA,147.375,149.511,146.963,148.07,2999531,0.5243,142.852,145.485,133.813,59.7421,0.574282,-0.212714,0.786997,148.711,136.993,8.2029,2018,4,2,2018-04,False
2018-04-18,COALINDIA,147.761,148.507,145.65,146.783,1433406,-0.8692,143.181,145.547,133.95,55.8827,0.67213,-0.0357455,0.707875,149.151,137.212,8.3384,2018,4,2,2018-04,False
2018-04-19,COALINDIA,146.86,147.89,145.032,145.805,2332176,-0.6664,143.515,145.64,134.083,53.0763,0.663096,0.104023,0.559074,149.274,137.755,8.0265,2018,4,2,2018-04,False
2018-04-20,COALINDIA,145.83,151.854,145.418,150.361,2436310,3.125,144.059,145.781,134.241,62.5183,1.01194,0.285605,0.72633,150.252,137.866,8.5976,2018,4,2,2018-04,False
2018-04-23,COALINDIA,150.335,150.335,148.585,149.202,1181306,-0.7704,144.584,145.942,134.382,59.2537,1.1813,0.464744,0.716555,150.643,138.525,8.3813,2018,4,2,2018-04,False
2018-04-24,COALINDIA,148.791,151.339,147.838,149.563,1829965,0.2416,145.113,146.04,134.53,59.9544,1.32928,0.637652,0.69163,150.957,139.27,8.0536,2018,4,2,2018-04,False
2018-04-25,COALINDIA,149.357,151.262,148.147,149.795,1612503,0.1549,145.564,146.12,134.678,60.4254,1.44855,0.799832,0.648722,151.391,139.736,8.0069,2018,4,2,2018-04,False
2018-04-26,COALINDIA,149.563,150.824,148.405,149.717,2781512,-0.0515,145.94,146.196,134.815,60.1714,1.51933,0.943733,0.575602,151.823,140.056,8.063,2018,4,2,2018-04,False
2018-04-27,COALINDIA,149.305,150.464,145.444,147.632,2211983,-1.3927,146.028,146.226,134.943,53.6158,1.39114,1.03321,0.357925,151.96,140.097,8.124,2018,4,2,2018-04,False
2018-04-30,COALINDIA,148.018,148.276,145.547,146.731,1710033,-0.6103,146.222,146.176,135.048,51.0289,1.20298,1.06717,0.13581,151.969,140.474,7.8611,2018,4,2,2018-04,False
2018-05-02,COALINDIA,145.753,145.933,143.668,144.414,2440058,-1.579,146.261,146.069,135.151,45.0141,0.857027,1.02514,-0.168111,151.943,140.58,7.7694,2018,5,2,2018-05,False
2018-05-03,COALINDIA,143.256,145.084,142.149,142.587,2411190,-1.2656,146.323,145.97,135.248,40.9168,0.43042,0.906195,-0.475775,151.804,140.843,7.4907,2018,5,2,2018-05,False
2018-05-04,COALINDIA,142.509,142.844,139.214,139.678,2313612,-2.0401,146.156,145.795,135.33,35.3947,-0.140771,0.696802,-0.837573,152.232,140.08,8.3149,2018,5,2,2018-05,False
2018-05-07,COALINDIA,140.965,140.965,136.589,137.67,7181257,-1.4375,145.94,145.53,135.41,32.1676,-0.746855,0.40807,-1.15493,152.885,138.994,9.5183,2018,5,2,2018-05,False
2018-05-08,COALINDIA,138.005,140.038,137.284,138.056,3920562,0.2805,145.777,145.272,135.5,33.4246,-1.18239,0.0899773,-1.27237,153.306,138.249,10.329,2018,5,2,2018-05,False
2018-05-09,COALINDIA,138.082,138.88,137.31,137.644,3216449,-0.2983,145.429,144.996,135.584,32.728,-1.54301,-0.23662,-1.30639,153.784,137.073,11.4908,2018,5,2,2018-05,False
2018-05-10,COALINDIA,138.391,140.527,137.876,138.674,3974135,0.7481,145.067,144.747,135.658,36.3027,-1.72581,-0.534458,-1.19136,153.945,136.189,12.2399,2018,5,2,2018-05,False
2018-05-11,COALINDIA,140.038,140.193,138.751,139.523,1778138,0.6126,144.797,144.484,135.735,39.1743,-1.78161,-0.783888,-0.997719,154.015,135.578,12.7328,2018,5,2,2018-05,False
2018-05-14,COALINDIA,139.523,140.553,137.31,139.034,2415819,-0.3506,144.412,144.261,135.793,38.109,-1.84404,-0.995918,-0.848118,153.928,134.896,13.1792,2018,5,2,2018-05,False
2018-05-15,COALINDIA,139.034,139.652,134.967,135.662,3867561,-2.4255,143.83,143.968,135.835,31.7069,-2.14094,-1.22492,-0.916018,154.003,133.657,14.1463,2018,5,2,2018-05,False
2018-05-16,COALINDIA,135.919,136.434,132.47,135.662,2942029,0.0,143.21,143.64,135.886,31.7069,-2.34916,-1.44977,-0.899391,153.799,132.62,14.7888,2018,5,2,2018-05,False
2018-05-17,COALINDIA,136.898,140.759,136.486,139.781,3850511,3.036,142.86,143.462,135.951,44.8344,-2.15696,-1.59121,-0.565754,153.415,132.305,14.7768,2018,5,2,2018-05,False
2018-05-18,COALINDIA,139.781,141.351,136.846,137.361,1855482,-1.7311,142.437,143.225,136.018,39.973,-2.17483,-1.70793,-0.466897,153.17,131.704,15.0705,2018,5,2,2018-05,False
2018-05-21,COALINDIA,137.721,139.781,136.228,139.137,1798554,1.2931,141.876,143.023,136.102,44.712,-2.02235,-1.77082,-0.251535,152.023,131.73,14.303,2018,5,2,2018-05,False
2018-05-22,COALINDIA,140.399,144.106,139.781,143.668,3295864,3.2563,141.6,142.927,136.215,54.5653,-1.51842,-1.72034,0.201917,151.191,132.008,13.5477,2018,5,2,2018-05,False
2018-05-23,COALINDIA,142.69,144.106,141.454,142.201,2640683,-1.0213,141.231,142.815,136.315,51.3721,-1.22335,-1.62094,0.397591,150.072,132.391,12.5193,2018,5,2,2018-05,False
2018-05-24,COALINDIA,142.612,144.929,141.325,144.209,2006694,1.412,140.952,142.805,136.426,55.2329,-0.818052,-1.46036,0.64231,148.968,132.936,11.3741,2018,5,2,2018-05,False
2018-05-25,COALINDIA,144.209,145.856,140.321,141.892,4274746,-1.6066,140.561,142.777,136.548,50.2732,-0.676007,-1.30349,0.627484,147.462,133.66,9.8191,2018,5,2,2018-05,False
2018-05-28,COALINDIA,142.612,148.173,142.458,146.628,3113235,3.3381,140.511,142.86,136.675,58.4815,-0.179169,-1.07863,0.899457,147.207,133.815,9.5308,2018,5,2,2018-05,False
2018-05-29,COALINDIA,147.426,147.761,142.355,145.367,5934011,-0.8602,140.442,142.894,136.791,55.8382,0.111514,-0.840598,0.952112,146.895,133.99,9.1887,2018,5,2,2018-05,False
2018-05-30,COALINDIA,144.672,150.593,142.947,148.816,9094869,2.373,140.662,143.006,136.939,61.0263,0.613159,-0.549847,1.16301,147.934,133.391,10.3386,2018,5,2,2018-05,False
2018-05-31,COALINDIA,150.387,156.23,149.305,152.523,11797649,2.4909,141.159,143.252,137.113,65.6908,1.2949,-0.180897,1.4758,150.141,132.178,12.7254,2018,5,2,2018-05,False
2018-06-01,COALINDIA,150.85,154.299,149.357,151.7,3034848,-0.5401,141.76,143.504,137.29,63.8617,1.74856,0.204994,1.54357,151.864,131.657,14.2539,2018,6,2,2018-06,False
2018-06-04,COALINDIA,151.983,153.347,150.026,150.644,1557911,-0.6957,142.409,143.727,137.47,61.4988,1.99987,0.56397,1.4359,153.058,131.76,14.955,2018,6,2,2018-06,False
2018-06-05,COALINDIA,151.313,151.751,146.088,146.86,2305088,-2.512,142.849,143.89,137.626,53.8113,1.87211,0.825598,1.04651,153.468,132.23,14.8672,2018,6,2,2018-06,False
2018-06-06,COALINDIA,147.014,150.464,146.448,149.64,5630857,1.8931,143.449,144.103,137.796,57.9684,1.97246,1.05497,0.917487,154.185,132.714,14.9676,2018,6,2,2018-06,False
2018-06-07,COALINDIA,148.791,149.82,147.915,148.739,2392349,-0.6021,143.952,144.263,137.939,56.203,1.95672,1.23532,0.721404,154.689,133.216,14.9168,2018,6,2,2018-06,False
2018-06-08,COALINDIA,148.636,151.159,147.761,149.254,2039196,0.3461,144.439,144.404,138.094,57.0087,1.96317,1.38089,0.58228,155.212,133.666,14.9175,2018,6,2,2018-06,False
2018-06-11,COALINDIA,149.305,151.597,147.323,148.224,1745576,-0.6899,144.898,144.451,138.255,54.8359,1.86371,1.47745,0.386253,155.483,134.313,14.6103,2018,6,2,2018-06,False
2018-06-12,COALINDIA,148.224,149.202,145.702,145.985,2079573,-1.5109,145.415,144.513,138.401,50.3418,1.58588,1.49914,0.0867444,155.069,135.76,13.2786,2018,6,2,2018-06,False
2018-06-13,COALINDIA,146.268,148.121,146.036,146.216,2546696,0.1587,145.942,144.565,138.546,50.7912,1.36863,1.47304,-0.104409,154.436,137.448,11.6403,2018,6,2,2018-06,False
2018-06-14,COALINDIA,146.113,147.735,143.282,145.805,1535853,-0.2817,146.243,144.654,138.688,49.9263,1.14996,1.40842,-0.258462,154.23,138.257,10.9218,2018,6,2,2018-06,False
2018-06-15,COALINDIA,147.504,147.504,142.87,143.668,4279134,-1.4654,146.559,144.667,138.815,45.5897,0.795092,1.28576,-0.490664,153.498,139.62,9.469,2018,6,2,2018-06,False
2018-06-18,COALINDIA,143.642,143.668,139.626,141.171,2113771,-1.738,146.66,144.651,138.941,41.097,0.308812,1.09037,-0.781555,153.189,140.132,8.9027,2018,6,2,2018-06,False
2018-06-19,COALINDIA,140.218,141.789,139.678,140.527,1987334,-0.4559,146.503,144.635,139.056,40.0028,-0.127037,0.846887,-0.973924,153.471,139.536,9.512,2018,6,2,2018-06,False
2018-06-20,COALINDIA,140.605,141.068,137.696,139.317,3006367,-0.861,146.359,144.529,139.176,37.9568,-0.563583,0.564793,-1.12838,153.805,138.914,10.1743,2018,6,2,2018-06,False
2018-06-21,COALINDIA,139.369,140.502,137.104,137.824,2506852,-1.0717,146.04,144.368,139.285,35.541,-1.01829,0.248177,-1.26646,154.369,137.711,11.4061,2018,6,2,2018-06,False
2018-06-22,COALINDIA,137.515,137.824,135.43,136.357,2527709,-1.0646,145.763,144.196,139.368,33.298,-1.47998,-0.0974547,-1.38253,154.992,136.535,12.662,2018,6,2,2018-06,False
2018-06-25,COALINDIA,135.919,136.82,132.521,133.345,4317400,-2.2088,145.099,143.928,139.417,29.2215,-2.06511,-0.490985,-1.57412,155.851,134.347,14.8206,2018,6,2,2018-06,False
2018-06-26,COALINDIA,132.985,139.111,132.933,136.512,10472162,2.3745,144.656,143.713,139.478,37.8374,-2.24742,-0.842272,-1.40515,156.071,133.242,15.7819,2018,6,2,2018-06,False
2018-06-27,COALINDIA,136.434,137.953,134.298,136.898,4723986,0.2829,144.06,143.489,139.547,38.8157,-2.33384,-1.14059,-1.19326,155.801,132.32,16.299,2018,6,2,2018-06,False
2018-06-28,COALINDIA,137.387,137.387,133.165,134.195,4384958,-1.9744,143.144,143.237,139.598,34.6995,-2.59058,-1.43058,-1.15999,154.964,131.324,16.5146,2018,6,2,2018-06,False
2018-06-29,COALINDIA,133.345,136.537,133.345,136.1,1958214,1.4195,142.364,143.043,139.654,39.5638,-2.61023,-1.66651,-0.94372,153.861,130.867,16.1518,2018,6,2,2018-06,False
2018-07-02,COALINDIA,135.482,135.919,133.139,134.143,4878924,-1.4375,141.539,142.719,139.699,36.5523,-2.75196,-1.8836,-0.868357,152.902,130.176,16.0561,2018,7,3,2018-07,False
2018-07-03,COALINDIA,135.147,135.25,133.5,134.298,2691217,0.1152,140.911,142.421,139.747,36.9603,-2.81932,-2.07075,-0.74857,152.423,129.399,16.3397,2018,7,3,2018-07,False
2018-07-04,COALINDIA,134.401,137.438,133.654,136.1,3032831,1.3418,140.234,142.152,139.808,41.6723,-2.69621,-2.19584,-0.500371,151.162,129.305,15.5861,2018,7,3,2018-07,False
2018-07-05,COALINDIA,136.177,139.91,134.118,139.163,3044656,2.2508,139.755,141.939,139.872,48.6932,-2.32467,-2.2216,-0.103063,149.928,129.583,14.5575,2018,7,3,2018-07,False
2018-07-06,COALINDIA,139.009,140.013,137.567,139.626,2709932,0.333,139.274,141.737,139.927,49.6799,-1.97012,-2.17131,0.20119,148.412,130.135,13.123,2018,7,3,2018-07,False
2018-07-09,COALINDIA,140.167,141.171,138.494,139.601,2201363,-0.0185,138.843,141.577,139.997,49.6228,-1.67194,-2.07143,0.399495,146.959,130.726,11.6923,2018,7,3,2018-07,False
2018-07-10,COALINDIA,139.652,144.003,139.292,143.359,3000636,2.6922,138.711,141.509,140.09,57.3326,-1.11946,-1.88104,0.761582,146.416,131.006,11.1095,2018,7,3,2018-07,False
2018-07-11,COALINDIA,142.612,143.076,135.791,136.331,4356413,-4.9022,138.217,141.347,140.154,43.8262,-1.23446,-1.75172,0.517266,145.122,131.312,9.9909,2018,7,3,2018-07,False
2018-07-12,COALINDIA,137.464,139.652,136.357,136.563,3818705,0.17,137.755,141.227,140.22,44.2921,-1.292,-1.65978,0.367774,143.69,131.819,8.6174,2018,7,3,2018-07,False
2018-07-13,COALINDIA,137.361,139.343,137.104,137.876,3573660,0.9614,137.465,141.191,140.285,46.9761,-1.21764,-1.57135,0.353713,142.711,132.219,7.6322,2018,7,3,2018-07,False
2018-07-16,COALINDIA,137.824,137.979,133.912,134.452,1565561,-2.4832,137.129,141.127,140.324,41.3775,-1.41861,-1.5408,0.122189,142.235,132.024,7.446,2018,7,3,2018-07,False
2018-07-17,COALINDIA,134.632,137.361,134.504,136.306,2595243,1.3785,136.918,141.092,140.372,45.186,-1.41205,-1.51505,0.102999,141.775,132.061,7.0945,2018,7,3,2018-07,False
2018-07-18,COALINDIA,136.949,138.236,133.834,134.967,4114829,-0.9821,136.701,141.038,140.396,43.0126,-1.49761,-1.51156,0.013957,141.494,131.907,7.0134,2018,7,3,2018-07,False
2018-07-19,COALINDIA,135.147,135.894,133.86,134.478,2026082,-0.3624,136.533,140.954,140.41,42.2137,-1.58658,-1.52657,-0.0600146,141.395,131.672,7.1216,2018,7,3,2018-07,False
2018-07-20,COALINDIA,134.735,136.383,133.139,135.662,1742907,0.8805,136.499,140.877,140.427,44.883,-1.54375,-1.53,-0.0137479,141.376,131.622,7.1457,2018,7,3,2018-07,False
2018-07-23,COALINDIA,135.147,137.078,134.478,134.735,1628803,-0.6831,136.568,140.791,140.445,43.201,-1.56653,-1.53731,-0.0292219,141.293,131.843,6.9195,2018,7,3,2018-07,False
2018-07-24,COALINDIA,135.405,137.67,134.941,137.284,1788316,1.8915,136.607,140.823,140.467,48.8749,-1.36323,-1.50249,0.139266,141.342,131.871,6.9331,2018,7,3,2018-07,False
2018-07-25,COALINDIA,137.052,137.207,135.147,136.254,1739791,-0.75,136.575,140.835,140.476,46.839,-1.27055,-1.4561,0.185557,141.311,131.839,6.9354,2018,7,3,2018-07,False
2018-07-26,COALINDIA,136.254,137.31,135.43,136.486,5067703,0.17,136.689,140.769,140.474,47.3703,-1.16497,-1.39788,0.232905,141.292,132.087,6.7343,2018,7,3,2018-07,False
2018-07-27,COALINDIA,137.155,137.413,133.68,134.967,1894632,-1.1128,136.633,140.721,140.455,44.2487,-1.19014,-1.35633,0.166189,141.293,131.972,6.8221,2018,7,3,2018-07,False
2018-07-30,COALINDIA,135.353,137.258,134.581,135.147,2942350,0.1335,136.683,140.642,140.443,44.7141,-1.18192,-1.32145,0.139525,141.251,132.114,6.6847,2018,7,3,2018-07,False
2018-07-31,COALINDIA,135.817,135.945,134.04,134.426,2740402,-0.5333,136.689,140.457,140.429,43.1618,-1.21951,-1.30106,0.0815494,141.244,132.135,6.6642,2018,7,3,2018-07,False
2018-08-01,COALINDIA,134.89,140.141,134.684,139.343,5612544,3.6576,136.851,140.4,140.427,54.7121,-0.842845,-1.20942,0.366573,141.546,132.156,6.8616,2018,8,3,2018-08,False
2018-08-02,COALINDIA,141.325,141.557,139.601,140.836,4956127,1.0715,136.935,140.332,140.425,57.5343,-0.419023,-1.05134,0.632316,141.858,132.012,7.1897,2018,8,3,2018-08,False
2018-08-03,COALINDIA,141.068,145.367,140.888,143.771,4085402,2.0837,137.142,140.37,140.439,62.4828,0.151906,-0.81069,0.962596,142.831,131.453,8.2964,2018,8,3,2018-08,False
2018-08-06,COALINDIA,143.565,147.04,143.256,145.779,3484913,1.3966,137.451,140.353,140.463,65.4495,0.757659,-0.49702,1.25468,144.262,130.64,9.9108,2018,8,3,2018-08,False
2018-08-07,COALINDIA,145.779,148.662,140.579,141.789,7450244,-2.7371,137.373,140.281,140.477,55.9769,0.905322,-0.216552,1.12187,143.929,130.817,9.5448,2018,8,3,2018-08,False
2018-08-08,COALINDIA,141.84,143.874,141.454,142.098,2520870,0.2179,137.661,140.147,140.483,56.5017,1.03534,0.0338258,1.00151,144.524,130.798,9.971,2018,8,3,2018-08,False
2018-08-09,COALINDIA,143.308,146.216,142.098,144.209,2927225,1.4855,138.043,139.981,140.5,60.0105,1.29379,0.285819,1.00797,145.477,130.61,10.77,2018,8,3,2018-08,False
2018-08-10,COALINDIA,143.642,144.003,140.296,141.995,3772563,-1.5352,138.249,139.786,140.507,54.9996,1.30493,0.489642,0.815293,145.889,130.61,11.0517,2018,8,3,2018-08,False
2018-08-13,COALINDIA,144.157,146.551,142.098,143.668,11139623,1.1784,138.71,139.647,140.513,57.8635,1.43228,0.678169,0.754107,146.495,130.924,11.2256,2018,8,3,2018-08,False
2018-08-14,COALINDIA,144.157,146.139,142.612,145.521,4627652,1.2901,139.171,139.62,140.537,60.8365,1.66357,0.87525,0.788324,147.433,130.908,11.874,2018,8,3,2018-08,False
2018-08-16,COALINDIA,144.157,147.401,144.157,145.547,5176282,0.0177,139.7,139.538,140.563,60.8778,1.82789,1.06578,0.762109,148.181,131.219,12.1421,2018,8,3,2018-08,False
2018-08-17,COALINDIA,146.731,147.555,144.672,144.878,2099688,-0.4598,140.22,139.461,140.591,59.1323,1.8824,1.2291,0.653298,148.628,131.812,11.9928,2018,8,3,2018-08,False
2018-08-20,COALINDIA,145.959,149.666,145.058,146.242,3933773,0.9417,140.749,139.401,140.626,61.5523,2.01249,1.38578,0.626712,149.28,132.218,12.1226,2018,8,3,2018-08,False
2018-08-21,COALINDIA,147.323,150.644,146.731,150.026,9141975,2.5876,141.513,139.437,140.668,67.3308,2.39335,1.58729,0.806056,150.504,132.523,12.7061,2018,8,3,2018-08,False
2018-08-23,COALINDIA,150.181,151.236,147.838,148.816,2519637,-0.8064,142.09,139.494,140.716,64.018,2.56796,1.78343,0.78453,151.411,132.768,13.1205,2018,8,3,2018-08,False
2018-08-24,COALINDIA,148.199,151.159,148.173,149.82,2713583,0.6746,142.768,139.566,140.769,65.5334,2.75557,1.97786,0.777719,152.274,133.262,13.3167,2018,8,3,2018-08,False
2018-08-27,COALINDIA,149.82,152.111,149.022,150.927,2254135,0.7388,143.49,139.668,140.832,67.175,2.95947,2.17418,0.785291,153.179,133.801,13.5046,2018,8,3,2018-08,False
2018-08-28,COALINDIA,151.88,154.325,149.434,151.725,5513680,0.5287,144.328,139.829,140.89,68.3454,3.14915,2.36917,0.779976,153.81,134.847,13.1389,2018,8,3,2018-08,False
2018-08-29,COALINDIA,150.696,151.545,146.886,147.401,4002186,-2.8504,144.941,139.954,140.939,56.5721,2.91688,2.47871,0.438165,153.459,136.423,11.7542,2018,8,3,2018-08,False
2018-08-30,COALINDIA,147.478,149.589,146.525,147.04,3861403,-0.2445,145.572,140.084,140.983,55.7109,2.67291,2.51755,0.155358,152.539,138.604,9.5721,2018,8,3,2018-08,False
2018-08-31,COALINDIA,147.375,149.563,146.731,147.22,3716997,0.1225,145.965,140.242,141.051,56.071,2.46568,2.50718,-0.0414963,152.313,139.618,8.6975,2018,8,3,2018-08,False
2018-09-03,COALINDIA,148.018,149.203,147.323,148.096,1649749,0.5945,146.328,140.448,141.125,57.8631,2.34505,2.47475,-0.129707,152.258,140.399,8.1039,2018,9,3,2018-09,False
2018-09-04,COALINDIA,148.276,148.739,143.436,143.951,2288405,-2.7985,146.337,140.599,141.183,47.8984,1.89319,2.35844,-0.465252,152.251,140.424,8.0818,2018,9,3,2018-09,False
2018-09-05,COALINDIA,144.106,144.131,140.038,142.921,3826466,-0.7153,146.195,140.791,141.245,45.7886,1.43545,2.17384,-0.738388,152.3,140.089,8.352,2018,9,3,2018-09,False
2018-09-06,COALINDIA,143.385,146.68,142.793,146.036,2999616,2.1794,146.407,140.981,141.312,52.5913,1.30895,2.00086,-0.691917,152.152,140.662,7.8475,2018,9,3,2018-09,False
2018-09-07,COALINDIA,146.525,148.018,145.702,147.529,2997117,1.0224,146.678,141.194,141.373,55.4756,1.31402,1.86349,-0.549476,152.068,141.289,7.3487,2018,9,3,2018-09,False
2018-09-10,COALINDIA,147.246,147.426,143.462,143.951,1481435,-2.4254,146.666,141.389,141.428,47.9472,1.01758,1.69431,-0.676732,152.081,141.25,7.3848,2018,9,3,2018-09,False
2018-09-11,COALINDIA,145.599,148.276,141.995,145.753,4990180,1.2518,146.854,141.582,141.496,51.5155,0.917475,1.53894,-0.621469,151.83,141.878,6.7768,2018,9,3,2018-09,False
2018-09-12,COALINDIA,146.422,148.07,143.771,144.955,2444610,-0.5475,146.918,141.799,141.563,49.8846,0.764932,1.38414,-0.619209,151.752,142.084,6.5803,2018,9,3,2018-09,False
2018-09-14,COALINDIA,145.702,147.195,142.612,142.793,2742349,-1.4917,146.781,141.968,141.617,45.6658,0.464206,1.20015,-0.735949,151.925,141.638,7.0089,2018,9,3,2018-09,False
2018-09-17,COALINDIA,142.87,143.205,140.682,141.557,2919286,-0.8653,146.582,142.078,141.665,43.4067,0.124734,0.98507,-0.860336,152.214,140.95,7.6842,2018,9,3,2018-09,False
2018-09-18,COALINDIA,141.377,142.098,138.339,140.656,6420009,-0.6365,146.371,142.107,141.701,41.7836,-0.214526,0.745151,-0.959677,152.56,140.181,8.4574,2018,9,3,2018-09,False
2018-09-19,COALINDIA,141.583,145.161,141.583,144.492,4919007,2.7269,146.283,142.205,141.752,50.3034,-0.171909,0.561739,-0.733648,152.53,140.037,8.5403,2018,9,3,2018-09,False
2018-09-21,COALINDIA,145.805,147.375,140.862,141.712,6865912,-1.9241,145.868,142.247,141.791,45.146,-0.358341,0.377723,-0.736064,152.172,139.563,8.6436,2018,9,3,2018-09,False
2018-09-24,COALINDIA,142.098,146.216,141.917,144.749,3100325,2.1435,145.664,142.275,141.853,51.051,-0.258007,0.250577,-0.508584,151.829,139.5,8.4639,2018,9,3,2018-09,False
2018-09-25,COALINDIA,144.749,147.22,140.63,141.712,3583776,-2.0985,145.259,142.382,141.915,45.7475,-0.418773,0.116707,-0.53548,151.338,139.179,8.3707,2018,9,3,2018-09,False
2018-09-26,COALINDIA,142.612,142.612,139.112,140.321,2300500,-0.981,144.729,142.458,141.972,43.5193,-0.650849,-0.0368043,-0.614045,150.572,138.885,8.0749,2018,9,3,2018-09,False
2018-09-27,COALINDIA,140.45,143.127,139.498,142.226,8043170,1.3576,144.254,142.545,142.039,47.3068,-0.673297,-0.164103,-0.509194,149.174,139.334,6.8214,2018,9,3,2018-09,False
2018-09-28,COALINDIA,141.995,141.995,136.125,137.078,5726123,-3.6199,143.737,142.597,142.086,39.5814,-1.09391,-0.350065,-0.743849,149.38,138.095,7.8514,2018,9,3,2018-09,False
2018-10-01,COALINDIA,137.078,141.068,135.302,140.45,2087868,2.4601,143.408,142.68,142.144,45.8223,-1.14198,-0.508448,-0.633531,149.008,137.808,7.8101,2018,10,4,2018-10,False
2018-10-03,COALINDIA,140.553,144.672,138.417,142.484,2987093,1.4479,143.171,142.83,142.201,49.2282,-1.00439,-0.607637,-0.396757,148.486,137.856,7.4242,2018,10,4,2018-10,False
2018-10-04,COALINDIA,139.832,143.024,138.288,140.708,3688374,-1.2467,142.802,142.955,142.264,46.4797,-1.02685,-0.69148,-0.335371,147.685,137.919,6.8388,2018,10,4,2018-10,False
2018-10-05,COALINDIA,141.068,141.145,134.529,135.405,4049564,-3.7687,142.374,142.95,142.302,39.4062,-1.45577,-0.844337,-0.611429,148.232,136.516,8.2289,2018,10,4,2018-10,False
2018-10-08,COALINDIA,135.405,140.527,135.147,137.927,3474214,1.8631,142.125,143.014,142.352,43.7889,-1.57398,-0.990265,-0.583712,148.302,135.948,8.6921,2018,10,4,2018-10,False
2018-10-09,COALINDIA,138.957,142.973,138.236,141.042,4336163,2.2583,141.875,143.089,142.399,48.7206,-1.40018,-1.07225,-0.327931,147.784,135.966,8.3299,2018,10,4,2018-10,False
2018-10-10,COALINDIA,139.781,142.509,139.163,140.399,3200859,-0.4563,141.518,143.172,142.45,47.7877,-1.29939,-1.11768,-0.181717,146.82,136.217,7.4928,2018,10,4,2018-10,False
2018-10-11,COALINDIA,137.979,141.325,136.46,137.258,3417428,-2.2369,141.184,143.187,142.486,43.4185,-1.45615,-1.18537,-0.270781,146.68,135.687,7.7865,2018,10,4,2018-10,False
2018-10-12,COALINDIA,138.751,144.106,138.236,143.436,2924606,4.5012,141.068,143.356,142.549,52.5998,-1.06953,-1.1622,0.0926742,146.248,135.888,7.3436,2018,10,4,2018-10,False
2018-10-15,COALINDIA,143.797,144.595,140.424,141.917,1601283,-1.0589,140.916,143.492,142.607,50.4332,-0.875592,-1.10488,0.229289,145.785,136.047,6.9099,2018,10,4,2018-10,False
2018-10-16,COALINDIA,142.715,143.308,141.274,142.304,1333617,0.2721,140.892,143.649,142.672,50.986,-0.682863,-1.02048,0.337615,145.725,136.058,6.8616,2018,10,4,2018-10,False
2018-10-17,COALINDIA,143.951,146.139,142.715,144.106,3081043,1.2663,141.019,143.745,142.752,53.5871,-0.380336,-0.892449,0.512114,146.057,135.981,7.1446,2018,10,4,2018-10,False
2018-10-19,COALINDIA,143.719,144.775,141.3,141.66,3796642,-1.697,141.069,143.761,142.822,49.7299,-0.334063,-0.780772,0.446709,146.112,136.027,7.1488,2018,10,4,2018-10,False
2018-10-22,COALINDIA,142.87,144.492,141.119,141.84,2396693,0.1272,140.937,143.722,142.892,50.0154,-0.27963,-0.680544,0.400914,145.734,136.14,6.8073,2018,10,4,2018-10,False
2018-10-23,COALINDIA,141.325,144.595,141.222,142.793,2496068,0.6715,140.991,143.663,142.966,51.5807,-0.157814,-0.575998,0.418184,145.848,136.133,6.8908,2018,10,4,2018-10,False
2018-10-24,COALINDIA,144.157,144.26,140.862,142.741,4457722,-0.0361,140.89,143.682,143.032,51.4868,-0.0646841,-0.473735,0.409051,145.498,136.283,6.5401,2018,10,4,2018-10,False
2018-10-25,COALINDIA,141.48,146.191,141.119,145.29,4386393,1.7854,141.069,143.746,143.102,55.7766,0.212317,-0.336525,0.548841,146.072,136.067,7.0921,2018,10,4,2018-10,False
2018-10-26,COALINDIA,145.753,146.062,141.995,144.723,3061111,-0.3898,141.289,143.756,143.165,54.6208,0.381743,-0.192871,0.574614,146.535,136.044,7.425,2018,10,4,2018-10,False
2018-10-29,COALINDIA,144.929,148.894,142.793,147.967,2467759,2.2412,141.576,143.875,143.23,59.7636,0.768876,-0.00052165,0.769398,147.607,135.546,8.5193,2018,10,4,2018-10,False
2018-10-30,COALINDIA,147.323,147.452,141.583,142.02,2757658,-4.0188,141.823,143.842,143.262,48.8363,0.589065,0.117396,0.471669,147.471,136.176,7.964,2018,10,4,2018-10,False
2018-10-31,COALINDIA,136.434,137.927,135.817,137.026,17306128,-3.5164,141.652,143.673,143.249,41.9063,0.0430905,0.102535,-0.0594441,147.67,135.634,8.497,2018,10,4,2018-10,False
2018-11-01,COALINDIA,136.409,136.949,133.912,134.426,10473803,-1.8974,141.249,143.45,143.182,38.818,-0.592564,-0.036485,-0.556079,148.06,134.439,9.643,2018,11,4,2018-11,False
2018-11-02,COALINDIA,133.345,136.177,133.294,134.658,38131025,0.1724,140.947,143.246,143.106,39.2476,-1.06535,-0.242258,-0.82309,148.369,133.525,10.531,2018,11,4,2018-11,False
2018-11-05,COALINDIA,134.864,136.563,134.787,136.1,4885178,1.0705,140.982,143.043,143.038,41.978,-1.30862,-0.455531,-0.853094,148.3,133.664,10.3816,2018,11,4,2018-11,False
2018-11-06,COALINDIA,136.434,137.284,136.022,136.898,3082375,0.5863,140.93,142.78,142.971,43.4919,-1.42066,-0.648556,-0.7721,148.353,133.508,10.5333,2018,11,4,2018-11,False
2018-11-07,COALINDIA,137.207,137.618,136.898,137.438,791919,0.3949,140.75,142.553,142.915,44.5475,-1.44912,-0.808668,-0.640449,148.334,133.166,10.7767,2018,11,4,2018-11,False
2018-11-09,COALINDIA,138.365,139.961,137.232,138.211,10993780,0.5619,140.641,142.321,142.897,46.0966,-1.39329,-0.925594,-0.467701,148.309,132.973,10.9045,2018,11,4,2018-11,False
2018-11-12,COALINDIA,139.009,139.729,135.508,135.868,4675510,-1.6949,140.571,142.019,142.869,42.2417,-1.52055,-1.04459,-0.475969,148.392,132.75,11.1273,2018,11,4,2018-11,False
2018-11-13,COALINDIA,137.721,138.339,135.997,136.717,6900299,0.6252,140.235,141.719,142.865,44.0683,-1.53517,-1.1427,-0.392464,148.115,132.356,11.2378,2018,11,4,2018-11,False
2018-11-14,COALINDIA,137.464,137.464,135.791,136.82,2565400,0.0753,139.98,141.508,142.859,44.2984,-1.5209,-1.21834,-0.302559,147.96,132.001,11.4011,2018,11,4,2018-11,False
2018-11-15,COALINDIA,136.82,137.207,134.941,135.482,1915858,-0.9784,139.639,141.276,142.843,41.8874,-1.59918,-1.29451,-0.304668,147.782,131.496,11.6629,2018,11,4,2018-11,False
2018-11-16,COALINDIA,135.919,136.846,134.529,135.739,3068376,0.19,139.221,141.047,142.81,42.5351,-1.62174,-1.35996,-0.261789,147.257,131.185,11.544,2018,11,4,2018-11,False
2018-11-19,COALINDIA,136.177,136.28,135.224,135.997,3190105,0.1897,138.938,140.805,142.774,43.2167,-1.60041,-1.40805,-0.192362,147.011,130.865,11.621,2018,11,4,2018-11,False
2018-11-20,COALINDIA,135.919,136.743,134.375,134.607,4253683,-1.0221,138.576,140.618,142.719,40.4282,-1.67634,-1.46171,-0.214638,146.749,130.403,11.7957,2018,11,4,2018-11,False
2018-11-21,COALINDIA,134.632,135.508,133.989,134.349,4772956,-0.1912,138.154,140.447,142.657,39.9145,-1.73727,-1.51682,-0.220449,146.282,130.026,11.7667,2018,11,4,2018-11,False
2018-11-22,COALINDIA,134.375,134.581,131.852,132.135,2679794,-1.6478,137.624,140.169,142.575,35.7124,-1.94181,-1.60182,-0.339991,145.875,129.373,11.9905,2018,11,4,2018-11,False
2018-11-26,COALINDIA,132.29,133.088,127.27,129.098,9857080,-2.2988,136.814,139.8,142.492,30.9047,-2.32224,-1.7459,-0.576341,145.075,128.553,12.0766,2018,11,4,2018-11,False
2018-11-27,COALINDIA,129.999,130.874,128.789,129.69,4368734,0.4586,136.062,139.515,142.422,32.8035,-2.54661,-1.90604,-0.640569,144.024,128.101,11.7027,2018,11,4,2018-11,False
2018-11-28,COALINDIA,129.999,130.642,127.296,127.605,8248590,-1.6078,135.044,139.152,142.354,29.7072,-2.85971,-2.09678,-0.762937,141.696,128.393,9.8511,2018,11,4,2018-11,False
2018-11-29,COALINDIA,128.712,129.021,124.078,127.116,18393945,-0.3833,134.299,138.795,142.273,29.0153,-3.11145,-2.29971,-0.811737,140.999,127.599,9.9783,2018,11,4,2018-11,False
2018-11-30,COALINDIA,127.167,127.888,123.074,126.086,12789209,-0.81,133.752,138.461,142.198,27.5602,-3.35536,-2.51084,-0.844517,141.253,126.251,11.2167,2018,11,4,2018-11,False
2018-12-03,COALINDIA,126.652,129.638,126.318,128.197,6676768,1.6742,133.44,138.194,142.116,34.7813,-3.33983,-2.67664,-0.66319,141.331,125.55,11.8265,2018,12,4,2018-12,False
2018-12-04,COALINDIA,128.145,130.771,127.785,129.87,4526954,1.3052,133.201,137.978,142.036,39.8958,-3.15612,-2.77254,-0.383589,141.226,125.177,12.0487,2018,12,4,2018-12,False
2018-12-05,COALINDIA,129.484,129.973,125.623,126.292,3578109,-2.7552,132.711,137.614,141.938,33.7927,-3.26167,-2.87036,-0.391307,141.176,124.245,12.7575,2018,12,4,2018-12,False
2018-12-06,COALINDIA,125.88,126.472,123.46,123.872,4379973,-1.916,132.059,137.257,141.827,30.4053,-3.50022,-2.99633,-0.503885,141.15,122.969,13.7668,2018,12,4,2018-12,False
2018-12-07,COALINDIA,124.567,124.825,121.761,121.89,6098755,-1.6002,131.282,136.8,141.69,27.935,-3.80535,-3.15814,-0.647213,141.068,121.496,14.9085,2018,12,4,2018-12,False
2018-12-10,COALINDIA,120.86,123.1,117.565,122.611,17424227,0.5913,130.502,136.418,141.554,30.1571,-3.94355,-3.31522,-0.628329,140.448,120.556,15.2432,2018,12,4,2018-12,False
2018-12-11,COALINDIA,120.345,125.648,120.345,124.644,8502316,1.6586,129.941,136.104,141.44,36.1402,-3.84466,-3.42111,-0.42355,139.879,120.003,15.2963,2018,12,4,2018-12,False
2018-12-12,COALINDIA,124.335,127.553,123.46,127.167,9121577,2.024,129.463,135.803,141.333,42.698,-3.52212,-3.44131,-0.0808093,138.937,119.989,14.6358,2018,12,4,2018-12,False
2018-12-13,COALINDIA,128.197,128.197,125.108,125.906,6797383,-0.9919,128.918,135.58,141.208,40.4608,-3.3299,-3.41903,0.0891289,137.849,119.986,13.8562,2018,12,4,2018-12,False
2018-12-14,COALINDIA,125.906,128.918,124.593,127.244,7521713,1.0632,128.506,135.316,141.09,43.8247,-3.03457,-3.34214,0.307565,136.907,120.105,13.0748,2018,12,4,2018-12,False
2018-12-17,COALINDIA,128.248,130.617,126.755,129.458,9686146,1.7398,128.192,135.055,140.98,48.9608,-2.592,-3.19211,0.600107,135.895,120.489,12.0179,2018,12,4,2018-12,False
2018-12-18,COALINDIA,129.999,130.694,128.223,129.664,6477964,0.1591,127.875,134.834,140.873,49.424,-2.19929,-2.99355,0.794251,134.697,121.053,10.6704,2018,12,4,2018-12,False
2018-12-19,COALINDIA,130.102,130.411,128.712,129.226,5294565,-0.3375,127.606,134.711,140.755,48.4183,-1.90147,-2.77513,0.873664,133.696,121.516,9.5446,2018,12,4,2018-12,False
2018-12-20,COALINDIA,127.991,131.028,127.682,128.995,8601671,-0.1793,127.338,134.532,140.649,47.863,-1.66494,-2.55309,0.888155,132.593,122.083,8.2538,2018,12,4,2018-12,False
2018-12-21,COALINDIA,129.175,130.436,127.244,130.127,12802364,0.8781,127.238,134.314,140.549,50.8317,-1.37029,-2.31653,0.946237,132.174,122.302,7.7592,2018,12,4,2018-12,False
2018-12-24,COALINDIA,130.771,130.771,127.116,127.836,4368190,-1.7606,127.175,134.062,140.427,45.2226,-1.30659,-2.11454,0.80795,132.043,122.307,7.6556,2018,12,4,2018-12,False
2018-12-26,COALINDIA,127.836,128.918,126.652,127.193,5069728,-0.5034,127.05,133.861,140.32,43.7617,-1.29314,-1.95026,0.657126,131.772,122.328,7.4338,2018,12,4,2018-12,False
2018-12-27,COALINDIA,128.454,130.771,125.545,128.815,26011475,1.2751,127.11,133.569,140.218,48.2945,-1.13848,-1.78791,0.649424,131.893,122.328,7.5255,2018,12,4,2018-12,False
2018-12-28,COALINDIA,128.788,129.027,127.118,128.47,10583895,-0.2676,127.178,133.3,140.114,47.4198,-1.03184,-1.63669,0.604857,132.0,122.357,7.582,2018,12,4,2018-12,False
2018-12-31,COALINDIA,128.682,129.583,127.303,127.648,3549194,-0.6397,127.256,133.007,140.01,45.3122,-1.00208,-1.50977,0.507689,132.054,122.459,7.5398,2018,12,4,2018-12,False
2019-01-01,COALINDIA,127.781,128.549,127.383,128.046,2227003,0.3116,127.249,132.685,139.911,46.5502,-0.935625,-1.39494,0.459316,132.04,122.457,7.5311,2019,1,1,2019-01,False
2019-01-02,COALINDIA,127.728,128.019,125.156,125.501,3897893,-1.9876,127.03,132.362,139.815,40.2681,-1.07592,-1.33114,0.255218,131.716,122.345,7.3773,2019,1,1,2019-01,False
2019-01-03,COALINDIA,126.561,126.561,123.645,124.599,5664136,-0.7182,126.946,132.017,139.722,38.2969,-1.24547,-1.314,0.0685299,131.747,122.144,7.5647,2019,1,1,2019-01,False
2019-01-04,COALINDIA,124.122,126.031,123.937,125.395,2885669,0.6383,127.022,131.669,139.636,41.0394,-1.30068,-1.31134,0.0106569,131.664,122.38,7.3089,2019,1,1,2019-01,False
2019-01-07,COALINDIA,126.19,126.19,123.804,124.334,7347326,-0.8456,127.144,131.301,139.54,38.5773,-1.4137,-1.33181,-0.0818921,131.323,122.965,6.5731,2019,1,1,2019-01,False
2019-01-08,COALINDIA,124.334,124.679,123.088,123.698,4206563,-0.5118,127.198,130.87,139.442,37.1376,-1.5369,-1.37283,-0.164072,131.151,123.246,6.2147,2019,1,1,2019-01,False
2019-01-09,COALINDIA,124.175,124.52,122.903,123.353,2954253,-0.2786,127.134,130.442,139.358,36.3464,-1.6434,-1.42694,-0.216456,131.298,122.969,6.5515,2019,1,1,2019-01,False
2019-01-10,COALINDIA,123.963,124.043,123.035,123.539,2292058,0.1505,126.952,129.954,139.28,37.1233,-1.69331,-1.48022,-0.213088,131.416,122.489,7.0322,2019,1,1,2019-01,False
2019-01-11,COALINDIA,123.91,123.937,122.744,123.141,2446815,-0.3219,126.814,129.576,139.198,36.1064,-1.74483,-1.53314,-0.211691,131.576,122.053,7.5094,2019,1,1,2019-01,False
2019-01-14,COALINDIA,123.221,123.274,121.445,122.426,2273231,-0.5813,126.573,129.284,139.117,34.2859,-1.82242,-1.591,-0.231422,131.716,121.431,8.1254,2019,1,1,2019-01,False
2019-01-15,COALINDIA,122.744,123.857,122.505,123.353,2323323,0.7579,126.268,129.062,139.039,38.6072,-1.78842,-1.63048,-0.157937,131.414,121.122,8.151,2019,1,1,2019-01,False
2019-01-16,COALINDIA,123.433,123.751,122.77,123.035,2050899,-0.2579,125.937,128.83,138.95,37.692,-1.76677,-1.65774,-0.109036,131.015,120.858,8.0652,2019,1,1,2019-01,False
2019-01-17,COALINDIA,123.406,123.406,122.16,123.035,3220136,0.0,125.627,128.569,138.854,37.692,-1.72968,-1.67213,-0.0575564,130.615,120.639,7.9411,2019,1,1,2019-01,False
2019-01-18,COALINDIA,123.088,123.3,121.736,121.948,2944908,-0.8834,125.275,128.27,138.734,34.4556,-1.76762,-1.69123,-0.0763938,130.257,120.293,7.9536,2019,1,1,2019-01,False
2019-01-21,COALINDIA,122.187,122.611,120.967,121.418,1904575,-0.4348,124.839,127.949,138.627,32.9686,-1.81949,-1.71688,-0.102613,129.55,120.128,7.5475,2019,1,1,2019-01,False
2019-01-22,COALINDIA,121.127,122.134,119.722,120.755,4564028,-0.5458,124.485,127.6,138.513,31.1583,-1.89227,-1.75196,-0.140311,129.311,119.66,7.753,2019,1,1,2019-01,False
2019-01-23,COALINDIA,120.782,120.888,119.43,119.589,2328748,-0.966,124.105,127.275,138.404,28.2211,-2.02078,-1.80572,-0.215055,129.222,118.988,8.2459,2019,1,1,2019-01,False
2019-01-24,COALINDIA,119.668,119.96,118.237,118.688,2838220,-0.7537,123.599,126.914,138.282,26.1683,-2.17033,-1.87864,-0.291689,128.757,118.44,8.3474,2019,1,1,2019-01,False
2019-01-25,COALINDIA,118.9,119.934,116.699,117.15,3432012,-1.2955,123.033,126.521,138.158,23.0837,-2.38543,-1.98,-0.40543,128.42,117.645,8.7573,2019,1,1,2019-01,False
2019-01-28,COALINDIA,117.309,120.623,115.612,119.403,3917992,1.9235,122.62,126.199,138.049,35.1486,-2.34701,-2.0534,-0.29361,127.777,117.463,8.4113,2019,1,1,2019-01,False
2019-01-29,COALINDIA,119.509,119.748,117.256,117.998,3850399,-1.1767,122.118,125.844,137.916,31.7992,-2.40225,-2.12317,-0.279078,127.0,117.236,7.9953,2019,1,1,2019-01,False
2019-01-30,COALINDIA,117.707,120.888,116.938,119.403,7349253,1.1907,121.813,125.512,137.783,38.1466,-2.30607,-2.15975,-0.146316,126.565,117.061,7.8025,2019,1,1,2019-01,False
2019-01-31,COALINDIA,120.093,120.623,118.263,119.112,15389786,-0.2442,121.539,125.203,137.654,37.3693,-2.22769,-2.17334,-0.0543545,126.247,116.83,7.7479,2019,1,1,2019-01,False
2019-02-01,COALINDIA,118.953,120.199,118.104,118.343,2820146,-0.6454,121.186,124.882,137.512,35.3254,-2.20223,-2.17912,-0.0231147,125.732,116.64,7.5023,2019,2,1,2019-02,False
2019-02-04,COALINDIA,118.396,118.873,116.673,117.76,3417620,-0.4928,120.857,124.595,137.364,33.8145,-2.20371,-2.18404,-0.0196757,125.396,116.319,7.51,2019,2,1,2019-02,False
2019-02-05,COALINDIA,117.707,118.449,114.366,114.737,5557034,-2.5664,120.409,124.308,137.198,27.2987,-2.42085,-2.2314,-0.189448,125.502,115.317,8.4591,2019,2,1,2019-02,False
2019-02-06,COALINDIA,114.791,117.017,114.711,116.62,3707342,1.6405,120.073,124.046,137.047,35.6194,-2.41323,-2.26776,-0.145461,125.236,114.91,8.6,2019,2,1,2019-02,False
2019-02-07,COALINDIA,117.07,119.112,116.726,118.873,3111207,1.9323,119.839,123.872,136.912,43.8978,-2.2,-2.25421,0.0542156,124.759,114.92,8.2103,2019,2,1,2019-02,False
2019-02-08,COALINDIA,118.714,119.642,115.374,115.93,2962142,-2.4755,119.479,123.648,136.74,37.1752,-2.24261,-2.25189,0.00928221,124.436,114.521,8.2985,2019,2,1,2019-02,False
2019-02-11,COALINDIA,115.427,116.832,113.545,116.01,4580373,0.0686,119.158,123.446,136.574,37.4541,-2.24409,-2.25033,0.00623907,124.143,114.173,8.3668,2019,2,1,2019-02,False
2019-02-12,COALINDIA,116.54,118.714,116.302,118.263,7857592,1.9424,118.904,123.248,136.418,44.9129,-2.03992,-2.20825,0.168327,123.49,114.317,7.7153,2019,2,1,2019-02,False
2019-02-14,COALINDIA,115.056,116.487,112.086,115.162,14953813,-2.6228,118.51,122.954,136.244,38.166,-2.10415,-2.18743,0.0832814,122.953,114.067,7.4982,2019,2,1,2019-02,False
2019-02-15,COALINDIA,116.593,117.442,113.836,116.62,11511255,1.2661,118.189,122.76,136.079,42.5361,-2.01417,-2.15278,0.138607,122.158,114.221,6.7154,2019,2,1,2019-02,False
2019-02-18,COALINDIA,115.586,115.586,113.889,114.075,3651021,-2.1823,117.795,122.564,135.911,37.548,-2.12374,-2.14697,0.0232262,121.756,113.835,6.7242,2019,2,1,2019-02,False
2019-02-19,COALINDIA,114.128,116.09,113.226,113.598,5288764,-0.4183,117.404,122.398,135.746,36.6794,-2.22346,-2.16227,-0.0611897,121.403,113.406,6.8115,2019,2,1,2019-02,False
2019-02-20,COALINDIA,113.889,114.738,113.226,113.969,6637981,0.3267,117.065,122.226,135.593,37.883,-2.24663,-2.17914,-0.0674925,121.018,113.112,6.7531,2019,2,1,2019-02,False
2019-02-21,COALINDIA,114.022,114.366,113.041,113.306,4081685,-0.5815,116.751,121.999,135.447,36.5471,-2.29206,-2.20172,-0.0903352,120.855,112.647,7.0304,2019,2,1,2019-02,False
2019-02-22,COALINDIA,113.916,115.003,113.173,113.969,5229408,0.5849,116.515,121.735,135.318,38.8686,-2.24866,-2.21111,-0.0375473,120.692,112.338,7.1702,2019,2,1,2019-02,False
2019-02-25,COALINDIA,114.525,114.897,112.776,113.651,9386982,-0.2791,116.34,121.49,135.198,38.1472,-2.21441,-2.21177,-0.0026361,120.695,111.985,7.486,2019,2,1,2019-02,False
2019-02-26,COALINDIA,113.094,117.707,112.935,116.726,11886116,2.7059,116.206,121.279,135.092,48.1633,-1.91702,-2.15282,0.235802,120.322,112.09,7.0842,2019,2,1,2019-02,False
2019-02-27,COALINDIA,117.442,118.979,116.434,117.415,8604781,0.5905,116.177,121.038,134.99,50.1132,-1.60719,-2.04369,0.436502,120.248,112.106,7.0078,2019,2,1,2019-02,False
2019-02-28,COALINDIA,118.502,121.895,117.786,121.047,32625237,3.0933,116.259,120.866,134.902,58.8889,-1.05641,-1.84624,0.789831,120.657,111.861,7.5661,2019,2,1,2019-02,False
2019-03-01,COALINDIA,121.312,123.539,120.146,123.353,9526492,1.9054,116.471,120.749,134.821,63.3035,-0.428854,-1.56276,1.13391,121.766,111.176,9.0923,2019,3,1,2019-03,False
2019-03-05,COALINDIA,123.751,128.311,123.38,127.86,9391114,3.6536,116.947,120.726,134.766,70.0675,0.427221,-1.16476,1.59199,124.272,109.622,12.5267,2019,3,1,2019-03,False
2019-03-06,COALINDIA,127.86,130.538,126.19,128.709,9535153,0.6635,117.495,120.698,134.731,71.1456,1.16074,-0.699663,1.86041,126.515,108.474,15.3552,2019,3,1,2019-03,False
2019-03-07,COALINDIA,128.841,128.841,123.725,124.599,7181084,-3.1926,117.988,120.633,134.676,59.8926,1.39442,-0.280847,1.67526,127.442,108.534,16.0253,2019,3,1,2019-03,False
2019-03-08,COALINDIA,123.592,125.925,121.736,124.546,12803612,-0.0426,118.384,120.58,134.599,59.7613,1.55737,0.0867972,1.47058,128.252,108.516,16.6712,2019,3,1,2019-03,False
2019-03-11,COALINDIA,125.501,129.902,124.732,129.053,19931174,3.6185,118.893,120.585,134.558,66.4886,2.02681,0.4748,1.55201,129.857,107.929,18.4428,2019,3,1,2019-03,False
2019-03-12,COALINDIA,129.902,130.909,127.887,128.815,9766818,-0.1849,119.537,120.592,134.506,65.8608,2.35248,0.850336,1.50214,131.256,107.818,19.6069,2019,3,1,2019-03,False
2019-03-13,COALINDIA,128.311,128.311,123.963,126.535,17949230,-1.7699,120.063,120.569,134.421,60.0284,2.39895,1.16006,1.23889,132.057,108.07,19.9792,2019,3,1,2019-03,False
2019-03-14,COALINDIA,127.728,129.424,126.455,128.947,13627811,1.9065,120.598,120.587,134.354,63.6923,2.60046,1.44814,1.15232,133.191,108.005,20.8843,2019,3,1,2019-03,False
2019-03-15,COALINDIA,126.641,130.511,126.19,129.557,16465364,0.4729,121.317,120.668,134.281,64.5762,2.77735,1.71398,1.06337,134.243,108.391,21.3093,2019,3,1,2019-03,False
2019-03-18,COALINDIA,129.345,130.22,128.311,129.477,5518089,-0.0614,121.96,120.766,134.219,64.3561,2.87794,1.94677,0.931168,135.178,108.742,21.6756,2019,3,1,2019-03,False
2019-03-19,COALINDIA,129.663,131.439,127.966,128.788,10839789,-0.5324,122.696,120.834,134.13,62.3723,2.86897,2.13121,0.737757,135.702,109.69,21.2004,2019,3,1,2019-03,False
2019-03-20,COALINDIA,129.689,129.689,125.13,125.66,20268896,-2.429,123.299,120.86,134.031,54.2057,2.5797,2.22091,0.358791,135.63,110.968,20.0013,2019,3,1,2019-03,False
2019-03-22,COALINDIA,126.502,127.1,125.035,126.095,14139706,0.3461,123.905,120.908,133.918,55.0861,2.35836,2.2484,0.10996,135.473,112.337,18.6721,2019,3,1,2019-03,False
2019-03-25,COALINDIA,126.666,130.172,125.769,128.949,7458064,2.2634,124.688,121.02,133.8,60.459,2.38574,2.27587,0.109876,135.315,114.06,17.0466,2019,3,1,2019-03,False
2019-03-26,COALINDIA,128.976,131.966,127.372,128.541,7475564,-0.3162,125.416,121.12,133.684,59.3664,2.34749,2.29019,0.0572947,134.884,115.948,15.0988,2019,3,1,2019-03,False
2019-03-27,COALINDIA,128.514,129.438,126.992,127.454,4777913,-0.8459,126.106,121.207,133.568,56.4374,2.20402,2.27296,-0.0689338,133.812,118.401,12.2203,2019,3,1,2019-03,False
2019-03-28,COALINDIA,127.427,129.193,126.53,128.351,20584925,0.7038,126.688,121.325,133.475,58.2667,2.13806,2.24598,-0.107916,133.05,120.325,10.0448,2019,3,1,2019-03,False
2019-04-01,COALINDIA,129.438,129.438,125.85,128.514,13985622,0.1271,127.242,121.428,133.37,58.6071,2.07503,2.21179,-0.136759,131.91,122.575,7.3371,2019,4,2,2019-04,False
2019-04-02,COALINDIA,129.9,130.199,128.052,128.514,7356923,0.0,127.616,121.538,133.269,58.6071,2.002,2.16983,-0.167833,131.285,123.947,5.7502,2019,4,2,2019-04,False
2019-04-03,COALINDIA,128.568,128.813,126.666,127.264,5120392,-0.9729,127.811,121.622,133.159,54.6446,1.82222,2.10031,-0.278088,130.894,124.729,4.8237,2019,4,2,2019-04,False
2019-04-04,COALINDIA,127.753,128.052,126.421,127.644,3948463,0.299,127.801,121.736,133.056,55.6279,1.69096,2.01844,-0.32748,130.884,124.717,4.8253,2019,4,2,2019-04,False
2019-04-05,COALINDIA,127.753,128.405,127.046,127.59,3044309,-0.0426,127.745,121.86,132.964,55.443,1.56451,1.92765,-0.36314,130.799,124.69,4.7822,2019,4,2,2019-04,False
2019-04-08,COALINDIA,127.753,128.405,125.904,126.638,4374595,-0.7456,127.847,121.977,132.866,52.1743,1.37173,1.81647,-0.444743,130.578,125.115,4.2731,2019,4,2,2019-04,False
2019-04-09,COALINDIA,126.666,130.199,126.285,129.601,9383394,2.3395,128.099,122.178,132.785,60.0696,1.44139,1.74145,-0.30006,130.455,125.744,3.6774,2019,4,2,2019-04,False
2019-04-10,COALINDIA,129.873,132.047,129.601,130.498,8657560,0.6921,128.172,122.414,132.719,62.1091,1.55111,1.70338,-0.152277,130.73,125.613,3.9922,2019,4,2,2019-04,False
2019-04-11,COALINDIA,130.525,131.341,129.71,130.987,3347291,0.3749,128.28,122.691,132.668,63.2128,1.65842,1.69439,-0.0359711,131.122,125.438,4.4312,2019,4,2,2019-04,False
2019-04-12,COALINDIA,131.558,131.558,130.172,130.906,3442878,-0.0623,128.499,122.921,132.62,62.884,1.71709,1.69893,0.0181606,131.446,125.551,4.5874,2019,4,2,2019-04,False
2019-04-15,COALINDIA,132.645,136.967,132.238,135.907,15659370,3.8206,128.847,123.279,132.603,72.3743,2.14246,1.78764,0.354825,133.284,124.409,6.8877,2019,4,2,2019-04,False
2019-04-16,COALINDIA,136.994,139.55,134.847,136.777,71315879,0.64,129.208,123.626,132.598,73.6368,2.5207,1.93425,0.586451,134.889,123.527,8.7937,2019,4,2,2019-04,False
2019-04-18,COALINDIA,136.859,137.484,135.69,136.695,7981706,-0.0596,129.569,123.978,132.599,73.2986,2.78181,2.10376,0.678048,136.165,122.972,10.1823,2019,4,2,2019-04,False
2019-04-22,COALINDIA,136.696,137.266,135.336,137.022,4703770,0.2386,129.98,124.352,132.618,73.8166,2.9807,2.27915,0.701552,137.354,122.607,11.3454,2019,4,2,2019-04,False
2019-04-23,COALINDIA,136.451,139.223,136.451,138.897,7446838,1.3688,130.642,124.774,132.63,76.6248,3.25218,2.47376,0.77842,138.725,122.559,12.374,2019,4,2,2019-04,False
2019-04-24,COALINDIA,139.169,140.419,137.756,138.082,14221692,-0.5871,131.242,125.241,132.636,72.9608,3.36276,2.65156,0.7112,139.675,122.808,12.8513,2019,4,2,2019-04,False
2019-04-25,COALINDIA,138.544,138.734,134.983,136.804,20305140,-0.9252,131.634,125.645,132.649,67.5144,3.30916,2.78308,0.526086,140.345,122.924,13.2347,2019,4,2,2019-04,False
2019-04-26,COALINDIA,137.81,138.897,135.907,136.179,2428140,-0.457,132.016,125.991,132.649,64.9586,3.17959,2.86238,0.317209,140.825,123.207,13.3451,2019,4,2,2019-04,False
2019-04-30,COALINDIA,136.179,137.81,134.059,137.076,6190464,0.6587,132.497,126.414,132.664,66.8949,3.11339,2.91258,0.200809,141.308,123.687,13.2995,2019,4,2,2019-04,False
2019-05-02,COALINDIA,136.777,138.571,136.152,137.185,5411707,0.0793,132.939,126.837,132.678,67.132,3.03472,2.93701,0.0977122,141.76,124.118,13.271,2019,5,2,2019-05,False
2019-05-03,COALINDIA,137.565,139.169,136.614,137.049,5010129,-0.0991,133.366,127.213,132.683,66.4909,2.92766,2.93514,-0.00748083,142.111,124.62,13.1147,2019,5,2,2019-05,False
2019-05-06,COALINDIA,135.962,137.647,134.847,136.641,3270067,-0.2975,133.772,127.643,132.67,64.5013,2.77789,2.90369,-0.125799,142.321,125.223,12.7816,2019,5,2,2019-05,False
2019-05-07,COALINDIA,136.994,138.761,134.657,135.255,4320204,-1.0145,134.172,128.015,132.649,58.1317,2.51831,2.82661,-0.308306,142.169,126.174,11.9213,2019,5,2,2019-05,False
2019-05-08,COALINDIA,135.69,137.049,135.119,135.418,4215463,0.1206,134.56,128.442,132.628,58.6491,2.29924,2.72114,-0.421896,141.955,127.166,10.9907,2019,5,2,2019-05,False
2019-05-09,COALINDIA,135.418,136.261,131.096,131.721,6993406,-2.7298,134.767,128.805,132.569,45.0582,1.80652,2.53821,-0.731698,141.547,127.987,10.0617,2019,5,2,2019-05,False
2019-05-10,COALINDIA,131.558,133.162,130.471,131.15,5294698,-0.4333,134.993,129.148,132.544,43.3863,1.35436,2.30144,-0.947086,140.874,129.111,8.7144,2019,5,2,2019-05,False
2019-05-13,COALINDIA,131.422,132.047,129.166,131.613,3539800,0.3523,135.093,129.514,132.519,45.1602,1.02153,2.04546,-1.02393,140.646,129.54,8.2215,2019,5,2,2019-05,False
2019-05-14,COALINDIA,131.015,132.102,129.819,131.449,3301180,-0.1239,135.141,129.864,132.487,44.6287,0.736111,1.78359,-1.04748,140.543,129.739,7.9944,2019,5,2,2019-05,False
2019-05-15,COALINDIA,131.422,131.776,126.91,127.807,5134147,-2.7709,134.982,130.147,132.453,34.7826,0.213554,1.46958,-1.25603,141.045,128.918,8.9839,2019,5,2,2019-05,False
2019-05-16,COALINDIA,127.834,128.677,124.79,126.203,4788978,-1.2548,134.747,130.337,132.403,31.4885,-0.326226,1.11042,-1.43665,141.765,127.728,10.417,2019,5,2,2019-05,False
2019-05-17,COALINDIA,126.72,129.384,126.312,128.378,7517604,1.723,134.37,130.556,132.37,39.812,-0.571945,0.773948,-1.34589,141.914,126.826,11.229,2019,5,2,2019-05,False
2019-05-20,COALINDIA,131.504,132.047,128.188,129.221,6976701,0.6563,133.992,130.72,132.344,42.7162,-0.690725,0.481013,-1.17174,141.782,126.203,11.6269,2019,5,2,2019-05,False
2019-05-21,COALINDIA,130.308,131.259,127.481,128.949,5817365,-0.2103,133.605,130.831,132.31,42.012,-0.797596,0.225291,-1.02289,141.596,125.614,11.9627,2019,5,2,2019-05,False
2019-05-22,COALINDIA,129.193,131.558,128.894,131.15,3916767,1.7074,133.311,130.897,132.292,49.3028,-0.696604,0.0409124,-0.737517,141.205,125.418,11.8424,2019,5,2,2019-05,False
2019-05-23,COALINDIA,132.102,133.189,130.308,132.727,4979182,1.2021,133.003,130.978,132.269,53.7837,-0.48378,-0.064026,-0.419754,140.447,125.559,11.1937,2019,5,2,2019-05,False
2019-05-24,COALINDIA,133.053,133.706,131.232,133.135,2407824,0.3072,132.756,131.148,132.254,54.8941,-0.278996,-0.10702,-0.171976,139.807,125.704,10.6238,2019,5,2,2019-05,False
2019-05-27,COALINDIA,133.135,133.977,132.156,132.7,1947123,-0.3267,132.55,131.311,132.235,53.4198,-0.150068,-0.11563,-0.0344382,139.34,125.761,10.2448,2019,5,2,2019-05,False
2019-05-28,COALINDIA,133.135,136.886,132.89,136.288,13294021,2.7038,132.556,131.456,132.241,62.3932,0.238872,-0.0447293,0.283601,139.358,125.754,10.263,2019,5,2,2019-05,False
2019-05-29,COALINDIA,135.853,136.777,134.521,136.288,3325742,0.0,132.516,131.606,132.247,62.3932,0.540874,0.0723914,0.468483,139.217,125.816,10.1123,2019,5,2,2019-05,False
2019-05-30,COALINDIA,136.967,138.761,135.418,137.511,16592348,0.8975,132.533,131.825,132.263,65.0549,0.868897,0.231693,0.637205,139.282,125.783,10.1854,2019,5,2,2019-05,False
2019-05-31,COALINDIA,141.887,142.947,137.103,137.81,22235393,0.2174,132.571,132.002,132.255,65.694,1.13984,0.413323,0.726522,139.435,125.706,10.3557,2019,5,2,2019-05,False
2019-06-03,COALINDIA,138.625,142.376,137.647,141.833,6895062,2.9191,132.83,132.248,132.26,72.8812,1.66005,0.662668,0.997379,140.667,124.994,11.7989,2019,6,2,2019-06,False
2019-06-04,COALINDIA,140.691,143.6,140.311,143.192,6111033,0.9582,133.227,132.522,132.257,74.8019,2.15711,0.961556,1.19555,142.289,124.166,13.6029,2019,6,2,2019-06,False
2019-06-06,COALINDIA,143.464,147.568,143.328,146.318,11211307,2.183,133.772,132.873,132.26,78.5625,2.77132,1.32351,1.44781,144.539,123.005,16.0972,2019,6,2,2019-06,False
2019-06-07,COALINDIA,146.291,146.617,143.301,144.361,4860923,-1.3375,134.404,133.247,132.273,71.3798,3.06484,1.67177,1.39306,146.107,122.701,17.4147,2019,6,2,2019-06,False
2019-06-10,COALINDIA,145.149,145.693,140.093,140.963,4916941,-2.3536,134.895,133.544,132.267,60.9595,2.98884,1.93519,1.05365,146.844,122.946,17.7158,2019,6,2,2019-06,False
2019-06-11,COALINDIA,141.561,142.675,140.012,140.664,4303321,-0.2121,135.347,133.778,132.249,60.1276,2.87138,2.12243,0.748953,147.457,123.237,17.8947,2019,6,2,2019-06,False
2019-06-12,COALINDIA,140.637,140.746,138.843,139.713,3093642,-0.6763,135.76,134.002,132.238,57.4417,2.67074,2.23209,0.438651,147.874,123.647,17.846,2019,6,2,2019-06,False
2019-06-13,COALINDIA,139.169,140.637,137.864,138.952,3433631,-0.5447,136.318,134.232,132.214,55.313,2.42239,2.27015,0.152245,147.905,124.73,17.0005,2019,6,2,2019-06,False
2019-06-14,COALINDIA,138.816,139.658,137.783,138.707,2805760,-0.1761,136.943,134.439,132.18,54.6124,2.1807,2.25226,-0.0715579,147.539,126.346,15.4758,2019,6,2,2019-06,False
2019-06-17,COALINDIA,138.625,140.066,136.288,138.788,5008880,0.0588,137.463,134.644,132.146,54.8178,1.97299,2.19641,-0.223413,147.283,127.644,14.2864,2019,6,2,2019-06,False
2019-06-18,COALINDIA,138.87,141.833,138.761,141.534,4171426,1.9781,138.079,134.905,132.13,61.187,2.00678,2.15848,-0.151702,147.245,128.914,13.2758,2019,6,2,2019-06,False
2019-06-19,COALINDIA,141.615,142.757,138.707,139.74,2982858,-1.2675,138.619,135.154,132.097,55.665,1.86727,2.10024,-0.232969,146.731,130.506,11.7047,2019,6,2,2019-06,False
2019-06-20,COALINDIA,139.169,141.887,139.169,141.534,3042607,1.2838,139.138,135.432,132.055,59.5922,1.8798,2.05615,-0.176353,146.535,131.74,10.6335,2019,6,2,2019-06,False
2019-06-21,COALINDIA,141.344,144.252,136.94,138.218,20185830,-2.343,139.412,135.645,132.002,50.659,1.60365,1.96565,-0.361997,146.19,132.635,9.7228,2019,6,2,2019-06,False
2019-06-24,COALINDIA,139.115,140.392,137.728,139.577,2633348,0.9833,139.734,135.903,131.95,53.721,1.47745,1.86801,-0.390565,145.834,133.635,8.7304,2019,6,2,2019-06,False
2019-06-25,COALINDIA,138.625,140.8,138.381,140.447,2590646,0.6232,140.122,136.12,131.898,55.6192,1.43111,1.78063,-0.34952,145.246,134.997,7.3147,2019,6,2,2019-06,False
2019-06-26,COALINDIA,140.202,143.11,139.794,141.507,4030718,0.7548,140.383,136.341,131.847,57.8864,1.46307,1.71712,-0.254052,145.208,135.557,6.8748,2019,6,2,2019-06,False
2019-06-27,COALINDIA,140.936,142.268,140.256,141.017,13174124,-0.3458,140.619,136.541,131.815,56.453,1.4324,1.66017,-0.227776,145.047,136.191,6.2975,2019,6,2,2019-06,False
2019-06-28,COALINDIA,141.045,141.778,137.538,137.973,4626498,-2.1588,140.642,136.682,131.77,48.4189,1.1492,1.55798,-0.408782,145.006,136.278,6.2056,2019,6,2,2019-06,False
2019-07-01,COALINDIA,138.218,139.386,134.82,135.5,4839632,-1.7928,140.527,136.674,131.711,43.0572,0.716899,1.38976,-0.672863,145.309,135.745,6.8056,2019,7,3,2019-07,False
2019-07-02,COALINDIA,134.983,137.538,134.331,137.375,3955456,1.3842,140.304,136.686,131.657,47.7792,0.519652,1.21574,-0.696088,145.242,135.365,7.0397,2019,7,3,2019-07,False
2019-07-03,COALINDIA,137.375,138.163,136.07,136.424,2828456,-0.6925,139.965,136.681,131.62,45.7086,0.283299,1.02925,-0.745953,144.997,134.934,7.1902,2019,7,3,2019-07,False
2019-07-04,COALINDIA,136.641,137.457,135.608,136.505,2555817,0.0598,139.475,136.67,131.588,45.9249,0.101398,0.843681,-0.742283,143.756,135.193,6.1396,2019,7,3,2019-07,False
2019-07-05,COALINDIA,136.723,137.647,130.933,131.504,4271783,-3.6639,138.832,136.523,131.515,36.3569,-0.441243,0.586696,-1.02794,143.826,133.838,7.1947,2019,7,3,2019-07,False
2019-07-08,COALINDIA,131.232,131.259,125.279,126.339,4588708,-3.9273,138.101,136.288,131.409,29.5181,-1.27334,0.214688,-1.48803,145.489,130.712,10.7003,2019,7,3,2019-07,False
2019-07-09,COALINDIA,126.394,127.862,124.056,124.817,9158261,-1.2048,137.308,136.048,131.313,27.8551,-2.03219,-0.234687,-1.7975,146.674,127.943,13.6416,2019,7,3,2019-07,False
2019-07-10,COALINDIA,125.796,127.481,125.062,126.856,5900374,1.6333,136.666,135.862,131.219,33.2771,-2.44094,-0.675937,-1.765,147.046,126.285,15.1913,2019,7,3,2019-07,False
2019-07-11,COALINDIA,127.753,128.161,126.448,127.698,4033341,0.6642,136.103,135.674,131.133,35.4369,-2.66615,-1.07398,-1.59217,147.16,125.046,16.2477,2019,7,3,2019-07,False
2019-07-12,COALINDIA,127.698,128.487,124.654,125.714,6741721,-1.5539,135.453,135.445,131.047,32.7486,-2.9705,-1.45328,-1.51722,147.36,123.547,17.5805,2019,7,3,2019-07,False
2019-07-15,COALINDIA,125.578,125.959,124.083,125.252,3265924,-0.3676,134.776,135.209,130.966,32.1371,-3.21197,-1.80502,-1.40695,147.402,122.151,18.7357,2019,7,3,2019-07,False
2019-07-16,COALINDIA,124.736,127.019,124.681,126.557,3739400,1.0417,134.028,135.007,130.895,35.7829,-3.26046,-2.09611,-1.16435,146.742,121.313,18.9729,2019,7,3,2019-07,False
2019-07-17,COALINDIA,126.122,127.291,124.491,125.035,5404435,-1.2028,133.292,134.803,130.798,33.5203,-3.38273,-2.35343,-1.0293,146.313,120.272,19.537,2019,7,3,2019-07,False
2019-07-18,COALINDIA,125.035,125.524,119.327,119.761,8729774,-4.2174,132.204,134.489,130.688,27.1224,-3.86063,-2.65487,-1.20576,145.944,118.464,20.7864,2019,7,3,2019-07,False
2019-07-19,COALINDIA,120.686,121.8,118.185,120.631,19100281,0.7263,131.324,134.268,130.568,29.5122,-4.12167,-2.94823,-1.17344,145.681,116.968,21.8646,2019,7,3,2019-07,False
2019-07-22,COALINDIA,121.121,121.311,117.614,120.359,5607789,-0.2253,130.364,134.052,130.461,29.1901,-4.3009,-3.21877,-1.08213,144.965,115.762,22.4013,2019,7,3,2019-07,False
2019-07-23,COALINDIA,120.686,121.175,117.967,118.538,4983571,-1.5131,129.268,133.79,130.352,27.0589,-4.53759,-3.48253,-1.05506,143.972,114.565,22.7486,2019,7,3,2019-07,False
2019-07-24,COALINDIA,118.729,119.299,117.098,117.886,4877895,-0.5503,128.087,133.519,130.23,26.3176,-4.72335,-3.73069,-0.99266,142.442,113.732,22.414,2019,7,3,2019-07,False
2019-07-25,COALINDIA,118.321,118.321,113.129,113.646,19251346,-3.597,126.719,133.236,130.113,22.0831,-5.15333,-4.01522,-1.13811,141.102,112.335,22.7013,2019,7,3,2019-07,False
2019-07-26,COALINDIA,113.618,115.766,111.716,114.515,10490177,0.7653,125.546,133.002,129.983,24.7574,-5.36209,-4.2846,-1.0775,139.89,111.201,22.8519,2019,7,3,2019-07,False
2019-07-29,COALINDIA,114.515,115.576,111.172,111.661,11715160,-2.4923,124.354,132.668,129.829,22.0794,-5.69222,-4.56612,-1.1261,139.17,109.538,23.829,2019,7,3,2019-07,False
2019-07-30,COALINDIA,111.77,112.422,107.639,108.481,10527314,-2.8481,122.909,132.253,129.668,19.5427,-6.13969,-4.88083,-1.25885,138.011,107.807,24.5744,2019,7,3,2019-07,False
2019-07-31,COALINDIA,108.291,111.988,107.122,111.145,10992207,2.4555,121.645,131.897,129.547,27.098,-6.20781,-5.14623,-1.06158,136.206,107.084,23.9406,2019,7,3,2019-07,False
2019-08-01,COALINDIA,111.58,111.58,108.998,110.058,6018424,-0.9782,120.323,131.475,129.408,26.0238,-6.27717,-5.37242,-0.90475,133.977,106.668,22.6965,2019,8,3,2019-08,False
2019-08-02,COALINDIA,109.215,109.297,106.198,107.204,6376599,-2.5932,119.108,130.965,129.238,23.4014,-6.48765,-5.59546,-0.892184,132.897,105.318,23.1544,2019,8,3,2019-08,False
2019-08-05,COALINDIA,106.551,110.302,104.975,109.052,8942376,1.7242,118.243,130.483,129.082,28.4313,-6.43117,-5.7626,-0.668567,132.289,104.198,23.757,2019,8,3,2019-08,False
2019-08-06,COALINDIA,107.938,112.939,107.938,111.498,12536563,2.2433,117.577,130.059,128.953,34.5564,-6.11849,-5.83378,-0.284706,131.574,103.581,23.8074,2019,8,3,2019-08,False
2019-08-07,COALINDIA,111.009,113.673,109.677,112.042,9270695,0.4876,116.837,129.574,128.796,35.8699,-5.76041,-5.81911,0.058695,130.324,103.349,23.0874,2019,8,3,2019-08,False
2019-08-08,COALINDIA,112.069,115.956,111.362,115.168,8622272,2.7899,116.21,129.152,128.662,42.9591,-5.16487,-5.68826,0.523392,128.7,103.72,21.4958,2019,8,3,2019-08,False
2019-08-09,COALINDIA,116.282,116.337,112.531,112.857,7027377,-2.0061,115.567,128.658,128.515,39.4848,-4.82372,-5.51535,0.691631,127.298,103.836,20.3014,2019,8,3,2019-08,False
2019-08-13,COALINDIA,113.02,114.95,110.085,110.764,6907370,-1.8545,114.843,128.118,128.348,36.5973,-4.66843,-5.34597,0.677536,125.821,103.865,19.1182,2019,8,3,2019-08,False
2019-08-14,COALINDIA,113.347,113.347,106.361,108.998,16687905,-1.5951,113.965,127.461,128.185,34.3159,-4.6345,-5.20367,0.56917,123.741,104.189,17.1566,2019,8,3,2019-08,False
2019-08-16,COALINDIA,108.726,110.275,108.563,109.786,12556891,0.7232,113.203,126.793,128.025,36.226,-4.49223,-5.06139,0.569156,121.629,104.776,14.8877,2019,8,3,2019-08,False
2019-08-19,COALINDIA,110.194,110.411,107.938,108.155,5848151,-1.4855,112.622,126.03,127.851,34.0216,-4.45966,-4.94104,0.481377,120.74,104.505,14.4158,2019,8,3,2019-08,False
2019-08-20,COALINDIA,108.4,108.454,105.681,106.171,7496337,-1.8347,111.899,125.266,127.669,31.5093,-4.54162,-4.86116,0.319539,119.577,104.221,13.7234,2019,8,3,2019-08,False
2019-08-21,COALINDIA,106.008,106.252,102.257,102.637,10788976,-3.3282,111.013,124.499,127.455,27.6006,-4.83595,-4.85611,0.0201645,118.671,103.355,13.796,2019,8,3,2019-08,False
2019-08-22,COALINDIA,102.202,102.447,96.6028,98.3153,13370852,-4.2108,110.002,123.652,127.223,23.7242,-5.35621,-4.95613,-0.400073,118.74,101.264,15.8875,2019,8,3,2019-08,False
2019-08-23,COALINDIA,98.3153,102.963,97.9348,102.202,11447263,3.9536,109.218,122.902,126.994,32.8576,-5.3927,-5.04345,-0.349256,117.79,100.645,15.6983,2019,8,3,2019-08,False
2019-08-26,COALINDIA,103.833,104.322,99.2395,102.61,8851543,0.3989,108.666,122.175,126.797,33.7536,-5.32732,-5.10022,-0.227096,117.457,99.8755,16.1789,2019,8,3,2019-08,False
2019-08-27,COALINDIA,103.289,105.6,102.746,104.295,11357212,1.6424,108.155,121.487,126.634,37.4684,-5.08094,-5.09637,0.0154219,116.699,99.6114,15.7987,2019,8,3,2019-08,False
2019-08-28,COALINDIA,102.746,104.703,100.136,100.599,10791130,-3.5444,107.602,120.723,126.465,33.0857,-5.1249,-5.10207,-0.022831,116.609,98.5943,16.7424,2019,8,3,2019-08,False
2019-08-29,COALINDIA,99.6472,103.453,98.9948,102.746,31069292,2.1345,107.315,119.947,126.305,37.6481,-4.92965,-5.06759,0.13794,116.567,98.0635,17.2419,2019,8,3,2019-08,False
2019-08-30,COALINDIA,103.154,103.534,99.022,100.435,11880019,-2.2487,106.78,119.161,126.127,34.8915,-4.9048,-5.03503,0.130233,116.333,97.2266,17.893,2019,8,3,2019-08,False
2019-09-03,COALINDIA,99.4841,100.952,97.8804,98.424,7054535,-2.0027,106.198,118.299,125.934,32.6501,-4.98989,-5.026,0.0361144,116.311,96.085,19.0455,2019,9,3,2019-09,False
2019-09-04,COALINDIA,98.424,99.7015,97.3639,99.022,6030798,0.6076,105.789,117.515,125.742,34.0074,-4.95199,-5.0112,0.0592126,116.381,95.1966,20.0252,2019,9,3,2019-09,False
2019-09-05,COALINDIA,99.9734,106.769,99.919,105.926,29083353,6.9723,105.633,116.842,125.581,47.2299,-4.3151,-4.87198,0.556876,116.114,95.1514,19.8445,2019,9,3,2019-09,False
2019-09-06,COALINDIA,106.633,108.454,104.812,107.965,16095238,1.9246,105.456,116.193,125.441,50.3907,-3.60432,-4.61845,1.01412,115.635,95.2763,19.3059,2019,9,3,2019-09,False
2019-09-09,COALINDIA,107.693,108.78,106.986,108.372,5382211,0.3776,105.272,115.53,125.3,51.0225,-2.97384,-4.28953,1.31568,115.078,95.4672,18.6282,2019,9,3,2019-09,False
2019-09-11,COALINDIA,108.617,110.357,106.307,106.932,8755389,-1.3293,104.861,114.848,125.15,48.664,-2.56091,-3.9438,1.38289,113.543,96.1777,16.5608,2019,9,3,2019-09,False
2019-09-12,COALINDIA,107.421,108.291,106.225,107.475,6446408,0.5084,104.591,114.238,125.01,49.6106,-2.16484,-3.58801,1.42317,112.533,96.6502,15.1854,2019,9,3,2019-09,False
2019-09-13,COALINDIA,107.992,108.508,105.736,107.747,6979583,0.2529,104.441,113.683,124.87,50.106,-1.80817,-3.23204,1.42387,111.993,96.888,14.4631,2019,9,3,2019-09,False
2019-09-16,COALINDIA,107.448,109.378,106.877,109.025,3961273,1.1857,104.442,113.116,124.735,52.471,-1.40621,-2.86688,1.46067,111.998,96.8859,14.4695,2019,9,3,2019-09,False
2019-09-17,COALINDIA,109.052,109.052,106.551,107.421,5885854,-1.471,104.324,112.536,124.599,49.3111,-1.20319,-2.53414,1.33095,111.596,97.051,13.9426,2019,9,3,2019-09,False
2019-09-18,COALINDIA,107.883,108.291,104.241,104.567,5488038,-2.6569,104.144,111.897,124.45,44.2088,-1.25809,-2.27893,1.02084,111.193,97.096,13.5358,2019,9,3,2019-09,False
2019-09-19,COALINDIA,103.996,105.736,103.018,105.165,7916117,0.5718,104.094,111.371,124.316,45.4816,-1.23907,-2.07096,0.83189,111.096,97.0924,13.4526,2019,9,3,2019-09,False
2019-09-20,COALINDIA,105.301,110.03,102.664,108.753,30567231,3.4117,104.4,111.019,124.214,52.4862,-0.923823,-1.84153,0.917707,111.663,97.1368,13.914,2019,9,3,2019-09,False
2019-09-23,COALINDIA,111.716,113.292,109.025,110.194,9396444,1.3247,104.994,110.726,124.116,54.9869,-0.551388,-1.5835,1.03211,112.103,97.8846,13.5421,2019,9,3,2019-09,False
2019-09-24,COALINDIA,110.683,111.824,107.149,107.72,9662821,-2.2447,105.27,110.344,124.017,50.1103,-0.450627,-1.35693,0.906299,112.351,98.1884,13.4535,2019,9,3,2019-09,False
2019-09-25,COALINDIA,104.92,108.019,103.915,104.703,6873148,-2.8009,105.374,109.884,123.905,44.8815,-0.607231,-1.20699,0.599756,112.351,98.3975,13.242,2019,9,3,2019-09,False
2019-09-26,COALINDIA,103.643,111.362,103.045,110.52,20274950,5.5555,105.686,109.58,123.827,54.6962,-0.258989,-1.01739,0.758399,113.007,98.3646,13.8543,2019,9,3,2019-09,False
2019-09-27,COALINDIA,110.52,111.335,106.932,108.372,10240429,-1.9429,106.074,109.242,123.728,51.0802,-0.154492,-0.844809,0.690316,113.077,99.0719,13.2027,2019,9,3,2019-09,False
2019-09-30,COALINDIA,107.367,109.133,106.85,108.644,7578946,0.2508,106.369,108.884,123.622,51.5172,-0.0491797,-0.685683,0.636503,113.277,99.4609,12.9893,2019,9,3,2019-09,False
2019-10-01,COALINDIA,108.726,109.052,103.697,105.518,10416295,-2.8771,106.623,108.494,123.518,46.3861,-0.215463,-0.591639,0.376176,112.963,100.284,11.8919,2019,10,4,2019-10,False
2019-10-03,COALINDIA,104.92,104.92,100.707,101.523,12270678,-3.7867,106.778,108.129,123.406,40.7931,-0.662033,-0.605718,-0.0563152,112.383,101.173,10.4983,2019,10,4,2019-10,False
2019-10-04,COALINDIA,102.039,102.936,99.022,101.006,12238072,-0.5087,106.877,107.736,123.302,40.1197,-1.04556,-0.693686,-0.351875,111.949,101.806,9.4908,2019,10,4,2019-10,False
2019-10-07,COALINDIA,101.631,102.311,99.4841,100.245,6160378,-0.7535,106.593,107.334,123.19,39.0956,-1.39485,-0.833918,-0.560927,112.463,100.724,11.0132,2019,10,4,2019-10,False
2019-10-09,COALINDIA,100.463,101.496,99.4841,100.762,5808768,0.5152,106.233,106.979,123.071,40.211,-1.61141,-0.989416,-0.62199,112.611,99.8559,12.0063,2019,10,4,2019-10,False
2019-10-10,COALINDIA,100.571,101.061,99.8646,100.327,4047661,-0.4316,105.831,106.627,122.936,39.554,-1.79741,-1.15101,-0.646392,112.641,99.0214,12.8688,2019,10,4,2019-10,False
2019-10-11,COALINDIA,100.707,103.425,100.707,102.773,7104915,2.4383,105.623,106.41,122.821,44.9972,-1.7275,-1.26631,-0.46119,112.544,98.7019,13.1053,2019,10,4,2019-10,False
2019-10-14,COALINDIA,103.072,103.724,102.175,103.344,6340044,0.5554,105.416,106.187,122.701,46.2143,-1.60751,-1.33455,-0.272957,112.351,98.4815,13.1572,2019,10,4,2019-10,False
2019-10-15,COALINDIA,102.746,104.757,102.229,103.915,5459056,0.5523,105.225,106.032,122.573,47.4661,-1.44964,-1.35757,-0.0920748,112.1,98.3495,13.0679,2019,10,4,2019-10,False
2019-10-16,COALINDIA,104.54,106.66,104.023,105.763,7396404,1.7787,105.062,105.977,122.454,51.4099,-1.162,-1.31845,0.156458,111.708,98.415,12.653,2019,10,4,2019-10,False
2019-10-17,COALINDIA,105.464,108.699,104.866,108.4,6611768,2.4929,105.111,105.922,122.35,56.434,-0.713063,-1.19738,0.484313,111.844,98.377,12.8126,2019,10,4,2019-10,False
2019-10-18,COALINDIA,108.073,112.259,107.503,111.96,12709671,3.2848,105.48,105.96,122.265,62.1291,-0.0691591,-0.971733,0.902574,112.868,98.0923,14.0083,2019,10,4,2019-10,False
2019-10-22,COALINDIA,111.988,114.135,110.52,113.51,9795154,1.3838,105.898,106.086,122.182,64.3151,0.559708,-0.665445,1.22515,114.107,97.6877,15.5053,2019,10,4,2019-10,False
2019-10-23,COALINDIA,113.836,115.086,112.287,113.51,7137614,0.0,106.135,106.176,122.11,64.3151,1.04603,-0.323149,1.36918,114.947,97.3237,16.6046,2019,10,4,2019-10,False
2019-10-24,COALINDIA,114.162,114.162,111.118,111.553,8470734,-1.7241,106.203,106.177,122.032,59.3008,1.25902,-0.00671643,1.26573,115.166,97.2402,16.8792,2019,10,4,2019-10,False
2019-10-25,COALINDIA,112.314,112.504,110.357,111.906,5368529,0.3168,106.413,106.174,121.947,59.9085,1.43972,0.282572,1.15715,115.714,97.1113,17.4817,2019,10,4,2019-10,False
2019-10-27,COALINDIA,112.368,113.51,109.568,110.275,755584,-1.4574,106.691,106.076,121.856,55.769,1.4348,0.513017,0.92178,116.11,97.2725,17.6562,2019,10,4,2019-10,False
2019-10-29,COALINDIA,110.9,114.407,108.508,114.026,6925785,3.4015,106.867,106.1,121.788,62.2328,1.71381,0.753176,0.960637,116.707,97.0266,18.4154,2019,10,4,2019-10,False
2019-10-30,COALINDIA,114.57,114.679,111.77,112.123,4487164,-1.6686,107.054,106.127,121.708,57.6321,1.7611,0.954761,0.806343,117.155,96.9538,18.8697,2019,10,4,2019-10,False
2019-10-31,COALINDIA,112.531,113.618,111.988,112.83,6655719,0.6303,107.263,106.203,121.645,58.849,1.83446,1.1307,0.703762,117.671,96.8555,19.4063,2019,10,4,2019-10,False
2019-11-01,COALINDIA,111.444,113.075,109.732,112.586,7118433,-0.2168,107.617,106.259,121.585,58.2255,1.85152,1.27486,0.576652,118.253,96.981,19.7661,2019,11,4,2019-11,False
2019-11-04,COALINDIA,111.988,117.206,111.879,116.88,8489492,3.8146,108.385,106.434,121.542,65.1961,2.18637,1.45717,0.729207,119.379,97.3899,20.2884,2019,11,4,2019-11,False
2019-11-05,COALINDIA,117.967,118.266,113.945,114.787,12681517,-1.7907,109.074,106.606,121.495,59.9463,2.25685,1.6171,0.639745,119.847,98.3008,19.7534,2019,11,4,2019-11,False
2019-11-06,COALINDIA,114.923,116.799,114.787,115.467,4344694,0.592,109.835,106.863,121.454,61.0431,2.34055,1.76179,0.578758,120.121,99.5483,18.7308,2019,11,4,2019-11,False
2019-11-07,COALINDIA,116.065,116.201,114.651,115.521,3529240,0.0471,110.573,107.207,121.414,61.1349,2.3838,1.88619,0.497603,120.216,100.929,17.4426,2019,11,4,2019-11,False
2019-11-08,COALINDIA,115.576,117.424,113.129,113.754,6324778,-1.5294,111.244,107.438,121.366,56.482,2.24957,1.95887,0.290701,119.678,102.81,15.1624,2019,11,4,2019-11,False
2019-11-11,COALINDIA,113.591,114.597,111.852,114.081,3485203,0.2867,111.81,107.667,121.32,57.1307,2.14479,1.99605,0.148738,119.317,104.302,13.4296,2019,11,4,2019-11,False
2019-11-13,COALINDIA,117.37,117.424,112.096,112.667,12228149,-1.239,112.276,107.835,121.271,53.4151,1.9255,1.98194,-0.0564384,118.641,105.91,11.339,2019,11,4,2019-11,False
2019-11-14,COALINDIA,113.347,113.347,109.677,110.003,4889669,-2.3643,112.58,108.023,121.205,47.1865,1.51926,1.88941,-0.370146,117.728,107.432,9.145,2019,11,4,2019-11,False
2019-11-15,COALINDIA,110.329,111.172,108.998,109.351,4544919,-0.593,112.76,108.155,121.136,45.7786,1.13162,1.73785,-0.606226,117.093,108.427,7.6854,2019,11,4,2019-11,False
2019-11-18,COALINDIA,109.813,109.813,107.774,108.889,5894876,-0.4226,112.784,108.324,121.066,44.7599,0.778161,1.54591,-0.767751,117.018,108.55,7.5077,2019,11,4,2019-11,False
2019-11-19,COALINDIA,109.242,109.433,107.774,108.508,3836452,-0.3495,112.611,108.526,120.998,43.8936,0.462009,1.32913,-0.867123,117.249,107.974,8.236,2019,11,4,2019-11,False
2019-11-20,COALINDIA,108.671,110.9,108.427,110.384,4456738,1.7285,112.455,108.753,120.943,49.1202,0.358661,1.13504,-0.776376,117.175,107.735,8.3942,2019,11,4,2019-11,False
2019-11-21,COALINDIA,110.357,110.71,106.443,106.877,4650473,-3.1766,112.123,108.772,120.874,41.3625,-0.00611132,0.906808,-0.912919,117.427,106.82,9.4605,2019,11,4,2019-11,False
2019-11-22,COALINDIA,107.068,108.372,106.714,108.182,4335573,1.2208,111.955,108.776,120.817,44.8525,-0.187753,0.687896,-0.875648,117.542,106.368,9.9803,2019,11,4,2019-11,False
2019-11-25,COALINDIA,108.237,109.623,107.883,109.106,3884393,0.8543,111.815,108.791,120.769,47.2476,-0.254202,0.499476,-0.753678,117.545,106.085,10.2497,2019,11,4,2019-11,False
2019-11-26,COALINDIA,109.269,109.867,106.66,107.503,8027053,-1.4698,111.676,108.802,120.721,43.7008,-0.431297,0.313321,-0.744619,117.691,105.662,10.7709,2019,11,4,2019-11,False
2019-11-27,COALINDIA,107.367,109.65,106.66,109.269,4378518,1.6435,111.439,108.838,120.67,48.305,-0.424192,0.165819,-0.590011,117.438,105.439,10.7669,2019,11,4,2019-11,False
2019-11-28,COALINDIA,109.025,112.178,108.617,111.906,7855291,2.413,111.428,108.921,120.639,54.3102,-0.203462,0.0919624,-0.295425,117.422,105.433,10.7599,2019,11,4,2019-11,False
2019-11-29,COALINDIA,112.205,113.51,110.819,111.58,5422867,-0.2915,111.365,108.973,120.6,53.4825,-0.0542271,0.0627245,-0.116952,117.324,105.406,10.702,2019,11,4,2019-11,False
2019-12-02,COALINDIA,111.553,112.205,109.949,111.906,3284647,0.2923,111.331,109.062,120.564,54.2336,0.089333,0.0680462,0.0212868,117.269,105.394,10.6665,2019,12,4,2019-12,False
2019-12-03,COALINDIA,112.259,112.368,110.9,111.77,2619997,-0.1214,111.076,109.206,120.531,53.8435,0.18995,0.092427,0.0975233,116.418,105.734,9.6188,2019,12,4,2019-12,False
2019-12-04,COALINDIA,111.227,111.444,109.351,110.221,5343182,-1.3862,110.847,109.307,120.494,49.4741,0.143022,0.102546,0.0404761,115.904,105.79,9.124,2019,12,4,2019-12,False
2019-12-05,COALINDIA,110.085,110.411,106.361,106.769,6745934,-3.132,110.412,109.268,120.454,41.4108,-0.170754,0.0478861,-0.21864,115.289,105.535,8.8341,2019,12,4,2019-12,False
2019-12-06,COALINDIA,106.769,107.095,103.779,104.377,5644775,-2.2403,109.855,109.151,120.393,36.9206,-0.605455,-0.082782,-0.522673,114.82,104.89,9.0394,2019,12,4,2019-12,False
2019-12-09,COALINDIA,104.35,105.247,103.833,104.186,3992473,-0.1823,109.377,109.081,120.319,36.5809,-0.954311,-0.257088,-0.697223,114.597,104.156,9.5458,2019,12,4,2019-12,False
2019-12-10,COALINDIA,104.377,104.621,101.414,101.767,4431410,-2.3219,108.761,109.022,120.248,32.4871,-1.40974,-0.487617,-0.922118,114.522,103.0,10.5939,2019,12,4,2019-12,False
2019-12-11,COALINDIA,102.365,102.936,100.571,101.74,8520046,-0.0267,108.215,108.846,120.177,32.4431,-1.75265,-0.740625,-1.01203,114.468,101.962,11.5564,2019,12,4,2019-12,False
2019-12-12,COALINDIA,102.365,103.752,101.251,103.371,8081188,1.603,107.883,108.746,120.103,37.8719,-1.87125,-0.96675,-0.9045,114.433,101.333,12.1426,2019,12,4,2019-12,False
2019-12-13,COALINDIA,104.214,107.041,103.996,106.687,5851149,3.208,107.75,108.707,120.06,47.1683,-1.67831,-1.10906,-0.569246,114.283,101.217,12.1254,2019,12,4,2019-12,False
2019-12-16,COALINDIA,107.095,107.258,104.377,104.703,3154315,-1.8599,107.541,108.691,120.001,43.0203,-1.6663,-1.22051,-0.445793,114.187,100.895,12.3602,2019,12,4,2019-12,False
2019-12-17,COALINDIA,105.165,106.823,104.404,106.66,3652710,1.8691,107.448,108.794,119.964,47.888,-1.48179,-1.27277,-0.209024,114.089,100.807,12.3611,2019,12,4,2019-12,False
2019-12-18,COALINDIA,106.47,107.91,105.899,107.503,3623918,0.79,107.304,108.924,119.933,49.8737,-1.25312,-1.26884,0.0157144,113.8,100.808,12.108,2019,12,4,2019-12,False
2019-12-19,COALINDIA,107.312,107.693,106.144,107.041,2015809,-0.4299,107.312,109.06,119.898,48.776,-1.09655,-1.23438,0.137829,113.807,100.818,12.1036,2019,12,4,2019-12,False
2019-12-20,COALINDIA,107.013,110.194,106.633,109.161,5806708,1.9807,107.361,109.228,119.878,53.8,-0.79225,-1.14595,0.353703,113.898,100.825,12.1767,2019,12,4,2019-12,False
2019-12-23,COALINDIA,109.052,110.003,106.714,107.231,6665480,-1.7679,107.268,109.366,119.844,49.0812,-0.698762,-1.05652,0.357753,113.752,100.783,12.0908,2019,12,4,2019-12,False
2019-12-24,COALINDIA,107.53,108.563,107.312,108.155,3113553,0.8619,107.3,109.473,119.817,51.2847,-0.54383,-0.953978,0.410148,113.796,100.804,12.1086,2019,12,4,2019-12,False
2019-12-26,COALINDIA,107.856,109.487,106.116,107.258,8630191,-0.8294,107.2,109.552,119.769,49.0653,-0.487802,-0.860743,0.372941,113.629,100.77,11.996,2019,12,4,2019-12,False
2019-12-27,COALINDIA,107.91,111.716,107.448,110.628,5046833,3.1424,107.136,109.686,119.735,56.6557,-0.169476,-0.72249,0.553014,113.392,100.88,11.6786,2019,12,4,2019-12,False
2019-12-30,COALINDIA,110.656,112.123,109.378,111.879,4696784,1.1302,107.151,109.808,119.689,59.0913,0.1816,-0.541672,0.723272,113.453,100.849,11.7628,2019,12,4,2019-12,False
2019-12-31,COALINDIA,111.444,115.494,111.145,114.896,10534842,2.6968,107.3,109.938,119.647,64.3035,0.695271,-0.294283,0.989554,114.191,100.409,12.8448,2019,12,4,2019-12,False
2020-01-01,COALINDIA,114.896,115.576,113.292,115.222,6447592,0.2839,107.473,110.003,119.584,64.8254,1.11582,-0.0122625,1.12808,114.981,99.9647,13.9719,2020,1,1,2020-01,False
2020-01-02,COALINDIA,115.521,115.684,113.238,114.76,5958343,-0.4011,107.7,110.028,119.514,63.4112,1.39573,0.269336,1.12639,115.808,99.5915,15.0571,2020,1,1,2020-01,False
2020-01-03,COALINDIA,114.162,115.576,112.912,115.168,6452638,0.3553,108.12,110.061,119.467,64.1543,1.63165,0.541799,1.08985,116.869,99.3698,16.1855,2020,1,1,2020-01,False
2020-01-06,COALINDIA,114.135,114.135,110.601,111.824,6853058,-2.903,108.492,110.067,119.403,54.3989,1.53119,0.739678,0.791516,117.205,99.779,16.062,2020,1,1,2020-01,False
2020-01-07,COALINDIA,112.259,113.184,111.091,111.824,5243225,0.0,108.874,110.065,119.317,54.3989,1.43504,0.87875,0.556287,117.461,100.287,15.7743,2020,1,1,2020-01,False
2020-01-08,COALINDIA,110.357,111.199,107.747,108.835,7295998,-2.6738,109.227,110.036,119.217,46.9882,1.10483,0.923967,0.180866,117.138,101.317,14.4849,2020,1,1,2020-01,False
2020-01-09,COALINDIA,110.493,110.737,107.285,107.639,10321169,-1.0989,109.522,109.909,119.123,44.3836,0.738129,0.886799,-0.14867,116.66,102.385,13.0338,2020,1,1,2020-01,False
2020-01-10,COALINDIA,108.264,112.287,108.155,111.607,13533598,3.6869,109.934,109.898,119.036,53.5786,0.758989,0.861237,-0.102248,116.505,103.363,11.9545,2020,1,1,2020-01,False
2020-01-13,COALINDIA,111.607,115.249,111.444,115.005,9863555,3.0443,110.35,109.942,118.963,59.719,1.03772,0.896534,0.141189,117.106,103.594,12.2448,2020,1,1,2020-01,False
2020-01-14,COALINDIA,114.787,116.065,114.026,115.766,5417581,0.6618,110.903,110.005,118.895,60.9645,1.30499,0.978226,0.326765,117.523,104.284,11.9375,2020,1,1,2020-01,False
2020-01-15,COALINDIA,115.576,116.663,114.869,115.494,4863227,-0.2348,111.345,109.978,118.828,60.2479,1.47783,1.07815,0.399685,117.951,104.738,11.8664,2020,1,1,2020-01,False
2020-01-16,COALINDIA,115.494,115.63,112.586,114.298,6937929,-1.0355,111.684,109.968,118.772,57.0696,1.501,1.16272,0.338284,118.156,105.213,11.5896,2020,1,1,2020-01,False
2020-01-17,COALINDIA,114.162,114.461,112.042,113.02,5985342,-1.1177,111.983,109.919,118.706,53.8044,1.40014,1.2102,0.189936,118.095,105.872,10.9142,2020,1,1,2020-01,False
2020-01-20,COALINDIA,113.075,114.053,108.998,109.351,8110607,-3.2467,111.993,109.796,118.608,45.714,1.01244,1.17065,-0.158213,118.086,105.9,10.8812,2020,1,1,2020-01,False
2020-01-21,COALINDIA,109.351,111.58,109.351,109.895,6347967,0.4972,112.126,109.718,118.515,46.9859,0.740511,1.08462,-0.344111,117.888,106.364,10.2782,2020,1,1,2020-01,False
2020-01-22,COALINDIA,108.237,108.4,103.806,104.322,19096395,-5.0705,111.935,109.523,118.399,37.3316,0.0745183,0.882601,-0.808082,118.458,105.412,11.6551,2020,1,1,2020-01,False
2020-01-23,COALINDIA,104.404,106.116,103.208,103.697,16369722,-0.5993,111.757,109.344,118.276,36.4272,-0.497991,0.606482,-1.10447,118.974,104.539,12.9171,2020,1,1,2020-01,False
2020-01-24,COALINDIA,104.92,106.714,104.458,105.437,10626281,1.6776,111.497,109.253,118.161,40.7298,-0.802091,0.324768,-1.12686,119.24,103.754,13.8891,2020,1,1,2020-01,False
2020-01-27,COALINDIA,105.437,106.008,104.377,105.111,7195361,-0.3094,111.159,109.168,118.044,40.1807,-1.05722,0.0483694,-1.10559,119.406,102.911,14.8398,2020,1,1,2020-01,False
2020-01-28,COALINDIA,105.41,105.6,102.42,102.827,10274562,-2.1723,110.555,109.047,117.922,36.4737,-1.42721,-0.246746,-1.18046,119.396,101.714,15.994,2020,1,1,2020-01,False
2020-01-29,COALINDIA,103.833,104.92,102.202,103.86,10602818,1.0045,109.987,108.954,117.803,39.2062,-1.61842,-0.521081,-1.09734,119.023,100.951,16.4318,2020,1,1,2020-01,False
2020-01-30,COALINDIA,104.051,104.567,101.93,102.175,10859103,-1.6226,109.358,108.789,117.676,36.4514,-1.88422,-0.793709,-1.09051,118.741,99.9747,17.1602,2020,1,1,2020-01,False
2020-01-31,COALINDIA,102.637,102.991,97.8532,98.7774,35281395,-3.3254,108.538,108.627,117.536,31.6263,-2.34204,-1.10338,-1.23866,118.622,98.4549,18.5802,2020,1,1,2020-01,False
2020-02-03,COALINDIA,95.0807,97.5542,93.5857,97.1193,15284598,-1.6786,107.803,108.406,117.374,29.5694,-2.80631,-1.44396,-1.36234,118.964,96.6417,20.7069,2020,2,1,2020-02,False
2020-02-04,COALINDIA,98.261,99.4841,97.7173,99.2123,10043759,2.1551,107.172,108.208,117.217,35.2907,-2.9711,-1.74939,-1.22171,118.793,95.552,21.6853,2020,2,1,2020-02,False
2020-02-05,COALINDIA,100.028,100.028,97.0378,97.4455,9468632,-1.7808,106.603,108.007,117.05,32.8637,-3.2073,-2.04097,-1.16633,118.972,94.2334,23.2066,2020,2,1,2020-02,False
2020-02-06,COALINDIA,97.9619,98.723,96.9019,97.826,6917941,0.3905,106.112,107.778,116.884,33.9179,-3.32545,-2.29787,-1.02758,119.073,93.1515,24.4285,2020,2,1,2020-02,False
2020-02-07,COALINDIA,98.0163,101.142,96.8203,100.599,13470302,2.8341,105.562,107.552,116.708,41.1657,-3.15895,-2.47008,-0.688868,118.475,92.6487,24.4656,2020,2,1,2020-02,False
2020-02-10,COALINDIA,100.517,100.571,96.5757,97.2281,19665611,-3.3504,104.673,107.265,116.51,35.9969,-3.26138,-2.62834,-0.633033,117.293,92.0527,24.1139,2020,2,1,2020-02,False
2020-02-11,COALINDIA,97.8532,98.6687,95.8146,97.4999,16397703,0.2796,103.76,106.977,116.314,36.6873,-3.28277,-2.75923,-0.523544,115.621,91.8985,22.8629,2020,2,1,2020-02,False
2020-02-12,COALINDIA,98.3968,99.7015,96.8747,98.0163,14669421,0.5297,102.886,106.702,116.119,38.0545,-3.22093,-2.85157,-0.36936,113.63,92.142,20.885,2020,2,1,2020-02,False
2020-02-13,COALINDIA,98.0163,98.3697,95.5972,96.6572,11781999,-1.3866,102.004,106.431,115.908,35.8598,-3.24419,-2.93009,-0.314093,111.643,92.3651,18.8987,2020,2,1,2020-02,False
2020-02-14,COALINDIA,96.766,97.2552,94.7002,94.9992,15392705,-1.7154,101.103,106.195,115.692,33.334,-3.3577,-3.01561,-0.342089,109.72,92.4851,17.0474,2020,2,1,2020-02,False
2020-02-17,COALINDIA,94.9992,95.2438,90.6773,91.2481,15997350,-3.9485,100.198,105.933,115.465,28.4516,-3.70761,-3.15401,-0.553594,108.969,91.4262,17.5082,2020,2,1,2020-02,False
2020-02-18,COALINDIA,91.384,94.5642,89.6988,93.4226,27643844,2.3831,99.374,105.717,115.251,34.4459,-3.76603,-3.27642,-0.489614,107.371,91.3773,16.0943,2020,2,1,2020-02,False
2020-02-19,COALINDIA,95.869,97.065,94.7274,96.6301,21092109,3.4333,98.9894,105.615,115.049,42.1454,-3.51302,-3.32374,-0.189284,106.72,91.2592,15.6181,2020,2,1,2020-02,False
2020-02-20,COALINDIA,96.6301,97.9891,95.2438,97.4999,16776977,0.9001,98.6795,105.53,114.85,44.0641,-3.20538,-3.30007,0.0946892,106.106,91.2531,15.0516,2020,2,1,2020-02,False
2020-02-24,COALINDIA,97.1737,97.2552,94.2109,95.0535,9952676,-2.5091,98.1604,105.363,114.64,40.0419,-3.12296,-3.26465,0.141681,105.029,91.2922,13.9939,2020,2,1,2020-02,False
2020-02-25,COALINDIA,95.7331,97.1465,94.7002,95.1894,13534936,0.143,97.6643,105.133,114.433,40.3676,-3.01196,-3.21411,0.202145,103.814,91.5141,12.5945,2020,2,1,2020-02,False
2020-02-26,COALINDIA,94.7002,96.63,93.8575,94.4827,10925243,-0.7424,97.2471,104.929,114.229,39.176,-2.94705,-3.1607,0.213646,103.045,91.4496,11.9232,2020,2,1,2020-02,False
2020-02-27,COALINDIA,94.4555,94.8904,92.1995,94.6458,11500515,0.1726,96.7863,104.689,114.025,39.6189,-2.8496,-3.09848,0.248877,101.78,91.793,10.3184,2020,2,1,2020-02,False
2020-02-28,COALINDIA,93.2595,93.3954,90.6501,91.5471,14694382,-3.274,96.2549,104.37,113.824,34.4809,-2.98796,-3.07638,0.0884107,101.093,91.4165,10.0534,2020,2,1,2020-02,False
2020-03-02,COALINDIA,93.8575,95.1351,91.4927,92.0636,11962711,0.5641,95.9193,104.07,113.629,35.9713,-3.02112,-3.06532,0.0442044,100.949,90.8898,10.4868,2020,3,1,2020-03,False
2020-03-03,COALINDIA,93.1508,97.6629,92.9062,96.8747,17015816,5.2259,95.907,103.824,113.455,47.8684,-2.62887,-2.97803,0.34916,100.925,90.8887,10.4649,2020,3,1,2020-03,False
2020-03-04,COALINDIA,96.9019,97.7445,94.6458,96.8203,9858330,-0.0561,95.7874,103.616,113.282,47.7604,-2.29594,-2.84161,0.545678,100.583,90.9917,10.0132,2020,3,1,2020-03,False
2020-03-05,COALINDIA,97.8532,97.9619,93.6129,96.3038,12349902,-0.5334,95.7303,103.379,113.125,46.6829,-2.05012,-2.68332,0.633192,100.47,90.9909,9.9017,2020,3,1,2020-03,False
2020-03-06,COALINDIA,90.6229,94.0478,90.5142,91.7374,10629291,-4.7417,95.4259,103.069,112.952,38.428,-2.19845,-2.58634,0.387894,100.376,90.4757,10.3749,2020,3,1,2020-03,False
2020-03-09,COALINDIA,90.1337,90.623,85.3226,85.8662,23967899,-6.4,94.6893,102.574,112.74,30.8698,-2.75796,-2.62067,-0.137294,100.675,88.7038,12.6424,2020,3,1,2020-03,False
2020-03-11,COALINDIA,85.9477,92.3626,85.3769,91.3297,28399797,6.3628,94.3944,102.163,112.55,42.2522,-2.72906,-2.64235,-0.0867167,100.434,88.3546,12.797,2020,3,1,2020-03,False
2020-03-12,COALINDIA,87.5243,88.6115,81.5987,84.0179,33250878,-8.006,93.7203,101.545,112.326,34.1486,-3.2586,-2.7656,-0.493003,101.15,86.2904,15.8555,2020,3,1,2020-03,False
2020-03-13,COALINDIA,79.5057,87.8232,67.2197,83.7732,43328010,-0.2912,93.0081,100.916,112.089,33.9142,-3.65586,-2.94365,-0.712211,101.375,84.6407,17.9928,2020,3,1,2020-03,False
2020-03-16,COALINDIA,82.0608,82.2782,77.7933,78.2282,23542677,-6.6191,92.0867,100.185,111.816,29.0479,-4.36778,-3.22848,-1.1393,102.557,81.6166,22.7397,2020,3,1,2020-03,False
2020-03-17,COALINDIA,78.9349,84.4799,77.3584,79.3155,18989633,1.3899,91.3025,99.4683,111.547,31.1345,-4.78904,-3.54059,-1.24845,103.117,79.4878,25.8802,2020,3,1,2020-03,False
2020-03-18,COALINDIA,82.4142,82.5501,77.739,78.8534,18737193,-0.5826,90.6827,98.8089,111.278,30.721,-5.10137,-3.85275,-1.24863,103.744,77.6215,28.8064,2020,3,1,2020-03,False
2020-03-19,COALINDIA,75.8604,79.1201,72.3045,73.2231,28547877,-7.1402,89.6728,98.0369,110.963,26.1617,-5.73708,-4.22961,-1.50747,104.802,74.5434,33.7434,2020,3,1,2020-03,False
2020-03-20,COALINDIA,73.7861,80.4832,72.6897,78.7052,24022133,7.4869,88.7765,97.4343,110.675,36.105,-5.73245,-4.53018,-1.20227,104.289,73.2637,34.948,2020,3,1,2020-03,False
2020-03-23,COALINDIA,72.6008,79.9202,71.1488,75.7716,17884315,-3.7274,87.6901,96.797,110.366,33.5048,-5.89751,-4.80365,-1.09387,103.667,71.7131,36.4396,2020,3,1,2020-03,False
2020-03-24,COALINDIA,76.6013,80.0091,74.3492,75.7716,9991023,0.0,86.726,96.0803,110.056,33.5048,-5.95963,-5.03484,-0.924787,103.153,70.2992,37.8822,2020,3,1,2020-03,False
2020-03-25,COALINDIA,74.6751,76.6013,73.312,73.7861,8339454,-2.6203,85.6558,95.2559,109.716,31.7123,-6.09876,-5.24763,-0.851135,102.543,68.7683,39.4312,2020,3,1,2020-03,False
2020-03-26,COALINDIA,74.6751,75.2678,70.645,73.0453,28364001,-1.004,84.584,94.4015,109.365,31.0448,-6.19736,-5.43758,-0.759789,101.83,67.3379,40.7787,2020,3,1,2020-03,False
2020-03-27,COALINDIA,74.6159,78.7941,74.0825,78.0533,18332679,6.856,83.7544,93.6527,109.023,40.2063,-5.80449,-5.51096,-0.293535,100.553,66.9557,40.1142,2020,3,1,2020-03,False
2020-03-30,COALINDIA,75.5938,79.8609,75.3863,78.9127,12357349,1.101,83.1226,92.945,108.696,41.6392,-5.36199,-5.48116,0.119177,99.6352,66.61,39.7307,2020,3,1,2020-03,False
2020-03-31,COALINDIA,80.0683,84.3651,79.5646,83.002,14997503,5.1821,82.6696,92.3446,108.406,48.0224,-4.62798,-5.31053,0.682551,98.6375,66.7016,38.6308,2020,3,1,2020-03,False
2020-04-01,COALINDIA,82.2315,83.7132,81.224,82.6464,8833033,-0.4284,81.9581,91.8105,108.116,47.5355,-4.02852,-5.05413,1.02561,96.462,67.4542,35.3934,2020,4,2,2020-04,False
2020-04-03,COALINDIA,82.1426,82.9131,78.1125,81.6389,10936160,-1.2191,81.1991,91.2454,107.826,46.1091,-3.59333,-4.76197,1.16864,93.9056,68.4925,31.2973,2020,4,2,2020-04,False
2020-04-07,COALINDIA,83.1502,84.3948,81.2833,83.0613,8203204,1.7423,80.5369,90.8202,107.546,48.4605,-3.09794,-4.42916,1.33122,91.1345,69.9394,26.3172,2020,4,2,2020-04,False
2020-04-08,COALINDIA,82.9724,84.9874,81.1944,81.4018,7070293,-1.9979,80.0202,90.3742,107.26,45.942,-2.8069,-4.10471,1.29781,89.2359,70.8044,23.0336,2020,4,2,2020-04,False
2020-04-09,COALINDIA,82.4982,83.8317,81.787,83.4465,5078557,2.5118,79.8992,89.9344,106.983,49.4293,-2.38377,-3.76052,1.37675,88.8516,70.9468,22.4092,2020,4,2,2020-04,False
2020-04-13,COALINDIA,83.4465,86.9432,81.9945,86.4691,10691543,3.6222,79.6561,89.5616,106.708,54.1393,-1.78399,-3.36521,1.58123,87.4969,71.8154,19.6865,2020,4,2,2020-04,False
2020-04-15,COALINDIA,87.358,89.8472,86.5283,87.0321,10487965,0.6511,79.8069,89.2457,106.444,54.9804,-1.24882,-2.94194,1.69311,88.1032,71.5105,20.7912,2020,4,2,2020-04,False
2020-04-16,COALINDIA,85.6986,89.1953,85.5801,87.3581,9736774,0.3745,79.9861,88.9157,106.174,55.4894,-0.789299,-2.51141,1.72211,88.7831,71.1891,21.9963,2020,4,2,2020-04,False
2020-04-17,COALINDIA,89.788,90.351,87.8915,88.1581,7093925,0.9159,80.4826,88.6353,105.923,56.781,-0.356454,-2.08042,1.72396,89.9567,71.0085,23.5432,2020,4,2,2020-04,False
2020-04-20,COALINDIA,88.8397,88.8397,84.7503,85.4615,7139688,-3.0588,80.7899,88.369,105.653,51.3704,-0.228383,-1.71001,1.48163,90.5003,71.0795,24.0387,2020,4,2,2020-04,False
2020-04-21,COALINDIA,83.565,83.9206,81.6685,82.3797,6501336,-3.6061,80.9662,88.0742,105.362,45.9782,-0.371284,-1.44227,1.07098,90.6566,71.2758,23.937,2020,4,2,2020-04,False
2020-04-22,COALINDIA,81.9056,83.7428,80.0091,83.3872,5604252,1.223,81.4744,87.7577,105.072,47.9035,-0.39864,-1.23354,0.8349,90.4982,72.4506,22.1512,2020,4,2,2020-04,False
2020-04-23,COALINDIA,83.4465,85.7875,83.0316,83.5058,7553183,0.1421,81.7144,87.4789,104.784,48.1376,-0.406075,-1.06805,0.661972,90.6833,72.7456,21.9517,2020,4,2,2020-04,False
2020-04-24,COALINDIA,83.328,85.2245,80.4832,81.1944,11701166,-2.7679,81.9856,87.1463,104.5,43.9856,-0.591654,-0.972769,0.381115,90.5151,73.4561,20.8073,2020,4,2,2020-04,False
2020-04-27,COALINDIA,82.3797,82.7946,81.4907,81.8463,4238903,0.8029,82.2893,86.7712,104.232,45.4157,-0.678303,-0.913875,0.235573,90.3042,74.2744,19.4798,2020,4,2,2020-04,False
2020-04-28,COALINDIA,82.1427,82.7057,79.6831,80.2461,7064210,-1.9551,82.6123,86.4316,103.946,42.5445,-0.86611,-0.904322,0.0382123,89.6448,75.5798,17.0253,2020,4,2,2020-04,False
2020-04-29,COALINDIA,80.3054,83.4761,80.2165,82.8835,7399346,3.2866,83.1042,86.1393,103.679,48.3412,-0.792996,-0.882057,0.0890608,88.5064,77.702,13.001,2020,4,2,2020-04,False
2020-04-30,COALINDIA,83.8614,88.573,83.7725,88.01,13145052,6.1852,83.6021,85.9391,103.436,57.349,-0.317725,-0.769191,0.451466,88.8781,78.3261,12.6217,2020,4,2,2020-04,False
2020-05-04,COALINDIA,85.7579,85.7579,83.1798,84.3355,8356099,-4.1751,83.8732,85.6927,103.2,50.5457,-0.234863,-0.662325,0.427462,88.6701,79.0763,11.4384,2020,5,2,2020-05,False
2020-05-05,COALINDIA,85.2837,87.2692,81.4018,81.7871,11879416,-3.0218,83.8125,85.4285,102.978,46.4316,-0.370559,-0.603972,0.233413,88.686,78.939,11.6295,2020,5,2,2020-05,False
2020-05-06,COALINDIA,82.5871,82.5871,78.9126,79.2682,10427774,-3.0797,83.6436,85.1889,102.75,42.7298,-0.673582,-0.617894,-0.0556878,88.9059,78.3812,12.5827,2020,5,2,2020-05,False
2020-05-07,COALINDIA,77.0458,78.8237,77.0458,77.5199,10860354,-2.2056,83.4376,84.8708,102.503,40.3264,-1.04279,-0.702872,-0.339913,89.3165,77.5587,14.0918,2020,5,2,2020-05,False
2020-05-08,COALINDIA,78.7348,78.9423,76.1864,76.4531,7096898,-1.3762,83.1072,84.4673,102.247,38.8891,-1.40526,-0.843351,-0.561914,89.7662,76.4482,16.0251,2020,5,2,2020-05,False
2020-05-11,COALINDIA,77.1347,77.6681,75.8901,76.1271,6657844,-0.4264,82.8435,84.0398,101.999,38.4383,-1.69925,-1.01453,-0.684717,90.1711,75.5158,17.6904,2020,5,2,2020-05,False
2020-05-12,COALINDIA,75.979,76.4827,74.2603,75.1789,8128169,-1.2456,82.4301,83.6423,101.749,37.0913,-1.98585,-1.20879,-0.777059,90.5088,74.3513,19.6014,2020,5,2,2020-05,False
2020-05-13,COALINDIA,78.5274,78.5274,76.1568,77.4014,11135898,2.9563,81.9767,83.2866,101.503,42.2036,-2.01048,-1.36913,-0.641348,90.1186,73.8348,19.8638,2020,5,2,2020-05,False
2020-05-14,COALINDIA,76.9569,77.9051,75.8901,76.2457,5663178,-1.4931,81.4374,82.9218,101.259,40.3665,-2.09906,-1.51512,-0.583939,89.5982,73.2765,20.042,2020,5,2,2020-05,False
2020-05-15,COALINDIA,76.868,77.5495,75.7123,76.8087,6296826,0.7385,80.9099,82.5651,101.044,41.698,-2.09962,-1.63202,-0.467599,88.8193,73.0005,19.5511,2020,5,2,2020-05,False
2020-05-18,COALINDIA,75.2678,75.2678,71.7415,72.1267,24334121,-6.0957,80.1083,82.1767,100.802,34.7498,-2.44962,-1.79554,-0.654085,88.1727,72.044,20.1336,2020,5,2,2020-05,False
2020-05-19,COALINDIA,72.9564,73.5787,72.186,73.2527,9537927,1.5612,79.4979,81.8005,100.566,37.4494,-2.6061,-1.95765,-0.648451,87.7032,71.2926,20.6427,2020,5,2,2020-05,False
2020-05-20,COALINDIA,72.8971,74.1714,72.2156,73.0453,8087994,-0.2832,79.0312,81.3239,100.339,37.1445,-2.71555,-2.10923,-0.606317,87.6001,70.4623,21.6849,2020,5,2,2020-05,False
2020-05-21,COALINDIA,73.4305,74.8233,72.7786,73.7861,6187181,1.0142,78.5511,80.8632,100.118,39.0528,-2.71125,-2.22963,-0.481617,87.1681,69.9341,21.9399,2020,5,2,2020-05,False
2020-05-22,COALINDIA,73.4898,74.7048,72.2452,74.201,7128048,0.5622,78.0859,80.4211,99.9209,40.1487,-2.64389,-2.31249,-0.331408,86.5804,69.5913,21.7569,2020,5,2,2020-05,False
2020-05-26,COALINDIA,74.5862,75.8605,74.0825,75.416,6182999,1.6374,77.797,80.0947,99.7254,43.3606,-2.46407,-2.3428,-0.121268,86.2393,69.3547,21.7034,2020,5,2,2020-05,False
2020-05-27,COALINDIA,75.416,77.8459,74.6751,77.5199,6084254,2.7898,77.5806,79.9278,99.5547,48.5133,-2.12727,-2.2997,0.172428,85.805,69.3563,21.202,2020,5,2,2020-05,False
2020-05-28,COALINDIA,77.5495,79.5942,76.6309,79.3571,7882781,2.37,77.5362,79.6883,99.4091,52.5709,-1.69259,-2.17827,0.485685,85.7093,69.3631,21.082,2020,5,2,2020-05,False
2020-05-29,COALINDIA,79.1201,84.4244,78.3793,83.7428,16208002,5.5266,77.5792,79.6828,99.2721,60.5613,-0.982883,-1.9392,0.956313,85.8787,69.2796,21.3963,2020,5,2,2020-05,False
2020-06-01,COALINDIA,84.217,88.7508,83.891,88.0396,21204876,5.1309,77.5806,79.7682,99.162,66.5135,-0.0728808,-1.56593,1.49305,85.888,69.2733,21.4161,2020,6,2,2020-06,False
2020-06-02,COALINDIA,88.3952,88.3952,84.7503,84.9874,16679738,-3.4669,77.6132,79.9033,99.0509,59.629,0.397433,-1.17326,1.57069,86.0365,69.19,21.7058,2020,6,2,2020-06,False
2020-06-03,COALINDIA,85.9357,85.9949,83.6243,83.9799,11560484,-1.1855,77.7229,79.9966,98.9255,57.5129,0.68101,-0.802406,1.48342,86.4273,69.0185,22.3986,2020,6,2,2020-06,False
2020-06-04,COALINDIA,83.565,84.5133,82.5871,83.1205,6295232,-1.0233,77.9155,80.082,98.7836,55.6972,0.826874,-0.47655,1.30342,86.9289,68.9021,23.1364,2020,6,2,2020-06,False
2020-06-05,COALINDIA,83.565,86.3802,83.2687,85.8468,11872471,3.2799,78.3318,80.3344,98.6527,60.0103,1.14921,-0.151398,1.30061,88.0129,68.6508,24.718,2020,6,2,2020-06,False
2020-06-08,COALINDIA,87.7137,88.2767,85.7875,86.9432,11258686,1.2772,78.8563,80.4992,98.5115,61.6283,1.47612,0.174105,1.30201,89.2213,68.4914,26.2882,2020,6,2,2020-06,False
2020-06-09,COALINDIA,87.684,87.684,85.1356,85.5208,6957064,-1.636,79.326,80.6942,98.3748,58.3311,1.60195,0.459675,1.14228,90.0165,68.6356,26.9532,2020,6,2,2020-06,False
2020-06-10,COALINDIA,85.343,85.7875,83.0909,83.3872,8914993,-2.4948,79.7364,80.8465,98.238,53.6909,1.51209,0.670158,0.841931,90.3867,69.0862,26.7137,2020,6,2,2020-06,False
2020-06-11,COALINDIA,83.4761,84.6911,81.4907,81.6092,9259185,-2.1322,79.9468,81.003,98.101,50.1132,1.28262,0.79265,0.489967,90.5691,69.3246,26.5733,2020,6,2,2020-06,False
2020-06-12,COALINDIA,78.883,80.335,78.646,79.8016,8424817,-2.2149,80.1246,81.1381,97.9511,46.7058,0.944017,0.822923,0.121094,90.6041,69.6451,26.158,2020,6,2,2020-06,False
2020-06-15,COALINDIA,79.8313,80.0091,77.3421,78.2904,8217803,-1.8938,80.1987,81.1428,97.8018,44.0114,0.547417,0.767822,-0.220405,90.6002,69.7973,25.9392,2020,6,2,2020-06,False
2020-06-16,COALINDIA,79.7127,80.0091,76.7791,77.7273,7130557,-0.7192,80.4788,81.1191,97.6596,43.0158,0.185536,0.651365,-0.465828,90.2475,70.71,24.2766,2020,6,2,2020-06,False
2020-06-17,COALINDIA,77.7273,79.3571,76.5124,76.7198,9071758,-1.2962,80.6521,80.9935,97.53,41.2188,-0.180474,0.484997,-0.665471,89.9947,71.3095,23.1676,2020,6,2,2020-06,False
2020-06-18,COALINDIA,76.4531,82.7946,75.9493,81.55,34586616,6.2959,81.0773,80.9715,97.4461,51.6473,-0.0798638,0.372025,-0.451889,89.7093,72.4454,21.2931,2020,6,2,2020-06,False
2020-06-19,COALINDIA,82.9724,82.9724,80.1276,81.3426,17468335,-0.2544,81.4552,80.9656,97.3418,51.227,-0.0166749,0.294285,-0.31096,89.3755,73.5348,19.4472,2020,6,2,2020-06,False
2020-06-22,COALINDIA,81.3426,85.3134,81.2537,85.1356,19716275,4.663,82.0019,81.0071,97.2545,57.9637,0.335599,0.302548,0.0330516,89.2989,74.7048,17.7973,2020,6,2,2020-06,False
2020-06-23,COALINDIA,85.906,86.9728,84.8689,85.2541,10955603,0.1392,82.4938,81.0842,97.1593,58.1581,0.617229,0.365484,0.251745,89.2261,75.7615,16.3219,2020,6,2,2020-06,False
2020-06-24,COALINDIA,86.3505,86.795,83.4169,83.891,10639459,-1.5989,82.8124,81.093,97.0757,55.0062,0.722106,0.436808,0.285298,89.1447,76.48,15.2933,2020,6,2,2020-06,False
2020-06-25,COALINDIA,83.1798,85.1356,81.9945,83.2094,33546602,-0.8125,83.005,81.0279,96.9781,53.4464,0.741675,0.497782,0.243893,89.1256,76.8843,14.7477,2020,6,2,2020-06,False
2020-06-26,COALINDIA,83.5058,84.7503,82.7353,84.2169,8095985,1.2108,83.0287,80.9715,96.897,55.4571,0.828927,0.564011,0.264916,89.165,76.8923,14.7813,2020,6,2,2020-06,False
2020-06-29,COALINDIA,83.2983,83.4761,79.5053,79.9202,14575190,-5.102,82.6227,80.8228,96.8044,46.2773,0.545077,0.560224,-0.0151468,88.4286,76.8168,14.0541,2020,6,2,2020-06,False
2020-06-30,COALINDIA,80.8092,81.2833,78.4385,78.7348,9576074,-1.4831,82.3101,80.6343,96.703,44.1082,0.221921,0.492563,-0.270643,88.2516,76.3685,14.437,2020,6,2,2020-06,False
2020-07-01,COALINDIA,78.7348,79.8016,77.8755,79.3275,8412734,0.7527,82.0775,80.5116,96.57,45.4841,0.0134842,0.396748,-0.383263,88.1074,76.0475,14.6933,2020,7,3,2020-07,False
2020-07-02,COALINDIA,79.4461,80.0091,78.7052,79.1794,7744251,-0.1868,81.8804,80.4476,96.4261,45.1847,-0.161792,0.28504,-0.446832,88.0233,75.7374,15.0047,2020,7,3,2020-07,False
2020-07-03,COALINDIA,79.6535,80.5425,78.8534,80.1572,9092987,1.235,81.5959,80.383,96.285,47.6352,-0.219267,0.184178,-0.403445,87.4873,75.7046,14.4403,2020,7,3,2020-07,False
2020-07-06,COALINDIA,80.7795,81.4907,80.1572,80.5128,9489759,0.4436,81.2744,80.3232,96.1529,48.5362,-0.233431,0.100656,-0.334087,86.6129,75.9358,13.1371,2020,7,3,2020-07,False
2020-07-07,COALINDIA,80.8981,81.0166,78.5867,78.7348,9903888,-2.2083,80.9351,80.274,96.0092,44.4207,-0.383701,0.00378495,-0.387486,85.9925,75.8777,12.4973,2020,7,3,2020-07,False
2020-07-08,COALINDIA,78.7941,79.6831,77.994,78.7348,12308795,0.0,80.7025,80.2118,95.8641,44.4207,-0.497062,-0.0963844,-0.400677,85.7127,75.6923,12.4165,2020,7,3,2020-07,False
2020-07-09,COALINDIA,79.1201,80.1869,76.5124,77.2828,19347175,-1.8442,80.4862,80.1525,95.7054,41.1185,-0.696043,-0.216316,-0.479727,85.701,75.2714,12.9583,2020,7,3,2020-07,False
2020-07-10,COALINDIA,76.7494,78.3793,75.979,77.757,17079028,0.6135,80.3839,80.05,95.5571,42.6186,-0.806186,-0.33429,-0.471896,85.7337,75.0342,13.3105,2020,7,3,2020-07,False
2020-07-13,COALINDIA,78.1126,78.4978,77.2236,77.3421,7748516,-0.5335,80.3365,79.8366,95.421,41.6195,-0.916386,-0.450709,-0.465677,85.7803,74.8927,13.5526,2020,7,3,2020-07,False
2020-07-14,COALINDIA,77.2828,77.2828,75.8604,76.0086,7234601,-1.7242,80.2506,79.6701,95.2752,38.4956,-1.09866,-0.580299,-0.518359,85.9175,74.5836,14.1231,2020,7,3,2020-07,False
2020-07-15,COALINDIA,76.3642,76.7198,75.5938,75.8605,7037060,-0.1949,80.2076,79.5515,95.1107,38.153,-1.24076,-0.712392,-0.528371,85.9989,74.4163,14.4409,2020,7,3,2020-07,False
2020-07-16,COALINDIA,75.7123,75.8605,73.8454,74.764,11776854,-1.4453,79.8683,79.4615,94.9336,35.6258,-1.42542,-0.854998,-0.570424,86.1064,73.6302,15.621,2020,7,3,2020-07,False
2020-07-17,COALINDIA,75.0307,78.2607,75.0307,77.4014,11331564,3.5276,79.6713,79.4591,94.782,45.0538,-1.34347,-0.952691,-0.390775,85.962,73.3805,15.7919,2020,7,3,2020-07,False
2020-07-20,COALINDIA,79.1201,79.772,78.0533,78.8238,16601999,1.8377,79.3557,79.5065,94.6526,49.3612,-1.15048,-0.992249,-0.158232,85.102,73.6094,14.4824,2020,7,3,2020-07,False
2020-07-21,COALINDIA,79.1201,79.7127,78.2311,78.883,10375549,0.0752,79.0371,79.5616,94.4944,49.5387,-0.981442,-0.990088,0.00864545,84.0685,74.0057,12.7317,2020,7,3,2020-07,False
2020-07-22,COALINDIA,79.2386,81.0166,78.6756,79.4757,14123342,0.7513,78.8163,79.6475,94.3499,51.3743,-0.790543,-0.950179,0.159636,83.3097,74.323,11.4021,2020,7,3,2020-07,False
2020-07-23,COALINDIA,79.9498,80.335,78.9423,79.0904,5534003,-0.4847,78.6104,79.6813,94.2022,50.0986,-0.662701,-0.892683,0.229982,82.606,74.6148,10.1655,2020,7,3,2020-07,False
2020-07-24,COALINDIA,78.7645,78.7645,77.0458,77.994,8426361,-1.3863,78.2992,79.7163,94.0646,46.5553,-0.64245,-0.842637,0.200187,81.3025,75.296,7.6711,2020,7,3,2020-07,False
2020-07-27,COALINDIA,77.994,78.1126,76.6605,77.0161,5361430,-1.2538,78.154,79.7204,93.942,43.5938,-0.697271,-0.813563,0.116293,81.1077,75.2004,7.5585,2020,7,3,2020-07,False
2020-07-28,COALINDIA,77.105,77.4903,76.1864,77.3125,5274135,0.3848,78.0829,79.8242,93.8236,44.7409,-0.708637,-0.792578,0.0839409,81.0462,75.1197,7.59,2020,7,3,2020-07,False
2020-07-29,COALINDIA,77.0458,78.5274,76.868,77.757,5729989,0.5749,78.0044,79.9142,93.7111,46.4985,-0.674009,-0.768864,0.0948557,80.9115,75.0973,7.4536,2020,7,3,2020-07,False
2020-07-30,COALINDIA,77.8162,78.0533,76.0382,76.216,5755341,-1.9817,77.8562,79.9777,93.5884,41.5631,-0.762118,-0.767515,0.00539672,80.8128,74.8997,7.5949,2020,7,3,2020-07,False
2020-07-31,COALINDIA,76.4235,77.0458,75.5938,76.6013,5309957,0.5055,77.6784,80.034,93.4698,43.1867,-0.791734,-0.772359,-0.019375,80.4758,74.8811,7.2024,2020,7,3,2020-07,False
2020-08-03,COALINDIA,76.9865,76.9865,75.9197,76.0975,4101202,-0.6577,77.4577,80.0719,93.3364,41.5605,-0.846101,-0.787107,-0.0589937,79.9983,74.9171,6.56,2020,8,3,2020-08,False
2020-08-04,COALINDIA,76.8087,78.0533,76.1568,76.3049,8225015,0.2726,77.3362,80.0897,93.2012,42.5202,-0.862507,-0.802187,-0.0603199,79.8519,74.8204,6.506,2020,8,3,2020-08,False
2020-08-05,COALINDIA,76.542,77.105,75.979,76.1271,6357451,-0.233,77.2058,80.0618,93.0622,41.8852,-0.879716,-0.817693,-0.0620231,79.6864,74.7252,6.4259,2020,8,3,2020-08,False
2020-08-06,COALINDIA,76.4531,77.7569,76.0382,76.3642,7904721,0.3114,77.1599,80.002,92.9153,43.1052,-0.864262,-0.827007,-0.0372554,79.6683,74.6514,6.5019,2020,8,3,2020-08,False
2020-08-07,COALINDIA,76.7494,77.2532,76.1864,76.8976,6553466,0.6985,77.1169,79.8651,92.7577,45.8591,-0.799755,-0.821557,0.0218011,79.6117,74.6221,6.4701,2020,8,3,2020-08,False
2020-08-10,COALINDIA,77.2236,77.7273,76.4531,76.6013,7123506,-0.3853,77.0799,79.6363,92.5809,44.5685,-0.763739,-0.809993,0.0462538,79.5825,74.5772,6.4937,2020,8,3,2020-08,False
2020-08-11,COALINDIA,77.1347,77.6384,76.868,77.105,5667893,0.6576,77.1347,79.4786,92.3989,47.2846,-0.686633,-0.785321,0.0986881,79.5861,74.6833,6.3561,2020,8,3,2020-08,False
2020-08-12,COALINDIA,77.0458,77.1643,76.1568,76.2753,10656110,-1.0761,77.1554,79.3245,92.2127,43.5035,-0.684586,-0.765174,0.0805884,79.5681,74.7427,6.2541,2020,8,3,2020-08,False
2020-08-13,COALINDIA,76.3049,77.1347,76.0383,76.4235,7332156,0.1942,77.2384,79.1906,92.0371,44.3592,-0.663361,-0.744811,0.0814506,79.4066,75.0702,5.6142,2020,8,3,2020-08,False
2020-08-14,COALINDIA,76.6606,79.5646,76.5124,78.1422,23946105,2.249,77.2754,79.0365,91.8683,53.2115,-0.502066,-0.696262,0.194197,79.4803,75.0705,5.7066,2020,8,3,2020-08,False
2020-08-17,COALINDIA,79.1201,81.1944,78.4385,80.6017,23263111,3.1475,77.3643,78.9097,91.7199,62.4244,-0.173771,-0.591764,0.417993,79.9437,74.785,6.668,2020,8,3,2020-08,False
2020-08-18,COALINDIA,80.987,82.113,80.3943,80.987,14886444,0.4779,77.4695,78.819,91.5547,63.6323,0.11615,-0.450181,0.566331,80.4501,74.489,7.6947,2020,8,3,2020-08,False
2020-08-19,COALINDIA,81.4907,81.787,79.6831,80.0683,7439983,-1.1343,77.4992,78.7526,91.3944,58.7799,0.268691,-0.306407,0.575097,80.574,74.4243,7.9351,2020,8,3,2020-08,False
2020-08-20,COALINDIA,79.4757,82.3797,79.0312,82.0834,16864753,2.5167,77.6488,78.7621,91.2407,65.0718,0.545885,-0.135948,0.681834,81.289,74.0086,9.3761,2020,8,3,2020-08,False
2020-08-21,COALINDIA,82.676,84.0392,82.3797,82.676,18104009,0.722,77.8829,78.8196,91.0912,66.6827,0.804118,0.0520647,0.752053,82.1626,73.6032,10.9902,2020,8,3,2020-08,False
2020-08-24,COALINDIA,83.3872,83.8021,82.2315,82.8538,7621483,0.2151,78.1748,78.9109,90.921,67.1718,1.01146,0.243943,0.767514,82.9708,73.3788,12.2699,2020,8,3,2020-08,False
2020-08-25,COALINDIA,83.4761,83.565,82.4982,83.2391,8785149,0.4649,78.4711,79.0211,90.7633,68.2591,1.19311,0.433776,0.75933,83.7507,73.1915,13.4562,2020,8,3,2020-08,False
2020-08-26,COALINDIA,83.2983,85.3134,82.9427,84.1281,20083642,1.068,78.7897,79.1693,90.6066,70.6731,1.39274,0.625569,0.767174,84.6272,72.9521,14.818,2020,8,3,2020-08,False
2020-08-27,COALINDIA,84.5726,84.8985,82.9724,83.2984,9356533,-0.9862,79.1438,79.2042,90.4455,65.6544,1.4671,0.793874,0.673221,85.1798,73.1077,15.2534,2020,8,3,2020-08,False
2020-08-28,COALINDIA,83.6243,84.3947,82.1723,82.4093,9056278,-1.0673,79.4342,79.2256,90.2888,60.682,1.43771,0.922641,0.515069,85.5139,73.3545,15.3076,2020,8,3,2020-08,False
2020-08-31,COALINDIA,82.5279,84.2466,79.3571,79.6238,18667357,-3.3801,79.6105,79.1153,90.1165,48.3309,1.1761,0.973333,0.202767,85.4838,73.7372,14.7551,2020,8,3,2020-08,False
2020-09-01,COALINDIA,80.0683,80.2461,77.4606,79.0904,10566870,-0.6699,79.7498,78.9921,89.9486,46.3839,0.91518,0.961703,-0.0465225,85.4217,74.0779,14.2243,2020,9,3,2020-09,False
2020-09-02,COALINDIA,80.3054,81.4907,79.8609,80.7795,16748685,2.1356,79.9824,78.9298,89.8025,52.8598,0.835069,0.936376,-0.101307,85.4049,74.5599,13.5592,2020,9,3,2020-09,False
2020-09-03,COALINDIA,81.4907,81.8167,79.3275,80.4239,17375778,-0.4402,80.1854,78.8741,89.6578,51.451,0.734422,0.895985,-0.161563,85.3346,75.0361,12.8434,2020,9,3,2020-09,False
2020-09-04,COALINDIA,79.4757,80.8684,77.8459,78.4978,9952446,-2.395,80.2654,78.7597,89.5059,44.5277,0.493543,0.815497,-0.321953,85.2465,75.2843,12.4117,2020,9,3,2020-09,False
2020-09-07,COALINDIA,78.8237,79.2979,77.4903,78.2014,8781574,-0.3775,80.3454,78.7254,89.3543,43.5566,0.275557,0.707509,-0.431951,85.1261,75.5647,11.9004,2020,9,3,2020-09,False
2020-09-08,COALINDIA,78.2904,78.6163,76.6605,77.0161,7292289,-1.5157,80.341,78.691,89.1875,39.8163,0.00707596,0.567422,-0.560346,85.1345,75.5474,11.933,2020,9,3,2020-09,False
2020-09-09,COALINDIA,76.4235,76.4531,73.9343,75.2382,13115790,-2.3086,80.2891,78.6092,89.0293,34.9659,-0.345186,0.384901,-0.730087,85.286,75.2922,12.4472,2020,9,3,2020-09,False
2020-09-10,COALINDIA,75.8604,76.0382,74.3788,75.0603,12007280,-0.2363,80.2209,78.5268,88.8637,34.513,-0.631426,0.181635,-0.813061,85.4706,74.9713,13.088,2020,9,3,2020-09,False
2020-09-11,COALINDIA,75.2085,75.2678,73.8751,74.1418,12588367,-1.2238,80.0209,78.4065,88.6889,32.1935,-0.92177,-0.0390459,-0.882724,85.8742,74.1676,14.6294,2020,9,3,2020-09,False
2020-09-14,COALINDIA,74.6751,75.1789,73.5491,74.0528,12397073,-0.1199,79.6935,78.2773,88.5216,31.9696,-1.14584,-0.260404,-0.885432,86.1151,73.2719,16.1158,2020,9,3,2020-09,False
2020-09-15,COALINDIA,74.4677,74.527,73.3713,73.5491,11537811,-0.6803,79.3216,78.1736,88.343,30.6678,-1.34851,-0.478026,-0.870488,86.2679,72.3753,17.5142,2020,9,3,2020-09,False
2020-09-16,COALINDIA,73.8454,73.8454,72.9564,73.4009,8007948,-0.2014,78.9882,78.0669,88.1505,30.2773,-1.50376,-0.683173,-0.820587,86.4075,71.569,18.7857,2020,9,3,2020-09,False
2020-09-17,COALINDIA,73.4009,74.6159,73.2231,73.6676,13049746,0.3633,78.5674,77.9946,87.9609,31.9568,-1.58698,-0.863934,-0.723044,86.1991,70.9357,19.4271,2020,9,3,2020-09,False
2020-09-18,COALINDIA,74.2306,74.2306,72.8379,73.2824,14611915,-0.5229,78.0977,77.9051,87.7678,30.8027,-1.66482,-1.02411,-0.640711,85.8204,70.375,19.777,2020,9,3,2020-09,False
2020-09-21,COALINDIA,73.2824,73.5787,71.7711,72.0971,9573596,-1.6175,77.5599,77.8002,87.5695,27.5103,-1.8014,-1.17957,-0.621827,85.3855,69.7343,20.1796,2020,9,3,2020-09,False
2020-09-22,COALINDIA,72.3045,72.3045,70.4376,70.8525,10042777,-1.7263,76.9406,77.6971,87.3726,24.5438,-1.98715,-1.34109,-0.646068,84.8341,69.0471,20.5184,2020,9,3,2020-09,False
2020-09-23,COALINDIA,70.971,72.6008,70.4969,71.7415,9281239,1.2547,76.3212,77.6147,87.1975,30.3233,-2.03913,-1.48069,-0.558433,83.7715,68.8709,19.5235,2020,9,3,2020-09,False
2020-09-24,COALINDIA,71.7415,71.7711,68.2744,68.5707,15979042,-4.4197,75.5849,77.4909,87.0185,23.4302,-2.30954,-1.64646,-0.66308,83.0429,68.1269,19.7341,2020,9,3,2020-09,False
2020-09-25,COALINDIA,68.7485,69.6968,67.5039,69.4005,15988801,1.21,74.9344,77.3308,86.8445,28.04,-2.4289,-1.80295,-0.62595,82.1516,67.7173,19.2626,2020,9,3,2020-09,False
2020-09-28,COALINDIA,69.8746,71.8896,69.8746,71.1192,9441818,2.4765,74.5092,77.1767,86.6913,36.5602,-2.35763,-1.91389,-0.443743,81.5633,67.455,18.9349,2020,9,3,2020-09,False
2020-09-29,COALINDIA,71.8007,72.0378,69.4301,69.7264,12065137,-1.9583,74.041,76.9936,86.5312,33.1363,-2.38603,-2.00831,-0.377711,81.0578,67.0242,18.9538,2020,9,3,2020-09,False
2020-09-30,COALINDIA,69.3412,69.4005,67.9484,68.7485,14036702,-1.4025,73.4394,76.7791,86.3581,30.9451,-2.45909,-2.09847,-0.36062,80.0764,66.8025,18.0746,2020,9,3,2020-09,False
2020-10-01,COALINDIA,69.4005,70.9414,68.956,69.4894,9963165,1.0776,72.8927,76.5871,86.1721,34.48,-2.42921,-2.16462,-0.264594,78.8764,66.909,16.4179,2020,10,4,2020-10,False
2020-10-05,COALINDIA,69.9042,70.8228,69.6671,70.1709,8141288,0.9808,72.4764,76.4306,85.9995,37.6425,-2.32375,-2.19645,-0.127308,77.9555,66.9973,15.1197,2020,10,4,2020-10,False
2020-10-06,COALINDIA,70.734,70.734,68.9263,69.2227,11221801,-1.3513,72.0274,76.2747,85.8123,35.1037,-2.29029,-2.21521,-0.0750755,76.9772,67.0776,13.7442,2020,10,4,2020-10,False
2020-10-07,COALINDIA,69.4005,69.4597,67.7114,67.8299,11939558,-2.012,71.5681,76.0851,85.6139,31.7198,-2.34907,-2.24199,-0.107088,76.2673,66.869,13.132,2020,10,4,2020-10,False
2020-10-08,COALINDIA,67.9781,68.1559,66.7631,67.1484,11663333,-1.0048,71.1636,75.8729,85.4144,30.1863,-2.42273,-2.27814,-0.144594,75.9249,66.4023,13.3813,2020,10,4,2020-10,False
2020-10-09,COALINDIA,67.178,68.6893,66.5557,68.0966,15958362,1.4122,70.8154,75.7105,85.2091,34.9019,-2.37718,-2.29794,-0.079238,75.3918,66.2391,12.9248,2020,10,4,2020-10,False
2020-10-12,COALINDIA,68.3337,68.4522,66.852,67.0891,7949842,-1.4796,70.4628,75.5203,85.0084,32.3979,-2.39478,-2.31731,-0.0774691,75.0468,65.8788,13.0112,2020,10,4,2020-10,False
2020-10-13,COALINDIA,67.1484,67.9484,66.5853,67.4743,9702168,0.5742,70.1339,75.3478,84.805,34.3376,-2.35055,-2.32396,-0.0265882,74.5751,65.6926,12.6651,2020,10,4,2020-10,False
2020-10-14,COALINDIA,67.0891,67.5336,64.9555,65.5185,19663164,-2.8985,69.7324,75.1321,84.5963,29.6813,-2.44512,-2.34819,-0.096929,74.3231,65.1416,13.1668,2020,10,4,2020-10,False
2020-10-15,COALINDIA,65.6963,66.7927,64.9259,65.5482,15481671,0.0452,69.3397,74.9205,84.3709,29.8365,-2.48899,-2.37635,-0.112638,73.9526,64.7269,13.305,2020,10,4,2020-10,False
2020-10-16,COALINDIA,65.963,66.8224,64.9555,65.9927,12231039,0.6781,68.956,74.7131,84.1415,32.2526,-2.45953,-2.39299,-0.0665472,73.3233,64.5887,12.667,2020,10,4,2020-10,False
2020-10-19,COALINDIA,66.6742,68.3633,65.9334,67.9781,18111350,3.0085,68.6907,74.5347,83.9069,41.88,-2.25005,-2.3644,0.11435,72.5686,64.8129,11.2908,2020,10,4,2020-10,False
2020-10-20,COALINDIA,68.2151,68.8374,67.0298,67.3558,16554127,-0.9154,68.4537,74.3498,83.6676,39.9631,-2.10992,-2.3135,0.203582,72.0221,64.8852,10.4258,2020,10,4,2020-10,False
2020-10-21,COALINDIA,67.3558,69.2819,67.2965,68.2151,20421726,1.2758,68.3218,74.172,83.4348,43.7894,-1.90754,-2.23231,0.324772,71.7072,64.9364,9.9102,2020,10,4,2020-10,False
2020-10-22,COALINDIA,68.1559,69.1634,67.6225,68.63,13653932,0.6082,68.1662,74.0191,83.2021,45.5922,-1.69414,-2.12468,0.430534,71.1524,65.1801,8.7615,2020,10,4,2020-10,False
2020-10-23,COALINDIA,69.2227,70.0524,68.8671,69.7561,11876035,1.6408,68.2255,73.8857,82.9918,50.2556,-1.41782,-1.98331,0.565486,71.2915,65.1595,8.9877,2020,10,4,2020-10,False
2020-10-26,COALINDIA,69.8746,69.8746,67.6817,67.8892,11243128,-2.6763,68.1499,73.6806,82.7721,43.5856,-1.33409,-1.85346,0.51937,71.1681,65.1318,8.8574,2020,10,4,2020-10,False
2020-10-27,COALINDIA,67.6817,68.2448,66.8816,67.5336,10985477,-0.5238,67.9707,73.4193,82.5656,42.4304,-1.28166,-1.7391,0.457443,70.6536,65.2878,7.8943,2020,10,4,2020-10,False
2020-10-28,COALINDIA,67.5336,67.5632,66.6149,66.7927,9366165,-1.097,67.824,73.1354,82.3614,40.0489,-1.28507,-1.6483,0.363225,70.4221,65.2258,7.6615,2020,10,4,2020-10,False
2020-10-29,COALINDIA,66.3779,66.6446,65.5185,65.6963,11414157,-1.6415,67.6714,72.848,82.1318,36.7606,-1.36056,-1.59075,0.230187,70.3963,64.9464,8.0535,2020,10,4,2020-10,False
2020-10-30,COALINDIA,66.1408,68.2744,65.8149,67.6817,17773808,3.0221,67.581,72.5599,81.8952,45.489,-1.24582,-1.52176,0.275942,70.1685,64.9935,7.6575,2020,10,4,2020-10,False
2020-11-02,COALINDIA,67.9188,68.9263,67.2965,68.5707,12785804,1.3135,67.501,72.2778,81.6592,48.8907,-1.07081,-1.43157,0.360762,69.8382,65.1638,6.9249,2020,11,4,2020-11,False
2020-11-03,COALINDIA,68.5115,69.4894,68.5115,69.0449,12319486,0.6914,67.4921,72.0016,81.427,50.6591,-0.883671,-1.32199,0.438323,69.8029,65.1813,6.8476,2020,11,4,2020-11,False
2020-11-04,COALINDIA,69.0449,69.0449,67.3854,68.0374,7382741,-1.4592,67.5025,71.6976,81.1957,46.9421,-0.807351,-1.21907,0.411714,69.8215,65.1834,6.871,2020,11,4,2020-11,False
2020-11-05,COALINDIA,68.956,71.4748,68.304,71.0303,14904921,4.3989,67.6966,71.4357,80.9857,57.0287,-0.499603,-1.07517,0.575569,70.4917,64.9014,8.258,2020,11,4,2020-11,False
2020-11-06,COALINDIA,71.2673,72.5416,70.1116,72.186,18908916,1.627,67.901,71.2134,80.7999,60.1768,-0.160606,-0.892259,0.731653,71.3429,64.4592,10.1379,2020,11,4,2020-11,False
2020-11-09,COALINDIA,72.8379,72.8379,71.5044,72.1563,14950332,-0.041,68.1544,71.0083,80.6112,60.0554,0.104457,-0.692916,0.797373,72.0594,64.2493,11.4594,2020,11,4,2020-11,False
2020-11-10,COALINDIA,72.4527,74.3196,71.7118,73.964,15808417,2.5051,68.4789,70.8951,80.4594,64.7328,0.455135,-0.463306,0.918441,73.1494,63.8083,13.6409,2020,11,4,2020-11,False
2020-11-11,COALINDIA,74.6751,74.7936,73.2231,74.5862,16757799,0.8413,68.9323,70.8051,80.3139,66.2001,0.774335,-0.215778,0.990113,74.1242,63.7403,15.0639,2020,11,4,2020-11,False
2020-11-12,COALINDIA,74.7048,74.9715,71.7118,72.3638,35738360,-2.9797,69.273,70.6367,80.1485,57.0677,0.838305,-0.00496109,0.843267,74.4243,64.1218,14.8723,2020,11,4,2020-11,False
2020-11-13,COALINDIA,72.6008,74.8825,71.8303,74.6159,23377931,3.1122,69.7042,70.5206,79.996,62.6852,1.05853,0.207736,0.85079,75.1353,64.2731,15.5833,2020,11,4,2020-11,False
2020-11-14,COALINDIA,75.4752,75.5641,75.0011,75.3271,3308333,0.9532,70.0716,70.4572,79.8585,64.275,1.27573,0.421336,0.854399,75.9841,64.1592,16.8755,2020,11,4,2020-11,False
2020-11-17,COALINDIA,76.0383,76.6309,75.3863,76.2753,20369194,1.2589,70.5176,70.4186,79.7206,66.3344,1.50702,0.638473,0.868546,76.8949,64.1404,18.0869,2020,11,4,2020-11,False
2020-11-18,COALINDIA,76.3049,76.3642,74.5862,76.0086,18943803,-0.3497,70.9073,70.3985,79.5898,65.196,1.64977,0.840733,0.809042,77.6349,64.1796,18.9759,2020,11,4,2020-11,False
2020-11-19,COALINDIA,76.6381,78.2432,76.0716,76.8269,29186699,1.0766,71.3171,70.4303,79.48,67.0637,1.8081,1.03421,0.773892,78.4473,64.187,19.9957,2020,11,4,2020-11,False
2020-11-20,COALINDIA,77.6138,77.7397,75.6309,76.4492,17573909,-0.4916,71.6518,70.4581,79.3767,65.3215,1.88141,1.20365,0.677761,79.0949,64.2087,20.7758,2020,11,4,2020-11,False
2020-11-23,COALINDIA,76.3234,77.7082,75.3791,77.2676,17269543,1.0704,72.1207,70.5206,79.267,67.3035,1.98268,1.35945,0.623228,79.7452,64.4962,21.1437,2020,11,4,2020-11,False
2020-11-24,COALINDIA,77.897,78.4321,77.299,77.5823,18199200,0.4073,72.6232,70.5912,79.1676,68.0596,2.06454,1.50047,0.56407,80.2991,64.9472,21.139,2020,11,4,2020-11,False
2020-11-25,COALINDIA,78.0229,79.7854,77.5823,78.0229,22813211,0.5679,73.1847,70.6806,79.0686,69.1357,2.1403,1.62844,0.51186,80.7062,65.6631,20.555,2020,11,4,2020-11,False
2020-11-26,COALINDIA,78.4321,78.9042,77.6452,78.7153,13694237,0.8874,73.8356,70.7869,78.9592,70.8005,2.23049,1.74885,0.481646,80.8659,66.8054,19.0429,2020,11,4,2020-11,False
2020-11-27,COALINDIA,78.9671,80.1946,78.6839,79.0301,25297333,0.3999,74.403,70.8942,78.8682,71.5517,2.30085,1.85925,0.441602,81.1689,67.6372,18.187,2020,11,4,2020-11,False
2020-12-01,COALINDIA,79.3133,79.9428,78.495,79.5651,8927107,0.677,74.9528,71.0198,78.7785,72.8313,2.37243,1.96189,0.410549,81.5066,68.3989,17.4879,2020,12,4,2020-12,False
2020-12-02,COALINDIA,79.9428,82.5551,79.5651,81.6738,21081119,2.6503,75.5842,71.2114,78.6968,77.1865,2.5697,2.08345,0.486251,82.1748,68.9936,17.4391,2020,12,4,2020-12,False
2020-12-03,COALINDIA,82.681,84.3491,81.3591,84.0029,25834042,2.8516,76.3825,71.4744,78.6336,80.8398,2.88076,2.24291,0.63785,82.9918,69.7731,17.3059,2020,12,4,2020-12,False
2020-12-04,COALINDIA,84.475,84.9471,82.5236,83.9085,19371235,-0.1124,77.0264,71.7177,78.5781,80.2786,3.08411,2.41115,0.672958,83.9424,70.1104,17.9575,2020,12,4,2020-12,False
2020-12-07,COALINDIA,83.9085,86.3634,83.7196,86.1116,14127211,2.6257,77.7227,72.0685,78.5524,83.2081,3.38403,2.60573,0.778304,85.3538,70.0915,19.6369,2020,12,4,2020-12,False
2020-12-08,COALINDIA,86.5208,86.6782,83.7197,84.5065,21479953,-1.864,78.3402,72.3706,78.5078,74.5225,3.4524,2.77506,0.67734,86.0729,70.6075,19.7413,2020,12,4,2020-12,False
2020-12-09,COALINDIA,85.2304,86.5523,84.6009,84.7897,18755465,0.3352,78.8815,72.6441,78.4486,75.018,3.48922,2.91789,0.571328,86.8367,70.9262,20.1702,2020,12,4,2020-12,False
2020-12-10,COALINDIA,85.1045,85.2618,83.5937,84.8842,11912807,0.1114,79.3964,72.9472,78.3856,75.1913,3.48584,3.03148,0.454355,87.5125,71.2802,20.4446,2020,12,4,2020-12,False
2020-12-11,COALINDIA,84.7897,88.5666,84.6639,87.0244,30559578,2.5213,80.1294,73.3127,78.3454,78.7827,3.61419,3.14802,0.466166,88.2193,72.0395,20.1921,2020,12,4,2020-12,False
2020-12-14,COALINDIA,87.9056,90.7697,87.5594,90.2347,35605748,3.689,80.9103,73.7276,78.3206,82.804,3.92966,3.30435,0.625305,89.7408,72.0799,21.8278,2020,12,4,2020-12,False
2020-12-15,COALINDIA,90.4235,90.8641,88.6295,90.0773,18775793,-0.1744,81.6479,74.1258,78.2986,81.9838,4.11948,3.46738,0.652104,90.9653,72.3304,22.8236,2020,12,4,2020-12,False
2020-12-16,COALINDIA,90.8642,91.9028,90.3291,91.588,16119571,1.6772,82.4135,74.5731,78.2833,83.6576,4.34177,3.64226,0.699517,92.367,72.46,24.155,2020,12,4,2020-12,False
2020-12-17,COALINDIA,91.4307,91.4307,89.6996,90.2976,12374964,-1.409,83.1279,75.0224,78.2771,77.0712,4.36351,3.78651,0.577006,93.1963,73.0595,24.2239,2020,12,4,2020-12,False
2020-12-18,COALINDIA,90.2976,90.4235,87.7797,89.196,13628707,-1.2199,83.7464,75.4634,78.2627,71.8694,4.24294,3.87779,0.36515,93.7041,73.7887,23.7806,2020,12,4,2020-12,False
2020-12-21,COALINDIA,89.0072,89.0701,81.4221,83.6882,20132655,-6.175,84.1083,75.7752,78.1968,52.7126,3.66076,3.83439,-0.173631,93.4569,74.7598,22.2297,2020,12,4,2020-12,False
2020-12-22,COALINDIA,83.4049,85.671,81.7053,85.2933,17257059,1.918,84.5096,76.1393,78.1392,56.3631,3.29095,3.7257,-0.434747,93.2937,75.7255,20.7884,2020,12,4,2020-12,False
2020-12-23,COALINDIA,85.2933,86.0487,84.4121,85.0101,10091831,-0.3321,84.881,76.49,78.0827,55.5481,2.94112,3.56878,-0.627663,93.0376,76.7244,19.2189,2020,12,4,2020-12,False
2020-12-24,COALINDIA,85.8284,87.5594,85.3563,85.7654,14518171,0.8885,85.2681,76.8949,78.0528,57.3203,2.69378,3.39378,-0.700007,92.7622,77.774,17.5777,2020,12,4,2020-12,False
2020-12-28,COALINDIA,88.063,88.063,86.3634,86.6467,15223089,1.0275,85.6647,77.3169,78.0568,59.3561,2.53959,3.22294,-0.683356,92.5101,78.8193,15.9819,2020,12,4,2020-12,False
2020-12-29,COALINDIA,87.4335,87.8741,84.7268,85.0415,21146540,-1.8525,85.9653,77.6979,78.0253,54.2776,2.2618,3.03071,-0.768916,92.0722,79.8584,14.2078,2020,12,4,2020-12,False
2020-12-30,COALINDIA,86.0801,86.0801,84.475,85.3563,14180071,0.3701,86.2548,78.0455,78.032,55.089,2.04349,2.83327,-0.789781,91.5836,80.9261,12.3558,2020,12,4,2020-12,False
2020-12-31,COALINDIA,85.3563,86.0487,84.8212,85.2618,15237166,-0.1106,86.4342,78.4036,78.0394,54.7749,1.84163,2.63494,-0.793312,91.3383,81.5302,11.3475,2020,12,4,2020-12,False
2021-01-01,COALINDIA,85.2304,85.7654,85.0101,85.1989,6995084,-0.0738,86.494,78.7433,78.0743,54.5517,1.65747,2.43945,-0.781978,91.3015,81.6866,11.1162,2021,1,1,2021-01,False
2021-01-04,COALINDIA,86.1431,86.7096,85.4822,86.3949,11669647,1.4038,86.6184,79.0986,78.1097,58.0506,1.5897,2.2695,-0.679795,91.2703,81.9664,10.7414,2021,1,1,2021-01,False
2021-01-05,COALINDIA,86.0802,86.0802,84.6009,85.073,12371842,-1.5301,86.5664,79.4049,78.1408,53.1776,1.41304,2.09821,-0.685164,91.2652,81.8677,10.8559,2021,1,1,2021-01,False
2021-01-06,COALINDIA,85.2304,86.4264,84.2232,85.0415,14133415,-0.037,86.5932,79.7479,78.1999,53.0634,1.25602,1.92977,-0.67375,91.2484,81.9379,10.7521,2021,1,1,2021-01,False
2021-01-07,COALINDIA,85.9228,86.5523,85.2933,85.9228,17298525,1.0363,86.6498,80.1157,78.236,55.9183,1.18898,1.78161,-0.592629,91.2398,82.0598,10.5943,2021,1,1,2021-01,False
2021-01-08,COALINDIA,86.3005,88.7239,86.3005,87.9371,27964099,2.3443,86.8025,80.5386,78.2968,61.6587,1.2836,1.68201,-0.398412,91.3481,82.2569,10.4734,2021,1,1,2021-01,False
2021-01-11,COALINDIA,88.4407,90.0143,88.3148,89.196,24790683,1.4316,86.9111,81.0086,78.3639,64.7485,1.44353,1.63431,-0.190787,91.581,82.2411,10.7465,2021,1,1,2021-01,False
2021-01-12,COALINDIA,89.6996,92.8784,89.196,92.3119,28433070,3.4933,87.0149,81.5012,78.4566,70.9815,1.80093,1.66764,0.133297,92.0724,81.9574,11.6245,2021,1,1,2021-01,False
2021-01-13,COALINDIA,93.4764,93.6653,90.3291,91.7769,21154236,-0.5796,87.0999,81.9653,78.5502,68.7341,2.01775,1.73766,0.280092,92.4241,81.7756,12.2256,2021,1,1,2021-01,False
2021-01-14,COALINDIA,92.2804,93.2876,91.1789,92.3119,14755992,0.583,87.1361,82.4307,78.6215,69.765,2.20731,1.83159,0.375719,92.5969,81.6753,12.534,2021,1,1,2021-01,False
2021-01-15,COALINDIA,92.4064,92.9099,89.6052,90.1717,10647008,-2.3184,87.1298,82.8734,78.6778,61.0881,2.15994,1.89726,0.262681,92.5755,81.6841,12.5003,2021,1,1,2021-01,False
2021-01-18,COALINDIA,90.2032,90.5809,85.9857,87.3076,17085592,-3.1763,87.0354,83.1989,78.6993,51.8026,1.86974,1.89176,-0.022017,92.3951,81.6757,12.3161,2021,1,1,2021-01,False
2021-01-19,COALINDIA,88.661,89.3219,87.8741,88.1889,8951075,1.0094,87.2604,83.519,78.727,54.1137,1.69136,1.85168,-0.160314,92.4018,82.119,11.7841,2021,1,1,2021-01,False
2021-01-20,COALINDIA,88.4407,89.3534,87.2761,89.0701,11820498,0.9993,87.4492,83.8572,78.7642,56.367,1.60264,1.80187,-0.199232,92.5639,82.3346,11.6973,2021,1,1,2021-01,False
2021-01-21,COALINDIA,89.3849,89.4793,85.9543,86.4578,10828875,-2.9329,87.5216,84.1071,78.7812,48.7285,1.30647,1.70279,-0.396319,92.5308,82.5125,11.4466,2021,1,1,2021-01,False
2021-01-22,COALINDIA,86.4578,86.7411,83.4049,83.8455,14810848,-3.0215,87.4256,84.2923,78.7934,42.5228,0.851153,1.53246,-0.681309,92.6456,82.2057,11.9416,2021,1,1,2021-01,False
2021-01-25,COALINDIA,84.9156,85.2933,82.3663,82.9958,10157077,-1.0135,87.2431,84.5049,78.7911,40.7067,0.416934,1.30936,-0.892422,92.8209,81.6653,12.7868,2021,1,1,2021-01,False
2021-01-27,COALINDIA,83.0902,83.4364,81.0129,81.2962,11638766,-2.0478,87.0558,84.6386,78.7653,37.2775,-0.0635964,1.03477,-1.09836,93.1705,80.9412,14.0477,2021,1,1,2021-01,False
2021-01-28,COALINDIA,80.5723,81.7997,80.4464,80.6982,11970139,-0.7356,86.8229,84.746,78.7336,36.1244,-0.487059,0.730401,-1.21746,93.5357,80.1101,15.4632,2021,1,1,2021-01,False
2021-01-29,COALINDIA,81.3591,81.6109,78.8412,79.2504,15268785,-1.7941,86.5224,84.8055,78.6931,33.4284,-0.928773,0.398566,-1.32734,94.0217,79.023,17.3351,2021,1,1,2021-01,False
2021-02-01,COALINDIA,79.5651,81.6739,79.2189,81.2018,12808349,2.4623,86.3225,84.9093,78.6583,39.9351,-1.1086,0.0971333,-1.20573,94.1751,78.4699,18.1937,2021,2,1,2021-02,False
2021-02-02,COALINDIA,82.4607,83.6252,81.6109,82.6181,15485139,1.7442,86.1337,85.0252,78.6441,44.1982,-1.12387,-0.147067,-0.976803,94.1587,78.1086,18.6339,2021,2,1,2021-02,False
2021-02-03,COALINDIA,82.6181,86.867,82.6181,86.3949,25483402,4.5714,86.1998,85.2241,78.6641,53.6463,-0.821742,-0.282002,-0.53974,94.2098,78.1897,18.5848,2021,2,1,2021-02,False
2021-02-04,COALINDIA,86.8041,90.8012,86.1116,90.392,30751754,4.6266,86.4673,85.4866,78.6992,61.1444,-0.256807,-0.276963,0.0201565,94.6695,78.265,18.9719,2021,2,1,2021-02,False
2021-02-05,COALINDIA,90.7068,90.8327,87.7168,88.661,19930467,-1.915,86.6042,85.7081,78.7249,56.8552,0.0506443,-0.211442,0.262086,94.8594,78.349,19.0642,2021,2,1,2021-02,False
2021-02-08,COALINDIA,88.7869,89.6367,88.3148,89.1016,11810439,0.497,86.6624,85.9297,78.7645,57.6692,0.326097,-0.103934,0.430031,94.9735,78.3514,19.1803,2021,2,1,2021-02,False
2021-02-09,COALINDIA,89.0701,90.2976,87.3076,87.6538,8579689,-1.6249,86.5853,86.1085,78.7935,54.0601,0.422698,0.00139242,0.421306,94.8257,78.3449,19.0341,2021,2,1,2021-02,False
2021-02-10,COALINDIA,88.063,88.4722,86.1116,87.0558,8709612,-0.6822,86.3225,86.269,78.8276,52.596,0.445863,0.0902865,0.355576,94.1171,78.5279,18.0592,2021,2,1,2021-02,False
2021-02-11,COALINDIA,87.0558,87.8112,85.608,86.3319,14150298,-0.8316,86.0503,86.4043,78.8448,50.8022,0.401183,0.152466,0.248717,93.411,78.6895,17.108,2021,2,1,2021-02,False
2021-02-12,COALINDIA,85.9228,86.2375,83.5623,84.2547,16453706,-2.4061,85.6474,86.4559,78.826,45.9587,0.1959,0.161153,0.0347472,92.4239,78.8709,15.8243,2021,2,1,2021-02,False
2021-02-15,COALINDIA,84.6638,84.8841,83.0902,83.2475,10557047,-1.1954,85.3012,86.4408,78.8206,43.7792,-0.0475117,0.11942,-0.166931,91.8066,78.7958,15.2527,2021,2,1,2021-02,False
2021-02-16,COALINDIA,83.279,85.2304,83.279,84.1917,11735144,1.1342,85.1454,86.4465,78.8326,46.348,-0.162354,0.0630649,-0.225419,91.5975,78.6933,15.1554,2021,2,1,2021-02,False
2021-02-17,COALINDIA,83.9085,85.4507,83.6567,85.1045,8950258,1.0841,84.9912,86.4264,78.8618,48.784,-0.177671,0.0149177,-0.192589,91.2824,78.6999,14.8044,2021,2,1,2021-02,False
2021-02-18,COALINDIA,84.9786,88.8813,84.3806,88.0945,22069738,3.5133,84.9424,86.4981,78.9147,55.8552,0.0508706,0.0221083,0.0287623,91.1144,78.7703,14.5323,2021,2,1,2021-02,False
2021-02-19,COALINDIA,88.0945,90.1402,86.3949,87.6538,22944780,-0.5002,85.0022,86.5554,78.9707,54.6576,0.194199,0.0565265,0.137673,91.2587,78.7457,14.7207,2021,2,1,2021-02,False
2021-02-22,COALINDIA,87.402,87.7482,85.0415,85.7654,20401387,-2.1544,85.0982,86.573,79.0189,49.7356,0.153636,0.0759485,0.0776879,91.3388,78.8575,14.6669,2021,2,1,2021-02,False
2021-02-23,COALINDIA,86.6152,87.2447,85.7339,86.1746,19178437,0.4771,85.2571,86.556,79.0738,50.77,0.152745,0.0913077,0.061437,91.4339,79.0803,14.4898,2021,2,1,2021-02,False
2021-02-24,COALINDIA,88.0945,91.2733,87.8112,90.8956,38775957,5.4785,85.7371,86.5693,79.1413,60.7954,0.526913,0.178429,0.348484,92.1068,79.3674,14.8586,2021,2,1,2021-02,False
2021-02-25,COALINDIA,92.4693,99.2676,91.7454,98.2604,85580477,8.1025,86.6152,86.7329,79.2514,70.7891,1.40157,0.423057,0.978512,94.6774,78.553,18.616,2021,2,1,2021-02,False
2021-02-26,COALINDIA,98.2919,102.604,94.7354,95.8055,94115857,-2.4984,87.443,86.8173,79.3464,64.8544,1.87503,0.713451,1.16158,95.718,79.168,18.9266,2021,2,1,2021-02,False
2021-03-01,COALINDIA,97.8827,98.8899,96.7497,97.1588,22306110,1.4126,88.2408,86.9545,79.4715,66.5208,2.33257,1.03727,1.29529,97.0424,79.4392,19.949,2021,3,1,2021-03,False
2021-03-02,COALINDIA,97.1588,98.2919,95.9943,96.5608,17565134,-0.6155,88.938,87.1018,79.5881,65.0531,2.61675,1.35317,1.26358,98.067,79.8089,20.529,2021,3,1,2021-03,False
2021-03-03,COALINDIA,97.568,99.0158,96.8126,97.5051,17610904,0.9778,89.4935,87.3781,79.7104,66.3168,2.8849,1.65952,1.22539,99.298,79.6889,21.9113,2021,3,1,2021-03,False
2021-03-04,COALINDIA,96.9385,97.505,95.4907,95.711,17162557,-1.8399,89.7594,87.5865,79.82,61.7481,2.91901,1.91142,1.00759,99.9477,79.5711,22.7013,2021,3,1,2021-03,False
2021-03-05,COALINDIA,95.6796,96.1202,94.2318,95.1131,17323282,-0.6248,90.082,87.7885,79.9246,60.2579,2.86476,2.10208,0.762675,100.529,79.6349,23.1947,2021,3,1,2021-03,False
2021-03-08,COALINDIA,96.8756,98.1975,95.8999,96.4035,18727656,1.3567,90.4471,88.0013,80.0295,62.3685,2.89255,2.26018,0.632373,101.254,79.6401,23.8969,2021,3,1,2021-03,False
2021-03-09,COALINDIA,97.5365,97.5365,93.4764,95.4907,14621175,-0.9468,90.839,88.1782,80.1194,59.9436,2.80855,2.36985,0.438698,101.787,79.891,24.1041,2021,3,1,2021-03,False
2021-03-10,COALINDIA,96.3405,96.4664,94.0429,95.0186,10788943,-0.4944,91.2371,88.3777,80.1977,58.6729,2.67307,2.43049,0.242573,102.185,80.2892,23.9987,2021,3,1,2021-03,False
2021-03-12,COALINDIA,95.6796,96.3091,93.7912,94.7354,14835735,-0.2981,91.6573,88.5653,80.2526,57.8802,2.51386,2.44717,0.0666951,102.456,80.858,23.5644,2021,3,1,2021-03,False
2021-03-15,COALINDIA,95.3539,96.1027,94.247,95.6469,15783310,0.9622,92.2269,88.773,80.2907,59.7642,2.4332,2.44437,-0.0111766,102.574,81.8793,22.4393,2021,3,1,2021-03,False
2021-03-16,COALINDIA,95.712,96.3957,94.1494,94.8656,11857531,-0.8169,92.8078,88.9663,80.34,57.3944,2.27994,2.41149,-0.131545,102.302,83.3135,20.4602,2021,3,1,2021-03,False
2021-03-17,COALINDIA,94.4424,94.7028,90.8288,91.0567,15554810,-4.0151,93.151,89.0596,80.3754,47.5049,1.83004,2.2952,-0.465156,101.792,84.5102,18.5522,2021,3,1,2021-03,False
2021-03-18,COALINDIA,92.131,92.2937,88.6801,89.2336,14401450,-2.0022,93.3575,89.1428,80.406,43.6298,1.31127,2.09841,-0.787144,101.363,85.3523,17.1496,2021,3,1,2021-03,False
2021-03-19,COALINDIA,88.5499,91.1543,86.9222,88.7452,33294812,-0.5472,93.39,89.2169,80.4205,42.6268,0.850925,1.84892,-0.997991,101.31,85.47,16.9611,2021,3,1,2021-03,False
2021-03-22,COALINDIA,89.5917,89.5917,88.0941,88.322,11414253,-0.4769,93.4234,89.2648,80.4274,41.7314,0.446797,1.56849,-1.12169,101.247,85.6003,16.7477,2021,3,1,2021-03,False
2021-03-23,COALINDIA,88.2895,88.9731,87.3128,88.0616,8887103,-0.2949,93.5382,89.2673,80.4401,41.1584,0.104306,1.27565,-1.17135,100.944,86.132,15.8357,2021,3,1,2021-03,False
2021-03-24,COALINDIA,87.1826,87.9965,85.978,86.1408,10865477,-2.1812,93.5365,89.2062,80.4539,37.1115,-0.31844,0.956836,-1.27528,100.95,86.1233,15.8511,2021,3,1,2021-03,False
2021-03-25,COALINDIA,85.9455,86.6617,82.7226,83.4062,18629600,-3.1746,93.1621,89.0281,80.4628,32.2497,-0.864167,0.592635,-1.4568,101.794,84.5306,18.5301,2021,3,1,2021-03,False
2021-03-26,COALINDIA,84.0573,84.9037,83.7969,84.3829,9505615,1.171,92.4682,88.8802,80.4857,35.4997,-1.20397,0.233314,-1.43729,101.591,83.3452,19.7323,2021,3,1,2021-03,False
2021-03-30,COALINDIA,85.2944,87.5407,84.741,86.564,20582346,2.5849,92.0061,88.7653,80.5271,42.1716,-1.28248,-0.069846,-1.21264,101.351,82.6613,20.3134,2021,3,1,2021-03,False
2021-03-31,COALINDIA,86.5966,86.5966,84.6433,84.8712,14900610,-1.9556,91.3917,88.6593,80.5628,38.8157,-1.46442,-0.348762,-1.11566,100.924,81.8595,20.8601,2021,3,1,2021-03,False
2021-04-01,COALINDIA,85.5874,86.2059,85.034,86.0432,6226087,1.3809,90.8659,88.634,80.6095,42.2424,-1.49679,-0.578368,-0.918424,100.358,81.374,20.8921,2021,4,2,2021-04,False
2021-04-05,COALINDIA,85.8804,86.0106,83.3736,84.5131,9012457,-1.7783,90.2163,88.5605,80.6243,39.1588,-1.62715,-0.788124,-0.839026,99.5723,80.8602,20.7415,2021,4,2,2021-04,False
2021-04-06,COALINDIA,85.1967,85.8478,84.1875,84.8386,6689423,0.3852,89.6726,88.4758,80.6417,40.1597,-1.68477,-0.967454,-0.717317,98.9475,80.3977,20.6861,2021,4,2,2021-04,False
2021-04-07,COALINDIA,84.8386,85.7502,84.4805,85.4572,5657926,0.7291,89.1898,88.4558,80.6434,42.1084,-1.66137,-1.10624,-0.555135,98.2757,80.104,20.3741,2021,4,2,2021-04,False
2021-04-08,COALINDIA,85.4897,87.0849,85.4246,85.7176,9330363,0.3048,88.6556,88.4933,80.6457,42.9508,-1.60333,-1.20566,-0.397675,97.1957,80.1154,19.2658,2021,4,2,2021-04,False
2021-04-09,COALINDIA,85.7176,85.9129,83.9596,84.3177,10149401,-1.6331,88.0969,88.5197,80.6478,39.6141,-1.65126,-1.29478,-0.35648,96.2052,79.9886,18.4078,2021,4,2,2021-04,False
2021-04-12,COALINDIA,83.3411,83.5364,80.4762,81.1925,11334755,-3.7066,87.4056,88.5176,80.6377,33.3795,-1.9193,-1.41968,-0.499617,95.3857,79.4255,18.26,2021,4,2,2021-04,False
2021-04-13,COALINDIA,81.2576,83.6341,81.2576,83.3085,7809483,2.6063,86.8343,88.5698,80.6332,40.2378,-1.93862,-1.52347,-0.415155,94.2188,79.4497,17.0083,2021,4,2,2021-04,False
2021-04-15,COALINDIA,83.3085,85.1642,82.6574,83.5039,8924391,0.2344,86.2271,88.6549,80.6511,40.8431,-1.91609,-1.60199,-0.314099,92.4692,79.985,14.4783,2021,4,2,2021-04,False
2021-04-16,COALINDIA,83.8945,84.6107,82.7551,83.2434,10358366,-0.3119,85.646,88.6957,80.6736,40.2575,-1.89738,-1.66107,-0.236309,90.5149,80.7771,11.3698,2021,4,2,2021-04,False
2021-04-19,COALINDIA,81.7784,82.0389,80.346,81.1273,7131534,-2.542,85.1495,88.6659,80.6826,35.7702,-2.0299,-1.73484,-0.295063,89.7106,80.5884,10.7132,2021,4,2,2021-04,False
2021-04-20,COALINDIA,81.3878,82.2017,80.7692,81.0622,7738871,-0.0803,84.741,88.5593,80.6921,35.6386,-2.11579,-1.81103,-0.304761,89.225,80.2569,10.5829,2021,4,2,2021-04,False
2021-04-22,COALINDIA,81.1599,81.7133,80.7367,81.4203,8514980,0.4418,84.3747,88.3798,80.6984,37.0115,-2.1304,-1.8749,-0.255499,88.6744,80.075,10.1919,2021,4,2,2021-04,False
2021-04-23,COALINDIA,81.3552,82.8528,80.8995,82.1366,8992991,0.8796,84.0654,88.2493,80.7065,39.7784,-2.06044,-1.91201,-0.148428,88.0478,80.0831,9.4744,2021,4,2,2021-04,False
2021-04-26,COALINDIA,83.1783,83.3411,82.3644,82.6574,4967884,0.6342,83.7952,88.1205,80.7261,41.7814,-1.94059,-1.91773,-0.0228648,87.3459,80.2446,8.4746,2021,4,2,2021-04,False
2021-04-27,COALINDIA,82.69,83.276,82.4296,83.0155,3982954,0.4333,83.639,88.0277,80.7475,43.1806,-1.79601,-1.89338,0.0973722,87.0263,80.2516,8.0999,2021,4,2,2021-04,False
2021-04-28,COALINDIA,83.3411,84.2852,83.0155,83.6666,6206074,0.7843,83.652,87.9599,80.7794,45.7342,-1.61033,-1.83677,0.226442,87.0376,80.2664,8.0944,2021,4,2,2021-04,False
2021-04-29,COALINDIA,84.4805,84.6759,83.1132,83.3737,8345584,-0.3502,83.6015,87.9007,80.8075,44.7594,-1.46987,-1.76339,0.293519,86.9713,80.2318,8.0614,2021,4,2,2021-04,False
2021-04-30,COALINDIA,82.9504,87.6384,82.69,86.6292,27396950,3.9047,83.6048,87.9482,80.8539,55.9858,-1.08338,-1.62739,0.54401,86.9867,80.2229,8.0902,2021,4,2,2021-04,False
2021-05-03,COALINDIA,86.5966,86.8896,85.4246,86.0757,10262391,-0.6389,83.665,88.0048,80.9043,53.9775,-0.812375,-1.46439,0.652012,87.1821,80.148,8.4075,2021,5,2,2021-05,False
2021-05-04,COALINDIA,86.3036,88.4197,86.1083,86.4664,9926789,0.4539,83.6862,88.0503,80.9573,55.1992,-0.559626,-1.28343,0.723808,87.268,80.1044,8.5601,2021,5,2,2021-05,False
2021-05-05,COALINDIA,86.5966,87.5733,86.2711,86.6943,4877341,0.2636,83.7952,88.0821,81.017,55.934,-0.337048,-1.09416,0.757109,87.6084,79.9821,9.1012,2021,5,2,2021-05,False
2021-05-06,COALINDIA,87.3779,88.1918,87.0849,87.6384,7632817,1.089,83.9352,88.073,81.0681,58.9388,-0.0835103,-0.892028,0.808517,88.0991,79.7713,9.9217,2021,5,2,2021-05,False
2021-05-07,COALINDIA,88.1592,89.8521,87.8988,89.1033,12644960,1.6716,84.1175,88.102,81.1195,63.1391,0.232947,-0.667033,0.89998,88.8434,79.3917,11.2362,2021,5,2,2021-05,False
2021-05-10,COALINDIA,89.2661,96.6887,89.2661,95.7446,45098431,7.4534,84.6189,88.3015,81.2039,75.4163,1.00802,-0.332023,1.34004,91.6329,77.6048,16.578,2021,5,2,2021-05,False
2021-05-11,COALINDIA,95.3539,102.06,94.5075,101.377,66582000,5.8823,85.4718,88.6056,81.3134,81.1501,2.05305,0.144992,1.90806,95.7302,75.2134,24.0042,2021,5,2,2021-05,False
2021-05-12,COALINDIA,101.507,103.981,98.8373,99.9442,42959024,-1.413,86.4094,88.7866,81.4176,76.2772,2.73415,0.662824,2.07133,98.3163,74.5026,27.5591,2021,5,2,2021-05,False
2021-05-14,COALINDIA,101.539,101.539,95.126,95.5818,23140309,-4.3648,87.0231,88.733,81.5056,63.727,2.88862,1.10798,1.78064,99.5081,74.5381,28.6935,2021,5,2,2021-05,False
2021-05-17,COALINDIA,95.712,97.1119,93.7587,96.4608,17076463,0.9196,87.6709,88.7461,81.6028,64.9774,3.04684,1.49576,1.55109,100.719,74.6228,29.766,2021,5,2,2021-05,False
2021-05-18,COALINDIA,97.0793,97.5351,95.126,95.3539,10295029,-1.1475,88.2764,88.71,81.693,62.0755,3.04779,1.80616,1.24162,101.581,74.972,30.1427,2021,5,2,2021-05,False
2021-05-19,COALINDIA,95.3539,99.2931,94.4749,98.8699,23999878,3.6873,89.1636,88.7562,81.7986,67.1015,3.29427,2.10378,1.19049,102.822,75.5049,30.6374,2021,5,2,2021-05,False
2021-05-20,COALINDIA,99.228,99.228,95.0935,95.4841,22983457,-3.4244,89.8847,88.7158,81.8949,58.9936,3.17975,2.31898,0.860776,103.262,76.5069,29.7665,2021,5,2,2021-05,False
2021-05-21,COALINDIA,95.712,97.4049,95.6144,95.8423,13009821,0.3751,90.6058,88.7184,81.9911,59.5504,3.08236,2.47165,0.610709,103.612,77.5995,28.7097,2021,5,2,2021-05,False
2021-05-24,COALINDIA,96.4282,97.5026,94.833,96.9491,14192862,1.1549,91.3464,88.7551,82.0954,61.2993,3.05923,2.58917,0.470061,104.004,78.6884,27.7143,2021,5,2,2021-05,False
2021-05-25,COALINDIA,97.5351,97.6653,95.7771,96.005,10434892,-0.9738,92.0138,88.7471,82.1939,58.9577,2.93093,2.65752,0.273409,104.139,79.8884,26.3555,2021,5,2,2021-05,False
2021-05-26,COALINDIA,96.2329,96.3631,94.54,94.8656,9948786,-1.1868,92.6063,88.7346,82.2876,56.1691,2.70612,2.66724,0.0388756,104.017,81.1952,24.6443,2021,5,2,2021-05,False
2021-05-27,COALINDIA,94.8982,95.2563,93.8238,94.1168,24064196,-0.7893,93.1288,88.7166,82.3763,54.3498,2.43941,2.62167,-0.182264,103.746,82.5119,22.8005,2021,5,2,2021-05,False
2021-05-28,COALINDIA,94.8005,96.884,94.247,95.6469,16465504,1.6257,93.7425,88.7348,82.4701,57.3871,2.32471,2.56228,-0.237572,103.357,84.1282,20.5121,2021,5,2,2021-05,False
2021-05-31,COALINDIA,95.7446,96.6236,94.4424,96.1678,11767444,0.5446,94.2194,88.7452,82.5679,58.4019,2.24991,2.49981,-0.2499,103.278,85.1606,19.2292,2021,5,2,2021-05,False
2021-06-01,COALINDIA,96.7212,97.2747,95.6469,96.1027,9307143,-0.0677,94.7207,88.77,82.6629,58.2152,2.16046,2.43194,-0.271474,102.954,86.4873,17.3845,2021,6,2,2021-06,False
2021-06-02,COALINDIA,96.0376,97.6002,95.712,97.0794,10714318,1.0163,95.2514,88.8904,82.7669,60.2661,2.14368,2.37429,-0.230608,102.561,87.9418,15.348,2021,6,2,2021-06,False
2021-06-03,COALINDIA,97.6653,97.9258,96.7538,97.0468,9282774,-0.0335,95.769,89.0467,82.87,60.1601,2.1035,2.32013,-0.216628,101.898,89.64,12.7996,2021,6,2,2021-06,False
2021-06-04,COALINDIA,97.0142,100.53,96.4934,99.6838,29422387,2.7172,96.3713,89.2655,82.9777,65.4594,2.25841,2.30778,-0.0493773,101.406,91.3367,10.4483,2021,6,2,2021-06,False
2021-06-07,COALINDIA,101.572,103.428,101.214,101.735,31071589,2.0575,97.0028,89.5337,83.0834,68.9219,2.51765,2.34976,0.167889,101.316,92.6897,8.8927,2021,6,2,2021-06,False
2021-06-08,COALINDIA,102.483,102.549,99.4884,101.572,12874065,-0.16,97.2942,89.8039,83.1863,68.3364,2.67908,2.41562,0.263456,102.017,92.5712,9.7088,2021,6,2,2021-06,False
2021-06-09,COALINDIA,102.223,105.088,101.051,101.832,30443113,0.2564,97.317,90.1178,83.2951,68.7933,2.7958,2.49166,0.304144,102.127,92.5074,9.8844,2021,6,2,2021-06,False
2021-06-10,COALINDIA,102.288,103.362,101.409,101.897,11459484,0.0639,97.4147,90.4876,83.3942,68.914,2.86058,2.56544,0.29514,102.519,92.3102,10.48,2021,6,2,2021-06,False
2021-06-11,COALINDIA,102.223,107.432,101.995,105.902,61728565,3.9297,97.9307,90.918,83.5103,75.255,3.19817,2.69199,0.506181,104.207,91.6543,12.8179,2021,6,2,2021-06,False
2021-06-14,COALINDIA,106.781,106.781,101.279,103.753,30836595,-2.0289,98.2953,91.2618,83.6148,67.3198,3.25481,2.80455,0.45026,105.042,91.5488,13.7269,2021,6,2,2021-06,False
2021-06-15,COALINDIA,104.893,105.381,102.06,102.321,30153988,-1.3806,98.6436,91.6107,83.7102,62.5821,3.14783,2.87321,0.274624,105.47,91.8177,13.8397,2021,6,2,2021-06,False
2021-06-16,COALINDIA,102.418,103.395,100.823,101.279,14098443,-1.0182,98.7641,91.9155,83.796,59.3128,2.94504,2.88757,0.0574629,105.691,91.837,14.0275,2021,6,2,2021-06,False
2021-06-17,COALINDIA,100.921,101.181,98.5769,99.0652,15784276,-2.1858,98.9431,92.2065,83.8748,52.9792,2.576,2.82526,-0.249263,105.696,92.1901,13.6503,2021,6,2,2021-06,False
2021-06-18,COALINDIA,99.6187,100.14,94.4749,95.3214,24823176,-3.7792,98.9171,92.4162,83.9394,44.3533,1.95885,2.65198,-0.693126,105.724,92.1099,13.7634,2021,6,2,2021-06,False
2021-06-21,COALINDIA,95.0609,96.3631,93.4332,96.0376,15038290,0.7514,98.8715,92.6278,84.0215,46.1593,1.51014,2.42361,-0.913467,105.746,91.997,13.906,2021,6,2,2021-06,False
2021-06-22,COALINDIA,96.9491,97.3398,96.2329,96.8189,12494441,0.8136,98.9122,92.8498,84.1101,48.1368,1.20371,2.17963,-0.97592,105.725,92.0998,13.7747,2021,6,2,2021-06,False
2021-06-23,COALINDIA,97.5677,98.056,96.4608,96.6561,7983220,-0.1681,99.0017,93.0966,84.1895,47.7434,0.936926,1.93109,-0.994164,105.635,92.3685,13.4002,2021,6,2,2021-06,False
2021-06-24,COALINDIA,96.6561,97.0794,95.0609,95.3214,12929173,-1.3809,99.062,93.3791,84.264,44.5295,0.610752,1.66702,-1.05627,105.528,92.5957,13.055,2021,6,2,2021-06,False
2021-06-25,COALINDIA,95.5493,97.177,95.5493,96.8515,7400514,1.6052,99.1222,93.65,84.3557,48.7856,0.470302,1.42768,-0.957376,105.476,92.7684,12.8201,2021,6,2,2021-06,False
2021-06-28,COALINDIA,95.7772,97.0142,95.712,95.8423,8217659,-1.042,99.1059,93.8968,84.4439,46.2642,0.274396,1.19702,-0.922625,105.493,92.7187,12.8897,2021,6,2,2021-06,False
2021-06-29,COALINDIA,95.7771,96.298,93.7262,94.0843,21576435,-1.8343,99.005,94.1136,84.5293,42.1751,-0.0224568,0.953126,-0.975583,105.651,92.3594,13.4248,2021,6,2,2021-06,False
2021-06-30,COALINDIA,94.8005,95.9725,94.4749,95.4841,12919448,1.4879,98.9252,94.4007,84.6305,46.2491,-0.143107,0.733879,-0.876986,105.705,92.1454,13.707,2021,6,2,2021-06,False
2021-07-01,COALINDIA,95.4516,95.9074,94.7354,94.833,5668038,-0.6819,98.8145,94.6761,84.7294,44.6727,-0.287942,0.529515,-0.817457,105.793,91.8362,14.1241,2021,7,3,2021-07,False
2021-07-02,COALINDIA,95.712,96.7863,95.0935,96.1352,20805994,1.3732,98.6371,94.9704,84.8393,48.4568,-0.294256,0.364761,-0.659017,105.702,91.5719,14.3256,2021,7,3,2021-07,False
2021-07-05,COALINDIA,96.3631,97.9909,96.1027,97.6002,10401054,1.5239,98.4304,95.2797,84.9571,52.4011,-0.178985,0.256012,-0.434997,105.354,91.5063,14.069,2021,7,3,2021-07,False
2021-07-06,COALINDIA,97.6979,98.1211,95.6469,96.0376,9579038,-1.6011,98.1537,95.5473,85.0695,48.167,-0.211289,0.162551,-0.373841,104.991,91.3164,13.9318,2021,7,3,2021-07,False
2021-07-07,COALINDIA,96.0376,96.8515,95.419,96.0701,6067804,0.0339,97.8656,95.8084,85.1829,48.2608,-0.231593,0.0837225,-0.315316,104.534,91.1974,13.6271,2021,7,3,2021-07,False
2021-07-08,COALINDIA,95.712,96.4608,94.6052,95.2237,12349670,-0.8811,97.5319,96.0395,85.2907,45.9335,-0.312383,0.0045015,-0.316884,104.016,91.0479,13.2961,2021,7,3,2021-07,False
2021-07-09,COALINDIA,95.2237,96.0376,94.8331,95.5167,4963821,0.3077,97.0126,96.2824,85.4018,46.8883,-0.348746,-0.0661481,-0.282598,102.21,91.8152,10.7149,2021,7,3,2021-07,False
2021-07-12,COALINDIA,95.5818,96.2655,95.1261,95.3214,4010172,-0.2045,96.591,96.4562,85.5179,46.3012,-0.388845,-0.130687,-0.258157,100.751,92.4315,8.6126,2021,7,3,2021-07,False
2021-07-13,COALINDIA,95.712,96.6887,95.4841,96.4282,5717442,1.1612,96.2964,96.6633,85.6458,50.1128,-0.327532,-0.170056,-0.157476,99.4634,93.1294,6.5776,2021,7,3,2021-07,False
2021-07-14,COALINDIA,96.3306,97.2747,95.8748,96.4608,7216739,0.0338,96.0555,96.8632,85.7694,50.2247,-0.273166,-0.190678,-0.0824877,98.192,93.9189,4.4486,2021,7,3,2021-07,False
2021-07-15,COALINDIA,96.3632,96.6236,94.8331,95.5167,7257500,-0.9787,95.8781,97.0396,85.9042,46.9365,-0.30277,-0.213097,-0.0896732,97.4863,94.2698,3.3547,2021,7,3,2021-07,False
2021-07-16,COALINDIA,95.5493,96.3957,94.6052,94.7679,10819800,-0.7839,95.8504,97.1822,86.031,44.4508,-0.382244,-0.246926,-0.135318,97.5169,94.1838,3.4774,2021,7,3,2021-07,False
2021-07-19,COALINDIA,94.4098,95.3214,93.7587,94.0517,5158738,-0.7558,95.7511,97.2812,86.1457,42.1514,-0.497289,-0.296999,-0.20029,97.5976,93.9046,3.8569,2021,7,3,2021-07,False
2021-07-20,COALINDIA,94.0843,94.4424,92.2612,93.0425,6271740,-1.073,95.5623,97.2271,86.2622,39.0833,-0.662263,-0.370052,-0.292211,97.6986,93.4259,4.4711,2021,7,3,2021-07,False
2021-07-22,COALINDIA,93.7587,94.6703,93.2704,94.2145,4772582,1.2596,95.4402,97.0839,86.3896,44.1657,-0.690479,-0.434137,-0.256342,97.5923,93.2881,4.5099,2021,7,3,2021-07,False
2021-07-23,COALINDIA,94.2145,94.4098,93.3355,93.8238,3419739,-0.4146,95.3653,96.9615,86.5112,42.8814,-0.73588,-0.494486,-0.241394,97.6358,93.0948,4.7617,2021,7,3,2021-07,False
2021-07-26,COALINDIA,93.7587,94.7354,93.2704,93.7587,4423596,-0.0694,95.2107,96.925,86.6292,42.6588,-0.768258,-0.54924,-0.219018,97.4763,92.9451,4.7591,2021,7,3,2021-07,False
2021-07-27,COALINDIA,94.0843,94.5726,92.5216,92.7495,4245486,-1.0764,95.056,96.8508,86.7468,39.2564,-0.865378,-0.612468,-0.25291,97.5507,92.5614,5.2489,2021,7,3,2021-07,False
2021-07-28,COALINDIA,93.4006,93.9541,91.838,93.7913,8834228,1.1232,95.0414,96.8196,86.8766,44.2036,-0.848503,-0.659675,-0.188828,97.5634,92.5194,5.3072,2021,7,3,2021-07,False
2021-07-29,COALINDIA,93.7913,94.1819,92.3914,92.5542,8237916,-1.319,94.8949,96.6932,87.0036,40.0339,-0.924297,-0.712599,-0.211698,97.6392,92.1506,5.7839,2021,7,3,2021-07,False
2021-07-30,COALINDIA,92.6519,94.3447,91.9682,93.303,9526451,0.809,94.8184,96.6496,87.1297,43.5074,-0.913417,-0.752763,-0.160654,97.6538,91.983,5.9806,2021,7,3,2021-07,False
2021-08-02,COALINDIA,93.9541,94.3447,93.1727,93.6936,6164197,0.4187,94.6963,96.6066,87.2627,45.2881,-0.863318,-0.774874,-0.0884445,97.5031,91.8896,5.9279,2021,8,3,2021-08,False
2021-08-03,COALINDIA,93.6936,94.2471,93.1076,93.9215,5648929,0.2432,94.5124,96.5461,87.3949,46.3504,-0.79605,-0.779109,-0.0169409,96.9795,92.0453,5.2207,2021,8,3,2021-08,False
2021-08-04,COALINDIA,93.8564,95.9399,93.8564,94.2145,8839351,0.3119,94.4212,96.5103,87.5384,47.7549,-0.710904,-0.765468,0.0545644,96.7835,92.0589,5.0037,2021,8,3,2021-08,False
2021-08-05,COALINDIA,94.4098,94.9958,92.5867,94.7028,6237158,0.5183,94.3529,96.507,87.6842,50.0998,-0.597136,-0.731802,0.134666,96.5901,92.1157,4.7422,2021,8,3,2021-08,False
2021-08-06,COALINDIA,94.8005,96.6561,94.5726,95.1261,10812438,0.4469,94.348,96.5272,87.8299,52.1061,-0.467435,-0.678928,0.211493,96.5776,92.1184,4.7264,2021,8,3,2021-08,False
2021-08-09,COALINDIA,96.0376,96.2655,92.6844,93.2704,12986298,-1.9507,94.2357,96.4797,87.9563,43.7923,-0.508519,-0.644846,0.136327,96.4436,92.0277,4.686,2021,8,3,2021-08,False
2021-08-10,COALINDIA,93.5634,93.9215,91.6426,92.5867,14022502,-0.733,94.0989,96.4081,88.0825,41.185,-0.589451,-0.633767,0.0443163,96.3618,91.8361,4.8095,2021,8,3,2021-08,False
2021-08-11,COALINDIA,93.0425,93.9866,91.9031,93.7262,8356558,1.2307,93.9638,96.3605,88.21,46.8633,-0.555246,-0.618063,0.0628169,95.9464,91.9812,4.2199,2021,8,3,2021-08,False
2021-08-12,COALINDIA,93.7913,95.5167,93.5634,94.0192,7685737,0.3126,93.8417,96.2993,88.337,48.2469,-0.498747,-0.5942,0.0954526,95.4405,92.243,3.4073,2021,8,3,2021-08,False
2021-08-13,COALINDIA,94.4424,95.2563,93.2378,93.5959,9455100,-0.4501,93.7457,96.2303,88.4562,46.3687,-0.482559,-0.571872,0.0893126,95.1382,92.3532,2.9709,2021,8,3,2021-08,False
2021-08-16,COALINDIA,93.6285,93.8564,92.2937,92.4565,5259207,-1.2174,93.6301,96.0858,88.579,41.6659,-0.555271,-0.568552,0.0132804,95.0489,92.2114,3.0305,2021,8,3,2021-08,False
2021-08-17,COALINDIA,92.5216,92.8146,89.3312,90.666,13714266,-1.9366,93.4608,95.8644,88.6947,35.5622,-0.748746,-0.604591,-0.144155,95.3855,91.5362,4.1187,2021,8,3,2021-08,False
2021-08-18,COALINDIA,90.666,91.3171,89.8521,90.08,7654460,-0.6463,93.3127,95.6346,88.8111,33.8162,-0.938541,-0.671381,-0.267161,95.7584,90.867,5.242,2021,8,3,2021-08,False
2021-08-20,COALINDIA,89.5265,89.8847,87.8988,88.2895,8877297,-1.9877,93.0165,95.3637,88.9241,29.1128,-1.21938,-0.780981,-0.4384,96.2957,89.7373,7.0508,2021,8,3,2021-08,False
2021-08-23,COALINDIA,88.7453,88.8104,86.4339,87.2152,7768805,-1.2168,92.686,95.07,89.0217,26.7123,-1.51121,-0.927028,-0.584187,96.8383,88.5338,8.9599,2021,8,3,2021-08,False
2021-08-24,COALINDIA,87.4756,89.1359,87.2477,88.6801,7452062,1.6797,92.4321,94.7256,89.1223,34.6283,-1.60577,-1.06278,-0.542997,96.9161,87.9481,9.7022,2021,8,3,2021-08,False
2021-08-25,COALINDIA,88.8755,90.6009,88.8755,90.4056,7817617,1.9457,92.3149,94.4587,89.2291,42.5054,-1.52392,-1.15501,-0.368913,96.8856,87.7442,9.9025,2021,8,3,2021-08,False
2021-08-26,COALINDIA,90.4056,90.7637,88.7778,89.3963,6845692,-1.1163,92.0952,94.2002,89.3359,39.5068,-1.52293,-1.22859,-0.294338,96.788,87.4023,10.1913,2021,8,3,2021-08,False
2021-08-27,COALINDIA,89.787,90.6986,89.2336,90.2102,4418540,0.9104,91.978,93.9788,89.4318,42.9991,-1.43987,-1.27085,-0.169025,96.7391,87.2168,10.3528,2021,8,3,2021-08,False
2021-08-30,COALINDIA,90.2428,93.7262,90.2428,93.4983,11333690,3.6449,91.9877,93.8675,89.5383,54.4421,-1.09609,-1.2359,0.139802,96.7611,87.2144,10.3783,2021,8,3,2021-08,False
2021-08-31,COALINDIA,93.4983,95.1586,93.2704,94.9633,14301855,1.5668,92.0512,93.8603,89.6524,58.4448,-0.697397,-1.1282,0.430799,96.9522,87.1503,10.6483,2021,8,3,2021-08,False
2021-09-01,COALINDIA,95.4516,95.4842,93.6936,93.889,8415876,-1.1313,92.0496,93.8173,89.752,54.6526,-0.46278,-0.995113,0.532332,96.9479,87.1512,10.6429,2021,9,3,2021-09,False
2021-09-02,COALINDIA,95.9576,95.9576,94.2226,94.4895,7787657,0.6397,92.0633,93.7707,89.8515,56.3574,-0.225781,-0.841246,0.615465,96.9888,87.1379,10.7001,2021,9,3,2021-09,False
2021-09-03,COALINDIA,94.6897,98.193,94.5896,97.6592,12734022,3.3545,92.2112,93.7908,89.978,64.0409,0.215326,-0.629932,0.845258,97.6235,86.7988,11.739,2021,9,3,2021-09,False
2021-09-06,COALINDIA,98.6268,98.6601,96.2912,97.6592,9712271,0.0,92.3378,93.8376,90.0932,64.0409,0.558469,-0.392252,0.950721,98.1418,86.5339,12.5711,2021,9,3,2021-09,False
2021-09-07,COALINDIA,98.0929,98.827,97.1253,98.2264,9475870,0.5808,92.5856,93.8651,90.2077,65.3085,0.866195,-0.140562,1.00676,98.953,86.2182,13.7547,2021,9,3,2021-09,False
2021-09-08,COALINDIA,98.3265,99.9947,97.6258,99.5276,7873034,1.3247,92.9327,93.9388,90.324,68.0877,1.20122,0.127794,1.07343,100.017,85.8487,15.2454,2021,9,3,2021-09,False
2021-09-09,COALINDIA,99.5276,100.729,98.7602,99.194,9519564,-0.3352,93.206,94.041,90.4399,66.6141,1.4234,0.386915,1.03648,100.821,85.591,16.3402,2021,9,3,2021-09,False
2021-09-13,COALINDIA,99.8279,104.032,99.6277,103.164,35672746,4.0027,93.6633,94.1946,90.5716,73.8634,1.89798,0.689129,1.20885,102.486,84.8402,18.84,2021,9,3,2021-09,False
2021-09-14,COALINDIA,103.665,103.765,102.33,103.231,8804432,0.0647,94.1451,94.3625,90.7055,73.9657,2.2535,1.002,1.2515,103.95,84.3399,20.8299,2021,9,3,2021-09,False
2021-09-15,COALINDIA,103.765,108.269,102.931,107.468,24591822,4.1047,94.8957,94.5892,90.8565,79.4634,2.84438,1.37048,1.4739,106.321,83.4703,24.0799,2021,9,3,2021-09,False
2021-09-16,COALINDIA,108.203,108.77,105.133,108.303,18440504,0.7762,95.7775,94.8032,91.0101,80.3434,3.34144,1.76467,1.57677,108.479,83.0755,26.5239,2021,9,3,2021-09,False
2021-09-17,COALINDIA,108.57,108.97,103.698,104.566,17317065,-3.4504,96.5018,94.9738,91.1428,66.5794,3.3947,2.09068,1.30403,109.485,83.5188,26.9072,2021,9,3,2021-09,False
2021-09-20,COALINDIA,104.032,105.133,101.963,102.897,12541523,-1.5954,97.2322,95.1103,91.2637,61.5132,3.26467,2.32548,0.939193,109.91,84.5545,26.0772,2021,9,3,2021-09,False
2021-09-21,COALINDIA,103.898,105.433,102.397,104.366,13645046,1.4267,98.0897,95.2932,91.3904,64.1019,3.2427,2.50892,0.733775,110.223,85.9564,24.7391,2021,9,3,2021-09,False
2021-09-22,COALINDIA,104.933,108.436,103.431,108.169,18861877,3.6445,99.0642,95.5462,91.5334,69.7746,3.49194,2.70553,0.78642,111.146,86.9825,24.3916,2021,9,3,2021-09,False
2021-09-23,COALINDIA,109.27,113.441,108.836,111.672,31399318,3.2387,100.127,95.8733,91.6834,73.8703,3.9269,2.9498,0.977099,112.733,87.5224,25.1782,2021,9,3,2021-09,False
2021-09-24,COALINDIA,112.173,113.074,108.703,110.838,17259638,-0.7469,101.2,96.1615,91.8176,71.3899,4.15639,3.19112,0.965269,113.608,88.7916,24.5218,2021,9,3,2021-09,False
2021-09-27,COALINDIA,111.439,112.874,110.338,111.472,9099672,0.5719,102.263,96.4617,91.9554,72.1551,4.33939,3.42077,0.918615,114.345,90.18,23.6307,2021,9,3,2021-09,False
2021-09-28,COALINDIA,112.44,117.645,112.206,116.477,41551332,4.4897,103.412,96.8809,92.1072,77.314,4.83255,3.70313,1.12942,116.327,90.4966,24.9779,2021,9,3,2021-09,False
2021-09-29,COALINDIA,116.444,131.458,115.309,123.917,100988643,6.3879,104.859,97.4639,92.3043,82.5039,5.75739,4.11398,1.64341,120.073,89.6452,29.0182,2021,9,3,2021-09,False
2021-09-30,COALINDIA,125.185,127.788,122.85,123.517,48957916,-0.3231,106.341,98.0532,92.4979,81.4244,6.38444,4.56807,1.81636,122.778,89.9036,30.9141,2021,9,3,2021-09,False
2021-10-01,COALINDIA,123.717,126.72,121.715,125.919,25492957,1.9449,107.912,98.7107,92.7031,82.8724,6.99459,5.05337,1.94121,125.545,90.2795,32.6797,2021,10,4,2021-10,False
2021-10-04,COALINDIA,128.455,129.022,125.652,126.753,23341448,0.6624,109.367,99.3615,92.9018,83.3575,7.45945,5.53459,1.92486,128.198,90.536,34.4363,2021,10,4,2021-10,False
2021-10-05,COALINDIA,127.454,132.726,127.054,132.092,42359592,4.2116,111.089,100.127,93.111,86.0757,8.16451,6.06057,2.10394,131.631,90.5462,36.9837,2021,10,4,2021-10,False
2021-10-06,COALINDIA,133.46,135.996,127.921,128.689,41926821,-2.5764,112.612,100.825,93.3041,77.3971,8.35239,6.51894,1.83345,133.65,91.5735,37.3641,2021,10,4,2021-10,False
2021-10-07,COALINDIA,129.956,130.09,126.286,127.254,16517664,-1.1149,113.998,101.516,93.4824,74.0093,8.28994,6.87314,1.41681,135.06,92.936,36.9515,2021,10,4,2021-10,False
2021-10-08,COALINDIA,127.521,127.921,122.85,125.752,28978175,-1.1799,115.326,102.155,93.6597,70.5301,8.02678,7.10387,0.922914,135.799,94.8532,35.504,2021,10,4,2021-10,False
2021-10-11,COALINDIA,128.121,133.26,127.888,131.358,34952223,4.4574,116.736,102.931,93.8705,75.2147,8.17627,7.31835,0.857925,137.562,95.9093,35.6812,2021,10,4,2021-10,False
2021-10-12,COALINDIA,132.926,134.127,127.621,128.989,25216411,-1.8034,118.023,103.645,94.097,70.1402,8.01125,7.45693,0.554319,138.517,97.5304,34.7272,2021,10,4,2021-10,False
2021-10-13,COALINDIA,129.456,129.823,126.353,126.82,17378156,-1.6813,118.991,104.307,94.3046,65.7656,7.61765,7.48907,0.128579,139.211,98.7707,33.9863,2021,10,4,2021-10,False
2021-10-14,COALINDIA,126.787,127.988,121.649,122.65,29542941,-3.2886,119.708,104.882,94.4928,58.2426,6.88977,7.36921,-0.479442,139.342,100.075,32.8017,2021,10,4,2021-10,False
2021-10-18,COALINDIA,123.317,125.285,122.383,123.651,15468914,0.8161,120.663,105.47,94.6823,59.4418,6.32083,7.15954,-0.838708,139.01,102.315,30.411,2021,10,4,2021-10,False
2021-10-19,COALINDIA,124.985,126.086,122.516,123.117,17403803,-0.4318,121.674,106.039,94.8646,58.4772,5.76045,6.87972,-1.11927,138.018,105.329,26.8664,2021,10,4,2021-10,False
2021-10-20,COALINDIA,121.915,122.383,118.379,120.447,15921230,-2.168,122.478,106.545,95.0416,53.7786,5.04284,6.51234,-1.4695,136.679,108.276,23.1899,2021,10,4,2021-10,False
2021-10-21,COALINDIA,121.448,122.116,119.38,121.715,15586097,1.0526,123.155,107.114,95.2234,55.6034,4.52428,6.11473,-1.59045,135.676,110.634,20.333,2021,10,4,2021-10,False
2021-10-22,COALINDIA,122.383,122.983,116.977,117.378,13603152,-3.5636,123.44,107.61,95.384,48.5428,3.72043,5.63587,-1.91544,135.089,111.792,18.8732,2021,10,4,2021-10,False
2021-10-25,COALINDIA,117.611,118.279,115.443,116.177,11744666,-1.0233,123.707,108.059,95.5389,46.7716,2.95243,5.09918,-2.14676,134.34,113.074,17.1908,2021,10,4,2021-10,False
2021-10-26,COALINDIA,115.443,117.445,114.609,116.811,11602891,0.5457,123.974,108.515,95.691,47.853,2.36764,4.55287,-2.18524,133.527,114.421,15.4115,2021,10,4,2021-10,False
2021-10-27,COALINDIA,117.244,117.878,115.309,115.843,9535881,-0.8283,123.942,108.96,95.8448,46.3066,1.8053,4.00336,-2.19806,133.604,114.281,15.5902,2021,10,4,2021-10,False
2021-10-28,COALINDIA,115.443,115.443,110.738,111.139,24509136,-4.0611,123.303,109.333,95.9753,39.605,0.968861,3.39646,-2.4276,134.535,112.072,18.217,2021,10,4,2021-10,False
2021-10-29,COALINDIA,110.104,113.107,108.97,109.737,14826816,-1.2609,122.614,109.715,96.0944,37.8479,0.190705,2.75531,-2.5646,135.377,109.852,20.8169,2021,10,4,2021-10,False
2021-11-01,COALINDIA,110.104,114.742,109.304,113.941,13585170,3.831,122.016,110.192,96.2244,45.6396,-0.0857735,2.18709,-2.27287,135.241,108.791,21.6777,2021,11,4,2021-11,False
2021-11-02,COALINDIA,114.408,115.943,112.34,112.907,14278962,-0.9078,121.323,110.684,96.343,44.1723,-0.383919,1.67289,-2.05681,134.948,107.699,22.4597,2021,11,4,2021-11,False
2021-11-03,COALINDIA,112.24,114.175,111.672,113.274,8974463,0.3251,120.382,111.205,96.4478,44.8499,-0.583855,1.22154,-1.8054,133.464,107.301,21.7332,2021,11,4,2021-11,False
2021-11-04,COALINDIA,114.242,114.375,113.274,113.908,973260,0.5596,119.643,111.71,96.5584,46.0674,-0.683277,0.840577,-1.52385,132.415,106.871,21.3502,2021,11,4,2021-11,False
2021-11-08,COALINDIA,114.108,116.243,112.44,114.575,8761953,0.5858,119.009,112.193,96.6698,47.3841,-0.700152,0.532431,-1.23258,131.445,106.574,20.8987,2021,11,4,2021-11,False
2021-11-09,COALINDIA,114.809,115.042,113.174,113.774,5723308,-0.6989,118.411,112.681,96.7878,45.9349,-0.769273,0.27209,-1.04136,130.631,106.19,20.6405,2021,11,4,2021-11,False
2021-11-10,COALINDIA,113.374,114.008,111.072,111.239,9212143,-2.2287,117.405,113.101,96.9074,41.5961,-1.01694,0.0142841,-1.03123,128.387,106.422,18.7085,2021,11,4,2021-11,False
2021-11-11,COALINDIA,110.705,111.873,110.238,111.439,6453205,0.1799,116.527,113.46,97.0237,42.0613,-1.18343,-0.225258,-0.958169,126.356,106.698,16.8699,2021,11,4,2021-11,False
2021-11-12,COALINDIA,112.673,112.673,110.571,111.406,7027513,-0.0299,115.756,113.789,97.1354,42.0013,-1.30304,-0.440814,-0.862223,124.55,106.963,15.1931,2021,11,4,2021-11,False
2021-11-15,COALINDIA,109.604,111.839,106.434,106.601,19400018,-4.3127,114.954,114.043,97.2361,34.387,-1.76517,-0.705685,-1.05948,124.023,105.884,15.7795,2021,11,4,2021-11,False
2021-11-16,COALINDIA,107.435,107.869,105.834,106.134,8505431,-0.4382,114.078,114.276,97.3475,33.7465,-2.14439,-0.993425,-1.15096,122.993,105.163,15.6301,2021,11,4,2021-11,False
2021-11-17,COALINDIA,106.134,106.267,103.898,104.165,7477627,-1.8547,113.131,114.406,97.4534,31.116,-2.57409,-1.30956,-1.26453,122.029,104.232,15.732,2021,11,4,2021-11,False
2021-11-18,COALINDIA,104.132,105.266,102.097,102.364,12981172,-1.7297,112.226,114.5,97.5587,28.8959,-3.02514,-1.65267,-1.37247,121.654,102.799,16.8012,2021,11,4,2021-11,False
2021-11-22,COALINDIA,101.563,102.03,99.4943,100.462,11522286,-1.8579,111.164,114.545,97.6575,26.728,-3.49577,-2.02129,-1.47447,120.875,101.452,17.4719,2021,11,4,2021-11,False
2021-11-23,COALINDIA,100.095,104.599,100.095,104.232,13305061,3.7529,110.506,114.639,97.7824,36.8437,-3.52389,-2.32181,-1.20208,120.226,100.787,17.5914,2021,11,4,2021-11,False
2021-11-24,COALINDIA,105.633,107.869,103.832,106.167,18809310,1.8566,110.006,114.779,97.9073,41.3215,-3.3514,-2.52773,-0.823669,119.525,100.487,17.3066,2021,11,4,2021-11,False
2021-11-25,COALINDIA,107.769,108.636,104.099,105.8,22402592,-0.3457,109.455,114.831,98.0232,40.7317,-3.20734,-2.66365,-0.543686,118.583,100.328,16.6782,2021,11,4,2021-11,False
2021-11-26,COALINDIA,105.266,106.367,103.665,104.032,11829847,-1.6714,108.865,114.847,98.1113,37.9228,-3.19898,-2.77072,-0.428266,117.778,99.9515,16.375,2021,11,4,2021-11,False
2021-11-29,COALINDIA,104.032,104.532,101.363,102.931,18176163,-1.0583,108.454,114.757,98.174,36.2468,-3.24381,-2.86534,-0.378477,117.677,99.2315,17.008,2021,11,4,2021-11,False
2021-11-30,COALINDIA,105.767,105.767,100.996,101.429,56643275,-1.4587,108.039,114.619,98.2379,34.0376,-3.36174,-2.96462,-0.397125,117.754,98.3241,17.9841,2021,11,4,2021-11,False
2021-12-01,COALINDIA,102.497,104.265,101.796,103.798,16283427,2.3355,107.532,114.604,98.3114,40.2276,-3.22686,-3.01707,-0.209791,117.005,98.0583,17.62,2021,12,4,2021-12,False
2021-12-02,COALINDIA,104.699,106.468,103.531,106.301,15647910,2.4108,107.202,114.672,98.4046,45.993,-2.88478,-2.99061,0.105826,116.341,98.0623,17.0506,2021,12,4,2021-12,False
2021-12-03,COALINDIA,106.101,107.235,105.6,106.601,20414051,0.2825,106.868,114.717,98.5023,46.658,-2.55994,-2.90448,0.344531,115.549,98.1863,16.2473,2021,12,4,2021-12,False
2021-12-06,COALINDIA,107.485,107.803,104.727,105.045,24185368,-1.4594,106.425,114.654,98.5959,43.659,-2.40037,-2.80366,0.403283,114.475,98.3744,15.1287,2021,12,4,2021-12,False
2021-12-07,COALINDIA,106.141,106.742,105.47,106.53,7866368,1.4137,106.023,114.551,98.7073,47.1509,-2.12954,-2.66883,0.539295,113.104,98.9413,13.358,2021,12,4,2021-12,False
2021-12-08,COALINDIA,106.955,107.308,106.106,106.707,7313306,0.166,105.669,114.469,98.8246,47.5676,-1.87897,-2.51086,0.631889,111.757,99.581,11.5231,2021,12,4,2021-12,False
2021-12-09,COALINDIA,107.308,108.546,106.53,107.945,9423435,1.1597,105.504,114.398,98.9433,50.5087,-1.56253,-2.32119,0.758665,111.118,99.891,10.6413,2021,12,4,2021-12,False
2021-12-10,COALINDIA,107.945,108.722,106.707,106.99,7419042,-0.8844,105.282,114.208,99.0528,48.2598,-1.37295,-2.13154,0.758595,110.217,100.347,9.3747,2021,12,4,2021-12,False
2021-12-13,COALINDIA,108.051,108.051,104.621,105.364,9888293,-1.5202,104.98,113.837,99.1391,44.6149,-1.33852,-1.97294,0.634422,108.989,100.97,7.6386,2021,12,4,2021-12,False
2021-12-14,COALINDIA,105.363,105.894,103.772,105.293,8474759,-0.0671,104.914,113.473,99.2273,44.4577,-1.30193,-1.83874,0.536808,108.855,100.974,7.5113,2021,12,4,2021-12,False
2021-12-15,COALINDIA,105.47,106.495,104.621,104.727,5410912,-0.5373,104.844,113.049,99.3221,43.1478,-1.30355,-1.7317,0.428148,108.743,100.946,7.4369,2021,12,4,2021-12,False
2021-12-16,COALINDIA,104.727,106.141,104.338,105.894,7539061,1.1141,104.931,112.632,99.4207,46.64,-1.19689,-1.62474,0.427847,108.842,101.019,7.4561,2021,12,4,2021-12,False
2021-12-17,COALINDIA,105.434,105.646,103.242,103.56,8758284,-2.2037,104.99,112.061,99.484,41.1904,-1.28584,-1.55696,0.271119,108.771,101.209,7.2025,2021,12,4,2021-12,False
2021-12-20,COALINDIA,102.782,102.995,98.3982,99.4943,8858645,-3.9263,104.942,111.477,99.4902,33.7834,-1.66523,-1.57861,-0.0866183,108.983,100.901,7.701,2021,12,4,2021-12,False
2021-12-21,COALINDIA,100.272,103.242,99.9893,102.287,8097050,2.8074,104.845,110.978,99.5226,41.5582,-1.72068,-1.60703,-0.113653,109.048,100.642,8.0176,2021,12,4,2021-12,False
2021-12-22,COALINDIA,102.853,105.646,102.146,102.782,6798820,0.4839,104.676,110.519,99.5507,42.839,-1.70503,-1.62663,-0.0783994,108.927,100.424,8.1225,2021,12,4,2021-12,False
2021-12-23,COALINDIA,103.419,104.621,103.242,104.444,4857807,1.6168,104.608,109.98,99.5901,47.0358,-1.54077,-1.60945,0.0686866,108.826,100.389,8.0658,2021,12,4,2021-12,False
2021-12-24,COALINDIA,104.656,104.762,102.818,103.171,4568316,-1.2187,104.565,109.464,99.6185,44.3498,-1.49606,-1.58677,0.0907194,108.826,100.304,8.1496,2021,12,4,2021-12,False
2021-12-27,COALINDIA,102.535,103.596,101.899,103.277,3534825,0.1028,104.582,108.993,99.6563,44.6336,-1.43551,-1.55652,0.121009,108.818,100.346,8.1,2021,12,4,2021-12,False
2021-12-28,COALINDIA,103.419,105.54,103.419,105.257,4907497,1.9171,104.773,108.645,99.707,49.7808,-1.21377,-1.48797,0.274199,108.747,100.8,7.5851,2021,12,4,2021-12,False
2021-12-29,COALINDIA,105.54,105.54,103.454,103.772,4216568,-1.4108,104.772,108.248,99.7439,46.3039,-1.14468,-1.41931,0.274638,108.747,100.797,7.5878,2021,12,4,2021-12,False
2021-12-30,COALINDIA,103.772,105.363,101.757,103.384,24782255,-0.3748,104.626,107.853,99.7833,45.4093,-1.10852,-1.35715,0.248636,108.579,100.673,7.5561,2021,12,4,2021-12,False
2021-12-31,COALINDIA,103.207,104.338,102.782,103.277,5320232,-0.1026,104.46,107.51,99.8246,45.1532,-1.07602,-1.30093,0.224909,108.342,100.578,7.4327,2021,12,4,2021-12,False
2022-01-03,COALINDIA,104.126,110.278,103.949,109.818,29486720,6.3334,104.699,107.272,99.9,60.1025,-0.516503,-1.14404,0.627539,109.26,100.138,8.7127,2022,1,1,2022-01,False
2022-01-04,COALINDIA,110.313,110.773,107.732,108.192,13744440,-1.481,104.782,107.088,99.9628,56.0143,-0.201992,-0.955632,0.753641,109.54,100.024,9.0814,2022,1,1,2022-01,False
2022-01-05,COALINDIA,108.192,109.111,107.556,108.687,8454060,0.4575,104.881,106.938,100.032,56.9735,0.0862086,-0.747264,0.833473,109.883,99.8783,9.5396,2022,1,1,2022-01,False
2022-01-06,COALINDIA,109.253,109.783,108.227,109.359,12446900,0.6181,104.952,106.789,100.123,58.3026,0.364614,-0.524889,0.889502,110.172,99.7314,9.9478,2022,1,1,2022-01,False
2022-01-07,COALINDIA,109.606,111.339,109.571,110.985,11679683,1.4872,105.151,106.692,100.232,61.4105,0.708324,-0.278246,0.98657,110.971,99.3314,11.0697,2022,1,1,2022-01,False
2022-01-10,COALINDIA,111.586,113.849,111.056,113.637,14655298,2.3893,105.565,106.742,100.357,65.8763,1.18108,0.0136185,1.16746,112.515,98.6151,13.167,2022,1,1,2022-01,False
2022-01-11,COALINDIA,113.602,113.602,111.798,112.117,7670386,-1.3379,105.906,106.79,100.476,61.4832,1.41673,0.294241,1.12249,113.445,98.3675,14.2366,2022,1,1,2022-01,False
2022-01-12,COALINDIA,113.425,113.672,112.081,112.682,6334581,0.5046,106.304,106.764,100.599,62.4857,1.63034,0.561461,1.06888,114.4,98.2083,15.2311,2022,1,1,2022-01,False
2022-01-13,COALINDIA,112.682,117.703,112.435,116.501,20271714,3.3888,106.834,106.836,100.75,68.4541,2.08373,0.865914,1.21782,116.119,97.5494,17.3819,2022,1,1,2022-01,False
2022-01-14,COALINDIA,116.501,117.491,115.44,116.501,10211720,0.0,107.481,106.901,100.916,68.4541,2.4152,1.17577,1.23943,117.574,97.3887,18.7804,2022,1,1,2022-01,False
2022-01-17,COALINDIA,117.102,117.456,114.592,115.758,8384625,-0.6373,108.295,106.938,101.073,66.0833,2.58815,1.45825,1.12991,118.298,98.291,18.4747,2022,1,1,2022-01,False
2022-01-18,COALINDIA,115.971,117.031,113.354,113.708,6574122,-1.7716,108.866,106.92,101.209,59.9112,2.53057,1.67271,0.857858,118.728,99.0031,18.1188,2022,1,1,2022-01,False
2022-01-19,COALINDIA,113.849,116.572,113.708,115.9,11503199,1.9278,109.521,106.963,101.364,63.803,2.63149,1.86447,0.767019,119.425,99.6177,18.0856,2022,1,1,2022-01,False
2022-01-20,COALINDIA,116.324,118.976,115.864,116.713,17462235,0.7017,110.135,107.072,101.517,65.1545,2.74544,2.04066,0.704775,120.233,100.037,18.3368,2022,1,1,2022-01,False
2022-01-21,COALINDIA,115.476,115.476,111.374,112.258,14466758,-3.817,110.589,107.089,101.656,53.3935,2.44804,2.12214,0.325906,120.172,101.006,17.3307,2022,1,1,2022-01,False
2022-01-24,COALINDIA,111.869,113.425,109.465,110.526,10854431,-1.5433,110.952,107.071,101.784,49.6408,2.04894,2.1075,-0.0585562,119.897,102.006,16.1254,2022,1,1,2022-01,False
2022-01-25,COALINDIA,109.606,114.273,109.111,113.955,7267866,3.103,111.387,107.218,101.927,56.2032,1.98649,2.0833,-0.096804,120.006,102.767,15.4774,2022,1,1,2022-01,False
2022-01-27,COALINDIA,112.364,114.061,111.728,113.531,9269062,-0.3723,111.874,107.366,102.066,55.244,1.88108,2.04285,-0.161773,119.752,103.996,14.0836,2022,1,1,2022-01,False
2022-01-28,COALINDIA,113.566,116.678,113.566,114.309,10310726,0.6852,112.421,107.569,102.216,56.7028,1.83911,2.00211,-0.162996,119.267,105.574,12.1803,2022,1,1,2022-01,False
2022-01-31,COALINDIA,115.546,115.546,112.541,113.001,5811200,-1.1444,112.907,107.782,102.375,53.5421,1.68091,1.93787,-0.256957,118.231,107.582,9.4319,2022,1,1,2022-01,False
2022-02-01,COALINDIA,114.556,115.582,112.152,115.299,7248713,2.0338,113.181,108.079,102.535,57.9741,1.72114,1.89452,-0.173383,118.399,107.963,9.2213,2022,2,1,2022-02,False
2022-02-02,COALINDIA,115.263,116.395,114.733,115.865,5369074,0.4907,113.565,108.311,102.697,59.0107,1.77817,1.87125,-0.0930794,118.349,108.78,8.4255,2022,2,1,2022-02,False
2022-02-03,COALINDIA,115.334,116.077,113.566,114.061,4654885,-1.5563,113.833,108.469,102.851,54.4043,1.65875,1.82875,-0.170003,118.032,109.635,7.3767,2022,2,1,2022-02,False
2022-02-04,COALINDIA,114.061,115.122,113.142,113.425,6402287,-0.558,114.037,108.622,103.012,52.8367,1.49551,1.7621,-0.266593,117.68,110.393,6.3899,2022,2,1,2022-02,False
2022-02-07,COALINDIA,113.602,115.263,112.895,113.814,5871041,0.3429,114.178,108.817,103.176,53.7144,1.3816,1.686,-0.304404,117.531,110.825,5.8727,2022,2,1,2022-02,False
2022-02-08,COALINDIA,114.45,114.91,111.975,113.107,14158927,-0.6213,114.151,109.021,103.334,51.8258,1.22019,1.59284,-0.372645,117.53,110.772,5.9202,2022,2,1,2022-02,False
2022-02-09,COALINDIA,113.496,119.754,113.142,119.223,35079516,5.408,114.507,109.377,103.52,63.7112,1.56778,1.58783,-0.0200467,118.435,110.579,6.8609,2022,2,1,2022-02,False
2022-02-10,COALINDIA,119.506,120.426,116.678,118.834,17724098,-0.3262,114.814,109.677,103.701,62.6528,1.79121,1.62851,0.162709,119.089,110.54,7.4464,2022,2,1,2022-02,False
2022-02-11,COALINDIA,118.764,119.718,116.819,117.738,10097767,-0.9224,114.876,109.906,103.874,59.6453,1.85842,1.67449,0.183931,119.287,110.465,7.6799,2022,2,1,2022-02,False
2022-02-14,COALINDIA,117.456,117.562,113.955,114.309,9478670,-2.9129,114.767,110.06,104.027,51.3411,1.61631,1.66285,-0.0465441,119.116,110.417,7.5802,2022,2,1,2022-02,False
2022-02-15,COALINDIA,115.087,116.572,113.036,115.723,16850616,1.2373,114.765,110.274,104.189,54.1745,1.52102,1.63449,-0.113465,119.113,110.417,7.5774,2022,2,1,2022-02,False
2022-02-16,COALINDIA,116.854,117.385,115.122,115.865,10653203,0.1222,114.873,110.461,104.335,54.4601,1.44031,1.59565,-0.155338,119.217,110.528,7.5643,2022,2,1,2022-02,False
2022-02-17,COALINDIA,116.466,117.031,115.051,115.299,6906440,-0.4883,114.843,110.632,104.481,53.0363,1.31554,1.53963,-0.22409,119.166,110.52,7.5286,2022,2,1,2022-02,False
2022-02-18,COALINDIA,115.263,118.976,114.981,118.304,23740696,2.6066,114.922,110.84,104.641,59.1467,1.44253,1.52021,-0.0776781,119.444,110.4,7.8695,2022,2,1,2022-02,False
2022-02-21,COALINDIA,118.924,119.179,116.518,117.502,14870901,-0.6777,115.184,111.05,104.795,57.0153,1.46163,1.50849,-0.046866,119.664,110.705,7.7779,2022,2,1,2022-02,False
2022-02-22,COALINDIA,116.263,117.101,113.347,116.555,11654816,-0.8065,115.486,111.274,104.939,54.515,1.38434,1.48366,-0.0993241,119.424,111.548,6.8201,2022,2,1,2022-02,False
2022-02-23,COALINDIA,116.883,118.304,115.316,115.534,7627472,-0.8756,115.565,111.478,105.071,51.8767,1.2266,1.43225,-0.20565,119.436,111.693,6.7004,2022,2,1,2022-02,False
2022-02-24,COALINDIA,112.254,114.295,108.609,109.338,12115340,-5.3628,115.355,111.571,105.139,39.4068,0.594782,1.26476,-0.669974,120.056,110.655,8.1498,2022,2,1,2022-02,False
2022-02-25,COALINDIA,110.978,120.199,110.978,119.142,17079977,8.9667,115.597,111.836,105.228,57.0144,0.875076,1.18682,-0.311744,120.561,110.633,8.588,2022,2,1,2022-02,False
2022-02-28,COALINDIA,118.413,123.88,117.028,123.589,20872239,3.732,116.126,112.236,105.346,62.357,1.43941,1.23734,0.202071,122.083,110.169,10.2595,2022,2,1,2022-02,False
2022-03-02,COALINDIA,124.646,135.324,124.646,134.705,72648396,8.9944,117.097,112.94,105.542,71.795,2.7519,1.54025,1.21165,127.297,106.896,17.4218,2022,3,1,2022-03,False
2022-03-03,COALINDIA,138.204,144.144,136.199,137.73,74050073,2.2457,118.19,113.649,105.748,73.7256,3.99015,2.03023,1.95992,131.913,104.467,23.2218,2022,3,1,2022-03,False
2022-03-04,COALINDIA,137.73,139.224,131.571,131.935,36095156,-4.2075,119.084,114.232,105.931,64.603,4.45255,2.51469,1.93786,133.954,104.213,24.9755,2022,3,1,2022-03,False
2022-03-07,COALINDIA,135.543,139.953,132.445,137.548,41642776,4.2541,120.29,114.894,106.125,68.6493,5.21182,3.05412,2.1577,137.024,103.555,27.8239,2022,3,1,2022-03,False
2022-03-08,COALINDIA,137.766,139.734,136.017,137.876,22940456,0.2385,121.493,115.589,106.337,68.8732,5.77347,3.59799,2.17548,139.665,103.32,29.9151,2022,3,1,2022-03,False
2022-03-09,COALINDIA,138.495,138.933,135.288,136.053,13870658,-1.3217,122.64,116.244,106.538,66.0504,6.00234,4.07886,1.92348,141.469,103.811,30.7056,2022,3,1,2022-03,False
2022-03-10,COALINDIA,134.122,134.122,129.056,130.441,30890343,-4.1253,123.201,116.748,106.705,58.1459,5.66551,4.39619,1.26932,142.268,104.134,30.9525,2022,3,1,2022-03,False
2022-03-11,COALINDIA,131.935,133.028,130.659,132.482,14663558,1.5647,123.883,117.322,106.888,60.0196,5.49987,4.61693,0.882941,143.266,104.5,31.2925,2022,3,1,2022-03,False
2022-03-14,COALINDIA,131.935,132.773,129.639,131.461,8306420,-0.7703,124.569,117.883,107.071,58.6068,5.226,4.73874,0.487263,144.008,105.131,31.2094,2022,3,1,2022-03,False
2022-03-15,COALINDIA,131.133,131.206,125.01,126.031,14074860,-4.1309,125.156,118.338,107.23,51.6409,4.51869,4.69473,-0.176045,143.989,106.322,30.0961,2022,3,1,2022-03,False
2022-03-16,COALINDIA,126.104,129.602,126.031,128.946,11846738,2.3135,125.817,118.721,107.397,54.7507,4.14561,4.58491,-0.439294,144.179,107.455,29.1881,2022,3,1,2022-03,False
2022-03-17,COALINDIA,130.477,131.206,127.926,128.691,20052773,-0.1978,126.458,119.131,107.559,54.4209,3.78572,4.42507,-0.639346,144.243,108.673,28.1281,2022,3,1,2022-03,False
2022-03-21,COALINDIA,129.639,135.835,129.384,132.883,20271556,3.2569,127.337,119.615,107.743,58.8102,3.79497,4.29905,-0.504082,144.528,110.146,27.0006,2022,3,1,2022-03,False
2022-03-22,COALINDIA,133.867,135.434,131.571,133.648,12372751,0.576,128.104,120.101,107.926,59.5758,3.82002,4.20324,-0.383224,144.964,111.245,26.3221,2022,3,1,2022-03,False
2022-03-23,COALINDIA,133.101,134.304,130.696,133.429,13731315,-0.1636,128.901,120.55,108.108,59.2371,3.77867,4.11833,-0.339659,145.146,112.656,25.2049,2022,3,1,2022-03,False
2022-03-24,COALINDIA,133.903,137.402,133.612,136.6,16323203,2.3764,129.903,121.009,108.292,62.5614,3.95615,4.08589,-0.129741,145.397,114.41,23.854,2022,3,1,2022-03,False
2022-03-25,COALINDIA,136.6,137.693,134.559,135.652,10044811,-0.6937,130.909,121.48,108.462,60.9613,3.97453,4.06362,-0.0890905,145.026,116.792,21.5673,2022,3,1,2022-03,False
2022-03-28,COALINDIA,135.652,141.192,135.215,139.406,19132062,2.7673,132.412,122.014,108.651,64.8019,4.24309,4.09952,0.143579,142.757,122.068,15.6248,2022,3,1,2022-03,False
2022-03-29,COALINDIA,139.953,140.099,135.215,135.58,10622472,-2.7451,133.234,122.396,108.82,58.4853,4.09988,4.09959,0.000289035,141.553,124.915,12.4878,2022,3,1,2022-03,False
2022-03-30,COALINDIA,137.001,137.001,132.664,133.32,10298319,-1.6667,133.721,122.732,108.977,55.0717,3.76069,4.03181,-0.271118,140.694,126.748,10.4294,2022,3,1,2022-03,False
2022-03-31,COALINDIA,134.231,134.778,132.409,133.429,9435203,0.082,133.657,123.085,109.115,55.208,3.46081,3.91761,-0.456796,140.616,126.698,10.4125,2022,3,1,2022-03,False
2022-04-01,COALINDIA,133.976,136.491,133.611,135.689,13505929,1.6935,133.555,123.525,109.274,58.0397,3.36668,3.80742,-0.440741,140.319,126.791,10.1295,2022,4,2,2022-04,False
2022-04-04,COALINDIA,135.215,137.766,134.559,136.855,9490374,0.8596,133.801,123.944,109.447,59.4641,3.34761,3.71546,-0.367854,140.674,126.928,10.2737,2022,4,2,2022-04,False
2022-04-05,COALINDIA,137.037,137.73,136.199,136.965,7637664,0.0799,133.772,124.349,109.625,59.6025,3.30323,3.63301,-0.329785,140.583,126.961,10.1828,2022,4,2,2022-04,False
2022-04-06,COALINDIA,137.548,143.598,137.256,141.302,46157039,3.1666,133.943,124.93,109.837,64.7463,3.5768,3.62177,-0.0449732,141.336,126.55,11.0389,2022,4,2,2022-04,False
2022-04-07,COALINDIA,142.14,143.634,138.422,139.042,21712301,-1.5992,134.093,125.5,110.055,60.4291,3.57011,3.61144,-0.0413254,141.78,126.405,11.4659,2022,4,2,2022-04,False
2022-04-08,COALINDIA,141.921,144.91,140.208,141.812,20151959,1.9921,134.661,126.058,110.284,63.6305,3.74515,3.63818,0.106971,142.875,126.447,12.1998,2022,4,2,2022-04,False
2022-04-11,COALINDIA,141.775,144.327,140.937,143.16,12393619,0.9509,135.195,126.65,110.516,65.1103,3.94719,3.69998,0.247203,144.166,126.224,13.2713,2022,4,2,2022-04,False
2022-04-12,COALINDIA,142.687,142.687,134.34,135.58,18907630,-5.2953,135.401,127.076,110.71,52.2412,3.45575,3.65114,-0.195384,144.199,126.603,12.9949,2022,4,2,2022-04,False
2022-04-13,COALINDIA,137.037,139.443,135.361,136.017,14216953,0.3226,135.9,127.536,110.914,52.8206,3.06624,3.53416,-0.467922,143.512,128.288,11.2024,2022,4,2,2022-04,False
2022-04-18,COALINDIA,136.017,139.151,134.559,138.094,13052104,1.5273,136.358,127.992,111.12,55.5773,2.89184,3.40569,-0.513857,143.278,129.437,10.1507,2022,4,2,2022-04,False
2022-04-19,COALINDIA,139.552,148.153,138.969,144.144,59341710,4.3811,137.13,128.557,111.362,62.4571,3.20487,3.36553,-0.160659,143.896,130.365,9.8673,2022,4,2,2022-04,False
2022-04-20,COALINDIA,145.748,149.83,143.671,145.128,38356653,0.6827,137.743,129.179,111.617,63.4486,3.4921,3.39084,0.101256,145.082,130.404,10.6563,2022,4,2,2022-04,False
2022-04-21,COALINDIA,146.659,151.543,146.513,150.814,43683145,3.9176,138.601,129.926,111.894,68.6075,4.13089,3.53885,0.59204,147.722,129.479,13.1623,2022,4,2,2022-04,False
2022-04-22,COALINDIA,150.194,152.345,146.696,147.352,24007670,-2.2958,139.297,130.597,112.156,62.795,4.30809,3.6927,0.615394,148.871,129.724,13.7454,2022,4,2,2022-04,False
2022-04-25,COALINDIA,145.529,147.388,136.126,137.365,26465084,-6.7771,139.335,131.082,112.362,49.7131,3.60121,3.6744,-0.0731917,148.869,129.801,13.6852,2022,4,2,2022-04,False
2022-04-26,COALINDIA,140.099,140.172,137.365,139.516,20819291,1.5654,139.529,131.488,112.572,52.0305,3.17788,3.5751,-0.397218,148.904,130.153,13.4384,2022,4,2,2022-04,False
2022-04-27,COALINDIA,139.078,139.807,136.017,136.673,12214126,-2.0376,139.392,131.845,112.775,48.8269,2.58322,3.37672,-0.793502,148.854,129.93,13.5761,2022,4,2,2022-04,False
2022-04-28,COALINDIA,137.766,140.318,136.418,138.677,12706800,1.4667,139.547,132.264,112.988,51.1126,2.24779,3.15093,-0.90315,148.846,130.248,13.3278,2022,4,2,2022-04,False
2022-04-29,COALINDIA,140.318,140.682,132.591,133.283,21654415,-3.8896,139.545,132.643,113.178,45.2549,1.52907,2.82656,-1.29749,148.849,130.241,13.3353,2022,4,2,2022-04,False
2022-05-02,COALINDIA,133.174,137.693,130.368,136.782,21289439,2.6251,139.713,133.065,113.385,49.3127,1.22766,2.50678,-1.27912,148.667,130.758,12.8187,2022,5,2,2022-05,False
2022-05-04,COALINDIA,137.584,139.006,135.944,136.564,18239949,-0.1599,139.756,133.478,113.591,49.0679,0.960081,2.19744,-1.23736,148.636,130.876,12.708,2022,5,2,2022-05,False
2022-05-05,COALINDIA,138.131,139.917,134.632,135.47,12651103,-0.8007,139.687,133.882,113.786,47.7904,0.652271,1.88841,-1.23614,148.683,130.691,12.8806,2022,5,2,2022-05,False
2022-05-06,COALINDIA,134.486,137.73,133.429,136.6,14257553,0.834,139.669,134.248,113.987,49.2605,0.493808,1.60949,-1.11568,148.69,130.648,12.9176,2022,5,2,2022-05,False
2022-05-09,COALINDIA,135.543,135.543,132.336,133.429,10549451,-2.3212,139.275,134.566,114.176,45.3973,0.111086,1.30981,-1.19872,148.675,129.875,13.4984,2022,5,2,2022-05,False
2022-05-10,COALINDIA,132.664,134.012,123.042,123.953,19965511,-7.1019,138.521,134.714,114.322,36.2483,-0.945952,0.858656,-1.80461,150.156,126.886,16.799,2022,5,2,2022-05,False
2022-05-11,COALINDIA,125.156,126.614,120.454,123.808,20641617,-0.1176,137.621,134.88,114.471,36.1277,-1.77497,0.331931,-2.1069,150.859,124.382,19.2391,2022,5,2,2022-05,False
2022-05-12,COALINDIA,122.35,124.063,120.017,121.766,10406343,-1.6485,136.551,135.128,114.615,34.4016,-2.56706,-0.247868,-2.3192,151.278,121.824,21.5705,2022,5,2,2022-05,False
2022-05-13,COALINDIA,123.917,126.577,122.459,122.969,11590435,0.9877,135.92,135.205,114.758,36.332,-3.06246,-0.810786,-2.25167,151.853,119.987,23.4444,2022,5,2,2022-05,False
2022-05-16,COALINDIA,123.552,125.958,122.35,125.156,7437937,1.7783,135.377,135.236,114.915,39.8007,-3.24124,-1.29688,-1.94437,152.021,118.734,24.5883,2022,5,2,2022-05,False
2022-05-17,COALINDIA,126.395,134.851,126.213,134.523,28092052,7.484,135.199,135.233,115.119,51.8911,-2.59719,-1.55694,-1.04025,151.796,118.601,24.5525,2022,5,2,2022-05,False
2022-05-18,COALINDIA,135.835,136.673,132.518,135.252,15425248,0.5419,134.754,135.183,115.331,52.6875,-2.00483,-1.64652,-0.358316,150.81,118.698,23.83,2022,5,2,2022-05,False
2022-05-19,COALINDIA,132.008,133.757,131.716,132.081,9396007,-2.3444,134.102,135.186,115.523,48.8958,-1.77084,-1.67138,-0.0994552,149.426,118.777,22.8554,2022,5,2,2022-05,False
2022-05-20,COALINDIA,134.486,136.199,133.794,135.543,6365038,2.6214,133.338,135.146,115.738,52.8832,-1.29112,-1.59533,0.304206,146.53,120.146,19.7873,2022,5,2,2022-05,False
2022-05-23,COALINDIA,135.543,136.126,132.955,134.34,7794071,-0.8873,132.688,135.075,115.943,51.3834,-0.996511,-1.47557,0.479056,144.138,121.237,17.2594,2022,5,2,2022-05,False
2022-05-24,COALINDIA,133.721,136.126,132.081,132.919,8572565,-1.058,132.465,135.012,116.139,49.5934,-0.867718,-1.354,0.486279,143.704,121.226,16.9687,2022,5,2,2022-05,False
2022-05-25,COALINDIA,134.268,135.252,131.242,131.716,7926434,-0.9049,132.075,135.038,116.328,48.0674,-0.852869,-1.25377,0.400902,142.814,121.336,16.2618,2022,5,2,2022-05,False
2022-05-26,COALINDIA,134.085,135.58,129.566,133.575,23140556,1.4112,131.92,135.06,116.525,50.5973,-0.683237,-1.13966,0.456428,142.468,121.373,15.9905,2022,5,2,2022-05,False
2022-05-27,COALINDIA,134.486,137.511,131.571,132.555,16408080,-0.764,131.614,135.082,116.714,49.1808,-0.623956,-1.03652,0.412567,141.68,121.548,15.2962,2022,5,2,2022-05,False
2022-05-30,COALINDIA,134.122,136.965,133.065,136.454,10577525,2.942,131.773,135.29,116.921,54.431,-0.25931,-0.88108,0.62177,142.047,121.498,15.5941,2022,5,2,2022-05,False
2022-05-31,COALINDIA,135.58,142.322,134.996,140.609,21380248,3.0449,131.964,135.523,117.158,59.2602,0.360775,-0.632709,0.993484,142.761,121.168,16.3628,2022,5,2,2022-05,False
2022-06-01,COALINDIA,141.775,143.816,140.828,142.905,30867456,1.633,132.281,135.808,117.409,61.6772,1.02565,-0.301036,1.32669,143.981,120.581,17.6895,2022,6,2,2022-06,False
2022-06-02,COALINDIA,143.233,145.201,141.63,144.472,17646759,1.0966,132.731,136.04,117.663,63.2786,1.6599,0.0911502,1.56875,145.584,119.879,19.366,2022,6,2,2022-06,False
2022-06-03,COALINDIA,145.785,146.513,143.015,143.598,25335178,-0.6054,133.081,136.239,117.911,61.7282,2.06812,0.486544,1.58158,146.733,119.429,20.5168,2022,6,2,2022-06,False
2022-06-06,COALINDIA,143.233,143.452,140.828,142.031,22020642,-1.0914,133.511,136.411,118.153,58.9417,2.23936,0.837108,1.40226,147.739,119.283,21.3134,2022,6,2,2022-06,False
2022-06-07,COALINDIA,141.156,145.748,141.119,143.999,12961285,1.3857,134.514,136.559,118.411,61.3041,2.50501,1.17069,1.33432,148.731,120.296,21.1385,2022,6,2,2022-06,False
2022-06-08,COALINDIA,144.327,147.206,143.233,144.072,13059792,0.0506,135.527,136.727,118.678,61.3927,2.69041,1.47463,1.21577,149.416,121.638,20.4964,2022,6,2,2022-06,False
2022-06-09,COALINDIA,143.561,146.076,143.233,144.873,10562238,0.5566,136.682,136.836,118.952,62.4122,2.86896,1.7535,1.11546,149.559,123.805,18.8422,2022,6,2,2022-06,False
2022-06-10,COALINDIA,143.853,145.274,143.051,144.691,6741014,-0.1258,137.768,137.018,119.234,62.0114,2.96162,1.99512,0.9665,149.377,126.159,16.8527,2022,6,2,2022-06,False
2022-06-13,COALINDIA,143.343,143.889,138.167,139.261,8516696,-3.7531,138.473,137.137,119.494,51.4151,2.56727,2.10955,0.457718,148.456,128.491,14.418,2022,6,2,2022-06,False
2022-06-14,COALINDIA,137.839,141.775,137.839,140.099,6727598,0.6019,138.752,137.271,119.751,52.7571,2.29592,2.14683,0.149093,148.58,128.924,14.1666,2022,6,2,2022-06,False
2022-06-15,COALINDIA,140.062,141.302,137.876,138.532,5805589,-1.1186,138.916,137.328,119.992,49.9777,1.93214,2.10389,-0.171751,148.607,129.225,13.952,2022,6,2,2022-06,False
2022-06-16,COALINDIA,139.625,140.536,130.55,131.133,14490962,-5.3407,138.869,137.213,120.2,39.4196,1.03491,1.89009,-0.855183,148.708,129.029,14.1711,2022,6,2,2022-06,False
2022-06-17,COALINDIA,131.206,134.741,130.769,133.138,15215695,1.5286,138.749,137.137,120.415,42.9369,0.480065,1.60809,-1.12802,148.816,128.682,14.5111,2022,6,2,2022-06,False
2022-06-20,COALINDIA,132.591,132.591,127.379,128.91,23276003,-3.1755,138.477,136.889,120.592,37.9343,-0.29737,1.227,-1.52437,149.309,127.646,15.6437,2022,6,2,2022-06,False
2022-06-21,COALINDIA,129.748,135.324,129.748,134.705,7564329,4.4953,138.566,136.802,120.791,47.0422,-0.44081,0.893434,-1.33424,149.233,127.9,15.3959,2022,6,2,2022-06,False
2022-06-22,COALINDIA,134.668,134.668,130.477,130.732,6560404,-2.9491,138.517,136.58,120.975,42.4439,-0.865072,0.541733,-1.40681,149.325,127.709,15.6052,2022,6,2,2022-06,False
2022-06-23,COALINDIA,131.425,132.664,127.452,129.129,9304799,-1.2267,138.295,136.3,121.148,40.7138,-1.31554,0.170278,-1.48582,149.697,126.892,16.4902,2022,6,2,2022-06,False
2022-06-24,COALINDIA,130.222,131.498,127.416,128.691,8171322,-0.3387,138.102,136.162,121.303,40.2322,-1.68837,-0.20145,-1.48692,150.032,126.171,17.2781,2022,6,2,2022-06,False
2022-06-27,COALINDIA,131.206,133.247,129.347,132.7,7063839,3.1153,137.914,136.096,121.478,46.4823,-1.64141,-0.489443,-1.15197,150.07,125.758,17.6281,2022,6,2,2022-06,False
2022-06-28,COALINDIA,132.044,136.272,131.753,135.871,9844211,2.3894,137.677,136.051,121.667,50.8592,-1.33298,-0.65815,-0.67483,149.796,125.558,17.6053,2022,6,2,2022-06,False
2022-06-29,COALINDIA,135.58,138.678,133.867,137.584,16856241,1.2608,137.411,135.92,121.857,53.0913,-0.939489,-0.714418,-0.225071,149.278,125.544,17.2722,2022,6,2,2022-06,False
2022-06-30,COALINDIA,137.11,137.766,133.065,135.288,8693744,-1.6689,136.952,135.723,122.037,49.8245,-0.803658,-0.732266,-0.0713918,148.371,125.533,16.6756,2022,6,2,2022-06,False
2022-07-01,COALINDIA,134.851,135.689,128.728,133.575,17248729,-1.2662,136.451,135.378,122.189,47.4774,-0.824726,-0.750758,-0.0739677,147.516,125.386,16.2182,2022,7,3,2022-07,False
2022-07-04,COALINDIA,133.575,135.361,130.55,132.7,8780396,-0.6549,135.984,135.085,122.337,46.2786,-0.901612,-0.780929,-0.120683,146.843,125.125,15.9713,2022,7,3,2022-07,False
2022-07-05,COALINDIA,133.393,134.996,132.482,132.992,5313753,0.2197,135.434,134.998,122.464,46.7611,-0.928317,-0.810407,-0.117911,145.681,125.186,15.1328,2022,7,3,2022-07,False
2022-07-06,COALINDIA,133.028,133.283,129.748,132.445,9367397,-0.4111,134.852,134.856,122.585,45.9281,-0.98227,-0.844779,-0.137491,144.327,125.378,14.0512,2022,7,3,2022-07,False
2022-07-07,COALINDIA,134.085,136.017,132.263,135.58,6322630,2.3665,134.388,134.835,122.74,51.2865,-0.763314,-0.828486,0.0651718,142.623,126.152,12.2561,2022,7,3,2022-07,False
2022-07-08,COALINDIA,136.345,139.88,136.345,138.349,14647592,2.043,134.071,134.828,122.918,55.4848,-0.362108,-0.735211,0.373103,141.024,127.117,10.3731,2022,7,3,2022-07,False
2022-07-11,COALINDIA,137.73,141.63,136.892,140.937,9048841,1.8704,134.155,134.981,123.1,59.0367,0.162781,-0.555612,0.718393,141.406,126.903,10.8101,2022,7,3,2022-07,False
2022-07-12,COALINDIA,140.536,142.359,140.026,141.338,6942704,0.2844,134.216,135.072,123.266,59.5748,0.604142,-0.323662,0.927803,141.699,126.734,11.1499,2022,7,3,2022-07,False
2022-07-13,COALINDIA,141.338,142.978,140.682,141.01,7842930,-0.2321,134.34,135.161,123.413,58.893,0.916886,-0.0755521,0.992438,142.197,126.484,11.6959,2022,7,3,2022-07,False
2022-07-14,COALINDIA,141.411,142.468,138.714,139.953,6795141,-0.7495,134.781,135.251,123.558,56.6438,1.06715,0.152989,0.914164,142.866,126.696,11.9972,2022,7,3,2022-07,False
2022-07-15,COALINDIA,140.682,141.338,138.058,140.974,5610793,0.7292,135.173,135.338,123.706,58.2998,1.25413,0.373217,0.880912,143.672,126.675,12.5742,2022,7,3,2022-07,False
2022-07-18,COALINDIA,141.775,143.525,141.302,142.577,7600779,1.1375,135.857,135.521,123.836,60.8316,1.51425,0.601424,0.912828,144.432,127.281,12.6244,2022,7,3,2022-07,False
2022-07-19,COALINDIA,142.103,145.493,141.411,144.509,9913955,1.3548,136.347,135.932,123.939,63.6913,1.85489,0.852117,1.00277,145.728,126.965,13.761,2022,7,3,2022-07,False
2022-07-20,COALINDIA,145.493,146.076,143.889,144.217,5519522,-0.2018,137.021,136.341,124.043,62.9442,2.07737,1.09717,0.980202,146.639,127.403,14.0383,2022,7,3,2022-07,False
2022-07-21,COALINDIA,144.217,145.384,143.087,144.764,6167419,0.3791,137.803,136.801,124.137,63.8015,2.27162,1.33206,0.939559,147.26,128.346,13.7254,2022,7,3,2022-07,False
2022-07-22,COALINDIA,144.764,145.675,143.452,143.671,4844223,-0.7553,138.552,137.215,124.222,60.7732,2.3107,1.52778,0.782911,147.318,129.786,12.6538,2022,7,3,2022-07,False
2022-07-25,COALINDIA,143.962,147.024,141.848,146.441,10207034,1.9279,139.239,137.64,124.293,65.2704,2.53594,1.72942,0.806524,148.225,130.253,12.9074,2022,7,3,2022-07,False
2022-07-26,COALINDIA,146.841,148.19,145.456,147.461,12853314,0.6969,139.818,137.899,124.387,66.7814,2.76492,1.93652,0.828404,149.367,130.269,13.659,2022,7,3,2022-07,False
2022-07-27,COALINDIA,147.534,149.21,147.097,148.299,7343180,0.5684,140.354,138.16,124.493,68.0125,2.97968,2.14515,0.834531,150.555,130.153,14.5364,2022,7,3,2022-07,False
2022-07-28,COALINDIA,148.7,149.429,146.769,147.862,5096403,-0.2949,140.983,138.476,124.603,66.6252,3.0791,2.33194,0.747158,151.416,130.549,14.8015,2022,7,3,2022-07,False
2022-07-29,COALINDIA,148.409,154.86,148.153,153.985,12477455,4.141,142.003,138.844,124.716,74.4755,3.61034,2.58762,1.02272,153.34,130.667,15.9666,2022,7,3,2022-07,False
2022-08-01,COALINDIA,154.896,155.771,152.928,155.078,7849924,0.71,143.122,139.259,124.847,75.5801,4.07263,2.88462,1.18801,154.997,131.247,16.5943,2022,8,3,2022-08,False
2022-08-02,COALINDIA,155.26,158.358,154.276,156.901,12615631,1.1751,144.318,139.739,124.997,77.3402,4.53378,3.21445,1.31933,156.702,131.934,17.1622,2022,8,3,2022-08,False
2022-08-03,COALINDIA,156.682,156.682,152.199,154.604,9949919,-1.4634,145.425,140.197,125.157,70.45,4.66025,3.50361,1.15664,157.291,133.56,16.3188,2022,8,3,2022-08,False
2022-08-04,COALINDIA,154.641,155.588,150.267,150.996,8058280,-2.3338,146.196,140.545,125.294,61.2201,4.4184,3.68657,0.731828,157.351,135.042,15.2595,2022,8,3,2022-08,False
2022-08-05,COALINDIA,151.251,153.256,149.976,151.944,31999040,0.6276,146.876,140.933,125.438,62.6057,4.25415,3.80009,0.454066,157.668,136.084,14.6954,2022,8,3,2022-08,False
2022-08-08,COALINDIA,152.709,157.557,150.923,157.01,16358151,3.3341,147.68,141.344,125.621,68.9858,4.48112,3.93629,0.544823,158.991,136.368,15.3186,2022,8,3,2022-08,False
2022-08-10,COALINDIA,157.338,160.691,157.046,160.254,14267910,2.0659,148.625,141.737,125.813,72.2504,4.86663,4.12236,0.744267,160.832,136.419,16.4257,2022,8,3,2022-08,False
2022-08-11,COALINDIA,167.016,167.607,161.103,161.547,28800337,0.807,149.652,142.11,126.034,73.4504,5.21637,4.34116,0.875209,162.594,136.71,17.2961,2022,8,3,2022-08,False
2022-08-12,COALINDIA,161.842,164.244,160.919,163.801,8861089,1.3952,150.845,142.496,126.272,75.4434,5.61075,4.59508,1.01567,164.404,137.286,17.9775,2022,8,3,2022-08,False
2022-08-16,COALINDIA,165.833,165.833,162.914,164.725,7844356,0.5639,152.032,142.919,126.512,76.231,5.92948,4.86196,1.06752,166.102,137.963,18.5088,2022,8,3,2022-08,False
2022-08-17,COALINDIA,165.168,165.168,162.692,163.653,6119157,-0.6505,153.086,143.351,126.751,73.2946,6.02614,5.09479,0.931348,167.33,138.842,18.609,2022,8,3,2022-08,False
2022-08-18,COALINDIA,163.653,164.54,163.025,163.875,4233196,0.1355,154.054,143.749,127.015,73.5219,6.05089,5.28601,0.764877,168.475,139.634,18.7216,2022,8,3,2022-08,False
2022-08-19,COALINDIA,163.801,163.801,159.404,160.475,8783707,-2.0744,154.867,144.077,127.268,64.4636,5.73014,5.37484,0.355304,168.777,140.957,17.9635,2022,8,3,2022-08,False
2022-08-22,COALINDIA,159.33,163.284,158.184,161.325,10390480,0.5296,155.695,144.406,127.505,65.6045,5.48134,5.39614,0.085201,169.033,142.358,17.1327,2022,8,3,2022-08,False
2022-08-23,COALINDIA,160.364,165.316,160.069,164.688,9344364,2.0843,156.746,144.806,127.764,69.7435,5.49218,5.41535,0.0768306,169.388,144.104,16.1305,2022,8,3,2022-08,False
2022-08-24,COALINDIA,164.614,167.016,164.059,165.279,10825973,0.359,157.688,145.326,128.024,70.4176,5.48524,5.42933,0.0559141,169.897,145.479,15.4847,2022,8,3,2022-08,False
2022-08-25,COALINDIA,165.316,167.865,165.316,166.203,13077805,0.5589,158.625,145.848,128.286,71.4865,5.49098,5.44166,0.0493264,170.398,146.852,14.8436,2022,8,3,2022-08,False
2022-08-26,COALINDIA,168.272,171.45,167.385,169.935,12673156,2.2454,159.707,146.476,128.562,75.36,5.73062,5.49945,0.231168,171.461,147.953,14.7192,2022,8,3,2022-08,False
2022-08-29,COALINDIA,163.616,171.154,163.616,170.415,8757016,0.2827,160.835,147.262,128.846,75.8154,5.89138,5.57784,0.313542,172.122,149.547,14.0357,2022,8,3,2022-08,False
2022-08-30,COALINDIA,171.302,174.036,170.6,173.519,12991363,1.8213,161.811,148.069,129.157,78.5714,6.19779,5.70183,0.495964,173.951,149.671,15.005,2022,8,3,2022-08,False
2022-09-01,COALINDIA,173.186,174.997,169.639,170.193,9682321,-1.9165,162.567,148.895,129.451,69.4408,6.10194,5.78185,0.320094,174.823,150.311,15.0786,2022,9,3,2022-09,False
2022-09-02,COALINDIA,170.711,171.782,168.641,169.454,4599518,-0.4342,163.195,149.59,129.741,67.5618,5.89836,5.80515,0.0932056,175.515,150.874,15.0988,2022,9,3,2022-09,False
2022-09-05,COALINDIA,169.972,171.708,168.863,171.154,4909470,1.003,164.022,150.399,130.064,69.5993,5.80722,5.80557,0.00165757,176.134,151.91,14.769,2022,9,3,2022-09,False
2022-09-06,COALINDIA,171.967,173.408,170.711,171.967,5307321,0.475,165.071,151.255,130.393,70.5519,5.73449,5.79135,-0.056859,176.009,154.132,13.2527,2022,9,3,2022-09,False
2022-09-07,COALINDIA,172.152,176.844,171.708,176.512,12751679,2.6429,166.299,152.212,130.755,75.2262,5.97471,5.82802,0.14669,176.525,156.073,12.2984,2022,9,3,2022-09,False
2022-09-08,COALINDIA,177.731,177.731,173.704,174.738,7677716,-1.0048,167.185,153.053,131.116,70.5218,5.95335,5.85309,0.10026,177.09,157.281,11.848,2022,9,3,2022-09,False
2022-09-09,COALINDIA,175.514,175.884,172.447,175.588,8436280,0.4864,167.952,153.847,131.492,71.4434,5.93656,5.86978,0.0667778,177.97,157.934,11.9297,2022,9,3,2022-09,False
2022-09-12,COALINDIA,176.253,176.66,168.494,171.08,19053188,-2.5673,168.429,154.517,131.826,60.6183,5.49615,5.79506,-0.298908,178.064,158.794,11.4407,2022,9,3,2022-09,False
2022-09-13,COALINDIA,171.967,173.888,170.452,170.932,9884429,-0.0864,168.785,155.23,132.15,60.2958,5.07667,5.65138,-0.574709,178.225,159.346,11.1851,2022,9,3,2022-09,False
2022-09-14,COALINDIA,170.082,172.78,169.639,171.413,7705022,0.281,169.12,155.986,132.478,61.0217,4.72848,5.4668,-0.738316,178.426,159.813,11.006,2022,9,3,2022-09,False
2022-09-15,COALINDIA,172.262,173.63,171.634,173.112,5386854,0.9916,169.593,156.795,132.824,63.5607,4.53739,5.28092,-0.743525,178.689,160.497,10.7268,2022,9,3,2022-09,False
2022-09-16,COALINDIA,172.817,172.928,169.639,170.747,8750965,-1.3661,169.936,157.55,133.163,57.9089,4.14732,5.0542,-0.906877,178.633,161.24,10.2355,2022,9,3,2022-09,False
2022-09-19,COALINDIA,170.674,171.93,169.011,169.898,4011597,-0.4977,170.408,158.299,133.505,55.9823,3.72665,4.78869,-1.06204,177.881,162.934,8.7716,2022,9,3,2022-09,False
2022-09-20,COALINDIA,170.711,172.78,169.011,169.861,6890375,-0.0218,170.834,158.984,133.835,55.8952,3.35165,4.50128,-1.14963,176.981,164.687,7.1965,2022,9,3,2022-09,False
2022-09-21,COALINDIA,169.861,171.967,167.865,171.117,5673523,0.7396,171.156,159.64,134.159,58.2717,3.11987,4.225,-1.10513,176.579,165.732,6.3375,2022,9,3,2022-09,False
2022-09-22,COALINDIA,169.935,170.932,166.646,167.791,7677219,-1.9434,171.281,160.177,134.465,50.5131,2.63744,3.90749,-1.27005,176.227,166.336,5.7749,2022,9,3,2022-09,False
2022-09-23,COALINDIA,166.277,167.718,163.321,164.688,5495315,-1.8498,171.206,160.644,134.764,44.551,1.98181,3.52235,-1.54054,176.512,165.899,6.1989,2022,9,3,2022-09,False
2022-09-26,COALINDIA,163.32,164.133,157.039,159.256,7832594,-3.2982,170.672,161.009,135.027,36.4442,1.01226,3.02034,-2.00808,178.2,163.143,8.8223,2022,9,3,2022-09,False
2022-09-27,COALINDIA,159.625,162.36,157.224,158.074,5795048,-0.7425,170.055,161.371,135.284,34.9531,0.146775,2.44562,-2.29885,179.461,160.648,11.0626,2022,9,3,2022-09,False
2022-09-28,COALINDIA,156.448,157.704,154.379,155.783,6134706,-1.4492,169.168,161.667,135.523,32.204,-0.715731,1.81335,-2.52908,180.372,157.964,13.2456,2022,9,3,2022-09,False
2022-09-29,COALINDIA,156.522,158.997,155.672,158.074,8962595,1.4706,168.562,161.977,135.779,37.498,-1.20058,1.21057,-2.41114,180.796,156.328,14.5155,2022,9,3,2022-09,False
2022-09-30,COALINDIA,157.408,159.625,153.603,156.854,12875386,-0.7714,167.932,162.224,136.036,35.8915,-1.66403,0.635647,-2.29968,181.224,154.64,15.8306,2022,9,3,2022-09,False
2022-10-03,COALINDIA,157.408,161.103,156.891,158.849,11397506,1.2721,167.317,162.517,136.304,40.3919,-1.849,0.138717,-1.98772,181.111,153.523,16.4884,2022,10,4,2022-10,False
2022-10-04,COALINDIA,161.325,165.538,161.177,164.983,10862095,3.8614,166.967,162.921,136.605,51.6325,-1.48355,-0.185736,-1.29781,180.619,153.316,16.3518,2022,10,4,2022-10,False
2022-10-06,COALINDIA,166.277,173.001,166.018,172.558,12795784,4.5913,166.77,163.499,136.939,61.3304,-0.576058,-0.263801,-0.312258,179.945,153.594,15.8007,2022,10,4,2022-10,False
2022-10-07,COALINDIA,172.189,172.595,168.346,169.75,14641624,-1.6274,166.52,163.965,137.269,56.7847,-0.0825148,-0.227543,0.145029,179.242,153.799,15.2789,2022,10,4,2022-10,False
2022-10-10,COALINDIA,167.755,171.45,167.459,169.861,10850668,0.0653,166.234,164.413,137.621,56.9205,0.313947,-0.119245,0.433192,178.339,154.129,14.5635,2022,10,4,2022-10,False
2022-10-11,COALINDIA,170.674,170.674,165.537,166.609,19154740,-1.9143,166.01,164.779,137.943,51.7826,0.361598,-0.0230767,0.384675,177.902,154.119,14.3258,2022,10,4,2022-10,False
2022-10-12,COALINDIA,166.683,172.189,166.683,171.523,9256951,2.9497,166.04,165.253,138.287,57.9591,0.786843,0.138907,0.647936,177.986,154.095,14.3887,2022,10,4,2022-10,False
2022-10-13,COALINDIA,171.597,174.11,170.784,173.334,7231841,1.0556,166.136,165.64,138.631,59.9924,1.25548,0.362221,0.893255,178.293,153.98,14.6343,2022,10,4,2022-10,False
2022-10-14,COALINDIA,176.586,176.586,173.925,174.664,6241886,0.7674,166.214,166.031,138.989,61.467,1.71445,0.632666,1.08178,178.576,153.852,14.8749,2022,10,4,2022-10,False
2022-10-17,COALINDIA,174.664,176.29,172.115,175.884,5623812,0.6981,166.47,166.411,139.352,62.8197,2.15177,0.936487,1.21528,179.428,153.513,15.5675,2022,10,4,2022-10,False
2022-10-18,COALINDIA,176.253,178.95,175.034,178.618,6674374,1.5546,166.907,166.891,139.718,65.7255,2.68801,1.28679,1.40122,180.896,152.918,16.7627,2022,10,4,2022-10,False
2022-10-19,COALINDIA,178.84,179.579,175.145,176.031,13886387,-1.4481,167.215,167.392,140.08,60.8786,2.87117,1.60367,1.2675,181.74,152.69,17.3732,2022,10,4,2022-10,False
2022-10-20,COALINDIA,175.145,179.209,172.632,178.101,10755972,1.1755,167.564,167.915,140.453,63.2157,3.14702,1.91234,1.23468,182.803,152.326,18.1882,2022,10,4,2022-10,False
2022-10-21,COALINDIA,178.101,178.359,175.921,176.401,3285505,-0.9544,167.995,168.303,140.819,60.0426,3.19169,2.16821,1.02348,183.738,152.251,18.7429,2022,10,4,2022-10,False
2022-10-24,COALINDIA,178.027,178.618,177.362,177.731,730136,0.7541,168.647,168.652,141.158,61.6644,3.29642,2.39385,0.902574,184.886,152.407,19.2587,2022,10,4,2022-10,False
2022-10-25,COALINDIA,177.731,178.064,175.847,177.325,6976548,-0.2287,169.55,168.968,141.504,60.8516,3.30849,2.57678,0.731714,185.599,153.501,18.9314,2022,10,4,2022-10,False
2022-10-27,COALINDIA,178.064,178.544,176.623,178.027,6422639,0.3959,170.548,169.252,141.851,61.7884,3.33625,2.72867,0.607574,186.065,155.031,18.1967,2022,10,4,2022-10,False
2022-10-28,COALINDIA,178.84,183.126,177.768,180.613,14076967,1.4529,171.789,169.57,142.207,65.1017,3.52631,2.8882,0.638107,186.271,157.308,16.8598,2022,10,4,2022-10,False
2022-10-31,COALINDIA,181.796,182.904,179.985,181.759,8365329,0.6342,172.974,169.932,142.561,66.4875,3.7264,3.05584,0.670563,186.58,159.367,15.7322,2022,10,4,2022-10,False
2022-11-01,COALINDIA,182.535,182.535,179.763,181.537,8813106,-0.122,174.208,170.286,142.9,65.9417,3.82302,3.20928,0.613747,186.017,162.399,13.5574,2022,11,4,2022-11,False
2022-11-02,COALINDIA,181.537,184.456,178.95,181.648,14974441,0.0611,175.348,170.709,143.248,66.0916,3.864,3.34022,0.523777,185.145,165.551,11.1741,2022,11,4,2022-11,False
2022-11-03,COALINDIA,180.318,182.978,178.101,181.943,6754654,0.1627,176.196,171.121,143.594,66.5148,3.87565,3.44731,0.42834,185.112,167.28,10.1203,2022,11,4,2022-11,False
2022-11-04,COALINDIA,182.313,183.791,181.426,181.833,5511411,-0.0609,176.66,171.464,143.921,66.1812,3.83176,3.5242,0.307565,185.742,167.577,10.2823,2022,11,4,2022-11,False
2022-11-07,COALINDIA,182.756,185.749,182.35,184.419,10513106,1.4225,177.393,171.847,144.261,69.9661,3.96005,3.61137,0.348679,186.495,168.291,10.2621,2022,11,4,2022-11,False
2022-11-09,COALINDIA,188.816,194.654,188.114,189.038,40391668,2.5045,178.352,172.304,144.627,75.2853,4.38388,3.76587,0.618008,188.128,168.575,10.9632,2022,11,4,2022-11,False
2022-11-10,COALINDIA,190.627,192.511,186.304,187.412,20832572,-0.86,179.392,172.653,144.996,70.5489,4.53629,3.91995,0.616333,188.296,170.488,9.9266,2022,11,4,2022-11,False
2022-11-11,COALINDIA,191.255,191.329,186.525,187.153,20165337,-0.138,180.174,172.988,145.352,69.7965,4.58336,4.05263,0.530729,188.912,171.436,9.6995,2022,11,4,2022-11,False
2022-11-14,COALINDIA,188.114,189.37,181.98,182.682,18762693,-2.3889,180.641,173.171,145.682,58.236,4.21136,4.08438,0.126978,188.821,172.461,9.0564,2022,11,4,2022-11,False
2022-11-15,COALINDIA,184.413,187.914,181.424,182.643,20225373,-0.0215,181.04,173.42,146.034,58.1447,3.86877,4.04126,-0.17249,188.758,173.322,8.526,2022,11,4,2022-11,False
2022-11-16,COALINDIA,183.587,185.279,181.266,184.807,9764275,1.1846,181.486,173.727,146.405,61.6994,3.72886,3.97878,-0.249919,188.977,173.995,8.2552,2022,11,4,2022-11,False
2022-11-17,COALINDIA,184.689,184.689,181.738,182.84,5737884,-1.0643,181.697,173.961,146.749,56.9632,3.41985,3.86699,-0.447143,189.085,174.309,8.1321,2022,11,4,2022-11,False
2022-11-18,COALINDIA,182.879,183.745,179.535,180.598,6413585,-1.2263,181.925,174.134,147.085,52.0572,2.95991,3.68557,-0.725667,188.843,175.007,7.6053,2022,11,4,2022-11,False
2022-11-21,COALINDIA,180.165,181.266,178.355,180.519,6430876,-0.0436,182.046,174.214,147.416,51.8883,2.55955,3.46037,-0.900821,188.764,175.328,7.3807,2022,11,4,2022-11,False
2022-11-22,COALINDIA,179.811,181.502,179.103,180.244,5885877,-0.1525,182.238,174.324,147.752,51.2616,2.19474,3.20724,-1.0125,188.48,175.997,6.8495,2022,11,4,2022-11,False
2022-11-23,COALINDIA,180.952,181.817,180.165,181.424,5693274,0.6547,182.423,174.441,148.083,53.8352,1.97805,2.96141,-0.983352,188.311,176.535,6.4556,2022,11,4,2022-11,False
2022-11-24,COALINDIA,181.542,182.368,178.867,179.771,8198891,-0.9107,182.545,174.615,148.402,49.8652,1.65394,2.69991,-1.04597,188.079,177.012,6.0623,2022,11,4,2022-11,False
2022-11-25,COALINDIA,180.676,183.823,179.221,182.053,10046363,1.2692,182.747,174.837,148.742,54.8201,1.56317,2.47256,-0.909394,187.865,177.628,5.6016,2022,11,4,2022-11,False
2022-11-28,COALINDIA,181.384,183.115,179.693,180.834,8146840,-0.6698,182.758,175.025,149.079,51.8694,1.37696,2.25344,-0.876485,187.858,177.658,5.5811,2022,11,4,2022-11,False
2022-11-29,COALINDIA,181.109,181.974,178.08,178.749,6628470,-1.1529,182.607,175.138,149.404,47.1925,1.04906,2.01257,-0.963508,188.001,177.214,5.907,2022,11,4,2022-11,False
2022-11-30,COALINDIA,178.749,180.047,178.237,178.788,12154948,0.022,182.47,175.299,149.732,47.2891,0.783339,1.76672,-0.983382,188.112,176.827,6.1846,2022,11,4,2022-11,False
2022-12-01,COALINDIA,179.693,181.266,176.939,177.883,22435771,-0.506,182.282,175.459,150.026,45.2399,0.494054,1.51219,-1.01813,188.28,176.284,6.5809,2022,12,4,2022-12,False
2022-12-02,COALINDIA,177.883,179.378,177.254,178.277,6325649,0.2212,182.098,175.627,150.323,46.3289,0.293158,1.26838,-0.975223,188.358,175.838,6.8753,2022,12,4,2022-12,False
2022-12-05,COALINDIA,178.277,182.368,178.198,181.935,8732711,2.0521,182.103,175.843,150.644,55.2432,0.424253,1.09956,-0.675302,188.363,175.844,6.8743,2022,12,4,2022-12,False
2022-12-06,COALINDIA,182.525,182.918,180.558,182.25,7394839,0.173,181.995,176.133,150.983,55.9214,0.54723,0.989091,-0.44186,188.16,175.83,6.7745,2022,12,4,2022-12,False
2022-12-07,COALINDIA,182.643,182.643,179.929,180.755,4519547,-0.8202,181.581,176.454,151.309,51.8986,0.518103,0.894893,-0.37679,186.792,176.369,5.7403,2022,12,4,2022-12,False
2022-12-08,COALINDIA,180.676,181.935,180.165,181.266,3135706,0.2829,181.274,176.894,151.636,53.1405,0.530172,0.821949,-0.291777,185.704,176.843,4.8878,2022,12,4,2022-12,False
2022-12-09,COALINDIA,181.384,182.8,179.221,180.047,4197165,-0.6727,180.918,177.334,151.959,49.8361,0.436307,0.744821,-0.308514,184.401,177.435,3.8506,2022,12,4,2022-12,False
2022-12-12,COALINDIA,179.653,183.863,179.457,182.84,7881379,1.5512,180.926,177.875,152.282,56.5068,0.580592,0.711975,-0.131383,184.427,177.425,3.8697,2022,12,4,2022-12,False
2022-12-13,COALINDIA,183.627,184.453,181.817,182.171,4878457,-0.3657,180.902,178.357,152.605,54.6335,0.633676,0.696315,-0.0626392,184.36,177.444,3.823,2022,12,4,2022-12,False
2022-12-14,COALINDIA,182.328,183.469,182.014,182.643,4730078,0.2591,180.794,178.872,152.936,55.7486,0.705697,0.698191,0.00750538,183.85,177.739,3.3803,2022,12,4,2022-12,False
2022-12-15,COALINDIA,182.446,182.997,179.142,179.535,5221433,-1.7015,180.629,179.286,153.256,47.4746,0.506179,0.659789,-0.15361,183.574,177.684,3.2612,2022,12,4,2022-12,False
2022-12-16,COALINDIA,179.378,180.873,175.68,176.743,7757065,-1.5556,180.436,179.521,153.593,41.5116,0.121294,0.55209,-0.430796,183.857,177.016,3.7911,2022,12,4,2022-12,False
2022-12-19,COALINDIA,176.743,179.26,176.625,178.827,4073907,1.1796,180.352,179.647,153.891,46.8757,-0.0153213,0.438608,-0.453929,183.846,176.857,3.8753,2022,12,4,2022-12,False
2022-12-20,COALINDIA,178.513,178.513,175.72,177.883,3784271,-0.5279,180.234,179.809,154.163,44.869,-0.197494,0.311387,-0.508881,183.899,176.569,4.0671,2022,12,4,2022-12,False
2022-12-21,COALINDIA,178.198,179.142,174.697,176.113,3675466,-0.9951,179.968,179.934,154.37,41.2989,-0.479181,0.153274,-0.632455,184.019,175.917,4.5022,2022,12,4,2022-12,False
2022-12-22,COALINDIA,176.31,177.608,172.376,175.208,4755089,-0.5137,179.74,180.106,154.557,39.5661,-0.76659,-0.0306991,-0.735891,184.318,175.162,5.0937,2022,12,4,2022-12,False
2022-12-23,COALINDIA,173.084,175.366,168.521,169.19,6561011,-3.4351,179.097,180.06,154.743,30.4219,-1.46315,-0.317189,-1.14596,185.541,172.653,7.1957,2022,12,4,2022-12,False
2022-12-26,COALINDIA,169.19,174.343,168.56,173.674,3116608,2.6505,178.739,180.067,154.924,41.3064,-1.63448,-0.580647,-1.05383,185.561,171.917,7.6332,2022,12,4,2022-12,False
2022-12-27,COALINDIA,174.658,175.366,172.809,174.068,2961726,0.2265,178.505,180.055,155.105,42.1612,-1.7187,-0.808259,-0.910446,185.639,171.37,7.9935,2022,12,4,2022-12,False
2022-12-28,COALINDIA,174.068,176.428,173.517,175.602,3015714,0.8814,178.346,180.049,155.303,45.495,-1.64272,-0.975152,-0.667573,185.595,171.096,8.1294,2022,12,4,2022-12,False
2022-12-29,COALINDIA,173.714,176.507,173.438,174.382,4784105,-0.6944,178.17,179.964,155.523,43.3559,-1.66175,-1.11247,-0.54928,185.633,170.708,8.3764,2022,12,4,2022-12,False
2022-12-30,COALINDIA,174.854,178.159,174.854,177.057,4102247,1.534,178.109,179.985,155.745,49.0186,-1.44434,-1.17884,-0.265491,185.588,170.631,8.3975,2022,12,4,2022-12,False
2023-01-02,COALINDIA,178.395,178.749,176.349,176.821,4210225,-0.1333,177.854,179.959,155.972,48.5573,-1.27636,-1.19835,-0.0780162,185.128,170.579,8.1804,2023,1,1,2023-01,False
2023-01-03,COALINDIA,177.018,177.608,175.444,176.31,3643132,-0.2892,177.557,179.957,156.224,47.514,-1.17101,-1.19288,0.0218679,184.555,170.558,7.8833,2023,1,1,2023-01,False
2023-01-04,COALINDIA,176.507,176.625,170.134,170.842,9550461,-3.1013,177.061,179.82,156.433,38.0906,-1.51131,-1.25657,-0.254745,184.497,169.626,8.3988,2023,1,1,2023-01,False
2023-01-05,COALINDIA,170.567,172.219,169.308,171.629,8815728,0.4605,176.579,179.706,156.648,39.9364,-1.69795,-1.34484,-0.353105,184.116,169.043,8.5361,2023,1,1,2023-01,False
2023-01-06,COALINDIA,172.297,173.005,166.79,168.56,12237065,-1.7877,176.005,179.516,156.826,35.492,-2.06959,-1.48979,-0.579793,184.155,167.855,9.2606,2023,1,1,2023-01,False
2023-01-09,COALINDIA,169.426,171.275,168.364,169.111,6967190,0.3267,175.319,179.286,157.003,36.8504,-2.29324,-1.65048,-0.642756,183.356,167.281,9.1691,2023,1,1,2023-01,False
2023-01-10,COALINDIA,169.15,170.96,168.521,170.527,5400260,0.8374,174.736,179.062,157.189,40.3301,-2.32936,-1.78626,-0.543104,182.36,167.113,8.7261,2023,1,1,2023-01,False
2023-01-11,COALINDIA,170.96,171.904,166.948,167.892,7637956,-1.5456,173.999,178.789,157.345,36.319,-2.54137,-1.93728,-0.604087,181.247,166.751,8.3311,2023,1,1,2023-01,False
2023-01-12,COALINDIA,169.544,170.724,167.42,168.285,7161675,0.2343,173.436,178.522,157.509,37.3209,-2.64713,-2.07925,-0.567878,180.621,166.251,8.2852,2023,1,1,2023-01,False
2023-01-13,COALINDIA,168.521,169.701,168.01,169.229,3671193,0.561,173.061,178.267,157.658,39.7704,-2.6245,-2.1883,-0.436205,180.303,165.818,8.3697,2023,1,1,2023-01,False
2023-01-16,COALINDIA,169.544,169.858,167.144,168.167,3987352,-0.6276,172.528,177.994,157.821,37.9726,-2.6616,-2.28296,-0.37864,179.549,165.506,8.139,2023,1,1,2023-01,False
2023-01-17,COALINDIA,168.167,169.268,166.082,167.656,5871758,-0.3041,172.016,177.659,157.992,37.1029,-2.70113,-2.36659,-0.334532,178.883,165.149,7.9838,2023,1,1,2023-01,False
2023-01-18,COALINDIA,168.246,170.999,167.734,170.606,6441530,1.7597,171.741,177.29,158.178,44.938,-2.46596,-2.38647,-0.0794917,178.353,165.129,7.6999,2023,1,1,2023-01,False
2023-01-19,COALINDIA,170.527,176.861,169.268,176.192,12938871,3.2741,171.79,177.066,158.381,56.0907,-1.80801,-2.27077,0.462764,178.524,165.056,7.8398,2023,1,1,2023-01,False
2023-01-20,COALINDIA,176.9,180.362,175.248,178.591,13444947,1.3619,172.26,176.894,158.589,59.8526,-1.0805,-2.03272,0.952218,179.522,164.998,8.4311,2023,1,1,2023-01,False
2023-01-23,COALINDIA,179.772,181.266,178.749,181.03,8736715,1.3657,172.628,176.861,158.81,63.2948,-0.303645,-1.68691,1.38326,180.87,164.386,9.5491,2023,1,1,2023-01,False
2023-01-24,COALINDIA,181.109,182.525,178.749,179.063,4252051,-1.0865,172.878,176.79,158.999,58.9083,0.151563,-1.31921,1.47077,181.593,164.162,10.0825,2023,1,1,2023-01,False
2023-01-25,COALINDIA,179.221,179.378,176.034,177.923,3855827,-0.6371,172.994,176.652,159.193,56.4641,0.415475,-0.972274,1.38775,181.921,164.067,10.3208,2023,1,1,2023-01,False
2023-01-27,COALINDIA,178.591,179.103,172.533,174.972,6171667,-1.6582,173.023,176.495,159.359,50.6152,0.382159,-0.701388,1.08355,181.974,164.073,10.3458,2023,1,1,2023-01,False
2023-01-30,COALINDIA,174.972,178.434,173.674,177.687,6172517,1.5513,173.055,176.436,159.531,55.2118,0.568225,-0.447465,1.01569,182.069,164.04,10.4178,2023,1,1,2023-01,False
2023-01-31,COALINDIA,177.018,179.653,176.152,176.9,7424552,-0.4428,173.059,176.364,159.738,53.6529,0.644767,-0.229019,0.873785,182.08,164.037,10.4257,2023,1,1,2023-01,False
2023-02-01,COALINDIA,179.378,179.378,168.482,173.596,24008324,-1.8679,172.923,176.231,159.926,47.5771,0.433794,-0.0964562,0.53025,181.819,164.027,10.2891,2023,2,1,2023-02,False
2023-02-02,COALINDIA,173.871,174.422,170.724,171.235,6806578,-1.3596,172.943,176.027,160.092,43.7647,0.0752761,-0.0621098,0.137386,181.821,164.064,10.2675,2023,2,1,2023-02,False
2023-02-03,COALINDIA,171.511,173.635,168.836,172.219,8776614,0.5743,172.972,175.876,160.232,45.7165,-0.128019,-0.0752916,-0.0527273,181.836,164.108,10.249,2023,2,1,2023-02,False
2023-02-06,COALINDIA,172.455,173.36,169.662,172.769,5742881,0.3198,173.182,175.691,160.37,46.8295,-0.241905,-0.108614,-0.13329,181.802,164.563,9.9542,2023,2,1,2023-02,False
2023-02-07,COALINDIA,172.769,173.989,170.724,172.848,4907167,0.0455,173.369,175.531,160.48,46.9966,-0.3221,-0.151311,-0.170789,181.777,164.962,9.6986,2023,2,1,2023-02,False
2023-02-08,COALINDIA,173.09,175.024,172.606,173.694,6316867,0.4896,173.528,175.43,160.612,48.8595,-0.313748,-0.183799,-0.129949,181.828,165.227,9.5667,2023,2,1,2023-02,False
2023-02-09,COALINDIA,174.097,174.742,171.841,172.929,4383159,-0.4408,173.78,175.313,160.79,47.2418,-0.364708,-0.219981,-0.144728,181.655,165.904,9.0634,2023,2,1,2023-02,False
2023-02-10,COALINDIA,172.485,172.808,170.027,170.47,4954439,-1.4216,173.889,175.164,160.945,42.3891,-0.596585,-0.295301,-0.301284,181.499,166.278,8.7532,2023,2,1,2023-02,False
2023-02-13,COALINDIA,170.47,172.244,168.576,171.72,6142208,0.7329,174.013,175.033,161.12,45.4555,-0.671795,-0.3706,-0.301195,181.38,166.646,8.4671,2023,2,1,2023-02,False
2023-02-14,COALINDIA,171.72,172.727,170.148,170.672,6758731,-0.6102,174.139,174.808,161.28,43.3704,-0.806652,-0.457811,-0.348842,181.164,167.113,8.0691,2023,2,1,2023-02,False
2023-02-15,COALINDIA,170.067,172.324,169.503,171.599,9612884,0.5431,174.336,174.595,161.471,45.7414,-0.829177,-0.532084,-0.297093,180.794,167.878,7.4088,2023,2,1,2023-02,False
2023-02-16,COALINDIA,172.082,174.5,171.76,173.654,13093683,1.1978,174.488,174.453,161.656,50.6731,-0.673417,-0.560351,-0.113067,180.715,168.261,7.1377,2023,2,1,2023-02,False
2023-02-17,COALINDIA,173.171,175.911,172.647,175.306,7243093,0.9515,174.444,174.334,161.849,54.2715,-0.4119,-0.53066,0.11876,180.633,168.255,7.0953,2023,2,1,2023-02,False
2023-02-20,COALINDIA,175.589,176.475,174.057,175.951,8479587,0.3678,174.312,174.252,162.052,55.6317,-0.150877,-0.454704,0.303827,180.235,168.389,6.796,2023,2,1,2023-02,False
2023-02-21,COALINDIA,176.354,176.677,171.962,172.526,4655766,-1.9469,173.887,174.046,162.231,47.5411,-0.217913,-0.407346,0.189433,178.936,168.838,5.8071,2023,2,1,2023-02,False
2023-02-22,COALINDIA,172.929,173.977,170.551,170.753,6003852,-1.0278,173.471,173.817,162.418,43.9758,-0.409402,-0.407757,-0.00164507,178.074,168.868,5.3073,2023,2,1,2023-02,False
2023-02-23,COALINDIA,171.639,174.057,171.236,173.211,6219715,1.4397,173.236,173.629,162.664,49.6169,-0.358661,-0.397938,0.0392766,177.334,169.137,4.7319,2023,2,1,2023-02,False
2023-02-24,COALINDIA,174.097,175.145,173.05,174.944,5154174,1.0005,173.234,173.537,162.92,53.1948,-0.176579,-0.353666,0.177087,177.33,169.138,4.729,2023,2,1,2023-02,False
2023-02-27,COALINDIA,174.903,175.709,173.372,174.863,4841279,-0.0461,173.093,173.499,163.186,53.0062,-0.038341,-0.290601,0.25226,176.709,169.476,4.1787,2023,2,1,2023-02,False
2023-02-28,COALINDIA,174.581,174.863,170.873,173.614,6054079,-0.7144,172.929,173.395,163.439,50.0454,-0.0292567,-0.238332,0.209075,176.086,169.771,3.6522,2023,2,1,2023-02,False
2023-03-01,COALINDIA,173.614,176.515,172.888,176.314,4510175,1.5552,173.065,173.363,163.695,55.7929,0.193588,-0.151948,0.345536,176.559,169.57,4.0387,2023,3,1,2023-03,False
2023-03-02,COALINDIA,176.314,180.908,175.186,179.619,11354939,1.8743,173.484,173.434,163.92,61.6139,0.629594,0.00436023,0.625233,177.935,169.033,5.1314,2023,3,1,2023-03,False
2023-03-03,COALINDIA,180.465,182.52,179.256,179.699,7089438,0.0449,173.858,173.523,164.142,61.7462,0.970447,0.197578,0.772869,179.056,168.66,5.9796,2023,3,1,2023-03,False
2023-03-06,COALINDIA,179.699,181.754,178.732,181.271,4771341,0.8746,174.283,173.765,164.388,64.3281,1.35181,0.428425,0.923389,180.413,168.153,7.0347,2023,3,1,2023-03,False
2023-03-08,COALINDIA,181.231,181.472,179.457,181.231,4271464,-0.0222,174.702,173.916,164.617,64.2085,1.63199,0.669137,0.962849,181.526,167.878,7.8122,2023,3,1,2023-03,False
2023-03-09,COALINDIA,181.231,182.923,180.263,181.19,4263468,-0.0222,175.077,174.059,164.851,64.0803,1.82969,0.901247,0.928439,182.468,167.686,8.4431,2023,3,1,2023-03,False
2023-03-10,COALINDIA,179.699,181.593,178.49,180.828,3670173,-0.2002,175.472,174.163,165.09,62.8619,1.93479,1.10796,0.826835,183.215,167.728,8.8258,2023,3,1,2023-03,False
2023-03-13,COALINDIA,180.707,181.956,176.798,177.966,3877606,-1.5824,175.846,174.235,165.322,54.1209,1.76684,1.23973,0.527104,183.29,168.402,8.4665,2023,3,1,2023-03,False
2023-03-14,COALINDIA,177.966,179.578,176.395,178.168,5723922,0.1132,176.169,174.257,165.545,54.5997,1.63119,1.31802,0.313164,183.416,168.921,8.2278,2023,3,1,2023-03,False
2023-03-15,COALINDIA,178.893,179.901,176.999,177.241,2992144,-0.5203,176.497,174.265,165.768,51.9158,1.43238,1.34089,0.0914832,183.276,169.719,7.6814,2023,3,1,2023-03,False
2023-03-16,COALINDIA,176.153,179.296,174.38,178.007,4988245,0.432,176.818,174.299,165.976,53.9304,1.32137,1.33699,-0.015616,183.217,170.419,7.2379,2023,3,1,2023-03,False
2023-03-17,COALINDIA,178.933,182.117,177.402,178.651,15720256,0.3622,177.068,174.456,166.166,55.6168,1.27078,1.32375,-0.0529641,183.335,170.8,7.0795,2023,3,1,2023-03,False
2023-03-20,COALINDIA,177.321,178.611,173.856,174.944,4244575,-2.0753,177.049,174.522,166.326,45.3396,0.920903,1.24318,-0.322276,183.341,170.758,7.1068,2023,3,1,2023-03,False
2023-03-21,COALINDIA,175.83,176.475,174.057,174.944,3998751,0.0,176.999,174.65,166.479,45.3396,0.636285,1.1218,-0.485515,183.343,170.655,7.1686,2023,3,1,2023-03,False
2023-03-22,COALINDIA,174.823,174.823,171.76,172.445,9675449,-1.4282,176.995,174.716,166.623,39.6178,0.206722,0.938785,-0.732063,183.351,170.639,7.1824,2023,3,1,2023-03,False
2023-03-23,COALINDIA,171.8,173.09,171.196,171.962,4730918,-0.2804,177.055,174.745,166.773,38.6024,-0.170765,0.716875,-0.88764,183.181,170.93,6.9188,2023,3,1,2023-03,False
2023-03-24,COALINDIA,171.881,172.405,167.649,168.012,6611089,-2.2967,176.796,174.747,166.893,31.5015,-0.779624,0.417575,-1.1972,183.961,169.631,8.1054,2023,3,1,2023-03,False
2023-03-27,COALINDIA,168.052,169.423,167.327,167.972,4002212,-0.024,176.447,174.741,167.012,31.4379,-1.25098,0.0838636,-1.33485,184.601,168.292,9.243,2023,3,1,2023-03,False
2023-03-28,COALINDIA,168.778,170.269,168.012,168.375,6157526,0.2399,176.123,174.724,167.13,32.8958,-1.57388,-0.247684,-1.32619,185.024,167.221,10.1086,2023,3,1,2023-03,False
2023-03-29,COALINDIA,169.221,173.211,167.972,171.639,16734166,1.9387,176.024,174.793,167.264,43.395,-1.54852,-0.507851,-1.04067,185.085,166.962,10.2956,2023,3,1,2023-03,False
2023-03-31,COALINDIA,171.035,172.727,170.188,172.203,5139018,0.3287,175.818,174.884,167.429,44.9969,-1.46599,-0.699479,-0.766514,185.037,166.6,10.4866,2023,3,1,2023-03,False
2023-04-03,COALINDIA,172.566,178.007,172.324,177.442,7754066,3.0423,175.709,175.021,167.616,57.1288,-0.966704,-0.752924,-0.21378,184.79,166.629,10.3355,2023,4,2,2023-04,False
2023-04-05,COALINDIA,177.563,180.747,177.563,179.336,6491910,1.0675,175.691,175.084,167.82,60.5194,-0.413407,-0.685021,0.271613,184.739,166.643,10.2999,2023,4,2,2023-04,False
2023-04-06,COALINDIA,179.296,179.86,177.563,178.692,4589598,-0.3596,175.562,175.086,168.058,58.8141,-0.0266394,-0.553344,0.526705,184.345,166.78,10.0054,2023,4,2,2023-04,False
2023-04-10,COALINDIA,178.49,180.908,178.248,178.974,3498235,0.1579,175.45,175.045,168.287,59.3537,0.299193,-0.382837,0.68203,183.98,166.919,9.7242,2023,4,2,2023-04,False
2023-04-11,COALINDIA,179.538,180.787,178.933,180.263,3995959,0.7206,175.403,175.069,168.544,61.8166,0.653939,-0.175482,0.829421,183.812,166.995,9.5875,2023,4,2,2023-04,False
2023-04-12,COALINDIA,180.546,183.77,180.263,183.528,5136012,1.8109,175.538,175.181,168.788,67.2295,1.18483,0.0965797,1.08825,184.388,166.688,10.0836,2023,4,2,2023-04,False
2023-04-13,COALINDIA,183.689,185.099,180.908,181.755,3478451,-0.9662,175.728,175.317,169.043,62.0812,1.44581,0.366425,1.07938,184.951,166.504,10.4973,2023,4,2,2023-04,False
2023-04-17,COALINDIA,181.754,185.341,181.674,185.059,6265943,1.8182,176.072,175.464,169.322,67.1326,1.89742,0.672624,1.2248,186.154,165.99,11.4522,2023,4,2,2023-04,False
2023-04-18,COALINDIA,185.059,187.316,184.777,187.155,8004952,1.1324,176.568,175.669,169.615,69.8734,2.39679,1.01746,1.37934,187.801,165.335,12.7239,2023,4,2,2023-04,False
2023-04-19,COALINDIA,188.283,189.089,184.576,185.704,7424582,-0.7752,176.953,175.911,169.88,65.7835,2.645,1.34297,1.30203,188.898,165.007,13.5014,2023,4,2,2023-04,False
2023-04-20,COALINDIA,185.301,186.591,184.656,185.019,2589165,-0.3689,177.271,176.187,170.125,63.882,2.75466,1.6253,1.12936,189.735,164.807,14.0625,2023,4,2,2023-04,False
2023-04-21,COALINDIA,185.382,185.744,183.326,185.422,2459508,0.2178,177.795,176.451,170.365,64.5314,2.84134,1.86851,0.972826,190.72,164.87,14.539,2023,4,2,2023-04,False
2023-04-24,COALINDIA,185.019,186.994,185.019,186.631,2587030,0.652,178.379,176.728,170.621,66.479,2.97331,2.08947,0.883841,191.808,164.95,15.0566,2023,4,2,2023-04,False
2023-04-25,COALINDIA,186.308,187.235,185.301,185.583,2570946,-0.5614,179.036,176.983,170.881,63.2381,2.95924,2.26343,0.695815,192.528,165.544,15.0717,2023,4,2,2023-04,False
2023-04-26,COALINDIA,185.382,185.905,183.77,185.18,3439487,-0.2172,179.697,177.213,171.144,61.9865,2.88234,2.38721,0.495135,193.024,166.37,14.8324,2023,4,2,2023-04,False
2023-04-27,COALINDIA,185.18,187.397,184.696,186.792,3349374,0.8705,180.636,177.49,171.413,64.9729,2.91784,2.49334,0.424507,193.116,168.157,13.8174,2023,4,2,2023-04,False
2023-04-28,COALINDIA,187.397,189.21,186.671,187.88,4771074,0.5825,181.632,177.838,171.69,66.8651,2.9992,2.59451,0.404694,192.983,170.28,12.4992,2023,4,2,2023-04,False
2023-05-02,COALINDIA,187.961,191.386,187.88,190.298,3773537,1.287,182.728,178.21,171.964,70.6585,3.22166,2.71994,0.50172,192.857,172.598,11.0869,2023,5,2,2023-05,False
2023-05-03,COALINDIA,190.258,192.595,189.089,190.943,4523385,0.3388,183.693,178.615,172.227,71.5925,3.41067,2.85809,0.552586,193.021,174.365,10.1557,2023,5,2,2023-05,False
2023-05-04,COALINDIA,190.903,191.83,188.726,191.386,7248108,0.2322,184.652,179.011,172.479,72.2466,3.55525,2.99752,0.557734,192.886,176.418,8.9185,2023,5,2,2023-05,False
2023-05-05,COALINDIA,191.709,191.83,190.218,191.346,3043479,-0.0211,185.347,179.365,172.729,72.084,3.6248,3.12297,0.501823,193.363,177.331,8.6497,2023,5,2,2023-05,False
2023-05-08,COALINDIA,187.397,188.122,185.382,187.679,9711437,-1.9166,185.764,179.612,172.962,59.0655,3.34543,3.16747,0.177962,193.318,178.211,8.1328,2023,5,2,2023-05,False
2023-05-09,COALINDIA,189.25,192.474,188.203,190.5,7318928,1.5031,186.355,179.903,173.215,64.3928,3.31346,3.19666,0.116798,193.41,179.299,7.5723,2023,5,2,2023-05,False
2023-05-10,COALINDIA,190.983,191.225,189.049,190.661,3650159,0.0846,186.939,180.266,173.463,64.6757,3.26352,3.21004,0.0534826,193.325,180.553,6.832,2023,5,2,2023-05,False
2023-05-11,COALINDIA,190.661,191.95,189.976,190.338,2675726,-0.1691,187.443,180.658,173.702,63.5875,3.16148,3.20032,-0.0388479,193.167,181.719,6.1072,2023,5,2,2023-05,False
2023-05-12,COALINDIA,190.338,191.225,188.807,189.452,2348435,-0.4658,187.739,180.982,173.927,60.5696,2.97478,3.15521,-0.180439,193.218,182.261,5.8363,2023,5,2,2023-05,False
2023-05-15,COALINDIA,189.089,193.119,188.485,191.588,4217892,1.1274,188.231,181.315,174.164,64.8925,2.96499,3.11717,-0.152183,193.188,183.273,5.2673,2023,5,2,2023-05,False
2023-05-16,COALINDIA,192.434,194.812,191.386,194.207,6016484,1.3673,188.688,181.702,174.411,69.3331,3.13249,3.12023,0.0122582,194.082,183.294,5.7175,2023,5,2,2023-05,False
2023-05-17,COALINDIA,194.207,196.424,194.046,194.731,4968232,0.2698,189.067,182.124,174.666,70.1464,3.26982,3.15015,0.11967,195.041,183.093,6.3191,2023,5,2,2023-05,False
2023-05-18,COALINDIA,195.054,195.779,192.595,193.119,3512113,-0.8278,189.438,182.461,174.9,64.4801,3.21156,3.16243,0.0491294,195.453,183.423,6.3505,2023,5,2,2023-05,False
2023-05-19,COALINDIA,193.442,194.731,190.459,193.361,3810543,0.1252,189.855,182.735,175.129,64.9376,3.14861,3.15967,-0.0110614,195.735,183.974,6.1946,2023,5,2,2023-05,False
2023-05-22,COALINDIA,192.958,194.409,191.386,192.394,2891415,-0.5002,190.203,182.989,175.35,61.5238,2.98624,3.12498,-0.138739,195.797,184.61,5.8816,2023,5,2,2023-05,False
2023-05-23,COALINDIA,192.595,193.603,190.862,192.877,3213453,0.2514,190.516,183.221,175.575,62.583,2.86359,3.0727,-0.209117,195.965,185.067,5.7205,2023,5,2,2023-05,False
2023-05-24,COALINDIA,192.071,194.651,191.83,194.248,2422138,0.7104,190.949,183.482,175.776,65.4823,2.84416,3.02699,-0.182837,196.118,185.78,5.4135,2023,5,2,2023-05,False
2023-05-25,COALINDIA,194.449,195.215,191.749,193.482,3810138,-0.3942,191.364,183.728,175.968,62.5647,2.73544,2.96868,-0.233243,195.873,186.855,4.7126,2023,5,2,2023-05,False
2023-05-26,COALINDIA,193.28,195.416,192.716,194.651,2646742,0.604,191.757,184.004,176.157,65.1192,2.71232,2.91741,-0.205091,195.947,187.567,4.37,2023,5,2,2023-05,False
2023-05-29,COALINDIA,194.691,199.608,194.086,198.358,8069985,1.9048,192.281,184.412,176.376,71.7137,2.95906,2.92574,0.0333199,197.015,187.547,4.9239,2023,5,2,2023-05,False
2023-05-30,COALINDIA,198.479,199.205,196.101,196.907,4657906,-0.7314,192.611,184.787,176.605,66.4219,3.00292,2.94118,0.0617441,197.674,187.549,5.2566,2023,5,2,2023-05,False
2023-05-31,COALINDIA,199.809,199.809,192.877,194.449,15727646,-1.2485,192.787,185.131,176.818,58.5394,2.80696,2.91433,-0.107376,197.849,187.725,5.2513,2023,5,2,2023-05,False
2023-06-01,COALINDIA,185.704,186.913,184.696,185.664,35509867,-4.5181,192.501,185.284,176.961,40.1854,1.9206,2.71559,-0.794985,198.463,186.538,6.1944,2023,6,2,2023-06,False
2023-06-02,COALINDIA,184.173,188.122,183.85,186.107,36400588,0.2388,192.239,185.433,177.09,41.1874,1.23964,2.4204,-1.18076,198.84,185.637,6.8684,2023,6,2,2023-06,False
2023-06-05,COALINDIA,185.785,186.349,184.938,185.14,19807347,-0.5197,192.112,185.637,177.208,39.6277,0.614838,2.05928,-1.44445,199.165,185.058,7.3428,2023,6,2,2023-06,False
2023-06-06,COALINDIA,185.22,185.905,182.762,183.608,13495524,-0.8272,191.767,185.81,177.307,37.2239,-0.00384919,1.64666,-1.65051,199.762,183.772,8.3385,2023,6,2,2023-06,False
2023-06-07,COALINDIA,184.374,186.591,183.85,185.946,21853324,1.273,191.531,186.08,177.413,42.9155,-0.302071,1.25691,-1.55898,199.932,183.131,8.7718,2023,6,2,2023-06,False
2023-06-08,COALINDIA,186.51,186.51,183.487,183.85,8538256,-1.127,191.207,186.318,177.514,39.4611,-0.699451,0.865639,-1.56509,200.276,182.138,9.486,2023,6,2,2023-06,False
2023-06-09,COALINDIA,184.535,184.938,183.246,183.487,5137982,-0.1973,190.909,186.628,177.612,38.8778,-1.03175,0.486162,-1.51791,200.592,181.225,10.1445,2023,6,2,2023-06,False
2023-06-12,COALINDIA,183.971,184.777,182.681,184.576,4261576,0.593,190.558,186.96,177.733,41.6637,-1.19354,0.150222,-1.34376,200.638,180.479,10.579,2023,6,2,2023-06,False
2023-06-13,COALINDIA,185.382,185.623,183.77,184.535,5574798,-0.0218,190.075,187.283,177.849,41.5881,-1.30991,-0.141804,-1.16811,200.343,179.806,10.8049,2023,6,2,2023-06,False
2023-06-14,COALINDIA,185.301,185.301,183.407,184.535,7034468,0.0,189.565,187.541,177.948,41.5881,-1.38616,-0.390675,-0.995482,199.872,179.257,10.875,2023,6,2,2023-06,False
2023-06-15,COALINDIA,184.737,185.099,183.689,184.253,6363240,-0.1529,189.121,187.782,178.043,40.9843,-1.4526,-0.60306,-0.84954,199.547,178.696,11.0255,2023,6,2,2023-06,False
2023-06-16,COALINDIA,184.173,185.14,183.77,184.213,8518319,-0.0219,188.664,187.917,178.133,40.893,-1.49132,-0.780712,-0.710607,199.109,178.219,11.073,2023,6,2,2023-06,False
2023-06-19,COALINDIA,184.173,184.414,182.641,183.084,8210198,-0.6126,188.199,187.992,178.199,38.3181,-1.59467,-0.943504,-0.651169,198.773,177.624,11.2375,2023,6,2,2023-06,False
2023-06-20,COALINDIA,183.568,183.568,181.754,183.165,5024593,0.044,187.713,188.082,178.263,38.6153,-1.65105,-1.08501,-0.566035,198.275,177.151,11.2531,2023,6,2,2023-06,False
2023-06-21,COALINDIA,183.608,184.414,182.52,184.132,4705567,0.5281,187.207,188.185,178.316,42.215,-1.59924,-1.18786,-0.411385,197.414,177.0,10.9045,2023,6,2,2023-06,False
2023-06-22,COALINDIA,184.092,185.059,182.641,182.923,6566989,-0.6566,186.679,188.238,178.379,39.1264,-1.63688,-1.27766,-0.359215,196.608,176.75,10.6374,2023,6,2,2023-06,False
2023-06-23,COALINDIA,183.044,183.407,181.19,182.077,3881707,-0.4627,186.051,188.209,178.442,37.0811,-1.71522,-1.36517,-0.350048,195.431,176.67,10.0843,2023,6,2,2023-06,False
2023-06-26,COALINDIA,182.158,182.52,179.941,180.787,6145625,-0.7083,185.172,188.19,178.491,34.1517,-1.85993,-1.46413,-0.395804,192.833,177.511,8.2746,2023,6,2,2023-06,False
2023-06-27,COALINDIA,182.44,182.802,180.465,181.472,6282912,0.379,184.4,188.118,178.538,36.9992,-1.89746,-1.55079,-0.346665,189.884,178.916,5.9478,2023,6,2,2023-06,False
2023-06-28,COALINDIA,181.472,183.487,180.666,183.165,19512531,0.9327,183.836,188.038,178.571,43.4999,-1.77021,-1.59468,-0.175535,186.628,181.044,3.0374,2023,6,2,2023-06,False
2023-06-30,COALINDIA,183.689,186.47,182.762,186.188,7850296,1.6502,183.862,188.048,178.629,52.855,-1.40923,-1.55759,0.148358,186.735,180.989,3.1249,2023,6,2,2023-06,False
2023-07-03,COALINDIA,186.591,188.404,185.261,186.711,7860203,0.2814,183.892,188.082,178.684,54.2683,-1.06856,-1.45978,0.391222,186.875,180.91,3.2441,2023,7,3,2023-07,False
2023-07-04,COALINDIA,187.195,187.638,185.623,186.832,3662791,0.0648,183.977,188.11,178.763,54.6066,-0.779828,-1.32379,0.543963,187.196,180.759,3.4989,2023,7,3,2023-07,False
2023-07-05,COALINDIA,186.832,187.679,185.462,186.51,4859892,-0.1726,184.122,188.107,178.841,53.4709,-0.570447,-1.17312,0.602674,187.527,180.717,3.6984,2023,7,3,2023-07,False
2023-07-06,COALINDIA,186.51,190.218,186.188,189.089,7254947,1.3829,184.279,188.178,178.929,60.541,-0.194152,-0.977328,0.783176,188.277,180.282,4.3388,2023,7,3,2023-07,False
2023-07-07,COALINDIA,186.994,190.097,186.752,188.606,6393850,-0.2558,184.517,188.246,179.007,58.7387,0.0643004,-0.769002,0.833302,188.949,180.085,4.8043,2023,7,3,2023-07,False
2023-07-10,COALINDIA,189.412,189.895,187.679,188.404,6223180,-0.1068,184.763,188.278,179.095,57.9645,0.249985,-0.565205,0.81519,189.49,180.035,5.1173,2023,7,3,2023-07,False
2023-07-11,COALINDIA,188.444,190.056,188.203,188.606,10775084,0.1069,184.964,188.293,179.189,58.5528,0.408689,-0.370426,0.779115,189.992,179.937,5.4365,2023,7,3,2023-07,False
2023-07-12,COALINDIA,189.412,191.265,188.323,188.928,11313272,0.1709,185.184,188.265,179.284,59.529,0.554093,-0.185522,0.739615,190.508,179.86,5.7499,2023,7,3,2023-07,False
2023-07-13,COALINDIA,189.412,189.653,184.576,185.301,20205328,-1.9198,185.222,188.153,179.355,46.3146,0.372364,-0.0739449,0.446309,190.538,179.907,5.7394,2023,7,3,2023-07,False
2023-07-14,COALINDIA,185.382,187.074,185.18,186.228,7390502,0.5002,185.321,188.049,179.447,49.4055,0.299681,0.000780198,0.2989,190.634,180.008,5.7337,2023,7,3,2023-07,False
2023-07-17,COALINDIA,186.188,187.517,185.14,185.543,4963515,-0.3679,185.388,187.933,179.551,47.2406,0.184668,0.0375577,0.14711,190.675,180.1,5.7045,2023,7,3,2023-07,False
2023-07-18,COALINDIA,185.14,187.356,183.407,183.971,6168942,-0.8471,185.432,187.859,179.675,42.6257,-0.0329282,0.0234605,-0.0563887,190.653,180.211,5.631,2023,7,3,2023-07,False
2023-07-19,COALINDIA,184.737,185.301,183.931,184.253,5247533,0.1534,185.486,187.734,179.806,43.6891,-0.180528,-0.0173371,-0.16319,190.63,180.343,5.5459,2023,7,3,2023-07,False
2023-07-20,COALINDIA,184.293,185.946,183.568,185.18,3195629,0.5031,185.539,187.625,179.953,47.1545,-0.220169,-0.0579035,-0.162266,190.645,180.432,5.5046,2023,7,3,2023-07,False
2023-07-21,COALINDIA,185.059,185.785,184.213,184.576,3903407,-0.3264,185.621,187.509,180.085,45.2008,-0.29694,-0.105711,-0.191229,190.602,180.641,5.3661,2023,7,3,2023-07,False
2023-07-24,COALINDIA,184.576,186.994,184.213,186.147,3456895,0.8515,185.825,187.443,180.232,50.8971,-0.228327,-0.130234,-0.0980933,190.52,181.13,5.0531,2023,7,3,2023-07,False
2023-07-25,COALINDIA,187.235,187.276,184.455,185.341,11024983,-0.433,186.053,187.318,180.364,48.1338,-0.236267,-0.151441,-0.0848261,190.118,181.987,4.3707,2023,7,3,2023-07,False
2023-07-26,COALINDIA,185.825,186.349,184.495,185.785,7574284,0.2392,186.268,187.15,180.468,49.7497,-0.20443,-0.162039,-0.0423918,189.723,182.814,3.7093,2023,7,3,2023-07,False
2023-07-27,COALINDIA,186.188,186.913,183.89,184.616,7837850,-0.6291,186.341,186.948,180.528,45.7068,-0.270386,-0.183708,-0.0866781,189.575,183.107,3.4712,2023,7,3,2023-07,False
2023-07-28,COALINDIA,185.059,185.341,182.843,183.044,8817344,-0.8514,186.184,186.746,180.595,40.8937,-0.444361,-0.235839,-0.208522,189.739,182.628,3.8189,2023,7,3,2023-07,False
2023-07-31,COALINDIA,184.173,185.341,182.843,184.777,19422170,0.9467,186.087,186.574,180.669,47.4627,-0.437363,-0.276144,-0.16122,189.686,182.487,3.8687,2023,7,3,2023-07,False
2023-08-01,COALINDIA,185.382,194.489,184.535,193.724,22409256,4.8419,186.431,186.601,180.805,67.5278,0.286798,-0.163555,0.450353,191.393,181.47,5.3228,2023,8,3,2023-08,False
2023-08-02,COALINDIA,194.368,195.981,187.235,189.049,25003960,-2.4131,186.558,186.524,180.893,55.5824,0.477971,-0.03525,0.513221,191.657,181.46,5.4655,2023,8,3,2023-08,False
2023-08-03,COALINDIA,189.049,189.492,184.938,185.422,13949266,-1.9186,186.375,186.348,180.953,48.425,0.332969,0.0383939,0.294575,191.352,181.398,5.3412,2023,8,3,2023-08,False
2023-08-04,COALINDIA,187.638,190.621,185.785,188.404,6725977,1.6083,186.365,186.246,181.022,53.7038,0.453466,0.121408,0.332058,191.324,181.406,5.3219,2023,8,3,2023-08,False
2023-08-07,COALINDIA,189.21,190.218,187.235,187.759,6744074,-0.3422,186.333,186.109,181.081,52.4537,0.491269,0.19538,0.295888,191.244,181.421,5.2717,2023,8,3,2023-08,False
2023-08-08,COALINDIA,187.8,189.734,184.817,185.583,13828141,-1.1591,186.181,185.853,181.116,48.362,0.341686,0.224642,0.117044,190.983,181.38,5.1581,2023,8,3,2023-08,False
2023-08-09,COALINDIA,188.001,189.976,185.865,189.21,35271302,1.9544,186.196,185.699,181.182,54.704,0.509933,0.2817,0.228233,191.033,181.358,5.1958,2023,8,3,2023-08,False
2023-08-10,COALINDIA,189.21,190.862,188.968,189.331,10749822,0.0639,186.397,185.597,181.238,54.9027,0.645582,0.354476,0.291106,191.41,181.384,5.3787,2023,8,3,2023-08,False
2023-08-11,COALINDIA,188.606,189.895,188.404,189.331,6132454,0.0,186.552,185.67,181.303,54.9027,0.744503,0.432482,0.312021,191.732,181.372,5.5535,2023,8,3,2023-08,False
2023-08-14,COALINDIA,190.218,190.379,185.946,188.525,6092872,-0.4257,186.701,185.718,181.357,53.1006,0.749224,0.49583,0.253394,191.931,181.472,5.6017,2023,8,3,2023-08,False
2023-08-16,COALINDIA,188.606,189.25,187.074,187.84,4576249,-0.3634,186.895,185.772,181.409,51.5517,0.689733,0.534611,0.155122,191.983,181.807,5.4451,2023,8,3,2023-08,False
2023-08-17,COALINDIA,188.364,188.525,186.268,187.235,5602132,-0.3218,187.044,185.845,181.455,50.1614,0.587042,0.545097,0.0419454,191.979,182.109,5.2766,2023,8,3,2023-08,False
2023-08-18,COALINDIA,187.399,187.768,186.169,186.538,6904019,-0.3723,187.112,185.857,181.485,48.5356,0.444286,0.524935,-0.0806492,191.975,182.248,5.1987,2023,8,3,2023-08,False
2023-08-21,COALINDIA,186.538,189.286,186.169,188.712,4955953,1.1651,187.319,185.954,181.52,53.5861,0.500749,0.520098,-0.0193486,192.079,182.558,5.0825,2023,8,3,2023-08,False
2023-08-22,COALINDIA,188.958,190.311,188.384,189.245,4280368,0.2825,187.474,186.069,181.558,54.7588,0.581804,0.532439,0.0493651,192.275,182.672,5.1219,2023,8,3,2023-08,False
2023-08-23,COALINDIA,189.655,189.86,188.876,189.368,2524601,0.065,187.675,186.165,181.597,55.0411,0.648492,0.555649,0.0928422,192.437,182.913,5.0749,2023,8,3,2023-08,False
2023-08-24,COALINDIA,190.147,190.803,187.399,188.014,6378317,-0.7146,187.786,186.235,181.627,51.2524,0.585401,0.5616,0.0238013,192.466,183.107,4.9839,2023,8,3,2023-08,False
2023-08-25,COALINDIA,187.809,188.712,186.579,186.743,3890957,-0.6761,187.893,186.279,181.652,47.9157,0.427894,0.534859,-0.106964,192.361,183.425,4.7559,2023,8,3,2023-08,False
2023-08-28,COALINDIA,187.399,188.671,186.579,188.178,3360861,0.7685,188.149,186.357,181.671,51.7361,0.414105,0.510708,-0.0966031,191.99,184.308,4.0829,2023,8,3,2023-08,False
2023-08-29,COALINDIA,188.179,188.958,187.604,188.589,3112560,0.2179,188.34,186.445,181.668,52.8015,0.431296,0.494825,-0.0635294,191.84,184.84,3.7162,2023,8,3,2023-08,False
2023-08-30,COALINDIA,188.712,189.245,187.399,187.604,4086281,-0.5219,188.034,186.535,181.669,49.9519,0.361341,0.468129,-0.106787,190.456,185.612,2.5758,2023,8,3,2023-08,False
2023-08-31,COALINDIA,187.809,188.999,187.317,188.671,10403460,0.5683,188.015,186.645,181.677,52.9164,0.387467,0.451996,-0.0645293,190.409,185.621,2.5467,2023,8,3,2023-08,False
2023-09-01,COALINDIA,189.204,194.575,189.163,194.288,14869577,2.9776,188.458,186.848,181.735,64.7609,0.851667,0.531931,0.319737,191.89,185.027,3.6414,2023,9,3,2023-09,False
2023-09-04,COALINDIA,195.806,204.171,195.314,203.228,24785966,4.6011,189.2,187.255,181.838,75.3761,1.91877,0.809298,1.10947,196.642,181.758,7.8668,2023,9,3,2023-09,False
2023-09-05,COALINDIA,204.499,209.871,202.982,209.42,19654487,3.0468,190.283,187.801,181.961,79.894,3.2269,1.29282,1.93408,201.948,178.617,12.2612,2023,9,3,2023-09,False
2023-09-06,COALINDIA,209.912,211.429,207.123,209.789,13346191,0.1762,191.493,188.381,182.096,80.128,4.24445,1.88314,2.3613,205.824,177.162,14.9673,2023,9,3,2023-09,False
2023-09-07,COALINDIA,209.953,225.33,208.969,224.715,72255521,7.1149,193.268,189.246,182.316,86.8133,6.18401,2.74332,3.4407,213.844,172.692,21.2925,2023,9,3,2023-09,False
2023-09-08,COALINDIA,225.207,233.286,222.173,231.358,41855413,2.9562,195.37,190.21,182.57,88.6443,8.16307,3.82727,4.3358,221.958,168.781,27.2187,2023,9,3,2023-09,False
2023-09-11,COALINDIA,232.916,233.081,227.381,228.775,14505153,-1.1166,197.342,191.062,182.813,83.7728,9.4145,4.94471,4.46979,227.637,167.046,30.7037,2023,9,3,2023-09,False
2023-09-12,COALINDIA,229.636,229.677,220.615,222.05,17547706,-2.9396,199.018,191.769,183.016,72.5892,9.75121,5.90601,3.8452,230.927,167.11,32.0659,2023,9,3,2023-09,False
2023-09-13,COALINDIA,222.665,230.866,220.615,229.349,17607568,3.2872,201.093,192.619,183.264,76.2891,10.4862,6.82204,3.66411,235.261,166.926,33.9813,2023,9,3,2023-09,False
2023-09-14,COALINDIA,230.702,231.44,226.93,227.627,12033796,-0.751,203.113,193.441,183.492,73.7592,10.8051,7.61865,3.18643,238.581,167.645,34.9246,2023,9,3,2023-09,False
2023-09-15,COALINDIA,228.406,233.04,227.627,229.062,13288180,0.6305,205.239,194.241,183.733,74.5176,11.0463,8.30418,2.74212,241.611,168.868,35.443,2023,9,3,2023-09,False
2023-09-18,COALINDIA,229.062,231.891,225.084,230.661,8754852,0.6982,207.337,195.082,183.993,75.3717,11.237,8.89074,2.34624,244.524,170.149,35.8716,2023,9,3,2023-09,False
2023-09-20,COALINDIA,229.226,236.197,228.898,233.163,18615797,1.0844,209.533,195.977,184.264,76.6878,11.4579,9.40416,2.0537,247.402,171.663,36.1468,2023,9,3,2023-09,False
2023-09-21,COALINDIA,233.655,235.213,228.488,230.005,11071899,-1.3542,211.564,196.805,184.525,71.4941,11.2485,9.77303,1.47544,249.239,173.89,35.615,2023,9,3,2023-09,False
2023-09-22,COALINDIA,229.636,234.639,228.98,232.383,8691024,1.0341,213.783,197.674,184.796,72.9786,11.146,10.0476,1.09834,250.839,176.727,34.6667,2023,9,3,2023-09,False
2023-09-25,COALINDIA,233.162,237.017,230.579,236.238,9118957,1.6587,216.258,198.693,185.067,75.23,11.2461,10.2873,0.958789,252.307,180.208,33.3394,2023,9,3,2023-09,False
2023-09-26,COALINDIA,236.566,238.985,234.68,235.172,11256196,-0.4513,218.607,199.672,185.332,73.4082,11.1114,10.4521,0.659237,253.041,184.174,31.5024,2023,9,3,2023-09,False
2023-09-27,COALINDIA,236.197,240.626,233.327,239.108,12805340,1.6739,221.133,200.743,185.624,75.744,11.1932,10.6003,0.592857,253.653,188.613,29.4122,2023,9,3,2023-09,False
2023-09-28,COALINDIA,239.108,241.241,237.017,238.001,12432497,-0.463,223.653,201.824,185.907,73.7811,11.0414,10.6886,0.352877,252.877,194.429,26.1335,2023,9,3,2023-09,False
2023-09-29,COALINDIA,240.134,243.988,238.985,242.102,8640829,1.7229,226.325,202.981,186.217,76.2374,11.1238,10.7756,0.34821,251.584,201.066,22.321,2023,9,3,2023-09,False
2023-10-03,COALINDIA,243.619,243.66,237.919,239.396,9348540,-1.1179,228.58,204.065,186.5,71.4778,10.8457,10.7896,0.0560745,249.473,207.688,18.2803,2023,10,4,2023-10,False
2023-10-04,COALINDIA,238.493,239.067,234.475,236.156,6338888,-1.3532,230.226,205.097,186.77,66.154,10.2458,10.6809,-0.435072,247.6,212.852,15.093,2023,10,4,2023-10,False
2023-10-05,COALINDIA,236.853,238.288,232.834,237.304,8687014,0.4862,231.621,206.12,187.043,67.0897,9.75059,10.4948,-0.744209,246.218,217.024,12.6044,2023,10,4,2023-10,False
2023-10-06,COALINDIA,238.616,238.657,235.377,236.033,3741467,-0.5357,232.933,207.134,187.326,64.9489,9.1501,10.2259,-1.07576,243.401,222.465,8.9882,2023,10,4,2023-10,False
2023-10-09,COALINDIA,234.598,236.976,232.137,236.033,4647845,0.0,233.499,208.139,187.622,64.9489,8.57535,9.89576,-1.32041,243.299,223.699,8.3941,2023,10,4,2023-10,False
2023-10-10,COALINDIA,236.402,249.237,236.033,248.704,23283411,5.3683,234.366,209.42,187.972,74.3941,9.03812,9.72423,-0.686112,246.223,222.509,10.1182,2023,10,4,2023-10,False
2023-10-11,COALINDIA,249.77,250.139,245.588,247.556,12321154,-0.4617,235.305,210.711,188.32,72.4879,9.2061,9.6206,-0.414508,248.225,222.386,10.9811,2023,10,4,2023-10,False
2023-10-12,COALINDIA,248.13,253.502,247.597,251.943,15375295,1.7724,236.8,212.054,188.699,75.1122,9.5828,9.61304,-0.0302429,250.171,223.428,11.2935,2023,10,4,2023-10,False
2023-10-13,COALINDIA,250.139,254.937,249.688,252.559,9516879,0.2441,237.96,213.231,189.086,75.4655,9.8178,9.654,0.163806,252.58,223.341,12.2871,2023,10,4,2023-10,False
2023-10-16,COALINDIA,252.477,257.233,251.41,255.88,10535107,1.3151,239.373,214.567,189.52,77.3366,10.155,9.7542,0.400804,255.198,223.548,13.2223,2023,10,4,2023-10,False
2023-10-17,COALINDIA,256.7,261.088,255.962,260.309,7760527,1.7308,240.935,216.065,189.953,79.5733,10.6567,9.93471,0.722042,258.544,223.327,14.6167,2023,10,4,2023-10,False
2023-10-18,COALINDIA,260.268,262.236,258.546,259.94,9662837,-0.1418,242.399,217.496,190.382,78.8747,10.899,10.1276,0.771412,261.237,223.562,15.5424,2023,10,4,2023-10,False
2023-10-19,COALINDIA,258.587,258.915,253.297,258.176,8977527,-0.6784,243.65,218.904,190.795,75.4657,10.8239,10.2668,0.557057,263.213,224.087,16.0581,2023,10,4,2023-10,False
2023-10-20,COALINDIA,256.29,259.735,253.912,256.208,6009115,-0.7624,244.96,220.317,191.204,71.7384,10.4847,10.3104,0.174291,264.182,225.738,15.6939,2023,10,4,2023-10,False
2023-10-23,COALINDIA,256.331,256.577,250.139,251.041,8086150,-2.0167,245.893,221.553,191.574,62.9491,9.68729,10.1858,-0.498488,264.34,227.446,15.0043,2023,10,4,2023-10,False
2023-10-25,COALINDIA,251.041,256.454,250.139,254.486,7253336,1.3721,246.805,222.856,191.962,65.9446,9.22692,9.994,-0.767083,265.046,228.565,14.7813,2023,10,4,2023-10,False
2023-10-26,COALINDIA,253.543,253.543,248.417,250.344,8329092,-1.6275,247.564,224.076,192.332,59.695,8.4307,9.68134,-1.25065,265.012,230.116,14.0959,2023,10,4,2023-10,False
2023-10-27,COALINDIA,250.959,260.104,250.959,257.479,10503070,2.8501,248.483,225.456,192.766,65.722,8.27998,9.40107,-1.12109,265.991,230.974,14.092,2023,10,4,2023-10,False
2023-10-30,COALINDIA,258.341,258.997,255.839,257.971,6229982,0.1911,249.481,226.858,193.197,66.0985,8.1068,9.14222,-1.03542,266.748,232.214,13.8426,2023,10,4,2023-10,False
2023-10-31,COALINDIA,259.776,259.817,254.855,257.725,7446586,-0.0954,250.262,228.268,193.643,65.7099,7.8591,8.88559,-1.02649,267.538,232.987,13.8058,2023,10,4,2023-10,False
2023-11-01,COALINDIA,256.864,258.997,250.836,251.492,9593653,-2.4185,250.867,229.567,194.055,56.6265,7.07825,8.52412,-1.44587,267.37,234.364,13.157,2023,11,4,2023-11,False
2023-11-02,COALINDIA,253.379,256.536,252.025,253.297,7071960,0.7174,251.724,230.859,194.469,58.4184,6.52974,8.12525,-1.5955,266.722,236.726,11.9164,2023,11,4,2023-11,False
2023-11-03,COALINDIA,254.732,258.094,254.486,255.88,4658440,1.0199,252.653,232.192,194.909,60.9086,6.23167,7.74653,-1.51486,266.113,239.193,10.655,2023,11,4,2023-11,False
2023-11-06,COALINDIA,256.864,262.072,256.7,259.612,10340818,1.4583,253.832,233.596,195.366,64.24,6.2248,7.44219,-1.21738,265.117,242.546,8.8922,2023,11,4,2023-11,False
2023-11-07,COALINDIA,259.571,261.457,257.233,257.725,6826885,-0.7266,254.916,234.991,195.808,61.3919,5.99801,7.15335,-1.15534,262.592,247.241,6.0218,2023,11,4,2023-11,False
2023-11-08,COALINDIA,259.161,260.924,257.971,260.309,6424833,1.0024,255.497,236.462,196.269,63.7616,5.95805,6.91429,-0.95624,262.946,248.048,5.831,2023,11,4,2023-11,False
2023-11-09,COALINDIA,261.17,266.132,258.915,265.353,15503280,1.9376,256.387,238.005,196.757,67.9036,6.2612,6.78367,-0.522474,264.089,248.684,6.0085,2023,11,4,2023-11,False
2023-11-10,COALINDIA,266.091,267.485,263.712,265.23,8445203,-0.0463,257.051,239.538,197.23,67.7004,6.41754,6.71045,-0.292903,265.404,248.698,6.4993,2023,11,4,2023-11,False
2023-11-13,COALINDIA,273.103,287.045,270.888,286.512,42178783,8.0241,258.749,241.516,197.782,79.2641,8.16464,7.00129,1.16335,274.115,243.382,11.8774,2023,11,4,2023-11,False
2023-11-15,COALINDIA,294.426,294.426,285.897,287.537,35092206,0.3578,260.331,243.494,198.327,79.6422,9.52218,7.50546,2.01672,280.289,240.373,15.3328,2023,11,4,2023-11,False
2023-11-16,COALINDIA,289.505,290.736,282.821,283.6,17617280,-1.3691,261.496,245.28,198.84,74.058,10.1632,8.03702,2.12621,284.004,238.988,17.2146,2023,11,4,2023-11,False
2023-11-17,COALINDIA,285.405,285.856,280.73,283.149,13542916,-0.159,262.656,246.878,199.36,73.4228,10.5137,8.53235,1.98133,287.134,238.179,18.6381,2023,11,4,2023-11,False
2023-11-20,COALINDIA,285.405,289.013,282.083,285.2,19032608,0.7241,264.008,248.394,199.896,74.4938,10.832,8.99228,1.83971,290.355,237.66,19.9599,2023,11,4,2023-11,False
2023-11-21,COALINDIA,287.344,290.346,282.069,286.658,15148068,0.5113,265.53,249.931,200.455,75.2574,11.0743,9.40867,1.66559,293.452,237.608,21.0313,2023,11,4,2023-11,False
2023-11-22,COALINDIA,288.03,289.831,283.055,284.899,7599447,-0.6134,267.223,251.135,200.991,72.4408,10.9976,9.72646,1.27114,295.549,238.897,21.2004,2023,11,4,2023-11,False
2023-11-23,COALINDIA,285.2,288.245,283.055,286.872,6186567,0.6925,268.842,252.245,201.541,73.6331,10.9696,9.97508,0.994498,297.798,239.886,21.5414,2023,11,4,2023-11,False
2023-11-24,COALINDIA,287.644,289.446,284.857,285.457,7054445,-0.4934,270.598,253.379,202.1,71.2515,10.7097,10.122,0.58771,299.086,242.11,21.0555,2023,11,4,2023-11,False
2023-11-28,COALINDIA,287.172,293.777,285.886,293.305,10791886,2.7494,272.389,254.804,202.71,75.9055,11.0102,10.2996,0.710518,301.891,242.887,21.6617,2023,11,4,2023-11,False
2023-11-29,COALINDIA,294.206,295.922,290.003,293.648,14149513,0.117,274.173,256.09,203.317,76.0877,11.1474,10.4692,0.678244,304.312,244.034,21.9854,2023,11,4,2023-11,False
2023-11-30,COALINDIA,295.922,295.922,289.96,293.477,11959336,-0.0584,275.961,257.407,203.921,75.7791,11.1143,10.5982,0.516067,306.233,245.689,21.9394,2023,11,4,2023-11,False
2023-12-01,COALINDIA,294.892,301.154,293.734,297.337,15105221,1.3152,278.253,258.773,204.543,77.9466,11.2695,10.7325,0.537065,307.654,248.852,21.1328,2023,12,4,2023-12,False
2023-12-04,COALINDIA,301.154,308.788,300.768,304.242,22705896,2.3222,280.8,260.244,205.196,81.1896,11.8136,10.9487,0.864879,309.924,251.676,20.7433,2023,12,4,2023-12,False
2023-12-05,COALINDIA,305.099,305.743,300.21,304.971,15782945,0.2396,283.255,261.68,205.856,81.4989,12.1634,11.1916,0.971718,311.804,254.705,20.1582,2023,12,4,2023-12,False
2023-12-06,COALINDIA,305.185,310.932,299.738,302.054,14817158,-0.9563,285.377,263.121,206.514,76.1071,12.0661,11.3665,0.699599,312.815,257.939,19.2292,2023,12,4,2023-12,False
2023-12-07,COALINDIA,303.47,303.47,298.838,301.883,8507659,-0.0568,287.585,264.511,207.165,75.7895,11.8388,11.461,0.377794,312.659,262.511,17.4376,2023,12,4,2023-12,False
2023-12-08,COALINDIA,301.926,307.415,297.551,301.068,13444251,-0.2699,289.623,265.808,207.817,74.2051,11.4607,11.4609,-0.000205019,311.823,267.422,15.3306,2023,12,4,2023-12,False
2023-12-11,COALINDIA,301.068,307.587,301.068,303.341,11420609,0.755,291.522,267.171,208.476,75.7292,11.2153,11.4118,-0.196544,311.353,271.691,13.6054,2023,12,4,2023-12,False
2023-12-12,COALINDIA,303.77,304.156,296.05,298.066,8789103,-1.739,293.164,268.35,209.098,65.9854,10.4743,11.2243,-0.749987,308.83,277.498,10.6873,2023,12,4,2023-12,False
2023-12-13,COALINDIA,299.696,300.039,294.806,296.093,8091533,-0.6619,293.643,269.512,209.702,62.7345,9.61706,10.9029,-1.28579,309.036,278.25,10.484,2023,12,4,2023-12,False
2023-12-14,COALINDIA,299.524,301.24,296.608,298.152,13142466,0.6953,294.174,270.633,210.313,64.6894,9.00005,10.5223,-1.52224,309.411,278.936,10.3596,2023,12,4,2023-12,False
2023-12-15,COALINDIA,300.21,303.941,298.881,300.21,14331890,0.6905,295.004,271.85,210.951,66.5776,8.57829,10.1335,-1.5552,309.613,280.395,9.9041,2023,12,4,2023-12,False
2023-12-18,COALINDIA,301.068,301.282,293.606,298.195,7959685,-0.6714,295.756,273.09,211.588,63.0238,7.9893,9.70465,-1.71536,309.306,282.207,9.1626,2023,12,4,2023-12,False
2023-12-19,COALINDIA,297.208,317.151,297.208,314.749,28937243,5.5516,297.234,274.639,212.296,74.8821,8.75737,9.5152,-0.757826,312.296,282.171,10.1351,2023,12,4,2023-12,False
2023-12-20,COALINDIA,316.507,318.909,300.21,302.054,23224408,-4.0332,298.004,275.96,212.932,59.2027,8.24666,9.26149,-1.01483,312.347,283.66,9.6262,2023,12,4,2023-12,False
2023-12-21,COALINDIA,301.154,306.043,296.865,304.928,10028664,0.9513,299.005,277.338,213.582,61.1839,7.98178,9.00555,-1.02377,312.251,285.759,8.8598,2023,12,4,2023-12,False
2023-12-22,COALINDIA,307.93,315.135,305.7,311.575,13916380,2.18,300.24,278.595,214.272,65.3733,8.21357,8.84715,-0.633579,313.328,287.152,8.7184,2023,12,4,2023-12,False
2023-12-26,COALINDIA,312.047,318.909,310.932,313.977,11910267,0.7708,301.666,279.923,214.96,66.7688,8.49316,8.77635,-0.283192,314.174,289.158,8.2927,2023,12,4,2023-12,False
2023-12-27,COALINDIA,314.792,316.679,310.846,313.591,7890042,-0.1229,302.681,281.156,215.63,66.3063,8.58463,8.73801,-0.153375,315.617,289.744,8.5476,2023,12,4,2023-12,False
2023-12-28,COALINDIA,314.62,328.087,313.763,326.757,28310022,4.1986,304.336,282.64,216.365,73.1408,9.60878,8.91216,0.696616,320.481,288.191,10.6101,2023,12,4,2023-12,False
2023-12-29,COALINDIA,327.229,327.401,321.01,322.512,8859317,-1.2994,305.788,283.973,217.072,68.3276,9.96297,9.12233,0.840646,323.007,288.568,11.2625,2023,12,4,2023-12,False
2024-01-01,COALINDIA,324.055,331.775,323.755,327.486,11124690,1.5426,307.295,285.317,217.803,70.756,10.5238,9.40262,1.12117,326.558,288.033,12.5367,2024,1,1,2024-01,False
2024-01-02,COALINDIA,332.29,339.538,329.588,336.793,28363847,2.8418,308.923,286.854,218.581,74.6687,11.5857,9.83923,1.74643,332.184,285.661,15.0598,2024,1,1,2024-01,False
2024-01-03,COALINDIA,338.637,338.637,329.245,329.845,12903439,-2.0629,310.166,288.287,219.326,67.4168,11.7313,10.2176,1.51368,335.136,285.197,16.1005,2024,1,1,2024-01,False
2024-01-04,COALINDIA,332.633,334.348,329.288,330.017,11039940,0.052,311.565,289.763,220.086,67.5007,11.7255,10.5192,1.20625,337.724,285.405,16.7925,2024,1,1,2024-01,False
2024-01-05,COALINDIA,331.775,333.233,328.087,329.588,8369460,-0.13,312.95,291.334,220.843,67.0358,11.553,10.726,0.827054,339.874,286.026,17.2066,2024,1,1,2024-01,False
2024-01-08,COALINDIA,331.475,333.362,325.299,326.286,9424716,-1.002,314.211,292.77,221.588,63.4141,11.0228,10.7853,0.237492,341.154,287.268,17.1497,2024,1,1,2024-01,False
2024-01-09,COALINDIA,329.073,332.762,327.744,330.531,9473743,1.3013,315.57,294.374,222.351,65.9605,10.8205,10.7924,0.0281483,342.945,288.196,17.3491,2024,1,1,2024-01,False
2024-01-10,COALINDIA,330.96,330.96,322.383,327.701,9670366,-0.8564,317.052,295.778,223.096,62.8214,10.3129,10.6965,-0.383574,343.634,290.47,16.7679,2024,1,1,2024-01,False
2024-01-11,COALINDIA,330.66,333.576,328.773,329.674,9163771,0.602,318.731,297.212,223.87,64.1036,9.95506,10.5482,-0.593142,343.945,293.517,15.8218,2024,1,1,2024-01,False
2024-01-12,COALINDIA,330.917,330.917,325.557,326.886,7471050,-0.8456,320.168,298.595,224.63,60.9071,9.33887,10.3063,-0.967469,343.661,296.675,14.6754,2024,1,1,2024-01,False
2024-01-15,COALINDIA,328.087,332.719,327.143,329.931,7490747,0.9315,321.654,300.164,225.417,63.0731,8.99257,10.0436,-1.05101,343.536,299.772,13.6061,2024,1,1,2024-01,False
2024-01-16,COALINDIA,330.574,331.904,323.412,327.572,10165133,-0.7149,323.123,301.65,226.195,60.2865,8.43061,9.72099,-1.29038,342.13,304.116,11.7645,2024,1,1,2024-01,False
2024-01-17,COALINDIA,327.486,330.531,323.541,325.642,10996538,-0.5892,323.667,303.045,226.983,58.0276,7.7403,9.32485,-1.58455,342.284,305.05,11.5037,2024,1,1,2024-01,False
2024-01-18,COALINDIA,326.629,328.13,315.65,322.211,12493835,-1.0536,324.675,304.297,227.755,54.1434,6.83756,8.82739,-1.98984,340.309,309.041,9.6304,2024,1,1,2024-01,False
2024-01-19,COALINDIA,326.5,330.145,325.171,328.73,15893456,2.0232,325.865,305.717,228.556,59.6674,6.57238,8.37639,-1.80401,338.507,313.223,7.7589,2024,1,1,2024-01,False
2024-01-23,COALINDIA,346.1,347.215,320.496,321.911,16406737,-2.0744,326.382,306.949,229.308,52.5378,5.74575,7.85026,-2.10451,337.291,315.474,6.6844,2024,1,1,2024-01,False
2024-01-24,COALINDIA,325.771,332.633,321.011,328.173,22938994,1.9451,327.092,308.206,230.088,57.5533,5.53212,7.38663,-1.85451,336.32,317.864,5.6423,2024,1,1,2024-01,False
2024-01-25,COALINDIA,331.775,335.978,330.531,334.005,13440949,1.7773,328.113,309.581,230.87,61.6217,5.76699,7.0627,-1.29572,335.355,320.87,4.4146,2024,1,1,2024-01,False
2024-01-29,COALINDIA,337.007,355.706,335.807,354.077,27149058,6.0093,329.479,310.932,231.744,71.6806,7.4864,7.14744,0.338958,343.122,315.836,8.2815,2024,1,1,2024-01,False
2024-01-30,COALINDIA,356.607,356.65,344.47,345.285,14159072,-2.4831,330.617,312.087,232.577,63.7932,8.04686,7.32733,0.71953,345.552,315.682,9.0345,2024,1,1,2024-01,False
2024-01-31,COALINDIA,347.429,350.946,343.44,348.372,23750822,0.8943,331.662,313.383,233.424,65.2399,8.64058,7.58998,1.05061,348.477,314.846,10.1402,2024,1,1,2024-01,False
2024-02-01,COALINDIA,350.645,353.304,345.242,348.844,8862155,0.1354,332.264,314.697,234.267,65.4669,9.04492,7.88097,1.16395,350.645,313.883,11.0638,2024,2,1,2024-02,False
2024-02-02,COALINDIA,352.361,362.74,351.375,360.081,25177075,3.2211,333.776,316.194,235.15,70.422,10.155,8.33577,1.81922,355.909,311.642,13.2625,2024,2,1,2024-02,False
2024-02-05,COALINDIA,363.04,385.985,357.765,377.622,31418925,4.8714,336.156,318.014,236.129,76.1702,12.3082,9.13026,3.17798,365.614,306.698,17.5265,2024,2,1,2024-02,False
2024-02-06,COALINDIA,381.524,386.842,375.048,384.827,13386526,1.908,338.918,320.012,237.128,78.0567,14.4298,10.1902,4.2396,375.322,302.514,21.4827,2024,2,1,2024-02,False
2024-02-07,COALINDIA,389.416,395.034,384.098,388.258,14430152,0.8916,342.017,322.04,238.133,78.9127,16.2012,11.3924,4.80881,384.014,300.019,24.5586,2024,2,1,2024-02,False
2024-02-08,COALINDIA,390.102,401.939,385.985,393.876,18790158,1.4471,345.184,324.208,239.174,80.2701,17.8526,12.6844,5.16818,392.723,297.645,27.5441,2024,2,1,2024-02,False
2024-02-09,COALINDIA,396.449,397.821,373.676,391.303,17472069,-0.6533,348.364,326.168,240.206,77.8,18.7377,13.8951,4.84263,399.362,297.366,29.2785,2024,2,1,2024-02,False
2024-02-12,COALINDIA,391.989,392.375,368.873,371.231,19472346,-5.1293,350.442,327.72,241.135,61.82,17.6165,14.6394,2.97716,401.62,299.264,29.2075,2024,2,1,2024-02,False
2024-02-13,COALINDIA,380.667,392.718,372.261,388.0,35665854,4.5171,353.498,329.61,242.142,67.7753,17.875,15.2865,2.58853,406.033,300.962,29.7234,2024,2,1,2024-02,False
2024-02-14,COALINDIA,387.4,401.424,379.98,400.009,18592696,3.095,357.001,331.664,243.214,71.2354,18.8318,15.9955,2.83624,412.199,301.803,30.9231,2024,2,1,2024-02,False
2024-02-15,COALINDIA,402.282,412.789,401.038,409.015,18501875,2.2515,361.074,333.759,244.333,73.5309,20.0852,16.8135,3.27175,419.075,303.072,32.1275,2024,2,1,2024-02,False
2024-02-16,COALINDIA,413.775,418.236,409.573,411.717,14513583,0.6606,365.377,335.894,245.457,74.1962,21.0539,17.6616,3.39235,425.059,305.696,32.6685,2024,2,1,2024-02,False
2024-02-19,COALINDIA,414.119,418.107,390.659,395.42,19798448,-3.9583,369.038,337.761,246.495,63.7825,20.2729,18.1838,2.08905,426.511,311.564,31.1478,2024,2,1,2024-02,False
2024-02-20,COALINDIA,397.329,397.329,382.622,387.394,27899165,-2.0296,371.971,339.472,247.481,59.3638,18.7897,18.305,0.484701,426.706,317.236,29.4296,2024,2,1,2024-02,False
2024-02-21,COALINDIA,391.255,391.255,373.946,375.638,19032050,-3.0347,374.657,340.963,248.404,53.5152,16.4757,17.9392,-1.46342,424.061,325.253,26.3729,2024,2,1,2024-02,False
2024-02-22,COALINDIA,380.019,388.696,371.3,386.223,22083710,2.8179,377.56,342.621,249.378,57.5686,15.3194,17.4152,-2.09579,422.041,333.079,23.5622,2024,2,1,2024-02,False
2024-02-23,COALINDIA,388.696,390.084,383.186,385.138,9625544,-0.2808,380.116,344.362,250.347,57.02,14.1524,16.7626,-2.61027,419.661,340.572,20.8063,2024,2,1,2024-02,False
2024-02-26,COALINDIA,385.138,388.045,382.232,383.75,7570244,-0.3605,381.6,346.115,251.328,56.2807,12.966,16.0033,-3.03731,419.21,343.99,19.7116,2024,2,1,2024-02,False
2024-02-27,COALINDIA,383.75,386.353,377.46,382.969,8343526,-0.2035,383.484,347.812,252.29,55.8421,11.8265,15.1679,-3.34148,416.985,349.984,17.4718,2024,2,1,2024-02,False
2024-02-28,COALINDIA,382.015,384.227,373.382,376.722,8893614,-1.6312,384.902,349.342,253.22,52.3286,10.3006,14.1945,-3.89391,414.294,355.509,15.2727,2024,2,1,2024-02,False
2024-02-29,COALINDIA,385.225,385.225,372.775,378.892,11711699,0.5758,386.404,350.956,254.163,53.4244,9.16069,13.1877,-4.02702,410.659,362.149,12.5542,2024,2,1,2024-02,False
2024-03-01,COALINDIA,380.019,389.39,380.019,387.264,8411615,2.2097,387.763,352.406,255.152,57.4866,8.83113,12.3164,-3.48526,408.615,366.911,10.755,2024,3,1,2024-03,False
2024-03-04,COALINDIA,392.036,397.372,388.739,395.116,11977226,2.0276,388.638,354.267,256.17,60.9283,9.09866,11.6728,-2.57419,409.164,368.112,10.563,2024,3,1,2024-03,False
2024-03-05,COALINDIA,395.637,400.626,393.511,399.671,9605493,1.1528,389.38,356.162,257.197,62.8093,9.56795,11.2519,-1.68392,410.394,368.367,10.7932,2024,3,1,2024-03,False
2024-03-06,COALINDIA,401.233,403.402,385.702,400.495,14061966,0.2062,389.992,357.941,258.226,63.155,9.89233,10.98,-1.08763,411.573,368.411,11.0673,2024,3,1,2024-03,False
2024-03-07,COALINDIA,400.495,403.792,395.68,397.892,9680802,-0.6499,390.193,359.619,259.25,61.22,9.82611,10.7492,-0.923081,411.999,368.387,11.1773,2024,3,1,2024-03,False
2024-03-11,COALINDIA,399.975,401.58,392.513,393.815,7824738,-1.0248,390.319,361.223,260.252,58.2108,9.33696,10.4667,-1.12979,412.181,368.456,11.2023,2024,3,1,2024-03,False
2024-03-12,COALINDIA,393.815,395.463,387.568,389.824,8409613,-1.0135,391.248,362.485,261.239,55.3435,8.52893,10.0792,-1.55025,411.19,371.307,10.1939,2024,3,1,2024-03,False
2024-03-13,COALINDIA,389.824,390.344,355.726,361.843,17803423,-7.1778,389.94,363.271,262.084,40.3411,5.56657,9.17666,-3.61009,413.821,366.06,12.2484,2024,3,1,2024-03,False
2024-03-14,COALINDIA,363.535,372.081,357.635,371.083,20478918,2.5537,388.494,364.143,262.968,45.5868,3.91931,8.12519,-4.20588,413.293,363.695,12.7669,2024,3,1,2024-03,False
2024-03-15,COALINDIA,371.083,371.387,348.091,360.281,25435001,-2.9109,386.057,364.613,263.802,41.0434,1.72236,6.84462,-5.12226,411.921,360.194,13.3988,2024,3,1,2024-03,False
2024-03-18,COALINDIA,360.932,367.439,358.806,366.007,9803914,1.5894,383.772,365.336,264.659,44.2174,0.438282,5.56335,-5.12507,408.122,359.421,12.6901,2024,3,1,2024-03,False
2024-03-19,COALINDIA,361.799,368.393,359.196,363.578,8373676,-0.6637,382.18,366.007,265.485,43.1559,-0.766553,4.29737,-5.06393,407.469,356.89,13.2344,2024,3,1,2024-03,False
2024-03-20,COALINDIA,364.229,366.832,358.069,363.968,6950340,0.1074,381.009,366.695,266.32,43.3911,-1.67063,3.10377,-4.7744,407.426,354.591,13.8672,2024,3,1,2024-03,False
2024-03-21,COALINDIA,367.873,376.158,367.135,374.857,9911230,2.9916,380.969,367.666,267.222,49.6483,-1.4913,2.18476,-3.67606,407.423,354.516,13.8873,2024,3,1,2024-03,False
2024-03-22,COALINDIA,373.859,378.458,371.604,374.77,9172888,-0.0231,380.397,368.551,268.168,49.6013,-1.34072,1.47966,-2.82039,406.867,353.927,13.9172,2024,3,1,2024-03,False
2024-03-26,COALINDIA,376.375,382.579,373.859,378.241,9389403,0.926,380.052,369.562,269.129,51.5778,-0.930626,0.997604,-1.92823,406.442,353.662,13.8874,2024,3,1,2024-03,False
2024-03-27,COALINDIA,381.581,381.581,369.651,372.601,17985246,-1.491,379.495,370.421,270.066,48.2652,-1.0486,0.588363,-1.63696,406.026,352.963,13.9825,2024,3,1,2024-03,False
2024-03-28,COALINDIA,373.078,380.41,373.078,376.636,10332853,1.0828,379.178,371.416,271.031,50.7044,-0.807242,0.309242,-1.11648,405.686,352.67,13.9818,2024,3,1,2024-03,False
2024-04-01,COALINDIA,378.892,385.052,377.243,383.533,7256592,1.8314,379.518,372.488,272.019,54.6418,-0.0587077,0.235652,-0.29436,406.069,352.968,13.9915,2024,4,2,2024-04,False
2024-04-02,COALINDIA,383.533,388.956,378.328,384.531,11530800,0.2602,379.8,373.627,273.022,55.1992,0.608016,0.310125,0.297891,406.442,353.159,14.0293,2024,4,2,2024-04,False
2024-04-03,COALINDIA,384.531,387.828,382.536,386.527,6972648,0.5189,379.763,374.845,274.038,56.3545,1.28263,0.504627,0.778007,406.364,353.163,14.0089,2024,4,2,2024-04,False
2024-04-04,COALINDIA,390.431,393.468,383.967,389.433,14743020,0.752,379.479,376.189,275.062,58.0513,2.02843,0.809387,1.21904,405.504,353.454,13.7161,2024,4,2,2024-04,False
2024-04-05,COALINDIA,389.346,389.433,385.225,387.785,4820138,-0.4233,378.885,377.37,276.078,56.7048,2.45812,1.13913,1.31898,403.472,354.298,12.9784,2024,4,2,2024-04,False
2024-04-08,COALINDIA,389.563,390.821,385.702,388.175,3980972,0.1007,378.269,378.695,277.096,56.9594,2.7979,1.47089,1.32701,401.133,355.405,12.0886,2024,4,2,2024-04,False
2024-04-09,COALINDIA,389.303,390.691,379.369,381.625,8005012,-1.6875,377.456,379.764,278.083,51.488,2.50967,1.67864,0.831031,398.462,356.449,11.1305,2024,4,2,2024-04,False
2024-04-10,COALINDIA,383.967,397.892,383.577,395.94,15825331,3.7513,377.562,381.003,279.142,60.4332,3.39726,2.02237,1.37489,398.935,356.189,11.3217,2024,4,2,2024-04,False
2024-04-12,COALINDIA,394.769,402.1,392.643,395.29,11259294,-0.1643,377.835,381.827,280.203,59.8926,4.00203,2.4183,1.58373,399.994,355.676,11.7293,2024,4,2,2024-04,False
2024-04-15,COALINDIA,389.52,395.463,382.709,391.299,7680715,-1.0096,379.308,382.748,281.243,56.5513,4.11188,2.75702,1.35487,400.899,357.716,11.3847,2024,4,2,2024-04,False
2024-04-16,COALINDIA,389.563,395.984,387.264,393.207,4996845,0.4878,380.414,383.644,282.289,57.7649,4.30335,3.06628,1.23707,402.493,358.335,11.6077,2024,4,2,2024-04,False
2024-04-18,COALINDIA,394.726,396.331,377.547,380.54,10945138,-3.2215,381.427,384.278,283.277,48.1525,3.39383,3.13179,0.262034,401.372,361.482,10.4583,2024,4,2,2024-04,False
2024-04-19,COALINDIA,378.284,380.54,371.387,377.677,7628287,-0.7524,382.011,384.63,284.255,46.278,2.41415,2.98826,-0.57411,400.7,363.321,9.7847,2024,4,2,2024-04,False
2024-04-22,COALINDIA,382.536,385.659,380.019,384.314,6396926,1.7574,383.047,384.764,285.273,51.0365,2.14857,2.82033,-0.671754,399.611,366.484,8.6483,2024,4,2,2024-04,False
2024-04-23,COALINDIA,386.743,386.743,381.104,382.579,5390120,-0.4515,383.978,384.719,286.278,49.7947,1.77758,2.61178,-0.834197,397.91,370.045,7.2569,2024,4,2,2024-04,False
2024-04-24,COALINDIA,383.099,389.303,382.752,385.095,6538090,0.6577,384.49,384.656,287.288,51.6324,1.66737,2.4229,-0.755522,397.747,371.232,6.8961,2024,4,2,2024-04,False
2024-04-25,COALINDIA,384.358,393.901,383.273,392.557,10858594,1.9376,385.379,384.629,288.32,56.6948,2.15726,2.36977,-0.212513,398.273,372.486,6.6913,2024,4,2,2024-04,False
2024-04-26,COALINDIA,393.901,399.498,392.34,395.463,7209435,0.7404,386.24,384.713,289.363,58.5162,2.74834,2.44548,0.302858,399.424,373.057,6.8265,2024,4,2,2024-04,False
2024-04-29,COALINDIA,397.979,397.979,390.908,393.251,5305655,-0.5595,387.273,385.153,290.395,56.5659,3.00363,2.55711,0.446517,399.126,375.42,6.1213,2024,4,2,2024-04,False
2024-04-30,COALINDIA,395.984,397.719,392.21,394.162,6021793,0.2317,388.149,385.276,291.434,57.1985,3.24209,2.69411,0.547982,399.259,377.039,5.7246,2024,4,2,2024-04,False
2024-05-02,COALINDIA,396.982,398.717,389.91,393.815,14980896,-0.088,388.663,385.152,292.457,56.8588,3.36429,2.82814,0.536145,399.825,377.501,5.7438,2024,5,2,2024-05,False
2024-05-03,COALINDIA,397.285,412.816,389.91,411.774,51071947,4.5605,390.025,385.208,293.573,67.5879,4.85438,3.23339,1.62099,405.046,375.004,7.7026,2024,5,2,2024-05,False
2024-05-06,COALINDIA,415.592,417.718,385.269,399.628,36408390,-2.9498,390.68,384.966,294.629,57.2226,4.99753,3.58622,1.41132,406.194,375.167,7.9417,2024,5,2,2024-05,False
2024-05-07,COALINDIA,401.71,407.35,392.904,395.637,13728379,-0.9987,390.991,384.97,295.664,54.2772,4.73436,3.81585,0.918517,406.646,375.335,8.0082,2024,5,2,2024-05,False
2024-05-08,COALINDIA,396.244,408.998,394.856,402.968,16978094,1.8531,391.75,385.282,296.735,58.5027,5.05907,4.06449,0.994577,408.203,375.296,8.3999,2024,5,2,2024-05,False
2024-05-09,COALINDIA,403.749,405.788,382.926,384.791,15601338,-4.5107,391.581,385.465,297.732,46.9241,3.80582,4.01276,-0.206938,408.257,374.904,8.5174,2024,5,2,2024-05,False
2024-05-10,COALINDIA,388.002,391.429,381.972,389.91,9190621,1.3303,391.995,385.538,298.751,49.9296,3.18891,3.84799,-0.659079,408.029,375.961,8.1808,2024,5,2,2024-05,False
2024-05-13,COALINDIA,391.515,391.993,377.156,385.225,11107909,-1.2016,391.459,385.54,299.749,47.2902,2.29549,3.53749,-1.242,407.653,375.265,8.2738,2024,5,2,2024-05,False
2024-05-14,COALINDIA,387.568,390.995,386.18,389.303,6592194,1.0586,391.16,385.651,300.776,49.7787,1.89466,3.20892,-1.31427,407.277,375.042,8.2408,2024,5,2,2024-05,False
2024-05-15,COALINDIA,390.431,407.783,389.997,405.918,23543942,4.2679,391.891,386.11,301.884,58.3969,2.88444,3.14402,-0.25959,409.308,374.473,8.8889,2024,5,2,2024-05,False
2024-05-16,COALINDIA,406.612,412.122,397.242,406.308,17232651,0.0962,392.546,386.702,302.99,58.5768,3.65818,3.24685,0.41132,411.119,373.973,9.4629,2024,5,2,2024-05,False
2024-05-17,COALINDIA,406.959,410.994,405.007,408.0,10625019,0.4164,393.919,387.284,304.107,59.3961,4.35765,3.46901,0.888639,412.812,375.025,9.5925,2024,5,2,2024-05,False
2024-05-21,COALINDIA,407.523,428.52,407.523,425.7,27356982,4.3381,396.32,388.053,305.304,66.7954,6.26795,4.0288,2.23915,418.451,374.189,11.1683,2024,5,2,2024-05,False
2024-05-22,COALINDIA,429.04,440.189,426.524,435.287,28346931,2.2521,398.869,388.856,306.554,69.9859,8.45798,4.91464,3.54335,426.287,371.45,13.748,2024,5,2,2024-05,False
2024-05-23,COALINDIA,436.762,437.109,426.958,431.47,14378840,-0.877,401.313,389.492,307.783,67.2164,9.7729,5.88629,3.88661,431.221,371.405,14.9051,2024,5,2,2024-05,False
2024-05-24,COALINDIA,430.298,438.497,424.398,434.68,12190536,0.744,403.792,390.176,309.033,68.3506,10.9478,6.8986,4.04922,436.159,371.425,16.0315,2024,5,2,2024-05,False
2024-05-27,COALINDIA,436.372,436.415,425.787,428.997,8811105,-1.3074,405.614,390.798,310.263,64.1213,11.2902,7.77693,3.51332,439.39,371.839,16.6542,2024,5,2,2024-05,False
2024-05-28,COALINDIA,430.342,430.515,420.017,423.097,8165238,-1.3753,406.996,391.384,311.454,59.9724,10.9592,8.41338,2.54583,441.28,372.712,16.8475,2024,5,2,2024-05,False
2024-05-29,COALINDIA,418.282,426.784,418.282,422.056,8014727,-0.2461,408.436,392.028,312.596,59.2439,10.4919,8.82909,1.66283,442.71,374.163,16.7827,2024,5,2,2024-05,False
2024-05-30,COALINDIA,421.665,423.357,416.026,418.325,7725080,-0.884,409.644,393.158,313.742,56.5911,9.70862,9.005,0.703623,443.5,375.789,16.5292,2024,5,2,2024-05,False
2024-05-31,COALINDIA,420.277,427.826,415.592,426.177,11223848,1.877,411.263,394.26,314.946,60.5907,9.61066,9.12613,0.484531,445.026,377.499,16.4194,2024,5,2,2024-05,False
2024-06-03,COALINDIA,446.826,457.585,438.627,444.527,24416215,4.3058,412.9,395.945,316.227,68.0092,10.8882,9.47855,1.40967,449.8,376.001,17.8733,2024,6,2,2024-06,False
2024-06-04,COALINDIA,444.527,444.571,356.42,383.403,48046493,-13.7504,412.089,396.293,317.205,40.5962,6.88908,8.96065,-2.07158,450.882,373.296,18.8274,2024,6,2,2024-06,False
2024-06-05,COALINDIA,392.166,401.58,368.827,399.584,18966089,4.2204,412.286,397.013,318.275,46.7189,4.96815,8.16215,-3.19401,450.766,373.807,18.6663,2024,6,2,2024-06,False
2024-06-06,COALINDIA,407.783,420.277,403.142,410.343,21757857,2.6924,412.655,397.94,319.381,50.3808,4.26476,7.38267,-3.11791,450.899,374.411,18.5356,2024,6,2,2024-06,False
2024-06-07,COALINDIA,410.386,417.588,405.701,415.722,8317343,1.3109,414.202,398.758,320.513,52.1516,4.09418,6.72498,-2.63079,450.133,378.27,17.3497,2024,6,2,2024-06,False
2024-06-10,COALINDIA,420.798,423.401,412.555,414.464,10958537,-0.3026,415.429,399.551,321.638,51.687,3.81353,6.14269,-2.32915,449.496,381.363,16.4005,2024,6,2,2024-06,False
2024-06-11,COALINDIA,418.195,419.496,412.295,413.293,11169021,-0.2826,416.833,400.252,322.762,51.2294,3.45675,5.6055,-2.14875,447.835,385.831,14.8749,2024,6,2,2024-06,False
2024-06-12,COALINDIA,417.327,428.867,415.896,424.008,15412796,2.5926,418.568,401.281,323.943,55.1417,3.9926,5.28292,-1.29032,446.847,390.289,13.5124,2024,6,2,2024-06,False
2024-06-13,COALINDIA,428.52,428.52,419.496,423.314,7438571,-0.1637,419.438,402.214,325.123,54.8349,4.31155,5.08864,-0.777097,447.143,391.732,13.2107,2024,6,2,2024-06,False
2024-06-14,COALINDIA,423.314,427.218,421.015,422.49,5974636,-0.1947,420.247,402.993,326.303,54.4474,4.44655,4.96023,-0.513672,447.275,393.219,12.8628,2024,6,2,2024-06,False
2024-06-18,COALINDIA,426.871,427.652,420.971,424.312,6946544,0.4313,421.062,403.789,327.481,55.201,4.647,4.89758,-0.250579,447.512,394.612,12.5635,2024,6,2,2024-06,False
2024-06-19,COALINDIA,424.615,426.177,413.423,414.681,8962510,-2.2697,420.511,404.352,328.608,50.45,3.98283,4.71463,-0.731799,447.014,394.009,12.6048,2024,6,2,2024-06,False
2024-06-20,COALINDIA,417.371,422.88,409.128,419.193,7864157,1.088,419.707,404.947,329.757,52.512,3.77699,4.5271,-0.750115,445.281,394.132,12.1868,2024,6,2,2024-06,False
2024-06-21,COALINDIA,419.193,426.351,415.592,416.633,10340882,-0.6106,418.965,405.524,330.9,51.21,3.3685,4.29538,-0.926886,443.957,393.973,11.9303,2024,6,2,2024-06,False
2024-06-24,COALINDIA,416.46,416.503,409.519,410.994,11124175,-1.3536,417.781,405.98,332.022,48.3646,2.56018,3.94834,-1.38816,441.865,393.696,11.5298,2024,6,2,2024-06,False
2024-06-25,COALINDIA,412.902,414.681,403.706,407.133,7951999,-0.9394,416.687,406.491,333.116,46.4613,1.58972,3.47662,-1.8869,440.613,392.762,11.4836,2024,6,2,2024-06,False
2024-06-26,COALINDIA,408.0,409.389,403.489,406.699,6655899,-0.1065,415.867,406.706,334.207,46.2412,0.776669,2.93663,-2.15996,439.991,391.744,11.6016,2024,6,2,2024-06,False
2024-06-27,COALINDIA,406.699,406.916,400.409,405.224,14857335,-0.3627,415.026,406.904,335.295,45.4524,0.0131467,2.35193,-2.33879,439.413,390.638,11.7523,2024,6,2,2024-06,False
2024-06-28,COALINDIA,407.783,412.989,406.048,410.516,8302706,1.3061,414.635,407.289,336.404,48.8255,-0.16301,1.84894,-2.01195,439.051,390.22,11.7767,2024,6,2,2024-06,False
2024-07-01,COALINDIA,410.69,413.249,408.868,411.948,8579861,0.3487,413.924,407.664,337.493,49.731,-0.184967,1.44216,-1.62713,437.745,390.103,11.5099,2024,7,3,2024-07,False
2024-07-02,COALINDIA,414.724,420.798,410.69,415.679,14629287,0.9056,412.482,408.366,338.555,52.1092,0.0975498,1.17324,-1.07569,431.512,393.451,9.2274,2024,7,3,2024-07,False
2024-07-03,COALINDIA,418.108,423.097,415.939,420.754,7244652,1.221,414.349,409.228,339.612,55.2136,0.722676,1.08313,-0.36045,427.909,400.789,6.5453,2024,7,3,2024-07,False
2024-07-04,COALINDIA,424.051,427.565,421.058,424.745,7796954,0.9485,415.607,410.037,340.686,57.5441,1.52258,1.17102,0.351566,428.02,403.195,5.9732,2024,7,3,2024-07,False
2024-07-05,COALINDIA,424.702,427.999,422.446,426.437,5754517,0.3983,416.412,410.914,341.695,58.5292,2.26691,1.3902,0.876714,429.458,403.366,6.266,2024,7,3,2024-07,False
2024-07-08,COALINDIA,427.478,430.342,422.707,427.999,7477292,0.3662,417.026,411.772,342.678,59.4643,2.94882,1.70192,1.2469,431.054,402.998,6.7276,2024,7,3,2024-07,False
2024-07-09,COALINDIA,431.166,431.166,426.09,428.433,6444684,0.1014,417.724,412.489,343.676,59.7358,3.48408,2.05835,1.42573,432.582,402.867,7.1135,2024,7,3,2024-07,False
2024-07-10,COALINDIA,428.433,429.387,416.937,425.787,5981477,-0.6176,418.349,413.096,344.695,57.2177,3.65264,2.37721,1.27543,433.47,403.228,7.229,2024,7,3,2024-07,False
2024-07-11,COALINDIA,426.871,439.018,423.878,433.855,20146927,1.895,418.841,413.908,345.718,62.4198,4.38675,2.77912,1.60763,435.319,402.364,7.8681,2024,7,3,2024-07,False
2024-07-12,COALINDIA,437.283,441.274,429.908,430.515,8198389,-0.7699,419.201,414.635,346.732,59.21,4.64545,3.15239,1.49307,436.39,402.013,8.2005,2024,7,3,2024-07,False
2024-07-15,COALINDIA,433.812,436.936,427.348,431.86,7106020,0.3124,419.67,415.396,347.746,60.0996,4.90248,3.5024,1.40008,437.725,401.615,8.6043,2024,7,3,2024-07,False
2024-07-16,COALINDIA,432.077,449.776,432.077,444.614,23169665,2.9533,420.685,416.053,348.816,67.3681,6.0654,4.015,2.0504,441.853,399.517,10.0637,2024,7,3,2024-07,False
2024-07-18,COALINDIA,447.13,447.521,434.897,438.367,12540956,-1.405,421.869,416.828,349.842,61.4624,6.40908,4.49382,1.91526,444.239,399.499,10.6052,2024,7,3,2024-07,False
2024-07-19,COALINDIA,438.411,439.365,422.316,423.401,9971704,-3.4142,422.08,417.383,350.809,50.1248,5.41139,4.67733,0.734058,444.423,399.736,10.5872,2024,7,3,2024-07,False
2024-07-22,COALINDIA,423.401,430.342,419.54,426.177,7281653,0.6557,422.557,417.847,351.778,51.8975,4.78954,4.69977,0.0897647,444.818,400.296,10.5363,2024,7,3,2024-07,False
2024-07-23,COALINDIA,428.606,430.168,403.055,422.533,11311831,-0.855,423.134,418.602,352.709,49.415,3.95706,4.55123,-0.594171,444.721,401.547,10.2034,2024,7,3,2024-07,False
2024-07-24,COALINDIA,422.273,433.292,420.885,428.433,6823248,1.3963,424.199,419.372,353.676,53.3091,3.73038,4.38706,-0.656683,444.527,403.871,9.5843,2024,7,3,2024-07,False
2024-07-25,COALINDIA,426.003,436.892,419.93,428.606,10281157,0.0405,425.294,420.24,354.623,53.4227,3.52411,4.21447,-0.690363,443.944,406.645,8.7701,2024,7,3,2024-07,False
2024-07-26,COALINDIA,432.294,443.963,432.294,442.358,20437968,3.2085,427.151,421.301,355.645,61.4298,4.41935,4.25545,0.163907,444.751,409.55,8.2409,2024,7,3,2024-07,False
2024-07-29,COALINDIA,446.393,447.434,440.319,444.354,7259754,0.4511,428.843,422.07,356.656,62.4389,5.22959,4.45028,0.779313,446.215,411.471,8.1017,2024,7,3,2024-07,False
2024-07-30,COALINDIA,444.354,456.023,442.445,450.601,13197520,1.4058,430.775,422.956,357.712,65.4832,6.30311,4.82084,1.48227,448.82,412.73,8.3779,2024,7,3,2024-07,False
2024-07-31,COALINDIA,454.158,455.85,442.922,453.073,11972565,0.5488,432.645,423.857,358.797,66.6359,7.26961,5.3106,1.95902,451.818,413.472,8.863,2024,7,3,2024-07,False
2024-08-01,COALINDIA,464.179,470.469,458.106,468.864,34763894,3.4853,435.051,424.72,359.955,72.8675,9.20366,6.08921,3.11445,459.333,410.768,11.163,2024,8,3,2024-08,False
2024-08-02,COALINDIA,463.311,466.088,453.16,455.069,10985150,-2.9423,436.567,425.116,361.05,61.9768,9.51359,6.77408,2.7395,461.904,411.23,11.6074,2024,8,3,2024-08,False
2024-08-05,COALINDIA,446.826,446.826,431.686,439.712,11835031,-3.3747,437.231,425.281,362.068,52.5593,8.42293,7.10385,1.31907,462.142,412.319,11.3952,2024,8,3,2024-08,False
2024-08-06,COALINDIA,440.84,448.735,432.077,433.465,7142269,-1.4207,437.504,425.256,362.992,49.279,6.97411,7.0779,-0.103794,462.107,412.901,11.2471,2024,8,3,2024-08,False
2024-08-07,COALINDIA,440.493,462.27,440.493,461.142,18293730,6.3851,439.139,425.899,364.06,60.9173,7.96739,7.2558,0.711588,465.49,412.788,12.0011,2024,8,3,2024-08,False
2024-08-08,COALINDIA,463.311,464.179,452.249,454.158,13624148,-1.5146,440.558,426.521,365.071,57.3416,8.09765,7.42417,0.673477,466.937,414.179,11.9752,2024,8,3,2024-08,False
2024-08-09,COALINDIA,459.841,461.012,452.77,459.667,6468264,1.2131,441.848,427.273,366.107,59.3677,8.54692,7.64872,0.898197,469.349,414.348,12.4477,2024,8,3,2024-08,False
2024-08-12,COALINDIA,458.973,460.275,454.028,454.592,5238736,-1.1042,443.052,427.998,367.1,56.6961,8.39661,7.7983,0.598316,470.571,415.533,12.4225,2024,8,3,2024-08,False
2024-08-13,COALINDIA,455.503,459.754,451.165,452.683,5201294,-0.4199,444.093,428.528,368.062,55.6813,8.0309,7.84482,0.186084,471.404,416.783,12.2996,2024,8,3,2024-08,False
2024-08-14,COALINDIA,453.681,458.019,432.988,437.89,14766889,-3.2679,443.757,428.396,368.952,48.4443,6.47279,7.57041,-1.09763,471.206,416.308,12.3713,2024,8,3,2024-08,False
2024-08-16,COALINDIA,444.9,451.955,440.344,448.931,7313429,2.5215,444.285,429.706,369.905,53.321,6.05908,7.26815,-1.20907,471.704,416.866,12.343,2024,8,3,2024-08,False
2024-08-19,COALINDIA,450.246,458.702,449.676,457.432,10737456,1.8934,445.987,430.863,370.912,56.7154,6.34398,7.08331,-0.739337,472.144,419.83,11.7298,2024,8,3,2024-08,False
2024-08-20,COALINDIA,459.491,463.084,456.599,459.71,8191127,0.4981,447.664,431.85,371.955,57.6053,6.67664,7.00198,-0.325342,472.751,422.577,11.208,2024,8,3,2024-08,False
2024-08-21,COALINDIA,461.375,469.043,459.535,466.37,9067794,1.4487,449.856,432.863,373.014,60.1823,7.39246,7.08007,0.312389,473.304,426.407,10.425,2024,8,3,2024-08,False
2024-08-22,COALINDIA,467.947,469.218,461.638,463.434,8531700,-0.6295,451.606,433.843,374.08,58.4944,7.63487,7.19103,0.443834,473.495,429.716,9.694,2024,8,3,2024-08,False
2024-08-23,COALINDIA,463.522,474.213,463.434,472.197,12566904,1.8909,453.785,435.021,375.153,61.927,8.43682,7.44019,0.996629,474.691,432.879,9.2139,2024,8,3,2024-08,False
2024-08-26,COALINDIA,474.958,476.316,468.561,471.54,7193307,-0.1392,455.244,435.971,376.221,61.5161,8.91656,7.73546,1.1811,476.854,433.635,9.4935,2024,8,3,2024-08,False
2024-08-27,COALINDIA,472.416,474.695,464.442,465.669,7865530,-1.2451,456.31,436.819,377.261,57.8248,8.72245,7.93286,0.78959,477.76,434.86,9.4014,2024,8,3,2024-08,False
2024-08-28,COALINDIA,467.86,469.306,460.455,461.243,6066259,-0.9503,456.842,437.594,378.31,55.1392,8.11795,7.96988,0.148073,478.223,435.461,9.3605,2024,8,3,2024-08,False
2024-08-29,COALINDIA,461.244,464.442,452.261,462.295,9147836,0.228,457.303,438.353,379.355,55.6661,7.63572,7.90305,-0.267327,478.74,435.866,9.3753,2024,8,3,2024-08,False
2024-08-30,COALINDIA,464.442,470.576,457.432,460.017,30921282,-0.4929,456.861,439.26,380.375,54.1811,6.98913,7.72027,-0.731135,477.648,436.073,9.1002,2024,8,3,2024-08,False
2024-09-02,COALINDIA,461.813,463.566,453.62,456.424,6370038,-0.781,456.929,440.005,381.359,51.8331,6.11629,7.39947,-1.28318,477.7,436.157,9.0919,2024,9,3,2024-09,False
2024-09-03,COALINDIA,456.555,458.834,454.145,455.328,5526155,-0.24,457.709,440.779,382.347,51.1058,5.27535,6.97465,-1.6993,476.868,438.551,8.3713,2024,9,3,2024-09,False
2024-09-04,COALINDIA,452.919,452.919,438.635,441.351,16783593,-3.0697,458.104,441.386,383.253,42.8457,3.4414,6.268,-2.8266,475.395,440.813,7.5489,2024,9,3,2024-09,False
2024-09-05,COALINDIA,444.725,444.725,433.903,435.524,10830621,-1.3204,456.823,441.954,384.104,39.9468,1.50045,5.31449,-3.81403,476.759,436.886,8.7282,2024,9,3,2024-09,False
2024-09-06,COALINDIA,437.277,437.277,421.547,428.119,13110103,-1.7002,455.521,442.382,384.918,36.5616,-0.628022,4.12599,-4.75401,479.233,431.808,10.4111,2024,9,3,2024-09,False
2024-09-09,COALINDIA,427.637,428.075,418.918,424.526,10189742,-0.8392,453.764,442.768,385.608,35.0113,-2.57508,2.78577,-5.36085,481.112,426.416,12.0538,2024,9,3,2024-09,False
2024-09-10,COALINDIA,427.024,431.142,422.204,430.354,9809547,1.3727,452.552,443.165,386.322,39.4928,-3.60634,1.50735,-5.11369,481.826,423.278,12.9372,2024,9,3,2024-09,False
2024-09-11,COALINDIA,431.887,432.501,422.336,424.088,8134497,-1.4559,451.122,443.408,387.025,36.5726,-4.87303,0.231273,-5.10431,483.042,419.202,14.1515,2024,9,3,2024-09,False
2024-09-12,COALINDIA,426.761,435.743,422.598,434.341,12058489,2.4176,450.945,443.781,387.781,43.8846,-4.99204,-0.813389,-4.17865,483.212,418.677,14.3111,2024,9,3,2024-09,False
2024-09-13,COALINDIA,435.524,436.269,428.952,429.609,8093877,-1.0895,449.979,443.958,388.503,41.5063,-5.40587,-1.73188,-3.67398,483.627,416.33,14.9558,2024,9,3,2024-09,False
2024-09-16,COALINDIA,431.581,433.684,427.068,432.238,5244657,0.6119,448.719,444.108,389.23,43.3434,-5.45878,-2.47726,-2.98151,483.072,414.366,15.3116,2024,9,3,2024-09,False
2024-09-17,COALINDIA,432.238,433.596,427.33,428.075,5063902,-0.963,447.137,444.14,389.946,41.1403,-5.77007,-3.13582,-2.63424,482.264,412.01,15.7118,2024,9,3,2024-09,False
2024-09-18,COALINDIA,429.215,432.544,426.016,426.849,6527832,-0.2866,445.161,444.117,390.646,40.4871,-6.04607,-3.71787,-2.32819,480.179,410.144,15.7325,2024,9,3,2024-09,False
2024-09-19,COALINDIA,428.513,430.792,417.341,418.83,10014450,-1.8785,442.931,443.925,391.313,36.4173,-6.83304,-4.34091,-2.49213,478.721,407.141,16.1607,2024,9,3,2024-09,False
2024-09-20,COALINDIA,421.459,436.4,420.89,430.222,12982128,2.72,440.832,444.014,391.998,44.8928,-6.46297,-4.76532,-1.69765,474.24,407.424,15.1567,2024,9,3,2024-09,False
2024-09-23,COALINDIA,432.457,440.344,429.828,438.679,6123879,1.9656,439.189,444.111,392.723,50.1996,-5.4248,-4.89722,-0.527588,469.308,409.07,13.7159,2024,9,3,2024-09,False
2024-09-24,COALINDIA,442.534,443.98,439.511,441.921,7306001,0.7391,438.002,444.339,393.465,52.1041,-4.29095,-4.77596,0.48501,465.482,410.521,12.5482,2024,9,3,2024-09,False
2024-09-25,COALINDIA,443.849,444.287,439.905,442.797,5059851,0.1983,437.079,444.557,394.192,52.6313,-3.28381,-4.47753,1.19373,462.431,411.727,11.6007,2024,9,3,2024-09,False
2024-09-26,COALINDIA,443.411,444.681,438.197,443.893,6877039,0.2474,436.159,444.543,394.891,53.323,-2.36993,-4.05601,1.68608,458.855,413.464,10.4069,2024,9,3,2024-09,False
2024-09-27,COALINDIA,443.893,453.795,442.447,452.261,15443031,1.8853,435.771,444.821,395.627,58.3295,-0.959332,-3.43668,2.47734,456.966,414.577,9.7273,2024,9,3,2024-09,False
2024-09-30,COALINDIA,449.545,449.939,440.344,447.047,8881502,-1.1529,435.303,445.294,396.352,54.4135,-0.259164,-2.80117,2.54201,454.93,415.675,9.018,2024,9,3,2024-09,False
2024-10-01,COALINDIA,448.669,452.174,443.542,445.601,4743517,-0.3234,434.816,445.682,397.071,53.344,0.177013,-2.20554,2.38255,452.765,416.868,8.2558,2024,10,4,2024-10,False
2024-10-03,COALINDIA,437.715,446.828,437.715,440.212,11285134,-1.2094,434.759,446.036,397.766,49.4432,0.086818,-1.74707,1.83388,452.628,416.891,8.2199,2024,10,4,2024-10,False
2024-10-04,COALINDIA,437.802,442.228,432.939,435.699,7170285,-1.0252,434.768,446.181,398.428,46.3843,-0.344849,-1.46662,1.12177,452.638,416.898,8.2206,2024,10,4,2024-10,False
2024-10-07,COALINDIA,436.488,438.635,416.552,421.021,8940891,-3.3689,434.413,446.03,399.043,38.1232,-1.85002,-1.5433,-0.30672,453.103,415.724,8.6044,2024,10,4,2024-10,False
2024-10-08,COALINDIA,421.328,431.8,417.516,431.011,6049075,2.3728,434.737,445.803,399.717,45.2679,-2.21129,-1.6769,-0.534393,452.923,416.552,8.3661,2024,10,4,2024-10,False
2024-10-09,COALINDIA,431.142,434.648,425.578,426.717,6874313,-0.9962,434.556,445.45,400.36,42.9712,-2.81167,-1.90385,-0.907818,452.996,416.115,8.4872,2024,10,4,2024-10,False
2024-10-10,COALINDIA,428.251,432.851,425.928,427.725,4700891,0.2362,434.737,444.992,400.998,43.6932,-3.16962,-2.15701,-1.01261,452.812,416.663,8.3151,2024,10,4,2024-10,False
2024-10-11,COALINDIA,427.199,432.807,427.155,431.975,4364566,0.9937,434.619,444.57,401.667,46.755,-3.07491,-2.34059,-0.73432,452.735,416.503,8.3366,2024,10,4,2024-10,False
2024-10-14,COALINDIA,433.727,440.3,431.975,436.663,5369297,1.0853,434.972,443.926,402.276,49.9858,-2.59168,-2.39081,-0.20087,452.952,416.992,8.267,2024,10,4,2024-10,False
2024-10-15,COALINDIA,436.663,437.583,429.434,433.289,4279311,-0.7726,435.024,443.491,402.933,47.7409,-2.45267,-2.40318,-0.0494895,452.977,417.072,8.2534,2024,10,4,2024-10,False
2024-10-16,COALINDIA,433.771,437.627,431.931,434.429,8000451,0.2629,435.342,443.385,403.58,48.5806,-2.22493,-2.36753,0.142595,452.999,417.685,8.1117,2024,10,4,2024-10,False
2024-10-17,COALINDIA,434.429,435.743,426.936,429.302,4334990,-1.18,435.465,443.302,404.169,45.0708,-2.4301,-2.38004,-0.0500544,452.906,418.024,8.0103,2024,10,4,2024-10,False
2024-10-18,COALINDIA,427.637,432.676,423.562,431.318,4573163,0.4695,436.089,442.705,404.755,46.7012,-2.40236,-2.38451,-0.0178523,451.835,420.344,7.2212,2024,10,4,2024-10,False
2024-10-21,COALINDIA,431.142,433.552,422.686,425.359,4737527,-1.3816,435.846,442.129,405.314,42.6687,-2.8286,-2.47333,-0.355278,452.114,419.578,7.4652,2024,10,4,2024-10,False
2024-10-22,COALINDIA,425.008,427.199,409.41,410.418,8671135,-3.5126,434.433,441.144,405.733,34.6013,-4.3222,-2.8431,-1.4791,454.199,414.667,9.0996,2024,10,4,2024-10,False
2024-10-23,COALINDIA,410.418,417.165,402.181,415.457,10686743,1.2277,433.11,440.362,406.197,38.8035,-5.04119,-3.28272,-1.75847,454.26,411.96,9.7666,2024,10,4,2024-10,False
2024-10-24,COALINDIA,415.457,423.957,414.536,418.217,5045880,0.6644,431.881,439.672,406.651,41.0387,-5.32684,-3.69154,-1.6353,453.512,410.25,10.0171,2024,10,4,2024-10,False
2024-10-25,COALINDIA,418.962,419.794,402.224,404.065,10330954,-3.384,429.889,438.996,406.987,34.1516,-6.61891,-4.27702,-2.34189,454.05,405.729,11.2402,2024,10,4,2024-10,False
2024-10-28,COALINDIA,396.09,401.348,381.412,387.02,21378247,-4.2182,426.627,437.758,407.273,28.0469,-8.91543,-5.2047,-3.71073,455.271,397.984,13.4278,2024,10,4,2024-10,False
2024-10-29,COALINDIA,389.255,391.358,384.523,390.438,7680865,0.8831,423.797,436.418,407.575,30.7211,-10.3405,-6.23185,-4.10861,455.016,392.578,14.7331,2024,10,4,2024-10,False
2024-10-30,COALINDIA,392.585,399.42,389.956,393.593,7818123,0.808,421.196,435.095,407.895,33.1894,-11.0875,-7.20297,-3.88448,453.416,388.976,15.2993,2024,10,4,2024-10,False
2024-10-31,COALINDIA,396.09,398.281,388.379,396.134,8475238,0.6457,418.992,433.691,408.245,35.1925,-11.3436,-8.0311,-3.31252,451.761,386.224,15.6417,2024,10,4,2024-10,False
2024-11-01,COALINDIA,398.412,402.706,396.397,397.974,3095957,0.4645,417.106,432.381,408.582,36.6731,-11.2682,-8.67853,-2.58972,450.167,384.045,15.8527,2024,11,4,2024-11,False
2024-11-04,COALINDIA,401.348,401.479,381.631,388.466,15720990,-2.3891,415.478,430.707,408.886,32.537,-11.8392,-9.31067,-2.52858,450.853,380.104,17.0283,2024,11,4,2024-11,False
2024-11-05,COALINDIA,389.875,396.371,387.967,395.144,10186343,1.7191,413.685,429.179,409.213,37.8399,-11.619,-9.77233,-1.84664,449.379,377.991,17.2566,2024,11,4,2024-11,False
2024-11-06,COALINDIA,397.779,398.779,391.783,395.962,9130749,0.2069,412.147,427.785,409.558,38.4776,-11.2487,-10.0676,-1.18113,448.126,376.168,17.4592,2024,11,4,2024-11,False
2024-11-07,COALINDIA,397.779,400.096,394.917,395.553,5861077,-0.1033,410.539,426.471,409.886,38.2662,-10.8631,-10.2267,-0.636392,446.462,374.616,17.5005,2024,11,4,2024-11,False
2024-11-08,COALINDIA,395.553,396.144,382.742,385.286,9934413,-2.5956,408.204,424.931,410.175,33.3164,-11.2562,-10.4326,-0.823585,444.33,372.079,17.6996,2024,11,4,2024-11,False
2024-11-11,COALINDIA,384.332,386.831,379.199,383.015,7201246,-0.5896,405.522,423.391,410.462,32.3204,-11.6171,-10.6695,-0.947589,440.705,370.339,17.3518,2024,11,4,2024-11,False
2024-11-12,COALINDIA,383.878,385.968,375.065,376.2,6564348,-1.7791,402.668,421.786,410.732,29.4735,-12.3111,-10.9978,-1.31325,437.627,367.708,17.3641,2024,11,4,2024-11,False
2024-11-13,COALINDIA,376.155,377.518,368.614,369.704,7170870,-1.7268,399.431,420.074,410.937,27.0292,-13.2327,-11.4448,-1.78791,433.992,364.87,17.3052,2024,11,4,2024-11,False
2024-11-14,COALINDIA,369.977,375.564,365.797,372.293,8776485,0.7004,396.581,418.693,411.189,29.5376,-13.5974,-11.8753,-1.7221,430.159,363.003,16.9336,2024,11,4,2024-11,False
2024-11-18,COALINDIA,376.11,380.244,373.429,375.564,7352509,0.8786,393.793,417.494,411.426,32.6855,-13.4673,-12.1937,-1.27356,424.35,363.237,15.5191,2024,11,4,2024-11,False
2024-11-19,COALINDIA,377.927,383.424,373.157,374.565,6291292,-0.2661,391.253,416.422,411.628,32.2119,-13.2916,-12.4133,-0.878289,419.085,363.422,14.227,2024,11,4,2024-11,False
2024-11-21,COALINDIA,375.292,376.064,367.205,368.886,14141967,-1.5161,389.177,415.31,411.702,29.589,-13.4554,-12.6217,-0.833723,417.185,361.169,14.3936,2024,11,4,2024-11,False
2024-11-22,COALINDIA,370.158,377.745,369.25,376.2,8155453,1.9827,387.214,414.227,411.857,36.7346,-12.847,-12.6668,-0.180248,412.871,361.557,13.2523,2024,11,4,2024-11,False
2024-11-25,COALINDIA,382.515,388.376,377.7,379.29,10903727,0.8212,385.268,413.331,412.012,39.5261,-11.9775,-12.5289,0.551417,406.557,363.979,11.0515,2024,11,4,2024-11,False
2024-11-26,COALINDIA,380.198,381.607,372.248,373.884,5798977,-1.4253,383.759,412.121,412.137,36.4916,-11.591,-12.3413,0.750322,403.672,363.846,10.3779,2024,11,4,2024-11,False
2024-11-27,COALINDIA,381.607,382.515,374.974,379.017,9219932,1.373,383.359,411.11,412.231,41.1146,-10.7466,-12.0224,1.27578,403.317,363.4,10.4125,2024,11,4,2024-11,False
2024-11-28,COALINDIA,381.607,386.059,375.701,377.245,7788912,-0.4675,382.699,410.01,412.23,40.0315,-10.1039,-11.6387,1.53479,402.544,362.854,10.3712,2024,11,4,2024-11,False
2024-11-29,COALINDIA,377.336,379.789,373.429,378.336,7057742,0.289,381.936,409.015,412.197,41.0605,-9.39825,-11.1906,1.79236,401.182,362.69,10.0781,2024,11,4,2024-11,False
2024-12-02,COALINDIA,380.153,384.696,378.699,383.151,6404844,1.2728,381.287,408.141,412.172,45.5078,-8.35413,-10.6233,2.26918,399.356,363.218,9.4781,2024,12,4,2024-12,False
2024-12-03,COALINDIA,386.149,386.604,381.016,383.515,7928558,0.0949,380.564,407.435,412.12,45.8399,-7.4119,-9.98103,2.56913,396.895,364.232,8.5828,2024,12,4,2024-12,False
2024-12-04,COALINDIA,383.515,386.967,377.064,378.563,6836472,-1.2912,380.069,406.402,412.056,42.0767,-6.98423,-9.38167,2.39744,395.987,364.151,8.3764,2024,12,4,2024-12,False
2024-12-05,COALINDIA,379.926,382.742,374.338,380.153,9500273,0.42,379.319,405.231,412.101,43.6756,-6.44273,-8.79388,2.35115,393.573,365.065,7.5155,2024,12,4,2024-12,False
2024-12-06,COALINDIA,381.607,382.969,378.336,379.017,4252732,-0.2988,378.472,403.973,412.056,42.7675,-6.03566,-8.24224,2.20658,390.382,366.562,6.2939,2024,12,4,2024-12,False
2024-12-09,COALINDIA,379.789,382.47,374.792,376.155,6662023,-0.7551,377.502,402.64,411.936,40.483,-5.87625,-7.76904,1.89279,386.311,368.693,4.667,2024,12,4,2024-12,False
2024-12-10,COALINDIA,377.518,379.062,373.883,376.2,6035289,0.0121,377.048,401.286,411.772,40.5373,-5.68078,-7.35139,1.67061,385.068,369.027,4.2544,2024,12,4,2024-12,False
2024-12-11,COALINDIA,377.972,381.288,377.563,378.835,5353413,0.7004,376.839,399.818,411.608,43.7429,-5.2527,-6.93165,1.67895,384.41,369.268,4.0182,2024,12,4,2024-12,False
2024-12-12,COALINDIA,378.426,379.653,369.886,371.703,9409378,-1.8827,376.614,398.311,411.489,37.8022,-5.42641,-6.6306,1.20419,384.524,368.703,4.2009,2024,12,4,2024-12,False
2024-12-13,COALINDIA,371.703,373.656,365.252,372.793,9439175,0.2933,376.768,396.855,411.416,39.1624,-5.4137,-6.38722,0.973522,384.218,369.319,3.9545,2024,12,4,2024-12,False
2024-12-16,COALINDIA,372.975,375.11,369.341,372.93,5434635,0.0366,376.8,395.509,411.403,39.341,-5.33117,-6.17601,0.844841,384.174,369.426,3.9141,2024,12,4,2024-12,False
2024-12-17,COALINDIA,372.93,373.384,365.252,366.07,5070262,-1.8394,376.325,394.116,411.302,33.9409,-5.75298,-6.0914,0.338426,385.12,367.53,4.6741,2024,12,4,2024-12,False
2024-12-18,COALINDIA,366.615,367.796,358.483,359.619,7176597,-1.7622,375.578,392.888,411.174,29.7985,-6.5325,-6.17962,-0.35288,387.115,364.041,6.1437,2024,12,4,2024-12,False
2024-12-19,COALINDIA,355.212,358.438,351.623,356.121,5745829,-0.9727,374.94,391.391,411.036,27.8161,-7.34784,-6.41327,-0.934575,389.141,360.739,7.575,2024,12,4,2024-12,False
2024-12-20,COALINDIA,357.075,357.711,345.717,347.08,7923854,-2.5386,373.484,389.798,410.857,23.4702,-8.62408,-6.85543,-1.76865,392.347,354.621,10.101,2024,12,4,2024-12,False
2024-12-23,COALINDIA,350.715,353.077,347.444,347.943,5163415,0.2487,371.916,388.202,410.713,24.6802,-9.45685,-7.37571,-2.08113,393.727,350.106,11.7287,2024,12,4,2024-12,False
2024-12-24,COALINDIA,349.67,351.396,346.535,349.352,4242999,0.4048,370.69,386.55,410.565,26.716,-9.88918,-7.87841,-2.01078,394.684,346.695,12.9459,2024,12,4,2024-12,False
2024-12-26,COALINDIA,351.078,354.621,349.851,351.26,4190081,0.5462,369.302,384.842,410.385,29.4965,-9.963,-8.29533,-1.66768,394.452,344.152,13.6202,2024,12,4,2024-12,False
2024-12-27,COALINDIA,352.077,352.941,344.854,345.717,5909271,-1.5779,367.726,383.09,410.138,26.367,-10.3494,-8.70615,-1.64328,394.667,340.784,14.6533,2024,12,4,2024-12,False
2024-12-30,COALINDIA,345.717,347.353,341.356,343.355,22328728,-0.6833,365.977,381.269,409.857,25.1426,-10.7227,-9.10946,-1.61324,394.513,337.44,15.5946,2024,12,4,2024-12,False
2024-12-31,COALINDIA,343.355,349.533,341.72,349.034,7686615,1.6539,364.271,379.663,409.599,33.176,-10.4399,-9.37555,-1.06439,392.562,335.979,15.5332,2024,12,4,2024-12,False
2025-01-01,COALINDIA,348.488,352.668,347.534,351.078,3584876,0.5857,362.649,378.059,409.365,35.8451,-9.93636,-9.48772,-0.448645,389.999,335.299,15.0833,2025,1,1,2025-01,False
2025-01-02,COALINDIA,352.895,357.938,348.943,357.029,7538972,1.6951,361.572,376.692,409.181,42.9849,-8.95384,-9.38094,0.427103,387.963,335.182,14.5977,2025,1,1,2025-01,False
2025-01-03,COALINDIA,357.075,362.799,353.895,357.665,7122319,0.1781,360.448,375.637,409.021,43.7059,-8.03128,-9.11101,1.07973,385.381,335.514,13.8346,2025,1,1,2025-01,False
2025-01-06,COALINDIA,358.029,358.029,342.674,344.127,8774141,-3.7851,358.703,374.21,408.932,33.8834,-8.2969,-8.94819,0.651285,383.041,334.365,13.57,2025,1,1,2025-01,False
2025-01-07,COALINDIA,345.763,349.125,342.083,345.081,6542121,0.2772,357.15,372.748,408.802,34.9921,-8.33435,-8.82542,0.491065,380.753,333.546,13.2177,2025,1,1,2025-01,False
2025-01-08,COALINDIA,345.308,347.126,341.629,345.581,7407778,0.1448,355.619,371.578,408.729,35.6013,-8.22886,-8.70611,0.47725,377.957,333.28,12.5633,2025,1,1,2025-01,False
2025-01-09,COALINDIA,346.671,346.671,336.904,338.176,6247612,-2.1428,353.586,370.601,408.589,30.9699,-8.64313,-8.69351,0.0503797,374.375,332.796,11.7591,2025,1,1,2025-01,False
2025-01-10,COALINDIA,337.449,339.085,331.362,334.814,4893721,-0.9941,351.741,369.489,408.446,29.1179,-9.13739,-8.78229,-0.3551,372.307,331.176,11.6937,2025,1,1,2025-01,False
2025-01-13,COALINDIA,332.634,336.541,328.227,329.726,8661589,-1.5197,349.588,368.211,408.274,26.5319,-9.82638,-8.99111,-0.835276,369.89,329.286,11.6146,2025,1,1,2025-01,False
2025-01-14,COALINDIA,331.634,339.812,329.817,335.496,5698113,1.7498,347.716,366.999,408.078,33.7202,-9.79396,-9.15168,-0.642287,365.73,329.702,10.3615,2025,1,1,2025-01,False
2025-01-15,COALINDIA,337.903,346.58,335.541,340.357,11117714,1.4489,346.431,365.846,407.905,39.1245,-9.26919,-9.17518,-0.0940074,362.494,330.367,9.2738,2025,1,1,2025-01,False
2025-01-16,COALINDIA,343.855,346.626,340.538,344.218,6923722,1.1346,345.661,364.961,407.735,43.094,-8.44436,-9.02902,0.584654,360.492,330.829,8.5813,2025,1,1,2025-01,False
2025-01-17,COALINDIA,345.263,353.713,343.946,352.214,8380692,2.3228,345.465,364.103,407.633,50.3178,-7.06408,-8.63603,1.57195,359.811,331.119,8.3053,2025,1,1,2025-01,False
2025-01-20,COALINDIA,353.985,355.258,347.671,351.669,14597375,-0.1548,345.695,363.217,407.509,49.8532,-5.94565,-8.09795,2.15231,360.294,331.095,8.4463,2025,1,1,2025-01,False
2025-01-21,COALINDIA,352.532,354.031,346.172,346.671,20854879,-1.421,345.631,362.239,407.324,45.688,-5.40027,-7.55842,2.15815,360.2,331.062,8.4304,2025,1,1,2025-01,False
2025-01-22,COALINDIA,346.626,348.807,340.402,344.536,10653690,-0.6159,345.39,361.424,407.124,43.9966,-5.08176,-7.06308,1.98133,359.859,330.921,8.3783,2025,1,1,2025-01,False
2025-01-23,COALINDIA,342.992,352.713,341.81,350.533,5844752,1.7405,345.354,360.774,406.944,49.6359,-4.29594,-6.50965,2.21372,359.764,330.944,8.3453,2025,1,1,2025-01,False
2025-01-24,COALINDIA,350.76,356.393,346.808,348.034,5351964,-0.7128,345.47,360.211,406.737,47.4901,-3.83063,-5.97385,2.14322,359.93,331.01,8.3711,2025,1,1,2025-01,False
2025-01-27,COALINDIA,346.081,347.989,338.676,341.402,6645109,-1.9058,345.372,359.645,406.505,42.2665,-3.95152,-5.56938,1.61786,359.918,330.826,8.4234,2025,1,1,2025-01,False
2025-01-28,COALINDIA,341.629,343.082,334.133,336.768,10866038,-1.3573,344.759,358.935,406.248,39.036,-4.37085,-5.32968,0.958823,359.684,329.833,8.6585,2025,1,1,2025-01,False
2025-01-29,COALINDIA,338.449,349.806,336.904,344.763,6680927,2.3742,344.443,358.319,406.064,46.6177,-4.01176,-5.06609,1.05434,359.07,329.816,8.493,2025,1,1,2025-01,False
2025-01-30,COALINDIA,346.808,351.941,345.626,349.851,6300164,1.4758,344.084,357.824,405.834,50.81,-3.27881,-4.70864,1.42983,357.73,330.438,7.9317,2025,1,1,2025-01,False
2025-01-31,COALINDIA,349.897,365.986,345.426,365.018,10339434,4.3352,344.452,357.747,405.682,60.7142,-1.4573,-4.05837,2.60107,359.914,328.99,8.9777,2025,1,1,2025-01,False
2025-02-01,COALINDIA,365.018,368.291,349.483,355.245,7015540,-2.6774,345.008,357.328,405.502,53.271,-0.793217,-3.40534,2.61212,361.202,328.813,9.3881,2025,2,1,2025-02,False
2025-02-03,COALINDIA,354.046,354.185,337.912,344.826,7689700,-2.9328,344.995,356.639,405.26,46.6985,-1.09499,-2.94327,1.84828,361.19,328.8,9.3885,2025,2,1,2025-02,False
2025-02-04,COALINDIA,348.053,351.004,345.656,347.178,4649921,0.6818,345.075,356.104,405.093,48.2502,-1.1314,-2.5809,1.4495,361.298,328.852,9.4025,2025,2,1,2025-02,False
2025-02-05,COALINDIA,348.515,355.061,348.422,352.986,5914200,1.6731,345.815,355.584,404.97,51.9703,-0.68366,-2.20145,1.51779,362.064,329.566,9.3975,2025,2,1,2025-02,False
2025-02-06,COALINDIA,352.94,354.646,347.777,349.99,4652107,-0.8489,346.574,355.039,404.798,49.9745,-0.564116,-1.87398,1.30987,362.059,331.089,8.9362,2025,2,1,2025-02,False
2025-02-07,COALINDIA,349.897,353.124,346.671,348.745,3006598,-0.3556,347.525,354.447,404.629,49.1305,-0.563319,-1.61185,1.04853,360.837,334.213,7.6613,2025,2,1,2025-02,False
2025-02-10,COALINDIA,347.592,350.22,340.217,341.6,3380494,-2.0489,347.83,353.616,404.412,44.4856,-1.12628,-1.51474,0.388452,360.23,335.43,7.1299,2025,2,1,2025-02,False
2025-02-11,COALINDIA,341.139,341.6,329.614,330.997,6803431,-3.1039,347.362,352.565,404.104,38.6469,-2.40034,-1.69186,-0.708483,361.53,333.194,8.1575,2025,2,1,2025-02,False
2025-02-12,COALINDIA,331.826,333.578,324.128,332.241,4565992,0.376,346.763,351.639,403.788,39.6483,-3.27189,-2.00786,-1.26402,362.425,331.102,9.0329,2025,2,1,2025-02,False
2025-02-13,COALINDIA,333.763,338.88,330.628,333.44,3712240,0.3608,345.825,350.705,403.489,40.6529,-3.82182,-2.37065,-1.45116,362.338,329.311,9.55,2025,2,1,2025-02,False
2025-02-14,COALINDIA,335.514,336.529,323.16,326.571,4464446,-2.06,344.57,349.656,403.151,36.8659,-4.75707,-2.84794,-1.90913,362.925,326.215,10.6539,2025,2,1,2025-02,False
2025-02-17,COALINDIA,326.571,333.763,322.007,332.011,6017586,1.6657,343.837,348.773,402.842,41.5126,-5.00165,-3.27868,-1.72297,362.992,324.682,11.142,2025,2,1,2025-02,False
2025-02-18,COALINDIA,332.149,334.085,326.202,332.933,3843725,0.2777,343.257,347.908,402.447,42.2879,-5.06274,-3.63549,-1.42725,363.016,323.497,11.5129,2025,2,1,2025-02,False
2025-02-19,COALINDIA,331.919,336.805,330.075,334.039,3097726,0.3323,342.432,347.012,402.119,43.2599,-4.96464,-3.90132,-1.06332,362.289,322.575,11.5977,2025,2,1,2025-02,False
2025-02-20,COALINDIA,331.919,340.631,331.919,339.248,4624287,1.5595,341.993,346.363,401.838,47.7243,-4.41565,-4.00419,-0.411465,361.716,322.269,11.5345,2025,2,1,2025-02,False
2025-02-21,COALINDIA,338.88,342.245,336.805,341.092,5235241,0.5436,341.977,345.729,401.528,49.2466,-3.78811,-3.96097,0.17286,361.703,322.251,11.5365,2025,2,1,2025-02,False
2025-02-24,COALINDIA,339.341,339.756,332.979,336.344,4533486,-1.3921,341.956,344.997,401.286,45.5669,-3.63206,-3.89519,0.263129,361.706,322.205,11.5515,2025,2,1,2025-02,False
2025-02-25,COALINDIA,335.607,336.897,330.72,332.979,4525493,-1.0006,341.367,344.335,401.001,43.1084,-3.73687,-3.86353,0.12666,361.465,321.269,11.775,2025,2,1,2025-02,False
2025-02-27,COALINDIA,330.997,339.11,328.369,335.468,6196610,0.7476,340.648,343.852,400.752,45.4529,-3.57781,-3.80638,0.228576,360.495,320.8,11.6527,2025,2,1,2025-02,False
2025-02-28,COALINDIA,338.188,346.44,336.805,340.539,21899478,1.5116,339.424,343.54,400.509,49.9753,-3.00789,-3.64668,0.638793,355.628,323.219,9.5481,2025,2,1,2025-02,False
2025-03-03,COALINDIA,341.138,342.06,324.911,332.241,12675744,-2.4367,338.273,343.244,400.14,43.6045,-3.18905,-3.55516,0.366109,352.942,323.605,8.6726,2025,3,1,2025-03,False
2025-03-04,COALINDIA,328.323,337.912,325.096,335.468,5535218,0.9713,337.806,342.994,399.786,46.4628,-3.03721,-3.45157,0.414357,352.188,323.423,8.5154,2025,3,1,2025-03,False
2025-03-05,COALINDIA,333.809,340.124,333.809,339.525,5730797,1.2093,337.423,342.798,399.444,49.9004,-2.56002,-3.27326,0.713237,351.148,323.698,8.1352,2025,3,1,2025-03,False
2025-03-06,COALINDIA,341.185,354.185,339.387,352.756,11247215,3.8968,337.411,342.828,399.079,59.1198,-1.10154,-2.83891,1.73737,351.082,323.741,8.103,2025,3,1,2025-03,False
2025-03-07,COALINDIA,352.756,359.21,349.805,350.958,8321771,-0.5097,337.46,342.932,398.657,57.5695,-0.0897291,-2.28908,2.19935,351.323,323.596,8.2163,2025,3,1,2025-03,False
2025-03-10,COALINDIA,351.004,356.444,344.873,345.887,5541001,-1.4449,337.317,342.983,398.229,53.3222,0.299502,-1.77136,2.07086,350.742,323.891,7.9602,2025,3,1,2025-03,False
2025-03-11,COALINDIA,342.061,350.359,339.295,349.483,5340552,1.0396,337.711,342.992,397.803,55.8117,0.887885,-1.23951,2.1274,352.095,323.327,8.5183,2025,3,1,2025-03,False
2025-03-12,COALINDIA,349.944,352.986,344.642,351.004,3951912,0.4353,338.711,342.99,397.413,56.86,1.46011,-0.699588,2.1597,353.89,323.533,8.9624,2025,3,1,2025-03,False
2025-03-13,COALINDIA,351.742,353.125,347.915,348.791,3918004,-0.6304,339.539,342.826,397.042,54.8227,1.71527,-0.216616,1.93189,355.033,324.044,9.1267,2025,3,1,2025-03,False
2025-03-17,COALINDIA,350.543,356.859,349.483,355.66,5456361,1.9693,340.65,342.786,396.71,59.6551,2.44358,0.315424,2.12816,357.436,323.864,9.8551,2025,3,1,2025-03,False
2025-03-18,COALINDIA,355.66,355.66,355.66,355.66,0,0.0,342.104,343.016,396.397,59.6551,2.98635,0.84961,2.13674,358.794,325.414,9.7573,2025,3,1,2025-03,False
2025-03-19,COALINDIA,359.625,367.0,358.472,364.972,5827114,2.6183,343.752,343.414,396.091,65.4635,4.12041,1.50377,2.61664,362.614,324.891,10.974,2025,3,1,2025-03,False
2025-03-20,COALINDIA,366.678,367.047,361.469,365.479,7025398,0.1389,345.38,343.812,395.695,65.7527,5.00242,2.2035,2.79892,365.858,324.902,11.8583,2025,3,1,2025-03,False
2025-03-21,COALINDIA,365.479,379.033,364.281,373.777,16564019,2.2704,347.367,344.524,395.647,70.1559,6.29839,3.02248,3.27591,370.721,324.012,13.4465,2025,3,1,2025-03,False
2025-03-24,COALINDIA,376.128,379.678,373.455,374.33,5260300,0.148,349.121,345.314,395.521,70.4289,7.2861,3.8752,3.4109,375.037,323.204,14.8466,2025,3,1,2025-03,False
2025-03-25,COALINDIA,376.174,376.405,366.125,367.231,5636291,-1.8966,350.428,346.064,395.305,62.5253,7.41059,4.58228,2.82831,377.259,323.596,15.3137,2025,3,1,2025-03,False
2025-03-26,COALINDIA,367.415,371.057,362.483,364.004,5025274,-0.8787,351.811,346.635,395.047,59.2694,7.16624,5.09907,2.06717,378.437,325.185,15.1365,2025,3,1,2025-03,False
2025-03-27,COALINDIA,362.575,368.476,361.469,365.894,7697174,0.5193,353.456,347.145,394.804,60.5647,7.04392,5.48804,1.55588,379.237,327.676,14.5876,2025,3,1,2025-03,False
2025-03-28,COALINDIA,366.032,370.55,362.805,367.139,6923988,0.3402,355.04,347.604,394.573,61.4345,6.9671,5.78385,1.18325,380.047,330.033,14.087,2025,3,1,2025-03,False
2025-04-01,COALINDIA,366.77,371.149,364.235,366.632,4332950,-0.1381,356.345,347.892,394.286,60.8456,6.78706,5.9845,0.802568,380.885,331.804,13.7733,2025,4,2,2025-04,False
2025-04-02,COALINDIA,370.274,370.274,360.961,366.493,4197123,-0.0377,358.057,348.189,394.002,60.6749,6.55763,6.09912,0.458511,380.176,335.938,12.3549,2025,4,2,2025-04,False
2025-04-03,COALINDIA,364.188,368.798,362.529,366.079,4970602,-0.1132,359.588,348.577,393.72,60.1295,6.27005,6.13331,0.136741,379.222,339.953,10.9204,2025,4,2,2025-04,False
2025-04-04,COALINDIA,365.11,365.11,352.756,355.015,6718760,-3.0223,360.362,348.786,393.374,47.794,5.09069,5.92478,-0.834098,377.759,342.966,9.6551,2025,4,2,2025-04,False
2025-04-07,COALINDIA,330.858,349.805,328.231,348.053,10202400,-1.9608,360.127,348.737,393.041,41.9613,3.55337,5.4505,-1.89713,378.075,342.179,9.9675,2025,4,2,2025-04,False
2025-04-08,COALINDIA,354.968,355.429,347.27,352.986,3577328,1.4172,360.228,348.836,392.709,46.906,2.70192,4.90078,-2.19887,377.98,342.477,9.8557,2025,4,2,2025-04,False
2025-04-09,COALINDIA,352.479,352.848,343.997,345.38,5781453,-2.1549,360.203,348.915,392.353,41.0921,1.39725,4.20008,-2.80283,378.042,342.364,9.9049,2025,4,2,2025-04,False
2025-04-11,COALINDIA,359.532,362.16,352.341,361.515,6185984,4.6717,360.805,349.41,392.106,54.0908,1.64627,3.68932,-2.04305,377.918,343.691,9.4863,2025,4,2,2025-04,False
2025-04-15,COALINDIA,367.876,367.876,362.805,364.419,4371156,0.8034,361.475,349.803,391.892,55.974,2.05429,3.36231,-1.30802,378.013,344.937,9.1503,2025,4,2,2025-04,False
2025-04-16,COALINDIA,364.419,368.891,361.883,368.107,4992290,1.012,362.441,350.169,391.699,58.3125,2.64475,3.2188,-0.574048,378.093,346.79,8.6366,2025,4,2,2025-04,False
2025-04-17,COALINDIA,365.94,368.383,358.011,367.738,8364450,-0.1002,363.045,350.223,391.512,57.9808,3.0478,3.1846,-0.136797,378.526,347.564,8.5283,2025,4,2,2025-04,False
2025-04-21,COALINDIA,368.107,374.33,364.788,369.259,8987570,0.4137,363.725,350.503,391.306,59.0163,3.45021,3.23772,0.212487,379.034,348.417,8.4177,2025,4,2,2025-04,False
2025-04-22,COALINDIA,372.025,374.146,363.543,367.508,7558174,-0.4744,363.852,350.957,391.083,57.2662,3.58642,3.30746,0.278958,379.246,348.458,8.4616,2025,4,2,2025-04,False
2025-04-23,COALINDIA,368.798,370.274,363.266,367.83,7429142,0.0878,363.969,351.37,390.844,57.5162,3.67801,3.38157,0.296442,379.451,348.488,8.5072,2025,4,2,2025-04,False
2025-04-24,COALINDIA,367.784,369.997,365.894,368.66,5762303,0.2256,363.714,351.683,390.584,58.1933,3.77405,3.46007,0.313986,378.673,348.754,8.2261,2025,4,2,2025-04,False
2025-04-25,COALINDIA,369.075,372.486,359.256,362.483,7337588,-1.6756,363.121,351.933,390.272,51.6002,3.3135,3.43075,-0.11725,377.225,349.018,7.7678,2025,4,2,2025-04,False
2025-04-28,COALINDIA,362.483,367.692,361.008,366.171,3458518,1.0174,363.068,352.282,389.971,54.8864,3.20911,3.38643,-0.177312,377.114,349.022,7.7375,2025,4,2,2025-04,False
2025-04-29,COALINDIA,366.171,369.121,358.149,358.749,6274213,-2.0269,362.805,352.625,389.625,47.8458,2.49868,3.20888,-0.710195,376.974,348.637,7.8105,2025,4,2,2025-04,False
2025-04-30,COALINDIA,358.749,359.901,353.217,355.245,4559122,-0.9766,362.273,353.11,389.259,44.9167,1.63411,2.89392,-1.25981,376.75,347.796,7.9922,2025,4,2,2025-04,False
2025-05-02,COALINDIA,355.429,360.454,351.649,353.585,5045851,-0.4672,361.595,353.537,388.898,43.5565,0.805732,2.47629,-1.67055,376.379,346.812,8.1768,2025,5,2,2025-05,False
2025-05-05,COALINDIA,355.844,357.642,351.972,355.522,6395704,0.5476,361.04,353.978,388.506,45.6253,0.301988,2.04143,-1.73944,375.861,346.218,8.2104,2025,5,2,2025-05,False
2025-05-06,COALINDIA,356.351,357.412,347.961,348.745,5982166,-1.9061,360.152,354.422,388.097,40.0871,-0.636715,1.5058,-2.14251,375.706,344.599,8.6374,2025,5,2,2025-05,False
2025-05-07,COALINDIA,341.415,357.089,341.415,353.401,9162368,1.3351,359.519,354.85,387.705,45.0248,-0.993485,1.00594,-1.99943,375.089,343.948,8.6617,2025,5,2,2025-05,False
2025-05-08,COALINDIA,359.578,364.142,352.433,355.383,14258083,0.5609,359.537,355.299,387.259,47.0265,-1.10355,0.584043,-1.68759,375.086,343.988,8.6493,2025,5,2,2025-05,False
2025-05-09,COALINDIA,349.529,353.355,347.639,352.571,3809943,-0.7913,359.763,355.669,386.83,44.5484,-1.40154,0.186928,-1.58846,374.729,344.796,8.3203,2025,5,2,2025-05,False
2025-05-12,COALINDIA,361.376,365.203,357.273,364.649,6743279,3.4257,360.346,356.177,386.536,55.4153,-0.655527,0.0184366,-0.673964,375.108,345.584,8.1934,2025,5,2,2025-05,False
2025-05-13,COALINDIA,364.649,368.43,363.313,364.327,6307140,-0.0885,361.293,356.642,386.227,55.1046,-0.0893214,-0.00311501,-0.0862063,374.344,348.242,7.2246,2025,5,2,2025-05,False
2025-05-14,COALINDIA,365.802,372.532,365.525,371.657,6822756,2.0119,361.8,357.348,385.972,60.5195,0.940024,0.185513,0.754511,375.651,347.95,7.6566,2025,5,2,2025-05,False
2025-05-15,COALINDIA,372.256,374.699,368.43,373.086,10511989,0.3845,362.234,358.15,385.696,61.4947,1.84978,0.518366,1.33141,376.945,347.523,8.1225,2025,5,2,2025-05,False
2025-05-16,COALINDIA,374.33,377.096,372.118,373.224,4702603,0.0371,362.49,358.905,385.419,61.5935,2.55251,0.925194,1.62731,377.797,347.182,8.4456,2025,5,2,2025-05,False
2025-05-19,COALINDIA,374.284,375.667,369.766,371.288,5446656,-0.5188,362.667,359.52,385.063,59.2981,2.91953,1.32406,1.59547,378.309,347.025,8.6262,2025,5,2,2025-05,False
2025-05-20,COALINDIA,373.869,384.703,372.486,376.267,18755291,1.3409,363.017,360.401,384.723,63.1056,3.57098,1.77345,1.79754,379.569,346.466,9.1188,2025,5,2,2025-05,False
2025-05-21,COALINDIA,379.54,381.291,372.717,373.731,7393102,-0.6738,363.329,361.166,384.339,60.0261,3.83843,2.18644,1.65198,380.459,346.198,9.4298,2025,5,2,2025-05,False
2025-05-22,COALINDIA,373.408,374.93,362.529,367.738,7936875,-1.6036,363.324,361.73,383.912,53.3935,3.52614,2.45438,1.07176,380.45,346.198,9.4272,2025,5,2,2025-05,False
2025-05-23,COALINDIA,368.983,371.564,367.876,370.181,4178408,0.6644,363.4,362.079,383.419,55.5499,3.4362,2.65075,0.785454,380.639,346.162,9.4874,2025,5,2,2025-05,False
2025-05-26,COALINDIA,371.149,374.146,370.412,371.288,6067873,0.2989,363.84,362.486,383.0,56.5307,3.41483,2.80356,0.61127,381.427,346.254,9.6669,2025,5,2,2025-05,False
2025-05-27,COALINDIA,371.103,372.071,367.231,368.752,6553758,-0.6829,363.969,362.943,382.645,53.6112,3.15692,2.87423,0.282682,381.665,346.274,9.7237,2025,5,2,2025-05,False
2025-05-28,COALINDIA,369.72,370.504,365.571,367.139,6002200,-0.4375,364.389,363.296,382.313,51.7787,2.79016,2.85742,-0.06726,381.961,346.817,9.6446,2025,5,2,2025-05,False
2025-05-29,COALINDIA,368.798,369.905,366.032,367.139,7724668,0.0,364.984,363.619,381.843,51.7787,2.47102,2.78014,-0.309122,382.05,347.917,9.3521,2025,5,2,2025-05,False
2025-05-30,COALINDIA,367.83,373.178,365.433,366.309,6565658,-0.226,365.62,363.969,381.404,50.7441,2.12662,2.64943,-0.522815,381.824,349.415,8.8642,2025,5,2,2025-05,False
2025-06-02,COALINDIA,367.83,370.089,364.649,368.522,6119571,0.6041,366.27,364.226,380.948,53.4171,2.00908,2.52136,-0.512286,381.798,350.742,8.4789,2025,6,2,2025-06,False
2025-06-03,COALINDIA,368.522,369.259,360.039,362.206,7360608,-1.7138,366.943,364.357,380.486,45.7807,1.39027,2.29515,-0.904872,380.286,353.6,7.2723,2025,6,2,2025-06,False
2025-06-04,COALINDIA,362.206,364.188,359.21,363.82,3861957,0.4455,367.464,364.334,380.042,47.8325,1.01832,2.03978,-1.02146,379.31,355.618,6.4475,2025,6,2,2025-06,False
2025-06-05,COALINDIA,363.82,366.77,361.93,364.096,6097293,0.076,367.899,364.306,379.673,48.1945,0.737373,1.7793,-1.04193,378.444,357.355,5.7325,2025,6,2,2025-06,False
2025-06-06,COALINDIA,366.816,369.352,365.157,367.83,7633919,1.0256,368.662,364.188,379.268,52.9412,0.806729,1.58479,-0.778056,376.362,360.963,4.177,2025,6,2,2025-06,False
2025-06-09,COALINDIA,369.628,374.515,368.798,369.72,9626374,0.5138,368.916,364.095,378.829,55.1797,1.00265,1.46836,-0.46571,376.39,361.442,4.0517,2025,6,2,2025-06,False
2025-06-10,COALINDIA,371.564,372.947,367.738,368.383,6362912,-0.3616,369.119,364.118,378.372,53.2501,1.03807,1.3823,-0.344232,376.282,361.956,3.8812,2025,6,2,2025-06,False
2025-06-11,COALINDIA,368.891,377.557,367.323,370.735,11946342,0.6382,369.073,364.253,377.894,56.1539,1.24154,1.35415,-0.112605,376.179,361.967,3.8507,2025,6,2,2025-06,False
2025-06-12,COALINDIA,370.642,370.965,360.961,362.068,11262656,-2.3377,368.522,364.176,377.387,45.0466,0.695449,1.22241,-0.52696,376.016,361.028,4.0669,2025,6,2,2025-06,False
2025-06-13,COALINDIA,359.578,361.745,355.89,360.685,5253032,-0.382,367.895,364.047,376.83,43.5657,0.14935,1.0078,-0.858447,375.818,359.972,4.3073,2025,6,2,2025-06,False
2025-06-16,COALINDIA,360.5,363.82,356.075,363.589,3706240,0.8052,367.51,363.987,376.29,47.4711,-0.0485284,0.796532,-0.84506,375.487,359.533,4.3411,2025,6,2,2025-06,False
2025-06-17,COALINDIA,363.266,364.972,359.671,360.777,3248476,-0.7734,366.735,363.872,375.766,44.2761,-0.427335,0.551758,-0.979094,374.118,359.353,4.0263,2025,6,2,2025-06,False
2025-06-18,COALINDIA,360.777,362.713,357.827,359.901,4118145,-0.2428,366.044,363.749,375.259,43.2986,-0.789123,0.283582,-1.07271,373.257,358.831,3.9409,2025,6,2,2025-06,False
2025-06-19,COALINDIA,359.901,360.961,353.585,354.277,4416367,-1.5627,365.371,363.734,374.719,37.5639,-1.51223,-0.0755811,-1.43665,374.24,356.502,4.8549,2025,6,2,2025-06,False
2025-06-20,COALINDIA,354.231,361.238,354.185,358.703,6531957,1.2492,364.797,363.947,374.212,43.8644,-1.7085,-0.402166,-1.30634,373.839,355.755,4.9575,2025,6,2,2025-06,False
2025-06-23,COALINDIA,356.812,362.437,354.692,361.883,3359491,0.8868,364.327,364.125,373.74,47.9313,-1.58906,-0.639545,-0.949516,372.915,355.739,4.7144,2025,6,2,2025-06,False
2025-06-24,COALINDIA,363.681,364.557,360.224,362.022,4606984,0.0382,363.99,364.458,373.273,48.1074,-1.46634,-0.804903,-0.661433,372.373,355.608,4.606,2025,6,2,2025-06,False
2025-06-25,COALINDIA,363.128,364.557,360.5,361.192,4672204,-0.2292,363.693,364.451,372.872,47.079,-1.41967,-0.927856,-0.491813,372.027,355.359,4.5831,2025,6,2,2025-06,False
2025-06-26,COALINDIA,361.422,363.912,360.178,363.405,5569101,0.6126,363.506,364.431,372.512,50.1401,-1.19041,-0.980367,-0.210042,371.681,355.331,4.4978,2025,6,2,2025-06,False
2025-06-27,COALINDIA,364.188,366.678,361.515,363.405,16253653,0.0,363.361,364.337,372.188,50.1401,-0.997222,-0.983738,-0.0134845,371.429,355.293,4.4406,2025,6,2,2025-06,False
2025-06-30,COALINDIA,364.649,366.401,360.316,361.376,4870935,-0.5582,363.004,364.21,371.872,47.2354,-0.996309,-0.986252,-0.0100573,370.735,355.272,4.2596,2025,6,2,2025-06,False
2025-07-01,COALINDIA,361.883,363.174,358.656,359.348,5997283,-0.5613,362.861,364.011,371.517,44.4615,-1.14605,-1.01821,-0.127839,370.758,354.964,4.3528,2025,7,3,2025-07,False
2025-07-02,COALINDIA,359.578,361.146,355.383,356.72,7752338,-0.7312,362.506,363.796,371.18,41.0948,-1.45993,-1.10655,-0.353371,370.847,354.164,4.6021,2025,7,3,2025-07,False
2025-07-03,COALINDIA,357.642,358.656,355.429,356.305,3851213,-0.1163,362.116,363.565,370.79,40.5724,-1.7223,-1.2297,-0.492596,370.863,353.37,4.8308,2025,7,3,2025-07,False
2025-07-04,COALINDIA,357.458,357.642,353.493,355.983,3990767,-0.0906,361.524,363.312,370.422,40.145,-1.93398,-1.37056,-0.56342,370.246,352.802,4.8251,2025,7,3,2025-07,False
2025-07-07,COALINDIA,356.351,356.351,354.046,354.277,2810768,-0.4791,360.752,363.147,370.032,37.8736,-2.21385,-1.53922,-0.674633,369.147,352.357,4.6541,2025,7,3,2025-07,False
2025-07-08,COALINDIA,354.922,355.429,352.479,352.986,5231160,-0.3643,359.982,362.884,369.657,36.2043,-2.51086,-1.73355,-0.777315,368.253,351.711,4.5953,2025,7,3,2025-07,False
2025-07-09,COALINDIA,353.171,357.873,352.986,357.227,4497121,1.2015,359.306,362.853,369.309,44.8117,-2.37662,-1.86216,-0.514462,365.921,352.692,3.6816,2025,7,3,2025-07,False
2025-07-10,COALINDIA,357.781,358.518,352.71,354.093,4668066,-0.8775,358.908,362.83,368.985,40.4658,-2.49443,-1.98862,-0.505818,365.778,352.038,3.8282,2025,7,3,2025-07,False
2025-07-11,COALINDIA,354.093,354.323,350.912,351.234,4677164,-0.8072,358.435,362.783,368.59,36.9475,-2.78631,-2.14815,-0.638157,366.05,350.82,4.2489,2025,7,3,2025-07,False
2025-07-14,COALINDIA,352.202,355.798,351.741,353.908,5109504,0.7612,357.951,362.751,368.166,42.0256,-2.76995,-2.27251,-0.497433,365.416,350.486,4.1708,2025,7,3,2025-07,False
2025-07-15,COALINDIA,353.954,357.043,353.539,356.305,4586811,0.6773,357.728,362.902,367.738,46.2086,-2.53433,-2.32488,-0.209454,365.103,350.352,4.1236,2025,7,3,2025-07,False
2025-07-16,COALINDIA,356.49,357.734,354.922,356.305,5205724,0.0,357.548,362.96,367.306,46.2086,-2.32085,-2.32407,0.00322209,364.875,350.22,4.0989,2025,7,3,2025-07,False
2025-07-17,COALINDIA,356.859,357.919,354.876,355.798,3749218,-0.1423,357.624,362.969,366.865,45.4049,-2.16759,-2.29278,0.125182,364.839,350.408,4.0352,2025,7,3,2025-07,False
2025-07-18,COALINDIA,356.812,358.887,354.139,358.195,5172481,0.6737,357.598,363.081,366.395,49.8459,-1.83159,-2.20054,0.368947,364.802,350.395,4.0286,2025,7,3,2025-07,False
2025-07-21,COALINDIA,358.656,359.025,355.337,356.628,4396850,-0.4376,357.336,362.921,365.943,47.1455,-1.67251,-2.09493,0.422427,364.259,350.413,3.8747,2025,7,3,2025-07,False
2025-07-22,COALINDIA,356.628,361.192,355.429,358.749,5043629,0.5946,357.172,362.809,365.509,51.0123,-1.35964,-1.94787,0.588234,363.776,350.568,3.6978,2025,7,3,2025-07,False
2025-07-23,COALINDIA,359.025,361.837,358.518,360.27,3670943,0.424,357.126,362.581,365.109,53.633,-0.977669,-1.75383,0.776164,363.624,350.628,3.6389,2025,7,3,2025-07,False
2025-07-24,COALINDIA,359.671,360.27,353.954,355.476,4022204,-1.3308,356.729,362.229,364.708,45.3914,-1.04972,-1.61301,0.563292,362.546,350.913,3.261,2025,7,3,2025-07,False
2025-07-25,COALINDIA,355.476,355.798,350.358,351.096,4616856,-1.232,356.114,361.787,364.358,39.4308,-1.44357,-1.57912,0.135555,361.549,350.679,3.0523,2025,7,3,2025-07,False
2025-07-28,COALINDIA,351.465,353.908,347.593,348.837,4521716,-0.6434,355.487,361.338,363.947,36.7502,-1.91588,-1.64647,-0.269405,361.249,349.725,3.2417,2025,7,3,2025-07,False
2025-07-29,COALINDIA,347.546,354.277,347.546,353.724,4872086,1.4008,355.206,360.887,363.582,45.3979,-1.87428,-1.69203,-0.182247,360.718,349.694,3.1036,2025,7,3,2025-07,False
2025-07-30,COALINDIA,354.046,354.093,349.483,350.266,5107774,-0.9774,354.883,360.417,363.195,41.1146,-2.09614,-1.77286,-0.323284,360.765,349.001,3.315,2025,7,3,2025-07,False
2025-07-31,COALINDIA,348.515,349.437,345.472,346.993,6461803,-0.9345,354.418,360.003,362.77,37.5069,-2.50717,-1.91972,-0.587454,361.227,347.608,3.8425,2025,7,3,2025-07,False
2025-08-01,COALINDIA,345.749,351.419,341.784,343.444,13769152,-1.023,353.791,359.468,362.304,34.0203,-3.0838,-2.15254,-0.931268,362.13,345.451,4.7144,2025,8,3,2025-08,False
2025-08-04,COALINDIA,343.397,349.206,341.323,345.472,19756930,0.5906,353.35,358.951,361.865,37.5904,-3.33863,-2.38975,-0.948874,362.475,344.226,5.1644,2025,8,3,2025-08,False
2025-08-05,COALINDIA,346.671,351.004,345.288,349.897,6846687,1.281,353.196,358.574,361.442,44.6301,-3.14719,-2.54124,-0.60595,362.45,343.942,5.2401,2025,8,3,2025-08,False
2025-08-06,COALINDIA,349.898,353.686,349.476,352.564,5808208,0.762,352.963,358.283,361.059,48.406,-2.74864,-2.58272,-0.165918,362.022,343.904,5.1332,2025,8,3,2025-08,False
2025-08-07,COALINDIA,350.833,355.745,349.523,355.09,3468573,0.7164,353.013,358.042,360.677,51.7621,-2.20356,-2.50689,0.303329,362.109,343.916,5.1535,2025,8,3,2025-08,False
2025-08-08,COALINDIA,354.575,357.476,353.78,355.23,4172600,0.0395,353.212,357.82,360.327,51.9492,-1.74019,-2.35355,0.613358,362.32,344.105,5.1568,2025,8,3,2025-08,False
2025-08-11,COALINDIA,353.64,359.908,352.283,357.85,5740719,0.7374,353.409,357.607,360.064,55.4232,-1.14836,-2.11251,0.964155,362.748,344.071,5.2847,2025,8,3,2025-08,False
2025-08-12,COALINDIA,356.961,361.545,356.634,360.516,4860757,0.7451,353.62,357.573,359.789,58.6965,-0.458883,-1.78179,1.3229,363.412,343.828,5.5382,2025,8,3,2025-08,False
2025-08-13,COALINDIA,361.077,362.995,360.282,361.218,4216888,0.1946,353.866,357.521,359.504,59.5385,0.142508,-1.39693,1.53943,364.174,343.557,5.8262,2025,8,3,2025-08,False
2025-08-14,COALINDIA,361.218,361.919,357.896,359.674,4034887,-0.4274,354.059,357.433,359.282,56.7953,0.488917,-1.01976,1.50867,364.662,343.456,5.9894,2025,8,3,2025-08,False
2025-08-18,COALINDIA,361.732,363.51,359.3,362.808,3520271,0.8714,354.29,357.332,359.161,60.7494,1.00476,-0.614854,1.61961,365.457,343.123,6.3041,2025,8,3,2025-08,False
2025-08-19,COALINDIA,363.463,363.463,359.487,360.516,5219052,-0.6318,354.484,357.148,359.012,56.6649,1.21461,-0.248961,1.46358,365.954,343.014,6.4714,2025,8,3,2025-08,False
2025-08-20,COALINDIA,361.124,361.919,358.832,359.908,4904231,-0.1687,354.542,356.979,358.843,55.5969,1.31668,0.064167,1.25251,366.114,342.97,6.5279,2025,8,3,2025-08,False
2025-08-21,COALINDIA,361.235,361.804,357.727,358.58,6212604,-0.3689,354.458,356.735,358.655,53.2379,1.27574,0.306481,0.969255,365.878,343.038,6.4434,2025,8,3,2025-08,False
2025-08-22,COALINDIA,358.58,359.386,354.693,355.072,4699261,-0.9784,354.438,356.596,358.441,47.5013,0.94924,0.435033,0.514207,365.851,343.024,6.4403,2025,8,3,2025-08,False
2025-08-25,COALINDIA,355.593,361.046,355.404,360.335,4349832,1.4822,354.9,356.589,358.3,55.2846,1.10244,0.568515,0.533929,366.49,343.309,6.5317,2025,8,3,2025-08,False
2025-08-26,COALINDIA,359.386,360.192,352.18,353.175,6381642,-1.9868,355.117,356.38,358.09,45.4196,0.638801,0.582572,0.0562293,366.387,343.846,6.3476,2025,8,3,2025-08,False
2025-08-28,COALINDIA,353.223,356.447,349.572,354.93,4372269,0.4967,355.177,356.263,357.885,47.874,0.408206,0.547699,-0.139493,366.429,343.925,6.3361,2025,8,3,2025-08,False
2025-08-29,COALINDIA,353.365,359.386,353.365,355.404,4578400,0.1336,355.434,356.173,357.684,48.5475,0.260711,0.490301,-0.229591,366.446,344.422,6.1965,2025,8,3,2025-08,False
2025-09-01,COALINDIA,355.878,359.007,355.688,358.343,2829114,0.8271,356.001,356.255,357.55,52.6336,0.376678,0.467577,-0.0908982,366.331,345.672,5.803,2025,9,3,2025-09,False
2025-09-02,COALINDIA,361.425,365.076,359.434,360.429,7511709,0.5822,356.851,356.289,357.437,55.3439,0.629661,0.499993,0.129667,365.487,348.214,4.8404,2025,9,3,2025-09,False
2025-09-03,COALINDIA,361.235,372.946,360.335,369.627,8111851,2.552,358.058,356.444,357.404,64.8846,1.55443,0.710882,0.843552,366.751,349.366,4.8553,2025,9,3,2025-09,False
2025-09-04,COALINDIA,371.524,371.808,365.74,371.192,5515006,0.4233,359.123,356.628,357.411,66.2073,2.38607,1.04592,1.34015,368.771,349.475,5.3729,2025,9,3,2025-09,False
2025-09-05,COALINDIA,372.093,372.899,368.869,372.33,4535470,0.3065,360.111,356.85,357.412,67.1755,3.10122,1.45698,1.64424,370.911,349.312,5.9979,2025,9,3,2025-09,False
2025-09-08,COALINDIA,373.61,375.412,366.309,367.02,4607020,-1.4262,360.708,356.923,357.369,58.7196,3.20257,1.8061,1.39647,371.656,349.759,6.0706,2025,9,3,2025-09,False
2025-09-09,COALINDIA,368.584,369.248,366.735,367.873,4376579,0.2325,361.34,357.012,357.335,59.5998,3.31356,2.10759,1.20597,372.416,350.264,6.1305,2025,9,3,2025-09,False
2025-09-10,COALINDIA,368.395,372.33,367.968,371.619,4285507,1.0182,362.028,357.217,357.349,63.2985,3.66155,2.41838,1.24317,373.876,350.181,6.545,2025,9,3,2025-09,False
2025-09-11,COALINDIA,373.278,374.084,370.291,372.994,3442373,0.37,362.652,357.49,357.333,64.5805,4.00215,2.73514,1.26702,375.441,349.864,7.0529,2025,9,3,2025-09,False
2025-09-12,COALINDIA,373.183,375.696,372.852,373.942,4276055,0.2542,363.289,357.834,357.306,65.476,4.29904,3.04792,1.25112,377.009,349.568,7.5534,2025,9,3,2025-09,False
2025-09-15,COALINDIA,373.942,379.916,373.895,374.321,4618798,0.1014,364.021,358.194,357.308,65.848,4.51291,3.34092,1.17199,378.473,349.569,7.9403,2025,9,3,2025-09,False
2025-09-16,COALINDIA,374.558,376.455,373.658,375.317,2581384,0.266,364.646,358.581,357.29,66.8576,4.70847,3.61443,1.09404,379.936,349.357,8.386,2025,9,3,2025-09,False
2025-09-17,COALINDIA,381.196,381.623,376.929,379.063,5970395,0.998,365.574,359.077,357.299,70.402,5.10682,3.9129,1.19391,382.015,349.133,8.9947,2025,9,3,2025-09,False
2025-09-18,COALINDIA,379.774,380.011,370.386,372.804,5899621,-1.651,366.219,359.473,357.271,59.0402,4.86147,4.10262,0.75885,382.735,349.702,9.0203,2025,9,3,2025-09,False
2025-09-19,COALINDIA,373.61,374.748,371.24,374.084,5272435,0.3434,366.994,359.81,357.226,60.4464,4.71596,4.22528,0.490674,383.456,350.531,8.9717,2025,9,3,2025-09,False
2025-09-22,COALINDIA,374.084,376.408,372.994,374.274,3399517,0.0507,367.954,360.214,357.18,60.6619,4.56335,4.2929,0.27045,383.714,352.194,8.5663,2025,9,3,2025-09,False
2025-09-23,COALINDIA,374.321,375.27,371.808,373.658,4720322,-0.1647,368.62,360.662,357.155,59.5269,4.34261,4.30284,0.0397663,384.149,353.091,8.4252,2025,9,3,2025-09,False
2025-09-24,COALINDIA,374.084,375.127,371.477,372.52,5139791,-0.3045,369.587,361.035,357.117,57.3922,4.0294,4.24815,-0.218753,383.378,355.797,7.4627,2025,9,3,2025-09,False
2025-09-25,COALINDIA,371.761,374.748,371.382,372.188,4563970,-0.0891,370.45,361.352,357.083,56.7529,3.71161,4.14084,-0.42923,382.418,358.482,6.4615,2025,9,3,2025-09,False
2025-09-26,COALINDIA,372.188,372.614,367.968,369.011,4698693,-0.8535,371.13,361.606,357.047,50.9079,3.16693,3.94606,-0.779131,380.829,361.432,5.2266,2025,9,3,2025-09,False
2025-09-29,COALINDIA,369.627,371.334,365.645,368.205,6606409,-0.2184,371.624,361.855,357.007,49.5145,2.6398,3.68481,-1.04501,379.397,363.851,4.1832,2025,9,3,2025-09,False
2025-09-30,COALINDIA,369.533,371.145,367.067,369.77,5362610,0.4249,372.091,362.086,356.962,52.247,2.32153,3.41215,-1.09062,377.908,366.273,3.1269,2025,9,3,2025-09,False
2025-10-01,COALINDIA,369.627,374.464,367.826,368.395,4976933,-0.3719,372.029,362.321,356.945,49.7011,1.93604,3.11693,-1.18089,377.981,366.077,3.1997,2025,10,4,2025-10,False
2025-10-03,COALINDIA,368.395,368.964,361.757,363.511,7431240,-1.3256,371.645,362.417,356.899,41.8934,1.22238,2.73802,-1.51564,378.711,364.579,3.8027,2025,10,4,2025-10,False
2025-10-06,COALINDIA,363.654,364.222,360.287,362.136,7022052,-0.3782,371.135,362.454,356.845,39.9886,0.53964,2.29834,-1.7587,379.368,362.903,4.4364,2025,10,4,2025-10,False
2025-10-07,COALINDIA,364.128,368.822,363.938,364.791,7895734,0.7332,371.024,362.64,356.839,45.1727,0.210381,1.88075,-1.67037,379.546,362.502,4.5939,2025,10,4,2025-10,False
2025-10-08,COALINDIA,365.55,366.403,361.378,362.326,3642904,-0.6759,370.746,362.865,356.852,41.5808,-0.246657,1.45527,-1.70193,380.028,361.465,5.0068,2025,10,4,2025-10,False
2025-10-09,COALINDIA,363.179,366.309,360.856,363.511,4628511,0.3271,370.341,363.158,356.889,43.8907,-0.507371,1.06274,-1.57011,380.155,360.527,5.2998,2025,10,4,2025-10,False
2025-10-10,COALINDIA,364.128,366.688,363.132,364.602,5061600,0.3,369.921,363.376,356.977,46.006,-0.618861,0.726421,-1.34528,379.972,359.871,5.4341,2025,10,4,2025-10,False
2025-10-13,COALINDIA,363.416,364.412,360.951,361.804,4750043,-0.7672,369.315,363.607,357.046,41.6666,-0.92231,0.396675,-1.31899,379.8,358.829,5.6781,2025,10,4,2025-10,False
2025-10-14,COALINDIA,362.279,365.218,360.43,361.236,4288494,-0.1572,368.66,363.892,357.106,40.8232,-1.19493,0.0783549,-1.27328,379.458,357.862,5.858,2025,10,4,2025-10,False
2025-10-15,COALINDIA,361.52,365.455,361.52,364.365,6135157,0.8662,368.113,364.31,357.171,47.1585,-1.14527,-0.166371,-0.978903,378.596,357.63,5.6955,2025,10,4,2025-10,False
2025-10-16,COALINDIA,365.076,367.873,364.602,367.541,3513302,0.8718,367.537,364.751,357.28,52.6951,-0.839915,-0.30108,-0.538835,376.665,358.409,4.9672,2025,10,4,2025-10,False
2025-10-17,COALINDIA,367.541,369.343,365.313,368.679,4093872,0.3096,367.33,365.127,357.407,54.5329,-0.500331,-0.34093,-0.159401,376.138,358.523,4.7955,2025,10,4,2025-10,False
2025-10-20,COALINDIA,369.817,371.714,368.347,370.386,4007425,0.463,367.145,365.483,357.514,57.2177,-0.092414,-0.291227,0.198813,375.5,358.791,4.5509,2025,10,4,2025-10,False
2025-10-21,COALINDIA,372.757,372.804,370.386,370.86,678084,0.128,366.975,365.799,357.612,57.9604,0.266056,-0.17977,0.445826,374.841,359.108,4.2871,2025,10,4,2025-10,False
2025-10-23,COALINDIA,371.334,373.989,370.244,372.33,4311356,0.3963,366.908,366.141,357.689,60.2631,0.661122,-0.0115917,0.672714,374.557,359.26,4.169,2025,10,4,2025-10,False
2025-10-24,COALINDIA,372.33,374.985,370.576,373.658,4070949,0.3566,366.965,366.457,357.769,62.2732,1.06902,0.20453,0.864486,374.804,359.127,4.2721,2025,10,4,2025-10,False
2025-10-27,COALINDIA,375.033,377.593,373.231,376.17,5438773,0.6725,367.164,366.77,357.929,65.7998,1.57687,0.478997,1.09787,375.73,358.599,4.6659,2025,10,4,2025-10,False
2025-10-28,COALINDIA,376.407,377.593,369.201,371.145,7672258,-1.336,367.271,366.969,358.059,54.7722,1.55587,0.694372,0.861498,375.986,358.557,4.7455,2025,10,4,2025-10,False
2025-10-29,COALINDIA,372.899,378.636,360.382,362.231,26856509,-2.4016,366.972,367.02,358.143,41.4909,0.810639,0.717625,0.0930137,375.957,357.987,4.8968,2025,10,4,2025-10,False
2025-10-30,COALINDIA,363.132,368.822,359.671,367.636,15154040,1.4921,366.866,367.116,358.29,49.4892,0.648701,0.70384,-0.0551393,375.761,357.97,4.8494,2025,10,4,2025-10,False
2025-10-31,COALINDIA,369.77,373.8,367.684,368.537,13103909,0.245,366.873,367.277,358.459,50.6988,0.586292,0.68033,-0.0940388,375.774,357.972,4.8522,2025,10,4,2025-10,False
2025-11-03,COALINDIA,370.339,370.671,367.257,368.442,14152223,-0.0257,367.119,367.447,358.652,50.5615,0.523148,0.648894,-0.125746,375.9,358.338,4.7838,2025,11,4,2025-11,False
2025-11-04,COALINDIA,370.098,372.046,366.689,367.712,10536699,-0.1983,367.398,367.63,358.813,49.4509,0.409446,0.601004,-0.191559,375.861,358.935,4.6071,2025,11,4,2025-11,False
2025-11-06,COALINDIA,368.832,368.832,362.647,363.426,6648689,-1.1654,367.33,367.797,358.929,43.4241,-0.0261535,0.475573,-0.501726,375.903,358.757,4.6678,2025,11,4,2025-11,False
2025-11-07,COALINDIA,362.306,366.933,361.819,366.202,4650451,0.7638,367.524,367.915,359.039,47.857,-0.145709,0.351316,-0.497025,375.79,359.257,4.4985,2025,11,4,2025-11,False
2025-11-10,COALINDIA,366.3,372.435,366.3,371.413,4451727,1.4229,367.919,368.279,359.135,54.9869,0.177943,0.316642,-0.138699,376.133,359.705,4.4652,2025,11,4,2025-11,False
2025-11-11,COALINDIA,371.51,373.02,368.734,372.825,3299015,0.3802,368.33,368.637,359.24,56.7144,0.542141,0.361742,0.180399,376.667,359.993,4.5271,2025,11,4,2025-11,False
2025-11-12,COALINDIA,374.237,377.5,372.728,376.428,4326520,0.9666,369.061,369.058,359.389,60.844,1.10877,0.511147,0.597623,377.553,360.57,4.6016,2025,11,4,2025-11,False
2025-11-13,COALINDIA,376.429,377.305,372.776,373.215,3480764,-0.8538,369.66,369.355,359.533,55.7366,1.28369,0.665655,0.618032,377.492,361.829,4.2372,2025,11,4,2025-11,False
2025-11-14,COALINDIA,373.215,377.256,372.338,376.867,3760163,0.9786,370.285,369.684,359.664,59.8601,1.69745,0.872015,0.825438,378.33,362.24,4.3452,2025,11,4,2025-11,False
2025-11-17,COALINDIA,376.915,379.058,376.088,377.743,3847261,0.2326,370.795,369.846,359.813,60.8038,2.07221,1.11205,0.960153,379.383,362.208,4.632,2025,11,4,2025-11,False
2025-11-18,COALINDIA,377.743,377.743,372.971,373.945,4462641,-1.0055,371.059,369.901,359.975,54.7921,2.0392,1.29748,0.741717,379.696,362.421,4.6555,2025,11,4,2025-11,False
2025-11-19,COALINDIA,373.117,373.848,368.588,369.173,5332643,-1.2762,370.998,369.838,360.137,48.3268,1.6094,1.35987,0.249534,379.672,362.324,4.6761,2025,11,4,2025-11,False
2025-11-20,COALINDIA,371.072,371.315,367.712,369.757,3971851,0.1583,370.943,369.893,360.262,49.1186,1.30094,1.34808,-0.0471423,379.635,362.251,4.6863,2025,11,4,2025-11,False
2025-11-21,COALINDIA,368.15,370.439,367.712,368.345,3088629,-0.3819,370.743,369.902,360.355,47.2351,0.931788,1.26482,-0.333033,379.484,362.003,4.7151,2025,11,4,2025-11,False
2025-11-24,COALINDIA,368.296,368.345,362.306,362.842,5543493,-1.4939,370.203,369.727,360.344,40.688,0.192977,1.05045,-0.857476,379.504,360.901,5.0252,2025,11,4,2025-11,False
2025-11-25,COALINDIA,362.891,363.67,359.969,360.407,4902920,-0.671,369.415,369.475,360.37,38.1671,-0.582295,0.723903,-1.3062,379.243,359.586,5.3214,2025,11,4,2025-11,False
2025-11-26,COALINDIA,362.16,367.858,361.625,367.517,4102285,1.9727,369.233,369.346,360.483,48.2496,-0.615903,0.455942,-1.07184,379.062,359.405,5.3237,2025,11,4,2025-11,False
2025-11-27,COALINDIA,367.517,368.832,366.3,368.199,3330267,0.1855,369.532,369.224,360.588,49.1065,-0.580831,0.248587,-0.829419,378.812,360.251,5.0228,2025,11,4,2025-11,False
2025-11-28,COALINDIA,369.124,369.319,365.131,366.348,4689402,-0.5026,369.467,369.045,360.655,46.8393,-0.69435,0.0599999,-0.75435,378.821,360.114,5.0632,2025,11,4,2025-11,False
2025-12-01,COALINDIA,367.079,370.098,366.007,369.757,4217206,0.9305,369.528,368.859,360.754,51.2998,-0.503451,-0.0526902,-0.450761,378.872,360.184,5.0571,2025,12,4,2025-12,False
2025-12-02,COALINDIA,369.611,370.0,366.933,369.075,3695491,-0.1844,369.56,368.784,360.856,50.3892,-0.402532,-0.122659,-0.279873,378.892,360.227,5.0506,2025,12,4,2025-12,False
2025-12-03,COALINDIA,369.075,369.416,362.501,365.472,4650434,-0.9764,369.448,368.612,360.975,45.7648,-0.606344,-0.219396,-0.386948,378.926,359.969,5.1312,2025,12,4,2025-12,False
2025-12-04,COALINDIA,365.228,369.854,364.059,369.173,3135061,1.0127,369.735,368.51,361.166,50.7626,-0.463883,-0.268293,-0.19559,378.784,360.686,4.8947,2025,12,4,2025-12,False
2025-12-05,COALINDIA,369.027,370.731,366.689,370.049,3154258,0.2374,369.927,368.438,361.355,51.8933,-0.277054,-0.270045,-0.00700913,378.822,361.033,4.8089,2025,12,4,2025-12,False
2025-12-08,COALINDIA,370.974,370.974,365.764,367.517,3911363,-0.6843,369.733,368.337,361.525,48.433,-0.329525,-0.281941,-0.0475838,378.661,360.804,4.8296,2025,12,4,2025-12,False
2025-12-09,COALINDIA,365.326,371.267,363.621,369.465,4242651,0.53,369.565,368.283,361.74,51.1324,-0.211491,-0.267851,0.0563605,378.374,360.756,4.7672,2025,12,4,2025-12,False
2025-12-10,COALINDIA,368.637,372.922,368.393,372.192,4752336,0.7381,369.353,368.347,361.941,54.707,0.100934,-0.194094,0.295028,377.656,361.05,4.4961,2025,12,4,2025-12,False
2025-12-11,COALINDIA,372.387,375.308,370.585,373.994,2695140,0.4841,369.392,368.462,362.146,56.9479,0.488296,-0.057616,0.545912,377.778,361.005,4.5407,2025,12,4,2025-12,False
2025-12-12,COALINDIA,374.529,375.698,372.289,373.361,1410201,-0.1693,369.216,368.534,362.343,55.9014,0.73572,0.101051,0.634669,377.075,361.358,4.2568,2025,12,4,2025-12,False
2025-12-15,COALINDIA,373.994,374.968,370.195,374.432,1870236,0.2869,369.051,368.655,362.519,57.3304,1.00665,0.282171,0.724479,376.266,361.836,3.9102,2025,12,4,2025-12,False
2025-12-16,COALINDIA,373.994,374.188,368.491,371.656,5109787,-0.7413,368.936,368.818,362.671,52.5767,0.986018,0.42294,0.563077,375.893,361.98,3.771,2025,12,4,2025-12,False
2025-12-17,COALINDIA,370.926,375.455,370.877,374.724,3651138,0.8255,369.214,369.07,362.863,56.8367,1.20335,0.579022,0.624327,376.637,361.791,4.0212,2025,12,4,2025-12,False
2025-12-18,COALINDIA,374.383,376.428,372.874,375.26,2379619,0.1429,369.489,369.279,363.075,57.5536,1.40264,0.743745,0.658893,377.39,361.588,4.2766,2025,12,4,2025-12,False
2025-12-19,COALINDIA,374.968,377.256,373.507,375.552,3611941,0.0779,369.85,369.543,363.275,57.9639,1.56611,0.908217,0.657888,378.176,361.523,4.5029,2025,12,4,2025-12,False
2025-12-22,COALINDIA,375.552,376.867,374.042,376.185,3112021,0.1686,370.517,369.797,363.453,58.8907,1.72683,1.07194,0.65489,378.615,362.419,4.3711,2025,12,4,2025-12,False
2025-12-23,COALINDIA,377.354,390.502,376.38,389.966,18487395,3.6634,371.995,370.304,363.742,72.8997,2.93243,1.44404,1.4884,382.695,361.294,5.753,2025,12,4,2025-12,False
2025-12-24,COALINDIA,393.278,401.654,391.281,391.865,17624423,0.487,373.212,370.905,364.024,74.2043,3.99508,1.95425,2.04083,386.893,359.531,7.3314,2025,12,4,2025-12,False
2025-12-26,COALINDIA,393.278,397.758,390.161,391.671,5435637,-0.0497,374.386,371.514,364.285,73.8117,4.76657,2.51671,2.24986,390.127,358.644,8.4094,2025,12,4,2025-12,False
2025-12-29,COALINDIA,393.472,394.933,388.603,390.21,6105510,-0.373,375.579,372.031,364.472,70.7877,5.20015,3.0534,2.14675,392.34,358.818,8.9254,2025,12,4,2025-12,False
2025-12-30,COALINDIA,389.577,389.771,385.194,387.629,4418163,-0.6614,376.472,372.433,364.655,65.6691,5.27471,3.49766,1.77705,393.822,359.123,9.2168,2025,12,4,2025-12,False
2025-12-31,COALINDIA,388.018,393.472,387.191,388.603,4644679,0.2513,377.449,372.831,364.869,66.6491,5.3507,3.86827,1.48243,395.238,359.66,9.4259,2025,12,4,2025-12,False
2026-01-01,COALINDIA,388.603,392.304,387.872,390.015,3161157,0.3634,378.676,373.224,365.072,68.0724,5.46192,4.187,1.27492,396.372,360.98,9.3463,2026,1,1,2026-01,False
2026-01-02,COALINDIA,390.892,418.308,390.551,416.75,35090129,6.8548,381.055,374.142,365.4,82.9266,7.6195,4.8735,2.746,405.044,357.065,12.5911,2026,1,1,2026-01,False
2026-01-05,COALINDIA,419.72,425.32,412.464,416.311,17258568,-0.1052,383.368,375.021,365.738,82.2511,9.18812,5.73642,3.45169,411.46,355.276,14.6553,2026,1,1,2026-01,False
2026-01-06,COALINDIA,415.873,420.061,413.633,415.922,6308113,-0.0936,385.788,375.867,366.039,81.6145,10.2813,6.6454,3.6359,416.361,355.215,15.8496,2026,1,1,2026-01,False
2026-01-07,COALINDIA,415.824,421.181,412.61,420.402,8920605,1.0772,388.335,376.751,366.363,83.2224,11.378,7.59192,3.78609,421.554,355.115,17.1087,2026,1,1,2026-01,False
2026-01-08,COALINDIA,420.402,422.691,412.416,414.169,5991259,-1.4827,390.434,377.612,366.609,73.5808,11.6104,8.39561,3.21475,424.648,356.219,17.5264,2026,1,1,2026-01,False
2026-01-09,COALINDIA,412.659,417.188,406.329,407.449,7306605,-1.6226,392.107,378.516,366.819,64.8566,11.124,8.94128,2.18271,426.208,358.005,17.3938,2026,1,1,2026-01,False
2026-01-12,COALINDIA,407.984,421.863,404.819,421.035,14407896,3.3345,394.49,379.584,367.055,72.0673,11.7,9.49303,2.20697,429.72,359.26,17.8611,2026,1,1,2026-01,False
2026-01-13,COALINDIA,422.691,424.444,414.51,417.724,7104004,-0.7865,396.655,380.568,367.272,68.3845,11.7538,9.94518,1.80861,432.015,361.294,17.8294,2026,1,1,2026-01,False
2026-01-14,COALINDIA,416.847,430.482,416.263,420.938,17125550,0.7694,399.119,381.618,367.541,69.9877,11.9184,10.3398,1.57856,434.01,364.228,17.484,2026,1,1,2026-01,False
2026-01-15,COALINDIA,420.938,420.938,420.938,420.938,0,0.0,401.43,382.682,367.825,69.9877,11.9115,10.6542,1.25735,435.633,367.227,17.0406,2026,1,1,2026-01,False
2026-01-16,COALINDIA,420.938,422.301,416.847,419.769,6410141,-0.2776,403.655,383.809,368.095,68.5223,11.6771,10.8588,0.818392,436.452,370.858,16.2498,2026,1,1,2026-01,False
2026-01-19,COALINDIA,419.769,421.571,417.188,418.941,7105031,-0.1972,405.824,384.864,368.354,67.4452,11.2944,10.9459,0.348532,436.463,375.186,15.0994,2026,1,1,2026-01,False
2026-01-20,COALINDIA,418.892,419.72,402.774,404.478,6768420,-3.4523,407.239,385.525,368.543,52.0505,9.7121,10.6991,-0.987027,434.547,379.931,13.4113,2026,1,1,2026-01,False
2026-01-21,COALINDIA,404.137,408.715,400.826,403.261,7312100,-0.301,407.904,386.134,368.727,50.9954,8.2646,10.2122,-1.94762,434.065,381.743,12.8269,2026,1,1,2026-01,False
2026-01-22,COALINDIA,406.28,415.727,406.28,412.172,11497522,2.2099,408.919,386.849,368.957,57.7475,7.74723,9.71922,-1.972,434.014,383.825,12.2735,2026,1,1,2026-01,False
2026-01-23,COALINDIA,412.951,414.704,404.575,407.497,6520896,-1.1342,409.711,387.534,369.22,53.577,6.88066,9.15151,-2.27085,433.478,385.943,11.602,2026,1,1,2026-01,False
2026-01-27,COALINDIA,410.029,415.824,407.984,411.88,8749844,1.0755,410.794,388.235,369.539,56.7318,6.47294,8.6158,-2.14286,432.723,388.865,10.6763,2026,1,1,2026-01,False
2026-01-28,COALINDIA,412.464,434.329,410.614,432.479,17496873,5.0012,413.037,389.329,369.936,67.8058,7.72294,8.43723,-0.714282,434.149,391.924,10.2229,2026,1,1,2026-01,False
2026-01-29,COALINDIA,434.378,449.523,431.018,443.874,16915601,2.6348,415.8,390.728,370.429,72.0652,9.5233,8.65444,0.868855,437.893,393.708,10.6265,2026,1,1,2026-01,False
2026-01-30,COALINDIA,442.121,442.121,425.613,429.265,10191610,-3.2913,417.763,391.93,370.767,60.9346,9.6599,8.85553,0.804367,436.999,398.526,9.2095,2026,1,1,2026-01,False
2026-02-02,COALINDIA,408.082,414.412,402.238,412.464,9618062,-3.9138,417.548,392.784,371.008,51.1504,8.31663,8.74775,-0.43112,436.928,398.169,9.2824,2026,2,1,2026-02,False
2026-02-03,COALINDIA,425.613,425.613,409.007,418.211,13955805,1.3931,417.643,393.781,371.258,53.8782,7.62783,8.52377,-0.895939,437.016,398.271,9.277,2026,2,1,2026-02,False
2026-02-04,COALINDIA,420.256,429.898,417.285,423.567,11476290,1.2809,418.026,394.996,371.537,56.3265,7.42855,8.30472,-0.876171,437.556,398.495,9.3441,2026,2,1,2026-02,False
2026-02-05,COALINDIA,425.613,426.392,416.555,420.597,5252658,-0.7013,418.035,396.2,371.794,54.5957,6.95081,8.03394,-1.08313,437.571,398.5,9.3464,2026,2,1,2026-02,False
2026-02-06,COALINDIA,419.331,422.886,415.922,421.522,4738027,0.22,418.403,397.28,372.064,55.0589,6.5711,7.74137,-1.17027,437.909,398.897,9.324,2026,2,1,2026-02,False
2026-02-09,COALINDIA,422.691,423.47,418.6,420.451,4512635,-0.2541,419.053,398.325,372.327,54.3673,6.11326,7.41575,-1.30249,437.877,400.23,8.9838,2026,2,1,2026-02,False
2026-02-10,COALINDIA,420.743,422.447,417.529,419.72,5103221,-0.1737,418.987,399.392,372.582,53.8704,5.62662,7.05792,-1.4313,437.791,400.184,8.9757,2026,2,1,2026-02,False
2026-02-11,COALINDIA,415.094,416.798,409.348,412.221,5715603,-1.7867,418.712,400.241,372.831,48.9265,4.58299,6.56294,-1.97995,437.753,399.671,9.095,2026,2,1,2026-02,False
2026-02-12,COALINDIA,412.708,414.851,405.306,408.228,5987886,-0.9687,418.077,401.024,373.041,46.4804,3.39456,5.92926,-2.5347,437.646,398.507,9.3615,2026,2,1,2026-02,False
2026-02-13,COALINDIA,401.556,406.718,397.466,398.294,8190851,-2.4335,416.944,401.681,373.239,40.99,1.6323,5.06987,-3.43757,438.351,395.538,10.2682,2026,2,1,2026-02,False
2026-02-16,COALINDIA,397.368,412.805,396.005,411.49,9719418,3.3134,416.531,402.527,373.52,49.5205,1.28575,4.31304,-3.0273,438.027,395.034,10.3216,2026,2,1,2026-02,False
2026-02-17,COALINDIA,411.247,413.536,407.595,410.565,4564907,-0.2249,416.112,403.338,373.805,48.9858,0.925776,3.63559,-2.70982,437.736,394.487,10.3936,2026,2,1,2026-02,False
2026-02-18,COALINDIA,412.934,413.279,407.654,412.489,4872345,0.4687,416.512,404.237,374.09,50.1904,0.786702,3.06581,-2.27911,437.517,395.507,10.0862,2026,2,1,2026-02,False
2026-02-19,COALINDIA,412.489,414.315,409.134,410.664,3824366,-0.4426,416.882,405.061,374.4,49.0081,0.523142,2.55728,-2.03414,437.152,396.613,9.7245,2026,2,1,2026-02,False
2026-02-20,COALINDIA,410.516,419.891,409.578,417.966,8843227,1.7782,417.172,405.976,374.722,53.7056,0.893217,2.22447,-1.33125,437.324,397.021,9.6611,2026,2,1,2026-02,False
2026-02-23,COALINDIA,420.384,421.864,413.427,420.384,6515765,0.5784,417.817,406.904,375.047,55.1778,1.36585,2.05274,-0.686893,437.484,398.149,9.4144,2026,2,1,2026-02,False
2026-02-24,COALINDIA,418.41,426.305,416.535,425.269,8950772,1.162,418.486,407.942,375.411,58.0786,2.11025,2.06424,0.0460025,438.214,398.758,9.4283,2026,2,1,2026-02,False
2026-02-25,COALINDIA,425.269,433.854,422.9,432.818,8935314,1.7752,418.503,409.11,375.752,62.1549,3.27163,2.30572,0.965907,438.282,398.724,9.4523,2026,2,1,2026-02,False
2026-02-26,COALINDIA,432.966,433.755,423.838,427.785,8650353,-1.1628,417.698,410.233,376.069,58.0989,3.74278,2.59313,1.14965,434.164,401.233,7.8839,2026,2,1,2026-02,False
2026-02-27,COALINDIA,427.094,428.673,419.841,424.973,8147373,-0.6574,417.484,411.238,376.336,55.9035,3.84491,2.84349,1.00143,433.418,401.55,7.6334,2026,2,1,2026-02,False
2026-03-02,COALINDIA,412.391,423.937,410.516,420.631,7498197,-1.0217,417.892,412.145,376.573,52.5989,3.53475,2.98174,0.553006,433.703,402.082,7.5668,2026,3,1,2026-03,False
2026-03-04,COALINDIA,420.384,432.127,420.384,429.413,18921256,2.088,418.452,413.222,376.854,58.0063,3.95207,3.17581,0.776261,435.083,401.822,7.9486,2026,3,1,2026-03,False
2026-03-05,COALINDIA,434.347,452.456,434.199,443.475,30106255,3.2747,419.448,414.568,377.215,64.9087,5.35575,3.6118,1.74396,439.416,399.48,9.5211,2026,3,1,2026-03,False
2026-03-06,COALINDIA,445.202,445.646,432.818,434.643,10553695,-1.9915,420.15,415.462,377.507,58.4144,5.68993,4.02742,1.66251,441.245,399.056,10.0414,2026,3,1,2026-03,False
2026-03-09,COALINDIA,433.213,441.305,429.068,431.88,15824576,-0.6357,420.668,416.262,377.798,56.5095,5.66649,4.35523,1.31125,442.403,398.933,10.3337,2026,3,1,2026-03,False
2026-03-10,COALINDIA,438.936,439.035,428.032,437.703,10860312,1.3481,421.531,417.183,378.148,59.5061,6.04799,4.69379,1.35421,444.56,398.501,10.9267,2026,3,1,2026-03,False
2026-03-11,COALINDIA,441.107,447.916,439.282,440.86,9975869,0.7215,422.588,418.196,378.501,61.0727,6.52988,5.061,1.46887,447.157,398.019,11.6279,2026,3,1,2026-03,False
2026-03-12,COALINDIA,440.86,467.751,439.134,463.903,27328045,5.2266,425.172,419.721,378.964,70.1481,8.67113,5.78303,2.8881,455.375,394.968,14.2076,2026,3,1,2026-03,False
2026-03-13,COALINDIA,466.764,469.725,456.205,460.843,20216953,-0.6594,427.802,421.166,379.425,67.8853,10.0059,6.6276,3.3783,460.826,394.779,15.4387,2026,3,1,2026-03,False
2026-03-16,COALINDIA,460.843,464.593,449.989,454.232,12312203,-1.4347,430.599,422.45,379.86,63.1444,10.4102,7.38413,3.02608,462.558,398.641,14.8437,2026,3,1,2026-03,False
2026-03-17,COALINDIA,454.232,459.363,451.962,456.156,9193238,0.4236,432.833,423.238,380.305,63.9338,10.7618,8.05967,2.70217,465.405,400.26,15.0509,2026,3,1,2026-03,False
2026-03-18,COALINDIA,456.156,456.748,443.278,449.199,9539041,-1.5251,434.764,423.896,380.72,59.0122,10.3597,8.51968,1.84004,466.344,403.185,14.5272,2026,3,1,2026-03,False
2026-03-19,COALINDIA,444.956,453.936,444.709,448.212,10192726,-0.2197,436.551,424.542,381.118,58.3263,9.84789,8.78532,1.06257,466.84,406.261,13.8767,2026,3,1,2026-03,False
2026-03-20,COALINDIA,450.679,466.172,450.186,461.978,23878653,3.0713,439.116,425.373,381.617,64.5211,10.4328,9.11482,1.31798,468.861,409.371,13.5478,2026,3,1,2026-03,False
2026-03-23,COALINDIA,459.857,459.857,444.709,449.248,10163783,-2.7555,440.68,426.075,382.044,56.2013,9.75668,9.24319,0.51349,468.998,412.362,12.852,2026,3,1,2026-03,False
2026-03-24,COALINDIA,456.896,456.896,433.213,436.272,20320746,-2.8885,441.475,426.652,382.405,49.2322,8.08059,9.01067,-0.930075,468.245,414.705,12.1275,2026,3,1,2026-03,False
2026-03-25,COALINDIA,437.703,440.515,433.015,437.851,8630612,0.3619,442.104,426.988,382.755,50.0439,6.80129,8.56879,-1.7675,467.842,416.366,11.6433,2026,3,1,2026-03,False
2026-03-27,COALINDIA,440.12,442.587,435.236,439.183,17184280,0.3042,442.422,427.417,383.102,50.7593,5.82775,8.02058,-2.19284,467.832,417.012,11.4866,2026,3,1,2026-03,False
2026-03-30,COALINDIA,439.183,453.837,437.259,444.512,19114688,1.2134,443.258,427.889,383.483,53.6203,5.42368,7.5012,-2.07752,467.723,418.794,11.0386,2026,3,1,2026-03,False
2026-04-01,COALINDIA,457.883,458.722,440.91,443.475,14960312,-0.2331,444.184,428.339,383.847,52.9757,4.96264,6.99349,-2.03085,467.086,421.281,10.3123,2026,4,2,2026-04,False
2026-04-02,COALINDIA,442.489,447.324,434.693,443.426,6701003,-0.0111,445.323,428.812,384.254,52.9431,4.54093,6.50298,-1.96205,465.383,425.263,9.0091,2026,4,2,2026-04,False
2026-04-06,COALINDIA,443.377,455.367,441.502,453.492,12403745,2.2699,446.527,429.503,384.718,58.5527,4.96174,6.19473,-1.23299,465.423,427.631,8.4635,2026,4,2,2026-04,False
2026-04-07,COALINDIA,452.011,457.686,449.298,456.896,11316785,0.7507,447.198,430.552,385.184,60.2775,5.50647,6.05708,-0.550612,466.585,427.812,8.6701,2026,4,2,2026-04,False
2026-04-08,COALINDIA,457.883,457.883,441.107,443.327,20653569,-2.9698,447.632,431.353,385.597,51.1427,4.78809,5.80328,-1.01519,466.207,429.058,8.2989,2026,4,2,2026-04,False
2026-04-09,COALINDIA,443.327,450.186,441.946,448.114,9468415,1.0796,448.444,432.072,386.038,53.8021,4.55249,5.55312,-1.00063,465.475,431.413,7.5955,2026,4,2,2026-04,False
2026-04-10,COALINDIA,449.002,453.541,421.864,428.377,29605732,-4.4043,447.978,432.49,386.408,43.3282,2.74162,4.99082,-2.2492,466.676,429.28,8.3477,2026,4,2,2026-04,False
2026-04-13,COALINDIA,429.265,433.706,425.811,429.364,18702296,0.2304,447.403,432.839,386.762,43.9161,1.37032,4.26672,-2.8964,467.664,427.142,9.0571,2026,4,2,2026-04,False
2026-04-15,COALINDIA,433.213,433.213,425.713,430.055,10149319,0.1609,445.711,432.791,387.103,44.3513,0.335424,3.48046,-3.14504,465.823,425.599,9.0246,2026,4,2,2026-04,False
2026-04-16,COALINDIA,430.746,431.19,424.825,427.045,11776638,-0.6999,444.021,432.454,387.428,42.7932,-0.719309,2.64051,-3.35982,464.456,423.585,9.2047,2026,4,2,2026-04,False
2026-04-17,COALINDIA,427.094,434.347,424.825,432.966,10733309,1.3865,442.957,432.528,387.787,46.756,-1.06515,1.89938,-2.96452,463.369,422.546,9.2159,2026,4,2,2026-04,False
2026-04-20,COALINDIA,432.818,437.851,427.588,435.926,8090840,0.6838,441.946,432.997,388.149,48.6705,-1.0878,1.30194,-2.38974,461.594,422.298,8.8916,2026,4,2,2026-04,False
2026-04-21,COALINDIA,436.469,439.43,436.074,437.308,5336558,0.3169,441.351,433.379,388.519,49.5816,-0.982949,0.844963,-1.82791,460.794,421.909,8.8104,2026,4,2,2026-04,False
2026-04-22,COALINDIA,437.949,441.847,436.666,438.295,6991939,0.2257,440.856,433.674,388.903,50.2608,-0.810876,0.513795,-1.32467,460.066,421.645,8.7149,2026,4,2,2026-04,False
2026-04-23,COALINDIA,438.393,445.548,436.814,444.709,8989280,1.4635,439.992,434.156,389.33,54.5467,-0.155138,0.380008,-0.535147,456.578,423.406,7.5391,2026,4,2,2026-04,False
2026-04-24,COALINDIA,446.781,455.909,445.104,449.988,16441909,1.1872,440.029,434.726,389.796,57.772,0.781539,0.460315,0.321225,456.705,423.353,7.5794,2026,4,2,2026-04,False
2026-04-27,COALINDIA,452.456,454.577,444.709,446.535,6922067,-0.7675,440.542,435.247,390.248,55.0214,1.23098,0.614447,0.616529,457.362,423.722,7.636,2026,4,2,2026-04,False
2026-04-28,COALINDIA,450.186,467.653,450.186,460.843,26732373,3.2044,441.692,436.07,390.772,62.9019,2.71052,1.03366,1.67686,460.734,422.65,8.6222,2026,4,2,2026-04,False
2026-04-29,COALINDIA,463.656,479.297,457.932,473.573,18063862,2.7623,443.411,437.297,391.368,68.2342,4.85431,1.79779,3.05652,467.135,419.688,10.7004,2026,4,2,2026-04,False
2026-04-30,COALINDIA,478.063,484.774,472.093,475.103,16935052,0.323,444.941,438.634,391.979,68.8142,6.60061,2.75835,3.84226,472.584,417.298,12.4255,2026,4,2,2026-04,False
2026-05-01,COALINDIA,475.103,475.103,475.103,475.103,0,0.0,446.522,440.17,392.568,68.8142,7.89358,3.7854,4.10818,477.258,415.787,13.7667,2026,5,2,2026-05,False
2026-05-04,COALINDIA,475.251,480.58,469.33,473.623,7757497,-0.3116,448.032,441.413,393.166,67.4323,8.69855,4.76803,3.93052,481.012,415.052,14.7222,2026,5,2,2026-05,False
2026-05-05,COALINDIA,473.623,473.672,464.988,466.37,6946902,-1.5314,448.676,442.529,393.742,60.9711,8.6515,5.54472,3.10678,482.594,414.758,15.1193,2026,5,2,2026-05,False
2026-05-06,COALINDIA,467.603,471.205,461.88,464.001,8596697,-0.5078,449.031,443.559,394.292,58.9837,8.32712,6.1012,2.22592,483.457,414.605,15.3334,2026,5,2,2026-05,False
2026-05-07,COALINDIA,464.001,466.616,450.087,460.498,24264105,-0.755,449.89,444.556,394.813,56.0723,7.69862,6.42069,1.27793,484.572,415.207,15.4182,2026,5,2,2026-05,False
2026-05-08,COALINDIA,455.12,457.242,448.903,450.383,15767759,-2.1965,450.003,445.204,395.283,48.6113,6.31158,6.39886,-0.0872811,484.676,415.33,15.41,2026,5,2,2026-05,False
2026-05-11,COALINDIA,449.989,459.61,446.88,458.327,6258261,1.7638,451.501,445.963,395.796,53.8096,5.78665,6.27642,-0.48977,484.801,418.201,14.7508,2026,5,2,2026-05,False
2026-05-12,COALINDIA,458.87,462.817,455.564,456.946,6464174,-0.3014,452.88,446.597,396.29,52.8091,5.19923,6.06098,-0.861757,484.565,421.195,13.9928,2026,5,2,2026-05,False
2026-05-13,COALINDIA,457.143,467.356,453.442,456.156,12091924,-0.1728,454.185,447.064,396.788,52.2117,4.61676,5.77214,-1.15537,484.007,424.363,13.1322,2026,5,2,2026-05,False
2026-05-14,COALINDIA,457.883,463.607,445.498,448.064,11408675,-1.7739,455.236,447.469,397.234,46.4156,3.4623,5.31017,-1.84787,482.393,428.078,11.9312,2026,5,2,2026-05,False
2026-05-15,COALINDIA,450.975,462.324,449.248,456.107,7859575,1.795,456.393,448.092,397.713,52.1064,3.15992,4.88012,-1.7202,481.446,431.34,10.9786,2026,5,2,2026-05,False
2026-05-18,COALINDIA,455.909,462.324,451.025,456.008,7735499,-0.0216,457.397,448.799,398.216,52.0334,2.87913,4.47992,-1.60079,480.532,434.262,10.1161,2026,5,2,2026-05,False
2026-05-19,COALINDIA,456.008,457.143,448.015,450.926,7319865,-1.1145,458.078,449.23,398.715,48.2809,2.22092,4.02812,-1.8072,479.459,436.697,9.3351,2026,5,2,2026-05,False
2026-05-20,COALINDIA,449.989,453.985,446.732,452.653,3756072,0.383,458.796,449.413,399.234,49.6107,1.81768,3.58603,-1.76835,478.258,439.334,8.484,2026,5,2,2026-05,False
2026-05-21,COALINDIA,452.653,459.117,451.222,454.133,7425043,0.327,459.267,449.803,399.736,50.7789,1.59912,3.18865,-1.58953,477.723,440.811,8.0374,2026,5,2,2026-05,False
2026-05-22,COALINDIA,453.936,456.748,449.989,450.531,9201635,-0.7931,459.294,450.176,400.238,47.8706,1.12232,2.77538,-1.65306,477.695,440.894,8.0125,2026,5,2,2026-05,False
2026-05-25,COALINDIA,453.936,456.452,449.988,451.962,8441223,0.3176,459.566,450.461,400.762,49.1174,0.850119,2.39033,-1.54021,477.323,441.809,7.7277,2026,5,2,2026-05,False
2026-05-26,COALINDIA,451.962,469.379,449.002,452.11,17073323,0.0327,459.129,450.686,401.306,49.2526,0.638975,2.04006,-1.40109,477.181,441.077,7.8635,2026,5,2,2026-05,False
2026-05-27,COALINDIA,423.344,462.126,422.752,456.946,117042535,1.0695,458.297,450.547,401.863,53.5912,0.851997,1.80245,-0.95045,475.032,441.563,7.3028,2026,5,2,2026-05,False
2026-05-28,COALINDIA,456.946,456.946,456.946,456.946,0,0.0,457.39,450.469,402.398,53.5912,1.00919,1.6438,-0.634609,472.137,442.642,6.4486,2026,5,2,2026-05,False
2026-05-29,COALINDIA,452.85,467.751,449.89,451.863,97895486,-1.1122,456.228,450.422,402.895,48.5334,0.715428,1.45812,-0.742694,468.564,443.892,5.4079,2026,5,2,2026-05,False
2026-06-01,COALINDIA,450.531,470.712,450.531,466.37,47716517,3.2103,455.865,450.626,403.451,60.1067,1.63431,1.49336,0.140954,466.333,445.397,4.5926,2026,6,2,2026-06,False
2026-06-02,COALINDIA,463.656,468.689,457.192,465.926,24933269,-0.0952,455.843,450.961,404.005,59.6644,2.30019,1.65473,0.645464,466.218,445.467,4.5523,2026,6,2,2026-06,False
2026-06-03,COALINDIA,465.679,472.241,460.054,466.074,15291450,0.0318,455.946,451.318,404.546,59.7707,2.80748,1.88528,0.922205,466.7,445.193,4.7169,2026,6,2,2026-06,False
2026-06-04,COALINDIA,466.764,478.063,466.616,475.3,16059802,1.9797,456.687,451.584,405.12,65.8164,3.90898,2.29002,1.61896,470.391,442.982,6.0018,2026,6,2,2026-06,False
2026-06-05,COALINDIA,476.929,477.225,462.916,466.074,9592529,-1.9412,457.471,451.921,405.644,56.6484,3.99139,2.63029,1.3611,471.45,443.492,6.1115,2026,6,2,2026-06,False
2026-06-08,COALINDIA,458.87,464.396,457.834,458.771,10074583,-1.5668,457.493,452.371,406.14,50.6365,3.42794,2.78982,0.638115,471.479,443.507,6.1143,2026,6,2,2026-06,False
2026-06-09,COALINDIA,458.771,461.386,452.357,460.745,10972434,0.4302,457.683,452.829,406.629,52.1156,3.10486,2.85283,0.252032,471.741,443.625,6.1431,2026,6,2,2026-06,False
2026-06-10,COALINDIA,459.067,461.238,444.265,445.054,8127902,-3.4054,457.128,452.946,407.052,41.4757,1.5647,2.5952,-1.0305,472.275,441.982,6.6268,2026,6,2,2026-06,False
2026-06-11,COALINDIA,445.054,446.041,439.183,440.318,6034733,-1.0643,456.741,452.862,407.454,38.8941,-0.037661,2.06863,-2.10629,473.202,440.279,7.2082,2026,6,2,2026-06,False
2026-06-12,COALINDIA,447.373,447.373,433.854,437.653,9946830,-0.6051,455.818,452.746,407.849,37.4809,-1.50519,1.35387,-2.85906,474.366,437.271,8.1381,2026,6,2,2026-06,False
2026-06-15,COALINDIA,442.39,443.673,435.384,438.196,10056872,0.124,454.928,452.641,408.265,37.9753,-2.59452,0.564189,-3.15871,475.078,434.777,8.8588,2026,6,2,2026-06,False
2026-06-16,COALINDIA,440.071,447.472,437.752,445.005,7262608,1.5539,454.631,452.471,408.688,43.9623,-2.87524,-0.123697,-2.75154,475.199,434.064,9.0481,2026,6,2,2026-06,False
2026-06-17,COALINDIA,444.956,455.465,442.686,449.742,9064734,1.0644,454.486,452.328,409.171,47.7413,-2.68455,-0.635868,-2.04869,475.153,433.818,9.0949,2026,6,2,2026-06,False
2026-06-18,COALINDIA,449.988,451.469,444.413,446.041,5364436,-0.8228,454.081,452.383,409.627,45.178,-2.79977,-1.06865,-1.73112,475.092,433.071,9.2541,2026,6,2,2026-06,False
2026-06-19,COALINDIA,446.337,448.804,442.094,445.35,6128782,-0.1549,453.822,452.327,410.076,44.6956,-2.91323,-1.43756,-1.47567,475.143,432.502,9.3959,2026,6,2,2026-06,False
2026-06-22,COALINDIA,446.041,448.311,441.798,443.081,3738644,-0.5096,453.378,452.621,410.5,43.0683,-3.14998,-1.78005,-1.36994,475.225,431.531,9.6374,2026,6,2,2026-06,False
2026-06-23,COALINDIA,443.327,445.548,437.653,438.492,3512212,-1.0356,452.697,452.804,410.89,39.905,-3.66563,-2.15716,-1.50846,475.537,429.858,10.0905,2026,6,2,2026-06,False
2026-06-24,COALINDIA,438.492,441.305,435.088,435.926,4169224,-0.5851,451.646,452.921,411.222,38.2149,-4.23252,-2.57223,-1.66028,475.572,427.721,10.5947,2026,6,2,2026-06,False
2026-06-25,COALINDIA,436.716,437.012,426.305,429.66,7046971,-1.4375,450.282,452.974,411.514,34.3845,-5.12831,-3.08345,-2.04486,475.981,424.583,11.4146,2026,6,2,2026-06,False
2026-06-26,COALINDIA,429.66,429.66,429.66,429.66,0,0.0,449.172,452.908,411.801,34.3845,-5.77169,-3.6211,-2.1506,476.453,421.891,12.1472,2026,6,2,2026-06,False
2026-06-29,COALINDIA,429.907,441.995,429.512,438.986,21400224,2.1704,447.803,452.969,412.161,44.0616,-5.46609,-3.9901,-1.47599,474.183,421.422,11.7822,2026,6,2,2026-06,False
2026-06-30,COALINDIA,439.726,440.959,432.176,433.262,4363382,-1.3038,446.17,452.888,412.488,40.1479,-5.62094,-4.31627,-1.30468,471.861,420.478,11.5166,2026,6,2,2026-06,False
2026-07-01,COALINDIA,433.213,433.213,427.489,429.019,3391210,-0.9794,444.317,452.702,412.775,37.4893,-6.01671,-4.65635,-1.36035,469.3,419.334,11.2455,2026,7,3,2026-07,False
2026-07-02,COALINDIA,432.621,434.199,427.094,433.114,4941315,0.9546,442.207,452.47,413.075,41.5147,-5.93152,-4.91139,-1.02014,462.937,421.478,9.3756,2026,7,3,2026-07,False
2026-07-03,COALINDIA,436.124,439.578,432.028,432.917,4283263,-0.0456,440.55,452.129,413.37,41.3764,-5.81293,-5.0917,-0.721236,458.338,422.762,8.0753,2026,7,3,2026-07,False
2026-07-06,COALINDIA,432.917,434.693,425.565,426.65,5464728,-1.4475,438.944,451.731,413.632,37.1458,-6.15365,-5.30409,-0.849561,455.566,422.321,7.5741,2026,7,3,2026-07,False
2026-07-07,COALINDIA,426.65,428.624,418.854,423.295,5315215,-0.7864,437.071,450.98,413.872,35.0777,-6.61811,-5.56689,-1.05122,451.667,422.475,6.6791,2026,7,3,2026-07,False
2026-07-08,COALINDIA,422.358,426.305,420.828,423.394,3686631,0.0233,435.988,449.977,414.093,35.1919,-6.89872,-5.83326,-1.06546,451.288,420.689,7.0183,2026,7,3,2026-07,False
2026-07-09,COALINDIA,426.749,430.055,423.196,424.233,2855525,0.1981,435.184,448.959,414.35,36.2197,-6.97304,-6.06121,-0.911825,451.199,419.168,7.3604,2026,7,3,2026-07,False
2026-07-10,COALINDIA,424.479,426.897,421.124,423.64,4872051,-0.1396,434.483,447.93,414.598,35.7883,-6.99903,-6.24878,-0.750255,451.252,417.714,7.7191,2026,7,3,2026-07,False
2026-07-13,COALINDIA,423.344,426.206,419.397,424.529,5650932,0.2096,433.8,446.948,414.85,37.0005,-6.86879,-6.37278,-0.496008,451.039,416.56,7.948,2026,7,3,2026-07,False
2026-07-14,COALINDIA,424.282,430.746,422.407,424.923,6155516,0.093,432.796,446.119,415.106,37.5647,-6.65698,-6.42962,-0.227359,449.621,415.97,7.7753,2026,7,3,2026-07,False
2026-07-15,COALINDIA,424.874,427.242,420.976,421.914,5624520,-0.7083,431.404,445.277,415.353,34.9916,-6.65527,-6.47475,-0.180518,446.878,415.931,7.1735,2026,7,3,2026-07,False
2026-07-16,COALINDIA,421.914,424.825,420.236,421.716,4570655,-0.0468,430.188,444.502,415.6,34.8231,-6.59383,-6.49857,-0.0952622,444.605,415.771,6.7027,2026,7,3,2026-07,False
2026-07-17,COALINDIA,421.766,424.035,419.101,422.012,4142036,0.0702,429.021,443.934,415.865,35.3261,-6.44693,-6.48824,0.0413078,441.975,416.068,6.0386,2026,7,3,2026-07,False
2026-07-20,COALINDIA,422.506,427.785,422.506,423.739,5363624,0.4092,428.054,443.243,416.143,38.3162,-6.12061,-6.41471,0.294102,439.373,416.735,5.2884,2026,7,3,2026-07,False
2026-07-21,COALINDIA,424.282,427.489,423.492,425.565,4612497,0.4308,427.408,442.615,416.422,41.4005,-5.64956,-6.26168,0.612121,437.641,417.174,4.7885,2026,7,3,2026-07,False
2026-07-22,COALINDIA,425.614,426.009,421.716,422.752,5625202,-0.6609,426.749,441.947,416.694,38.2292,-5.44048,-6.09744,0.656963,436.35,417.148,4.4995,2026,7,3,2026-07,False
2026-07-23,COALINDIA,423.196,424.825,418.904,421.42,6064005,-0.3151,426.337,441.414,416.983,36.7915,-5.32094,-5.94214,0.621201,436.117,416.557,4.5881,2026,7,3,2026-07,False
2026-07-24,COALINDIA,421.371,423.246,419.15,421.766,5403125,0.082,425.942,440.727,417.282,37.4483,-5.1391,-5.78153,0.642437,435.795,416.09,4.6263,2026,7,3,2026-07,False
2026-07-27,COALINDIA,423.838,425.318,420.137,421.864,5241433,0.0234,425.086,440.044,417.567,37.6477,-4.93019,-5.61126,0.681078,432.939,417.233,3.6949,2026,7,3,2026-07,False
2026-07-28,COALINDIA,417.325,418.016,401.437,404.743,14222229,-4.0585,423.66,439.121,417.779,23.5965,-6.07612,-5.70424,-0.37189,434.893,412.428,5.3025,2026,7,3,2026-07,False
2026-07-29,COALINDIA,407.605,408.049,400.894,404.644,9914444,-0.0244,422.442,438.161,417.985,23.542,-6.91257,-5.9459,-0.966668,436.225,408.658,6.5258,2026,7,3,2026-07,False
2026-07-30,COALINDIA,407.506,412.785,404.694,411.7,23225454,1.7437,421.371,437.312,418.22,35.0934,-6.92628,-6.14198,-0.7843,434.99,407.752,6.4642,2026,7,3,2026-07,False
2026-07-31,COALINDIA,413.0,415.1,410.15,414.15,5938134,0.5951,420.432,436.584,418.482,38.5642,-6.66264,-6.24611,-0.416533,433.265,407.6,6.1047,2026,7,3,2026-07,False
2026-08-03,COALINDIA,415.95,416.0,412.6,416.0,5371911,0.4467,419.9,435.865,418.756,41.1244,-6.23259,-6.24341,0.0108189,432.529,407.271,6.0152,2026,8,3,2026-08,False
2026-08-04,COALINDIA,415.0,417.6,413.0,417.6,4057342,0.3846,419.615,435.175,419.022,43.3243,-5.69699,-6.13412,0.437136,432.178,407.052,5.988,2026,8,3,2026-08,False
2026-08-05,COALINDIA,417.6,417.6,411.7,415.5,5429514,-0.5029,419.221,434.346,419.262,41.151,-5.37995,-5.98329,0.603334,431.78,406.661,5.9918,2026,8,3,2026-08,False
2026-08-06,COALINDIA,414.5,415.75,412.15,415.6,4753639,0.0241,418.789,433.519,419.496,41.302,-5.06228,-5.79909,0.736807,431.216,406.362,5.9346,2026,8,3,2026-08,False
2026-08-07,COALINDIA,415.0,415.25,412.5,415.25,3493763,-0.0842,418.369,432.787,419.721,40.9064,-4.78362,-5.59599,0.812373,430.672,406.066,5.8814,2026,8,3,2026-08,False
2026-08-10,COALINDIA,415.0,415.15,410.35,411.0,6284552,-1.0235,417.693,431.679,419.921,36.3528,-4.84981,-5.44676,0.596943,430.058,405.328,5.9204,2026,8,3,2026-08,False
2026-08-11,COALINDIA,411.0,413.45,409.25,412.6,10739893,0.3893,417.077,430.613,420.123,39.1013,-4.71877,-5.30116,0.582389,429.149,405.004,5.789,2026,8,3,2026-08,False
2026-08-12,COALINDIA,412.6,413.7,408.2,409.3,4089147,-0.7998,416.446,429.477,420.301,35.6791,-4.82558,-5.20604,0.380467,428.77,404.122,5.9185,2026,8,3,2026-08,False
2026-08-13,COALINDIA,409.3,410.5,406.7,410.5,4423109,0.2932,415.885,428.181,420.473,37.8106,-4.75854,-5.11654,0.358006,428.22,403.551,5.9318,2026,8,3,2026-08,False
2026-08-14,COALINDIA,409.8,410.4,405.6,407.1,5000302,-0.8283,415.14,427.002,420.652,34.3385,-4.92301,-5.07784,0.154827,427.715,402.564,6.0586,2026,8,3,2026-08,False
2026-08-17,COALINDIA,407.1,408.45,405.3,408.45,4866733,0.3316,414.375,425.995,420.883,36.8194,-4.88807,-5.03988,0.15181,426.604,402.147,5.9022,2026,8,3,2026-08,False
2026-08-18,COALINDIA,408.95,412.7,406.75,406.9,7352659,-0.3795,413.442,424.919,421.08,35.1761,-4.92864,-5.01764,0.0889904,424.9,401.984,5.5426,2026,8,3,2026-08,False
2026-08-19,COALINDIA,406.95,407.6,397.3,400.0,6030203,-1.6957,412.304,424.017,421.237,28.9762,-5.45469,-5.10505,-0.349646,424.372,400.237,5.8536,2026,8,3,2026-08,False
2026-08-20,COALINDIA,400.05,403.45,395.8,402.5,5070984,0.625,411.358,423.261,421.407,33.5463,-5.60525,-5.20509,-0.400159,423.383,399.334,5.8464,2026,8,3,2026-08,False
2026-08-21,COALINDIA,402.55,405.9,401.7,405.2,10327739,0.6708,410.53,422.612,421.595,38.1735,-5.44394,-5.25286,-0.191081,421.795,399.266,5.4878,2026,8,3,2026-08,False
