Date,Ticker,Open,High,Low,Close,Volume,Daily_Return_Pct,MA20,MA50,MA200,RSI_14,MACD,MACD_Signal,MACD_Hist,BB_Upper,BB_Lower,BB_Width,Year,Month,Quarter,Year_Month,Price_Repaired
2000-01-03,ITC,7.35,7.5,7.15,7.5,26297407,,,,,,0.0,0.0,0.0,,,,2000,1,1,2000-01,False
2000-01-04,ITC,7.56,7.72,7.35,7.54,33303725,0.543,,,,,0.0033,0.0007,0.0026,,,,2000,1,1,2000-01,False
2000-01-05,ITC,7.58,8.04,6.99,7.69,64592086,1.944,,,,,0.0175,0.004,0.0134,,,,2000,1,1,2000-01,False
2000-01-06,ITC,7.85,8.3,7.85,8.3,33723435,8.001,,,,,0.0775,0.0187,0.0588,,,,2000,1,1,2000-01,False
2000-01-07,ITC,8.81,8.97,8.72,8.97,10805109,8.001,,,,,0.1766,0.0503,0.1263,,,,2000,1,1,2000-01,False
2000-01-10,ITC,9.65,9.69,9.26,9.69,57005858,8.004,,,,,0.3095,0.1021,0.2074,,,,2000,1,1,2000-01,False
2000-01-11,ITC,9.55,10.08,9.17,9.36,111045006,-3.405,,,,,0.3838,0.1585,0.2254,,,,2000,1,1,2000-01,False
2000-01-12,ITC,9.58,9.78,9.21,9.41,28804684,0.526,,,,,0.4416,0.2151,0.2265,,,,2000,1,1,2000-01,False
2000-01-13,ITC,9.53,9.91,9.22,9.31,31174379,-0.968,,,,,0.4746,0.267,0.2076,,,,2000,1,1,2000-01,False
2000-01-14,ITC,9.32,9.57,9.14,9.4,26889329,0.887,,,,,0.5016,0.3139,0.1877,,,,2000,1,1,2000-01,False
2000-01-17,ITC,9.58,9.58,8.65,8.65,82432628,-7.909,,,,,0.4577,0.3427,0.115,,,,2000,1,1,2000-01,False
2000-01-18,ITC,8.53,8.79,8.43,8.7,37733274,0.489,,,,,0.4215,0.3584,0.0631,,,,2000,1,1,2000-01,False
2000-01-19,ITC,8.79,8.98,8.48,8.75,19928856,0.578,,,,,0.3924,0.3652,0.0271,,,,2000,1,1,2000-01,False
2000-01-20,ITC,8.79,8.79,8.24,8.32,22667602,-4.842,,,,,0.3313,0.3584,-0.0272,,,,2000,1,1,2000-01,False
2000-01-21,ITC,8.31,8.96,8.31,8.8,56122789,5.782,,,,64.547,0.318,0.3503,-0.0323,,,,2000,1,1,2000-01,False
2000-01-24,ITC,8.85,9.08,8.29,8.39,72295848,-4.702,,,,58.702,0.271,0.3345,-0.0635,,,,2000,1,1,2000-01,False
2000-01-25,ITC,8.26,8.26,7.72,7.72,57996459,-7.937,,,,50.743,0.1779,0.3032,-0.1252,,,,2000,1,1,2000-01,False
2000-01-26,ITC,7.72,7.72,7.72,7.72,0,0.0,,,,50.743,0.103,0.2631,-0.1601,,,,2000,1,1,2000-01,False
2000-01-27,ITC,7.95,8.34,7.2,8.25,87298103,6.758,,,,56.148,0.0847,0.2275,-0.1427,,,,2000,1,1,2000-01,False
2000-01-28,ITC,8.12,8.12,7.59,7.61,59659596,-7.659,8.5,,,49.124,0.0191,0.1858,-0.1667,9.92,7.09,33.38,2000,1,1,2000-01,False
2000-01-31,ITC,7.53,7.71,7.25,7.33,46420954,-3.754,8.5,,,46.301,-0.0554,0.1376,-0.1929,9.94,7.05,34.061,2000,1,1,2000-01,False
2000-02-01,ITC,7.38,7.64,7.32,7.43,53975217,1.351,8.49,,,47.428,-0.1052,0.089,-0.1942,9.95,7.03,34.477,2000,2,1,2000-02,False
2000-02-02,ITC,7.62,7.76,7.54,7.56,28068217,1.782,8.48,,,48.969,-0.1324,0.0447,-0.1772,9.96,7.0,34.877,2000,2,1,2000-02,False
2000-02-03,ITC,7.63,7.69,7.46,7.51,16686328,-0.693,8.44,,,48.364,-0.1565,0.0045,-0.1609,9.99,6.9,36.508,2000,2,1,2000-02,False
2000-02-04,ITC,7.55,7.62,7.32,7.36,20478063,-1.918,8.36,,,46.659,-0.185,-0.0334,-0.1516,9.96,6.77,38.083,2000,2,1,2000-02,False
2000-02-07,ITC,7.5,7.95,7.5,7.91,45210614,7.448,8.28,,,53.399,-0.1615,-0.059,-0.1025,9.75,6.8,35.668,2000,2,1,2000-02,False
2000-02-08,ITC,8.06,8.45,8.0,8.08,45291088,2.134,8.21,,,55.273,-0.1278,-0.0728,-0.055,9.6,6.82,33.771,2000,2,1,2000-02,False
2000-02-09,ITC,8.31,8.73,8.17,8.73,31670824,8.005,8.18,,,61.637,-0.0483,-0.0679,0.0196,9.47,6.88,31.639,2000,2,1,2000-02,False
2000-02-10,ITC,9.43,9.43,9.43,9.43,949756,8.0,8.18,,,67.081,0.0703,-0.0402,0.1105,9.5,6.87,32.142,2000,2,1,2000-02,False
2000-02-11,ITC,10.18,10.18,10.18,10.18,2024430,8.003,8.22,,,71.747,0.2225,0.0123,0.2102,9.72,6.72,36.51,2000,2,1,2000-02,False
2000-02-14,ITC,10.57,10.98,9.55,9.87,52450784,-3.016,8.28,,,67.55,0.3148,0.0728,0.242,9.95,6.62,40.202,2000,2,1,2000-02,False
2000-02-15,ITC,9.79,10.66,9.64,10.66,68620431,7.93,8.38,,,72.041,0.4459,0.1474,0.2985,10.35,6.41,47.016,2000,2,1,2000-02,False
2000-02-16,ITC,10.9,11.3,10.32,10.56,76622397,-0.924,8.47,,,70.716,0.5357,0.2251,0.3106,10.67,6.28,51.814,2000,2,1,2000-02,False
2000-02-17,ITC,10.58,11.17,10.5,10.91,89953851,3.299,8.6,,,72.634,0.6278,0.3056,0.3222,11.05,6.15,56.913,2000,2,1,2000-02,False
2000-02-18,ITC,10.96,11.12,10.03,10.13,51018368,-7.116,8.67,,,62.769,0.6308,0.3707,0.2602,11.21,6.13,58.63,2000,2,1,2000-02,False
2000-02-21,ITC,10.48,10.67,10.16,10.38,45442597,2.414,8.77,,,64.41,0.6455,0.4256,0.2199,11.41,6.12,60.413,2000,2,1,2000-02,False
2000-02-22,ITC,10.43,10.58,9.77,9.97,50870972,-3.939,8.88,,,59.678,0.6171,0.4639,0.1532,11.53,6.23,59.742,2000,2,1,2000-02,False
2000-02-23,ITC,10.07,10.58,9.17,9.17,33391817,-7.994,8.95,,,51.703,0.5242,0.476,0.0483,11.55,6.35,58.049,2000,2,1,2000-02,False
2000-02-24,ITC,9.17,9.32,8.59,8.92,27808195,-2.696,8.98,,,49.493,0.4258,0.466,-0.0402,11.56,6.41,57.361,2000,2,1,2000-02,False
2000-02-25,ITC,9.2,9.2,8.48,8.58,16027952,-3.863,9.03,,,46.509,0.3163,0.436,-0.1197,11.54,6.53,55.443,2000,2,1,2000-02,False
2000-02-28,ITC,8.68,8.88,8.32,8.51,15596138,-0.821,9.09,,,45.9,0.2213,0.3931,-0.1718,11.48,6.7,52.531,2000,2,1,2000-02,False
2000-02-29,ITC,8.58,8.67,7.83,7.91,60839513,-7.05,9.12,,,40.978,0.0965,0.3338,-0.2373,11.44,6.79,51.043,2000,2,1,2000-02,False
2000-03-01,ITC,7.84,8.3,7.52,7.98,40871260,0.924,9.14,,,41.796,0.0035,0.2677,-0.2642,11.41,6.86,49.784,2000,3,1,2000-03,False
2000-03-02,ITC,8.06,8.26,7.56,7.67,49994914,-3.867,9.15,,,39.315,-0.0941,0.1953,-0.2894,11.4,6.89,49.222,2000,3,1,2000-03,False
2000-03-03,ITC,7.79,7.79,7.06,7.15,32555108,-6.797,9.13,,,35.483,-0.2111,0.1141,-0.3251,11.42,6.85,50.095,2000,3,1,2000-03,False
2000-03-06,ITC,7.38,7.72,7.38,7.72,22249948,8.003,9.12,,,42.148,-0.2546,0.0403,-0.295,11.44,6.81,50.646,2000,3,1,2000-03,False
2000-03-07,ITC,7.89,8.34,7.75,8.27,44608225,7.019,9.13,,,47.664,-0.2426,-0.0163,-0.2264,11.43,6.84,50.243,2000,3,1,2000-03,False
2000-03-08,ITC,8.68,8.93,8.26,8.55,38155180,3.452,9.13,,,50.347,-0.2077,-0.0546,-0.1532,11.43,6.82,50.467,2000,3,1,2000-03,False
2000-03-09,ITC,8.63,8.97,8.33,8.77,41578378,2.619,9.09,,,52.409,-0.1601,-0.0757,-0.0844,11.4,6.79,50.659,2000,3,1,2000-03,False
2000-03-10,ITC,8.89,9.18,8.58,8.87,31746999,1.05,9.03,8.64,,53.269,-0.1136,-0.0833,-0.0304,11.27,6.78,49.778,2000,3,1,2000-03,False
2000-03-13,ITC,9.18,9.58,8.47,8.78,52478497,-0.997,8.97,8.67,,52.293,-0.083,-0.0832,0.0002,11.18,6.76,49.329,2000,3,1,2000-03,False
2000-03-14,ITC,8.74,9.3,8.38,9.1,52288994,3.613,8.89,8.7,,55.447,-0.0327,-0.0731,0.0404,10.96,6.83,46.504,2000,3,1,2000-03,False
2000-03-15,ITC,9.11,9.26,8.75,9.02,20967359,-0.85,8.82,8.73,,54.502,0.0008,-0.0583,0.0592,10.73,6.9,43.466,2000,3,1,2000-03,False
2000-03-16,ITC,9.1,9.1,8.3,8.32,22341078,-7.755,8.69,8.73,,46.732,-0.0286,-0.0524,0.0237,10.34,7.03,38.066,2000,3,1,2000-03,False
2000-03-17,ITC,8.32,8.32,8.32,8.32,0,0.0,8.6,8.71,,46.732,-0.0514,-0.0522,0.0008,10.11,7.08,35.203,2000,3,1,2000-03,False
2000-03-20,ITC,8.32,8.32,8.32,8.32,0,0.0,8.49,8.69,,46.732,-0.0687,-0.0555,-0.0132,9.76,7.23,29.743,2000,3,1,2000-03,False
2000-03-21,ITC,8.21,8.34,7.65,7.68,18503310,-7.701,8.38,8.65,,40.18,-0.1325,-0.0709,-0.0616,9.49,7.27,26.409,2000,3,1,2000-03,False
2000-03-22,ITC,7.89,8.15,7.79,7.84,20994744,2.11,8.31,8.62,,42.38,-0.1681,-0.0903,-0.0778,9.38,7.25,25.637,2000,3,1,2000-03,False
2000-03-23,ITC,7.91,7.92,7.38,7.46,13964266,-4.821,8.24,8.58,,38.794,-0.2242,-0.1171,-0.1071,9.33,7.15,26.449,2000,3,1,2000-03,False
2000-03-24,ITC,7.54,7.76,7.54,7.64,12076623,2.363,8.19,8.55,,41.289,-0.2516,-0.144,-0.1076,9.3,7.08,27.077,2000,3,1,2000-03,False
2000-03-27,ITC,7.68,7.75,7.52,7.63,11396096,-0.125,8.15,8.53,,41.192,-0.2709,-0.1694,-0.1015,9.28,7.02,27.642,2000,3,1,2000-03,False
2000-03-28,ITC,7.64,7.66,7.33,7.43,18016024,-2.575,8.13,8.5,,39.135,-0.2986,-0.1952,-0.1034,9.29,6.96,28.727,2000,3,1,2000-03,False
2000-03-29,ITC,7.62,7.94,7.54,7.66,16241896,3.02,8.11,8.48,,42.658,-0.299,-0.216,-0.083,9.29,6.92,29.211,2000,3,1,2000-03,False
2000-03-30,ITC,7.73,7.98,7.53,7.63,28220988,-0.415,8.11,8.47,,42.285,-0.2985,-0.2325,-0.066,9.3,6.92,29.315,2000,3,1,2000-03,False
2000-03-31,ITC,7.53,7.96,7.52,7.85,27392504,2.958,8.14,8.45,,45.902,-0.2766,-0.2413,-0.0353,9.25,7.03,27.222,2000,3,1,2000-03,False
2000-04-03,ITC,7.83,8.48,7.63,8.44,80382074,7.492,8.18,8.45,,53.999,-0.2095,-0.2349,0.0255,9.28,7.08,26.84,2000,4,2,2000-04,False
2000-04-04,ITC,8.31,8.31,7.76,7.76,27166362,-7.999,8.15,8.45,,45.57,-0.2083,-0.2296,0.0213,9.26,7.04,27.275,2000,4,2,2000-04,False
2000-04-05,ITC,7.2,7.84,7.15,7.4,33006129,-4.705,8.09,8.44,,41.77,-0.2341,-0.2305,-0.0036,9.24,6.95,28.263,2000,4,2,2000-04,False
2000-04-06,ITC,7.46,7.53,6.84,7.23,20159998,-2.283,8.02,8.42,,40.105,-0.2652,-0.2375,-0.0277,9.18,6.86,28.919,2000,4,2,2000-04,False
2000-04-07,ITC,7.22,7.77,7.22,7.74,50815547,7.052,7.96,8.43,,46.976,-0.2458,-0.2391,-0.0067,9.05,6.87,27.465,2000,4,2,2000-04,False
2000-04-10,ITC,7.78,8.17,7.68,7.79,68288626,0.691,7.91,8.43,,47.655,-0.2236,-0.236,0.0124,8.94,6.89,25.91,2000,4,2,2000-04,False
2000-04-11,ITC,7.69,7.71,7.44,7.59,22405289,-2.582,7.84,8.44,,45.306,-0.2197,-0.2328,0.0131,8.71,6.97,22.158,2000,4,2,2000-04,False
2000-04-12,ITC,7.68,7.83,7.57,7.64,16534258,0.676,7.77,8.44,,46.037,-0.21,-0.2282,0.0182,8.44,7.1,17.238,2000,4,2,2000-04,False
2000-04-13,ITC,7.43,7.43,7.2,7.26,18802122,-5.015,7.72,8.43,,41.571,-0.2306,-0.2287,-0.0019,8.37,7.06,16.942,2000,4,2,2000-04,False
2000-04-14,ITC,7.26,7.26,7.26,7.26,0,0.0,7.66,8.43,,41.571,-0.2441,-0.2318,-0.0124,8.28,7.04,16.141,2000,4,2,2000-04,False
2000-04-17,ITC,7.2,7.2,6.68,6.68,15138108,-8.0,7.58,8.41,,35.517,-0.2983,-0.2451,-0.0532,8.26,6.9,18.031,2000,4,2,2000-04,False
2000-04-18,ITC,6.68,6.85,6.14,6.15,32198674,-7.942,7.5,8.37,,31.066,-0.3796,-0.272,-0.1076,8.44,6.57,24.889,2000,4,2,2000-04,False
2000-04-19,ITC,6.55,6.55,5.91,6.16,35376758,0.258,7.42,8.32,,31.343,-0.4377,-0.3051,-0.1326,8.51,6.33,29.483,2000,4,2,2000-04,False
2000-04-20,ITC,6.05,6.19,5.75,6.1,42921300,-1.116,7.35,8.25,,30.765,-0.4838,-0.3409,-0.1429,8.6,6.11,33.823,2000,4,2,2000-04,False
2000-04-21,ITC,6.1,6.1,6.1,6.1,0,0.0,7.27,8.17,,30.765,-0.5143,-0.3756,-0.1388,8.63,5.92,37.249,2000,4,2,2000-04,False
2000-04-24,ITC,6.09,6.09,5.61,5.62,29196868,-7.773,7.17,8.08,,26.818,-0.5702,-0.4145,-0.1557,8.7,5.64,42.663,2000,4,2,2000-04,False
2000-04-25,ITC,5.3,5.57,5.19,5.44,40820695,-3.268,7.07,7.98,,25.455,-0.6221,-0.456,-0.1661,8.78,5.37,48.315,2000,4,2,2000-04,False
2000-04-26,ITC,5.61,5.87,5.61,5.87,14221298,8.002,6.99,7.89,,34.014,-0.621,-0.489,-0.132,8.75,5.22,50.572,2000,4,2,2000-04,False
2000-04-27,ITC,6.29,6.29,5.87,6.09,44286654,3.651,6.91,7.79,,37.803,-0.596,-0.5104,-0.0856,8.69,5.13,51.613,2000,4,2,2000-04,False
2000-04-28,ITC,6.09,6.19,5.94,6.03,16711050,-1.0,6.82,7.71,,37.151,-0.5744,-0.5232,-0.0512,8.58,5.05,51.823,2000,4,2,2000-04,False
2000-05-01,ITC,6.03,6.03,6.03,6.03,0,0.0,6.7,7.62,,37.151,-0.551,-0.5288,-0.0222,8.32,5.07,48.501,2000,5,2,2000-05,False
2000-05-02,ITC,5.98,6.08,5.56,5.59,20270522,-7.247,6.59,7.53,,32.486,-0.5612,-0.5352,-0.0259,8.2,4.97,49.006,2000,5,2,2000-05,False
2000-05-03,ITC,5.32,5.77,5.24,5.57,27223938,-0.426,6.5,7.46,,32.249,-0.5647,-0.5411,-0.0235,8.12,4.87,50.136,2000,5,2,2000-05,False
2000-05-04,ITC,5.61,5.9,5.51,5.81,24017674,4.461,6.43,7.4,,37.393,-0.5412,-0.5411,-0.0,8.04,4.81,50.34,2000,5,2,2000-05,False
2000-05-05,ITC,5.86,6.07,5.81,5.98,29956842,2.777,6.34,7.35,,40.554,-0.5037,-0.5336,0.0299,7.84,4.83,47.467,2000,5,2,2000-05,False
2000-05-08,ITC,6.06,6.28,5.5,5.51,22667509,-7.805,6.22,7.29,,35.049,-0.5058,-0.5281,0.0223,7.6,4.84,44.367,2000,5,2,2000-05,False
2000-05-09,ITC,5.36,5.73,5.29,5.6,20297627,1.682,6.12,7.24,,36.882,-0.4943,-0.5213,0.027,7.37,4.88,40.678,2000,5,2,2000-05,False
2000-05-10,ITC,5.66,5.88,5.5,5.64,52307874,0.737,6.02,7.19,,37.726,-0.4764,-0.5123,0.036,7.06,4.99,34.376,2000,5,2,2000-05,False
2000-05-11,ITC,5.61,5.78,5.45,5.65,26392836,0.047,5.94,7.15,,37.783,-0.4567,-0.5012,0.0445,6.81,5.08,29.204,2000,5,2,2000-05,False
2000-05-12,ITC,5.72,6.02,5.62,5.92,62668225,4.913,5.88,7.13,,43.645,-0.4139,-0.4838,0.0698,6.48,5.27,20.69,2000,5,2,2000-05,False
2000-05-15,ITC,5.84,6.25,5.68,6.15,40809292,3.754,5.85,7.1,,47.884,-0.358,-0.4586,0.1006,6.35,5.35,16.966,2000,5,2,2000-05,False
2000-05-16,ITC,6.2,6.72,6.2,6.63,62829735,7.813,5.87,7.07,,55.643,-0.2717,-0.4212,0.1495,6.47,5.28,20.2,2000,5,2,2000-05,False
2000-05-17,ITC,6.72,6.78,6.49,6.55,56780371,-1.159,5.89,7.03,,54.253,-0.2072,-0.3784,0.1712,6.55,5.24,22.221,2000,5,2,2000-05,False
2000-05-18,ITC,6.46,6.62,6.3,6.4,34956394,-2.239,5.91,6.98,,51.6,-0.166,-0.3359,0.1699,6.6,5.22,23.299,2000,5,2,2000-05,False
2000-05-19,ITC,6.32,6.59,6.3,6.55,26204736,2.373,5.93,6.93,,54.104,-0.1197,-0.2927,0.173,6.67,5.19,25.054,2000,5,2,2000-05,False
2000-05-22,ITC,6.51,6.75,6.47,6.65,33498508,1.518,5.98,6.89,,55.72,-0.0741,-0.249,0.1749,6.78,5.19,26.548,2000,5,2,2000-05,False
2000-05-23,ITC,6.68,6.88,6.64,6.81,35885354,2.331,6.05,6.84,,58.191,-0.0252,-0.2042,0.179,6.88,5.22,27.498,2000,5,2,2000-05,False
2000-05-24,ITC,6.78,6.98,6.37,6.62,52002988,-2.822,6.09,6.8,,54.159,-0.0019,-0.1637,0.1619,6.95,5.22,28.392,2000,5,2,2000-05,False
2000-05-25,ITC,6.5,7.08,6.5,6.93,90435342,4.736,6.13,6.77,,59.133,0.0414,-0.1227,0.1641,7.07,5.19,30.756,2000,5,2,2000-05,False
2000-05-26,ITC,6.99,7.19,6.83,7.11,70066447,2.635,6.19,6.74,,61.738,0.0894,-0.0803,0.1697,7.22,5.15,33.563,2000,5,2,2000-05,False
2000-05-29,ITC,7.09,7.2,6.99,7.1,36629251,-0.193,6.24,6.72,,61.42,0.1249,-0.0393,0.1641,7.35,5.13,35.639,2000,5,2,2000-05,False
2000-05-30,ITC,7.13,7.93,7.07,7.83,73694943,10.239,6.35,6.72,,70.157,0.2093,0.0104,0.1988,7.63,5.08,40.15,2000,5,2,2000-05,False
2000-05-31,ITC,8.15,8.35,7.51,7.68,138465644,-1.833,6.46,6.72,,66.935,0.2615,0.0607,0.2009,7.81,5.11,41.817,2000,5,2,2000-05,False
2000-06-01,ITC,7.57,7.76,7.32,7.37,55642700,-4.128,6.53,6.72,,60.339,0.2742,0.1034,0.1708,7.91,5.16,42.018,2000,6,2,2000-06,False
2000-06-02,ITC,7.44,7.61,7.26,7.37,57900049,0.122,6.6,6.71,,60.458,0.2817,0.139,0.1427,8.0,5.21,42.259,2000,6,2,2000-06,False
2000-06-05,ITC,7.52,7.67,7.0,7.04,66289011,-4.508,6.68,6.7,,54.006,0.2579,0.1628,0.0951,7.99,5.37,39.157,2000,6,2,2000-06,False
2000-06-06,ITC,7.0,7.2,6.88,7.07,46522038,0.429,6.75,6.69,,54.481,0.2387,0.178,0.0607,7.97,5.54,35.97,2000,6,2,2000-06,False
2000-06-07,ITC,7.08,7.41,7.04,7.29,41267931,3.039,6.84,6.69,,57.821,0.2381,0.19,0.0481,7.95,5.72,32.675,2000,6,2,2000-06,False
2000-06-08,ITC,7.36,7.55,7.31,7.49,43068790,2.811,6.93,6.68,,60.776,0.2512,0.2022,0.049,7.93,5.93,28.924,2000,6,2,2000-06,False
2000-06-09,ITC,7.43,7.63,7.32,7.41,40068619,-1.145,7.0,6.67,,58.915,0.2518,0.2121,0.0396,7.91,6.1,25.805,2000,6,2,2000-06,False
2000-06-12,ITC,7.44,7.44,7.22,7.29,19070837,-1.608,7.06,6.65,,56.336,0.2399,0.2177,0.0222,7.88,6.24,23.105,2000,6,2,2000-06,False
2000-06-13,ITC,7.23,7.36,7.18,7.3,18307919,0.232,7.09,6.64,,56.627,0.2292,0.22,0.0092,7.89,6.3,22.438,2000,6,2,2000-06,False
2000-06-14,ITC,7.38,7.46,7.27,7.39,28084574,1.152,7.14,6.64,,58.119,0.2249,0.221,0.0039,7.9,6.37,21.381,2000,6,2,2000-06,False
2000-06-15,ITC,7.41,7.7,7.38,7.59,41960795,2.737,7.19,6.65,,61.544,0.2351,0.2238,0.0113,7.9,6.49,19.608,2000,6,2,2000-06,False
2000-06-16,ITC,7.61,7.75,7.57,7.66,29890948,0.949,7.25,6.65,,62.713,0.2462,0.2283,0.0179,7.92,6.58,18.388,2000,6,2,2000-06,False
2000-06-19,ITC,7.68,7.95,7.66,7.81,36965963,1.872,7.31,6.65,,64.996,0.2635,0.2353,0.0282,7.96,6.66,17.749,2000,6,2,2000-06,False
2000-06-20,ITC,7.9,8.1,7.84,7.96,39476465,1.919,7.37,6.65,,67.251,0.286,0.2454,0.0405,8.03,6.7,18.07,2000,6,2,2000-06,False
2000-06-21,ITC,8.05,8.1,7.59,7.68,28501059,-3.52,7.42,6.66,,59.53,0.278,0.252,0.0261,8.0,6.84,15.569,2000,6,2,2000-06,False
2000-06-22,ITC,7.67,7.88,7.52,7.79,22366361,1.524,7.46,6.67,,61.518,0.2779,0.2572,0.0208,8.01,6.91,14.807,2000,6,2,2000-06,False
2000-06-23,ITC,7.78,8.05,7.69,7.83,50635297,0.462,7.5,6.68,,62.134,0.2776,0.2612,0.0163,8.05,6.95,14.676,2000,6,2,2000-06,False
2000-06-26,ITC,7.77,7.89,7.62,7.68,25481775,-1.954,7.53,6.7,,57.891,0.2619,0.2614,0.0006,8.05,7.0,13.875,2000,6,2,2000-06,False
2000-06-27,ITC,7.73,7.88,7.67,7.71,27891894,0.5,7.52,6.73,,58.654,0.2498,0.2591,-0.0093,8.03,7.01,13.585,2000,6,2,2000-06,False
2000-06-28,ITC,7.68,8.21,7.67,8.07,48505998,4.669,7.54,6.77,,65.052,0.2661,0.2605,0.0056,8.1,6.98,14.968,2000,6,2,2000-06,False
2000-06-29,ITC,8.23,8.62,8.17,8.55,83902197,5.892,7.6,6.82,,71.357,0.3138,0.2711,0.0427,8.31,6.88,18.835,2000,6,2,2000-06,False
2000-06-30,ITC,8.46,8.61,8.37,8.47,54746734,-0.883,7.65,6.86,,69.224,0.3416,0.2852,0.0564,8.46,6.85,21.069,2000,6,2,2000-06,False
2000-07-03,ITC,8.54,8.82,8.19,8.75,86784694,3.202,7.74,6.93,,72.417,0.3811,0.3044,0.0767,8.63,6.85,22.995,2000,7,3,2000-07,False
2000-07-04,ITC,8.78,8.81,8.62,8.67,34054258,-0.918,7.82,6.99,,70.099,0.4014,0.3238,0.0776,8.74,6.9,23.612,2000,7,3,2000-07,False
2000-07-05,ITC,8.56,8.7,8.44,8.55,38773459,-1.39,7.88,7.04,,66.654,0.403,0.3396,0.0634,8.82,6.94,23.898,2000,7,3,2000-07,False
2000-07-06,ITC,8.45,8.72,8.36,8.66,65725364,1.378,7.94,7.1,,68.295,0.4091,0.3535,0.0556,8.92,6.96,24.795,2000,7,3,2000-07,False
2000-07-07,ITC,8.72,9.02,8.67,8.92,76465327,2.91,8.02,7.15,,71.525,0.4294,0.3687,0.0606,9.06,6.97,25.99,2000,7,3,2000-07,False
2000-07-10,ITC,8.95,9.08,8.8,8.97,54363382,0.6,8.1,7.21,,72.174,0.4446,0.3839,0.0607,9.17,7.03,26.302,2000,7,3,2000-07,False
2000-07-11,ITC,8.91,9.28,8.85,9.24,121284272,3.019,8.2,7.29,,75.245,0.473,0.4017,0.0713,9.31,7.09,27.119,2000,7,3,2000-07,False
2000-07-12,ITC,9.26,9.26,8.94,9.05,26866196,-2.056,8.28,7.35,,69.453,0.4748,0.4163,0.0585,9.39,7.17,26.7,2000,7,3,2000-07,False
2000-07-13,ITC,9.08,9.42,8.86,8.92,115842672,-1.443,8.35,7.42,,65.71,0.4603,0.4251,0.0352,9.44,7.26,26.133,2000,7,3,2000-07,False
2000-07-14,ITC,8.96,9.09,8.78,8.83,48316448,-1.014,8.4,7.47,,63.17,0.4366,0.4274,0.0091,9.47,7.34,25.247,2000,7,3,2000-07,False
2000-07-17,ITC,8.79,8.79,8.24,8.37,50260077,-5.231,8.43,7.53,,52.096,0.3761,0.4172,-0.0411,9.46,7.41,24.271,2000,7,3,2000-07,False
2000-07-18,ITC,8.28,8.84,8.28,8.63,77418355,3.102,8.47,7.59,,56.691,0.3452,0.4028,-0.0576,9.47,7.46,23.654,2000,7,3,2000-07,False
2000-07-19,ITC,8.58,8.74,8.37,8.4,29908473,-2.637,8.5,7.65,,51.986,0.2988,0.382,-0.0831,9.43,7.57,21.897,2000,7,3,2000-07,False
2000-07-20,ITC,8.37,8.55,8.16,8.24,44084207,-1.943,8.52,7.7,,48.852,0.2461,0.3548,-0.1087,9.4,7.64,20.635,2000,7,3,2000-07,False
2000-07-21,ITC,8.27,8.4,7.99,8.07,42946116,-2.04,8.54,7.74,,45.791,0.1886,0.3216,-0.133,9.38,7.69,19.812,2000,7,3,2000-07,False
2000-07-24,ITC,7.96,8.1,7.83,7.91,42686887,-1.937,8.55,7.78,,43.088,0.1289,0.283,-0.1541,9.35,7.75,18.73,2000,7,3,2000-07,False
2000-07-25,ITC,7.78,8.29,7.78,8.09,53098645,2.239,8.57,7.81,,46.914,0.0948,0.2454,-0.1506,9.3,7.83,17.117,2000,7,3,2000-07,False
2000-07-26,ITC,8.08,8.2,7.77,7.84,29122235,-3.116,8.55,7.83,,42.532,0.0469,0.2057,-0.1588,9.33,7.78,18.082,2000,7,3,2000-07,False
2000-07-27,ITC,7.79,7.92,7.5,7.88,35090658,0.615,8.52,7.86,,43.616,0.0127,0.1671,-0.1544,9.35,7.69,19.47,2000,7,3,2000-07,False
2000-07-28,ITC,7.96,8.33,7.88,8.01,57008522,1.548,8.5,7.89,,46.375,-0.0045,0.1328,-0.1373,9.36,7.64,20.262,2000,7,3,2000-07,False
2000-07-31,ITC,7.99,8.18,7.88,7.94,23722041,-0.815,8.46,7.92,,45.103,-0.0231,0.1016,-0.1248,9.34,7.57,20.975,2000,7,3,2000-07,False
2000-08-01,ITC,7.98,8.1,7.85,8.05,23004314,1.314,8.43,7.94,,47.577,-0.0292,0.0754,-0.1046,9.33,7.53,21.352,2000,8,3,2000-08,False
2000-08-02,ITC,8.02,8.18,7.95,8.13,19828053,1.004,8.41,7.97,,49.476,-0.0271,0.0549,-0.082,9.31,7.5,21.593,2000,8,3,2000-08,False
2000-08-03,ITC,8.19,8.27,8.0,8.02,32972901,-1.278,8.37,7.99,,47.115,-0.0335,0.0373,-0.0707,9.29,7.46,21.842,2000,8,3,2000-08,False
2000-08-04,ITC,8.04,8.28,7.94,8.15,51407468,1.534,8.34,8.01,,50.153,-0.0283,0.0242,-0.0524,9.22,7.45,21.182,2000,8,3,2000-08,False
2000-08-07,ITC,8.19,8.42,8.17,8.3,45932033,1.853,8.3,8.04,,53.667,-0.0118,0.017,-0.0288,9.13,7.47,20.019,2000,8,3,2000-08,False
2000-08-08,ITC,8.34,8.4,8.22,8.33,27282167,0.393,8.26,8.05,,54.415,0.0038,0.0143,-0.0105,8.96,7.55,17.074,2000,8,3,2000-08,False
2000-08-09,ITC,8.33,8.35,8.13,8.22,34131088,-1.259,8.21,8.06,,51.534,0.0077,0.013,-0.0053,8.81,7.62,14.554,2000,8,3,2000-08,False
2000-08-10,ITC,8.26,8.34,8.19,8.21,29695417,-0.137,8.18,8.08,,51.221,0.0097,0.0123,-0.0027,8.68,7.68,12.172,2000,8,3,2000-08,False
2000-08-11,ITC,8.23,8.25,8.04,8.15,21498387,-0.795,8.15,8.09,,49.347,0.0059,0.0111,-0.0051,8.54,7.75,9.652,2000,8,3,2000-08,False
2000-08-14,ITC,8.19,8.8,8.07,8.58,46381792,5.333,8.16,8.12,,59.873,0.0376,0.0164,0.0212,8.59,7.73,10.515,2000,8,3,2000-08,False
2000-08-15,ITC,8.58,8.58,8.58,8.58,0,0.0,8.15,8.15,,59.873,0.062,0.0255,0.0365,8.57,7.74,10.278,2000,8,3,2000-08,False
2000-08-16,ITC,8.86,8.98,8.55,8.76,63033865,2.114,8.17,8.18,,63.542,0.0949,0.0394,0.0555,8.66,7.68,11.985,2000,8,3,2000-08,False
2000-08-17,ITC,8.76,8.84,8.51,8.56,31202278,-2.314,8.19,8.2,,57.241,0.1033,0.0522,0.0512,8.71,7.67,12.682,2000,8,3,2000-08,False
2000-08-18,ITC,8.57,8.67,8.41,8.49,28130746,-0.788,8.21,8.22,,55.279,0.1034,0.0624,0.041,8.74,7.68,12.986,2000,8,3,2000-08,False
2000-08-21,ITC,8.46,8.57,8.3,8.36,20396841,-1.594,8.23,8.25,,51.463,0.0915,0.0682,0.0233,8.75,7.71,12.574,2000,8,3,2000-08,False
2000-08-22,ITC,8.43,8.52,8.15,8.2,43101830,-1.876,8.24,8.26,,47.384,0.0687,0.0683,0.0003,8.75,7.72,12.464,2000,8,3,2000-08,False
2000-08-23,ITC,8.27,8.41,8.19,8.31,28226923,1.357,8.26,8.28,,50.39,0.0588,0.0664,-0.0076,8.74,7.78,11.568,2000,8,3,2000-08,False
2000-08-24,ITC,8.34,8.41,8.19,8.24,16718854,-0.921,8.28,8.3,,48.345,0.0444,0.062,-0.0177,8.72,7.84,10.728,2000,8,3,2000-08,False
2000-08-25,ITC,8.28,8.34,8.11,8.14,26542569,-1.196,8.29,8.3,,45.772,0.0247,0.0545,-0.0299,8.72,7.86,10.398,2000,8,3,2000-08,False
2000-08-28,ITC,8.11,8.21,8.06,8.18,11892822,0.48,8.3,8.31,,46.978,0.0121,0.046,-0.034,8.7,7.89,9.716,2000,8,3,2000-08,False
2000-08-29,ITC,8.15,8.29,8.15,8.21,19796695,0.399,8.31,8.32,,48.018,0.0047,0.0378,-0.0331,8.69,7.92,9.34,2000,8,3,2000-08,False
2000-08-30,ITC,8.24,8.29,8.09,8.13,10539852,-1.01,8.31,8.33,,45.571,-0.0078,0.0286,-0.0365,8.69,7.92,9.34,2000,8,3,2000-08,False
2000-08-31,ITC,8.11,8.34,8.09,8.31,22075727,2.2,8.32,8.34,,51.327,-0.0032,0.0223,-0.0255,8.68,7.96,8.757,2000,8,3,2000-08,False
2000-09-01,ITC,8.31,8.31,8.31,8.31,0,0.0,8.33,8.35,,51.327,0.0004,0.0179,-0.0175,8.68,7.97,8.527,2000,9,3,2000-09,False
2000-09-04,ITC,8.37,8.44,8.24,8.26,21348748,-0.58,8.33,8.36,,49.685,-0.0006,0.0142,-0.0148,8.68,7.97,8.558,2000,9,3,2000-09,False
2000-09-05,ITC,8.29,8.38,8.24,8.27,18135474,0.117,8.32,8.37,,50.029,-0.0006,0.0112,-0.0119,8.68,7.97,8.585,2000,9,3,2000-09,False
2000-09-06,ITC,8.27,8.3,8.12,8.18,22464173,-1.016,8.32,8.37,,47.008,-0.0073,0.0075,-0.0149,8.68,7.96,8.656,2000,9,3,2000-09,False
2000-09-07,ITC,8.22,8.29,8.15,8.18,9576169,-0.065,8.32,8.36,,46.814,-0.0129,0.0034,-0.0164,8.68,7.96,8.721,2000,9,3,2000-09,False
2000-09-08,ITC,8.18,8.29,8.13,8.16,16829752,-0.17,8.32,8.36,,46.279,-0.0183,-0.0009,-0.0174,8.68,7.96,8.685,2000,9,3,2000-09,False
2000-09-11,ITC,8.19,8.21,8.1,8.15,10678790,-0.21,8.3,8.34,,45.589,-0.0236,-0.0055,-0.0182,8.64,7.95,8.362,2000,9,3,2000-09,False
2000-09-12,ITC,8.13,9.04,8.13,8.89,105116120,9.072,8.31,8.35,,67.861,0.0314,0.0019,0.0295,8.73,7.89,10.063,2000,9,3,2000-09,False
2000-09-13,ITC,8.99,9.18,8.78,8.99,63209815,1.223,8.32,8.36,,69.817,0.0828,0.0181,0.0647,8.8,7.85,11.502,2000,9,3,2000-09,False
2000-09-14,ITC,8.94,9.03,8.78,8.81,29228039,-1.993,8.34,8.36,,63.003,0.1079,0.036,0.0718,8.85,7.82,12.402,2000,9,3,2000-09,False
2000-09-15,ITC,8.87,8.88,8.56,8.62,26051451,-2.228,8.34,8.36,,56.498,0.1106,0.051,0.0596,8.87,7.82,12.653,2000,9,3,2000-09,False
2000-09-18,ITC,8.56,8.61,8.31,8.34,21041244,-3.204,8.34,8.34,,48.859,0.0894,0.0587,0.0308,8.87,7.82,12.653,2000,9,3,2000-09,False
2000-09-19,ITC,8.3,8.38,8.03,8.07,28673878,-3.265,8.34,8.32,,42.723,0.0501,0.0569,-0.0068,8.87,7.8,12.917,2000,9,3,2000-09,False
2000-09-20,ITC,8.26,8.31,8.12,8.23,8358118,2.036,8.33,8.3,,47.043,0.0318,0.0519,-0.0201,8.87,7.79,12.968,2000,9,3,2000-09,False
2000-09-21,ITC,8.28,8.55,8.21,8.27,25498786,0.39,8.33,8.29,,47.87,0.0197,0.0455,-0.0258,8.87,7.79,12.943,2000,9,3,2000-09,False
2000-09-22,ITC,8.23,8.24,7.63,7.75,33437989,-6.189,8.31,8.27,,37.749,-0.0308,0.0302,-0.061,8.91,7.72,14.269,2000,9,3,2000-09,False
2000-09-25,ITC,7.97,8.11,7.68,7.82,21573300,0.883,8.3,8.26,,39.59,-0.0646,0.0113,-0.0758,8.93,7.67,15.197,2000,9,3,2000-09,False
2000-09-26,ITC,7.83,7.96,7.71,7.82,22897856,0.014,8.28,8.24,,39.62,-0.0902,-0.009,-0.0812,8.94,7.61,16.052,2000,9,3,2000-09,False
2000-09-27,ITC,7.74,7.96,7.73,7.85,13358512,0.315,8.26,8.23,,40.356,-0.1073,-0.0287,-0.0786,8.95,7.57,16.671,2000,9,3,2000-09,False
2000-09-28,ITC,7.86,7.95,7.52,7.6,27256370,-3.218,8.23,8.22,,35.57,-0.1396,-0.0509,-0.0888,8.98,7.48,18.234,2000,9,3,2000-09,False
2000-09-29,ITC,7.7,7.79,7.58,7.63,18894092,0.493,8.19,8.21,,36.768,-0.1604,-0.0728,-0.0876,8.99,7.4,19.391,2000,9,3,2000-09,False
2000-10-02,ITC,7.63,7.63,7.63,7.63,0,0.0,8.16,8.2,,36.768,-0.1748,-0.0932,-0.0816,9.0,7.33,20.39,2000,10,4,2000-10,False
2000-10-03,ITC,7.63,7.77,7.52,7.64,15421918,0.021,8.13,8.19,,36.826,-0.184,-0.1113,-0.0726,9.0,7.27,21.229,2000,10,4,2000-10,False
2000-10-04,ITC,7.7,7.79,7.65,7.75,10817213,1.486,8.11,8.19,,40.972,-0.18,-0.1251,-0.0549,8.99,7.23,21.688,2000,10,4,2000-10,False
2000-10-05,ITC,7.78,7.94,7.71,7.75,25806056,-0.035,8.09,8.19,,40.904,-0.1751,-0.1351,-0.04,8.98,7.2,22.095,2000,10,4,2000-10,False
2000-10-06,ITC,7.79,8.03,7.79,7.92,43966252,2.218,8.08,8.19,7.91,47.002,-0.1555,-0.1392,-0.0164,8.97,7.18,22.189,2000,10,4,2000-10,False
2000-10-09,ITC,7.9,7.97,7.76,7.78,20012275,-1.724,8.06,8.19,7.91,43.19,-0.1493,-0.1412,-0.0081,8.96,7.15,22.459,2000,10,4,2000-10,False
2000-10-10,ITC,7.81,7.85,7.66,7.71,17994247,-0.949,8.0,8.18,7.92,41.24,-0.1486,-0.1427,-0.0059,8.83,7.17,20.711,2000,10,4,2000-10,False
2000-10-11,ITC,7.65,7.8,7.54,7.71,22293924,0.062,7.94,8.17,7.92,41.426,-0.146,-0.1433,-0.0027,8.63,7.24,17.426,2000,10,4,2000-10,False
2000-10-12,ITC,7.66,8.05,7.65,7.98,42117164,3.504,7.89,8.17,7.91,50.818,-0.1207,-0.1388,0.0181,8.45,7.34,14.072,2000,10,4,2000-10,False
2000-10-13,ITC,7.92,8.31,7.81,8.18,65370472,2.534,7.87,8.17,7.91,56.448,-0.0834,-0.1278,0.0443,8.33,7.41,11.747,2000,10,4,2000-10,False
2000-10-16,ITC,8.19,8.58,8.19,8.46,54095228,3.322,7.88,8.17,7.9,62.637,-0.0316,-0.1085,0.0769,8.37,7.39,12.414,2000,10,4,2000-10,False
2000-10-17,ITC,8.46,8.51,7.9,8.06,53192017,-4.677,7.88,8.17,7.9,51.231,-0.0221,-0.0912,0.0691,8.37,7.39,12.397,2000,10,4,2000-10,False
2000-10-18,ITC,8.03,8.08,7.88,7.92,20576951,-1.719,7.86,8.16,7.89,47.936,-0.0255,-0.0781,0.0526,8.32,7.4,11.687,2000,10,4,2000-10,False
2000-10-19,ITC,7.87,8.07,7.81,8.0,15944861,1.033,7.85,8.16,7.88,49.983,-0.0214,-0.0667,0.0454,8.27,7.42,10.817,2000,10,4,2000-10,False
2000-10-20,ITC,8.09,8.39,7.97,8.01,37955349,0.047,7.86,8.15,7.88,50.079,-0.0176,-0.0569,0.0393,8.29,7.43,10.883,2000,10,4,2000-10,False
2000-10-23,ITC,7.97,8.1,7.94,7.99,10627290,-0.214,7.87,8.14,7.87,49.607,-0.0158,-0.0487,0.0329,8.3,7.44,10.958,2000,10,4,2000-10,False
2000-10-24,ITC,7.98,8.16,7.98,8.13,22556377,1.688,7.88,8.13,7.87,53.337,-0.0034,-0.0396,0.0362,8.33,7.44,11.296,2000,10,4,2000-10,False
2000-10-25,ITC,8.13,8.32,8.04,8.19,27871097,0.751,7.9,8.12,7.87,54.962,0.0112,-0.0295,0.0407,8.37,7.44,11.765,2000,10,4,2000-10,False
2000-10-26,ITC,8.16,8.27,7.99,8.22,9941388,0.353,7.93,8.12,7.87,55.747,0.0248,-0.0186,0.0434,8.39,7.47,11.639,2000,10,4,2000-10,False
2000-10-27,ITC,8.21,8.29,8.08,8.1,9129354,-1.459,7.96,8.11,7.86,51.717,0.0256,-0.0098,0.0354,8.4,7.51,11.175,2000,10,4,2000-10,False
2000-10-30,ITC,8.16,8.16,7.97,8.04,9968587,-0.734,7.98,8.1,7.86,49.795,0.0212,-0.0036,0.0248,8.39,7.56,10.502,2000,10,4,2000-10,False
2000-10-31,ITC,8.03,8.2,8.0,8.13,14684703,1.192,8.0,8.1,7.86,52.838,0.0252,0.0022,0.023,8.39,7.61,9.793,2000,10,4,2000-10,False
2000-11-01,ITC,8.21,8.68,8.09,8.35,38907770,2.626,8.03,8.1,7.87,58.828,0.045,0.0107,0.0343,8.43,7.63,10.005,2000,11,4,2000-11,False
2000-11-02,ITC,8.39,8.84,8.39,8.79,110720819,5.354,8.08,8.11,7.87,67.991,0.0957,0.0277,0.068,8.59,7.58,12.495,2000,11,4,2000-11,False
2000-11-03,ITC,8.83,8.96,8.63,8.66,49202414,-1.558,8.12,8.12,7.87,63.337,0.1234,0.0469,0.0765,8.68,7.56,13.77,2000,11,4,2000-11,False
2000-11-06,ITC,8.63,8.73,8.6,8.62,28586394,-0.445,8.16,8.13,7.88,62.05,0.1406,0.0656,0.075,8.74,7.58,14.142,2000,11,4,2000-11,False
2000-11-07,ITC,8.58,8.76,8.58,8.66,29712287,0.534,8.21,8.14,7.89,63.017,0.1562,0.0837,0.0724,8.79,7.63,14.057,2000,11,4,2000-11,False
2000-11-08,ITC,8.7,8.81,8.39,8.44,79317027,-2.539,8.25,8.15,7.89,55.716,0.149,0.0968,0.0522,8.78,7.71,12.987,2000,11,4,2000-11,False
2000-11-09,ITC,8.37,8.58,8.21,8.31,59087209,-1.566,8.26,8.15,7.9,51.829,0.1312,0.1037,0.0275,8.78,7.74,12.62,2000,11,4,2000-11,False
2000-11-10,ITC,8.25,8.3,8.1,8.14,28426754,-2.073,8.26,8.14,7.9,47.207,0.102,0.1033,-0.0014,8.78,7.74,12.669,2000,11,4,2000-11,False
2000-11-13,ITC,8.11,8.17,8.01,8.07,18183095,-0.815,8.24,8.14,7.9,45.523,0.0726,0.0972,-0.0246,8.76,7.72,12.646,2000,11,4,2000-11,False
2000-11-14,ITC,8.11,8.27,8.06,8.19,28960773,1.498,8.25,8.14,7.9,49.087,0.0585,0.0894,-0.031,8.76,7.73,12.483,2000,11,4,2000-11,False
2000-11-15,ITC,8.31,8.4,8.21,8.23,26731745,0.483,8.26,8.14,7.9,50.235,0.0499,0.0815,-0.0317,8.75,7.77,11.901,2000,11,4,2000-11,False
2000-11-16,ITC,8.22,8.28,8.08,8.11,20258558,-1.547,8.27,8.14,7.89,46.596,0.0324,0.0717,-0.0393,8.75,7.79,11.671,2000,11,4,2000-11,False
2000-11-17,ITC,8.06,8.27,8.06,8.25,28285152,1.756,8.28,8.14,7.88,50.879,0.0297,0.0633,-0.0336,8.75,7.81,11.279,2000,11,4,2000-11,False
2000-11-20,ITC,8.27,8.33,8.2,8.23,12385295,-0.208,8.29,8.14,7.87,50.356,0.0259,0.0558,-0.03,8.74,7.84,10.796,2000,11,4,2000-11,False
2000-11-21,ITC,8.22,8.44,8.17,8.34,36697108,1.287,8.3,8.13,7.86,53.54,0.031,0.0509,-0.0198,8.74,7.86,10.623,2000,11,4,2000-11,False
2000-11-22,ITC,8.42,8.53,8.36,8.39,41536880,0.623,8.31,8.12,7.85,55.061,0.0389,0.0485,-0.0096,8.75,7.87,10.564,2000,11,4,2000-11,False
2000-11-23,ITC,8.33,8.4,8.3,8.34,14945801,-0.529,8.32,8.11,7.84,53.449,0.041,0.047,-0.006,8.76,7.88,10.502,2000,11,4,2000-11,False
2000-11-24,ITC,8.37,8.43,8.32,8.38,15147314,0.443,8.33,8.1,7.83,54.638,0.0452,0.0466,-0.0014,8.76,7.91,10.19,2000,11,4,2000-11,False
2000-11-27,ITC,8.39,8.49,8.36,8.43,14813032,0.594,8.35,8.11,7.82,56.259,0.0519,0.0477,0.0042,8.76,7.95,9.639,2000,11,4,2000-11,False
2000-11-28,ITC,8.42,8.63,8.42,8.58,36912267,1.733,8.38,8.12,7.81,60.701,0.0682,0.0518,0.0164,8.78,7.98,9.56,2000,11,4,2000-11,False
2000-11-29,ITC,8.57,9.14,8.54,8.75,96681780,1.972,8.4,8.13,7.81,65.116,0.0937,0.0602,0.0336,8.83,7.96,10.311,2000,11,4,2000-11,False
2000-11-30,ITC,8.78,8.87,8.72,8.75,43199409,0.012,8.39,8.14,7.81,65.143,0.1127,0.0707,0.042,8.82,7.97,10.113,2000,11,4,2000-11,False
2000-12-01,ITC,8.69,9.07,8.67,8.96,100002212,2.398,8.41,8.16,7.81,69.99,0.143,0.0851,0.0579,8.89,7.93,11.447,2000,12,4,2000-12,False
2000-12-04,ITC,8.98,9.16,8.92,9.06,66424023,1.111,8.43,8.18,7.82,71.981,0.1731,0.1027,0.0704,8.99,7.87,13.184,2000,12,4,2000-12,False
2000-12-05,ITC,9.12,9.38,9.06,9.29,74257002,2.582,8.46,8.21,7.82,76.008,0.2134,0.1249,0.0885,9.13,7.79,15.839,2000,12,4,2000-12,False
2000-12-06,ITC,9.42,9.46,9.15,9.21,61642060,-0.835,8.5,8.24,7.83,72.295,0.2363,0.1472,0.0891,9.25,7.75,17.632,2000,12,4,2000-12,False
2000-12-07,ITC,9.18,9.32,9.16,9.23,38629988,0.209,8.55,8.27,7.84,72.652,0.2531,0.1683,0.0847,9.36,7.73,18.982,2000,12,4,2000-12,False
2000-12-08,ITC,9.22,9.31,9.15,9.18,33050572,-0.551,8.6,8.3,7.85,70.084,0.2593,0.1865,0.0728,9.43,7.76,19.411,2000,12,4,2000-12,False
2000-12-11,ITC,9.18,9.43,9.12,9.34,55522036,1.737,8.66,8.34,7.85,73.275,0.2739,0.204,0.0699,9.52,7.8,19.827,2000,12,4,2000-12,False
2000-12-12,ITC,9.43,9.74,9.32,9.67,124136252,3.518,8.74,8.38,7.86,78.39,0.3085,0.2249,0.0836,9.67,7.8,21.502,2000,12,4,2000-12,False
2000-12-13,ITC,9.74,9.92,9.63,9.83,100320698,1.627,8.82,8.42,7.87,80.331,0.3446,0.2488,0.0958,9.84,7.79,23.279,2000,12,4,2000-12,False
2000-12-14,ITC,9.9,9.95,9.67,9.74,66739986,-0.85,8.9,8.46,7.87,76.409,0.3623,0.2715,0.0908,9.95,7.85,23.574,2000,12,4,2000-12,False
2000-12-15,ITC,9.73,9.98,9.49,9.9,185833411,1.56,8.98,8.5,7.88,78.47,0.3842,0.2941,0.0901,10.07,7.89,24.32,2000,12,4,2000-12,False
2000-12-18,ITC,9.74,10.02,9.74,9.87,75932757,-0.211,9.06,8.54,7.88,77.469,0.3953,0.3143,0.081,10.16,7.96,24.323,2000,12,4,2000-12,False
2000-12-19,ITC,9.84,9.94,9.72,9.8,66029222,-0.71,9.13,8.58,7.89,74.053,0.3939,0.3302,0.0636,10.23,8.04,23.956,2000,12,4,2000-12,False
2000-12-20,ITC,9.63,9.76,9.45,9.6,58961217,-2.112,9.2,8.62,7.89,64.941,0.3717,0.3385,0.0332,10.25,8.14,22.911,2000,12,4,2000-12,False
2000-12-21,ITC,9.53,9.81,9.43,9.7,76354103,1.032,9.26,8.66,7.9,67.029,0.3581,0.3424,0.0156,10.26,8.27,21.49,2000,12,4,2000-12,False
2000-12-22,ITC,9.83,9.86,9.54,9.59,52970783,-1.12,9.32,8.68,7.9,62.621,0.3346,0.3409,-0.0062,10.24,8.41,19.588,2000,12,4,2000-12,False
2000-12-25,ITC,9.59,9.59,9.59,9.59,0,0.0,9.38,8.71,7.91,62.621,0.3124,0.3352,-0.0227,10.2,8.56,17.408,2000,12,4,2000-12,False
2000-12-26,ITC,9.66,9.69,9.24,9.29,46374782,-3.053,9.42,8.73,7.92,51.945,0.2681,0.3218,-0.0536,10.14,8.69,15.415,2000,12,4,2000-12,False
2000-12-27,ITC,9.28,9.39,9.17,9.32,28861979,0.265,9.45,8.76,7.92,52.676,0.2324,0.3039,-0.0715,10.1,8.79,13.894,2000,12,4,2000-12,False
2000-12-28,ITC,9.36,9.61,9.33,9.55,42071039,2.458,9.49,8.79,7.94,58.933,0.2199,0.2871,-0.0672,10.05,8.92,11.99,2000,12,4,2000-12,False
2000-12-29,ITC,9.61,9.66,9.5,9.59,28130466,0.448,9.52,8.82,7.94,59.997,0.2111,0.2719,-0.0608,10.03,9.0,10.77,2000,12,4,2000-12,False
2001-01-01,ITC,9.62,9.72,9.5,9.57,25667819,-0.251,9.54,8.85,7.95,59.07,0.1999,0.2575,-0.0576,10.01,9.08,9.734,2001,1,1,2001-01,False
2001-01-02,ITC,9.59,9.74,9.59,9.71,32659042,1.488,9.56,8.88,7.97,62.737,0.2001,0.246,-0.0459,10.02,9.11,9.498,2001,1,1,2001-01,False
2001-01-03,ITC,9.68,10.22,9.63,10.11,170953690,4.106,9.61,8.92,7.98,70.665,0.2299,0.2428,-0.0129,10.09,9.12,10.074,2001,1,1,2001-01,False
2001-01-04,ITC,10.16,10.27,9.86,9.91,65803922,-2.001,9.64,8.96,7.99,63.306,0.2344,0.2411,-0.0067,10.11,9.18,9.689,2001,1,1,2001-01,False
2001-01-05,ITC,9.88,10.1,9.83,10.02,77735953,1.178,9.68,9.0,8.0,65.535,0.2446,0.2418,0.0028,10.13,9.24,9.153,2001,1,1,2001-01,False
2001-01-08,ITC,9.98,10.13,9.66,9.74,75883874,-2.787,9.7,9.03,8.01,56.659,0.2275,0.239,-0.0114,10.12,9.29,8.512,2001,1,1,2001-01,False
2001-01-09,ITC,9.74,9.94,9.71,9.82,49277981,0.824,9.71,9.06,8.02,58.402,0.2179,0.2348,-0.0168,10.13,9.3,8.567,2001,1,1,2001-01,False
2001-01-10,ITC,9.83,9.95,9.68,9.73,39263689,-0.959,9.71,9.09,8.03,55.577,0.2004,0.2279,-0.0274,10.12,9.29,8.501,2001,1,1,2001-01,False
2001-01-11,ITC,9.74,9.76,9.58,9.62,34134873,-1.106,9.7,9.11,8.04,52.456,0.1759,0.2175,-0.0416,10.12,9.29,8.535,2001,1,1,2001-01,False
2001-01-12,ITC,9.66,9.69,9.3,9.33,50113289,-2.987,9.67,9.12,8.05,45.16,0.1317,0.2003,-0.0686,10.11,9.24,8.977,2001,1,1,2001-01,False
2001-01-15,ITC,9.37,9.44,9.23,9.28,26349328,-0.591,9.64,9.13,8.06,43.899,0.0912,0.1785,-0.0873,10.1,9.19,9.481,2001,1,1,2001-01,False
2001-01-16,ITC,9.3,9.46,9.23,9.26,33996870,-0.208,9.62,9.15,8.06,43.442,0.0569,0.1542,-0.0973,10.1,9.14,10.005,2001,1,1,2001-01,False
2001-01-17,ITC,9.5,9.55,9.29,9.35,52828481,0.948,9.6,9.16,8.07,46.188,0.0363,0.1306,-0.0943,10.1,9.11,10.326,2001,1,1,2001-01,False
2001-01-18,ITC,9.38,9.65,9.31,9.61,73706814,2.782,9.6,9.19,8.08,53.409,0.0406,0.1126,-0.072,10.09,9.11,10.291,2001,1,1,2001-01,False
2001-01-19,ITC,9.68,9.92,9.65,9.8,66393647,2.0,9.61,9.22,8.1,57.902,0.0588,0.1018,-0.0431,10.11,9.11,10.446,2001,1,1,2001-01,False
2001-01-22,ITC,9.83,9.9,9.69,9.77,24171052,-0.3,9.62,9.26,8.11,56.995,0.07,0.0955,-0.0255,10.13,9.11,10.538,2001,1,1,2001-01,False
2001-01-23,ITC,9.77,9.94,9.72,9.76,45612378,-0.142,9.64,9.29,8.13,56.544,0.0769,0.0917,-0.0149,10.13,9.16,10.086,2001,1,1,2001-01,False
2001-01-24,ITC,9.73,9.87,9.63,9.74,36703604,-0.192,9.66,9.32,8.15,55.903,0.0799,0.0894,-0.0095,10.13,9.2,9.587,2001,1,1,2001-01,False
2001-01-25,ITC,9.74,9.81,9.55,9.66,36206410,-0.797,9.67,9.35,8.17,53.211,0.0752,0.0865,-0.0114,10.13,9.21,9.517,2001,1,1,2001-01,False
2001-01-26,ITC,9.66,9.66,9.66,9.66,0,0.0,9.67,9.38,8.18,53.211,0.0706,0.0834,-0.0127,10.13,9.21,9.484,2001,1,1,2001-01,False
2001-01-29,ITC,9.58,9.59,9.34,9.45,30150083,-2.144,9.67,9.4,8.2,46.309,0.0497,0.0766,-0.0269,10.13,9.2,9.661,2001,1,1,2001-01,False
2001-01-30,ITC,9.49,9.72,9.47,9.68,31544224,2.406,9.66,9.43,8.22,53.45,0.0509,0.0715,-0.0206,10.13,9.2,9.654,2001,1,1,2001-01,False
2001-01-31,ITC,9.74,9.87,9.64,9.75,44969658,0.719,9.65,9.46,8.24,55.404,0.0568,0.0686,-0.0117,10.07,9.23,8.71,2001,1,1,2001-01,False
2001-02-01,ITC,9.76,9.87,9.52,9.56,56564464,-1.905,9.63,9.48,8.26,49.439,0.046,0.0641,-0.018,10.03,9.23,8.375,2001,2,1,2001-02,False
2001-02-02,ITC,9.54,9.69,9.44,9.63,27510458,0.727,9.61,9.51,8.28,51.544,0.0426,0.0598,-0.0172,9.97,9.25,7.464,2001,2,1,2001-02,False
2001-02-05,ITC,9.64,9.75,9.49,9.55,21861924,-0.867,9.6,9.53,8.3,48.912,0.0327,0.0543,-0.0216,9.95,9.25,7.374,2001,2,1,2001-02,False
2001-02-06,ITC,9.55,9.66,9.1,9.39,29753179,-1.642,9.58,9.55,8.32,44.335,0.0121,0.0459,-0.0338,9.93,9.23,7.292,2001,2,1,2001-02,False
2001-02-07,ITC,9.2,9.24,8.29,8.44,213573002,-10.158,9.51,9.54,8.33,27.479,-0.0803,0.0207,-0.101,10.13,8.9,12.844,2001,2,1,2001-02,False
2001-02-08,ITC,8.52,8.84,8.4,8.75,89436376,3.684,9.47,9.54,8.35,36.016,-0.127,-0.0089,-0.1181,10.17,8.77,14.722,2001,2,1,2001-02,False
2001-02-09,ITC,8.79,8.83,8.58,8.69,40949632,-0.673,9.44,9.53,8.36,35.172,-0.1668,-0.0405,-0.1263,10.22,8.66,16.492,2001,2,1,2001-02,False
2001-02-12,ITC,8.67,8.74,8.48,8.69,39783641,-0.031,9.41,9.53,8.37,35.131,-0.1963,-0.0716,-0.1247,10.26,8.56,17.977,2001,2,1,2001-02,False
2001-02-13,ITC,8.69,8.71,8.51,8.57,47130549,-1.33,9.38,9.51,8.39,33.353,-0.2264,-0.1026,-0.1238,10.3,8.45,19.702,2001,2,1,2001-02,False
2001-02-14,ITC,8.56,8.66,8.49,8.63,27564341,0.705,9.34,9.5,8.4,35.201,-0.2426,-0.1306,-0.112,10.32,8.36,21.017,2001,2,1,2001-02,False
2001-02-15,ITC,8.66,8.81,8.64,8.78,39375381,1.729,9.3,9.49,8.42,39.65,-0.2406,-0.1526,-0.088,10.3,8.3,21.576,2001,2,1,2001-02,False
2001-02-16,ITC,8.8,8.86,8.64,8.69,29668592,-1.042,9.24,9.48,8.43,37.931,-0.2436,-0.1708,-0.0728,10.25,8.23,21.832,2001,2,1,2001-02,False
2001-02-19,ITC,8.69,8.71,8.4,8.5,32327564,-2.174,9.18,9.47,8.45,34.597,-0.2582,-0.1883,-0.0699,10.21,8.15,22.41,2001,2,1,2001-02,False
2001-02-20,ITC,8.51,8.51,8.3,8.34,32832655,-1.945,9.11,9.44,8.45,31.949,-0.2799,-0.2066,-0.0733,10.17,8.05,23.198,2001,2,1,2001-02,False
2001-02-21,ITC,8.26,8.5,8.2,8.46,49192787,1.431,9.04,9.41,8.46,35.769,-0.2842,-0.2221,-0.0621,10.1,7.99,23.247,2001,2,1,2001-02,False
2001-02-22,ITC,8.46,8.83,8.43,8.77,97064617,3.734,9.0,9.39,8.48,44.626,-0.2592,-0.2295,-0.0296,10.02,7.98,22.583,2001,2,1,2001-02,False
2001-02-23,ITC,8.78,8.9,8.59,8.65,55387912,-1.348,8.95,9.37,8.49,42.275,-0.246,-0.2328,-0.0132,9.93,7.97,21.846,2001,2,1,2001-02,False
2001-02-26,ITC,8.58,8.72,8.47,8.68,37033773,0.352,8.91,9.34,8.5,43.108,-0.2305,-0.2324,0.0019,9.87,7.96,21.422,2001,2,1,2001-02,False
2001-02-27,ITC,8.7,8.9,8.69,8.87,75353641,2.089,8.87,9.32,8.51,47.919,-0.2012,-0.2261,0.0249,9.75,7.99,19.913,2001,2,1,2001-02,False
2001-02-28,ITC,8.83,8.88,8.13,8.31,193253971,-6.296,8.8,9.3,8.52,37.43,-0.2205,-0.225,0.0045,9.61,7.98,18.497,2001,2,1,2001-02,False
2001-03-01,ITC,8.19,8.36,8.01,8.12,82257426,-2.235,8.73,9.27,8.52,34.708,-0.2479,-0.2296,-0.0183,9.51,7.94,17.948,2001,3,1,2001-03,False
2001-03-02,ITC,8.19,8.33,8.0,8.07,58328544,-0.619,8.65,9.24,8.53,33.987,-0.2706,-0.2378,-0.0328,9.36,7.94,16.427,2001,3,1,2001-03,False
2001-03-05,ITC,8.08,8.15,7.69,7.88,82155922,-2.367,8.56,9.2,8.53,31.325,-0.3005,-0.2503,-0.0502,9.22,7.91,15.278,2001,3,1,2001-03,False
2001-03-06,ITC,7.88,7.88,7.88,7.88,0,0.0,8.49,9.17,8.53,31.325,-0.3205,-0.2644,-0.0562,9.09,7.89,14.097,2001,3,1,2001-03,False
2001-03-07,ITC,8.06,8.1,7.8,7.98,34629356,1.202,8.47,9.15,8.53,34.285,-0.325,-0.2765,-0.0485,9.11,7.83,15.142,2001,3,1,2001-03,False
2001-03-08,ITC,8.08,8.59,8.0,8.52,50887889,6.864,8.45,9.13,8.54,48.183,-0.2811,-0.2774,-0.0037,9.08,7.83,14.848,2001,3,1,2001-03,False
2001-03-09,ITC,8.46,8.58,8.13,8.47,28186920,-0.609,8.44,9.1,8.54,47.164,-0.2477,-0.2715,0.0238,9.06,7.83,14.635,2001,3,1,2001-03,False
2001-03-12,ITC,8.5,8.51,8.17,8.18,17132535,-3.399,8.42,9.08,8.55,41.877,-0.2417,-0.2655,0.0239,9.04,7.8,14.659,2001,3,1,2001-03,False
2001-03-13,ITC,8.04,8.04,7.48,7.52,21435017,-8.057,8.37,9.03,8.55,32.806,-0.2868,-0.2698,-0.017,9.1,7.64,17.447,2001,3,1,2001-03,False
2001-03-14,ITC,7.39,8.12,7.36,8.06,16377422,7.113,8.34,8.99,8.55,43.503,-0.2761,-0.271,-0.0051,9.07,7.61,17.529,2001,3,1,2001-03,False
2001-03-15,ITC,8.03,8.36,8.02,8.28,13076197,2.749,8.31,8.96,8.56,47.247,-0.247,-0.2662,0.0192,9.01,7.61,16.845,2001,3,1,2001-03,False
2001-03-16,ITC,8.25,8.4,8.23,8.35,11148598,0.872,8.3,8.93,8.56,48.447,-0.2156,-0.2561,0.0405,8.97,7.62,16.334,2001,3,1,2001-03,False
2001-03-19,ITC,8.35,8.41,8.25,8.39,6893831,0.506,8.29,8.9,8.57,49.175,-0.1851,-0.2419,0.0568,8.96,7.62,16.218,2001,3,1,2001-03,False
2001-03-20,ITC,8.41,8.46,8.26,8.39,10860395,-0.006,8.29,8.87,8.57,49.166,-0.1592,-0.2254,0.0661,8.97,7.62,16.245,2001,3,1,2001-03,False
2001-03-21,ITC,8.31,8.58,8.26,8.55,16472618,1.906,8.3,8.85,8.58,52.134,-0.1243,-0.2052,0.0808,8.98,7.62,16.39,2001,3,1,2001-03,False
2001-03-22,ITC,8.59,8.71,8.54,8.66,12955859,1.239,8.29,8.83,8.59,54.048,-0.0871,-0.1816,0.0944,8.96,7.63,16.045,2001,3,1,2001-03,False
2001-03-23,ITC,8.71,8.71,8.53,8.66,10816933,0.025,8.29,8.81,8.59,54.088,-0.0568,-0.1566,0.0998,8.96,7.63,16.068,2001,3,1,2001-03,False
2001-03-26,ITC,8.58,8.83,8.58,8.72,11036952,0.717,8.29,8.8,8.6,55.301,-0.0275,-0.1308,0.1033,8.97,7.62,16.189,2001,3,1,2001-03,False
2001-03-27,ITC,8.72,8.77,8.68,8.73,11370673,0.086,8.29,8.79,8.6,55.454,-0.0036,-0.1053,0.1018,8.94,7.64,15.68,2001,3,1,2001-03,False
2001-03-28,ITC,8.75,9.02,8.74,8.98,21550307,2.862,8.32,8.79,8.61,60.331,0.0351,-0.0773,0.1124,9.04,7.6,17.311,2001,3,1,2001-03,False
2001-03-29,ITC,8.91,8.97,8.66,8.69,12778274,-3.253,8.35,8.77,8.61,53.022,0.0417,-0.0535,0.0952,9.08,7.62,17.53,2001,3,1,2001-03,False
2001-03-30,ITC,8.66,8.8,8.65,8.71,11596441,0.259,8.38,8.75,8.61,53.488,0.0482,-0.0331,0.0814,9.12,7.65,17.577,2001,3,1,2001-03,False
2001-04-02,ITC,8.59,8.78,8.38,8.72,21527922,0.111,8.42,8.72,8.62,53.701,0.0535,-0.0158,0.0693,9.14,7.71,16.9,2001,4,2,2001-04,False
2001-04-03,ITC,8.69,8.8,8.68,8.75,7650813,0.35,8.47,8.7,8.62,54.411,0.0595,-0.0007,0.0603,9.15,7.79,16.007,2001,4,2,2001-04,False
2001-04-04,ITC,8.73,9.04,8.64,9.01,25474251,2.892,8.52,8.69,8.63,59.903,0.0837,0.0162,0.0676,9.2,7.84,15.889,2001,4,2,2001-04,False
2001-04-05,ITC,9.01,9.01,9.01,9.01,0,0.0,8.54,8.68,8.63,59.903,0.1017,0.0333,0.0685,9.25,7.83,16.644,2001,4,2,2001-04,False
2001-04-06,ITC,9.09,9.12,8.92,8.97,14142459,-0.345,8.57,8.66,8.63,58.894,0.1122,0.0491,0.0631,9.3,7.83,17.166,2001,4,2,2001-04,False
2001-04-09,ITC,8.99,9.12,8.95,9.05,14354253,0.823,8.61,8.65,8.64,60.595,0.125,0.0643,0.0608,9.35,7.87,17.228,2001,4,2,2001-04,False
2001-04-10,ITC,9.04,9.16,8.9,9.14,18110192,0.982,8.69,8.64,8.64,62.6,0.1407,0.0796,0.0612,9.27,8.12,13.255,2001,4,2,2001-04,False
2001-04-11,ITC,9.14,9.17,8.82,8.94,21798180,-2.19,8.74,8.63,8.64,55.722,0.1355,0.0907,0.0447,9.24,8.23,11.49,2001,4,2,2001-04,False
2001-04-12,ITC,8.88,8.88,8.62,8.69,29816689,-2.766,8.76,8.61,8.64,48.615,0.1101,0.0946,0.0155,9.21,8.3,10.388,2001,4,2,2001-04,False
2001-04-13,ITC,8.69,8.69,8.69,8.69,0,0.0,8.77,8.59,8.64,48.615,0.0889,0.0935,-0.0045,9.19,8.36,9.461,2001,4,2,2001-04,False
2001-04-16,ITC,8.63,8.83,8.59,8.82,12117655,1.441,8.79,8.58,8.64,52.196,0.0813,0.091,-0.0097,9.17,8.42,8.527,2001,4,2,2001-04,False
2001-04-17,ITC,8.78,8.85,8.68,8.79,9667860,-0.34,8.81,8.56,8.64,51.275,0.0721,0.0873,-0.0152,9.14,8.49,7.364,2001,4,2,2001-04,False
2001-04-18,ITC,8.77,8.95,8.72,8.91,14105540,1.419,8.83,8.57,8.64,54.845,0.0739,0.0846,-0.0107,9.13,8.53,6.859,2001,4,2,2001-04,False
2001-04-19,ITC,8.97,9.15,8.9,9.05,26023972,1.58,8.85,8.58,8.64,58.538,0.0858,0.0848,0.001,9.16,8.54,6.928,2001,4,2,2001-04,False
2001-04-20,ITC,9.13,9.34,8.9,9.28,32459959,2.537,8.88,8.59,8.64,63.746,0.1124,0.0903,0.0221,9.23,8.53,7.839,2001,4,2,2001-04,False
2001-04-23,ITC,9.3,9.45,9.23,9.4,15206899,1.297,8.92,8.61,8.64,66.148,0.1416,0.1006,0.041,9.33,8.51,9.187,2001,4,2,2001-04,False
2001-04-24,ITC,9.42,9.42,9.2,9.36,9754877,-0.387,8.95,8.62,8.65,64.752,0.1599,0.1125,0.0475,9.39,8.5,9.963,2001,4,2,2001-04,False
2001-04-25,ITC,9.37,9.37,9.26,9.31,6247559,-0.549,8.96,8.64,8.65,62.739,0.1684,0.1236,0.0447,9.44,8.49,10.591,2001,4,2,2001-04,False
2001-04-26,ITC,9.39,9.49,9.01,9.11,14859391,-2.132,8.99,8.64,8.66,55.55,0.1572,0.1304,0.0269,9.45,8.52,10.257,2001,4,2,2001-04,False
2001-04-27,ITC,8.94,9.03,8.69,8.97,19198558,-1.574,9.0,8.65,8.66,51.004,0.1353,0.1313,0.0039,9.44,8.56,9.84,2001,4,2,2001-04,False
2001-04-30,ITC,8.94,9.01,8.88,8.98,4965623,0.125,9.01,8.66,8.67,51.34,0.1174,0.1286,-0.0111,9.43,8.59,9.397,2001,4,2,2001-04,False
2001-05-01,ITC,8.98,8.98,8.98,8.98,0,0.0,9.02,8.67,8.67,51.34,0.1021,0.1233,-0.0212,9.43,8.62,8.998,2001,5,2,2001-05,False
2001-05-02,ITC,8.99,9.1,8.9,8.96,6645538,-0.244,9.02,8.68,8.68,50.555,0.0872,0.1161,-0.0289,9.43,8.61,9.021,2001,5,2,2001-05,False
2001-05-03,ITC,8.94,9.01,8.92,8.95,4296032,-0.143,9.02,8.68,8.68,50.072,0.0735,0.1075,-0.0341,9.43,8.61,9.052,2001,5,2,2001-05,False
2001-05-04,ITC,8.97,8.97,8.82,8.89,6006089,-0.616,9.01,8.69,8.69,47.956,0.0575,0.0975,-0.04,9.43,8.6,9.134,2001,5,2,2001-05,False
2001-05-07,ITC,8.88,9.03,8.88,8.94,4457308,0.56,9.01,8.69,8.69,50.01,0.0483,0.0877,-0.0394,9.42,8.6,9.158,2001,5,2,2001-05,False
2001-05-08,ITC,8.97,8.97,8.78,8.84,5523944,-1.101,8.99,8.69,8.69,46.131,0.0327,0.0767,-0.044,9.41,8.58,9.208,2001,5,2,2001-05,False
2001-05-09,ITC,8.84,9.04,8.67,8.92,8375924,0.908,8.99,8.71,8.7,49.566,0.0265,0.0667,-0.0402,9.41,8.58,9.218,2001,5,2,2001-05,False
2001-05-10,ITC,8.93,8.96,8.67,8.89,5766675,-0.42,9.0,8.72,8.7,48.027,0.0184,0.057,-0.0386,9.4,8.61,8.731,2001,5,2,2001-05,False
2001-05-11,ITC,8.88,8.88,8.58,8.64,8101320,-2.746,9.0,8.73,8.71,39.436,-0.0077,0.0441,-0.0518,9.4,8.6,8.921,2001,5,2,2001-05,False
2001-05-14,ITC,8.73,8.73,8.14,8.28,19347730,-4.155,8.97,8.74,8.71,30.726,-0.0567,0.0239,-0.0806,9.48,8.46,11.348,2001,5,2,2001-05,False
2001-05-15,ITC,8.25,8.33,7.96,8.25,6113902,-0.394,8.95,8.75,8.71,30.075,-0.097,-0.0003,-0.0967,9.55,8.35,13.391,2001,5,2,2001-05,False
2001-05-16,ITC,8.27,8.4,8.05,8.24,11794542,-0.078,8.91,8.75,8.71,29.941,-0.128,-0.0258,-0.1022,9.59,8.24,15.183,2001,5,2,2001-05,False
2001-05-17,ITC,8.29,8.37,8.11,8.24,12130133,-0.071,8.87,8.75,8.71,29.81,-0.1513,-0.0509,-0.1004,9.61,8.14,16.61,2001,5,2,2001-05,False
2001-05-18,ITC,8.25,8.51,8.25,8.41,19991525,2.124,8.83,8.75,8.71,38.454,-0.1539,-0.0715,-0.0824,9.57,8.09,16.718,2001,5,2,2001-05,False
2001-05-21,ITC,8.35,8.44,8.24,8.32,9240673,-1.094,8.78,8.75,8.71,35.947,-0.1615,-0.0895,-0.072,9.5,8.06,16.407,2001,5,2,2001-05,False
2001-05-22,ITC,8.36,8.39,8.23,8.25,8019070,-0.804,8.72,8.76,8.7,34.201,-0.1709,-0.1058,-0.0651,9.42,8.02,16.049,2001,5,2,2001-05,False
2001-05-23,ITC,8.29,8.36,8.27,8.3,5824624,0.538,8.67,8.77,8.7,36.409,-0.1729,-0.1192,-0.0537,9.33,8.0,15.342,2001,5,2,2001-05,False
2001-05-24,ITC,8.26,8.34,8.21,8.24,4327530,-0.729,8.63,8.77,8.7,34.702,-0.1772,-0.1308,-0.0464,9.28,7.97,15.235,2001,5,2,2001-05,False
2001-05-25,ITC,8.24,8.32,8.16,8.23,5922717,-0.136,8.59,8.76,8.7,34.379,-0.1795,-0.1406,-0.039,9.25,7.93,15.346,2001,5,2,2001-05,False
2001-05-28,ITC,8.29,8.33,8.23,8.28,5306401,0.605,8.55,8.76,8.7,37.165,-0.1753,-0.1475,-0.0278,9.2,7.91,15.098,2001,5,2,2001-05,False
2001-05-29,ITC,8.31,8.5,8.26,8.32,26628838,0.504,8.52,8.76,8.7,39.486,-0.1666,-0.1513,-0.0153,9.14,7.9,14.568,2001,5,2,2001-05,False
2001-05-30,ITC,8.56,8.56,8.32,8.35,37998297,0.354,8.49,8.76,8.7,41.137,-0.1556,-0.1522,-0.0034,9.08,7.9,13.871,2001,5,2,2001-05,False
2001-05-31,ITC,8.4,8.6,8.32,8.52,34295588,2.064,8.47,8.75,8.7,49.777,-0.1315,-0.148,0.0166,9.02,7.92,12.954,2001,5,2,2001-05,False
2001-06-01,ITC,8.53,8.56,8.23,8.26,18714263,-3.021,8.44,8.75,8.7,40.269,-0.1316,-0.1448,0.0132,8.95,7.92,12.264,2001,6,2,2001-06,False
2001-06-04,ITC,8.16,8.29,8.09,8.13,7942147,-1.554,8.4,8.73,8.7,36.52,-0.1404,-0.1439,0.0035,8.87,7.92,11.33,2001,6,2,2001-06,False
2001-06-05,ITC,8.1,8.12,7.85,7.94,12740467,-2.408,8.35,8.72,8.7,31.678,-0.1614,-0.1474,-0.014,8.82,7.88,11.224,2001,6,2,2001-06,False
2001-06-06,ITC,8.06,8.08,7.97,8.03,6710777,1.092,8.31,8.7,8.7,35.739,-0.169,-0.1517,-0.0173,8.71,7.9,9.764,2001,6,2,2001-06,False
2001-06-07,ITC,7.99,8.07,7.81,7.92,12515353,-1.354,8.26,8.68,8.7,33.085,-0.1818,-0.1577,-0.024,8.6,7.92,8.234,2001,6,2,2001-06,False
2001-06-08,ITC,7.85,7.91,7.74,7.84,13869071,-0.973,8.22,8.67,8.69,31.309,-0.1958,-0.1654,-0.0305,8.56,7.88,8.234,2001,6,2,2001-06,False
2001-06-11,ITC,7.89,8.1,7.83,8.03,18340212,2.485,8.2,8.65,8.69,40.068,-0.1891,-0.1701,-0.019,8.55,7.86,8.442,2001,6,2,2001-06,False
2001-06-12,ITC,8.03,8.08,7.98,8.03,7057443,-0.047,8.19,8.64,8.69,39.963,-0.1819,-0.1725,-0.0095,8.55,7.84,8.643,2001,6,2,2001-06,False
2001-06-13,ITC,7.92,8.12,7.92,8.04,6460895,0.107,8.18,8.62,8.69,40.349,-0.1736,-0.1727,-0.0009,8.54,7.82,8.794,2001,6,2,2001-06,False
2001-06-14,ITC,8.04,8.16,7.94,7.98,18635378,-0.706,8.17,8.6,8.69,38.576,-0.1696,-0.1721,0.0025,8.54,7.8,9.05,2001,6,2,2001-06,False
2001-06-15,ITC,7.93,7.93,7.71,7.74,12223832,-3.077,8.14,8.57,8.69,32.016,-0.1841,-0.1745,-0.0096,8.54,7.74,9.808,2001,6,2,2001-06,False
2001-06-18,ITC,7.67,8.07,7.67,8.0,14086099,3.389,8.12,8.55,8.69,43.134,-0.1725,-0.1741,0.0016,8.51,7.73,9.696,2001,6,2,2001-06,False
2001-06-19,ITC,8.08,8.55,8.0,8.45,20361792,5.627,8.13,8.54,8.69,56.333,-0.1255,-0.1644,0.0389,8.55,7.71,10.247,2001,6,2,2001-06,False
2001-06-20,ITC,8.51,8.51,8.2,8.32,15877846,-1.507,8.13,8.53,8.68,52.612,-0.0974,-0.151,0.0536,8.55,7.71,10.296,2001,6,2,2001-06,False
2001-06-21,ITC,8.34,8.46,8.25,8.39,16059497,0.778,8.14,8.52,8.68,54.266,-0.0691,-0.1346,0.0655,8.57,7.71,10.606,2001,6,2,2001-06,False
2001-06-22,ITC,8.4,8.45,8.35,8.4,10249406,0.166,8.15,8.51,8.68,54.632,-0.0451,-0.1167,0.0716,8.59,7.7,10.942,2001,6,2,2001-06,False
2001-06-25,ITC,8.36,8.41,8.14,8.18,9239972,-2.644,8.14,8.5,8.68,48.018,-0.0434,-0.102,0.0586,8.58,7.7,10.854,2001,6,2,2001-06,False
2001-06-26,ITC,8.15,8.77,8.08,8.54,21812807,4.476,8.15,8.5,8.68,57.213,-0.0125,-0.0841,0.0717,8.63,7.68,11.561,2001,6,2,2001-06,False
2001-06-27,ITC,8.51,8.58,8.25,8.38,14682226,-1.879,8.16,8.49,8.68,52.801,-0.0008,-0.0675,0.0666,8.63,7.68,11.641,2001,6,2,2001-06,False
2001-06-28,ITC,8.35,8.43,8.21,8.26,7007906,-1.417,8.14,8.47,8.68,49.745,-0.0012,-0.0542,0.053,8.59,7.7,10.963,2001,6,2,2001-06,False
2001-06-29,ITC,8.26,8.35,7.97,8.07,10635468,-2.318,8.13,8.45,8.68,45.2,-0.0168,-0.0467,0.0299,8.58,7.69,10.911,2001,6,2,2001-06,False
2001-07-02,ITC,7.93,8.29,7.93,8.12,3614476,0.597,8.13,8.42,8.68,46.523,-0.0249,-0.0424,0.0174,8.58,7.69,10.913,2001,7,3,2001-07,False
2001-07-03,ITC,8.05,8.29,7.98,8.11,17395316,-0.102,8.14,8.4,8.69,46.316,-0.0317,-0.0402,0.0085,8.58,7.71,10.671,2001,7,3,2001-07,False
2001-07-04,ITC,8.16,8.47,8.16,8.36,10752955,3.043,8.16,8.38,8.69,53.025,-0.017,-0.0356,0.0186,8.6,7.72,10.816,2001,7,3,2001-07,False
2001-07-05,ITC,8.36,8.41,8.16,8.21,6027072,-1.772,8.17,8.36,8.69,49.063,-0.017,-0.0319,0.0148,8.6,7.75,10.439,2001,7,3,2001-07,False
2001-07-06,ITC,8.12,8.26,8.04,8.22,7745821,0.139,8.19,8.34,8.69,49.376,-0.016,-0.0287,0.0127,8.59,7.8,9.688,2001,7,3,2001-07,False
2001-07-09,ITC,8.15,8.21,8.06,8.11,5802706,-1.399,8.2,8.33,8.7,46.281,-0.0241,-0.0278,0.0036,8.59,7.8,9.565,2001,7,3,2001-07,False
2001-07-10,ITC,8.08,8.21,8.08,8.19,4889916,0.95,8.2,8.31,8.7,48.605,-0.0241,-0.0271,0.0029,8.59,7.82,9.367,2001,7,3,2001-07,False
2001-07-11,ITC,8.15,8.22,8.15,8.2,2995824,0.126,8.21,8.3,8.7,48.923,-0.023,-0.0262,0.0032,8.59,7.84,9.167,2001,7,3,2001-07,False
2001-07-12,ITC,8.23,8.24,8.12,8.21,5211393,0.166,8.22,8.28,8.7,49.368,-0.0208,-0.0252,0.0044,8.58,7.86,8.77,2001,7,3,2001-07,False
2001-07-13,ITC,8.25,8.58,8.25,8.48,18695944,3.338,8.26,8.27,8.71,57.428,0.003,-0.0195,0.0226,8.56,7.96,7.204,2001,7,3,2001-07,False
2001-07-16,ITC,8.51,8.66,8.43,8.56,15016975,0.883,8.29,8.26,8.71,59.333,0.0276,-0.0101,0.0377,8.59,7.99,7.217,2001,7,3,2001-07,False
2001-07-17,ITC,8.46,8.57,8.38,8.48,4938752,-0.881,8.29,8.26,8.71,56.586,0.0406,0.0001,0.0405,8.59,7.99,7.316,2001,7,3,2001-07,False
2001-07-18,ITC,8.53,8.56,8.33,8.47,6257279,-0.134,8.3,8.25,8.72,56.163,0.0494,0.0099,0.0395,8.61,7.98,7.561,2001,7,3,2001-07,False
2001-07-19,ITC,8.44,8.63,8.39,8.55,5750739,0.916,8.31,8.24,8.72,58.441,0.0619,0.0203,0.0416,8.64,7.97,7.977,2001,7,3,2001-07,False
2001-07-20,ITC,8.54,8.64,8.44,8.58,13351315,0.311,8.31,8.24,8.72,59.223,0.0731,0.0309,0.0422,8.67,7.96,8.431,2001,7,3,2001-07,False
2001-07-23,ITC,8.56,8.63,8.47,8.58,317644,0.101,8.33,8.25,8.72,59.492,0.0817,0.041,0.0407,8.7,7.97,8.734,2001,7,3,2001-07,False
2001-07-24,ITC,8.41,8.65,8.38,8.58,6152317,-0.07,8.34,8.25,8.73,59.203,0.0871,0.0502,0.0368,8.71,7.97,8.838,2001,7,3,2001-07,False
2001-07-25,ITC,8.53,8.63,8.51,8.56,7769001,-0.221,8.35,8.26,8.73,58.237,0.0888,0.058,0.0308,8.73,7.96,9.137,2001,7,3,2001-07,False
2001-07-26,ITC,8.55,8.56,8.41,8.45,8188244,-1.249,8.35,8.26,8.73,52.993,0.0806,0.0625,0.0181,8.74,7.97,9.148,2001,7,3,2001-07,False
2001-07-27,ITC,8.37,8.46,8.15,8.19,11292816,-3.158,8.36,8.26,8.73,42.661,0.0519,0.0604,-0.0084,8.73,7.99,8.798,2001,7,3,2001-07,False
2001-07-30,ITC,8.19,8.45,8.1,8.39,9827406,2.473,8.37,8.26,8.73,50.535,0.045,0.0573,-0.0123,8.72,8.02,8.365,2001,7,3,2001-07,False
2001-07-31,ITC,8.44,8.67,8.37,8.6,11009707,2.555,8.4,8.27,8.74,57.232,0.0562,0.0571,-0.0009,8.74,8.06,8.14,2001,7,3,2001-07,False
2001-08-01,ITC,8.61,8.63,8.46,8.54,8328490,-0.732,8.41,8.27,8.74,54.882,0.0593,0.0575,0.0018,8.75,8.06,8.254,2001,8,3,2001-08,False
2001-08-02,ITC,8.54,8.55,8.28,8.33,6140914,-2.491,8.41,8.27,8.74,47.747,0.0441,0.0548,-0.0107,8.75,8.08,8.013,2001,8,3,2001-08,False
2001-08-03,ITC,8.52,8.84,8.2,8.24,9191603,-0.984,8.41,8.27,8.74,45.303,0.0252,0.0489,-0.0238,8.75,8.08,7.955,2001,8,3,2001-08,False
2001-08-06,ITC,8.26,8.39,8.17,8.25,8357230,0.013,8.42,8.27,8.74,45.343,0.0101,0.0411,-0.031,8.73,8.11,7.439,2001,8,3,2001-08,False
2001-08-07,ITC,8.27,8.33,8.15,8.2,6903738,-0.553,8.42,8.27,8.74,43.895,-0.0054,0.0318,-0.0373,8.73,8.11,7.385,2001,8,3,2001-08,False
2001-08-08,ITC,8.24,8.25,7.34,8.08,10632804,-1.409,8.42,8.27,8.74,40.374,-0.0268,0.0201,-0.0469,8.75,8.08,7.873,2001,8,3,2001-08,False
2001-08-09,ITC,8.03,8.26,8.02,8.2,13363746,1.483,8.42,8.26,8.74,45.279,-0.0336,0.0094,-0.043,8.75,8.08,7.888,2001,8,3,2001-08,False
2001-08-10,ITC,8.24,8.3,7.98,8.02,11007464,-2.295,8.39,8.25,8.73,39.75,-0.0536,-0.0032,-0.0504,8.77,8.02,8.934,2001,8,3,2001-08,False
2001-08-13,ITC,8.95,8.95,7.98,8.0,9263572,-0.176,8.36,8.25,8.73,39.362,-0.0698,-0.0166,-0.0533,8.77,7.96,9.67,2001,8,3,2001-08,False
2001-08-14,ITC,8.13,8.22,7.93,8.16,11826928,1.939,8.35,8.26,8.73,45.645,-0.0693,-0.0271,-0.0422,8.76,7.94,9.836,2001,8,3,2001-08,False
2001-08-15,ITC,8.16,8.16,8.16,8.16,0,0.0,8.33,8.26,8.73,45.645,-0.0681,-0.0353,-0.0328,8.75,7.92,9.955,2001,8,3,2001-08,False
2001-08-16,ITC,8.15,8.24,7.92,7.95,10253519,-2.481,8.3,8.26,8.73,39.46,-0.0826,-0.0448,-0.0378,8.74,7.87,10.458,2001,8,3,2001-08,False
2001-08-17,ITC,8.05,8.08,7.72,7.76,24259985,-2.496,8.26,8.26,8.72,34.519,-0.1088,-0.0576,-0.0512,8.74,7.78,11.576,2001,8,3,2001-08,False
2001-08-20,ITC,7.76,7.95,7.72,7.91,18378626,2.036,8.23,8.26,8.72,40.86,-0.1155,-0.0692,-0.0463,8.71,7.75,11.594,2001,8,3,2001-08,False
2001-08-21,ITC,7.92,8.03,7.88,7.92,18811188,0.027,8.2,8.25,8.72,40.945,-0.1193,-0.0792,-0.0401,8.66,7.73,11.386,2001,8,3,2001-08,False
2001-08-22,ITC,7.92,7.92,7.92,7.92,0,0.0,8.16,8.25,8.72,40.945,-0.1209,-0.0875,-0.0333,8.61,7.71,11.006,2001,8,3,2001-08,False
2001-08-23,ITC,7.89,8.32,7.87,8.21,28982457,3.722,8.15,8.26,8.72,51.807,-0.0972,-0.0895,-0.0078,8.58,7.72,10.527,2001,8,3,2001-08,False
2001-08-24,ITC,8.21,8.24,7.97,8.03,17622532,-2.174,8.14,8.26,8.72,46.256,-0.0918,-0.0899,-0.0019,8.58,7.71,10.607,2001,8,3,2001-08,False
2001-08-27,ITC,8.03,8.07,7.9,7.93,9786422,-1.283,8.12,8.26,8.72,43.366,-0.0948,-0.0909,-0.0039,8.55,7.69,10.49,2001,8,3,2001-08,False
2001-08-28,ITC,7.92,8.12,7.87,7.91,22092224,-0.301,8.09,8.25,8.72,42.7,-0.0979,-0.0923,-0.0056,8.46,7.72,9.162,2001,8,3,2001-08,False
2001-08-29,ITC,7.93,8.01,7.85,7.88,18976950,-0.384,8.05,8.24,8.71,41.821,-0.1017,-0.0942,-0.0075,8.37,7.74,7.798,2001,8,3,2001-08,False
2001-08-30,ITC,7.91,7.94,7.79,7.83,22107226,-0.613,8.03,8.23,8.71,40.397,-0.1074,-0.0968,-0.0105,8.33,7.73,7.51,2001,8,3,2001-08,False
2001-08-31,ITC,7.86,7.9,7.78,7.82,22690174,-0.146,8.01,8.22,8.71,40.05,-0.1115,-0.0998,-0.0117,8.3,7.71,7.431,2001,8,3,2001-08,False
2001-09-03,ITC,7.92,7.92,7.79,7.82,12348890,0.097,7.98,8.21,8.7,40.417,-0.1128,-0.1024,-0.0104,8.27,7.7,7.153,2001,9,3,2001-09,False
2001-09-04,ITC,7.83,7.88,7.76,7.82,18170898,-0.062,7.97,8.2,8.7,40.247,-0.113,-0.1045,-0.0085,8.24,7.69,6.928,2001,9,3,2001-09,False
2001-09-05,ITC,7.87,8.21,7.87,8.15,33348822,4.303,7.97,8.19,8.7,54.493,-0.085,-0.1006,0.0156,8.25,7.69,7.126,2001,9,3,2001-09,False
2001-09-06,ITC,8.07,8.07,7.24,7.35,93574357,-9.881,7.93,8.17,8.69,33.742,-0.1263,-0.1057,-0.0206,8.3,7.55,9.519,2001,9,3,2001-09,False
2001-09-07,ITC,7.32,7.47,7.04,7.23,67523840,-1.676,7.89,8.16,8.68,31.752,-0.1671,-0.118,-0.0491,8.37,7.4,12.358,2001,9,3,2001-09,False
2001-09-10,ITC,8.48,8.48,7.08,7.11,46157520,-1.607,7.84,8.14,8.67,29.958,-0.2065,-0.1357,-0.0708,8.44,7.25,15.165,2001,9,3,2001-09,False
2001-09-11,ITC,7.22,7.38,7.1,7.28,54511526,2.343,7.8,8.12,8.66,35.581,-0.2216,-0.1529,-0.0687,8.42,7.17,16.058,2001,9,3,2001-09,False
2001-09-12,ITC,6.79,7.42,6.57,7.29,70402971,0.127,7.75,8.1,8.65,35.888,-0.2302,-0.1684,-0.0619,8.4,7.11,16.561,2001,9,3,2001-09,False
2001-09-13,ITC,7.25,7.46,7.11,7.17,48250788,-1.542,7.72,8.08,8.64,33.778,-0.2433,-0.1834,-0.06,8.4,7.03,17.747,2001,9,3,2001-09,False
2001-09-14,ITC,7.11,7.16,6.79,7.01,48598716,-2.315,7.68,8.05,8.63,30.886,-0.2641,-0.1995,-0.0646,8.43,6.92,19.634,2001,9,3,2001-09,False
2001-09-17,ITC,6.79,6.85,6.56,6.75,50254002,-3.647,7.62,8.03,8.62,27.048,-0.2977,-0.2191,-0.0785,8.47,6.77,22.318,2001,9,3,2001-09,False
2001-09-18,ITC,6.78,7.08,6.73,6.96,33606883,3.15,7.57,8.0,8.6,34.359,-0.3037,-0.236,-0.0676,8.46,6.69,23.41,2001,9,3,2001-09,False
2001-09-19,ITC,6.92,7.0,6.78,6.91,25271009,-0.818,7.52,7.98,8.59,33.394,-0.3094,-0.2507,-0.0587,8.44,6.6,24.415,2001,9,3,2001-09,False
2001-09-20,ITC,6.89,7.05,6.7,6.95,35511209,0.676,7.46,7.95,8.58,35.004,-0.3067,-0.2619,-0.0448,8.35,6.57,23.9,2001,9,3,2001-09,False
2001-09-21,ITC,7.54,7.54,6.49,6.57,52741557,-5.485,7.39,7.91,8.56,28.86,-0.3315,-0.2758,-0.0557,8.32,6.45,25.234,2001,9,3,2001-09,False
2001-09-24,ITC,6.52,6.78,6.52,6.64,30313368,1.073,7.32,7.87,8.54,31.263,-0.3415,-0.289,-0.0525,8.27,6.37,25.988,2001,9,3,2001-09,False
2001-09-25,ITC,6.78,6.78,6.37,6.41,47714853,-3.496,7.25,7.83,8.53,27.92,-0.364,-0.304,-0.06,8.24,6.25,27.385,2001,9,3,2001-09,False
2001-09-26,ITC,6.45,6.64,6.27,6.35,53577706,-0.923,7.17,7.79,8.51,27.124,-0.3822,-0.3196,-0.0626,8.19,6.15,28.525,2001,9,3,2001-09,False
2001-09-27,ITC,6.42,6.53,6.3,6.49,30687654,2.136,7.1,7.75,8.49,31.916,-0.3813,-0.3319,-0.0493,8.12,6.09,28.641,2001,9,3,2001-09,False
2001-09-28,ITC,6.52,6.67,6.22,6.29,52918676,-3.019,7.03,7.7,8.48,28.955,-0.3918,-0.3439,-0.0479,8.05,6.01,29.063,2001,9,3,2001-09,False
2001-10-01,ITC,6.4,6.53,6.3,6.46,34931672,2.751,6.96,7.66,8.46,34.718,-0.3818,-0.3515,-0.0303,7.94,5.98,28.114,2001,10,4,2001-10,False
2001-10-02,ITC,6.46,6.46,6.46,6.46,0,0.0,6.89,7.62,8.45,34.718,-0.3696,-0.3551,-0.0145,7.81,5.98,26.507,2001,10,4,2001-10,False
2001-10-03,ITC,6.46,6.65,6.46,6.61,24440468,2.325,6.81,7.58,8.43,39.649,-0.3439,-0.3529,0.009,7.51,6.11,20.544,2001,10,4,2001-10,False
2001-10-04,ITC,6.63,6.72,6.37,6.54,39935243,-1.075,6.77,7.54,8.42,38.18,-0.3254,-0.3474,0.0219,7.44,6.11,19.554,2001,10,4,2001-10,False
2001-10-05,ITC,6.54,6.59,6.41,6.55,28159207,0.1,6.74,7.51,8.4,38.405,-0.3068,-0.3393,0.0325,7.37,6.11,18.806,2001,10,4,2001-10,False
2001-10-08,ITC,6.4,6.57,6.29,6.44,25998222,-1.756,6.71,7.47,8.39,35.917,-0.2978,-0.331,0.0331,7.33,6.08,18.576,2001,10,4,2001-10,False
2001-10-09,ITC,6.45,6.62,6.44,6.59,22454079,2.378,6.67,7.43,8.37,41.359,-0.2752,-0.3198,0.0446,7.24,6.11,16.902,2001,10,4,2001-10,False
2001-10-10,ITC,6.57,7.15,6.55,7.08,80568866,7.42,6.66,7.4,8.36,54.618,-0.2154,-0.2989,0.0836,7.18,6.14,15.684,2001,10,4,2001-10,False
2001-10-11,ITC,7.09,7.3,7.01,7.06,68244417,-0.176,6.66,7.37,8.34,54.281,-0.167,-0.2726,0.1055,7.16,6.15,15.082,2001,10,4,2001-10,False
2001-10-12,ITC,7.05,7.15,6.95,6.97,44874743,-1.275,6.66,7.35,8.33,51.794,-0.1344,-0.2449,0.1105,7.15,6.16,14.947,2001,10,4,2001-10,False
2001-10-15,ITC,6.95,7.21,6.95,7.04,52809180,0.972,6.67,7.32,8.32,53.521,-0.102,-0.2163,0.1144,7.2,6.14,15.755,2001,10,4,2001-10,False
2001-10-16,ITC,7.08,7.18,7.0,7.05,21347159,0.131,6.67,7.3,8.3,53.764,-0.0746,-0.188,0.1134,7.21,6.14,16.093,2001,10,4,2001-10,False
2001-10-17,ITC,7.11,7.52,7.09,7.45,64173638,5.702,6.7,7.29,8.29,62.862,-0.0203,-0.1544,0.1342,7.34,6.07,18.914,2001,10,4,2001-10,False
2001-10-18,ITC,7.42,7.57,7.28,7.37,48568620,-1.172,6.72,7.27,8.28,60.095,0.0156,-0.1204,0.136,7.41,6.03,20.601,2001,10,4,2001-10,False
2001-10-19,ITC,7.37,7.64,7.37,7.52,100525482,2.026,6.77,7.26,8.27,63.084,0.0554,-0.0853,0.1407,7.54,6.0,22.843,2001,10,4,2001-10,False
2001-10-22,ITC,7.58,7.58,7.07,7.11,59777737,-5.343,6.79,7.24,8.26,51.833,0.0539,-0.0574,0.1114,7.58,6.01,23.128,2001,10,4,2001-10,False
2001-10-23,ITC,7.25,7.33,7.16,7.24,33106044,1.808,6.83,7.23,8.25,54.624,0.0624,-0.0335,0.0959,7.62,6.05,23.071,2001,10,4,2001-10,False
2001-10-24,ITC,7.28,7.5,7.23,7.33,42698384,1.161,6.88,7.21,8.24,56.404,0.0751,-0.0118,0.0868,7.67,6.1,22.756,2001,10,4,2001-10,False
2001-10-25,ITC,7.37,7.43,7.28,7.34,21088865,0.193,6.93,7.2,8.23,56.71,0.0852,0.0076,0.0776,7.71,6.14,22.677,2001,10,4,2001-10,False
2001-10-26,ITC,7.34,7.34,7.34,7.34,0,0.0,6.98,7.19,8.21,56.71,0.0922,0.0246,0.0677,7.72,6.23,21.38,2001,10,4,2001-10,False
2001-10-29,ITC,7.41,7.47,7.18,7.29,29109711,-0.665,7.02,7.18,8.2,55.153,0.0928,0.0382,0.0546,7.74,6.3,20.433,2001,10,4,2001-10,False
2001-10-30,ITC,7.2,7.32,7.19,7.27,16689599,-0.238,7.06,7.16,8.19,54.579,0.0908,0.0487,0.042,7.74,6.38,19.132,2001,10,4,2001-10,False
2001-10-31,ITC,7.32,7.52,7.25,7.44,24089970,2.335,7.1,7.15,8.18,59.066,0.1017,0.0593,0.0424,7.76,6.44,18.641,2001,10,4,2001-10,False
2001-11-01,ITC,7.45,8.12,7.45,8.03,117274807,7.813,7.18,7.15,8.17,69.998,0.1555,0.0785,0.077,7.9,6.45,20.275,2001,11,4,2001-11,False
2001-11-02,ITC,7.98,8.01,7.22,7.38,135005994,-8.065,7.22,7.14,8.16,53.026,0.1442,0.0917,0.0526,7.89,6.55,18.551,2001,11,4,2001-11,False
2001-11-05,ITC,7.22,7.43,6.96,7.02,145536593,-4.912,7.25,7.12,8.15,46.262,0.1049,0.0943,0.0105,7.82,6.68,15.717,2001,11,4,2001-11,False
2001-11-06,ITC,7.05,7.28,7.05,7.16,64384685,2.018,7.27,7.1,8.13,48.999,0.0841,0.0923,-0.0082,7.76,6.79,13.221,2001,11,4,2001-11,False
2001-11-07,ITC,7.16,7.26,6.93,6.98,52151692,-2.494,7.27,7.09,8.12,45.83,0.0527,0.0844,-0.0317,7.76,6.78,13.515,2001,11,4,2001-11,False
2001-11-08,ITC,7.05,7.23,7.0,7.14,50112588,2.293,7.27,7.07,8.11,49.015,0.0402,0.0755,-0.0353,7.76,6.79,13.357,2001,11,4,2001-11,False
2001-11-09,ITC,7.17,7.25,7.0,7.05,32466455,-1.269,7.28,7.06,8.1,47.319,0.0227,0.065,-0.0422,7.75,6.8,13.114,2001,11,4,2001-11,False
2001-11-12,ITC,7.08,7.23,7.08,7.17,26728660,1.755,7.28,7.04,8.08,49.869,0.0187,0.0557,-0.037,7.75,6.82,12.826,2001,11,4,2001-11,False
2001-11-13,ITC,7.19,7.23,7.09,7.15,19760617,-0.31,7.29,7.03,8.07,49.406,0.0135,0.0473,-0.0338,7.75,6.83,12.589,2001,11,4,2001-11,False
2001-11-14,ITC,7.2,7.21,7.14,7.17,6281487,0.334,7.27,7.01,8.07,49.943,0.0112,0.04,-0.0289,7.73,6.82,12.5,2001,11,4,2001-11,False
2001-11-15,ITC,7.22,7.53,7.14,7.41,43264742,3.335,7.28,7.01,8.06,55.091,0.0283,0.0377,-0.0094,7.73,6.82,12.564,2001,11,4,2001-11,False
2001-11-16,ITC,7.41,7.41,7.41,7.41,0,0.0,7.27,7.02,8.05,55.091,0.0415,0.0385,0.003,7.72,6.82,12.325,2001,11,4,2001-11,False
2001-11-19,ITC,7.49,7.73,7.47,7.56,47894261,1.991,7.29,7.03,8.05,58.168,0.063,0.0434,0.0197,7.75,6.84,12.595,2001,11,4,2001-11,False
2001-11-20,ITC,7.57,7.69,7.42,7.48,19980637,-1.041,7.31,7.03,8.04,55.966,0.0729,0.0493,0.0237,7.77,6.84,12.759,2001,11,4,2001-11,False
2001-11-21,ITC,7.39,7.83,7.39,7.63,66394581,2.016,7.32,7.04,8.04,59.158,0.0919,0.0578,0.0341,7.81,6.83,13.344,2001,11,4,2001-11,False
2001-11-22,ITC,7.65,7.86,7.65,7.72,35145055,1.159,7.34,7.05,8.03,60.945,0.1128,0.0688,0.044,7.86,6.82,14.174,2001,11,4,2001-11,False
2001-11-23,ITC,7.81,8.0,7.56,7.62,24414438,-1.349,7.35,7.06,8.03,57.74,0.1195,0.079,0.0406,7.89,6.82,14.541,2001,11,4,2001-11,False
2001-11-26,ITC,7.66,7.76,7.56,7.59,16870456,-0.342,7.37,7.08,8.02,56.934,0.1214,0.0874,0.0339,7.91,6.83,14.764,2001,11,4,2001-11,False
2001-11-27,ITC,7.61,7.69,7.33,7.41,24215729,-2.373,7.38,7.09,8.02,51.57,0.1071,0.0914,0.0157,7.92,6.83,14.706,2001,11,4,2001-11,False
2001-11-28,ITC,7.47,7.47,7.2,7.24,31282986,-2.343,7.37,7.09,8.01,46.976,0.0808,0.0893,-0.0084,7.91,6.82,14.793,2001,11,4,2001-11,False
2001-11-29,ITC,7.26,7.37,7.16,7.24,16742408,0.053,7.33,7.1,8.0,47.088,0.0596,0.0833,-0.0237,7.78,6.88,12.269,2001,11,4,2001-11,False
2001-11-30,ITC,7.24,7.24,7.24,7.24,0,0.0,7.32,7.11,8.0,47.088,0.0423,0.0751,-0.0328,7.77,6.87,12.305,2001,11,4,2001-11,False
2001-12-03,ITC,7.26,7.45,7.24,7.38,26602060,1.926,7.34,7.13,7.99,51.419,0.0394,0.068,-0.0286,7.77,6.91,11.651,2001,12,4,2001-12,False
2001-12-04,ITC,7.43,7.68,7.42,7.61,30864679,3.154,7.36,7.15,7.98,57.651,0.0552,0.0654,-0.0102,7.8,6.93,11.832,2001,12,4,2001-12,False
2001-12-05,ITC,7.65,7.82,7.65,7.72,25344847,1.418,7.4,7.18,7.98,60.202,0.0756,0.0675,0.0082,7.82,6.97,11.485,2001,12,4,2001-12,False
2001-12-06,ITC,7.81,7.94,7.69,7.82,36026067,1.216,7.43,7.2,7.98,62.326,0.0982,0.0736,0.0246,7.88,6.99,11.98,2001,12,4,2001-12,False
2001-12-07,ITC,7.82,8.06,7.59,7.69,45150188,-1.666,7.46,7.23,7.98,57.723,0.1044,0.0798,0.0247,7.88,7.04,11.257,2001,12,4,2001-12,False
2001-12-10,ITC,7.7,7.79,7.61,7.74,13159990,0.762,7.49,7.26,7.98,59.184,0.1128,0.0864,0.0264,7.91,7.08,11.06,2001,12,4,2001-12,False
2001-12-11,ITC,7.74,7.83,7.6,7.64,15513141,-1.373,7.52,7.28,7.97,55.44,0.1096,0.091,0.0185,7.9,7.13,10.268,2001,12,4,2001-12,False
2001-12-12,ITC,7.65,7.69,7.37,7.43,48068716,-2.65,7.53,7.3,7.97,49.077,0.0896,0.0907,-0.0011,7.88,7.18,9.386,2001,12,4,2001-12,False
2001-12-13,ITC,7.49,7.57,7.27,7.5,29192055,0.81,7.53,7.32,7.97,50.884,0.0778,0.0882,-0.0104,7.88,7.18,9.28,2001,12,4,2001-12,False
2001-12-14,ITC,7.54,7.56,7.4,7.45,11418808,-0.637,7.54,7.33,7.96,49.388,0.0638,0.0833,-0.0195,7.88,7.19,9.221,2001,12,4,2001-12,False
2001-12-17,ITC,7.45,7.45,7.45,7.45,0,0.0,7.53,7.35,7.96,49.388,0.0522,0.0771,-0.0249,7.88,7.18,9.28,2001,12,4,2001-12,False
2001-12-18,ITC,7.51,7.51,7.29,7.36,12046994,-1.188,7.52,7.37,7.96,46.454,0.0354,0.0687,-0.0333,7.88,7.17,9.495,2001,12,4,2001-12,False
2001-12-19,ITC,7.43,7.43,7.24,7.28,13105172,-1.121,7.51,7.37,7.95,43.839,0.0153,0.058,-0.0428,7.88,7.14,9.848,2001,12,4,2001-12,False
2001-12-20,ITC,7.28,7.42,7.25,7.36,6194096,1.193,7.49,7.38,7.95,47.208,0.0062,0.0477,-0.0415,7.85,7.13,9.621,2001,12,4,2001-12,False
2001-12-21,ITC,7.36,7.38,7.11,7.22,12500632,-2.012,7.47,7.38,7.94,42.521,-0.0127,0.0356,-0.0483,7.84,7.09,10.027,2001,12,4,2001-12,False
2001-12-24,ITC,7.69,7.69,7.12,7.26,5735271,0.594,7.45,7.39,7.94,44.246,-0.024,0.0237,-0.0477,7.83,7.07,10.224,2001,12,4,2001-12,False
2001-12-25,ITC,7.26,7.26,7.26,7.26,0,0.0,7.44,7.39,7.93,44.246,-0.0326,0.0124,-0.045,7.83,7.05,10.488,2001,12,4,2001-12,False
2001-12-26,ITC,7.31,7.38,7.24,7.27,5249153,0.209,7.45,7.39,7.93,44.925,-0.0377,0.0024,-0.0401,7.83,7.06,10.387,2001,12,4,2001-12,False
2001-12-27,ITC,7.31,7.31,7.21,7.23,6128202,-0.627,7.44,7.39,7.92,43.224,-0.0449,-0.0071,-0.0379,7.83,7.06,10.429,2001,12,4,2001-12,False
2001-12-28,ITC,7.21,7.24,7.16,7.17,7801153,-0.788,7.44,7.38,7.91,41.127,-0.0546,-0.0166,-0.0381,7.84,7.04,10.675,2001,12,4,2001-12,False
2001-12-31,ITC,7.23,7.43,7.23,7.35,10519664,2.542,7.44,7.38,7.9,49.56,-0.0471,-0.0227,-0.0244,7.84,7.04,10.706,2001,12,4,2001-12,False
2002-01-01,ITC,7.36,7.53,7.34,7.42,8267923,0.952,7.43,7.39,7.9,52.381,-0.035,-0.0252,-0.0099,7.82,7.04,10.492,2002,1,1,2002-01,False
2002-01-02,ITC,7.49,7.7,7.48,7.68,22037920,3.414,7.43,7.4,7.89,60.903,-0.005,-0.0211,0.0161,7.81,7.04,10.317,2002,1,1,2002-01,False
2002-01-03,ITC,7.7,7.76,7.62,7.68,10108132,0.049,7.42,7.4,7.89,61.016,0.0189,-0.0131,0.032,7.78,7.06,9.659,2002,1,1,2002-01,False
2002-01-04,ITC,7.7,7.8,7.62,7.67,11675279,-0.12,7.42,7.41,7.88,60.56,0.0367,-0.0031,0.0399,7.78,7.06,9.602,2002,1,1,2002-01,False
2002-01-07,ITC,7.73,7.8,7.66,7.72,10442834,0.672,7.42,7.42,7.88,62.258,0.0543,0.0084,0.046,7.77,7.07,9.497,2002,1,1,2002-01,False
2002-01-08,ITC,7.7,7.87,7.7,7.78,15779145,0.801,7.43,7.43,7.87,64.248,0.0725,0.0212,0.0513,7.8,7.05,10.146,2002,1,1,2002-01,False
2002-01-09,ITC,7.72,8.01,7.72,7.91,25123659,1.617,7.45,7.44,7.87,67.951,0.0959,0.0361,0.0598,7.89,7.02,11.662,2002,1,1,2002-01,False
2002-01-10,ITC,7.82,8.05,7.82,8.01,17241377,1.221,7.48,7.44,7.86,70.478,0.1208,0.0531,0.0678,7.98,6.98,13.394,2002,1,1,2002-01,False
2002-01-11,ITC,8.02,8.31,8.01,8.23,35802169,2.744,7.52,7.45,7.86,75.257,0.1565,0.0738,0.0828,8.12,6.91,16.027,2002,1,1,2002-01,False
2002-01-14,ITC,8.3,8.41,8.12,8.17,20995352,-0.64,7.55,7.48,7.85,72.241,0.1785,0.0947,0.0838,8.22,6.88,17.717,2002,1,1,2002-01,False
2002-01-15,ITC,8.08,8.25,7.92,7.96,9176321,-2.595,7.58,7.49,7.85,61.533,0.1768,0.1111,0.0657,8.27,6.9,18.11,2002,1,1,2002-01,False
2002-01-16,ITC,8.08,8.08,7.87,7.89,8442752,-0.852,7.61,7.51,7.84,58.546,0.168,0.1225,0.0455,8.3,6.93,17.978,2002,1,1,2002-01,False
2002-01-17,ITC,7.89,8.16,7.85,8.11,14231766,2.708,7.65,7.53,7.84,64.411,0.1763,0.1333,0.043,8.36,6.94,18.505,2002,1,1,2002-01,False
2002-01-18,ITC,8.16,8.46,7.85,7.91,16134971,-2.436,7.68,7.55,7.83,56.463,0.165,0.1396,0.0254,8.37,7.0,17.851,2002,1,1,2002-01,False
2002-01-21,ITC,7.92,8.11,7.28,8.03,8098236,1.495,7.72,7.56,7.83,59.673,0.1637,0.1444,0.0193,8.39,7.05,17.388,2002,1,1,2002-01,False
2002-01-22,ITC,7.94,8.07,7.94,8.03,10602568,0.007,7.76,7.58,7.83,59.687,0.1609,0.1477,0.0132,8.41,7.11,16.675,2002,1,1,2002-01,False
2002-01-23,ITC,8.01,8.12,7.96,8.06,11203182,0.338,7.8,7.6,7.82,60.462,0.159,0.15,0.009,8.42,7.18,15.813,2002,1,1,2002-01,False
2002-01-24,ITC,8.08,8.19,7.95,8.05,15152034,-0.135,7.84,7.61,7.82,59.966,0.1548,0.1509,0.0039,8.4,7.28,14.356,2002,1,1,2002-01,False
2002-01-25,ITC,7.94,7.99,7.83,7.86,11113501,-2.333,7.88,7.62,7.81,52.007,0.1348,0.1477,-0.0129,8.34,7.41,11.834,2002,1,1,2002-01,False
2002-01-28,ITC,7.92,7.92,7.65,7.68,8615197,-2.258,7.89,7.62,7.8,45.818,0.1035,0.1389,-0.0354,8.3,7.48,10.342,2002,1,1,2002-01,False
2002-01-29,ITC,7.73,7.75,7.55,7.62,14236159,-0.827,7.9,7.63,7.79,43.809,0.0726,0.1256,-0.053,8.27,7.53,9.326,2002,1,1,2002-01,False
2002-01-30,ITC,7.54,7.65,7.54,7.63,4242429,0.121,7.9,7.63,7.78,44.192,0.0484,0.1102,-0.0618,8.28,7.52,9.51,2002,1,1,2002-01,False
2002-01-31,ITC,7.65,7.71,7.49,7.53,15095347,-1.195,7.89,7.62,7.78,41.204,0.0216,0.0925,-0.0709,8.29,7.49,10.096,2002,1,1,2002-01,False
2002-02-01,ITC,7.56,7.62,7.54,7.59,6484916,0.742,7.89,7.62,7.77,43.717,0.0048,0.0749,-0.0701,8.3,7.48,10.377,2002,2,1,2002-02,False
2002-02-04,ITC,7.81,7.81,7.52,7.56,3219909,-0.372,7.88,7.62,7.76,42.724,-0.0106,0.0578,-0.0685,8.31,7.45,10.881,2002,2,1,2002-02,False
2002-02-05,ITC,7.52,7.68,7.51,7.59,6900093,0.366,7.87,7.63,7.76,44.066,-0.0204,0.0422,-0.0626,8.32,7.42,11.341,2002,2,1,2002-02,False
2002-02-06,ITC,7.62,7.64,7.52,7.58,13501234,-0.1,7.85,7.63,7.75,43.762,-0.0285,0.028,-0.0565,8.32,7.39,11.812,2002,2,1,2002-02,False
2002-02-07,ITC,7.67,7.83,7.56,7.59,12066108,0.157,7.83,7.64,7.74,44.41,-0.0335,0.0157,-0.0492,8.31,7.36,12.047,2002,2,1,2002-02,False
2002-02-08,ITC,7.67,7.81,7.62,7.76,13041147,2.2,7.81,7.65,7.74,52.626,-0.0237,0.0078,-0.0316,8.24,7.38,11.13,2002,2,1,2002-02,False
2002-02-11,ITC,7.92,7.92,7.71,7.75,5083858,-0.126,7.79,7.66,7.73,52.141,-0.0166,0.003,-0.0195,8.19,7.39,10.268,2002,2,1,2002-02,False
2002-02-12,ITC,7.7,7.73,7.61,7.63,3560079,-1.589,7.77,7.66,7.72,46.34,-0.0206,-0.0017,-0.0188,8.17,7.38,10.224,2002,2,1,2002-02,False
2002-02-13,ITC,7.61,7.7,7.59,7.61,4099846,-0.185,7.76,7.66,7.72,45.713,-0.0246,-0.0063,-0.0183,8.16,7.36,10.285,2002,2,1,2002-02,False
2002-02-14,ITC,7.76,7.76,7.62,7.7,4812245,1.104,7.74,7.65,7.71,50.054,-0.0208,-0.0092,-0.0116,8.1,7.37,9.408,2002,2,1,2002-02,False
2002-02-15,ITC,7.73,7.96,7.73,7.88,31663113,2.361,7.74,7.66,7.71,57.89,-0.0031,-0.008,0.0049,8.1,7.38,9.339,2002,2,1,2002-02,False
2002-02-18,ITC,7.86,8.16,7.78,8.1,26021916,2.816,7.74,7.66,7.71,65.091,0.0285,-0.0007,0.0292,8.12,7.37,9.692,2002,2,1,2002-02,False
2002-02-19,ITC,8.15,8.2,8.03,8.13,26076266,0.382,7.75,7.67,7.71,65.965,0.0554,0.0105,0.0449,8.14,7.35,10.183,2002,2,1,2002-02,False
2002-02-20,ITC,8.03,8.14,7.87,7.9,12929782,-2.849,7.74,7.68,7.7,54.885,0.0574,0.0199,0.0375,8.11,7.36,9.674,2002,2,1,2002-02,False
2002-02-21,ITC,7.87,8.05,7.76,8.0,12551478,1.298,7.74,7.69,7.7,58.229,0.0665,0.0292,0.0373,8.1,7.37,9.502,2002,2,1,2002-02,False
2002-02-22,ITC,7.98,8.14,7.92,8.13,16113193,1.532,7.75,7.71,7.7,61.869,0.0826,0.0399,0.0427,8.15,7.34,10.432,2002,2,1,2002-02,False
2002-02-25,ITC,8.09,8.13,7.87,7.88,6199237,-2.998,7.76,7.72,7.7,52.147,0.0749,0.0469,0.028,8.17,7.35,10.493,2002,2,1,2002-02,False
2002-02-26,ITC,7.97,7.99,7.81,7.86,8214461,-0.317,7.77,7.73,7.7,51.258,0.066,0.0507,0.0153,8.17,7.37,10.387,2002,2,1,2002-02,False
2002-02-27,ITC,7.89,7.97,7.82,7.93,10940448,0.925,7.79,7.74,7.7,53.732,0.0641,0.0534,0.0107,8.19,7.38,10.365,2002,2,1,2002-02,False
2002-02-28,ITC,7.95,8.13,7.65,8.06,85628424,1.69,7.81,7.75,7.7,57.966,0.0725,0.0572,0.0153,8.22,7.41,10.33,2002,2,1,2002-02,False
2002-03-01,ITC,8.21,8.49,8.03,8.23,40772046,2.012,7.84,7.77,7.7,62.447,0.0913,0.064,0.0272,8.27,7.42,10.944,2002,3,1,2002-03,False
2002-03-04,ITC,8.21,8.3,7.9,7.93,20765706,-3.561,7.86,7.79,7.69,51.723,0.0815,0.0675,0.014,8.27,7.45,10.415,2002,3,1,2002-03,False
2002-03-05,ITC,7.98,8.0,7.73,7.76,25633470,-2.223,7.87,7.8,7.69,46.543,0.0589,0.0658,-0.0069,8.26,7.48,9.971,2002,3,1,2002-03,False
2002-03-06,ITC,7.79,7.88,7.71,7.72,13530770,-0.462,7.88,7.81,7.69,45.545,0.0376,0.0602,-0.0225,8.25,7.5,9.529,2002,3,1,2002-03,False
2002-03-07,ITC,7.78,7.94,7.77,7.85,12791593,1.595,7.89,7.82,7.68,49.551,0.0304,0.0542,-0.0238,8.24,7.54,8.906,2002,3,1,2002-03,False
2002-03-08,ITC,7.91,7.91,7.7,7.74,6535575,-1.369,7.89,7.83,7.68,46.348,0.0158,0.0465,-0.0307,8.24,7.54,8.958,2002,3,1,2002-03,False
2002-03-11,ITC,7.75,7.81,7.69,7.77,11166403,0.379,7.89,7.84,7.68,47.348,0.0065,0.0385,-0.032,8.24,7.54,8.927,2002,3,1,2002-03,False
2002-03-12,ITC,7.78,7.98,7.76,7.81,21597975,0.566,7.9,7.85,7.68,48.886,0.0027,0.0314,-0.0287,8.23,7.57,8.418,2002,3,1,2002-03,False
2002-03-13,ITC,7.8,7.89,7.76,7.81,8725534,-0.035,7.91,7.85,7.68,48.791,-0.0006,0.025,-0.0256,8.22,7.6,7.785,2002,3,1,2002-03,False
2002-03-14,ITC,7.83,7.88,7.75,7.78,6742696,-0.41,7.91,7.85,7.68,47.618,-0.0057,0.0188,-0.0245,8.21,7.62,7.544,2002,3,1,2002-03,False
2002-03-15,ITC,7.81,7.83,7.7,7.72,7444393,-0.781,7.91,7.85,7.68,45.388,-0.0145,0.0122,-0.0266,8.22,7.59,7.873,2002,3,1,2002-03,False
2002-03-18,ITC,7.8,7.83,7.66,7.69,6334389,-0.387,7.88,7.85,7.68,44.291,-0.0236,0.005,-0.0286,8.2,7.57,7.901,2002,3,1,2002-03,False
2002-03-19,ITC,7.76,7.82,7.7,7.72,9958820,0.402,7.86,7.85,7.67,45.754,-0.0279,-0.0016,-0.0264,8.16,7.57,7.549,2002,3,1,2002-03,False
2002-03-20,ITC,7.74,7.8,7.72,7.77,4085406,0.675,7.86,7.85,7.67,48.221,-0.0269,-0.0066,-0.0203,8.16,7.56,7.616,2002,3,1,2002-03,False
2002-03-21,ITC,7.87,7.87,7.69,7.69,7923080,-0.978,7.84,7.84,7.67,45.007,-0.0318,-0.0117,-0.0202,8.14,7.54,7.636,2002,3,1,2002-03,False
2002-03-22,ITC,7.69,7.76,7.62,7.68,3472642,-0.205,7.82,7.83,7.67,44.347,-0.0366,-0.0167,-0.0199,8.09,7.54,7.054,2002,3,1,2002-03,False
2002-03-25,ITC,7.68,7.68,7.68,7.68,0,0.0,7.81,7.82,7.67,44.347,-0.0399,-0.0213,-0.0186,8.09,7.53,7.198,2002,3,1,2002-03,False
2002-03-26,ITC,7.75,7.76,7.6,7.63,9233663,-0.594,7.8,7.81,7.66,42.267,-0.0457,-0.0262,-0.0195,8.09,7.51,7.458,2002,3,1,2002-03,False
2002-03-27,ITC,7.62,7.68,7.45,7.51,21877813,-1.621,7.78,7.8,7.66,37.169,-0.0596,-0.0329,-0.0267,8.09,7.47,7.993,2002,3,1,2002-03,False
2002-03-28,ITC,7.5,7.62,7.5,7.56,12741635,0.701,7.75,7.79,7.66,40.459,-0.0656,-0.0394,-0.0262,8.04,7.46,7.574,2002,3,1,2002-03,False
2002-03-29,ITC,7.56,7.56,7.56,7.56,0,0.0,7.72,7.79,7.65,40.459,-0.0695,-0.0454,-0.0241,7.92,7.51,5.272,2002,3,1,2002-03,False
2002-04-01,ITC,7.53,7.74,7.49,7.66,3942823,1.378,7.7,7.78,7.65,46.848,-0.0635,-0.049,-0.0145,7.88,7.53,4.596,2002,4,2,2002-04,False
2002-04-02,ITC,7.67,7.71,7.55,7.58,10430637,-1.083,7.7,7.77,7.64,42.898,-0.0647,-0.0522,-0.0125,7.88,7.51,4.762,2002,4,2,2002-04,False
2002-04-03,ITC,7.54,7.57,7.44,7.47,6950845,-1.431,7.68,7.76,7.64,38.346,-0.0736,-0.0565,-0.0171,7.89,7.48,5.409,2002,4,2,2002-04,False
2002-04-04,ITC,7.57,7.57,7.43,7.46,5050771,-0.24,7.66,7.75,7.64,37.637,-0.0811,-0.0614,-0.0197,7.88,7.45,5.655,2002,4,2,2002-04,False
2002-04-05,ITC,7.43,7.49,7.27,7.3,13740508,-2.111,7.64,7.74,7.63,32.028,-0.0986,-0.0688,-0.0298,7.91,7.37,7.018,2002,4,2,2002-04,False
2002-04-08,ITC,7.3,7.34,7.01,7.03,35872222,-3.68,7.6,7.72,7.63,25.14,-0.1326,-0.0816,-0.051,7.98,7.23,9.902,2002,4,2,2002-04,False
2002-04-09,ITC,7.02,7.02,6.75,6.8,42906439,-3.311,7.55,7.71,7.62,20.938,-0.1764,-0.1005,-0.0758,8.06,7.04,13.485,2002,4,2,2002-04,False
2002-04-10,ITC,6.87,6.98,6.74,6.8,33719042,-0.016,7.5,7.69,7.61,20.921,-0.2087,-0.1222,-0.0865,8.1,6.91,15.906,2002,4,2,2002-04,False
2002-04-11,ITC,6.84,6.93,6.78,6.86,29078540,0.926,7.46,7.68,7.61,24.856,-0.2266,-0.1431,-0.0836,8.1,6.81,17.361,2002,4,2,2002-04,False
2002-04-12,ITC,6.86,7.07,6.86,7.03,19474190,2.54,7.42,7.66,7.6,34.562,-0.2242,-0.1593,-0.0649,8.08,6.76,17.833,2002,4,2,2002-04,False
2002-04-15,ITC,7.03,7.1,6.91,6.99,14980337,-0.633,7.39,7.65,7.59,33.376,-0.2233,-0.1721,-0.0512,8.07,6.71,18.326,2002,4,2,2002-04,False
2002-04-16,ITC,7.05,7.1,6.85,6.91,16736800,-1.118,7.35,7.64,7.59,31.342,-0.2263,-0.1829,-0.0433,8.04,6.66,18.797,2002,4,2,2002-04,False
2002-04-17,ITC,6.95,7.0,6.88,6.93,9536867,0.259,7.31,7.63,7.58,32.359,-0.2246,-0.1912,-0.0333,7.99,6.62,18.754,2002,4,2,2002-04,False
2002-04-18,ITC,6.95,6.97,6.9,6.95,8012387,0.384,7.27,7.61,7.58,33.925,-0.2186,-0.1967,-0.0219,7.95,6.59,18.622,2002,4,2,2002-04,False
2002-04-19,ITC,6.95,6.97,6.85,6.89,11063450,-0.874,7.23,7.6,7.57,32.096,-0.2162,-0.2006,-0.0156,7.9,6.56,18.478,2002,4,2,2002-04,False
2002-04-22,ITC,6.93,6.99,6.85,6.97,5528337,1.063,7.19,7.58,7.56,36.536,-0.2061,-0.2017,-0.0044,7.84,6.55,17.872,2002,4,2,2002-04,False
2002-04-23,ITC,6.97,6.97,6.87,6.9,7898452,-0.903,7.16,7.57,7.55,34.452,-0.2008,-0.2015,0.0007,7.78,6.54,17.342,2002,4,2,2002-04,False
2002-04-24,ITC,6.91,6.94,6.85,6.93,5413373,0.393,7.13,7.55,7.54,36.143,-0.1923,-0.1997,0.0074,7.73,6.52,16.99,2002,4,2,2002-04,False
2002-04-25,ITC,6.95,6.95,6.57,6.65,25213106,-4.047,7.08,7.53,7.53,28.076,-0.2057,-0.2009,-0.0048,7.69,6.48,17.106,2002,4,2,2002-04,False
2002-04-26,ITC,6.67,6.77,6.67,6.71,12408241,0.946,7.04,7.51,7.52,31.757,-0.2089,-0.2025,-0.0064,7.62,6.46,16.574,2002,4,2,2002-04,False
2002-04-29,ITC,6.7,6.73,6.55,6.59,20544565,-1.77,6.99,7.48,7.51,28.764,-0.2185,-0.2057,-0.0128,7.52,6.45,15.375,2002,4,2,2002-04,False
2002-04-30,ITC,6.6,6.85,6.52,6.83,23100818,3.612,6.95,7.45,7.51,40.806,-0.2045,-0.2055,0.0009,7.41,6.49,13.295,2002,4,2,2002-04,False
2002-05-01,ITC,6.83,6.83,6.83,6.83,0,0.0,6.92,7.43,7.5,40.806,-0.1912,-0.2026,0.0114,7.31,6.53,11.363,2002,5,2,2002-05,False
2002-05-02,ITC,6.94,6.94,6.78,6.8,4168357,-0.469,6.89,7.41,7.49,39.758,-0.1812,-0.1983,0.0171,7.19,6.58,8.82,2002,5,2,2002-05,False
2002-05-03,ITC,6.79,6.85,6.77,6.82,3527693,0.255,6.86,7.38,7.48,40.648,-0.1699,-0.1926,0.0228,7.1,6.63,6.832,2002,5,2,2002-05,False
2002-05-06,ITC,6.86,6.87,6.78,6.84,5899771,0.279,6.85,7.36,7.47,41.663,-0.1576,-0.1856,0.028,7.07,6.63,6.445,2002,5,2,2002-05,False
2002-05-07,ITC,6.84,6.94,6.82,6.93,5393044,1.413,6.86,7.34,7.47,46.66,-0.1384,-0.1762,0.0378,7.08,6.64,6.476,2002,5,2,2002-05,False
2002-05-08,ITC,6.95,7.0,6.9,6.98,6663390,0.704,6.87,7.32,7.46,49.037,-0.118,-0.1645,0.0466,7.09,6.64,6.597,2002,5,2,2002-05,False
2002-05-09,ITC,7.04,7.04,6.95,7.0,6313172,0.319,6.88,7.3,7.45,50.127,-0.0988,-0.1514,0.0526,7.11,6.64,6.823,2002,5,2,2002-05,False
2002-05-10,ITC,7.0,7.01,6.89,6.97,7353357,-0.511,6.87,7.28,7.45,48.334,-0.0855,-0.1382,0.0527,7.1,6.64,6.612,2002,5,2,2002-05,False
2002-05-13,ITC,6.97,6.99,6.87,6.91,6206621,-0.88,6.87,7.26,7.44,45.344,-0.079,-0.1264,0.0473,7.09,6.65,6.446,2002,5,2,2002-05,False
2002-05-14,ITC,6.9,6.92,6.81,6.88,15302094,-0.408,6.87,7.24,7.43,43.996,-0.0753,-0.1162,0.0409,7.09,6.65,6.425,2002,5,2,2002-05,False
2002-05-15,ITC,6.85,6.99,6.83,6.86,9339279,-0.229,6.86,7.22,7.43,43.224,-0.0728,-0.1075,0.0347,7.08,6.64,6.373,2002,5,2,2002-05,False
2002-05-16,ITC,6.92,6.97,6.84,6.86,4491329,-0.016,6.86,7.2,7.42,43.167,-0.07,-0.1,0.03,7.07,6.64,6.254,2002,5,2,2002-05,False
2002-05-17,ITC,6.89,6.89,6.82,6.86,6223631,-0.024,6.86,7.18,7.41,43.077,-0.0672,-0.0934,0.0262,7.07,6.64,6.238,2002,5,2,2002-05,False
2002-05-20,ITC,6.85,6.87,6.78,6.86,3797063,0.016,6.85,7.17,7.41,43.162,-0.0642,-0.0876,0.0234,7.06,6.64,6.06,2002,5,2,2002-05,False
2002-05-21,ITC,6.79,6.84,6.57,6.63,15780547,-3.392,6.84,7.14,7.4,32.032,-0.0796,-0.086,0.0064,7.07,6.61,6.682,2002,5,2,2002-05,False
2002-05-22,ITC,6.67,6.75,6.63,6.71,6304713,1.146,6.83,7.12,7.39,37.68,-0.0848,-0.0858,0.001,7.06,6.6,6.781,2002,5,2,2002-05,False
2002-05-23,ITC,6.72,6.77,6.21,6.3,40629931,-6.077,6.81,7.09,7.38,25.458,-0.1203,-0.0927,-0.0277,7.13,6.49,9.503,2002,5,2,2002-05,False
2002-05-24,ITC,6.47,6.71,6.44,6.64,21314913,5.471,6.81,7.07,7.38,42.454,-0.1194,-0.098,-0.0213,7.14,6.48,9.683,2002,5,2,2002-05,False
2002-05-27,ITC,6.65,6.73,6.46,6.63,10715569,-0.114,6.81,7.05,7.37,42.226,-0.1178,-0.102,-0.0158,7.13,6.48,9.534,2002,5,2,2002-05,False
2002-05-28,ITC,6.69,6.69,6.31,6.42,17047201,-3.222,6.79,7.02,7.37,36.302,-0.1323,-0.108,-0.0243,7.15,6.42,10.823,2002,5,2,2002-05,False
2002-05-29,ITC,6.44,6.51,6.34,6.44,19641728,0.296,6.77,6.99,7.36,37.145,-0.1407,-0.1146,-0.0261,7.17,6.37,11.756,2002,5,2,2002-05,False
2002-05-30,ITC,6.41,6.62,6.39,6.59,17362182,2.368,6.76,6.97,7.35,43.603,-0.1335,-0.1183,-0.0151,7.16,6.35,11.987,2002,5,2,2002-05,False
2002-05-31,ITC,6.61,6.67,6.51,6.61,9400920,0.247,6.75,6.95,7.34,44.262,-0.125,-0.1197,-0.0053,7.16,6.34,12.13,2002,5,2,2002-05,False
2002-06-03,ITC,6.65,6.78,6.63,6.73,6902242,1.765,6.74,6.93,7.34,48.869,-0.1076,-0.1173,0.0097,7.15,6.33,12.076,2002,6,2,2002-06,False
2002-06-04,ITC,6.67,6.76,6.67,6.72,7468274,-0.129,6.73,6.91,7.33,48.547,-0.0934,-0.1125,0.019,7.13,6.33,11.793,2002,6,2,2002-06,False
2002-06-05,ITC,6.72,7.05,6.72,7.01,19309129,4.314,6.73,6.9,7.33,58.389,-0.0582,-0.1016,0.0434,7.13,6.33,11.89,2002,6,2,2002-06,False
2002-06-06,ITC,6.95,7.05,6.74,6.78,17908585,-3.26,6.72,6.89,7.32,50.231,-0.0481,-0.0909,0.0428,7.1,6.34,11.307,2002,6,2,2002-06,False
2002-06-07,ITC,6.74,6.83,6.63,6.75,8404010,-0.344,6.71,6.87,7.32,49.471,-0.0415,-0.0811,0.0395,7.07,6.35,10.792,2002,6,2,2002-06,False
2002-06-10,ITC,6.82,6.86,6.71,6.73,9053413,-0.434,6.7,6.85,7.31,48.479,-0.0383,-0.0725,0.0342,7.05,6.35,10.448,2002,6,2,2002-06,False
2002-06-11,ITC,6.8,6.85,6.62,6.68,24970141,-0.71,6.69,6.84,7.3,46.83,-0.0391,-0.0658,0.0268,7.03,6.35,10.157,2002,6,2,2002-06,False
2002-06-12,ITC,6.66,6.68,6.6,6.63,20590410,-0.731,6.68,6.82,7.3,45.139,-0.0431,-0.0613,0.0181,7.01,6.35,9.901,2002,6,2,2002-06,False
2002-06-13,ITC,6.66,6.72,6.58,6.61,11232577,-0.327,6.67,6.8,7.29,44.373,-0.0476,-0.0585,0.011,6.99,6.35,9.609,2002,6,2,2002-06,False
2002-06-14,ITC,6.61,6.69,6.58,6.66,6677082,0.764,6.66,6.79,7.29,46.642,-0.0465,-0.0561,0.0096,6.96,6.35,9.219,2002,6,2,2002-06,False
2002-06-17,ITC,6.75,6.89,6.73,6.77,11663362,1.752,6.65,6.78,7.29,51.562,-0.0358,-0.052,0.0163,6.95,6.35,8.921,2002,6,2,2002-06,False
2002-06-18,ITC,6.85,6.85,6.72,6.76,7736662,-0.136,6.66,6.78,7.29,51.16,-0.0277,-0.0472,0.0195,6.96,6.36,9.034,2002,6,2,2002-06,False
2002-06-19,ITC,6.77,6.8,6.62,6.66,11856183,-1.572,6.66,6.78,7.28,46.648,-0.0296,-0.0437,0.0141,6.96,6.36,9.013,2002,6,2,2002-06,False
2002-06-20,ITC,6.67,6.67,6.49,6.57,16533090,-1.345,6.67,6.77,7.28,43.195,-0.0378,-0.0425,0.0047,6.92,6.42,7.575,2002,6,2,2002-06,False
2002-06-21,ITC,6.59,6.81,6.57,6.74,16558466,2.536,6.67,6.77,7.28,50.533,-0.0306,-0.0401,0.0095,6.93,6.42,7.61,2002,6,2,2002-06,False
2002-06-24,ITC,6.77,6.9,6.69,6.88,11440539,2.094,6.69,6.77,7.28,55.747,-0.0133,-0.0348,0.0214,6.95,6.42,8.039,2002,6,2,2002-06,False
2002-06-25,ITC,6.9,6.96,6.78,6.81,13377859,-0.986,6.71,6.76,7.28,52.862,-0.005,-0.0288,0.0238,6.95,6.46,7.247,2002,6,2,2002-06,False
2002-06-26,ITC,6.81,6.84,6.74,6.83,8610804,0.263,6.72,6.76,7.28,53.546,0.0029,-0.0225,0.0254,6.94,6.51,6.361,2002,6,2,2002-06,False
2002-06-27,ITC,7.03,7.03,6.77,6.95,18917552,1.812,6.74,6.76,7.28,58.069,0.019,-0.0142,0.0332,6.97,6.52,6.728,2002,6,2,2002-06,False
2002-06-28,ITC,7.0,7.03,6.89,6.95,12457965,0.055,6.76,6.76,7.28,58.204,0.0317,-0.005,0.0367,7.0,6.52,6.993,2002,6,2,2002-06,False
2002-07-01,ITC,6.97,7.29,6.93,7.25,25215583,4.291,6.79,6.77,7.28,67.13,0.0651,0.009,0.0561,7.11,6.46,9.496,2002,7,3,2002-07,False
2002-07-02,ITC,7.21,7.49,7.16,7.45,35317827,2.701,6.82,6.78,7.29,71.441,0.1061,0.0284,0.0777,7.26,6.39,12.762,2002,7,3,2002-07,False
2002-07-03,ITC,7.43,7.43,7.23,7.26,13218219,-2.484,6.84,6.79,7.29,63.031,0.1223,0.0472,0.0751,7.31,6.36,13.806,2002,7,3,2002-07,False
2002-07-04,ITC,7.27,7.63,7.27,7.6,34532571,4.684,6.88,6.81,7.3,70.019,0.1607,0.0699,0.0908,7.46,6.29,16.932,2002,7,3,2002-07,False
2002-07-05,ITC,7.57,7.87,7.43,7.8,47150972,2.555,6.93,6.83,7.31,73.141,0.2045,0.0968,0.1077,7.64,6.22,20.47,2002,7,3,2002-07,False
2002-07-08,ITC,7.76,7.86,7.55,7.61,36428299,-2.435,6.97,6.85,7.31,65.915,0.2213,0.1217,0.0996,7.74,6.21,21.901,2002,7,3,2002-07,False
2002-07-09,ITC,7.61,7.75,7.48,7.68,33190164,0.891,7.02,6.86,7.32,67.163,0.2374,0.1449,0.0925,7.83,6.21,23.102,2002,7,3,2002-07,False
2002-07-10,ITC,7.7,7.7,7.51,7.54,26010513,-1.718,7.07,6.88,7.32,62.382,0.2367,0.1632,0.0735,7.89,6.25,23.222,2002,7,3,2002-07,False
2002-07-11,ITC,7.49,7.65,7.45,7.6,21741165,0.755,7.12,6.89,7.33,63.588,0.2381,0.1782,0.0599,7.94,6.3,23.133,2002,7,3,2002-07,False
2002-07-12,ITC,7.7,7.8,7.66,7.71,15173017,1.431,7.17,6.91,7.33,65.839,0.2451,0.1916,0.0535,8.0,6.34,23.252,2002,7,3,2002-07,False
2002-07-15,ITC,7.74,7.8,7.65,7.76,10111263,0.632,7.22,6.93,7.34,66.829,0.2517,0.2036,0.0481,8.07,6.37,23.574,2002,7,3,2002-07,False
2002-07-16,ITC,7.77,7.86,7.7,7.76,14790040,-0.036,7.27,6.95,7.35,66.711,0.2538,0.2136,0.0401,8.12,6.42,23.515,2002,7,3,2002-07,False
2002-07-17,ITC,7.75,7.8,7.66,7.72,14762747,-0.421,7.32,6.96,7.35,65.244,0.2499,0.2209,0.029,8.15,6.5,22.574,2002,7,3,2002-07,False
2002-07-18,ITC,7.71,7.74,7.59,7.64,9302173,-1.083,7.38,6.98,7.35,61.515,0.2373,0.2242,0.0132,8.13,6.62,20.513,2002,7,3,2002-07,False
2002-07-19,ITC,7.6,7.62,7.43,7.46,10957459,-2.29,7.41,6.98,7.35,54.495,0.2108,0.2215,-0.0107,8.11,6.72,18.729,2002,7,3,2002-07,False
2002-07-22,ITC,7.36,7.45,7.2,7.24,7517998,-3.026,7.43,6.99,7.36,47.033,0.1697,0.2111,-0.0415,8.08,6.78,17.574,2002,7,3,2002-07,False
2002-07-23,ITC,7.14,7.25,7.03,7.2,15074410,-0.535,7.45,7.0,7.36,45.872,0.1324,0.1954,-0.063,8.05,6.86,15.982,2002,7,3,2002-07,False
2002-07-24,ITC,7.2,7.25,6.77,6.87,20859405,-4.529,7.45,7.0,7.35,37.489,0.0756,0.1714,-0.0958,8.04,6.87,15.706,2002,7,3,2002-07,False
2002-07-25,ITC,7.01,7.09,6.84,6.87,19352217,-0.089,7.45,7.0,7.35,37.352,0.0298,0.1431,-0.1133,8.05,6.85,16.143,2002,7,3,2002-07,False
2002-07-26,ITC,6.89,7.14,6.86,7.03,24346535,2.346,7.45,7.0,7.35,43.27,0.0065,0.1158,-0.1093,8.04,6.86,15.81,2002,7,3,2002-07,False
2002-07-29,ITC,7.06,7.14,6.94,7.02,9902693,-0.102,7.44,7.0,7.35,43.075,-0.0125,0.0901,-0.1026,8.06,6.83,16.508,2002,7,3,2002-07,False
2002-07-30,ITC,7.14,7.14,6.97,7.02,8050334,-0.071,7.42,7.01,7.35,42.93,-0.0276,0.0666,-0.0942,8.06,6.78,17.328,2002,7,3,2002-07,False
2002-07-31,ITC,6.92,7.03,6.77,6.96,14690732,-0.75,7.4,7.02,7.35,41.35,-0.0433,0.0446,-0.0879,8.08,6.73,18.136,2002,7,3,2002-07,False
2002-08-01,ITC,7.03,7.1,6.99,7.07,8467988,1.495,7.38,7.03,7.34,45.616,-0.0468,0.0263,-0.0732,8.06,6.7,18.452,2002,8,3,2002-08,False
2002-08-02,ITC,7.09,7.47,7.03,7.43,33674318,5.092,7.36,7.05,7.34,57.207,-0.0204,0.017,-0.0373,8.01,6.71,17.722,2002,8,3,2002-08,False
2002-08-05,ITC,7.31,7.71,6.98,7.65,56480438,2.929,7.36,7.07,7.35,62.421,0.018,0.0172,0.0008,8.02,6.71,17.805,2002,8,3,2002-08,False
2002-08-06,ITC,7.47,7.63,7.4,7.49,32117452,-1.97,7.35,7.09,7.35,57.224,0.0358,0.0209,0.0149,7.99,6.71,17.461,2002,8,3,2002-08,False
2002-08-07,ITC,7.62,7.62,7.46,7.5,14817519,0.111,7.35,7.11,7.35,57.434,0.05,0.0267,0.0233,7.99,6.71,17.403,2002,8,3,2002-08,False
2002-08-08,ITC,7.44,7.52,7.22,7.26,15680398,-3.247,7.33,7.13,7.34,49.708,0.0412,0.0296,0.0115,7.96,6.7,17.17,2002,8,3,2002-08,False
2002-08-09,ITC,7.28,7.52,7.19,7.44,18920310,2.532,7.32,7.14,7.34,54.664,0.0484,0.0334,0.015,7.93,6.71,16.581,2002,8,3,2002-08,False
2002-08-12,ITC,7.47,7.53,7.31,7.37,17105570,-0.967,7.3,7.15,7.35,52.483,0.0478,0.0363,0.0115,7.87,6.73,15.659,2002,8,3,2002-08,False
2002-08-13,ITC,7.37,7.56,7.35,7.5,15095908,1.69,7.29,7.17,7.35,55.772,0.0567,0.0403,0.0164,7.83,6.75,14.79,2002,8,3,2002-08,False
2002-08-14,ITC,7.53,7.71,7.51,7.64,46876228,1.869,7.28,7.18,7.35,59.192,0.0742,0.0471,0.0271,7.81,6.76,14.426,2002,8,3,2002-08,False
2002-08-15,ITC,7.64,7.64,7.64,7.64,0,0.0,7.28,7.2,7.35,59.192,0.0871,0.0551,0.032,7.81,6.76,14.414,2002,8,3,2002-08,False
2002-08-16,ITC,7.64,7.78,7.57,7.74,57978934,1.349,7.3,7.22,7.36,61.717,0.1044,0.065,0.0394,7.85,6.74,15.3,2002,8,3,2002-08,False
2002-08-19,ITC,7.75,7.77,7.61,7.65,21706209,-1.188,7.32,7.24,7.36,58.253,0.1094,0.0739,0.0356,7.9,6.74,15.82,2002,8,3,2002-08,False
2002-08-20,ITC,7.65,7.72,7.59,7.66,17592529,0.13,7.34,7.26,7.36,58.525,0.1129,0.0817,0.0313,7.94,6.74,16.218,2002,8,3,2002-08,False
2002-08-21,ITC,7.61,7.72,7.52,7.56,14875187,-1.265,7.37,7.28,7.36,54.79,0.1067,0.0867,0.02,7.93,6.81,15.192,2002,8,3,2002-08,False
2002-08-22,ITC,7.59,7.64,7.5,7.52,14109746,-0.483,7.41,7.29,7.36,53.406,0.0976,0.0889,0.0087,7.92,6.9,13.765,2002,8,3,2002-08,False
2002-08-23,ITC,7.53,7.62,7.53,7.58,9052852,0.729,7.43,7.31,7.36,55.233,0.0938,0.0898,0.0039,7.92,6.95,12.979,2002,8,3,2002-08,False
2002-08-26,ITC,7.52,7.6,6.64,7.47,11200705,-1.373,7.46,7.33,7.36,51.133,0.0814,0.0882,-0.0067,7.9,7.02,11.845,2002,8,3,2002-08,False
2002-08-27,ITC,7.45,7.6,7.37,7.48,13896690,0.096,7.48,7.34,7.36,51.401,0.0714,0.0848,-0.0134,7.87,7.09,10.425,2002,8,3,2002-08,False
2002-08-28,ITC,7.5,7.58,7.47,7.54,8402561,0.807,7.51,7.36,7.36,53.7,0.0675,0.0813,-0.0138,7.81,7.2,8.129,2002,8,3,2002-08,False
2002-08-29,ITC,7.7,7.81,7.64,7.77,32430143,3.083,7.54,7.38,7.36,61.296,0.0822,0.0815,0.0007,7.79,7.3,6.585,2002,8,3,2002-08,False
2002-08-30,ITC,7.72,7.75,7.64,7.75,9251982,-0.377,7.56,7.4,7.36,59.959,0.0905,0.0833,0.0072,7.82,7.3,6.809,2002,8,3,2002-08,False
2002-09-02,ITC,7.86,7.86,7.56,7.61,22252752,-1.744,7.56,7.42,7.36,54.108,0.0852,0.0837,0.0015,7.81,7.3,6.758,2002,9,3,2002-09,False
2002-09-03,ITC,7.59,7.59,7.47,7.52,15782884,-1.179,7.56,7.43,7.37,50.579,0.0729,0.0815,-0.0086,7.81,7.31,6.728,2002,9,3,2002-09,False
2002-09-04,ITC,7.47,7.55,7.33,7.51,12166351,-0.125,7.56,7.45,7.37,50.209,0.0617,0.0776,-0.0159,7.81,7.31,6.719,2002,9,3,2002-09,False
2002-09-05,ITC,7.57,7.62,7.51,7.58,7746149,0.951,7.58,7.46,7.37,53.018,0.0579,0.0736,-0.0157,7.79,7.37,5.566,2002,9,3,2002-09,False
2002-09-06,ITC,7.53,7.59,7.32,7.34,13307292,-3.257,7.57,7.47,7.37,43.815,0.0346,0.0658,-0.0313,7.8,7.34,6.073,2002,9,3,2002-09,False
2002-09-09,ITC,7.25,7.39,7.25,7.27,8014911,-0.83,7.57,7.47,7.37,41.884,0.011,0.0549,-0.0438,7.82,7.32,6.628,2002,9,3,2002-09,False
2002-09-10,ITC,7.27,7.27,7.27,7.27,0,0.0,7.56,7.46,7.37,41.884,-0.0075,0.0424,-0.0499,7.84,7.27,7.451,2002,9,3,2002-09,False
2002-09-11,ITC,7.33,7.47,7.29,7.34,10449938,0.845,7.54,7.46,7.36,44.734,-0.0171,0.0305,-0.0476,7.84,7.25,7.824,2002,9,3,2002-09,False
2002-09-12,ITC,7.4,7.66,7.38,7.56,27123181,3.117,7.54,7.46,7.36,53.812,-0.0061,0.0232,-0.0293,7.83,7.24,7.744,2002,9,3,2002-09,False
2002-09-13,ITC,7.51,7.61,7.5,7.58,12175557,0.212,7.53,7.46,7.36,54.379,0.0038,0.0193,-0.0155,7.81,7.25,7.356,2002,9,3,2002-09,False
2002-09-16,ITC,7.62,7.69,7.38,7.4,23810927,-2.366,7.52,7.46,7.36,47.384,-0.0028,0.0149,-0.0177,7.79,7.24,7.359,2002,9,3,2002-09,False
2002-09-17,ITC,7.42,7.46,7.34,7.4,7509399,-0.067,7.5,7.45,7.36,47.203,-0.0083,0.0102,-0.0185,7.78,7.23,7.283,2002,9,3,2002-09,False
2002-09-18,ITC,7.36,7.47,7.33,7.36,9383910,-0.554,7.49,7.45,7.36,45.653,-0.0158,0.005,-0.0208,7.77,7.21,7.461,2002,9,3,2002-09,False
2002-09-19,ITC,7.46,7.46,7.25,7.28,9147066,-1.091,7.48,7.44,7.36,42.696,-0.0279,-0.0016,-0.0263,7.78,7.19,7.899,2002,9,3,2002-09,False
2002-09-20,ITC,7.09,7.34,7.09,7.28,8069261,0.068,7.47,7.43,7.36,42.943,-0.0367,-0.0086,-0.0281,7.77,7.16,8.162,2002,9,3,2002-09,False
2002-09-23,ITC,7.32,7.38,7.25,7.29,7756196,0.152,7.46,7.42,7.36,43.525,-0.0422,-0.0153,-0.0269,7.77,7.14,8.434,2002,9,3,2002-09,False
2002-09-24,ITC,7.15,7.31,7.15,7.26,4648119,-0.364,7.45,7.41,7.36,42.406,-0.0482,-0.0219,-0.0263,7.77,7.12,8.746,2002,9,3,2002-09,False
2002-09-25,ITC,7.19,7.3,7.18,7.26,10120096,0.0,7.43,7.4,7.36,42.406,-0.0524,-0.028,-0.0244,7.76,7.1,8.932,2002,9,3,2002-09,False
2002-09-26,ITC,7.36,7.36,7.21,7.24,4493946,-0.366,7.41,7.39,7.36,41.178,-0.0571,-0.0338,-0.0233,7.71,7.1,8.118,2002,9,3,2002-09,False
2002-09-27,ITC,7.25,7.29,7.21,7.25,7830315,0.13,7.38,7.39,7.36,41.82,-0.0595,-0.0389,-0.0205,7.64,7.12,7.098,2002,9,3,2002-09,False
2002-09-30,ITC,7.22,7.26,7.19,7.2,10057473,-0.688,7.36,7.39,7.36,39.368,-0.0646,-0.0441,-0.0205,7.61,7.11,6.805,2002,9,3,2002-09,False
2002-10-01,ITC,7.31,7.31,7.14,7.19,4476375,-0.038,7.34,7.39,7.36,39.23,-0.0681,-0.0489,-0.0192,7.59,7.09,6.774,2002,10,4,2002-10,False
2002-10-02,ITC,7.19,7.19,7.19,7.19,0,0.0,7.33,7.4,7.36,39.23,-0.0701,-0.0531,-0.017,7.57,7.08,6.66,2002,10,4,2002-10,False
2002-10-03,ITC,6.92,7.22,6.92,7.17,4077041,-0.316,7.31,7.4,7.35,37.968,-0.0726,-0.057,-0.0156,7.53,7.09,6.069,2002,10,4,2002-10,False
2002-10-04,ITC,6.82,7.14,6.82,7.03,8360922,-1.953,7.29,7.4,7.35,31.279,-0.085,-0.0626,-0.0224,7.54,7.04,6.935,2002,10,4,2002-10,False
2002-10-07,ITC,7.02,7.16,6.92,7.12,5973609,1.228,7.28,7.4,7.35,38.476,-0.0868,-0.0675,-0.0193,7.55,7.02,7.262,2002,10,4,2002-10,False
2002-10-08,ITC,7.1,7.18,7.08,7.12,5707885,0.008,7.28,7.41,7.35,38.521,-0.0872,-0.0714,-0.0158,7.55,7.0,7.548,2002,10,4,2002-10,False
2002-10-09,ITC,7.15,7.25,7.09,7.19,7756850,0.98,7.27,7.41,7.35,44.01,-0.0809,-0.0733,-0.0076,7.54,6.99,7.587,2002,10,4,2002-10,False
2002-10-10,ITC,6.93,7.49,6.93,7.11,7084315,-1.063,7.25,7.41,7.35,39.817,-0.0812,-0.0749,-0.0063,7.49,7.0,6.795,2002,10,4,2002-10,False
2002-10-11,ITC,7.14,7.15,7.05,7.09,7549636,-0.257,7.22,7.4,7.34,38.863,-0.082,-0.0763,-0.0057,7.42,7.02,5.5,2002,10,4,2002-10,False
2002-10-14,ITC,7.14,7.19,7.11,7.16,2968532,0.976,7.21,7.4,7.34,44.304,-0.0761,-0.0763,0.0002,7.39,7.03,5.023,2002,10,4,2002-10,False
2002-10-15,ITC,7.16,7.16,7.16,7.16,0,0.0,7.2,7.39,7.34,44.304,-0.0706,-0.0751,0.0045,7.36,7.04,4.425,2002,10,4,2002-10,False
2002-10-16,ITC,7.3,7.3,7.16,7.19,8859050,0.417,7.19,7.38,7.33,46.681,-0.0631,-0.0727,0.0096,7.33,7.05,3.924,2002,10,4,2002-10,False
2002-10-17,ITC,7.2,7.26,7.14,7.2,6218537,0.146,7.19,7.38,7.33,47.53,-0.0557,-0.0693,0.0136,7.32,7.05,3.772,2002,10,4,2002-10,False
2002-10-18,ITC,7.19,7.23,7.16,7.18,4977587,-0.277,7.18,7.38,7.32,46.035,-0.0509,-0.0656,0.0148,7.31,7.05,3.57,2002,10,4,2002-10,False
2002-10-21,ITC,7.17,7.21,7.04,7.1,5728588,-1.148,7.17,7.37,7.32,40.374,-0.0531,-0.0631,0.0101,7.29,7.05,3.405,2002,10,4,2002-10,False
2002-10-22,ITC,7.12,7.16,7.09,7.15,3026761,0.663,7.17,7.36,7.32,44.562,-0.0504,-0.0606,0.0102,7.28,7.05,3.194,2002,10,4,2002-10,False
2002-10-23,ITC,7.16,7.19,7.1,7.17,2791554,0.325,7.16,7.35,7.31,46.56,-0.0459,-0.0577,0.0117,7.27,7.06,2.927,2002,10,4,2002-10,False
2002-10-24,ITC,7.21,7.21,7.02,7.04,20832207,-1.791,7.15,7.34,7.31,38.342,-0.0521,-0.0566,0.0044,7.26,7.04,3.106,2002,10,4,2002-10,False
2002-10-25,ITC,7.09,7.14,7.05,7.08,7824520,0.503,7.14,7.33,7.3,41.414,-0.0536,-0.056,0.0024,7.25,7.04,2.971,2002,10,4,2002-10,False
2002-10-28,ITC,7.11,7.11,6.92,6.98,10983069,-1.369,7.13,7.32,7.3,36.115,-0.0618,-0.0571,-0.0047,7.26,7.01,3.512,2002,10,4,2002-10,False
2002-10-29,ITC,6.95,7.01,6.81,6.87,16750025,-1.665,7.12,7.3,7.29,30.991,-0.0769,-0.0611,-0.0158,7.29,6.95,4.77,2002,10,4,2002-10,False
2002-10-30,ITC,6.87,6.99,6.76,6.78,19629157,-1.185,7.1,7.28,7.28,27.997,-0.0942,-0.0677,-0.0265,7.32,6.87,6.239,2002,10,4,2002-10,False
2002-10-31,ITC,6.81,6.9,6.75,6.8,26187678,0.245,7.08,7.27,7.28,29.494,-0.1055,-0.0753,-0.0302,7.33,6.82,7.187,2002,10,4,2002-10,False
2002-11-01,ITC,6.87,6.93,6.82,6.87,11141634,0.985,7.07,7.26,7.27,35.335,-0.1077,-0.0818,-0.026,7.34,6.8,7.655,2002,11,4,2002-11,False
2002-11-04,ITC,6.97,6.97,6.87,6.9,2659579,0.419,7.06,7.24,7.27,37.722,-0.106,-0.0866,-0.0194,7.34,6.78,7.937,2002,11,4,2002-11,False
2002-11-05,ITC,6.91,6.99,6.83,6.95,9340635,0.747,7.05,7.23,7.27,41.857,-0.0993,-0.0891,-0.0101,7.33,6.77,8.021,2002,11,4,2002-11,False
2002-11-06,ITC,6.95,6.95,6.95,6.95,0,0.0,7.04,7.22,7.26,41.857,-0.0929,-0.0899,-0.003,7.32,6.76,7.907,2002,11,4,2002-11,False
2002-11-07,ITC,6.91,7.03,6.85,6.88,17152911,-0.948,7.03,7.2,7.26,38.103,-0.0921,-0.0903,-0.0018,7.31,6.74,8.089,2002,11,4,2002-11,False
2002-11-08,ITC,6.8,6.84,6.77,6.81,12821362,-1.094,7.01,7.19,7.26,34.315,-0.0964,-0.0915,-0.0049,7.31,6.71,8.51,2002,11,4,2002-11,False
2002-11-11,ITC,6.8,6.87,6.75,6.83,8334518,0.309,6.99,7.17,7.25,36.223,-0.097,-0.0926,-0.0044,7.29,6.69,8.582,2002,11,4,2002-11,False
2002-11-12,ITC,6.81,6.82,6.76,6.79,6626891,-0.568,6.98,7.15,7.25,34.249,-0.0995,-0.094,-0.0055,7.28,6.67,8.674,2002,11,4,2002-11,False
2002-11-13,ITC,6.8,6.8,6.7,6.76,16182872,-0.432,6.95,7.14,7.24,32.793,-0.1027,-0.0957,-0.0069,7.25,6.66,8.603,2002,11,4,2002-11,False
2002-11-14,ITC,6.78,6.81,6.75,6.77,13303927,0.123,6.93,7.12,7.24,33.653,-0.1033,-0.0973,-0.006,7.22,6.65,8.247,2002,11,4,2002-11,False
2002-11-15,ITC,6.79,6.92,6.78,6.84,14746531,1.039,6.92,7.11,7.23,40.586,-0.097,-0.0972,0.0002,7.18,6.65,7.6,2002,11,4,2002-11,False
2002-11-18,ITC,6.92,7.01,6.9,6.93,10895024,1.328,6.91,7.11,7.23,48.124,-0.0837,-0.0945,0.0108,7.15,6.66,7.181,2002,11,4,2002-11,False
2002-11-19,ITC,6.93,6.93,6.93,6.93,0,0.0,6.9,7.1,7.23,48.124,-0.0723,-0.0901,0.0177,7.12,6.67,6.407,2002,11,4,2002-11,False
2002-11-20,ITC,6.94,6.97,6.88,6.92,9553597,-0.176,6.88,7.09,7.22,47.193,-0.0636,-0.0848,0.0212,7.06,6.7,5.213,2002,11,4,2002-11,False
2002-11-21,ITC,6.96,6.98,6.9,6.96,5285324,0.648,6.88,7.08,7.22,50.957,-0.0524,-0.0783,0.0259,7.05,6.71,4.867,2002,11,4,2002-11,False
2002-11-22,ITC,7.0,7.07,6.99,7.02,9871616,0.819,6.88,7.07,7.22,55.319,-0.0385,-0.0704,0.0318,7.03,6.72,4.479,2002,11,4,2002-11,False
2002-11-25,ITC,7.03,7.2,7.0,7.13,14062826,1.609,6.88,7.06,7.21,62.443,-0.0182,-0.0599,0.0417,7.07,6.7,5.428,2002,11,4,2002-11,False
2002-11-26,ITC,7.14,7.18,7.02,7.03,9914283,-1.421,6.89,7.06,7.21,54.109,-0.0102,-0.05,0.0398,7.09,6.69,5.738,2002,11,4,2002-11,False
2002-11-27,ITC,6.89,7.02,6.88,6.91,20859686,-1.717,6.9,7.05,7.2,46.198,-0.0134,-0.0427,0.0293,7.09,6.71,5.543,2002,11,4,2002-11,False
2002-11-28,ITC,6.94,7.12,6.94,7.11,17930316,2.893,6.91,7.04,7.2,57.324,0.0002,-0.0341,0.0343,7.12,6.71,5.998,2002,11,4,2002-11,False
2002-11-29,ITC,7.15,7.18,7.0,7.03,11743463,-1.106,6.92,7.04,7.19,52.707,0.0046,-0.0263,0.0309,7.13,6.71,6.141,2002,11,4,2002-11,False
2002-12-02,ITC,7.09,7.24,7.05,7.2,17534580,2.394,6.94,7.04,7.19,60.114,0.0214,-0.0168,0.0382,7.18,6.69,7.08,2002,12,4,2002-12,False
2002-12-03,ITC,7.26,7.3,7.16,7.2,16321436,-0.023,6.95,7.04,7.18,60.014,0.0342,-0.0066,0.0408,7.22,6.68,7.826,2002,12,4,2002-12,False
2002-12-04,ITC,7.2,7.3,7.11,7.17,13986044,-0.362,6.96,7.03,7.18,58.377,0.0417,0.0031,0.0387,7.25,6.67,8.32,2002,12,4,2002-12,False
2002-12-05,ITC,7.18,7.24,7.15,7.19,3734627,0.301,6.98,7.03,7.18,59.368,0.0489,0.0122,0.0367,7.28,6.67,8.74,2002,12,4,2002-12,False
2002-12-06,ITC,7.11,7.31,7.11,7.28,7256012,1.262,7.0,7.03,7.17,63.32,0.0612,0.022,0.0392,7.32,6.68,9.235,2002,12,4,2002-12,False
2002-12-09,ITC,7.33,7.44,7.15,7.2,13537920,-1.148,7.02,7.03,7.17,57.75,0.0635,0.0303,0.0332,7.34,6.69,9.245,2002,12,4,2002-12,False
2002-12-10,ITC,7.21,7.36,7.16,7.31,12600361,1.584,7.04,7.04,7.17,62.585,0.0736,0.039,0.0346,7.38,6.71,9.403,2002,12,4,2002-12,False
2002-12-11,ITC,7.35,7.37,7.18,7.2,6333267,-1.597,7.07,7.04,7.16,55.571,0.0714,0.0455,0.026,7.38,6.76,8.746,2002,12,4,2002-12,False
2002-12-12,ITC,7.23,7.35,7.18,7.27,5223356,1.0,7.09,7.04,7.16,58.646,0.0746,0.0513,0.0233,7.38,6.8,8.113,2002,12,4,2002-12,False
2002-12-13,ITC,7.31,7.47,7.29,7.45,19745616,2.544,7.12,7.05,7.16,65.293,0.091,0.0592,0.0318,7.43,6.82,8.561,2002,12,4,2002-12,False
2002-12-16,ITC,7.75,7.75,7.41,7.5,12015823,0.564,7.15,7.05,7.16,66.608,0.1062,0.0686,0.0376,7.48,6.82,9.324,2002,12,4,2002-12,False
2002-12-17,ITC,7.47,7.47,7.26,7.3,7129786,-2.681,7.17,7.06,7.15,55.743,0.1008,0.0751,0.0258,7.49,6.85,8.987,2002,12,4,2002-12,False
2002-12-18,ITC,7.29,7.53,7.24,7.51,18136970,2.914,7.2,7.06,7.15,62.678,0.1125,0.0826,0.0299,7.53,6.87,9.252,2002,12,4,2002-12,False
2002-12-19,ITC,7.49,7.53,7.37,7.41,10171175,-1.254,7.22,7.07,7.15,58.321,0.1128,0.0886,0.0242,7.55,6.89,9.046,2002,12,4,2002-12,False
2002-12-20,ITC,7.34,7.52,7.34,7.41,10833009,-0.067,7.24,7.08,7.15,58.091,0.1113,0.0931,0.0182,7.56,6.92,8.901,2002,12,4,2002-12,False
2002-12-23,ITC,7.39,7.45,7.35,7.39,5057267,-0.239,7.25,7.08,7.15,57.226,0.1075,0.096,0.0115,7.58,6.93,8.951,2002,12,4,2002-12,False
2002-12-24,ITC,7.36,7.39,7.28,7.33,9071826,-0.787,7.27,7.08,7.15,54.365,0.0987,0.0966,0.0021,7.58,6.96,8.491,2002,12,4,2002-12,False
2002-12-25,ITC,7.33,7.33,7.33,7.33,0,0.0,7.29,7.09,7.14,54.365,0.0906,0.0954,-0.0047,7.55,7.03,7.103,2002,12,4,2002-12,False
2002-12-26,ITC,7.39,7.4,7.31,7.33,4632043,-0.075,7.3,7.09,7.14,54.066,0.0828,0.0929,-0.01,7.55,7.06,6.708,2002,12,4,2002-12,False
2002-12-27,ITC,7.33,7.48,7.33,7.37,12695556,0.589,7.32,7.09,7.14,56.092,0.0792,0.0901,-0.0109,7.53,7.11,5.759,2002,12,4,2002-12,False
2002-12-30,ITC,7.36,7.45,7.3,7.34,8369428,-0.451,7.33,7.1,7.14,54.115,0.0729,0.0867,-0.0138,7.53,7.12,5.55,2002,12,4,2002-12,False
2002-12-31,ITC,7.37,7.4,7.3,7.32,6591187,-0.264,7.33,7.1,7.14,52.943,0.0655,0.0824,-0.0169,7.53,7.14,5.301,2002,12,4,2002-12,False
2003-01-01,ITC,7.39,7.39,7.28,7.3,4291966,-0.242,7.34,7.1,7.14,51.837,0.0576,0.0775,-0.0199,7.52,7.16,4.908,2003,1,1,2003-01,False
2003-01-02,ITC,7.36,7.42,7.28,7.32,8321293,0.212,7.34,7.11,7.13,52.767,0.0519,0.0724,-0.0204,7.51,7.18,4.555,2003,1,1,2003-01,False
2003-01-03,ITC,7.36,7.54,7.32,7.48,24975936,2.301,7.35,7.12,7.13,61.462,0.0603,0.07,-0.0096,7.53,7.18,4.786,2003,1,1,2003-01,False
2003-01-06,ITC,7.51,7.57,7.41,7.44,25370457,-0.547,7.37,7.13,7.13,58.632,0.063,0.0686,-0.0056,7.53,7.2,4.469,2003,1,1,2003-01,False
2003-01-07,ITC,7.47,7.56,7.45,7.51,21795049,0.863,7.38,7.14,7.13,61.615,0.0695,0.0687,0.0007,7.55,7.2,4.726,2003,1,1,2003-01,False
2003-01-08,ITC,7.51,7.58,7.51,7.55,11210519,0.509,7.39,7.15,7.13,63.31,0.0768,0.0704,0.0064,7.56,7.22,4.571,2003,1,1,2003-01,False
2003-01-09,ITC,7.55,7.61,7.48,7.5,11882681,-0.631,7.4,7.17,7.13,59.768,0.0779,0.0719,0.006,7.57,7.24,4.449,2003,1,1,2003-01,False
2003-01-10,ITC,7.55,7.58,7.43,7.56,10679771,0.775,7.41,7.18,7.14,62.525,0.0824,0.074,0.0085,7.59,7.23,4.78,2003,1,1,2003-01,False
2003-01-13,ITC,7.56,7.59,7.51,7.55,8594541,-0.037,7.41,7.2,7.14,62.306,0.0849,0.0762,0.0087,7.6,7.23,4.983,2003,1,1,2003-01,False
2003-01-14,ITC,7.39,7.52,7.39,7.42,15454818,-1.73,7.42,7.2,7.14,52.891,0.0754,0.076,-0.0006,7.59,7.24,4.753,2003,1,1,2003-01,False
2003-01-15,ITC,7.46,7.56,7.46,7.55,9072761,1.678,7.42,7.22,7.14,59.218,0.077,0.0762,0.0008,7.6,7.24,4.887,2003,1,1,2003-01,False
2003-01-16,ITC,7.56,7.58,7.49,7.55,9819135,-0.015,7.43,7.23,7.15,59.142,0.0774,0.0764,0.0009,7.62,7.24,5.11,2003,1,1,2003-01,False
2003-01-17,ITC,7.63,7.67,7.49,7.51,26826426,-0.477,7.43,7.24,7.15,56.599,0.0739,0.0759,-0.0021,7.63,7.24,5.197,2003,1,1,2003-01,False
2003-01-20,ITC,7.52,7.55,7.5,7.52,9452093,0.074,7.44,7.26,7.15,56.906,0.0707,0.0749,-0.0042,7.63,7.24,5.259,2003,1,1,2003-01,False
2003-01-21,ITC,7.51,7.52,7.29,7.31,16860829,-2.792,7.44,7.27,7.15,44.155,0.0507,0.0701,-0.0193,7.64,7.24,5.352,2003,1,1,2003-01,False
2003-01-22,ITC,7.25,7.36,7.22,7.25,9223007,-0.75,7.43,7.28,7.16,41.537,0.0301,0.0621,-0.032,7.64,7.22,5.678,2003,1,1,2003-01,False
2003-01-23,ITC,7.25,7.32,7.21,7.24,6297189,-0.13,7.43,7.29,7.16,41.086,0.0128,0.0522,-0.0394,7.65,7.21,6.009,2003,1,1,2003-01,False
2003-01-24,ITC,7.29,7.31,7.18,7.23,9454757,-0.176,7.42,7.3,7.16,40.447,-0.0018,0.0414,-0.0432,7.66,7.18,6.45,2003,1,1,2003-01,False
2003-01-27,ITC,7.23,7.25,7.08,7.11,25428639,-1.601,7.41,7.3,7.16,35.103,-0.0225,0.0286,-0.0512,7.68,7.14,7.405,2003,1,1,2003-01,False
2003-01-28,ITC,7.09,7.21,7.08,7.15,13248595,0.568,7.4,7.3,7.16,38.176,-0.0353,0.0158,-0.0511,7.7,7.11,7.972,2003,1,1,2003-01,False
2003-01-29,ITC,7.17,7.17,6.97,6.99,7434626,-2.252,7.39,7.3,7.16,31.727,-0.0577,0.0011,-0.0589,7.73,7.04,9.348,2003,1,1,2003-01,False
2003-01-30,ITC,7.07,7.08,6.92,6.96,11153598,-0.459,7.37,7.3,7.16,30.617,-0.0772,-0.0145,-0.0627,7.76,6.98,10.687,2003,1,1,2003-01,False
2003-01-31,ITC,6.98,7.1,6.93,7.07,26899423,1.615,7.35,7.31,7.17,38.701,-0.0826,-0.0282,-0.0545,7.76,6.94,11.186,2003,1,1,2003-01,False
2003-02-03,ITC,7.12,7.3,7.08,7.21,11129343,2.004,7.34,7.31,7.17,47.076,-0.0746,-0.0375,-0.0372,7.75,6.92,11.247,2003,2,1,2003-02,False
2003-02-04,ITC,7.14,7.25,6.2,7.18,3290803,-0.476,7.32,7.31,7.17,45.456,-0.0702,-0.044,-0.0262,7.73,6.91,11.203,2003,2,1,2003-02,False
2003-02-05,ITC,7.03,7.2,7.03,7.08,7935838,-1.357,7.3,7.31,7.17,41.13,-0.0738,-0.05,-0.0238,7.71,6.89,11.205,2003,2,1,2003-02,False
2003-02-06,ITC,7.12,7.14,6.94,7.11,11259916,0.414,7.28,7.31,7.17,42.892,-0.0734,-0.0546,-0.0187,7.68,6.87,11.139,2003,2,1,2003-02,False
2003-02-07,ITC,7.1,7.1,7.04,7.06,6145026,-0.732,7.25,7.31,7.17,40.572,-0.0764,-0.059,-0.0174,7.65,6.86,10.872,2003,2,1,2003-02,False
2003-02-10,ITC,7.01,7.05,6.96,6.98,8811055,-1.098,7.22,7.31,7.17,37.333,-0.084,-0.064,-0.02,7.61,6.84,10.667,2003,2,1,2003-02,False
2003-02-11,ITC,6.91,7.05,6.91,7.0,6433743,0.27,7.2,7.31,7.18,38.615,-0.0876,-0.0687,-0.0189,7.59,6.82,10.712,2003,2,1,2003-02,False
2003-02-12,ITC,6.94,7.02,6.87,6.97,2949138,-0.411,7.18,7.3,7.18,37.356,-0.0916,-0.0733,-0.0183,7.54,6.81,10.119,2003,2,1,2003-02,False
2003-02-13,ITC,6.97,6.97,6.97,6.97,0,0.0,7.15,7.3,7.18,37.356,-0.0938,-0.0774,-0.0164,7.48,6.82,9.194,2003,2,1,2003-02,False
2003-02-14,ITC,6.95,7.0,6.92,6.97,3758601,-0.04,7.12,7.29,7.18,37.221,-0.0946,-0.0808,-0.0138,7.41,6.83,8.118,2003,2,1,2003-02,False
2003-02-17,ITC,7.05,7.06,6.99,7.04,2614669,0.977,7.1,7.29,7.18,42.716,-0.0888,-0.0824,-0.0063,7.32,6.87,6.265,2003,2,1,2003-02,False
2003-02-18,ITC,7.04,7.1,7.04,7.09,3383008,0.669,7.08,7.28,7.18,46.22,-0.0794,-0.0818,0.0024,7.28,6.89,5.617,2003,2,1,2003-02,False
2003-02-19,ITC,7.11,7.15,7.06,7.12,9484479,0.453,7.08,7.28,7.18,48.533,-0.0686,-0.0792,0.0106,7.26,6.89,5.192,2003,2,1,2003-02,False
2003-02-20,ITC,7.04,7.06,6.97,7.04,4265609,-1.042,7.07,7.28,7.18,43.842,-0.0653,-0.0764,0.0111,7.24,6.9,4.729,2003,2,1,2003-02,False
2003-02-21,ITC,7.05,7.11,7.01,7.09,3229957,0.613,7.06,7.27,7.18,47.05,-0.0585,-0.0728,0.0143,7.21,6.91,4.231,2003,2,1,2003-02,False
2003-02-24,ITC,7.17,7.17,6.99,7.02,7263256,-1.0,7.06,7.26,7.18,42.735,-0.0582,-0.0699,0.0117,7.2,6.91,4.21,2003,2,1,2003-02,False
2003-02-25,ITC,7.0,7.02,6.95,6.99,11949509,-0.426,7.05,7.25,7.18,41.026,-0.0596,-0.0678,0.0082,7.19,6.9,4.091,2003,2,1,2003-02,False
2003-02-26,ITC,6.99,7.1,6.99,7.07,8118658,1.252,7.05,7.25,7.18,47.627,-0.0531,-0.0649,0.0118,7.19,6.91,4.033,2003,2,1,2003-02,False
2003-02-27,ITC,7.06,7.14,7.05,7.09,9398350,0.305,7.06,7.24,7.19,49.14,-0.0457,-0.0611,0.0154,7.19,6.92,3.874,2003,2,1,2003-02,False
2003-02-28,ITC,7.12,7.28,7.08,7.21,31045489,1.576,7.06,7.24,7.19,56.199,-0.0304,-0.0549,0.0245,7.22,6.91,4.301,2003,2,1,2003-02,False
2003-03-03,ITC,7.26,7.3,7.15,7.19,9498639,-0.261,7.06,7.23,7.19,54.82,-0.0196,-0.0479,0.0282,7.21,6.92,4.154,2003,3,1,2003-03,False
2003-03-04,ITC,7.11,7.19,7.08,7.12,4684898,-0.878,7.06,7.23,7.2,50.358,-0.016,-0.0415,0.0255,7.2,6.92,3.944,2003,3,1,2003-03,False
2003-03-05,ITC,7.1,7.1,7.03,7.09,8531451,-0.552,7.06,7.22,7.2,47.75,-0.0161,-0.0364,0.0203,7.2,6.92,3.946,2003,3,1,2003-03,False
2003-03-06,ITC,7.06,7.09,6.99,7.03,4307809,-0.758,7.06,7.22,7.2,44.371,-0.0202,-0.0332,0.0129,7.19,6.92,3.903,2003,3,1,2003-03,False
2003-03-07,ITC,7.01,7.13,7.0,7.1,10395681,0.961,7.06,7.21,7.21,49.237,-0.0179,-0.0301,0.0122,7.2,6.92,3.939,2003,3,1,2003-03,False
2003-03-10,ITC,7.06,7.14,7.06,7.1,9665990,-0.031,7.06,7.21,7.21,49.086,-0.016,-0.0273,0.0113,7.2,6.93,3.828,2003,3,1,2003-03,False
2003-03-11,ITC,7.05,7.13,7.04,7.12,4213034,0.289,7.07,7.2,7.21,50.601,-0.0127,-0.0244,0.0116,7.2,6.94,3.785,2003,3,1,2003-03,False
2003-03-12,ITC,7.08,7.13,7.07,7.1,4685973,-0.311,7.08,7.2,7.21,48.906,-0.0118,-0.0219,0.0101,7.2,6.95,3.562,2003,3,1,2003-03,False
2003-03-13,ITC,7.2,7.2,6.98,7.03,3242995,-0.936,7.08,7.19,7.21,44.131,-0.0162,-0.0207,0.0045,7.2,6.96,3.351,2003,3,1,2003-03,False
2003-03-14,ITC,7.03,7.03,7.03,7.03,0,0.0,7.08,7.18,7.21,44.131,-0.0195,-0.0205,0.001,7.19,6.97,3.102,2003,3,1,2003-03,False
2003-03-17,ITC,7.02,7.02,6.89,6.91,7048470,-1.67,7.08,7.17,7.21,36.775,-0.0312,-0.0226,-0.0086,7.21,6.94,3.752,2003,3,1,2003-03,False
2003-03-18,ITC,6.91,6.91,6.91,6.91,0,0.0,7.07,7.16,7.21,36.775,-0.04,-0.0261,-0.0139,7.22,6.92,4.289,2003,3,1,2003-03,False
2003-03-19,ITC,6.98,7.01,6.91,6.95,9104446,0.489,7.06,7.15,7.22,40.106,-0.0438,-0.0296,-0.0141,7.22,6.9,4.502,2003,3,1,2003-03,False
2003-03-20,ITC,6.98,7.0,6.93,6.93,6098667,-0.191,7.05,7.14,7.22,39.23,-0.0473,-0.0332,-0.0141,7.22,6.88,4.782,2003,3,1,2003-03,False
2003-03-21,ITC,6.93,6.95,6.8,6.81,10091121,-1.701,7.04,7.12,7.22,32.455,-0.0589,-0.0383,-0.0206,7.24,6.84,5.642,2003,3,1,2003-03,False
2003-03-24,ITC,6.87,6.92,6.74,6.77,6109135,-0.642,7.03,7.11,7.22,30.361,-0.0708,-0.0448,-0.026,7.26,6.79,6.609,2003,3,1,2003-03,False
2003-03-25,ITC,6.77,6.82,6.69,6.8,8742919,0.491,7.02,7.09,7.22,33.852,-0.0767,-0.0512,-0.0255,7.27,6.77,7.194,2003,3,1,2003-03,False
2003-03-26,ITC,6.84,6.96,6.77,6.94,9462000,2.035,7.01,7.08,7.22,46.0,-0.0694,-0.0548,-0.0146,7.26,6.76,7.223,2003,3,1,2003-03,False
2003-03-27,ITC,6.93,7.01,6.89,6.94,9964615,0.008,7.0,7.07,7.22,46.042,-0.0628,-0.0564,-0.0064,7.26,6.75,7.191,2003,3,1,2003-03,False
2003-03-28,ITC,6.95,7.03,6.87,6.99,4497078,0.638,6.99,7.06,7.22,49.483,-0.0534,-0.0558,0.0024,7.23,6.76,6.665,2003,3,1,2003-03,False
2003-03-31,ITC,6.97,6.98,6.89,6.96,5171342,-0.428,6.98,7.05,7.22,47.291,-0.0479,-0.0542,0.0064,7.2,6.77,6.144,2003,3,1,2003-03,False
2003-04-01,ITC,6.97,6.97,6.9,6.93,3329825,-0.374,6.97,7.04,7.22,45.406,-0.045,-0.0524,0.0074,7.18,6.77,5.866,2003,4,2,2003-04,False
2003-04-02,ITC,6.91,6.98,6.85,6.93,2720893,0.024,6.96,7.03,7.22,45.555,-0.0421,-0.0503,0.0082,7.16,6.77,5.683,2003,4,2,2003-04,False
2003-04-03,ITC,6.92,7.06,6.92,7.0,7491687,0.99,6.96,7.03,7.22,51.46,-0.0339,-0.0471,0.0131,7.16,6.77,5.634,2003,4,2,2003-04,False
2003-04-04,ITC,7.02,7.09,6.99,7.06,13771025,0.791,6.96,7.03,7.23,55.638,-0.0227,-0.0422,0.0195,7.15,6.77,5.481,2003,4,2,2003-04,False
2003-04-07,ITC,7.11,7.38,7.09,7.28,24195727,3.201,6.97,7.03,7.23,67.812,0.0044,-0.0329,0.0373,7.2,6.74,6.665,2003,4,2,2003-04,False
2003-04-08,ITC,7.29,7.39,7.2,7.32,15533750,0.578,6.98,7.03,7.22,69.491,0.0289,-0.0205,0.0494,7.25,6.71,7.869,2003,4,2,2003-04,False
2003-04-09,ITC,7.31,7.33,7.24,7.29,7579405,-0.484,6.99,7.04,7.23,66.352,0.045,-0.0074,0.0524,7.29,6.69,8.695,2003,4,2,2003-04,False
2003-04-10,ITC,7.22,7.5,7.22,7.46,20376886,2.317,7.01,7.05,7.22,72.685,0.0705,0.0082,0.0623,7.38,6.64,10.531,2003,4,2,2003-04,False
2003-04-11,ITC,7.42,7.65,7.35,7.47,15125443,0.193,7.03,7.06,7.22,73.149,0.0908,0.0247,0.0662,7.46,6.61,12.029,2003,4,2,2003-04,False
2003-04-15,ITC,7.47,7.59,7.42,7.47,12236497,-0.082,7.06,7.06,7.22,72.588,0.1053,0.0408,0.0645,7.52,6.6,13.044,2003,4,2,2003-04,False
2003-04-16,ITC,7.47,7.64,7.47,7.6,11930349,1.772,7.1,7.07,7.22,76.763,0.1259,0.0578,0.0681,7.61,6.58,14.463,2003,4,2,2003-04,False
2003-04-17,ITC,7.54,7.6,7.49,7.57,8897979,-0.408,7.13,7.08,7.22,73.922,0.1382,0.0739,0.0643,7.68,6.58,15.408,2003,4,2,2003-04,False
2003-04-18,ITC,7.57,7.57,7.57,7.57,0,0.0,7.16,7.09,7.22,73.922,0.1463,0.0884,0.0579,7.73,6.58,16.055,2003,4,2,2003-04,False
2003-04-21,ITC,7.59,7.59,7.44,7.48,3873845,-1.207,7.19,7.1,7.22,65.622,0.1436,0.0994,0.0442,7.76,6.62,15.78,2003,4,2,2003-04,False
2003-04-22,ITC,7.47,7.53,7.35,7.37,4222941,-1.452,7.22,7.11,7.22,57.38,0.1312,0.1058,0.0254,7.76,6.68,14.848,2003,4,2,2003-04,False
2003-04-23,ITC,7.42,7.42,7.3,7.36,6316583,-0.083,7.25,7.11,7.22,56.947,0.1196,0.1085,0.011,7.75,6.75,13.838,2003,4,2,2003-04,False
2003-04-24,ITC,7.36,7.39,7.31,7.34,11424977,-0.256,7.27,7.12,7.21,55.554,0.1075,0.1083,-0.0008,7.75,6.79,13.249,2003,4,2,2003-04,False
2003-04-25,ITC,7.31,7.42,7.26,7.37,7728437,0.309,7.29,7.13,7.21,56.923,0.0987,0.1064,-0.0077,7.75,6.83,12.556,2003,4,2,2003-04,False
2003-04-28,ITC,7.42,7.55,7.37,7.53,9120522,2.195,7.32,7.14,7.21,65.153,0.1036,0.1058,-0.0023,7.76,6.87,12.188,2003,4,2,2003-04,False
2003-04-29,ITC,7.53,7.63,7.53,7.57,10640188,0.552,7.35,7.15,7.22,66.902,0.1095,0.1066,0.0029,7.77,6.92,11.576,2003,4,2,2003-04,False
2003-04-30,ITC,7.53,7.59,7.48,7.56,10843945,-0.08,7.38,7.16,7.22,66.375,0.1124,0.1078,0.0047,7.77,6.99,10.488,2003,4,2,2003-04,False
2003-05-01,ITC,7.56,7.56,7.56,7.56,0,0.0,7.41,7.17,7.22,66.375,0.1134,0.1089,0.0046,7.74,7.08,8.975,2003,5,2,2003-05,False
2003-05-02,ITC,7.56,7.57,7.42,7.54,13078580,-0.359,7.44,7.18,7.22,63.784,0.1108,0.1093,0.0015,7.71,7.16,7.389,2003,5,2,2003-05,False
2003-05-05,ITC,7.56,7.57,7.49,7.53,6077637,-0.132,7.46,7.19,7.23,62.813,0.1066,0.1087,-0.0021,7.67,7.25,5.638,2003,5,2,2003-05,False
2003-05-06,ITC,7.51,7.58,7.47,7.54,9147954,0.243,7.47,7.2,7.23,63.898,0.1036,0.1077,-0.0041,7.67,7.28,5.232,2003,5,2,2003-05,False
2003-05-07,ITC,7.53,7.62,7.44,7.49,17732401,-0.771,7.48,7.21,7.23,58.093,0.0954,0.1053,-0.0098,7.66,7.3,4.876,2003,5,2,2003-05,False
2003-05-08,ITC,6.43,7.5,6.42,7.33,12986750,-2.093,7.48,7.21,7.23,45.972,0.0754,0.0993,-0.0238,7.66,7.31,4.655,2003,5,2,2003-05,False
2003-05-09,ITC,7.36,7.42,7.32,7.35,4500115,0.317,7.48,7.22,7.23,47.715,0.0608,0.0916,-0.0308,7.66,7.3,4.913,2003,5,2,2003-05,False
2003-05-12,ITC,7.33,7.53,7.33,7.49,7022440,1.868,7.48,7.22,7.23,56.618,0.0595,0.0852,-0.0256,7.66,7.3,4.913,2003,5,2,2003-05,False
2003-05-13,ITC,7.51,7.53,7.4,7.43,3772154,-0.813,7.48,7.23,7.23,52.359,0.053,0.0788,-0.0257,7.66,7.29,4.951,2003,5,2,2003-05,False
2003-05-14,ITC,7.42,7.46,7.38,7.4,9655289,-0.38,7.47,7.23,7.23,50.464,0.0451,0.072,-0.0269,7.65,7.29,4.795,2003,5,2,2003-05,False
2003-05-15,ITC,7.4,7.47,7.4,7.45,5901360,0.613,7.46,7.24,7.23,53.386,0.042,0.066,-0.024,7.63,7.29,4.635,2003,5,2,2003-05,False
2003-05-16,ITC,7.46,7.81,7.45,7.75,24450516,4.082,7.47,7.25,7.24,67.294,0.0633,0.0655,-0.0022,7.68,7.26,5.657,2003,5,2,2003-05,False
2003-05-19,ITC,7.81,7.98,7.69,7.78,32932991,0.45,7.49,7.27,7.24,68.457,0.0821,0.0688,0.0133,7.74,7.23,6.777,2003,5,2,2003-05,False
2003-05-20,ITC,7.86,7.92,7.72,7.76,17536543,-0.299,7.51,7.28,7.24,66.753,0.094,0.0738,0.0202,7.78,7.23,7.329,2003,5,2,2003-05,False
2003-05-21,ITC,7.8,7.93,7.79,7.82,16119549,0.785,7.53,7.3,7.24,68.934,0.1071,0.0805,0.0266,7.83,7.23,7.972,2003,5,2,2003-05,False
2003-05-22,ITC,7.86,8.03,7.65,7.68,11525406,-1.777,7.55,7.31,7.24,59.363,0.1051,0.0854,0.0197,7.84,7.25,7.797,2003,5,2,2003-05,False
2003-05-23,ITC,7.75,7.82,7.48,7.53,43929707,-2.011,7.55,7.32,7.24,50.903,0.09,0.0863,0.0037,7.84,7.27,7.463,2003,5,2,2003-05,False
2003-05-26,ITC,7.44,7.64,7.44,7.62,19752158,1.213,7.56,7.33,7.24,54.988,0.0844,0.0859,-0.0015,7.84,7.28,7.489,2003,5,2,2003-05,False
2003-05-27,ITC,7.63,7.78,7.54,7.7,22576940,1.097,7.57,7.35,7.24,58.4,0.0857,0.0859,-0.0002,7.86,7.28,7.676,2003,5,2,2003-05,False
2003-05-28,ITC,7.72,7.76,7.6,7.66,15599223,-0.597,7.57,7.36,7.24,55.892,0.0821,0.0851,-0.003,7.86,7.28,7.748,2003,5,2,2003-05,False
2003-05-29,ITC,7.66,7.7,7.58,7.62,29132377,-0.441,7.57,7.37,7.24,54.055,0.0757,0.0833,-0.0076,7.87,7.28,7.769,2003,5,2,2003-05,False
2003-05-30,ITC,7.61,7.75,7.61,7.69,19637055,0.821,7.58,7.39,7.24,56.883,0.0748,0.0816,-0.0068,7.88,7.28,7.857,2003,5,2,2003-05,False
2003-06-02,ITC,7.66,8.0,7.66,7.78,36393249,1.239,7.59,7.41,7.24,60.833,0.0808,0.0814,-0.0006,7.9,7.28,8.153,2003,6,2,2003-06,False
2003-06-03,ITC,7.8,7.84,7.55,7.57,20904176,-2.718,7.6,7.42,7.24,49.898,0.0677,0.0787,-0.0109,7.9,7.29,8.134,2003,6,2,2003-06,False
2003-06-04,ITC,7.47,7.63,7.44,7.53,21751260,-0.57,7.6,7.44,7.24,48.0,0.0533,0.0736,-0.0203,7.9,7.29,8.064,2003,6,2,2003-06,False
2003-06-05,ITC,7.62,7.68,7.57,7.65,19030086,1.574,7.61,7.45,7.24,53.253,0.0508,0.069,-0.0182,7.89,7.33,7.342,2003,6,2,2003-06,False
2003-06-06,ITC,7.7,7.86,7.66,7.82,29138312,2.288,7.64,7.47,7.24,59.722,0.0622,0.0677,-0.0055,7.9,7.37,6.955,2003,6,2,2003-06,False
2003-06-09,ITC,7.86,8.03,7.86,7.9,26196978,1.034,7.66,7.49,7.24,62.317,0.0769,0.0695,0.0074,7.94,7.38,7.338,2003,6,2,2003-06,False
2003-06-10,ITC,7.87,8.03,7.77,7.82,26339935,-1.079,7.68,7.51,7.25,58.068,0.0807,0.0718,0.009,7.94,7.41,6.975,2003,6,2,2003-06,False
2003-06-11,ITC,7.86,7.91,7.7,7.76,15453229,-0.737,7.69,7.52,7.25,55.324,0.0782,0.0731,0.0052,7.93,7.46,6.133,2003,6,2,2003-06,False
2003-06-12,ITC,7.81,7.93,7.81,7.9,17903771,1.848,7.72,7.54,7.25,60.348,0.0868,0.0758,0.011,7.94,7.49,5.767,2003,6,2,2003-06,False
2003-06-13,ITC,7.93,8.02,7.83,7.87,22434077,-0.364,7.72,7.56,7.25,58.916,0.0903,0.0787,0.0116,7.96,7.49,6.032,2003,6,2,2003-06,False
2003-06-16,ITC,7.92,7.93,7.75,7.83,9650568,-0.57,7.73,7.57,7.25,56.659,0.0883,0.0806,0.0077,7.96,7.49,6.113,2003,6,2,2003-06,False
2003-06-17,ITC,7.86,7.93,7.86,7.91,17554722,1.04,7.73,7.59,7.26,59.678,0.0923,0.083,0.0094,7.98,7.48,6.46,2003,6,2,2003-06,False
2003-06-18,ITC,7.97,8.16,7.94,8.07,38296641,2.079,7.75,7.6,7.26,64.984,0.1075,0.0879,0.0196,8.04,7.45,7.508,2003,6,2,2003-06,False
2003-06-19,ITC,8.14,8.21,8.04,8.13,23307191,0.665,7.77,7.62,7.26,66.532,0.1225,0.0948,0.0277,8.1,7.43,8.632,2003,6,2,2003-06,False
2003-06-20,ITC,8.13,8.28,8.09,8.24,34600194,1.328,7.8,7.63,7.27,69.457,0.1414,0.1041,0.0373,8.18,7.43,9.631,2003,6,2,2003-06,False
2003-06-23,ITC,8.3,8.36,8.23,8.27,27393345,0.417,7.84,7.65,7.27,70.345,0.1574,0.1148,0.0426,8.25,7.42,10.696,2003,6,2,2003-06,False
2003-06-24,ITC,8.08,8.25,7.97,8.11,17048696,-1.921,7.86,7.66,7.27,61.445,0.1554,0.1229,0.0325,8.29,7.42,10.984,2003,6,2,2003-06,False
2003-06-25,ITC,8.16,8.26,8.16,8.23,21542129,1.42,7.88,7.68,7.28,64.91,0.1613,0.1306,0.0307,8.34,7.43,11.438,2003,6,2,2003-06,False
2003-06-26,ITC,8.25,8.57,8.25,8.51,52512098,3.392,7.93,7.69,7.28,71.576,0.1863,0.1417,0.0446,8.44,7.42,12.913,2003,6,2,2003-06,False
2003-06-27,ITC,8.53,8.57,8.37,8.43,19919790,-0.885,7.97,7.71,7.29,67.831,0.1978,0.1529,0.0449,8.51,7.42,13.679,2003,6,2,2003-06,False
2003-06-30,ITC,8.45,8.6,8.44,8.5,24577630,0.801,8.0,7.73,7.3,69.379,0.2099,0.1643,0.0456,8.59,7.42,14.657,2003,6,2,2003-06,False
2003-07-01,ITC,8.52,8.52,8.32,8.35,10305159,-1.792,8.04,7.75,7.3,62.124,0.2049,0.1725,0.0324,8.61,7.47,14.143,2003,7,3,2003-07,False
2003-07-02,ITC,8.35,8.46,8.35,8.41,12942120,0.796,8.08,7.77,7.31,63.898,0.2039,0.1787,0.0252,8.62,7.55,13.291,2003,7,3,2003-07,False
2003-07-03,ITC,8.36,8.56,8.35,8.38,23538940,-0.329,8.12,7.79,7.31,62.583,0.1986,0.1827,0.0159,8.63,7.61,12.587,2003,7,3,2003-07,False
2003-07-04,ITC,8.42,8.66,8.42,8.54,26154311,1.809,8.16,7.82,7.32,66.636,0.2043,0.187,0.0173,8.68,7.63,12.809,2003,7,3,2003-07,False
2003-07-07,ITC,8.6,8.61,8.43,8.48,7457759,-0.642,8.19,7.84,7.33,63.941,0.202,0.19,0.012,8.71,7.66,12.875,2003,7,3,2003-07,False
2003-07-08,ITC,8.47,8.68,8.47,8.58,28482646,1.201,8.22,7.86,7.33,66.641,0.2061,0.1933,0.0129,8.75,7.7,12.771,2003,7,3,2003-07,False
2003-07-09,ITC,8.61,8.61,8.47,8.54,12625597,-0.452,8.26,7.88,7.34,64.657,0.2039,0.1954,0.0085,8.76,7.77,11.981,2003,7,3,2003-07,False
2003-07-10,ITC,8.47,8.59,8.38,8.46,20499234,-1.004,8.29,7.89,7.35,60.372,0.1929,0.1949,-0.002,8.76,7.82,11.37,2003,7,3,2003-07,False
2003-07-11,ITC,8.48,8.53,8.33,8.39,16375600,-0.851,8.32,7.91,7.35,56.962,0.1764,0.1912,-0.0148,8.75,7.89,10.327,2003,7,3,2003-07,False
2003-07-14,ITC,8.51,8.59,8.46,8.54,10607569,1.878,8.35,7.93,7.36,62.016,0.174,0.1878,-0.0137,8.73,7.98,8.943,2003,7,3,2003-07,False
2003-07-15,ITC,8.57,8.62,8.29,8.33,18111780,-2.481,8.37,7.95,7.36,52.993,0.1533,0.1809,-0.0276,8.68,8.06,7.412,2003,7,3,2003-07,False
2003-07-16,ITC,8.42,8.57,8.33,8.53,11562279,2.402,8.4,7.97,7.37,59.05,0.1512,0.1749,-0.0237,8.68,8.11,6.753,2003,7,3,2003-07,False
2003-07-17,ITC,8.59,8.59,8.42,8.51,16869381,-0.232,8.42,7.99,7.38,58.251,0.1463,0.1692,-0.0229,8.67,8.16,6.121,2003,7,3,2003-07,False
2003-07-18,ITC,8.41,8.52,8.31,8.42,10889603,-1.063,8.43,8.01,7.38,54.612,0.1336,0.1621,-0.0285,8.67,8.18,5.772,2003,7,3,2003-07,False
2003-07-21,ITC,8.25,8.48,8.15,8.22,7004261,-2.443,8.42,8.03,7.39,47.363,0.1057,0.1508,-0.0451,8.67,8.17,5.972,2003,7,3,2003-07,False
2003-07-22,ITC,8.2,8.37,8.09,8.17,12293184,-0.578,8.43,8.04,7.4,45.85,0.0788,0.1364,-0.0576,8.66,8.19,5.637,2003,7,3,2003-07,False
2003-07-23,ITC,8.35,8.35,8.17,8.21,6110304,0.498,8.42,8.06,7.4,47.401,0.0601,0.1211,-0.061,8.67,8.18,5.712,2003,7,3,2003-07,False
2003-07-24,ITC,8.21,8.47,8.17,8.4,14933604,2.355,8.42,8.08,7.41,54.121,0.0602,0.109,-0.0487,8.66,8.18,5.648,2003,7,3,2003-07,False
2003-07-25,ITC,7.8,8.93,7.8,8.32,20720795,-1.023,8.41,8.09,7.41,51.002,0.0527,0.0977,-0.045,8.66,8.17,5.755,2003,7,3,2003-07,False
2003-07-28,ITC,8.47,8.47,8.33,8.37,16221941,0.653,8.41,8.1,7.42,52.85,0.0506,0.0883,-0.0377,8.65,8.17,5.698,2003,7,3,2003-07,False
2003-07-29,ITC,8.39,8.39,8.24,8.36,14905003,-0.182,8.41,8.11,7.42,52.253,0.0472,0.0801,-0.0329,8.65,8.17,5.685,2003,7,3,2003-07,False
2003-07-30,ITC,8.37,8.4,8.14,8.21,16089874,-1.752,8.4,8.12,7.43,46.793,0.0322,0.0705,-0.0383,8.65,8.14,6.073,2003,7,3,2003-07,False
2003-07-31,ITC,8.22,8.25,8.07,8.11,31238543,-1.184,8.38,8.13,7.43,43.54,0.0124,0.0589,-0.0465,8.67,8.1,6.808,2003,7,3,2003-07,False
2003-08-01,ITC,8.15,8.22,8.13,8.14,21536334,0.383,8.36,8.14,7.44,44.86,-0.0008,0.047,-0.0477,8.66,8.07,7.064,2003,8,3,2003-08,False
2003-08-04,ITC,8.2,8.33,8.17,8.25,12804117,1.257,8.35,8.15,7.45,49.08,-0.0029,0.037,-0.0399,8.65,8.06,7.057,2003,8,3,2003-08,False
2003-08-05,ITC,8.34,8.48,8.23,8.27,36036208,0.336,8.34,8.17,7.45,50.191,-0.0024,0.0291,-0.0315,8.61,8.06,6.617,2003,8,3,2003-08,False
2003-08-06,ITC,8.31,8.37,8.22,8.27,16454485,0.021,8.32,8.18,7.46,50.263,-0.0018,0.0229,-0.0247,8.58,8.06,6.227,2003,8,3,2003-08,False
2003-08-07,ITC,8.33,8.44,8.24,8.35,29325478,0.881,8.32,8.19,7.47,53.366,0.0045,0.0192,-0.0147,8.57,8.07,6.052,2003,8,3,2003-08,False
2003-08-08,ITC,8.42,8.66,8.39,8.61,32957620,3.162,8.33,8.21,7.48,62.49,0.0305,0.0215,0.009,8.61,8.05,6.789,2003,8,3,2003-08,False
2003-08-11,ITC,8.62,8.84,8.59,8.69,24858729,0.873,8.34,8.23,7.49,64.614,0.0564,0.0285,0.028,8.65,8.03,7.469,2003,8,3,2003-08,False
2003-08-12,ITC,8.73,8.79,8.64,8.73,17038321,0.482,8.36,8.25,7.49,65.774,0.0795,0.0387,0.0408,8.71,8.0,8.548,2003,8,3,2003-08,False
2003-08-13,ITC,8.71,8.78,8.57,8.71,15578146,-0.175,8.37,8.28,7.5,64.938,0.0954,0.05,0.0454,8.75,7.98,9.182,2003,8,3,2003-08,False
2003-08-14,ITC,8.76,8.81,8.58,8.62,15266530,-1.025,8.37,8.3,7.51,60.116,0.0997,0.06,0.0397,8.77,7.98,9.464,2003,8,3,2003-08,False
2003-08-15,ITC,8.62,8.62,8.62,8.62,0,0.0,8.38,8.31,7.52,60.116,0.1019,0.0683,0.0336,8.79,7.97,9.821,2003,8,3,2003-08,False
2003-08-18,ITC,8.67,8.73,8.55,8.71,13097040,1.023,8.41,8.33,7.53,63.241,0.1095,0.0766,0.0329,8.84,7.98,10.206,2003,8,3,2003-08,False
2003-08-19,ITC,8.78,8.78,8.62,8.69,14715500,-0.292,8.43,8.35,7.54,61.738,0.1122,0.0837,0.0285,8.86,8.0,10.224,2003,8,3,2003-08,False
2003-08-20,ITC,8.74,8.74,8.58,8.64,13860518,-0.592,8.45,8.36,7.55,58.7,0.1089,0.0887,0.0202,8.88,8.03,10.096,2003,8,3,2003-08,False
2003-08-21,ITC,8.68,8.94,8.65,8.87,26232963,2.717,8.48,8.38,7.56,66.739,0.1238,0.0958,0.0281,8.94,8.01,10.959,2003,8,3,2003-08,False
2003-08-22,ITC,8.95,9.25,8.93,9.14,42878727,3.027,8.52,8.41,7.57,73.174,0.1555,0.1077,0.0478,9.06,7.97,12.759,2003,8,3,2003-08,False
2003-08-25,ITC,9.27,9.29,8.63,8.75,31038245,-4.262,8.54,8.43,7.58,56.191,0.1475,0.1157,0.0318,9.09,7.99,12.842,2003,8,3,2003-08,False
2003-08-26,ITC,8.86,9.13,8.82,8.97,23155215,2.52,8.57,8.45,7.59,61.621,0.1571,0.1239,0.0332,9.14,7.99,13.388,2003,8,3,2003-08,False
2003-08-27,ITC,9.1,9.17,8.99,9.15,17834793,2.036,8.61,8.47,7.6,65.441,0.1774,0.1346,0.0428,9.22,8.01,14.014,2003,8,3,2003-08,False
2003-08-28,ITC,9.16,9.29,9.03,9.24,26457235,0.927,8.67,8.49,7.61,67.08,0.1981,0.1473,0.0507,9.29,8.06,14.204,2003,8,3,2003-08,False
2003-08-29,ITC,9.32,9.46,9.25,9.41,22994126,1.867,8.73,8.51,7.63,70.177,0.2258,0.163,0.0627,9.38,8.09,14.81,2003,8,3,2003-08,False
2003-09-01,ITC,9.5,9.73,9.5,9.67,20546481,2.794,8.81,8.54,7.64,74.167,0.2658,0.1836,0.0823,9.53,8.08,16.561,2003,9,3,2003-09,False
2003-09-02,ITC,9.7,9.73,9.52,9.61,13765463,-0.655,8.87,8.57,7.65,71.679,0.2892,0.2047,0.0845,9.64,8.11,17.298,2003,9,3,2003-09,False
2003-09-03,ITC,9.63,9.7,9.36,9.42,12438150,-1.959,8.93,8.6,7.66,64.728,0.2891,0.2216,0.0675,9.68,8.18,16.805,2003,9,3,2003-09,False
2003-09-04,ITC,9.5,9.5,9.1,9.16,19404511,-2.778,8.97,8.61,7.67,56.521,0.2649,0.2302,0.0347,9.67,8.27,15.698,2003,9,3,2003-09,False
2003-09-05,ITC,9.25,9.54,9.23,9.46,18250811,3.234,9.01,8.63,7.69,62.341,0.2666,0.2375,0.0291,9.73,8.3,15.857,2003,9,3,2003-09,False
2003-09-08,ITC,9.44,9.65,9.44,9.62,16206052,1.782,9.06,8.65,7.7,65.194,0.2783,0.2457,0.0326,9.81,8.31,16.485,2003,9,3,2003-09,False
2003-09-09,ITC,9.67,9.68,9.27,9.35,13237847,-2.872,9.09,8.67,7.71,57.496,0.2622,0.249,0.0132,9.83,8.35,16.287,2003,9,3,2003-09,False
2003-09-10,ITC,9.38,9.55,9.31,9.5,9132158,1.669,9.13,8.69,7.72,60.342,0.2591,0.251,0.0081,9.87,8.39,16.207,2003,9,3,2003-09,False
2003-09-11,ITC,9.5,9.6,9.22,9.27,14564599,-2.469,9.16,8.71,7.73,54.439,0.235,0.2478,-0.0128,9.86,8.46,15.33,2003,9,3,2003-09,False
2003-09-12,ITC,9.32,9.44,9.04,9.1,13063673,-1.86,9.19,8.72,7.74,50.526,0.1996,0.2382,-0.0385,9.84,8.53,14.291,2003,9,3,2003-09,False
2003-09-15,ITC,9.03,9.16,8.91,8.97,10748749,-1.429,9.2,8.73,7.75,47.74,0.1593,0.2224,-0.0631,9.83,8.57,13.633,2003,9,3,2003-09,False
2003-09-16,ITC,8.92,9.17,8.82,9.01,30692654,0.504,9.21,8.74,7.76,48.798,0.1295,0.2038,-0.0743,9.8,8.63,12.735,2003,9,3,2003-09,False
2003-09-17,ITC,9.11,9.11,8.82,8.86,18642388,-1.694,9.23,8.75,7.77,45.454,0.0925,0.1816,-0.089,9.77,8.68,11.87,2003,9,3,2003-09,False
2003-09-18,ITC,8.85,8.93,8.71,8.75,9792824,-1.187,9.22,8.75,7.77,43.255,0.0541,0.1561,-0.102,9.79,8.65,12.27,2003,9,3,2003-09,False
2003-09-19,ITC,8.88,9.1,8.77,8.99,16247317,2.667,9.21,8.77,7.78,49.139,0.042,0.1332,-0.0913,9.79,8.64,12.467,2003,9,3,2003-09,False
2003-09-22,ITC,9.08,9.09,8.81,8.82,11347587,-1.843,9.22,8.77,7.79,45.532,0.0188,0.1104,-0.0915,9.78,8.65,12.212,2003,9,3,2003-09,False
2003-09-23,ITC,8.76,8.97,8.74,8.93,9344327,1.25,9.21,8.78,7.8,48.254,0.0092,0.0901,-0.0809,9.78,8.65,12.296,2003,9,3,2003-09,False
2003-09-24,ITC,9.02,9.33,8.9,9.27,20851367,3.835,9.22,8.8,7.81,55.669,0.029,0.0779,-0.0489,9.79,8.65,12.284,2003,9,3,2003-09,False
2003-09-25,ITC,9.06,9.36,9.06,9.18,16448924,-1.067,9.22,8.81,7.82,53.294,0.0362,0.0696,-0.0334,9.78,8.65,12.294,2003,9,3,2003-09,False
2003-09-26,ITC,9.24,9.32,9.14,9.28,11147476,1.127,9.21,8.83,7.82,55.435,0.0497,0.0656,-0.0159,9.77,8.65,12.165,2003,9,3,2003-09,False
2003-09-29,ITC,9.25,9.33,9.16,9.2,5924026,-0.835,9.19,8.85,7.83,53.459,0.0535,0.0632,-0.0096,9.7,8.67,11.242,2003,9,3,2003-09,False
2003-09-30,ITC,9.26,9.28,8.99,9.05,14912527,-1.591,9.16,8.87,7.84,49.843,0.0442,0.0594,-0.0151,9.64,8.68,10.465,2003,9,3,2003-09,False
2003-10-01,ITC,9.12,9.21,9.04,9.16,8394383,1.199,9.15,8.88,7.85,52.413,0.0451,0.0565,-0.0114,9.61,8.68,10.13,2003,10,4,2003-10,False
2003-10-02,ITC,9.16,9.16,9.16,9.16,0,0.0,9.15,8.9,7.86,52.413,0.0453,0.0543,-0.009,9.61,8.68,10.13,2003,10,4,2003-10,False
2003-10-03,ITC,9.17,9.29,9.1,9.15,14630586,-0.093,9.13,8.92,7.87,52.171,0.0442,0.0523,-0.008,9.57,8.69,9.639,2003,10,4,2003-10,False
2003-10-06,ITC,9.23,9.54,9.19,9.48,25580802,3.606,9.12,8.94,7.88,59.934,0.0692,0.0557,0.0136,9.54,8.71,9.007,2003,10,4,2003-10,False
2003-10-07,ITC,9.53,9.68,9.43,9.48,24455236,-0.077,9.13,8.96,7.89,59.702,0.0875,0.062,0.0254,9.56,8.7,9.408,2003,10,4,2003-10,False
2003-10-08,ITC,9.59,9.6,9.44,9.53,13171065,0.59,9.13,8.99,7.9,60.943,0.1052,0.0707,0.0345,9.57,8.7,9.532,2003,10,4,2003-10,False
2003-10-09,ITC,9.61,10.0,9.55,9.93,24040947,4.21,9.17,9.02,7.91,68.451,0.1499,0.0865,0.0634,9.73,8.6,12.273,2003,10,4,2003-10,False
2003-10-10,ITC,9.95,10.15,9.94,10.05,14228869,1.184,9.21,9.06,7.93,70.255,0.1926,0.1077,0.0849,9.9,8.53,14.899,2003,10,4,2003-10,False
2003-10-13,ITC,10.02,10.29,9.97,10.22,16949716,1.665,9.28,9.1,7.94,72.651,0.2372,0.1336,0.1036,10.09,8.47,17.444,2003,10,4,2003-10,False
2003-10-14,ITC,10.29,10.31,9.79,9.91,16235494,-2.987,9.32,9.13,7.95,62.723,0.2451,0.1559,0.0892,10.17,8.48,18.167,2003,10,4,2003-10,False
2003-10-15,ITC,9.99,10.12,9.7,9.99,14651663,0.718,9.38,9.17,7.97,63.961,0.2542,0.1756,0.0786,10.24,8.51,18.484,2003,10,4,2003-10,False
2003-10-16,ITC,10.06,10.21,9.97,10.13,13866173,1.46,9.45,9.2,7.98,66.419,0.27,0.1945,0.0756,10.32,8.57,18.561,2003,10,4,2003-10,False
2003-10-17,ITC,10.08,10.18,9.9,10.01,11716171,-1.155,9.5,9.23,7.99,62.722,0.2701,0.2096,0.0605,10.38,8.61,18.606,2003,10,4,2003-10,False
2003-10-20,ITC,10.01,10.06,9.88,9.91,11494843,-1.078,9.55,9.26,8.0,59.435,0.2584,0.2193,0.039,10.39,8.71,17.604,2003,10,4,2003-10,False
2003-10-21,ITC,9.84,9.95,9.71,9.87,15315833,-0.417,9.6,9.28,8.02,58.18,0.243,0.2241,0.0189,10.4,8.8,16.631,2003,10,4,2003-10,False
2003-10-22,ITC,9.85,9.95,9.78,9.9,12239768,0.384,9.63,9.3,8.03,59.035,0.2312,0.2255,0.0057,10.42,8.84,16.485,2003,10,4,2003-10,False
2003-10-23,ITC,9.9,9.9,9.5,9.59,11529753,-3.174,9.65,9.32,8.04,49.915,0.1942,0.2192,-0.025,10.42,8.89,15.849,2003,10,4,2003-10,False
2003-10-24,ITC,9.59,9.75,9.5,9.7,8772220,1.15,9.67,9.34,8.05,52.676,0.1718,0.2098,-0.0379,10.42,8.93,15.395,2003,10,4,2003-10,False
2003-10-27,ITC,9.88,9.95,9.72,9.78,12426514,0.863,9.7,9.37,8.06,54.717,0.159,0.1996,-0.0406,10.41,8.99,14.673,2003,10,4,2003-10,False
2003-10-28,ITC,9.76,9.89,9.74,9.82,11691169,0.381,9.74,9.39,8.07,55.636,0.1501,0.1897,-0.0396,10.38,9.1,13.233,2003,10,4,2003-10,False
2003-10-29,ITC,9.93,9.93,9.55,9.76,33964437,-0.645,9.77,9.41,8.08,53.647,0.1364,0.1791,-0.0426,10.35,9.19,11.966,2003,10,4,2003-10,False
2003-10-30,ITC,9.75,9.78,9.69,9.73,12688079,-0.301,9.8,9.43,8.1,52.704,0.1218,0.1676,-0.0458,10.31,9.29,10.434,2003,10,4,2003-10,False
2003-10-31,ITC,9.72,9.9,9.72,9.8,11746314,0.738,9.83,9.44,8.11,54.793,0.1146,0.157,-0.0424,10.24,9.42,8.386,2003,10,4,2003-10,False
2003-11-03,ITC,9.89,10.07,9.78,10.02,18614769,2.29,9.86,9.47,8.12,60.642,0.1257,0.1507,-0.0251,10.24,9.47,7.849,2003,11,4,2003-11,False
2003-11-04,ITC,10.06,10.24,10.06,10.18,19583125,1.534,9.89,9.49,8.14,64.072,0.1451,0.1496,-0.0045,10.26,9.52,7.452,2003,11,4,2003-11,False
2003-11-05,ITC,10.12,10.28,9.97,10.05,24219654,-1.266,9.92,9.51,8.15,59.399,0.1484,0.1494,-0.001,10.25,9.58,6.724,2003,11,4,2003-11,False
2003-11-06,ITC,10.03,10.08,9.89,9.92,13330145,-1.311,9.92,9.52,8.17,54.986,0.1388,0.1473,-0.0085,10.25,9.58,6.722,2003,11,4,2003-11,False
2003-11-07,ITC,9.92,9.94,9.68,9.77,14553617,-1.522,9.9,9.53,8.18,50.367,0.1177,0.1413,-0.0237,10.24,9.57,6.733,2003,11,4,2003-11,False
2003-11-10,ITC,9.78,9.84,9.56,9.75,8952703,-0.185,9.88,9.53,8.2,49.827,0.0983,0.1327,-0.0344,10.18,9.57,6.162,2003,11,4,2003-11,False
2003-11-11,ITC,9.86,9.86,9.75,9.78,15841768,0.365,9.87,9.53,8.21,50.942,0.0849,0.1232,-0.0383,10.18,9.57,6.214,2003,11,4,2003-11,False
2003-11-12,ITC,9.86,9.88,9.54,9.62,10938626,-1.676,9.85,9.54,8.22,45.885,0.0603,0.1106,-0.0503,10.18,9.53,6.527,2003,11,4,2003-11,False
2003-11-13,ITC,9.72,9.72,9.59,9.65,13251727,0.341,9.83,9.55,8.23,47.018,0.043,0.0971,-0.0541,10.14,9.52,6.216,2003,11,4,2003-11,False
2003-11-14,ITC,9.63,9.71,9.61,9.67,15424488,0.146,9.81,9.55,8.25,47.528,0.03,0.0837,-0.0536,10.11,9.51,6.132,2003,11,4,2003-11,False
2003-11-17,ITC,9.67,9.8,9.64,9.72,5830653,0.526,9.8,9.55,8.26,49.415,0.0236,0.0716,-0.048,10.1,9.5,6.127,2003,11,4,2003-11,False
2003-11-18,ITC,9.79,9.84,9.7,9.77,8408590,0.5,9.8,9.56,8.27,51.221,0.0222,0.0618,-0.0396,10.1,9.5,6.109,2003,11,4,2003-11,False
2003-11-19,ITC,9.84,9.88,9.63,9.83,8013836,0.666,9.79,9.57,8.29,53.606,0.026,0.0546,-0.0286,10.09,9.5,6.037,2003,11,4,2003-11,False
2003-11-20,ITC,9.88,10.03,9.63,9.74,13872015,-0.972,9.8,9.58,8.3,49.756,0.0211,0.0479,-0.0268,10.08,9.52,5.736,2003,11,4,2003-11,False
2003-11-21,ITC,9.75,9.92,9.61,9.87,12161303,1.411,9.81,9.59,8.32,54.784,0.0279,0.0439,-0.016,10.09,9.53,5.677,2003,11,4,2003-11,False
2003-11-24,ITC,9.92,9.95,9.69,9.72,7383313,-1.54,9.81,9.61,8.33,48.945,0.0209,0.0393,-0.0184,10.09,9.53,5.733,2003,11,4,2003-11,False
2003-11-25,ITC,9.78,9.8,9.63,9.67,9077901,-0.518,9.8,9.62,8.34,47.154,0.0111,0.0337,-0.0226,10.09,9.51,5.87,2003,11,4,2003-11,False
2003-11-26,ITC,9.67,9.67,9.67,9.67,0,0.0,9.8,9.64,8.36,47.154,0.0033,0.0276,-0.0243,10.09,9.5,5.98,2003,11,4,2003-11,False
2003-11-27,ITC,9.67,9.77,9.56,9.67,19973299,-0.012,9.79,9.66,8.37,47.109,-0.003,0.0215,-0.0244,10.09,9.5,6.064,2003,11,4,2003-11,False
2003-11-28,ITC,9.61,9.81,9.61,9.69,11935583,0.257,9.79,9.67,8.38,48.276,-0.0058,0.016,-0.0218,10.09,9.49,6.133,2003,11,4,2003-11,False
2003-12-01,ITC,9.82,9.89,9.69,9.86,19113084,1.679,9.78,9.69,8.4,55.241,0.005,0.0138,-0.0088,10.06,9.5,5.75,2003,12,4,2003-12,False
2003-12-02,ITC,9.89,10.02,9.82,9.91,15049034,0.568,9.77,9.71,8.41,57.365,0.0178,0.0146,0.0032,9.99,9.55,4.518,2003,12,4,2003-12,False
2003-12-03,ITC,9.93,10.1,9.85,9.9,17161416,-0.177,9.76,9.72,8.42,56.462,0.0263,0.017,0.0094,9.95,9.57,3.841,2003,12,4,2003-12,False
2003-12-04,ITC,9.92,10.29,9.89,10.17,26941950,2.811,9.77,9.74,8.44,65.7,0.0549,0.0245,0.0303,10.03,9.52,5.236,2003,12,4,2003-12,False
2003-12-05,ITC,10.23,10.54,10.23,10.3,35774643,1.206,9.8,9.76,8.46,68.84,0.0864,0.0369,0.0495,10.14,9.45,7.087,2003,12,4,2003-12,False
2003-12-08,ITC,10.26,10.43,10.25,10.32,17796706,0.258,9.83,9.79,8.47,69.491,0.1122,0.052,0.0602,10.24,9.41,8.504,2003,12,4,2003-12,False
2003-12-09,ITC,10.34,10.8,10.34,10.74,37275476,4.003,9.87,9.82,8.49,77.405,0.1641,0.0744,0.0897,10.46,9.29,11.791,2003,12,4,2003-12,False
2003-12-10,ITC,10.85,11.19,10.8,11.06,42758529,3.007,9.95,9.86,8.51,81.452,0.2287,0.1053,0.1234,10.72,9.17,15.562,2003,12,4,2003-12,False
2003-12-11,ITC,11.08,11.12,10.74,11.0,19433205,-0.511,10.01,9.9,8.53,78.79,0.2721,0.1386,0.1335,10.91,9.12,17.825,2003,12,4,2003-12,False
2003-12-12,ITC,10.57,11.02,10.44,10.93,11509143,-0.647,10.08,9.93,8.55,75.445,0.2974,0.1704,0.127,11.04,9.11,19.157,2003,12,4,2003-12,False
2003-12-15,ITC,10.97,11.29,10.96,11.25,13868089,2.886,10.15,9.97,8.57,79.58,0.339,0.2041,0.1349,11.23,9.07,21.288,2003,12,4,2003-12,False
2003-12-16,ITC,11.27,11.75,11.11,11.67,35203845,3.74,10.25,10.01,8.59,83.556,0.4012,0.2435,0.1577,11.51,8.99,24.537,2003,12,4,2003-12,False
2003-12-17,ITC,11.71,11.71,11.32,11.45,18151644,-1.865,10.33,10.05,8.61,75.377,0.4281,0.2804,0.1476,11.68,8.98,26.124,2003,12,4,2003-12,False
2003-12-18,ITC,11.48,11.48,11.14,11.17,16898403,-2.474,10.4,10.07,8.63,66.284,0.4216,0.3087,0.113,11.77,9.03,26.311,2003,12,4,2003-12,False
2003-12-19,ITC,11.34,11.43,11.1,11.17,14569786,0.066,10.47,10.1,8.65,66.397,0.4124,0.3294,0.083,11.85,9.08,26.489,2003,12,4,2003-12,False
2003-12-22,ITC,11.23,11.24,11.1,11.16,6285319,-0.162,10.54,10.11,8.67,65.811,0.399,0.3433,0.0556,11.91,9.17,26.045,2003,12,4,2003-12,False
2003-12-23,ITC,11.19,11.24,10.98,11.03,7891582,-1.14,10.61,10.14,8.7,61.688,0.3738,0.3494,0.0244,11.93,9.28,24.991,2003,12,4,2003-12,False
2003-12-24,ITC,11.24,11.24,10.95,11.04,18287310,0.149,10.67,10.16,8.72,62.018,0.3511,0.3498,0.0013,11.94,9.41,23.648,2003,12,4,2003-12,False
2003-12-25,ITC,11.04,11.04,11.04,11.04,0,0.0,10.74,10.18,8.74,62.018,0.3293,0.3457,-0.0164,11.92,9.56,21.944,2003,12,4,2003-12,False
2003-12-26,ITC,11.14,11.23,10.94,11.02,9960502,-0.189,10.81,10.2,8.76,61.237,0.3068,0.3379,-0.0311,11.88,9.73,19.893,2003,12,4,2003-12,False
2003-12-29,ITC,11.16,11.44,11.0,11.25,23080676,2.046,10.88,10.22,8.78,66.184,0.3037,0.3311,-0.0274,11.87,9.89,18.249,2003,12,4,2003-12,False
2003-12-30,ITC,11.27,11.4,11.02,11.12,23209659,-1.121,10.94,10.25,8.8,61.463,0.2878,0.3224,-0.0346,11.83,10.05,16.209,2003,12,4,2003-12,False
2003-12-31,ITC,11.14,11.23,11.08,11.12,16655250,-0.036,11.0,10.27,8.82,61.315,0.2717,0.3123,-0.0406,11.74,10.26,13.454,2003,12,4,2003-12,False
2004-01-01,ITC,11.19,11.36,11.09,11.25,25234370,1.149,11.05,10.31,8.84,64.301,0.2661,0.303,-0.0369,11.69,10.42,11.504,2004,1,1,2004-01,False
2004-01-02,ITC,11.25,11.64,11.25,11.56,37599524,2.825,11.12,10.34,8.87,70.416,0.2841,0.2993,-0.0151,11.68,10.55,10.196,2004,1,1,2004-01,False
2004-01-05,ITC,11.81,12.07,11.49,12.0,42092863,3.73,11.2,10.39,8.89,76.341,0.3294,0.3053,0.0241,11.77,10.63,10.119,2004,1,1,2004-01,False
2004-01-06,ITC,12.04,12.14,11.53,11.69,19008915,-2.568,11.25,10.42,8.92,66.15,0.3365,0.3115,0.025,11.81,10.69,9.993,2004,1,1,2004-01,False
2004-01-07,ITC,11.54,11.7,11.37,11.59,16405883,-0.842,11.28,10.46,8.94,63.247,0.3304,0.3153,0.0151,11.85,10.7,10.185,2004,1,1,2004-01,False
2004-01-08,ITC,11.64,12.27,11.61,12.17,27137808,5.034,11.33,10.51,8.97,71.294,0.3684,0.3259,0.0425,12.02,10.65,12.087,2004,1,1,2004-01,False
2004-01-09,ITC,12.32,12.55,12.06,12.27,30116388,0.836,11.4,10.56,8.99,72.427,0.4021,0.3412,0.0609,12.18,10.63,13.614,2004,1,1,2004-01,False
2004-01-12,ITC,12.38,12.72,12.05,12.59,25333771,2.602,11.47,10.61,9.02,75.675,0.4494,0.3628,0.0866,12.41,10.53,16.338,2004,1,1,2004-01,False
2004-01-13,ITC,12.47,12.63,12.22,12.45,16866718,-1.154,11.51,10.66,9.05,71.547,0.4697,0.3842,0.0855,12.54,10.48,17.938,2004,1,1,2004-01,False
2004-01-14,ITC,12.56,12.85,12.1,12.82,20471007,2.97,11.58,10.71,9.07,75.248,0.5098,0.4093,0.1005,12.76,10.39,20.49,2004,1,1,2004-01,False
2004-01-15,ITC,12.91,13.19,12.72,12.84,30361130,0.159,11.66,10.77,9.1,75.437,0.537,0.4349,0.1022,12.95,10.36,22.216,2004,1,1,2004-01,False
2004-01-16,ITC,12.89,12.93,12.55,12.68,16732734,-1.268,11.73,10.83,9.13,70.772,0.5392,0.4557,0.0835,13.08,10.39,23.001,2004,1,1,2004-01,False
2004-01-19,ITC,12.72,13.01,12.56,12.89,14886450,1.681,11.82,10.89,9.15,73.116,0.5518,0.475,0.0769,13.24,10.41,23.923,2004,1,1,2004-01,False
2004-01-20,ITC,12.95,13.05,12.49,12.67,18147344,-1.662,11.9,10.95,9.18,67.275,0.5383,0.4876,0.0507,13.32,10.49,23.712,2004,1,1,2004-01,False
2004-01-21,ITC,13.56,13.56,12.38,12.5,20463716,-1.342,11.98,11.01,9.2,62.973,0.508,0.4917,0.0163,13.35,10.6,22.956,2004,1,1,2004-01,False
2004-01-22,ITC,12.55,12.71,12.09,12.21,21116484,-2.387,12.03,11.06,9.23,56.185,0.4547,0.4843,-0.0296,13.34,10.73,21.692,2004,1,1,2004-01,False
2004-01-23,ITC,12.21,12.32,11.22,11.63,46914876,-4.71,12.07,11.1,9.25,45.918,0.3618,0.4598,-0.098,13.3,10.83,20.429,2004,1,1,2004-01,False
2004-01-26,ITC,11.63,11.63,11.63,11.63,0,0.0,12.08,11.14,9.27,45.918,0.285,0.4248,-0.1399,13.27,10.89,19.7,2004,1,1,2004-01,False
2004-01-27,ITC,11.85,12.08,11.48,11.91,20802438,2.406,12.12,11.18,9.29,50.975,0.2438,0.3886,-0.1448,13.23,11.02,18.236,2004,1,1,2004-01,False
2004-01-28,ITC,11.77,12.0,11.37,11.5,14547822,-3.412,12.14,11.21,9.31,44.471,0.1764,0.3462,-0.1698,13.19,11.1,17.185,2004,1,1,2004-01,False
2004-01-29,ITC,11.54,11.87,11.49,11.63,33511640,1.091,12.16,11.25,9.33,46.731,0.1316,0.3033,-0.1717,13.15,11.18,16.224,2004,1,1,2004-01,False
2004-01-30,ITC,11.81,11.87,11.48,11.59,10582286,-0.369,12.16,11.28,9.35,46.04,0.0915,0.2609,-0.1694,13.15,11.18,16.176,2004,1,1,2004-01,False
2004-02-02,ITC,11.59,11.59,11.59,11.59,0,0.0,12.14,11.32,9.37,46.04,0.0591,0.2206,-0.1615,13.16,11.13,16.716,2004,2,1,2004-02,False
2004-02-03,ITC,11.53,11.84,11.07,11.43,17754646,-1.366,12.13,11.36,9.39,43.305,0.0204,0.1805,-0.1601,13.18,11.08,17.238,2004,2,1,2004-02,False
2004-02-04,ITC,11.43,11.61,11.25,11.32,18270579,-0.93,12.12,11.39,9.41,41.521,-0.0186,0.1407,-0.1593,13.2,11.04,17.839,2004,2,1,2004-02,False
2004-02-05,ITC,11.42,11.42,10.98,11.02,15932009,-2.661,12.06,11.42,9.43,36.882,-0.073,0.098,-0.171,13.24,10.87,19.665,2004,2,1,2004-02,False
2004-02-06,ITC,11.08,11.32,11.01,11.19,19483817,1.564,12.01,11.45,9.45,40.948,-0.1011,0.0581,-0.1592,13.25,10.76,20.684,2004,2,1,2004-02,False
2004-02-09,ITC,11.07,11.41,11.07,11.26,14719239,0.566,11.94,11.47,9.47,42.415,-0.1168,0.0232,-0.14,13.19,10.69,20.974,2004,2,1,2004-02,False
2004-02-10,ITC,11.34,11.48,11.25,11.36,23109977,0.914,11.88,11.5,9.49,44.813,-0.1196,-0.0054,-0.1142,13.14,10.63,21.091,2004,2,1,2004-02,False
2004-02-11,ITC,11.46,11.46,11.26,11.41,16274422,0.463,11.81,11.53,9.51,46.05,-0.1163,-0.0276,-0.0887,13.0,10.63,20.121,2004,2,1,2004-02,False
2004-02-12,ITC,11.36,11.56,11.36,11.42,17525187,0.03,11.74,11.56,9.53,46.134,-0.1121,-0.0445,-0.0676,12.84,10.65,18.682,2004,2,1,2004-02,False
2004-02-13,ITC,11.53,12.0,11.41,11.97,32841208,4.873,11.71,11.59,9.55,57.738,-0.0631,-0.0482,-0.0149,12.72,10.69,17.3,2004,2,1,2004-02,False
2004-02-16,ITC,11.96,12.26,11.95,12.11,15150819,1.11,11.67,11.63,9.57,59.957,-0.0134,-0.0413,0.0278,12.54,10.8,14.926,2004,2,1,2004-02,False
2004-02-17,ITC,12.07,12.33,11.98,12.21,19947269,0.892,11.64,11.66,9.6,61.716,0.0342,-0.0262,0.0604,12.42,10.87,13.36,2004,2,1,2004-02,False
2004-02-18,ITC,12.32,12.32,11.92,12.21,23516882,-0.06,11.63,11.68,9.62,61.518,0.0706,-0.0068,0.0774,12.35,10.91,12.338,2004,2,1,2004-02,False
2004-02-19,ITC,12.21,12.29,12.12,12.2,25428686,-0.079,11.63,11.7,9.64,61.241,0.0976,0.0141,0.0835,12.35,10.91,12.309,2004,2,1,2004-02,False
2004-02-20,ITC,11.6,12.41,11.6,12.34,19800107,1.145,11.66,11.73,9.67,63.791,0.1287,0.037,0.0917,12.45,10.88,13.414,2004,2,1,2004-02,False
2004-02-23,ITC,12.32,12.5,12.21,12.32,16429249,-0.124,11.7,11.75,9.69,63.3,0.1504,0.0597,0.0907,12.53,10.86,14.277,2004,2,1,2004-02,False
2004-02-24,ITC,12.4,12.67,12.12,12.58,24753580,2.069,11.73,11.77,9.71,67.757,0.186,0.0849,0.1011,12.65,10.81,15.67,2004,2,1,2004-02,False
2004-02-25,ITC,12.44,12.55,12.11,12.16,9022149,-3.268,11.77,11.79,9.74,55.96,0.179,0.1038,0.0753,12.7,10.83,15.845,2004,2,1,2004-02,False
2004-02-26,ITC,12.04,12.52,12.04,12.34,16967895,1.459,11.8,11.81,9.76,59.259,0.1857,0.1201,0.0655,12.77,10.84,16.341,2004,2,1,2004-02,False
2004-02-27,ITC,12.37,12.55,12.29,12.44,9052712,0.811,11.84,11.83,9.78,61.032,0.1968,0.1355,0.0613,12.84,10.84,16.877,2004,2,1,2004-02,False
2004-03-01,ITC,12.44,12.96,12.32,12.89,19071257,3.63,11.91,11.87,9.81,67.834,0.2392,0.1562,0.083,13.0,10.81,18.391,2004,3,1,2004-03,False
2004-03-02,ITC,12.89,12.89,12.89,12.89,0,0.0,11.98,11.91,9.84,67.834,0.2698,0.1789,0.0908,13.14,10.83,19.266,2004,3,1,2004-03,False
2004-03-03,ITC,12.89,13.45,12.68,13.28,19108130,3.003,12.08,11.95,9.86,72.591,0.3215,0.2074,0.1141,13.33,10.83,20.649,2004,3,1,2004-03,False
2004-03-04,ITC,13.23,13.32,13.03,13.17,11209818,-0.851,12.19,11.99,9.89,69.365,0.3494,0.2358,0.1135,13.42,10.95,20.233,2004,3,1,2004-03,False
2004-03-05,ITC,13.02,13.34,13.02,13.19,10886051,0.163,12.29,12.04,9.92,69.641,0.3689,0.2624,0.1065,13.5,11.07,19.814,2004,3,1,2004-03,False
2004-03-08,ITC,13.19,13.42,13.12,13.3,8867229,0.819,12.39,12.08,9.95,71.053,0.3886,0.2877,0.101,13.58,11.19,19.3,2004,3,1,2004-03,False
2004-03-09,ITC,13.18,13.34,13.09,13.21,11366467,-0.629,12.48,12.12,9.97,68.399,0.393,0.3087,0.0843,13.63,11.34,18.363,2004,3,1,2004-03,False
2004-03-10,ITC,13.18,13.36,13.0,13.24,12556432,0.231,12.57,12.16,10.0,68.856,0.3944,0.3259,0.0685,13.65,11.5,17.129,2004,3,1,2004-03,False
2004-03-11,ITC,13.16,13.21,12.89,12.98,15886444,-1.989,12.65,12.2,10.03,60.696,0.3699,0.3347,0.0353,13.59,11.71,14.886,2004,3,1,2004-03,False
2004-03-12,ITC,12.95,12.98,12.75,12.83,11377917,-1.198,12.69,12.22,10.06,56.445,0.3342,0.3346,-0.0004,13.58,11.81,13.988,2004,3,1,2004-03,False
2004-03-15,ITC,12.94,12.94,12.34,12.45,11740519,-2.931,12.71,12.23,10.08,47.738,0.2724,0.3221,-0.0498,13.56,11.86,13.411,2004,3,1,2004-03,False
2004-03-16,ITC,12.36,12.44,11.8,12.17,21561850,-2.275,12.71,12.24,10.1,42.427,0.1982,0.2974,-0.0991,13.57,11.85,13.508,2004,3,1,2004-03,False
2004-03-17,ITC,12.21,12.44,11.89,12.34,24436356,1.436,12.72,12.26,10.12,46.388,0.1518,0.2683,-0.1164,13.56,11.87,13.27,2004,3,1,2004-03,False
2004-03-18,ITC,12.32,12.42,12.12,12.28,6850976,-0.495,12.72,12.26,10.14,45.217,0.1089,0.2364,-0.1275,13.55,11.89,13.108,2004,3,1,2004-03,False
2004-03-19,ITC,12.2,12.2,12.0,12.1,10012049,-1.473,12.71,12.25,10.17,41.847,0.0596,0.201,-0.1415,13.57,11.85,13.579,2004,3,1,2004-03,False
2004-03-22,ITC,12.12,12.25,12.02,12.12,13247287,0.21,12.7,12.25,10.19,42.496,0.0223,0.1653,-0.143,13.58,11.81,13.948,2004,3,1,2004-03,False
2004-03-23,ITC,12.04,12.27,12.04,12.2,11357307,0.611,12.68,12.24,10.21,44.44,-0.0013,0.132,-0.1333,13.59,11.77,14.389,2004,3,1,2004-03,False
2004-03-24,ITC,12.26,12.38,12.02,12.06,11180610,-1.098,12.67,12.23,10.23,41.694,-0.0304,0.0995,-0.1299,13.6,11.75,14.599,2004,3,1,2004-03,False
2004-03-25,ITC,12.0,12.28,12.0,12.09,12143078,0.178,12.66,12.21,10.25,42.309,-0.0512,0.0693,-0.1205,13.61,11.71,15.026,2004,3,1,2004-03,False
2004-03-26,ITC,12.23,12.31,11.87,12.11,11037139,0.21,12.65,12.2,10.27,43.076,-0.0649,0.0425,-0.1074,13.62,11.67,15.476,2004,3,1,2004-03,False
2004-03-29,ITC,12.15,12.18,11.96,12.06,4819115,-0.387,12.6,12.18,10.29,41.968,-0.0786,0.0183,-0.0969,13.61,11.6,15.933,2004,3,1,2004-03,False
2004-03-30,ITC,12.13,12.13,11.82,11.88,8862836,-1.56,12.55,12.17,10.31,37.772,-0.1034,-0.0061,-0.0974,13.6,11.51,16.642,2004,3,1,2004-03,False
2004-03-31,ITC,11.65,11.95,11.65,11.79,13533714,-0.7,12.48,12.15,10.32,36.058,-0.1283,-0.0305,-0.0978,13.52,11.44,16.639,2004,3,1,2004-03,False
2004-04-01,ITC,11.9,12.33,11.76,12.24,12084100,3.806,12.43,12.15,10.34,49.411,-0.1106,-0.0465,-0.0641,13.42,11.44,15.93,2004,4,2,2004-04,False
2004-04-02,ITC,12.32,12.41,12.18,12.29,9146225,0.36,12.39,12.17,10.36,50.505,-0.0919,-0.0556,-0.0363,13.31,11.46,14.936,2004,4,2,2004-04,False
2004-04-05,ITC,11.98,12.46,11.98,12.32,8329424,0.299,12.34,12.18,10.38,51.447,-0.0733,-0.0592,-0.0142,13.16,11.52,13.29,2004,4,2,2004-04,False
2004-04-06,ITC,12.32,12.42,12.21,12.26,5901173,-0.505,12.29,12.19,10.4,49.722,-0.0629,-0.0599,-0.003,13.0,11.58,11.537,2004,4,2,2004-04,False
2004-04-07,ITC,12.27,12.45,12.2,12.35,8495467,0.724,12.25,12.2,10.42,52.186,-0.0469,-0.0573,0.0104,12.8,11.69,8.999,2004,4,2,2004-04,False
2004-04-08,ITC,12.22,12.4,11.54,12.32,10040463,-0.211,12.21,12.22,10.44,51.391,-0.0359,-0.053,0.0171,12.65,11.78,7.075,2004,4,2,2004-04,False
2004-04-09,ITC,12.32,12.32,12.32,12.32,0,0.0,12.19,12.23,10.46,51.391,-0.0269,-0.0478,0.0209,12.52,11.86,5.384,2004,4,2,2004-04,False
2004-04-12,ITC,12.38,12.43,12.1,12.16,6178254,-1.312,12.17,12.24,10.48,46.308,-0.0324,-0.0447,0.0123,12.48,11.87,4.998,2004,4,2,2004-04,False
2004-04-13,ITC,12.13,12.37,11.93,12.28,7629503,0.953,12.18,12.26,10.5,50.117,-0.0271,-0.0412,0.0141,12.49,11.87,5.053,2004,4,2,2004-04,False
2004-04-14,ITC,12.28,12.28,12.28,12.28,0,0.0,12.18,12.28,10.51,50.117,-0.0227,-0.0375,0.0148,12.48,11.87,4.959,2004,4,2,2004-04,False
2004-04-15,ITC,12.28,12.44,12.26,12.3,13067738,0.161,12.18,12.31,10.53,50.808,-0.0173,-0.0335,0.0161,12.48,11.87,4.982,2004,4,2,2004-04,False
2004-04-16,ITC,11.99,12.38,11.99,12.29,6662595,-0.083,12.19,12.33,10.55,50.421,-0.0138,-0.0295,0.0157,12.49,11.88,5.002,2004,4,2,2004-04,False
2004-04-19,ITC,12.27,12.37,12.17,12.29,7918033,0.0,12.19,12.35,10.57,50.421,-0.0108,-0.0258,0.0149,12.5,11.89,5.027,2004,4,2,2004-04,False
2004-04-20,ITC,12.32,12.32,12.1,12.17,5210879,-0.989,12.19,12.36,10.59,45.61,-0.0181,-0.0243,0.0061,12.5,11.89,5.032,2004,4,2,2004-04,False
2004-04-21,ITC,12.15,12.3,12.05,12.2,10555087,0.288,12.2,12.38,10.61,47.175,-0.0208,-0.0236,0.0028,12.5,11.9,4.931,2004,4,2,2004-04,False
2004-04-22,ITC,12.38,12.38,12.1,12.21,4999038,0.102,12.21,12.4,10.63,47.75,-0.0217,-0.0232,0.0015,12.5,11.91,4.85,2004,4,2,2004-04,False
2004-04-23,ITC,12.09,12.34,12.05,12.22,9013783,0.037,12.21,12.4,10.65,47.972,-0.0218,-0.0229,0.0011,12.5,11.92,4.792,2004,4,2,2004-04,False
2004-04-27,ITC,11.56,12.32,11.56,11.95,21148590,-2.165,12.21,12.4,10.66,37.856,-0.0427,-0.0269,-0.0158,12.51,11.9,5.05,2004,4,2,2004-04,False
2004-04-28,ITC,11.89,12.21,11.76,11.96,13825188,0.066,12.21,12.39,10.68,38.275,-0.058,-0.0331,-0.0249,12.5,11.92,4.766,2004,4,2,2004-04,False
2004-04-29,ITC,11.87,12.27,11.76,12.05,15730403,0.775,12.22,12.39,10.7,43.117,-0.0619,-0.0388,-0.023,12.45,11.99,3.749,2004,4,2,2004-04,False
2004-04-30,ITC,11.76,12.38,11.76,12.17,7233253,0.98,12.22,12.39,10.72,48.646,-0.0548,-0.042,-0.0128,12.45,11.99,3.765,2004,4,2,2004-04,False
2004-05-03,ITC,12.12,12.29,11.89,12.13,11991289,-0.339,12.21,12.38,10.74,46.93,-0.0519,-0.044,-0.0079,12.44,11.98,3.785,2004,5,2,2004-05,False
2004-05-04,ITC,12.1,12.14,11.93,12.01,12186259,-0.983,12.2,12.38,10.76,42.287,-0.0586,-0.0469,-0.0117,12.44,11.95,3.958,2004,5,2,2004-05,False
2004-05-05,ITC,12.0,12.05,11.91,11.95,21407070,-0.518,12.18,12.37,10.78,40.062,-0.0681,-0.0512,-0.017,12.44,11.92,4.319,2004,5,2,2004-05,False
2004-05-06,ITC,12.05,12.05,11.81,11.84,27479801,-0.946,12.15,12.36,10.8,36.32,-0.0838,-0.0577,-0.0261,12.45,11.86,4.809,2004,5,2,2004-05,False
2004-05-07,ITC,11.7,11.82,11.53,11.64,10697670,-1.629,12.12,12.35,10.81,31.003,-0.1106,-0.0683,-0.0423,12.48,11.76,5.942,2004,5,2,2004-05,False
2004-05-10,ITC,11.31,11.64,11.14,11.3,14248029,-2.952,12.07,12.32,10.83,24.2,-0.1576,-0.0861,-0.0715,12.57,11.57,8.319,2004,5,2,2004-05,False
2004-05-11,ITC,11.08,11.25,10.48,10.57,22823176,-6.484,11.99,12.28,10.84,16.094,-0.2512,-0.1192,-0.132,12.83,11.15,13.945,2004,5,2,2004-05,False
2004-05-12,ITC,10.46,10.71,10.38,10.55,15093991,-0.155,11.9,12.23,10.85,15.965,-0.3229,-0.1599,-0.163,12.95,10.86,17.512,2004,5,2,2004-05,False
2004-05-13,ITC,10.42,10.98,9.9,10.77,17723756,2.063,11.83,12.18,10.86,24.597,-0.3581,-0.1995,-0.1585,12.97,10.69,19.311,2004,5,2,2004-05,False
2004-05-14,ITC,10.85,11.01,10.17,10.36,22654049,-3.754,11.73,12.12,10.87,20.405,-0.4138,-0.2424,-0.1714,13.02,10.44,22.031,2004,5,2,2004-05,False
2004-05-17,ITC,10.34,10.41,9.18,9.35,13794485,-9.758,11.58,12.05,10.88,13.984,-0.5334,-0.3006,-0.2328,13.23,9.94,28.397,2004,5,2,2004-05,False
2004-05-18,ITC,9.61,11.05,9.33,10.24,15943178,9.501,11.48,11.99,10.89,33.722,-0.5501,-0.3505,-0.1996,13.2,9.77,29.854,2004,5,2,2004-05,False
2004-05-19,ITC,10.46,10.65,9.5,10.16,12360199,-0.756,11.38,11.92,10.89,33.011,-0.5632,-0.393,-0.1701,13.16,9.6,31.251,2004,5,2,2004-05,False
2004-05-20,ITC,9.89,10.18,9.78,10.04,12852860,-1.246,11.27,11.86,10.9,31.829,-0.5771,-0.4298,-0.1472,13.11,9.44,32.488,2004,5,2,2004-05,False
2004-05-21,ITC,9.89,10.19,9.84,10.14,11646866,1.07,11.17,11.8,10.91,33.988,-0.5728,-0.4584,-0.1144,13.01,9.33,32.974,2004,5,2,2004-05,False
2004-05-24,ITC,10.22,10.47,10.14,10.39,11152476,2.429,11.08,11.75,10.92,38.778,-0.5433,-0.4754,-0.0679,12.88,9.28,32.564,2004,5,2,2004-05,False
2004-05-25,ITC,10.32,10.51,9.8,10.45,13889259,0.539,11.0,11.71,10.92,39.845,-0.5095,-0.4822,-0.0273,12.78,9.23,32.277,2004,5,2,2004-05,False
2004-05-26,ITC,10.21,10.44,9.95,10.06,13036614,-3.701,10.91,11.67,10.93,35.27,-0.508,-0.4874,-0.0207,12.67,9.15,32.335,2004,5,2,2004-05,False
2004-05-27,ITC,9.94,10.41,9.89,10.35,24552815,2.838,10.82,11.63,10.94,40.685,-0.4784,-0.4856,0.0072,12.52,9.13,31.309,2004,5,2,2004-05,False
2004-05-28,ITC,10.28,10.34,9.85,9.95,16191658,-3.786,10.71,11.59,10.95,36.208,-0.4809,-0.4846,0.0037,12.32,9.1,30.079,2004,5,2,2004-05,False
2004-05-31,ITC,9.76,10.0,9.27,9.93,19960495,-0.278,10.6,11.54,10.95,35.908,-0.4796,-0.4836,0.004,12.1,9.1,28.307,2004,5,2,2004-05,False
2004-06-01,ITC,10.06,10.36,10.06,10.21,34556873,2.842,10.51,11.5,10.96,41.26,-0.4506,-0.477,0.0264,11.87,9.16,25.755,2004,6,2,2004-06,False
2004-06-02,ITC,10.28,10.31,9.89,10.19,14811677,-0.21,10.42,11.46,10.96,40.98,-0.4245,-0.4665,0.042,11.6,9.25,22.602,2004,6,2,2004-06,False
2004-06-03,ITC,10.29,10.29,9.73,9.92,18973866,-2.641,10.33,11.42,10.97,37.535,-0.4207,-0.4574,0.0367,11.32,9.34,19.205,2004,6,2,2004-06,False
2004-06-04,ITC,9.88,10.06,9.78,9.91,18360868,-0.131,10.24,11.38,10.97,37.372,-0.4139,-0.4487,0.0348,11.03,9.45,15.448,2004,6,2,2004-06,False
2004-06-07,ITC,10.12,10.2,9.92,10.06,19051630,1.564,10.18,11.34,10.97,40.686,-0.3915,-0.4372,0.0457,10.8,9.56,12.126,2004,6,2,2004-06,False
2004-06-08,ITC,11.29,11.29,9.9,10.11,6539781,0.466,10.16,11.3,10.98,41.692,-0.3658,-0.423,0.0571,10.75,9.57,11.621,2004,6,2,2004-06,False
2004-06-09,ITC,10.46,10.46,9.98,10.1,6425565,-0.106,10.13,11.26,10.98,41.518,-0.3423,-0.4068,0.0645,10.69,9.57,11.062,2004,6,2,2004-06,False
2004-06-10,ITC,10.1,10.2,10.03,10.14,8637255,0.448,10.1,11.23,10.98,42.603,-0.3164,-0.3888,0.0723,10.58,9.63,9.398,2004,6,2,2004-06,False
2004-06-11,ITC,10.18,10.2,9.96,10.06,7623614,-0.825,10.09,11.19,10.99,41.085,-0.2992,-0.3708,0.0716,10.55,9.63,9.095,2004,6,2,2004-06,False
2004-06-14,ITC,10.04,10.12,9.84,9.92,9236607,-1.383,10.12,11.14,10.99,38.623,-0.2934,-0.3554,0.062,10.43,9.8,6.235,2004,6,2,2004-06,False
2004-06-15,ITC,9.84,10.05,9.84,9.99,5691996,0.707,10.1,11.09,10.99,40.557,-0.2799,-0.3403,0.0604,10.42,9.79,6.224,2004,6,2,2004-06,False
2004-06-16,ITC,10.04,10.07,9.91,10.0,5935756,0.158,10.09,11.05,10.99,41.009,-0.2649,-0.3252,0.0603,10.41,9.78,6.26,2004,6,2,2004-06,False
2004-06-17,ITC,10.0,10.18,9.96,10.08,5944448,0.763,10.1,11.0,11.0,43.249,-0.244,-0.309,0.0649,10.41,9.78,6.237,2004,6,2,2004-06,False
2004-06-18,ITC,10.01,10.16,9.75,9.8,10243424,-2.776,10.08,10.95,11.0,37.608,-0.2472,-0.2966,0.0494,10.42,9.74,6.755,2004,6,2,2004-06,False
2004-06-21,ITC,9.78,9.82,9.55,9.7,6506694,-0.986,10.05,10.9,11.0,35.868,-0.2546,-0.2882,0.0336,10.39,9.7,6.904,2004,6,2,2004-06,False
2004-06-22,ITC,9.7,9.81,9.34,9.73,7856953,0.268,10.01,10.85,11.01,36.716,-0.2554,-0.2817,0.0262,10.33,9.69,6.376,2004,6,2,2004-06,False
2004-06-23,ITC,9.72,9.75,9.36,9.58,14397528,-1.569,9.99,10.8,11.01,33.883,-0.2653,-0.2784,0.0131,10.36,9.61,7.444,2004,6,2,2004-06,False
2004-06-24,ITC,9.6,9.78,9.55,9.73,22522963,1.617,9.95,10.74,11.01,39.025,-0.2577,-0.2742,0.0166,10.3,9.61,6.969,2004,6,2,2004-06,False
2004-06-25,ITC,9.7,9.95,9.63,9.8,8856947,0.726,9.95,10.69,11.02,41.27,-0.2432,-0.268,0.0249,10.3,9.59,7.107,2004,6,2,2004-06,False
2004-06-28,ITC,9.85,9.93,9.72,9.85,7516315,0.479,9.94,10.65,11.02,42.776,-0.2252,-0.2595,0.0342,10.3,9.59,7.162,2004,6,2,2004-06,False
2004-06-29,ITC,9.84,10.0,9.73,9.91,7299848,0.643,9.93,10.6,11.03,44.832,-0.2036,-0.2483,0.0447,10.26,9.6,6.72,2004,6,2,2004-06,False
2004-06-30,ITC,9.94,10.11,9.84,10.03,8899942,1.146,9.92,10.56,11.03,48.414,-0.1752,-0.2337,0.0584,10.24,9.61,6.343,2004,6,2,2004-06,False
2004-07-01,ITC,10.01,10.16,9.96,10.03,11504096,-0.017,9.93,10.51,11.04,48.363,-0.1512,-0.2172,0.066,10.24,9.61,6.409,2004,7,3,2004-07,False
2004-07-02,ITC,10.05,10.38,10.01,10.28,10856843,2.515,9.94,10.47,11.04,55.749,-0.1105,-0.1958,0.0854,10.3,9.59,7.128,2004,7,3,2004-07,False
2004-07-05,ITC,10.2,10.4,10.2,10.35,6659838,0.743,9.96,10.44,11.05,57.72,-0.0713,-0.1709,0.0997,10.36,9.56,7.96,2004,7,3,2004-07,False
2004-07-06,ITC,10.39,10.7,10.24,10.6,10415168,2.402,9.98,10.41,11.06,63.437,-0.0199,-0.1407,0.1208,10.47,9.5,9.752,2004,7,3,2004-07,False
2004-07-07,ITC,10.67,11.1,10.57,10.91,23883690,2.943,10.03,10.39,11.06,69.085,0.0455,-0.1035,0.149,10.67,9.39,12.767,2004,7,3,2004-07,False
2004-07-08,ITC,10.85,11.64,10.85,11.06,31351077,1.367,10.07,10.37,11.07,71.364,0.1081,-0.0612,0.1693,10.86,9.28,15.697,2004,7,3,2004-07,False
2004-07-09,ITC,10.69,11.94,10.69,11.89,34001356,7.444,10.16,10.36,11.09,80.086,0.2216,-0.0046,0.2262,11.3,9.03,22.298,2004,7,3,2004-07,False
2004-07-12,ITC,11.89,12.03,11.7,11.91,16011876,0.228,10.26,10.36,11.1,80.299,0.3102,0.0584,0.2519,11.63,8.89,26.688,2004,7,3,2004-07,False
2004-07-13,ITC,11.93,12.02,11.65,11.81,8852227,-0.868,10.35,10.35,11.11,76.923,0.3678,0.1203,0.2476,11.88,8.83,29.482,2004,7,3,2004-07,False
2004-07-14,ITC,11.98,11.98,11.34,11.39,12893798,-3.561,10.42,10.34,11.12,64.962,0.3752,0.1713,0.204,12.01,8.84,30.398,2004,7,3,2004-07,False
2004-07-15,ITC,11.22,11.7,11.19,11.24,19396099,-1.32,10.48,10.33,11.13,61.293,0.3648,0.21,0.1548,12.1,8.87,30.837,2004,7,3,2004-07,False
2004-07-16,ITC,11.24,11.62,11.24,11.58,15276437,3.048,10.57,10.33,11.14,66.004,0.3797,0.2439,0.1358,12.22,8.92,31.299,2004,7,3,2004-07,False
2004-07-19,ITC,11.71,11.87,11.55,11.73,10496624,1.237,10.67,10.34,11.15,67.772,0.3986,0.2748,0.1237,12.35,8.99,31.455,2004,7,3,2004-07,False
2004-07-20,ITC,11.77,11.77,11.46,11.49,11115884,-2.008,10.76,10.36,11.15,62.064,0.39,0.2979,0.0921,12.41,9.1,30.764,2004,7,3,2004-07,False
2004-07-21,ITC,11.49,11.54,11.37,11.46,15395560,-0.246,10.85,10.38,11.16,61.396,0.3766,0.3136,0.063,12.44,9.27,29.205,2004,7,3,2004-07,False
2004-07-22,ITC,11.59,11.59,11.31,11.36,10466154,-0.851,10.94,10.39,11.17,59.033,0.354,0.3217,0.0323,12.44,9.43,27.582,2004,7,3,2004-07,False
2004-07-23,ITC,11.34,11.66,11.32,11.56,16439904,1.675,11.02,10.41,11.18,62.1,0.3475,0.3268,0.0206,12.46,9.59,25.999,2004,7,3,2004-07,False
2004-07-26,ITC,11.54,12.17,11.48,12.14,22460808,5.068,11.14,10.47,11.19,69.631,0.3851,0.3385,0.0466,12.54,9.73,25.216,2004,7,3,2004-07,False
2004-07-27,ITC,12.14,12.17,12.03,12.13,18223613,-0.105,11.25,10.5,11.2,69.309,0.4092,0.3526,0.0566,12.59,9.9,23.932,2004,7,3,2004-07,False
2004-07-28,ITC,12.04,12.11,11.91,11.95,13666763,-1.489,11.34,10.54,11.21,64.73,0.409,0.3639,0.0451,12.59,10.09,22.034,2004,7,3,2004-07,False
2004-07-29,ITC,11.93,12.14,11.71,12.08,16810918,1.101,11.45,10.58,11.22,66.468,0.4147,0.3741,0.0406,12.57,10.32,19.654,2004,7,3,2004-07,False
2004-07-30,ITC,12.14,12.14,11.82,11.97,15525478,-0.865,11.53,10.62,11.23,63.782,0.4061,0.3805,0.0256,12.53,10.53,17.395,2004,7,3,2004-07,False
2004-08-02,ITC,11.97,11.98,11.83,11.93,6203022,-0.4,11.61,10.65,11.24,62.533,0.3909,0.3825,0.0083,12.46,10.76,14.624,2004,8,3,2004-08,False
2004-08-03,ITC,11.94,12.0,11.61,11.69,23081564,-2.008,11.66,10.67,11.25,56.572,0.3554,0.3771,-0.0217,12.37,10.96,12.073,2004,8,3,2004-08,False
2004-08-04,ITC,11.71,12.01,11.66,11.97,13439500,2.384,11.72,10.71,11.26,61.207,0.3458,0.3708,-0.025,12.34,11.1,10.59,2004,8,3,2004-08,False
2004-08-05,ITC,12.0,12.12,11.97,12.08,12984600,0.935,11.77,10.75,11.27,62.919,0.3433,0.3653,-0.0221,12.33,11.21,9.489,2004,8,3,2004-08,False
2004-08-06,ITC,12.06,12.12,11.87,12.07,7922519,-0.048,11.78,10.79,11.29,62.765,0.3369,0.3597,-0.0227,12.35,11.2,9.724,2004,8,3,2004-08,False
2004-08-09,ITC,12.06,12.12,11.97,12.09,7407287,0.124,11.79,10.83,11.3,63.018,0.3293,0.3536,-0.0243,12.37,11.2,9.95,2004,8,3,2004-08,False
2004-08-10,ITC,12.03,12.12,11.94,12.0,5321169,-0.706,11.8,10.87,11.31,60.498,0.3128,0.3454,-0.0327,12.39,11.2,10.076,2004,8,3,2004-08,False
2004-08-11,ITC,11.93,12.2,11.83,12.07,12960159,0.577,11.83,10.9,11.32,61.831,0.3018,0.3367,-0.0349,12.4,11.25,9.71,2004,8,3,2004-08,False
2004-08-12,ITC,12.07,12.07,11.94,12.01,4873092,-0.473,11.87,10.95,11.33,60.031,0.2852,0.3264,-0.0412,12.38,11.36,8.555,2004,8,3,2004-08,False
2004-08-13,ITC,12.0,12.0,11.67,11.76,11678317,-2.104,11.88,10.98,11.34,52.72,0.2487,0.3108,-0.0621,12.37,11.38,8.295,2004,8,3,2004-08,False
2004-08-16,ITC,11.83,12.0,11.68,11.97,7772132,1.776,11.89,11.02,11.35,57.344,0.234,0.2955,-0.0615,12.38,11.4,8.225,2004,8,3,2004-08,False
2004-08-17,ITC,11.98,12.0,11.54,11.76,10354509,-1.793,11.9,11.06,11.36,51.743,0.2027,0.2769,-0.0742,12.36,11.45,7.676,2004,8,3,2004-08,False
2004-08-18,ITC,11.77,11.81,11.54,11.61,10775948,-1.252,11.91,11.09,11.37,48.264,0.1641,0.2544,-0.0902,12.34,11.48,7.24,2004,8,3,2004-08,False
2004-08-19,ITC,11.71,11.98,11.66,11.93,12010543,2.774,11.94,11.12,11.38,55.341,0.1577,0.235,-0.0773,12.28,11.59,5.807,2004,8,3,2004-08,False
2004-08-20,ITC,11.86,11.94,11.72,11.83,5972441,-0.871,11.95,11.16,11.39,52.83,0.1426,0.2165,-0.0739,12.25,11.65,5.053,2004,8,3,2004-08,False
2004-08-23,ITC,11.89,11.91,11.66,11.73,4685272,-0.834,11.93,11.19,11.4,50.487,0.1213,0.1975,-0.0762,12.23,11.63,5.094,2004,8,3,2004-08,False
2004-08-24,ITC,11.76,11.91,11.71,11.88,4728593,1.284,11.92,11.23,11.41,53.852,0.1152,0.181,-0.0658,12.21,11.63,4.865,2004,8,3,2004-08,False
2004-08-25,ITC,11.99,12.01,11.89,11.93,4404219,0.447,11.92,11.27,11.42,55.012,0.1133,0.1675,-0.0541,12.21,11.63,4.861,2004,8,3,2004-08,False
2004-08-26,ITC,12.12,12.12,11.97,12.04,13914075,0.919,11.92,11.31,11.43,57.395,0.1194,0.1579,-0.0385,12.2,11.63,4.795,2004,8,3,2004-08,False
2004-08-27,ITC,12.02,12.09,11.8,11.82,5641057,-1.845,11.91,11.35,11.44,51.448,0.105,0.1473,-0.0423,12.2,11.62,4.826,2004,8,3,2004-08,False
2004-08-30,ITC,11.9,12.06,11.88,12.01,7361535,1.64,11.91,11.39,11.45,55.757,0.108,0.1394,-0.0314,12.2,11.62,4.887,2004,8,3,2004-08,False
2004-08-31,ITC,11.95,12.11,11.92,12.08,9103651,0.557,11.93,11.44,11.46,57.17,0.1145,0.1344,-0.02,12.21,11.65,4.694,2004,8,3,2004-08,False
2004-09-01,ITC,12.12,12.23,12.01,12.09,10687062,0.053,11.94,11.49,11.48,57.309,0.1187,0.1313,-0.0126,12.23,11.65,4.828,2004,9,3,2004-09,False
2004-09-02,ITC,12.08,12.08,11.94,11.99,6153064,-0.835,11.93,11.54,11.49,54.285,0.1127,0.1276,-0.0149,12.21,11.65,4.719,2004,9,3,2004-09,False
2004-09-03,ITC,12.0,12.02,11.87,11.99,10358995,0.005,11.93,11.58,11.5,54.3,0.1067,0.1234,-0.0167,12.2,11.65,4.613,2004,9,3,2004-09,False
2004-09-06,ITC,11.98,12.0,11.91,11.95,8976958,-0.323,11.92,11.62,11.51,53.058,0.0977,0.1182,-0.0206,12.19,11.66,4.447,2004,9,3,2004-09,False
2004-09-07,ITC,12.0,12.08,11.79,12.03,11160047,0.671,11.92,11.66,11.52,55.341,0.0959,0.1138,-0.0179,12.19,11.66,4.478,2004,9,3,2004-09,False
2004-09-08,ITC,12.06,12.08,11.89,12.03,7227785,0.053,11.92,11.7,11.53,55.525,0.0939,0.1098,-0.0159,12.18,11.66,4.413,2004,9,3,2004-09,False
2004-09-09,ITC,12.05,12.67,11.95,12.46,63275335,3.553,11.94,11.75,11.54,65.775,0.1254,0.1129,0.0125,12.3,11.59,5.96,2004,9,3,2004-09,False
2004-09-10,ITC,12.35,12.86,12.35,12.76,63254258,2.398,11.99,11.8,11.56,70.835,0.1725,0.1249,0.0477,12.49,11.49,8.331,2004,9,3,2004-09,False
2004-09-13,ITC,12.81,12.86,12.64,12.73,15088664,-0.244,12.03,11.85,11.57,69.678,0.205,0.1409,0.0641,12.63,11.43,9.937,2004,9,3,2004-09,False
2004-09-14,ITC,12.71,12.71,12.41,12.54,9969989,-1.496,12.07,11.89,11.58,62.918,0.2129,0.1553,0.0576,12.69,11.45,10.334,2004,9,3,2004-09,False
2004-09-15,ITC,12.61,12.67,12.5,12.59,8771239,0.391,12.12,11.92,11.59,63.89,0.2205,0.1683,0.0522,12.74,11.49,10.309,2004,9,3,2004-09,False
2004-09-16,ITC,12.56,13.26,12.56,13.18,33939201,4.726,12.18,11.97,11.6,73.099,0.2715,0.189,0.0825,12.96,11.4,12.76,2004,9,3,2004-09,False
2004-09-17,ITC,13.22,13.66,13.07,13.56,36963907,2.854,12.27,12.0,11.61,77.08,0.3383,0.2188,0.1195,13.24,11.3,15.846,2004,9,3,2004-09,False
2004-09-20,ITC,13.52,13.82,13.5,13.66,25705159,0.736,12.37,12.03,11.63,78.01,0.3948,0.254,0.1408,13.48,11.25,18.088,2004,9,3,2004-09,False
2004-09-21,ITC,13.65,13.75,13.53,13.59,18918020,-0.477,12.45,12.07,11.64,75.845,0.4293,0.2891,0.1402,13.67,11.23,19.59,2004,9,3,2004-09,False
2004-09-22,ITC,13.55,13.62,13.37,13.46,17796426,-1.002,12.53,12.11,11.65,71.39,0.4406,0.3194,0.1212,13.8,11.25,20.315,2004,9,3,2004-09,False
2004-09-23,ITC,13.42,13.48,13.28,13.39,16949762,-0.506,12.59,12.15,11.66,69.201,0.4391,0.3433,0.0957,13.9,11.29,20.745,2004,9,3,2004-09,False
2004-09-24,ITC,13.3,13.57,13.25,13.3,16547671,-0.69,12.67,12.19,11.67,66.236,0.4254,0.3597,0.0657,13.96,11.38,20.345,2004,9,3,2004-09,False
2004-09-27,ITC,13.27,13.35,12.99,13.14,13528994,-1.159,12.72,12.22,11.68,61.5,0.3976,0.3673,0.0303,13.99,11.46,19.907,2004,9,3,2004-09,False
2004-09-28,ITC,13.05,13.27,12.98,13.02,9937650,-0.948,12.77,12.25,11.69,57.893,0.3614,0.3661,-0.0048,14.01,11.54,19.34,2004,9,3,2004-09,False
2004-09-29,ITC,13.04,13.19,12.83,13.13,19286370,0.851,12.82,12.28,11.7,60.131,0.3377,0.3604,-0.0228,14.02,11.62,18.726,2004,9,3,2004-09,False
2004-09-30,ITC,13.27,13.27,13.05,13.12,21039094,-0.048,12.88,12.32,11.71,59.935,0.3148,0.3513,-0.0365,14.02,11.74,17.695,2004,9,3,2004-09,False
2004-10-01,ITC,13.21,13.37,12.95,13.02,27528076,-0.756,12.93,12.34,11.72,56.808,0.2853,0.3381,-0.0528,13.99,11.87,16.388,2004,10,4,2004-10,False
2004-10-04,ITC,13.13,13.27,13.1,13.22,27642292,1.524,13.0,12.37,11.73,61.171,0.2748,0.3255,-0.0506,13.96,12.04,14.752,2004,10,4,2004-10,False
2004-10-05,ITC,13.21,13.44,13.1,13.23,14766299,0.031,13.06,12.39,11.74,61.257,0.2638,0.3131,-0.0493,13.9,12.21,12.972,2004,10,4,2004-10,False
2004-10-06,ITC,13.25,13.3,12.97,13.0,11919226,-1.71,13.1,12.41,11.75,54.056,0.2341,0.2973,-0.0632,13.8,12.41,10.66,2004,10,4,2004-10,False
2004-10-07,ITC,13.04,13.07,12.87,12.93,13550444,-0.502,13.13,12.43,11.76,52.153,0.203,0.2784,-0.0755,13.76,12.49,9.688,2004,10,4,2004-10,False
2004-10-08,ITC,12.98,13.1,12.8,12.89,18966622,-0.312,13.14,12.44,11.77,50.956,0.173,0.2574,-0.0843,13.76,12.51,9.475,2004,10,4,2004-10,False
2004-10-11,ITC,12.91,12.92,12.75,12.81,14618249,-0.635,13.14,12.46,11.77,48.523,0.1411,0.2341,-0.093,13.75,12.53,9.314,2004,10,4,2004-10,False
2004-10-12,ITC,12.91,12.91,12.69,12.77,9516117,-0.347,13.15,12.48,11.78,47.207,0.1109,0.2095,-0.0986,13.72,12.58,8.696,2004,10,4,2004-10,False
2004-10-14,ITC,12.75,12.98,12.69,12.9,19288052,1.044,13.17,12.5,11.78,51.461,0.0966,0.1869,-0.0903,13.69,12.64,7.927,2004,10,4,2004-10,False
2004-10-15,ITC,12.97,13.06,12.87,12.9,9840912,0.0,13.15,12.52,11.79,51.461,0.0843,0.1664,-0.0821,13.69,12.62,8.136,2004,10,4,2004-10,False
2004-10-18,ITC,12.92,12.98,12.69,12.73,10613270,-1.315,13.11,12.53,11.79,45.991,0.0602,0.1451,-0.0849,13.64,12.58,8.095,2004,10,4,2004-10,False
2004-10-19,ITC,12.81,12.83,12.52,12.68,14326868,-0.381,13.06,12.54,11.79,44.535,0.0367,0.1235,-0.0867,13.56,12.57,7.61,2004,10,4,2004-10,False
2004-10-20,ITC,12.71,12.75,12.46,12.59,18411480,-0.769,13.01,12.56,11.79,41.676,0.0102,0.1008,-0.0906,13.49,12.54,7.288,2004,10,4,2004-10,False
2004-10-21,ITC,12.61,12.61,12.47,12.51,8984248,-0.559,12.96,12.56,11.79,39.694,-0.0164,0.0774,-0.0937,13.44,12.49,7.328,2004,10,4,2004-10,False
2004-10-22,ITC,12.51,12.51,12.51,12.51,0,0.0,12.92,12.57,11.79,39.694,-0.037,0.0545,-0.0915,13.39,12.45,7.298,2004,10,4,2004-10,False
2004-10-25,ITC,12.49,12.53,12.3,12.46,7337281,-0.415,12.88,12.59,11.79,38.143,-0.0569,0.0322,-0.0891,13.36,12.4,7.437,2004,10,4,2004-10,False
2004-10-26,ITC,12.49,12.64,12.46,12.56,13612459,0.81,12.85,12.6,11.79,42.823,-0.0637,0.013,-0.0768,13.33,12.37,7.499,2004,10,4,2004-10,False
2004-10-27,ITC,12.55,12.59,12.41,12.53,10240247,-0.294,12.83,12.62,11.79,41.583,-0.0713,-0.0038,-0.0675,13.32,12.33,7.729,2004,10,4,2004-10,False
2004-10-28,ITC,12.69,12.69,12.47,12.54,27039809,0.064,12.8,12.63,11.79,41.979,-0.0758,-0.0182,-0.0576,13.29,12.31,7.664,2004,10,4,2004-10,False
2004-10-29,ITC,12.62,12.62,12.44,12.55,13013481,0.133,12.77,12.65,11.79,42.842,-0.0771,-0.03,-0.0471,13.24,12.29,7.465,2004,10,4,2004-10,False
2004-11-01,ITC,12.64,12.67,12.46,12.53,13524508,-0.152,12.74,12.66,11.79,42.075,-0.0788,-0.0398,-0.039,13.21,12.27,7.402,2004,11,4,2004-11,False
2004-11-02,ITC,12.58,13.04,12.58,12.99,30473803,3.632,12.73,12.69,11.8,60.353,-0.0429,-0.0404,-0.0025,13.16,12.3,6.779,2004,11,4,2004-11,False
2004-11-03,ITC,13.02,13.16,12.95,13.11,20307394,0.946,12.73,12.71,11.8,63.685,-0.0045,-0.0332,0.0287,13.13,12.32,6.383,2004,11,4,2004-11,False
2004-11-04,ITC,13.13,13.18,12.87,12.93,10555742,-1.386,12.72,12.73,11.81,56.168,0.0111,-0.0244,0.0355,13.12,12.32,6.246,2004,11,4,2004-11,False
2004-11-05,ITC,13.05,13.19,13.0,13.02,10976246,0.705,12.73,12.75,11.82,58.795,0.0306,-0.0134,0.0439,13.13,12.32,6.422,2004,11,4,2004-11,False
2004-11-08,ITC,12.98,13.12,12.95,12.98,8096834,-0.275,12.73,12.77,11.82,57.343,0.0426,-0.0022,0.0447,13.15,12.31,6.573,2004,11,4,2004-11,False
2004-11-09,ITC,12.96,13.22,12.96,13.03,11058543,0.316,12.74,12.79,11.83,58.604,0.0548,0.0092,0.0455,13.18,12.3,6.868,2004,11,4,2004-11,False
2004-11-10,ITC,13.07,13.25,13.02,13.19,14420381,1.258,12.76,12.82,11.84,63.28,0.0767,0.0227,0.054,13.24,12.28,7.543,2004,11,4,2004-11,False
2004-11-11,ITC,13.21,13.31,13.18,13.25,14505996,0.468,12.78,12.84,11.85,64.89,0.098,0.0378,0.0603,13.31,12.25,8.23,2004,11,4,2004-11,False
2004-11-12,ITC,13.27,13.34,13.21,13.25,2160937,-0.022,12.8,12.86,11.86,64.747,0.1134,0.0529,0.0605,13.36,12.23,8.818,2004,11,4,2004-11,False
2004-11-15,ITC,13.25,13.25,13.25,13.25,0,0.0,12.82,12.89,11.87,64.747,0.1241,0.0671,0.0569,13.42,12.23,9.324,2004,11,4,2004-11,False
2004-11-16,ITC,13.31,13.41,13.21,13.27,16894617,0.148,12.85,12.92,11.88,65.348,0.1326,0.0802,0.0524,13.48,12.23,9.733,2004,11,4,2004-11,False
2004-11-17,ITC,12.23,13.32,12.23,13.13,11420678,-1.035,12.88,12.94,11.89,57.902,0.1269,0.0896,0.0373,13.5,12.26,9.689,2004,11,4,2004-11,False
2004-11-18,ITC,13.13,13.16,12.95,13.03,11275151,-0.747,12.91,12.96,11.9,53.236,0.1131,0.0943,0.0188,13.51,12.3,9.342,2004,11,4,2004-11,False
2004-11-19,ITC,13.12,13.32,13.04,13.19,16447849,1.178,12.94,12.97,11.9,58.827,0.1132,0.0981,0.0152,13.52,12.35,9.052,2004,11,4,2004-11,False
2004-11-22,ITC,12.87,13.32,12.87,13.26,14335981,0.573,12.98,12.98,11.91,61.282,0.1181,0.1021,0.016,13.54,12.42,8.585,2004,11,4,2004-11,False
2004-11-23,ITC,13.29,13.8,13.29,13.75,34130620,3.703,13.04,13.0,11.92,72.679,0.1597,0.1136,0.0461,13.66,12.42,9.519,2004,11,4,2004-11,False
2004-11-24,ITC,13.79,14.63,13.79,14.47,48521606,5.244,13.14,13.04,11.93,81.359,0.248,0.1405,0.1076,13.99,12.29,12.952,2004,11,4,2004-11,False
2004-11-25,ITC,14.48,14.82,14.39,14.7,38403239,1.547,13.24,13.08,11.95,83.149,0.3323,0.1788,0.1534,14.3,12.19,15.923,2004,11,4,2004-11,False
2004-11-26,ITC,14.7,14.7,14.7,14.7,0,0.0,13.35,13.11,11.96,83.149,0.3945,0.222,0.1725,14.54,12.17,17.77,2004,11,4,2004-11,False
2004-11-29,ITC,14.66,15.06,14.61,14.9,25825917,1.37,13.47,13.14,11.97,84.683,0.4548,0.2685,0.1863,14.78,12.16,19.425,2004,11,4,2004-11,False
2004-11-30,ITC,15.12,15.17,14.63,14.87,29684388,-0.178,13.56,13.17,11.99,83.603,0.4947,0.3138,0.181,14.99,12.14,21.057,2004,11,4,2004-11,False
2004-12-01,ITC,14.83,15.19,14.66,14.88,34516355,0.066,13.65,13.19,12.0,83.685,0.5212,0.3553,0.1659,15.18,12.13,22.357,2004,12,4,2004-12,False
2004-12-02,ITC,15.0,15.0,14.7,14.83,26666178,-0.333,13.75,13.22,12.01,81.444,0.532,0.3906,0.1414,15.32,12.17,22.883,2004,12,4,2004-12,False
2004-12-03,ITC,14.86,15.12,14.67,14.78,18990316,-0.362,13.84,13.25,12.02,78.981,0.5301,0.4185,0.1116,15.43,12.24,23.102,2004,12,4,2004-12,False
2004-12-06,ITC,14.71,14.83,14.54,14.61,17571686,-1.171,13.92,13.27,12.03,71.47,0.5088,0.4366,0.0723,15.5,12.34,22.718,2004,12,4,2004-12,False
2004-12-07,ITC,14.63,14.84,14.54,14.72,12917398,0.77,14.0,13.3,12.05,73.251,0.4953,0.4483,0.047,15.56,12.44,22.298,2004,12,4,2004-12,False
2004-12-08,ITC,14.82,14.83,14.5,14.61,11647333,-0.713,14.07,13.34,12.05,68.927,0.4707,0.4528,0.0179,15.61,12.54,21.812,2004,12,4,2004-12,False
2004-12-09,ITC,14.54,14.83,14.53,14.74,10942131,0.869,14.15,13.37,12.06,71.144,0.4562,0.4535,0.0027,15.66,12.64,21.366,2004,12,4,2004-12,False
2004-12-10,ITC,14.76,14.77,14.46,14.62,13428518,-0.818,14.22,13.4,12.07,66.304,0.43,0.4488,-0.0188,15.68,12.75,20.587,2004,12,4,2004-12,False
2004-12-13,ITC,14.99,14.99,14.52,14.62,11545922,-0.032,14.28,13.43,12.08,66.119,0.4042,0.4399,-0.0357,15.68,12.88,19.593,2004,12,4,2004-12,False
2004-12-14,ITC,14.66,14.86,14.6,14.75,18315163,0.947,14.36,13.46,12.09,68.926,0.3904,0.43,-0.0396,15.69,13.03,18.5,2004,12,4,2004-12,False
2004-12-15,ITC,14.83,14.98,14.71,14.77,17970460,0.098,14.44,13.49,12.09,69.213,0.3763,0.4192,-0.0429,15.65,13.23,16.7,2004,12,4,2004-12,False
2004-12-16,ITC,14.78,14.85,14.66,14.71,11764913,-0.402,14.52,13.53,12.1,66.495,0.3563,0.4066,-0.0504,15.53,13.51,13.923,2004,12,4,2004-12,False
2004-12-17,ITC,14.77,14.77,14.42,14.49,11395395,-1.502,14.59,13.56,12.11,57.461,0.3189,0.3891,-0.0702,15.38,13.8,10.863,2004,12,4,2004-12,False
2004-12-20,ITC,14.54,14.66,14.45,14.61,8664874,0.876,14.66,13.59,12.11,60.759,0.296,0.3705,-0.0744,15.14,14.17,6.654,2004,12,4,2004-12,False
2004-12-21,ITC,14.65,15.23,14.56,15.14,22802707,3.589,14.73,13.64,12.13,70.824,0.3166,0.3597,-0.0431,15.03,14.42,4.175,2004,12,4,2004-12,False
2004-12-22,ITC,14.9,15.35,14.89,15.07,25124314,-0.465,14.76,13.68,12.14,68.292,0.3235,0.3525,-0.0289,15.08,14.44,4.331,2004,12,4,2004-12,False
2004-12-23,ITC,15.11,15.17,14.91,15.0,17030611,-0.444,14.77,13.73,12.15,65.881,0.3199,0.346,-0.026,15.11,14.43,4.555,2004,12,4,2004-12,False
2004-12-24,ITC,15.01,15.06,14.92,14.99,5950430,-0.088,14.79,13.77,12.17,65.388,0.3124,0.3392,-0.0269,15.13,14.44,4.708,2004,12,4,2004-12,False
2004-12-27,ITC,15.0,15.23,14.89,15.11,10903810,0.843,14.8,13.82,12.18,67.854,0.313,0.334,-0.021,15.17,14.42,5.071,2004,12,4,2004-12,False
2004-12-28,ITC,15.22,15.35,15.09,15.23,12676442,0.76,14.81,13.87,12.2,69.95,0.3191,0.331,-0.0119,15.24,14.39,5.692,2004,12,4,2004-12,False
2004-12-29,ITC,15.29,15.45,15.17,15.26,17310682,0.178,14.83,13.92,12.21,70.44,0.3224,0.3293,-0.0069,15.3,14.37,6.274,2004,12,4,2004-12,False
2004-12-30,ITC,15.35,15.35,14.89,14.94,15173111,-2.103,14.84,13.97,12.23,58.321,0.2957,0.3226,-0.0269,15.31,14.37,6.303,2004,12,4,2004-12,False
2004-12-31,ITC,14.9,15.17,14.9,15.13,8002106,1.271,14.86,14.02,12.24,62.439,0.2865,0.3154,-0.0288,15.34,14.37,6.514,2004,12,4,2004-12,False
2005-01-03,ITC,15.22,15.34,15.08,15.15,7186567,0.183,14.88,14.07,12.26,63.013,0.2783,0.308,-0.0296,15.37,14.4,6.536,2005,1,1,2005-01,False
2005-01-04,ITC,15.11,15.28,15.0,15.17,7246291,0.103,14.91,14.13,12.27,63.353,0.27,0.3004,-0.0304,15.4,14.41,6.655,2005,1,1,2005-01,False
2005-01-05,ITC,15.29,15.29,14.78,14.96,14546373,-1.347,14.92,14.18,12.29,56.086,0.244,0.2891,-0.0451,15.4,14.45,6.393,2005,1,1,2005-01,False
2005-01-06,ITC,14.93,14.93,14.55,14.73,10436385,-1.55,14.92,14.22,12.3,49.187,0.2024,0.2718,-0.0693,15.4,14.44,6.401,2005,1,1,2005-01,False
2005-01-07,ITC,14.61,15.08,14.61,15.0,10254967,1.841,14.94,14.27,12.32,56.002,0.1892,0.2552,-0.0661,15.4,14.48,6.115,2005,1,1,2005-01,False
2005-01-10,ITC,15.0,15.0,14.63,14.71,6922899,-1.98,14.95,14.31,12.33,48.35,0.1529,0.2348,-0.0819,15.39,14.5,5.95,2005,1,1,2005-01,False
2005-01-11,ITC,14.46,14.94,14.43,14.67,6306956,-0.239,14.94,14.35,12.34,47.522,0.12,0.2118,-0.0918,15.4,14.49,6.071,2005,1,1,2005-01,False
2005-01-12,ITC,14.88,14.98,14.46,14.67,16637398,-0.028,14.94,14.38,12.35,47.421,0.0925,0.1879,-0.0955,15.4,14.47,6.21,2005,1,1,2005-01,False
2005-01-13,ITC,14.83,14.83,14.19,14.36,13194946,-2.093,14.92,14.41,12.36,40.431,0.0454,0.1594,-0.1141,15.44,14.4,7.001,2005,1,1,2005-01,False
2005-01-14,ITC,14.39,14.57,14.08,14.46,14513286,0.687,14.92,14.43,12.37,43.323,0.0158,0.1307,-0.1149,15.45,14.39,7.07,2005,1,1,2005-01,False
2005-01-17,ITC,14.49,14.49,14.19,14.34,10553545,-0.814,14.9,14.46,12.38,40.779,-0.0169,0.1012,-0.1181,15.48,14.33,7.684,2005,1,1,2005-01,False
2005-01-18,ITC,14.41,14.59,14.33,14.43,14684049,0.583,14.87,14.49,12.39,43.326,-0.0356,0.0738,-0.1095,15.47,14.27,8.063,2005,1,1,2005-01,False
2005-01-19,ITC,14.43,14.54,14.2,14.31,7283912,-0.772,14.83,14.51,12.4,40.81,-0.0588,0.0473,-0.1061,15.47,14.19,8.632,2005,1,1,2005-01,False
2005-01-20,ITC,14.53,16.07,13.99,15.91,136295593,11.162,14.88,14.56,12.42,68.802,0.0511,0.0481,0.0031,15.68,14.08,10.761,2005,1,1,2005-01,False
2005-01-24,ITC,15.95,15.99,15.44,15.54,33151095,-2.328,14.9,14.61,12.44,61.536,0.1072,0.0599,0.0473,15.76,14.05,11.448,2005,1,1,2005-01,False
2005-01-25,ITC,15.49,16.23,15.14,15.68,65162510,0.921,14.93,14.66,12.46,63.155,0.1612,0.0802,0.0811,15.85,14.01,12.298,2005,1,1,2005-01,False
2005-01-27,ITC,15.71,16.14,15.49,15.98,52771700,1.858,14.97,14.71,12.47,66.268,0.225,0.1091,0.1159,15.99,13.95,13.675,2005,1,1,2005-01,False
2005-01-28,ITC,15.97,16.35,15.8,16.15,44217115,1.076,15.01,14.77,12.49,67.987,0.2861,0.1445,0.1416,16.16,13.87,15.269,2005,1,1,2005-01,False
2005-01-31,ITC,15.92,16.21,15.41,15.71,57536185,-2.701,15.05,14.83,12.51,59.678,0.296,0.1748,0.1212,16.24,13.87,15.768,2005,1,1,2005-01,False
2005-02-01,ITC,15.36,15.89,15.36,15.58,50539634,-0.841,15.08,14.88,12.53,57.39,0.2898,0.1978,0.092,16.29,13.87,16.048,2005,2,1,2005-02,False
2005-02-02,ITC,15.59,15.59,15.24,15.29,15154698,-1.826,15.08,14.92,12.54,52.706,0.2589,0.21,0.0489,16.3,13.87,16.088,2005,2,1,2005-02,False
2005-02-03,ITC,15.43,15.46,15.18,15.34,30187843,0.317,15.09,14.95,12.56,53.404,0.2356,0.2151,0.0205,16.31,13.87,16.146,2005,2,1,2005-02,False
2005-02-04,ITC,15.35,15.62,15.35,15.48,18468774,0.918,15.12,14.97,12.58,55.46,0.226,0.2173,0.0086,16.35,13.89,16.26,2005,2,1,2005-02,False
2005-02-07,ITC,15.58,15.91,15.31,15.37,26560889,-0.715,15.15,14.98,12.59,53.461,0.207,0.2152,-0.0083,16.37,13.93,16.108,2005,2,1,2005-02,False
2005-02-08,ITC,15.38,15.38,15.18,15.24,9828341,-0.882,15.16,14.99,12.61,51.036,0.1789,0.208,-0.0291,16.38,13.94,16.077,2005,2,1,2005-02,False
2005-02-09,ITC,15.12,15.43,15.12,15.32,14371591,0.523,15.19,15.0,12.63,52.401,0.1612,0.1986,-0.0374,16.39,13.99,15.814,2005,2,1,2005-02,False
2005-02-10,ITC,15.13,15.38,15.13,15.36,8474764,0.252,15.23,15.01,12.64,53.085,0.1486,0.1886,-0.04,16.4,14.05,15.468,2005,2,1,2005-02,False
2005-02-11,ITC,15.54,15.8,15.29,15.39,9187163,0.248,15.26,15.02,12.66,53.79,0.1401,0.1789,-0.0388,16.41,14.11,15.063,2005,2,1,2005-02,False
2005-02-14,ITC,15.5,15.58,15.14,15.22,10133648,-1.128,15.31,15.03,12.68,50.095,0.118,0.1667,-0.0488,16.37,14.24,13.968,2005,2,1,2005-02,False
2005-02-15,ITC,15.41,15.41,15.1,15.15,13116621,-0.466,15.34,15.04,12.69,48.626,0.0936,0.1521,-0.0585,16.34,14.34,12.986,2005,2,1,2005-02,False
2005-02-16,ITC,15.17,15.27,14.93,15.06,29626766,-0.567,15.38,15.05,12.71,46.833,0.0666,0.135,-0.0684,16.27,14.49,11.581,2005,2,1,2005-02,False
2005-02-17,ITC,15.04,15.14,14.83,14.99,16581739,-0.498,15.4,15.05,12.73,45.265,0.0387,0.1158,-0.077,16.2,14.61,10.311,2005,2,1,2005-02,False
2005-02-18,ITC,14.99,15.06,14.69,14.77,11135092,-1.447,15.43,15.05,12.75,40.991,-0.0009,0.0924,-0.0933,16.11,14.75,8.817,2005,2,1,2005-02,False
2005-02-21,ITC,14.83,14.86,14.54,14.59,13568437,-1.246,15.36,15.05,12.77,37.736,-0.0466,0.0646,-0.1112,16.1,14.62,9.596,2005,2,1,2005-02,False
2005-02-22,ITC,14.55,14.9,14.55,14.81,9653513,1.551,15.32,15.05,12.79,43.657,-0.0638,0.0389,-0.1027,16.1,14.55,10.057,2005,2,1,2005-02,False
2005-02-23,ITC,14.83,15.0,14.71,14.83,11292162,0.117,15.28,15.06,12.81,44.096,-0.0752,0.0161,-0.0913,16.06,14.5,10.224,2005,2,1,2005-02,False
2005-02-24,ITC,14.89,15.04,14.74,14.94,16638380,0.724,15.23,15.06,12.84,46.855,-0.0747,-0.002,-0.0727,15.95,14.51,9.492,2005,2,1,2005-02,False
2005-02-25,ITC,14.94,14.94,14.79,14.86,13465858,-0.51,15.17,15.06,12.86,45.152,-0.0795,-0.0175,-0.062,15.76,14.57,7.873,2005,2,1,2005-02,False
2005-02-28,ITC,14.86,15.06,14.31,14.93,32109134,0.481,15.13,15.07,12.89,47.098,-0.0767,-0.0294,-0.0473,15.67,14.58,7.226,2005,2,1,2005-02,False
2005-03-01,ITC,14.8,15.6,14.75,15.45,45324876,3.443,15.12,15.09,12.91,58.493,-0.0326,-0.03,-0.0026,15.65,14.59,6.963,2005,3,1,2005-03,False
2005-03-02,ITC,15.44,15.55,15.24,15.47,23794897,0.172,15.13,15.11,12.94,58.984,0.0044,-0.0231,0.0276,15.67,14.58,7.201,2005,3,1,2005-03,False
2005-03-03,ITC,15.44,15.61,15.41,15.54,13916411,0.444,15.14,15.11,12.97,60.293,0.0389,-0.0107,0.0496,15.71,14.57,7.505,2005,3,1,2005-03,False
2005-03-04,ITC,15.58,15.98,15.49,15.84,31373789,1.934,15.16,15.13,12.99,65.486,0.0894,0.0093,0.0801,15.79,14.52,8.353,2005,3,1,2005-03,False
2005-03-07,ITC,16.11,16.11,15.59,15.76,9788571,-0.499,15.18,15.14,13.02,63.148,0.1216,0.0318,0.0899,15.86,14.49,9.005,2005,3,1,2005-03,False
2005-03-08,ITC,15.69,16.01,15.69,15.86,15225966,0.578,15.21,15.16,13.05,64.713,0.1528,0.056,0.0968,15.96,14.46,9.834,2005,3,1,2005-03,False
2005-03-09,ITC,15.7,16.1,15.7,15.84,7113009,-0.076,15.23,15.18,13.08,64.322,0.1745,0.0797,0.0948,16.03,14.43,10.493,2005,3,1,2005-03,False
2005-03-10,ITC,15.75,16.05,15.75,15.94,15071373,0.597,15.26,15.19,13.11,66.047,0.1971,0.1032,0.0939,16.12,14.4,11.245,2005,3,1,2005-03,False
2005-03-11,ITC,16.09,16.09,15.46,15.53,21789113,-2.574,15.27,15.2,13.13,53.88,0.1798,0.1185,0.0613,16.13,14.41,11.323,2005,3,1,2005-03,False
2005-03-14,ITC,15.69,15.77,15.35,15.4,10150659,-0.829,15.28,15.2,13.16,50.724,0.1539,0.1256,0.0284,16.14,14.41,11.337,2005,3,1,2005-03,False
2005-03-15,ITC,15.51,15.65,15.29,15.46,6908411,0.378,15.29,15.21,13.19,52.093,0.1366,0.1278,0.0088,16.16,14.43,11.342,2005,3,1,2005-03,False
2005-03-16,ITC,15.54,15.55,15.34,15.41,11967361,-0.321,15.31,15.22,13.22,50.799,0.1174,0.1257,-0.0083,16.17,14.45,11.256,2005,3,1,2005-03,False
2005-03-17,ITC,15.29,15.56,15.29,15.4,17581173,-0.075,15.33,15.22,13.24,50.485,0.1002,0.1206,-0.0204,16.18,14.48,11.072,2005,3,1,2005-03,False
2005-03-18,ITC,15.41,15.41,15.06,15.13,8403449,-1.728,15.35,15.22,13.27,43.768,0.0643,0.1093,-0.045,16.16,14.54,10.597,2005,3,1,2005-03,False
2005-03-21,ITC,15.17,15.46,14.89,14.96,25173103,-1.114,15.37,15.23,13.29,40.126,0.0221,0.0919,-0.0698,16.12,14.61,9.819,2005,3,1,2005-03,False
2005-03-22,ITC,15.11,15.11,14.68,14.73,13617693,-1.558,15.36,15.22,13.32,35.7,-0.0299,0.0675,-0.0974,16.13,14.6,10.003,2005,3,1,2005-03,False
2005-03-23,ITC,14.83,14.92,14.62,14.82,10963628,0.599,15.36,15.23,13.34,38.468,-0.0632,0.0414,-0.1046,16.13,14.59,10.03,2005,3,1,2005-03,False
2005-03-24,ITC,14.87,15.37,14.83,15.25,14581563,2.952,15.38,15.24,13.37,49.961,-0.0537,0.0224,-0.0761,16.13,14.63,9.706,2005,3,1,2005-03,False
2005-03-28,ITC,15.35,15.53,15.08,15.16,10715569,-0.624,15.39,15.25,13.39,47.865,-0.0533,0.0072,-0.0605,16.11,14.68,9.278,2005,3,1,2005-03,False
2005-03-29,ITC,15.23,15.27,14.6,14.71,14818593,-2.935,15.38,15.25,13.41,39.522,-0.0878,-0.0118,-0.076,16.13,14.63,9.748,2005,3,1,2005-03,False
2005-03-30,ITC,14.76,15.28,14.47,14.79,11413668,0.525,15.35,15.26,13.44,41.433,-0.1077,-0.031,-0.0767,16.14,14.56,10.345,2005,3,1,2005-03,False
2005-03-31,ITC,15.09,15.58,14.94,15.49,37853565,4.7,15.35,15.28,13.47,55.154,-0.0666,-0.0381,-0.0285,16.15,14.56,10.35,2005,3,1,2005-03,False
2005-04-01,ITC,15.41,15.77,15.26,15.61,21466468,0.79,15.35,15.31,13.5,57.06,-0.0238,-0.0352,0.0114,16.15,14.56,10.399,2005,4,2,2005-04,False
2005-04-04,ITC,15.71,15.95,15.35,15.57,17738804,-0.251,15.34,15.33,13.53,56.234,0.0068,-0.0268,0.0336,16.11,14.57,10.065,2005,4,2,2005-04,False
2005-04-05,ITC,15.75,15.86,15.56,15.59,14649373,0.104,15.33,15.33,13.56,56.513,0.032,-0.0151,0.047,16.09,14.58,9.853,2005,4,2,2005-04,False
2005-04-06,ITC,15.62,15.89,15.58,15.82,10199215,1.477,15.33,15.33,13.59,60.389,0.0697,0.0019,0.0678,16.08,14.58,9.782,2005,4,2,2005-04,False
2005-04-07,ITC,15.86,16.12,15.76,15.87,23769148,0.347,15.33,15.34,13.62,61.274,0.1029,0.0221,0.0808,16.09,14.58,9.834,2005,4,2,2005-04,False
2005-04-08,ITC,15.92,16.27,15.75,16.16,29089008,1.807,15.34,15.34,13.65,65.603,0.1505,0.0478,0.1028,16.14,14.55,10.381,2005,4,2,2005-04,False
2005-04-11,ITC,16.21,16.25,15.98,16.13,7425092,-0.154,15.37,15.34,13.68,64.927,0.1842,0.0751,0.1091,16.24,14.5,11.303,2005,4,2,2005-04,False
2005-04-12,ITC,16.13,16.33,16.04,16.2,8300450,0.443,15.41,15.35,13.71,66.015,0.2142,0.1029,0.1113,16.36,14.47,12.266,2005,4,2,2005-04,False
2005-04-13,ITC,16.27,16.49,16.17,16.36,15893267,0.94,15.46,15.36,13.74,68.271,0.2474,0.1318,0.1156,16.49,14.42,13.398,2005,4,2,2005-04,False
2005-04-15,ITC,16.31,16.35,15.75,15.89,10847870,-2.864,15.48,15.38,13.77,55.963,0.2332,0.1521,0.0811,16.53,14.43,13.601,2005,4,2,2005-04,False
2005-04-18,ITC,15.74,16.21,15.58,15.92,9128326,0.171,15.51,15.39,13.8,56.452,0.2216,0.166,0.0556,16.58,14.44,13.792,2005,4,2,2005-04,False
2005-04-19,ITC,16.15,16.15,15.79,15.87,7875926,-0.297,15.54,15.4,13.82,55.297,0.2062,0.174,0.0322,16.61,14.48,13.709,2005,4,2,2005-04,False
2005-04-20,ITC,15.87,16.29,15.75,15.84,21793974,-0.193,15.59,15.4,13.85,54.521,0.1893,0.1771,0.0123,16.62,14.55,13.296,2005,4,2,2005-04,False
2005-04-21,ITC,15.84,16.16,15.69,16.15,8068700,1.942,15.66,15.42,13.87,60.523,0.1985,0.1814,0.0172,16.64,14.68,12.53,2005,4,2,2005-04,False
2005-04-22,ITC,16.21,16.28,16.01,16.08,5220926,-0.393,15.72,15.44,13.89,58.798,0.1984,0.1848,0.0136,16.64,14.81,11.616,2005,4,2,2005-04,False
2005-04-25,ITC,16.17,16.21,15.93,15.98,4067554,-0.635,15.76,15.45,13.92,56.032,0.1879,0.1854,0.0025,16.65,14.87,11.324,2005,4,2,2005-04,False
2005-04-26,ITC,16.03,16.1,15.85,15.94,5480108,-0.253,15.8,15.46,13.94,54.931,0.1743,0.1832,-0.0089,16.65,14.95,10.749,2005,4,2,2005-04,False
2005-04-27,ITC,16.01,16.49,15.84,16.18,24551366,1.481,15.87,15.48,13.96,59.889,0.1804,0.1826,-0.0022,16.56,15.18,8.743,2005,4,2,2005-04,False
2005-04-28,ITC,16.22,17.01,16.16,16.74,37316041,3.467,15.97,15.51,13.99,68.702,0.228,0.1917,0.0363,16.56,15.37,7.452,2005,4,2,2005-04,False
2005-04-29,ITC,16.73,16.73,16.3,16.59,21200604,-0.869,16.02,15.54,14.01,64.731,0.251,0.2036,0.0475,16.63,15.41,7.635,2005,4,2,2005-04,False
2005-05-02,ITC,16.62,16.67,16.16,16.26,11968156,-2.0,16.06,15.57,14.03,56.681,0.2397,0.2108,0.0289,16.64,15.47,7.32,2005,5,2,2005-05,False
2005-05-03,ITC,15.6,16.46,15.6,16.31,6791298,0.337,16.09,15.6,14.06,57.619,0.2325,0.2151,0.0174,16.64,15.54,6.85,2005,5,2,2005-05,False
2005-05-04,ITC,16.36,16.65,16.23,16.46,9835491,0.898,16.14,15.64,14.08,60.106,0.2359,0.2193,0.0166,16.66,15.62,6.442,2005,5,2,2005-05,False
2005-05-05,ITC,16.16,16.53,16.16,16.34,10719261,-0.715,16.16,15.67,14.11,57.202,0.2265,0.2208,0.0058,16.67,15.66,6.244,2005,5,2,2005-05,False
2005-05-06,ITC,17.05,17.05,16.23,16.63,14231065,1.751,16.2,15.7,14.13,62.007,0.2394,0.2245,0.0149,16.73,15.68,6.489,2005,5,2,2005-05,False
2005-05-09,ITC,16.5,17.16,16.5,17.11,13384542,2.915,16.25,15.75,14.16,68.464,0.2854,0.2367,0.0488,16.91,15.58,8.18,2005,5,2,2005-05,False
2005-05-10,ITC,17.11,17.11,16.87,16.99,8352557,-0.738,16.29,15.79,14.18,65.346,0.3082,0.251,0.0572,17.03,15.55,9.072,2005,5,2,2005-05,False
2005-05-11,ITC,16.62,17.11,16.62,17.04,12910341,0.285,16.33,15.83,14.21,65.986,0.3263,0.266,0.0603,17.14,15.52,9.902,2005,5,2,2005-05,False
2005-05-12,ITC,17.14,17.18,16.83,16.93,16341952,-0.627,16.36,15.86,14.23,63.217,0.3283,0.2785,0.0498,17.21,15.51,10.409,2005,5,2,2005-05,False
2005-05-13,ITC,17.01,17.13,16.82,17.08,14277284,0.89,16.42,15.89,14.26,65.422,0.3381,0.2904,0.0477,17.3,15.54,10.699,2005,5,2,2005-05,False
2005-05-16,ITC,17.02,17.27,16.96,17.16,18293853,0.486,16.48,15.93,14.28,66.611,0.3486,0.3021,0.0466,17.39,15.58,10.969,2005,5,2,2005-05,False
2005-05-17,ITC,16.85,17.23,16.85,17.06,16816666,-0.568,16.54,15.95,14.31,63.837,0.3451,0.3107,0.0344,17.43,15.65,10.771,2005,5,2,2005-05,False
2005-05-18,ITC,17.01,17.25,16.87,17.14,30546239,0.453,16.61,15.98,14.34,65.079,0.3445,0.3174,0.0271,17.47,15.74,10.406,2005,5,2,2005-05,False
2005-05-19,ITC,17.14,17.59,17.09,17.3,21347813,0.892,16.67,16.01,14.36,67.459,0.3524,0.3244,0.028,17.55,15.78,10.646,2005,5,2,2005-05,False
2005-05-20,ITC,17.08,17.4,17.08,17.28,18541538,-0.073,16.73,16.03,14.39,67.05,0.3535,0.3302,0.0233,17.61,15.84,10.561,2005,5,2,2005-05,False
2005-05-23,ITC,17.12,17.29,17.12,17.22,8628189,-0.387,16.79,16.06,14.42,64.821,0.345,0.3332,0.0118,17.62,15.95,9.948,2005,5,2,2005-05,False
2005-05-24,ITC,17.17,17.52,17.14,17.34,16381581,0.717,16.86,16.1,14.44,67.0,0.3443,0.3354,0.0089,17.63,16.09,9.106,2005,5,2,2005-05,False
2005-05-25,ITC,17.29,17.59,17.29,17.49,11188648,0.895,16.92,16.14,14.47,69.554,0.3522,0.3388,0.0134,17.67,16.18,8.829,2005,5,2,2005-05,False
2005-05-26,ITC,17.52,17.73,17.33,17.67,29344218,1.032,16.97,16.18,14.5,72.245,0.3687,0.3448,0.024,17.78,16.16,9.576,2005,5,2,2005-05,False
2005-05-27,ITC,17.7,18.63,17.66,18.13,63640460,2.55,17.05,16.24,14.53,77.573,0.4135,0.3585,0.055,17.99,16.11,11.043,2005,5,2,2005-05,False
2005-05-30,ITC,18.12,18.36,17.9,17.97,30224716,-0.844,17.13,16.29,14.56,72.489,0.4316,0.3731,0.0585,18.08,16.18,11.101,2005,5,2,2005-05,False
2005-05-31,ITC,18.0,18.46,18.0,18.45,33715537,2.684,17.24,16.36,14.59,77.499,0.4794,0.3944,0.085,18.28,16.2,12.072,2005,5,2,2005-05,False
2005-06-01,ITC,18.46,18.56,18.23,18.37,17088840,-0.481,17.34,16.42,14.63,74.797,0.5042,0.4163,0.0879,18.42,16.25,12.551,2005,6,2,2005-06,False
2005-06-02,ITC,18.37,18.54,17.97,18.01,19368199,-1.926,17.42,16.49,14.66,65.071,0.4898,0.431,0.0587,18.44,16.4,11.727,2005,6,2,2005-06,False
2005-06-03,ITC,18.09,18.35,17.89,18.26,17577154,1.387,17.5,16.56,14.69,68.215,0.4928,0.4434,0.0494,18.52,16.48,11.618,2005,6,2,2005-06,False
2005-06-06,ITC,18.36,18.37,18.2,18.25,6406591,-0.073,17.56,16.62,14.72,67.865,0.4885,0.4524,0.0361,18.61,16.51,11.982,2005,6,2,2005-06,False
2005-06-07,ITC,18.34,18.34,17.85,17.89,18933909,-1.97,17.6,16.67,14.75,59.042,0.4508,0.4521,-0.0012,18.63,16.58,11.657,2005,6,2,2005-06,False
2005-06-08,ITC,18.06,18.29,18.03,18.24,16911908,1.977,17.66,16.74,14.78,64.001,0.4444,0.4506,-0.0061,18.69,16.64,11.636,2005,6,2,2005-06,False
2005-06-09,ITC,18.24,18.35,18.14,18.18,15538890,-0.326,17.73,16.81,14.81,62.629,0.4296,0.4464,-0.0168,18.72,16.73,11.188,2005,6,2,2005-06,False
2005-06-10,ITC,18.18,18.31,17.97,18.03,9557850,-0.85,17.77,16.86,14.85,59.08,0.4008,0.4372,-0.0365,18.72,16.82,10.707,2005,6,2,2005-06,False
2005-06-13,ITC,18.09,18.19,18.02,18.14,8983687,0.627,17.82,16.91,14.88,60.828,0.3826,0.4263,-0.0437,18.74,16.9,10.318,2005,6,2,2005-06,False
2005-06-14,ITC,18.12,18.2,17.96,18.12,11350671,-0.099,17.87,16.96,14.91,60.389,0.3626,0.4136,-0.051,18.73,17.02,9.574,2005,6,2,2005-06,False
2005-06-15,ITC,18.18,18.29,18.0,18.05,15168811,-0.398,17.92,17.01,14.94,58.552,0.3371,0.3983,-0.0612,18.71,17.13,8.767,2005,6,2,2005-06,False
2005-06-16,ITC,18.12,18.2,17.83,17.88,16814470,-0.965,17.95,17.05,14.97,54.257,0.2993,0.3785,-0.0792,18.68,17.22,8.124,2005,6,2,2005-06,False
2005-06-17,ITC,18.0,18.16,17.6,17.84,40130588,-0.2,17.98,17.09,14.99,53.392,0.2635,0.3555,-0.092,18.64,17.32,7.355,2005,6,2,2005-06,False
2005-06-20,ITC,18.05,18.11,17.69,17.72,16891393,-0.695,18.0,17.12,15.02,50.389,0.2225,0.3289,-0.1064,18.57,17.43,6.347,2005,6,2,2005-06,False
2005-06-21,ITC,17.75,17.93,17.73,17.78,8558650,0.348,18.02,17.16,15.05,51.84,0.1927,0.3016,-0.1089,18.52,17.53,5.459,2005,6,2,2005-06,False
2005-06-22,ITC,17.83,18.22,17.78,18.17,20308890,2.207,18.06,17.2,15.08,59.876,0.1986,0.281,-0.0825,18.49,17.63,4.732,2005,6,2,2005-06,False
2005-06-23,ITC,18.23,18.34,18.04,18.16,13885754,-0.092,18.08,17.23,15.11,59.42,0.1995,0.2647,-0.0652,18.47,17.69,4.299,2005,6,2,2005-06,False
2005-06-24,ITC,17.96,18.58,17.96,18.5,20103545,1.885,18.1,17.28,15.14,65.241,0.2253,0.2568,-0.0316,18.53,17.67,4.759,2005,6,2,2005-06,False
2005-06-27,ITC,18.53,19.23,18.51,18.89,44200432,2.115,18.15,17.34,15.17,70.459,0.2741,0.2603,0.0138,18.7,17.6,6.074,2005,6,2,2005-06,False
2005-06-28,ITC,18.93,18.98,18.23,18.38,27605326,-2.709,18.14,17.39,15.2,58.159,0.2684,0.2619,0.0065,18.69,17.6,5.986,2005,6,2,2005-06,False
2005-06-29,ITC,18.35,18.73,18.29,18.63,13615450,1.4,18.16,17.45,15.23,61.772,0.2814,0.2658,0.0156,18.73,17.58,6.371,2005,6,2,2005-06,False
2005-06-30,ITC,18.64,19.38,18.64,19.18,25528882,2.929,18.21,17.51,15.26,68.071,0.332,0.2791,0.0529,18.95,17.48,8.041,2005,6,2,2005-06,False
2005-07-01,ITC,19.04,19.48,18.87,19.28,9723238,0.508,18.27,17.57,15.29,69.052,0.3755,0.2983,0.0772,19.14,17.39,9.563,2005,7,3,2005-07,False
2005-07-04,ITC,19.33,19.49,19.1,19.42,9959848,0.754,18.32,17.64,15.32,70.507,0.417,0.3221,0.0949,19.34,17.31,11.078,2005,7,3,2005-07,False
2005-07-05,ITC,19.44,19.73,19.27,19.31,18230062,-0.585,18.4,17.71,15.35,67.823,0.4357,0.3448,0.0909,19.48,17.31,11.777,2005,7,3,2005-07,False
2005-07-06,ITC,19.31,19.44,19.28,19.34,8828113,0.179,18.45,17.77,15.38,68.22,0.4481,0.3655,0.0826,19.61,17.29,12.572,2005,7,3,2005-07,False
2005-07-07,ITC,19.34,19.66,19.21,19.4,20905952,0.271,18.51,17.83,15.41,68.847,0.4569,0.3837,0.0732,19.74,17.29,13.247,2005,7,3,2005-07,False
2005-07-08,ITC,19.45,19.65,19.1,19.59,16014166,1.005,18.59,17.89,15.44,71.128,0.4742,0.4018,0.0723,19.88,17.3,13.922,2005,7,3,2005-07,False
2005-07-11,ITC,19.62,19.79,19.56,19.68,7354572,0.465,18.67,17.96,15.47,72.154,0.4896,0.4194,0.0702,20.03,17.3,14.609,2005,7,3,2005-07,False
2005-07-12,ITC,19.71,20.47,19.56,20.13,18968585,2.26,18.77,18.03,15.51,76.537,0.5315,0.4418,0.0897,20.25,17.28,15.824,2005,7,3,2005-07,False
2005-07-13,ITC,20.19,20.29,19.89,19.95,10475688,-0.88,18.86,18.1,15.54,71.698,0.5442,0.4623,0.0819,20.4,17.33,16.27,2005,7,3,2005-07,False
2005-07-14,ITC,19.94,20.7,19.91,20.37,29054286,2.088,18.99,18.18,15.58,75.605,0.5812,0.4861,0.0951,20.59,17.38,16.864,2005,7,3,2005-07,False
2005-07-15,ITC,20.37,20.51,20.14,20.4,18267589,0.15,19.11,18.26,15.61,75.868,0.606,0.51,0.0959,20.74,17.49,16.996,2005,7,3,2005-07,False
2005-07-18,ITC,20.57,20.63,20.33,20.44,15236247,0.193,19.25,18.32,15.65,76.223,0.6216,0.5324,0.0893,20.84,17.66,16.491,2005,7,3,2005-07,False
2005-07-19,ITC,20.6,20.6,19.81,19.96,23312238,-2.312,19.36,18.38,15.68,64.022,0.5891,0.5437,0.0454,20.82,17.9,15.049,2005,7,3,2005-07,False
2005-07-20,ITC,19.99,20.16,19.59,19.67,21183032,-1.49,19.43,18.44,15.72,57.756,0.5332,0.5416,-0.0084,20.78,18.08,13.892,2005,7,3,2005-07,False
2005-07-21,ITC,19.75,19.84,19.17,19.22,24390417,-2.268,19.49,18.48,15.75,49.871,0.4477,0.5228,-0.0751,20.7,18.27,12.468,2005,7,3,2005-07,False
2005-07-22,ITC,19.39,19.57,19.17,19.32,36640794,0.538,19.53,18.53,15.78,51.523,0.3839,0.495,-0.1111,20.65,18.4,11.533,2005,7,3,2005-07,False
2005-07-25,ITC,19.49,19.68,19.38,19.58,15724000,1.32,19.56,18.58,15.81,55.426,0.3499,0.466,-0.1161,20.65,18.48,11.094,2005,7,3,2005-07,False
2005-07-26,ITC,19.63,20.05,19.63,19.91,20555687,1.669,19.64,18.63,15.85,59.882,0.3453,0.4419,-0.0966,20.58,18.7,9.563,2005,7,3,2005-07,False
2005-07-27,ITC,20.01,20.01,19.65,19.89,8106133,-0.059,19.7,18.69,15.88,59.651,0.3369,0.4209,-0.084,20.52,18.89,8.286,2005,7,3,2005-07,False
2005-07-28,ITC,20.32,20.32,20.32,20.32,0,2.142,19.76,18.75,15.92,64.932,0.3604,0.4088,-0.0484,20.58,18.94,8.321,2005,7,3,2005-07,False
2005-07-29,ITC,19.82,19.98,19.51,19.78,35709497,-2.661,19.78,18.8,15.96,55.08,0.3316,0.3933,-0.0618,20.57,18.99,7.989,2005,7,3,2005-07,False
2005-08-01,ITC,19.86,19.86,19.47,19.55,7409624,-1.185,19.79,18.84,15.99,51.435,0.2865,0.372,-0.0855,20.57,19.01,7.886,2005,8,3,2005-08,False
2005-08-02,ITC,19.57,19.72,19.45,19.64,18902691,0.499,19.81,18.89,16.03,52.834,0.2557,0.3487,-0.093,20.56,19.06,7.58,2005,8,3,2005-08,False
2005-08-03,ITC,19.98,20.51,19.78,20.2,35719639,2.833,19.85,18.95,16.06,59.923,0.2731,0.3336,-0.0605,20.59,19.11,7.426,2005,8,3,2005-08,False
2005-08-04,ITC,20.51,20.8,20.19,20.41,13183122,1.018,19.9,19.0,16.1,62.186,0.3,0.3269,-0.0269,20.64,19.16,7.482,2005,8,3,2005-08,False
2005-08-05,ITC,20.4,20.59,20.23,20.45,14074790,0.222,19.94,19.05,16.14,62.685,0.3213,0.3258,-0.0045,20.71,19.18,7.704,2005,8,3,2005-08,False
2005-08-08,ITC,20.59,20.63,20.2,20.26,17257640,-0.943,19.97,19.09,16.18,59.106,0.3189,0.3244,-0.0055,20.74,19.2,7.712,2005,8,3,2005-08,False
2005-08-09,ITC,20.33,20.44,19.86,19.98,12816221,-1.366,19.96,19.12,16.22,54.311,0.2913,0.3178,-0.0265,20.73,19.2,7.681,2005,8,3,2005-08,False
2005-08-10,ITC,20.44,20.47,19.98,20.41,9407556,2.162,19.99,19.16,16.26,59.793,0.3008,0.3144,-0.0135,20.78,19.2,7.929,2005,8,3,2005-08,False
2005-08-11,ITC,20.11,20.52,20.11,20.29,13095264,-0.596,19.98,19.21,16.3,57.694,0.2952,0.3105,-0.0154,20.77,19.2,7.86,2005,8,3,2005-08,False
2005-08-12,ITC,20.33,20.33,19.75,19.89,43523596,-1.964,19.96,19.24,16.33,51.336,0.2556,0.2996,-0.044,20.72,19.2,7.631,2005,8,3,2005-08,False
2005-08-16,ITC,19.86,20.2,19.85,19.99,17531075,0.473,19.94,19.28,16.37,52.662,0.2292,0.2855,-0.0563,20.66,19.21,7.302,2005,8,3,2005-08,False
2005-08-17,ITC,20.02,20.2,20.0,20.1,6721385,0.556,19.94,19.32,16.4,54.247,0.2147,0.2713,-0.0566,20.67,19.21,7.335,2005,8,3,2005-08,False
2005-08-18,ITC,20.16,20.27,19.88,19.92,11777578,-0.883,19.96,19.35,16.44,51.291,0.1868,0.2544,-0.0676,20.68,19.24,7.216,2005,8,3,2005-08,False
2005-08-19,ITC,19.88,19.98,19.75,19.8,10041537,-0.611,19.98,19.39,16.47,49.308,0.1531,0.2341,-0.0811,20.62,19.35,6.38,2005,8,3,2005-08,False
2005-08-22,ITC,20.32,20.32,19.78,19.87,10928718,0.341,20.01,19.42,16.51,50.454,0.1303,0.2134,-0.0831,20.57,19.45,5.606,2005,8,3,2005-08,False
2005-08-23,ITC,20.32,20.32,19.86,19.91,8447098,0.195,20.03,19.46,16.54,51.137,0.1141,0.1935,-0.0794,20.55,19.5,5.252,2005,8,3,2005-08,False
2005-08-24,ITC,20.1,20.1,19.79,19.94,8345454,0.198,20.03,19.49,16.58,51.862,0.1032,0.1754,-0.0723,20.55,19.51,5.235,2005,8,3,2005-08,False
2005-08-25,ITC,20.01,20.18,19.85,20.08,7641934,0.675,20.04,19.54,16.61,54.356,0.1042,0.1612,-0.057,20.56,19.52,5.198,2005,8,3,2005-08,False
2005-08-26,ITC,20.1,20.28,20.08,20.18,7492294,0.486,20.03,19.58,16.64,56.131,0.1116,0.1513,-0.0397,20.54,19.52,5.074,2005,8,3,2005-08,False
2005-08-29,ITC,20.22,20.31,19.86,20.01,6853967,-0.836,20.04,19.62,16.68,52.342,0.1027,0.1416,-0.0389,20.54,19.55,4.934,2005,8,3,2005-08,False
2005-08-30,ITC,20.15,20.39,20.03,20.09,15628197,0.399,20.07,19.67,16.71,53.929,0.1009,0.1334,-0.0325,20.51,19.63,4.34,2005,8,3,2005-08,False
2005-08-31,ITC,20.13,20.39,20.05,20.35,10002656,1.322,20.11,19.72,16.75,58.835,0.1196,0.1307,-0.0111,20.51,19.7,4.014,2005,8,3,2005-08,False
2005-09-01,ITC,20.39,20.57,20.27,20.35,9436344,0.006,20.11,19.77,16.78,58.856,0.1329,0.1311,0.0018,20.53,19.7,4.145,2005,9,3,2005-09,False
2005-09-02,ITC,20.43,20.5,20.22,20.36,8310497,0.02,20.11,19.81,16.82,58.934,0.1422,0.1333,0.0088,20.52,19.7,4.082,2005,9,3,2005-09,False
2005-09-05,ITC,20.5,21.16,20.4,21.07,23506274,3.484,20.14,19.86,16.86,69.677,0.2044,0.1475,0.0569,20.72,19.56,5.73,2005,9,3,2005-09,False
2005-09-06,ITC,21.16,21.56,21.16,21.48,16616602,1.936,20.2,19.91,16.9,73.905,0.2834,0.1747,0.1086,21.03,19.37,8.218,2005,9,3,2005-09,False
2005-09-08,ITC,21.56,21.63,21.33,21.39,17581500,-0.413,20.27,19.97,16.93,71.567,0.3349,0.2067,0.1282,21.25,19.3,9.632,2005,9,3,2005-09,False
2005-09-09,ITC,21.57,21.62,21.34,21.5,9967325,0.541,20.33,20.03,16.97,72.777,0.3807,0.2415,0.1392,21.45,19.21,11.022,2005,9,3,2005-09,False
2005-09-12,ITC,21.62,22.11,21.51,21.98,17773854,2.214,20.41,20.09,17.0,77.093,0.4502,0.2833,0.167,21.75,19.07,13.141,2005,9,3,2005-09,False
2005-09-13,ITC,22.11,22.33,22.04,22.28,17205486,1.361,20.53,20.15,17.04,79.313,0.5234,0.3313,0.1921,22.09,18.98,15.138,2005,9,3,2005-09,False
2005-09-14,ITC,22.3,22.3,21.71,21.82,27700428,-2.047,20.62,20.2,17.08,68.427,0.5384,0.3727,0.1657,22.26,18.99,15.84,2005,9,3,2005-09,False
2005-09-15,ITC,21.98,22.17,21.92,22.1,14806863,1.274,20.72,20.25,17.11,71.036,0.5662,0.4114,0.1548,22.46,18.98,16.79,2005,9,3,2005-09,False
2005-09-16,ITC,22.17,22.32,21.92,22.07,17542151,-0.114,20.83,20.31,17.15,70.466,0.5796,0.4451,0.1345,22.63,19.03,17.246,2005,9,3,2005-09,False
2005-09-19,ITC,22.16,22.87,22.1,22.8,33622865,3.301,20.98,20.37,17.19,76.359,0.6415,0.4844,0.1572,22.91,19.05,18.401,2005,9,3,2005-09,False
2005-09-20,ITC,22.87,23.09,22.52,22.68,49089694,-0.541,21.12,20.44,17.23,73.678,0.6729,0.5221,0.1508,23.12,19.12,18.911,2005,9,3,2005-09,False
2005-09-21,ITC,24.65,25.02,22.81,24.72,73255226,8.986,21.36,20.54,17.28,83.797,0.8524,0.5881,0.2643,23.84,18.88,23.229,2005,9,3,2005-09,False
2005-09-22,ITC,24.84,26.18,23.93,24.09,76598972,-2.532,21.57,20.62,17.33,74.345,0.9334,0.6572,0.2762,24.24,18.9,24.741,2005,9,3,2005-09,False
2005-09-23,ITC,24.68,25.05,24.07,24.25,37765317,0.659,21.78,20.7,17.37,75.111,0.9989,0.7255,0.2734,24.6,18.95,25.945,2005,9,3,2005-09,False
2005-09-26,ITC,24.51,25.3,24.33,25.24,36101806,4.071,22.03,20.8,17.43,79.263,1.1176,0.8039,0.3136,25.14,18.92,28.261,2005,9,3,2005-09,False
2005-09-27,ITC,25.49,25.49,24.59,25.0,30337059,-0.943,22.28,20.89,17.48,75.973,1.1788,0.8789,0.2999,25.51,19.05,28.978,2005,9,3,2005-09,False
2005-09-28,ITC,24.7,25.16,24.55,24.81,22308957,-0.776,22.52,20.98,17.53,73.303,1.1979,0.9427,0.2552,25.76,19.27,28.805,2005,9,3,2005-09,False
2005-09-29,ITC,24.95,25.12,24.33,24.4,23729814,-1.635,22.72,21.07,17.58,67.928,1.1669,0.9875,0.1793,25.9,19.54,27.985,2005,9,3,2005-09,False
2005-09-30,ITC,24.33,24.61,23.65,24.11,26863071,-1.192,22.91,21.16,17.62,64.286,1.106,1.0112,0.0948,25.94,19.88,26.463,2005,9,3,2005-09,False
2005-10-03,ITC,24.02,24.37,23.48,24.14,16929234,0.11,23.1,21.25,17.67,64.473,1.0479,1.0186,0.0293,25.92,20.27,24.473,2005,10,4,2005-10,False
2005-10-04,ITC,24.17,24.28,24.07,24.15,14212690,0.037,23.25,21.35,17.72,64.539,0.9911,1.0131,-0.022,25.94,20.56,23.167,2005,10,4,2005-10,False
2005-10-05,ITC,24.24,24.24,23.1,23.18,48964620,-3.98,23.34,21.42,17.76,52.918,0.8586,0.9822,-0.1235,25.9,20.77,21.953,2005,10,4,2005-10,False
2005-10-06,ITC,23.23,23.25,22.44,22.51,50984269,-2.89,23.39,21.48,17.8,46.615,0.6916,0.9241,-0.2324,25.82,20.96,20.751,2005,10,4,2005-10,False
2005-10-07,ITC,23.08,23.08,22.05,22.29,44380955,-1.018,23.43,21.52,17.83,44.655,0.5346,0.8462,-0.3115,25.75,21.11,19.818,2005,10,4,2005-10,False
2005-10-10,ITC,22.39,22.95,22.29,22.71,33775601,1.899,23.47,21.57,17.87,48.924,0.4393,0.7648,-0.3255,25.72,21.22,19.154,2005,10,4,2005-10,False
2005-10-11,ITC,22.83,22.87,22.37,22.51,23083349,-0.893,23.48,21.63,17.91,47.051,0.3434,0.6805,-0.3371,25.7,21.25,18.947,2005,10,4,2005-10,False
2005-10-13,ITC,22.53,23.15,22.41,22.63,28565841,0.548,23.52,21.69,17.95,48.348,0.2742,0.5993,-0.325,25.64,21.39,18.069,2005,10,4,2005-10,False
2005-10-14,ITC,22.71,22.79,22.04,22.07,28884473,-2.454,23.52,21.74,17.98,43.221,0.1726,0.5139,-0.3413,25.65,21.39,18.102,2005,10,4,2005-10,False
2005-10-17,ITC,22.39,22.39,21.64,21.87,21312520,-0.919,23.51,21.77,18.01,41.491,0.0748,0.4261,-0.3513,25.67,21.35,18.372,2005,10,4,2005-10,False
2005-10-18,ITC,22.02,22.32,21.78,21.96,21419424,0.403,23.47,21.8,18.05,42.567,0.0044,0.3418,-0.3374,25.71,21.22,19.165,2005,10,4,2005-10,False
2005-10-19,ITC,21.79,21.86,21.16,21.2,25572241,-3.452,23.39,21.82,18.08,36.371,-0.1113,0.2512,-0.3625,25.84,20.95,20.913,2005,10,4,2005-10,False
2005-10-20,ITC,23.18,23.54,20.2,20.54,46466731,-3.118,23.18,21.82,18.11,31.996,-0.2534,0.1502,-0.4037,25.85,20.51,23.053,2005,10,4,2005-10,False
2005-10-21,ITC,20.28,21.49,20.28,21.39,37008836,4.12,23.05,21.85,18.14,41.667,-0.2944,0.0613,-0.3557,25.8,20.3,23.874,2005,10,4,2005-10,False
2005-10-24,ITC,21.49,21.68,20.58,20.65,28495928,-3.421,22.87,21.85,18.17,36.795,-0.3815,-0.0272,-0.3542,25.75,19.98,25.247,2005,10,4,2005-10,False
2005-10-25,ITC,20.97,21.32,20.72,20.83,23825106,0.854,22.65,21.86,18.2,38.657,-0.4313,-0.1081,-0.3232,25.44,19.85,24.693,2005,10,4,2005-10,False
2005-10-26,ITC,20.8,21.0,20.36,20.53,28778825,-1.439,22.42,21.88,18.23,36.679,-0.4893,-0.1843,-0.305,25.14,19.71,24.238,2005,10,4,2005-10,False
2005-10-27,ITC,20.63,20.89,20.28,20.4,39697612,-0.644,22.2,21.89,18.25,35.809,-0.5398,-0.2554,-0.2844,24.82,19.59,23.573,2005,10,4,2005-10,False
2005-10-28,ITC,20.45,20.49,20.17,20.35,31352625,-0.216,22.0,21.89,18.28,35.506,-0.5767,-0.3197,-0.257,24.53,19.48,22.959,2005,10,4,2005-10,False
2005-10-31,ITC,20.42,21.32,20.42,21.19,22390381,4.114,21.86,21.92,18.32,45.01,-0.5322,-0.3622,-0.17,24.2,19.51,21.443,2005,10,4,2005-10,False
2005-11-02,ITC,21.42,22.14,21.16,22.07,39427114,4.16,21.75,21.96,18.35,52.88,-0.4209,-0.3739,-0.047,23.84,19.66,19.199,2005,11,4,2005-11,False
2005-11-04,ITC,22.07,22.07,22.07,22.07,0,0.0,21.65,22.01,18.39,52.88,-0.329,-0.3649,0.0359,23.42,19.88,16.346,2005,11,4,2005-11,False
2005-11-07,ITC,21.42,22.35,21.42,22.24,20129123,0.759,21.6,22.05,18.43,54.321,-0.2398,-0.3399,0.1001,23.24,19.96,15.209,2005,11,4,2005-11,False
2005-11-08,ITC,22.35,22.48,22.04,22.33,18171904,0.396,21.59,22.1,18.47,55.099,-0.1602,-0.304,0.1437,23.21,19.97,15.033,2005,11,4,2005-11,False
2005-11-09,ITC,22.43,22.8,21.86,22.7,34691103,1.658,21.61,22.15,18.51,58.311,-0.0665,-0.2565,0.19,23.28,19.94,15.455,2005,11,4,2005-11,False
2005-11-10,ITC,22.76,22.76,22.43,22.5,15423678,-0.893,21.6,22.2,18.54,55.951,-0.0085,-0.2069,0.1984,23.25,19.96,15.215,2005,11,4,2005-11,False
2005-11-11,ITC,22.6,23.08,22.57,22.94,26212166,1.959,21.62,22.26,18.58,59.764,0.0722,-0.1511,0.2233,23.33,19.92,15.757,2005,11,4,2005-11,False
2005-11-14,ITC,23.08,23.25,22.44,22.62,25984327,-1.384,21.62,22.31,18.61,56.005,0.1093,-0.099,0.2083,23.33,19.92,15.748,2005,11,4,2005-11,False
2005-11-16,ITC,22.62,23.17,22.62,23.02,23911381,1.754,21.67,22.36,18.65,59.439,0.1688,-0.0454,0.2142,23.47,19.87,16.652,2005,11,4,2005-11,False
2005-11-17,ITC,23.06,23.18,22.77,22.96,17494031,-0.268,21.72,22.41,18.68,58.672,0.2086,0.0054,0.2032,23.62,19.83,17.424,2005,11,4,2005-11,False
2005-11-18,ITC,23.03,23.18,22.93,23.06,13373974,0.461,21.78,22.47,18.72,59.634,0.2458,0.0535,0.1923,23.76,19.8,18.213,2005,11,4,2005-11,False
2005-11-21,ITC,23.1,23.1,22.24,22.35,28911899,-3.096,21.84,22.49,18.75,51.004,0.2151,0.0858,0.1293,23.82,19.86,18.127,2005,11,4,2005-11,False
2005-11-22,ITC,22.64,22.88,21.99,22.06,25797376,-1.302,21.91,22.51,18.79,47.959,0.1655,0.1017,0.0638,23.8,20.03,17.194,2005,11,4,2005-11,False
2005-11-23,ITC,22.04,22.91,22.04,22.81,24527052,3.437,21.98,22.53,18.82,55.427,0.1852,0.1184,0.0668,23.89,20.08,17.357,2005,11,4,2005-11,False
2005-11-24,ITC,22.83,24.1,22.83,23.79,59874827,4.289,22.14,22.58,18.87,62.84,0.2766,0.1501,0.1265,24.1,20.18,17.73,2005,11,4,2005-11,False
2005-11-25,ITC,23.82,24.37,23.55,24.1,40862882,1.297,22.3,22.62,18.91,64.826,0.3696,0.194,0.1757,24.35,20.26,18.349,2005,11,4,2005-11,False
2005-11-28,ITC,24.15,24.71,24.15,24.55,45992817,1.865,22.51,22.67,18.96,67.548,0.4742,0.25,0.2242,24.61,20.4,18.677,2005,11,4,2005-11,False
2005-11-29,ITC,24.54,24.59,24.0,24.14,24417806,-1.688,22.69,22.71,19.0,62.73,0.5176,0.3035,0.2141,24.67,20.72,17.395,2005,11,4,2005-11,False
2005-11-30,ITC,24.15,24.42,23.63,23.71,18302280,-1.753,22.86,22.75,19.04,58.167,0.512,0.3452,0.1668,24.55,21.17,14.758,2005,11,4,2005-11,False
2005-12-01,ITC,23.8,24.06,23.37,23.94,16604632,0.967,23.0,22.78,19.09,59.87,0.5201,0.3802,0.1399,24.56,21.44,13.547,2005,12,4,2005-12,False
2005-12-02,ITC,24.06,24.49,24.06,24.24,17719939,1.252,23.11,22.81,19.13,62.046,0.5444,0.413,0.1313,24.69,21.52,13.749,2005,12,4,2005-12,False
2005-12-05,ITC,24.24,24.4,23.6,23.66,27729104,-2.4,23.19,22.83,19.17,55.729,0.5108,0.4326,0.0782,24.71,21.66,13.186,2005,12,4,2005-12,False
2005-12-06,ITC,23.77,23.89,23.36,23.55,16727210,-0.484,23.25,22.81,19.22,54.551,0.4695,0.44,0.0296,24.72,21.78,12.637,2005,12,4,2005-12,False
2005-12-07,ITC,23.63,24.22,23.58,23.9,26710815,1.498,23.33,22.8,19.26,57.526,0.46,0.444,0.016,24.76,21.9,12.25,2005,12,4,2005-12,False
2005-12-08,ITC,24.03,24.04,23.68,23.85,14370305,-0.184,23.39,22.8,19.31,57.024,0.4437,0.4439,-0.0002,24.8,21.97,12.101,2005,12,4,2005-12,False
2005-12-09,ITC,23.89,24.27,23.8,24.13,20271759,1.146,23.47,22.77,19.36,59.392,0.4478,0.4447,0.0031,24.86,22.08,11.817,2005,12,4,2005-12,False
2005-12-12,ITC,24.27,24.68,24.25,24.41,30814923,1.169,23.54,22.76,19.4,61.736,0.4683,0.4494,0.0189,24.97,22.12,12.095,2005,12,4,2005-12,False
2005-12-13,ITC,24.42,25.06,24.33,24.98,39967508,2.347,23.66,22.77,19.45,66.026,0.5248,0.4645,0.0603,25.15,22.17,12.612,2005,12,4,2005-12,False
2005-12-14,ITC,25.1,25.55,24.73,25.41,44248408,1.694,23.78,22.79,19.51,68.807,0.5968,0.491,0.1058,25.43,22.13,13.871,2005,12,4,2005-12,False
2005-12-15,ITC,25.48,25.56,24.31,24.74,22032976,-2.602,23.87,22.8,19.56,60.477,0.5937,0.5115,0.0822,25.52,22.21,13.868,2005,12,4,2005-12,False
2005-12-16,ITC,24.93,25.02,24.52,24.88,16263325,0.534,23.96,22.81,19.6,61.481,0.595,0.5282,0.0668,25.63,22.29,13.919,2005,12,4,2005-12,False
2005-12-19,ITC,24.95,25.64,24.95,25.53,16955539,2.622,24.12,22.84,19.65,66.063,0.6413,0.5508,0.0905,25.75,22.49,13.485,2005,12,4,2005-12,False
2005-12-20,ITC,25.65,25.74,25.0,25.29,16564121,-0.932,24.28,22.88,19.7,63.113,0.6513,0.5709,0.0804,25.67,22.89,11.435,2005,12,4,2005-12,False
2005-12-21,ITC,25.3,25.49,24.75,24.97,19542576,-1.255,24.39,22.93,19.75,59.31,0.6264,0.582,0.0444,25.62,23.15,10.131,2005,12,4,2005-12,False
2005-12-22,ITC,25.04,25.32,24.86,25.04,17900724,0.282,24.45,22.99,19.79,59.889,0.6053,0.5867,0.0187,25.69,23.22,10.102,2005,12,4,2005-12,False
2005-12-23,ITC,25.12,25.19,24.46,24.57,18633219,-1.901,24.47,23.02,19.84,54.28,0.544,0.5781,-0.0341,25.7,23.25,10.009,2005,12,4,2005-12,False
2005-12-26,ITC,24.56,24.68,24.01,24.25,17352172,-1.292,24.46,23.06,19.88,50.86,0.4644,0.5554,-0.091,25.69,23.23,10.043,2005,12,4,2005-12,False
2005-12-27,ITC,24.33,25.03,24.06,24.89,13792927,2.654,24.5,23.11,19.92,56.803,0.4481,0.5339,-0.0858,25.73,23.26,10.066,2005,12,4,2005-12,False
2005-12-28,ITC,24.95,25.08,24.27,24.41,24309563,-1.948,24.53,23.15,19.97,51.727,0.3915,0.5055,-0.1139,25.71,23.35,9.602,2005,12,4,2005-12,False
2005-12-29,ITC,24.51,24.76,24.45,24.58,16441730,0.686,24.56,23.21,20.01,53.28,0.3561,0.4756,-0.1195,25.71,23.42,9.319,2005,12,4,2005-12,False
2005-12-30,ITC,24.68,25.18,24.52,25.05,18216273,1.937,24.61,23.27,20.06,57.469,0.3623,0.4529,-0.0906,25.76,23.45,9.38,2005,12,4,2005-12,False
2006-01-02,ITC,25.04,25.17,23.27,24.7,11604273,-1.407,24.66,23.34,20.11,53.633,0.3349,0.4293,-0.0944,25.72,23.59,8.639,2006,1,1,2006-01,False
2006-01-03,ITC,24.85,25.43,24.74,25.23,19518160,2.141,24.74,23.43,20.16,58.146,0.3518,0.4138,-0.062,25.7,23.79,7.726,2006,1,1,2006-01,False
2006-01-04,ITC,25.39,26.22,25.39,25.91,38979651,2.69,24.84,23.52,20.21,63.108,0.4151,0.4141,0.0011,25.85,23.84,8.084,2006,1,1,2006-01,False
2006-01-05,ITC,25.93,26.22,25.48,25.64,14491269,-1.055,24.93,23.62,20.27,60.023,0.4383,0.4189,0.0193,25.88,23.98,7.62,2006,1,1,2006-01,False
2006-01-06,ITC,25.74,25.78,25.02,25.64,29840722,0.034,25.01,23.72,20.32,60.09,0.4521,0.4255,0.0265,25.93,24.08,7.371,2006,1,1,2006-01,False
2006-01-09,ITC,25.78,25.92,25.28,25.63,20201291,-0.069,25.07,23.82,20.37,59.872,0.4564,0.4317,0.0246,25.98,24.15,7.311,2006,1,1,2006-01,False
2006-01-10,ITC,25.69,25.83,25.12,25.19,15669323,-1.72,25.08,23.92,20.42,54.53,0.4193,0.4292,-0.0099,25.99,24.16,7.312,2006,1,1,2006-01,False
2006-01-12,ITC,25.21,25.74,24.73,25.49,16169454,1.225,25.08,24.02,20.48,57.395,0.4102,0.4254,-0.0153,26.01,24.16,7.37,2006,1,1,2006-01,False
2006-01-13,ITC,25.56,25.87,25.33,25.65,25544453,0.622,25.13,24.11,20.53,58.832,0.411,0.4225,-0.0116,26.07,24.18,7.51,2006,1,1,2006-01,False
2006-01-16,ITC,25.56,25.74,25.3,25.42,11861679,-0.893,25.15,24.17,20.58,55.9,0.3886,0.4158,-0.0271,26.1,24.21,7.511,2006,1,1,2006-01,False
2006-01-17,ITC,25.42,25.58,25.04,25.11,9281034,-1.214,25.13,24.24,20.63,52.132,0.3421,0.401,-0.0589,26.06,24.21,7.385,2006,1,1,2006-01,False
2006-01-18,ITC,25.04,25.11,23.99,24.92,11577962,-0.772,25.12,24.29,20.68,49.858,0.2863,0.3781,-0.0918,26.05,24.19,7.403,2006,1,1,2006-01,False
2006-01-19,ITC,25.04,25.43,24.97,25.23,12573901,1.238,25.13,24.35,20.73,53.345,0.2639,0.3552,-0.0914,26.06,24.2,7.39,2006,1,1,2006-01,False
2006-01-20,ITC,25.43,26.01,25.35,25.93,18981739,2.76,25.17,24.41,20.78,60.092,0.2989,0.344,-0.0451,26.17,24.18,7.891,2006,1,1,2006-01,False
2006-01-23,ITC,25.91,26.89,25.65,26.78,35218785,3.298,25.28,24.5,20.83,66.499,0.3911,0.3534,0.0377,26.47,24.1,9.37,2006,1,1,2006-01,False
2006-01-24,ITC,26.89,28.0,26.73,27.27,28205043,1.843,25.43,24.58,20.89,69.539,0.4983,0.3824,0.1159,26.82,24.05,10.89,2006,1,1,2006-01,False
2006-01-25,ITC,27.35,27.89,26.93,27.81,25043609,1.972,25.58,24.69,20.95,72.47,0.6195,0.4298,0.1897,27.3,23.86,13.447,2006,1,1,2006-01,False
2006-01-27,ITC,27.81,28.0,27.27,27.41,20144903,-1.458,25.73,24.78,21.0,67.218,0.675,0.4788,0.1962,27.54,23.92,14.073,2006,1,1,2006-01,False
2006-01-30,ITC,27.41,27.75,26.77,27.37,14515804,-0.129,25.87,24.86,21.06,66.765,0.708,0.5247,0.1834,27.74,24.0,14.429,2006,1,1,2006-01,False
2006-01-31,ITC,27.5,27.62,27.16,27.29,8126550,-0.29,25.98,24.95,21.12,65.691,0.7195,0.5636,0.1559,27.91,24.05,14.84,2006,1,1,2006-01,False
2006-02-01,ITC,27.33,27.57,27.06,27.34,17572381,0.161,26.11,25.05,21.17,66.018,0.7238,0.5957,0.1281,28.03,24.19,14.701,2006,2,1,2006-02,False
2006-02-02,ITC,27.33,27.64,27.24,27.45,19182794,0.419,26.22,25.16,21.23,66.901,0.7281,0.6221,0.1059,28.19,24.26,14.954,2006,2,1,2006-02,False
2006-02-03,ITC,27.41,27.45,26.78,26.88,11485961,-2.087,26.27,25.24,21.29,58.692,0.6774,0.6332,0.0442,28.25,24.3,15.041,2006,2,1,2006-02,False
2006-02-06,ITC,26.88,27.72,26.61,27.63,20230001,2.788,26.37,25.31,21.34,64.778,0.6897,0.6445,0.0452,28.41,24.33,15.473,2006,2,1,2006-02,False
2006-02-07,ITC,27.77,28.56,27.63,28.37,22985982,2.68,26.51,25.4,21.41,69.553,0.7506,0.6657,0.0849,28.7,24.32,16.549,2006,2,1,2006-02,False
2006-02-08,ITC,28.39,28.46,27.64,28.07,12638501,-1.057,26.63,25.47,21.47,65.672,0.7659,0.6858,0.0801,28.89,24.37,16.954,2006,2,1,2006-02,False
2006-02-10,ITC,28.08,28.92,28.08,28.76,18429983,2.45,26.81,25.56,21.53,69.831,0.824,0.7134,0.1106,29.15,24.47,17.452,2006,2,1,2006-02,False
2006-02-13,ITC,28.74,29.06,27.35,28.74,10847303,-0.061,26.97,25.66,21.59,69.598,0.8586,0.7424,0.1162,29.38,24.57,17.829,2006,2,1,2006-02,False
2006-02-14,ITC,28.74,29.04,28.39,28.84,16888128,0.337,27.13,25.76,21.66,70.186,0.8838,0.7707,0.1131,29.59,24.67,18.117,2006,2,1,2006-02,False
2006-02-15,ITC,28.93,30.27,28.93,30.12,44483164,4.463,27.37,25.88,21.72,76.65,0.9961,0.8158,0.1803,30.03,24.71,19.443,2006,2,1,2006-02,False
2006-02-16,ITC,30.17,30.41,29.21,29.32,21242028,-2.663,27.58,25.99,21.79,66.913,1.0087,0.8544,0.1543,30.15,25.0,18.674,2006,2,1,2006-02,False
2006-02-17,ITC,29.62,29.62,28.4,28.53,23005731,-2.706,27.76,26.09,21.85,58.939,0.9438,0.8723,0.0716,30.04,25.48,16.43,2006,2,1,2006-02,False
2006-02-20,ITC,28.47,28.79,27.79,28.71,25354496,0.649,27.93,26.19,21.91,60.133,0.897,0.8772,0.0198,29.91,25.95,14.177,2006,2,1,2006-02,False
2006-02-21,ITC,28.78,29.24,28.74,28.96,15353239,0.86,28.08,26.29,21.97,61.73,0.8698,0.8757,-0.0059,29.87,26.29,12.741,2006,2,1,2006-02,False
2006-02-22,ITC,28.91,29.05,28.61,28.84,12768460,-0.396,28.18,26.38,22.04,60.518,0.8294,0.8665,-0.0371,29.89,26.48,12.129,2006,2,1,2006-02,False
2006-02-23,ITC,28.91,29.62,28.84,29.27,20856271,1.467,28.28,26.48,22.1,63.378,0.8221,0.8576,-0.0355,30.0,26.57,12.148,2006,2,1,2006-02,False
2006-02-24,ITC,29.27,29.27,28.61,28.83,14772511,-1.506,28.34,26.56,22.16,58.614,0.7718,0.8404,-0.0686,30.05,26.62,12.135,2006,2,1,2006-02,False
2006-02-27,ITC,29.06,29.53,28.84,29.28,11539202,1.59,28.43,26.64,22.22,61.828,0.7602,0.8244,-0.0642,30.14,26.72,12.036,2006,2,1,2006-02,False
2006-02-28,ITC,29.53,30.97,28.68,30.4,60658759,3.823,28.58,26.75,22.29,68.302,0.8317,0.8258,0.0059,30.43,26.73,12.934,2006,2,1,2006-02,False
2006-03-01,ITC,30.41,31.01,30.35,30.65,26362407,0.812,28.75,26.86,22.35,69.529,0.898,0.8403,0.0577,30.71,26.79,13.651,2006,3,1,2006-03,False
2006-03-02,ITC,30.68,31.71,30.68,31.15,30503983,1.639,28.94,26.98,22.42,71.912,0.9797,0.8682,0.1116,31.06,26.82,14.651,2006,3,1,2006-03,False
2006-03-03,ITC,31.03,31.45,30.51,30.72,18614734,-1.387,29.1,27.09,22.49,67.056,0.9982,0.8942,0.104,31.24,26.96,14.713,2006,3,1,2006-03,False
2006-03-06,ITC,31.19,31.72,30.69,31.45,24737890,2.382,29.33,27.21,22.56,70.669,1.0596,0.9273,0.1324,31.45,27.21,14.439,2006,3,1,2006-03,False
2006-03-07,ITC,31.56,31.89,31.07,31.36,33191291,-0.308,29.52,27.34,22.63,69.58,1.088,0.9594,0.1286,31.66,27.38,14.515,2006,3,1,2006-03,False
2006-03-08,ITC,31.47,31.54,30.41,30.65,25047811,-2.249,29.63,27.46,22.7,62.086,1.0415,0.9758,0.0657,31.76,27.51,14.359,2006,3,1,2006-03,False
2006-03-09,ITC,30.65,30.94,29.81,30.53,21289914,-0.403,29.76,27.59,22.77,60.851,0.9834,0.9773,0.006,31.78,27.73,13.636,2006,3,1,2006-03,False
2006-03-10,ITC,30.84,31.65,30.68,31.38,14379869,2.801,29.89,27.72,22.84,65.911,0.9948,0.9808,0.014,31.98,27.79,14.021,2006,3,1,2006-03,False
2006-03-13,ITC,31.38,31.74,30.78,30.87,26359270,-1.629,29.99,27.85,22.91,60.847,0.9517,0.975,-0.0233,32.06,27.93,13.777,2006,3,1,2006-03,False
2006-03-14,ITC,31.17,31.56,30.86,31.01,15650115,0.457,30.1,27.98,22.97,61.72,0.9183,0.9637,-0.0454,32.14,28.06,13.543,2006,3,1,2006-03,False
2006-03-16,ITC,31.07,31.21,30.21,30.61,28989595,-1.308,30.13,28.09,23.04,57.731,0.8493,0.9408,-0.0915,32.18,28.08,13.615,2006,3,1,2006-03,False
2006-03-17,ITC,30.85,31.54,30.77,30.95,21372641,1.123,30.21,28.21,23.1,60.087,0.8131,0.9153,-0.1022,32.25,28.16,13.543,2006,3,1,2006-03,False
2006-03-20,ITC,30.92,31.38,30.92,31.24,12866686,0.94,30.34,28.33,23.17,62.016,0.7986,0.8919,-0.0934,32.28,28.41,12.74,2006,3,1,2006-03,False
2006-03-21,ITC,31.38,31.87,31.24,31.48,20384118,0.762,30.48,28.44,23.23,63.567,0.7971,0.8729,-0.0759,32.32,28.65,12.038,2006,3,1,2006-03,False
2006-03-22,ITC,31.38,31.54,30.97,31.19,9642250,-0.924,30.59,28.55,23.3,60.324,0.7636,0.8511,-0.0874,32.31,28.88,11.19,2006,3,1,2006-03,False
2006-03-23,ITC,31.37,31.78,31.22,31.54,12335431,1.131,30.73,28.67,23.37,62.801,0.7569,0.8322,-0.0754,32.28,29.18,10.079,2006,3,1,2006-03,False
2006-03-24,ITC,31.05,32.88,30.6,32.71,37525084,3.717,30.9,28.81,23.44,69.598,0.8365,0.8331,0.0034,32.53,29.27,10.542,2006,3,1,2006-03,False
2006-03-27,ITC,32.79,34.19,32.49,34.02,27296081,3.988,31.16,28.99,23.52,75.059,0.9934,0.8651,0.1282,33.03,29.29,12.023,2006,3,1,2006-03,False
2006-03-28,ITC,33.67,34.91,33.37,34.03,19881999,0.026,31.4,29.16,23.6,75.092,1.1057,0.9133,0.1924,33.46,29.33,13.15,2006,3,1,2006-03,False
2006-03-29,ITC,34.54,34.92,33.81,34.06,26489225,0.104,31.58,29.33,23.68,75.231,1.1839,0.9674,0.2165,33.91,29.26,14.727,2006,3,1,2006-03,False
2006-03-30,ITC,34.45,36.05,34.31,35.37,29641808,3.83,31.82,29.53,23.76,79.744,1.3358,1.0411,0.2947,34.65,28.99,17.791,2006,3,1,2006-03,False
2006-03-31,ITC,35.53,35.53,34.2,34.41,16419448,-2.717,31.98,29.71,23.84,69.675,1.3629,1.1054,0.2574,35.02,28.94,18.989,2006,3,1,2006-03,False
2006-04-03,ITC,34.49,35.23,34.38,35.13,12306877,2.101,32.2,29.92,23.93,72.489,1.4262,1.1696,0.2566,35.48,28.92,20.385,2006,4,2,2006-04,False
2006-04-04,ITC,35.09,36.13,34.91,35.98,22129206,2.409,32.43,30.13,24.02,75.371,1.5271,1.2411,0.286,36.09,28.76,22.612,2006,4,2,2006-04,False
2006-04-05,ITC,36.05,36.4,35.93,36.32,11937670,0.956,32.67,30.34,24.11,76.45,1.6162,1.3161,0.3001,36.69,28.66,24.585,2006,4,2,2006-04,False
2006-04-07,ITC,35.97,36.76,33.67,35.2,35996950,-3.083,32.9,30.51,24.2,66.267,1.5783,1.3685,0.2097,36.95,28.85,24.614,2006,4,2,2006-04,False
2006-04-10,ITC,35.61,35.77,34.65,35.1,22821444,-0.275,33.13,30.67,24.28,65.454,1.5228,1.3994,0.1234,37.13,29.13,24.155,2006,4,2,2006-04,False
2006-04-12,ITC,35.1,35.6,33.67,33.89,34873499,-3.466,33.26,30.79,24.36,56.144,1.365,1.3925,-0.0275,37.18,29.33,23.618,2006,4,2,2006-04,False
2006-04-13,ITC,33.85,34.47,32.09,33.3,38864193,-1.743,33.38,30.91,24.44,52.258,1.1787,1.3498,-0.1711,37.14,29.61,22.552,2006,4,2,2006-04,False
2006-04-17,ITC,33.33,34.12,33.33,34.02,13859045,2.171,33.53,31.04,24.52,56.25,1.0769,1.2952,-0.2183,37.13,29.92,21.492,2006,4,2,2006-04,False
2006-04-18,ITC,34.12,35.17,34.12,34.87,14792516,2.514,33.74,31.19,24.6,60.461,1.0531,1.2468,-0.1936,37.11,30.37,19.992,2006,4,2,2006-04,False
2006-04-19,ITC,34.91,35.61,34.49,34.97,16998290,0.278,33.94,31.34,24.69,60.92,1.0302,1.2035,-0.1732,37.09,30.8,18.528,2006,4,2,2006-04,False
2006-04-20,ITC,35.0,35.61,34.62,35.37,19340917,1.134,34.15,31.5,24.77,62.823,1.0322,1.1692,-0.137,37.08,31.21,17.177,2006,4,2,2006-04,False
2006-04-21,ITC,35.61,35.97,34.75,35.33,24065956,-0.1,34.34,31.67,24.85,62.531,1.0191,1.1392,-0.12,37.03,31.65,15.674,2006,4,2,2006-04,False
2006-04-24,ITC,35.28,36.04,35.23,35.88,22880069,1.547,34.57,31.84,24.94,65.225,1.0409,1.1195,-0.0786,36.9,32.25,13.466,2006,4,2,2006-04,False
2006-04-25,ITC,35.88,35.97,34.64,34.79,16646583,-3.047,34.74,31.96,25.02,56.481,0.9589,1.0874,-0.1285,36.58,32.9,10.587,2006,4,2,2006-04,False
2006-04-26,ITC,34.91,35.69,34.47,35.53,21935977,2.154,34.88,32.11,25.1,60.4,0.9435,1.0586,-0.1151,36.48,33.27,9.194,2006,4,2,2006-04,False
2006-04-27,ITC,35.69,36.5,35.37,35.76,37287259,0.62,34.96,32.25,25.18,61.498,0.9383,1.0346,-0.0963,36.56,33.37,9.126,2006,4,2,2006-04,False
2006-04-28,ITC,34.74,35.68,33.54,35.42,17372348,-0.937,35.03,32.39,25.26,58.827,0.8968,1.007,-0.1102,36.58,33.49,8.814,2006,4,2,2006-04,False
2006-05-02,ITC,36.05,37.0,35.97,36.58,25902955,3.285,35.16,32.54,25.35,64.581,0.9468,0.995,-0.0481,36.78,33.54,9.214,2006,5,2,2006-05,False
2006-05-03,ITC,36.67,37.47,36.67,36.83,20623210,0.675,35.23,32.68,25.44,65.677,0.995,0.995,-0.0,37.02,33.45,10.122,2006,5,2,2006-05,False
2006-05-04,ITC,36.85,37.36,36.59,36.92,21768626,0.239,35.36,32.83,25.52,66.08,1.0284,1.0016,0.0267,37.25,33.47,10.684,2006,5,2,2006-05,False
2006-05-05,ITC,37.17,37.36,36.6,36.75,9542176,-0.454,35.44,32.99,25.61,64.528,1.0295,1.0072,0.0223,37.42,33.46,11.197,2006,5,2,2006-05,False
2006-05-08,ITC,37.13,37.13,36.42,36.64,9349134,-0.312,35.47,33.15,25.69,63.43,1.0094,1.0077,0.0018,37.52,33.43,11.518,2006,5,2,2006-05,False
2006-05-09,ITC,36.66,36.85,35.92,36.38,15978362,-0.698,35.48,33.3,25.77,60.939,0.9619,0.9985,-0.0366,37.52,33.43,11.548,2006,5,2,2006-05,False
2006-05-10,ITC,36.5,36.67,36.03,36.15,7804742,-0.63,35.52,33.45,25.85,58.712,0.8953,0.9779,-0.0825,37.59,33.46,11.629,2006,5,2,2006-05,False
2006-05-11,ITC,36.3,36.94,35.79,35.92,15955550,-0.634,35.56,33.58,25.93,56.49,0.8147,0.9452,-0.1305,37.63,33.5,11.601,2006,5,2,2006-05,False
2006-05-12,ITC,35.79,35.86,34.91,35.53,12722892,-1.104,35.65,33.71,26.0,52.766,0.7106,0.8983,-0.1877,37.55,33.74,10.697,2006,5,2,2006-05,False
2006-05-15,ITC,35.42,35.42,33.15,33.67,22324301,-5.211,35.67,33.8,26.07,39.637,0.4733,0.8133,-0.34,37.48,33.85,10.169,2006,5,2,2006-05,False
2006-05-16,ITC,34.03,34.82,32.62,34.34,29447887,1.99,35.68,33.88,26.15,44.973,0.3354,0.7177,-0.3823,37.44,33.93,9.842,2006,5,2,2006-05,False
2006-05-17,ITC,34.73,36.14,34.56,36.02,29578802,4.877,35.74,33.99,26.23,55.552,0.3572,0.6456,-0.2884,37.46,34.02,9.621,2006,5,2,2006-05,False
2006-05-18,ITC,36.32,36.32,33.34,33.7,29866198,-6.437,35.68,34.04,26.3,43.178,0.1852,0.5536,-0.3683,37.6,33.76,10.767,2006,5,2,2006-05,False
2006-05-19,ITC,33.87,35.06,31.3,31.72,27220252,-5.885,35.49,34.06,26.36,35.826,-0.1098,0.4209,-0.5307,38.11,32.88,14.723,2006,5,2,2006-05,False
2006-05-22,ITC,32.09,32.97,25.56,30.25,35166836,-4.641,35.24,34.03,26.41,31.534,-0.4572,0.2453,-0.7025,38.75,31.73,19.943,2006,5,2,2006-05,False
2006-05-23,ITC,30.5,31.87,28.74,31.38,35050963,3.76,35.01,34.03,26.47,37.739,-0.6334,0.0695,-0.703,38.91,31.12,22.254,2006,5,2,2006-05,False
2006-05-24,ITC,31.58,32.68,30.15,30.7,43575782,-2.191,34.81,34.03,26.52,35.636,-0.8191,-0.1082,-0.7109,39.16,30.46,24.991,2006,5,2,2006-05,False
2006-05-25,ITC,30.5,32.61,29.44,31.98,28801946,4.193,34.63,34.06,26.58,42.136,-0.8526,-0.2571,-0.5955,39.14,30.12,26.057,2006,5,2,2006-05,False
2006-05-26,ITC,32.44,33.5,31.53,32.3,31385400,0.992,34.46,34.08,26.65,43.647,-0.8438,-0.3744,-0.4694,39.05,29.86,26.668,2006,5,2,2006-05,False
2006-05-29,ITC,32.44,32.78,31.05,31.37,24777105,-2.866,34.26,34.09,26.71,40.338,-0.9012,-0.4798,-0.4214,39.03,29.49,27.847,2006,5,2,2006-05,False
2006-05-30,ITC,31.56,32.09,30.8,31.12,20419267,-0.815,33.98,34.09,26.76,39.448,-0.9562,-0.5751,-0.3811,38.82,29.15,28.45,2006,5,2,2006-05,False
2006-05-31,ITC,30.68,30.68,28.35,29.16,48798406,-6.289,33.6,34.07,26.81,33.38,-1.1445,-0.689,-0.4556,38.69,28.51,30.316,2006,5,2,2006-05,False
2006-06-01,ITC,29.62,30.15,28.02,28.24,42262794,-3.174,33.17,34.01,26.84,30.955,-1.3529,-0.8217,-0.5311,38.54,27.79,32.411,2006,6,2,2006-06,False
2006-06-02,ITC,28.39,29.21,27.62,28.98,32989507,2.654,32.78,33.97,26.89,35.068,-1.4409,-0.9456,-0.4954,38.18,27.37,32.987,2006,6,2,2006-06,False
2006-06-05,ITC,29.95,29.95,27.87,28.22,33161794,-2.646,32.36,33.9,26.93,32.907,-1.5547,-1.0674,-0.4873,37.81,26.9,33.698,2006,6,2,2006-06,False
2006-06-06,ITC,26.45,28.11,25.74,26.9,47486023,-4.686,31.88,33.81,26.96,29.529,-1.7316,-1.2002,-0.5313,37.51,26.26,35.288,2006,6,2,2006-06,False
2006-06-07,ITC,26.45,27.37,25.92,26.76,34605282,-0.492,31.41,33.72,26.99,29.206,-1.861,-1.3324,-0.5286,37.1,25.72,36.238,2006,6,2,2006-06,False
2006-06-08,ITC,26.62,26.89,24.77,26.03,46234723,-2.734,30.92,33.59,27.02,27.419,-1.9995,-1.4658,-0.5337,36.68,25.16,37.262,2006,6,2,2006-06,False
2006-06-09,ITC,26.09,28.51,26.09,28.3,35639061,8.703,30.56,33.47,27.07,39.717,-1.9045,-1.5536,-0.351,36.0,25.12,35.615,2006,6,2,2006-06,False
2006-06-12,ITC,28.39,28.39,26.98,27.22,22602998,-3.801,30.23,33.33,27.1,36.551,-1.8942,-1.6217,-0.2725,35.66,24.81,35.908,2006,6,2,2006-06,False
2006-06-13,ITC,26.98,26.98,25.6,25.78,31669192,-5.279,29.81,33.17,27.13,32.79,-1.9792,-1.6932,-0.286,35.22,24.39,36.325,2006,6,2,2006-06,False
2006-06-14,ITC,26.11,27.15,25.41,25.98,32037299,0.752,29.3,32.98,27.16,33.78,-2.0077,-1.7561,-0.2516,34.12,24.49,32.876,2006,6,2,2006-06,False
2006-06-15,ITC,26.27,27.86,26.27,27.43,27212912,5.599,28.99,32.84,27.2,40.823,-1.8912,-1.7831,-0.108,33.4,24.58,30.431,2006,6,2,2006-06,False
2006-06-16,ITC,28.21,29.57,27.86,28.77,42604674,4.884,28.84,32.72,27.24,46.471,-1.6714,-1.7608,0.0894,33.06,24.62,29.263,2006,6,2,2006-06,False
2006-06-19,ITC,28.39,29.27,28.24,29.01,19146725,0.827,28.78,32.58,27.29,47.431,-1.4612,-1.7008,0.2397,32.95,24.61,28.975,2006,6,2,2006-06,False
2006-06-20,ITC,28.56,29.18,27.9,28.5,22065773,-1.762,28.64,32.42,27.33,45.542,-1.3206,-1.6248,0.3042,32.62,24.65,27.842,2006,6,2,2006-06,False
2006-06-21,ITC,28.39,30.08,28.21,29.75,25660728,4.392,28.59,32.31,27.38,50.717,-1.0956,-1.519,0.4234,32.5,24.69,27.321,2006,6,2,2006-06,False
2006-06-22,ITC,29.8,30.78,29.8,30.12,16341503,1.244,28.5,32.21,27.43,52.165,-0.8773,-1.3906,0.5134,32.14,24.85,25.585,2006,6,2,2006-06,False
2006-06-23,ITC,29.8,30.32,29.18,30.11,16904911,-0.029,28.39,32.14,27.48,52.126,-0.6969,-1.2519,0.555,31.67,25.11,23.095,2006,6,2,2006-06,False
2006-06-26,ITC,30.49,30.49,29.02,29.32,13341613,-2.635,28.29,32.06,27.52,48.581,-0.611,-1.1237,0.5127,31.29,25.28,21.222,2006,6,2,2006-06,False
2006-06-27,ITC,29.44,31.16,29.09,31.02,34026776,5.803,28.28,32.0,27.58,55.56,-0.4009,-0.9791,0.5782,31.26,25.3,21.091,2006,6,2,2006-06,False
2006-06-28,ITC,30.59,31.47,30.08,31.22,26212394,0.625,28.38,31.92,27.63,56.289,-0.2163,-0.8266,0.6102,31.62,25.14,22.832,2006,6,2,2006-06,False
2006-06-29,ITC,31.38,31.74,30.68,30.99,28074452,-0.706,28.52,31.84,27.68,55.182,-0.0868,-0.6786,0.5918,31.96,25.08,24.139,2006,6,2,2006-06,False
2006-06-30,ITC,30.02,32.44,30.02,32.16,25397559,3.754,28.68,31.78,27.74,59.689,0.1084,-0.5212,0.6297,32.49,24.87,26.539,2006,6,2,2006-06,False
2006-07-03,ITC,32.26,32.95,32.03,32.62,17576372,1.425,28.9,31.72,27.79,61.338,0.2968,-0.3576,0.6544,33.08,24.72,28.948,2006,7,3,2006-07,False
2006-07-04,ITC,32.62,32.94,31.43,31.54,23679436,-3.297,29.13,31.64,27.84,55.591,0.3551,-0.2151,0.5702,33.36,24.9,29.039,2006,7,3,2006-07,False
2006-07-05,ITC,31.56,32.62,31.24,32.56,23996460,3.214,29.42,31.59,27.89,59.448,0.4777,-0.0765,0.5542,33.76,25.08,29.493,2006,7,3,2006-07,False
2006-07-06,ITC,32.26,32.44,31.77,32.01,9492558,-1.679,29.72,31.52,27.94,56.594,0.5247,0.0437,0.481,33.9,25.55,28.099,2006,7,3,2006-07,False
2006-07-07,ITC,32.35,32.52,30.68,30.87,16486497,-3.553,29.85,31.43,27.99,51.098,0.4648,0.1279,0.3369,34.0,25.7,27.803,2006,7,3,2006-07,False
2006-07-10,ITC,31.35,31.51,30.7,31.36,14806926,1.597,30.06,31.34,28.03,53.219,0.4519,0.1927,0.2592,34.07,26.05,26.672,2006,7,3,2006-07,False
2006-07-11,ITC,31.51,31.67,31.17,31.53,10071802,0.514,30.34,31.24,28.08,53.923,0.4495,0.2441,0.2054,33.86,26.83,23.146,2006,7,3,2006-07,False
2006-07-12,ITC,31.17,32.67,30.81,32.5,24508343,3.097,30.67,31.16,28.13,58.04,0.5204,0.2993,0.221,33.65,27.69,19.403,2006,7,3,2006-07,False
2006-07-13,ITC,32.58,32.83,32.09,32.45,24843270,-0.165,30.92,31.07,28.18,57.734,0.5657,0.3526,0.2131,33.58,28.27,17.173,2006,7,3,2006-07,False
2006-07-14,ITC,32.24,32.24,31.44,31.62,13838355,-2.539,31.06,30.96,28.21,53.113,0.529,0.3879,0.1411,33.53,28.59,15.898,2006,7,3,2006-07,False
2006-07-17,ITC,31.35,31.62,30.67,30.83,10628598,-2.521,31.15,30.85,28.25,49.025,0.4307,0.3965,0.0342,33.43,28.88,14.622,2006,7,3,2006-07,False
2006-07-18,ITC,31.35,31.35,30.0,30.39,14342788,-1.424,31.25,30.73,28.28,46.886,0.3137,0.3799,-0.0662,33.2,29.3,12.461,2006,7,3,2006-07,False
2006-07-19,ITC,30.89,31.17,29.8,30.0,16392040,-1.267,31.26,30.61,28.3,45.029,0.1878,0.3415,-0.1537,33.17,29.35,12.215,2006,7,3,2006-07,False
2006-07-20,ITC,30.45,31.53,30.45,31.36,16095005,4.507,31.32,30.51,28.33,52.19,0.1948,0.3122,-0.1173,33.16,29.49,11.701,2006,7,3,2006-07,False
2006-07-21,ITC,31.7,31.7,29.82,29.97,28770024,-4.427,31.32,30.4,28.36,45.62,0.0874,0.2672,-0.1798,33.17,29.46,11.84,2006,7,3,2006-07,False
2006-07-24,ITC,29.95,29.95,28.88,29.44,23182233,-1.763,31.32,30.32,28.38,43.381,-0.0399,0.2058,-0.2457,33.15,29.49,11.669,2006,7,3,2006-07,False
2006-07-25,ITC,30.27,31.35,29.2,29.39,29108904,-0.152,31.24,30.22,28.41,43.188,-0.1427,0.1361,-0.2788,33.26,29.22,12.923,2006,7,3,2006-07,False
2006-07-26,ITC,29.38,30.26,29.38,30.09,26153522,2.377,31.18,30.1,28.44,47.147,-0.166,0.0757,-0.2417,33.27,29.1,13.359,2006,7,3,2006-07,False
2006-07-27,ITC,30.09,30.59,29.23,29.9,44403705,-0.625,31.13,30.02,28.47,46.213,-0.1973,0.0211,-0.2184,33.29,28.97,13.874,2006,7,3,2006-07,False
2006-07-28,ITC,30.18,30.43,29.39,29.47,19161948,-1.438,31.0,29.98,28.5,44.065,-0.2539,-0.0339,-0.22,33.22,28.77,14.343,2006,7,3,2006-07,False
2006-07-31,ITC,29.73,30.27,29.73,29.99,13093585,1.732,30.86,29.97,28.54,47.203,-0.2546,-0.078,-0.1765,32.99,28.74,13.79,2006,7,3,2006-07,False
2006-08-01,ITC,30.04,30.45,29.68,30.32,13279704,1.105,30.8,29.95,28.58,49.196,-0.2258,-0.1076,-0.1182,32.92,28.69,13.742,2006,8,3,2006-08,False
2006-08-02,ITC,30.36,31.14,30.07,31.06,15516926,2.452,30.73,29.96,28.62,53.441,-0.1414,-0.1144,-0.027,32.68,28.77,12.726,2006,8,3,2006-08,False
2006-08-03,ITC,31.15,31.51,30.57,30.8,17833887,-0.836,30.67,29.94,28.66,51.812,-0.0944,-0.1104,0.016,32.53,28.81,12.136,2006,8,3,2006-08,False
2006-08-04,ITC,30.99,31.1,30.05,30.13,17283287,-2.181,30.63,29.89,28.7,47.758,-0.11,-0.1103,0.0003,32.5,28.76,12.232,2006,8,3,2006-08,False
2006-08-07,ITC,30.13,30.34,29.89,30.16,10626443,0.119,30.57,29.87,28.74,47.991,-0.1182,-0.1119,-0.0063,32.42,28.72,12.111,2006,8,3,2006-08,False
2006-08-08,ITC,30.25,30.95,30.16,30.85,9798987,2.286,30.54,29.86,28.78,52.406,-0.0682,-0.1031,0.0349,32.34,28.73,11.801,2006,8,3,2006-08,False
2006-08-09,ITC,30.93,32.13,30.54,32.03,18218273,3.803,30.51,29.92,28.84,58.812,0.0653,-0.0694,0.1348,32.22,28.81,11.16,2006,8,3,2006-08,False
2006-08-10,ITC,32.22,32.22,31.35,31.58,16618552,-1.398,30.47,29.99,28.89,55.729,0.1335,-0.0289,0.1623,32.0,28.94,10.045,2006,8,3,2006-08,False
2006-08-11,ITC,31.53,32.05,31.17,31.39,7093094,-0.596,30.46,30.04,28.94,54.438,0.1703,0.011,0.1593,31.95,28.96,9.826,2006,8,3,2006-08,False
2006-08-14,ITC,31.65,32.15,31.61,31.98,9095532,1.883,30.52,30.11,28.99,57.75,0.2444,0.0577,0.1868,32.15,28.88,10.742,2006,8,3,2006-08,False
2006-08-16,ITC,32.28,32.65,32.26,32.4,13942688,1.316,30.62,30.22,29.05,59.982,0.3333,0.1128,0.2205,32.46,28.77,12.028,2006,8,3,2006-08,False
2006-08-17,ITC,32.42,32.74,32.01,32.44,12332300,0.111,30.74,30.34,29.11,60.174,0.4019,0.1706,0.2313,32.72,28.75,12.929,2006,8,3,2006-08,False
2006-08-18,ITC,32.47,32.76,32.06,32.2,8155132,-0.745,30.78,30.46,29.17,58.139,0.4319,0.2229,0.209,32.86,28.7,13.488,2006,8,3,2006-08,False
2006-08-21,ITC,32.3,32.58,31.7,32.38,10308044,0.556,30.9,30.54,29.23,59.239,0.4647,0.2712,0.1935,33.06,28.75,13.95,2006,8,3,2006-08,False
2006-08-22,ITC,32.42,32.83,32.42,32.58,7094851,0.636,31.06,30.65,29.29,60.523,0.5015,0.3173,0.1842,33.22,28.89,13.942,2006,8,3,2006-08,False
2006-08-23,ITC,32.42,32.6,31.93,32.03,7907054,-1.704,31.19,30.77,29.34,55.45,0.4804,0.3499,0.1305,33.25,29.13,13.188,2006,8,3,2006-08,False
2006-08-24,ITC,31.72,32.32,31.44,32.25,7804425,0.699,31.3,30.9,29.4,57.015,0.4762,0.3752,0.101,33.34,29.26,13.041,2006,8,3,2006-08,False
2006-08-25,ITC,32.33,32.64,32.08,32.27,9560828,0.056,31.42,30.99,29.45,57.144,0.4689,0.3939,0.075,33.39,29.44,12.566,2006,8,3,2006-08,False
2006-08-28,ITC,32.24,32.58,32.15,32.26,9277589,-0.028,31.55,31.06,29.5,57.052,0.4572,0.4066,0.0506,33.34,29.77,11.288,2006,8,3,2006-08,False
2006-08-29,ITC,32.24,33.17,32.24,33.07,18173680,2.526,31.71,31.15,29.55,62.941,0.5078,0.4268,0.081,33.45,29.97,10.996,2006,8,3,2006-08,False
2006-08-30,ITC,33.14,33.66,32.73,33.56,15144466,1.462,31.87,31.25,29.6,65.928,0.5802,0.4575,0.1227,33.67,30.07,11.296,2006,8,3,2006-08,False
2006-08-31,ITC,33.84,34.5,33.57,34.3,40181732,2.215,32.03,31.34,29.66,69.937,0.6896,0.5039,0.1857,34.09,29.98,12.848,2006,8,3,2006-08,False
2006-09-01,ITC,34.14,34.57,33.82,33.95,17591451,-1.018,32.19,31.41,29.72,66.007,0.7397,0.5511,0.1886,34.33,30.05,13.304,2006,9,3,2006-09,False
2006-09-04,ITC,34.17,34.46,33.87,34.06,8407091,0.317,32.39,31.49,29.78,66.628,0.779,0.5966,0.1823,34.45,30.32,12.749,2006,9,3,2006-09,False
2006-09-05,ITC,34.26,34.26,33.5,33.62,11041934,-1.288,32.56,31.58,29.83,61.67,0.7659,0.6305,0.1354,34.41,30.71,11.354,2006,9,3,2006-09,False
2006-09-06,ITC,33.76,34.25,33.51,33.87,13963443,0.746,32.71,31.64,29.88,63.348,0.767,0.6578,0.1092,34.46,30.96,10.712,2006,9,3,2006-09,False
2006-09-07,ITC,33.68,33.78,33.16,33.31,9155977,-1.666,32.78,31.68,29.93,57.272,0.714,0.669,0.045,34.52,31.04,10.62,2006,9,3,2006-09,False
2006-09-08,ITC,33.5,33.85,33.06,33.67,17225017,1.076,32.88,31.73,29.99,59.902,0.693,0.6738,0.0192,34.57,31.19,10.267,2006,9,3,2006-09,False
2006-09-11,ITC,34.0,34.03,32.37,32.62,16672056,-3.113,32.94,31.74,30.04,50.174,0.585,0.6561,-0.071,34.48,31.4,9.368,2006,9,3,2006-09,False
2006-09-12,ITC,32.58,32.76,31.53,32.54,17153793,-0.247,32.97,31.74,30.09,49.508,0.4873,0.6223,-0.135,34.46,31.48,9.035,2006,9,3,2006-09,False
2006-09-13,ITC,32.78,33.2,32.6,32.75,16417638,0.661,32.99,31.76,30.14,51.362,0.4224,0.5823,-0.1599,34.46,31.52,8.91,2006,9,3,2006-09,False
2006-09-14,ITC,32.6,33.12,32.6,32.8,7899773,0.137,33.0,31.77,30.18,51.759,0.3703,0.5399,-0.1697,34.45,31.55,8.787,2006,9,3,2006-09,False
2006-09-15,ITC,32.78,32.89,32.47,32.68,10213824,-0.355,33.03,31.78,30.22,50.601,0.3159,0.4951,-0.1792,34.44,31.62,8.532,2006,9,3,2006-09,False
2006-09-18,ITC,33.3,33.68,32.81,33.54,16102700,2.631,33.09,31.83,30.27,58.062,0.3383,0.4638,-0.1254,34.48,31.69,8.412,2006,9,3,2006-09,False
2006-09-19,ITC,33.68,33.93,32.78,32.98,10404286,-1.682,33.11,31.87,30.32,52.462,0.307,0.4324,-0.1254,34.48,31.73,8.292,2006,9,3,2006-09,False
2006-09-20,ITC,32.99,33.68,32.44,33.55,13311981,1.738,33.18,31.91,30.36,56.999,0.3247,0.4109,-0.0862,34.47,31.9,7.756,2006,9,3,2006-09,False
2006-09-21,ITC,33.76,34.21,33.68,34.15,12902693,1.789,33.28,31.94,30.41,61.177,0.3828,0.4053,-0.0225,34.55,32.0,7.678,2006,9,3,2006-09,False
2006-09-22,ITC,34.38,34.38,33.5,33.68,14893734,-1.39,33.35,31.97,30.46,56.501,0.386,0.4014,-0.0154,34.54,32.15,7.173,2006,9,3,2006-09,False
2006-09-25,ITC,33.68,33.85,32.97,33.04,14549884,-1.888,33.39,31.99,30.51,50.889,0.3334,0.3878,-0.0544,34.48,32.29,6.549,2006,9,3,2006-09,False
2006-09-26,ITC,33.23,33.23,32.39,32.91,31655094,-0.38,33.38,32.04,30.56,49.838,0.2784,0.3659,-0.0875,34.48,32.27,6.622,2006,9,3,2006-09,False
2006-09-27,ITC,33.09,33.65,33.09,33.25,15480455,1.034,33.36,32.09,30.6,52.694,0.2593,0.3446,-0.0853,34.47,32.26,6.613,2006,9,3,2006-09,False
2006-09-28,ITC,33.32,33.39,32.8,33.01,11659811,-0.727,33.3,32.15,30.65,50.494,0.2221,0.3201,-0.098,34.32,32.28,6.125,2006,9,3,2006-09,False
2006-09-29,ITC,33.25,33.75,33.04,33.62,11773145,1.845,33.28,32.2,30.69,55.53,0.239,0.3039,-0.0649,34.27,32.3,5.92,2006,9,3,2006-09,False
2006-10-03,ITC,33.32,34.02,33.16,33.65,8539760,0.08,33.26,32.27,30.74,55.744,0.2516,0.2934,-0.0418,34.19,32.33,5.608,2006,10,4,2006-10,False
2006-10-04,ITC,33.68,33.71,32.91,33.15,12659812,-1.491,33.24,32.35,30.77,50.829,0.2186,0.2785,-0.0598,34.16,32.32,5.524,2006,10,4,2006-10,False
2006-10-05,ITC,33.17,33.68,33.17,33.53,7483094,1.162,33.22,32.43,30.82,54.17,0.221,0.267,-0.0459,34.1,32.34,5.301,2006,10,4,2006-10,False
2006-10-06,ITC,33.74,33.74,33.0,33.06,13073776,-1.416,33.21,32.49,30.86,49.689,0.1825,0.2501,-0.0675,34.09,32.33,5.314,2006,10,4,2006-10,False
2006-10-09,ITC,33.14,33.44,32.78,33.09,8294739,0.108,33.18,32.55,30.9,50.025,0.1532,0.2307,-0.0775,34.04,32.32,5.164,2006,10,4,2006-10,False
2006-10-10,ITC,33.32,33.32,32.99,33.16,8579966,0.189,33.21,32.63,30.94,50.646,0.1334,0.2112,-0.0779,34.02,32.39,4.91,2006,10,4,2006-10,False
2006-10-11,ITC,33.14,33.49,32.96,33.23,14092112,0.216,33.24,32.69,30.98,51.39,0.1221,0.1934,-0.0713,33.99,32.49,4.524,2006,10,4,2006-10,False
2006-10-12,ITC,33.35,33.44,32.8,33.33,10944349,0.296,33.27,32.75,31.02,52.451,0.1197,0.1787,-0.059,33.99,32.55,4.307,2006,10,4,2006-10,False
2006-10-13,ITC,33.68,34.12,33.36,33.81,15302047,1.451,33.32,32.81,31.07,57.37,0.1551,0.174,-0.0189,34.04,32.6,4.315,2006,10,4,2006-10,False
2006-10-16,ITC,34.21,34.96,33.97,34.87,23840948,3.126,33.43,32.89,31.12,65.716,0.2653,0.1922,0.0731,34.37,32.49,5.623,2006,10,4,2006-10,False
2006-10-17,ITC,35.23,35.23,34.47,34.71,10843041,-0.462,33.49,32.98,31.17,63.669,0.3358,0.2209,0.1149,34.59,32.39,6.567,2006,10,4,2006-10,False
2006-10-18,ITC,34.75,35.02,34.37,34.86,12322813,0.439,33.58,33.07,31.22,64.785,0.3993,0.2566,0.1427,34.81,32.35,7.322,2006,10,4,2006-10,False
2006-10-19,ITC,34.86,35.04,33.85,34.15,12496215,-2.03,33.61,33.14,31.27,56.152,0.3881,0.2829,0.1052,34.87,32.36,7.468,2006,10,4,2006-10,False
2006-10-20,ITC,34.03,34.57,33.1,33.38,13613867,-2.255,33.57,33.16,31.31,48.565,0.3135,0.289,0.0244,34.81,32.34,7.343,2006,10,4,2006-10,False
2006-10-23,ITC,33.87,33.87,33.01,33.13,6855958,-0.751,33.55,33.2,31.35,46.369,0.2314,0.2775,-0.0461,34.79,32.3,7.437,2006,10,4,2006-10,False
2006-10-26,ITC,33.32,33.44,32.6,32.98,28042673,-0.46,33.54,33.23,31.39,45.037,0.1523,0.2525,-0.1001,34.8,32.29,7.471,2006,10,4,2006-10,False
2006-10-27,ITC,33.4,33.74,33.14,33.62,11059213,1.955,33.58,33.26,31.43,51.403,0.1401,0.23,-0.0899,34.8,32.36,7.253,2006,10,4,2006-10,False
2006-10-30,ITC,33.85,34.03,33.41,33.58,11456653,-0.133,33.59,33.28,31.47,50.962,0.1253,0.2091,-0.0837,34.8,32.39,7.192,2006,10,4,2006-10,False
2006-10-31,ITC,33.68,34.22,33.6,34.03,13377921,1.36,33.65,33.32,31.51,55.19,0.1488,0.197,-0.0482,34.84,32.45,7.078,2006,10,4,2006-10,False
2006-11-01,ITC,34.21,34.39,34.02,34.18,8720633,0.421,33.67,33.36,31.55,56.458,0.1769,0.193,-0.0161,34.89,32.46,7.21,2006,11,4,2006-11,False
2006-11-02,ITC,34.08,34.25,33.68,33.76,6258955,-1.205,33.68,33.38,31.6,51.909,0.164,0.1872,-0.0232,34.89,32.46,7.213,2006,11,4,2006-11,False
2006-11-03,ITC,33.85,33.89,33.36,33.56,8174940,-0.61,33.7,33.4,31.64,49.751,0.1356,0.1769,-0.0412,34.89,32.51,7.064,2006,11,4,2006-11,False
2006-11-06,ITC,33.64,34.35,33.29,34.26,15655916,2.082,33.74,33.45,31.68,56.375,0.1676,0.175,-0.0074,34.95,32.52,7.19,2006,11,4,2006-11,False
2006-11-07,ITC,34.39,34.53,33.69,33.84,10899694,-1.229,33.77,33.48,31.72,51.933,0.1571,0.1714,-0.0143,34.95,32.6,6.93,2006,11,4,2006-11,False
2006-11-08,ITC,33.93,33.98,33.03,33.22,15349830,-1.826,33.78,33.5,31.76,46.179,0.0978,0.1567,-0.0589,34.94,32.63,6.845,2006,11,4,2006-11,False
2006-11-09,ITC,33.5,33.65,33.21,33.5,10903791,0.863,33.8,33.52,31.81,49.001,0.0731,0.14,-0.0669,34.93,32.67,6.666,2006,11,4,2006-11,False
2006-11-10,ITC,33.85,33.85,33.18,33.32,6859750,-0.561,33.8,33.53,31.85,47.25,0.0379,0.1196,-0.0816,34.92,32.69,6.613,2006,11,4,2006-11,False
2006-11-13,ITC,33.5,33.92,33.18,33.23,11605616,-0.269,33.8,33.52,31.88,46.4,0.0028,0.0962,-0.0934,34.93,32.67,6.671,2006,11,4,2006-11,False
2006-11-14,ITC,33.45,33.49,32.9,32.98,11625160,-0.755,33.76,33.49,31.91,44.012,-0.0448,0.068,-0.1128,34.94,32.57,7.025,2006,11,4,2006-11,False
2006-11-15,ITC,33.32,33.42,32.89,33.27,9471388,0.896,33.68,33.48,31.94,47.445,-0.058,0.0428,-0.1008,34.76,32.6,6.421,2006,11,4,2006-11,False
2006-11-16,ITC,33.17,33.5,33.0,33.22,11109688,-0.162,33.6,33.46,31.97,46.882,-0.0719,0.0199,-0.0918,34.59,32.62,5.855,2006,11,4,2006-11,False
2006-11-17,ITC,33.33,33.39,32.44,32.56,12791384,-1.995,33.49,33.44,32.0,40.5,-0.1349,-0.0111,-0.1238,34.39,32.59,5.379,2006,11,4,2006-11,False
2006-11-20,ITC,32.26,33.08,31.17,31.93,32659927,-1.926,33.38,33.4,32.02,35.568,-0.2327,-0.0554,-0.1773,34.46,32.29,6.505,2006,11,4,2006-11,False
2006-11-21,ITC,32.31,33.09,32.06,32.93,12649808,3.142,33.35,33.4,32.05,46.743,-0.2267,-0.0897,-0.137,34.46,32.25,6.617,2006,11,4,2006-11,False
2006-11-22,ITC,33.14,33.39,32.33,32.48,16725496,-1.36,33.32,33.37,32.07,43.146,-0.2551,-0.1228,-0.1324,34.49,32.15,7.005,2006,11,4,2006-11,False
2006-11-23,ITC,32.6,32.85,32.03,32.1,12367197,-1.186,33.28,33.36,32.1,40.275,-0.3052,-0.1592,-0.1459,34.56,32.0,7.706,2006,11,4,2006-11,False
2006-11-24,ITC,32.1,32.67,31.97,32.17,8540776,0.223,33.21,33.35,32.12,41.06,-0.3352,-0.1944,-0.1408,34.57,31.84,8.204,2006,11,4,2006-11,False
2006-11-27,ITC,32.24,32.56,32.17,32.4,11941184,0.724,33.15,33.35,32.15,43.655,-0.3364,-0.2228,-0.1135,34.54,31.75,8.419,2006,11,4,2006-11,False
2006-11-28,ITC,32.24,32.29,31.9,32.17,8067012,-0.719,33.05,33.34,32.17,41.679,-0.352,-0.2487,-0.1033,34.45,31.66,8.44,2006,11,4,2006-11,False
2006-11-29,ITC,32.2,33.14,32.19,32.99,9333509,2.561,32.99,33.34,32.19,50.259,-0.2945,-0.2578,-0.0367,34.29,31.7,7.824,2006,11,4,2006-11,False
2006-11-30,ITC,33.14,33.5,32.66,33.16,11936309,0.489,32.96,33.33,32.21,51.754,-0.2333,-0.2529,0.0197,34.21,31.72,7.536,2006,11,4,2006-11,False
2006-12-01,ITC,33.32,33.68,32.99,33.63,13592729,1.432,32.97,33.35,32.24,55.953,-0.1447,-0.2313,0.0865,34.22,31.72,7.581,2006,12,4,2006-12,False
2006-12-04,ITC,33.68,34.03,33.16,33.92,11643622,0.852,32.95,33.35,32.26,58.312,-0.0509,-0.1952,0.1443,34.13,31.77,7.182,2006,12,4,2006-12,False
2006-12-05,ITC,34.03,34.38,33.85,34.1,18956640,0.528,32.96,33.35,32.28,59.763,0.0375,-0.1486,0.1862,34.19,31.73,7.457,2006,12,4,2006-12,False
2006-12-06,ITC,34.1,34.38,33.42,33.73,9738978,-1.077,32.99,33.35,32.3,55.499,0.0771,-0.1035,0.1806,34.26,31.72,7.71,2006,12,4,2006-12,False
2006-12-07,ITC,33.68,33.9,33.32,33.46,4345818,-0.797,32.99,33.36,32.33,52.545,0.0858,-0.0656,0.1514,34.25,31.72,7.688,2006,12,4,2006-12,False
2006-12-08,ITC,33.48,33.5,32.91,33.16,7154470,-0.91,32.98,33.37,32.35,49.34,0.0673,-0.0391,0.1063,34.24,31.72,7.649,2006,12,4,2006-12,False
2006-12-11,ITC,33.16,33.18,31.89,32.23,11706759,-2.782,32.93,33.35,32.37,41.151,-0.0215,-0.0356,0.014,34.23,31.63,7.883,2006,12,4,2006-12,False
2006-12-12,ITC,32.17,32.41,29.82,31.06,17839850,-3.64,32.83,33.31,32.38,33.529,-0.1845,-0.0653,-0.1191,34.38,31.29,9.399,2006,12,4,2006-12,False
2006-12-13,ITC,32.24,32.24,30.45,31.07,13416975,0.029,32.72,33.26,32.39,33.63,-0.3093,-0.1141,-0.1952,34.44,31.01,10.488,2006,12,4,2006-12,False
2006-12-14,ITC,31.35,31.92,31.02,31.67,7203792,1.931,32.65,33.22,32.4,40.191,-0.3558,-0.1625,-0.1933,34.41,30.88,10.789,2006,12,4,2006-12,False
2006-12-15,ITC,31.88,32.13,31.03,31.28,19649963,-1.216,32.58,33.18,32.41,37.621,-0.4188,-0.2137,-0.2051,34.45,30.72,11.44,2006,12,4,2006-12,False
2006-12-18,ITC,31.6,31.6,30.67,31.18,15085477,-0.344,32.54,33.13,32.41,36.912,-0.472,-0.2654,-0.2066,34.49,30.6,11.969,2006,12,4,2006-12,False
2006-12-19,ITC,31.13,31.31,29.91,30.16,16947236,-3.246,32.41,33.08,32.41,30.986,-0.589,-0.3301,-0.2589,34.61,30.2,13.625,2006,12,4,2006-12,False
2006-12-20,ITC,30.27,31.7,30.27,30.52,28458869,1.188,32.31,33.02,32.41,34.966,-0.6454,-0.3932,-0.2522,34.67,29.95,14.622,2006,12,4,2006-12,False
2006-12-21,ITC,31.06,31.06,30.12,30.59,10229700,0.205,32.23,32.97,32.41,35.665,-0.6772,-0.45,-0.2273,34.72,29.75,15.413,2006,12,4,2006-12,False
2006-12-22,ITC,30.67,30.79,30.27,30.38,11684872,-0.674,32.14,32.92,32.4,34.358,-0.7109,-0.5022,-0.2087,34.76,29.52,16.295,2006,12,4,2006-12,False
2006-12-26,ITC,30.95,31.35,30.5,31.27,11048922,2.919,32.09,32.87,32.4,43.89,-0.6584,-0.5334,-0.125,34.73,29.44,16.483,2006,12,4,2006-12,False
2006-12-27,ITC,31.35,31.81,31.27,31.7,7332897,1.375,32.06,32.83,32.41,47.845,-0.5755,-0.5418,-0.0337,34.71,29.41,16.528,2006,12,4,2006-12,False
2006-12-28,ITC,31.7,32.1,31.39,31.87,10920453,0.537,32.01,32.77,32.41,49.366,-0.4904,-0.5315,0.0411,34.62,29.39,16.334,2006,12,4,2006-12,False
2006-12-29,ITC,31.96,32.02,31.3,31.54,9015566,-1.012,31.93,32.71,32.42,46.593,-0.4439,-0.514,0.0701,34.49,29.36,16.06,2006,12,4,2006-12,False
2007-01-02,ITC,31.62,31.93,31.47,31.7,6914234,0.511,31.83,32.65,32.42,48.161,-0.3895,-0.4891,0.0996,34.26,29.39,15.302,2007,1,1,2007-01,False
2007-01-03,ITC,31.7,31.83,31.27,31.43,7680333,-0.876,31.7,32.59,32.42,45.674,-0.3646,-0.4642,0.0996,33.94,29.47,14.079,2007,1,1,2007-01,False
2007-01-04,ITC,31.57,31.83,30.11,30.26,22383297,-3.705,31.51,32.53,32.42,37.037,-0.4338,-0.4581,0.0243,33.53,29.5,12.788,2007,1,1,2007-01,False
2007-01-05,ITC,30.45,30.63,29.56,29.61,29382423,-2.16,31.31,32.46,32.41,33.236,-0.5353,-0.4736,-0.0617,33.21,29.41,12.138,2007,1,1,2007-01,False
2007-01-08,ITC,29.64,29.86,29.04,29.14,14573070,-1.573,31.09,32.38,32.4,30.81,-0.6458,-0.508,-0.1378,32.94,29.24,11.901,2007,1,1,2007-01,False
2007-01-09,ITC,29.38,29.88,28.95,29.03,17636517,-0.4,30.88,32.29,32.39,30.216,-0.7343,-0.5533,-0.1811,32.69,29.08,11.661,2007,1,1,2007-01,False
2007-01-10,ITC,29.02,29.43,28.68,29.22,16543605,0.679,30.73,32.2,32.38,32.584,-0.7796,-0.5986,-0.1811,32.56,28.9,11.901,2007,1,1,2007-01,False
2007-01-11,ITC,29.33,30.45,29.15,30.31,22039802,3.708,30.7,32.13,32.37,43.865,-0.7198,-0.6228,-0.097,32.53,28.86,11.934,2007,1,1,2007-01,False
2007-01-12,ITC,30.59,30.83,30.24,30.65,15842381,1.123,30.68,32.06,32.36,46.872,-0.6375,-0.6257,-0.0118,32.5,28.85,11.887,2007,1,1,2007-01,False
2007-01-15,ITC,31.13,31.13,30.27,30.81,12838067,0.526,30.63,32.0,32.35,48.284,-0.5529,-0.6112,0.0582,32.4,28.87,11.518,2007,1,1,2007-01,False
2007-01-16,ITC,31.08,31.08,30.38,30.75,8623382,-0.203,30.61,31.94,32.33,47.753,-0.4854,-0.586,0.1006,32.34,28.87,11.361,2007,1,1,2007-01,False
2007-01-17,ITC,30.45,30.97,30.27,30.36,6335292,-1.253,30.56,31.86,32.31,44.509,-0.4576,-0.5603,0.1027,32.28,28.84,11.257,2007,1,1,2007-01,False
2007-01-18,ITC,30.45,30.99,30.03,30.84,17539350,1.593,30.6,31.8,32.29,49.178,-0.3921,-0.5267,0.1346,32.31,28.88,11.202,2007,1,1,2007-01,False
2007-01-19,ITC,30.59,31.65,30.59,31.45,21788431,1.974,30.65,31.77,32.28,54.382,-0.2877,-0.4789,0.1912,32.4,28.89,11.456,2007,1,1,2007-01,False
2007-01-22,ITC,31.7,32.42,31.09,32.05,17513130,1.908,30.72,31.74,32.26,58.854,-0.1548,-0.4141,0.2593,32.58,28.85,12.138,2007,1,1,2007-01,False
2007-01-23,ITC,32.24,32.24,31.54,31.75,10185887,-0.95,30.79,31.71,32.24,55.861,-0.0732,-0.3459,0.2727,32.7,28.88,12.42,2007,1,1,2007-01,False
2007-01-24,ITC,31.7,32.06,31.53,31.93,7811774,0.564,30.82,31.68,32.22,57.239,0.0059,-0.2755,0.2814,32.79,28.85,12.777,2007,1,1,2007-01,False
2007-01-25,ITC,31.88,32.42,31.19,31.86,25278676,-0.224,30.83,31.66,32.2,56.48,0.0621,-0.208,0.2701,32.81,28.84,12.879,2007,1,1,2007-01,False
2007-01-29,ITC,31.63,32.21,30.63,30.76,17320272,-3.458,30.77,31.61,32.18,46.31,0.0175,-0.1629,0.1804,32.7,28.85,12.506,2007,1,1,2007-01,False
2007-01-31,ITC,30.81,31.97,30.34,31.27,26040918,1.689,30.76,31.57,32.17,50.808,0.0238,-0.1256,0.1494,32.66,28.85,12.388,2007,1,1,2007-01,False
2007-02-01,ITC,31.01,31.79,31.01,31.32,10685012,0.143,30.74,31.55,32.16,51.188,0.0321,-0.094,0.1261,32.61,28.87,12.183,2007,2,1,2007-02,False
2007-02-02,ITC,31.48,32.06,31.4,31.73,10159084,1.315,30.76,31.54,32.14,54.655,0.071,-0.061,0.132,32.66,28.85,12.361,2007,2,1,2007-02,False
2007-02-05,ITC,31.73,31.88,31.54,31.81,7130524,0.254,30.83,31.52,32.13,55.323,0.1072,-0.0274,0.1346,32.77,28.89,12.598,2007,2,1,2007-02,False
2007-02-06,ITC,31.81,32.13,31.19,31.36,12549095,-1.436,30.92,31.5,32.11,50.756,0.0978,-0.0023,0.1002,32.79,29.05,12.069,2007,2,1,2007-02,False
2007-02-07,ITC,31.55,31.65,31.26,31.47,9259939,0.371,31.04,31.49,32.09,51.847,0.0987,0.0179,0.0808,32.72,29.36,10.829,2007,2,1,2007-02,False
2007-02-08,ITC,31.36,31.79,31.01,31.61,8590824,0.427,31.17,31.47,32.07,53.138,0.109,0.0361,0.0729,32.57,29.76,9.012,2007,2,1,2007-02,False
2007-02-09,ITC,31.7,31.75,31.24,31.6,11142273,-0.028,31.28,31.46,32.05,53.036,0.115,0.0519,0.0632,32.36,30.21,6.88,2007,2,1,2007-02,False
2007-02-12,ITC,31.6,31.65,30.68,31.41,8330315,-0.595,31.34,31.44,32.03,50.828,0.1035,0.0622,0.0413,32.31,30.37,6.213,2007,2,1,2007-02,False
2007-02-13,ITC,31.17,31.7,30.42,31.02,16860739,-1.226,31.36,31.4,32.01,46.555,0.0625,0.0623,0.0003,32.29,30.43,5.938,2007,2,1,2007-02,False
2007-02-14,ITC,30.84,31.39,30.18,31.16,7430239,0.433,31.38,31.36,31.99,48.191,0.0405,0.0579,-0.0174,32.28,30.48,5.738,2007,2,1,2007-02,False
2007-02-15,ITC,31.35,31.65,30.66,31.21,11524634,0.172,31.4,31.32,31.97,48.866,0.027,0.0517,-0.0247,32.25,30.54,5.444,2007,2,1,2007-02,False
2007-02-19,ITC,31.44,31.51,31.05,31.24,8897639,0.086,31.44,31.26,31.94,49.222,0.0183,0.045,-0.0268,32.15,30.73,4.502,2007,2,1,2007-02,False
2007-02-20,ITC,31.19,31.62,31.19,31.5,9161728,0.831,31.48,31.21,31.91,52.652,0.032,0.0424,-0.0105,32.12,30.83,4.127,2007,2,1,2007-02,False
2007-02-21,ITC,31.53,31.6,31.01,31.25,10167025,-0.796,31.47,31.16,31.89,49.196,0.0223,0.0384,-0.0161,32.12,30.81,4.179,2007,2,1,2007-02,False
2007-02-22,ITC,31.17,31.7,30.81,31.25,15917566,0.0,31.42,31.12,31.86,49.196,0.0145,0.0336,-0.0191,32.03,30.82,3.831,2007,2,1,2007-02,False
2007-02-23,ITC,31.17,31.33,29.64,29.92,28596572,-4.242,31.33,31.05,31.83,35.081,-0.0975,0.0074,-0.1049,32.22,30.45,5.638,2007,2,1,2007-02,False
2007-02-26,ITC,29.96,31.02,29.9,30.5,25630987,1.946,31.26,31.02,31.8,42.838,-0.1378,-0.0216,-0.1161,32.17,30.35,5.825,2007,2,1,2007-02,False
2007-02-27,ITC,30.72,30.81,29.46,29.59,13576001,-2.995,31.15,30.99,31.76,35.641,-0.2406,-0.0654,-0.1751,32.28,30.01,7.288,2007,2,1,2007-02,False
2007-02-28,ITC,29.2,32.24,27.78,30.76,65659588,3.935,31.15,30.98,31.74,47.701,-0.2255,-0.0974,-0.1281,32.28,30.01,7.288,2007,2,1,2007-02,False
2007-03-01,ITC,30.93,31.35,30.25,30.9,27404371,0.466,31.13,30.97,31.71,48.969,-0.1997,-0.1179,-0.0818,32.27,29.99,7.316,2007,3,1,2007-03,False
2007-03-02,ITC,30.83,30.95,29.57,29.86,32892804,-3.362,31.06,30.94,31.7,41.177,-0.2601,-0.1463,-0.1137,32.32,29.79,8.163,2007,3,1,2007-03,False
2007-03-05,ITC,29.73,29.82,28.17,29.04,26212609,-2.729,30.92,30.89,31.67,36.298,-0.3694,-0.191,-0.1785,32.44,29.41,9.782,2007,3,1,2007-03,False
2007-03-06,ITC,29.52,29.72,28.79,29.03,14952851,-0.062,30.78,30.87,31.63,36.196,-0.4523,-0.2432,-0.2091,32.46,29.11,10.864,2007,3,1,2007-03,False
2007-03-07,ITC,29.2,29.38,28.26,28.34,18157358,-2.376,30.63,30.83,31.61,32.435,-0.5671,-0.308,-0.2591,32.61,28.66,12.879,2007,3,1,2007-03,False
2007-03-08,ITC,28.66,28.84,28.12,28.65,24397187,1.106,30.49,30.79,31.59,35.706,-0.6256,-0.3715,-0.2541,32.61,28.37,13.893,2007,3,1,2007-03,False
2007-03-09,ITC,29.02,29.31,27.32,27.61,35427005,-3.626,30.29,30.73,31.58,30.446,-0.7472,-0.4467,-0.3005,32.7,27.88,15.905,2007,3,1,2007-03,False
2007-03-12,ITC,26.92,28.07,26.33,26.62,53710272,-3.6,30.04,30.64,31.55,26.433,-0.9132,-0.54,-0.3732,32.88,27.21,18.859,2007,3,1,2007-03,False
2007-03-13,ITC,26.69,27.03,26.17,26.68,33619173,0.236,29.81,30.54,31.53,27.086,-1.0279,-0.6376,-0.3903,32.93,26.68,20.981,2007,3,1,2007-03,False
2007-03-14,ITC,26.17,26.33,23.29,25.6,41671539,-4.062,29.54,30.42,31.5,23.247,-1.1925,-0.7485,-0.4439,33.12,25.95,24.308,2007,3,1,2007-03,False
2007-03-15,ITC,25.97,27.0,25.97,26.38,24989339,3.079,29.3,30.31,31.47,30.916,-1.245,-0.8478,-0.3971,33.06,25.53,25.708,2007,3,1,2007-03,False
2007-03-16,ITC,26.67,26.86,25.63,25.98,16333129,-1.527,29.03,30.2,31.45,29.303,-1.304,-0.9391,-0.365,32.96,25.11,27.061,2007,3,1,2007-03,False
2007-03-19,ITC,26.06,26.87,25.27,25.44,19360557,-2.103,28.74,30.08,31.42,27.23,-1.379,-1.0271,-0.352,32.84,24.65,28.505,2007,3,1,2007-03,False
2007-03-20,ITC,25.88,25.88,25.08,25.23,36147368,-0.81,28.43,29.98,31.4,26.47,-1.4385,-1.1094,-0.3292,32.6,24.26,29.322,2007,3,1,2007-03,False
2007-03-21,ITC,25.26,26.12,25.26,25.9,33717088,2.662,28.16,29.9,31.39,33.037,-1.4152,-1.1705,-0.2446,32.26,24.07,29.064,2007,3,1,2007-03,False
2007-03-22,ITC,26.13,26.85,26.13,26.75,28083764,3.285,27.94,29.86,31.38,40.309,-1.3128,-1.199,-0.1139,31.81,24.07,27.684,2007,3,1,2007-03,False
2007-03-23,ITC,26.69,26.87,25.73,25.82,33847564,-3.482,27.73,29.79,31.36,35.734,-1.292,-1.2176,-0.0744,31.59,23.87,27.832,2007,3,1,2007-03,False
2007-03-26,ITC,25.97,26.67,25.44,25.48,22610971,-1.318,27.48,29.72,31.36,34.206,-1.2881,-1.2317,-0.0564,31.24,23.73,27.31,2007,3,1,2007-03,False
2007-03-28,ITC,25.44,25.79,25.17,25.68,20998978,0.773,27.29,29.62,31.35,35.914,-1.2547,-1.2363,-0.0184,30.98,23.59,27.102,2007,3,1,2007-03,False
2007-03-29,ITC,25.79,26.6,25.61,26.32,33436135,2.511,27.07,29.54,31.35,41.287,-1.1628,-1.2216,0.0588,30.4,23.73,24.652,2007,3,1,2007-03,False
2007-03-30,ITC,26.33,27.45,26.0,27.07,37115185,2.858,26.87,29.46,31.35,46.882,-1.0175,-1.1808,0.1633,29.68,24.07,20.893,2007,3,1,2007-03,False
2007-04-02,ITC,27.08,27.08,26.16,26.3,17403662,-2.878,26.7,29.37,31.34,42.378,-0.9542,-1.1355,0.1813,29.13,24.26,18.262,2007,4,2,2007-04,False
2007-04-03,ITC,26.33,26.92,26.33,26.78,9540902,1.839,26.58,29.3,31.35,45.855,-0.8552,-1.0794,0.2242,28.76,24.41,16.36,2007,4,2,2007-04,False
2007-04-04,ITC,27.71,27.71,26.44,26.57,13933120,-0.769,26.46,29.22,31.35,44.62,-0.7843,-1.0204,0.2361,28.31,24.61,13.952,2007,4,2,2007-04,False
2007-04-05,ITC,26.54,26.69,26.33,26.55,5000801,-0.101,26.37,29.12,31.34,44.452,-0.7219,-0.9607,0.2388,27.99,24.75,12.307,2007,4,2,2007-04,False
2007-04-09,ITC,26.38,27.93,26.38,27.82,13111157,4.791,26.33,29.03,31.34,53.404,-0.5634,-0.8812,0.3178,27.73,24.92,10.668,2007,4,2,2007-04,False
2007-04-10,ITC,27.87,28.75,27.76,28.63,19904356,2.93,26.38,28.97,31.34,58.068,-0.3678,-0.7785,0.4108,28.03,24.73,12.532,2007,4,2,2007-04,False
2007-04-11,ITC,28.82,29.15,28.48,28.75,15622652,0.407,26.49,28.91,31.34,58.704,-0.201,-0.663,0.462,28.45,24.52,14.824,2007,4,2,2007-04,False
2007-04-12,ITC,28.52,28.75,27.83,27.99,11004800,-2.648,26.55,28.83,31.33,53.04,-0.1288,-0.5562,0.4274,28.63,24.48,15.625,2007,4,2,2007-04,False
2007-04-13,ITC,28.25,28.52,27.25,27.49,16594778,-1.792,26.65,28.76,31.32,49.642,-0.1108,-0.4671,0.3563,28.71,24.58,15.487,2007,4,2,2007-04,False
2007-04-16,ITC,27.76,28.52,27.76,28.39,11053916,3.291,26.75,28.71,31.31,55.215,-0.0232,-0.3783,0.3551,28.95,24.55,16.453,2007,4,2,2007-04,False
2007-04-17,ITC,28.46,28.57,27.77,27.95,9637561,-1.546,26.85,28.64,31.3,52.197,0.0106,-0.3005,0.3112,29.08,24.61,16.631,2007,4,2,2007-04,False
2007-04-18,ITC,28.04,28.39,27.87,28.1,14837695,0.545,26.98,28.57,31.29,53.154,0.0492,-0.2306,0.2798,29.17,24.78,16.282,2007,4,2,2007-04,False
2007-04-19,ITC,27.95,28.66,27.73,28.5,16622023,1.402,27.14,28.5,31.27,55.629,0.1102,-0.1624,0.2727,29.28,25.01,15.724,2007,4,2,2007-04,False
2007-04-20,ITC,28.73,29.04,28.59,28.73,20518612,0.817,27.28,28.45,31.26,57.072,0.1754,-0.0949,0.2703,29.45,25.12,15.852,2007,4,2,2007-04,False
2007-04-23,ITC,28.84,29.05,27.73,28.0,23763543,-2.556,27.35,28.38,31.24,51.394,0.1659,-0.0427,0.2086,29.52,25.18,15.869,2007,4,2,2007-04,False
2007-04-24,ITC,28.0,28.23,27.73,28.02,20420491,0.096,27.46,28.31,31.22,51.584,0.1587,-0.0024,0.1611,29.52,25.39,15.042,2007,4,2,2007-04,False
2007-04-25,ITC,28.03,29.11,27.79,28.98,22697922,3.42,27.63,28.25,31.21,57.898,0.2277,0.0436,0.1841,29.58,25.68,14.116,2007,4,2,2007-04,False
2007-04-26,ITC,29.2,29.38,28.68,28.94,23865047,-0.155,27.79,28.21,31.19,57.521,0.2756,0.09,0.1856,29.6,25.99,12.967,2007,4,2,2007-04,False
2007-04-27,ITC,29.02,29.02,28.51,28.78,8467701,-0.557,27.92,28.16,31.17,56.102,0.2971,0.1314,0.1657,29.63,26.2,12.264,2007,4,2,2007-04,False
2007-04-30,ITC,28.93,29.02,28.14,28.67,10297146,-0.373,28.0,28.11,31.16,55.127,0.302,0.1655,0.1365,29.69,26.3,12.11,2007,4,2,2007-04,False
2007-05-03,ITC,28.96,29.18,28.69,28.98,6467668,1.093,28.13,28.07,31.15,57.451,0.3274,0.1979,0.1295,29.68,26.58,10.997,2007,5,2,2007-05,False
2007-05-04,ITC,29.2,29.2,28.64,28.85,10038051,-0.464,28.23,28.02,31.14,56.11,0.3328,0.2249,0.108,29.67,26.8,10.194,2007,5,2,2007-05,False
2007-05-07,ITC,28.98,29.14,28.59,28.84,12767983,-0.031,28.35,27.96,31.12,56.016,0.3326,0.2464,0.0862,29.58,27.12,8.678,2007,5,2,2007-05,False
2007-05-08,ITC,28.84,28.98,28.51,28.66,13053457,-0.621,28.45,27.91,31.1,54.067,0.3143,0.26,0.0543,29.35,27.56,6.299,2007,5,2,2007-05,False
2007-05-09,ITC,28.66,28.99,28.46,28.79,11055303,0.437,28.5,27.86,31.08,55.241,0.3064,0.2693,0.0372,29.36,27.65,6.001,2007,5,2,2007-05,False
2007-05-10,ITC,29.36,29.94,28.78,29.32,18831744,1.867,28.54,27.85,31.08,59.964,0.3396,0.2834,0.0563,29.47,27.61,6.517,2007,5,2,2007-05,False
2007-05-11,ITC,29.18,29.19,28.69,29.04,13676315,-0.947,28.55,27.82,31.07,56.638,0.3396,0.2946,0.045,29.5,27.6,6.677,2007,5,2,2007-05,False
2007-05-14,ITC,29.38,29.63,28.93,29.03,6658570,-0.062,28.6,27.81,31.06,56.421,0.3343,0.3026,0.0318,29.54,27.67,6.553,2007,5,2,2007-05,False
2007-05-15,ITC,29.03,29.38,28.79,29.02,6294772,-0.031,28.68,27.78,31.05,56.305,0.3256,0.3072,0.0185,29.47,27.89,5.524,2007,5,2,2007-05,False
2007-05-16,ITC,29.02,29.36,28.66,29.27,7902888,0.864,28.72,27.74,31.05,58.863,0.3351,0.3128,0.0224,29.54,27.9,5.721,2007,5,2,2007-05,False
2007-05-17,ITC,29.38,29.79,29.21,29.57,13660722,1.04,28.8,27.74,31.05,61.789,0.363,0.3228,0.0402,29.63,27.98,5.701,2007,5,2,2007-05,False
2007-05-18,ITC,29.54,30.09,29.12,29.93,10565375,1.211,28.9,27.76,31.05,64.947,0.4093,0.3401,0.0692,29.79,28.0,6.204,2007,5,2,2007-05,False
2007-05-21,ITC,30.09,30.81,30.05,30.6,10749684,2.244,29.0,27.79,31.06,69.961,0.4945,0.371,0.1235,30.16,27.84,7.975,2007,5,2,2007-05,False
2007-05-22,ITC,30.63,30.79,29.65,30.58,13366839,-0.088,29.09,27.83,31.06,69.532,0.5535,0.4075,0.146,30.44,27.75,9.245,2007,5,2,2007-05,False
2007-05-23,ITC,30.41,30.63,29.66,29.78,10917752,-2.607,29.18,27.85,31.06,58.155,0.5298,0.432,0.0979,30.46,27.91,8.727,2007,5,2,2007-05,False
2007-05-24,ITC,29.91,29.95,29.49,29.75,8294234,-0.09,29.27,27.9,31.06,57.811,0.5031,0.4462,0.0569,30.44,28.1,8.015,2007,5,2,2007-05,False
2007-05-25,ITC,29.57,30.21,29.21,29.88,12145037,0.421,29.31,27.96,31.06,59.027,0.4864,0.4542,0.0322,30.51,28.12,8.154,2007,5,2,2007-05,False
2007-05-28,ITC,30.09,30.36,29.64,29.81,10812939,-0.24,29.36,28.03,31.05,57.999,0.4621,0.4558,0.0063,30.56,28.16,8.18,2007,5,2,2007-05,False
2007-05-29,ITC,30.27,30.27,29.46,29.56,11282815,-0.841,29.4,28.1,31.04,54.424,0.4177,0.4482,-0.0305,30.57,28.22,7.97,2007,5,2,2007-05,False
2007-05-30,ITC,29.56,29.56,28.69,29.07,32045371,-1.636,29.42,28.16,31.04,48.247,0.3397,0.4265,-0.0868,30.55,28.28,7.697,2007,5,2,2007-05,False
2007-05-31,ITC,29.21,29.81,28.86,29.34,27357529,0.924,29.43,28.23,31.04,51.538,0.2961,0.4004,-0.1043,30.55,28.32,7.572,2007,5,2,2007-05,False
2007-06-01,ITC,29.13,29.56,28.69,28.85,32378260,-1.679,29.43,28.29,31.03,45.79,0.2192,0.3642,-0.1449,30.55,28.32,7.572,2007,6,2,2007-06,False
2007-06-04,ITC,29.52,29.7,29.05,29.54,15214563,2.391,29.47,28.38,31.01,53.593,0.2115,0.3336,-0.1221,30.55,28.39,7.323,2007,6,2,2007-06,False
2007-06-05,ITC,29.51,29.51,28.87,28.99,15353248,-1.85,29.49,28.44,31.0,47.731,0.1595,0.2988,-0.1393,30.52,28.45,7.027,2007,6,2,2007-06,False
2007-06-06,ITC,29.68,29.68,25.97,28.27,15394548,-2.471,29.46,28.47,30.98,41.345,0.0598,0.251,-0.1912,30.59,28.33,7.669,2007,6,2,2007-06,False
2007-06-07,ITC,28.29,28.45,27.67,27.75,12891760,-1.869,29.38,28.51,30.96,37.373,-0.0612,0.1886,-0.2497,30.75,28.02,9.294,2007,6,2,2007-06,False
2007-06-08,ITC,27.58,27.75,26.85,26.98,28437605,-2.776,29.28,28.54,30.94,32.476,-0.2167,0.1075,-0.3242,31.01,27.54,11.858,2007,6,2,2007-06,False
2007-06-11,ITC,27.41,27.93,27.23,27.57,13650238,2.191,29.2,28.58,30.91,39.074,-0.2889,0.0282,-0.3171,31.1,27.31,12.982,2007,6,2,2007-06,False
2007-06-12,ITC,27.76,27.83,27.35,27.56,7761094,-0.032,29.13,28.6,30.89,39.012,-0.3429,-0.046,-0.2969,31.16,27.1,13.96,2007,6,2,2007-06,False
2007-06-13,ITC,27.58,27.58,27.1,27.24,9008222,-1.17,29.03,28.61,30.86,36.744,-0.407,-0.1182,-0.2888,31.23,26.83,15.163,2007,6,2,2007-06,False
2007-06-14,ITC,27.45,27.66,27.11,27.15,12036694,-0.296,28.91,28.62,30.84,36.178,-0.4591,-0.1864,-0.2727,31.25,26.57,16.166,2007,6,2,2007-06,False
2007-06-15,ITC,27.39,27.5,27.22,27.3,15257271,0.528,28.78,28.63,30.81,38.007,-0.4832,-0.2457,-0.2374,31.17,26.39,16.612,2007,6,2,2007-06,False
2007-06-18,ITC,27.35,27.54,27.29,27.41,18474049,0.394,28.62,28.65,30.79,39.409,-0.488,-0.2942,-0.1938,30.92,26.32,16.09,2007,6,2,2007-06,False
2007-06-19,ITC,27.41,27.58,27.36,27.41,8388601,0.033,28.46,28.67,30.76,39.532,-0.4855,-0.3324,-0.153,30.63,26.29,15.222,2007,6,2,2007-06,False
2007-06-20,ITC,27.55,27.88,27.39,27.77,8126936,1.307,28.36,28.67,30.74,44.385,-0.4494,-0.3558,-0.0936,30.45,26.27,14.763,2007,6,2,2007-06,False
2007-06-21,ITC,27.58,27.81,27.37,27.66,17564932,-0.419,28.25,28.65,30.71,43.173,-0.4253,-0.3697,-0.0556,30.26,26.25,14.212,2007,6,2,2007-06,False
2007-06-22,ITC,27.42,27.71,27.42,27.58,17756628,-0.259,28.14,28.62,30.68,42.405,-0.4073,-0.3772,-0.03,30.01,26.26,13.326,2007,6,2,2007-06,False
2007-06-25,ITC,27.76,27.76,27.45,27.61,14665050,0.097,28.03,28.62,30.65,42.815,-0.3864,-0.3791,-0.0073,29.74,26.32,12.232,2007,6,2,2007-06,False
2007-06-26,ITC,27.49,27.85,27.41,27.61,8036264,0.0,27.93,28.62,30.62,42.815,-0.3656,-0.3764,0.0108,29.5,26.37,11.199,2007,6,2,2007-06,False
2007-06-27,ITC,27.67,27.67,27.38,27.51,8553235,-0.357,27.85,28.6,30.59,41.555,-0.353,-0.3717,0.0187,29.33,26.38,10.613,2007,6,2,2007-06,False
2007-06-28,ITC,27.58,28.2,27.37,27.78,18494247,0.977,27.78,28.6,30.56,46.206,-0.3177,-0.3609,0.0432,29.08,26.47,9.376,2007,6,2,2007-06,False
2007-06-29,ITC,28.12,28.14,27.52,27.71,6935090,-0.258,27.72,28.59,30.53,45.174,-0.2921,-0.3471,0.055,28.92,26.52,8.663,2007,6,2,2007-06,False
2007-07-02,ITC,27.76,27.8,27.54,27.58,10612890,-0.452,27.62,28.57,30.5,43.348,-0.2788,-0.3335,0.0547,28.47,26.78,6.102,2007,7,3,2007-07,False
2007-07-03,ITC,27.58,28.08,27.58,28.01,5698423,1.526,27.57,28.56,30.47,50.569,-0.2315,-0.3131,0.0815,28.15,26.99,4.209,2007,7,3,2007-07,False
2007-07-04,ITC,28.01,28.38,27.94,28.29,4038489,1.023,27.57,28.56,30.45,54.794,-0.169,-0.2843,0.1152,28.16,26.99,4.242,2007,7,3,2007-07,False
2007-07-05,ITC,28.32,28.38,27.76,27.88,6976333,-1.456,27.58,28.56,30.42,48.391,-0.151,-0.2576,0.1066,28.18,26.98,4.323,2007,7,3,2007-07,False
2007-07-06,ITC,25.97,28.37,25.97,27.85,17132099,-0.096,27.62,28.54,30.4,47.997,-0.1373,-0.2336,0.0963,28.16,27.09,3.871,2007,7,3,2007-07,False
2007-07-09,ITC,27.95,28.19,27.74,27.88,8154309,0.096,27.64,28.52,30.38,48.449,-0.1229,-0.2114,0.0886,28.19,27.09,3.95,2007,7,3,2007-07,False
2007-07-10,ITC,27.86,27.86,27.41,27.53,14706260,-1.253,27.64,28.49,30.35,43.194,-0.138,-0.1967,0.0587,28.19,27.09,3.957,2007,7,3,2007-07,False
2007-07-11,ITC,27.55,27.58,27.1,27.33,21541684,-0.748,27.64,28.47,30.32,40.41,-0.1647,-0.1903,0.0256,28.18,27.11,3.865,2007,7,3,2007-07,False
2007-07-12,ITC,27.41,27.73,27.3,27.39,27388871,0.229,27.66,28.43,30.29,41.643,-0.1788,-0.188,0.0092,28.15,27.16,3.604,2007,7,3,2007-07,False
2007-07-13,ITC,27.51,28.2,27.51,27.83,21317293,1.602,27.68,28.41,30.26,49.516,-0.1528,-0.181,0.0282,28.16,27.21,3.426,2007,7,3,2007-07,False
2007-07-16,ITC,28.35,28.8,27.91,28.21,29939021,1.393,27.72,28.4,30.23,55.258,-0.0997,-0.1647,0.065,28.23,27.21,3.69,2007,7,3,2007-07,False
2007-07-17,ITC,28.53,28.63,28.26,28.48,31854971,0.94,27.78,28.4,30.21,58.718,-0.0358,-0.1389,0.1031,28.37,27.18,4.264,2007,7,3,2007-07,False
2007-07-18,ITC,28.53,28.6,27.95,28.19,15001111,-1.028,27.8,28.38,30.18,53.776,-0.0087,-0.1129,0.1042,28.42,27.18,4.462,2007,7,3,2007-07,False
2007-07-19,ITC,28.26,28.35,27.92,28.16,11180753,-0.097,27.82,28.36,30.16,53.323,0.0104,-0.0882,0.0986,28.46,27.18,4.578,2007,7,3,2007-07,False
2007-07-20,ITC,28.34,28.35,28.0,28.24,7373085,0.292,27.85,28.35,30.13,54.56,0.0318,-0.0642,0.0961,28.51,27.2,4.69,2007,7,3,2007-07,False
2007-07-23,ITC,28.0,28.26,27.99,28.1,6624293,-0.518,27.88,28.33,30.11,51.926,0.0366,-0.0441,0.0807,28.53,27.23,4.672,2007,7,3,2007-07,False
2007-07-24,ITC,28.17,28.3,27.8,27.84,15746189,-0.911,27.89,28.3,30.08,47.595,0.0195,-0.0313,0.0508,28.53,27.25,4.585,2007,7,3,2007-07,False
2007-07-25,ITC,27.85,30.55,27.8,30.35,78059346,9.001,28.03,28.32,30.06,72.109,0.2058,0.0161,0.1897,29.28,26.78,8.924,2007,7,3,2007-07,False
2007-07-26,ITC,30.36,31.0,29.65,30.67,33579269,1.085,28.18,28.35,30.05,73.841,0.3756,0.088,0.2876,29.89,26.46,12.159,2007,7,3,2007-07,False
2007-07-27,ITC,30.36,32.91,29.37,31.53,79796452,2.803,28.37,28.38,30.04,77.728,0.573,0.185,0.388,30.63,26.11,15.936,2007,7,3,2007-07,False
2007-07-30,ITC,32.19,32.19,30.39,30.63,33459125,-2.871,28.52,28.38,30.03,66.516,0.6489,0.2778,0.3711,30.96,26.08,17.12,2007,7,3,2007-07,False
2007-07-31,ITC,30.73,32.0,30.71,31.28,24735142,2.12,28.68,28.39,30.02,69.873,0.7528,0.3728,0.38,31.4,25.96,18.961,2007,7,3,2007-07,False
2007-08-01,ITC,31.19,31.28,30.05,30.56,18926170,-2.31,28.8,28.41,30.01,62.38,0.7679,0.4518,0.3161,31.63,25.96,19.702,2007,8,3,2007-08,False
2007-08-02,ITC,30.72,31.04,30.18,30.69,13387907,0.449,28.94,28.43,29.99,63.187,0.782,0.5178,0.2641,31.86,26.01,20.203,2007,8,3,2007-08,False
2007-08-03,ITC,30.8,31.59,30.78,31.05,15936735,1.162,29.1,28.45,29.98,65.273,0.8125,0.5768,0.2358,32.12,26.07,20.769,2007,8,3,2007-08,False
2007-08-06,ITC,30.18,31.74,30.03,31.56,11750448,1.649,29.28,28.49,29.97,68.071,0.8681,0.635,0.233,32.44,26.13,21.552,2007,8,3,2007-08,False
2007-08-07,ITC,31.64,32.0,30.42,30.54,20949441,-3.245,29.43,28.51,29.95,58.005,0.82,0.672,0.148,32.52,26.34,20.999,2007,8,3,2007-08,False
2007-08-08,ITC,31.46,31.64,30.4,30.62,15571610,0.27,29.6,28.54,29.93,58.535,0.7795,0.6935,0.086,32.56,26.63,20.045,2007,8,3,2007-08,False
2007-08-09,ITC,31.0,31.26,29.88,29.99,14407392,-2.061,29.73,28.55,29.9,53.005,0.6886,0.6925,-0.0039,32.51,26.94,18.711,2007,8,3,2007-08,False
2007-08-10,ITC,29.91,30.12,28.57,29.89,13860603,-0.335,29.83,28.57,29.88,52.159,0.6015,0.6743,-0.0728,32.46,27.19,17.658,2007,8,3,2007-08,False
2007-08-13,ITC,30.18,30.35,29.83,30.14,7499089,0.857,29.93,28.58,29.87,54.165,0.5468,0.6488,-0.102,32.45,27.4,16.867,2007,8,3,2007-08,False
2007-08-14,ITC,30.35,30.46,29.81,30.18,8672962,0.121,30.01,28.61,29.85,54.458,0.5007,0.6192,-0.1185,32.44,27.58,16.205,2007,8,3,2007-08,False
2007-08-16,ITC,29.63,29.81,28.42,28.83,18496721,-4.485,30.04,28.62,29.83,43.382,0.3509,0.5655,-0.2147,32.39,27.7,15.617,2007,8,3,2007-08,False
2007-08-17,ITC,28.9,29.17,27.88,28.09,24933901,-2.57,30.04,28.62,29.8,38.738,0.1704,0.4865,-0.3161,32.4,27.68,15.703,2007,8,3,2007-08,False
2007-08-20,ITC,29.08,29.08,28.53,28.59,17279773,1.791,30.06,28.66,29.78,43.186,0.0671,0.4026,-0.3355,32.36,27.75,15.353,2007,8,3,2007-08,False
2007-08-21,ITC,28.9,28.9,27.76,27.84,18965123,-2.623,30.04,28.66,29.75,38.678,-0.0743,0.3072,-0.3816,32.4,27.69,15.68,2007,8,3,2007-08,False
2007-08-22,ITC,28.33,29.38,28.08,28.95,30585059,3.975,30.1,28.69,29.72,47.403,-0.096,0.2266,-0.3226,32.28,27.92,14.507,2007,8,3,2007-08,False
2007-08-23,ITC,29.28,30.0,29.17,29.34,17675920,1.359,30.05,28.73,29.7,50.119,-0.0806,0.1652,-0.2457,32.25,27.84,14.679,2007,8,3,2007-08,False
2007-08-24,ITC,28.86,29.91,28.86,29.57,6279509,0.779,29.99,28.78,29.68,51.681,-0.0493,0.1223,-0.1716,32.19,27.8,14.635,2007,8,3,2007-08,False
2007-08-27,ITC,29.91,30.27,29.65,30.2,7627390,2.134,29.93,28.84,29.66,55.796,0.0261,0.103,-0.0769,32.0,27.85,13.869,2007,8,3,2007-08,False
2007-08-28,ITC,30.2,31.13,28.74,30.63,21260634,1.423,29.93,28.9,29.64,58.395,0.1192,0.1063,0.0129,32.0,27.85,13.869,2007,8,3,2007-08,False
2007-08-29,ITC,29.81,31.08,29.81,30.83,14477087,0.657,29.9,28.97,29.63,59.593,0.2068,0.1264,0.0804,31.93,27.88,13.529,2007,8,3,2007-08,False
2007-08-30,ITC,30.73,31.63,30.73,31.39,44287888,1.81,29.95,29.04,29.62,62.792,0.3176,0.1646,0.153,32.06,27.83,14.103,2007,8,3,2007-08,False
2007-08-31,ITC,31.55,31.55,31.08,31.24,11628269,-0.466,29.97,29.12,29.61,61.418,0.3891,0.2095,0.1796,32.14,27.81,14.454,2007,8,3,2007-08,False
2007-09-03,ITC,31.21,31.94,31.1,31.79,11733094,1.756,30.01,29.2,29.6,64.549,0.4844,0.2645,0.2199,32.28,27.74,15.106,2007,9,3,2007-09,False
2007-09-04,ITC,31.95,31.95,31.16,31.6,8370135,-0.604,30.01,29.28,29.6,62.634,0.5383,0.3192,0.2191,32.28,27.74,15.14,2007,9,3,2007-09,False
2007-09-05,ITC,31.63,31.74,31.19,31.47,6649597,-0.405,30.06,29.36,29.59,61.327,0.5642,0.3682,0.1959,32.41,27.7,15.664,2007,9,3,2007-09,False
2007-09-06,ITC,31.14,32.33,31.14,32.0,7321675,1.686,30.13,29.45,29.58,64.62,0.6203,0.4186,0.2017,32.63,27.63,16.597,2007,9,3,2007-09,False
2007-09-07,ITC,32.1,33.07,32.04,32.52,20574910,1.629,30.25,29.54,29.58,67.545,0.6988,0.4747,0.2241,32.97,27.54,17.966,2007,9,3,2007-09,False
2007-09-10,ITC,32.19,33.84,32.06,33.78,25011718,3.881,30.45,29.66,29.59,73.301,0.853,0.5504,0.3027,33.58,27.31,20.585,2007,9,3,2007-09,False
2007-09-11,ITC,33.85,34.57,33.41,33.63,21150964,-0.46,30.62,29.78,29.59,71.616,0.9517,0.6306,0.3211,34.06,27.19,22.438,2007,9,3,2007-09,False
2007-09-12,ITC,33.7,34.02,32.67,32.91,9122129,-2.149,30.76,29.88,29.6,64.228,0.9606,0.6966,0.264,34.33,27.18,23.246,2007,9,3,2007-09,False
2007-09-13,ITC,33.02,33.18,32.55,32.74,11702079,-0.5,30.95,29.97,29.6,62.642,0.9435,0.746,0.1975,34.51,27.4,22.99,2007,9,3,2007-09,False
2007-09-14,ITC,32.98,33.77,32.87,33.1,15186978,1.089,31.21,30.07,29.6,64.677,0.9477,0.7863,0.1614,34.62,27.79,21.859,2007,9,3,2007-09,False
2007-09-17,ITC,33.2,33.66,32.81,33.08,8832029,-0.055,31.43,30.18,29.61,64.483,0.9388,0.8168,0.122,34.7,28.16,20.833,2007,9,3,2007-09,False
2007-09-18,ITC,32.92,33.27,32.78,32.97,5887468,-0.332,31.69,30.28,29.61,63.257,0.9124,0.8359,0.0764,34.55,28.82,18.104,2007,9,3,2007-09,False
2007-09-19,ITC,33.02,34.63,33.02,34.27,26689445,3.939,31.95,30.42,29.62,70.423,0.9849,0.8657,0.1191,34.74,29.17,17.426,2007,9,3,2007-09,False
2007-09-20,ITC,34.39,35.67,34.2,35.5,29048562,3.603,32.26,30.58,29.63,75.345,1.1289,0.9184,0.2106,35.19,29.33,18.146,2007,9,3,2007-09,False
2007-09-21,ITC,35.49,35.49,34.24,34.92,18907710,-1.649,32.53,30.73,29.64,69.445,1.1822,0.9711,0.2111,35.4,29.66,17.635,2007,9,3,2007-09,False
2007-09-24,ITC,34.39,35.28,34.19,34.32,12865861,-1.702,32.73,30.86,29.64,63.965,1.1631,1.0095,0.1536,35.49,29.98,16.825,2007,9,3,2007-09,False
2007-09-25,ITC,33.95,34.75,33.88,34.23,14943860,-0.266,32.91,30.98,29.64,63.14,1.1276,1.0331,0.0944,35.56,30.27,16.059,2007,9,3,2007-09,False
2007-09-26,ITC,34.39,34.64,33.61,33.76,10803019,-1.389,33.06,31.09,29.64,58.885,1.0489,1.0363,0.0126,35.54,30.59,14.977,2007,9,3,2007-09,False
2007-09-27,ITC,34.0,34.63,33.52,33.92,36327948,0.488,33.19,31.2,29.64,59.892,0.9885,1.0267,-0.0382,35.56,30.82,14.296,2007,9,3,2007-09,False
2007-09-28,ITC,33.98,35.32,33.66,34.72,16954115,2.346,33.36,31.33,29.65,64.43,0.9934,1.0201,-0.0267,35.64,31.08,13.665,2007,9,3,2007-09,False
2007-10-01,ITC,34.89,35.28,33.75,34.0,19580863,-2.055,33.47,31.45,29.66,58.085,0.929,1.0019,-0.0729,35.64,31.3,12.969,2007,10,4,2007-10,False
2007-10-03,ITC,34.02,34.91,33.68,34.28,24788944,0.807,33.61,31.57,29.67,59.728,0.8898,0.9794,-0.0896,35.61,31.6,11.952,2007,10,4,2007-10,False
2007-10-04,ITC,34.39,34.39,33.02,33.92,18680413,-1.041,33.73,31.69,29.69,56.621,0.8205,0.9477,-0.1271,35.47,31.99,10.322,2007,10,4,2007-10,False
2007-10-05,ITC,33.92,34.17,32.52,32.7,11670587,-3.613,33.76,31.74,29.69,47.483,0.6591,0.89,-0.2308,35.38,32.14,9.59,2007,10,4,2007-10,False
2007-10-08,ITC,32.92,33.11,31.85,32.59,11843590,-0.336,33.77,31.78,29.7,46.755,0.5164,0.8152,-0.2988,35.38,32.16,9.529,2007,10,4,2007-10,False
2007-10-09,ITC,32.01,34.39,32.01,33.82,17489667,3.789,33.77,31.82,29.71,55.094,0.4972,0.7516,-0.2544,35.38,32.16,9.53,2007,10,4,2007-10,False
2007-10-10,ITC,32.81,34.19,32.81,33.67,10207200,-0.433,33.77,31.88,29.73,54.014,0.4648,0.6943,-0.2295,35.38,32.16,9.525,2007,10,4,2007-10,False
2007-10-11,ITC,32.97,34.75,32.97,34.67,16242311,2.96,33.86,31.95,29.75,59.794,0.5137,0.6582,-0.1445,35.46,32.26,9.464,2007,10,4,2007-10,False
2007-10-12,ITC,34.57,34.75,33.72,33.91,16104485,-2.189,33.92,32.02,29.77,54.207,0.4855,0.6236,-0.1381,35.43,32.4,8.924,2007,10,4,2007-10,False
2007-10-15,ITC,33.95,34.47,33.38,34.23,17112593,0.944,33.97,32.09,29.79,56.071,0.4835,0.5956,-0.1121,35.44,32.51,8.644,2007,10,4,2007-10,False
2007-10-16,ITC,34.2,34.68,33.56,34.05,11921662,-0.534,34.02,32.15,29.8,54.701,0.4618,0.5688,-0.107,35.43,32.62,8.27,2007,10,4,2007-10,False
2007-10-17,ITC,32.65,33.99,31.14,33.75,14906227,-0.886,34.06,32.19,29.81,52.424,0.4155,0.5382,-0.1227,35.39,32.74,7.78,2007,10,4,2007-10,False
2007-10-18,ITC,33.84,34.71,32.97,33.52,18728227,-0.678,34.02,32.25,29.82,50.702,0.3562,0.5018,-0.1456,35.37,32.68,7.892,2007,10,4,2007-10,False
2007-10-19,ITC,33.27,33.27,31.92,32.22,12425261,-3.874,33.86,32.28,29.82,42.221,0.2021,0.4418,-0.2398,35.24,32.48,8.171,2007,10,4,2007-10,False
2007-10-22,ITC,32.17,32.89,31.57,32.44,9740614,0.681,33.74,32.33,29.83,43.928,0.0966,0.3728,-0.2762,35.16,32.31,8.463,2007,10,4,2007-10,False
2007-10-23,ITC,32.56,34.1,32.56,33.89,19204493,4.483,33.71,32.41,29.84,53.691,0.1288,0.324,-0.1952,35.12,32.31,8.323,2007,10,4,2007-10,False
2007-10-24,ITC,34.02,34.46,33.29,33.71,9013905,-0.54,33.69,32.49,29.86,52.454,0.138,0.2868,-0.1488,35.07,32.31,8.203,2007,10,4,2007-10,False
2007-10-25,ITC,33.55,33.66,33.04,33.45,15911472,-0.76,33.67,32.55,29.88,50.693,0.1232,0.2541,-0.1309,35.06,32.29,8.227,2007,10,4,2007-10,False
2007-10-26,ITC,33.75,34.88,32.64,32.97,27710712,-1.449,33.63,32.63,29.89,47.446,0.0715,0.2175,-0.146,35.04,32.21,8.412,2007,10,4,2007-10,False
2007-10-29,ITC,33.42,33.84,33.2,33.4,19204578,1.304,33.56,32.74,29.92,50.475,0.0645,0.1869,-0.1224,34.88,32.24,7.866,2007,10,4,2007-10,False
2007-10-30,ITC,33.43,33.47,32.56,32.84,11298950,-1.67,33.5,32.83,29.93,46.712,0.0138,0.1523,-0.1385,34.84,32.16,7.998,2007,10,4,2007-10,False
2007-10-31,ITC,32.92,33.28,32.38,32.72,17458673,-0.362,33.42,32.92,29.95,45.926,-0.0356,0.1147,-0.1503,34.75,32.09,7.962,2007,10,4,2007-10,False
2007-11-01,ITC,32.6,33.05,31.22,31.41,17297117,-4.025,33.3,32.97,29.95,38.249,-0.179,0.056,-0.2349,34.88,31.71,9.514,2007,11,4,2007-11,False
2007-11-02,ITC,31.28,32.42,30.73,32.03,17883764,1.98,33.27,33.03,29.96,43.087,-0.2396,-0.0031,-0.2365,34.93,31.6,10.003,2007,11,4,2007-11,False
2007-11-05,ITC,31.83,32.03,31.12,31.31,18937436,-2.227,33.2,33.06,29.96,39.285,-0.3413,-0.0708,-0.2705,35.06,31.34,11.196,2007,11,4,2007-11,False
2007-11-06,ITC,31.83,31.99,31.16,31.78,14293074,1.489,33.1,33.09,29.97,42.837,-0.3799,-0.1326,-0.2473,35.04,31.16,11.708,2007,11,4,2007-11,False
2007-11-07,ITC,31.83,32.17,31.06,31.22,11638413,-1.755,32.98,33.1,29.97,39.835,-0.4503,-0.1961,-0.2542,35.07,30.89,12.668,2007,11,4,2007-11,False
2007-11-08,ITC,31.28,31.37,30.18,31.13,5374902,-0.293,32.8,33.11,29.97,39.348,-0.5076,-0.2584,-0.2492,34.88,30.72,12.708,2007,11,4,2007-11,False
2007-11-12,ITC,30.55,33.0,30.19,32.7,18602958,5.053,32.74,33.14,29.97,50.543,-0.4213,-0.291,-0.1303,34.76,30.72,12.324,2007,11,4,2007-11,False
2007-11-13,ITC,32.52,32.97,31.15,32.55,17619884,-0.475,32.66,33.16,29.97,49.569,-0.3612,-0.305,-0.0562,34.55,30.76,11.586,2007,11,4,2007-11,False
2007-11-14,ITC,33.35,33.72,32.83,33.42,15089994,2.669,32.62,33.2,29.98,54.809,-0.2407,-0.2922,0.0515,34.44,30.81,11.116,2007,11,4,2007-11,False
2007-11-15,ITC,32.96,34.92,32.96,34.65,31081713,3.695,32.67,33.26,30.0,61.009,-0.0451,-0.2428,0.1977,34.64,30.7,12.059,2007,11,4,2007-11,False
2007-11-16,ITC,34.75,38.05,34.2,37.52,51974745,8.261,32.87,33.38,30.03,70.958,0.337,-0.1268,0.4638,35.79,29.95,17.745,2007,11,4,2007-11,False
2007-11-19,ITC,38.36,38.67,35.88,36.36,37835267,-3.072,33.08,33.46,30.05,63.89,0.5407,0.0067,0.534,36.36,29.79,19.876,2007,11,4,2007-11,False
2007-11-20,ITC,35.85,37.41,35.6,35.97,22794875,-1.081,33.25,33.53,30.08,61.634,0.6627,0.1379,0.5248,36.77,29.74,21.138,2007,11,4,2007-11,False
2007-11-21,ITC,36.13,36.86,33.35,33.91,23015237,-5.721,33.25,33.54,30.09,51.405,0.5866,0.2276,0.3589,36.77,29.74,21.142,2007,11,4,2007-11,False
2007-11-22,ITC,33.91,34.37,32.95,33.86,15683557,-0.162,33.26,33.54,30.1,51.162,0.5159,0.2853,0.2306,36.78,29.74,21.165,2007,11,4,2007-11,False
2007-11-23,ITC,34.72,34.72,33.17,33.77,11691000,-0.243,33.28,33.56,30.11,50.773,0.448,0.3178,0.1302,36.8,29.75,21.195,2007,11,4,2007-11,False
2007-11-26,ITC,34.02,35.08,33.95,34.33,10960540,1.652,33.35,33.59,30.13,53.361,0.4343,0.3411,0.0932,36.9,29.79,21.317,2007,11,4,2007-11,False
2007-11-27,ITC,34.33,34.57,33.73,34.01,8163101,-0.932,33.38,33.61,30.14,51.682,0.393,0.3515,0.0415,36.94,29.81,21.372,2007,11,4,2007-11,False
2007-11-28,ITC,34.42,35.39,33.87,34.22,14071079,0.618,33.44,33.63,30.15,52.735,0.373,0.3558,0.0172,37.02,29.87,21.388,2007,11,4,2007-11,False
2007-11-29,ITC,34.57,35.16,33.52,33.98,26070472,-0.722,33.51,33.65,30.16,51.321,0.3334,0.3513,-0.0179,37.07,29.94,21.292,2007,11,4,2007-11,False
2007-11-30,ITC,34.17,34.75,33.92,34.45,12366892,1.4,33.66,33.65,30.18,53.885,0.3365,0.3483,-0.0119,37.11,30.21,20.485,2007,11,4,2007-11,False
2007-12-03,ITC,34.92,35.38,34.42,35.06,7645498,1.752,33.81,33.65,30.2,56.982,0.3832,0.3553,0.0279,37.22,30.4,20.18,2007,12,4,2007-12,False
2007-12-04,ITC,35.19,35.45,34.84,35.17,7419300,0.313,34.0,33.65,30.22,57.54,0.4242,0.3691,0.0551,37.25,30.75,19.11,2007,12,4,2007-12,False
2007-12-05,ITC,35.3,35.49,34.42,35.25,13655843,0.234,34.18,33.67,30.24,57.98,0.458,0.3869,0.0712,37.29,31.06,18.241,2007,12,4,2007-12,False
2007-12-06,ITC,35.25,36.02,34.98,35.32,9915676,0.208,34.38,33.69,30.26,58.393,0.4852,0.4065,0.0786,37.21,31.56,16.431,2007,12,4,2007-12,False
2007-12-07,ITC,35.32,35.61,33.78,34.42,15943471,-2.563,34.55,33.7,30.27,51.628,0.4287,0.411,0.0177,36.92,32.17,13.751,2007,12,4,2007-12,False
2007-12-10,ITC,34.97,35.1,33.9,34.15,7774487,-0.771,34.62,33.71,30.29,49.808,0.3584,0.4005,-0.0421,36.84,32.4,12.839,2007,12,4,2007-12,False
2007-12-11,ITC,36.18,36.18,33.86,34.3,8942892,0.428,34.71,33.7,30.31,50.838,0.3109,0.3825,-0.0716,36.71,32.7,11.565,2007,12,4,2007-12,False
2007-12-12,ITC,34.11,34.85,33.73,34.68,23578349,1.12,34.77,33.71,30.33,53.533,0.3008,0.3662,-0.0654,36.68,32.85,11.008,2007,12,4,2007-12,False
2007-12-13,ITC,34.94,37.04,34.94,35.92,28327502,3.56,34.83,33.75,30.36,60.945,0.3879,0.3705,0.0174,36.81,32.85,11.367,2007,12,4,2007-12,False
2007-12-14,ITC,36.31,37.3,35.72,36.71,31128091,2.215,34.79,33.8,30.39,64.838,0.5153,0.3995,0.1158,36.56,33.02,10.185,2007,12,4,2007-12,False
2007-12-17,ITC,36.75,37.86,34.8,35.39,23352226,-3.587,34.74,33.86,30.42,55.056,0.5041,0.4204,0.0837,36.38,33.1,9.434,2007,12,4,2007-12,False
2007-12-18,ITC,36.58,38.41,35.13,36.13,12848003,2.093,34.75,33.93,30.45,58.82,0.5487,0.4461,0.1026,36.42,33.09,9.589,2007,12,4,2007-12,False
2007-12-19,ITC,36.77,37.41,35.39,36.53,15144666,1.088,34.88,33.98,30.48,60.701,0.6087,0.4786,0.1301,36.68,33.09,10.289,2007,12,4,2007-12,False
2007-12-20,ITC,36.58,36.93,35.77,35.94,11253086,-1.602,34.99,34.03,30.52,56.56,0.6022,0.5033,0.0989,36.77,33.2,10.211,2007,12,4,2007-12,False
2007-12-24,ITC,37.28,37.28,35.35,36.23,17646387,0.789,35.11,34.06,30.56,58.052,0.6128,0.5252,0.0876,36.88,33.34,10.097,2007,12,4,2007-12,False
2007-12-26,ITC,36.42,36.74,36.1,36.56,10952833,0.909,35.22,34.11,30.6,59.781,0.6404,0.5482,0.0921,37.06,33.38,10.476,2007,12,4,2007-12,False
2007-12-27,ITC,36.6,37.68,36.59,37.23,41356752,1.851,35.38,34.17,30.65,63.143,0.7087,0.5803,0.1283,37.34,33.42,11.077,2007,12,4,2007-12,False
2007-12-28,ITC,36.58,37.91,36.44,37.78,23129016,1.474,35.56,34.25,30.7,65.651,0.7979,0.6238,0.174,37.71,33.41,12.111,2007,12,4,2007-12,False
2007-12-31,ITC,37.78,38.76,37.78,38.31,15416808,1.404,35.78,34.34,30.76,67.923,0.901,0.6793,0.2217,38.12,33.43,13.118,2007,12,4,2007-12,False
2008-01-01,ITC,38.78,40.4,38.43,39.8,35905649,3.891,36.04,34.46,30.83,73.273,1.0904,0.7615,0.3289,38.92,33.17,15.937,2008,1,1,2008-01,False
2008-01-02,ITC,40.22,41.59,39.2,40.44,56548547,1.608,36.31,34.63,30.9,75.187,1.2775,0.8647,0.4128,39.75,32.88,18.93,2008,1,1,2008-01,False
2008-01-03,ITC,40.24,40.42,38.79,39.23,45046995,-3.008,36.52,34.76,30.97,65.578,1.3125,0.9543,0.3582,40.14,32.89,19.861,2008,1,1,2008-01,False
2008-01-04,ITC,39.33,40.28,38.99,40.12,37048319,2.285,36.76,34.89,31.04,68.747,1.3964,1.0427,0.3537,40.67,32.85,21.281,2008,1,1,2008-01,False
2008-01-07,ITC,38.72,42.98,38.72,42.31,52332637,5.448,37.11,35.06,31.13,74.833,1.6206,1.1583,0.4624,41.67,32.54,24.598,2008,1,1,2008-01,False
2008-01-08,ITC,42.77,43.79,40.99,42.25,53012263,-0.13,37.5,35.23,31.21,74.441,1.7735,1.2813,0.4921,42.42,32.58,26.251,2008,1,1,2008-01,False
2008-01-09,ITC,41.98,42.88,41.36,41.71,29810430,-1.277,37.88,35.41,31.28,70.53,1.8299,1.391,0.4389,42.88,32.88,26.4,2008,1,1,2008-01,False
2008-01-10,ITC,41.89,42.07,39.9,40.2,19361009,-3.618,38.17,35.55,31.36,60.893,1.733,1.4594,0.2735,42.98,33.37,25.164,2008,1,1,2008-01,False
2008-01-11,ITC,40.24,41.21,39.22,40.32,16725883,0.296,38.46,35.7,31.43,61.341,1.6467,1.4969,0.1498,43.05,33.86,23.91,2008,1,1,2008-01,False
2008-01-14,ITC,40.77,41.34,39.92,41.06,15384550,1.837,38.71,35.86,31.51,64.102,1.6195,1.5214,0.0981,43.29,34.14,23.635,2008,1,1,2008-01,False
2008-01-15,ITC,41.17,41.5,39.28,39.57,10450639,-3.63,38.86,36.03,31.57,55.511,1.4607,1.5093,-0.0485,43.35,34.37,23.107,2008,1,1,2008-01,False
2008-01-16,ITC,39.33,39.58,36.79,38.22,27547611,-3.42,39.0,36.15,31.63,49.08,1.2118,1.4498,-0.238,43.2,34.8,21.534,2008,1,1,2008-01,False
2008-01-17,ITC,38.05,40.6,38.05,39.83,17712169,4.212,39.18,36.32,31.7,55.659,1.1313,1.3861,-0.2548,43.17,35.19,20.358,2008,1,1,2008-01,False
2008-01-18,ITC,39.83,40.24,38.05,38.9,27550409,-2.342,39.3,36.46,31.76,51.506,0.9809,1.305,-0.3241,43.09,35.51,19.298,2008,1,1,2008-01,False
2008-01-21,ITC,38.96,39.14,34.75,36.92,37610322,-5.079,39.35,36.58,31.81,44.015,0.6944,1.1829,-0.4885,42.98,35.72,18.458,2008,1,1,2008-01,False
2008-01-22,ITC,34.74,36.58,30.91,33.45,41092317,-9.388,39.21,36.62,31.84,34.527,0.1854,0.9834,-0.798,43.5,34.93,21.861,2008,1,1,2008-01,False
2008-01-23,ITC,34.57,36.58,32.74,35.64,37927743,6.534,39.17,36.68,31.88,42.888,-0.041,0.7785,-0.8196,43.59,34.74,22.584,2008,1,1,2008-01,False
2008-01-24,ITC,36.03,36.95,32.96,34.3,19640765,-3.772,39.02,36.72,31.91,39.543,-0.3253,0.5578,-0.883,43.88,34.15,24.94,2008,1,1,2008-01,False
2008-01-25,ITC,35.49,36.77,34.81,36.3,16931664,5.84,38.94,36.77,31.95,46.266,-0.3845,0.3693,-0.7538,43.93,33.96,25.618,2008,1,1,2008-01,False
2008-01-28,ITC,34.75,36.58,34.75,35.9,17161765,-1.109,38.82,36.8,31.99,45.179,-0.4586,0.2037,-0.6623,43.99,33.66,26.616,2008,1,1,2008-01,False
2008-01-29,ITC,36.34,37.65,36.22,36.8,15839562,2.522,38.67,36.78,32.03,48.132,-0.4392,0.0752,-0.5143,43.9,33.45,27.001,2008,1,1,2008-01,False
2008-01-30,ITC,38.32,38.32,34.59,36.46,16179168,-0.919,38.48,36.79,32.07,47.111,-0.446,-0.0291,-0.4169,43.72,33.23,27.242,2008,1,1,2008-01,False
2008-01-31,ITC,36.77,36.77,35.03,35.77,29537004,-1.906,38.3,36.78,32.11,44.999,-0.5017,-0.1236,-0.3781,43.67,32.94,28.004,2008,1,1,2008-01,False
2008-02-01,ITC,35.17,37.94,35.17,37.52,11614006,4.909,38.17,36.85,32.16,50.979,-0.3995,-0.1788,-0.2207,43.48,32.87,27.784,2008,2,1,2008-02,False
2008-02-04,ITC,38.05,38.76,36.88,37.46,11908347,-0.171,37.93,36.93,32.21,50.762,-0.32,-0.207,-0.113,42.87,32.99,26.036,2008,2,1,2008-02,False
2008-02-05,ITC,37.86,38.05,36.83,37.67,11151130,0.562,37.7,37.0,32.25,51.492,-0.2373,-0.2131,-0.0242,42.2,33.2,23.867,2008,2,1,2008-02,False
2008-02-06,ITC,36.77,37.13,35.92,36.58,10445162,-2.889,37.44,37.05,32.29,47.564,-0.2566,-0.2218,-0.0348,41.55,33.34,21.917,2008,2,1,2008-02,False
2008-02-07,ITC,36.58,36.81,34.8,35.14,15374321,-3.95,37.19,37.07,32.33,42.888,-0.3841,-0.2542,-0.1299,41.2,33.18,21.567,2008,2,1,2008-02,False
2008-02-08,ITC,35.3,36.54,34.96,36.22,18259769,3.071,36.99,37.11,32.37,47.073,-0.3935,-0.2821,-0.1114,40.73,33.24,20.263,2008,2,1,2008-02,False
2008-02-11,ITC,36.22,36.55,32.74,33.91,16119197,-6.364,36.63,37.11,32.39,40.283,-0.5803,-0.3417,-0.2385,40.09,33.17,18.909,2008,2,1,2008-02,False
2008-02-12,ITC,33.82,34.33,33.31,33.94,9851748,0.081,36.35,37.1,32.42,40.394,-0.7178,-0.4169,-0.3008,39.72,32.98,18.541,2008,2,1,2008-02,False
2008-02-13,ITC,34.48,36.17,34.2,35.9,17056096,5.767,36.23,37.12,32.45,47.796,-0.6612,-0.4658,-0.1954,39.49,32.97,17.974,2008,2,1,2008-02,False
2008-02-14,ITC,36.6,37.31,35.87,36.45,13086154,1.529,36.06,37.14,32.49,49.683,-0.5656,-0.4857,-0.0798,38.85,33.27,15.454,2008,2,1,2008-02,False
2008-02-15,ITC,35.65,37.31,35.65,37.1,22661816,1.807,35.97,37.18,32.53,51.928,-0.4317,-0.4749,0.0433,38.48,33.47,13.918,2008,2,1,2008-02,False
2008-02-18,ITC,37.15,38.68,36.37,38.38,23135752,3.426,36.04,37.24,32.58,56.009,-0.2204,-0.424,0.2036,38.74,33.35,14.962,2008,2,1,2008-02,False
2008-02-19,ITC,37.86,38.96,36.99,37.57,16771027,-2.097,36.25,37.3,32.62,52.945,-0.1166,-0.3625,0.2459,38.73,33.77,13.706,2008,2,1,2008-02,False
2008-02-20,ITC,37.57,37.59,36.41,36.94,10313649,-1.68,36.32,37.36,32.66,50.607,-0.0843,-0.3069,0.2226,38.8,33.83,13.686,2008,2,1,2008-02,False
2008-02-21,ITC,37.32,37.5,36.31,36.83,9171529,-0.297,36.44,37.41,32.7,50.191,-0.0668,-0.2589,0.1921,38.75,34.14,12.641,2008,2,1,2008-02,False
2008-02-22,ITC,36.4,36.93,36.4,36.61,4815246,-0.596,36.46,37.45,32.74,49.32,-0.0698,-0.221,0.1513,38.76,34.15,12.636,2008,2,1,2008-02,False
2008-02-25,ITC,36.93,37.48,36.61,36.92,8599305,0.849,36.51,37.47,32.78,50.628,-0.0465,-0.1861,0.1396,38.81,34.21,12.581,2008,2,1,2008-02,False
2008-02-26,ITC,36.95,37.26,36.66,36.85,8578431,-0.198,36.51,37.47,32.82,50.299,-0.0336,-0.1556,0.122,38.81,34.21,12.587,2008,2,1,2008-02,False
2008-02-27,ITC,37.13,37.28,36.13,37.01,17818586,0.447,36.54,37.5,32.86,51.069,-0.01,-0.1265,0.1165,38.85,34.23,12.636,2008,2,1,2008-02,False
2008-02-28,ITC,36.22,37.26,36.22,36.99,19442957,-0.049,36.6,37.52,32.89,50.975,0.0071,-0.0998,0.1069,38.89,34.31,12.5,2008,2,1,2008-02,False
2008-02-29,ITC,36.95,37.86,36.55,37.09,32564155,0.247,36.58,37.53,32.93,51.458,0.0278,-0.0743,0.1021,38.84,34.32,12.348,2008,2,1,2008-02,False
2008-03-03,ITC,36.27,36.27,34.63,35.22,73383791,-5.031,36.47,37.52,32.95,42.29,-0.1052,-0.0804,-0.0247,38.76,34.17,12.592,2008,3,1,2008-03,False
2008-03-04,ITC,35.3,35.56,33.31,33.82,42104459,-3.973,36.27,37.47,32.97,36.97,-0.3198,-0.1283,-0.1914,38.78,33.77,13.82,2008,3,1,2008-03,False
2008-03-05,ITC,33.64,35.82,33.29,35.59,27080050,5.219,36.22,37.45,33.0,46.169,-0.3434,-0.1713,-0.1721,38.74,33.7,13.914,2008,3,1,2008-03,False
2008-03-07,ITC,35.32,35.67,34.2,34.89,30010516,-1.953,36.21,37.4,33.02,43.478,-0.4135,-0.2198,-0.1938,38.76,33.67,14.055,2008,3,1,2008-03,False
2008-03-10,ITC,34.2,35.62,34.08,34.94,17653510,0.131,36.15,37.35,33.05,43.711,-0.4601,-0.2678,-0.1922,38.75,33.54,14.429,2008,3,1,2008-03,False
2008-03-11,ITC,34.11,35.67,34.11,35.17,27209731,0.654,36.21,37.28,33.08,44.93,-0.4731,-0.3089,-0.1642,38.65,33.77,13.457,2008,3,1,2008-03,False
2008-03-12,ITC,35.5,36.22,34.71,34.84,15054773,-0.91,36.25,37.19,33.1,43.509,-0.5034,-0.3478,-0.1556,38.54,33.97,12.621,2008,3,1,2008-03,False
2008-03-13,ITC,34.39,34.75,33.24,33.95,16130653,-2.572,36.16,37.06,33.13,39.721,-0.5929,-0.3968,-0.1961,38.66,33.65,13.869,2008,3,1,2008-03,False
2008-03-14,ITC,34.51,35.3,34.02,35.06,19340739,3.287,36.09,36.97,33.15,46.022,-0.5673,-0.4309,-0.1364,38.64,33.54,14.13,2008,3,1,2008-03,False
2008-03-17,ITC,34.58,35.01,33.43,33.98,21605125,-3.104,35.93,36.85,33.18,41.468,-0.6275,-0.4702,-0.1573,38.6,33.26,14.852,2008,3,1,2008-03,False
2008-03-18,ITC,34.17,34.75,32.99,33.48,16098859,-1.454,35.69,36.67,33.2,39.556,-0.707,-0.5176,-0.1894,38.31,33.07,14.694,2008,3,1,2008-03,False
2008-03-19,ITC,34.39,34.7,33.74,34.26,17036592,2.322,35.52,36.51,33.23,43.939,-0.6992,-0.5539,-0.1453,38.06,32.98,14.29,2008,3,1,2008-03,False
2008-03-24,ITC,35.97,35.97,33.85,34.96,14055897,2.056,35.42,36.38,33.26,47.643,-0.6289,-0.5689,-0.06,37.88,32.96,13.879,2008,3,1,2008-03,False
2008-03-25,ITC,36.58,37.5,34.75,35.04,21366248,0.209,35.33,36.27,33.3,48.027,-0.5609,-0.5673,0.0064,37.7,32.96,13.423,2008,3,1,2008-03,False
2008-03-26,ITC,34.95,35.94,34.77,35.72,15413048,1.958,35.29,36.18,33.34,51.612,-0.4465,-0.5431,0.0967,37.59,32.99,13.053,2008,3,1,2008-03,False
2008-03-27,ITC,35.81,36.95,35.3,36.6,18902152,2.458,35.27,36.09,33.39,55.813,-0.2817,-0.4908,0.2092,37.53,33.01,12.811,2008,3,1,2008-03,False
2008-03-28,ITC,36.58,38.05,36.58,37.77,15352678,3.198,35.32,36.06,33.44,60.711,-0.056,-0.4039,0.3479,37.75,32.89,13.741,2008,3,1,2008-03,False
2008-03-31,ITC,37.86,38.56,37.14,37.73,13151983,-0.121,35.35,36.05,33.49,60.43,0.1178,-0.2995,0.4174,37.9,32.81,14.421,2008,3,1,2008-03,False
2008-04-01,ITC,38.05,38.91,37.63,38.52,11668011,2.109,35.43,36.02,33.55,63.596,0.3161,-0.1764,0.4925,38.26,32.6,15.985,2008,4,2,2008-04,False
2008-04-02,ITC,38.96,39.66,37.31,38.05,13263696,-1.235,35.48,36.0,33.6,60.481,0.43,-0.0551,0.4851,38.46,32.5,16.791,2008,4,2,2008-04,False
2008-04-03,ITC,38.06,38.5,37.73,38.06,12911531,0.024,35.62,36.03,33.65,60.521,0.515,0.0589,0.4561,38.81,32.43,17.906,2008,4,2,2008-04,False
2008-04-04,ITC,37.52,38.02,36.44,36.69,16549079,-3.581,35.76,36.09,33.7,52.056,0.467,0.1405,0.3265,38.87,32.66,17.366,2008,4,2,2008-04,False
2008-04-07,ITC,37.46,39.23,36.69,38.48,24215498,4.86,35.91,36.15,33.75,59.951,0.5664,0.2257,0.3407,39.24,32.58,18.553,2008,4,2,2008-04,False
2008-04-08,ITC,38.59,38.59,37.73,38.15,20961707,-0.856,36.07,36.23,33.8,58.05,0.6115,0.3029,0.3087,39.51,32.63,19.062,2008,4,2,2008-04,False
2008-04-09,ITC,37.68,38.12,37.24,37.94,7388313,-0.551,36.22,36.26,33.86,56.811,0.6231,0.3669,0.2562,39.71,32.73,19.275,2008,4,2,2008-04,False
2008-04-10,ITC,37.73,38.37,37.43,37.8,13293197,-0.362,36.35,36.3,33.91,55.972,0.6142,0.4164,0.1978,39.88,32.83,19.374,2008,4,2,2008-04,False
2008-04-11,ITC,37.86,38.11,37.15,37.32,11948428,-1.258,36.48,36.31,33.96,53.047,0.5622,0.4455,0.1167,39.95,33.01,19.037,2008,4,2,2008-04,False
2008-04-15,ITC,37.22,38.32,36.96,38.03,16351775,1.887,36.68,36.34,34.01,56.659,0.5713,0.4707,0.1006,40.0,33.36,18.116,2008,4,2,2008-04,False
2008-04-16,ITC,38.39,38.54,37.9,38.41,11952139,1.01,36.85,36.39,34.06,58.533,0.6025,0.497,0.1055,40.17,33.53,18.003,2008,4,2,2008-04,False
2008-04-17,ITC,38.61,38.94,37.52,38.68,9619488,0.69,37.08,36.41,34.12,59.824,0.6413,0.5259,0.1154,40.2,33.96,16.828,2008,4,2,2008-04,False
2008-04-21,ITC,38.83,39.33,37.95,38.08,7846696,-1.537,37.31,36.43,34.17,55.641,0.6169,0.5441,0.0728,39.96,34.67,14.173,2008,4,2,2008-04,False
2008-04-22,ITC,38.01,39.33,37.69,39.02,9820948,2.45,37.55,36.45,34.22,60.329,0.6652,0.5683,0.0969,39.88,35.23,12.376,2008,4,2,2008-04,False
2008-04-23,ITC,39.14,39.51,38.66,38.76,8966446,-0.656,37.74,36.5,34.28,58.501,0.6751,0.5897,0.0854,39.78,35.71,10.79,2008,4,2,2008-04,False
2008-04-24,ITC,38.61,39.32,38.18,38.4,14937501,-0.92,37.91,36.56,34.33,55.958,0.6466,0.6011,0.0456,39.52,36.3,8.472,2008,4,2,2008-04,False
2008-04-25,ITC,39.13,39.13,38.27,38.94,7794009,1.405,38.07,36.62,34.38,58.871,0.66,0.6129,0.0472,39.37,36.77,6.824,2008,4,2,2008-04,False
2008-04-28,ITC,39.14,39.51,38.46,38.7,10015152,-0.611,38.18,36.71,34.44,57.08,0.644,0.6191,0.0249,39.3,37.05,5.905,2008,4,2,2008-04,False
2008-04-29,ITC,38.95,39.33,38.56,38.83,10973280,0.331,38.23,36.81,34.5,57.824,0.6344,0.6221,0.0122,39.38,37.08,6.0,2008,4,2,2008-04,False
2008-04-30,ITC,38.5,40.39,38.5,40.22,23595740,3.58,38.35,36.9,34.56,64.934,0.7305,0.6438,0.0867,39.78,36.93,7.435,2008,4,2,2008-04,False
2008-05-02,ITC,40.63,41.1,39.98,40.41,10142649,0.478,38.45,36.98,34.62,65.792,0.8127,0.6776,0.1351,40.15,36.75,8.833,2008,5,2,2008-05,False
2008-05-05,ITC,40.22,40.86,39.88,40.38,8353056,-0.091,38.56,37.04,34.69,65.463,0.865,0.7151,0.15,40.46,36.67,9.807,2008,5,2,2008-05,False
2008-05-06,ITC,40.06,41.46,40.06,41.13,17286814,1.857,38.72,37.1,34.75,68.893,0.956,0.7633,0.1927,40.91,36.53,11.323,2008,5,2,2008-05,False
2008-05-07,ITC,41.27,42.02,40.89,41.46,15557677,0.801,38.96,37.17,34.82,70.288,1.0426,0.8191,0.2235,41.25,36.66,11.798,2008,5,2,2008-05,False
2008-05-08,ITC,41.43,41.43,39.05,39.33,19724315,-5.14,39.0,37.22,34.87,53.55,0.9286,0.841,0.0876,41.29,36.71,11.754,2008,5,2,2008-05,False
2008-05-09,ITC,39.33,40.24,39.02,39.98,18173596,1.651,39.09,37.28,34.93,56.917,0.8805,0.8489,0.0316,41.39,36.8,11.74,2008,5,2,2008-05,False
2008-05-12,ITC,39.74,41.16,39.29,40.94,11242054,2.402,39.24,37.37,35.0,61.375,0.9093,0.861,0.0484,41.61,36.87,12.069,2008,5,2,2008-05,False
2008-05-13,ITC,41.16,41.89,40.31,41.22,12503196,0.693,39.41,37.46,35.06,62.606,0.9442,0.8776,0.0666,41.83,36.99,12.295,2008,5,2,2008-05,False
2008-05-14,ITC,40.79,41.75,40.7,41.39,10964307,0.422,39.62,37.55,35.13,63.376,0.9747,0.897,0.0776,41.98,37.25,11.952,2008,5,2,2008-05,False
2008-05-15,ITC,41.54,41.7,40.99,41.37,10397207,-0.044,39.78,37.64,35.18,63.228,0.9859,0.9148,0.0711,42.15,37.41,11.905,2008,5,2,2008-05,False
2008-05-16,ITC,41.37,41.7,40.79,41.54,7619689,0.398,39.94,37.73,35.24,64.04,0.9967,0.9312,0.0655,42.34,37.54,12.017,2008,5,2,2008-05,False
2008-05-20,ITC,41.34,41.65,40.88,41.29,8410120,-0.594,40.07,37.81,35.29,61.835,0.974,0.9398,0.0343,42.47,37.67,11.955,2008,5,2,2008-05,False
2008-05-21,ITC,40.97,42.51,40.9,41.74,14572310,1.085,40.25,37.94,35.34,64.241,0.9809,0.948,0.0329,42.57,37.94,11.495,2008,5,2,2008-05,False
2008-05-22,ITC,41.52,42.25,40.24,40.86,18902797,-2.103,40.35,38.08,35.39,56.698,0.9051,0.9394,-0.0343,42.6,38.09,11.165,2008,5,2,2008-05,False
2008-05-23,ITC,40.86,41.32,38.62,39.07,18286195,-4.387,40.36,38.15,35.43,45.064,0.6924,0.89,-0.1976,42.57,38.15,10.951,2008,5,2,2008-05,False
2008-05-26,ITC,38.75,38.75,36.87,37.59,28507751,-3.792,40.32,38.21,35.47,38.105,0.3997,0.7919,-0.3923,42.7,37.94,11.83,2008,5,2,2008-05,False
2008-05-27,ITC,37.77,39.42,37.68,38.25,31189078,1.752,40.29,38.27,35.5,42.365,0.2183,0.6772,-0.4589,42.77,37.8,12.349,2008,5,2,2008-05,False
2008-05-28,ITC,38.61,40.84,38.61,40.6,30945626,6.145,40.38,38.38,35.55,54.424,0.2612,0.594,-0.3328,42.76,38.0,11.767,2008,5,2,2008-05,False
2008-05-29,ITC,40.6,40.96,39.01,39.5,16404359,-2.703,40.41,38.47,35.59,49.243,0.2043,0.5161,-0.3118,42.72,38.11,11.392,2008,5,2,2008-05,False
2008-05-30,ITC,39.69,40.31,39.34,39.83,12730416,0.834,40.39,38.59,35.64,50.758,0.1837,0.4496,-0.2659,42.71,38.08,11.464,2008,5,2,2008-05,False
2008-06-02,ITC,40.09,40.97,39.61,40.23,19297897,1.01,40.38,38.69,35.69,52.618,0.1975,0.3992,-0.2017,42.7,38.07,11.472,2008,6,2,2008-06,False
2008-06-03,ITC,39.88,40.41,39.17,40.22,14049731,-0.023,40.38,38.82,35.74,52.57,0.2053,0.3604,-0.1551,42.69,38.06,11.48,2008,6,2,2008-06,False
2008-06-04,ITC,40.99,40.99,38.96,39.47,9194080,-1.864,40.29,38.94,35.79,48.604,0.1493,0.3182,-0.1689,42.62,37.97,11.53,2008,6,2,2008-06,False
2008-06-05,ITC,39.89,40.93,38.96,40.7,11787140,3.105,40.26,39.07,35.84,54.628,0.2015,0.2949,-0.0933,42.52,37.99,11.263,2008,6,2,2008-06,False
2008-06-06,ITC,40.97,41.16,38.66,39.04,13970351,-4.067,40.24,39.15,35.89,46.671,0.108,0.2575,-0.1494,42.54,37.95,11.405,2008,6,2,2008-06,False
2008-06-09,ITC,38.3,39.03,37.5,37.93,13368513,-2.858,40.14,39.21,35.94,42.208,-0.0554,0.1949,-0.2503,42.66,37.62,12.541,2008,6,2,2008-06,False
2008-06-10,ITC,38.05,38.05,36.24,36.87,24025968,-2.797,39.94,39.23,35.98,38.444,-0.2675,0.1024,-0.3699,42.81,37.06,14.413,2008,6,2,2008-06,False
2008-06-11,ITC,36.95,37.2,35.63,36.49,37983261,-1.017,39.7,39.23,36.03,37.181,-0.4605,-0.0102,-0.4504,42.89,36.51,16.089,2008,6,2,2008-06,False
2008-06-12,ITC,35.88,37.06,35.7,36.57,19752177,0.226,39.46,39.2,36.06,37.665,-0.5999,-0.1281,-0.4718,42.84,36.08,17.119,2008,6,2,2008-06,False
2008-06-13,ITC,36.58,36.84,35.6,36.24,14093181,-0.9,39.2,39.17,36.1,36.456,-0.7286,-0.2482,-0.4804,42.74,35.66,18.061,2008,6,2,2008-06,False
2008-06-16,ITC,36.56,36.97,36.13,36.86,14814808,1.691,38.97,39.14,36.14,40.298,-0.7722,-0.353,-0.4192,42.48,35.46,18.006,2008,6,2,2008-06,False
2008-06-17,ITC,36.95,37.48,36.77,37.18,5815985,0.868,38.76,39.12,36.17,42.262,-0.772,-0.4368,-0.3352,42.18,35.35,17.624,2008,6,2,2008-06,False
2008-06-18,ITC,37.5,37.91,37.04,37.67,11634656,1.328,38.56,39.12,36.21,45.255,-0.7237,-0.4942,-0.2295,41.7,35.42,16.3,2008,6,2,2008-06,False
2008-06-19,ITC,37.13,37.75,36.77,37.64,9470895,-0.073,38.4,39.14,36.24,45.115,-0.6798,-0.5313,-0.1485,41.37,35.43,15.473,2008,6,2,2008-06,False
2008-06-20,ITC,37.66,37.66,35.58,36.29,13876791,-3.596,38.26,39.09,36.26,38.751,-0.7456,-0.5742,-0.1714,41.35,35.16,16.183,2008,6,2,2008-06,False
2008-06-23,ITC,36.03,37.36,35.31,35.74,17957726,-1.512,38.17,39.04,36.29,36.503,-0.8324,-0.6258,-0.2066,41.45,34.88,17.211,2008,6,2,2008-06,False
2008-06-24,ITC,36.55,36.55,34.2,35.03,27079401,-1.996,38.01,38.99,36.3,33.761,-0.9479,-0.6902,-0.2577,41.58,34.43,18.791,2008,6,2,2008-06,False
2008-06-25,ITC,34.94,34.94,33.4,34.1,19094228,-2.637,37.68,38.91,36.32,30.559,-1.1012,-0.7724,-0.3288,41.43,33.93,19.928,2008,6,2,2008-06,False
2008-06-26,ITC,34.75,35.3,34.04,35.07,21196560,2.843,37.46,38.87,36.33,37.281,-1.1315,-0.8443,-0.2873,41.28,33.64,20.417,2008,6,2,2008-06,False
2008-06-27,ITC,34.74,34.74,33.4,33.6,13860818,-4.198,37.15,38.78,36.34,32.185,-1.2598,-0.9274,-0.3324,41.17,33.13,21.647,2008,6,2,2008-06,False
2008-06-30,ITC,33.61,34.89,33.11,34.35,12281666,2.232,36.85,38.7,36.35,36.915,-1.2861,-0.9991,-0.287,40.78,32.92,21.329,2008,6,2,2008-06,False
2008-07-01,ITC,34.13,34.75,32.58,33.47,9094239,-2.556,36.52,38.59,36.35,33.931,-1.3621,-1.0717,-0.2904,40.39,32.65,21.201,2008,7,3,2008-07,False
2008-07-02,ITC,33.47,34.01,32.28,32.91,25272666,-1.694,36.19,38.49,36.35,32.125,-1.4514,-1.1476,-0.3037,40.12,32.26,21.712,2008,7,3,2008-07,False
2008-07-03,ITC,32.7,33.1,30.75,30.97,18257631,-5.892,35.7,38.33,36.34,26.861,-1.6594,-1.25,-0.4094,39.69,31.71,22.333,2008,7,3,2008-07,False
2008-07-04,ITC,31.28,32.54,30.64,31.31,17681141,1.122,35.32,38.18,36.33,29.104,-1.7758,-1.3551,-0.4206,39.43,31.2,23.326,2008,7,3,2008-07,False
2008-07-07,ITC,31.64,32.91,31.64,32.53,10382729,3.884,35.05,38.06,36.33,36.448,-1.7497,-1.4341,-0.3156,39.15,30.94,23.429,2008,7,3,2008-07,False
2008-07-08,ITC,32.0,32.24,30.84,31.42,13942429,-3.402,34.77,37.91,36.32,33.09,-1.7976,-1.5068,-0.2908,39.09,30.46,24.808,2008,7,3,2008-07,False
2008-07-09,ITC,31.74,34.09,31.71,33.63,14650731,7.014,34.63,37.81,36.32,44.132,-1.6388,-1.5332,-0.1056,38.89,30.37,24.62,2008,7,3,2008-07,False
2008-07-10,ITC,33.44,33.63,32.56,32.77,8727148,-2.556,34.44,37.69,36.31,41.271,-1.5643,-1.5394,-0.0249,38.68,30.2,24.606,2008,7,3,2008-07,False
2008-07-11,ITC,32.91,33.29,31.53,31.93,6891777,-2.568,34.22,37.52,36.3,38.632,-1.5552,-1.5426,-0.0127,38.51,29.93,25.068,2008,7,3,2008-07,False
2008-07-14,ITC,32.1,32.72,30.61,30.84,16525943,-3.409,33.92,37.33,36.28,35.471,-1.6172,-1.5575,-0.0597,38.28,29.57,25.68,2008,7,3,2008-07,False
2008-07-15,ITC,30.67,30.67,29.08,29.35,17421256,-4.834,33.53,37.11,36.25,31.652,-1.7663,-1.5992,-0.167,38.06,29.0,27.008,2008,7,3,2008-07,False
2008-07-16,ITC,29.92,31.52,29.32,30.38,25352723,3.53,33.17,36.9,36.23,36.748,-1.7803,-1.6355,-0.1448,37.46,28.88,25.882,2008,7,3,2008-07,False
2008-07-17,ITC,31.07,31.8,30.43,31.3,15801275,3.018,32.85,36.69,36.22,40.947,-1.6978,-1.6479,-0.0499,36.66,29.04,23.195,2008,7,3,2008-07,False
2008-07-18,ITC,31.46,33.48,30.89,32.99,15579598,5.381,32.68,36.57,36.21,47.8,-1.4795,-1.6142,0.1347,36.14,29.23,21.12,2008,7,3,2008-07,False
2008-07-21,ITC,32.99,34.71,32.38,33.54,19469205,1.674,32.57,36.44,36.21,49.854,-1.2475,-1.5409,0.2934,35.74,29.4,19.462,2008,7,3,2008-07,False
2008-07-22,ITC,33.53,35.61,33.19,35.53,25670645,5.943,32.6,36.33,36.22,56.509,-0.8926,-1.4112,0.5186,35.86,29.34,19.991,2008,7,3,2008-07,False
2008-07-23,ITC,36.37,37.37,35.18,35.86,33116743,0.922,32.69,36.22,36.22,57.507,-0.5782,-1.2446,0.6664,36.2,29.17,21.498,2008,7,3,2008-07,False
2008-07-24,ITC,35.86,36.83,35.11,35.65,11448010,-0.574,32.72,36.11,36.23,56.627,-0.3417,-1.0641,0.7223,36.32,29.11,22.036,2008,7,3,2008-07,False
2008-07-25,ITC,35.54,35.93,34.74,35.4,11070936,-0.709,32.81,35.99,36.25,55.505,-0.1727,-0.8858,0.7131,36.59,29.02,23.062,2008,7,3,2008-07,False
2008-07-28,ITC,35.38,36.21,35.18,35.68,11460354,0.793,32.87,35.87,36.26,56.536,-0.0159,-0.7118,0.6959,36.81,28.93,23.975,2008,7,3,2008-07,False
2008-07-29,ITC,35.37,35.73,34.48,35.48,10634175,-0.551,32.97,35.75,36.27,55.566,0.0914,-0.5512,0.6426,37.08,28.87,24.895,2008,7,3,2008-07,False
2008-07-30,ITC,35.18,35.9,34.62,35.24,12276572,-0.686,33.09,35.62,36.28,54.323,0.1551,-0.4099,0.565,37.32,28.86,25.55,2008,7,3,2008-07,False
2008-07-31,ITC,35.75,35.91,33.13,34.96,61055177,-0.797,33.29,35.51,36.28,52.854,0.1808,-0.2918,0.4726,37.47,29.11,25.125,2008,7,3,2008-07,False
2008-08-01,ITC,35.01,35.19,34.16,35.02,18818540,0.161,33.48,35.42,36.28,53.127,0.2033,-0.1928,0.3961,37.62,29.33,24.743,2008,8,3,2008-08,False
2008-08-04,ITC,35.02,35.54,34.81,35.15,7241272,0.374,33.61,35.38,36.29,53.799,0.2291,-0.1084,0.3375,37.79,29.42,24.882,2008,8,3,2008-08,False
2008-08-05,ITC,35.37,35.8,34.99,35.59,15146744,1.251,33.81,35.32,36.3,56.076,0.2818,-0.0303,0.3122,37.95,29.68,24.474,2008,8,3,2008-08,False
2008-08-06,ITC,35.93,36.65,35.26,35.54,26788469,-0.131,33.91,35.22,36.31,55.762,0.3162,0.039,0.2772,38.12,29.7,24.817,2008,8,3,2008-08,False
2008-08-07,ITC,35.56,36.44,35.18,35.92,27180089,1.08,34.07,35.15,36.32,57.852,0.3701,0.1052,0.2649,38.33,29.8,25.031,2008,8,3,2008-08,False
2008-08-08,ITC,35.75,36.1,35.43,35.58,14810876,-0.964,34.25,35.06,36.33,55.312,0.3805,0.1602,0.2202,38.44,30.06,24.467,2008,8,3,2008-08,False
2008-08-11,ITC,35.93,36.49,35.69,36.27,4862465,1.946,34.52,34.99,36.35,59.173,0.4395,0.2161,0.2234,38.48,30.56,22.923,2008,8,3,2008-08,False
2008-08-12,ITC,36.35,37.1,36.17,36.63,12624450,0.98,34.89,34.91,36.37,61.034,0.5091,0.2747,0.2344,38.11,31.66,18.485,2008,8,3,2008-08,False
2008-08-13,ITC,36.31,37.03,36.31,36.49,6956995,-0.383,35.19,34.85,36.38,59.874,0.5467,0.3291,0.2176,37.7,32.68,14.241,2008,8,3,2008-08,False
2008-08-14,ITC,36.21,36.53,35.51,35.77,4127846,-1.949,35.41,34.76,36.39,54.246,0.5132,0.3659,0.1472,37.13,33.69,9.709,2008,8,3,2008-08,False
2008-08-18,ITC,35.77,36.33,33.99,35.08,13931662,-1.936,35.52,34.68,36.4,49.378,0.4258,0.3779,0.0479,36.82,34.22,7.322,2008,8,3,2008-08,False
2008-08-19,ITC,34.62,35.0,34.07,34.34,8995492,-2.107,35.56,34.6,36.41,44.761,0.2935,0.361,-0.0675,36.63,34.49,6.03,2008,8,3,2008-08,False
2008-08-20,ITC,34.6,34.93,34.1,34.25,15400367,-0.272,35.49,34.55,36.42,44.198,0.1791,0.3246,-0.1456,36.72,34.27,6.885,2008,8,3,2008-08,False
2008-08-21,ITC,34.29,34.51,33.76,34.11,6729121,-0.41,35.41,34.5,36.42,43.317,0.0762,0.2749,-0.1988,36.76,34.05,7.657,2008,8,3,2008-08,False
2008-08-22,ITC,34.24,34.44,33.65,34.1,3951176,-0.027,35.33,34.46,36.44,43.255,-0.0061,0.2187,-0.2248,36.8,33.86,8.32,2008,8,3,2008-08,False
2008-08-25,ITC,34.81,35.0,34.06,34.43,2159862,0.96,35.28,34.42,36.45,46.155,-0.0443,0.1661,-0.2104,36.8,33.76,8.636,2008,8,3,2008-08,False
2008-08-26,ITC,34.25,34.68,34.12,34.6,7958793,0.516,35.23,34.37,36.46,47.716,-0.0596,0.121,-0.1806,36.77,33.69,8.743,2008,8,3,2008-08,False
2008-08-27,ITC,34.62,34.79,34.26,34.43,5543188,-0.514,35.17,34.32,36.48,46.271,-0.085,0.0798,-0.1648,36.75,33.6,8.955,2008,8,3,2008-08,False
2008-08-28,ITC,34.34,34.6,33.92,34.34,15638314,-0.245,35.13,34.25,36.49,45.567,-0.1107,0.0417,-0.1524,36.75,33.51,9.21,2008,8,3,2008-08,False
2008-08-29,ITC,34.62,35.55,34.45,35.32,9425676,2.834,35.15,34.21,36.51,54.233,-0.052,0.0229,-0.0749,36.76,33.53,9.205,2008,8,3,2008-08,False
2008-09-01,ITC,35.18,36.11,34.58,35.92,7476047,1.722,35.19,34.2,36.53,58.663,0.0432,0.027,0.0162,36.85,33.54,9.392,2008,9,3,2008-09,False
2008-09-02,ITC,36.12,36.87,35.82,36.38,11907125,1.276,35.25,34.21,36.55,61.675,0.1538,0.0523,0.1015,36.99,33.52,9.847,2008,9,3,2008-09,False
2008-09-04,ITC,36.26,36.56,35.25,35.4,7305680,-2.701,35.25,34.22,36.56,52.798,0.1603,0.0739,0.0864,36.98,33.51,9.818,2008,9,3,2008-09,False
2008-09-05,ITC,34.11,35.78,34.11,35.54,5039670,0.397,35.25,34.25,36.56,53.821,0.1748,0.0941,0.0807,36.98,33.51,9.818,2008,9,3,2008-09,False
2008-09-08,ITC,35.75,39.3,35.39,36.78,18987724,3.476,35.29,34.28,36.56,61.686,0.2827,0.1319,0.1509,37.13,33.45,10.423,2008,9,3,2008-09,False
2008-09-09,ITC,36.71,36.71,36.22,36.42,7324479,-0.967,35.33,34.34,36.56,58.592,0.3357,0.1726,0.1631,37.23,33.43,10.781,2008,9,3,2008-09,False
2008-09-10,ITC,36.31,36.68,36.09,36.5,7487428,0.231,35.34,34.38,36.56,59.115,0.3801,0.2141,0.166,37.27,33.41,10.93,2008,9,3,2008-09,False
2008-09-11,ITC,36.31,36.31,35.37,35.87,8114985,-1.743,35.3,34.43,36.57,53.606,0.3598,0.2432,0.1165,37.16,33.45,10.5,2008,9,3,2008-09,False
2008-09-12,ITC,36.31,36.57,35.38,35.82,15167848,-0.13,35.27,34.49,36.58,53.213,0.336,0.2618,0.0742,37.06,33.48,10.133,2008,9,3,2008-09,False
2008-09-15,ITC,35.37,35.74,34.08,35.59,13876162,-0.653,35.26,34.58,36.59,51.194,0.2949,0.2684,0.0265,37.04,33.48,10.084,2008,9,3,2008-09,False
2008-09-16,ITC,34.79,36.57,34.25,36.38,13872345,2.235,35.33,34.68,36.6,57.148,0.3228,0.2793,0.0435,37.17,33.48,10.44,2008,9,3,2008-09,False
2008-09-17,ITC,34.82,36.47,34.36,34.58,13727881,-4.964,35.34,34.72,36.6,44.017,0.1969,0.2628,-0.0659,37.16,33.52,10.304,2008,9,3,2008-09,False
2008-09-18,ITC,34.6,35.17,33.13,34.74,25958082,0.487,35.36,34.79,36.61,45.28,0.1094,0.2321,-0.1227,37.13,33.59,10.017,2008,9,3,2008-09,False
2008-09-19,ITC,35.2,36.03,34.84,35.76,26288338,2.909,35.44,34.83,36.62,52.241,0.1203,0.2098,-0.0895,37.12,33.77,9.458,2008,9,3,2008-09,False
2008-09-22,ITC,36.03,37.41,35.66,36.49,32965649,2.068,35.56,34.91,36.63,56.591,0.1864,0.2051,-0.0187,37.18,33.95,9.068,2008,9,3,2008-09,False
2008-09-23,ITC,36.21,36.38,35.84,36.26,8874756,-0.641,35.66,34.99,36.63,54.887,0.2174,0.2076,0.0099,37.2,34.11,8.679,2008,9,3,2008-09,False
2008-09-24,ITC,36.31,36.53,35.97,36.12,12708395,-0.387,35.73,35.1,36.64,53.84,0.228,0.2117,0.0164,37.21,34.25,8.269,2008,9,3,2008-09,False
2008-09-25,ITC,35.95,37.08,34.91,35.19,27492447,-2.565,35.77,35.21,36.64,47.409,0.1599,0.2013,-0.0414,37.14,34.4,7.663,2008,9,3,2008-09,False
2008-09-26,ITC,35.18,36.35,34.38,36.0,14576828,2.287,35.85,35.33,36.64,52.695,0.1688,0.1948,-0.026,37.05,34.66,6.673,2008,9,3,2008-09,False
2008-09-29,ITC,35.92,36.49,35.02,35.81,27085224,-0.52,35.88,35.42,36.65,51.401,0.159,0.1876,-0.0287,37.05,34.71,6.52,2008,9,3,2008-09,False
2008-09-30,ITC,35.09,36.01,34.62,35.19,24819337,-1.725,35.84,35.46,36.65,47.276,0.1002,0.1701,-0.07,37.05,34.63,6.744,2008,9,3,2008-09,False
2008-10-01,ITC,35.56,36.4,35.29,36.01,24101068,2.313,35.82,35.51,36.66,52.668,0.1179,0.1597,-0.0418,37.01,34.64,6.614,2008,10,4,2008-10,False
2008-10-03,ITC,35.54,37.24,35.38,35.64,37750176,-1.013,35.84,35.51,36.67,50.19,0.1014,0.148,-0.0467,37.01,34.66,6.537,2008,10,4,2008-10,False
2008-10-06,ITC,36.48,36.48,33.33,33.69,25491988,-5.487,35.74,35.47,36.65,39.472,-0.0688,0.1047,-0.1734,37.26,34.23,8.465,2008,10,4,2008-10,False
2008-10-07,ITC,33.79,34.24,31.51,32.66,54923905,-3.056,35.54,35.41,36.63,35.21,-0.2834,0.0271,-0.3104,37.51,33.56,11.097,2008,10,4,2008-10,False
2008-10-08,ITC,32.15,32.55,29.83,31.03,34954129,-4.986,35.27,35.32,36.61,29.74,-0.5782,-0.094,-0.4842,38.04,32.49,15.73,2008,10,4,2008-10,False
2008-10-10,ITC,30.6,32.56,28.73,30.57,46294507,-1.478,34.97,35.22,36.58,28.402,-0.8392,-0.243,-0.5961,38.38,31.56,19.515,2008,10,4,2008-10,False
2008-10-13,ITC,31.44,32.36,30.71,31.83,34004238,4.102,34.77,35.15,36.56,36.779,-0.934,-0.3812,-0.5528,38.43,31.11,21.044,2008,10,4,2008-10,False
2008-10-14,ITC,32.55,32.55,31.18,31.62,15804241,-0.647,34.56,35.07,36.54,36.034,-1.0141,-0.5078,-0.5063,38.44,30.68,22.453,2008,10,4,2008-10,False
2008-10-15,ITC,31.35,31.35,29.66,30.07,29916966,-4.913,34.28,34.98,36.51,30.938,-1.1893,-0.6441,-0.5452,38.61,29.95,25.266,2008,10,4,2008-10,False
2008-10-16,ITC,28.82,30.86,28.48,30.26,33950857,0.654,33.98,34.88,36.48,32.244,-1.2972,-0.7747,-0.5225,38.54,29.41,26.869,2008,10,4,2008-10,False
2008-10-17,ITC,30.69,31.25,29.4,29.74,18525910,-1.732,33.73,34.77,36.44,30.584,-1.4088,-0.9015,-0.5073,38.66,28.81,29.221,2008,10,4,2008-10,False
2008-10-20,ITC,29.94,31.61,29.94,30.92,15683283,3.965,33.54,34.68,36.41,38.283,-1.3862,-0.9985,-0.3877,38.6,28.48,30.165,2008,10,4,2008-10,False
2008-10-21,ITC,31.25,31.98,30.2,31.65,24430555,2.361,33.34,34.6,36.37,42.532,-1.2944,-1.0577,-0.2367,38.35,28.32,30.081,2008,10,4,2008-10,False
2008-10-22,ITC,31.44,33.31,31.07,31.98,28117873,1.035,33.11,34.52,36.33,44.383,-1.1816,-1.0825,-0.0992,37.93,28.29,29.106,2008,10,4,2008-10,False
2008-10-23,ITC,31.25,32.94,30.69,31.56,15979219,-1.288,32.88,34.44,36.29,42.529,-1.1126,-1.0885,-0.0241,37.5,28.25,28.144,2008,10,4,2008-10,False
2008-10-24,ITC,30.88,32.15,28.26,29.74,30054451,-5.781,32.56,34.31,36.24,35.459,-1.1915,-1.1091,-0.0824,37.12,27.99,28.038,2008,10,4,2008-10,False
2008-10-27,ITC,29.38,29.57,24.71,27.89,29081955,-6.23,32.19,34.14,36.18,30.005,-1.3875,-1.1648,-0.2227,37.03,27.35,30.054,2008,10,4,2008-10,False
2008-10-29,ITC,29.66,30.23,27.41,28.65,38837371,2.752,31.82,33.98,36.11,34.498,-1.464,-1.2246,-0.2394,36.56,27.09,29.757,2008,10,4,2008-10,False
2008-10-31,ITC,29.21,31.98,28.26,29.04,40986800,1.339,31.49,33.85,36.05,36.687,-1.4767,-1.275,-0.2016,35.98,26.99,28.568,2008,10,4,2008-10,False
2008-11-03,ITC,29.5,30.21,28.88,29.91,16048633,2.997,31.22,33.74,35.99,41.465,-1.4003,-1.3001,-0.1003,35.41,27.03,26.846,2008,11,4,2008-11,False
2008-11-04,ITC,29.72,32.36,29.2,31.96,13505328,6.852,31.02,33.69,35.95,50.867,-1.1611,-1.2723,0.1112,34.58,27.46,22.961,2008,11,4,2008-11,False
2008-11-05,ITC,32.75,32.94,31.09,31.78,18921035,-0.556,30.83,33.65,35.9,50.115,-0.9746,-1.2128,0.2381,33.68,27.97,18.515,2008,11,4,2008-11,False
2008-11-06,ITC,31.4,32.56,30.66,31.57,16400287,-0.648,30.72,33.59,35.86,49.208,-0.8338,-1.137,0.3031,33.27,28.17,16.586,2008,11,4,2008-11,False
2008-11-07,ITC,31.14,32.88,31.14,32.69,15838256,3.527,30.72,33.57,35.82,54.053,-0.6252,-1.0346,0.4094,33.27,28.17,16.615,2008,11,4,2008-11,False
2008-11-10,ITC,33.1,33.24,31.82,32.25,11076333,-1.346,30.78,33.52,35.79,51.945,-0.4897,-0.9256,0.4359,33.42,28.14,17.15,2008,11,4,2008-11,False
2008-11-11,ITC,32.14,32.91,32.0,32.29,12097488,0.145,30.87,33.48,35.75,52.159,-0.3742,-0.8153,0.4411,33.59,28.15,17.634,2008,11,4,2008-11,False
2008-11-12,ITC,32.0,32.35,30.97,31.82,13241143,-1.478,30.87,33.42,35.72,49.73,-0.3175,-0.7158,0.3982,33.59,28.15,17.63,2008,11,4,2008-11,False
2008-11-14,ITC,32.19,32.94,30.93,31.73,14434930,-0.265,30.87,33.37,35.69,49.293,-0.2763,-0.6279,0.3516,33.6,28.15,17.672,2008,11,4,2008-11,False
2008-11-17,ITC,31.63,32.57,30.11,30.92,18592321,-2.566,30.92,33.28,35.68,45.168,-0.3057,-0.5634,0.2578,33.62,28.21,17.475,2008,11,4,2008-11,False
2008-11-18,ITC,30.51,31.2,29.76,30.08,17256235,-2.724,30.91,33.17,35.65,41.315,-0.3925,-0.5292,0.1368,33.62,28.19,17.55,2008,11,4,2008-11,False
2008-11-19,ITC,30.23,31.76,30.08,30.9,21314006,2.738,30.96,33.06,35.63,46.151,-0.3903,-0.5015,0.1112,33.62,28.31,17.155,2008,11,4,2008-11,False
2008-11-20,ITC,30.51,31.2,30.01,30.81,11920061,-0.273,30.96,32.97,35.61,45.736,-0.3908,-0.4793,0.0885,33.62,28.3,17.163,2008,11,4,2008-11,False
2008-11-21,ITC,30.69,32.27,30.39,31.79,14617591,3.158,30.97,32.89,35.59,51.199,-0.3092,-0.4453,0.1361,33.63,28.3,17.213,2008,11,4,2008-11,False
2008-11-24,ITC,31.82,32.4,31.36,32.22,12943681,1.354,30.98,32.8,35.56,53.432,-0.2073,-0.3977,0.1904,33.67,28.29,17.345,2008,11,4,2008-11,False
2008-11-25,ITC,32.43,32.57,31.18,31.56,9939666,-2.033,30.98,32.7,35.54,49.705,-0.1775,-0.3537,0.1762,33.67,28.29,17.345,2008,11,4,2008-11,False
2008-11-26,ITC,31.63,32.45,31.54,32.27,22336358,2.224,31.11,32.62,35.52,53.451,-0.096,-0.3021,0.2061,33.78,28.43,17.223,2008,11,4,2008-11,False
2008-11-27,ITC,32.27,32.27,32.27,32.27,0,0.0,31.32,32.55,35.49,53.451,-0.0311,-0.2479,0.2168,33.58,29.07,14.383,2008,11,4,2008-11,False
2008-11-28,ITC,30.13,33.07,30.13,32.49,26051825,0.696,31.52,32.48,35.47,54.704,0.038,-0.1908,0.2287,33.44,29.59,12.212,2008,11,4,2008-11,False
2008-12-01,ITC,32.36,33.13,30.7,30.93,19294361,-4.81,31.61,32.39,35.44,45.526,-0.033,-0.1592,0.1262,33.17,30.05,9.893,2008,12,4,2008-12,False
2008-12-02,ITC,30.79,32.08,30.32,31.74,18120619,2.632,31.7,32.29,35.41,50.212,-0.0232,-0.132,0.1088,33.04,30.36,8.468,2008,12,4,2008-12,False
2008-12-03,ITC,31.82,32.0,30.81,31.57,14380112,-0.531,31.68,32.23,35.39,49.268,-0.0288,-0.1114,0.0826,33.02,30.35,8.446,2008,12,4,2008-12,False
2008-12-04,ITC,31.64,32.75,31.38,32.57,11237275,3.171,31.72,32.19,35.38,54.72,0.0471,-0.0797,0.1267,33.12,30.33,8.801,2008,12,4,2008-12,False
2008-12-05,ITC,32.69,32.94,31.4,31.69,7876718,-2.7,31.73,32.11,35.37,49.67,0.0358,-0.0566,0.0924,33.12,30.33,8.789,2008,12,4,2008-12,False
2008-12-08,ITC,32.12,33.01,31.59,31.8,20927664,0.325,31.68,32.01,35.35,50.248,0.0348,-0.0383,0.0731,33.01,30.36,8.336,2008,12,4,2008-12,False
2008-12-10,ITC,31.94,32.71,31.72,31.88,17714979,0.265,31.67,31.93,35.33,50.747,0.0403,-0.0226,0.0629,32.96,30.37,8.196,2008,12,4,2008-12,False
2008-12-11,ITC,32.08,32.19,31.32,32.03,12966088,0.47,31.65,31.84,35.31,51.675,0.0561,-0.0069,0.0629,32.93,30.38,8.064,2008,12,4,2008-12,False
2008-12-12,ITC,31.63,32.56,31.07,32.27,14288438,0.73,31.68,31.79,35.29,53.16,0.0865,0.0118,0.0747,32.98,30.37,8.232,2008,12,4,2008-12,False
2008-12-15,ITC,32.65,32.75,31.73,32.47,8744439,0.638,31.71,31.72,35.26,54.485,0.1258,0.0346,0.0912,33.06,30.36,8.523,2008,12,4,2008-12,False
2008-12-16,ITC,32.25,33.36,32.16,33.04,12913678,1.758,31.82,31.66,35.24,58.031,0.2006,0.0678,0.1328,33.24,30.4,8.929,2008,12,4,2008-12,False
2008-12-17,ITC,33.31,33.58,31.91,32.26,16166382,-2.379,31.93,31.6,35.21,52.021,0.1943,0.0931,0.1012,33.1,30.76,7.328,2008,12,4,2008-12,False
2008-12-18,ITC,32.38,34.19,32.38,33.7,15823099,4.468,32.07,31.56,35.2,60.166,0.3021,0.1349,0.1672,33.38,30.76,8.184,2008,12,4,2008-12,False
2008-12-19,ITC,33.58,34.52,33.15,33.51,18684217,-0.555,32.2,31.51,35.18,58.77,0.3681,0.1815,0.1866,33.53,30.88,8.222,2008,12,4,2008-12,False
2008-12-22,ITC,33.7,34.03,32.96,33.68,9548746,0.503,32.3,31.51,35.17,59.677,0.4291,0.2311,0.1981,33.76,30.83,9.053,2008,12,4,2008-12,False
2008-12-23,ITC,33.58,33.77,33.09,33.28,10232455,-1.195,32.35,31.52,35.15,56.482,0.4399,0.2728,0.1671,33.87,30.82,9.429,2008,12,4,2008-12,False
2008-12-24,ITC,32.98,33.13,32.1,32.26,27533616,-3.065,32.38,31.55,35.12,49.281,0.362,0.2907,0.0714,33.87,30.9,9.145,2008,12,4,2008-12,False
2008-12-26,ITC,33.31,33.48,31.82,31.94,5564446,-0.986,32.37,31.58,35.1,47.257,0.2715,0.2868,-0.0154,33.86,30.87,9.228,2008,12,4,2008-12,False
2008-12-29,ITC,31.91,32.37,31.82,32.04,6756678,0.322,32.36,31.58,35.07,48.001,0.2056,0.2706,-0.0649,33.86,30.86,9.272,2008,12,4,2008-12,False
2008-12-30,ITC,32.19,32.47,31.93,32.18,9907928,0.438,32.34,31.59,35.06,49.057,0.1629,0.2491,-0.0861,33.84,30.84,9.28,2008,12,4,2008-12,False
2008-12-31,ITC,32.34,32.38,32.0,32.13,8661363,-0.145,32.4,31.63,35.05,48.702,0.1239,0.224,-0.1002,33.75,31.05,8.338,2008,12,4,2008-12,False
2009-01-02,ITC,32.28,32.92,32.02,32.66,11031936,1.631,32.45,31.68,35.03,52.818,0.1337,0.206,-0.0723,33.77,31.13,8.125,2009,1,1,2009-01,False
2009-01-05,ITC,32.75,33.07,32.08,32.37,10863286,-0.888,32.49,31.73,35.02,50.407,0.1167,0.1881,-0.0714,33.74,31.23,7.717,2009,1,1,2009-01,False
2009-01-06,ITC,32.56,32.98,32.15,32.64,12253689,0.838,32.49,31.77,35.01,52.587,0.1237,0.1752,-0.0515,33.75,31.24,7.724,2009,1,1,2009-01,False
2009-01-07,ITC,32.38,32.75,30.32,31.46,19876612,-3.612,32.48,31.76,34.99,43.614,0.0337,0.1469,-0.1132,33.77,31.19,7.943,2009,1,1,2009-01,False
2009-01-09,ITC,31.44,32.75,30.69,31.75,21393770,0.922,32.48,31.76,34.98,46.053,-0.014,0.1147,-0.1288,33.77,31.18,7.977,2009,1,1,2009-01,False
2009-01-12,ITC,32.0,32.0,30.34,30.9,18730495,-2.682,32.43,31.75,34.96,40.513,-0.1192,0.0679,-0.1871,33.88,30.97,8.974,2009,1,1,2009-01,False
2009-01-13,ITC,30.9,32.27,30.65,31.57,23057100,2.181,32.4,31.78,34.94,46.044,-0.1465,0.025,-0.1716,33.9,30.91,9.228,2009,1,1,2009-01,False
2009-01-14,ITC,32.19,32.47,31.39,31.95,14489371,1.186,32.39,31.86,34.93,48.887,-0.1364,-0.0072,-0.1291,33.9,30.88,9.313,2009,1,1,2009-01,False
2009-01-15,ITC,31.52,31.78,30.84,31.54,10787055,-1.289,32.34,31.92,34.92,46.014,-0.1597,-0.0377,-0.122,33.9,30.79,9.615,2009,1,1,2009-01,False
2009-01-16,ITC,31.74,32.32,31.73,32.14,11873287,1.929,32.3,31.98,34.91,50.629,-0.1277,-0.0557,-0.0719,33.82,30.78,9.42,2009,1,1,2009-01,False
2009-01-19,ITC,32.38,32.72,31.72,31.94,22487094,-0.64,32.28,32.03,34.9,49.099,-0.1175,-0.0681,-0.0494,33.81,30.75,9.477,2009,1,1,2009-01,False
2009-01-20,ITC,31.63,32.18,31.25,31.94,11349481,0.0,32.19,32.02,34.88,49.099,-0.1082,-0.0761,-0.0321,33.58,30.81,8.586,2009,1,1,2009-01,False
2009-01-21,ITC,31.63,32.62,31.45,32.05,20322903,0.352,32.12,32.03,34.86,50.054,-0.0908,-0.079,-0.0117,33.36,30.88,7.694,2009,1,1,2009-01,False
2009-01-22,ITC,32.05,32.32,31.74,31.93,8126656,-0.38,32.03,32.04,34.84,48.982,-0.0857,-0.0804,-0.0054,33.03,31.04,6.217,2009,1,1,2009-01,False
2009-01-23,ITC,31.93,32.18,31.66,31.89,8633273,-0.117,31.96,32.02,34.81,48.637,-0.0838,-0.0811,-0.0028,32.77,31.16,5.045,2009,1,1,2009-01,False
2009-01-27,ITC,32.27,32.47,31.76,31.97,17311476,0.235,31.95,32.02,34.78,49.405,-0.0754,-0.0799,0.0045,32.74,31.15,4.973,2009,1,1,2009-01,False
2009-01-28,ITC,32.17,33.09,32.0,32.87,16053300,2.84,32.0,32.03,34.75,57.668,0.0045,-0.063,0.0675,32.89,31.1,5.597,2009,1,1,2009-01,False
2009-01-29,ITC,33.03,33.28,32.26,32.84,23352930,-0.114,32.04,32.05,34.73,57.253,0.064,-0.0376,0.1017,33.01,31.06,6.064,2009,1,1,2009-01,False
2009-01-30,ITC,32.83,33.87,32.66,33.71,12607601,2.65,32.11,32.09,34.71,63.782,0.1794,0.0058,0.1736,33.34,30.89,7.634,2009,1,1,2009-01,False
2009-02-02,ITC,33.33,33.67,33.13,33.35,15580598,-1.055,32.17,32.14,34.69,59.765,0.2393,0.0525,0.1868,33.52,30.83,8.363,2009,2,1,2009-02,False
2009-02-03,ITC,33.31,34.53,33.29,33.86,13385617,1.515,32.23,32.21,34.67,63.302,0.3239,0.1068,0.2171,33.76,30.7,9.495,2009,2,1,2009-02,False
2009-02-04,ITC,33.36,34.39,33.36,33.86,10395422,0.0,32.31,32.27,34.65,63.302,0.3864,0.1627,0.2237,34.0,30.61,10.486,2009,2,1,2009-02,False
2009-02-05,ITC,33.87,34.37,33.61,33.93,4954080,0.221,32.37,32.33,34.63,63.848,0.437,0.2176,0.2195,34.21,30.53,11.365,2009,2,1,2009-02,False
2009-02-06,ITC,33.71,34.44,33.71,34.16,5338071,0.689,32.51,32.38,34.61,65.572,0.4903,0.2721,0.2182,34.46,30.55,12.008,2009,2,1,2009-02,False
2009-02-09,ITC,34.27,34.42,33.63,34.28,5389882,0.329,32.63,32.42,34.59,66.401,0.5355,0.3248,0.2107,34.7,30.56,12.681,2009,2,1,2009-02,False
2009-02-10,ITC,34.21,34.22,33.45,33.75,7371259,-1.529,32.78,32.47,34.57,59.238,0.5229,0.3644,0.1585,34.73,30.82,11.937,2009,2,1,2009-02,False
2009-02-11,ITC,33.54,33.93,33.38,33.72,4886392,-0.083,32.88,32.49,34.55,58.872,0.5049,0.3925,0.1124,34.8,30.97,11.641,2009,2,1,2009-02,False
2009-02-12,ITC,33.78,33.78,33.19,33.37,4666124,-1.054,32.95,32.52,34.52,54.292,0.4567,0.4053,0.0513,34.83,31.08,11.366,2009,2,1,2009-02,False
2009-02-13,ITC,33.65,33.83,33.02,33.56,6660249,0.561,33.06,32.54,34.5,56.222,0.4286,0.41,0.0186,34.82,31.29,10.681,2009,2,1,2009-02,False
2009-02-16,ITC,33.34,34.04,32.69,33.9,12038941,1.032,33.14,32.6,34.47,59.62,0.4293,0.4139,0.0155,34.89,31.39,10.556,2009,2,1,2009-02,False
2009-02-17,ITC,33.86,34.06,33.57,33.79,9131582,-0.331,33.24,32.64,34.45,58.046,0.4161,0.4143,0.0018,34.91,31.56,10.08,2009,2,1,2009-02,False
2009-02-18,ITC,33.66,34.19,33.52,33.7,9827889,-0.277,33.32,32.68,34.42,56.703,0.3935,0.4101,-0.0167,34.89,31.75,9.419,2009,2,1,2009-02,False
2009-02-19,ITC,33.7,33.99,33.55,33.88,10124610,0.555,33.42,32.71,34.4,58.758,0.3862,0.4053,-0.0191,34.88,31.95,8.78,2009,2,1,2009-02,False
2009-02-20,ITC,33.73,33.95,33.22,33.72,6588405,-0.469,33.51,32.75,34.37,56.312,0.3634,0.397,-0.0335,34.8,32.21,7.72,2009,2,1,2009-02,False
2009-02-24,ITC,33.5,33.96,33.38,33.8,7091075,0.222,33.6,32.79,34.35,57.215,0.3474,0.3871,-0.0396,34.65,32.55,6.253,2009,2,1,2009-02,False
2009-02-25,ITC,33.92,34.16,33.31,34.04,13155129,0.72,33.7,32.83,34.32,60.101,0.3503,0.3797,-0.0294,34.44,32.97,4.345,2009,2,1,2009-02,False
2009-02-26,ITC,33.97,35.55,33.75,34.45,11561394,1.182,33.78,32.88,34.29,64.38,0.3807,0.3799,0.0008,34.48,33.09,4.102,2009,2,1,2009-02,False
2009-02-27,ITC,34.62,34.81,33.79,34.26,10919450,-0.543,33.85,32.92,34.26,61.098,0.3852,0.381,0.0043,34.42,33.29,3.328,2009,2,1,2009-02,False
2009-03-02,ITC,33.89,34.08,33.26,33.49,7997915,-2.24,33.84,32.94,34.22,49.871,0.3232,0.3694,-0.0462,34.43,33.26,3.446,2009,3,1,2009-03,False
2009-03-03,ITC,33.31,33.56,31.93,32.2,15849743,-3.856,33.79,32.92,34.17,37.411,0.1679,0.3291,-0.1612,34.7,32.87,5.438,2009,3,1,2009-03,False
2009-03-04,ITC,32.38,32.75,32.23,32.51,5888147,0.959,33.72,32.93,34.14,41.195,0.0689,0.2771,-0.2082,34.8,32.64,6.409,2009,3,1,2009-03,False
2009-03-05,ITC,32.42,32.7,30.79,31.26,26551399,-3.828,33.59,32.88,34.1,32.633,-0.1087,0.1999,-0.3086,35.13,32.05,9.151,2009,3,1,2009-03,False
2009-03-06,ITC,30.72,31.15,30.08,30.8,18469666,-1.497,33.43,32.82,34.04,30.1,-0.2839,0.1031,-0.3871,35.4,31.46,11.778,2009,3,1,2009-03,False
2009-03-09,ITC,30.69,30.79,29.2,29.64,15255221,-3.768,33.21,32.74,33.99,24.932,-0.5106,-0.0196,-0.491,35.77,30.64,15.453,2009,3,1,2009-03,False
2009-03-12,ITC,29.98,31.3,29.78,30.29,19495379,2.21,33.01,32.68,33.93,32.027,-0.63,-0.1417,-0.4883,35.83,30.18,17.099,2009,3,1,2009-03,False
2009-03-13,ITC,30.32,31.14,30.32,30.95,14753391,2.163,32.87,32.66,33.88,38.307,-0.6642,-0.2462,-0.418,35.81,29.92,17.905,2009,3,1,2009-03,False
2009-03-16,ITC,31.07,31.98,30.71,31.83,13850745,2.873,32.77,32.66,33.83,45.646,-0.6125,-0.3195,-0.293,35.72,29.82,17.989,2009,3,1,2009-03,False
2009-03-17,ITC,31.83,32.73,31.7,32.45,10887696,1.94,32.73,32.66,33.79,50.088,-0.5157,-0.3587,-0.157,35.66,29.79,17.949,2009,3,1,2009-03,False
2009-03-18,ITC,32.57,33.13,31.56,31.74,8524420,-2.191,32.64,32.66,33.74,45.479,-0.4908,-0.3851,-0.1057,35.58,29.69,18.024,2009,3,1,2009-03,False
2009-03-19,ITC,32.0,32.33,31.29,31.77,10311770,0.088,32.53,32.65,33.69,45.691,-0.4634,-0.4008,-0.0626,35.43,29.63,17.843,2009,3,1,2009-03,False
2009-03-20,ITC,31.63,32.04,31.46,31.67,8908665,-0.324,32.42,32.63,33.65,44.999,-0.4449,-0.4096,-0.0353,35.29,29.56,17.66,2009,3,1,2009-03,False
2009-03-23,ITC,31.82,32.85,31.82,32.64,7726929,3.073,32.37,32.63,33.63,52.351,-0.3477,-0.3972,0.0496,35.17,29.57,17.314,2009,3,1,2009-03,False
2009-03-24,ITC,33.03,33.03,32.21,32.74,16617063,0.315,32.31,32.64,33.6,53.065,-0.2593,-0.3696,0.1103,35.03,29.59,16.82,2009,3,1,2009-03,False
2009-03-25,ITC,32.75,34.0,32.7,33.27,19660107,1.6,32.29,32.67,33.56,56.631,-0.1453,-0.3248,0.1794,34.96,29.61,16.567,2009,3,1,2009-03,False
2009-03-26,ITC,33.23,35.24,33.23,34.64,19424133,4.135,32.33,32.73,33.54,64.299,0.0553,-0.2488,0.3041,35.13,29.53,17.311,2009,3,1,2009-03,False
2009-03-27,ITC,34.72,35.33,33.78,34.87,23279270,0.648,32.37,32.81,33.52,65.376,0.2299,-0.153,0.3829,35.3,29.45,18.076,2009,3,1,2009-03,False
2009-03-30,ITC,34.6,35.32,33.23,33.47,15170799,-3.999,32.32,32.85,33.48,54.408,0.2527,-0.0719,0.3246,35.13,29.51,17.391,2009,3,1,2009-03,False
2009-03-31,ITC,33.44,34.9,33.38,34.6,17052369,3.355,32.34,32.9,33.45,60.199,0.3574,0.014,0.3434,35.2,29.48,17.706,2009,3,1,2009-03,False
2009-04-01,ITC,34.64,34.79,33.55,34.5,15015019,-0.27,32.39,32.96,33.43,59.521,0.4278,0.0967,0.3311,35.37,29.41,18.411,2009,4,2,2009-04,False
2009-04-02,ITC,34.9,35.54,34.28,34.68,20428875,0.515,32.52,33.01,33.4,60.433,0.4923,0.1758,0.3164,35.67,29.37,19.374,2009,4,2,2009-04,False
2009-04-06,ITC,34.96,35.35,33.24,33.65,36134152,-2.968,32.57,33.04,33.37,52.986,0.4551,0.2317,0.2234,35.76,29.38,19.589,2009,4,2,2009-04,False
2009-04-08,ITC,33.47,36.09,33.22,35.53,30033512,5.59,32.79,33.12,33.36,62.162,0.5708,0.2995,0.2713,36.17,29.4,20.658,2009,4,2,2009-04,False
2009-04-09,ITC,35.93,36.12,34.76,35.03,9622354,-1.422,33.0,33.18,33.35,58.839,0.6146,0.3625,0.2521,36.39,29.61,20.557,2009,4,2,2009-04,False
2009-04-13,ITC,35.37,35.56,34.83,35.0,10202172,-0.08,33.27,33.24,33.34,58.652,0.6398,0.418,0.2218,36.37,30.16,18.689,2009,4,2,2009-04,False
2009-04-15,ITC,35.18,35.7,34.31,34.65,23733933,-0.989,33.48,33.29,33.33,56.269,0.6245,0.4593,0.1652,36.31,30.65,16.899,2009,4,2,2009-04,False
2009-04-16,ITC,34.73,36.28,34.37,35.88,16358732,3.538,33.73,33.37,33.33,62.134,0.7032,0.5081,0.1952,36.49,30.97,16.345,2009,4,2,2009-04,False
2009-04-17,ITC,36.03,36.29,35.11,35.27,25784593,-1.695,33.9,33.42,33.32,57.979,0.7084,0.5481,0.1603,36.59,31.22,15.848,2009,4,2,2009-04,False
2009-04-20,ITC,35.54,35.62,34.1,34.57,15945867,-1.99,34.01,33.45,33.31,53.531,0.6484,0.5682,0.0802,36.62,31.4,15.359,2009,4,2,2009-04,False
2009-04-21,ITC,34.02,35.8,34.0,35.31,15484861,2.139,34.19,33.49,33.3,57.251,0.6529,0.5851,0.0678,36.63,31.74,14.283,2009,4,2,2009-04,False
2009-04-22,ITC,34.89,35.9,34.89,35.65,14402083,0.981,34.38,33.53,33.29,58.91,0.6767,0.6034,0.0732,36.62,32.14,13.041,2009,4,2,2009-04,False
2009-04-23,ITC,35.56,35.75,35.3,35.56,6603749,-0.262,34.57,33.57,33.29,58.252,0.6801,0.6188,0.0613,36.47,32.68,10.988,2009,4,2,2009-04,False
2009-04-24,ITC,35.73,35.91,35.1,35.66,6564409,0.289,34.73,33.6,33.29,58.798,0.6833,0.6317,0.0516,36.45,33.0,9.93,2009,4,2,2009-04,False
2009-04-27,ITC,35.71,36.35,35.25,36.21,15018141,1.548,34.9,33.65,33.29,61.688,0.722,0.6497,0.0722,36.48,33.32,9.032,2009,4,2,2009-04,False
2009-04-28,ITC,36.09,36.09,34.74,35.1,10883272,-3.075,34.99,33.67,33.3,53.532,0.6553,0.6508,0.0044,36.37,33.61,7.869,2009,4,2,2009-04,False
2009-04-29,ITC,35.21,35.68,34.71,35.35,16843959,0.72,35.03,33.69,33.3,54.986,0.6157,0.6438,-0.0281,36.4,33.65,7.854,2009,4,2,2009-04,False
2009-04-30,ITC,35.32,35.32,35.32,35.32,0,-0.106,35.05,33.72,33.31,54.713,0.5747,0.63,-0.0553,36.43,33.67,7.87,2009,4,2,2009-04,False
2009-05-04,ITC,35.58,38.86,35.56,38.49,33674138,8.983,35.3,33.81,33.33,68.841,0.789,0.6618,0.1272,37.2,33.4,10.756,2009,5,2,2009-05,False
2009-05-05,ITC,38.37,38.37,36.73,37.02,19564986,-3.817,35.42,33.89,33.34,59.572,0.8308,0.6956,0.1352,37.44,33.41,11.376,2009,5,2,2009-05,False
2009-05-06,ITC,37.06,37.19,35.57,36.04,19443268,-2.654,35.5,33.94,33.36,54.306,0.7757,0.7116,0.0641,37.48,33.51,11.178,2009,5,2,2009-05,False
2009-05-07,ITC,36.49,36.64,35.49,35.64,13665093,-1.091,35.55,33.97,33.38,52.313,0.6923,0.7077,-0.0155,37.49,33.6,10.954,2009,5,2,2009-05,False
2009-05-08,ITC,35.56,36.02,34.72,35.26,12727786,-1.076,35.63,34.0,33.4,50.371,0.5885,0.6839,-0.0954,37.37,33.89,9.761,2009,5,2,2009-05,False
2009-05-11,ITC,35.55,35.56,34.68,35.18,9315869,-0.239,35.61,34.03,33.42,49.932,0.4937,0.6458,-0.1521,37.36,33.86,9.83,2009,5,2,2009-05,False
2009-05-12,ITC,35.25,36.0,35.04,35.81,14272807,1.809,35.65,34.07,33.44,53.243,0.4646,0.6096,-0.145,37.38,33.92,9.707,2009,5,2,2009-05,False
2009-05-13,ITC,35.81,36.16,34.98,35.19,10359232,-1.725,35.66,34.1,33.45,49.801,0.3872,0.5651,-0.1779,37.37,33.94,9.63,2009,5,2,2009-05,False
2009-05-14,ITC,34.84,35.32,34.66,34.96,7454677,-0.665,35.67,34.12,33.46,48.522,0.3035,0.5128,-0.2093,37.36,33.99,9.441,2009,5,2,2009-05,False
2009-05-15,ITC,35.04,35.47,34.7,34.82,12676131,-0.402,35.62,34.14,33.47,47.729,0.2233,0.4549,-0.2316,37.34,33.9,9.674,2009,5,2,2009-05,False
2009-05-18,ITC,36.28,41.78,36.28,38.69,474695,11.126,35.79,34.22,33.51,64.81,0.4669,0.4573,0.0096,37.98,33.6,12.252,2009,5,2,2009-05,False
2009-05-19,ITC,38.71,39.84,35.39,35.64,63091418,-7.884,35.85,34.25,33.54,50.747,0.4091,0.4477,-0.0385,37.96,33.73,11.816,2009,5,2,2009-05,False
2009-05-20,ITC,35.56,36.06,34.64,34.89,24521937,-2.1,35.82,34.28,33.56,47.995,0.2995,0.418,-0.1185,37.97,33.68,11.989,2009,5,2,2009-05,False
2009-05-21,ITC,35.0,35.18,33.87,34.09,23642744,-2.306,35.75,34.32,33.58,45.16,0.146,0.3636,-0.2177,38.03,33.46,12.775,2009,5,2,2009-05,False
2009-05-22,ITC,34.09,34.53,33.73,34.36,22213048,0.796,35.69,34.35,33.59,46.312,0.0457,0.3,-0.2544,38.05,33.32,13.257,2009,5,2,2009-05,False
2009-05-25,ITC,34.51,35.68,34.16,35.52,24640822,3.377,35.68,34.44,33.6,51.046,0.0591,0.2519,-0.1927,38.05,33.31,13.266,2009,5,2,2009-05,False
2009-05-26,ITC,35.84,35.93,34.16,34.45,19967224,-3.03,35.59,34.51,33.59,46.914,-0.0168,0.1981,-0.215,38.01,33.18,13.566,2009,5,2,2009-05,False
2009-05-27,ITC,34.72,35.09,33.6,34.45,50370956,0.027,35.56,34.61,33.58,46.954,-0.0754,0.1434,-0.2188,38.02,33.1,13.829,2009,5,2,2009-05,False
2009-05-28,ITC,34.9,35.18,34.09,34.42,38838215,-0.109,35.51,34.69,33.58,46.802,-0.1234,0.09,-0.2135,38.02,33.0,14.137,2009,5,2,2009-05,False
2009-05-29,ITC,34.59,35.28,34.08,34.37,33315732,-0.136,35.47,34.76,33.57,46.598,-0.1634,0.0394,-0.2027,38.03,32.9,14.442,2009,5,2,2009-05,False
2009-06-01,ITC,34.62,36.45,34.53,36.01,41658738,4.764,35.34,34.84,33.57,54.133,-0.0622,0.019,-0.0812,37.49,33.19,12.179,2009,6,2,2009-06,False
2009-06-02,ITC,36.49,37.03,35.32,35.97,30455808,-0.104,35.29,34.91,33.58,53.946,0.0148,0.0182,-0.0034,37.32,33.26,11.491,2009,6,2,2009-06,False
2009-06-03,ITC,36.46,38.25,36.16,38.0,45211773,5.645,35.39,35.04,33.59,61.693,0.237,0.0619,0.175,37.73,33.04,13.257,2009,6,2,2009-06,False
2009-06-04,ITC,37.99,39.3,37.07,37.92,38618810,-0.222,35.5,35.16,33.6,61.233,0.4016,0.1299,0.2717,38.1,32.9,14.671,2009,6,2,2009-06,False
2009-06-05,ITC,37.99,37.99,35.47,35.81,82110422,-5.553,35.53,35.24,33.61,50.995,0.358,0.1755,0.1825,38.13,32.92,14.665,2009,6,2,2009-06,False
2009-06-08,ITC,37.98,37.98,33.78,34.36,48671448,-4.05,35.49,35.28,33.6,45.367,0.2041,0.1812,0.0229,38.14,32.83,14.953,2009,6,2,2009-06,False
2009-06-09,ITC,34.03,35.91,33.95,35.71,26840393,3.922,35.48,35.34,33.61,50.799,0.1887,0.1827,0.006,38.13,32.83,14.943,2009,6,2,2009-06,False
2009-06-10,ITC,35.75,36.98,35.75,36.55,41824288,2.358,35.55,35.4,33.61,53.886,0.2417,0.1945,0.0472,38.24,32.86,15.129,2009,6,2,2009-06,False
2009-06-11,ITC,36.68,37.39,36.15,36.98,25150344,1.178,35.65,35.45,33.62,55.425,0.3147,0.2186,0.0962,38.4,32.9,15.411,2009,6,2,2009-06,False
2009-06-12,ITC,37.21,37.99,36.59,36.8,23551082,-0.481,35.75,35.49,33.62,54.614,0.3542,0.2457,0.1085,38.51,32.99,15.462,2009,6,2,2009-06,False
2009-06-15,ITC,36.49,37.31,36.38,36.96,14022262,0.432,35.66,35.56,33.63,55.245,0.3938,0.2753,0.1185,38.13,33.2,13.843,2009,6,2,2009-06,False
2009-06-16,ITC,36.4,37.94,36.39,37.19,19748158,0.608,35.74,35.61,33.63,56.171,0.4383,0.3079,0.1303,38.3,33.18,14.328,2009,6,2,2009-06,False
2009-06-17,ITC,37.06,37.43,36.03,36.27,15713308,-2.466,35.81,35.64,33.63,51.486,0.3949,0.3253,0.0696,38.35,33.27,14.179,2009,6,2,2009-06,False
2009-06-18,ITC,36.31,36.68,35.94,36.19,14642182,-0.232,35.91,35.68,33.63,51.064,0.3498,0.3302,0.0196,38.32,33.51,13.418,2009,6,2,2009-06,False
2009-06-19,ITC,36.21,37.64,36.21,37.54,16988261,3.75,36.07,35.75,33.64,57.148,0.4186,0.3479,0.0707,38.47,33.68,13.294,2009,6,2,2009-06,False
2009-06-22,ITC,38.31,38.46,37.52,38.03,22094066,1.296,36.2,35.8,33.66,59.111,0.5066,0.3796,0.127,38.73,33.66,14.003,2009,6,2,2009-06,False
2009-06-23,ITC,37.9,37.9,36.1,36.94,25689373,-2.854,36.32,35.84,33.67,53.25,0.4832,0.4003,0.0829,38.74,33.91,13.292,2009,6,2,2009-06,False
2009-06-24,ITC,37.06,37.69,36.2,37.2,23646741,0.684,36.46,35.89,33.69,54.384,0.4795,0.4162,0.0633,38.74,34.19,12.476,2009,6,2,2009-06,False
2009-06-25,ITC,38.12,38.12,35.66,36.15,41635262,-2.818,36.55,35.92,33.7,49.068,0.3875,0.4105,-0.0229,38.62,34.48,11.325,2009,6,2,2009-06,False
2009-06-26,ITC,36.49,37.06,35.81,36.81,17257895,1.838,36.67,35.93,33.71,52.254,0.3641,0.4012,-0.0371,38.47,34.87,9.813,2009,6,2,2009-06,False
2009-06-29,ITC,36.87,37.03,36.12,36.25,10808054,-1.525,36.68,35.95,33.72,49.44,0.2967,0.3803,-0.0835,38.47,34.9,9.725,2009,6,2,2009-06,False
2009-06-30,ITC,36.4,36.55,35.41,35.7,14019582,-1.523,36.67,35.98,33.73,46.772,0.1966,0.3435,-0.147,38.48,34.86,9.874,2009,6,2,2009-06,False
2009-07-01,ITC,35.62,36.4,35.37,35.8,10652541,0.288,36.56,35.99,33.73,47.343,0.1241,0.2996,-0.1756,38.29,34.82,9.492,2009,7,3,2009-07,False
2009-07-02,ITC,36.09,36.21,35.4,35.88,19051729,0.209,36.46,35.99,33.74,47.781,0.0718,0.2541,-0.1823,38.09,34.82,8.973,2009,7,3,2009-07,False
2009-07-03,ITC,35.75,36.14,35.4,35.88,16664694,0.0,36.46,36.0,33.74,47.781,0.03,0.2093,-0.1792,38.09,34.83,8.944,2009,7,3,2009-07,False
2009-07-06,ITC,36.03,37.99,35.04,37.0,52707551,3.13,36.59,36.02,33.74,54.387,0.0866,0.1847,-0.0982,37.9,35.28,7.168,2009,7,3,2009-07,False
2009-07-07,ITC,37.25,40.22,37.25,39.53,54865196,6.828,36.78,36.09,33.76,65.088,0.3314,0.2141,0.1173,38.58,34.99,9.75,2009,7,3,2009-07,False
2009-07-08,ITC,39.4,39.96,38.74,39.2,21349891,-0.829,36.91,36.17,33.78,63.024,0.4933,0.2699,0.2234,39.0,34.83,11.313,2009,7,3,2009-07,False
2009-07-09,ITC,37.9,40.24,37.9,39.94,15467180,1.886,37.06,36.26,33.79,65.67,0.6736,0.3506,0.3229,39.55,34.57,13.427,2009,7,3,2009-07,False
2009-07-10,ITC,40.13,40.22,38.85,39.41,16957112,-1.312,37.19,36.35,33.81,62.268,0.7653,0.4336,0.3317,39.89,34.5,14.499,2009,7,3,2009-07,False
2009-07-13,ITC,39.59,40.99,38.89,40.19,17835940,1.979,37.35,36.38,33.83,65.162,0.8906,0.525,0.3657,40.36,34.35,16.102,2009,7,3,2009-07,False
2009-07-14,ITC,40.41,40.75,39.66,40.49,12596513,0.735,37.52,36.45,33.85,66.219,1.0023,0.6204,0.3818,40.84,34.2,17.674,2009,7,3,2009-07,False
2009-07-15,ITC,40.57,41.67,39.91,41.41,15124636,2.283,37.78,36.56,33.88,69.351,1.1521,0.7268,0.4253,41.46,34.09,19.509,2009,7,3,2009-07,False
2009-07-16,ITC,41.52,42.21,41.05,41.43,10584906,0.046,38.04,36.67,33.91,69.414,1.2578,0.833,0.4249,41.99,34.09,20.747,2009,7,3,2009-07,False
2009-07-17,ITC,41.9,44.23,41.16,43.7,23229870,5.475,38.35,36.84,33.94,75.789,1.5073,0.9679,0.5395,43.02,33.67,24.39,2009,7,3,2009-07,False
2009-07-20,ITC,44.23,44.42,42.51,42.98,14047616,-1.658,38.6,37.0,33.99,70.72,1.6278,1.0999,0.528,43.7,33.49,26.476,2009,7,3,2009-07,False
2009-07-21,ITC,43.51,43.51,41.51,41.87,13383395,-2.573,38.84,37.12,34.02,63.715,1.6155,1.203,0.4125,44.09,33.59,27.019,2009,7,3,2009-07,False
2009-07-22,ITC,42.64,42.73,41.0,41.56,13656267,-0.751,39.06,37.25,34.05,61.838,1.5623,1.2749,0.2875,44.38,33.74,27.248,2009,7,3,2009-07,False
2009-07-23,ITC,41.95,44.23,41.79,43.8,26471952,5.39,39.44,37.42,34.09,68.87,1.6816,1.3562,0.3254,44.98,33.91,28.07,2009,7,3,2009-07,False
2009-07-24,ITC,44.04,44.75,42.58,44.26,18116881,1.066,39.81,37.61,34.13,70.107,1.7931,1.4436,0.3495,45.6,34.03,29.075,2009,7,3,2009-07,False
2009-07-27,ITC,44.61,46.51,43.46,45.53,17139611,2.864,40.28,37.75,34.17,73.217,1.9611,1.5471,0.414,46.35,34.21,30.123,2009,7,3,2009-07,False
2009-07-28,ITC,45.37,46.76,44.85,45.94,22564580,0.9,40.79,37.95,34.23,74.154,2.1031,1.6583,0.4448,46.96,34.62,30.24,2009,7,3,2009-07,False
2009-07-29,ITC,45.37,46.3,43.48,45.31,14912362,-1.369,41.27,38.16,34.27,70.102,2.1402,1.7547,0.3856,47.28,35.25,29.141,2009,7,3,2009-07,False
2009-07-30,ITC,44.99,47.06,44.25,46.27,32163126,2.103,41.79,38.41,34.33,72.549,2.2209,1.8479,0.373,47.63,35.94,27.977,2009,7,3,2009-07,False
2009-07-31,ITC,47.24,48.23,46.32,47.51,22874405,2.678,42.37,38.67,34.39,75.372,2.3577,1.9499,0.4078,48.05,36.69,26.82,2009,7,3,2009-07,False
2009-08-03,ITC,48.23,48.23,46.75,47.31,7244257,-0.421,42.88,38.9,34.44,74.047,2.4221,2.0443,0.3777,48.38,37.38,25.644,2009,8,3,2009-08,False
2009-08-04,ITC,47.31,47.47,45.75,46.99,15198795,-0.665,43.26,39.16,34.5,71.909,2.4198,2.1194,0.3004,48.81,37.7,25.672,2009,8,3,2009-08,False
2009-08-05,ITC,47.18,47.24,45.66,46.47,12112517,-1.116,43.62,39.4,34.56,68.366,2.3486,2.1652,0.1833,49.0,38.24,24.682,2009,8,3,2009-08,False
2009-08-06,ITC,45.94,46.63,43.85,44.63,17266011,-3.959,43.85,39.6,34.62,57.634,2.1193,2.156,-0.0368,48.96,38.74,23.303,2009,8,3,2009-08,False
2009-08-07,ITC,44.7,44.98,43.29,43.77,15535205,-1.922,44.07,39.79,34.69,53.422,1.8471,2.0942,-0.2472,48.74,39.41,21.17,2009,8,3,2009-08,False
2009-08-10,ITC,44.22,44.4,41.99,42.77,17893425,-2.287,44.2,39.92,34.75,48.93,1.5329,1.982,-0.4491,48.55,39.85,19.665,2009,8,3,2009-08,False
2009-08-11,ITC,42.15,43.22,41.6,43.03,16357047,0.602,44.33,40.06,34.81,50.092,1.2898,1.8435,-0.5537,48.35,40.3,18.167,2009,8,3,2009-08,False
2009-08-12,ITC,42.51,43.99,42.05,43.44,12990968,0.953,44.43,40.17,34.86,51.967,1.1173,1.6983,-0.581,48.24,40.61,17.172,2009,8,3,2009-08,False
2009-08-13,ITC,43.9,46.1,43.87,45.63,10912514,5.047,44.64,40.33,34.94,60.511,1.1444,1.5875,-0.4431,48.21,41.06,16.019,2009,8,3,2009-08,False
2009-08-14,ITC,45.75,45.94,43.96,44.79,8558915,-1.838,44.69,40.51,35.01,56.379,1.0856,1.4871,-0.4015,48.24,41.14,15.879,2009,8,3,2009-08,False
2009-08-17,ITC,44.42,44.59,41.85,42.42,14441545,-5.278,44.66,40.67,35.08,46.7,0.8386,1.3574,-0.5188,48.28,41.05,16.176,2009,8,3,2009-08,False
2009-08-18,ITC,42.32,43.42,41.8,42.83,11740946,0.966,44.71,40.81,35.14,48.355,0.6683,1.2196,-0.5513,48.19,41.23,15.562,2009,8,3,2009-08,False
2009-08-19,ITC,42.09,42.89,41.57,42.48,18504055,-0.823,44.76,40.93,35.19,47.003,0.499,1.0755,-0.5765,48.08,41.43,14.852,2009,8,3,2009-08,False
2009-08-20,ITC,42.99,43.37,42.89,42.92,8327692,1.032,44.71,41.05,35.25,48.916,0.3957,0.9395,-0.5438,48.11,41.32,15.205,2009,8,3,2009-08,False
2009-08-21,ITC,43.25,43.85,41.97,43.64,11289731,1.688,44.68,41.18,35.31,52.0,0.3681,0.8252,-0.4572,48.11,41.26,15.342,2009,8,3,2009-08,False
2009-08-24,ITC,44.13,46.29,43.85,45.74,14778462,4.805,44.69,41.36,35.39,59.602,0.5095,0.7621,-0.2526,48.13,41.25,15.393,2009,8,3,2009-08,False
2009-08-25,ITC,45.18,46.5,44.54,45.85,12676364,0.229,44.69,41.53,35.48,59.943,0.6229,0.7342,-0.1114,48.12,41.26,15.364,2009,8,3,2009-08,False
2009-08-26,ITC,45.94,45.94,44.91,45.56,8742791,-0.624,44.7,41.72,35.56,58.491,0.6818,0.7237,-0.042,48.15,41.26,15.41,2009,8,3,2009-08,False
2009-08-27,ITC,43.9,46.18,43.9,45.73,15702307,0.377,44.67,41.91,35.65,59.131,0.7338,0.7258,0.0081,48.08,41.27,15.226,2009,8,3,2009-08,False
2009-08-28,ITC,45.85,45.94,44.61,45.1,10431784,-1.376,44.55,42.06,35.72,55.738,0.7161,0.7238,-0.0078,47.69,41.41,14.095,2009,8,3,2009-08,False
2009-08-31,ITC,44.96,45.08,43.59,44.03,14584616,-2.388,44.39,42.18,35.78,50.404,0.6081,0.7007,-0.0926,47.26,41.53,12.911,2009,8,3,2009-08,False
2009-09-01,ITC,44.42,44.75,42.82,43.87,13056797,-0.346,44.23,42.32,35.84,49.68,0.5044,0.6614,-0.157,46.83,41.64,11.741,2009,9,3,2009-09,False
2009-09-02,ITC,43.51,44.46,43.08,43.47,9354038,-0.912,44.09,42.45,35.9,47.739,0.3854,0.6062,-0.2208,46.48,41.69,10.853,2009,9,3,2009-09,False
2009-09-03,ITC,43.65,43.96,42.75,43.24,10038409,-0.548,44.02,42.59,35.95,46.573,0.2689,0.5387,-0.2699,46.42,41.61,10.937,2009,9,3,2009-09,False
2009-09-04,ITC,43.46,44.96,42.83,44.46,10159236,2.844,44.05,42.74,36.02,52.959,0.2725,0.4855,-0.213,46.46,41.64,10.951,2009,9,3,2009-09,False
2009-09-07,ITC,45.16,45.37,43.48,44.05,26175210,-0.943,44.11,42.9,36.07,50.731,0.2389,0.4362,-0.1973,46.45,41.78,10.588,2009,9,3,2009-09,False
2009-09-08,ITC,44.23,44.8,43.46,43.59,17618924,-1.039,44.14,43.05,36.13,48.343,0.1733,0.3836,-0.2103,46.44,41.85,10.391,2009,9,3,2009-09,False
2009-09-09,ITC,43.46,43.65,42.97,43.27,46700328,-0.722,44.13,43.2,36.19,46.714,0.0948,0.3258,-0.231,46.44,41.83,10.446,2009,9,3,2009-09,False
2009-09-10,ITC,43.56,44.17,43.18,43.66,14746269,0.903,44.04,43.36,36.25,49.012,0.0634,0.2734,-0.2099,46.24,41.83,10.002,2009,9,3,2009-09,False
2009-09-11,ITC,44.05,44.14,42.89,43.29,18633319,-0.851,43.96,43.51,36.32,46.939,0.0085,0.2204,-0.2119,46.16,41.77,9.992,2009,9,3,2009-09,False
2009-09-14,ITC,42.74,43.63,42.4,42.68,10662682,-1.409,43.97,43.62,36.38,43.673,-0.0834,0.1596,-0.243,46.14,41.81,9.829,2009,9,3,2009-09,False
2009-09-15,ITC,42.89,43.92,42.76,43.66,14240449,2.3,44.02,43.7,36.44,49.734,-0.076,0.1125,-0.1885,46.12,41.92,9.542,2009,9,3,2009-09,False
2009-09-16,ITC,44.23,44.33,43.72,44.05,17644640,0.873,44.09,43.8,36.5,51.899,-0.039,0.0822,-0.1212,46.07,42.12,8.945,2009,9,3,2009-09,False
2009-09-17,ITC,44.4,44.78,43.28,43.62,29308766,-0.974,44.13,43.87,36.56,49.325,-0.0438,0.057,-0.1008,46.04,42.22,8.65,2009,9,3,2009-09,False
2009-09-18,ITC,43.46,43.65,43.13,43.25,16610172,-0.83,44.11,43.95,36.62,47.197,-0.0759,0.0304,-0.1063,46.05,42.17,8.783,2009,9,3,2009-09,False
2009-09-22,ITC,43.46,44.61,42.93,44.48,15651056,2.843,44.05,44.04,36.68,54.391,-0.0021,0.0239,-0.026,45.84,42.26,8.128,2009,9,3,2009-09,False
2009-09-23,ITC,44.8,45.14,43.62,43.94,12882604,-1.221,43.95,44.11,36.74,51.08,0.0124,0.0216,-0.0092,45.53,42.37,7.175,2009,9,3,2009-09,False
2009-09-24,ITC,43.65,44.99,43.65,44.33,16581892,0.889,43.89,44.16,36.8,53.283,0.0547,0.0282,0.0265,45.29,42.49,6.371,2009,9,3,2009-09,False
2009-09-25,ITC,44.21,45.02,44.17,44.8,9050765,1.054,43.84,44.23,36.87,55.843,0.1246,0.0475,0.0771,45.03,42.66,5.406,2009,9,3,2009-09,False
2009-09-29,ITC,45.14,45.37,44.37,44.66,9251381,-0.319,43.82,44.25,36.93,54.852,0.1665,0.0713,0.0952,44.92,42.72,5.014,2009,9,3,2009-09,False
2009-09-30,ITC,44.61,44.69,44.14,44.43,16233998,-0.512,43.84,44.28,37.0,53.225,0.1792,0.0929,0.0863,44.97,42.71,5.148,2009,9,3,2009-09,False
2009-10-01,ITC,44.36,44.51,43.85,44.33,13084469,-0.215,43.86,44.33,37.06,52.526,0.1794,0.1102,0.0693,45.01,42.71,5.242,2009,10,4,2009-10,False
2009-10-05,ITC,44.27,45.71,43.85,45.48,24135139,2.58,43.96,44.41,37.12,59.416,0.2689,0.1419,0.1269,45.3,42.62,6.094,2009,10,4,2009-10,False
2009-10-06,ITC,45.75,47.37,45.73,47.19,24200712,3.773,44.16,44.47,37.2,67.123,0.4727,0.2081,0.2646,46.09,42.23,8.724,2009,10,4,2009-10,False
2009-10-07,ITC,47.56,48.13,46.53,46.7,13719437,-1.05,44.27,44.52,37.28,63.379,0.5875,0.284,0.3035,46.51,42.04,10.092,2009,10,4,2009-10,False
2009-10-08,ITC,47.26,48.33,46.9,47.8,20233048,2.368,44.46,44.57,37.35,67.707,0.759,0.379,0.38,47.19,41.73,12.28,2009,10,4,2009-10,False
2009-10-09,ITC,47.98,47.98,46.61,47.59,6710032,-0.439,44.66,44.6,37.43,66.111,0.8679,0.4767,0.3912,47.69,41.63,13.573,2009,10,4,2009-10,False
2009-10-12,ITC,48.5,49.72,46.74,49.25,13752403,3.485,44.96,44.68,37.52,71.777,1.0757,0.5965,0.4791,48.54,41.38,15.939,2009,10,4,2009-10,False
2009-10-13,ITC,49.05,49.05,49.05,49.05,0,-0.406,45.23,44.74,37.6,70.25,1.2102,0.7193,0.491,49.19,41.27,17.522,2009,10,4,2009-10,False
2009-10-14,ITC,49.14,49.91,48.93,49.32,8952124,0.544,45.53,44.77,37.68,71.132,1.3231,0.84,0.4831,49.78,41.28,18.662,2009,10,4,2009-10,False
2009-10-15,ITC,49.56,49.56,47.59,48.88,12758210,-0.889,45.84,44.8,37.76,67.588,1.3616,0.9443,0.4172,50.12,41.56,18.663,2009,10,4,2009-10,False
2009-10-16,ITC,48.99,49.08,47.66,48.12,7931598,-1.56,46.06,44.83,37.83,61.82,1.3153,1.0185,0.2968,50.33,41.8,18.514,2009,10,4,2009-10,False
2009-10-20,ITC,48.04,48.42,47.3,47.74,9965285,-0.773,46.25,44.85,37.9,59.169,1.2344,1.0617,0.1727,50.46,42.03,18.234,2009,10,4,2009-10,False
2009-10-21,ITC,48.13,48.13,46.09,46.46,8289109,-2.695,46.39,44.89,37.97,51.014,1.0543,1.0602,-0.0059,50.42,42.36,17.377,2009,10,4,2009-10,False
2009-10-22,ITC,46.7,47.64,46.29,47.25,10850883,1.703,46.59,44.96,38.04,55.111,0.9644,1.0411,-0.0767,50.35,42.83,16.156,2009,10,4,2009-10,False
2009-10-23,ITC,47.81,49.75,47.66,49.6,24888981,4.983,46.84,45.09,38.13,64.598,1.0707,1.047,0.0237,50.7,42.99,16.461,2009,10,4,2009-10,False
2009-10-26,ITC,50.23,50.8,49.5,50.46,20406901,1.729,47.17,45.24,38.22,67.309,1.2102,1.0796,0.1306,51.09,43.25,16.636,2009,10,4,2009-10,False
2009-10-27,ITC,49.95,50.59,48.82,49.68,15462214,-1.549,47.44,45.37,38.31,62.605,1.2434,1.1124,0.131,51.27,43.6,16.175,2009,10,4,2009-10,False
2009-10-28,ITC,49.53,50.04,47.95,49.39,16959205,-0.576,47.67,45.44,38.39,60.927,1.2324,1.1364,0.096,51.39,43.95,15.606,2009,10,4,2009-10,False
2009-10-29,ITC,48.52,50.29,48.35,49.43,22535188,0.077,47.91,45.54,38.48,61.077,1.2127,1.1516,0.0611,51.42,44.39,14.665,2009,10,4,2009-10,False
2009-10-30,ITC,50.04,50.18,48.25,48.57,13911567,-1.735,48.11,45.66,38.56,55.886,1.1151,1.1443,-0.0292,51.23,45.0,12.947,2009,10,4,2009-10,False
2009-11-03,ITC,48.11,49.54,46.34,47.38,13653077,-2.453,48.27,45.75,38.63,49.583,0.9309,1.1017,-0.1708,50.86,45.68,10.729,2009,11,4,2009-11,False
2009-11-04,ITC,47.09,48.8,46.47,48.53,10790149,2.434,48.42,45.87,38.72,54.887,0.8679,1.0549,-0.187,50.65,46.19,9.218,2009,11,4,2009-11,False
2009-11-05,ITC,48.42,48.78,46.9,48.07,12370989,-0.962,48.46,45.97,38.8,52.479,0.7715,0.9982,-0.2267,50.63,46.3,8.929,2009,11,4,2009-11,False
2009-11-06,ITC,48.23,48.56,47.09,47.44,8516381,-1.309,48.5,46.05,38.88,49.34,0.6369,0.926,-0.289,50.56,46.44,8.489,2009,11,4,2009-11,False
2009-11-09,ITC,48.23,49.55,47.46,49.38,11256000,4.099,48.58,46.12,38.97,57.753,0.6794,0.8766,-0.1973,50.65,46.51,8.51,2009,11,4,2009-11,False
2009-11-10,ITC,49.18,49.95,48.42,49.08,16352728,-0.618,48.65,46.19,39.06,56.177,0.6805,0.8374,-0.1569,50.68,46.63,8.319,2009,11,4,2009-11,False
2009-11-11,ITC,48.62,49.45,48.62,48.96,13284309,-0.233,48.64,46.26,39.14,55.564,0.6646,0.8028,-0.1383,50.65,46.63,8.265,2009,11,4,2009-11,False
2009-11-12,ITC,49.18,49.5,47.9,48.22,13097881,-1.518,48.6,46.31,39.23,51.625,0.5852,0.7593,-0.1741,50.61,46.59,8.267,2009,11,4,2009-11,False
2009-11-13,ITC,48.76,48.94,48.04,48.52,11292875,0.613,48.56,46.37,39.31,53.05,0.5399,0.7154,-0.1755,50.54,46.58,8.156,2009,11,4,2009-11,False
2009-11-16,ITC,48.71,49.34,48.16,48.73,11858102,0.432,48.55,46.47,39.39,54.083,0.515,0.6753,-0.1604,50.53,46.57,8.141,2009,11,4,2009-11,False
2009-11-17,ITC,48.71,48.86,48.08,48.54,10167440,-0.372,48.57,46.56,39.47,52.998,0.4751,0.6353,-0.1602,50.54,46.61,8.093,2009,11,4,2009-11,False
2009-11-18,ITC,48.61,49.47,48.2,49.33,9760787,1.61,48.65,46.68,39.56,57.007,0.5009,0.6084,-0.1075,50.6,46.7,8.027,2009,11,4,2009-11,False
2009-11-19,ITC,49.37,49.6,48.63,48.93,11147604,-0.812,48.77,46.79,39.65,54.446,0.4834,0.5834,-0.1,50.43,47.12,6.8,2009,11,4,2009-11,False
2009-11-20,ITC,48.5,49.75,47.34,49.55,11136029,1.266,48.89,46.89,39.73,57.619,0.5136,0.5694,-0.0559,50.42,47.36,6.244,2009,11,4,2009-11,False
2009-11-23,ITC,49.91,51.47,49.56,51.24,23005925,3.424,48.97,47.04,39.83,64.843,0.6668,0.5889,0.0778,50.8,47.14,7.485,2009,11,4,2009-11,False
2009-11-24,ITC,51.47,51.47,50.13,50.29,18020343,-1.86,48.96,47.17,39.91,58.781,0.7031,0.6117,0.0914,50.77,47.16,7.372,2009,11,4,2009-11,False
2009-11-25,ITC,50.33,51.38,50.01,51.26,10055448,1.933,49.04,47.33,40.0,62.62,0.8012,0.6496,0.1515,51.1,46.98,8.392,2009,11,4,2009-11,False
2009-11-26,ITC,51.47,51.66,49.33,49.81,19218143,-2.826,49.06,47.45,40.08,54.478,0.7533,0.6704,0.0829,51.14,46.98,8.484,2009,11,4,2009-11,False
2009-11-27,ITC,49.29,49.75,48.06,48.86,13791425,-1.913,49.03,47.57,40.16,49.883,0.6311,0.6625,-0.0314,51.11,46.96,8.467,2009,11,4,2009-11,False
2009-11-30,ITC,49.25,49.88,48.61,49.01,11778485,0.312,49.06,47.69,40.23,50.601,0.5404,0.6381,-0.0977,51.12,46.99,8.417,2009,11,4,2009-11,False
2009-12-01,ITC,49.18,49.55,48.72,49.19,12769260,0.37,49.15,47.8,40.31,51.49,0.4776,0.606,-0.1284,51.05,47.24,7.765,2009,12,4,2009-12,False
2009-12-02,ITC,49.54,49.66,48.61,48.99,12378089,-0.407,49.17,47.9,40.39,50.41,0.407,0.5662,-0.1592,51.06,47.28,7.68,2009,12,4,2009-12,False
2009-12-03,ITC,49.01,49.52,48.61,48.7,9098641,-0.603,49.2,48.0,40.46,48.785,0.3235,0.5176,-0.1942,51.03,47.37,7.443,2009,12,4,2009-12,False
2009-12-04,ITC,48.71,49.39,48.27,48.93,7962417,0.489,49.28,48.12,40.53,50.18,0.2733,0.4688,-0.1954,50.92,47.64,6.657,2009,12,4,2009-12,False
2009-12-07,ITC,49.01,49.33,48.46,48.57,6095907,-0.74,49.24,48.2,40.61,48.037,0.2021,0.4154,-0.2134,50.9,47.57,6.778,2009,12,4,2009-12,False
2009-12-08,ITC,48.63,49.52,48.49,49.3,10561069,1.491,49.25,48.31,40.69,52.414,0.2017,0.3727,-0.171,50.91,47.58,6.771,2009,12,4,2009-12,False
2009-12-09,ITC,49.18,49.34,48.72,48.91,8264272,-0.793,49.24,48.4,40.76,49.969,0.168,0.3317,-0.1638,50.91,47.57,6.78,2009,12,4,2009-12,False
2009-12-10,ITC,48.95,49.16,48.23,48.46,10935485,-0.916,49.26,48.47,40.84,47.248,0.1039,0.2862,-0.1823,50.9,47.61,6.667,2009,12,4,2009-12,False
2009-12-11,ITC,48.76,48.76,47.71,48.18,10360868,-0.57,49.24,48.54,40.91,45.598,0.0304,0.235,-0.2046,50.92,47.56,6.823,2009,12,4,2009-12,False
2009-12-14,ITC,48.32,48.6,47.56,47.79,7892373,-0.811,49.19,48.61,40.98,43.296,-0.0587,0.1763,-0.2349,50.98,47.4,7.271,2009,12,4,2009-12,False
2009-12-15,ITC,48.04,48.36,47.47,47.93,7288389,0.299,49.16,48.68,41.05,44.402,-0.1164,0.1178,-0.2341,51.02,47.31,7.544,2009,12,4,2009-12,False
2009-12-16,ITC,47.98,48.01,47.19,47.54,8073152,-0.815,49.07,48.72,41.12,41.991,-0.1914,0.0559,-0.2473,51.06,47.08,8.101,2009,12,4,2009-12,False
2009-12-17,ITC,47.75,47.92,47.28,47.51,9609303,-0.06,49.0,48.73,41.19,41.813,-0.2503,-0.0053,-0.245,51.11,46.9,8.597,2009,12,4,2009-12,False
2009-12-18,ITC,47.68,47.68,46.9,47.09,6242761,-0.903,48.88,48.74,41.25,39.121,-0.3279,-0.0698,-0.258,51.13,46.62,9.225,2009,12,4,2009-12,False
2009-12-21,ITC,47.09,47.13,46.43,46.67,8093512,-0.891,48.65,48.71,41.31,36.637,-0.4183,-0.1395,-0.2788,50.82,46.48,8.929,2009,12,4,2009-12,False
2009-12-22,ITC,46.84,47.41,46.36,46.94,12646119,0.592,48.48,48.7,41.38,39.369,-0.4624,-0.2041,-0.2583,50.64,46.33,8.894,2009,12,4,2009-12,False
2009-12-23,ITC,47.09,48.59,46.61,48.34,16581347,2.985,48.34,48.68,41.45,50.922,-0.3798,-0.2392,-0.1406,50.05,46.62,7.092,2009,12,4,2009-12,False
2009-12-24,ITC,48.61,49.16,47.99,48.77,8946154,0.887,48.28,48.68,41.53,53.822,-0.2766,-0.2467,-0.0299,49.87,46.7,6.561,2009,12,4,2009-12,False
2009-12-29,ITC,48.49,49.08,48.48,48.84,6754915,0.137,48.28,48.67,41.62,54.275,-0.1873,-0.2348,0.0475,49.87,46.7,6.555,2009,12,4,2009-12,False
2009-12-30,ITC,48.76,48.89,47.66,47.79,7720595,-2.147,48.22,48.65,41.7,46.552,-0.1988,-0.2276,0.0288,49.78,46.66,6.463,2009,12,4,2009-12,False
2009-12-31,ITC,47.98,48.41,47.63,47.81,15924775,0.04,48.15,48.64,41.78,46.7,-0.204,-0.2229,0.0189,49.65,46.66,6.225,2009,12,4,2009-12,False
2010-01-04,ITC,48.23,48.61,47.72,48.35,5360425,1.136,48.12,48.65,41.88,50.888,-0.1625,-0.2108,0.0483,49.57,46.67,6.026,2010,1,1,2010-01,False
2010-01-05,ITC,48.57,48.94,48.17,48.83,11181903,0.986,48.13,48.7,41.97,54.282,-0.09,-0.1867,0.0966,49.59,46.67,6.077,2010,1,1,2010-01,False
2010-01-06,ITC,49.32,49.32,48.34,48.94,7819981,0.234,48.13,48.73,42.06,55.084,-0.0231,-0.154,0.1308,49.59,46.67,6.081,2010,1,1,2010-01,False
2010-01-07,ITC,48.99,49.28,48.36,48.79,5179515,-0.312,48.14,48.72,42.14,53.731,0.0174,-0.1197,0.1371,49.62,46.66,6.151,2010,1,1,2010-01,False
2010-01-08,ITC,48.68,49.28,48.68,48.9,5069346,0.215,48.12,48.69,42.23,54.557,0.0573,-0.0843,0.1416,49.54,46.7,5.92,2010,1,1,2010-01,False
2010-01-11,ITC,49.09,49.47,48.8,48.92,7478605,0.039,48.12,48.67,42.31,54.716,0.0894,-0.0496,0.139,49.55,46.69,5.925,2010,1,1,2010-01,False
2010-01-12,ITC,48.94,48.94,47.49,47.67,16111595,-2.553,48.08,48.64,42.39,43.914,0.014,-0.0369,0.0508,49.51,46.65,5.948,2010,1,1,2010-01,False
2010-01-13,ITC,47.47,47.99,47.09,47.46,12956554,-0.44,48.04,48.6,42.47,42.401,-0.062,-0.0419,-0.0201,49.5,46.59,6.06,2010,1,1,2010-01,False
2010-01-14,ITC,47.75,47.83,47.09,47.31,12799132,-0.321,48.02,48.57,42.54,41.286,-0.133,-0.0601,-0.0729,49.51,46.53,6.203,2010,1,1,2010-01,False
2010-01-15,ITC,47.67,48.27,47.1,48.18,8141766,1.854,48.03,48.59,42.62,49.506,-0.1172,-0.0715,-0.0457,49.52,46.54,6.206,2010,1,1,2010-01,False
2010-01-18,ITC,48.19,48.48,47.66,47.76,5859587,-0.87,48.04,48.57,42.69,46.176,-0.1369,-0.0846,-0.0523,49.52,46.57,6.155,2010,1,1,2010-01,False
2010-01-19,ITC,47.92,47.92,47.33,47.64,6538089,-0.259,48.05,48.56,42.76,45.209,-0.1607,-0.0998,-0.0609,49.52,46.58,6.119,2010,1,1,2010-01,False
2010-01-20,ITC,47.66,47.94,46.94,47.1,10834451,-1.12,48.05,48.56,42.82,41.204,-0.22,-0.1239,-0.0962,49.52,46.58,6.108,2010,1,1,2010-01,False
2010-01-21,ITC,47.18,47.69,46.23,46.61,12186636,-1.052,48.05,48.5,42.89,37.851,-0.3036,-0.1598,-0.1438,49.53,46.57,6.157,2010,1,1,2010-01,False
2010-01-22,ITC,46.32,48.36,45.99,47.49,48040439,1.881,48.08,48.47,42.95,46.194,-0.2956,-0.187,-0.1087,49.49,46.66,5.874,2010,1,1,2010-01,False
2010-01-25,ITC,47.66,48.86,47.19,48.63,16412584,2.409,48.09,48.46,43.02,54.73,-0.1948,-0.1885,-0.0062,49.52,46.66,5.944,2010,1,1,2010-01,False
2010-01-27,ITC,48.32,49.38,48.23,48.78,36918972,0.314,48.09,48.47,43.09,55.738,-0.1014,-0.1711,0.0697,49.52,46.66,5.948,2010,1,1,2010-01,False
2010-01-28,ITC,48.93,48.99,47.38,48.47,20358153,-0.645,48.07,48.47,43.17,53.111,-0.0522,-0.1473,0.0952,49.47,46.67,5.818,2010,1,1,2010-01,False
2010-01-29,ITC,48.32,48.94,47.49,47.69,16373877,-1.613,48.07,48.45,43.23,47.161,-0.0753,-0.1329,0.0576,49.47,46.66,5.841,2010,1,1,2010-01,False
2010-02-01,ITC,47.66,48.14,46.84,46.99,13103879,-1.459,48.03,48.42,43.29,42.588,-0.1481,-0.136,-0.0122,49.51,46.54,6.167,2010,2,1,2010-02,False
2010-02-02,ITC,47.67,47.67,46.33,46.59,11239764,-0.852,47.94,48.37,43.34,40.174,-0.2354,-0.1559,-0.0796,49.54,46.33,6.69,2010,2,1,2010-02,False
2010-02-03,ITC,46.7,48.58,46.42,48.15,14423054,3.355,47.9,48.35,43.41,51.689,-0.1764,-0.16,-0.0165,49.46,46.35,6.479,2010,2,1,2010-02,False
2010-02-04,ITC,48.04,48.56,47.58,48.3,12582297,0.297,47.87,48.33,43.47,52.588,-0.1168,-0.1513,0.0345,49.36,46.38,6.208,2010,2,1,2010-02,False
2010-02-05,ITC,48.04,48.29,47.09,47.34,19333492,-1.974,47.8,48.25,43.53,46.391,-0.1448,-0.15,0.0052,49.24,46.36,6.014,2010,2,1,2010-02,False
2010-02-08,ITC,47.28,47.31,45.88,46.77,24311965,-1.208,47.69,48.18,43.59,43.109,-0.2107,-0.1622,-0.0485,49.1,46.28,5.91,2010,2,1,2010-02,False
2010-02-09,ITC,46.78,47.05,46.28,46.49,12546702,-0.591,47.57,48.08,43.65,41.577,-0.282,-0.1861,-0.0958,48.95,46.19,5.812,2010,2,1,2010-02,False
2010-02-10,ITC,46.65,46.9,46.15,46.49,8888707,0.0,47.51,48.02,43.7,41.577,-0.3346,-0.2158,-0.1188,48.97,46.05,6.156,2010,2,1,2010-02,False
2010-02-11,ITC,46.71,47.26,46.67,47.11,7220395,1.333,47.5,47.98,43.76,46.516,-0.3226,-0.2372,-0.0854,48.97,46.02,6.203,2010,2,1,2010-02,False
2010-02-15,ITC,47.37,47.66,46.72,47.53,6737602,0.89,47.51,47.95,43.82,49.62,-0.276,-0.2449,-0.0311,48.98,46.04,6.19,2010,2,1,2010-02,False
2010-02-16,ITC,47.8,47.94,47.3,47.69,6358740,0.321,47.48,47.92,43.88,50.74,-0.2243,-0.2408,0.0165,48.92,46.04,6.06,2010,2,1,2010-02,False
2010-02-17,ITC,47.75,48.17,47.55,47.99,8192982,0.64,47.49,47.9,43.94,52.99,-0.1568,-0.224,0.0672,48.95,46.04,6.114,2010,2,1,2010-02,False
2010-02-18,ITC,48.08,48.18,46.99,47.32,4161740,-1.39,47.48,47.87,44.0,47.842,-0.1554,-0.2103,0.0549,48.93,46.03,6.116,2010,2,1,2010-02,False
2010-02-19,ITC,47.52,47.73,46.86,47.37,6234950,0.101,47.49,47.84,44.06,48.229,-0.1487,-0.198,0.0492,48.93,46.05,6.075,2010,2,1,2010-02,False
2010-02-22,ITC,47.61,47.8,46.91,47.2,6770860,-0.362,47.52,47.82,44.11,46.88,-0.1555,-0.1895,0.034,48.91,46.13,5.849,2010,2,1,2010-02,False
2010-02-23,ITC,47.2,47.65,46.86,47.51,7482652,0.666,47.52,47.78,44.16,49.659,-0.1339,-0.1784,0.0444,48.91,46.13,5.848,2010,2,1,2010-02,False
2010-02-24,ITC,47.34,47.74,47.05,47.21,8872656,-0.642,47.45,47.75,44.22,47.087,-0.1399,-0.1707,0.0308,48.74,46.16,5.449,2010,2,1,2010-02,False
2010-02-25,ITC,47.45,47.56,46.84,47.2,14862815,-0.02,47.37,47.72,44.27,47.005,-0.1436,-0.1653,0.0216,48.51,46.24,4.786,2010,2,1,2010-02,False
2010-02-26,ITC,47.37,48.12,43.62,44.27,72760964,-6.2,47.16,47.64,44.32,29.838,-0.3784,-0.2079,-0.1705,48.86,45.47,7.181,2010,2,1,2010-02,False
2010-03-02,ITC,44.82,46.55,44.8,46.12,30199146,4.177,47.08,47.61,44.37,43.805,-0.4105,-0.2484,-0.1621,48.82,45.35,7.371,2010,3,1,2010-03,False
2010-03-03,ITC,46.23,46.94,45.44,46.46,13554364,0.723,47.06,47.58,44.43,45.897,-0.4044,-0.2796,-0.1248,48.81,45.3,7.47,2010,3,1,2010-03,False
2010-03-04,ITC,47.07,47.09,46.32,46.9,13366880,0.964,47.07,47.57,44.49,48.662,-0.3592,-0.2955,-0.0637,48.82,45.33,7.416,2010,3,1,2010-03,False
2010-03-05,ITC,47.09,47.09,46.32,46.66,8612219,-0.528,47.0,47.55,44.54,47.224,-0.3395,-0.3043,-0.0352,48.68,45.32,7.139,2010,3,1,2010-03,False
2010-03-08,ITC,46.85,48.03,46.8,47.9,23349746,2.656,46.98,47.57,44.61,54.467,-0.2214,-0.2878,0.0664,48.6,45.36,6.901,2010,3,1,2010-03,False
2010-03-09,ITC,47.99,48.37,47.58,47.86,9912442,-0.08,47.0,47.59,44.66,54.221,-0.1294,-0.2561,0.1267,48.67,45.34,7.068,2010,3,1,2010-03,False
2010-03-10,ITC,48.18,48.66,47.72,48.47,12422601,1.275,47.09,47.62,44.72,57.533,-0.0071,-0.2063,0.1992,48.87,45.31,7.561,2010,3,1,2010-03,False
2010-03-11,ITC,48.42,49.16,47.96,48.73,9085827,0.551,47.2,47.63,44.79,58.933,0.1101,-0.143,0.2531,49.1,45.3,8.053,2010,3,1,2010-03,False
2010-03-12,ITC,48.99,49.64,48.66,49.27,17396599,1.095,47.34,47.64,44.86,61.656,0.2432,-0.0658,0.3089,49.42,45.26,8.788,2010,3,1,2010-03,False
2010-03-15,ITC,49.25,49.89,49.25,49.44,15948453,0.348,47.46,47.65,44.94,62.516,0.3584,0.0191,0.3393,49.73,45.18,9.6,2010,3,1,2010-03,False
2010-03-16,ITC,49.6,49.75,48.47,49.53,7768322,0.174,47.56,47.68,45.01,62.964,0.4514,0.1055,0.3459,50.01,45.1,10.342,2010,3,1,2010-03,False
2010-03-17,ITC,49.53,50.4,49.31,50.11,12604800,1.174,47.68,47.73,45.09,65.932,0.5655,0.1975,0.368,50.39,44.96,11.375,2010,3,1,2010-03,False
2010-03-18,ITC,50.14,50.46,49.32,49.8,6741717,-0.609,47.77,47.76,45.16,63.076,0.6241,0.2828,0.3413,50.64,44.89,12.026,2010,3,1,2010-03,False
2010-03-19,ITC,49.66,50.18,49.4,49.81,8024506,0.019,47.89,47.78,45.24,63.13,0.6637,0.359,0.3047,50.9,44.89,12.545,2010,3,1,2010-03,False
2010-03-22,ITC,49.44,49.93,49.06,49.87,9252153,0.115,48.02,47.8,45.32,63.473,0.6917,0.4256,0.2662,51.13,44.9,12.989,2010,3,1,2010-03,False
2010-03-23,ITC,49.66,50.08,48.84,49.75,10376629,-0.248,48.14,47.82,45.39,62.123,0.6959,0.4796,0.2163,51.33,44.96,13.232,2010,3,1,2010-03,False
2010-03-25,ITC,49.76,50.79,49.53,50.47,17901173,1.456,48.29,47.85,45.46,66.598,0.749,0.5335,0.2155,51.62,44.96,13.804,2010,3,1,2010-03,False
2010-03-26,ITC,50.47,50.71,49.96,50.4,9222867,-0.132,48.45,47.88,45.52,65.826,0.7768,0.5822,0.1946,51.87,45.03,14.117,2010,3,1,2010-03,False
2010-03-29,ITC,50.4,51.66,49.99,51.32,13140910,1.815,48.66,47.95,45.59,70.818,0.8627,0.6383,0.2244,52.25,45.06,14.773,2010,3,1,2010-03,False
2010-03-30,ITC,51.34,52.02,51.03,51.25,8301674,-0.13,49.01,48.03,45.67,70.015,0.9149,0.6936,0.2213,52.13,45.88,12.762,2010,3,1,2010-03,False
2010-03-31,ITC,51.43,51.43,49.87,50.15,15634139,-2.157,49.21,48.08,45.75,58.23,0.8571,0.7263,0.1308,52.06,46.35,11.591,2010,3,1,2010-03,False
2010-04-01,ITC,50.33,50.87,50.16,50.33,5878233,0.361,49.4,48.13,45.82,59.434,0.8165,0.7443,0.0722,51.98,46.82,10.438,2010,4,2,2010-04,False
2010-04-05,ITC,51.03,51.22,50.35,50.48,7617929,0.303,49.58,48.18,45.89,60.468,0.7876,0.753,0.0346,51.91,47.24,9.415,2010,4,2,2010-04,False
2010-04-06,ITC,50.48,51.01,50.16,50.76,10047519,0.548,49.78,48.24,45.96,62.341,0.778,0.758,0.02,51.72,47.84,7.795,2010,4,2,2010-04,False
2010-04-07,ITC,50.58,51.47,50.23,51.37,9066779,1.202,49.96,48.33,46.03,66.153,0.8102,0.7684,0.0418,51.81,48.11,7.398,2010,4,2,2010-04,False
2010-04-08,ITC,51.09,51.27,50.77,51.04,6499145,-0.631,50.12,48.42,46.1,62.532,0.8004,0.7748,0.0256,51.74,48.5,6.469,2010,4,2,2010-04,False
2010-04-09,ITC,51.05,51.57,50.65,51.33,8726163,0.56,50.26,48.49,46.17,64.384,0.8065,0.7812,0.0253,51.77,48.75,6.006,2010,4,2,2010-04,False
2010-04-12,ITC,51.47,51.99,50.97,51.74,8168167,0.799,50.41,48.56,46.25,66.91,0.8347,0.7919,0.0428,51.88,48.94,5.822,2010,4,2,2010-04,False
2010-04-13,ITC,52.16,52.18,51.11,51.2,5013780,-1.032,50.51,48.6,46.32,60.858,0.8047,0.7944,0.0103,51.91,49.1,5.562,2010,4,2,2010-04,False
2010-04-15,ITC,51.48,51.6,49.8,50.09,12346236,-2.178,50.54,48.64,46.39,50.566,0.6831,0.7722,-0.0891,51.87,49.21,5.259,2010,4,2,2010-04,False
2010-04-16,ITC,49.58,51.44,49.58,51.3,9207720,2.417,50.63,48.71,46.45,58.725,0.6766,0.753,-0.0765,51.91,49.35,5.057,2010,4,2,2010-04,False
2010-04-19,ITC,51.09,52.19,50.01,50.49,8162964,-1.579,50.65,48.78,46.52,52.482,0.5991,0.7223,-0.1231,51.91,49.39,4.97,2010,4,2,2010-04,False
2010-04-20,ITC,50.8,50.84,49.75,50.17,8651674,-0.623,50.66,48.85,46.59,50.249,0.5065,0.6791,-0.1726,51.88,49.45,4.802,2010,4,2,2010-04,False
2010-04-21,ITC,50.33,50.51,49.82,50.03,5690644,-0.285,50.68,48.89,46.65,49.223,0.4168,0.6267,-0.2098,51.86,49.49,4.687,2010,4,2,2010-04,False
2010-04-22,ITC,49.85,50.97,49.66,50.37,13680858,0.686,50.7,48.93,46.72,51.767,0.3691,0.5751,-0.206,51.84,49.57,4.48,2010,4,2,2010-04,False
2010-04-23,ITC,50.46,51.08,49.96,50.89,5186490,1.022,50.76,49.0,46.8,55.379,0.3686,0.5338,-0.1652,51.8,49.71,4.116,2010,4,2,2010-04,False
2010-04-26,ITC,50.71,51.64,50.54,50.97,5578976,0.169,50.78,49.08,46.87,55.97,0.3709,0.5013,-0.1304,51.82,49.74,4.094,2010,4,2,2010-04,False
2010-04-27,ITC,51.09,51.63,50.62,51.38,6099642,0.804,50.83,49.18,46.95,58.783,0.4011,0.4812,-0.0801,51.89,49.78,4.157,2010,4,2,2010-04,False
2010-04-28,ITC,50.92,51.93,50.68,51.46,10957360,0.148,50.84,49.28,47.03,59.304,0.4263,0.4702,-0.0439,51.91,49.77,4.218,2010,4,2,2010-04,False
2010-04-29,ITC,51.74,51.74,50.61,50.93,10579532,-1.037,50.82,49.36,47.1,54.146,0.3986,0.4559,-0.0573,51.88,49.77,4.154,2010,4,2,2010-04,False
2010-04-30,ITC,51.09,51.22,50.52,50.68,7124764,-0.487,50.85,49.42,47.17,51.889,0.3526,0.4353,-0.0826,51.86,49.84,3.97,2010,4,2,2010-04,False
2010-05-03,ITC,49.8,50.82,49.8,50.51,7284451,-0.339,50.86,49.48,47.23,50.326,0.2989,0.408,-0.1091,51.85,49.87,3.904,2010,5,2,2010-05,False
2010-05-04,ITC,49.98,50.71,49.75,50.0,4913472,-1.0,50.84,49.52,47.28,45.936,0.213,0.369,-0.1559,51.89,49.78,4.14,2010,5,2,2010-05,False
2010-05-05,ITC,47.66,50.25,47.66,49.97,7189205,-0.057,50.8,49.57,47.33,45.693,0.1411,0.3234,-0.1823,51.92,49.68,4.412,2010,5,2,2010-05,False
2010-05-06,ITC,46.7,50.04,46.7,49.38,6037948,-1.183,50.7,49.61,47.38,40.882,0.036,0.2659,-0.2299,51.95,49.45,4.938,2010,5,2,2010-05,False
2010-05-07,ITC,48.42,49.75,48.34,49.4,9025535,0.039,50.62,49.65,47.43,41.097,-0.0453,0.2037,-0.249,51.98,49.25,5.399,2010,5,2,2010-05,False
2010-05-10,ITC,48.59,50.13,48.59,49.91,15464164,1.023,50.54,49.7,47.47,46.647,-0.0681,0.1493,-0.2174,51.9,49.19,5.374,2010,5,2,2010-05,False
2010-05-11,ITC,49.1,50.19,49.1,49.48,10322967,-0.859,50.43,49.75,47.51,42.947,-0.1194,0.0956,-0.215,51.75,49.12,5.217,2010,5,2,2010-05,False
2010-05-12,ITC,48.13,50.69,48.13,50.53,5542428,2.119,50.4,49.81,47.56,52.802,-0.0747,0.0615,-0.1362,51.66,49.13,5.023,2010,5,2,2010-05,False
2010-05-13,ITC,50.9,51.09,50.28,50.8,6303701,0.547,50.43,49.94,47.59,55.009,-0.0167,0.0459,-0.0626,51.7,49.16,5.034,2010,5,2,2010-05,False
2010-05-14,ITC,50.14,52.04,50.14,51.12,9249088,0.619,50.42,50.04,47.64,57.447,0.054,0.0475,0.0065,51.67,49.18,4.941,2010,5,2,2010-05,False
2010-05-17,ITC,50.71,51.26,50.52,50.74,7442215,-0.746,50.44,50.13,47.68,53.652,0.0784,0.0537,0.0247,51.69,49.18,4.97,2010,5,2,2010-05,False
2010-05-18,ITC,50.53,51.38,49.82,51.21,4961399,0.939,50.49,50.22,47.73,57.437,0.1346,0.0699,0.0647,51.78,49.2,5.122,2010,5,2,2010-05,False
2010-05-19,ITC,51.17,51.17,49.18,49.41,9277754,-3.518,50.46,50.27,47.76,43.106,0.0334,0.0626,-0.0292,51.82,49.09,5.417,2010,5,2,2010-05,False
2010-05-20,ITC,49.25,50.58,48.99,50.02,13120774,1.235,50.44,50.31,47.78,47.851,0.0024,0.0506,-0.0481,51.82,49.06,5.473,2010,5,2,2010-05,False
2010-05-21,ITC,49.56,52.29,49.06,51.72,37555292,3.392,50.48,50.39,47.82,58.274,0.1135,0.0631,0.0503,51.96,49.0,5.876,2010,5,2,2010-05,False
2010-05-24,ITC,52.42,52.52,50.62,51.1,15539467,-1.198,50.49,50.44,47.84,54.027,0.1497,0.0805,0.0693,51.98,48.99,5.913,2010,5,2,2010-05,False
2010-05-25,ITC,50.99,51.51,49.32,49.66,21936653,-2.817,50.4,50.46,47.86,45.697,0.0616,0.0767,-0.0151,51.88,48.93,5.848,2010,5,2,2010-05,False
2010-05-26,ITC,49.95,51.46,49.77,51.3,11519453,3.301,50.39,50.5,47.89,54.334,0.1227,0.0859,0.0368,51.84,48.94,5.758,2010,5,2,2010-05,False
2010-05-27,ITC,51.38,53.11,50.96,52.6,30304072,2.527,50.48,50.57,47.91,59.782,0.2725,0.1232,0.1493,52.22,48.73,6.904,2010,5,2,2010-05,False
2010-05-28,ITC,53.0,54.14,52.6,53.99,17505356,2.646,50.64,50.66,47.95,64.656,0.4978,0.1981,0.2997,52.99,48.3,9.267,2010,5,2,2010-05,False
2010-05-31,ITC,54.84,54.84,53.22,53.99,11920469,0.0,50.82,50.73,47.98,64.656,0.6687,0.2922,0.3764,53.6,48.04,10.943,2010,5,2,2010-05,False
2010-06-01,ITC,54.41,54.51,53.66,53.95,9944093,-0.071,51.01,50.82,48.02,64.408,0.7919,0.3922,0.3997,54.09,47.93,12.079,2010,6,2,2010-06,False
2010-06-02,ITC,54.14,54.29,53.23,53.62,8426900,-0.601,51.2,50.89,48.06,62.223,0.8535,0.4844,0.3691,54.45,47.95,12.695,2010,6,2,2010-06,False
2010-06-03,ITC,53.95,54.68,53.85,54.43,7756919,1.493,51.45,50.98,48.12,65.351,0.9559,0.5787,0.3772,54.88,48.01,13.352,2010,6,2,2010-06,False
2010-06-04,ITC,55.06,55.63,52.8,55.45,9934871,1.874,51.75,51.1,48.18,68.884,1.1067,0.6843,0.4223,55.48,48.02,14.406,2010,6,2,2010-06,False
2010-06-07,ITC,54.33,55.11,54.33,54.84,6850559,-1.083,52.0,51.18,48.24,64.7,1.1642,0.7803,0.3839,55.86,48.13,14.866,2010,6,2,2010-06,False
2010-06-08,ITC,55.42,55.78,54.63,55.23,9531197,0.695,52.28,51.28,48.3,66.108,1.2265,0.8695,0.3569,56.22,48.35,15.036,2010,6,2,2010-06,False
2010-06-09,ITC,56.82,56.82,54.59,54.89,12350086,-0.614,52.5,51.35,48.35,63.676,1.2342,0.9425,0.2918,56.51,48.5,15.249,2010,6,2,2010-06,False
2010-06-10,ITC,55.16,55.71,54.41,55.37,10974993,0.883,52.73,51.44,48.4,65.622,1.2649,1.007,0.2579,56.85,48.62,15.606,2010,6,2,2010-06,False
2010-06-11,ITC,57.14,57.14,55.49,55.67,8788829,0.536,52.96,51.55,48.46,66.795,1.2981,1.0652,0.2329,57.2,48.72,16.014,2010,6,2,2010-06,False
2010-06-14,ITC,55.9,56.71,55.68,56.57,8743510,1.616,53.25,51.67,48.53,70.124,1.3812,1.1284,0.2528,57.65,48.85,16.511,2010,6,2,2010-06,False
2010-06-15,ITC,56.55,57.87,56.37,57.67,9739202,1.957,53.57,51.81,48.61,73.628,1.5188,1.2065,0.3123,58.28,48.87,17.564,2010,6,2,2010-06,False
2010-06-16,ITC,58.27,58.27,56.97,57.52,12278071,-0.274,53.98,51.95,48.68,72.323,1.5967,1.2845,0.3122,58.57,49.39,17.008,2010,6,2,2010-06,False
2010-06-17,ITC,57.54,58.7,57.17,58.11,13840507,1.031,54.38,52.08,48.75,74.172,1.6869,1.365,0.3219,58.93,49.83,16.724,2010,6,2,2010-06,False
2010-06-18,ITC,58.33,59.18,57.87,58.31,16190664,0.34,54.71,52.23,48.82,74.777,1.7541,1.4428,0.3113,59.4,50.02,17.135,2010,6,2,2010-06,False
2010-06-21,ITC,58.66,59.32,57.73,59.14,14429164,1.424,55.11,52.39,48.88,77.193,1.853,1.5248,0.3281,59.87,50.35,17.277,2010,6,2,2010-06,False
2010-06-22,ITC,58.92,60.06,58.77,59.67,9744639,0.903,55.61,52.54,48.95,78.611,1.9519,1.6103,0.3417,60.06,51.17,15.97,2010,6,2,2010-06,False
2010-06-23,ITC,59.32,60.15,59.17,59.88,9639863,0.348,56.04,52.72,49.03,79.154,2.0237,1.693,0.3308,60.39,51.7,15.495,2010,6,2,2010-06,False
2010-06-24,ITC,59.91,60.88,59.34,60.45,21511927,0.958,56.44,52.93,49.1,80.618,2.1027,1.7749,0.3278,60.89,51.99,15.766,2010,6,2,2010-06,False
2010-06-25,ITC,60.43,60.88,59.36,59.6,8203282,-1.406,56.72,53.09,49.18,72.492,2.0728,1.8345,0.2383,61.22,52.21,15.891,2010,6,2,2010-06,False
2010-06-28,ITC,59.51,60.01,58.72,58.85,6701184,-1.261,56.96,53.26,49.25,66.146,1.9658,1.8607,0.1051,61.37,52.55,15.484,2010,6,2,2010-06,False
2010-06-29,ITC,59.04,59.12,58.14,58.59,5232444,-0.437,57.19,53.43,49.33,64.08,1.8391,1.8564,-0.0173,61.42,52.97,14.783,2010,6,2,2010-06,False
2010-06-30,ITC,57.93,60.54,57.93,60.39,14385477,3.071,57.53,53.63,49.42,70.927,1.8623,1.8576,0.0047,61.64,53.42,14.277,2010,6,2,2010-06,False
2010-07-01,ITC,60.26,60.26,59.37,59.91,5311841,-0.802,57.81,53.82,49.49,67.212,1.8207,1.8502,-0.0295,61.77,53.84,13.713,2010,7,3,2010-07,False
2010-07-02,ITC,60.3,60.49,59.67,59.82,4348862,-0.149,58.02,54.0,49.57,66.523,1.7602,1.8322,-0.072,61.92,54.13,13.433,2010,7,3,2010-07,False
2010-07-05,ITC,59.79,60.21,59.32,59.74,4464938,-0.132,58.27,54.18,49.65,65.877,1.6865,1.8031,-0.1166,61.93,54.6,12.578,2010,7,3,2010-07,False
2010-07-06,ITC,59.75,59.97,59.53,59.89,4711925,0.248,58.5,54.35,49.74,66.533,1.6213,1.7667,-0.1454,61.94,55.07,11.745,2010,7,3,2010-07,False
2010-07-07,ITC,59.93,60.0,59.32,59.71,6273097,-0.297,58.74,54.51,49.82,64.919,1.5376,1.7209,-0.1833,61.76,55.72,10.278,2010,7,3,2010-07,False
2010-07-08,ITC,60.11,60.37,59.69,59.94,5808950,0.381,58.97,54.69,49.9,66.052,1.4726,1.6713,-0.1986,61.58,56.36,8.844,2010,7,3,2010-07,False
2010-07-09,ITC,59.94,60.26,59.17,59.38,6199019,-0.924,59.16,54.87,49.98,60.892,1.3608,1.6092,-0.2484,61.25,57.06,7.086,2010,7,3,2010-07,False
2010-07-12,ITC,59.71,59.71,59.18,59.31,7245478,-0.133,59.29,55.04,50.06,60.169,1.2513,1.5376,-0.2863,61.0,57.59,5.75,2010,7,3,2010-07,False
2010-07-13,ITC,59.31,59.59,58.39,59.14,14573332,-0.283,59.37,55.23,50.14,58.577,1.1379,1.4577,-0.3197,60.9,57.84,5.15,2010,7,3,2010-07,False
2010-07-14,ITC,59.35,59.74,58.85,59.02,14446408,-0.201,59.44,55.41,50.21,57.422,1.0266,1.3715,-0.3448,60.71,58.17,4.279,2010,7,3,2010-07,False
2010-07-15,ITC,59.02,59.51,58.97,59.34,9523906,0.536,59.5,55.61,50.29,59.704,0.953,1.2878,-0.3348,60.61,58.4,3.727,2010,7,3,2010-07,False
2010-07-16,ITC,59.41,59.42,58.64,58.99,12011490,-0.583,59.54,55.8,50.37,56.159,0.8568,1.2016,-0.3448,60.53,58.55,3.324,2010,7,3,2010-07,False
2010-07-19,ITC,58.8,59.31,57.34,57.61,10165844,-2.346,59.46,55.95,50.44,44.721,0.6613,1.0935,-0.4322,60.77,58.16,4.394,2010,7,3,2010-07,False
2010-07-20,ITC,57.73,58.01,57.36,57.63,4467424,0.034,59.36,56.12,50.5,44.893,0.5021,0.9752,-0.4731,60.9,57.82,5.18,2010,7,3,2010-07,False
2010-07-21,ITC,57.9,58.52,57.51,57.8,12009764,0.309,59.26,56.26,50.57,46.513,0.3859,0.8574,-0.4715,60.92,57.59,5.618,2010,7,3,2010-07,False
2010-07-22,ITC,52.67,59.03,52.67,58.86,22631829,1.83,59.18,56.42,50.64,54.981,0.3748,0.7609,-0.386,60.75,57.6,5.317,2010,7,3,2010-07,False
2010-07-23,ITC,59.32,59.85,58.97,59.64,20404001,1.327,59.18,56.59,50.71,60.015,0.4242,0.6935,-0.2693,60.75,57.6,5.325,2010,7,3,2010-07,False
2010-07-26,ITC,59.71,59.95,59.31,59.85,7052804,0.348,59.23,56.78,50.79,61.256,0.4746,0.6497,-0.1751,60.82,57.63,5.387,2010,7,3,2010-07,False
2010-07-27,ITC,60.7,60.7,59.91,60.16,5570714,0.512,59.31,56.95,50.86,63.076,0.5331,0.6264,-0.0933,60.92,57.69,5.454,2010,7,3,2010-07,False
2010-07-28,ITC,60.4,60.95,59.95,60.77,10538777,1.019,59.32,57.18,50.93,66.47,0.6218,0.6255,-0.0037,61.0,57.65,5.657,2010,7,3,2010-07,False
2010-07-29,ITC,60.7,61.67,60.51,61.31,12090285,0.895,59.39,57.41,51.01,69.176,0.7276,0.6459,0.0817,61.28,57.51,6.349,2010,7,3,2010-07,False
2010-07-30,ITC,61.24,61.66,60.5,61.05,11517409,-0.435,59.46,57.59,51.07,66.345,0.7808,0.6729,0.1079,61.47,57.44,6.791,2010,7,3,2010-07,False
2010-08-02,ITC,61.11,61.97,61.1,61.85,17304669,1.312,59.56,57.81,51.14,70.276,0.8776,0.7138,0.1637,61.84,57.28,7.668,2010,8,3,2010-08,False
2010-08-03,ITC,62.76,62.76,60.8,61.06,8794249,-1.279,59.62,58.04,51.2,62.511,0.8803,0.7471,0.1331,62.0,57.24,7.972,2010,8,3,2010-08,False
2010-08-04,ITC,60.9,62.08,59.93,61.41,8426914,0.583,59.7,58.24,51.26,64.416,0.9007,0.7778,0.1229,62.21,57.2,8.402,2010,8,3,2010-08,False
2010-08-05,ITC,61.57,62.16,61.04,61.61,6197970,0.322,59.79,58.42,51.33,65.466,0.9223,0.8067,0.1155,62.44,57.14,8.859,2010,8,3,2010-08,False
2010-08-06,ITC,61.69,63.27,61.61,62.78,6210199,1.893,59.96,58.59,51.39,70.919,1.0217,0.8497,0.172,62.91,57.0,9.86,2010,8,3,2010-08,False
2010-08-09,ITC,62.87,63.35,62.44,62.85,4150951,0.126,60.14,58.77,51.47,71.25,1.0942,0.8986,0.1956,63.34,56.93,10.665,2010,8,3,2010-08,False
2010-08-10,ITC,63.05,63.05,61.63,62.18,7385229,-1.07,60.29,58.94,51.54,64.519,1.085,0.9359,0.1491,63.58,56.99,10.932,2010,8,3,2010-08,False
2010-08-11,ITC,61.69,62.08,61.04,61.27,5082620,-1.463,60.4,59.09,51.61,56.713,0.9928,0.9473,0.0456,63.67,57.13,10.817,2010,8,3,2010-08,False
2010-08-12,ITC,60.3,61.63,60.13,60.48,7567189,-1.291,60.46,59.21,51.68,50.941,0.8462,0.9271,-0.0808,63.69,57.23,10.678,2010,8,3,2010-08,False
2010-08-13,ITC,60.5,62.08,60.48,61.79,7498317,2.158,60.6,59.34,51.74,58.455,0.8258,0.9068,-0.081,63.8,57.39,10.57,2010,8,3,2010-08,False
2010-08-16,ITC,62.32,62.87,61.69,62.58,4531110,1.28,60.85,59.49,51.8,62.23,0.8635,0.8982,-0.0347,63.84,57.86,9.826,2010,8,3,2010-08,False
2010-08-17,ITC,62.87,63.39,61.98,63.09,8607424,0.821,61.12,59.65,51.87,64.489,0.9242,0.9034,0.0208,63.86,58.38,8.962,2010,8,3,2010-08,False
2010-08-18,ITC,63.86,64.46,62.89,64.26,12790946,1.849,61.44,59.84,51.94,69.017,1.0543,0.9335,0.1207,64.05,58.83,8.501,2010,8,3,2010-08,False
2010-08-19,ITC,64.26,65.76,64.26,65.37,12944720,1.723,61.77,60.04,52.02,72.59,1.2325,0.9933,0.2392,64.63,58.9,9.28,2010,8,3,2010-08,False
2010-08-20,ITC,65.29,65.44,64.08,64.34,9250673,-1.573,62.0,60.21,52.1,65.085,1.2761,1.0499,0.2262,64.9,59.1,9.361,2010,8,3,2010-08,False
2010-08-23,ITC,64.06,64.34,62.91,63.07,5929288,-1.967,62.16,60.34,52.18,57.24,1.1947,1.0789,0.1159,64.92,59.41,8.857,2010,8,3,2010-08,False
2010-08-24,ITC,63.09,63.78,62.72,63.21,5394611,0.219,62.32,60.45,52.25,57.839,1.1284,1.0888,0.0397,64.94,59.7,8.408,2010,8,3,2010-08,False
2010-08-25,ITC,63.23,63.76,63.21,63.47,6859060,0.407,62.45,60.57,52.33,58.987,1.0841,1.0878,-0.0037,65.01,59.89,8.203,2010,8,3,2010-08,False
2010-08-26,ITC,63.67,65.31,63.67,64.81,16908073,2.118,62.63,60.7,52.42,64.442,1.1443,1.0991,0.0452,65.33,59.92,8.648,2010,8,3,2010-08,False
2010-08-27,ITC,64.89,65.39,63.41,63.74,5688905,-1.647,62.76,60.81,52.49,57.861,1.0932,1.098,-0.0047,65.41,60.12,8.428,2010,8,3,2010-08,False
2010-08-30,ITC,64.46,64.59,62.72,62.99,4753271,-1.179,62.82,60.89,52.56,53.704,0.9808,1.0745,-0.0937,65.43,60.21,8.312,2010,8,3,2010-08,False
2010-08-31,ITC,63.39,64.85,62.68,64.52,13701046,2.417,62.99,60.99,52.64,59.978,1.0031,1.0602,-0.0572,65.57,60.41,8.183,2010,8,3,2010-08,False
2010-09-01,ITC,64.95,64.97,63.98,64.52,7518077,0.0,63.15,61.08,52.72,59.978,1.009,1.05,-0.041,65.7,60.6,8.078,2010,9,3,2010-09,False
2010-09-02,ITC,64.77,65.58,64.52,65.43,7645933,1.41,63.34,61.18,52.8,63.413,1.0748,1.0549,0.0198,65.97,60.7,8.323,2010,9,3,2010-09,False
2010-09-03,ITC,65.52,65.52,64.2,64.85,6326290,-0.876,63.44,61.28,52.88,59.921,1.0683,1.0576,0.0107,66.15,60.74,8.528,2010,9,3,2010-09,False
2010-09-06,ITC,65.19,66.16,64.77,65.56,11012640,1.098,63.58,61.42,52.97,62.669,1.1078,1.0676,0.0401,66.43,60.73,8.962,2010,9,3,2010-09,False
2010-09-07,ITC,65.64,66.14,65.17,65.72,8874126,0.241,63.75,61.56,53.05,63.272,1.1387,1.0819,0.0569,66.68,60.83,9.17,2010,9,3,2010-09,False
2010-09-08,ITC,65.31,65.6,64.56,64.97,6253234,-1.143,63.94,61.65,53.13,58.445,1.0901,1.0835,0.0066,66.66,61.21,8.519,2010,9,3,2010-09,False
2010-09-09,ITC,65.48,65.48,63.82,64.2,7688316,-1.187,64.12,61.74,53.2,53.901,0.978,1.0624,-0.0844,66.31,61.94,6.813,2010,9,3,2010-09,False
2010-09-13,ITC,64.59,65.17,64.1,64.54,6791247,0.524,64.26,61.83,53.27,55.524,0.9059,1.0311,-0.1252,66.15,62.37,5.887,2010,9,3,2010-09,False
2010-09-14,ITC,64.42,65.72,63.98,65.33,11711636,1.225,64.4,61.94,53.35,59.168,0.9022,1.0053,-0.1032,66.17,62.63,5.504,2010,9,3,2010-09,False
2010-09-15,ITC,64.99,66.43,64.65,66.3,10771458,1.483,64.56,62.07,53.42,63.151,0.9662,0.9975,-0.0313,66.41,62.71,5.737,2010,9,3,2010-09,False
2010-09-16,ITC,66.04,66.99,65.86,66.2,7148932,-0.149,64.66,62.2,53.5,62.481,0.9975,0.9975,0.0,66.64,62.67,6.136,2010,9,3,2010-09,False
2010-09-17,ITC,66.37,66.93,65.78,66.57,11818681,0.568,64.72,62.33,53.59,64.041,1.0407,1.0061,0.0345,66.86,62.57,6.619,2010,9,3,2010-09,False
2010-09-20,ITC,66.83,70.39,66.43,69.85,21583472,4.93,64.99,62.54,53.7,74.155,1.3244,1.0698,0.2546,68.12,61.86,9.63,2010,9,3,2010-09,False
2010-09-21,ITC,70.33,70.9,67.78,68.27,25146889,-2.264,65.25,62.72,53.79,64.709,1.4054,1.1369,0.2685,68.57,61.94,10.165,2010,9,3,2010-09,False
2010-09-22,ITC,67.76,69.52,67.76,69.08,11370544,1.187,65.55,62.92,53.89,67.027,1.5176,1.2131,0.3045,69.13,61.96,10.937,2010,9,3,2010-09,False
2010-09-23,ITC,69.18,70.37,68.37,69.79,9903323,1.03,65.86,63.14,54.0,68.956,1.6449,1.2994,0.3455,69.78,61.95,11.885,2010,9,3,2010-09,False
2010-09-24,ITC,70.29,71.51,69.87,70.88,13830980,1.558,66.17,63.37,54.11,71.681,1.8127,1.4021,0.4106,70.64,61.69,13.519,2010,9,3,2010-09,False
2010-09-27,ITC,71.34,71.42,70.11,70.55,12300652,-0.474,66.51,63.6,54.22,69.646,1.8967,1.501,0.3957,71.23,61.78,14.208,2010,9,3,2010-09,False
2010-09-28,ITC,70.74,71.18,69.72,70.55,11320675,0.0,66.88,63.86,54.32,69.646,1.9409,1.589,0.3519,71.63,62.13,14.203,2010,9,3,2010-09,False
2010-09-29,ITC,70.59,71.3,68.41,68.65,10432234,-2.691,67.09,64.08,54.42,58.727,1.8019,1.6316,0.1704,71.77,62.41,13.937,2010,9,3,2010-09,False
2010-09-30,ITC,68.73,71.18,67.98,70.51,25405644,2.707,67.39,64.33,54.53,64.582,1.8208,1.6694,0.1514,72.14,62.64,14.09,2010,9,3,2010-09,False
2010-10-01,ITC,70.74,71.18,69.72,70.64,15970985,0.196,67.65,64.57,54.64,64.981,1.8259,1.7007,0.1252,72.52,62.79,14.384,2010,10,4,2010-10,False
2010-10-04,ITC,71.18,71.89,69.16,69.3,13464843,-1.903,67.87,64.76,54.75,58.139,1.7018,1.7009,0.0009,72.6,63.14,13.943,2010,10,4,2010-10,False
2010-10-05,ITC,69.6,69.95,68.61,68.73,12964792,-0.827,68.03,64.94,54.86,55.457,1.5395,1.6687,-0.1292,72.65,63.41,13.572,2010,10,4,2010-10,False
2010-10-06,ITC,69.66,69.97,67.54,68.37,11205629,-0.518,68.16,65.1,54.96,53.799,1.3664,1.6082,-0.2418,72.65,63.68,13.168,2010,10,4,2010-10,False
2010-10-07,ITC,68.73,68.96,67.7,67.98,12242678,-0.578,68.31,65.25,55.06,51.94,1.1836,1.5233,-0.3397,72.55,64.08,12.389,2010,10,4,2010-10,False
2010-10-08,ITC,68.02,68.55,67.07,68.19,11726122,0.32,68.51,65.39,55.17,52.904,1.0443,1.4275,-0.3832,72.28,64.75,10.992,2010,10,4,2010-10,False
2010-10-11,ITC,68.75,68.98,67.76,68.39,7760158,0.29,68.71,65.53,55.28,53.81,0.939,1.3298,-0.3908,71.98,65.44,9.519,2010,10,4,2010-10,False
2010-10-12,ITC,67.98,68.33,66.89,67.6,7979219,-1.156,68.82,65.65,55.38,49.689,0.7827,1.2204,-0.4377,71.73,65.91,8.469,2010,10,4,2010-10,False
2010-10-13,ITC,68.41,69.54,67.42,69.24,16678852,2.428,68.97,65.81,55.48,57.042,0.7823,1.1328,-0.3505,71.63,66.3,7.725,2010,10,4,2010-10,False
2010-10-14,ITC,69.87,69.93,68.75,69.22,7337514,-0.029,69.12,65.97,55.59,56.934,0.7714,1.0605,-0.2891,71.44,66.8,6.722,2010,10,4,2010-10,False
2010-10-15,ITC,69.6,69.6,67.76,68.0,6966419,-1.771,69.19,66.1,55.68,50.546,0.6564,0.9797,-0.3233,71.26,67.12,5.977,2010,10,4,2010-10,False
2010-10-18,ITC,68.02,68.35,66.08,67.84,13264840,-0.233,69.09,66.2,55.78,49.77,0.5461,0.893,-0.3469,71.22,66.96,6.158,2010,10,4,2010-10,False
2010-10-19,ITC,67.9,68.51,66.87,67.42,9207062,-0.612,69.05,66.29,55.88,47.7,0.4204,0.7984,-0.3781,71.27,66.82,6.452,2010,10,4,2010-10,False
2010-10-20,ITC,66.93,67.74,66.24,66.43,9009852,-1.466,68.91,66.37,55.97,43.103,0.2382,0.6864,-0.4482,71.43,66.4,7.299,2010,10,4,2010-10,False
2010-10-21,ITC,67.17,69.2,66.16,68.94,6912044,3.78,68.87,66.53,56.07,54.973,0.2931,0.6077,-0.3146,71.35,66.39,7.204,2010,10,4,2010-10,False
2010-10-22,ITC,68.85,69.0,67.3,67.7,5239099,-1.807,68.71,66.67,56.17,49.46,0.2334,0.5329,-0.2995,71.05,66.37,6.817,2010,10,4,2010-10,False
2010-10-25,ITC,68.51,68.57,66.67,66.89,10673333,-1.197,68.53,66.77,56.26,46.213,0.1193,0.4501,-0.3309,70.84,66.22,6.742,2010,10,4,2010-10,False
2010-10-26,ITC,67.36,68.55,66.87,67.92,9529788,1.537,68.4,66.88,56.35,50.64,0.1105,0.3822,-0.2717,70.52,66.28,6.194,2010,10,4,2010-10,False
2010-10-27,ITC,67.92,67.98,66.12,66.37,7747689,-2.271,68.28,66.95,56.44,44.697,-0.0206,0.3017,-0.3223,70.58,65.99,6.731,2010,10,4,2010-10,False
2010-10-28,ITC,66.89,67.9,65.25,66.06,35990175,-0.477,68.06,66.98,56.53,43.568,-0.1484,0.2117,-0.36,70.31,65.81,6.621,2010,10,4,2010-10,False
2010-10-29,ITC,66.87,67.98,65.52,67.7,28656595,2.484,67.91,67.03,56.63,50.548,-0.1158,0.1462,-0.262,69.81,66.01,5.594,2010,10,4,2010-10,False
2010-11-01,ITC,68.21,68.61,67.56,67.96,13294570,0.38,67.85,67.1,56.73,51.559,-0.0685,0.1032,-0.1717,69.63,66.06,5.261,2010,11,4,2010-11,False
2010-11-02,ITC,68.09,68.81,67.62,68.57,7211732,0.902,67.84,67.21,56.84,53.975,0.0182,0.0862,-0.068,69.61,66.07,5.217,2010,11,4,2010-11,False
2010-11-03,ITC,68.81,70.03,68.81,69.42,14971915,1.24,67.89,67.33,56.95,57.166,0.1538,0.0997,0.054,69.79,66.0,5.579,2010,11,4,2010-11,False
2010-11-04,ITC,70.13,70.19,69.22,69.99,9156757,0.826,67.99,67.46,57.06,59.219,0.304,0.1406,0.1634,70.11,65.88,6.22,2010,11,4,2010-11,False
2010-11-08,ITC,70.94,70.94,69.04,69.46,7222216,-0.763,68.06,67.56,57.17,56.503,0.3756,0.1876,0.188,70.27,65.84,6.504,2010,11,4,2010-11,False
2010-11-09,ITC,69.6,70.57,68.85,70.31,7098802,1.224,68.15,67.69,57.29,59.675,0.4953,0.2491,0.2461,70.58,65.72,7.131,2010,11,4,2010-11,False
2010-11-10,ITC,70.19,70.55,69.76,69.99,5664375,-0.45,68.27,67.83,57.4,57.981,0.5581,0.3109,0.2472,70.82,65.72,7.465,2010,11,4,2010-11,False
2010-11-11,ITC,70.19,70.39,69.06,69.34,3898274,-0.932,68.28,67.93,57.5,54.541,0.549,0.3585,0.1905,70.83,65.72,7.489,2010,11,4,2010-11,False
2010-11-12,ITC,69.56,69.99,68.17,68.75,6458143,-0.855,68.25,68.01,57.6,51.548,0.4882,0.3845,0.1038,70.78,65.72,7.408,2010,11,4,2010-11,False
2010-11-15,ITC,68.57,69.4,67.72,69.26,4130122,0.748,68.32,68.09,57.71,53.909,0.4761,0.4028,0.0733,70.88,65.75,7.507,2010,11,4,2010-11,False
2010-11-16,ITC,69.58,69.78,66.65,67.2,8935926,-2.969,68.28,68.13,57.8,44.555,0.2971,0.3817,-0.0845,70.89,65.68,7.628,2010,11,4,2010-11,False
2010-11-18,ITC,69.5,69.5,66.63,68.0,12819779,1.177,68.31,68.18,57.91,48.273,0.2166,0.3487,-0.132,70.89,65.74,7.544,2010,11,4,2010-11,False
2010-11-19,ITC,68.11,68.41,67.07,67.6,9174143,-0.582,68.37,68.22,58.01,46.591,0.1195,0.3028,-0.1833,70.82,65.92,7.159,2010,11,4,2010-11,False
2010-11-22,ITC,67.72,69.76,67.38,69.56,12720290,2.896,68.4,68.31,58.12,54.957,0.1982,0.2819,-0.0837,70.89,65.91,7.288,2010,11,4,2010-11,False
2010-11-23,ITC,69.3,69.6,67.05,68.21,13278210,-1.933,68.43,68.39,58.22,49.251,0.1504,0.2556,-0.1052,70.9,65.96,7.227,2010,11,4,2010-11,False
2010-11-24,ITC,68.79,68.91,67.9,68.69,9553150,0.696,68.52,68.48,58.33,51.177,0.149,0.2343,-0.0853,70.88,66.15,6.904,2010,11,4,2010-11,False
2010-11-25,ITC,68.25,68.59,66.47,67.11,13986371,-2.303,68.48,68.51,58.43,45.038,0.0201,0.1914,-0.1713,70.91,66.04,7.113,2010,11,4,2010-11,False
2010-11-26,ITC,67.32,67.54,65.66,66.3,15326943,-1.208,68.47,68.51,58.53,42.242,-0.1458,0.124,-0.2698,70.92,66.02,7.156,2010,11,4,2010-11,False
2010-11-29,ITC,66.43,67.13,64.85,66.67,19840663,0.567,68.5,68.52,58.63,43.978,-0.2442,0.0504,-0.2945,70.84,66.17,6.818,2010,11,4,2010-11,False
2010-11-30,ITC,66.26,68.41,65.64,67.98,20598087,1.957,68.52,68.55,58.73,49.64,-0.2143,-0.0026,-0.2118,70.84,66.2,6.768,2010,11,4,2010-11,False
2010-12-01,ITC,68.21,68.21,67.17,67.78,7362621,-0.291,68.51,68.51,58.84,48.835,-0.2043,-0.0429,-0.1614,70.84,66.18,6.799,2010,12,4,2010-12,False
2010-12-02,ITC,68.07,68.37,67.13,67.58,13215247,-0.292,68.46,68.49,58.93,47.996,-0.2099,-0.0763,-0.1336,70.82,66.09,6.91,2010,12,4,2010-12,False
2010-12-03,ITC,66.24,68.02,65.25,67.74,14733863,0.234,68.38,68.47,59.03,48.755,-0.1993,-0.1009,-0.0984,70.72,66.03,6.847,2010,12,4,2010-12,False
2010-12-06,ITC,67.62,67.62,66.63,66.85,6227657,-1.313,68.22,68.41,59.13,44.798,-0.2596,-0.1327,-0.127,70.52,65.91,6.76,2010,12,4,2010-12,False
2010-12-07,ITC,66.67,67.11,65.76,66.51,10365083,-0.503,68.07,68.32,59.23,43.366,-0.3308,-0.1723,-0.1585,70.42,65.72,6.898,2010,12,4,2010-12,False
2010-12-08,ITC,66.43,67.22,65.74,65.94,10133899,-0.862,67.85,68.23,59.32,40.961,-0.4285,-0.2235,-0.205,70.14,65.57,6.73,2010,12,4,2010-12,False
2010-12-09,ITC,66.22,66.63,65.56,66.16,11515310,0.33,67.66,68.14,59.41,42.269,-0.4828,-0.2754,-0.2074,69.83,65.49,6.408,2010,12,4,2010-12,False
2010-12-10,ITC,66.39,67.58,66.04,67.34,6514207,1.793,67.56,68.11,59.51,48.916,-0.4253,-0.3054,-0.1199,69.58,65.54,5.983,2010,12,4,2010-12,False
2010-12-13,ITC,67.52,67.62,65.44,66.1,9341526,-1.85,67.43,68.03,59.61,43.281,-0.4747,-0.3392,-0.1355,69.47,65.39,6.054,2010,12,4,2010-12,False
2010-12-14,ITC,66.43,67.07,66.08,66.59,7451001,0.748,67.29,67.94,59.72,45.942,-0.4685,-0.3651,-0.1035,69.17,65.42,5.584,2010,12,4,2010-12,False
2010-12-15,ITC,65.92,66.75,65.84,66.04,8262111,-0.831,67.24,67.88,59.82,43.482,-0.5026,-0.3926,-0.11,69.2,65.27,5.834,2010,12,4,2010-12,False
2010-12-16,ITC,66.61,66.61,64.91,66.45,7415348,0.629,67.16,67.83,59.92,45.825,-0.4904,-0.4121,-0.0782,69.12,65.2,5.828,2010,12,4,2010-12,False
2010-12-20,ITC,66.53,66.53,65.48,66.02,6081586,-0.655,67.08,67.79,60.02,43.777,-0.5099,-0.4317,-0.0782,69.09,65.07,5.99,2010,12,4,2010-12,False
2010-12-21,ITC,66.04,66.24,65.56,66.1,5341311,0.12,66.91,67.75,60.11,44.265,-0.5131,-0.448,-0.0651,68.59,65.23,5.021,2010,12,4,2010-12,False
2010-12-22,ITC,66.71,66.71,65.72,66.2,5351664,0.15,66.81,67.71,60.2,44.908,-0.5019,-0.4588,-0.0431,68.4,65.22,4.758,2010,12,4,2010-12,False
2010-12-23,ITC,66.59,66.59,65.7,66.0,4546671,-0.299,66.67,67.66,60.29,43.819,-0.5032,-0.4677,-0.0355,68.03,65.31,4.071,2010,12,4,2010-12,False
2010-12-24,ITC,65.52,67.38,65.52,67.18,7730476,1.798,66.68,67.65,60.39,51.432,-0.4038,-0.4549,0.0511,68.04,65.31,4.088,2010,12,4,2010-12,False
2010-12-27,ITC,67.13,67.72,66.85,67.13,7191894,-0.088,66.72,67.61,60.48,51.06,-0.3261,-0.4291,0.1031,68.08,65.35,4.091,2010,12,4,2010-12,False
2010-12-28,ITC,67.13,67.94,67.13,67.7,4480908,0.854,66.77,67.58,60.57,54.491,-0.2157,-0.3864,0.1707,68.2,65.34,4.293,2010,12,4,2010-12,False
2010-12-29,ITC,67.7,69.04,67.68,68.89,10604328,1.752,66.81,67.6,60.67,60.641,-0.0321,-0.3156,0.2834,68.45,65.18,4.902,2010,12,4,2010-12,False
2010-12-30,ITC,68.53,69.74,68.27,69.02,30631781,0.201,66.88,67.62,60.77,61.298,0.1231,-0.2278,0.3509,68.75,65.01,5.593,2010,12,4,2010-12,False
2010-12-31,ITC,68.75,69.58,68.67,69.06,10811646,0.057,66.95,67.65,60.86,61.496,0.2464,-0.133,0.3794,69.04,64.86,6.249,2010,12,4,2010-12,False
2011-01-03,ITC,69.58,69.58,68.77,69.12,3626643,0.086,67.02,67.71,60.96,61.811,0.345,-0.0374,0.3824,69.3,64.74,6.817,2011,1,1,2011-01,False
2011-01-04,ITC,69.2,70.43,69.2,70.19,15515290,1.545,67.19,67.73,61.06,67.042,0.5035,0.0708,0.4327,69.87,64.5,7.994,2011,1,1,2011-01,False
2011-01-05,ITC,70.15,71.26,69.52,71.1,13282927,1.296,67.42,67.8,61.17,70.721,0.6945,0.1955,0.4989,70.6,64.24,9.436,2011,1,1,2011-01,False
2011-01-06,ITC,71.32,71.57,69.54,70.74,9249773,-0.501,67.66,67.88,61.27,67.544,0.8078,0.318,0.4898,71.08,64.23,10.131,2011,1,1,2011-01,False
2011-01-07,ITC,70.41,71.18,67.46,68.21,11220398,-3.577,67.76,67.88,61.36,50.253,0.6855,0.3915,0.294,71.12,64.4,9.919,2011,1,1,2011-01,False
2011-01-10,ITC,68.09,68.17,66.65,67.46,12882258,-1.101,67.77,67.91,61.45,46.451,0.5219,0.4176,0.1043,71.12,64.41,9.91,2011,1,1,2011-01,False
2011-01-11,ITC,67.3,68.81,66.45,67.26,12352577,-0.293,67.82,67.93,61.53,45.476,0.372,0.4084,-0.0364,71.1,64.55,9.659,2011,1,1,2011-01,False
2011-01-12,ITC,68.07,68.96,66.67,68.71,7969911,2.146,67.93,67.95,61.61,53.199,0.3655,0.3999,-0.0344,71.17,64.68,9.552,2011,1,1,2011-01,False
2011-01-13,ITC,68.43,69.08,67.78,68.47,11749615,-0.345,68.05,67.96,61.7,51.898,0.3373,0.3873,-0.0501,71.18,64.92,9.188,2011,1,1,2011-01,False
2011-01-14,ITC,68.25,70.05,66.87,67.44,9335385,-1.502,68.1,67.94,61.79,46.581,0.2293,0.3557,-0.1264,71.15,65.05,8.958,2011,1,1,2011-01,False
2011-01-17,ITC,67.26,69.16,66.3,68.0,14720842,0.821,68.2,67.91,61.88,49.576,0.1863,0.3218,-0.1356,71.09,65.31,8.475,2011,1,1,2011-01,False
2011-01-18,ITC,68.17,69.89,68.05,69.66,9981557,2.443,68.38,67.9,61.97,57.311,0.2829,0.3141,-0.0311,71.16,65.6,8.135,2011,1,1,2011-01,False
2011-01-19,ITC,69.79,70.51,68.65,69.38,14638420,-0.397,68.54,67.9,62.06,55.775,0.3334,0.3179,0.0154,71.15,65.92,7.631,2011,1,1,2011-01,False
2011-01-20,ITC,68.94,69.56,67.48,67.88,11439355,-2.166,68.63,67.85,62.15,48.222,0.2492,0.3042,-0.055,70.98,66.28,6.858,2011,1,1,2011-01,False
2011-01-21,ITC,67.7,68.23,66.59,66.79,14043935,-1.602,68.61,67.79,62.22,43.618,0.0937,0.2621,-0.1684,71.02,66.2,7.026,2011,1,1,2011-01,False
2011-01-24,ITC,67.2,67.4,66.43,66.87,7981984,0.118,68.6,67.74,62.3,44.037,-0.023,0.2051,-0.228,71.04,66.15,7.132,2011,1,1,2011-01,False
2011-01-25,ITC,66.91,67.36,66.24,66.43,8127103,-0.65,68.53,67.69,62.38,42.182,-0.1488,0.1343,-0.2831,71.14,65.93,7.6,2011,1,1,2011-01,False
2011-01-27,ITC,66.77,67.13,66.04,66.35,12167669,-0.119,68.41,67.63,62.46,41.837,-0.2519,0.0571,-0.309,71.18,65.63,8.107,2011,1,1,2011-01,False
2011-01-28,ITC,66.77,67.32,65.48,66.49,16626927,0.209,68.28,67.62,62.53,42.72,-0.3189,-0.0181,-0.3007,71.16,65.4,8.446,2011,1,1,2011-01,False
2011-01-31,ITC,66.08,66.39,63.65,64.3,17666018,-3.301,68.04,67.55,62.6,33.927,-0.5427,-0.123,-0.4197,71.4,64.68,9.875,2011,1,1,2011-01,False
2011-02-01,ITC,64.71,64.77,61.77,63.11,22064293,-1.845,67.74,67.46,62.67,30.296,-0.8066,-0.2598,-0.5468,71.71,63.77,11.728,2011,2,1,2011-02,False
2011-02-02,ITC,63.57,63.94,62.48,62.87,10007510,-0.376,67.38,67.32,62.73,29.614,-1.023,-0.4124,-0.6106,71.73,63.02,12.92,2011,2,1,2011-02,False
2011-02-03,ITC,62.64,63.74,62.32,63.05,7359518,0.283,66.97,67.22,62.79,30.872,-1.1668,-0.5633,-0.6035,71.37,62.58,13.112,2011,2,1,2011-02,False
2011-02-04,ITC,63.11,63.57,59.99,60.5,15192150,-4.045,66.46,67.06,62.84,24.197,-1.4696,-0.7445,-0.725,71.36,61.56,14.743,2011,2,1,2011-02,False
2011-02-07,ITC,61.61,62.78,60.62,62.12,15231572,2.68,66.16,66.96,62.9,33.97,-1.5607,-0.9078,-0.6529,71.35,60.97,15.689,2011,2,1,2011-02,False
2011-02-08,ITC,62.28,62.58,61.69,61.73,9708907,-0.637,65.87,66.87,62.95,32.857,-1.6459,-1.0554,-0.5905,71.38,60.36,16.729,2011,2,1,2011-02,False
2011-02-09,ITC,61.69,61.89,60.4,60.86,13163699,-1.409,65.55,66.75,63.0,30.491,-1.7632,-1.197,-0.5663,71.45,59.65,18.001,2011,2,1,2011-02,False
2011-02-10,ITC,60.98,62.85,60.98,61.75,11136363,1.462,65.2,66.62,63.05,35.599,-1.7641,-1.3104,-0.4537,71.14,59.27,18.211,2011,2,1,2011-02,False
2011-02-11,ITC,62.02,62.12,60.9,61.33,8987671,-0.672,64.85,66.5,63.1,34.331,-1.7778,-1.4039,-0.3739,70.81,58.88,18.407,2011,2,1,2011-02,False
2011-02-14,ITC,61.17,63.19,61.17,62.28,10395846,1.547,64.59,66.39,63.16,39.624,-1.6926,-1.4616,-0.231,70.53,58.65,18.398,2011,2,1,2011-02,False
2011-02-15,ITC,62.74,62.76,61.13,62.12,6781995,-0.254,64.29,66.28,63.22,39.059,-1.6191,-1.4931,-0.126,70.11,58.48,18.078,2011,2,1,2011-02,False
2011-02-16,ITC,61.77,62.82,61.77,62.04,5694368,-0.127,63.91,66.18,63.28,38.762,-1.5495,-1.5044,-0.0451,69.22,58.61,16.61,2011,2,1,2011-02,False
2011-02-17,ITC,62.28,62.84,61.23,62.66,10746984,0.988,63.58,66.1,63.35,42.424,-1.4283,-1.4892,0.0609,68.24,58.91,14.668,2011,2,1,2011-02,False
2011-02-18,ITC,62.62,63.33,61.29,61.59,7417039,-1.704,63.26,66.02,63.41,38.145,-1.4023,-1.4718,0.0695,67.54,58.99,13.512,2011,2,1,2011-02,False
2011-02-21,ITC,61.59,62.82,61.13,62.56,4054155,1.573,63.05,65.95,63.47,43.694,-1.2886,-1.4352,0.1465,67.0,59.11,12.515,2011,2,1,2011-02,False
2011-02-22,ITC,62.44,62.44,61.49,61.97,7103640,-0.948,62.81,65.84,63.54,41.254,-1.2322,-1.3946,0.1623,66.34,59.27,11.256,2011,2,1,2011-02,False
2011-02-23,ITC,62.08,62.28,61.33,61.53,5445702,-0.702,62.56,65.75,63.59,39.511,-1.2087,-1.3574,0.1487,65.69,59.43,10.015,2011,2,1,2011-02,False
2011-02-24,ITC,61.04,61.77,58.92,59.57,27750070,-3.181,62.22,65.61,63.64,32.797,-1.3326,-1.3524,0.0198,65.08,59.36,9.194,2011,2,1,2011-02,False
2011-02-25,ITC,60.38,62.04,59.91,61.81,14203052,3.75,61.99,65.52,63.69,44.409,-1.2363,-1.3292,0.0929,64.02,59.95,6.57,2011,2,1,2011-02,False
2011-02-28,ITC,61.71,67.22,61.06,66.83,47244453,8.125,62.11,65.53,63.77,60.804,-0.7461,-1.2126,0.4665,64.92,59.31,9.044,2011,2,1,2011-02,False
2011-03-01,ITC,67.54,68.81,67.46,68.65,22800519,2.722,62.39,65.58,63.86,64.848,-0.2085,-1.0118,0.8033,66.43,58.35,12.959,2011,3,1,2011-03,False
2011-03-03,ITC,68.02,69.6,67.7,68.63,20746777,-0.029,62.68,65.63,63.95,64.77,0.2136,-0.7667,0.9803,67.59,57.77,15.676,2011,3,1,2011-03,False
2011-03-04,ITC,69.02,69.12,68.02,68.17,12900736,-0.663,62.93,65.67,64.04,62.891,0.5055,-0.5123,1.0178,68.43,57.44,17.46,2011,3,1,2011-03,False
2011-03-07,ITC,67.72,68.73,66.45,68.27,10485888,0.145,63.32,65.72,64.13,63.141,0.7364,-0.2625,0.9989,69.18,57.47,18.498,2011,3,1,2011-03,False
2011-03-08,ITC,68.69,68.77,67.68,68.0,8899845,-0.405,63.62,65.73,64.21,61.882,0.8868,-0.0327,0.9194,69.8,57.43,19.439,2011,3,1,2011-03,False
2011-03-09,ITC,68.17,68.47,67.46,67.92,6567682,-0.116,63.93,65.75,64.3,61.505,0.9882,0.1715,0.8167,70.33,57.53,20.025,2011,3,1,2011-03,False
2011-03-10,ITC,67.8,68.0,66.95,67.74,6895974,-0.262,64.27,65.75,64.38,60.61,1.0422,0.3456,0.6965,70.72,57.82,20.058,2011,3,1,2011-03,False
2011-03-11,ITC,67.52,68.41,67.05,67.76,6205367,0.029,64.57,65.73,64.46,60.678,1.0742,0.4913,0.5828,71.08,58.06,20.166,2011,3,1,2011-03,False
2011-03-14,ITC,67.92,68.77,67.42,68.59,7009296,1.226,64.93,65.72,64.53,63.545,1.1533,0.6237,0.5295,71.49,58.37,20.203,2011,3,1,2011-03,False
2011-03-15,ITC,67.64,68.33,66.31,67.26,10808353,-1.931,65.18,65.68,64.6,56.471,1.0964,0.7183,0.3781,71.7,58.67,19.985,2011,3,1,2011-03,False
2011-03-16,ITC,67.48,68.15,67.48,67.7,5133652,0.647,65.46,65.65,64.67,58.12,1.0741,0.7894,0.2846,71.9,59.02,19.672,2011,3,1,2011-03,False
2011-03-17,ITC,67.03,67.58,66.16,66.45,12164681,-1.84,65.68,65.58,64.73,52.041,0.9449,0.8205,0.1244,71.93,59.44,19.016,2011,3,1,2011-03,False
2011-03-18,ITC,67.07,67.17,65.48,66.41,10091022,-0.06,65.87,65.49,64.79,51.856,0.8299,0.8224,0.0075,71.96,59.78,18.479,2011,3,1,2011-03,False
2011-03-21,ITC,66.69,67.18,66.24,66.39,6383842,-0.03,66.11,65.4,64.85,51.757,0.7287,0.8036,-0.075,71.85,60.37,17.378,2011,3,1,2011-03,False
2011-03-22,ITC,66.67,67.58,66.24,67.24,6384781,1.281,66.34,65.38,64.91,55.686,0.7089,0.7847,-0.0758,71.86,60.83,16.616,2011,3,1,2011-03,False
2011-03-23,ITC,67.22,68.19,66.89,68.0,8869319,1.117,66.65,65.39,64.97,58.874,0.7453,0.7768,-0.0315,71.8,61.5,15.458,2011,3,1,2011-03,False
2011-03-24,ITC,68.41,68.65,67.98,68.41,8446062,0.611,66.99,65.41,65.04,60.562,0.7984,0.7811,0.0173,71.59,62.39,13.74,2011,3,1,2011-03,False
2011-03-25,ITC,69.2,70.39,68.61,70.17,18236737,2.572,67.52,65.44,65.11,66.786,0.9713,0.8192,0.1521,70.77,64.27,9.619,2011,3,1,2011-03,False
2011-03-28,ITC,69.79,71.02,69.74,70.66,13644034,0.704,67.96,65.49,65.19,68.299,1.1351,0.8824,0.2528,70.18,65.74,6.534,2011,3,1,2011-03,False
2011-03-29,ITC,70.98,71.18,70.45,70.88,13052943,0.308,68.17,65.55,65.26,68.969,1.2679,0.9595,0.3084,70.67,65.66,7.353,2011,3,1,2011-03,False
2011-03-30,ITC,71.14,71.71,69.89,70.23,16576860,-0.92,68.24,65.6,65.32,64.561,1.3054,1.0286,0.2768,70.91,65.58,7.81,2011,3,1,2011-03,False
2011-03-31,ITC,70.49,72.76,70.49,72.01,34287153,2.534,68.41,65.65,65.4,70.162,1.4619,1.1153,0.3466,71.57,65.26,9.214,2011,3,1,2011-03,False
2011-04-01,ITC,71.99,73.14,71.73,72.17,17237453,0.22,68.61,65.7,65.47,70.607,1.5804,1.2083,0.3721,72.18,65.05,10.396,2011,4,2,2011-04,False
2011-04-04,ITC,72.54,73.16,72.29,73.1,10046278,1.288,68.85,65.81,65.54,73.14,1.7294,1.3125,0.4169,72.94,64.77,11.864,2011,4,2,2011-04,False
2011-04-05,ITC,73.06,73.43,72.46,72.84,8494992,-0.352,69.1,65.93,65.61,71.31,1.806,1.4112,0.3947,73.53,64.67,12.822,2011,4,2,2011-04,False
2011-04-06,ITC,72.5,73.02,71.5,72.35,5652254,-0.679,69.32,66.04,65.67,67.796,1.8059,1.4902,0.3157,73.94,64.7,13.33,2011,4,2,2011-04,False
2011-04-07,ITC,72.37,72.56,71.71,72.19,5833985,-0.219,69.54,66.15,65.73,66.664,1.7727,1.5467,0.226,74.27,64.81,13.595,2011,4,2,2011-04,False
2011-04-08,ITC,72.33,73.35,71.91,72.66,10750678,0.657,69.79,66.28,65.79,68.37,1.7643,1.5902,0.1741,74.63,64.94,13.885,2011,4,2,2011-04,False
2011-04-11,ITC,72.8,74.34,72.62,73.16,12839034,0.68,70.01,66.41,65.86,70.088,1.777,1.6275,0.1495,75.05,64.98,14.38,2011,4,2,2011-04,False
2011-04-13,ITC,73.16,75.65,72.66,75.17,16323196,2.757,70.41,66.63,65.94,75.85,1.9276,1.6876,0.2401,75.77,65.05,15.216,2011,4,2,2011-04,False
2011-04-15,ITC,75.17,76.18,74.6,75.73,17295850,0.736,70.81,66.88,66.03,77.151,2.0678,1.7636,0.3042,76.5,65.12,16.082,2011,4,2,2011-04,False
2011-04-18,ITC,75.79,77.01,74.14,75.21,13636567,-0.679,71.25,67.13,66.1,73.207,2.1131,1.8335,0.2796,76.88,65.62,15.803,2011,4,2,2011-04,False
2011-04-19,ITC,74.74,75.53,73.91,74.14,12441323,-1.42,71.64,67.35,66.18,65.695,2.0393,1.8747,0.1646,76.92,66.35,14.749,2011,4,2,2011-04,False
2011-04-20,ITC,74.64,75.65,74.14,75.37,8847032,1.653,72.08,67.65,66.25,69.557,2.0561,1.911,0.1451,77.0,67.16,13.652,2011,4,2,2011-04,False
2011-04-21,ITC,76.3,76.3,74.94,75.19,14779121,-0.236,72.48,67.91,66.33,68.354,2.0316,1.9351,0.0965,77.03,67.94,12.538,2011,4,2,2011-04,False
2011-04-25,ITC,75.13,76.2,75.03,75.23,4450159,0.053,72.84,68.18,66.41,68.484,1.9924,1.9465,0.0458,77.02,68.67,11.47,2011,4,2,2011-04,False
2011-04-26,ITC,75.35,76.08,73.2,75.79,12153818,0.736,73.21,68.48,66.49,70.329,1.9831,1.9538,0.0293,77.03,69.4,10.425,2011,4,2,2011-04,False
2011-04-27,ITC,75.92,76.71,75.63,76.58,8601046,1.044,73.53,68.77,66.57,72.779,2.0163,1.9663,0.05,77.35,69.72,10.381,2011,4,2,2011-04,False
2011-04-28,ITC,76.83,77.03,75.55,75.86,12532263,-0.929,73.79,69.06,66.65,67.385,1.9626,1.9656,-0.003,77.49,70.09,10.03,2011,4,2,2011-04,False
2011-04-29,ITC,75.27,77.03,75.27,76.06,16105093,0.261,74.05,69.34,66.74,68.093,1.9139,1.9553,-0.0413,77.62,70.49,9.631,2011,4,2,2011-04,False
2011-05-02,ITC,76.32,76.71,75.33,75.59,8065669,-0.624,74.32,69.61,66.82,64.478,1.8161,1.9274,-0.1113,77.46,71.18,8.439,2011,5,2,2011-05,False
2011-05-03,ITC,75.33,75.53,73.41,73.89,8023821,-2.25,74.41,69.85,66.89,53.515,1.5832,1.8586,-0.2754,77.37,71.46,7.933,2011,5,2,2011-05,False
2011-05-04,ITC,74.26,74.46,72.56,73.87,8538615,-0.027,74.5,70.07,66.97,53.401,1.381,1.7631,-0.382,77.27,71.73,7.441,2011,5,2,2011-05,False
2011-05-05,ITC,73.95,74.11,71.83,72.17,9432060,-2.302,74.45,70.28,67.03,44.621,1.0713,1.6247,-0.5534,77.35,71.55,7.788,2011,5,2,2011-05,False
2011-05-06,ITC,72.37,72.76,70.21,72.6,10931782,0.603,74.44,70.48,67.11,47.021,0.8511,1.47,-0.6189,77.37,71.51,7.868,2011,5,2,2011-05,False
2011-05-09,ITC,72.74,73.87,72.01,72.94,8725758,0.463,74.47,70.7,67.18,48.865,0.6957,1.3151,-0.6194,77.32,71.62,7.655,2011,5,2,2011-05,False
2011-05-10,ITC,73.16,74.54,72.9,73.39,6380810,0.623,74.53,70.94,67.26,51.333,0.6023,1.1726,-0.5703,77.22,71.84,7.228,2011,5,2,2011-05,False
2011-05-11,ITC,73.39,73.85,72.92,73.69,3290766,0.404,74.58,71.22,67.34,52.928,0.5459,1.0472,-0.5013,77.16,72.0,6.919,2011,5,2,2011-05,False
2011-05-12,ITC,73.29,74.24,72.52,72.68,4345064,-1.368,74.56,71.44,67.4,47.256,0.415,0.9208,-0.5057,77.2,71.91,7.091,2011,5,2,2011-05,False
2011-05-13,ITC,72.66,75.88,72.15,74.74,11010640,2.829,74.54,71.6,67.48,57.305,0.4718,0.831,-0.3592,77.17,71.91,7.055,2011,5,2,2011-05,False
2011-05-16,ITC,75.13,75.41,73.37,73.59,11990485,-1.534,74.43,71.7,67.54,51.421,0.4195,0.7487,-0.3292,77.03,71.83,6.984,2011,5,2,2011-05,False
2011-05-17,ITC,73.75,75.13,73.43,74.28,9070965,0.94,74.38,71.81,67.61,54.46,0.4289,0.6847,-0.2558,76.96,71.81,6.919,2011,5,2,2011-05,False
2011-05-18,ITC,74.26,75.37,74.26,74.72,7038158,0.586,74.41,71.94,67.68,56.31,0.4661,0.641,-0.1749,76.99,71.84,6.92,2011,5,2,2011-05,False
2011-05-19,ITC,75.17,75.84,74.4,74.76,12285576,0.053,74.38,72.07,67.75,56.483,0.493,0.6114,-0.1184,76.92,71.84,6.833,2011,5,2,2011-05,False
2011-05-20,ITC,75.31,75.73,72.66,73.77,40828503,-1.322,74.31,72.19,67.81,51.039,0.4297,0.5751,-0.1454,76.83,71.78,6.796,2011,5,2,2011-05,False
2011-05-23,ITC,73.93,75.41,73.63,75.21,14242843,1.957,74.31,72.33,67.88,57.482,0.4903,0.5581,-0.0678,76.83,71.79,6.792,2011,5,2,2011-05,False
2011-05-24,ITC,75.39,75.49,73.63,73.93,9276000,-1.709,74.22,72.46,67.94,51.041,0.4297,0.5324,-0.1028,76.65,71.79,6.548,2011,5,2,2011-05,False
2011-05-25,ITC,73.81,75.03,73.29,74.78,10032708,1.15,74.13,72.6,68.0,54.661,0.4451,0.515,-0.0699,76.31,71.94,5.888,2011,5,2,2011-05,False
2011-05-26,ITC,74.74,74.74,73.55,73.95,15404710,-1.111,74.03,72.7,68.06,50.717,0.3859,0.4891,-0.1033,76.05,72.01,5.466,2011,5,2,2011-05,False
2011-05-27,ITC,74.14,75.05,74.09,74.72,9491569,1.043,73.96,72.85,68.12,54.033,0.3966,0.4706,-0.074,75.78,72.14,4.916,2011,5,2,2011-05,False
2011-05-30,ITC,74.72,74.97,73.69,74.18,9268448,-0.715,73.89,72.98,68.18,51.452,0.3579,0.4481,-0.0902,75.55,72.24,4.479,2011,5,2,2011-05,False
2011-05-31,ITC,74.34,76.66,74.34,76.46,14193909,3.065,74.02,73.18,68.26,60.178,0.5048,0.4594,0.0454,76.03,72.01,5.44,2011,5,2,2011-05,False
2011-06-01,ITC,77.11,77.11,76.12,76.66,8695801,0.259,74.16,73.39,68.34,60.838,0.63,0.4935,0.1365,76.49,71.83,6.284,2011,6,2,2011-06,False
2011-06-02,ITC,76.22,78.26,76.08,77.23,11005387,0.748,74.41,73.6,68.41,62.763,0.7666,0.5482,0.2185,76.92,71.9,6.749,2011,6,2,2011-06,False
2011-06-03,ITC,77.23,77.88,76.32,76.5,5997657,-0.947,74.61,73.79,68.48,58.792,0.8066,0.5998,0.2067,77.13,72.08,6.765,2011,6,2,2011-06,False
2011-06-06,ITC,76.52,76.91,75.63,76.24,4561940,-0.336,74.77,73.95,68.55,57.417,0.8082,0.6415,0.1667,77.27,72.28,6.675,2011,6,2,2011-06,False
2011-06-07,ITC,75.92,76.87,75.73,76.54,3297481,0.389,74.93,74.12,68.61,58.619,0.8239,0.678,0.1459,77.46,72.41,6.741,2011,6,2,2011-06,False
2011-06-08,ITC,76.52,77.64,76.32,77.09,9425114,0.723,75.1,74.25,68.67,60.842,0.871,0.7166,0.1544,77.73,72.47,7.003,2011,6,2,2011-06,False
2011-06-09,ITC,76.91,77.41,76.42,77.11,6105928,0.026,75.32,74.38,68.73,60.922,0.8995,0.7532,0.1463,77.84,72.81,6.679,2011,6,2,2011-06,False
2011-06-10,ITC,77.56,78.29,77.16,77.63,13786112,0.668,75.47,74.52,68.81,63.058,0.9527,0.7931,0.1596,78.17,72.77,7.152,2011,6,2,2011-06,False
2011-06-13,ITC,77.48,77.91,76.94,77.32,6341070,-0.391,75.65,74.66,68.88,60.942,0.9593,0.8263,0.133,78.32,72.98,7.055,2011,6,2,2011-06,False
2011-06-14,ITC,77.32,78.74,77.32,78.52,6412383,1.545,75.86,74.79,68.95,65.803,1.0488,0.8708,0.178,78.74,72.99,7.579,2011,6,2,2011-06,False
2011-06-15,ITC,78.56,79.04,78.19,78.64,8429484,0.155,76.06,74.92,69.02,66.263,1.1167,0.92,0.1967,79.13,72.99,8.081,2011,6,2,2011-06,False
2011-06-16,ITC,78.78,79.1,78.17,78.58,6944555,-0.077,76.25,75.03,69.09,65.787,1.1523,0.9665,0.1859,79.46,73.05,8.404,2011,6,2,2011-06,False
2011-06-17,ITC,78.62,79.31,77.48,77.67,7661272,-1.16,76.45,75.13,69.17,58.942,1.0944,0.9921,0.1024,79.48,73.41,7.949,2011,6,2,2011-06,False
2011-06-20,ITC,78.13,78.13,74.65,75.52,12697471,-2.764,76.46,75.19,69.22,46.634,0.8653,0.9667,-0.1014,79.48,73.45,7.886,2011,6,2,2011-06,False
2011-06-21,ITC,75.94,76.51,74.63,74.87,7068838,-0.858,76.51,75.24,69.27,43.669,0.6243,0.8982,-0.274,79.38,73.63,7.513,2011,6,2,2011-06,False
2011-06-22,ITC,75.09,75.64,73.72,75.01,9254244,0.189,76.52,75.29,69.32,44.501,0.4396,0.8065,-0.3669,79.37,73.67,7.439,2011,6,2,2011-06,False
2011-06-23,ITC,75.17,77.67,74.67,77.54,12017439,3.375,76.7,75.38,69.39,56.768,0.4918,0.7436,-0.2517,79.31,74.09,6.794,2011,6,2,2011-06,False
2011-06-24,ITC,77.67,79.59,77.67,79.02,17325256,1.907,76.92,75.45,69.45,62.044,0.6451,0.7239,-0.0788,79.54,74.29,6.831,2011,6,2,2011-06,False
2011-06-27,ITC,78.21,79.31,77.97,78.42,9758285,-0.769,77.13,75.51,69.52,58.865,0.7094,0.721,-0.0116,79.5,74.76,6.145,2011,6,2,2011-06,False
2011-06-28,ITC,78.66,78.76,77.16,78.52,6935666,0.129,77.23,75.57,69.58,59.24,0.7597,0.7287,0.031,79.66,74.8,6.281,2011,6,2,2011-06,False
2011-06-29,ITC,78.68,80.99,78.68,80.83,11955119,2.94,77.44,75.71,69.67,66.693,0.9747,0.7779,0.1968,80.33,74.55,7.464,2011,6,2,2011-06,False
2011-06-30,ITC,80.87,82.63,80.83,82.2,18125769,1.704,77.69,75.84,69.76,70.194,1.2418,0.8707,0.3711,81.27,74.1,9.232,2011,6,2,2011-06,False
2011-07-01,ITC,83.64,83.64,81.05,81.64,11260319,-0.69,77.94,75.97,69.84,67.068,1.3918,0.9749,0.4169,81.89,74.0,10.123,2011,7,3,2011-07,False
2011-07-04,ITC,82.26,82.67,80.3,80.5,9233826,-1.389,78.16,76.08,69.91,61.198,1.4029,1.0605,0.3424,82.17,74.14,10.28,2011,7,3,2011-07,False
2011-07-05,ITC,80.95,80.95,79.08,79.25,12981545,-1.56,78.29,76.15,69.97,55.414,1.2955,1.1075,0.188,82.26,74.32,10.14,2011,7,3,2011-07,False
2011-07-06,ITC,79.18,80.06,78.7,79.67,9384751,0.537,78.42,76.21,70.04,56.9,1.2305,1.1321,0.0984,82.39,74.45,10.132,2011,7,3,2011-07,False
2011-07-07,ITC,79.83,82.61,79.83,82.38,12462347,3.406,78.69,76.34,70.1,64.93,1.382,1.1821,0.1999,82.98,74.39,10.913,2011,7,3,2011-07,False
2011-07-08,ITC,82.53,83.07,80.87,81.23,10108518,-1.401,78.87,76.44,70.17,59.824,1.3929,1.2242,0.1686,83.27,74.46,11.176,2011,7,3,2011-07,False
2011-07-11,ITC,81.35,82.55,81.21,82.06,7224177,1.022,79.1,76.57,70.23,62.131,1.4518,1.2697,0.182,83.67,74.54,11.54,2011,7,3,2011-07,False
2011-07-12,ITC,81.61,83.03,81.11,81.68,8504997,-0.469,79.26,76.73,70.29,60.4,1.4507,1.3059,0.1447,83.96,74.56,11.849,2011,7,3,2011-07,False
2011-07-13,ITC,81.78,83.03,81.78,82.63,10188672,1.165,79.46,76.9,70.35,63.136,1.5092,1.3466,0.1626,84.38,74.54,12.379,2011,7,3,2011-07,False
2011-07-14,ITC,82.61,83.03,81.15,82.22,13221520,-0.49,79.64,77.11,70.41,61.198,1.5056,1.3784,0.1272,84.69,74.59,12.678,2011,7,3,2011-07,False
2011-07-15,ITC,82.04,82.47,81.43,81.72,4386172,-0.616,79.84,77.29,70.46,58.771,1.4452,1.3917,0.0534,84.88,74.81,12.624,2011,7,3,2011-07,False
2011-07-18,ITC,82.02,82.18,81.27,81.68,3051929,-0.05,80.15,77.46,70.53,58.57,1.3781,1.389,-0.0109,84.82,75.49,11.641,2011,7,3,2011-07,False
2011-07-19,ITC,82.02,83.01,81.66,82.67,6368122,1.215,80.54,77.65,70.59,61.987,1.3891,1.389,0.0001,84.62,76.47,10.113,2011,7,3,2011-07,False
2011-07-20,ITC,82.63,83.98,82.43,83.34,13100660,0.808,80.96,77.84,70.65,64.132,1.4351,1.3982,0.0369,84.28,77.63,8.217,2011,7,3,2011-07,False
2011-07-21,ITC,82.83,84.17,82.83,83.88,7684046,0.656,81.28,78.06,70.73,65.831,1.4985,1.4183,0.0802,84.44,78.12,7.776,2011,7,3,2011-07,False
2011-07-22,ITC,84.45,84.73,83.68,84.0,14268626,0.145,81.52,78.25,70.8,66.214,1.5407,1.4428,0.0979,84.72,78.33,7.844,2011,7,3,2011-07,False
2011-07-25,ITC,83.84,83.96,82.28,83.19,14506214,-0.964,81.76,78.44,70.88,61.282,1.4917,1.4526,0.0391,84.69,78.84,7.146,2011,7,3,2011-07,False
2011-07-26,ITC,83.03,83.7,80.87,81.37,9847975,-2.191,81.91,78.58,70.94,51.914,1.2908,1.4202,-0.1294,84.41,79.4,6.11,2011,7,3,2011-07,False
2011-07-27,ITC,81.92,82.0,80.42,81.37,8028153,0.0,81.93,78.72,71.01,51.914,1.1187,1.3599,-0.2412,84.4,79.47,6.014,2011,7,3,2011-07,False
2011-07-28,ITC,80.34,83.84,80.34,83.54,25345835,2.663,82.0,78.89,71.09,60.285,1.144,1.3167,-0.1727,84.57,79.44,6.256,2011,7,3,2011-07,False
2011-07-29,ITC,83.24,85.56,83.13,84.39,20700499,1.018,82.14,79.11,71.17,63.008,1.2187,1.2971,-0.0785,84.91,79.37,6.745,2011,7,3,2011-07,False
2011-08-01,ITC,85.06,85.56,84.29,84.61,11066540,0.264,82.34,79.29,71.25,63.709,1.281,1.2939,-0.0129,85.21,79.48,6.963,2011,8,3,2011-08,False
2011-08-02,ITC,84.13,84.39,82.16,82.93,11909875,-1.987,82.53,79.47,71.31,55.201,1.1812,1.2714,-0.0902,85.0,80.05,5.999,2011,8,3,2011-08,False
2011-08-03,ITC,82.36,84.33,82.08,83.78,10371529,1.026,82.73,79.65,71.39,58.24,1.1574,1.2486,-0.0912,84.87,80.6,5.163,2011,8,3,2011-08,False
2011-08-04,ITC,82.99,83.74,80.68,80.99,16359693,-3.336,82.66,79.79,71.46,46.966,0.9026,1.1794,-0.2768,84.93,80.39,5.494,2011,8,3,2011-08,False
2011-08-05,ITC,78.98,80.2,77.16,79.55,20912644,-1.775,82.58,79.89,71.52,42.417,0.578,1.0591,-0.4811,85.18,79.98,6.286,2011,8,3,2011-08,False
2011-08-08,ITC,78.54,80.12,76.82,78.98,14023833,-0.713,82.43,79.99,71.58,40.741,0.2718,0.9016,-0.6298,85.48,79.38,7.402,2011,8,3,2011-08,False
2011-08-09,ITC,77.06,81.86,77.0,80.91,29913291,2.436,82.39,80.08,71.64,48.217,0.1823,0.7578,-0.5754,85.5,79.28,7.548,2011,8,3,2011-08,False
2011-08-10,ITC,81.82,82.16,79.39,79.83,14448305,-1.327,82.25,80.14,71.7,44.82,0.0245,0.6111,-0.5866,85.56,78.94,8.045,2011,8,3,2011-08,False
2011-08-11,ITC,79.39,81.01,79.2,80.5,9914506,0.837,82.16,80.2,71.77,47.309,-0.0461,0.4797,-0.5258,85.56,78.76,8.276,2011,8,3,2011-08,False
2011-08-12,ITC,80.89,81.39,79.18,80.2,12794023,-0.377,82.09,80.28,71.83,46.287,-0.1251,0.3587,-0.4838,85.59,78.58,8.546,2011,8,3,2011-08,False
2011-08-16,ITC,81.51,81.8,80.2,81.21,10122778,1.263,82.06,80.38,71.91,50.153,-0.1048,0.266,-0.3708,85.59,78.54,8.592,2011,8,3,2011-08,False
2011-08-17,ITC,81.01,83.03,80.8,82.73,15102609,1.87,82.07,80.5,71.99,55.345,0.0334,0.2195,-0.1861,85.59,78.54,8.597,2011,8,3,2011-08,False
2011-08-18,ITC,82.83,83.44,82.12,82.57,11169168,-0.196,82.03,80.61,72.06,54.691,0.1284,0.2013,-0.0728,85.51,78.54,8.499,2011,8,3,2011-08,False
2011-08-19,ITC,81.82,82.93,80.26,80.68,20216358,-2.281,81.87,80.68,72.13,47.639,0.0512,0.1713,-0.1201,85.29,78.45,8.355,2011,8,3,2011-08,False
2011-08-22,ITC,80.32,82.14,79.61,81.82,9506504,1.406,81.76,80.77,72.19,51.679,0.0805,0.1531,-0.0726,85.03,78.49,7.997,2011,8,3,2011-08,False
2011-08-23,ITC,81.82,82.71,80.6,82.3,18510403,0.594,81.71,80.87,72.26,53.341,0.1414,0.1508,-0.0094,84.92,78.5,7.857,2011,8,3,2011-08,False
2011-08-24,ITC,82.16,82.75,80.72,81.8,7755679,-0.615,81.73,80.93,72.32,51.36,0.147,0.15,-0.003,84.94,78.53,7.846,2011,8,3,2011-08,False
2011-08-25,ITC,81.88,82.55,81.41,81.96,13408664,0.198,81.76,81.0,72.38,51.974,0.1627,0.1526,0.0102,84.97,78.56,7.835,2011,8,3,2011-08,False
2011-08-26,ITC,82.18,82.3,78.88,79.73,9677334,-2.718,81.57,81.02,72.43,43.781,-0.0045,0.1211,-0.1257,84.78,78.36,7.874,2011,8,3,2011-08,False
2011-08-29,ITC,80.2,82.22,78.98,81.8,12326631,2.591,81.44,81.1,72.49,51.427,0.0293,0.1028,-0.0735,84.37,78.51,7.195,2011,8,3,2011-08,False
2011-08-30,ITC,82.63,82.63,80.6,81.01,10894354,-0.966,81.26,81.21,72.54,48.7,-0.0076,0.0807,-0.0883,83.79,78.74,6.213,2011,8,3,2011-08,False
2011-09-02,ITC,83.44,83.64,79.65,82.32,20054366,1.625,81.23,81.36,72.61,53.159,0.0686,0.0783,-0.0097,83.69,78.78,6.041,2011,9,3,2011-09,False
2011-09-05,ITC,82.22,82.57,81.09,82.12,12671767,-0.246,81.15,81.51,72.68,52.404,0.1114,0.0849,0.0265,83.34,78.96,5.394,2011,9,3,2011-09,False
2011-09-06,ITC,81.82,82.36,81.13,82.14,12626665,0.025,81.21,81.6,72.75,52.477,0.1452,0.097,0.0483,83.44,78.98,5.495,2011,9,3,2011-09,False
2011-09-07,ITC,82.22,82.45,80.8,81.03,11195457,-1.356,81.28,81.64,72.82,48.126,0.0812,0.0938,-0.0126,83.38,79.19,5.151,2011,9,3,2011-09,False
2011-09-08,ITC,81.15,81.64,80.24,80.66,7317151,-0.45,81.37,81.68,72.88,46.759,0.0011,0.0753,-0.0742,83.19,79.54,4.479,2011,9,3,2011-09,False
2011-09-09,ITC,80.89,81.31,79.59,80.06,12545711,-0.753,81.32,81.71,72.93,44.492,-0.1101,0.0382,-0.1483,83.23,79.42,4.685,2011,9,3,2011-09,False
2011-09-12,ITC,79.47,80.3,78.86,79.47,7922225,-0.734,81.31,81.69,72.99,42.354,-0.2429,-0.018,-0.2249,83.28,79.33,4.848,2011,9,3,2011-09,False
2011-09-13,ITC,79.65,80.78,79.27,79.81,8143358,0.433,81.27,81.64,73.05,44.051,-0.3167,-0.0778,-0.2389,83.32,79.22,5.051,2011,9,3,2011-09,False
2011-09-14,ITC,79.95,81.01,78.62,80.78,8209582,1.218,81.3,81.62,73.12,48.649,-0.2934,-0.1209,-0.1725,83.3,79.3,4.93,2011,9,3,2011-09,False
2011-09-15,ITC,81.76,81.76,79.41,80.76,8104431,-0.025,81.28,81.63,73.19,48.559,-0.2733,-0.1514,-0.122,83.3,79.26,4.966,2011,9,3,2011-09,False
2011-09-16,ITC,81.01,81.35,79.93,80.18,13984567,-0.727,81.15,81.64,73.25,45.92,-0.3014,-0.1814,-0.12,83.1,79.2,4.814,2011,9,3,2011-09,False
2011-09-19,ITC,80.2,80.28,78.92,79.12,7715626,-1.313,80.98,81.63,73.31,41.558,-0.4039,-0.2259,-0.1781,83.01,78.95,5.021,2011,9,3,2011-09,False
2011-09-20,ITC,79.31,80.68,79.06,80.4,8514880,1.612,80.96,81.59,73.37,48.002,-0.3779,-0.2563,-0.1216,83.01,78.92,5.053,2011,9,3,2011-09,False
2011-09-21,ITC,80.58,80.87,79.61,80.04,4557837,-0.453,80.87,81.57,73.44,46.427,-0.3823,-0.2815,-0.1008,82.92,78.83,5.055,2011,9,3,2011-09,False
2011-09-22,ITC,79.53,79.71,76.98,77.34,11789131,-3.365,80.63,81.48,73.48,36.814,-0.5962,-0.3444,-0.2518,83.1,78.15,6.135,2011,9,3,2011-09,False
2011-09-23,ITC,77.0,78.74,76.57,77.63,13003107,0.367,80.42,81.4,73.54,38.264,-0.7344,-0.4224,-0.312,83.16,77.67,6.83,2011,9,3,2011-09,False
2011-09-26,ITC,78.13,78.13,74.93,76.35,10086856,-1.644,80.14,81.27,73.59,34.436,-0.9361,-0.5252,-0.4109,83.33,76.94,7.969,2011,9,3,2011-09,False
2011-09-27,ITC,76.96,78.56,76.86,78.35,9814309,2.626,80.07,81.19,73.65,43.927,-0.9235,-0.6048,-0.3187,83.36,76.78,8.213,2011,9,3,2011-09,False
2011-09-28,ITC,78.54,79.99,78.07,79.83,20330991,1.887,79.97,81.15,73.72,49.709,-0.7852,-0.6409,-0.1443,83.16,76.78,7.969,2011,9,3,2011-09,False
2011-09-29,ITC,79.29,82.2,79.29,81.92,18887480,2.613,80.02,81.16,73.79,56.52,-0.5015,-0.613,0.1115,83.29,76.74,8.183,2011,9,3,2011-09,False
2011-09-30,ITC,81.82,81.82,79.85,80.2,10704639,-2.101,79.91,81.11,73.86,50.448,-0.4108,-0.5726,0.1618,83.0,76.82,7.737,2011,9,3,2011-09,False
2011-10-03,ITC,79.1,79.83,78.31,78.72,7986512,-1.843,79.74,81.02,73.92,45.888,-0.453,-0.5487,0.0957,82.69,76.79,7.399,2011,10,4,2011-10,False
2011-10-04,ITC,78.48,79.06,76.39,77.63,19083044,-1.389,79.51,80.89,73.98,42.806,-0.5681,-0.5526,-0.0156,82.38,76.65,7.209,2011,10,4,2011-10,False
2011-10-05,ITC,77.81,79.95,77.81,78.62,19750146,1.278,79.39,80.78,74.04,46.329,-0.5727,-0.5566,-0.0161,82.19,76.59,7.053,2011,10,4,2011-10,False
2011-10-07,ITC,80.1,81.11,78.58,80.66,35547374,2.602,79.39,80.73,74.11,52.784,-0.4066,-0.5266,0.12,82.19,76.59,7.053,2011,10,4,2011-10,False
2011-10-10,ITC,80.2,81.57,80.02,81.05,10839659,0.477,79.44,80.73,74.19,53.907,-0.2411,-0.4695,0.2284,82.33,76.56,7.259,2011,10,4,2011-10,False
2011-10-11,ITC,81.61,81.98,80.66,80.83,7848904,-0.275,79.51,80.72,74.26,53.12,-0.1265,-0.4009,0.2744,82.46,76.56,7.418,2011,10,4,2011-10,False
2011-10-12,ITC,81.01,82.83,80.85,82.63,10057651,2.23,79.65,80.7,74.34,58.415,0.1085,-0.299,0.4075,82.91,76.39,8.19,2011,10,4,2011-10,False
2011-10-13,ITC,82.02,83.19,81.43,81.78,6342480,-1.029,79.7,80.65,74.42,55.244,0.2236,-0.1945,0.4181,83.06,76.34,8.439,2011,10,4,2011-10,False
2011-10-14,ITC,81.55,83.4,81.55,83.11,8920612,1.634,79.82,80.62,74.5,59.01,0.4178,-0.0721,0.4898,83.49,76.15,9.194,2011,10,4,2011-10,False
2011-10-17,ITC,82.89,83.52,82.43,83.34,7122238,0.268,79.98,80.62,74.58,59.62,0.5829,0.0589,0.524,83.97,75.98,9.983,2011,10,4,2011-10,False
2011-10-18,ITC,82.77,83.36,82.26,82.73,4420881,-0.729,80.16,80.6,74.64,57.123,0.6572,0.1786,0.4786,84.31,76.0,10.361,2011,10,4,2011-10,False
2011-10-19,ITC,83.11,84.15,82.55,83.88,7160187,1.395,80.33,80.66,74.72,60.507,0.8001,0.3029,0.4972,84.81,75.86,11.141,2011,10,4,2011-10,False
2011-10-20,ITC,83.34,83.64,82.69,83.05,8068646,-0.99,80.48,80.73,74.79,57.021,0.8366,0.4096,0.427,85.12,75.85,11.515,2011,10,4,2011-10,False
2011-10-21,ITC,83.34,83.7,82.36,82.63,8940536,-0.512,80.75,80.8,74.86,55.265,0.8217,0.4921,0.3297,85.23,76.27,11.096,2011,10,4,2011-10,False
2011-10-24,ITC,82.63,84.25,82.63,83.82,14417592,1.446,81.06,80.86,74.92,59.078,0.8961,0.5729,0.3232,85.48,76.63,10.926,2011,10,4,2011-10,False
2011-10-25,ITC,84.21,86.27,83.44,85.48,17898061,1.981,81.51,80.98,75.0,63.708,1.0766,0.6736,0.403,85.78,77.25,10.465,2011,10,4,2011-10,False
2011-10-28,ITC,86.96,87.57,86.23,87.29,18961818,2.108,81.96,81.11,75.08,67.947,1.3495,0.8088,0.5407,86.68,77.24,11.515,2011,10,4,2011-10,False
2011-10-31,ITC,87.22,87.29,85.79,86.33,10325355,-1.09,82.28,81.23,75.17,63.715,1.472,0.9414,0.5306,87.27,77.29,12.129,2011,10,4,2011-10,False
2011-11-01,ITC,85.67,86.07,84.13,84.37,16563467,-2.275,82.41,81.3,75.25,55.967,1.3945,1.032,0.3625,87.48,77.33,12.309,2011,11,4,2011-11,False
2011-11-02,ITC,84.25,85.42,84.05,84.79,7889149,0.504,82.64,81.34,75.34,57.181,1.3519,1.096,0.2558,87.7,77.57,12.263,2011,11,4,2011-11,False
2011-11-03,ITC,84.39,85.38,84.25,85.14,6675310,0.406,82.96,81.39,75.42,58.186,1.3305,1.1429,0.1876,87.79,78.13,11.644,2011,11,4,2011-11,False
2011-11-04,ITC,85.56,85.77,84.98,85.2,7408060,0.071,83.34,81.48,75.51,58.372,1.3034,1.175,0.1284,87.55,79.12,10.124,2011,11,4,2011-11,False
2011-11-08,ITC,85.1,85.91,84.45,85.38,7435437,0.214,83.67,81.55,75.6,58.96,1.2819,1.1964,0.0855,87.35,80.0,8.784,2011,11,4,2011-11,False
2011-11-09,ITC,85.32,86.88,85.06,85.87,11523598,0.569,83.93,81.62,75.69,60.562,1.2892,1.2149,0.0743,87.45,80.42,8.365,2011,11,4,2011-11,False
2011-11-11,ITC,85.71,87.08,85.2,86.13,11080244,0.307,84.19,81.71,75.77,61.44,1.3012,1.2322,0.069,87.55,80.83,7.991,2011,11,4,2011-11,False
2011-11-14,ITC,86.41,87.2,85.32,85.67,7759145,-0.541,84.43,81.78,75.85,58.94,1.2587,1.2375,0.0212,87.45,81.41,7.163,2011,11,4,2011-11,False
2011-11-15,ITC,85.38,86.54,84.96,85.32,8066116,-0.402,84.57,81.9,75.94,57.091,1.1835,1.2267,-0.0432,87.49,81.64,6.915,2011,11,4,2011-11,False
2011-11-16,ITC,85.06,86.64,84.35,86.11,8850271,0.926,84.78,81.98,76.03,60.178,1.1742,1.2162,-0.042,87.47,82.1,6.338,2011,11,4,2011-11,False
2011-11-17,ITC,85.97,85.97,83.48,84.15,8558100,-2.281,84.83,82.04,76.12,50.456,0.9967,1.1723,-0.1756,87.42,82.24,6.105,2011,11,4,2011-11,False
2011-11-18,ITC,83.54,84.0,81.05,81.74,12520334,-2.864,84.75,82.03,76.2,41.581,0.6541,1.0687,-0.4145,87.62,81.89,6.768,2011,11,4,2011-11,False
2011-11-21,ITC,81.27,81.9,80.24,80.78,15016284,-1.165,84.66,82.01,76.27,38.686,0.3023,0.9154,-0.6131,87.92,81.39,7.706,2011,11,4,2011-11,False
2011-11-22,ITC,81.96,82.08,79.06,79.47,14341939,-1.629,84.44,81.95,76.33,35.052,-0.0818,0.716,-0.7977,88.43,80.44,9.468,2011,11,4,2011-11,False
2011-11-23,ITC,79.47,79.47,76.67,78.29,13943844,-1.478,84.2,81.9,76.4,32.15,-0.4755,0.4777,-0.9531,89.02,79.37,11.46,2011,11,4,2011-11,False
2011-11-24,ITC,78.35,79.35,76.82,77.89,17014215,-0.517,83.96,81.84,76.48,31.191,-0.8108,0.22,-1.0308,89.52,78.4,13.242,2011,11,4,2011-11,False
2011-11-25,ITC,77.69,78.33,77.52,77.87,8272329,-0.026,83.66,81.8,76.55,31.141,-1.0659,-0.0372,-1.0287,89.86,77.47,14.802,2011,11,4,2011-11,False
2011-11-28,ITC,78.96,80.5,78.23,79.57,7141351,2.185,83.37,81.8,76.64,39.865,-1.1179,-0.2533,-0.8646,89.76,76.98,15.324,2011,11,4,2011-11,False
2011-11-29,ITC,79.99,80.36,79.18,80.16,9906681,0.738,83.01,81.81,76.73,42.57,-1.0991,-0.4225,-0.6766,89.27,76.75,15.086,2011,11,4,2011-11,False
2011-11-30,ITC,79.81,81.61,79.53,81.29,15932969,1.415,82.76,81.82,76.83,47.482,-0.9814,-0.5343,-0.4471,88.86,76.66,14.748,2011,11,4,2011-11,False
2011-12-01,ITC,82.63,83.4,82.3,82.49,10232151,1.47,82.66,81.85,76.93,52.128,-0.7826,-0.5839,-0.1987,88.72,76.61,14.651,2011,12,4,2011-12,False
2011-12-02,ITC,82.45,83.84,82.02,83.64,7626789,1.399,82.61,81.92,77.05,56.163,-0.5259,-0.5723,0.0464,88.6,76.62,14.507,2011,12,4,2011-12,False
2011-12-05,ITC,83.44,84.09,82.08,82.69,6049127,-1.138,82.48,81.99,77.15,52.252,-0.3947,-0.5368,0.1421,88.36,76.61,14.241,2011,12,4,2011-12,False
2011-12-07,ITC,83.03,84.25,82.45,83.01,11763758,0.392,82.38,82.04,77.26,53.441,-0.2615,-0.4817,0.2202,88.12,76.64,13.937,2011,12,4,2011-12,False
2011-12-08,ITC,83.01,83.52,79.99,80.6,10542268,-2.903,82.14,82.06,77.35,44.557,-0.3465,-0.4547,0.1082,87.75,76.53,13.659,2011,12,4,2011-12,False
2011-12-09,ITC,79.83,80.44,78.86,79.85,8697629,-0.93,81.84,82.11,77.44,42.208,-0.4689,-0.4575,-0.0114,87.24,76.43,13.219,2011,12,4,2011-12,False
2011-12-12,ITC,80.54,80.74,78.9,79.39,10548486,-0.583,81.5,82.14,77.53,40.769,-0.5966,-0.4853,-0.1112,86.61,76.38,12.55,2011,12,4,2011-12,False
2011-12-13,ITC,79.18,80.2,79.0,79.93,7672013,0.689,81.21,82.21,77.61,43.216,-0.6462,-0.5175,-0.1287,85.97,76.45,11.725,2011,12,4,2011-12,False
2011-12-14,ITC,79.93,81.61,79.79,80.95,16802615,1.267,80.99,82.27,77.71,47.539,-0.597,-0.5334,-0.0636,85.34,76.64,10.743,2011,12,4,2011-12,False
2011-12-15,ITC,80.6,81.61,79.97,80.85,15116838,-0.125,80.73,82.29,77.8,47.153,-0.5596,-0.5387,-0.021,84.35,77.11,8.975,2011,12,4,2011-12,False
2011-12-16,ITC,80.62,82.36,78.58,79.31,10439599,-1.904,80.49,82.23,77.89,41.613,-0.6468,-0.5603,-0.0865,83.78,77.19,8.184,2011,12,4,2011-12,False
2011-12-19,ITC,78.86,80.2,77.89,79.99,11336698,0.868,80.4,82.23,77.98,44.741,-0.6528,-0.5788,-0.074,83.65,77.15,8.076,2011,12,4,2011-12,False
2011-12-20,ITC,80.6,81.31,80.26,80.76,13478726,0.962,80.4,82.27,78.09,48.088,-0.5887,-0.5808,-0.0079,83.65,77.15,8.074,2011,12,4,2011-12,False
2011-12-21,ITC,81.53,82.2,80.83,81.92,10863748,1.429,80.52,82.36,78.19,52.715,-0.4396,-0.5525,0.1129,83.81,77.24,8.153,2011,12,4,2011-12,False
2011-12-22,ITC,81.37,82.63,81.21,82.53,9805398,0.742,80.73,82.43,78.27,54.988,-0.2694,-0.4959,0.2265,83.96,77.51,7.984,2011,12,4,2011-12,False
2011-12-23,ITC,82.79,83.03,81.92,82.63,8595373,0.123,80.97,82.47,78.34,55.374,-0.1249,-0.4217,0.2968,84.0,77.94,7.492,2011,12,4,2011-12,False
2011-12-26,ITC,82.38,83.38,82.14,83.01,5993539,0.466,81.23,82.51,78.41,56.883,0.0205,-0.3333,0.3538,84.02,78.44,6.865,2011,12,4,2011-12,False
2011-12-27,ITC,82.99,83.44,81.94,83.05,7257962,0.049,81.4,82.56,78.48,57.048,0.1374,-0.2391,0.3765,84.19,78.62,6.847,2011,12,4,2011-12,False
2011-12-28,ITC,83.28,83.32,81.61,81.84,4880588,-1.463,81.49,82.54,78.55,50.78,0.1305,-0.1652,0.2957,84.22,78.76,6.7,2011,12,4,2011-12,False
2011-12-29,ITC,81.51,82.38,81.01,81.29,10069671,-0.668,81.49,82.53,78.62,48.213,0.0799,-0.1162,0.1961,84.22,78.76,6.7,2011,12,4,2011-12,False
2011-12-30,ITC,81.27,82.22,81.11,81.53,3600950,0.299,81.44,82.5,78.69,49.436,0.0588,-0.0812,0.14,84.13,78.75,6.604,2011,12,4,2011-12,False
2012-01-02,ITC,81.76,81.76,80.16,80.46,2971018,-1.316,81.28,82.44,78.75,44.442,-0.044,-0.0738,0.0297,83.79,78.77,6.179,2012,1,1,2012-01,False
2012-01-03,ITC,80.95,81.64,80.72,81.15,6299194,0.856,81.2,82.41,78.82,48.067,-0.0692,-0.0728,0.0037,83.63,78.78,5.966,2012,1,1,2012-01,False
2012-01-04,ITC,81.61,81.7,80.4,80.83,12332428,-0.399,81.09,82.35,78.88,46.528,-0.1139,-0.0811,-0.0329,83.36,78.82,5.601,2012,1,1,2012-01,False
2012-01-05,ITC,80.62,81.01,80.04,80.93,11802169,0.125,81.11,82.31,78.95,47.098,-0.1396,-0.0928,-0.0468,83.37,78.85,5.575,2012,1,1,2012-01,False
2012-01-06,ITC,80.62,82.26,80.34,81.86,9126672,1.151,81.21,82.29,79.02,52.15,-0.0838,-0.091,0.0071,83.41,79.01,5.426,2012,1,1,2012-01,False
2012-01-09,ITC,81.68,81.94,80.89,81.82,7693555,-0.049,81.33,82.25,79.09,51.918,-0.0424,-0.0813,0.0389,83.37,79.29,5.022,2012,1,1,2012-01,False
2012-01-10,ITC,81.9,83.34,81.9,83.09,5620843,1.559,81.49,82.2,79.18,58.226,0.0923,-0.0466,0.1389,83.57,79.41,5.094,2012,1,1,2012-01,False
2012-01-11,ITC,83.09,83.28,82.02,82.34,8426514,-0.902,81.56,82.11,79.26,53.765,0.137,-0.0098,0.1469,83.65,79.47,5.132,2012,1,1,2012-01,False
2012-01-12,ITC,82.22,83.19,82.12,83.01,7677382,0.812,81.67,82.04,79.33,56.934,0.2238,0.0369,0.1869,83.83,79.51,5.291,2012,1,1,2012-01,False
2012-01-13,ITC,82.99,84.13,82.75,83.86,11932025,1.025,81.9,82.03,79.41,60.633,0.3571,0.1009,0.2562,83.97,79.82,5.058,2012,1,1,2012-01,False
2012-01-16,ITC,83.78,84.94,83.64,84.69,9761270,0.99,82.13,82.03,79.5,63.893,0.5237,0.1855,0.3382,84.35,79.91,5.415,2012,1,1,2012-01,False
2012-01-17,ITC,84.65,85.14,83.76,84.41,10623854,-0.335,82.31,82.01,79.57,62.005,0.6257,0.2735,0.3521,84.66,79.97,5.701,2012,1,1,2012-01,False
2012-01-18,ITC,83.98,85.34,83.84,84.98,10380605,0.672,82.47,82.01,79.64,64.278,0.7436,0.3675,0.3761,85.09,79.84,6.356,2012,1,1,2012-01,False
2012-01-19,ITC,85.2,85.46,84.35,84.73,9678245,-0.286,82.58,81.99,79.71,62.551,0.8082,0.4557,0.3525,85.39,79.77,6.807,2012,1,1,2012-01,False
2012-01-20,ITC,85.04,85.58,80.93,81.53,26816137,-3.776,82.52,81.91,79.76,45.29,0.5943,0.4834,0.1109,85.37,79.67,6.904,2012,1,1,2012-01,False
2012-01-23,ITC,81.68,83.03,80.36,82.87,13773620,1.639,82.51,81.84,79.82,51.332,0.5266,0.492,0.0346,85.36,79.67,6.894,2012,1,1,2012-01,False
2012-01-24,ITC,83.07,83.94,82.71,83.42,9699269,0.66,82.53,81.8,79.87,53.59,0.5112,0.4959,0.0153,85.4,79.67,6.939,2012,1,1,2012-01,False
2012-01-25,ITC,83.64,83.84,82.93,83.46,10815356,0.049,82.61,81.76,79.93,53.761,0.4965,0.496,0.0005,85.49,79.74,6.954,2012,1,1,2012-01,False
2012-01-27,ITC,84.05,84.05,80.89,81.74,15923846,-2.063,82.64,81.67,79.97,45.998,0.342,0.4652,-0.1232,85.47,79.8,6.863,2012,1,1,2012-01,False
2012-01-30,ITC,81.82,82.49,80.87,81.35,12890528,-0.471,82.63,81.62,80.02,44.453,0.1864,0.4094,-0.2231,85.48,79.77,6.903,2012,1,1,2012-01,False
2012-01-31,ITC,82.18,82.95,81.53,82.61,12057997,1.543,82.73,81.63,80.07,50.318,0.1625,0.36,-0.1976,85.4,80.07,6.44,2012,1,1,2012-01,False
2012-02-01,ITC,82.36,82.38,81.13,81.66,9047265,-1.152,82.76,81.65,80.11,46.325,0.066,0.3012,-0.2352,85.37,80.15,6.307,2012,2,1,2012-02,False
2012-02-02,ITC,81.84,81.92,80.36,80.62,11426032,-1.265,82.75,81.67,80.15,42.393,-0.0928,0.2224,-0.3152,85.39,80.11,6.387,2012,2,1,2012-02,False
2012-02-03,ITC,80.6,81.51,79.79,81.27,13425304,0.804,82.77,81.73,80.18,45.518,-0.1644,0.1451,-0.3095,85.36,80.17,6.275,2012,2,1,2012-02,False
2012-02-06,ITC,81.82,82.18,81.11,81.98,11001466,0.872,82.77,81.82,80.21,48.789,-0.1621,0.0836,-0.2457,85.36,80.18,6.254,2012,2,1,2012-02,False
2012-02-07,ITC,82.79,83.4,81.86,83.26,12497285,1.556,82.84,81.92,80.25,54.128,-0.0566,0.0556,-0.1122,85.4,80.29,6.171,2012,2,1,2012-02,False
2012-02-08,ITC,83.42,84.02,81.82,82.81,11790665,-0.535,82.83,81.99,80.3,52.086,-0.0089,0.0427,-0.0516,85.38,80.28,6.166,2012,2,1,2012-02,False
2012-02-09,ITC,82.45,82.99,81.82,82.59,7897821,-0.269,82.84,82.04,80.33,51.049,0.0108,0.0363,-0.0255,85.39,80.3,6.147,2012,2,1,2012-02,False
2012-02-10,ITC,82.57,82.95,81.82,82.55,10659550,-0.049,82.82,82.06,80.37,50.851,0.0228,0.0336,-0.0108,85.37,80.27,6.154,2012,2,1,2012-02,False
2012-02-13,ITC,82.55,82.93,81.88,82.14,7361450,-0.491,82.73,82.06,80.4,48.809,-0.0003,0.0268,-0.0271,85.25,80.22,6.082,2012,2,1,2012-02,False
2012-02-14,ITC,82.06,82.51,81.82,82.04,6626743,-0.123,82.6,82.02,80.43,48.287,-0.0264,0.0162,-0.0426,84.96,80.24,5.703,2012,2,1,2012-02,False
2012-02-15,ITC,82.26,82.63,81.86,82.28,16140308,0.296,82.49,82.02,80.46,49.678,-0.0272,0.0075,-0.0347,84.69,80.3,5.329,2012,2,1,2012-02,False
2012-02-16,ITC,82.43,82.87,81.86,82.61,14315043,0.394,82.38,82.01,80.5,51.549,-0.0017,0.0057,-0.0074,84.24,80.51,4.527,2012,2,1,2012-02,False
2012-02-17,ITC,82.69,83.4,82.26,83.21,17137807,0.735,82.3,82.06,80.53,54.932,0.0667,0.0179,0.0489,83.86,80.74,3.789,2012,2,1,2012-02,False
2012-02-21,ITC,83.21,84.53,83.21,84.0,16004145,0.949,82.42,82.14,80.57,58.946,0.1826,0.0508,0.1318,84.11,80.73,4.1,2012,2,1,2012-02,False
2012-02-22,ITC,83.84,84.81,83.48,84.47,13414034,0.554,82.5,82.24,80.63,61.144,0.3085,0.1024,0.2062,84.42,80.59,4.643,2012,2,1,2012-02,False
2012-02-23,ITC,84.59,85.1,83.3,84.49,16977796,0.024,82.56,82.34,80.68,61.241,0.4052,0.1629,0.2423,84.63,80.48,5.031,2012,2,1,2012-02,False
2012-02-24,ITC,84.49,85.44,84.37,84.81,9437266,0.384,82.62,82.41,80.74,62.842,0.5023,0.2308,0.2714,84.9,80.35,5.517,2012,2,1,2012-02,False
2012-02-27,ITC,85.06,86.23,84.45,85.99,18082222,1.385,82.84,82.52,80.81,68.001,0.6662,0.3179,0.3483,85.52,80.15,6.488,2012,2,1,2012-02,False
2012-02-28,ITC,85.93,86.48,85.08,85.34,13655111,-0.754,83.04,82.64,80.87,62.819,0.7354,0.4014,0.334,85.85,80.22,6.774,2012,2,1,2012-02,False
2012-02-29,ITC,85.46,86.27,83.7,84.11,13799550,-1.448,83.11,82.72,80.93,54.32,0.6827,0.4577,0.225,85.96,80.27,6.844,2012,2,1,2012-02,False
2012-03-01,ITC,84.09,85.02,82.95,83.78,7899192,-0.385,83.22,82.78,80.98,52.32,0.6078,0.4877,0.1201,85.99,80.44,6.664,2012,3,1,2012-03,False
2012-03-02,ITC,83.88,84.07,82.38,83.13,8889483,-0.774,83.34,82.8,81.03,48.477,0.4904,0.4882,0.0022,85.83,80.85,5.978,2012,3,1,2012-03,False
2012-03-05,ITC,83.07,84.23,82.51,83.84,12521849,0.853,83.47,82.83,81.07,52.58,0.4495,0.4805,-0.031,85.77,81.17,5.508,2012,3,1,2012-03,False
2012-03-06,ITC,83.7,85.75,83.11,85.22,15653513,1.643,83.63,82.88,81.13,59.353,0.5221,0.4888,0.0333,85.95,81.32,5.53,2012,3,1,2012-03,False
2012-03-07,ITC,85.06,85.46,84.29,85.04,8176378,-0.214,83.72,82.92,81.19,58.168,0.5585,0.5027,0.0558,86.11,81.34,5.703,2012,3,1,2012-03,False
2012-03-09,ITC,85.52,86.17,84.07,84.35,15399405,-0.81,83.8,82.95,81.23,53.802,0.5257,0.5073,0.0184,86.16,81.44,5.638,2012,3,1,2012-03,False
2012-03-12,ITC,85.22,85.22,83.48,83.76,5960965,-0.696,83.86,82.99,81.28,50.331,0.4472,0.4953,-0.0481,86.15,81.57,5.468,2012,3,1,2012-03,False
2012-03-13,ITC,83.84,84.86,83.84,84.67,9071489,1.088,83.97,83.05,81.33,55.164,0.4533,0.4869,-0.0336,86.2,81.73,5.319,2012,3,1,2012-03,False
2012-03-14,ITC,85.06,86.41,85.06,86.07,10193957,1.65,84.16,83.14,81.39,61.371,0.5644,0.5024,0.062,86.41,81.91,5.344,2012,3,1,2012-03,False
2012-03-15,ITC,85.87,86.31,84.17,84.61,16182908,-1.694,84.29,83.23,81.44,53.109,0.5287,0.5077,0.021,86.31,82.27,4.794,2012,3,1,2012-03,False
2012-03-16,ITC,84.35,91.13,84.35,87.55,68393522,3.471,84.55,83.36,81.51,63.706,0.7289,0.5519,0.177,86.83,82.28,5.382,2012,3,1,2012-03,False
2012-03-19,ITC,87.89,90.61,87.27,89.31,36871352,2.012,84.89,83.53,81.58,68.331,1.018,0.6451,0.3729,87.83,81.94,6.938,2012,3,1,2012-03,False
2012-03-20,ITC,89.29,90.93,88.74,90.57,16706208,1.406,85.26,83.72,81.66,71.152,1.3331,0.7827,0.5504,89.04,81.47,8.871,2012,3,1,2012-03,False
2012-03-21,ITC,90.57,91.09,89.45,90.67,16729914,0.112,85.59,83.89,81.74,71.373,1.5729,0.9408,0.6321,90.02,81.15,10.363,2012,3,1,2012-03,False
2012-03-22,ITC,90.61,91.82,88.36,88.99,17163776,-1.854,85.82,84.04,81.81,62.76,1.6087,1.0744,0.5343,90.46,81.17,10.836,2012,3,1,2012-03,False
2012-03-23,ITC,89.68,91.03,89.01,90.1,12234883,1.252,86.1,84.18,81.87,65.713,1.7073,1.2009,0.5063,91.07,81.12,11.565,2012,3,1,2012-03,False
2012-03-26,ITC,90.32,90.85,89.51,90.2,10731514,0.112,86.37,84.34,81.94,65.977,1.7732,1.3154,0.4578,91.63,81.1,12.184,2012,3,1,2012-03,False
2012-03-27,ITC,90.67,92.04,89.92,91.56,11798599,1.504,86.64,84.51,82.01,69.381,1.9128,1.4349,0.4779,92.39,80.9,13.261,2012,3,1,2012-03,False
2012-03-28,ITC,91.54,92.31,90.97,91.86,9180072,0.332,86.97,84.67,82.09,70.102,2.0246,1.5528,0.4718,93.13,80.81,14.164,2012,3,1,2012-03,False
2012-03-29,ITC,90.73,92.09,89.82,90.95,17370530,-0.992,87.31,84.79,82.16,65.145,2.0165,1.6455,0.3709,93.56,81.06,14.315,2012,3,1,2012-03,False
2012-03-30,ITC,90.97,92.29,90.91,91.9,14241499,1.047,87.72,84.94,82.24,67.713,2.063,1.729,0.334,94.06,81.38,14.451,2012,3,1,2012-03,False
2012-04-02,ITC,92.11,92.49,91.4,91.92,15158558,0.022,88.16,85.08,82.31,67.767,2.0776,1.7988,0.2789,94.37,81.94,14.106,2012,4,2,2012-04,False
2012-04-03,ITC,92.41,92.49,91.76,91.98,9157908,0.066,88.56,85.23,82.38,67.942,2.0702,1.8531,0.2172,94.66,82.47,13.759,2012,4,2,2012-04,False
2012-04-04,ITC,91.74,92.71,91.38,92.11,7427949,0.132,88.91,85.44,82.46,68.311,2.0505,1.8925,0.158,94.98,82.83,13.667,2012,4,2,2012-04,False
2012-04-09,ITC,91.38,91.96,90.42,90.75,5389468,-1.473,89.19,85.59,82.52,59.994,1.9035,1.8947,0.0087,95.04,83.35,13.099,2012,4,2,2012-04,False
2012-04-10,ITC,90.81,93.16,90.42,92.9,8546331,2.366,89.62,85.78,82.59,66.867,1.9378,1.9034,0.0345,95.22,84.03,12.484,2012,4,2,2012-04,False
2012-04-11,ITC,92.71,93.2,91.7,93.06,9836719,0.174,90.09,85.98,82.66,67.324,1.9556,1.9138,0.0418,95.15,85.02,11.242,2012,4,2,2012-04,False
2012-04-12,ITC,92.61,95.18,92.61,95.08,20305963,2.176,90.61,86.24,82.75,72.434,2.1088,1.9528,0.156,95.46,85.75,10.721,2012,4,2,2012-04,False
2012-04-13,ITC,95.08,97.55,94.29,95.69,15111471,0.639,91.09,86.53,82.85,73.76,2.2532,2.0129,0.2403,95.96,86.22,10.694,2012,4,2,2012-04,False
2012-04-16,ITC,95.49,98.02,95.04,97.63,6179322,2.032,91.74,86.83,82.96,77.491,2.4958,2.1095,0.3863,96.44,87.03,10.256,2012,4,2,2012-04,False
2012-04-17,ITC,99.48,100.25,97.03,99.72,8472158,2.136,92.35,87.19,83.09,80.667,2.8238,2.2523,0.5715,97.85,86.84,11.919,2012,4,2,2012-04,False
2012-04-18,ITC,99.76,100.47,97.49,97.92,13522592,-1.807,92.78,87.54,83.19,71.304,2.9048,2.3828,0.522,98.62,86.94,12.588,2012,4,2,2012-04,False
2012-04-19,ITC,98.3,99.15,96.7,98.85,9917961,0.951,93.19,87.89,83.29,73.046,3.0095,2.5082,0.5014,99.52,86.86,13.591,2012,4,2,2012-04,False
2012-04-20,ITC,98.67,100.21,98.28,99.32,6577127,0.471,93.62,88.24,83.39,73.899,3.0944,2.6254,0.469,100.4,86.85,14.468,2012,4,2,2012-04,False
2012-04-23,ITC,99.44,100.33,98.85,99.13,10268157,-0.184,94.13,88.55,83.5,72.926,3.1111,2.7226,0.3886,100.96,87.3,14.511,2012,4,2,2012-04,False
2012-04-24,ITC,99.29,99.54,96.34,99.25,9751004,0.123,94.59,88.88,83.59,73.18,3.0984,2.7977,0.3007,101.51,87.67,14.629,2012,4,2,2012-04,False
2012-04-25,ITC,99.4,99.96,98.24,99.62,6534970,0.367,95.06,89.22,83.68,73.967,3.0823,2.8546,0.2276,102.0,88.12,14.608,2012,4,2,2012-04,False
2012-04-26,ITC,99.8,101.22,99.03,100.87,10960980,1.26,95.53,89.59,83.77,76.523,3.1347,2.9107,0.224,102.73,88.33,15.073,2012,4,2,2012-04,False
2012-04-27,ITC,100.73,102.41,99.21,99.56,9639782,-1.305,95.91,89.94,83.87,68.887,3.035,2.9355,0.0995,103.11,88.71,15.009,2012,4,2,2012-04,False
2012-04-30,ITC,100.45,100.98,99.27,99.44,4963863,-0.122,96.33,90.29,83.97,68.21,2.9126,2.9309,-0.0183,103.3,89.37,14.456,2012,4,2,2012-04,False
2012-05-02,ITC,99.46,100.39,98.63,99.07,7452130,-0.367,96.69,90.62,84.07,66.112,2.7544,2.8956,-0.1412,103.43,89.96,13.934,2012,5,2,2012-05,False
2012-05-03,ITC,99.4,99.62,97.61,97.9,5869811,-1.186,96.99,90.93,84.14,59.737,2.5054,2.8176,-0.3122,103.36,90.63,13.126,2012,5,2,2012-05,False
2012-05-04,ITC,97.78,99.21,96.14,96.46,9959642,-1.469,97.22,91.19,84.22,52.999,2.1671,2.6875,-0.5204,103.14,91.29,12.187,2012,5,2,2012-05,False
2012-05-07,ITC,95.18,96.8,94.52,95.73,7872153,-0.756,97.4,91.43,84.29,49.924,1.8191,2.5138,-0.6947,102.87,91.93,11.232,2012,5,2,2012-05,False
2012-05-08,ITC,95.99,97.98,90.67,91.9,17683414,-3.998,97.45,91.57,84.34,37.593,1.2205,2.2551,-1.0347,102.65,92.26,10.655,2012,5,2,2012-05,False
2012-05-09,ITC,93.16,97.61,91.98,97.17,20744163,5.729,97.67,91.83,84.41,54.311,1.1575,2.0356,-0.8781,102.4,92.94,9.692,2012,5,2,2012-05,False
2012-05-10,ITC,97.78,98.59,95.73,96.91,10151209,-0.271,97.86,92.07,84.49,53.539,1.0741,1.8433,-0.7692,102.09,93.63,8.645,2012,5,2,2012-05,False
2012-05-11,ITC,96.28,96.48,93.71,94.88,8122806,-2.09,97.85,92.25,84.55,47.897,0.8349,1.6416,-0.8068,102.11,93.59,8.705,2012,5,2,2012-05,False
2012-05-14,ITC,94.78,95.59,93.97,94.98,5167041,0.107,97.82,92.44,84.62,48.191,0.646,1.4425,-0.7965,102.16,93.47,8.885,2012,5,2,2012-05,False
2012-05-15,ITC,94.17,95.43,93.2,93.5,7908658,-1.557,97.61,92.63,84.67,44.264,0.3728,1.2286,-0.8558,102.36,92.85,9.743,2012,5,2,2012-05,False
2012-05-16,ITC,92.75,93.56,91.7,92.06,7945009,-1.538,97.23,92.79,84.72,40.783,0.0397,0.9908,-0.9511,102.47,91.98,10.793,2012,5,2,2012-05,False
2012-05-17,ITC,92.75,95.85,92.75,95.08,15783926,3.278,97.08,93.03,84.77,49.719,0.0191,0.7964,-0.7774,102.41,91.76,10.961,2012,5,2,2012-05,False
2012-05-18,ITC,94.07,97.61,93.16,97.03,13048512,2.045,96.99,93.3,84.84,54.485,0.1578,0.6687,-0.511,102.25,91.74,10.837,2012,5,2,2012-05,False
2012-05-21,ITC,97.07,97.59,94.78,95.12,6460492,-1.962,96.78,93.5,84.9,49.534,0.1127,0.5575,-0.4448,101.98,91.58,10.745,2012,5,2,2012-05,False
2012-05-22,ITC,96.12,96.88,93.2,94.27,10645458,-0.894,96.54,93.68,84.96,47.459,0.0084,0.4477,-0.4393,101.73,91.35,10.755,2012,5,2,2012-05,False
2012-05-23,ITC,93.58,94.37,93.16,93.85,6794965,-0.451,96.27,93.87,85.02,46.412,-0.1075,0.3367,-0.4441,101.43,91.11,10.719,2012,5,2,2012-05,False
2012-05-24,ITC,93.85,95.06,93.56,94.52,9014464,0.712,96.02,94.08,85.08,48.341,-0.1437,0.2406,-0.3842,100.98,91.05,10.339,2012,5,2,2012-05,False
2012-05-25,ITC,94.37,95.59,93.48,93.91,14231517,-0.643,95.67,94.27,85.13,46.696,-0.2188,0.1487,-0.3676,100.15,91.18,9.37,2012,5,2,2012-05,False
2012-05-28,ITC,94.37,95.59,94.01,95.2,5509054,1.38,95.45,94.45,85.18,50.561,-0.1719,0.0846,-0.2565,99.54,91.36,8.575,2012,5,2,2012-05,False
2012-05-29,ITC,95.49,95.57,93.16,93.52,8218101,-1.766,95.15,94.63,85.23,45.911,-0.2672,0.0142,-0.2814,98.87,91.44,7.811,2012,5,2,2012-05,False
2012-05-30,ITC,93.52,94.92,93.36,93.93,8467690,0.433,94.9,94.76,85.28,47.172,-0.3065,-0.0499,-0.2566,98.15,91.64,6.867,2012,5,2,2012-05,False
2012-05-31,ITC,92.83,94.17,92.15,92.9,32058738,-1.1,94.65,94.83,85.34,44.334,-0.4162,-0.1232,-0.2931,97.7,91.6,6.444,2012,5,2,2012-05,False
2012-06-01,ITC,92.71,95.06,92.71,94.72,10521812,1.962,94.56,94.91,85.42,50.045,-0.3521,-0.169,-0.1831,97.49,91.63,6.194,2012,6,2,2012-06,False
2012-06-04,ITC,94.13,94.88,92.9,93.2,6266881,-1.604,94.43,94.96,85.49,45.826,-0.4189,-0.2189,-0.2,97.37,91.5,6.214,2012,6,2,2012-06,False
2012-06-05,ITC,93.46,94.25,91.13,91.5,7901016,-1.825,94.41,95.01,85.54,41.596,-0.6022,-0.2956,-0.3066,97.42,91.4,6.381,2012,6,2,2012-06,False
2012-06-06,ITC,91.5,95.99,91.5,95.0,15992276,3.829,94.3,95.11,85.62,51.521,-0.4595,-0.3284,-0.1311,97.04,91.57,5.807,2012,6,2,2012-06,False
2012-06-07,ITC,95.43,96.93,94.21,95.73,10277635,0.767,94.25,95.22,85.69,53.3,-0.2843,-0.3196,0.0353,96.79,91.7,5.405,2012,6,2,2012-06,False
2012-06-08,ITC,95.89,97.74,95.08,96.88,7353581,1.206,94.35,95.33,85.78,56.049,-0.0517,-0.266,0.2143,97.14,91.55,5.93,2012,6,2,2012-06,False
2012-06-11,ITC,98.24,99.56,97.7,99.04,5156519,2.227,94.55,95.47,85.87,60.706,0.3033,-0.1521,0.4554,98.04,91.05,7.392,2012,6,2,2012-06,False
2012-06-12,ITC,97.97,100.9,97.31,100.41,6763601,1.376,94.89,95.66,85.95,63.348,0.6867,0.0156,0.671,99.22,90.57,9.115,2012,6,2,2012-06,False
2012-06-13,ITC,100.12,101.17,100.03,100.82,5809235,0.411,95.33,95.84,86.05,64.135,1.0122,0.2149,0.7972,100.19,90.47,10.193,2012,6,2,2012-06,False
2012-06-14,ITC,100.41,102.72,100.41,101.09,9141667,0.266,95.63,96.02,86.15,64.666,1.2771,0.4274,0.8497,101.13,90.14,11.491,2012,6,2,2012-06,False
2012-06-15,ITC,101.19,102.78,100.8,102.45,10846275,1.349,95.9,96.23,86.25,67.313,1.5788,0.6577,0.9212,102.17,89.64,13.067,2012,6,2,2012-06,False
2012-06-18,ITC,102.24,103.28,100.18,100.47,5311000,-1.936,96.17,96.4,86.34,60.244,1.6391,0.8539,0.7851,102.74,89.6,13.672,2012,6,2,2012-06,False
2012-06-19,ITC,100.26,103.28,100.26,103.03,9692655,2.549,96.61,96.65,86.45,65.311,1.8719,1.0575,0.8144,103.79,89.43,14.865,2012,6,2,2012-06,False
2012-06-20,ITC,103.03,103.13,101.15,101.65,6517723,-1.343,97.0,96.82,86.55,60.802,1.9226,1.2306,0.6921,104.39,89.6,15.244,2012,6,2,2012-06,False
2012-06-21,ITC,101.46,104.1,101.42,103.86,7232955,2.174,97.46,97.04,86.67,64.963,2.1167,1.4078,0.7089,105.36,89.57,16.202,2012,6,2,2012-06,False
2012-06-22,ITC,103.28,104.52,101.93,103.48,4101593,-0.358,97.94,97.2,86.78,63.737,2.215,1.5692,0.6458,106.09,89.8,16.632,2012,6,2,2012-06,False
2012-06-25,ITC,103.28,104.89,102.91,103.3,5439315,-0.18,98.35,97.36,86.89,63.096,2.252,1.7058,0.5462,106.72,89.98,17.027,2012,6,2,2012-06,False
2012-06-26,ITC,103.01,103.22,101.75,102.06,6366119,-1.2,98.77,97.44,86.99,58.847,2.1564,1.7959,0.3605,106.98,90.57,16.615,2012,6,2,2012-06,False
2012-06-27,ITC,102.57,103.11,102.14,102.37,5245829,0.304,99.2,97.5,87.09,59.58,2.0816,1.853,0.2286,107.22,91.17,16.175,2012,6,2,2012-06,False
2012-06-28,ITC,102.45,104.39,102.1,103.81,13150548,1.412,99.74,97.62,87.19,62.9,2.1147,1.9054,0.2093,107.44,92.05,15.432,2012,6,2,2012-06,False
2012-06-29,ITC,103.96,107.41,103.96,106.95,14201966,3.024,100.35,97.78,87.32,68.878,2.367,1.9977,0.3693,108.31,92.4,15.854,2012,6,2,2012-06,False
2012-07-02,ITC,107.06,107.57,102.22,103.3,15310783,-3.418,100.86,97.86,87.44,57.3,2.246,2.0473,0.1986,108.16,93.56,14.471,2012,7,3,2012-07,False
2012-07-03,ITC,103.28,103.38,101.4,101.83,15656893,-1.42,101.38,97.91,87.55,53.421,2.0086,2.0396,-0.031,107.2,95.56,11.483,2012,7,3,2012-07,False
2012-07-04,ITC,102.78,102.82,101.0,101.69,8883562,-0.142,101.71,97.96,87.66,53.039,1.7882,1.9893,-0.2011,106.7,96.72,9.807,2012,7,3,2012-07,False
2012-07-05,ITC,102.04,103.69,101.75,103.52,5835480,1.808,102.1,98.04,87.78,57.22,1.7418,1.9398,-0.198,106.27,97.93,8.171,2012,7,3,2012-07,False
2012-07-06,ITC,103.69,104.72,102.74,104.41,7176659,0.858,102.48,98.11,87.89,59.114,1.7564,1.9031,-0.1467,105.97,98.98,6.818,2012,7,3,2012-07,False
2012-07-09,ITC,103.55,105.3,103.48,103.96,6940342,-0.435,102.72,98.2,88.01,57.706,1.7116,1.8648,-0.1532,105.87,99.57,6.135,2012,7,3,2012-07,False
2012-07-10,ITC,104.0,107.08,102.91,106.75,9404573,2.682,103.04,98.34,88.14,63.456,1.8795,1.8678,0.0117,106.47,99.61,6.663,2012,7,3,2012-07,False
2012-07-11,ITC,106.11,106.5,104.39,104.64,7642281,-1.974,103.23,98.45,88.27,57.136,1.8215,1.8585,-0.037,106.57,99.89,6.464,2012,7,3,2012-07,False
2012-07-12,ITC,104.72,106.09,103.75,103.98,4942903,-0.632,103.38,98.58,88.39,55.275,1.7026,1.8273,-0.1247,106.57,100.18,6.178,2012,7,3,2012-07,False
2012-07-13,ITC,103.83,105.12,103.42,104.74,3633928,0.735,103.49,98.74,88.51,57.018,1.651,1.7921,-0.1411,106.71,100.27,6.219,2012,7,3,2012-07,False
2012-07-16,ITC,104.39,105.18,103.67,104.12,2648877,-0.592,103.67,98.91,88.65,55.142,1.5423,1.7421,-0.1998,106.57,100.78,5.583,2012,7,3,2012-07,False
2012-07-17,ITC,104.7,105.76,104.39,105.55,4883020,1.369,103.8,99.18,88.79,58.522,1.5533,1.7043,-0.1511,106.79,100.8,5.769,2012,7,3,2012-07,False
2012-07-18,ITC,105.92,106.04,104.83,105.32,5139344,-0.215,103.98,99.35,88.93,57.775,1.526,1.6687,-0.1426,106.87,101.1,5.553,2012,7,3,2012-07,False
2012-07-19,ITC,105.18,105.78,104.39,104.97,4599239,-0.333,104.04,99.51,89.06,56.572,1.4593,1.6268,-0.1675,106.96,101.12,5.612,2012,7,3,2012-07,False
2012-07-20,ITC,104.47,105.32,104.23,104.45,2956292,-0.492,104.09,99.7,89.19,54.767,1.3492,1.5713,-0.2221,107.0,101.17,5.597,2012,7,3,2012-07,False
2012-07-23,ITC,103.86,103.94,102.68,103.09,3995026,-1.305,104.08,99.86,89.29,50.212,1.1388,1.4848,-0.346,107.0,101.15,5.623,2012,7,3,2012-07,False
2012-07-24,ITC,103.59,104.27,102.7,103.4,5488947,0.301,104.14,100.06,89.41,51.205,0.9857,1.385,-0.3993,106.93,101.35,5.357,2012,7,3,2012-07,False
2012-07-25,ITC,103.48,105.47,102.66,105.24,8248065,1.778,104.29,100.32,89.54,56.722,1.0012,1.3082,-0.307,106.99,101.59,5.176,2012,7,3,2012-07,False
2012-07-26,ITC,105.67,106.17,102.49,103.05,21892124,-2.08,104.25,100.48,89.67,49.538,0.8272,1.212,-0.3848,107.0,101.5,5.273,2012,7,3,2012-07,False
2012-07-27,ITC,105.2,105.59,104.02,105.32,10008857,2.205,104.17,100.65,89.8,55.795,0.8627,1.1422,-0.2794,106.66,101.67,4.791,2012,7,3,2012-07,False
2012-07-30,ITC,105.69,106.91,105.14,106.66,8450229,1.275,104.34,100.88,89.93,59.028,0.9879,1.1113,-0.1234,107.03,101.64,5.166,2012,7,3,2012-07,False
2012-07-31,ITC,106.79,107.74,105.61,106.64,9117691,-0.019,104.58,101.13,90.06,58.957,1.073,1.1036,-0.0307,107.19,101.96,4.994,2012,7,3,2012-07,False
2012-08-01,ITC,106.56,107.2,105.88,107.02,2982052,0.349,104.84,101.39,90.19,59.897,1.1571,1.1143,0.0428,107.3,102.39,4.679,2012,8,3,2012-08,False
2012-08-02,ITC,107.41,108.23,106.99,108.01,5457011,0.926,105.07,101.66,90.32,62.374,1.2889,1.1492,0.1397,107.81,102.32,5.229,2012,8,3,2012-08,False
2012-08-03,ITC,107.35,107.78,106.44,107.14,3869795,-0.803,105.2,101.92,90.44,58.944,1.3083,1.181,0.1272,108.08,102.33,5.471,2012,8,3,2012-08,False
2012-08-06,ITC,107.66,108.21,106.38,106.75,2990101,-0.366,105.34,102.15,90.56,57.406,1.2772,1.2003,0.077,108.24,102.45,5.495,2012,8,3,2012-08,False
2012-08-07,ITC,106.81,108.17,106.21,107.95,5288244,1.122,105.4,102.44,90.69,60.771,1.3339,1.227,0.1069,108.46,102.34,5.809,2012,8,3,2012-08,False
2012-08-08,ITC,107.82,108.87,107.16,108.05,7198237,0.096,105.57,102.73,90.81,61.057,1.3714,1.2559,0.1155,108.83,102.32,6.168,2012,8,3,2012-08,False
2012-08-09,ITC,107.99,110.24,107.99,109.72,7853814,1.548,105.86,103.06,90.94,65.446,1.5186,1.3084,0.2102,109.51,102.21,6.901,2012,8,3,2012-08,False
2012-08-10,ITC,109.27,111.13,109.18,110.61,8598375,0.809,106.15,103.38,91.08,67.538,1.6874,1.3842,0.3032,110.33,101.97,7.874,2012,8,3,2012-08,False
2012-08-13,ITC,110.44,111.11,109.14,110.26,7488550,-0.317,106.46,103.72,91.22,65.841,1.7725,1.4619,0.3106,110.9,102.02,8.349,2012,8,3,2012-08,False
2012-08-14,ITC,110.26,111.29,109.35,110.63,5524933,0.337,106.71,104.1,91.35,66.793,1.8486,1.5392,0.3094,111.51,101.92,8.982,2012,8,3,2012-08,False
2012-08-16,ITC,110.44,110.92,106.38,106.73,15209637,-3.529,106.78,104.34,91.46,50.794,1.5757,1.5465,0.0292,111.53,102.04,8.892,2012,8,3,2012-08,False
2012-08-17,ITC,106.62,108.81,106.62,108.28,8106841,1.452,106.95,104.59,91.56,55.363,1.4676,1.5307,-0.0632,111.66,102.24,8.811,2012,8,3,2012-08,False
2012-08-21,ITC,108.28,108.32,107.14,107.72,9939659,-0.515,107.11,104.81,91.67,53.439,1.3216,1.4889,-0.1673,111.68,102.54,8.536,2012,8,3,2012-08,False
2012-08-22,ITC,107.47,108.69,107.14,108.09,4614480,0.345,107.36,104.99,91.79,54.573,1.2219,1.4355,-0.2136,111.54,103.19,7.778,2012,8,3,2012-08,False
2012-08-23,ITC,108.32,109.45,108.03,109.16,7858110,0.994,107.65,105.16,91.91,57.771,1.2155,1.3915,-0.176,111.45,103.85,7.066,2012,8,3,2012-08,False
2012-08-24,ITC,108.94,110.01,108.28,109.54,11153512,0.341,107.87,105.34,92.03,58.85,1.2263,1.3585,-0.1322,111.58,104.15,6.886,2012,8,3,2012-08,False
2012-08-27,ITC,109.49,109.99,109.06,109.62,2666951,0.075,108.19,105.51,92.15,59.101,1.2273,1.3322,-0.1049,111.21,105.18,5.577,2012,8,3,2012-08,False
2012-08-28,ITC,109.62,110.92,109.62,110.77,6036077,1.055,108.47,105.67,92.28,62.536,1.3065,1.3271,-0.0206,111.37,105.56,5.362,2012,8,3,2012-08,False
2012-08-29,ITC,111.08,111.46,110.2,111.27,6062102,0.448,108.7,105.89,92.41,63.934,1.3931,1.3403,0.0528,111.73,105.66,5.582,2012,8,3,2012-08,False
2012-08-30,ITC,111.08,112.88,109.93,111.79,24881699,0.464,108.95,106.06,92.54,65.384,1.4863,1.3695,0.1168,112.12,105.78,5.819,2012,8,3,2012-08,False
2012-08-31,ITC,111.54,111.75,110.01,110.57,8145858,-1.09,109.13,106.24,92.66,59.325,1.4452,1.3846,0.0606,112.24,106.02,5.7,2012,8,3,2012-08,False
2012-09-03,ITC,111.13,111.48,110.03,110.55,6207435,-0.019,109.26,106.38,92.79,59.225,1.3949,1.3867,0.0082,112.38,106.13,5.719,2012,9,3,2012-09,False
2012-09-04,ITC,110.34,111.06,109.74,110.09,4050429,-0.411,109.41,106.51,92.91,56.946,1.3033,1.37,-0.0667,112.38,106.43,5.444,2012,9,3,2012-09,False
2012-09-05,ITC,109.89,111.25,109.89,110.61,6639310,0.469,109.6,106.65,93.04,58.882,1.2579,1.3476,-0.0897,112.34,106.86,5.007,2012,9,3,2012-09,False
2012-09-06,ITC,110.32,110.49,107.45,107.59,7167836,-2.726,109.58,106.77,93.17,45.902,0.9674,1.2715,-0.3042,112.37,106.79,5.096,2012,9,3,2012-09,False
2012-09-07,ITC,108.65,108.94,107.57,108.54,10688325,0.883,109.61,106.89,93.31,49.667,0.8046,1.1781,-0.3736,112.35,106.86,5.006,2012,9,3,2012-09,False
2012-09-10,ITC,109.02,109.68,108.34,109.33,6622112,0.723,109.59,107.0,93.46,52.601,0.7304,1.0886,-0.3582,112.33,106.84,5.011,2012,9,3,2012-09,False
2012-09-11,ITC,109.31,110.65,108.69,110.42,3886091,1.001,109.58,107.07,93.62,56.418,0.7514,1.0211,-0.2698,112.31,106.85,4.987,2012,9,3,2012-09,False
2012-09-12,ITC,110.61,111.54,110.22,111.25,5756128,0.748,109.63,107.23,93.78,59.095,0.8251,0.9819,-0.1568,112.45,106.81,5.143,2012,9,3,2012-09,False
2012-09-13,ITC,111.19,111.66,110.69,111.39,5623795,0.13,109.67,107.42,93.95,59.563,0.885,0.9626,-0.0775,112.56,106.77,5.281,2012,9,3,2012-09,False
2012-09-14,ITC,112.2,112.7,110.24,110.82,17152709,-0.519,109.87,107.6,94.11,56.765,0.8758,0.9452,-0.0694,112.45,107.29,4.701,2012,9,3,2012-09,False
2012-09-17,ITC,110.94,111.06,103.73,104.72,29568650,-5.499,109.69,107.63,94.23,37.028,0.3724,0.8306,-0.4582,113.1,106.29,6.204,2012,9,3,2012-09,False
2012-09-18,ITC,104.91,106.69,104.02,105.01,13665518,0.276,109.56,107.64,94.35,38.127,-0.0031,0.6639,-0.667,113.47,105.65,7.139,2012,9,3,2012-09,False
2012-09-20,ITC,105.22,106.29,104.76,105.94,11276169,0.885,109.45,107.68,94.47,41.654,-0.2231,0.4865,-0.7096,113.64,105.26,7.654,2012,9,3,2012-09,False
2012-09-21,ITC,106.58,109.29,106.11,108.07,18714031,2.008,109.4,107.7,94.59,48.841,-0.2233,0.3445,-0.5678,113.63,105.16,7.738,2012,9,3,2012-09,False
2012-09-24,ITC,108.03,108.07,104.95,105.69,11751520,-2.198,109.2,107.72,94.7,42.54,-0.4103,0.1936,-0.6039,113.75,104.66,8.32,2012,9,3,2012-09,False
2012-09-25,ITC,105.71,108.15,105.34,107.74,11113459,1.935,109.11,107.8,94.83,48.678,-0.3891,0.077,-0.4661,113.69,104.52,8.404,2012,9,3,2012-09,False
2012-09-26,ITC,108.52,109.31,107.59,108.98,15978962,1.15,109.02,107.88,94.97,52.023,-0.2691,0.0078,-0.2769,113.54,104.5,8.287,2012,9,3,2012-09,False
2012-09-27,ITC,109.1,110.71,108.28,110.28,19205494,1.194,108.97,108.01,95.12,55.316,-0.0683,-0.0074,-0.0609,113.4,104.54,8.138,2012,9,3,2012-09,False
2012-09-28,ITC,110.09,112.72,109.93,112.53,14714650,2.042,109.01,108.15,95.29,60.383,0.2695,0.048,0.2215,113.55,104.46,8.338,2012,9,3,2012-09,False
2012-10-01,ITC,112.16,113.6,111.79,112.88,7859325,0.312,109.12,108.3,95.45,61.124,0.559,0.1502,0.4088,113.94,104.3,8.836,2012,10,4,2012-10,False
2012-10-03,ITC,112.99,113.09,110.55,111.64,13329816,-1.098,109.18,108.43,95.61,57.07,0.6807,0.2563,0.4244,114.09,104.26,9.001,2012,10,4,2012-10,False
2012-10-04,ITC,111.66,114.2,111.66,113.73,10281333,1.869,109.36,108.62,95.77,61.677,0.9346,0.3919,0.5427,114.67,104.05,9.709,2012,10,4,2012-10,False
2012-10-05,ITC,114.22,115.67,90.99,113.87,12710975,0.127,109.52,108.83,95.94,61.982,1.1345,0.5405,0.594,115.18,103.86,10.336,2012,10,4,2012-10,False
2012-10-08,ITC,113.89,115.42,113.21,114.74,8934222,0.762,109.88,109.06,96.12,63.839,1.3473,0.7018,0.6455,115.92,103.84,10.989,2012,10,4,2012-10,False
2012-10-09,ITC,115.05,116.19,114.76,115.69,6003945,0.828,110.24,109.27,96.29,65.809,1.5745,0.8764,0.6982,116.77,103.71,11.848,2012,10,4,2012-10,False
2012-10-10,ITC,115.46,116.41,114.84,116.08,6227474,0.339,110.57,109.53,96.46,66.618,1.7659,1.0543,0.7116,117.59,103.56,12.685,2012,10,4,2012-10,False
2012-10-11,ITC,115.28,117.59,114.16,117.12,9131999,0.89,110.91,109.77,96.63,68.715,1.9781,1.239,0.7391,118.51,103.31,13.7,2012,10,4,2012-10,False
2012-10-12,ITC,117.63,117.82,116.33,117.12,5071211,0.0,111.2,109.97,96.81,68.715,2.1218,1.4156,0.7062,119.29,103.11,14.55,2012,10,4,2012-10,False
2012-10-15,ITC,116.95,118.79,115.71,118.46,5350707,1.146,111.56,110.21,96.98,71.422,2.3173,1.5959,0.7214,120.27,102.84,15.629,2012,10,4,2012-10,False
2012-10-16,ITC,117.74,119.14,117.36,118.33,7096362,-0.105,111.93,110.44,97.16,70.813,2.4342,1.7636,0.6706,121.15,102.71,16.47,2012,10,4,2012-10,False
2012-10-17,ITC,118.25,119.53,117.78,119.08,4546689,0.628,112.65,110.66,97.35,72.338,2.5574,1.9223,0.635,121.74,103.56,16.136,2012,10,4,2012-10,False
2012-10-18,ITC,119.18,120.63,118.21,120.46,13199646,1.162,113.42,110.93,97.54,74.959,2.7351,2.0849,0.6502,122.4,104.44,15.837,2012,10,4,2012-10,False
2012-10-19,ITC,120.38,123.52,119.88,122.9,21003616,2.023,114.27,111.25,97.75,78.774,3.0376,2.2754,0.7622,123.48,105.06,16.114,2012,10,4,2012-10,False
2012-10-22,ITC,123.11,123.23,120.28,121.45,11413513,-1.176,114.94,111.52,97.95,71.787,3.1247,2.4453,0.6794,124.19,105.68,16.104,2012,10,4,2012-10,False
2012-10-23,ITC,121.8,121.8,119.18,119.8,5504503,-1.36,115.64,111.75,98.15,64.722,3.0255,2.5613,0.4641,124.04,107.25,14.525,2012,10,4,2012-10,False
2012-10-25,ITC,120.34,121.45,119.24,120.65,12373775,0.707,116.29,111.97,98.35,66.539,2.9808,2.6452,0.3356,124.09,108.49,13.421,2012,10,4,2012-10,False
2012-10-29,ITC,118.15,119.8,118.05,119.08,4612491,-1.301,116.79,112.14,98.54,60.334,2.7866,2.6735,0.1131,123.88,109.71,12.133,2012,10,4,2012-10,False
2012-10-30,ITC,118.62,119.14,117.16,117.36,5376753,-1.44,117.15,112.28,98.72,54.37,2.466,2.632,-0.166,123.54,110.76,10.906,2012,10,4,2012-10,False
2012-10-31,ITC,117.72,117.96,116.23,116.72,5920711,-0.546,117.36,112.41,98.89,52.291,2.1356,2.5327,-0.3971,123.37,111.34,10.249,2012,10,4,2012-10,False
2012-11-01,ITC,116.52,116.83,114.51,115.38,6825659,-1.15,117.48,112.58,99.05,48.135,1.7453,2.3752,-0.63,123.2,111.76,9.736,2012,11,4,2012-11,False
2012-11-02,ITC,116.29,118.48,116.25,116.99,11088683,1.396,117.75,112.75,99.22,52.966,1.5481,2.2098,-0.6617,122.78,112.72,8.538,2012,11,4,2012-11,False
2012-11-05,ITC,117.34,119.39,116.85,119.24,6061704,1.924,118.03,112.98,99.41,58.749,1.5556,2.079,-0.5234,122.72,113.34,7.95,2012,11,4,2012-11,False
2012-11-06,ITC,119.35,120.3,118.13,119.45,6039762,0.173,118.31,113.21,99.58,59.244,1.5602,1.9752,-0.415,122.6,114.01,7.267,2012,11,4,2012-11,False
2012-11-07,ITC,119.74,120.11,118.58,119.78,6562533,0.277,118.56,113.42,99.76,60.069,1.5724,1.8946,-0.3222,122.56,114.56,6.747,2012,11,4,2012-11,False
2012-11-08,ITC,118.98,120.4,118.75,119.39,3890518,-0.328,118.74,113.62,99.93,58.552,1.5327,1.8223,-0.2895,122.52,114.97,6.362,2012,11,4,2012-11,False
2012-11-09,ITC,119.0,119.97,118.4,119.04,3955519,-0.294,118.89,113.81,100.1,57.161,1.4562,1.749,-0.2929,122.45,115.33,5.996,2012,11,4,2012-11,False
2012-11-12,ITC,118.93,119.8,116.99,117.24,5537113,-1.51,118.9,113.94,100.27,50.544,1.2363,1.6465,-0.4102,122.45,115.35,5.974,2012,11,4,2012-11,False
2012-11-15,ITC,116.85,116.85,113.83,114.2,12677572,-2.59,118.75,114.0,100.43,41.749,0.8076,1.4787,-0.6711,122.81,114.69,6.84,2012,11,4,2012-11,False
2012-11-16,ITC,114.64,116.1,112.84,113.46,8524566,-0.651,118.5,114.03,100.58,39.917,0.4033,1.2636,-0.8603,123.2,113.8,7.935,2012,11,4,2012-11,False
2012-11-19,ITC,113.21,116.79,112.78,116.37,8544540,2.567,118.4,114.15,100.75,49.3,0.3143,1.0738,-0.7595,123.2,113.61,8.103,2012,11,4,2012-11,False
2012-11-20,ITC,117.12,117.63,115.34,115.9,6977187,-0.408,118.24,114.25,100.91,47.984,0.203,0.8996,-0.6966,123.16,113.33,8.309,2012,11,4,2012-11,False
2012-11-21,ITC,115.9,118.67,115.09,118.19,8596423,1.978,118.13,114.41,101.09,54.323,0.2964,0.779,-0.4825,122.93,113.33,8.127,2012,11,4,2012-11,False
2012-11-22,ITC,118.75,119.49,117.57,119.39,6368703,1.014,117.95,114.59,101.28,57.254,0.4618,0.7156,-0.2537,122.25,113.66,7.284,2012,11,4,2012-11,False
2012-11-23,ITC,119.37,119.37,116.87,118.4,3948098,-0.83,117.8,114.81,101.46,54.157,0.5071,0.6739,-0.1668,121.78,113.82,6.753,2012,11,4,2012-11,False
2012-11-26,ITC,118.87,118.98,117.74,118.6,2225560,0.174,117.74,115.01,101.65,54.706,0.5532,0.6497,-0.0965,121.63,113.86,6.601,2012,11,4,2012-11,False
2012-11-27,ITC,118.6,121.87,118.56,121.56,9705650,2.49,117.79,115.25,101.85,61.767,0.8186,0.6835,0.1351,121.83,113.74,6.872,2012,11,4,2012-11,False
2012-11-29,ITC,121.47,123.91,121.31,123.11,16121088,1.274,117.99,115.51,102.06,64.861,1.1409,0.775,0.3659,122.66,113.32,7.917,2012,11,4,2012-11,False
2012-11-30,ITC,122.34,123.52,121.37,123.31,8896588,0.168,118.29,115.75,102.27,65.265,1.3968,0.8993,0.4975,123.51,113.06,8.838,2012,11,4,2012-11,False
2012-12-03,ITC,122.9,123.23,121.52,122.34,5699933,-0.787,118.57,115.97,102.46,61.679,1.504,1.0203,0.4837,124.04,113.1,9.23,2012,12,4,2012-12,False
2012-12-04,ITC,121.76,122.36,121.04,121.93,4804648,-0.338,118.89,116.19,102.66,60.164,1.5378,1.1238,0.4141,124.35,113.44,9.172,2012,12,4,2012-12,False
2012-12-05,ITC,121.7,123.5,121.7,123.06,9258232,0.932,119.2,116.56,102.86,62.865,1.6375,1.2265,0.4109,124.88,113.52,9.528,2012,12,4,2012-12,False
2012-12-06,ITC,123.29,124.84,121.87,124.49,9199364,1.158,119.46,116.94,103.07,65.982,1.8106,1.3433,0.4672,125.61,113.31,10.3,2012,12,4,2012-12,False
2012-12-07,ITC,124.24,125.17,123.46,124.55,5323399,0.05,119.72,117.32,103.28,66.115,1.9305,1.4608,0.4697,126.28,113.16,10.959,2012,12,4,2012-12,False
2012-12-10,ITC,124.18,125.03,123.11,124.74,4218488,0.149,119.96,117.65,103.5,66.538,2.0173,1.5721,0.4452,126.9,113.03,11.561,2012,12,4,2012-12,False
2012-12-11,ITC,124.74,126.29,124.37,125.3,8880373,0.447,120.26,118.04,103.71,67.836,2.1068,1.679,0.4278,127.58,112.94,12.179,2012,12,4,2012-12,False
2012-12-12,ITC,125.34,126.62,125.32,126.39,7246709,0.874,120.63,118.42,103.93,70.273,2.2402,1.7912,0.449,128.42,112.84,12.914,2012,12,4,2012-12,False
2012-12-13,ITC,126.04,126.16,120.75,121.97,19125952,-3.497,120.86,118.68,104.12,52.858,1.9666,1.8263,0.1403,128.5,113.22,12.645,2012,12,4,2012-12,False
2012-12-14,ITC,120.9,122.65,119.9,122.26,6971314,0.237,121.27,118.91,104.31,53.667,1.7529,1.8116,-0.0587,128.25,114.28,11.52,2012,12,4,2012-12,False
2012-12-17,ITC,121.27,121.87,120.52,121.06,5896804,-0.98,121.65,119.09,104.5,49.85,1.4699,1.7433,-0.2734,127.59,115.7,9.776,2012,12,4,2012-12,False
2012-12-18,ITC,121.29,122.28,119.84,121.08,6602118,0.017,121.88,119.25,104.68,49.917,1.2331,1.6413,-0.4081,127.3,116.46,8.888,2012,12,4,2012-12,False
2012-12-19,ITC,120.77,122.03,119.28,119.84,15781261,-1.024,122.08,119.41,104.86,45.997,0.9347,1.4999,-0.5653,126.82,117.33,7.773,2012,12,4,2012-12,False
2012-12-20,ITC,119.78,119.84,118.17,118.6,11909531,-1.034,122.1,119.51,105.02,42.411,0.5913,1.3182,-0.7269,126.78,117.42,7.66,2012,12,4,2012-12,False
2012-12-21,ITC,118.0,119.57,116.29,118.58,36910642,-0.017,122.06,119.61,105.18,42.352,0.3139,1.1174,-0.8034,126.85,117.27,7.844,2012,12,4,2012-12,False
2012-12-24,ITC,119.55,120.11,118.31,118.58,7609381,0.0,122.07,119.68,105.36,42.352,0.093,0.9125,-0.8195,126.83,117.31,7.796,2012,12,4,2012-12,False
2012-12-26,ITC,118.77,120.21,118.0,120.01,6727355,1.202,122.14,119.77,105.54,48.15,0.0326,0.7365,-0.7039,126.72,117.56,7.501,2012,12,4,2012-12,False
2012-12-27,ITC,120.83,120.94,118.77,119.14,11063458,-0.723,122.02,119.83,105.72,45.172,-0.0843,0.5724,-0.6567,126.79,117.25,7.817,2012,12,4,2012-12,False
2012-12-28,ITC,118.64,119.8,118.64,119.55,5271735,0.347,121.84,119.88,105.9,46.857,-0.142,0.4295,-0.5715,126.7,116.98,7.981,2012,12,4,2012-12,False
2012-12-31,ITC,119.02,119.57,118.15,118.48,3555805,-0.898,121.6,119.91,106.06,43.143,-0.2713,0.2893,-0.5606,126.63,116.57,8.275,2012,12,4,2012-12,False
2013-01-01,ITC,118.71,119.47,118.42,118.67,4135426,0.157,121.41,119.91,106.23,43.971,-0.3546,0.1605,-0.5152,126.6,116.23,8.538,2013,1,1,2013-01,False
2013-01-02,ITC,118.98,119.62,117.53,117.9,10172580,-0.644,121.21,119.9,106.4,41.309,-0.4769,0.033,-0.5099,126.62,115.81,8.922,2013,1,1,2013-01,False
2013-01-03,ITC,118.19,118.36,116.83,117.14,6775685,-0.648,120.92,119.86,106.57,38.78,-0.6282,-0.0992,-0.529,126.54,115.29,9.305,2013,1,1,2013-01,False
2013-01-04,ITC,117.65,117.65,115.71,116.66,9390712,-0.406,120.53,119.79,106.73,37.253,-0.7774,-0.2348,-0.5426,126.19,114.86,9.405,2013,1,1,2013-01,False
2013-01-07,ITC,117.45,117.74,115.05,115.28,12635903,-1.186,120.06,119.63,106.87,33.158,-0.9959,-0.3871,-0.6089,125.86,114.26,9.656,2013,1,1,2013-01,False
2013-01-08,ITC,115.32,118.23,115.32,118.02,13951970,2.383,119.73,119.56,107.04,45.877,-0.9366,-0.497,-0.4396,125.15,114.3,9.057,2013,1,1,2013-01,False
2013-01-09,ITC,117.63,118.02,115.13,115.46,11080003,-2.17,119.23,119.48,107.18,38.518,-1.0838,-0.6143,-0.4695,124.3,114.17,8.499,2013,1,1,2013-01,False
2013-01-10,ITC,115.69,116.5,115.05,116.08,13002083,0.537,118.72,119.39,107.31,40.984,-1.1373,-0.7189,-0.4184,122.7,114.74,6.71,2013,1,1,2013-01,False
2013-01-11,ITC,115.57,115.96,112.41,112.94,14446914,-2.705,118.27,119.26,107.42,33.624,-1.4167,-0.8585,-0.5582,122.72,113.82,7.525,2013,1,1,2013-01,False
2013-01-14,ITC,113.01,115.05,113.01,114.8,10672635,1.646,117.89,119.21,107.55,40.444,-1.4712,-0.981,-0.4902,122.18,113.61,7.275,2013,1,1,2013-01,False
2013-01-15,ITC,114.95,117.82,113.5,117.36,18493615,2.231,117.71,119.23,107.69,48.322,-1.2928,-1.0434,-0.2494,121.73,113.69,6.838,2013,1,1,2013-01,False
2013-01-16,ITC,117.72,118.09,116.68,117.32,9275325,-0.035,117.52,119.26,107.82,48.212,-1.1416,-1.0631,-0.0786,121.22,113.82,6.295,2013,1,1,2013-01,False
2013-01-17,ITC,116.95,118.5,116.29,117.86,12679955,0.458,117.42,119.28,107.96,49.822,-0.9673,-1.0439,0.0766,120.96,113.88,6.03,2013,1,1,2013-01,False
2013-01-18,ITC,118.44,119.74,117.59,118.75,25503518,0.754,117.43,119.27,108.1,52.455,-0.7489,-0.9849,0.236,120.98,113.88,6.048,2013,1,1,2013-01,False
2013-01-21,ITC,119.39,120.63,118.27,120.44,20932912,1.426,117.52,119.29,108.24,57.081,-0.4341,-0.8747,0.4407,121.29,113.75,6.413,2013,1,1,2013-01,False
2013-01-22,ITC,120.46,120.52,118.98,119.45,13126951,-0.823,117.57,119.29,108.38,53.782,-0.2616,-0.7521,0.4905,121.41,113.73,6.531,2013,1,1,2013-01,False
2013-01-23,ITC,119.59,121.23,119.28,120.94,12173272,1.245,117.61,119.32,108.53,57.728,-0.0048,-0.6026,0.5978,121.6,113.63,6.774,2013,1,1,2013-01,False
2013-01-24,ITC,121.04,123.35,120.98,122.88,20890877,1.605,117.8,119.39,108.68,62.259,0.3513,-0.4119,0.7631,122.39,113.21,7.793,2013,1,1,2013-01,False
2013-01-25,ITC,123.52,124.14,122.76,123.83,21446627,0.773,118.01,119.52,108.84,64.276,0.7021,-0.1891,0.8912,123.29,112.73,8.949,2013,1,1,2013-01,False
2013-01-28,ITC,123.93,124.43,123.27,124.24,8666800,0.334,118.3,119.73,109.0,65.149,1.0019,0.0491,0.9528,124.27,112.33,10.095,2013,1,1,2013-01,False
2013-01-29,ITC,123.56,126.72,123.56,126.06,14882640,1.463,118.67,119.98,109.18,68.763,1.3703,0.3134,1.057,125.58,111.76,11.642,2013,1,1,2013-01,False
2013-01-30,ITC,125.92,126.8,123.93,125.67,11567670,-0.311,119.06,120.16,109.34,67.144,1.6121,0.5731,1.039,126.63,111.49,12.712,2013,1,1,2013-01,False
2013-01-31,ITC,126.27,127.82,125.21,127.09,14321914,1.134,119.56,120.39,109.51,69.915,1.8968,0.8379,1.059,127.87,111.25,13.899,2013,1,1,2013-01,False
2013-02-01,ITC,127.13,128.04,125.81,127.82,10288134,0.569,120.12,120.58,109.68,71.24,2.156,1.1015,1.0545,129.08,111.15,14.922,2013,2,1,2013-02,False
2013-02-04,ITC,127.82,128.44,126.51,126.93,12057509,-0.695,120.7,120.73,109.83,67.317,2.2636,1.3339,0.9297,129.85,111.55,15.162,2013,2,1,2013-02,False
2013-02-05,ITC,126.0,126.7,124.76,124.94,8287651,-1.562,121.04,120.86,109.97,59.448,2.1639,1.4999,0.664,130.29,111.8,15.279,2013,2,1,2013-02,False
2013-02-06,ITC,125.32,126.37,124.39,125.94,12805908,0.794,121.57,121.01,110.1,61.85,2.1402,1.628,0.5123,130.67,112.47,14.974,2013,2,1,2013-02,False
2013-02-07,ITC,125.19,126.16,124.76,125.61,6726127,-0.262,122.04,121.09,110.24,60.562,2.0709,1.7166,0.3544,130.93,113.16,14.565,2013,2,1,2013-02,False
2013-02-08,ITC,124.76,126.56,123.6,124.66,11725383,-0.756,122.63,121.12,110.37,56.896,1.9173,1.7567,0.1606,130.47,114.78,12.795,2013,2,1,2013-02,False
2013-02-11,ITC,125.17,125.38,122.51,123.58,8361801,-0.862,123.07,121.13,110.49,52.99,1.6893,1.7432,-0.0539,130.0,116.14,11.263,2013,2,1,2013-02,False
2013-02-12,ITC,123.31,124.32,123.11,123.95,6881967,0.301,123.4,121.16,110.61,54.163,1.5211,1.6988,-0.1777,129.79,117.0,10.364,2013,2,1,2013-02,False
2013-02-13,ITC,124.35,125.79,123.6,124.08,11002502,0.1,123.74,121.2,110.74,54.57,1.3819,1.6354,-0.2535,129.46,118.01,9.249,2013,2,1,2013-02,False
2013-02-14,ITC,124.08,124.74,123.56,124.24,12006132,0.133,124.05,121.22,110.86,55.142,1.2703,1.5624,-0.2921,129.06,119.04,8.077,2013,2,1,2013-02,False
2013-02-15,ITC,123.73,124.74,123.66,124.18,7278310,-0.05,124.33,121.22,110.98,54.863,1.1634,1.4826,-0.3192,128.67,119.98,6.987,2013,2,1,2013-02,False
2013-02-18,ITC,124.12,124.3,123.42,124.06,11633478,-0.1,124.51,121.21,111.1,54.271,1.0565,1.3974,-0.3409,128.45,120.56,6.337,2013,2,1,2013-02,False
2013-02-19,ITC,123.93,124.99,123.31,124.61,5803756,0.45,124.76,121.21,111.23,56.541,1.0052,1.319,-0.3137,127.91,121.62,5.045,2013,2,1,2013-02,False
2013-02-20,ITC,125.15,126.29,123.66,123.93,11504295,-0.547,124.91,121.18,111.35,53.074,0.8992,1.235,-0.3358,127.54,122.29,4.197,2013,2,1,2013-02,False
2013-02-21,ITC,123.73,124.14,121.76,122.53,16074899,-1.133,124.9,121.1,111.47,46.717,0.6939,1.1268,-0.4329,127.58,122.21,4.296,2013,2,1,2013-02,False
2013-02-22,ITC,122.28,123.21,120.05,120.63,10156398,-1.551,124.74,121.07,111.59,39.776,0.3735,0.9761,-0.6026,128.01,121.47,5.242,2013,2,1,2013-02,False
2013-02-25,ITC,121.0,121.8,119.43,120.9,8569888,0.223,124.57,121.05,111.72,41.108,0.1396,0.8088,-0.6692,128.26,120.88,5.926,2013,2,1,2013-02,False
2013-02-26,ITC,121.04,123.25,119.31,120.15,11031449,-0.615,124.27,121.03,111.86,38.565,-0.1045,0.6262,-0.7307,128.38,120.16,6.615,2013,2,1,2013-02,False
2013-02-27,ITC,120.63,122.86,120.32,121.78,16567232,1.358,124.08,121.04,111.98,46.4,-0.1644,0.468,-0.6325,128.28,119.88,6.769,2013,2,1,2013-02,False
2013-02-28,ITC,122.22,125.54,120.3,121.78,50205465,0.0,123.81,121.08,112.11,46.4,-0.2095,0.3325,-0.542,127.88,119.75,6.569,2013,2,1,2013-02,False
2013-03-01,ITC,121.87,122.98,119.39,120.32,17510246,-1.204,123.44,121.12,112.24,40.956,-0.3594,0.1942,-0.5535,127.33,119.55,6.306,2013,3,1,2013-03,False
2013-03-04,ITC,120.32,121.47,117.57,120.83,14256708,0.429,123.14,121.16,112.37,43.471,-0.4315,0.069,-0.5006,126.83,119.44,5.996,2013,3,1,2013-03,False
2013-03-05,ITC,121.33,122.98,119.8,120.88,15811390,0.034,122.93,121.21,112.5,43.678,-0.4799,-0.0408,-0.4391,126.65,119.21,6.052,2013,3,1,2013-03,False
2013-03-06,ITC,122.22,122.22,118.29,118.58,14958148,-1.897,122.56,121.18,112.63,35.844,-0.6951,-0.1716,-0.5235,126.48,118.65,6.393,2013,3,1,2013-03,False
2013-03-07,ITC,118.21,121.78,117.84,120.77,16443754,1.846,122.32,121.21,112.76,45.835,-0.6812,-0.2736,-0.4077,126.04,118.6,6.081,2013,3,1,2013-03,False
2013-03-08,ITC,121.64,123.52,120.81,122.98,9372390,1.83,122.24,121.28,112.89,53.677,-0.4863,-0.3161,-0.1702,125.81,118.67,5.842,2013,3,1,2013-03,False
2013-03-11,ITC,123.11,123.73,122.49,122.92,6885601,-0.05,122.21,121.37,113.03,53.443,-0.3329,-0.3195,-0.0135,125.74,118.68,5.778,2013,3,1,2013-03,False
2013-03-12,ITC,122.65,124.12,121.95,123.46,6268604,0.437,122.18,121.46,113.18,55.261,-0.1661,-0.2888,0.1227,125.67,118.7,5.705,2013,3,1,2013-03,False
2013-03-13,ITC,123.11,125.07,123.11,124.61,11639177,0.937,122.21,121.6,113.33,58.975,0.0587,-0.2193,0.278,125.76,118.65,5.817,2013,3,1,2013-03,False
2013-03-14,ITC,124.61,125.54,123.93,124.72,8599115,0.083,122.23,121.75,113.48,59.3,0.2424,-0.127,0.3694,125.85,118.61,5.919,2013,3,1,2013-03,False
2013-03-15,ITC,124.78,125.17,124.41,124.72,9800403,0.0,122.26,121.91,113.64,59.3,0.3836,-0.0248,0.4084,125.94,118.57,6.029,2013,3,1,2013-03,False
2013-03-18,ITC,124.26,126.16,124.16,125.69,6293690,0.778,122.34,122.12,113.79,62.535,0.5673,0.0936,0.4737,126.26,118.42,6.405,2013,3,1,2013-03,False
2013-03-19,ITC,126.82,127.03,125.44,126.53,13253356,0.674,122.44,122.29,113.95,65.139,0.7723,0.2293,0.543,126.67,118.2,6.917,2013,3,1,2013-03,False
2013-03-20,ITC,126.0,127.24,125.65,126.91,15814368,0.294,122.58,122.52,114.12,66.247,0.9538,0.3742,0.5795,127.23,117.94,7.578,2013,3,1,2013-03,False
2013-03-21,ITC,126.93,127.2,125.67,126.0,14602797,-0.716,122.76,122.72,114.28,61.129,1.0126,0.5019,0.5107,127.65,117.87,7.965,2013,3,1,2013-03,False
2013-03-22,ITC,126.58,126.82,125.23,126.25,7996002,0.197,123.04,122.98,114.44,61.991,1.0669,0.6149,0.452,128.06,118.02,8.155,2013,3,1,2013-03,False
2013-03-25,ITC,126.47,127.24,124.45,124.92,9553762,-1.047,123.24,123.19,114.6,54.984,0.9918,0.6903,0.3015,128.22,118.26,8.079,2013,3,1,2013-03,False
2013-03-26,ITC,125.17,127.24,124.76,126.56,9322445,1.306,123.56,123.37,114.78,60.865,1.0519,0.7626,0.2893,128.53,118.6,8.037,2013,3,1,2013-03,False
2013-03-28,ITC,127.11,128.06,125.83,127.84,12958612,1.012,123.86,123.58,114.94,64.756,1.1891,0.8479,0.3412,129.1,118.62,8.461,2013,3,1,2013-03,False
2013-04-01,ITC,127.65,128.02,126.29,126.91,4215721,-0.727,124.12,123.76,115.1,60.086,1.2089,0.9201,0.2888,129.43,118.81,8.56,2013,4,2,2013-04,False
2013-04-02,ITC,126.66,127.49,125.75,126.89,6366149,-0.016,124.45,123.92,115.25,59.983,1.209,0.9779,0.2311,129.58,119.32,8.247,2013,4,2,2013-04,False
2013-04-03,ITC,126.8,127.82,125.73,127.07,7516772,0.147,124.76,124.06,115.39,60.64,1.2101,1.0243,0.1858,129.72,119.8,7.955,2013,4,2,2013-04,False
2013-04-04,ITC,126.78,126.97,123.35,123.75,6915582,-2.617,124.9,124.14,115.5,46.065,0.9319,1.0059,-0.0739,129.55,120.26,7.438,2013,4,2,2013-04,False
2013-04-05,ITC,123.71,123.71,119.8,120.34,10967923,-2.754,124.99,124.13,115.6,36.407,0.4315,0.891,-0.4595,129.18,120.8,6.698,2013,4,2,2013-04,False
2013-04-08,ITC,120.81,121.37,117.98,120.98,7847505,0.532,125.0,124.09,115.7,38.995,0.0856,0.7299,-0.6443,129.14,120.86,6.629,2013,4,2,2013-04,False
2013-04-09,ITC,121.14,122.05,118.13,118.64,9673947,-1.929,124.78,123.99,115.78,33.624,-0.3726,0.5094,-0.882,129.75,119.82,7.952,2013,4,2,2013-04,False
2013-04-10,ITC,120.21,120.21,116.15,117.67,13937871,-0.818,124.52,123.86,115.87,31.67,-0.8048,0.2466,-1.0514,130.37,118.67,9.398,2013,4,2,2013-04,False
2013-04-11,ITC,118.81,119.33,117.05,117.86,15866524,0.158,124.24,123.69,115.94,32.479,-1.1194,-0.0266,-1.0928,130.8,117.68,10.558,2013,4,2,2013-04,False
2013-04-12,ITC,118.91,122.14,118.15,121.0,13440094,2.664,124.06,123.6,116.04,44.445,-1.1027,-0.2418,-0.8608,130.77,117.35,10.822,2013,4,2,2013-04,False
2013-04-15,ITC,120.63,124.3,119.47,123.91,11683138,2.407,124.02,123.54,116.14,52.801,-0.8447,-0.3624,-0.4823,130.73,117.32,10.814,2013,4,2,2013-04,False
2013-04-16,ITC,123.87,127.61,122.98,127.22,10469351,2.667,124.15,123.52,116.26,60.129,-0.3693,-0.3638,-0.0055,131.0,117.29,11.039,2013,4,2,2013-04,False
2013-04-17,ITC,127.24,129.72,126.87,129.34,11708165,1.672,124.33,123.57,116.39,64.004,0.1771,-0.2556,0.4327,131.54,117.12,11.6,2013,4,2,2013-04,False
2013-04-18,ITC,128.52,130.75,128.19,130.25,9165780,0.703,124.51,123.68,116.53,65.544,0.6757,-0.0693,0.745,132.14,116.88,12.255,2013,4,2,2013-04,False
2013-04-22,ITC,129.57,131.37,129.32,130.96,7086991,0.539,124.72,123.78,116.67,66.729,1.1146,0.1674,0.9472,132.81,116.62,12.985,2013,4,2,2013-04,False
2013-04-23,ITC,131.16,131.37,129.74,131.2,4539153,0.189,124.98,123.89,116.81,67.158,1.4656,0.4271,1.0385,133.57,116.39,13.747,2013,4,2,2013-04,False
2013-04-25,ITC,130.27,133.54,130.21,132.13,19275779,0.708,125.27,124.04,116.93,68.785,1.798,0.7013,1.0967,134.43,116.11,14.621,2013,4,2,2013-04,False
2013-04-26,ITC,131.16,132.13,130.83,131.74,6704259,-0.297,125.61,124.2,117.08,67.27,2.0066,0.9623,1.0443,135.21,116.01,15.285,2013,4,2,2013-04,False
2013-04-29,ITC,131.41,134.26,130.81,134.12,6443266,1.803,125.99,124.41,117.24,71.378,2.3367,1.2372,1.0995,136.32,115.67,16.389,2013,4,2,2013-04,False
2013-04-30,ITC,134.67,138.64,134.67,135.85,13308971,1.294,126.39,124.64,117.41,73.951,2.7071,1.5312,1.1759,137.6,115.18,17.739,2013,4,2,2013-04,False
2013-05-02,ITC,135.31,138.37,134.34,137.79,9543366,1.429,126.94,124.91,117.58,76.496,3.1214,1.8492,1.2721,139.25,114.62,19.408,2013,5,2,2013-05,False
2013-05-03,ITC,137.63,137.73,135.87,136.61,9014815,-0.854,127.42,125.16,117.74,71.908,3.3164,2.1427,1.1737,140.48,114.37,20.492,2013,5,2,2013-05,False
2013-05-06,ITC,136.33,137.36,134.43,134.76,4110204,-1.361,127.81,125.38,117.89,65.252,3.2831,2.3708,0.9124,141.26,114.35,21.061,2013,5,2,2013-05,False
2013-05-07,ITC,134.71,138.8,134.71,138.52,7964905,2.79,128.54,125.65,118.05,71.081,3.5195,2.6005,0.919,142.67,114.42,21.976,2013,5,2,2013-05,False
2013-05-08,ITC,139.11,142.44,138.12,141.61,7407715,2.237,129.61,126.01,118.24,74.829,3.9118,2.8628,1.049,144.32,114.89,22.706,2013,5,2,2013-05,False
2013-05-09,ITC,142.29,142.91,141.14,142.32,6235467,0.496,130.68,126.4,118.43,75.601,4.2306,3.1363,1.0942,145.84,115.51,23.214,2013,5,2,2013-05,False
2013-05-10,ITC,141.94,146.3,141.28,145.89,10282713,2.511,132.04,126.91,118.64,79.111,4.7172,3.4525,1.2647,147.55,116.53,23.49,2013,5,2,2013-05,False
2013-05-13,ITC,146.24,146.24,138.12,138.72,17051566,-4.913,133.09,127.26,118.81,60.355,4.4729,3.6566,0.8163,147.3,118.88,21.347,2013,5,2,2013-05,False
2013-05-14,ITC,140.0,140.39,137.59,138.74,10596122,0.015,134.13,127.64,118.97,60.385,4.2322,3.7717,0.4605,146.59,121.68,18.569,2013,5,2,2013-05,False
2013-05-15,ITC,139.65,142.09,138.8,141.47,12882200,1.965,135.16,128.03,119.16,64.133,4.2129,3.8599,0.3529,146.37,123.95,16.59,2013,5,2,2013-05,False
2013-05-16,ITC,140.93,141.9,137.42,139.22,11503781,-1.591,135.92,128.38,119.33,59.155,3.9701,3.882,0.0881,145.93,125.92,14.719,2013,5,2,2013-05,False
2013-05-17,ITC,139.9,141.06,137.61,138.35,25342119,-0.623,136.48,128.74,119.5,57.309,3.6655,3.8387,-0.1732,145.65,127.31,13.435,2013,5,2,2013-05,False
2013-05-20,ITC,138.39,141.32,137.98,138.25,11509947,-0.075,136.92,129.09,119.67,57.081,3.3768,3.7463,-0.3695,145.48,128.37,12.493,2013,5,2,2013-05,False
2013-05-21,ITC,137.98,138.56,135.85,136.74,8003621,-1.091,137.25,129.41,119.84,53.716,2.9918,3.5954,-0.6036,145.21,129.29,11.598,2013,5,2,2013-05,False
2013-05-22,ITC,135.97,139.22,135.97,138.62,10133253,1.375,137.63,129.81,120.01,57.11,2.8061,3.4375,-0.6314,145.03,130.23,10.756,2013,5,2,2013-05,False
2013-05-23,ITC,137.73,138.78,136.47,137.36,8023579,-0.909,137.94,130.14,120.18,54.239,2.5281,3.2556,-0.7276,144.7,131.18,9.802,2013,5,2,2013-05,False
2013-05-24,ITC,137.98,138.04,135.79,136.28,11023742,-0.782,138.15,130.4,120.33,51.846,2.1958,3.0437,-0.8479,144.39,131.9,9.041,2013,5,2,2013-05,False
2013-05-27,ITC,136.33,138.23,136.12,137.94,8316915,1.213,138.46,130.7,120.49,55.126,2.0422,2.8434,-0.8012,143.93,132.98,7.906,2013,5,2,2013-05,False
2013-05-28,ITC,137.42,141.22,137.4,140.46,8513216,1.827,138.77,131.04,120.66,59.641,2.0996,2.6946,-0.595,143.91,133.64,7.406,2013,5,2,2013-05,False
2013-05-29,ITC,140.87,141.76,139.4,141.55,7100118,0.779,139.06,131.38,120.83,61.456,2.208,2.5973,-0.3893,144.15,133.97,7.318,2013,5,2,2013-05,False
2013-05-30,ITC,141.45,147.03,141.24,146.36,17541039,3.4,139.49,131.82,121.02,68.22,2.6517,2.6082,0.0435,145.49,133.49,8.604,2013,5,2,2013-05,False
2013-05-31,ITC,147.48,147.48,142.06,142.61,11554816,-2.565,139.79,132.17,121.2,59.455,2.6696,2.6205,0.0492,145.78,133.79,8.578,2013,5,2,2013-05,False
2013-06-03,ITC,142.92,143.45,139.8,140.99,7558341,-1.133,140.1,132.48,121.37,56.114,2.5244,2.6013,-0.0769,145.62,134.58,7.886,2013,6,2,2013-06,False
2013-06-04,ITC,140.91,142.11,140.6,141.52,9610688,0.372,140.25,132.78,121.54,56.96,2.4237,2.5657,-0.1421,145.76,134.74,7.852,2013,6,2,2013-06,False
2013-06-05,ITC,140.76,141.37,138.6,140.13,8687291,-0.978,140.18,133.04,121.7,54.001,2.2067,2.4939,-0.2872,145.64,134.71,7.802,2013,6,2,2013-06,False
2013-06-06,ITC,140.13,141.29,138.5,140.51,6641257,0.269,140.09,133.33,121.85,54.692,2.0417,2.4035,-0.3618,145.46,134.71,7.679,2013,6,2,2013-06,False
2013-06-07,ITC,139.71,142.02,138.94,140.07,6774172,-0.314,139.79,133.61,122.0,53.679,1.854,2.2936,-0.4396,144.43,135.16,6.631,2013,6,2,2013-06,False
2013-06-10,ITC,140.16,141.81,140.07,141.39,4959399,0.944,139.93,133.94,122.16,56.295,1.7912,2.1931,-0.4019,144.59,135.27,6.659,2013,6,2,2013-06,False
2013-06-11,ITC,140.47,141.5,139.71,140.28,10251272,-0.786,140.01,134.21,122.3,53.555,1.6329,2.0811,-0.4481,144.63,135.38,6.609,2013,6,2,2013-06,False
2013-06-12,ITC,139.63,140.11,137.64,138.88,10494305,-1.002,139.88,134.44,122.46,50.226,1.3782,1.9405,-0.5623,144.48,135.28,6.576,2013,6,2,2013-06,False
2013-06-13,ITC,138.1,138.6,135.73,137.2,12828233,-1.208,139.77,134.64,122.61,46.509,1.029,1.7582,-0.7292,144.52,135.03,6.792,2013,6,2,2013-06,False
2013-06-14,ITC,138.2,139.71,136.88,139.19,8419326,1.453,139.82,134.89,122.77,51.134,0.9027,1.5871,-0.6844,144.52,135.11,6.735,2013,6,2,2013-06,False
2013-06-17,ITC,139.63,139.63,136.82,139.23,5305728,0.03,139.87,135.13,122.92,51.23,0.7968,1.429,-0.6322,144.53,135.21,6.663,2013,6,2,2013-06,False
2013-06-18,ITC,138.69,139.34,137.74,138.52,8416458,-0.512,139.96,135.43,123.07,49.458,0.6479,1.2728,-0.6249,144.43,135.48,6.391,2013,6,2,2013-06,False
2013-06-19,ITC,138.44,138.75,137.28,138.41,7072114,-0.076,139.94,135.79,123.21,49.189,0.5154,1.1213,-0.6059,144.43,135.46,6.411,2013,6,2,2013-06,False
2013-06-20,ITC,137.55,137.58,133.84,135.39,16222500,-2.182,139.85,136.08,123.34,42.081,0.1648,0.93,-0.7652,144.65,135.05,6.864,2013,6,2,2013-06,False
2013-06-21,ITC,135.1,136.27,133.21,135.25,10469359,-0.108,139.79,136.41,123.46,41.765,-0.1235,0.7193,-0.8428,144.78,134.81,7.126,2013,6,2,2013-06,False
2013-06-24,ITC,134.41,136.61,130.63,131.91,13174419,-2.466,139.49,136.69,123.57,35.284,-0.6141,0.4526,-1.0667,145.56,133.43,8.696,2013,6,2,2013-06,False
2013-06-25,ITC,132.79,134.89,130.48,134.13,12938648,1.686,139.18,137.02,123.68,41.771,-0.814,0.1993,-1.0133,145.67,132.68,9.336,2013,6,2,2013-06,False
2013-06-26,ITC,134.99,137.16,133.72,135.5,13696270,1.017,138.87,137.31,123.8,45.386,-0.8526,-0.0111,-0.8415,145.47,132.28,9.497,2013,6,2,2013-06,False
2013-06-27,ITC,136.74,137.16,133.02,134.97,16042871,-0.387,138.31,137.53,123.93,44.248,-0.915,-0.1919,-0.7231,144.09,132.52,8.372,2013,6,2,2013-06,False
2013-06-28,ITC,135.35,138.46,134.79,136.09,14351872,0.824,137.98,137.71,124.06,47.267,-0.8647,-0.3264,-0.5383,143.48,132.48,7.966,2013,6,2,2013-06,False
2013-07-01,ITC,136.36,137.11,135.31,136.76,13805909,0.493,137.77,137.85,124.19,49.06,-0.7619,-0.4135,-0.3484,143.1,132.44,7.739,2013,7,3,2013-07,False
2013-07-02,ITC,136.36,137.01,135.31,136.3,9378833,-0.337,137.51,137.98,124.33,47.855,-0.7095,-0.4727,-0.2368,142.57,132.44,7.362,2013,7,3,2013-07,False
2013-07-03,ITC,135.85,137.41,134.32,136.92,10526108,0.462,137.35,138.1,124.47,49.67,-0.6102,-0.5002,-0.11,142.26,132.43,7.153,2013,7,3,2013-07,False
2013-07-04,ITC,136.99,142.57,136.92,142.17,10017235,3.83,137.43,138.31,124.64,61.65,-0.107,-0.4216,0.3145,142.61,132.24,7.546,2013,7,3,2013-07,False
2013-07-05,ITC,143.49,144.75,142.9,143.74,7077513,1.107,137.61,138.55,124.8,64.389,0.4139,-0.2545,0.6684,143.41,131.81,8.433,2013,7,3,2013-07,False
2013-07-08,ITC,143.16,146.26,142.13,145.46,8258683,1.197,137.82,138.82,124.97,67.151,0.9545,-0.0127,0.9672,144.41,131.22,9.567,2013,7,3,2013-07,False
2013-07-09,ITC,144.94,146.78,144.94,145.78,7207959,0.216,138.09,139.05,125.15,67.645,1.3924,0.2683,1.124,145.52,130.66,10.762,2013,7,3,2013-07,False
2013-07-10,ITC,146.39,146.39,143.95,144.98,6978260,-0.547,138.4,139.24,125.32,64.977,1.6559,0.5458,1.1101,146.44,130.35,11.623,2013,7,3,2013-07,False
2013-07-11,ITC,147.62,148.69,145.09,148.27,7181688,2.272,138.95,139.45,125.53,70.206,2.1063,0.8579,1.2483,148.09,129.8,13.163,2013,7,3,2013-07,False
2013-07-12,ITC,148.21,148.21,145.84,147.1,6640357,-0.792,139.34,139.66,125.75,66.398,2.3414,1.1546,1.1868,149.19,129.5,14.132,2013,7,3,2013-07,False
2013-07-15,ITC,147.83,148.25,145.92,147.94,6913287,0.57,139.78,139.92,125.96,67.744,2.5659,1.4369,1.129,150.35,129.21,15.122,2013,7,3,2013-07,False
2013-07-16,ITC,146.01,151.88,146.01,151.06,10138682,2.113,140.41,140.17,126.17,72.209,2.9618,1.7419,1.22,152.09,128.72,16.643,2013,7,3,2013-07,False
2013-07-17,ITC,151.46,155.41,151.36,154.55,18657124,2.305,141.21,140.43,126.41,76.167,3.5161,2.0967,1.4194,154.44,127.98,18.737,2013,7,3,2013-07,False
2013-07-18,ITC,154.5,156.04,153.06,154.67,11876973,0.081,142.18,140.68,126.65,76.298,3.9204,2.4614,1.4589,156.39,127.96,19.998,2013,7,3,2013-07,False
2013-07-19,ITC,154.61,156.04,153.22,154.84,8416022,0.109,143.16,140.86,126.88,76.484,4.2058,2.8103,1.3955,158.05,128.27,20.802,2013,7,3,2013-07,False
2013-07-22,ITC,154.09,155.45,153.75,154.74,6178646,-0.068,144.3,141.18,127.1,76.082,4.3731,3.1229,1.2502,159.06,129.54,20.456,2013,7,3,2013-07,False
2013-07-23,ITC,155.39,157.8,155.01,157.65,7698275,1.885,145.47,141.55,127.33,79.335,4.687,3.4357,1.2513,160.57,130.38,20.75,2013,7,3,2013-07,False
2013-07-24,ITC,157.55,159.43,154.78,157.67,11098230,0.013,146.58,141.88,127.55,79.357,4.8811,3.7248,1.1564,161.85,131.32,20.826,2013,7,3,2013-07,False
2013-07-25,ITC,156.88,156.92,149.26,150.58,22053243,-4.497,147.36,142.11,127.75,57.373,4.412,3.8622,0.5498,161.7,133.03,19.451,2013,7,3,2013-07,False
2013-07-26,ITC,151.32,156.39,146.7,154.46,18237723,2.577,148.28,142.43,127.95,63.356,4.3038,3.9505,0.3532,161.91,134.66,18.379,2013,7,3,2013-07,False
2013-07-29,ITC,153.14,154.27,149.2,150.18,8271173,-2.771,148.95,142.67,128.13,54.304,3.8285,3.9261,-0.0976,161.47,136.44,16.802,2013,7,3,2013-07,False
2013-07-30,ITC,149.2,150.46,146.43,147.1,5800384,-2.053,149.49,142.87,128.29,48.884,3.1666,3.7742,-0.6077,160.56,138.43,14.798,2013,7,3,2013-07,False
2013-07-31,ITC,146.85,148.9,140.99,143.37,20733349,-2.539,149.82,142.97,128.43,43.254,2.314,3.4822,-1.1682,159.64,139.99,13.118,2013,7,3,2013-07,False
2013-08-01,ITC,144.12,146.45,141.41,142.4,9914519,-0.673,149.83,143.07,128.56,41.911,1.5426,3.0943,-1.5516,159.62,140.04,13.067,2013,8,3,2013-08,False
2013-08-02,ITC,142.65,144.33,138.31,139.69,9392407,-1.9,149.63,143.14,128.67,38.317,0.7048,2.6164,-1.9115,160.09,139.16,13.986,2013,8,3,2013-08,False
2013-08-05,ITC,139.82,143.05,139.36,140.72,8968417,0.736,149.39,143.19,128.79,40.407,0.1224,2.1176,-1.9952,160.45,138.33,14.805,2013,8,3,2013-08,False
2013-08-06,ITC,140.7,140.89,138.04,138.56,11537641,-1.535,149.03,143.16,128.89,37.528,-0.5077,1.5925,-2.1002,161.01,137.04,16.086,2013,8,3,2013-08,False
2013-08-07,ITC,138.88,139.61,133.63,135.14,12292430,-2.468,148.54,143.03,128.98,33.465,-1.2683,1.0204,-2.2887,161.94,135.13,18.055,2013,8,3,2013-08,False
2013-08-08,ITC,135.14,137.28,134.43,136.51,9466948,1.009,147.95,142.83,129.06,36.421,-1.741,0.4681,-2.2091,162.4,133.5,19.533,2013,8,3,2013-08,False
2013-08-12,ITC,138.41,141.6,136.36,140.83,19052782,3.166,147.63,142.79,129.17,44.794,-1.7468,0.0251,-1.7719,162.43,132.84,20.043,2013,8,3,2013-08,False
2013-08-13,ITC,141.56,142.32,139.55,140.22,15484074,-0.432,147.25,142.78,129.25,43.917,-1.7799,-0.3359,-1.444,162.41,132.09,20.591,2013,8,3,2013-08,False
2013-08-14,ITC,139.78,141.39,138.08,140.49,10010708,0.194,146.72,142.76,129.35,44.442,-1.7639,-0.6215,-1.1424,162.05,131.38,20.905,2013,8,3,2013-08,False
2013-08-16,ITC,140.13,141.81,133.21,134.43,18695389,-4.315,145.71,142.64,129.42,36.306,-2.2148,-0.9402,-1.2747,161.52,129.91,21.695,2013,8,3,2013-08,False
2013-08-19,ITC,134.43,135.04,130.06,131.7,12856446,-2.029,144.56,142.47,129.48,33.348,-2.7604,-1.3042,-1.4562,160.96,128.17,22.678,2013,8,3,2013-08,False
2013-08-20,ITC,130.99,135.39,127.13,132.29,19429002,0.446,143.44,142.31,129.54,34.584,-3.1096,-1.6653,-1.4443,159.95,126.92,23.032,2013,8,3,2013-08,False
2013-08-21,ITC,134.26,134.64,124.25,126.23,15496832,-4.583,142.01,142.01,129.59,28.674,-3.8314,-2.0985,-1.7329,159.32,124.7,24.384,2013,8,3,2013-08,False
2013-08-22,ITC,126.29,130.36,121.67,129.2,20889755,2.36,140.59,141.79,129.65,34.589,-4.1156,-2.5019,-1.6136,157.15,124.03,23.56,2013,8,3,2013-08,False
2013-08-23,ITC,129.52,130.0,126.31,129.44,15306783,0.179,139.18,141.6,129.72,35.038,-4.2729,-2.8561,-1.4168,154.36,123.99,21.823,2013,8,3,2013-08,False
2013-08-26,ITC,130.17,131.18,128.41,129.02,9031368,-0.324,138.1,141.44,129.78,34.573,-4.3809,-3.1611,-1.2199,152.93,123.26,21.485,2013,8,3,2013-08,False
2013-08-27,ITC,128.49,128.7,121.95,124.99,17972729,-3.122,136.62,141.15,129.81,30.401,-4.737,-3.4763,-1.2607,150.44,122.81,20.218,2013,8,3,2013-08,False
2013-08-28,ITC,124.19,127.88,119.66,125.11,21508924,0.101,135.37,140.87,129.84,30.682,-4.9519,-3.7714,-1.1805,148.54,122.21,19.451,2013,8,3,2013-08,False
2013-08-29,ITC,125.74,129.65,123.77,128.2,18027050,2.465,134.43,140.66,129.88,37.367,-4.8179,-3.9807,-0.8372,146.73,122.12,18.309,2013,8,3,2013-08,False
2013-08-30,ITC,128.39,130.9,125.87,129.52,17712666,1.031,133.73,140.48,129.93,40.036,-4.5525,-4.095,-0.4575,145.47,122.0,17.548,2013,8,3,2013-08,False
2013-09-02,ITC,130.06,135.85,129.56,134.43,14240134,3.79,133.34,140.47,130.01,48.768,-3.9011,-4.0563,0.1551,144.35,122.32,16.52,2013,9,3,2013-09,False
2013-09-03,ITC,134.85,135.79,124.02,126.16,20983697,-6.149,132.66,140.28,130.05,38.581,-4.0057,-4.0461,0.0405,143.69,121.63,16.631,2013,9,3,2013-09,False
2013-09-04,ITC,127.97,127.97,123.18,125.81,21763209,-0.283,131.91,140.16,130.11,38.21,-4.0704,-4.051,-0.0194,142.66,121.16,16.297,2013,9,3,2013-09,False
2013-09-05,ITC,129.12,132.75,129.02,130.97,14149234,4.102,131.53,140.1,130.2,46.26,-3.663,-3.9734,0.3104,141.82,121.25,15.642,2013,9,3,2013-09,False
2013-09-06,ITC,131.32,133.76,130.19,132.75,11458530,1.361,131.41,140.04,130.28,48.745,-3.1599,-3.8107,0.6508,141.58,121.25,15.471,2013,9,3,2013-09,False
2013-09-10,ITC,134.26,141.98,133.84,140.93,18861194,6.163,131.64,140.16,130.4,58.278,-2.077,-3.464,1.3869,142.44,120.83,16.416,2013,9,3,2013-09,False
2013-09-11,ITC,140.97,141.39,137.22,138.44,11738218,-1.771,131.52,140.21,130.5,54.922,-1.4041,-3.052,1.6479,141.94,121.09,15.85,2013,9,3,2013-09,False
2013-09-12,ITC,139.19,142.19,138.14,141.18,16830618,1.985,131.56,140.3,130.61,57.803,-0.6417,-2.5699,1.9283,142.16,120.96,16.113,2013,9,3,2013-09,False
2013-09-13,ITC,141.75,142.19,138.44,139.02,11429753,-1.53,131.49,140.35,130.72,54.835,-0.2094,-2.0978,1.8885,141.85,121.13,15.753,2013,9,3,2013-09,False
2013-09-16,ITC,140.58,142.23,138.6,140.11,11057970,0.785,131.77,140.42,130.82,56.062,0.2187,-1.6345,1.8533,142.76,120.79,16.679,2013,9,3,2013-09,False
2013-09-17,ITC,139.34,142.57,139.11,142.11,6832496,1.422,132.29,140.41,130.93,58.29,0.7106,-1.1655,1.8761,144.22,120.37,18.021,2013,9,3,2013-09,False
2013-09-18,ITC,143.07,144.75,142.32,144.14,10523047,1.432,132.89,140.42,131.03,60.493,1.2503,-0.6823,1.9326,145.93,119.84,19.632,2013,9,3,2013-09,False
2013-09-19,ITC,146.18,149.57,146.11,149.13,15353164,3.464,134.03,140.5,131.16,65.332,2.0571,-0.1344,2.1915,148.55,119.51,21.668,2013,9,3,2013-09,False
2013-09-20,ITC,148.9,150.2,145.3,149.07,13341518,-0.042,135.03,140.56,131.3,65.224,2.6607,0.4246,2.2361,150.82,119.23,23.392,2013,9,3,2013-09,False
2013-09-23,ITC,147.31,149.78,145.44,146.78,8171977,-1.534,135.89,140.6,131.42,61.246,2.921,0.9239,1.9971,152.29,119.5,24.128,2013,9,3,2013-09,False
2013-09-24,ITC,145.71,148.38,144.83,146.41,13086701,-0.257,136.76,140.56,131.54,60.589,3.0614,1.3514,1.71,153.46,120.06,24.422,2013,9,3,2013-09,False
2013-09-25,ITC,146.64,146.85,141.33,144.64,11272774,-1.204,137.75,140.51,131.64,57.489,2.996,1.6803,1.3157,153.83,121.66,23.354,2013,9,3,2013-09,False
2013-09-26,ITC,144.04,146.85,143.07,146.55,12304592,1.32,138.82,140.48,131.75,59.883,3.0629,1.9568,1.1061,154.2,123.44,22.162,2013,9,3,2013-09,False
2013-09-27,ITC,147.23,147.23,144.77,145.97,8599981,-0.401,139.71,140.38,131.85,58.786,3.0336,2.1722,0.8614,154.55,124.86,21.248,2013,9,3,2013-09,False
2013-09-30,ITC,144.9,145.38,141.96,142.82,8652819,-2.156,140.37,140.15,131.94,53.166,2.725,2.2827,0.4422,154.47,126.28,20.081,2013,9,3,2013-09,False
2013-10-01,ITC,142.8,144.12,141.81,143.91,6647152,0.764,140.85,139.93,132.03,54.78,2.5392,2.334,0.2052,154.73,126.96,19.721,2013,10,4,2013-10,False
2013-10-03,ITC,145.17,145.17,141.39,142.13,12020302,-1.239,141.64,139.68,132.13,51.647,2.2224,2.3117,-0.0893,153.69,129.6,17.012,2013,10,4,2013-10,False
2013-10-04,ITC,142.13,143.39,140.7,142.59,6919912,0.325,142.48,139.44,132.23,52.405,1.9857,2.2465,-0.2608,151.95,133.02,13.286,2013,10,4,2013-10,False
2013-10-07,ITC,142.19,143.05,139.3,142.67,8143249,0.059,143.07,139.14,132.34,52.551,1.7844,2.1541,-0.3697,150.83,135.31,10.849,2013,10,4,2013-10,False
2013-10-08,ITC,143.6,146.28,142.48,145.86,8714072,2.235,143.72,138.9,132.46,57.837,1.8606,2.0954,-0.2348,149.86,137.59,8.538,2013,10,4,2013-10,False
2013-10-09,ITC,145.8,147.06,144.14,146.24,8084153,0.259,143.99,138.81,132.59,58.427,1.9293,2.0622,-0.1329,150.08,137.9,8.454,2013,10,4,2013-10,False
2013-10-10,ITC,145.46,147.18,144.62,145.65,5327196,-0.402,144.35,138.64,132.73,57.088,1.9143,2.0326,-0.1183,149.88,138.82,7.662,2013,10,4,2013-10,False
2013-10-11,ITC,146.26,146.83,142.95,143.57,5551234,-1.426,144.47,138.5,132.85,52.504,1.715,1.9691,-0.2541,149.81,139.13,7.395,2013,10,4,2013-10,False
2013-10-14,ITC,144.12,144.12,142.09,142.57,4174761,-0.701,144.65,138.41,132.97,50.392,1.459,1.8671,-0.4081,149.43,139.86,6.619,2013,10,4,2013-10,False
2013-10-15,ITC,142.23,143.83,139.86,142.65,7804813,0.059,144.77,138.4,133.09,50.57,1.2485,1.7434,-0.4949,149.17,140.37,6.079,2013,10,4,2013-10,False
2013-10-17,ITC,142.65,145.38,142.32,144.96,7001561,1.618,144.92,138.45,133.22,55.33,1.2534,1.6454,-0.3919,149.13,140.7,5.82,2013,10,4,2013-10,False
2013-10-18,ITC,145.88,149.41,144.81,148.76,12205708,2.619,145.15,138.63,133.36,61.841,1.5459,1.6255,-0.0796,149.68,140.62,6.245,2013,10,4,2013-10,False
2013-10-21,ITC,148.95,149.36,143.91,144.62,10146755,-2.778,144.92,138.71,133.49,52.817,1.4278,1.5859,-0.1582,149.05,140.79,5.696,2013,10,4,2013-10,False
2013-10-22,ITC,143.66,144.67,142.86,143.3,6778420,-0.914,144.63,138.8,133.62,50.29,1.2135,1.5115,-0.2979,148.32,140.94,5.102,2013,10,4,2013-10,False
2013-10-23,ITC,143.55,144.54,142.02,143.32,7369486,0.015,144.46,138.97,133.74,50.331,1.0335,1.4159,-0.3824,148.05,140.87,4.968,2013,10,4,2013-10,False
2013-10-24,ITC,143.66,146.16,142.74,143.81,10032443,0.337,144.33,139.11,133.88,51.316,0.9192,1.3165,-0.3974,147.81,140.85,4.82,2013,10,4,2013-10,False
2013-10-25,ITC,144.71,145.59,140.97,142.67,9141374,-0.788,144.23,139.15,134.01,48.865,0.7287,1.199,-0.4702,147.78,140.68,4.925,2013,10,4,2013-10,False
2013-10-28,ITC,141.81,141.81,136.9,137.6,20979323,-3.558,143.78,139.1,134.12,39.709,0.1663,0.9924,-0.8262,148.24,139.32,6.205,2013,10,4,2013-10,False
2013-10-29,ITC,137.32,139.32,135.52,137.58,17718103,-0.015,143.36,139.04,134.22,39.676,-0.278,0.7383,-1.0163,148.49,138.24,7.151,2013,10,4,2013-10,False
2013-10-30,ITC,138.25,139.92,136.59,139.76,16308034,1.586,143.21,139.15,134.34,44.824,-0.4488,0.5009,-0.9497,148.58,137.84,7.501,2013,10,4,2013-10,False
2013-10-31,ITC,139.02,141.18,138.6,140.55,17085463,0.57,143.04,139.32,134.46,46.617,-0.514,0.2979,-0.8119,148.53,137.56,7.673,2013,10,4,2013-10,False
2013-11-01,ITC,139.78,140.13,137.2,137.64,10738775,-2.075,142.82,139.43,134.58,41.328,-0.7918,0.08,-0.8718,148.81,136.83,8.388,2013,11,4,2013-11,False
2013-11-05,ITC,138.08,138.41,133.46,133.84,20264398,-2.759,142.38,139.58,134.68,35.654,-1.3033,-0.1967,-1.1066,149.59,135.17,10.132,2013,11,4,2013-11,False
2013-11-06,ITC,134.26,135.33,133.09,133.72,9455959,-0.094,141.93,139.67,134.76,35.481,-1.6993,-0.4972,-1.2021,150.12,133.75,11.532,2013,11,4,2013-11,False
2013-11-07,ITC,133.86,135.85,132.16,134.45,11236270,0.549,141.36,139.77,134.85,37.398,-1.9316,-0.7841,-1.1475,149.97,132.75,12.183,2013,11,4,2013-11,False
2013-11-08,ITC,134.62,135.81,133.09,134.07,6918568,-0.281,140.75,139.87,134.93,36.793,-2.1217,-1.0516,-1.0701,149.63,131.88,12.611,2013,11,4,2013-11,False
2013-11-11,ITC,133.38,135.06,131.37,132.86,9778374,-0.908,140.11,140.03,135.0,34.835,-2.3435,-1.31,-1.0335,149.34,130.89,13.171,2013,11,4,2013-11,False
2013-11-12,ITC,133.42,134.64,132.92,134.22,6633652,1.026,139.65,140.21,135.07,38.767,-2.3818,-1.5243,-0.8575,149.08,130.21,13.512,2013,11,4,2013-11,False
2013-11-13,ITC,134.26,134.26,131.53,131.81,7681690,-1.797,139.11,140.29,135.13,34.77,-2.5771,-1.7349,-0.8422,149.06,129.16,14.301,2013,11,4,2013-11,False
2013-11-14,ITC,130.9,133.42,130.9,131.93,6680746,0.096,138.57,140.33,135.18,35.145,-2.6907,-1.9261,-0.7647,148.87,128.28,14.855,2013,11,4,2013-11,False
2013-11-18,ITC,132.58,137.2,132.58,136.82,13010277,3.705,138.17,140.38,135.25,47.736,-2.3592,-2.0127,-0.3465,148.03,128.3,14.278,2013,11,4,2013-11,False
2013-11-19,ITC,137.16,137.47,135.31,135.73,7460717,-0.797,137.51,140.57,135.31,45.608,-2.1595,-2.0421,-0.1175,146.07,128.96,12.439,2013,11,4,2013-11,False
2013-11-20,ITC,135.67,136.72,134.26,134.58,11691152,-0.85,137.01,140.75,135.36,43.404,-2.0706,-2.0478,-0.0228,144.97,129.06,11.61,2013,11,4,2013-11,False
2013-11-21,ITC,133.97,134.26,130.53,131.3,10374316,-2.432,136.41,140.76,135.39,37.821,-2.2383,-2.0859,-0.1524,144.18,128.65,11.383,2013,11,4,2013-11,False
2013-11-22,ITC,132.14,132.54,129.12,129.52,9296542,-1.358,135.72,140.69,135.41,35.167,-2.4865,-2.166,-0.3205,143.35,128.09,11.243,2013,11,4,2013-11,False
2013-11-25,ITC,130.63,132.96,130.48,132.67,6767726,2.43,135.16,140.53,135.44,42.797,-2.4016,-2.2131,-0.1885,141.88,128.45,9.939,2013,11,4,2013-11,False
2013-11-26,ITC,132.27,132.67,129.67,130.38,10613086,-1.724,134.55,140.36,135.45,39.188,-2.4901,-2.2685,-0.2216,140.59,128.51,8.978,2013,11,4,2013-11,False
2013-11-27,ITC,129.67,132.25,129.67,131.81,7647866,1.094,134.26,140.18,135.48,42.448,-2.4172,-2.2982,-0.119,140.24,128.28,8.907,2013,11,4,2013-11,False
2013-11-28,ITC,132.58,132.92,130.9,131.53,10565222,-0.207,133.96,140.03,135.51,41.985,-2.3544,-2.3095,-0.0449,139.84,128.07,8.785,2013,11,4,2013-11,False
2013-11-29,ITC,131.34,134.68,131.34,134.43,7762627,2.201,133.69,139.91,135.55,48.422,-2.0474,-2.257,0.2097,138.92,128.47,7.816,2013,11,4,2013-11,False
2013-12-02,ITC,134.66,135.81,133.69,134.89,5281591,0.343,133.41,139.77,135.6,49.387,-1.7467,-2.155,0.4083,137.57,129.24,6.244,2013,12,4,2013-12,False
2013-12-03,ITC,135.08,135.08,133.19,133.92,5785728,-0.715,133.22,139.57,135.64,47.392,-1.5682,-2.0376,0.4694,136.9,129.55,5.514,2013,12,4,2013-12,False
2013-12-04,ITC,133.84,134.01,130.84,131.26,6843370,-1.989,133.09,139.21,135.68,42.31,-1.623,-1.9547,0.3317,136.86,129.33,5.653,2013,12,4,2013-12,False
2013-12-05,ITC,132.58,133.61,129.04,129.54,16005883,-1.311,132.89,138.82,135.71,39.374,-1.7846,-1.9207,0.136,136.95,128.82,6.122,2013,12,4,2013-12,False
2013-12-06,ITC,129.96,131.05,129.41,130.51,13210184,0.745,132.69,138.49,135.74,41.813,-1.814,-1.8993,0.0854,136.82,128.56,6.226,2013,12,4,2013-12,False
2013-12-09,ITC,132.58,133.25,130.34,131.34,9736518,0.643,132.55,138.19,135.78,43.926,-1.7494,-1.8693,0.12,136.67,128.43,6.213,2013,12,4,2013-12,False
2013-12-10,ITC,131.43,133.63,131.32,133.38,16726976,1.549,132.58,137.96,135.82,48.782,-1.5165,-1.7988,0.2823,136.71,128.45,6.234,2013,12,4,2013-12,False
2013-12-11,ITC,133.0,134.99,133.0,134.62,10911954,0.928,132.6,137.73,135.88,51.532,-1.218,-1.6826,0.4646,136.77,128.43,6.289,2013,12,4,2013-12,False
2013-12-12,ITC,134.62,135.1,132.46,132.92,6493545,-1.262,132.65,137.47,135.92,47.742,-1.1058,-1.5673,0.4614,136.81,128.5,6.264,2013,12,4,2013-12,False
2013-12-13,ITC,132.41,133.21,131.05,132.29,7430787,-0.473,132.67,137.25,135.96,46.382,-1.0555,-1.4649,0.4094,136.82,128.53,6.248,2013,12,4,2013-12,False
2013-12-16,ITC,131.89,132.16,130.36,131.24,6639191,-0.793,132.39,137.0,136.0,44.125,-1.0878,-1.3895,0.3017,136.09,128.7,5.584,2013,12,4,2013-12,False
2013-12-17,ITC,132.1,132.52,130.95,132.29,8485441,0.799,132.22,136.8,136.06,46.907,-1.017,-1.315,0.298,135.57,128.87,5.061,2013,12,4,2013-12,False
2013-12-18,ITC,132.29,133.27,131.24,132.39,12437966,0.079,132.11,136.6,136.12,47.19,-0.9415,-1.2403,0.2988,135.27,128.95,4.783,2013,12,4,2013-12,False
2013-12-19,ITC,133.0,133.21,130.53,131.6,11657325,-0.602,132.13,136.38,136.18,45.217,-0.9353,-1.1793,0.244,135.27,128.98,4.763,2013,12,4,2013-12,False
2013-12-20,ITC,131.74,132.54,130.21,132.25,15604452,0.494,132.26,136.11,136.23,47.158,-0.8679,-1.117,0.2491,135.16,129.36,4.381,2013,12,4,2013-12,False
2013-12-23,ITC,132.25,134.22,132.1,133.92,9074237,1.269,132.33,135.86,136.29,51.897,-0.6713,-1.0279,0.3566,135.31,129.34,4.516,2013,12,4,2013-12,False
2013-12-24,ITC,134.16,134.26,133.21,133.86,6855665,-0.047,132.5,135.62,136.36,51.709,-0.5146,-0.9252,0.4106,135.41,129.58,4.4,2013,12,4,2013-12,False
2013-12-26,ITC,133.88,134.85,133.3,134.37,16056626,0.376,132.63,135.44,136.42,53.165,-0.3459,-0.8093,0.4635,135.64,129.62,4.539,2013,12,4,2013-12,False
2013-12-27,ITC,134.68,135.79,134.26,135.29,8496764,0.687,132.82,135.29,136.5,55.796,-0.1361,-0.6747,0.5386,136.0,129.63,4.798,2013,12,4,2013-12,False
2013-12-30,ITC,135.1,135.94,134.26,135.27,5980792,-0.015,132.86,135.15,136.58,55.72,0.0282,-0.5341,0.5623,136.15,129.56,4.962,2013,12,4,2013-12,False
2013-12-31,ITC,135.52,135.94,134.39,135.04,5407304,-0.171,132.86,134.95,136.65,54.828,0.1381,-0.3997,0.5378,136.18,129.55,4.991,2013,12,4,2013-12,False
2014-01-01,ITC,135.23,135.69,134.72,135.27,1930884,0.171,132.93,134.68,136.71,55.593,0.2411,-0.2715,0.5126,136.39,129.47,5.202,2014,1,1,2014-01,False
2014-01-02,ITC,135.25,136.36,131.87,132.14,7046088,-2.311,132.98,134.43,136.76,44.575,0.0697,-0.2033,0.273,136.37,129.59,5.098,2014,1,1,2014-01,False
2014-01-03,ITC,132.16,132.58,130.21,132.06,12462028,-0.064,133.1,134.2,136.8,44.321,-0.0721,-0.177,0.1049,136.12,130.08,4.536,2014,1,1,2014-01,False
2014-01-06,ITC,132.16,132.88,131.53,132.44,8469206,0.286,133.2,133.99,136.84,45.817,-0.1522,-0.1721,0.0198,135.98,130.41,4.18,2014,1,1,2014-01,False
2014-01-07,ITC,132.79,133.17,131.22,132.88,8078735,0.333,133.27,133.77,136.88,47.586,-0.1781,-0.1733,-0.0049,135.92,130.62,3.977,2014,1,1,2014-01,False
2014-01-08,ITC,133.21,133.42,131.64,132.94,7763390,0.047,133.25,133.57,136.92,47.848,-0.1914,-0.1769,-0.0145,135.91,130.6,3.983,2014,1,1,2014-01,False
2014-01-09,ITC,132.88,132.88,131.18,132.41,7959027,-0.395,133.14,133.47,136.96,45.794,-0.2414,-0.1898,-0.0516,135.74,130.54,3.902,2014,1,1,2014-01,False
2014-01-10,ITC,133.3,136.15,131.74,135.35,9541138,2.218,133.26,133.43,137.0,56.943,-0.0436,-0.1606,0.117,136.04,130.49,4.165,2014,1,1,2014-01,False
2014-01-13,ITC,135.77,136.9,135.35,136.55,6603277,0.883,133.48,133.36,137.05,60.504,0.2073,-0.087,0.2943,136.57,130.38,4.638,2014,1,1,2014-01,False
2014-01-14,ITC,136.78,138.46,135.88,136.13,7859778,-0.307,133.72,133.27,137.1,58.671,0.368,0.004,0.364,136.84,130.6,4.671,2014,1,1,2014-01,False
2014-01-15,ITC,136.4,138.25,134.83,137.97,9189578,1.356,134.01,133.28,137.16,63.861,0.637,0.1306,0.5064,137.58,130.43,5.337,2014,1,1,2014-01,False
2014-01-16,ITC,138.04,138.83,135.79,136.57,4928354,-1.019,134.21,133.33,137.22,57.899,0.7284,0.2502,0.4782,137.88,130.55,5.463,2014,1,1,2014-01,False
2014-01-17,ITC,136.78,137.62,135.31,136.3,11712237,-0.2,134.45,133.39,137.27,56.791,0.7699,0.3541,0.4158,138.01,130.89,5.296,2014,1,1,2014-01,False
2014-01-20,ITC,136.15,138.67,135.56,138.54,8938669,1.647,134.76,133.47,137.32,63.057,0.9728,0.4778,0.4949,138.61,130.92,5.702,2014,1,1,2014-01,False
2014-01-21,ITC,138.56,139.44,137.83,138.06,7243659,-0.348,134.97,133.55,137.37,61.009,1.0821,0.5987,0.4834,139.06,130.88,6.059,2014,1,1,2014-01,False
2014-01-22,ITC,137.83,137.93,135.44,137.34,11806241,-0.517,135.14,133.64,137.43,58.01,1.0985,0.6987,0.3999,139.33,130.96,6.194,2014,1,1,2014-01,False
2014-01-23,ITC,136.92,138.46,136.48,138.02,6535486,0.489,135.33,133.71,137.48,60.003,1.1524,0.7894,0.363,139.68,130.97,6.439,2014,1,1,2014-01,False
2014-01-24,ITC,137.58,138.62,135.69,136.04,5324998,-1.429,135.37,133.8,137.54,52.169,1.0242,0.8364,0.1878,139.73,131.0,6.455,2014,1,1,2014-01,False
2014-01-27,ITC,134.47,136.57,133.69,136.02,9599991,-0.015,135.4,133.88,137.62,52.092,0.9104,0.8512,0.0592,139.78,131.02,6.467,2014,1,1,2014-01,False
2014-01-28,ITC,136.0,137.6,133.8,137.05,13619641,0.756,135.5,133.88,137.7,55.591,0.8929,0.8595,0.0334,139.94,131.07,6.546,2014,1,1,2014-01,False
2014-01-29,ITC,137.32,137.83,136.02,136.36,9476826,-0.505,135.56,133.9,137.79,52.794,0.8138,0.8504,-0.0366,140.01,131.11,6.565,2014,1,1,2014-01,False
2014-01-30,ITC,134.91,136.65,133.42,136.19,15933336,-0.123,135.76,133.93,137.88,52.11,0.7291,0.8261,-0.097,139.91,131.61,6.119,2014,1,1,2014-01,False
2014-01-31,ITC,136.32,136.65,135.14,136.4,9742894,0.154,135.98,134.03,137.98,52.931,0.6712,0.7951,-0.1239,139.75,132.2,5.553,2014,1,1,2014-01,False
2014-02-03,ITC,135.37,136.25,134.13,134.39,6870129,-1.476,136.08,134.13,138.04,44.958,0.4575,0.7276,-0.2701,139.55,132.6,5.114,2014,2,1,2014-02,False
2014-02-04,ITC,133.63,136.67,132.54,136.32,13377546,1.436,136.25,134.2,138.1,52.364,0.4389,0.6699,-0.231,139.38,133.11,4.605,2014,2,1,2014-02,False
2014-02-05,ITC,135.31,136.25,133.21,133.82,9475363,-1.831,136.29,134.27,138.14,44.099,0.2201,0.5799,-0.3598,139.25,133.33,4.345,2014,2,1,2014-02,False
2014-02-06,ITC,134.26,136.48,132.79,136.17,12047787,1.756,136.48,134.36,138.17,51.808,0.2336,0.5107,-0.277,138.82,134.14,3.424,2014,2,1,2014-02,False
2014-02-07,ITC,137.2,137.2,134.34,135.71,12389542,-0.339,136.5,134.44,138.2,50.34,0.2048,0.4495,-0.2447,138.8,134.19,3.378,2014,2,1,2014-02,False
2014-02-10,ITC,135.33,136.51,134.68,136.36,7082805,0.479,136.49,134.48,138.23,52.388,0.2317,0.4059,-0.1742,138.79,134.18,3.379,2014,2,1,2014-02,False
2014-02-11,ITC,135.98,136.88,135.33,136.4,7869507,0.031,136.5,134.51,138.25,52.524,0.2535,0.3754,-0.122,138.8,134.2,3.37,2014,2,1,2014-02,False
2014-02-12,ITC,136.57,137.2,133.84,134.49,9472266,-1.4,136.33,134.52,138.26,46.073,0.1154,0.3234,-0.208,138.68,133.97,3.458,2014,2,1,2014-02,False
2014-02-13,ITC,134.55,135.52,132.27,132.96,4303860,-1.139,136.15,134.55,138.27,41.654,-0.1163,0.2355,-0.3518,138.94,133.35,4.101,2014,2,1,2014-02,False
2014-02-14,ITC,133.46,134.39,132.04,134.18,6031797,0.915,136.04,134.65,138.27,46.079,-0.1994,0.1485,-0.3479,138.97,133.12,4.301,2014,2,1,2014-02,False
2014-02-17,ITC,134.68,135.2,133.23,134.3,5141648,0.094,135.83,134.72,138.26,46.531,-0.2522,0.0683,-0.3206,138.6,133.06,4.083,2014,2,1,2014-02,False
2014-02-18,ITC,134.26,134.91,132.65,132.96,6074237,-1.0,135.57,134.76,138.24,42.446,-0.3979,-0.0249,-0.373,138.42,132.73,4.2,2014,2,1,2014-02,False
2014-02-19,ITC,133.34,133.78,132.62,132.86,3359398,-0.079,135.35,134.75,138.22,42.134,-0.5158,-0.1231,-0.3927,138.31,132.38,4.38,2014,2,1,2014-02,False
2014-02-20,ITC,132.58,132.98,130.65,130.84,7077222,-1.516,134.99,134.67,138.2,36.587,-0.7629,-0.251,-0.5119,138.31,131.67,4.92,2014,2,1,2014-02,False
2014-02-21,ITC,131.53,133.36,131.16,133.25,7146272,1.844,134.85,134.68,138.17,45.794,-0.7554,-0.3519,-0.4035,138.22,131.48,4.996,2014,2,1,2014-02,False
2014-02-24,ITC,132.58,134.47,132.58,134.28,4309197,0.771,134.76,134.72,138.14,49.18,-0.6589,-0.4133,-0.2456,138.1,131.43,4.943,2014,2,1,2014-02,False
2014-02-25,ITC,133.88,135.27,133.88,135.08,5560257,0.594,134.67,134.79,138.1,51.699,-0.5122,-0.4331,-0.0791,137.82,131.51,4.691,2014,2,1,2014-02,False
2014-02-26,ITC,135.44,138.39,135.31,137.93,12391503,2.112,134.74,134.91,138.06,59.448,-0.1639,-0.3793,0.2154,138.15,131.34,5.053,2014,2,1,2014-02,False
2014-02-28,ITC,136.34,139.3,136.34,137.47,12367281,-0.335,134.81,135.01,138.05,57.832,0.0741,-0.2886,0.3627,138.37,131.24,5.287,2014,2,1,2014-02,False
2014-03-03,ITC,137.53,138.85,136.8,138.12,9759053,0.473,134.89,135.14,138.05,59.503,0.3116,-0.1685,0.4801,138.69,131.09,5.635,2014,3,1,2014-03,False
2014-03-04,ITC,138.62,140.13,137.7,139.15,9650893,0.744,135.13,135.28,138.04,62.062,0.5761,-0.0196,0.5957,139.37,130.89,6.272,2014,3,1,2014-03,False
2014-03-05,ITC,139.19,140.11,138.23,139.84,6304100,0.498,135.31,135.39,138.04,63.724,0.832,0.1507,0.6813,140.02,130.6,6.965,2014,3,1,2014-03,False
2014-03-06,ITC,139.59,140.62,138.6,140.37,5899637,0.375,135.64,135.52,138.05,64.976,1.0649,0.3335,0.7313,140.8,130.47,7.615,2014,3,1,2014-03,False
2014-03-07,ITC,139.34,142.4,138.88,141.88,20820893,1.076,135.92,135.67,138.07,68.363,1.3557,0.538,0.8177,141.79,130.05,8.638,2014,3,1,2014-03,False
2014-03-10,ITC,140.97,141.81,140.24,140.81,9347006,-0.754,136.18,135.78,138.09,63.667,1.4827,0.7269,0.7558,142.44,129.91,9.196,2014,3,1,2014-03,False
2014-03-11,ITC,140.72,141.1,137.95,140.13,9354714,-0.477,136.36,135.88,138.1,60.842,1.5118,0.8839,0.6279,142.87,129.86,9.544,2014,3,1,2014-03,False
2014-03-12,ITC,140.26,143.91,140.24,143.07,10726780,2.096,136.7,136.04,138.13,67.612,1.7516,1.0574,0.6942,143.86,129.53,10.484,2014,3,1,2014-03,False
2014-03-13,ITC,143.22,145.5,143.2,144.08,6257265,0.704,137.18,136.22,138.17,69.555,1.9999,1.2459,0.754,144.98,129.38,11.37,2014,3,1,2014-03,False
2014-03-14,ITC,143.53,146.07,142.65,145.67,6897445,1.107,137.81,136.49,138.21,72.381,2.2988,1.4565,0.8423,146.21,129.41,12.191,2014,3,1,2014-03,False
2014-03-18,ITC,146.85,149.78,145.86,149.32,13749124,2.506,138.57,136.84,138.25,77.524,2.7979,1.7248,1.0732,148.23,128.91,13.938,2014,3,1,2014-03,False
2014-03-19,ITC,149.36,151.04,149.18,150.92,8840284,1.068,139.4,137.2,138.3,79.335,3.2843,2.0367,1.2477,150.29,128.51,15.625,2014,3,1,2014-03,False
2014-03-20,ITC,150.43,150.43,147.81,149.28,11469950,-1.084,140.22,137.53,138.31,72.85,3.4975,2.3288,1.1686,151.51,128.92,16.113,2014,3,1,2014-03,False
2014-03-21,ITC,149.57,150.5,147.92,150.08,11193774,0.534,141.08,137.88,138.35,73.966,3.6882,2.6007,1.0875,152.64,129.52,16.383,2014,3,1,2014-03,False
2014-03-24,ITC,149.39,152.43,149.09,151.32,10948547,0.825,142.1,138.25,138.4,75.641,3.8943,2.8594,1.0349,153.47,130.74,15.994,2014,3,1,2014-03,False
2014-03-25,ITC,150.62,153.14,150.5,152.22,9008127,0.596,143.05,138.59,138.45,76.812,4.0834,3.1042,0.9791,154.47,131.63,15.966,2014,3,1,2014-03,False
2014-03-26,ITC,152.3,152.53,148.42,150.64,15149289,-1.034,143.87,138.87,138.51,70.451,4.0594,3.2953,0.7642,154.98,132.75,15.452,2014,3,1,2014-03,False
2014-03-27,ITC,150.62,152.18,149.39,151.0,26459965,0.237,144.66,139.17,138.56,71.036,4.0229,3.4408,0.5821,155.4,133.93,14.847,2014,3,1,2014-03,False
2014-03-28,ITC,151.67,151.67,148.53,150.39,9733769,-0.403,145.29,139.42,138.61,68.541,3.8999,3.5326,0.3673,155.83,134.75,14.507,2014,3,1,2014-03,False
2014-03-31,ITC,150.69,151.46,146.7,148.04,12461507,-1.562,145.82,139.65,138.64,59.805,3.5716,3.5404,0.0312,155.75,135.89,13.62,2014,3,1,2014-03,False
2014-04-01,ITC,148.32,148.36,145.11,147.67,10255405,-0.255,146.29,139.88,138.68,58.514,3.2436,3.4811,-0.2374,155.56,137.03,12.671,2014,4,2,2014-04,False
2014-04-02,ITC,147.94,148.11,142.8,144.48,26083709,-2.159,146.56,139.99,138.71,48.913,2.6953,3.3239,-0.6286,155.25,137.87,11.861,2014,4,2,2014-04,False
2014-04-03,ITC,144.58,145.86,142.97,145.13,10760165,0.45,146.82,140.14,138.75,50.69,2.2869,3.1165,-0.8296,154.96,138.69,11.082,2014,4,2,2014-04,False
2014-04-04,ITC,145.55,146.34,143.62,144.64,10707643,-0.332,147.04,140.28,138.78,49.319,1.9023,2.8737,-0.9713,154.67,139.41,10.378,2014,4,2,2014-04,False
2014-04-07,ITC,144.64,145.5,142.92,144.94,11748896,0.203,147.19,140.42,138.8,50.202,1.6028,2.6195,-1.0167,154.5,139.88,9.932,2014,4,2,2014-04,False
2014-04-09,ITC,145.0,146.64,143.91,145.99,9400948,0.724,147.45,140.62,138.84,53.329,1.4335,2.3823,-0.9488,154.15,140.75,9.085,2014,4,2,2014-04,False
2014-04-10,ITC,146.09,146.72,143.91,144.27,11032927,-1.178,147.66,140.78,138.87,48.005,1.1474,2.1353,-0.988,153.62,141.69,8.076,2014,4,2,2014-04,False
2014-04-11,ITC,143.83,144.67,142.8,144.12,12132005,-0.102,147.71,140.93,138.91,47.569,0.8984,1.8879,-0.9896,153.52,141.9,7.865,2014,4,2,2014-04,False
2014-04-15,ITC,143.78,144.31,141.27,143.05,7200749,-0.742,147.66,141.06,138.95,44.401,0.6077,1.6319,-1.0242,153.62,141.7,8.073,2014,4,2,2014-04,False
2014-04-16,ITC,143.05,145.86,143.05,145.19,6787207,1.496,147.63,141.24,139.02,51.376,0.5437,1.4143,-0.8705,153.63,141.64,8.126,2014,4,2,2014-04,False
2014-04-17,ITC,145.67,148.42,144.33,148.21,8527505,2.081,147.58,141.48,139.09,59.164,0.7284,1.2771,-0.5487,153.53,141.63,8.067,2014,4,2,2014-04,False
2014-04-21,ITC,147.85,149.24,146.47,148.27,6880755,0.042,147.45,141.75,139.15,59.31,0.8698,1.1956,-0.3258,153.2,141.69,7.806,2014,4,2,2014-04,False
2014-04-22,ITC,148.06,148.55,146.45,147.16,5147127,-0.75,147.34,141.97,139.21,55.527,0.882,1.1329,-0.2509,153.03,141.65,7.724,2014,4,2,2014-04,False
2014-04-23,ITC,147.69,148.95,146.24,148.19,11759510,0.698,147.25,142.26,139.28,58.183,0.9635,1.099,-0.1355,152.81,141.69,7.552,2014,4,2,2014-04,False
2014-04-24,ITC,148.19,148.19,148.19,148.19,0,0.0,147.09,142.5,139.33,58.183,1.0163,1.0825,-0.0661,152.33,141.84,7.132,2014,4,2,2014-04,False
2014-04-25,ITC,148.4,149.36,143.7,144.1,7124547,-2.76,146.68,142.67,139.37,45.612,0.7198,1.0099,-0.2901,151.5,141.87,6.562,2014,4,2,2014-04,False
2014-04-28,ITC,144.94,144.94,142.65,143.49,7566809,-0.422,146.33,142.81,139.4,44.087,0.4308,0.8941,-0.4633,150.96,141.69,6.333,2014,4,2,2014-04,False
2014-04-29,ITC,143.07,143.87,142.02,142.78,6681067,-0.497,145.92,142.94,139.41,42.301,0.1426,0.7438,-0.6012,150.25,141.58,5.944,2014,4,2,2014-04,False
2014-04-30,ITC,142.78,144.73,142.06,142.97,6704337,0.132,145.54,143.11,139.4,42.96,-0.0698,0.5811,-0.6509,149.52,141.56,5.468,2014,4,2,2014-04,False
2014-05-02,ITC,143.11,143.7,142.65,142.76,4510618,-0.147,145.28,143.3,139.39,42.381,-0.2522,0.4144,-0.6666,149.26,141.3,5.483,2014,5,2,2014-05,False
2014-05-05,ITC,142.86,144.96,142.86,144.62,6812515,1.308,145.13,143.51,139.38,48.973,-0.2432,0.2829,-0.5261,148.96,141.3,5.276,2014,5,2,2014-05,False
2014-05-06,ITC,145.17,147.27,144.88,145.99,7776414,0.943,145.2,143.74,139.39,53.185,-0.1247,0.2014,-0.3261,149.04,141.37,5.281,2014,5,2,2014-05,False
2014-05-07,ITC,146.01,147.02,144.96,145.44,7307541,-0.374,145.22,143.99,139.38,51.359,-0.0739,0.1463,-0.2202,149.05,141.38,5.282,2014,5,2,2014-05,False
2014-05-08,ITC,145.59,145.95,142.9,143.55,8634471,-1.298,145.16,144.21,139.36,45.53,-0.1839,0.0803,-0.2641,149.06,141.26,5.373,2014,5,2,2014-05,False
2014-05-09,ITC,143.83,146.51,143.18,144.98,8210979,0.994,145.17,144.49,139.34,50.135,-0.1541,0.0334,-0.1875,149.07,141.27,5.372,2014,5,2,2014-05,False
2014-05-12,ITC,144.9,151.04,144.75,150.69,11539433,3.936,145.4,144.84,139.34,63.446,0.3261,0.0919,0.2342,150.01,140.79,6.34,2014,5,2,2014-05,False
2014-05-13,ITC,151.04,153.08,150.2,151.4,11467467,0.473,145.76,145.18,139.32,64.714,0.7555,0.2247,0.5309,151.05,140.46,7.263,2014,5,2,2014-05,False
2014-05-14,ITC,151.59,154.82,151.59,153.41,10709542,1.33,146.22,145.55,139.32,68.081,1.244,0.4285,0.8155,152.46,139.99,8.529,2014,5,2,2014-05,False
2014-05-15,ITC,153.41,155.11,152.78,154.46,9930518,0.684,146.79,145.88,139.32,69.702,1.6962,0.6821,1.0142,153.84,139.74,9.604,2014,5,2,2014-05,False
2014-05-16,ITC,155.15,162.58,147.9,149.76,40343155,-3.042,147.02,146.12,139.29,55.982,1.6564,0.8769,0.7794,154.15,139.9,9.694,2014,5,2,2014-05,False
2014-05-19,ITC,151.04,151.46,141.18,141.85,25167174,-5.281,146.7,146.2,139.21,41.261,0.9753,0.8966,0.0787,154.17,139.24,10.173,2014,5,2,2014-05,False
2014-05-20,ITC,143.49,148.95,140.37,143.01,9597444,0.813,146.44,146.28,139.14,43.591,0.5227,0.8218,-0.2991,154.04,138.84,10.378,2014,5,2,2014-05,False
2014-05-21,ITC,142.46,143.87,142.11,143.34,11070806,0.235,146.25,146.35,139.1,44.284,0.1889,0.6952,-0.5064,153.96,138.54,10.549,2014,5,2,2014-05,False
2014-05-22,ITC,143.91,145.8,142.8,145.09,10932427,1.215,146.09,146.44,139.06,47.86,0.0641,0.569,-0.5049,153.77,138.42,10.506,2014,5,2,2014-05,False
2014-05-23,ITC,146.43,146.51,142.95,143.95,10369650,-0.781,145.88,146.48,139.03,45.8,-0.1248,0.4303,-0.555,153.55,138.22,10.508,2014,5,2,2014-05,False
2014-05-26,ITC,145.09,145.92,142.71,144.6,12807080,0.452,145.91,146.56,139.01,47.205,-0.2194,0.3003,-0.5198,153.55,138.26,10.477,2014,5,2,2014-05,False
2014-05-27,ITC,144.75,145.84,143.57,144.25,7111658,-0.247,145.95,146.64,139.02,46.493,-0.3196,0.1763,-0.4959,153.55,138.35,10.415,2014,5,2,2014-05,False
2014-05-28,ITC,144.33,144.41,142.9,143.85,6491105,-0.276,146.0,146.66,139.02,45.665,-0.4262,0.0558,-0.482,153.52,138.48,10.303,2014,5,2,2014-05,False
2014-05-29,ITC,144.75,146.01,142.82,143.7,15904432,-0.102,146.04,146.65,139.04,45.344,-0.5165,-0.0586,-0.4579,153.5,138.57,10.224,2014,5,2,2014-05,False
2014-05-30,ITC,144.67,144.67,141.04,143.39,11472325,-0.219,146.07,146.6,139.06,44.621,-0.6066,-0.1682,-0.4383,153.48,138.65,10.15,2014,5,2,2014-05,False
2014-06-02,ITC,143.49,143.95,140.72,141.25,11280670,-1.492,145.9,146.44,139.07,39.956,-0.8409,-0.3028,-0.5381,153.6,138.2,10.554,2014,6,2,2014-06,False
2014-06-03,ITC,142.48,143.42,141.49,142.52,11193101,0.902,145.72,146.27,139.11,43.729,-0.9132,-0.4248,-0.4884,153.57,137.88,10.768,2014,6,2,2014-06,False
2014-06-04,ITC,142.14,142.69,140.53,141.47,15654413,-0.735,145.53,146.12,139.13,41.425,-1.043,-0.5485,-0.4945,153.6,137.45,11.095,2014,6,2,2014-06,False
2014-06-05,ITC,141.52,143.59,139.36,142.67,22003710,0.846,145.48,145.97,139.14,44.992,-1.0374,-0.6463,-0.3911,153.61,137.35,11.174,2014,6,2,2014-06,False
2014-06-06,ITC,143.2,144.85,142.37,143.93,16024262,0.884,145.43,145.82,139.16,48.548,-0.9205,-0.7011,-0.2194,153.59,137.27,11.215,2014,6,2,2014-06,False
2014-06-09,ITC,144.74,145.71,143.33,144.47,12511733,0.371,145.12,145.67,139.18,50.021,-0.7758,-0.7161,-0.0598,152.9,137.34,10.718,2014,6,2,2014-06,False
2014-06-10,ITC,144.91,145.32,143.01,144.21,8811973,-0.178,144.76,145.54,139.23,49.292,-0.6741,-0.7077,0.0336,151.96,137.56,9.944,2014,6,2,2014-06,False
2014-06-11,ITC,144.91,145.21,141.28,142.48,17591289,-1.201,144.21,145.37,139.28,44.564,-0.7248,-0.7111,-0.0137,150.2,138.22,8.306,2014,6,2,2014-06,False
2014-06-12,ITC,142.78,143.72,141.56,142.82,10194744,0.24,143.63,145.22,139.34,45.673,-0.729,-0.7147,-0.0144,147.2,140.06,4.969,2014,6,2,2014-06,False
2014-06-13,ITC,144.0,144.0,141.86,142.18,8416552,-0.449,143.25,145.1,139.42,43.9,-0.7752,-0.7268,-0.0484,145.41,141.09,3.012,2014,6,2,2014-06,False
2014-06-16,ITC,142.88,144.23,142.26,143.72,10149136,1.082,143.34,145.02,139.49,49.014,-0.6797,-0.7174,0.0377,145.41,141.28,2.877,2014,6,2,2014-06,False
2014-06-17,ITC,143.61,144.55,142.93,143.65,6098558,-0.045,143.38,145.0,139.56,48.814,-0.6023,-0.6944,0.0921,145.44,141.32,2.874,2014,6,2,2014-06,False
2014-06-18,ITC,143.82,143.97,142.03,142.33,6865546,-0.922,143.33,144.95,139.63,44.757,-0.6405,-0.6836,0.0431,145.44,141.21,2.949,2014,6,2,2014-06,False
2014-06-19,ITC,143.14,144.02,142.44,143.74,8788560,0.991,143.26,144.93,139.72,49.563,-0.5506,-0.657,0.1064,145.22,141.3,2.732,2014,6,2,2014-06,False
2014-06-20,ITC,143.85,144.59,142.52,143.5,6990450,-0.164,143.24,144.9,139.81,48.801,-0.4926,-0.6241,0.1315,145.17,141.3,2.7,2014,6,2,2014-06,False
2014-06-23,ITC,143.2,143.2,133.59,134.63,33376555,-6.181,142.74,144.67,139.84,30.037,-1.1492,-0.7291,-0.4201,146.97,138.51,5.925,2014,6,2,2014-06,False
2014-06-24,ITC,134.66,137.95,134.66,137.01,18077894,1.762,142.38,144.53,139.88,37.013,-1.4613,-0.8756,-0.5857,147.25,137.5,6.848,2014,6,2,2014-06,False
2014-06-25,ITC,136.41,136.66,134.87,135.1,13574151,-1.388,141.94,144.35,139.88,34.079,-1.8408,-1.0686,-0.7722,147.74,136.14,8.172,2014,6,2,2014-06,False
2014-06-26,ITC,134.66,135.87,134.01,135.19,13659957,0.063,141.51,144.19,139.93,34.331,-2.1104,-1.277,-0.8334,147.98,135.05,9.138,2014,6,2,2014-06,False
2014-06-27,ITC,135.51,137.2,135.13,136.69,11439941,1.107,141.18,144.02,139.98,38.743,-2.1782,-1.4572,-0.721,147.92,134.43,9.556,2014,6,2,2014-06,False
2014-06-30,ITC,137.05,139.96,137.03,138.95,22314069,1.658,141.06,143.84,140.02,44.793,-2.0258,-1.571,-0.4549,147.88,134.24,9.667,2014,6,2,2014-06,False
2014-07-01,ITC,140.04,140.04,138.5,139.02,14962757,0.046,140.89,143.65,140.06,44.958,-1.8782,-1.6324,-0.2458,147.73,134.05,9.711,2014,7,3,2014-07,False
2014-07-02,ITC,139.42,141.15,139.14,140.79,9306027,1.276,140.85,143.52,140.05,49.476,-1.5996,-1.6258,0.0262,147.69,134.02,9.705,2014,7,3,2014-07,False
2014-07-03,ITC,140.85,142.2,140.55,141.64,10115952,0.607,140.8,143.39,140.07,51.54,-1.2949,-1.5597,0.2647,147.6,134.01,9.649,2014,7,3,2014-07,False
2014-07-04,ITC,142.01,143.25,141.05,142.52,10708319,0.619,140.73,143.28,140.08,53.631,-0.9715,-1.442,0.4705,147.42,134.05,9.5,2014,7,3,2014-07,False
2014-07-07,ITC,142.52,143.63,140.94,143.12,17027402,0.42,140.66,143.26,140.1,55.058,-0.6594,-1.2855,0.6261,147.22,134.11,9.316,2014,7,3,2014-07,False
2014-07-08,ITC,142.78,144.25,141.71,143.55,15803786,0.299,140.63,143.26,140.12,56.097,-0.3732,-1.103,0.7299,147.11,134.15,9.22,2014,7,3,2014-07,False
2014-07-09,ITC,143.85,146.62,143.5,145.98,26261085,1.697,140.81,143.32,140.13,61.552,0.0497,-0.8725,0.9222,147.68,133.94,9.759,2014,7,3,2014-07,False
2014-07-10,ITC,145.58,149.19,144.06,146.26,42430312,0.19,140.98,143.39,140.15,62.13,0.4026,-0.6175,1.0201,148.22,133.73,10.279,2014,7,3,2014-07,False
2014-07-11,ITC,147.48,149.83,146.62,147.86,14437515,1.096,141.26,143.49,140.14,65.365,0.8024,-0.3335,1.1359,149.13,133.4,11.133,2014,7,3,2014-07,False
2014-07-14,ITC,148.44,149.32,145.9,147.46,6912659,-0.275,141.45,143.55,140.13,63.876,1.074,-0.052,1.126,149.73,133.17,11.702,2014,7,3,2014-07,False
2014-07-15,ITC,147.69,148.74,145.94,146.35,5904027,-0.754,141.58,143.56,140.13,59.859,1.186,0.1956,0.9904,150.1,133.07,12.023,2014,7,3,2014-07,False
2014-07-16,ITC,146.07,147.56,145.34,147.14,8598157,0.54,141.82,143.59,140.13,61.704,1.3233,0.4211,0.9021,150.69,132.96,12.501,2014,7,3,2014-07,False
2014-07-17,ITC,146.67,147.91,146.45,147.16,5706924,0.015,142.0,143.66,140.14,61.756,1.4174,0.6204,0.7971,151.14,132.85,12.884,2014,7,3,2014-07,False
2014-07-18,ITC,146.62,148.33,146.07,147.09,6100526,-0.044,142.18,143.7,140.15,61.49,1.47,0.7903,0.6797,151.58,132.77,13.236,2014,7,3,2014-07,False
2014-07-21,ITC,147.48,149.62,147.09,149.55,8177341,1.671,142.92,143.68,140.17,67.295,1.6904,0.9703,0.7201,152.18,133.67,12.953,2014,7,3,2014-07,False
2014-07-22,ITC,150.04,151.26,149.49,150.86,8148776,0.872,143.61,143.67,140.21,69.887,1.9479,1.1658,0.7821,153.08,134.15,13.178,2014,7,3,2014-07,False
2014-07-23,ITC,151.11,151.75,149.25,151.18,8044919,0.213,144.42,143.63,140.24,70.507,2.153,1.3633,0.7897,153.56,135.27,12.664,2014,7,3,2014-07,False
2014-07-24,ITC,151.33,152.65,150.69,152.37,6278041,0.792,145.28,143.58,140.29,72.758,2.3847,1.5676,0.8171,153.99,136.56,11.995,2014,7,3,2014-07,False
2014-07-25,ITC,152.61,153.55,150.64,152.74,8495970,0.238,146.08,143.64,140.34,73.422,2.568,1.7676,0.8003,154.41,137.75,11.404,2014,7,3,2014-07,False
2014-07-28,ITC,151.86,153.14,151.58,152.69,4496205,-0.028,146.77,143.86,140.39,73.196,2.6789,1.9499,0.729,154.88,138.65,11.063,2014,7,3,2014-07,False
2014-07-30,ITC,154.06,155.82,152.99,153.57,11848905,0.574,147.49,144.07,140.43,74.901,2.8052,2.1209,0.6842,155.29,139.7,10.571,2014,7,3,2014-07,False
2014-07-31,ITC,153.04,153.89,151.33,152.2,10259935,-0.891,148.07,144.25,140.46,67.667,2.763,2.2494,0.5137,155.45,140.68,9.981,2014,7,3,2014-07,False
2014-08-01,ITC,152.18,153.02,148.83,149.42,9545592,-1.826,148.45,144.34,140.48,55.864,2.4769,2.2949,0.182,155.21,141.7,9.105,2014,8,3,2014-08,False
2014-08-04,ITC,151.33,151.75,149.32,151.54,6475186,1.416,148.91,144.49,140.52,61.388,2.3933,2.3145,0.0787,155.18,142.63,8.432,2014,8,3,2014-08,False
2014-08-05,ITC,152.18,152.69,149.0,152.18,4971636,0.423,149.36,144.64,140.57,62.903,2.3516,2.322,0.0297,155.17,143.55,7.781,2014,8,3,2014-08,False
2014-08-06,ITC,151.5,151.9,147.09,147.93,7650927,-2.795,149.58,144.71,140.6,49.132,1.9529,2.2481,-0.2953,154.76,144.39,6.933,2014,8,3,2014-08,False
2014-08-07,ITC,148.06,149.89,146.82,148.01,4920727,0.058,149.68,144.8,140.61,49.371,1.6251,2.1235,-0.4985,154.64,144.72,6.632,2014,8,3,2014-08,False
2014-08-08,ITC,147.59,149.4,146.71,149.0,4388250,0.664,149.82,144.9,140.61,52.166,1.4281,1.9844,-0.5563,154.53,145.1,6.289,2014,8,3,2014-08,False
2014-08-11,ITC,149.83,150.41,147.93,148.63,5595000,-0.244,149.85,145.01,140.63,51.044,1.2286,1.8333,-0.6047,154.51,145.2,6.214,2014,8,3,2014-08,False
2014-08-12,ITC,149.49,149.49,146.84,148.36,4348476,-0.187,149.9,145.15,140.66,50.157,1.0361,1.6738,-0.6378,154.47,145.32,6.105,2014,8,3,2014-08,False
2014-08-13,ITC,149.4,153.04,148.55,152.74,10789938,2.953,150.22,145.35,140.7,61.522,1.223,1.5837,-0.3607,154.64,145.8,5.886,2014,8,3,2014-08,False
2014-08-14,ITC,152.55,154.68,151.75,152.55,6878404,-0.126,150.49,145.57,140.75,60.866,1.3401,1.5349,-0.1948,154.78,146.2,5.697,2014,8,3,2014-08,False
2014-08-18,ITC,151.58,151.75,148.14,149.89,7225243,-1.737,150.63,145.72,140.78,52.55,1.2052,1.469,-0.2638,154.63,146.62,5.318,2014,8,3,2014-08,False
2014-08-19,ITC,150.04,150.62,148.48,149.02,8052736,-0.585,150.72,145.82,140.84,50.112,1.0158,1.3784,-0.3625,154.45,146.99,4.951,2014,8,3,2014-08,False
2014-08-20,ITC,150.04,150.04,147.01,147.46,7099498,-1.047,150.62,145.88,140.89,46.018,0.7315,1.249,-0.5175,154.6,146.64,5.283,2014,8,3,2014-08,False
2014-08-21,ITC,147.46,148.76,147.16,147.97,6235710,0.348,150.47,145.96,140.93,47.535,0.5412,1.1074,-0.5662,154.62,146.33,5.513,2014,8,3,2014-08,False
2014-08-22,ITC,148.01,148.7,146.0,146.9,7123904,-0.722,150.26,146.04,140.96,44.715,0.3008,0.9461,-0.6453,154.69,145.83,5.891,2014,8,3,2014-08,False
2014-08-25,ITC,148.21,149.62,146.88,149.32,4210814,1.644,150.11,146.17,141.02,51.691,0.3016,0.8172,-0.5156,154.43,145.78,5.767,2014,8,3,2014-08,False
2014-08-26,ITC,149.6,151.24,149.42,150.66,6166860,0.902,150.0,146.34,141.11,55.093,0.4063,0.735,-0.3288,154.16,145.84,5.545,2014,8,3,2014-08,False
2014-08-27,ITC,151.18,151.71,150.19,150.62,7417246,-0.028,149.9,146.48,141.19,54.96,0.4802,0.6841,-0.2038,153.87,145.92,5.305,2014,8,3,2014-08,False
2014-08-28,ITC,150.47,152.61,150.41,151.88,13099525,0.837,149.81,146.65,141.28,58.153,0.6333,0.6739,-0.0406,153.53,146.1,4.953,2014,8,3,2014-08,False
2014-09-01,ITC,153.04,153.04,149.47,149.85,7340711,-1.337,149.7,146.8,141.36,51.787,0.584,0.6559,-0.0719,153.23,146.16,4.725,2014,9,3,2014-09,False
2014-09-02,ITC,149.83,152.27,149.19,151.63,7618002,1.184,149.81,146.95,141.45,56.289,0.6803,0.6608,0.0195,153.44,146.17,4.855,2014,9,3,2014-09,False
2014-09-03,ITC,151.88,152.05,148.89,149.15,10204218,-1.635,149.69,147.07,141.53,49.353,0.5501,0.6387,-0.0885,153.24,146.13,4.747,2014,9,3,2014-09,False
2014-09-04,ITC,149.45,150.84,149.23,149.79,9127941,0.43,149.57,147.37,141.62,51.033,0.4931,0.6095,-0.1165,152.92,146.21,4.486,2014,9,3,2014-09,False
2014-09-05,ITC,149.87,150.47,148.91,149.96,7591967,0.114,149.67,147.63,141.71,51.496,0.4564,0.5789,-0.1225,152.94,146.4,4.367,2014,9,3,2014-09,False
2014-09-08,ITC,150.9,151.75,149.72,151.31,6563491,0.898,149.83,147.95,141.78,55.091,0.5298,0.5691,-0.0392,153.08,146.59,4.336,2014,9,3,2014-09,False
2014-09-09,ITC,150.04,153.72,150.04,153.12,6017390,1.201,150.04,148.31,141.86,59.457,0.7263,0.6005,0.1258,153.58,146.5,4.713,2014,9,3,2014-09,False
2014-09-10,ITC,152.61,152.61,149.94,150.07,10499079,-1.996,150.11,148.58,141.94,50.552,0.6281,0.6061,0.0221,153.59,146.64,4.628,2014,9,3,2014-09,False
2014-09-11,ITC,150.07,150.88,149.4,150.13,9151782,0.043,150.2,148.8,142.04,50.719,0.5492,0.5947,-0.0455,153.57,146.83,4.492,2014,9,3,2014-09,False
2014-09-12,ITC,150.13,153.02,150.11,152.03,8462450,1.267,150.17,149.06,142.15,55.512,0.6328,0.6023,0.0305,153.44,146.89,4.362,2014,9,3,2014-09,False
2014-09-15,ITC,151.52,151.75,149.62,150.34,6591435,-1.111,150.05,149.26,142.24,50.79,0.5564,0.5931,-0.0367,153.14,146.97,4.106,2014,9,3,2014-09,False
2014-09-16,ITC,150.3,151.88,149.62,150.96,8095323,0.412,150.11,149.44,142.34,52.391,0.5396,0.5824,-0.0428,153.21,147.0,4.138,2014,9,3,2014-09,False
2014-09-17,ITC,151.11,153.25,150.39,151.65,9693797,0.453,150.24,149.62,142.44,54.163,0.5749,0.5809,-0.006,153.37,147.11,4.172,2014,9,3,2014-09,False
2014-09-18,ITC,151.8,153.46,150.98,153.34,6594580,1.113,150.53,149.83,142.55,58.291,0.7307,0.6109,0.1198,153.67,147.4,4.17,2014,9,3,2014-09,False
2014-09-19,ITC,153.04,154.23,151.41,153.64,8646616,0.195,150.82,150.03,142.64,58.995,0.8683,0.6624,0.206,154.0,147.63,4.226,2014,9,3,2014-09,False
2014-09-22,ITC,153.46,159.02,152.78,158.49,13115537,3.158,151.4,150.28,142.76,68.337,1.3533,0.8006,0.5527,155.63,147.17,5.589,2014,9,3,2014-09,False
2014-09-23,ITC,158.17,160.26,157.23,158.51,14202136,0.013,151.86,150.53,142.89,68.371,1.7195,0.9843,0.7352,157.03,146.68,6.812,2014,9,3,2014-09,False
2014-09-24,ITC,158.42,162.01,158.34,161.24,10508318,1.726,152.38,150.79,143.04,72.468,2.2051,1.2285,0.9766,159.01,145.76,8.689,2014,9,3,2014-09,False
2014-09-25,ITC,161.37,162.4,159.15,161.01,13621698,-0.146,152.9,151.06,143.19,71.61,2.5417,1.4911,1.0505,160.5,145.31,9.935,2014,9,3,2014-09,False
2014-09-26,ITC,160.11,160.92,157.57,158.89,10573858,-1.314,153.25,151.31,143.33,64.234,2.6076,1.7144,0.8932,161.29,145.22,10.482,2014,9,3,2014-09,False
2014-09-29,ITC,158.47,159.41,155.82,156.5,3128759,-1.507,153.59,151.5,143.46,57.073,2.4386,1.8593,0.5793,161.58,145.6,10.403,2014,9,3,2014-09,False
2014-09-30,ITC,155.77,159.19,155.17,158.25,10195275,1.12,153.92,151.72,143.58,60.541,2.4182,1.971,0.4471,162.11,145.72,10.647,2014,9,3,2014-09,False
2014-10-01,ITC,158.17,158.17,155.32,155.64,4091374,-1.648,154.24,151.89,143.69,53.601,2.1666,2.0101,0.1564,162.15,146.34,10.253,2014,10,4,2014-10,False
2014-10-07,ITC,155.05,156.63,153.08,155.07,10091137,-0.371,154.51,152.01,143.8,52.176,1.8988,1.9879,-0.0891,162.14,146.88,9.875,2014,10,4,2014-10,False
2014-10-08,ITC,155.17,157.29,154.85,156.33,8661042,0.813,154.83,152.11,143.92,54.993,1.7679,1.9439,-0.176,162.18,147.47,9.502,2014,10,4,2014-10,False
2014-10-09,ITC,156.48,157.44,155.54,156.24,6208759,-0.055,155.07,152.22,144.05,54.757,1.6384,1.8828,-0.2444,162.26,147.88,9.27,2014,10,4,2014-10,False
2014-10-10,ITC,155.86,156.16,150.62,150.94,5365779,-3.393,154.96,152.19,144.14,42.583,1.0954,1.7253,-0.6299,162.34,147.59,9.52,2014,10,4,2014-10,False
2014-10-13,ITC,150.86,150.86,148.42,149.85,5717478,-0.722,154.95,152.13,144.23,40.585,0.5706,1.4944,-0.9238,162.36,147.55,9.56,2014,10,4,2014-10,False
2014-10-14,ITC,149.85,150.47,146.84,148.33,8105627,-1.013,154.86,152.04,144.31,37.917,0.0318,1.2018,-1.17,162.55,147.17,9.932,2014,10,4,2014-10,False
2014-10-15,ITC,148.33,148.33,148.33,148.33,0,0.0,154.68,151.94,144.39,37.917,-0.3907,0.8833,-1.274,162.82,146.54,10.528,2014,10,4,2014-10,False
2014-10-16,ITC,147.48,151.11,146.82,150.66,13245841,1.571,154.69,151.91,144.47,44.422,-0.5314,0.6004,-1.1318,162.8,146.59,10.482,2014,10,4,2014-10,False
2014-10-17,ITC,150.43,153.85,150.19,151.31,11709385,0.426,154.71,151.94,144.56,46.096,-0.5844,0.3634,-0.9478,162.79,146.64,10.439,2014,10,4,2014-10,False
2014-10-20,ITC,151.75,152.97,149.96,150.47,8346354,-0.551,154.65,151.92,144.64,44.231,-0.6858,0.1536,-0.8394,162.84,146.47,10.586,2014,10,4,2014-10,False
2014-10-21,ITC,150.51,150.86,148.76,150.19,6726352,-0.185,154.5,151.88,144.72,43.597,-0.7796,-0.033,-0.7465,162.91,146.09,10.887,2014,10,4,2014-10,False
2014-10-22,ITC,150.66,150.9,148.98,149.19,8451846,-0.669,154.27,151.91,144.79,41.296,-0.9243,-0.2113,-0.713,163.01,145.54,11.323,2014,10,4,2014-10,False
2014-10-27,ITC,150.15,150.22,148.76,149.42,5825822,0.158,153.82,151.94,144.86,42.067,-1.0084,-0.3707,-0.6377,162.57,145.07,11.382,2014,10,4,2014-10,False
2014-10-28,ITC,150.15,150.39,149.13,149.68,5101908,0.172,153.38,151.95,144.93,42.947,-1.0423,-0.505,-0.5373,162.03,144.73,11.277,2014,10,4,2014-10,False
2014-10-29,ITC,150.86,151.75,149.75,151.52,7158670,1.228,152.89,152.01,145.03,48.935,-0.9104,-0.5861,-0.3243,160.73,145.05,10.258,2014,10,4,2014-10,False
2014-10-30,ITC,150.94,152.93,150.26,151.71,15426750,0.127,152.43,152.08,145.13,49.532,-0.7813,-0.6252,-0.1562,159.28,145.57,8.996,2014,10,4,2014-10,False
2014-10-31,ITC,152.55,153.89,150.58,151.84,15343260,0.085,152.07,152.06,145.22,49.952,-0.6611,-0.6323,-0.0287,158.22,145.93,8.081,2014,10,4,2014-10,False
2014-11-03,ITC,152.57,152.89,150.98,151.95,7727962,0.07,151.85,152.05,145.32,50.323,-0.5508,-0.616,0.0652,157.63,146.07,7.615,2014,11,4,2014-11,False
2014-11-05,ITC,152.05,153.81,151.97,153.53,7884245,1.041,151.61,152.12,145.42,55.573,-0.3319,-0.5592,0.2273,156.63,146.6,6.615,2014,11,4,2014-11,False
2014-11-07,ITC,153.19,154.11,150.9,152.03,9694742,-0.975,151.43,152.18,145.52,50.172,-0.276,-0.5026,0.2265,156.08,146.78,6.142,2014,11,4,2014-11,False
2014-11-10,ITC,152.18,159.24,152.05,158.89,24492668,4.513,151.62,152.41,145.64,66.332,0.3182,-0.3384,0.6566,157.14,146.11,7.274,2014,11,4,2014-11,False
2014-11-11,ITC,158.29,159.11,154.98,155.64,7493377,-2.045,151.59,152.56,145.73,56.919,0.521,-0.1665,0.6875,156.99,146.19,7.123,2014,11,4,2014-11,False
2014-11-12,ITC,155.71,158.17,155.67,157.95,6902166,1.483,151.67,152.78,145.84,61.139,0.8581,0.0384,0.8197,157.42,145.92,7.585,2014,11,4,2014-11,False
2014-11-13,ITC,158.53,158.53,156.61,157.46,5038832,-0.311,152.0,152.94,145.94,59.795,1.0732,0.2454,0.8279,158.29,145.71,8.278,2014,11,4,2014-11,False
2014-11-14,ITC,157.35,158.44,157.03,157.82,7768029,0.231,152.4,153.09,146.04,60.486,1.2585,0.448,0.8105,159.11,145.68,8.812,2014,11,4,2014-11,False
2014-11-17,ITC,157.74,158.79,155.86,158.25,6218698,0.271,152.89,153.24,146.15,61.329,1.4234,0.6431,0.7803,159.81,145.98,9.043,2014,11,4,2014-11,False
2014-11-18,ITC,157.85,158.89,157.1,158.27,9904004,0.014,153.39,153.37,146.25,61.373,1.5381,0.8221,0.716,160.35,146.43,9.077,2014,11,4,2014-11,False
2014-11-19,ITC,158.27,161.27,156.71,157.25,13208757,-0.648,153.72,153.52,146.35,57.94,1.5286,0.9634,0.5652,160.76,146.68,9.161,2014,11,4,2014-11,False
2014-11-20,ITC,157.74,158.76,157.35,158.19,5258120,0.598,154.06,153.65,146.45,60.141,1.5788,1.0865,0.4923,161.28,146.85,9.366,2014,11,4,2014-11,False
2014-11-21,ITC,158.23,161.03,157.97,160.8,6902462,1.648,154.58,153.88,146.57,65.528,1.8081,1.2308,0.5773,162.18,146.98,9.833,2014,11,4,2014-11,False
2014-11-24,ITC,159.02,160.71,159.02,160.28,8904624,-0.319,155.08,154.09,146.69,63.704,1.9262,1.3699,0.5563,162.8,147.37,9.946,2014,11,4,2014-11,False
2014-11-25,ITC,159.96,161.93,149.04,151.93,26184187,-5.214,155.22,154.13,146.77,42.801,1.3302,1.3619,-0.0318,162.58,147.86,9.485,2014,11,4,2014-11,False
2014-11-26,ITC,153.25,156.58,153.08,155.35,22267406,2.251,155.52,154.21,146.86,50.027,1.1208,1.3137,-0.1929,162.35,148.68,8.793,2014,11,4,2014-11,False
2014-11-27,ITC,154.81,155.37,151.86,154.15,16590815,-0.77,155.74,154.23,146.95,47.753,0.8485,1.2207,-0.3721,162.05,149.43,8.098,2014,11,4,2014-11,False
2014-11-28,ITC,154.15,156.46,153.89,155.24,10866476,0.707,155.93,154.33,147.04,49.983,0.7125,1.119,-0.4065,161.92,149.93,7.687,2014,11,4,2014-11,False
2014-12-01,ITC,154.81,156.86,154.81,155.86,8533342,0.399,156.13,154.45,147.14,51.257,0.6472,1.0247,-0.3774,161.79,150.48,7.246,2014,12,4,2014-12,False
2014-12-02,ITC,155.77,156.84,155.43,156.37,8924397,0.329,156.36,154.54,147.25,52.339,0.6297,0.9457,-0.316,161.64,151.08,6.758,2014,12,4,2014-12,False
2014-12-03,ITC,156.46,156.46,152.65,155.28,8164612,-0.697,156.53,154.63,147.35,49.809,0.5218,0.8609,-0.3391,161.42,151.63,6.251,2014,12,4,2014-12,False
2014-12-04,ITC,159.47,164.15,159.47,163.79,27702699,5.478,157.04,154.89,147.5,64.308,1.1099,0.9107,0.1992,162.7,151.38,7.208,2014,12,4,2014-12,False
2014-12-05,ITC,163.72,167.57,163.57,167.29,16908709,2.14,157.8,155.2,147.65,68.363,1.8376,1.0961,0.7415,164.62,150.99,8.636,2014,12,4,2014-12,False
2014-12-08,ITC,168.08,170.86,167.7,170.05,15662453,1.648,158.36,155.54,147.82,71.141,2.6068,1.3982,1.2086,167.1,149.62,11.043,2014,12,4,2014-12,False
2014-12-09,ITC,170.35,170.99,167.49,168.58,14415357,-0.867,159.01,155.84,147.98,67.716,3.0621,1.731,1.3311,168.76,149.26,12.266,2014,12,4,2014-12,False
2014-12-10,ITC,169.17,169.49,165.16,168.85,9649673,0.165,159.55,156.04,148.15,68.029,3.4061,2.066,1.3401,170.23,148.87,13.385,2014,12,4,2014-12,False
2014-12-11,ITC,168.85,170.54,166.93,169.54,11225006,0.405,160.16,156.26,148.32,68.828,3.6913,2.3911,1.3002,171.67,148.64,14.378,2014,12,4,2014-12,False
2014-12-12,ITC,169.28,171.12,168.0,169.15,9041914,-0.227,160.72,156.42,148.5,67.801,3.842,2.6813,1.1608,172.85,148.59,15.093,2014,12,4,2014-12,False
2014-12-15,ITC,168.85,170.86,167.34,167.81,8901903,-0.796,161.2,156.56,148.67,64.191,3.8089,2.9068,0.9021,173.67,148.73,15.467,2014,12,4,2014-12,False
2014-12-16,ITC,166.29,166.72,161.54,162.7,14072416,-3.044,161.42,156.63,148.81,52.723,3.3321,2.9918,0.3402,173.83,149.02,15.37,2014,12,4,2014-12,False
2014-12-17,ITC,161.39,164.45,156.71,158.94,16246094,-2.312,161.51,156.68,148.94,46.181,2.6204,2.9176,-0.2972,173.81,149.2,15.241,2014,12,4,2014-12,False
2014-12-18,ITC,161.8,161.8,156.03,160.24,6500408,0.82,161.61,156.72,149.08,48.563,2.137,2.7614,-0.6245,173.83,149.38,15.13,2014,12,4,2014-12,False
2014-12-19,ITC,160.71,160.71,157.1,157.65,9788570,-1.614,161.45,156.76,149.21,44.367,1.5276,2.5147,-0.9871,173.8,149.1,15.298,2014,12,4,2014-12,False
2014-12-22,ITC,158.0,161.67,157.74,159.92,17438456,1.437,161.43,156.86,149.35,48.56,1.2134,2.2544,-1.041,173.79,149.08,15.31,2014,12,4,2014-12,False
2014-12-23,ITC,159.85,161.37,159.36,160.15,5262474,0.147,161.84,156.94,149.48,48.99,0.9722,1.998,-1.0257,173.39,150.3,14.268,2014,12,4,2014-12,False
2014-12-24,ITC,160.09,161.78,156.99,158.76,21419026,-0.867,162.02,156.99,149.59,46.518,0.6614,1.7307,-1.0693,173.25,150.78,13.873,2014,12,4,2014-12,False
2014-12-26,ITC,159.41,159.41,156.63,157.29,3026088,-0.929,162.17,157.11,149.69,43.98,0.2926,1.443,-1.1504,173.03,151.32,13.389,2014,12,4,2014-12,False
2014-12-29,ITC,156.93,158.79,156.88,158.1,3433537,0.516,162.32,157.28,149.79,45.736,0.0652,1.1675,-1.1023,172.86,151.77,12.99,2014,12,4,2014-12,False
2014-12-30,ITC,158.27,158.79,157.01,157.44,3283195,-0.419,162.4,157.46,149.89,44.51,-0.1666,0.9006,-1.0673,172.76,152.03,12.759,2014,12,4,2014-12,False
2014-12-31,ITC,157.72,158.42,157.1,157.61,3824375,0.109,162.46,157.65,149.98,44.92,-0.3327,0.654,-0.9867,172.68,152.23,12.585,2014,12,4,2014-12,False
2015-01-01,ITC,157.14,157.7,156.46,156.95,2636761,-0.42,162.54,157.77,150.07,43.576,-0.5119,0.4208,-0.9327,172.54,152.54,12.306,2015,1,1,2015-01,False
2015-01-02,ITC,156.99,158.23,156.99,157.44,6853849,0.313,162.22,157.9,150.15,44.894,-0.6072,0.2152,-0.8224,172.46,151.99,12.618,2015,1,1,2015-01,False
2015-01-05,ITC,157.61,158.94,157.12,158.06,8556295,0.394,161.76,158.05,150.23,46.587,-0.6255,0.0471,-0.6726,171.87,151.66,12.492,2015,1,1,2015-01,False
2015-01-06,ITC,157.59,157.91,153.46,154.0,13597291,-2.569,160.96,158.12,150.3,38.286,-0.9567,-0.1537,-0.803,170.84,151.08,12.275,2015,1,1,2015-01,False
2015-01-07,ITC,152.61,155.6,150.9,151.13,12421217,-1.86,160.09,158.16,150.36,33.722,-1.4338,-0.4097,-1.0241,170.21,149.96,12.649,2015,1,1,2015-01,False
2015-01-08,ITC,151.95,155.32,151.95,154.92,8774566,2.503,159.39,158.27,150.42,43.331,-1.4894,-0.6256,-0.8637,168.87,149.91,11.898,2015,1,1,2015-01,False
2015-01-09,ITC,155.22,156.39,150.94,152.57,11224780,-1.518,158.54,158.33,150.46,39.498,-1.7035,-0.8412,-0.8623,167.2,149.88,10.925,2015,1,1,2015-01,False
2015-01-12,ITC,152.8,154.47,152.22,152.97,10249032,0.266,157.73,158.36,150.49,40.478,-1.8195,-1.0369,-0.7826,165.15,150.31,9.409,2015,1,1,2015-01,False
2015-01-13,ITC,153.21,154.62,152.74,153.93,12071158,0.629,157.04,158.4,150.52,42.838,-1.8129,-1.1921,-0.6208,162.93,151.15,7.504,2015,1,1,2015-01,False
2015-01-14,ITC,153.76,153.76,147.95,148.68,16849719,-3.416,156.34,158.34,150.51,34.731,-2.2065,-1.395,-0.8116,162.71,149.96,8.154,2015,1,1,2015-01,False
2015-01-15,ITC,150.94,153.85,150.0,152.99,16665762,2.904,156.04,158.36,150.52,44.088,-2.1454,-1.5451,-0.6003,162.46,149.62,8.226,2015,1,1,2015-01,False
2015-01-16,ITC,153.23,154.73,151.48,153.93,11230052,0.615,155.73,158.37,150.54,45.907,-1.998,-1.6356,-0.3623,161.89,149.56,7.916,2015,1,1,2015-01,False
2015-01-19,ITC,153.89,154.64,152.18,153.38,7117173,-0.361,155.51,158.4,150.55,44.976,-1.904,-1.6893,-0.2147,161.69,149.33,7.946,2015,1,1,2015-01,False
2015-01-20,ITC,153.51,158.96,153.08,158.64,12477394,3.428,155.45,158.39,150.59,54.4,-1.3893,-1.6293,0.24,161.46,149.44,7.733,2015,1,1,2015-01,False
2015-01-21,ITC,159.43,159.43,149.27,150.77,33697892,-4.958,154.98,158.29,150.59,42.636,-1.5977,-1.623,0.0253,160.91,149.05,7.65,2015,1,1,2015-01,False
2015-01-22,ITC,150.9,153.81,149.13,149.89,30768622,-0.581,154.53,158.13,150.58,41.557,-1.8126,-1.6609,-0.1517,160.6,148.47,7.844,2015,1,1,2015-01,False
2015-01-23,ITC,151.09,152.16,149.1,149.38,17392494,-0.342,154.14,157.97,150.58,40.905,-2.0013,-1.729,-0.2723,160.47,147.81,8.213,2015,1,1,2015-01,False
2015-01-27,ITC,149.62,154.32,149.34,153.96,26228540,3.062,153.93,157.89,150.61,48.644,-1.7614,-1.7355,-0.0259,159.98,147.88,7.859,2015,1,1,2015-01,False
2015-01-28,ITC,153.89,155.37,152.84,154.87,12792194,0.597,153.8,157.83,150.64,50.06,-1.4801,-1.6844,0.2043,159.64,147.96,7.595,2015,1,1,2015-01,False
2015-01-29,ITC,155.17,159.02,153.89,158.25,21906152,2.18,153.84,157.83,150.71,54.97,-0.9734,-1.5422,0.5688,159.77,147.9,7.716,2015,1,1,2015-01,False
2015-01-30,ITC,158.17,159.02,155.45,157.55,14453148,-0.446,153.87,157.83,150.77,53.781,-0.6216,-1.3581,0.7365,159.87,147.86,7.808,2015,1,1,2015-01,False
2015-02-02,ITC,156.88,157.82,153.64,154.17,8820985,-2.144,153.7,157.75,150.82,48.383,-0.6083,-1.2081,0.5998,159.47,147.93,7.509,2015,2,1,2015-02,False
2015-02-03,ITC,154.51,156.88,154.51,156.48,6541497,1.497,153.62,157.66,150.88,51.934,-0.4068,-1.0478,0.6411,159.18,148.06,7.237,2015,2,1,2015-02,False
2015-02-04,ITC,157.1,158.38,156.18,157.14,6030862,0.423,153.78,157.6,150.93,52.935,-0.1914,-0.8766,0.6851,159.56,148.0,7.513,2015,2,1,2015-02,False
2015-02-05,ITC,156.41,159.06,155.47,157.7,9843219,0.354,154.11,157.72,151.0,53.804,0.0238,-0.6965,0.7203,160.0,148.22,7.642,2015,2,1,2015-02,False
2015-02-06,ITC,156.5,160.05,156.5,159.66,7606977,1.247,154.35,157.8,151.08,56.84,0.3491,-0.4874,0.8364,160.73,147.96,8.276,2015,2,1,2015-02,False
2015-02-09,ITC,158.66,159.81,156.76,157.27,7464839,-1.499,154.58,157.87,151.15,52.331,0.4089,-0.3081,0.717,161.04,148.12,8.354,2015,2,1,2015-02,False
2015-02-10,ITC,157.35,159.02,156.84,158.12,8320305,0.544,154.84,157.92,151.21,53.742,0.5194,-0.1426,0.662,161.43,148.24,8.52,2015,2,1,2015-02,False
2015-02-11,ITC,158.62,159.41,157.25,158.66,4720532,0.338,155.07,157.98,151.27,54.646,0.6426,0.0144,0.6282,161.87,148.28,8.764,2015,2,1,2015-02,False
2015-02-12,ITC,159.02,159.02,155.88,158.34,5498120,-0.202,155.56,158.02,151.32,53.965,0.7063,0.1528,0.5535,161.79,149.33,8.01,2015,2,1,2015-02,False
2015-02-13,ITC,158.68,162.12,158.19,161.61,9373648,2.065,155.99,158.15,151.39,59.51,1.009,0.324,0.6849,162.65,149.33,8.539,2015,2,1,2015-02,False
2015-02-16,ITC,161.76,167.14,161.59,166.54,12053473,3.055,156.62,158.2,151.48,66.142,1.6285,0.5849,1.0436,164.7,148.54,10.315,2015,2,1,2015-02,False
2015-02-18,ITC,164.58,171.85,164.58,168.11,14195768,0.937,157.36,158.22,151.58,67.93,2.2198,0.9119,1.3079,166.76,147.95,11.959,2015,2,1,2015-02,False
2015-02-19,ITC,167.98,168.3,163.98,166.4,7249013,-1.017,157.74,158.14,151.69,63.945,2.5213,1.2338,1.2876,167.98,147.51,12.977,2015,2,1,2015-02,False
2015-02-20,ITC,165.65,170.09,164.3,169.3,9275383,1.747,158.67,158.16,151.82,67.442,2.9607,1.5792,1.3816,169.58,147.76,13.753,2015,2,1,2015-02,False
2015-02-23,ITC,168.85,170.48,166.4,166.82,6077614,-1.464,159.52,158.12,151.94,61.926,3.0735,1.878,1.1955,170.18,148.85,13.375,2015,2,1,2015-02,False
2015-02-24,ITC,167.57,170.14,166.14,169.15,8556081,1.397,160.5,158.11,152.07,64.836,3.3127,2.165,1.1477,170.88,150.13,12.927,2015,2,1,2015-02,False
2015-02-25,ITC,169.96,170.99,168.19,170.86,16358450,1.011,161.35,158.14,152.21,66.84,3.5987,2.4517,1.147,172.22,150.48,13.474,2015,2,1,2015-02,False
2015-02-26,ITC,170.09,171.59,167.55,169.13,12153247,-1.013,162.06,158.17,152.34,62.93,3.6437,2.6901,0.9536,173.01,151.11,13.516,2015,2,1,2015-02,False
2015-02-27,ITC,168.77,169.56,164.17,168.3,35742645,-0.493,162.57,158.28,152.45,61.078,3.5709,2.8663,0.7046,173.7,151.43,13.7,2015,2,1,2015-02,False
2015-03-02,ITC,153.04,153.04,146.2,146.73,52676159,-12.814,162.02,158.04,152.45,33.556,1.7528,2.6436,-0.8908,175.07,148.98,16.107,2015,3,1,2015-03,False
2015-03-03,ITC,146.84,147.69,144.91,146.0,46726874,-0.495,161.62,157.75,152.47,33.016,0.2504,2.1649,-1.9145,176.13,147.1,17.958,2015,3,1,2015-03,False
2015-03-04,ITC,147.48,149.96,146.58,147.16,33411001,0.791,161.15,157.54,152.48,34.81,-0.8375,1.5644,-2.4019,176.9,145.4,19.549,2015,3,1,2015-03,False
2015-03-05,ITC,148.33,149.23,146.07,148.01,21288890,0.581,160.69,157.31,152.46,36.174,-1.612,0.9292,-2.5412,177.43,143.95,20.833,2015,3,1,2015-03,False
2015-03-09,ITC,146.92,147.44,144.17,144.64,16929751,-2.282,160.04,157.0,152.43,33.218,-2.4699,0.2493,-2.7192,178.23,141.85,22.729,2015,3,1,2015-03,False
2015-03-10,ITC,145.34,146.5,143.25,144.72,13538973,0.059,159.29,156.71,152.39,33.367,-3.1071,-0.4219,-2.6851,178.73,139.86,24.404,2015,3,1,2015-03,False
2015-03-11,ITC,145.49,145.64,144.29,144.57,13191922,-0.103,158.66,156.46,152.34,33.227,-3.5828,-1.0541,-2.5287,179.17,138.14,25.861,2015,3,1,2015-03,False
2015-03-12,ITC,144.94,148.87,144.83,148.18,28375424,2.499,158.16,156.26,152.33,39.761,-3.6265,-1.5686,-2.0579,179.21,137.12,26.611,2015,3,1,2015-03,False
2015-03-13,ITC,148.89,149.62,143.93,145.09,16254309,-2.091,157.48,156.01,152.34,36.464,-3.8667,-2.0282,-1.8385,179.32,135.65,27.733,2015,3,1,2015-03,False
2015-03-16,ITC,145.77,146.03,143.2,143.38,8926276,-1.179,156.74,155.73,152.35,34.752,-4.1472,-2.452,-1.6952,179.46,134.01,28.993,2015,3,1,2015-03,False
2015-03-17,ITC,145.13,145.62,143.74,145.34,11361862,1.371,155.92,155.5,152.36,38.338,-4.1629,-2.7942,-1.3687,179.07,132.77,29.691,2015,3,1,2015-03,False
2015-03-18,ITC,145.88,145.88,143.63,143.91,9094350,-0.985,154.79,155.23,152.35,36.754,-4.2419,-3.0837,-1.1582,177.96,131.62,29.943,2015,3,1,2015-03,False
2015-03-19,ITC,144.7,145.71,141.71,142.5,10865286,-0.98,153.51,154.92,152.34,35.21,-4.368,-3.3406,-1.0274,176.41,130.61,29.841,2015,3,1,2015-03,False
2015-03-20,ITC,142.65,142.65,139.53,139.98,10980106,-1.77,152.19,154.64,152.32,32.577,-4.6183,-3.5961,-1.0221,175.01,129.37,29.993,2015,3,1,2015-03,False
2015-03-23,ITC,139.51,140.98,138.93,139.96,11832346,-0.015,150.72,154.41,152.3,32.554,-4.7634,-3.8296,-0.9338,172.67,128.78,29.122,2015,3,1,2015-03,False
2015-03-24,ITC,139.83,140.98,139.36,139.59,11128170,-0.26,149.36,154.11,152.28,32.153,-4.8518,-4.034,-0.8178,170.46,128.26,28.258,2015,3,1,2015-03,False
2015-03-25,ITC,140.49,140.49,139.36,139.68,7528966,0.061,147.89,153.85,152.26,32.364,-4.859,-4.199,-0.6599,167.21,128.56,26.136,2015,3,1,2015-03,False
2015-03-26,ITC,139.36,140.62,137.05,137.82,25124845,-1.331,146.23,153.54,152.23,30.163,-4.9575,-4.3507,-0.6068,162.73,129.74,22.564,2015,3,1,2015-03,False
2015-03-27,ITC,138.5,139.04,134.7,135.72,22227555,-1.52,144.56,153.18,152.2,27.863,-5.1454,-4.5096,-0.6357,157.73,131.4,18.214,2015,3,1,2015-03,False
2015-03-30,ITC,136.64,140.85,136.64,140.02,17152877,3.165,143.15,153.01,152.19,38.259,-4.8912,-4.586,-0.3052,150.27,136.03,9.946,2015,3,1,2015-03,False
2015-03-31,ITC,140.55,140.55,138.5,139.29,12752488,-0.519,142.78,152.73,152.18,37.28,-4.6942,-4.6076,-0.0866,149.89,135.67,9.957,2015,3,1,2015-03,False
2015-04-01,ITC,139.29,142.35,138.57,142.11,11257250,2.025,142.58,152.5,152.18,43.34,-4.2614,-4.5384,0.277,149.53,135.64,9.745,2015,4,2,2015-04,False
2015-04-06,ITC,140.79,146.05,140.68,145.77,20059841,2.572,142.51,152.34,152.18,50.07,-3.5822,-4.3471,0.765,149.29,135.73,9.516,2015,4,2,2015-04,False
2015-04-07,ITC,145.81,146.62,144.06,145.6,10955870,-0.117,142.39,152.08,152.19,49.772,-3.0228,-4.0823,1.0595,148.84,135.95,9.054,2015,4,2,2015-04,False
2015-04-08,ITC,146.2,148.31,145.98,148.01,12858493,1.659,142.56,152.03,152.21,53.94,-2.3574,-3.7373,1.3799,149.42,135.71,9.62,2015,4,2,2015-04,False
2015-04-09,ITC,148.29,149.17,147.05,148.4,7962836,0.26,142.75,152.0,152.24,54.586,-1.7786,-3.3456,1.567,150.03,135.46,10.207,2015,4,2,2015-04,False
2015-04-10,ITC,148.33,148.59,146.3,148.18,5808788,-0.144,142.93,151.98,152.27,54.132,-1.3219,-2.9408,1.619,150.57,135.28,10.699,2015,4,2,2015-04,False
2015-04-13,ITC,148.33,150.64,147.42,150.26,11311123,1.399,143.03,151.9,152.31,57.802,-0.7836,-2.5094,1.7258,151.02,135.04,11.178,2015,4,2,2015-04,False
2015-04-15,ITC,151.33,153.29,150.22,151.73,18165922,0.982,143.36,151.84,152.35,60.24,-0.2353,-2.0545,1.8193,152.22,134.5,12.36,2015,4,2,2015-04,False
2015-04-16,ITC,150.84,152.35,148.18,149.66,8168670,-1.366,143.68,151.67,152.38,55.396,0.0316,-1.6373,1.6689,152.97,134.38,12.941,2015,4,2,2015-04,False
2015-04-17,ITC,149.83,151.01,148.63,150.41,9146535,0.5,143.93,151.52,152.42,56.747,0.3,-1.2498,1.5499,153.68,134.18,13.552,2015,4,2,2015-04,False
2015-04-20,ITC,150.51,150.51,145.6,146.15,11709786,-2.828,144.04,151.36,152.43,47.866,0.1676,-0.9663,1.134,153.85,134.24,13.611,2015,4,2,2015-04,False
2015-04-21,ITC,146.13,149.06,145.77,146.18,11309747,0.015,144.23,151.16,152.44,47.91,0.0637,-0.7603,0.824,154.05,134.41,13.616,2015,4,2,2015-04,False
2015-04-22,ITC,145.34,147.48,144.72,146.8,11183242,0.424,144.57,150.95,152.5,49.251,0.0309,-0.6021,0.633,154.24,134.9,13.378,2015,4,2,2015-04,False
2015-04-23,ITC,146.8,148.12,144.62,146.24,9268343,-0.379,144.88,150.72,152.55,48.057,-0.0394,-0.4895,0.4502,154.33,135.44,13.038,2015,4,2,2015-04,False
2015-04-24,ITC,146.2,149.6,145.83,148.74,17985818,1.71,145.34,150.5,152.62,53.521,0.1054,-0.3706,0.476,154.59,136.09,12.73,2015,4,2,2015-04,False
2015-04-27,ITC,149.15,150.39,147.14,147.42,9732828,-0.891,145.73,150.31,152.68,50.49,0.112,-0.274,0.386,154.62,136.83,12.206,2015,4,2,2015-04,False
2015-04-28,ITC,147.44,147.48,142.61,144.29,11098180,-2.117,146.05,150.03,152.72,44.149,-0.1331,-0.2458,0.1128,154.17,137.93,11.119,2015,4,2,2015-04,False
2015-04-29,ITC,143.23,143.63,139.91,140.28,10479677,-2.785,146.28,149.66,152.72,37.602,-0.6441,-0.3255,-0.3186,153.37,139.19,9.695,2015,4,2,2015-04,False
2015-04-30,ITC,140.13,140.38,137.31,137.8,20809376,-1.767,146.17,149.25,152.72,34.228,-1.2349,-0.5074,-0.7275,153.72,138.61,10.342,2015,4,2,2015-04,False
2015-05-04,ITC,138.25,141.45,136.84,141.15,7487026,2.435,146.26,148.84,152.72,41.834,-1.4161,-0.6891,-0.7269,153.5,139.02,9.902,2015,5,2,2015-05,False
2015-05-05,ITC,140.47,140.64,138.33,139.46,13976353,-1.196,146.13,148.3,152.71,39.367,-1.6765,-0.8866,-0.7899,153.77,138.48,10.465,2015,5,2,2015-05,False
2015-05-06,ITC,139.36,140.15,135.17,136.09,20990280,-2.421,145.64,147.66,152.68,34.931,-2.1309,-1.1355,-0.9954,154.51,136.77,12.18,2015,5,2,2015-05,False
2015-05-07,ITC,136.15,138.37,134.91,137.88,11010190,1.319,145.26,147.09,152.65,38.875,-2.3194,-1.3722,-0.9471,154.78,135.73,13.114,2015,5,2,2015-05,False
2015-05-08,ITC,139.17,140.77,137.93,140.21,12625098,1.69,144.87,146.51,152.63,43.648,-2.2548,-1.5487,-0.706,154.55,135.18,13.374,2015,5,2,2015-05,False
2015-05-11,ITC,141.07,141.39,138.67,139.55,9134733,-0.473,144.42,145.96,152.6,42.628,-2.2313,-1.6853,-0.546,154.24,134.61,13.592,2015,5,2,2015-05,False
2015-05-12,ITC,140.0,140.21,138.12,138.61,14846868,-0.674,143.95,145.35,152.56,41.159,-2.2625,-1.8007,-0.4618,153.92,133.97,13.86,2015,5,2,2015-05,False
2015-05-13,ITC,139.72,140.98,137.22,140.15,11037270,1.11,143.44,144.74,152.52,44.529,-2.1384,-1.8682,-0.2702,153.09,133.79,13.452,2015,5,2,2015-05,False
2015-05-14,ITC,139.78,139.78,137.82,138.8,8347876,-0.961,142.79,144.13,152.48,42.249,-2.1242,-1.9194,-0.2048,151.81,133.77,12.635,2015,5,2,2015-05,False
2015-05-15,ITC,138.97,140.17,138.87,139.53,5659055,0.524,142.29,143.56,152.45,43.917,-2.031,-1.9418,-0.0892,150.81,133.77,11.977,2015,5,2,2015-05,False
2015-05-18,ITC,139.91,142.73,139.46,142.35,7175678,2.022,141.88,143.47,152.42,49.963,-1.7097,-1.8953,0.1857,149.5,134.27,10.739,2015,5,2,2015-05,False
2015-05-19,ITC,141.82,143.59,141.39,142.16,8901031,-0.135,141.68,143.39,152.4,49.571,-1.4538,-1.807,0.3532,149.04,134.33,10.378,2015,5,2,2015-05,False
2015-05-20,ITC,142.14,142.86,141.28,141.9,5360856,-0.18,141.47,143.29,152.37,49.018,-1.2572,-1.6971,0.4398,148.51,134.43,9.959,2015,5,2,2015-05,False
2015-05-21,ITC,142.35,142.52,139.36,139.96,7458421,-1.371,141.13,143.12,152.32,44.927,-1.244,-1.6065,0.3624,147.73,134.52,9.362,2015,5,2,2015-05,False
2015-05-22,ITC,140.64,142.46,139.12,140.7,12962351,0.534,140.85,143.05,152.27,46.767,-1.1599,-1.5171,0.3573,147.0,134.7,8.736,2015,5,2,2015-05,False
2015-05-25,ITC,137.41,138.72,135.25,135.42,24332194,-3.752,140.19,142.86,152.19,37.296,-1.5018,-1.5141,0.0122,145.58,134.79,7.694,2015,5,2,2015-05,False
2015-05-26,ITC,135.72,135.72,133.69,134.23,11448185,-0.884,139.53,142.65,152.1,35.538,-1.8481,-1.5809,-0.2672,144.4,134.66,6.982,2015,5,2,2015-05,False
2015-05-27,ITC,134.66,136.26,134.23,135.81,9485450,1.178,139.1,142.41,152.02,39.589,-1.9722,-1.6592,-0.3131,143.69,134.51,6.603,2015,5,2,2015-05,False
2015-05-28,ITC,135.98,137.84,135.3,137.41,20765291,1.18,138.96,142.25,151.94,43.467,-1.9191,-1.7111,-0.2079,143.58,134.34,6.645,2015,5,2,2015-05,False
2015-05-29,ITC,137.65,141.05,136.22,139.83,20563442,1.758,139.06,142.18,151.87,48.799,-1.6629,-1.7015,0.0386,143.66,134.46,6.613,2015,5,2,2015-05,False
2015-06-01,ITC,139.14,142.67,139.14,141.94,10448028,1.513,139.1,142.11,151.82,52.983,-1.2745,-1.6161,0.3416,143.79,134.41,6.739,2015,6,2,2015-06,False
2015-06-02,ITC,140.6,140.77,135.77,136.22,11266482,-4.036,138.94,141.96,151.76,42.789,-1.4125,-1.5754,0.1628,143.79,134.08,6.99,2015,6,2,2015-06,False
2015-06-03,ITC,136.93,136.95,131.17,132.83,21470134,-2.486,138.77,141.77,151.66,38.12,-1.7747,-1.6152,-0.1595,144.22,133.33,7.842,2015,6,2,2015-06,False
2015-06-04,ITC,133.09,133.81,130.12,131.61,11429057,-0.92,138.46,141.6,151.56,36.57,-2.1357,-1.7193,-0.4164,144.77,132.15,9.118,2015,6,2,2015-06,False
2015-06-05,ITC,131.54,134.36,128.73,132.79,17605227,0.895,138.09,141.45,151.48,39.141,-2.3002,-1.8355,-0.4647,144.83,131.35,9.758,2015,6,2,2015-06,False
2015-06-08,ITC,133.96,134.51,131.89,132.81,10689359,0.016,137.75,141.32,151.41,39.19,-2.4012,-1.9487,-0.4525,144.85,130.66,10.301,2015,6,2,2015-06,False
2015-06-09,ITC,131.74,132.22,130.78,131.17,10292547,-1.232,137.38,141.15,151.32,36.79,-2.5834,-2.0756,-0.5078,145.04,129.72,11.156,2015,6,2,2015-06,False
2015-06-10,ITC,131.17,132.39,130.3,131.39,9861385,0.166,136.94,141.02,151.23,37.341,-2.6794,-2.1964,-0.483,144.93,128.95,11.671,2015,6,2,2015-06,False
2015-06-11,ITC,131.78,131.78,128.81,129.62,11520780,-1.345,136.48,140.9,151.14,34.702,-2.865,-2.3301,-0.5349,145.06,127.91,12.565,2015,6,2,2015-06,False
2015-06-12,ITC,129.51,130.98,128.73,129.84,8653038,0.168,136.0,140.69,151.02,35.31,-2.9604,-2.4561,-0.5042,144.94,127.06,13.143,2015,6,2,2015-06,False
2015-06-15,ITC,129.6,132.11,128.29,130.25,8680427,0.319,135.39,140.51,150.91,36.519,-2.9683,-2.5586,-0.4097,144.16,126.63,12.944,2015,6,2,2015-06,False
2015-06-16,ITC,130.04,130.97,128.84,130.45,8231138,0.151,134.81,140.28,150.82,37.118,-2.925,-2.6319,-0.2931,143.23,126.39,12.489,2015,6,2,2015-06,False
2015-06-17,ITC,130.25,132.26,129.71,131.39,10881861,0.719,134.28,139.99,150.73,40.032,-2.7829,-2.6621,-0.1208,142.13,126.44,11.687,2015,6,2,2015-06,False
2015-06-18,ITC,131.43,132.83,131.0,131.74,11296145,0.266,133.87,139.72,150.65,41.125,-2.612,-2.6521,0.04,141.32,126.43,11.125,2015,6,2,2015-06,False
2015-06-19,ITC,132.13,133.29,131.96,133.09,8757082,1.027,133.49,139.42,150.58,45.287,-2.3405,-2.5897,0.2493,140.21,126.77,10.067,2015,6,2,2015-06,False
2015-06-22,ITC,133.61,136.21,132.96,135.45,7197508,1.77,133.49,139.16,150.52,51.694,-1.9131,-2.4544,0.5413,140.21,126.77,10.069,2015,6,2,2015-06,False
2015-06-23,ITC,135.45,137.46,134.23,137.26,7586161,1.337,133.64,138.94,150.46,55.961,-1.4119,-2.2459,0.834,140.57,126.72,10.362,2015,6,2,2015-06,False
2015-06-24,ITC,137.54,138.81,135.73,136.87,7368751,-0.286,133.7,138.67,150.39,54.83,-1.0346,-2.0036,0.9691,140.71,126.69,10.485,2015,6,2,2015-06,False
2015-06-25,ITC,135.53,137.65,135.16,136.3,10885448,-0.414,133.64,138.36,150.32,53.158,-0.7723,-1.7574,0.985,140.54,126.74,10.329,2015,6,2,2015-06,False
2015-06-26,ITC,136.3,136.3,133.99,134.38,5507615,-1.409,133.37,138.06,150.23,47.842,-0.7113,-1.5482,0.8369,139.64,127.09,9.41,2015,6,2,2015-06,False
2015-06-29,ITC,133.18,135.69,132.55,135.25,9719271,0.649,133.03,137.75,150.16,50.276,-0.5857,-1.3557,0.77,137.95,128.12,7.392,2015,6,2,2015-06,False
2015-06-30,ITC,135.36,138.26,134.42,137.52,11639874,1.678,133.1,137.58,150.09,56.023,-0.2996,-1.1445,0.8448,138.23,127.98,7.701,2015,6,2,2015-06,False
2015-07-01,ITC,137.56,138.07,136.36,136.84,8850821,-0.492,133.3,137.4,150.02,54.019,-0.126,-0.9408,0.8147,138.69,127.91,8.084,2015,7,3,2015-07,False
2015-07-02,ITC,137.06,138.46,136.8,137.48,6562181,0.462,133.59,137.21,149.96,55.619,0.0619,-0.7402,0.8021,139.23,127.96,8.434,2015,7,3,2015-07,False
2015-07-03,ITC,137.15,138.28,136.3,137.72,5122200,0.175,133.84,137.04,149.9,56.24,0.2275,-0.5467,0.7742,139.75,127.93,8.831,2015,7,3,2015-07,False
2015-07-06,ITC,136.54,139.05,136.15,138.94,4419337,0.887,134.15,136.84,149.84,59.362,0.4522,-0.3469,0.7991,140.45,127.84,9.402,2015,7,3,2015-07,False
2015-07-07,ITC,139.05,139.33,137.94,138.48,7595780,-0.33,134.51,136.66,149.77,57.7,0.5865,-0.1602,0.7468,140.94,128.09,9.555,2015,7,3,2015-07,False
2015-07-08,ITC,137.52,137.89,135.01,136.56,11611813,-1.387,134.77,136.51,149.7,51.226,0.5319,-0.0218,0.5537,141.08,128.46,9.367,2015,7,3,2015-07,False
2015-07-09,ITC,136.5,137.41,135.21,135.54,6711914,-0.751,135.07,136.41,149.63,48.121,0.4013,0.0628,0.3384,140.9,129.23,8.637,2015,7,3,2015-07,False
2015-07-10,ITC,134.84,136.02,133.77,135.23,7493999,-0.225,135.34,136.36,149.54,47.203,0.27,0.1042,0.1657,140.62,130.05,7.815,2015,7,3,2015-07,False
2015-07-13,ITC,136.58,138.07,134.82,137.28,6623752,1.517,135.69,136.29,149.48,53.603,0.3276,0.1489,0.1787,140.46,130.91,7.039,2015,7,3,2015-07,False
2015-07-14,ITC,137.0,138.11,135.56,136.28,5465329,-0.731,135.98,136.22,149.4,50.384,0.289,0.1769,0.1121,140.07,131.89,6.02,2015,7,3,2015-07,False
2015-07-15,ITC,135.86,137.54,135.86,137.02,5687830,0.544,136.26,136.24,149.33,52.647,0.3146,0.2045,0.1101,139.75,132.77,5.129,2015,7,3,2015-07,False
2015-07-16,ITC,137.37,139.59,136.28,138.74,5838516,1.258,136.61,136.26,149.26,57.498,0.4686,0.2573,0.2113,139.56,133.66,4.315,2015,7,3,2015-07,False
2015-07-17,ITC,139.0,141.34,138.61,140.64,6133622,1.368,136.99,136.27,149.19,62.102,0.7353,0.3529,0.3824,139.97,134.01,4.355,2015,7,3,2015-07,False
2015-07-20,ITC,140.42,141.14,139.29,139.85,4946419,-0.558,137.21,136.27,149.1,59.242,0.8733,0.457,0.4163,140.36,134.06,4.592,2015,7,3,2015-07,False
2015-07-21,ITC,139.86,140.71,136.36,136.76,7069753,-2.215,137.18,136.24,148.99,49.55,0.7242,0.5104,0.2138,140.34,134.03,4.602,2015,7,3,2015-07,False
2015-07-22,ITC,136.19,138.74,135.58,137.24,8060271,0.351,137.2,136.18,148.87,50.89,0.6375,0.5358,0.1017,140.35,134.05,4.596,2015,7,3,2015-07,False
2015-07-23,ITC,137.5,138.52,136.15,137.5,5631003,0.191,137.26,136.15,148.75,51.645,0.5832,0.5453,0.0379,140.39,134.14,4.555,2015,7,3,2015-07,False
2015-07-24,ITC,137.46,137.72,136.36,137.26,4199466,-0.175,137.41,136.11,148.64,50.873,0.5148,0.5392,-0.0244,140.22,134.59,4.1,2015,7,3,2015-07,False
2015-07-27,ITC,135.93,136.74,135.19,135.99,5315522,-0.922,137.44,135.98,148.54,46.893,0.3545,0.5023,-0.1478,140.16,134.73,3.951,2015,7,3,2015-07,False
2015-07-28,ITC,136.12,136.97,135.08,135.8,6795594,-0.144,137.36,135.85,148.43,46.288,0.2091,0.4436,-0.2345,140.17,134.54,4.095,2015,7,3,2015-07,False
2015-07-29,ITC,135.71,136.15,131.17,132.65,9718356,-2.314,137.15,135.67,148.31,37.868,-0.1578,0.3234,-0.4811,140.66,133.64,5.12,2015,7,3,2015-07,False
2015-07-30,ITC,132.65,138.7,130.91,137.87,20744023,3.931,137.17,135.62,148.23,53.113,-0.0275,0.2532,-0.2806,140.69,133.64,5.137,2015,7,3,2015-07,False
2015-07-31,ITC,138.74,142.87,137.59,142.26,16948958,3.181,137.39,135.66,148.16,61.638,0.4248,0.2875,0.1373,141.59,133.2,6.103,2015,7,3,2015-07,False
2015-08-03,ITC,142.26,145.53,141.86,144.68,14905871,1.702,137.68,135.84,148.1,65.381,0.9675,0.4235,0.544,142.96,132.4,7.673,2015,8,3,2015-08,False
2015-08-04,ITC,144.63,144.68,141.62,143.96,10317915,-0.498,137.95,136.04,148.07,63.4,1.3242,0.6037,0.7206,143.93,131.98,8.667,2015,8,3,2015-08,False
2015-08-05,ITC,143.96,145.33,142.52,144.79,5929897,0.576,138.37,136.21,148.04,64.725,1.6547,0.8139,0.8409,145.03,131.7,9.636,2015,8,3,2015-08,False
2015-08-06,ITC,144.24,144.44,141.38,142.36,8786024,-1.673,138.71,136.31,148.01,58.107,1.7017,0.9914,0.7102,145.46,131.95,9.74,2015,8,3,2015-08,False
2015-08-07,ITC,141.38,142.08,140.51,141.58,4644064,-0.552,139.02,136.35,147.98,56.103,1.6564,1.1244,0.5319,145.69,132.36,9.585,2015,8,3,2015-08,False
2015-08-10,ITC,141.6,142.8,139.35,140.05,5799938,-1.079,139.16,136.31,147.92,52.325,1.4802,1.1956,0.2846,145.79,132.54,9.522,2015,8,3,2015-08,False
2015-08-11,ITC,139.68,140.47,138.04,139.68,5520369,-0.265,139.33,136.38,147.87,51.419,1.2957,1.2156,0.0801,145.82,132.85,9.311,2015,8,3,2015-08,False
2015-08-12,ITC,139.64,139.64,137.89,138.22,12386018,-1.047,139.39,136.49,147.8,47.9,1.0197,1.1764,-0.1567,145.81,132.98,9.209,2015,8,3,2015-08,False
2015-08-13,ITC,138.5,139.51,132.22,138.04,6900635,-0.126,139.36,136.62,147.74,47.483,0.778,1.0967,-0.3187,145.8,132.92,9.243,2015,8,3,2015-08,False
2015-08-14,ITC,138.55,139.75,137.28,138.83,7890438,0.569,139.27,136.74,147.69,49.613,0.6424,1.0059,-0.3635,145.68,132.85,9.214,2015,8,3,2015-08,False
2015-08-17,ITC,139.33,139.55,137.67,138.28,4495638,-0.393,139.19,136.85,147.64,48.152,0.4853,0.9017,-0.4164,145.61,132.77,9.23,2015,8,3,2015-08,False
2015-08-18,ITC,138.11,139.03,136.41,137.39,9429541,-0.647,139.22,136.97,147.57,45.772,0.2854,0.7785,-0.4931,145.6,132.84,9.165,2015,8,3,2015-08,False
2015-08-19,ITC,137.02,138.76,134.84,138.28,7657887,0.651,139.27,137.11,147.51,48.513,0.1968,0.6621,-0.4653,145.6,132.95,9.087,2015,8,3,2015-08,False
2015-08-20,ITC,138.81,144.15,138.04,143.72,18701959,3.929,139.58,137.39,147.47,61.303,0.5586,0.6414,-0.0829,146.15,133.02,9.41,2015,8,3,2015-08,False
2015-08-21,ITC,143.54,144.57,140.84,144.33,18452566,0.425,139.94,137.68,147.43,62.433,0.8844,0.69,0.1944,146.74,133.14,9.715,2015,8,3,2015-08,False
2015-08-24,ITC,140.1,143.78,137.72,139.72,17120031,-3.19,140.12,137.87,147.37,50.471,0.7623,0.7045,0.0578,146.67,133.58,9.336,2015,8,3,2015-08,False
2015-08-25,ITC,140.53,142.32,136.36,139.59,22094589,-0.094,140.31,138.05,147.3,50.177,0.6475,0.6931,-0.0455,146.54,134.09,8.873,2015,8,3,2015-08,False
2015-08-26,ITC,138.59,140.01,136.84,138.61,16777892,-0.703,140.61,138.2,147.23,47.919,0.4719,0.6489,-0.1769,145.77,135.45,7.341,2015,8,3,2015-08,False
2015-08-27,ITC,141.16,142.93,138.04,142.12,20810590,2.534,140.82,138.41,147.15,55.614,0.6092,0.6409,-0.0317,145.86,135.79,7.15,2015,8,3,2015-08,False
2015-08-28,ITC,143.72,143.72,141.69,142.69,10099873,0.399,140.85,138.6,147.08,56.726,0.755,0.6637,0.0913,145.91,135.78,7.191,2015,8,3,2015-08,False
2015-08-31,ITC,141.71,143.35,140.34,141.88,10005743,-0.566,140.71,138.73,147.0,54.629,0.7963,0.6902,0.106,145.47,135.94,6.773,2015,8,3,2015-08,False
2015-09-01,ITC,140.73,141.34,137.15,137.65,9835616,-2.983,140.39,138.73,146.9,45.193,0.4819,0.6486,-0.1667,145.09,135.7,6.686,2015,9,3,2015-09,False
2015-09-02,ITC,139.16,140.97,137.52,139.68,13515913,1.474,140.14,138.79,146.81,49.68,0.3919,0.5972,-0.2053,144.35,135.92,6.02,2015,9,3,2015-09,False
2015-09-03,ITC,139.35,141.69,139.24,139.64,10476984,-0.031,140.0,138.86,146.72,49.586,0.3135,0.5405,-0.227,144.09,135.91,5.842,2015,9,3,2015-09,False
2015-09-04,ITC,139.64,140.29,137.35,138.37,16321889,-0.906,139.84,138.94,146.62,46.819,0.1475,0.4619,-0.3144,143.92,135.76,5.836,2015,9,3,2015-09,False
2015-09-07,ITC,138.02,139.42,135.78,136.78,7386243,-1.151,139.68,138.97,146.52,43.527,-0.1112,0.3473,-0.4585,143.98,135.37,6.159,2015,9,3,2015-09,False
2015-09-08,ITC,136.63,137.72,135.4,136.54,10634960,-0.175,139.52,138.95,146.41,43.036,-0.3318,0.2115,-0.5433,144.04,134.99,6.485,2015,9,3,2015-09,False
2015-09-09,ITC,137.56,138.07,136.52,137.19,6359030,0.479,139.47,138.95,146.29,44.863,-0.4487,0.0794,-0.5281,144.08,134.86,6.609,2015,9,3,2015-09,False
2015-09-10,ITC,135.71,137.8,135.43,136.74,9313670,-0.334,139.4,138.94,146.18,43.804,-0.5717,-0.0508,-0.5209,144.13,134.67,6.785,2015,9,3,2015-09,False
2015-09-11,ITC,137.32,137.96,136.21,136.91,6970833,0.128,139.31,138.92,146.1,44.343,-0.6476,-0.1702,-0.4774,144.16,134.45,6.97,2015,9,3,2015-09,False
2015-09-14,ITC,136.91,137.54,135.97,136.87,7762278,-0.032,139.24,138.88,146.01,44.229,-0.7032,-0.2768,-0.4264,144.19,134.28,7.122,2015,9,3,2015-09,False
2015-09-15,ITC,136.58,138.72,136.36,138.35,5374153,1.084,139.28,138.88,145.93,49.036,-0.6203,-0.3455,-0.2749,144.18,134.38,7.037,2015,9,3,2015-09,False
2015-09-16,ITC,139.05,140.88,138.42,140.58,5804856,1.609,139.4,138.96,145.86,55.264,-0.3709,-0.3506,-0.0203,144.31,134.49,7.044,2015,9,3,2015-09,False
2015-09-18,ITC,141.82,143.13,137.35,138.76,13322309,-1.288,139.15,139.02,145.77,49.918,-0.3156,-0.3436,0.0279,143.62,134.68,6.428,2015,9,3,2015-09,False
2015-09-21,ITC,138.07,138.46,136.76,137.13,7060328,-1.179,138.79,139.06,145.67,45.623,-0.3993,-0.3547,-0.0446,142.62,134.96,5.52,2015,9,3,2015-09,False
2015-09-22,ITC,137.85,138.87,135.27,136.21,15513834,-0.668,138.61,139.04,145.58,43.373,-0.5334,-0.3905,-0.1429,142.58,134.64,5.728,2015,9,3,2015-09,False
2015-09-23,ITC,133.96,139.22,133.96,137.94,12103872,1.265,138.53,139.07,145.45,48.517,-0.4949,-0.4113,-0.0835,142.49,134.58,5.708,2015,9,3,2015-09,False
2015-09-24,ITC,137.37,141.1,137.24,140.75,14665105,2.04,138.64,139.15,145.32,55.608,-0.2345,-0.376,0.1414,142.71,134.56,5.88,2015,9,3,2015-09,False
2015-09-28,ITC,141.01,141.82,138.94,139.31,6603226,-1.023,138.5,139.16,145.16,51.686,-0.1428,-0.3293,0.1866,142.25,134.75,5.417,2015,9,3,2015-09,False
2015-09-29,ITC,139.18,141.82,138.33,139.81,8618175,0.36,138.35,139.14,145.02,52.932,-0.0292,-0.2693,0.2401,141.62,135.09,4.716,2015,9,3,2015-09,False
2015-09-30,ITC,140.51,143.94,139.64,143.48,13981834,2.622,138.43,139.22,144.89,60.87,0.3525,-0.145,0.4974,142.11,134.76,5.312,2015,9,3,2015-09,False
2015-10-01,ITC,142.71,145.68,142.71,143.46,6445786,-0.015,138.72,139.35,144.76,60.804,0.6458,0.0132,0.6326,143.01,134.44,6.175,2015,10,4,2015-10,False
2015-10-05,ITC,144.0,144.66,142.6,143.78,9680157,0.228,138.93,139.48,144.63,61.477,0.8943,0.1894,0.7049,143.76,134.1,6.958,2015,10,4,2015-10,False
2015-10-06,ITC,144.87,149.96,143.48,149.61,11133386,4.052,139.43,139.72,144.54,71.006,1.5436,0.4602,1.0833,146.23,132.63,9.752,2015,10,4,2015-10,False
2015-10-07,ITC,150.09,152.73,149.37,151.53,11119883,1.283,140.09,140.01,144.49,73.347,2.1878,0.8058,1.382,148.74,131.43,12.363,2015,10,4,2015-10,False
2015-10-08,ITC,151.31,151.31,146.36,147.97,9729114,-2.347,140.64,140.25,144.43,63.175,2.3839,1.1214,1.2625,149.83,131.45,13.069,2015,10,4,2015-10,False
2015-10-09,ITC,148.76,150.46,148.45,149.87,5747871,1.283,141.31,140.53,144.38,65.894,2.6618,1.4295,1.2323,151.16,131.46,13.936,2015,10,4,2015-10,False
2015-10-12,ITC,149.7,152.03,147.86,148.69,6302130,-0.786,141.89,140.85,144.34,62.795,2.7552,1.6946,1.0606,152.06,131.71,14.337,2015,10,4,2015-10,False
2015-10-13,ITC,148.36,150.94,148.21,150.13,7275026,0.968,142.56,141.1,144.29,64.964,2.9119,1.9381,0.9738,153.06,132.05,14.734,2015,10,4,2015-10,False
2015-10-14,ITC,150.2,150.83,149.46,150.15,9432417,0.015,143.22,141.25,144.24,64.997,3.0032,2.1511,0.8521,153.89,132.55,14.903,2015,10,4,2015-10,False
2015-10-15,ITC,150.11,153.78,149.96,152.47,9861249,1.54,144.0,141.41,144.21,68.422,3.225,2.3659,0.8591,154.99,133.01,15.267,2015,10,4,2015-10,False
2015-10-16,ITC,151.88,152.73,149.89,152.23,10008030,-0.157,144.69,141.57,144.18,67.682,3.3429,2.5613,0.7816,155.93,133.45,15.537,2015,10,4,2015-10,False
2015-10-19,ITC,151.86,153.6,150.63,153.16,11618584,0.616,145.32,141.74,144.16,69.09,3.472,2.7434,0.7285,156.99,133.65,16.062,2015,10,4,2015-10,False
2015-10-20,ITC,152.95,153.27,151.77,152.14,7671159,-0.67,145.99,141.94,144.13,65.72,3.4517,2.8851,0.5667,157.61,134.37,15.921,2015,10,4,2015-10,False
2015-10-21,ITC,152.34,152.73,151.7,152.1,5676290,-0.029,146.74,142.15,144.1,65.574,3.3931,2.9867,0.4064,157.87,135.6,15.178,2015,10,4,2015-10,False
2015-10-23,ITC,152.77,156.63,152.77,156.37,9060774,2.812,147.75,142.47,144.1,72.132,3.6496,3.1193,0.5303,158.51,136.98,14.576,2015,10,4,2015-10,False
2015-10-26,ITC,156.59,157.0,154.91,155.56,8200648,-0.516,148.63,142.79,144.09,69.443,3.7446,3.2443,0.5002,158.89,138.37,13.806,2015,10,4,2015-10,False
2015-10-27,ITC,154.78,155.76,154.15,155.35,15515511,-0.14,149.36,143.13,144.08,68.697,3.7589,3.3472,0.4117,159.33,139.39,13.354,2015,10,4,2015-10,False
2015-10-28,ITC,154.63,156.63,154.47,155.0,10086513,-0.225,150.14,143.47,144.08,67.449,3.6994,3.4177,0.2818,159.21,141.07,12.085,2015,10,4,2015-10,False
2015-10-29,ITC,154.95,155.35,151.46,152.73,7932853,-1.464,150.79,143.75,144.09,59.841,3.4297,3.4201,0.0096,158.5,143.08,10.23,2015,10,4,2015-10,False
2015-10-30,ITC,153.36,153.36,144.39,146.03,28847862,-4.386,150.92,143.91,144.04,44.046,2.6449,3.265,-0.6201,158.19,143.64,9.642,2015,10,4,2015-10,False
2015-11-02,ITC,145.31,148.23,143.98,147.14,10723717,0.762,151.1,144.1,144.02,46.569,2.0887,3.0298,-0.9411,157.74,144.46,8.787,2015,11,4,2015-11,False
2015-11-03,ITC,146.97,147.88,145.22,146.12,4061707,-0.697,151.22,144.26,143.98,44.574,1.5473,2.7333,-1.186,157.38,145.06,8.149,2015,11,4,2015-11,False
2015-11-04,ITC,146.99,147.58,145.75,146.49,5171885,0.254,151.06,144.31,143.95,45.484,1.1351,2.4137,-1.2785,157.54,144.58,8.583,2015,11,4,2015-11,False
2015-11-05,ITC,145.75,148.02,145.42,147.12,5595613,0.432,150.84,144.37,143.94,47.079,0.8497,2.1009,-1.2512,157.55,144.13,8.899,2015,11,4,2015-11,False
2015-11-06,ITC,146.47,148.12,146.18,147.36,4635192,0.163,150.81,144.52,143.91,47.705,0.6355,1.8078,-1.1723,157.58,144.04,8.98,2015,11,4,2015-11,False
2015-11-09,ITC,144.66,150.11,144.15,149.7,12462025,1.584,150.8,144.72,143.89,53.464,0.6468,1.5756,-0.9288,157.58,144.02,8.988,2015,11,4,2015-11,False
2015-11-10,ITC,148.71,150.57,146.25,146.95,7507146,-1.836,150.71,144.89,143.86,46.912,0.4289,1.3462,-0.9174,157.65,143.78,9.202,2015,11,4,2015-11,False
2015-11-13,ITC,144.18,145.66,142.74,143.91,19348452,-2.064,150.4,144.93,143.78,40.95,0.0113,1.0793,-1.0679,157.98,142.83,10.07,2015,11,4,2015-11,False
2015-11-16,ITC,144.0,147.93,143.83,147.62,9111652,2.577,150.28,145.03,143.77,49.417,-0.02,0.8594,-0.8794,157.95,142.6,10.214,2015,11,4,2015-11,False
2015-11-17,ITC,149.32,152.84,147.97,152.34,12018593,3.192,150.27,145.23,143.78,57.714,0.3316,0.7538,-0.4223,157.94,142.6,10.204,2015,11,4,2015-11,False
2015-11-18,ITC,153.16,153.23,150.15,151.79,10350049,-0.358,150.25,145.52,143.79,56.557,0.5597,0.715,-0.1553,157.89,142.6,10.177,2015,11,4,2015-11,False
2015-11-19,ITC,152.73,154.04,152.2,153.62,17590094,1.207,150.27,145.8,143.79,59.494,0.8783,0.7477,0.1307,157.96,142.59,10.228,2015,11,4,2015-11,False
2015-11-20,ITC,153.71,153.71,149.72,150.31,10237807,-2.159,150.18,146.01,143.77,52.569,0.8534,0.7688,0.0846,157.81,142.54,10.168,2015,11,4,2015-11,False
2015-11-23,ITC,149.83,150.48,146.73,147.16,9335921,-2.09,149.93,146.19,143.71,46.989,0.5735,0.7297,-0.1563,157.63,142.24,10.262,2015,11,4,2015-11,False
2015-11-24,ITC,147.99,148.19,145.0,146.58,13590345,-0.4,149.44,146.38,143.66,46.004,0.3006,0.6439,-0.3433,156.64,142.24,9.633,2015,11,4,2015-11,False
2015-11-26,ITC,146.68,150.55,146.12,149.59,9778092,2.054,149.14,146.64,143.63,51.594,0.3236,0.5799,-0.2562,155.74,142.54,8.85,2015,11,4,2015-11,False
2015-11-27,ITC,150.28,150.55,147.86,150.26,5895769,0.452,148.89,146.9,143.6,52.777,0.3919,0.5423,-0.1503,154.84,142.94,7.998,2015,11,4,2015-11,False
2015-11-30,ITC,149.76,151.33,148.6,151.05,17919712,0.523,148.69,147.19,143.57,54.177,0.5036,0.5346,-0.0309,154.02,143.36,7.17,2015,11,4,2015-11,False
2015-12-01,ITC,150.63,151.42,148.8,151.09,10516942,0.029,148.61,147.47,143.54,54.258,0.5889,0.5454,0.0435,153.73,143.5,6.884,2015,12,4,2015-12,False
2015-12-02,ITC,150.98,152.62,149.41,152.47,4813524,0.91,148.93,147.79,143.5,56.851,0.7586,0.5881,0.1706,154.17,143.69,7.037,2015,12,4,2015-12,False
2015-12-03,ITC,151.03,151.81,149.37,149.83,5809665,-1.732,149.07,148.02,143.47,50.886,0.6724,0.6049,0.0674,154.25,143.88,6.955,2015,12,4,2015-12,False
2015-12-04,ITC,148.93,149.13,146.18,146.6,14148517,-2.155,149.09,148.14,143.41,44.707,0.3395,0.5518,-0.2123,154.22,143.96,6.883,2015,12,4,2015-12,False
2015-12-07,ITC,146.18,146.58,135.51,136.82,52829599,-6.668,148.61,148.1,143.3,32.029,-0.7049,0.3005,-1.0054,156.06,141.15,10.035,2015,12,4,2015-12,False
2015-12-08,ITC,135.71,138.85,135.53,137.35,19736148,0.383,148.12,148.1,143.19,33.123,-1.4733,-0.0543,-1.419,157.11,139.13,12.14,2015,12,4,2015-12,False
2015-12-09,ITC,139.42,139.42,137.56,138.5,15655011,0.842,147.68,148.15,143.08,35.589,-1.9663,-0.4367,-1.5296,157.64,137.71,13.499,2015,12,4,2015-12,False
2015-12-10,ITC,138.55,140.4,138.33,140.18,8649047,1.213,147.2,148.19,142.95,39.102,-2.1962,-0.7886,-1.4076,157.66,136.74,14.209,2015,12,4,2015-12,False
2015-12-11,ITC,140.07,140.71,137.63,140.07,9358275,-0.078,146.86,148.18,142.81,38.954,-2.3599,-1.1028,-1.2571,157.79,135.92,14.89,2015,12,4,2015-12,False
2015-12-14,ITC,139.64,140.68,138.39,139.68,7573029,-0.28,146.64,148.19,142.67,38.388,-2.4926,-1.3808,-1.1118,157.98,135.31,15.453,2015,12,4,2015-12,False
2015-12-15,ITC,139.64,141.34,138.76,140.92,10478148,0.89,146.31,148.21,142.53,41.294,-2.469,-1.5984,-0.8706,157.91,134.71,15.859,2015,12,4,2015-12,False
2015-12-16,ITC,140.95,141.67,138.81,139.31,8099047,-1.146,145.66,148.12,142.39,38.74,-2.5512,-1.789,-0.7622,157.3,134.02,15.982,2015,12,4,2015-12,False
2015-12-17,ITC,139.51,140.4,138.02,139.85,9018268,0.392,145.06,148.05,142.25,40.088,-2.543,-1.9398,-0.6032,156.6,133.52,15.91,2015,12,4,2015-12,False
2015-12-18,ITC,140.03,140.95,138.07,138.37,14774200,-1.061,144.3,147.94,142.08,37.66,-2.6259,-2.077,-0.5489,155.47,133.13,15.478,2015,12,4,2015-12,False
2015-12-21,ITC,139.64,142.89,138.35,142.5,8352379,2.98,143.91,147.8,141.95,47.228,-2.332,-2.128,-0.204,154.73,133.09,15.042,2015,12,4,2015-12,False
2015-12-22,ITC,141.84,142.04,139.42,139.75,6326849,-1.929,143.54,147.57,141.81,42.54,-2.2944,-2.1613,-0.1332,154.4,132.68,15.135,2015,12,4,2015-12,False
2015-12-23,ITC,140.51,141.38,139.64,140.29,5475581,0.39,143.22,147.41,141.78,43.734,-2.1954,-2.1681,-0.0273,154.08,132.37,15.159,2015,12,4,2015-12,False
2015-12-24,ITC,140.95,141.71,139.9,141.25,3799114,0.684,142.81,147.24,141.75,45.865,-2.0162,-2.1377,0.1216,153.27,132.35,14.65,2015,12,4,2015-12,False
2015-12-28,ITC,140.82,142.71,140.71,142.34,9432149,0.772,142.41,147.11,141.73,48.263,-1.7657,-2.0633,0.2976,152.27,132.56,13.839,2015,12,4,2015-12,False
2015-12-29,ITC,142.45,143.13,141.1,141.75,4606143,-0.414,141.95,146.95,141.7,47.051,-1.5964,-1.9699,0.3735,150.92,132.97,12.648,2015,12,4,2015-12,False
2015-12-30,ITC,142.47,142.91,141.49,142.5,4984557,0.523,141.52,146.79,141.69,48.795,-1.3864,-1.8532,0.4668,149.41,133.63,11.151,2015,12,4,2015-12,False
2015-12-31,ITC,142.04,144.0,141.1,143.04,8342404,0.383,141.05,146.6,141.68,50.096,-1.1625,-1.7151,0.5526,147.09,135.0,8.575,2015,12,4,2015-12,False
2016-01-01,ITC,142.95,143.56,142.1,142.91,1536435,-0.092,140.7,146.42,141.67,49.769,-0.9843,-1.5689,0.5846,145.23,136.16,6.447,2016,1,1,2016-01,False
2016-01-04,ITC,142.04,142.3,140.31,141.86,6133919,-0.733,140.46,146.19,141.64,47.12,-0.917,-1.4386,0.5215,144.11,136.82,5.192,2016,1,1,2016-01,False
2016-01-05,ITC,141.86,142.43,141.4,141.75,6040492,-0.077,140.71,145.98,141.62,46.84,-0.8626,-1.3234,0.4608,143.96,137.45,4.628,2016,1,1,2016-01,False
2016-01-06,ITC,142.69,142.69,137.26,137.5,15821205,-3.001,140.72,145.69,141.59,37.492,-1.1495,-1.2886,0.1391,143.94,137.49,4.581,2016,1,1,2016-01,False
2016-01-07,ITC,136.93,136.93,134.68,135.1,12264018,-1.745,140.55,145.27,141.54,33.438,-1.5526,-1.3414,-0.2112,144.53,136.56,5.671,2016,1,1,2016-01,False
2016-01-08,ITC,135.8,138.33,135.16,136.87,10219316,1.308,140.38,144.89,141.51,38.695,-1.7098,-1.4151,-0.2947,144.69,136.07,6.142,2016,1,1,2016-01,False
2016-01-11,ITC,135.27,138.24,135.16,137.91,7141566,0.765,140.27,144.54,141.48,41.637,-1.7299,-1.478,-0.2518,144.72,135.82,6.344,2016,1,1,2016-01,False
2016-01-12,ITC,137.56,138.28,136.36,137.52,7222615,-0.285,140.16,144.19,141.47,40.845,-1.7572,-1.5339,-0.2234,144.78,135.55,6.581,2016,1,1,2016-01,False
2016-01-13,ITC,138.48,139.81,137.3,137.78,7126884,0.19,140.01,143.9,141.46,41.642,-1.7378,-1.5746,-0.1631,144.72,135.29,6.737,2016,1,1,2016-01,False
2016-01-14,ITC,136.87,139.09,136.26,138.44,11933785,0.475,139.96,143.74,141.45,43.683,-1.6505,-1.5898,-0.0607,144.72,135.2,6.801,2016,1,1,2016-01,False
2016-01-15,ITC,137.5,138.5,136.28,136.98,8287068,-1.056,139.82,143.54,141.44,40.293,-1.6799,-1.6078,-0.0721,144.76,134.88,7.072,2016,1,1,2016-01,False
2016-01-18,ITC,136.97,139.05,136.69,137.63,12285620,0.478,139.78,143.37,141.44,42.447,-1.6316,-1.6126,-0.019,144.78,134.78,7.155,2016,1,1,2016-01,False
2016-01-19,ITC,137.56,138.55,136.12,137.04,7099389,-0.428,139.51,143.18,141.45,41.013,-1.6222,-1.6145,-0.0077,144.48,134.54,7.129,2016,1,1,2016-01,False
2016-01-20,ITC,135.45,139.64,133.09,134.82,10015115,-1.624,139.26,142.94,141.42,36.058,-1.7738,-1.6464,-0.1274,144.66,133.87,7.747,2016,1,1,2016-01,False
2016-01-21,ITC,135.99,135.99,132.5,133.7,13042954,-0.825,138.93,142.66,141.39,33.855,-1.9612,-1.7093,-0.2518,144.84,133.02,8.508,2016,1,1,2016-01,False
2016-01-22,ITC,134.84,136.47,132.04,134.73,15828472,0.767,138.61,142.36,141.36,37.636,-2.0038,-1.7682,-0.2356,144.7,132.52,8.786,2016,1,1,2016-01,False
2016-01-25,ITC,133.24,136.08,132.68,135.01,9688748,0.21,138.24,142.12,141.3,38.68,-1.9918,-1.8129,-0.1788,144.27,132.22,8.717,2016,1,1,2016-01,False
2016-01-27,ITC,135.03,137.11,133.94,136.56,8839231,1.147,137.98,141.98,141.26,44.176,-1.8361,-1.8176,-0.0185,143.81,132.15,8.454,2016,1,1,2016-01,False
2016-01-28,ITC,136.45,140.44,135.99,139.0,14425495,1.789,137.81,141.81,141.21,51.554,-1.4982,-1.7537,0.2555,143.27,132.35,7.925,2016,1,1,2016-01,False
2016-01-29,ITC,140.88,142.26,138.26,139.72,12977498,0.518,137.64,141.55,141.17,53.503,-1.159,-1.6347,0.4758,142.61,132.67,7.223,2016,1,1,2016-01,False
2016-02-01,ITC,139.05,141.82,137.39,141.71,7634682,1.421,137.58,141.35,141.14,58.467,-0.7216,-1.4521,0.7305,142.31,132.86,6.871,2016,2,1,2016-02,False
2016-02-02,ITC,141.34,142.21,140.27,141.49,7338991,-0.154,137.56,141.11,141.09,57.738,-0.3881,-1.2393,0.8512,142.22,132.9,6.772,2016,2,1,2016-02,False
2016-02-03,ITC,140.4,141.49,139.46,140.49,5111345,-0.709,137.5,140.91,141.04,54.377,-0.2025,-1.032,0.8295,141.95,133.05,6.47,2016,2,1,2016-02,False
2016-02-04,ITC,140.68,141.64,140.07,140.42,3309501,-0.047,137.65,140.78,140.99,54.156,-0.06,-0.8376,0.7776,142.28,133.01,6.736,2016,2,1,2016-02,False
2016-02-05,ITC,140.95,142.23,140.51,141.36,6754583,0.668,137.96,140.67,140.94,56.867,0.1272,-0.6446,0.7718,142.72,133.2,6.895,2016,2,1,2016-02,False
2016-02-08,ITC,141.73,141.78,137.13,137.56,6509280,-2.686,137.99,140.43,140.9,45.215,-0.0304,-0.5218,0.4913,142.73,133.26,6.859,2016,2,1,2016-02,False
2016-02-09,ITC,136.69,136.91,135.16,136.32,11915170,-0.904,137.91,140.15,140.85,42.167,-0.2528,-0.468,0.2152,142.71,133.12,6.948,2016,2,1,2016-02,False
2016-02-10,ITC,136.19,136.56,133.96,134.84,8168586,-1.088,137.78,139.83,140.79,38.806,-0.5425,-0.4829,-0.0596,142.76,132.8,7.235,2016,2,1,2016-02,False
2016-02-11,ITC,135.58,135.58,129.8,130.28,14580660,-3.382,137.4,139.41,140.71,30.706,-1.127,-0.6117,-0.5153,143.41,131.4,8.746,2016,2,1,2016-02,False
2016-02-12,ITC,130.56,133.16,130.41,130.95,13703734,0.519,137.03,138.98,140.62,32.942,-1.5182,-0.793,-0.7252,143.67,130.39,9.687,2016,2,1,2016-02,False
2016-02-15,ITC,132.22,133.53,130.21,132.52,12478912,1.2,136.81,138.64,140.55,37.95,-1.6821,-0.9708,-0.7112,143.74,129.87,10.141,2016,2,1,2016-02,False
2016-02-16,ITC,132.87,133.53,128.14,128.95,10988951,-2.7,136.37,138.28,140.47,32.074,-2.0767,-1.192,-0.8847,144.13,128.62,11.378,2016,2,1,2016-02,False
2016-02-17,ITC,129.38,131.7,126.13,130.84,13598699,1.472,136.06,138.16,140.43,37.594,-2.2108,-1.3958,-0.8151,144.2,127.93,11.954,2016,2,1,2016-02,False
2016-02-18,ITC,131.56,133.83,131.28,133.29,9751124,1.868,135.99,138.08,140.4,43.913,-2.0958,-1.5358,-0.56,144.2,127.78,12.075,2016,2,1,2016-02,False
2016-02-19,ITC,133.09,133.57,131.35,132.9,7194078,-0.295,135.95,137.97,140.36,43.157,-2.0131,-1.6312,-0.3818,144.21,127.68,12.159,2016,2,1,2016-02,False
2016-02-22,ITC,132.07,132.07,128.03,130.84,15270590,-1.543,135.75,137.78,140.32,39.346,-2.089,-1.7228,-0.3662,144.32,127.19,12.615,2016,2,1,2016-02,False
2016-02-23,ITC,130.01,130.01,127.7,128.2,9198036,-2.018,135.41,137.55,140.28,35.054,-2.3352,-1.8453,-0.4899,144.62,126.21,13.594,2016,2,1,2016-02,False
2016-02-24,ITC,127.86,128.9,124.8,125.5,14353186,-2.11,134.86,137.26,140.22,31.288,-2.7173,-2.0197,-0.6976,145.05,124.67,15.113,2016,2,1,2016-02,False
2016-02-25,ITC,124.19,126.68,123.93,124.89,15129076,-0.487,134.15,136.94,140.14,30.492,-3.0345,-2.2226,-0.8118,145.07,123.24,16.268,2016,2,1,2016-02,False
2016-02-26,ITC,126.11,127.42,124.43,126.96,12468580,1.66,133.52,136.7,140.08,36.408,-3.083,-2.3947,-0.6883,144.55,122.48,16.526,2016,2,1,2016-02,False
2016-02-29,ITC,126.55,131.63,116.95,129.01,79431944,1.615,132.88,136.48,140.03,41.695,-2.9223,-2.5002,-0.4221,143.38,122.39,15.797,2016,2,1,2016-02,False
2016-03-01,ITC,133.09,142.69,133.09,141.97,67402048,10.046,132.9,136.55,140.04,62.766,-1.7293,-2.346,0.6168,143.48,122.32,15.921,2016,3,1,2016-03,False
2016-03-02,ITC,143.13,145.7,138.96,139.44,24680589,-1.783,132.85,136.49,140.04,58.332,-0.9767,-2.0722,1.0954,143.28,122.42,15.704,2016,3,1,2016-03,False
2016-03-03,ITC,140.95,141.82,138.22,138.83,10227569,-0.438,132.77,136.47,140.04,57.28,-0.4247,-1.7427,1.3179,142.98,122.56,15.38,2016,3,1,2016-03,False
2016-03-04,ITC,139.64,140.4,137.35,137.54,11818471,-0.927,132.58,136.42,140.01,55.029,-0.0901,-1.4122,1.3221,142.24,122.92,14.575,2016,3,1,2016-03,False
2016-03-08,ITC,137.89,141.38,137.89,139.75,13109801,1.602,132.69,136.39,140.0,58.068,0.3489,-1.06,1.4088,142.64,122.75,14.988,2016,3,1,2016-03,False
2016-03-09,ITC,138.33,139.94,136.45,139.59,20903665,-0.109,132.85,136.33,139.99,57.776,0.6766,-0.7127,1.3893,143.15,122.56,15.501,2016,3,1,2016-03,False
2016-03-10,ITC,139.53,140.42,136.52,137.94,13915900,-1.188,133.01,136.26,139.98,54.574,0.7935,-0.4114,1.2049,143.52,122.5,15.809,2016,3,1,2016-03,False
2016-03-11,ITC,137.94,140.51,137.46,140.2,12149994,1.645,133.51,136.21,139.98,58.004,1.0569,-0.1178,1.1747,144.41,122.61,16.33,2016,3,1,2016-03,False
2016-03-14,ITC,140.73,142.26,140.51,141.84,7708725,1.167,134.05,136.19,140.01,60.33,1.3819,0.1822,1.1997,145.49,122.61,17.065,2016,3,1,2016-03,False
2016-03-15,ITC,142.26,142.26,137.46,138.11,16209915,-2.63,134.33,136.09,140.03,53.108,1.3231,0.4104,0.9127,145.88,122.78,17.201,2016,3,1,2016-03,False
2016-03-16,ITC,138.13,141.12,137.89,140.53,9728463,1.754,134.91,136.06,140.05,56.729,1.4551,0.6193,0.8358,146.49,123.33,17.165,2016,3,1,2016-03,False
2016-03-17,ITC,141.06,141.82,140.29,141.23,13035516,0.497,135.43,136.05,140.07,57.742,1.5977,0.815,0.7827,147.17,123.69,17.339,2016,3,1,2016-03,False
2016-03-18,ITC,141.99,142.6,140.51,141.71,14383934,0.34,135.85,136.14,140.08,58.462,1.7295,0.9979,0.7316,147.87,123.83,17.694,2016,3,1,2016-03,False
2016-03-21,ITC,142.58,146.71,142.36,144.63,16781906,2.063,136.44,136.33,140.09,62.638,2.0463,1.2076,0.8387,148.98,123.89,18.391,2016,3,1,2016-03,False
2016-03-22,ITC,143.35,144.35,140.62,141.01,19781991,-2.504,136.94,136.41,140.12,55.23,1.9822,1.3625,0.6197,149.36,124.53,18.132,2016,3,1,2016-03,False
2016-03-23,ITC,141.82,141.86,139.79,141.49,16015333,0.34,137.61,136.48,140.16,55.974,1.9477,1.4795,0.4682,149.46,125.75,17.231,2016,3,1,2016-03,False
2016-03-28,ITC,142.69,143.91,139.77,140.71,17073110,-0.555,138.37,136.55,140.21,54.383,1.8358,1.5508,0.285,148.82,127.92,15.109,2016,3,1,2016-03,False
2016-03-29,ITC,140.14,142.71,139.2,139.64,18701607,-0.76,139.11,136.58,140.24,52.208,1.642,1.569,0.0729,147.42,130.8,11.947,2016,3,1,2016-03,False
2016-03-30,ITC,139.9,143.67,139.9,142.84,14435320,2.297,139.9,136.67,140.29,57.676,1.7272,1.6007,0.1266,146.09,133.71,8.844,2016,3,1,2016-03,False
2016-03-31,ITC,142.17,145.09,141.78,143.24,28529105,0.275,140.61,136.8,140.35,58.305,1.8057,1.6417,0.164,144.29,136.93,5.231,2016,3,1,2016-03,False
2016-04-01,ITC,142.3,146.97,142.04,146.64,14850746,2.376,140.85,136.98,140.43,63.385,2.1181,1.737,0.3811,145.38,136.31,6.438,2016,4,2,2016-04,False
2016-04-04,ITC,142.69,145.31,142.28,144.31,14209372,-1.592,141.09,137.12,140.5,58.152,2.1525,1.8201,0.3324,145.82,136.35,6.711,2016,4,2,2016-04,False
2016-04-05,ITC,143.17,144.15,141.47,142.45,8964083,-1.285,141.27,137.27,140.57,54.315,2.0069,1.8574,0.1495,145.92,136.62,6.578,2016,4,2,2016-04,False
2016-04-06,ITC,142.63,143.52,141.82,142.21,6892514,-0.168,141.5,137.44,140.62,53.821,1.8509,1.8561,-0.0052,145.82,137.19,6.099,2016,4,2,2016-04,False
2016-04-07,ITC,142.69,142.69,139.2,139.4,10412846,-1.979,141.49,137.54,140.67,48.267,1.483,1.7815,-0.2985,145.83,137.14,6.146,2016,4,2,2016-04,False
2016-04-08,ITC,139.42,140.71,139.2,140.16,4985755,0.548,141.51,137.64,140.71,49.781,1.2388,1.673,-0.4341,145.82,137.21,6.082,2016,4,2,2016-04,False
2016-04-11,ITC,140.51,143.26,138.33,142.8,14365804,1.884,141.76,137.77,140.77,54.716,1.244,1.5872,-0.3432,145.75,137.77,5.629,2016,4,2,2016-04,False
2016-04-12,ITC,141.82,142.1,140.07,140.68,6187731,-1.482,141.78,137.8,140.81,50.437,1.065,1.4827,-0.4177,145.74,137.83,5.581,2016,4,2,2016-04,False
2016-04-13,ITC,141.82,145.18,141.6,144.55,12397612,2.745,141.92,137.9,140.85,57.039,1.2207,1.4303,-0.2096,146.06,137.77,5.842,2016,4,2,2016-04,False
2016-04-18,ITC,146.18,147.64,144.46,146.36,14746380,1.253,142.33,137.99,140.9,59.746,1.4733,1.4389,0.0344,146.52,138.14,5.889,2016,4,2,2016-04,False
2016-04-20,ITC,146.34,147.62,145.14,146.4,9345601,0.03,142.62,138.09,140.95,59.812,1.6578,1.4827,0.1751,147.1,138.15,6.273,2016,4,2,2016-04,False
2016-04-21,ITC,146.44,146.84,142.95,143.98,7212220,-1.654,142.76,138.16,140.98,54.494,1.5904,1.5042,0.0861,147.22,138.3,6.251,2016,4,2,2016-04,False
2016-04-22,ITC,142.23,144.5,141.58,142.17,6515084,-1.258,142.78,138.19,141.02,50.853,1.3749,1.4784,-0.1035,147.23,138.34,6.225,2016,4,2,2016-04,False
2016-04-25,ITC,140.2,142.04,139.81,140.05,6324530,-1.489,142.55,138.16,141.05,46.908,1.0216,1.387,-0.3654,147.07,138.04,6.334,2016,4,2,2016-04,False
2016-04-26,ITC,136.67,143.28,136.36,142.87,15023308,2.01,142.65,138.27,141.07,52.217,0.9577,1.3011,-0.3435,147.1,138.19,6.249,2016,4,2,2016-04,False
2016-04-27,ITC,142.28,145.96,142.28,145.55,9677599,1.878,142.85,138.46,141.12,56.666,1.1107,1.2631,-0.1523,147.45,138.25,6.444,2016,4,2,2016-04,False
2016-04-28,ITC,144.0,144.87,140.31,140.9,20225037,-3.193,142.86,138.58,141.13,48.282,0.8473,1.1799,-0.3326,147.44,138.28,6.417,2016,4,2,2016-04,False
2016-04-29,ITC,141.01,142.3,139.68,141.8,10729330,0.635,142.97,138.81,141.15,49.821,0.7026,1.0845,-0.3818,147.33,138.61,6.1,2016,4,2,2016-04,False
2016-05-02,ITC,141.06,141.38,139.38,140.14,3388196,-1.169,142.83,138.99,141.16,47.027,0.449,0.9574,-0.5084,147.37,138.29,6.358,2016,5,2,2016-05,False
2016-05-03,ITC,140.34,141.14,137.02,137.91,11124246,-1.588,142.57,139.1,141.16,43.502,0.0676,0.7794,-0.7118,147.6,137.53,7.067,2016,5,2,2016-05,False
2016-05-04,ITC,137.46,139.42,135.34,136.43,6402669,-1.076,142.06,139.25,141.16,41.28,-0.3503,0.5534,-0.9038,147.41,136.7,7.544,2016,5,2,2016-05,False
2016-05-05,ITC,136.15,139.77,135.97,138.61,6576427,1.599,141.77,139.4,141.17,45.674,-0.4997,0.3428,-0.8425,147.23,136.31,7.702,2016,5,2,2016-05,False
2016-05-06,ITC,136.56,139.38,133.53,138.63,16183901,0.016,141.58,139.51,141.19,45.718,-0.6093,0.1524,-0.7617,147.2,135.96,7.944,2016,5,2,2016-05,False
2016-05-09,ITC,139.64,142.21,139.42,141.73,8857475,2.235,141.56,139.69,141.21,51.67,-0.4411,0.0337,-0.4748,147.17,135.94,7.935,2016,5,2,2016-05,False
2016-05-10,ITC,141.82,142.26,140.38,141.16,8564326,-0.4,141.64,139.89,141.24,50.576,-0.3496,-0.043,-0.3066,147.17,136.12,7.806,2016,5,2,2016-05,False
2016-05-11,ITC,139.64,140.4,137.94,138.76,11154663,-1.7,141.57,140.11,141.24,46.128,-0.4653,-0.1274,-0.3379,147.22,135.93,7.969,2016,5,2,2016-05,False
2016-05-12,ITC,139.22,140.12,137.5,138.85,5782937,0.063,141.38,140.37,141.25,46.313,-0.5437,-0.2107,-0.333,147.11,135.64,8.115,2016,5,2,2016-05,False
2016-05-13,ITC,138.76,140.38,137.52,139.35,9804509,0.361,141.31,140.66,141.24,47.431,-0.5589,-0.2803,-0.2786,147.11,135.51,8.21,2016,5,2,2016-05,False
2016-05-16,ITC,138.9,144.0,138.37,143.74,13469690,3.147,141.27,141.0,141.26,56.04,-0.2146,-0.2672,0.0526,146.99,135.55,8.093,2016,5,2,2016-05,False
2016-05-17,ITC,144.0,145.51,143.43,144.22,12444300,0.334,141.16,141.3,141.3,56.872,0.0959,-0.1946,0.2905,146.55,135.78,7.631,2016,5,2,2016-05,False
2016-05-18,ITC,142.95,146.1,142.17,145.18,7908685,0.666,141.1,141.37,141.34,58.563,0.4146,-0.0727,0.4874,146.26,135.94,7.313,2016,5,2,2016-05,False
2016-05-19,ITC,145.75,145.75,140.73,141.75,8918517,-2.36,140.99,141.41,141.36,50.897,0.3864,0.0191,0.3673,145.98,136.0,7.08,2016,5,2,2016-05,False
2016-05-20,ITC,142.58,147.8,141.73,144.15,21044560,1.693,141.09,141.52,141.39,55.311,0.5513,0.1255,0.4258,146.26,135.92,7.323,2016,5,2,2016-05,False
2016-05-23,ITC,152.58,154.69,148.15,151.35,54852807,4.995,141.66,141.79,141.47,65.368,1.2486,0.3501,0.8984,148.53,134.78,9.709,2016,5,2,2016-05,False
2016-05-24,ITC,151.86,153.51,151.27,151.88,16271995,0.346,142.11,142.04,141.55,65.968,1.8224,0.6446,1.1778,150.36,133.85,11.616,2016,5,2,2016-05,False
2016-05-25,ITC,152.9,155.98,152.66,155.37,10338908,2.299,142.6,142.35,141.66,69.731,2.5297,1.0216,1.5081,152.68,132.51,14.14,2016,5,2,2016-05,False
2016-05-26,ITC,155.35,158.84,154.3,158.16,13074273,1.798,143.46,142.76,141.76,72.365,3.2779,1.4729,1.805,155.66,131.26,17.012,2016,5,2,2016-05,False
2016-05-27,ITC,158.38,158.79,155.43,156.79,10925400,-0.869,144.21,143.09,141.84,69.175,3.717,1.9217,1.7953,157.75,130.67,18.779,2016,5,2,2016-05,False
2016-05-30,ITC,158.1,160.38,157.83,159.48,7646107,1.72,145.18,143.44,141.91,71.801,4.2337,2.3841,1.8496,160.18,130.18,20.666,2016,5,2,2016-05,False
2016-05-31,ITC,159.26,160.8,156.24,157.04,15054842,-1.529,146.13,143.82,141.98,66.301,4.3959,2.7865,1.6094,161.62,130.65,21.19,2016,5,2,2016-05,False
2016-06-01,ITC,157.92,162.03,157.92,161.67,12409528,2.948,147.39,144.24,142.06,70.865,4.8422,3.1976,1.6446,163.64,131.15,22.049,2016,6,2,2016-06,False
2016-06-02,ITC,160.98,161.27,158.01,160.15,13708259,-0.941,148.47,144.62,142.15,67.625,5.0153,3.5612,1.4542,165.12,131.82,22.427,2016,6,2,2016-06,False
2016-06-03,ITC,160.98,160.98,157.72,158.32,7381218,-1.145,149.46,144.95,142.23,63.835,4.9475,3.8384,1.1091,165.98,132.93,22.116,2016,6,2,2016-06,False
2016-06-06,ITC,158.23,159.68,157.18,159.08,7694861,0.48,150.32,145.24,142.33,64.718,4.8987,4.0505,0.8482,166.96,133.68,22.14,2016,6,2,2016-06,False
2016-06-07,ITC,159.71,162.73,159.71,162.28,11008034,2.011,151.38,145.67,142.44,68.231,5.0597,4.2523,0.8074,168.25,134.51,22.29,2016,6,2,2016-06,False
2016-06-08,ITC,162.84,163.28,161.36,162.3,7611794,0.014,152.56,146.08,142.56,68.255,5.13,4.4279,0.7022,169.0,136.11,21.558,2016,6,2,2016-06,False
2016-06-09,ITC,162.21,162.37,157.74,158.41,12065100,-2.398,153.53,146.44,142.66,59.851,4.8162,4.5055,0.3107,168.83,138.24,19.929,2016,6,2,2016-06,False
2016-06-10,ITC,157.94,160.44,156.6,156.89,11163385,-0.96,154.41,146.78,142.75,56.902,4.3941,4.4832,-0.0892,168.23,140.6,17.894,2016,6,2,2016-06,False
2016-06-13,ITC,155.95,158.16,154.63,156.53,12184759,-0.228,155.05,147.06,142.84,56.2,3.9848,4.3836,-0.3988,167.94,142.16,16.624,2016,6,2,2016-06,False
2016-06-14,ITC,156.98,158.36,155.59,158.05,7849407,0.972,155.74,147.35,142.95,58.54,3.74,4.2548,-0.5149,167.63,143.86,15.264,2016,6,2,2016-06,False
2016-06-15,ITC,158.36,161.05,158.25,160.85,9890057,1.769,156.53,147.64,143.06,62.505,3.7286,4.1496,-0.421,167.51,145.54,14.037,2016,6,2,2016-06,False
2016-06-16,ITC,160.78,160.78,157.07,158.77,9057747,-1.293,157.38,147.93,143.14,58.056,3.5113,4.0219,-0.5107,165.91,148.85,10.84,2016,6,2,2016-06,False
2016-06-17,ITC,158.97,161.36,158.97,160.98,9326214,1.395,158.22,148.3,143.22,61.221,3.4776,3.9131,-0.4354,164.19,152.24,7.554,2016,6,2,2016-06,False
2016-06-20,ITC,161.27,161.5,158.86,160.18,9020745,-0.5,158.66,148.66,143.32,59.464,3.3474,3.7999,-0.4525,163.74,153.58,6.4,2016,6,2,2016-06,False
2016-06-21,ITC,159.93,160.91,159.04,160.38,6913784,0.126,159.08,149.08,143.43,59.775,3.2233,3.6846,-0.4613,163.08,155.09,5.022,2016,6,2,2016-06,False
2016-06-22,ITC,159.24,160.67,157.72,158.68,9255264,-1.06,159.25,149.45,143.53,55.879,2.9537,3.5384,-0.5847,162.85,155.65,4.523,2016,6,2,2016-06,False
2016-06-23,ITC,158.81,161.72,158.81,161.16,8991200,1.565,159.4,149.81,143.62,59.981,2.9069,3.4121,-0.5052,163.06,155.74,4.592,2016,6,2,2016-06,False
2016-06-24,ITC,157.72,161.09,156.66,158.41,12511364,-1.707,159.48,150.17,143.7,53.991,2.6176,3.2532,-0.6356,162.96,156.0,4.369,2016,6,2,2016-06,False
2016-06-27,ITC,158.41,161.67,158.41,160.58,10639592,1.37,159.53,150.49,143.79,57.588,2.5342,3.1094,-0.5752,163.05,156.02,4.41,2016,6,2,2016-06,False
2016-06-28,ITC,161.05,165.14,160.58,164.85,16301081,2.661,159.93,150.86,143.93,63.62,2.7808,3.0437,-0.2629,163.97,155.88,5.061,2016,6,2,2016-06,False
2016-06-29,ITC,165.5,165.5,162.84,163.87,11999827,-0.597,160.03,151.21,144.05,61.452,2.8638,3.0077,-0.1439,164.39,155.68,5.441,2016,6,2,2016-06,False
2016-06-30,ITC,164.63,166.28,163.8,164.81,21706947,0.573,160.27,151.62,144.18,62.757,2.9712,3.0004,-0.0293,165.12,155.42,6.051,2016,6,2,2016-06,False
2016-07-01,ITC,163.26,174.3,162.79,169.34,29020448,2.748,160.82,152.17,144.33,68.324,3.3827,3.0769,0.3058,167.04,154.59,7.742,2016,7,3,2016-07,False
2016-07-04,ITC,170.44,170.44,163.73,164.34,14535927,-2.952,161.08,152.65,144.47,58.016,3.2678,3.1151,0.1528,167.44,154.72,7.894,2016,7,3,2016-07,False
2016-07-05,ITC,164.97,165.75,162.52,163.43,9335877,-0.551,161.14,153.06,144.6,56.357,3.0683,3.1057,-0.0374,167.56,154.71,7.974,2016,7,3,2016-07,False
2016-07-07,ITC,164.07,166.85,163.67,165.75,9305981,1.417,161.31,153.47,144.75,59.541,3.0617,3.0969,-0.0352,168.04,154.58,8.348,2016,7,3,2016-07,False
2016-07-08,ITC,166.01,166.01,162.73,164.97,7165465,-0.466,161.64,153.95,144.89,58.021,2.96,3.0695,-0.1095,168.42,154.86,8.386,2016,7,3,2016-07,False
2016-07-11,ITC,166.62,168.83,165.58,167.19,7547920,1.342,162.15,154.46,145.04,61.091,3.0233,3.0603,-0.037,168.98,155.33,8.414,2016,7,3,2016-07,False
2016-07-12,ITC,168.4,169.07,165.75,166.68,4302932,-0.301,162.66,154.99,145.19,60.017,2.9983,3.0479,-0.0496,169.23,156.1,8.074,2016,7,3,2016-07,False
2016-07-13,ITC,166.72,167.22,165.07,165.81,4510416,-0.523,163.05,155.55,145.32,58.11,2.875,3.0133,-0.1383,169.38,156.72,7.767,2016,7,3,2016-07,False
2016-07-14,ITC,165.75,168.43,164.47,166.89,6326605,0.648,163.35,156.16,145.46,59.803,2.8312,2.9769,-0.1457,169.82,156.89,7.915,2016,7,3,2016-07,False
2016-07-15,ITC,167.09,169.47,166.11,166.99,9705885,0.06,163.76,156.72,145.6,59.966,2.7727,2.936,-0.1634,170.04,157.48,7.669,2016,7,3,2016-07,False
2016-07-18,ITC,167.12,167.72,166.15,167.02,7088259,0.02,164.06,157.29,145.75,60.024,2.6979,2.8884,-0.1905,170.36,157.77,7.676,2016,7,3,2016-07,False
2016-07-19,ITC,167.09,167.76,164.81,167.12,6980063,0.06,164.41,157.8,145.9,60.211,2.6166,2.8341,-0.2174,170.57,158.25,7.492,2016,7,3,2016-07,False
2016-07-20,ITC,167.12,169.1,166.38,167.93,9671252,0.482,164.79,158.33,146.05,61.755,2.5873,2.7847,-0.1974,170.83,158.75,7.332,2016,7,3,2016-07,False
2016-07-21,ITC,169.77,170.11,165.41,168.16,12168179,0.14,165.26,158.92,146.19,62.215,2.5536,2.7385,-0.1849,170.75,159.78,6.637,2016,7,3,2016-07,False
2016-07-22,ITC,169.87,171.92,165.85,167.66,16388121,-0.299,165.59,159.5,146.33,60.534,2.458,2.6824,-0.2244,170.81,160.36,6.31,2016,7,3,2016-07,False
2016-07-25,ITC,167.42,169.1,167.09,168.93,9212323,0.76,166.11,160.09,146.48,63.244,2.4568,2.6373,-0.1805,170.31,161.92,5.055,2016,7,3,2016-07,False
2016-07-26,ITC,168.87,170.14,168.09,168.93,7080363,0.0,166.53,160.59,146.6,63.244,2.4278,2.5954,-0.1676,170.01,163.05,4.18,2016,7,3,2016-07,False
2016-07-27,ITC,168.43,170.24,165.28,166.01,9241105,-1.728,166.59,161.03,146.72,53.491,2.1446,2.5052,-0.3606,169.99,163.19,4.082,2016,7,3,2016-07,False
2016-07-28,ITC,167.36,171.38,166.58,170.64,11787316,2.789,166.93,161.54,146.85,63.188,2.2676,2.4577,-0.1901,170.53,163.33,4.315,2016,7,3,2016-07,False
2016-07-29,ITC,170.58,172.12,168.7,169.4,12596909,-0.728,167.16,162.09,146.95,59.6,2.2391,2.414,-0.1749,170.78,163.54,4.329,2016,7,3,2016-07,False
2016-08-01,ITC,169.1,171.25,167.46,168.16,9926094,-0.733,167.1,162.57,147.03,56.165,2.0922,2.3496,-0.2574,170.61,163.6,4.196,2016,8,3,2016-08,False
2016-08-02,ITC,168.43,175.81,168.43,175.01,17425566,4.07,167.63,163.05,147.17,67.341,2.4993,2.3796,0.1198,172.39,162.88,5.676,2016,8,3,2016-08,False
2016-08-03,ITC,174.47,174.47,168.6,169.57,11408861,-3.106,167.94,163.4,147.27,55.287,2.3562,2.3749,-0.0187,172.34,163.55,5.233,2016,8,3,2016-08,False
2016-08-04,ITC,170.44,171.01,167.89,169.17,8995366,-0.237,168.11,163.67,147.37,54.508,2.1851,2.3369,-0.1518,172.41,163.81,5.115,2016,8,3,2016-08,False
2016-08-05,ITC,169.2,172.12,168.5,169.47,4533189,0.179,168.34,163.9,147.46,55.02,2.0502,2.2796,-0.2294,172.41,164.26,4.839,2016,8,3,2016-08,False
2016-08-08,ITC,169.77,170.95,167.42,167.72,8739307,-1.03,168.36,164.12,147.55,51.422,1.782,2.1801,-0.3981,172.41,164.32,4.808,2016,8,3,2016-08,False
2016-08-09,ITC,167.76,167.76,165.14,166.18,9718838,-0.92,168.34,164.25,147.62,48.407,1.4285,2.0298,-0.6013,172.44,164.24,4.868,2016,8,3,2016-08,False
2016-08-10,ITC,166.42,166.68,164.94,165.41,5457692,-0.464,168.32,164.42,147.69,46.926,1.0736,1.8385,-0.7649,172.47,164.17,4.935,2016,8,3,2016-08,False
2016-08-11,ITC,165.75,169.64,165.44,168.87,11158153,2.089,168.42,164.56,147.77,53.752,1.0591,1.6826,-0.6236,172.52,164.31,4.873,2016,8,3,2016-08,False
2016-08-12,ITC,168.13,171.45,167.96,170.51,8603626,0.974,168.59,164.77,147.86,56.611,1.1667,1.5795,-0.4127,172.74,164.45,4.92,2016,8,3,2016-08,False
2016-08-16,ITC,170.61,173.13,170.07,171.18,10689714,0.394,168.8,165.03,147.95,57.759,1.2913,1.5218,-0.2305,173.03,164.57,5.014,2016,8,3,2016-08,False
2016-08-17,ITC,170.81,172.29,169.23,170.24,8649054,-0.549,168.96,165.25,148.02,55.544,1.2993,1.4773,-0.1781,173.16,164.76,4.972,2016,8,3,2016-08,False
2016-08-18,ITC,170.71,171.38,168.77,169.2,6939437,-0.611,169.02,165.39,148.09,53.115,1.2077,1.4234,-0.2157,173.19,164.85,4.938,2016,8,3,2016-08,False
2016-08-19,ITC,169.1,169.37,167.59,168.4,5531361,-0.476,169.03,165.51,148.16,51.246,1.058,1.3503,-0.2923,173.2,164.87,4.927,2016,8,3,2016-08,False
2016-08-22,ITC,168.87,170.95,168.76,170.51,4345966,1.255,169.18,165.75,148.23,55.656,1.0972,1.2997,-0.2025,173.34,165.01,4.919,2016,8,3,2016-08,False
2016-08-23,ITC,170.71,171.11,167.96,168.7,6694732,-1.063,169.16,165.99,148.31,51.367,0.971,1.234,-0.263,173.33,165.0,4.925,2016,8,3,2016-08,False
2016-08-24,ITC,168.56,169.1,167.15,167.93,5590189,-0.457,169.11,166.22,148.42,49.613,0.7994,1.147,-0.3476,173.32,164.91,4.969,2016,8,3,2016-08,False
2016-08-25,ITC,169.17,171.11,167.93,170.07,9884849,1.279,169.32,166.46,148.54,54.29,0.8272,1.0831,-0.2559,173.27,165.36,4.673,2016,8,3,2016-08,False
2016-08-26,ITC,170.01,171.05,169.13,170.31,4936367,0.138,169.3,166.65,148.66,54.784,0.8582,1.0381,-0.1799,173.24,165.37,4.649,2016,8,3,2016-08,False
2016-08-29,ITC,169.77,170.41,168.46,169.64,4437169,-0.394,169.31,166.87,148.77,53.02,0.8193,0.9943,-0.1751,173.25,165.37,4.651,2016,8,3,2016-08,False
2016-08-30,ITC,170.24,173.06,169.81,172.66,7989072,1.78,169.54,167.1,148.9,59.362,1.0203,0.9995,0.0208,173.7,165.37,4.917,2016,8,3,2016-08,False
2016-08-31,ITC,173.33,175.48,172.05,174.5,13265582,1.069,169.51,167.39,149.04,62.678,1.3134,1.0623,0.2511,173.54,165.48,4.758,2016,8,3,2016-08,False
2016-09-01,ITC,175.14,176.48,173.86,175.14,8695602,0.365,169.79,167.68,149.16,63.777,1.5789,1.1656,0.4133,174.54,165.04,5.6,2016,9,3,2016-09,False
2016-09-02,ITC,175.81,176.95,174.64,176.41,9506919,0.728,170.15,168.04,149.31,65.939,1.8706,1.3066,0.564,175.74,164.57,6.566,2016,9,3,2016-09,False
2016-09-06,ITC,176.48,178.43,175.21,176.21,9519864,-0.114,170.49,168.34,149.47,65.276,2.0618,1.4576,0.6041,176.68,164.3,7.266,2016,9,3,2016-09,False
2016-09-07,ITC,177.15,177.79,175.81,176.35,6656556,0.076,170.92,168.7,149.62,65.525,2.1988,1.6059,0.5929,177.49,164.35,7.691,2016,9,3,2016-09,False
2016-09-08,ITC,176.82,178.19,176.28,177.76,8645619,0.799,171.5,169.04,149.74,68.107,2.3935,1.7634,0.6301,178.35,164.65,7.986,2016,9,3,2016-09,False
2016-09-09,ITC,176.48,177.45,172.49,173.33,10131678,-2.492,171.9,169.21,149.85,54.334,2.1654,1.8438,0.3216,178.15,165.64,7.279,2016,9,3,2016-09,False
2016-09-12,ITC,171.75,172.25,168.93,169.27,7627126,-2.342,171.92,169.32,149.93,45.292,1.6382,1.8027,-0.1645,178.13,165.7,7.233,2016,9,3,2016-09,False
2016-09-14,ITC,168.43,169.84,167.46,169.0,13020551,-0.159,171.84,169.4,150.02,44.762,1.1851,1.6792,-0.4941,178.16,165.52,7.361,2016,9,3,2016-09,False
2016-09-15,ITC,169.44,173.06,169.44,171.72,8077776,1.608,171.87,169.45,150.15,51.016,1.0334,1.55,-0.5166,178.18,165.55,7.352,2016,9,3,2016-09,False
2016-09-16,ITC,171.78,175.95,171.38,174.7,14578809,1.739,172.09,169.66,150.29,56.804,1.1409,1.4682,-0.3273,178.48,165.7,7.427,2016,9,3,2016-09,False
2016-09-19,ITC,175.48,176.21,173.29,173.7,6724348,-0.576,172.31,169.86,150.41,54.468,1.1319,1.4009,-0.269,178.59,166.04,7.287,2016,9,3,2016-09,False
2016-09-20,ITC,173.93,173.97,171.28,172.42,6944197,-0.734,172.52,170.0,150.52,51.574,1.0102,1.3228,-0.3126,178.52,166.51,6.957,2016,9,3,2016-09,False
2016-09-21,ITC,172.25,173.66,169.77,170.21,9139238,-1.284,172.5,170.1,150.61,46.913,0.7267,1.2036,-0.4768,178.52,166.48,6.984,2016,9,3,2016-09,False
2016-09-22,ITC,171.42,172.59,170.27,171.28,7988449,0.631,172.63,170.18,150.72,49.305,0.582,1.0793,-0.4973,178.42,166.84,6.704,2016,9,3,2016-09,False
2016-09-23,ITC,171.11,172.46,168.97,170.07,5143011,-0.705,172.74,170.25,150.8,46.753,0.3656,0.9365,-0.5709,178.23,167.25,6.358,2016,9,3,2016-09,False
2016-09-26,ITC,169.77,169.94,166.08,166.45,10060086,-2.131,172.56,170.26,150.89,40.054,-0.0971,0.7298,-0.827,178.63,166.49,7.035,2016,9,3,2016-09,False
2016-09-27,ITC,166.85,167.26,164.4,164.97,6900812,-0.887,172.29,170.22,150.98,37.685,-0.5764,0.4686,-1.0449,179.19,165.39,8.008,2016,9,3,2016-09,False
2016-09-28,ITC,165.28,167.36,164.74,165.71,7646466,0.447,172.09,170.2,151.12,39.608,-0.8864,0.1976,-1.084,179.51,164.67,8.623,2016,9,3,2016-09,False
2016-09-29,ITC,166.48,167.29,161.72,164.87,18104875,-0.506,171.7,170.16,151.26,38.166,-1.1861,-0.0792,-1.1069,179.79,163.62,9.414,2016,9,3,2016-09,False
2016-09-30,ITC,164.84,165.71,161.38,161.95,9912734,-1.77,171.08,170.05,151.38,33.585,-1.6402,-0.3914,-1.2489,180.13,162.02,10.588,2016,9,3,2016-09,False
2016-10-03,ITC,163.87,163.87,162.09,162.59,6714964,0.394,170.45,169.95,151.49,35.409,-1.9265,-0.6984,-1.2281,180.04,160.85,11.258,2016,10,4,2016-10,False
2016-10-04,ITC,163.06,163.7,161.28,161.85,8002732,-0.454,169.72,169.82,151.6,34.236,-2.1877,-0.9962,-1.1914,179.61,159.83,11.659,2016,10,4,2016-10,False
2016-10-05,ITC,162.26,163.23,160.51,161.18,6470467,-0.415,168.97,169.69,151.71,33.162,-2.4209,-1.2812,-1.1398,179.07,158.87,11.953,2016,10,4,2016-10,False
2016-10-06,ITC,162.39,162.39,158.13,159.3,8986109,-1.166,168.12,169.5,151.8,30.294,-2.726,-1.5701,-1.1558,178.47,157.77,12.314,2016,10,4,2016-10,False
2016-10-07,ITC,159.64,161.22,158.87,160.34,4164582,0.653,167.25,169.33,151.9,33.711,-2.8509,-1.8263,-1.0246,177.1,157.39,11.784,2016,10,4,2016-10,False
2016-10-10,ITC,162.39,162.79,160.75,161.12,5241260,0.481,166.64,169.23,152.01,36.21,-2.8548,-2.032,-0.8228,176.42,156.86,11.739,2016,10,4,2016-10,False
2016-10-13,ITC,161.12,162.02,159.0,160.34,11089281,-0.479,166.19,169.02,152.12,34.797,-2.8868,-2.203,-0.6839,176.27,156.1,12.137,2016,10,4,2016-10,False
2016-10-14,ITC,160.38,161.38,159.74,160.98,9579094,0.398,165.79,168.85,152.21,36.984,-2.8282,-2.328,-0.5002,176.04,155.54,12.366,2016,10,4,2016-10,False
2016-10-17,ITC,160.98,162.22,160.04,161.45,6379993,0.292,165.28,168.72,152.32,38.618,-2.7125,-2.4049,-0.3076,175.3,155.25,12.133,2016,10,4,2016-10,False
2016-10-18,ITC,161.72,165.44,161.25,165.04,12234489,2.224,164.79,168.52,152.44,49.413,-2.3046,-2.3849,0.0802,173.78,155.8,10.913,2016,10,4,2016-10,False
2016-10-19,ITC,164.84,164.84,159.97,160.68,8734555,-2.643,164.14,168.34,152.54,40.17,-2.3067,-2.3692,0.0625,172.26,156.02,9.894,2016,10,4,2016-10,False
2016-10-20,ITC,161.72,161.95,159.77,160.61,4572220,-0.042,163.55,168.17,152.63,40.046,-2.2874,-2.3529,0.0654,170.81,156.29,8.873,2016,10,4,2016-10,False
2016-10-21,ITC,160.38,161.82,160.21,161.15,10999941,0.334,163.1,168.0,152.73,41.6,-2.2034,-2.323,0.1196,169.71,156.49,8.104,2016,10,4,2016-10,False
2016-10-24,ITC,161.72,162.39,160.85,161.95,9944640,0.5,162.63,167.89,152.83,43.948,-2.0483,-2.268,0.2198,168.01,157.25,6.615,2016,10,4,2016-10,False
2016-10-25,ITC,162.99,162.99,159.81,160.21,6177333,-1.077,162.14,167.77,152.91,40.179,-2.0425,-2.2229,0.1804,166.32,157.96,5.158,2016,10,4,2016-10,False
2016-10-26,ITC,160.95,162.73,156.69,160.21,24852951,0.0,161.83,167.67,153.0,40.179,-2.0148,-2.1813,0.1665,165.56,158.09,4.616,2016,10,4,2016-10,False
2016-10-27,ITC,161.85,164.27,160.81,163.13,15943817,1.822,161.73,167.55,153.11,48.713,-1.7372,-2.0925,0.3553,165.22,158.24,4.316,2016,10,4,2016-10,False
2016-10-28,ITC,163.93,163.93,160.71,163.13,9674418,0.0,161.61,167.4,153.21,48.713,-1.4999,-1.974,0.474,164.64,158.57,3.752,2016,10,4,2016-10,False
2016-11-01,ITC,162.93,162.93,160.48,161.01,5730426,-1.296,161.41,167.2,153.33,43.501,-1.4656,-1.8723,0.4067,164.03,158.79,3.245,2016,11,4,2016-11,False
2016-11-02,ITC,159.03,160.34,157.76,159.24,4867894,-1.104,161.28,166.98,153.45,39.657,-1.5638,-1.8106,0.2468,164.05,158.5,3.445,2016,11,4,2016-11,False
2016-11-03,ITC,159.07,162.59,158.36,161.25,9210542,1.264,161.21,166.82,153.57,45.526,-1.4623,-1.7409,0.2786,163.92,158.5,3.36,2016,11,4,2016-11,False
2016-11-04,ITC,168.76,172.05,165.78,167.12,36621117,3.641,161.47,166.79,153.72,58.273,-0.8978,-1.5723,0.6745,165.26,157.69,4.686,2016,11,4,2016-11,False
2016-11-07,ITC,170.31,174.23,165.75,172.12,25202734,2.991,162.02,166.83,153.89,65.644,-0.0465,-1.2671,1.2207,168.09,155.94,7.499,2016,11,4,2016-11,False
2016-11-08,ITC,172.12,172.72,169.23,171.52,10317962,-0.351,162.63,166.88,154.06,64.169,0.5729,-0.8991,1.472,169.89,155.37,8.933,2016,11,4,2016-11,False
2016-11-09,ITC,160.48,171.11,160.08,166.52,23914156,-2.915,162.94,166.86,154.2,53.462,0.6528,-0.5888,1.2415,170.32,155.56,9.057,2016,11,4,2016-11,False
2016-11-10,ITC,169.67,169.77,164.77,168.46,12012673,1.169,163.31,166.82,154.36,56.504,0.8632,-0.2984,1.1616,171.03,155.59,9.455,2016,11,4,2016-11,False
2016-11-11,ITC,166.42,167.05,161.72,163.03,13232720,-3.226,163.44,166.68,154.48,47.219,0.5846,-0.1218,0.7064,171.04,155.84,9.295,2016,11,4,2016-11,False
2016-11-15,ITC,162.36,165.68,158.23,159.37,22012736,-2.243,163.36,166.47,154.6,42.195,0.068,-0.0838,0.1518,171.1,155.62,9.474,2016,11,4,2016-11,False
2016-11-16,ITC,159.67,160.44,153.03,154.94,31846924,-2.779,163.03,166.12,154.7,37.053,-0.6909,-0.2052,-0.4857,171.61,154.46,10.523,2016,11,4,2016-11,False
2016-11-17,ITC,153.3,157.02,153.26,155.34,9640577,0.26,162.55,165.73,154.81,37.795,-1.2454,-0.4133,-0.8322,171.73,153.37,11.29,2016,11,4,2016-11,False
2016-11-18,ITC,154.34,155.28,152.39,152.9,8575440,-1.577,162.16,165.29,154.9,35.085,-1.8611,-0.7028,-1.1583,172.28,152.04,12.484,2016,11,4,2016-11,False
2016-11-21,ITC,153.13,153.4,150.04,150.45,7878052,-1.602,161.65,164.77,154.97,32.57,-2.5177,-1.0658,-1.4519,173.04,150.26,14.093,2016,11,4,2016-11,False
2016-11-22,ITC,150.98,153.06,149.98,151.72,9570300,0.847,161.18,164.28,155.05,35.175,-2.9016,-1.433,-1.4687,173.41,148.95,15.173,2016,11,4,2016-11,False
2016-11-23,ITC,152.49,152.86,149.98,150.75,10720504,-0.641,160.62,163.77,155.11,34.093,-3.247,-1.7958,-1.4512,173.7,147.54,16.282,2016,11,4,2016-11,False
2016-11-24,ITC,150.98,151.15,149.04,149.98,18697423,-0.512,160.11,163.21,155.16,33.22,-3.5422,-2.1451,-1.3971,174.03,146.19,17.385,2016,11,4,2016-11,False
2016-11-25,ITC,150.65,154.64,149.67,153.53,7890103,2.371,159.77,162.82,155.22,40.751,-3.4494,-2.4059,-1.0434,174.0,145.55,17.806,2016,11,4,2016-11,False
2016-11-28,ITC,153.26,157.16,152.53,156.82,9472016,2.142,159.46,162.57,155.29,46.732,-3.075,-2.5398,-0.5353,173.65,145.27,17.799,2016,11,4,2016-11,False
2016-11-29,ITC,156.38,158.13,154.51,155.04,8945347,-1.134,159.06,162.29,155.37,44.137,-2.8886,-2.6095,-0.2791,173.27,144.84,17.87,2016,11,4,2016-11,False
2016-11-30,ITC,155.68,157.29,153.77,156.02,11507955,0.628,158.81,161.97,155.45,45.907,-2.632,-2.614,-0.0179,173.05,144.56,17.937,2016,11,4,2016-11,False
2016-12-01,ITC,156.22,157.69,155.04,156.69,5358757,0.43,158.68,161.61,155.52,47.15,-2.3474,-2.5607,0.2133,172.95,144.41,17.988,2016,12,4,2016-12,False
2016-12-02,ITC,156.35,156.35,153.0,153.33,8693600,-2.141,158.28,161.21,155.6,41.956,-2.3653,-2.5216,0.1563,172.69,143.87,18.208,2016,12,4,2016-12,False
2016-12-05,ITC,153.6,156.49,152.63,156.05,5320355,1.772,157.73,160.88,155.7,47.045,-2.1356,-2.4444,0.3088,171.55,143.91,17.522,2016,12,4,2016-12,False
2016-12-06,ITC,156.35,156.35,153.77,154.47,5100487,-1.011,156.85,160.56,155.8,44.602,-2.0571,-2.3669,0.3098,168.94,144.75,15.424,2016,12,4,2016-12,False
2016-12-07,ITC,155.34,155.34,151.99,152.46,8419775,-1.303,155.89,160.19,155.91,41.629,-2.1327,-2.3201,0.1874,165.95,145.83,12.908,2016,12,4,2016-12,False
2016-12-08,ITC,153.7,157.89,153.2,156.55,7648947,2.685,155.39,159.92,156.04,49.063,-1.8412,-2.2243,0.3832,164.14,146.65,11.258,2016,12,4,2016-12,False
2016-12-09,ITC,157.06,160.78,156.05,158.46,8648965,1.222,154.89,159.76,156.17,52.13,-1.4392,-2.0673,0.6281,161.34,148.45,8.317,2016,12,4,2016-12,False
2016-12-12,ITC,157.16,157.49,155.65,155.88,3155645,-1.63,154.54,159.58,156.3,47.931,-1.3139,-1.9166,0.6027,159.76,149.32,6.753,2016,12,4,2016-12,False
2016-12-13,ITC,157.56,158.97,155.81,158.13,7727181,1.442,154.48,159.42,156.44,51.585,-1.0215,-1.7376,0.7161,159.48,149.47,6.475,2016,12,4,2016-12,False
2016-12-14,ITC,158.36,158.7,155.68,156.45,6556449,-1.061,154.55,159.26,156.55,48.831,-0.9146,-1.573,0.6584,159.63,149.47,6.569,2016,12,4,2016-12,False
2016-12-15,ITC,155.68,157.29,153.33,154.14,5538310,-1.48,154.49,159.1,156.66,45.241,-1.005,-1.4594,0.4544,159.56,149.43,6.557,2016,12,4,2016-12,False
2016-12-16,ITC,154.87,154.87,151.65,151.89,13422991,-1.458,154.44,158.89,156.76,42.012,-1.2438,-1.4163,0.1725,159.59,149.29,6.67,2016,12,4,2016-12,False
2016-12-19,ITC,151.22,153.67,151.22,152.32,5665425,0.287,154.53,158.7,156.89,42.864,-1.3819,-1.4094,0.0275,159.44,149.63,6.351,2016,12,4,2016-12,False
2016-12-20,ITC,153.33,154.87,152.66,154.3,6145411,1.3,154.66,158.56,157.03,46.693,-1.3164,-1.3908,0.0744,159.39,149.94,6.114,2016,12,4,2016-12,False
2016-12-21,ITC,153.67,154.2,151.32,151.85,13379223,-1.587,154.72,158.41,157.16,42.865,-1.4455,-1.4017,-0.0438,159.28,150.16,5.892,2016,12,4,2016-12,False
2016-12-22,ITC,151.15,153.26,150.48,152.69,6668113,0.552,154.85,158.26,157.29,44.542,-1.4632,-1.414,-0.0492,158.96,150.75,5.297,2016,12,4,2016-12,False
2016-12-23,ITC,152.66,152.66,150.18,150.78,11177602,-1.252,154.72,158.05,157.4,41.548,-1.613,-1.4538,-0.1592,159.17,150.26,5.762,2016,12,4,2016-12,False
2016-12-26,ITC,150.92,151.55,148.97,150.98,9071721,0.133,154.43,157.86,157.45,41.99,-1.696,-1.5023,-0.1937,159.06,149.79,6.007,2016,12,4,2016-12,False
2016-12-27,ITC,151.65,157.63,150.55,157.06,16206836,4.022,154.53,157.78,157.53,53.431,-1.2572,-1.4532,0.1961,159.31,149.75,6.187,2016,12,4,2016-12,False
2016-12-28,ITC,156.15,158.63,156.15,157.99,14711711,0.598,154.62,157.71,157.63,54.912,-0.8241,-1.3274,0.5033,159.61,149.64,6.451,2016,12,4,2016-12,False
2016-12-29,ITC,157.89,159.04,155.88,158.36,14593942,0.234,154.71,157.58,157.73,55.511,-0.446,-1.1511,0.7052,159.89,149.52,6.704,2016,12,4,2016-12,False
2016-12-30,ITC,159.34,162.66,158.57,162.16,10821396,2.394,155.15,157.61,157.85,61.21,0.1578,-0.8893,1.0471,161.26,149.04,7.878,2016,12,4,2016-12,False
2017-01-02,ITC,162.39,162.56,160.11,161.69,5075736,-0.29,155.43,157.63,157.96,60.181,0.5916,-0.5931,1.1847,162.2,148.66,8.712,2017,1,1,2017-01,False
2017-01-03,ITC,161.65,164.87,160.54,163.3,7798116,0.996,155.87,157.67,158.08,62.507,1.0532,-0.2639,1.3171,163.48,148.27,9.759,2017,1,1,2017-01,False
2017-01-04,ITC,162.96,165.75,161.12,164.71,9668664,0.863,156.49,157.73,158.21,64.464,1.5152,0.0919,1.4233,164.87,148.1,10.711,2017,1,1,2017-01,False
2017-01-05,ITC,164.07,166.32,163.8,165.58,9532162,0.53,156.94,157.84,158.33,65.658,1.9296,0.4595,1.4701,166.25,147.62,11.872,2017,1,1,2017-01,False
2017-01-06,ITC,165.75,167.09,162.52,162.86,8404984,-1.641,157.16,157.89,158.45,59.004,2.0154,0.7706,1.2447,166.82,147.49,12.304,2017,1,1,2017-01,False
2017-01-09,ITC,162.96,165.48,162.46,164.97,5041639,1.298,157.61,157.93,158.57,62.212,2.2283,1.0622,1.1661,167.86,147.36,13.011,2017,1,1,2017-01,False
2017-01-10,ITC,165.07,167.66,164.87,167.05,12438618,1.261,158.06,158.01,158.7,65.105,2.5356,1.3569,1.1788,169.15,146.97,14.034,2017,1,1,2017-01,False
2017-01-11,ITC,167.62,168.09,165.48,166.11,7931415,-0.562,158.54,158.11,158.82,62.768,2.6726,1.62,1.0526,170.17,146.91,14.665,2017,1,1,2017-01,False
2017-01-12,ITC,166.22,166.22,163.83,164.17,5816779,-1.171,159.04,158.21,158.92,58.113,2.5942,1.8148,0.7794,170.73,147.35,14.702,2017,1,1,2017-01,False
2017-01-13,ITC,165.07,168.43,162.73,167.52,4553691,2.044,159.82,158.33,159.05,63.182,2.7709,2.006,0.7648,171.59,148.06,14.726,2017,1,1,2017-01,False
2017-01-16,ITC,167.26,168.33,165.81,166.95,4813933,-0.34,160.55,158.33,159.18,61.813,2.8322,2.1713,0.6609,172.18,148.93,14.478,2017,1,1,2017-01,False
2017-01-17,ITC,166.95,169.3,166.95,169.07,4996927,1.266,161.29,158.27,159.32,64.854,3.0166,2.3403,0.6763,173.12,149.47,14.662,2017,1,1,2017-01,False
2017-01-18,ITC,168.83,170.64,167.62,168.33,7534139,-0.437,162.12,158.2,159.47,62.968,3.0678,2.4858,0.582,173.46,150.78,13.992,2017,1,1,2017-01,False
2017-01-19,ITC,167.59,170.95,167.46,170.54,9538148,1.316,163.01,158.28,159.6,66.148,3.2496,2.6386,0.611,174.03,151.98,13.526,2017,1,1,2017-01,False
2017-01-20,ITC,170.61,171.99,170.24,171.38,11261533,0.492,164.04,158.34,159.74,67.293,3.422,2.7953,0.6267,174.06,154.02,12.213,2017,1,1,2017-01,False
2017-01-23,ITC,171.18,174.57,171.15,174.23,11101905,1.664,165.2,158.57,159.88,70.899,3.7455,2.9853,0.7602,174.18,156.22,10.872,2017,1,1,2017-01,False
2017-01-24,ITC,174.2,174.97,172.69,174.37,8341113,0.077,166.07,158.87,160.03,71.061,3.967,3.1816,0.7853,175.08,157.06,10.853,2017,1,1,2017-01,False
2017-01-25,ITC,174.44,178.76,174.2,178.16,18123606,2.174,167.08,159.33,160.21,75.246,4.3977,3.4249,0.9729,176.77,157.38,11.605,2017,1,1,2017-01,False
2017-01-27,ITC,176.82,179.13,171.85,172.72,25440485,-3.051,167.79,159.68,160.36,61.513,4.2515,3.5902,0.6613,176.88,158.71,10.83,2017,1,1,2017-01,False
2017-01-30,ITC,173.4,175.14,171.45,171.85,9253765,-0.505,168.28,160.06,160.53,59.632,4.0189,3.6759,0.343,177.13,159.43,10.52,2017,1,1,2017-01,False
2017-01-31,ITC,171.92,174.44,170.85,173.19,10380649,0.781,168.85,160.51,160.69,61.578,3.898,3.7204,0.1776,177.39,160.32,10.112,2017,1,1,2017-01,False
2017-02-01,ITC,174.47,181.25,173.46,180.98,35144107,4.494,169.74,161.1,160.88,70.472,4.3797,3.8522,0.5275,179.44,160.04,11.426,2017,2,1,2017-02,False
2017-02-02,ITC,181.85,187.82,180.84,184.06,30867395,1.706,170.71,161.76,161.1,73.128,4.9535,4.0725,0.881,182.02,159.39,13.254,2017,2,1,2017-02,False
2017-02-03,ITC,183.86,184.87,181.51,183.23,9356904,-0.456,171.59,162.43,161.29,71.253,5.2796,4.3139,0.9657,183.92,159.25,14.378,2017,2,1,2017-02,False
2017-02-06,ITC,184.47,187.22,183.93,185.74,8538188,1.373,172.73,163.07,161.49,73.453,5.6757,4.5863,1.0895,185.88,159.59,15.22,2017,2,1,2017-02,False
2017-02-07,ITC,186.95,196.04,184.94,185.94,25251605,0.108,173.78,163.66,161.69,73.627,5.9375,4.8565,1.081,187.65,159.92,15.956,2017,2,1,2017-02,False
2017-02-08,ITC,184.87,187.22,182.52,184.4,11114871,-0.83,174.65,164.24,161.89,69.849,5.9517,5.0756,0.8762,188.91,160.39,16.327,2017,2,1,2017-02,False
2017-02-09,ITC,185.21,186.82,182.96,186.31,5070408,1.037,175.66,164.85,162.11,71.781,6.0477,5.27,0.7777,190.23,161.09,16.589,2017,2,1,2017-02,False
2017-02-10,ITC,187.02,187.29,182.22,183.43,7975779,-1.549,176.62,165.38,162.33,65.012,5.8237,5.3807,0.443,190.52,162.72,15.743,2017,2,1,2017-02,False
2017-02-13,ITC,184.8,185.44,180.24,181.58,9312915,-1.006,177.32,165.95,162.52,61.047,5.4347,5.3915,0.0432,190.7,163.95,15.089,2017,2,1,2017-02,False
2017-02-14,ITC,181.18,183.53,180.61,181.72,6911954,0.074,178.06,166.46,162.7,61.233,5.0787,5.3289,-0.2503,190.64,165.49,14.123,2017,2,1,2017-02,False
2017-02-15,ITC,181.98,184.87,181.98,183.46,7827599,0.96,178.78,167.04,162.91,63.652,4.881,5.2394,-0.3583,190.82,166.74,13.471,2017,2,1,2017-02,False
2017-02-16,ITC,181.21,182.19,178.29,178.93,10982700,-2.469,179.31,167.57,163.1,54.197,4.3092,5.0533,-0.7441,190.3,168.32,12.26,2017,2,1,2017-02,False
2017-02-17,ITC,179.4,180.44,177.15,179.94,9700816,0.563,179.78,168.04,163.3,55.769,3.8924,4.8212,-0.9287,189.97,169.59,11.334,2017,2,1,2017-02,False
2017-02-20,ITC,178.5,179.47,178.19,178.53,5934404,-0.783,180.14,168.44,163.5,53.025,3.4091,4.5387,-1.1296,189.56,170.72,10.458,2017,2,1,2017-02,False
2017-02-21,ITC,178.5,178.66,175.01,176.58,10251239,-1.09,180.26,168.85,163.7,49.409,2.8363,4.1983,-1.3619,189.42,171.09,10.169,2017,2,1,2017-02,False
2017-02-22,ITC,177.42,178.66,175.58,176.78,8815003,0.114,180.38,169.23,163.89,49.79,2.3713,3.8329,-1.4615,189.28,171.48,9.866,2017,2,1,2017-02,False
2017-02-23,ITC,177.15,179.97,175.54,178.26,12837302,0.835,180.38,169.66,164.09,52.612,2.0978,3.4859,-1.3881,189.28,171.49,9.86,2017,2,1,2017-02,False
2017-02-27,ITC,178.19,178.5,173.03,177.56,5270544,-0.395,180.62,170.13,164.27,51.135,1.8033,3.1493,-1.346,188.88,172.37,9.142,2017,2,1,2017-02,False
2017-02-28,ITC,176.48,177.56,175.07,175.95,8558167,-0.907,180.83,170.61,164.44,47.829,1.4236,2.8042,-1.3806,188.34,173.32,8.307,2017,2,1,2017-02,False
2017-03-01,ITC,176.08,180.98,176.08,180.17,15139871,2.403,181.18,171.17,164.65,55.89,1.4471,2.5328,-1.0857,187.79,174.57,7.298,2017,3,1,2017-03,False
2017-03-02,ITC,180.17,181.35,176.82,177.66,10453722,-1.397,181.01,171.64,164.85,50.853,1.2483,2.2759,-1.0276,187.81,174.21,7.51,2017,3,1,2017-03,False
2017-03-03,ITC,175.81,176.75,173.23,175.51,10371862,-1.209,180.58,172.11,165.03,46.964,0.907,2.0021,-1.0951,187.64,173.52,7.819,2017,3,1,2017-03,False
2017-03-06,ITC,176.28,177.86,175.51,177.22,9927375,0.975,180.28,172.6,165.19,50.231,0.7658,1.7548,-0.9891,187.38,173.19,7.874,2017,3,1,2017-03,False
2017-03-07,ITC,177.35,177.82,175.24,177.32,7183529,0.057,179.86,173.13,165.36,50.424,0.6544,1.5348,-0.8803,186.59,173.14,7.476,2017,3,1,2017-03,False
2017-03-08,ITC,177.45,178.16,176.82,177.25,5993605,-0.038,179.43,173.66,165.52,50.284,0.5544,1.3387,-0.7843,185.6,173.26,6.876,2017,3,1,2017-03,False
2017-03-09,ITC,178.56,178.7,176.01,177.79,9847115,0.303,179.1,174.07,165.7,51.448,0.5125,1.1735,-0.6609,184.84,173.36,6.41,2017,3,1,2017-03,False
2017-03-10,ITC,177.79,177.86,176.25,176.78,5880374,-0.566,178.62,174.45,165.86,49.125,0.3936,1.0175,-0.6239,183.33,173.91,5.271,2017,3,1,2017-03,False
2017-03-14,ITC,178.63,182.29,177.96,179.23,18508020,1.385,178.41,174.86,166.0,54.507,0.4913,0.9122,-0.421,182.56,174.26,4.648,2017,3,1,2017-03,False
2017-03-15,ITC,177.96,181.65,177.96,179.97,14475482,0.412,178.33,175.22,166.14,56.017,0.6211,0.854,-0.2329,182.28,174.39,4.424,2017,3,1,2017-03,False
2017-03-16,ITC,181.35,182.02,179.5,180.14,9020039,0.093,178.25,175.59,166.27,56.371,0.7292,0.829,-0.0999,181.97,174.54,4.17,2017,3,1,2017-03,False
2017-03-17,ITC,185.74,193.86,185.74,188.73,54015422,4.768,178.52,176.1,166.42,69.792,1.4907,0.9614,0.5293,184.08,172.96,6.229,2017,3,1,2017-03,False
2017-03-20,ITC,189.84,190.71,186.41,189.16,16509511,0.231,179.03,176.59,166.58,70.292,2.1051,1.1901,0.915,186.35,171.7,8.183,2017,3,1,2017-03,False
2017-03-21,ITC,190.04,193.66,189.9,193.19,13734401,2.128,179.69,177.14,166.75,74.488,2.8837,1.5288,1.3548,189.38,170.0,10.783,2017,3,1,2017-03,False
2017-03-22,ITC,191.24,193.16,186.95,187.79,12874461,-2.796,180.15,177.64,166.9,61.863,3.0299,1.829,1.2009,190.47,169.83,11.456,2017,3,1,2017-03,False
2017-03-23,ITC,186.21,189.57,184.6,186.28,17547913,-0.804,180.64,178.06,167.03,58.861,2.9895,2.0611,0.9284,191.16,170.12,11.65,2017,3,1,2017-03,False
2017-03-24,ITC,187.12,189.9,187.05,188.56,7398317,1.225,181.23,178.49,167.17,61.872,3.1058,2.2701,0.8357,192.15,170.3,12.056,2017,3,1,2017-03,False
2017-03-27,ITC,188.19,189.84,185.41,188.96,12623097,0.214,181.76,178.95,167.32,62.395,3.1936,2.4548,0.7388,193.11,170.41,12.492,2017,3,1,2017-03,False
2017-03-28,ITC,188.96,189.37,187.92,188.22,6532115,-0.391,182.29,179.43,167.47,60.75,3.1671,2.5972,0.5699,193.82,170.77,12.641,2017,3,1,2017-03,False
2017-03-29,ITC,188.02,190.37,188.02,190.04,8828112,0.963,183.0,179.88,167.61,63.308,3.2548,2.7287,0.5261,194.61,171.39,12.689,2017,3,1,2017-03,False
2017-03-30,ITC,190.57,191.01,187.92,189.73,14948411,-0.159,183.48,180.34,167.74,62.576,3.2623,2.8355,0.4269,195.38,171.57,12.976,2017,3,1,2017-03,False
2017-03-31,ITC,188.56,189.9,187.05,188.09,9929324,-0.866,184.0,180.72,167.89,58.603,3.0999,2.8884,0.2116,195.74,172.26,12.765,2017,3,1,2017-03,False
2017-04-03,ITC,189.77,190.31,186.98,188.93,7507187,0.446,184.67,181.13,168.05,59.998,3.0042,2.9115,0.0927,195.89,173.45,12.155,2017,4,2,2017-04,False
2017-04-05,ITC,190.04,190.24,186.35,187.18,10685034,-0.923,185.17,181.46,168.21,55.786,2.7559,2.8804,-0.1245,195.87,174.47,11.56,2017,4,2,2017-04,False
2017-04-06,ITC,186.68,187.32,183.33,183.93,16243974,-1.739,185.5,181.72,168.34,48.89,2.2703,2.7584,-0.4881,195.57,175.43,10.86,2017,4,2,2017-04,False
2017-04-07,ITC,183.19,183.96,181.78,182.96,9480161,-0.529,185.78,181.89,168.45,47.018,1.7863,2.564,-0.7777,195.17,176.39,10.108,2017,4,2,2017-04,False
2017-04-10,ITC,184.53,184.53,182.59,183.56,5687364,0.33,186.07,182.07,168.57,48.34,1.4349,2.3382,-0.9032,194.76,177.39,9.333,2017,4,2,2017-04,False
2017-04-11,ITC,183.26,189.63,182.39,189.27,11355730,3.107,186.7,182.3,168.71,58.795,1.5983,2.1902,-0.5919,194.3,179.1,8.14,2017,4,2,2017-04,False
2017-04-12,ITC,189.03,191.11,187.59,189.16,7507416,-0.053,187.19,182.62,168.86,58.57,1.7001,2.0922,-0.3921,193.99,180.39,7.266,2017,4,2,2017-04,False
2017-04-13,ITC,189.16,189.23,186.21,187.32,4085766,-0.976,187.56,182.93,168.99,54.451,1.6132,1.9964,-0.3832,193.45,181.67,6.282,2017,4,2,2017-04,False
2017-04-17,ITC,185.57,189.57,184.9,187.29,5017073,-0.018,187.92,183.22,169.13,54.376,1.5241,1.9019,-0.3778,192.67,183.16,5.059,2017,4,2,2017-04,False
2017-04-18,ITC,188.02,190.57,186.61,187.25,4497780,-0.018,187.84,183.34,169.26,54.296,1.4342,1.8084,-0.3741,192.59,183.1,5.053,2017,4,2,2017-04,False
2017-04-19,ITC,188.66,188.9,186.45,187.02,5143709,-0.125,187.74,183.4,169.41,53.697,1.3288,1.7125,-0.3837,192.45,183.02,5.025,2017,4,2,2017-04,False
2017-04-20,ITC,187.69,188.9,186.78,187.55,4400814,0.287,187.45,183.49,169.54,54.92,1.2738,1.6247,-0.3509,191.41,183.5,4.223,2017,4,2,2017-04,False
2017-04-21,ITC,189.23,189.23,182.99,184.1,9041742,-1.843,187.27,183.45,169.64,46.418,0.9405,1.4879,-0.5473,191.5,183.04,4.514,2017,4,2,2017-04,False
2017-04-24,ITC,185.47,186.25,181.95,185.71,7392939,0.875,187.24,183.45,169.75,50.281,0.7972,1.3498,-0.5526,191.5,182.98,4.553,2017,4,2,2017-04,False
2017-04-25,ITC,186.55,189.23,183.8,188.76,13211107,1.644,187.25,183.54,169.87,56.66,0.9194,1.2637,-0.3443,191.53,182.98,4.568,2017,4,2,2017-04,False
2017-04-26,ITC,190.1,196.55,189.23,195.2,19671557,3.413,187.56,183.71,170.0,66.443,1.5185,1.3146,0.2039,193.09,182.03,5.896,2017,4,2,2017-04,False
2017-04-27,ITC,195.54,195.87,190.91,191.78,14075606,-1.753,187.74,183.88,170.13,58.844,1.6976,1.3912,0.3064,193.58,181.9,6.22,2017,4,2,2017-04,False
2017-04-28,ITC,191.78,192.25,186.11,186.55,12851433,-2.729,187.57,183.98,170.25,49.516,1.401,1.3932,0.0078,193.33,181.81,6.14,2017,4,2,2017-04,False
2017-05-02,ITC,188.22,188.76,185.54,187.35,7298698,0.432,187.45,184.09,170.36,50.808,1.2169,1.3579,-0.141,193.12,181.78,6.047,2017,5,2,2017-05,False
2017-05-03,ITC,187.55,187.55,184.87,186.04,6271881,-0.698,187.35,184.15,170.46,48.63,0.9545,1.2772,-0.3228,193.04,181.65,6.077,2017,5,2,2017-05,False
2017-05-04,ITC,186.48,189.37,185.31,188.69,8070845,1.425,187.33,184.34,170.57,53.023,0.9494,1.2117,-0.2623,193.01,181.65,6.064,2017,5,2,2017-05,False
2017-05-05,ITC,188.53,188.53,185.47,185.98,4192254,-1.44,187.27,184.46,170.67,48.449,0.7178,1.1129,-0.3951,192.99,181.56,6.1,2017,5,2,2017-05,False
2017-05-08,ITC,186.25,186.88,182.89,183.16,11038927,-1.515,187.24,184.55,170.75,44.191,0.3033,0.951,-0.6476,193.05,181.42,6.213,2017,5,2,2017-05,False
2017-05-09,ITC,183.53,185.64,181.85,182.19,7008749,-0.531,187.2,184.67,170.83,42.792,-0.1024,0.7403,-0.8427,193.14,181.25,6.351,2017,5,2,2017-05,False
2017-05-10,ITC,182.66,185.0,182.52,183.83,4754549,0.902,187.21,184.81,170.91,45.907,-0.2881,0.5346,-0.8227,193.12,181.3,6.315,2017,5,2,2017-05,False
2017-05-11,ITC,184.87,187.32,183.86,185.64,9778012,0.986,187.03,184.95,171.01,49.19,-0.2857,0.3706,-0.6562,192.9,181.16,6.275,2017,5,2,2017-05,False
2017-05-12,ITC,186.08,186.08,183.9,184.5,4672675,-0.615,186.8,185.09,171.09,47.246,-0.3715,0.2222,-0.5937,192.68,180.91,6.297,2017,5,2,2017-05,False
2017-05-15,ITC,185.14,187.15,184.87,186.51,5673245,1.091,186.76,185.3,171.19,50.931,-0.274,0.1229,-0.3969,192.63,180.88,6.294,2017,5,2,2017-05,False
2017-05-16,ITC,186.88,190.77,186.55,190.2,11635819,1.979,186.9,185.51,171.3,56.879,0.1,0.1183,-0.0184,192.98,180.83,6.5,2017,5,2,2017-05,False
2017-05-17,ITC,190.64,190.84,187.39,189.0,8617269,-0.635,186.99,185.73,171.4,54.549,0.2955,0.1538,0.1417,193.13,180.84,6.573,2017,5,2,2017-05,False
2017-05-18,ITC,186.55,188.59,185.91,186.48,8229448,-1.331,186.96,185.95,171.49,49.957,0.2445,0.1719,0.0726,193.11,180.81,6.578,2017,5,2,2017-05,False
2017-05-19,ITC,189.4,198.39,189.2,192.05,37099971,2.987,187.19,186.25,171.61,58.32,0.6461,0.2668,0.3794,193.74,180.63,7.005,2017,5,2,2017-05,False
2017-05-22,ITC,196.24,204.53,195.47,203.73,37323445,6.08,188.17,186.78,171.8,69.739,1.8848,0.5904,1.2945,197.89,178.45,10.333,2017,5,2,2017-05,False
2017-05-23,ITC,202.59,203.93,200.14,201.41,20546707,-1.136,188.95,187.26,171.95,65.885,2.6492,1.0021,1.647,200.25,177.66,11.954,2017,5,2,2017-05,False
2017-05-24,ITC,201.31,202.62,199.9,201.24,9822098,-0.083,189.58,187.73,172.11,65.602,3.2044,1.4426,1.7618,202.14,177.02,13.249,2017,5,2,2017-05,False
2017-05-25,ITC,201.31,204.46,198.19,201.34,23646915,0.05,189.88,188.22,172.28,65.697,3.611,1.8763,1.7347,203.29,176.48,14.123,2017,5,2,2017-05,False
2017-05-26,ITC,202.65,210.57,201.01,207.42,22579834,3.016,190.67,188.78,172.44,70.924,4.3728,2.3756,1.9972,206.2,175.14,16.29,2017,5,2,2017-05,False
2017-05-29,ITC,203.99,214.63,203.66,211.95,20422509,2.184,191.94,189.42,172.65,74.095,5.2812,2.9567,2.3245,210.0,173.88,18.818,2017,5,2,2017-05,False
2017-05-30,ITC,209.97,211.51,208.05,208.99,8876322,-1.393,193.02,190.0,172.85,68.826,5.6971,3.5048,2.1923,212.46,173.57,20.147,2017,5,2,2017-05,False
2017-05-31,ITC,208.99,210.3,206.01,209.23,12782086,0.112,194.18,190.41,173.05,69.015,5.9768,3.9992,1.9776,214.61,173.74,21.045,2017,5,2,2017-05,False
2017-06-01,ITC,209.36,212.55,208.56,210.84,8570891,0.77,195.28,190.84,173.26,70.341,6.2563,4.4506,1.8057,216.84,173.73,22.071,2017,6,2,2017-06,False
2017-06-02,ITC,212.11,214.66,211.51,214.19,11500232,1.591,196.7,191.26,173.5,72.939,6.6717,4.8948,1.7768,219.35,174.04,23.032,2017,6,2,2017-06,False
2017-06-05,ITC,214.69,216.91,213.53,216.36,9847609,1.013,198.36,191.83,173.76,74.495,7.0941,5.3347,1.7594,221.69,175.02,23.525,2017,6,2,2017-06,False
2017-06-06,ITC,216.4,217.42,210.81,212.0,10220219,-2.016,199.85,192.35,173.97,66.247,6.9962,5.667,1.3293,222.63,177.06,22.803,2017,6,2,2017-06,False
2017-06-07,ITC,212.17,214.52,211.52,212.82,11978598,0.386,201.3,192.83,174.18,66.985,6.9051,5.9146,0.9905,223.47,179.12,22.032,2017,6,2,2017-06,False
2017-06-08,ITC,213.33,213.5,210.88,212.38,8081100,-0.208,202.63,193.3,174.39,66.142,6.7197,6.0756,0.644,224.04,181.22,21.134,2017,6,2,2017-06,False
2017-06-09,ITC,211.8,213.06,207.67,208.56,10453119,-1.797,203.84,193.71,174.58,59.221,6.1933,6.0992,0.0942,223.6,184.07,19.391,2017,6,2,2017-06,False
2017-06-12,ITC,209.24,209.58,206.17,207.47,6507632,-0.523,204.88,194.06,174.77,57.374,5.6234,6.004,-0.3806,222.93,186.84,17.613,2017,6,2,2017-06,False
2017-06-13,ITC,207.91,208.56,205.97,208.05,5303687,0.279,205.78,194.42,174.97,58.121,5.159,5.835,-0.676,222.48,189.07,16.233,2017,6,2,2017-06,False
2017-06-14,ITC,207.84,208.56,203.89,204.37,15135338,-1.769,206.54,194.75,175.14,51.896,4.4427,5.5565,-1.1138,221.3,191.79,14.285,2017,6,2,2017-06,False
2017-06-15,ITC,206.48,206.48,204.13,205.77,7713717,0.684,207.51,195.09,175.33,53.914,3.9424,5.2337,-1.2913,218.87,196.15,10.951,2017,6,2,2017-06,False
2017-06-16,ITC,206.17,211.01,206.17,209.1,12798297,1.623,208.36,195.53,175.53,58.406,3.7719,4.9413,-1.1695,217.09,199.63,8.382,2017,6,2,2017-06,False
2017-06-19,ITC,210.6,212.55,209.99,211.9,7251573,1.336,208.77,196.08,175.74,61.764,3.8182,4.7167,-0.8985,217.35,200.19,8.222,2017,6,2,2017-06,False
2017-06-20,ITC,212.65,212.79,209.99,210.4,8579082,-0.708,209.22,196.63,175.94,59.011,3.6914,4.5117,-0.8203,217.09,201.35,7.526,2017,6,2,2017-06,False
2017-06-21,ITC,210.88,211.97,209.38,210.57,8598645,0.081,209.69,197.17,176.15,59.233,3.5636,4.322,-0.7585,216.62,202.75,6.612,2017,6,2,2017-06,False
2017-06-22,ITC,210.37,214.15,210.06,212.17,9289243,0.761,210.23,197.63,176.34,61.355,3.5506,4.1677,-0.6172,216.01,204.44,5.504,2017,6,2,2017-06,False
2017-06-23,ITC,211.29,213.26,210.33,211.97,7453263,-0.096,210.45,198.09,176.53,60.919,3.4836,4.0309,-0.5473,216.13,204.78,5.395,2017,6,2,2017-06,False
2017-06-27,ITC,212.48,215.72,211.97,212.89,10061814,0.434,210.5,198.6,176.72,62.22,3.4649,3.9177,-0.4528,216.25,204.76,5.458,2017,6,2,2017-06,False
2017-06-28,ITC,212.38,212.38,209.31,210.16,8224059,-1.281,210.56,199.06,176.89,56.246,3.1932,3.7728,-0.5796,216.26,204.86,5.417,2017,6,2,2017-06,False
2017-06-29,ITC,210.67,213.5,210.33,212.38,10311615,1.054,210.72,199.56,177.07,59.637,3.1207,3.6424,-0.5217,216.44,204.99,5.431,2017,6,2,2017-06,False
2017-06-30,ITC,211.46,221.3,211.46,220.59,24090343,3.867,211.2,200.23,177.29,69.177,3.6834,3.6506,0.0329,218.43,203.98,6.846,2017,6,2,2017-06,False
2017-07-03,ITC,235.82,241.82,231.94,233.44,48892799,5.824,212.17,201.15,177.57,77.954,5.1073,3.9419,1.1653,224.44,199.9,11.566,2017,7,3,2017-07,False
2017-07-04,ITC,233.64,234.08,229.18,229.86,11664585,-1.533,212.84,202.06,177.85,71.82,5.8791,4.3294,1.5498,227.36,198.32,13.643,2017,7,3,2017-07,False
2017-07-05,ITC,229.86,230.27,225.09,225.63,12439637,-1.838,213.52,202.86,178.13,65.286,6.0798,4.6795,1.4003,229.12,197.93,14.606,2017,7,3,2017-07,False
2017-07-06,ITC,227.85,230.88,225.8,229.76,13946670,1.828,214.37,203.68,178.44,68.315,6.4967,5.0429,1.4538,231.56,197.18,16.038,2017,7,3,2017-07,False
2017-07-07,ITC,230.37,230.51,227.0,227.85,10301830,-0.831,215.14,204.33,178.72,65.468,6.597,5.3537,1.2433,233.32,196.97,16.897,2017,7,3,2017-07,False
2017-07-10,ITC,226.59,228.32,225.6,227.17,1316454,-0.299,216.07,205.04,178.98,64.435,6.546,5.5922,0.9539,234.73,197.42,17.268,2017,7,3,2017-07,False
2017-07-11,ITC,228.32,228.36,224.92,225.19,8657755,-0.87,216.96,205.82,179.24,61.409,6.2739,5.7285,0.5453,235.58,198.34,17.163,2017,7,3,2017-07,False
2017-07-12,ITC,223.83,227.37,223.14,224.13,10643992,-0.469,217.76,206.55,179.5,59.793,5.9048,5.7638,0.1411,236.15,199.38,16.886,2017,7,3,2017-07,False
2017-07-13,ITC,226.28,231.39,225.6,230.88,18165609,3.01,219.09,207.45,179.8,65.956,6.0867,5.8284,0.2583,237.23,200.95,16.56,2017,7,3,2017-07,False
2017-07-14,ITC,231.7,231.7,228.19,229.79,5801768,-0.472,220.29,208.27,180.09,64.242,6.0728,5.8773,0.1956,237.89,202.69,15.978,2017,7,3,2017-07,False
2017-07-17,ITC,228.32,228.32,218.58,221.61,21102802,-3.559,220.92,208.98,180.35,53.098,5.3403,5.7699,-0.4296,237.71,204.12,15.206,2017,7,3,2017-07,False
2017-07-18,ITC,199.46,199.46,188.39,193.94,155236591,-12.487,220.02,209.2,180.49,32.534,2.4981,5.1155,-2.6174,240.39,199.65,18.514,2017,7,3,2017-07,False
2017-07-19,ITC,196.15,199.63,195.06,198.64,40641441,2.425,219.43,209.53,180.66,37.0,0.618,4.216,-3.598,241.57,197.29,20.177,2017,7,3,2017-07,False
2017-07-20,ITC,200.38,200.99,196.56,197.31,15896377,-0.669,218.77,209.8,180.81,36.269,-0.9681,3.1792,-4.1473,242.74,194.8,21.916,2017,7,3,2017-07,False
2017-07-21,ITC,198.68,198.85,195.3,196.9,13681787,-0.207,218.0,210.02,180.97,36.033,-2.2323,2.0969,-4.3292,243.77,192.24,23.634,2017,7,3,2017-07,False
2017-07-24,ITC,197.65,201.3,196.36,199.87,18479650,1.506,217.4,210.33,181.16,39.123,-2.9609,1.0853,-4.0462,244.3,190.5,24.749,2017,7,3,2017-07,False
2017-07-25,ITC,201.06,201.16,198.23,198.61,9927828,-0.631,216.69,210.57,181.34,38.276,-3.5985,0.1486,-3.7471,244.82,188.55,25.969,2017,7,3,2017-07,False
2017-07-26,ITC,199.02,200.55,198.68,200.14,9564282,0.772,216.18,210.77,181.54,39.978,-3.9348,-0.6681,-3.2667,245.15,187.22,26.8,2017,7,3,2017-07,False
2017-07-27,ITC,200.86,201.33,195.44,196.67,19620418,-1.737,215.4,210.92,181.71,37.457,-4.4307,-1.4206,-3.01,245.63,185.17,28.067,2017,7,3,2017-07,False
2017-07-28,ITC,200.59,200.89,195.71,198.71,19206912,1.04,214.31,211.17,181.91,39.859,-4.6056,-2.0576,-2.548,245.32,183.29,28.941,2017,7,3,2017-07,False
2017-07-31,ITC,197.31,197.86,193.91,194.42,22065527,-2.161,212.35,211.22,182.08,36.674,-5.0326,-2.6526,-2.38,243.21,181.5,29.058,2017,7,3,2017-07,False
2017-08-01,ITC,194.45,196.67,194.25,196.19,14063559,0.911,210.67,211.06,182.26,38.846,-5.1685,-3.1558,-2.0127,241.17,180.17,28.958,2017,8,3,2017-08,False
2017-08-02,ITC,197.52,197.59,193.77,194.55,10247374,-0.834,209.12,210.93,182.43,37.565,-5.3466,-3.594,-1.7526,239.58,178.66,29.132,2017,8,3,2017-08,False
2017-08-03,ITC,194.25,194.52,191.28,191.79,10592033,-1.419,207.22,210.74,182.58,35.441,-5.6454,-4.0042,-1.6411,236.99,177.45,28.732,2017,8,3,2017-08,False
2017-08-04,ITC,191.11,193.84,190.6,191.35,11717562,-0.231,205.39,210.54,182.73,35.098,-5.8505,-4.3735,-1.477,234.3,176.49,28.147,2017,8,3,2017-08,False
2017-08-07,ITC,191.93,192.88,190.46,190.74,8776750,-0.321,203.57,210.2,182.86,34.599,-5.9934,-4.6975,-1.2959,231.27,175.88,27.209,2017,8,3,2017-08,False
2017-08-08,ITC,190.91,191.79,186.41,186.85,13231816,-2.037,201.66,209.7,182.99,31.539,-6.347,-5.0274,-1.3196,228.34,174.97,26.465,2017,8,3,2017-08,False
2017-08-09,ITC,186.75,187.7,184.3,185.97,10291858,-0.474,199.75,209.24,183.12,30.869,-6.6224,-5.3464,-1.276,225.09,174.41,25.373,2017,8,3,2017-08,False
2017-08-10,ITC,185.83,187.19,184.53,186.14,10380837,0.092,197.51,208.78,183.24,31.172,-6.7491,-5.6269,-1.1222,218.86,176.16,21.623,2017,8,3,2017-08,False
2017-08-11,ITC,184.7,187.06,184.09,185.05,14964550,-0.586,195.27,208.26,183.36,30.258,-6.8584,-5.8732,-0.9852,211.03,179.52,16.138,2017,8,3,2017-08,False
2017-08-14,ITC,187.02,187.02,184.36,184.87,10066349,-0.092,193.44,207.68,183.48,30.109,-6.8795,-6.0745,-0.805,203.96,182.91,10.881,2017,8,3,2017-08,False
2017-08-16,ITC,185.39,192.03,184.94,190.29,19412233,2.931,193.25,207.16,183.63,40.171,-6.3854,-6.1367,-0.2488,203.87,182.64,10.984,2017,8,3,2017-08,False
2017-08-17,ITC,192.1,192.82,189.41,190.84,14231781,0.287,192.86,206.73,183.77,41.09,-5.882,-6.0857,0.2037,203.21,182.51,10.732,2017,8,3,2017-08,False
2017-08-18,ITC,190.33,193.56,188.66,192.1,15442589,0.661,192.6,206.32,183.91,43.26,-5.32,-5.9326,0.6126,202.74,182.46,10.527,2017,8,3,2017-08,False
2017-08-21,ITC,192.44,194.25,191.49,191.93,13592218,-0.089,192.35,205.91,184.07,43.029,-4.8327,-5.7126,0.8799,202.29,182.42,10.33,2017,8,3,2017-08,False
2017-08-22,ITC,192.2,194.25,191.08,192.82,12417415,0.462,192.0,205.6,184.24,44.682,-4.3251,-5.4351,1.11,201.29,182.71,9.679,2017,8,3,2017-08,False
2017-08-23,ITC,193.22,194.66,191.93,192.58,9084531,-0.124,191.7,205.3,184.39,44.309,-3.8972,-5.1275,1.2304,200.46,182.93,9.145,2017,8,3,2017-08,False
2017-08-24,ITC,192.2,193.22,191.59,191.83,11235986,-0.389,191.28,204.97,184.52,43.093,-3.5773,-4.8175,1.2402,199.1,183.47,8.173,2017,8,3,2017-08,False
2017-08-28,ITC,192.27,192.88,190.36,192.51,10358573,0.355,191.08,204.74,184.62,44.582,-3.2315,-4.5003,1.2688,198.5,183.65,7.772,2017,8,3,2017-08,False
2017-08-29,ITC,192.44,192.82,190.43,191.01,6377756,-0.779,190.69,204.44,184.72,41.979,-3.0434,-4.2089,1.1655,197.19,184.19,6.817,2017,8,3,2017-08,False
2017-08-30,ITC,191.62,192.82,191.25,192.2,6785885,0.624,190.58,204.1,184.84,44.743,-2.7662,-3.9204,1.1542,196.88,184.27,6.616,2017,8,3,2017-08,False
2017-08-31,ITC,192.88,192.99,191.11,192.37,11654017,0.089,190.39,203.71,184.96,45.145,-2.5039,-3.6371,1.1332,196.19,184.59,6.094,2017,8,3,2017-08,False
2017-09-01,ITC,192.34,193.8,191.32,193.29,7526993,0.478,190.33,203.37,185.11,47.371,-2.1965,-3.349,1.1525,195.96,184.69,5.922,2017,9,3,2017-09,False
2017-09-04,ITC,193.19,193.46,192.2,192.95,8807199,-0.176,190.38,203.02,185.28,46.617,-1.9577,-3.0707,1.113,196.11,184.66,6.011,2017,9,3,2017-09,False
2017-09-05,ITC,192.64,193.5,191.93,192.78,8121365,-0.088,190.46,202.63,185.47,46.22,-1.762,-2.809,1.047,196.26,184.65,6.099,2017,9,3,2017-09,False
2017-09-06,ITC,191.18,191.52,187.6,187.91,14710804,-2.528,190.31,202.15,185.63,36.626,-1.9773,-2.6426,0.6653,196.23,184.4,6.217,2017,9,3,2017-09,False
2017-09-07,ITC,188.79,189.17,183.72,184.3,19958290,-1.922,190.19,201.58,185.79,31.419,-2.4116,-2.5964,0.1848,196.51,183.86,6.653,2017,9,3,2017-09,False
2017-09-08,ITC,184.81,186.27,184.02,185.62,10090288,0.721,190.17,201.09,185.97,35.076,-2.6184,-2.6008,-0.0176,196.55,183.79,6.706,2017,9,3,2017-09,False
2017-09-11,ITC,185.66,187.02,185.05,186.48,9672742,0.459,190.19,200.57,186.14,37.381,-2.6826,-2.6172,-0.0654,196.52,183.85,6.659,2017,9,3,2017-09,False
2017-09-12,ITC,187.77,189.65,187.16,189.24,11906324,1.48,190.4,199.94,186.33,44.283,-2.4821,-2.5902,0.1081,196.27,184.52,6.174,2017,9,3,2017-09,False
2017-09-13,ITC,189.07,189.13,184.67,185.05,12593161,-2.215,190.4,198.97,186.51,37.52,-2.6311,-2.5983,-0.0328,196.25,184.56,6.139,2017,9,3,2017-09,False
2017-09-14,ITC,185.59,185.73,184.3,185.39,7312288,0.184,190.16,198.08,186.67,38.344,-2.6907,-2.6168,-0.0739,196.42,183.9,6.585,2017,9,3,2017-09,False
2017-09-15,ITC,185.39,185.9,182.8,183.55,13653947,-0.993,189.79,197.24,186.8,35.612,-2.8535,-2.6642,-0.1894,196.7,182.88,7.282,2017,9,3,2017-09,False
2017-09-18,ITC,184.7,185.18,181.47,181.98,10543289,-0.854,189.29,196.29,186.94,33.426,-3.0736,-2.7461,-0.3276,196.93,181.65,8.075,2017,9,3,2017-09,False
2017-09-19,ITC,182.66,184.02,180.0,182.56,35187337,0.318,188.82,195.38,187.07,35.014,-3.1648,-2.8298,-0.335,196.92,180.72,8.576,2017,9,3,2017-09,False
2017-09-20,ITC,183.61,185.39,182.49,185.08,9974675,1.381,188.43,194.54,187.21,41.547,-2.999,-2.8637,-0.1354,196.46,180.4,8.525,2017,9,3,2017-09,False
2017-09-21,ITC,185.39,185.66,182.05,183.72,8058682,-0.737,187.99,193.71,187.36,39.25,-2.9437,-2.8797,-0.0641,196.04,179.94,8.561,2017,9,3,2017-09,False
2017-09-22,ITC,183.68,184.67,182.01,182.97,7142399,-0.408,187.55,192.89,187.5,38.005,-2.9266,-2.8891,-0.0376,195.68,179.41,8.672,2017,9,3,2017-09,False
2017-09-25,ITC,183.0,183.78,177.82,178.74,18260404,-2.31,186.86,191.84,187.62,31.871,-3.217,-2.9547,-0.2623,195.53,178.18,9.287,2017,9,3,2017-09,False
2017-09-26,ITC,179.46,179.76,177.92,178.88,9950366,0.076,186.25,190.83,187.75,32.251,-3.3969,-3.0431,-0.3538,195.39,177.11,9.813,2017,9,3,2017-09,False
2017-09-27,ITC,180.68,180.96,175.03,176.19,18208892,-1.505,185.45,189.92,187.85,28.832,-3.714,-3.1773,-0.5367,195.18,175.72,10.495,2017,9,3,2017-09,False
2017-09-28,ITC,177.48,179.52,176.59,178.26,22436773,1.18,184.75,189.6,187.95,34.598,-3.7542,-3.2927,-0.4616,194.41,175.08,10.462,2017,9,3,2017-09,False
2017-09-29,ITC,179.12,179.18,175.47,176.05,12640792,-1.243,183.88,189.15,188.05,31.655,-3.9197,-3.4181,-0.5016,193.41,174.35,10.364,2017,9,3,2017-09,False
2017-10-03,ITC,178.91,179.08,176.19,178.16,11940746,1.2,183.14,188.77,188.15,37.147,-3.8361,-3.5017,-0.3344,191.98,174.31,9.65,2017,10,4,2017-10,False
2017-10-04,ITC,180.0,183.0,179.35,182.25,11194466,2.295,182.62,188.48,188.28,46.164,-3.4007,-3.4815,0.0808,190.2,175.03,8.307,2017,10,4,2017-10,False
2017-10-05,ITC,182.25,183.61,180.21,180.79,7204474,-0.804,182.26,188.09,188.41,43.742,-3.1376,-3.4127,0.2751,189.46,175.06,7.899,2017,10,4,2017-10,False
2017-10-06,ITC,181.16,182.32,180.38,181.4,8158755,0.339,182.12,187.75,188.56,45.042,-2.8469,-3.2995,0.4526,189.26,174.97,7.843,2017,10,4,2017-10,False
2017-10-09,ITC,182.66,183.44,181.57,182.66,6323114,0.695,181.97,187.4,188.71,47.715,-2.4861,-3.1368,0.6508,188.92,175.01,7.645,2017,10,4,2017-10,False
2017-10-10,ITC,182.05,182.59,180.72,181.43,5683301,-0.672,181.72,187.09,188.85,45.401,-2.2729,-2.9641,0.6912,188.34,175.09,7.292,2017,10,4,2017-10,False
2017-10-11,ITC,181.64,182.49,180.24,180.89,7959877,-0.301,181.3,186.74,188.99,44.371,-2.1235,-2.7959,0.6724,186.9,175.69,6.182,2017,10,4,2017-10,False
2017-10-12,ITC,180.99,183.48,179.93,181.98,9518815,0.603,181.15,186.49,189.14,46.963,-1.8952,-2.6158,0.7206,186.48,175.81,5.888,2017,10,4,2017-10,False
2017-10-13,ITC,181.47,182.39,180.07,181.26,12504487,-0.393,180.94,186.19,189.29,45.466,-1.7519,-2.443,0.6911,185.89,175.99,5.469,2017,10,4,2017-10,False
2017-10-16,ITC,181.3,183.99,180.96,182.32,9504724,0.583,180.88,185.95,189.45,48.096,-1.5354,-2.2615,0.7261,185.72,176.04,5.353,2017,10,4,2017-10,False
2017-10-17,ITC,182.66,183.14,181.26,182.15,11038203,-0.093,180.89,185.75,189.57,47.696,-1.3618,-2.0816,0.7198,185.74,176.04,5.362,2017,10,4,2017-10,False
2017-10-18,ITC,182.66,184.53,182.05,184.26,7508323,1.16,180.97,185.61,189.7,52.92,-1.0418,-1.8736,0.8318,186.0,175.94,5.559,2017,10,4,2017-10,False
2017-10-19,ITC,184.7,184.91,183.34,183.78,1283342,-0.259,180.91,185.47,189.83,51.665,-0.8172,-1.6623,0.8451,185.74,176.07,5.347,2017,10,4,2017-10,False
2017-10-23,ITC,184.02,185.9,181.16,182.01,10144269,-0.964,180.82,185.38,189.93,47.19,-0.7733,-1.4845,0.7112,185.51,176.14,5.183,2017,10,4,2017-10,False
2017-10-24,ITC,182.97,182.97,181.36,181.98,8723712,-0.019,180.77,185.3,190.03,47.105,-0.7328,-1.3342,0.6013,185.38,176.16,5.102,2017,10,4,2017-10,False
2017-10-25,ITC,182.93,185.05,182.8,183.51,6169387,0.843,181.01,185.24,190.13,51.329,-0.5704,-1.1814,0.611,185.67,176.35,5.151,2017,10,4,2017-10,False
2017-10-26,ITC,184.57,184.57,182.08,182.93,9616793,-0.316,181.21,185.2,190.22,49.714,-0.4829,-1.0417,0.5588,185.84,176.59,5.103,2017,10,4,2017-10,False
2017-10-27,ITC,184.43,188.11,182.29,183.58,23852749,0.354,181.58,185.18,190.31,51.549,-0.3572,-0.9048,0.5476,185.66,177.5,4.496,2017,10,4,2017-10,False
2017-10-30,ITC,183.34,184.43,179.56,180.72,18266520,-1.559,181.71,184.98,190.4,43.919,-0.483,-0.8204,0.3375,185.51,177.91,4.182,2017,10,4,2017-10,False
2017-10-31,ITC,181.33,181.94,179.87,181.09,8452918,0.207,181.96,184.79,190.48,45.065,-0.5461,-0.7656,0.2195,184.7,179.22,3.012,2017,10,4,2017-10,False
2017-11-01,ITC,181.98,184.84,181.5,183.92,7516426,1.562,182.25,184.63,190.57,52.893,-0.3637,-0.6852,0.3215,184.47,180.02,2.439,2017,11,4,2017-11,False
2017-11-02,ITC,183.82,183.99,180.82,181.06,10056813,-1.556,182.19,184.41,190.64,45.783,-0.445,-0.6372,0.1921,184.47,179.9,2.508,2017,11,4,2017-11,False
2017-11-03,ITC,181.98,182.59,180.55,180.89,6210456,-0.094,182.19,184.17,190.73,45.392,-0.5172,-0.6132,0.0959,184.46,179.92,2.494,2017,11,4,2017-11,False
2017-11-06,ITC,181.47,182.59,180.14,180.55,9368140,-0.188,182.15,183.93,190.79,44.572,-0.5951,-0.6096,0.0144,184.51,179.78,2.597,2017,11,4,2017-11,False
2017-11-07,ITC,181.09,182.46,179.7,180.82,9872847,0.151,182.06,183.71,190.86,45.421,-0.6276,-0.6132,-0.0144,184.48,179.63,2.662,2017,11,4,2017-11,False
2017-11-08,ITC,180.85,181.64,180.41,180.89,6186540,0.038,182.03,183.48,190.92,45.646,-0.6405,-0.6186,-0.0218,184.49,179.56,2.708,2017,11,4,2017-11,False
2017-11-09,ITC,181.57,181.64,176.73,177.24,21026098,-2.016,181.85,183.2,190.96,36.907,-0.9341,-0.6817,-0.2524,185.09,178.61,3.562,2017,11,4,2017-11,False
2017-11-10,ITC,177.58,180.75,176.8,178.37,17438746,0.634,181.67,182.92,191.0,40.679,-1.0638,-0.7582,-0.3057,185.26,178.08,3.954,2017,11,4,2017-11,False
2017-11-13,ITC,179.25,179.46,175.84,176.05,7681031,-1.299,181.41,182.6,191.03,35.914,-1.3382,-0.8742,-0.464,185.79,177.02,4.834,2017,11,4,2017-11,False
2017-11-14,ITC,176.19,177.79,174.48,174.86,8656529,-0.678,181.03,182.23,191.03,33.725,-1.6331,-1.0259,-0.6071,186.28,175.79,5.793,2017,11,4,2017-11,False
2017-11-15,ITC,175.16,175.4,170.66,172.64,17666898,-1.267,180.56,181.82,191.02,30.059,-2.0222,-1.2252,-0.797,186.97,174.15,7.102,2017,11,4,2017-11,False
2017-11-16,ITC,173.6,174.21,172.03,173.87,10343428,0.711,180.04,181.44,191.0,34.317,-2.2061,-1.4214,-0.7847,186.86,173.22,7.575,2017,11,4,2017-11,False
2017-11-17,ITC,174.82,176.53,174.48,175.84,10383570,1.137,179.64,181.2,191.02,40.592,-2.1674,-1.5706,-0.5968,186.47,172.82,7.599,2017,11,4,2017-11,False
2017-11-20,ITC,176.25,177.68,175.33,176.66,8221147,0.465,179.37,181.05,191.04,43.018,-2.0471,-1.6659,-0.3813,186.23,172.52,7.641,2017,11,4,2017-11,False
2017-11-21,ITC,176.87,176.87,173.94,174.34,17266541,-1.312,178.99,180.83,191.05,38.252,-2.1145,-1.7556,-0.3588,186.08,171.9,7.92,2017,11,4,2017-11,False
2017-11-22,ITC,174.48,176.29,174.21,175.95,8941555,0.919,178.61,180.61,191.02,42.956,-2.0153,-1.8076,-0.2078,185.49,171.74,7.7,2017,11,4,2017-11,False
2017-11-23,ITC,176.08,177.68,174.75,175.95,7814131,0.0,178.26,180.35,190.98,42.956,-1.9147,-1.829,-0.0857,184.92,171.6,7.471,2017,11,4,2017-11,False
2017-11-24,ITC,176.18,178.2,175.88,177.72,7630740,1.007,177.97,180.2,190.95,48.036,-1.6727,-1.7977,0.1251,184.14,171.8,6.936,2017,11,4,2017-11,False
2017-11-27,ITC,177.21,177.55,175.37,176.7,5022804,-0.575,177.77,180.03,190.91,45.518,-1.5455,-1.7473,0.2017,183.83,171.71,6.814,2017,11,4,2017-11,False
2017-11-28,ITC,176.59,176.66,174.48,175.16,18183221,-0.868,177.47,179.86,190.85,41.964,-1.5506,-1.708,0.1573,183.42,171.52,6.707,2017,11,4,2017-11,False
2017-11-29,ITC,175.84,176.32,175.16,175.88,9032800,0.409,177.07,179.74,190.81,44.155,-1.4799,-1.6623,0.1824,182.22,171.92,5.817,2017,11,4,2017-11,False
2017-11-30,ITC,175.78,175.98,173.56,174.52,22967997,-0.775,176.74,179.58,190.75,40.981,-1.5163,-1.6331,0.1168,181.65,171.83,5.555,2017,11,4,2017-11,False
2017-12-01,ITC,175.13,176.93,173.56,173.94,6847473,-0.332,176.4,179.35,190.7,39.676,-1.5738,-1.6213,0.0475,181.05,171.75,5.274,2017,12,4,2017-12,False
2017-12-04,ITC,174.48,174.69,172.81,173.87,6347174,-0.039,176.06,179.16,190.67,39.516,-1.6064,-1.6183,0.0119,180.41,171.72,4.936,2017,12,4,2017-12,False
2017-12-05,ITC,173.8,174.04,172.1,173.02,9337698,-0.49,175.67,178.96,190.62,37.488,-1.6815,-1.6309,-0.0506,179.6,171.74,4.472,2017,12,4,2017-12,False
2017-12-06,ITC,172.61,172.61,170.97,171.48,8562019,-0.886,175.2,178.81,190.56,34.095,-1.8436,-1.6735,-0.1701,178.73,171.67,4.031,2017,12,4,2017-12,False
2017-12-07,ITC,170.39,173.19,170.39,172.67,5635445,0.696,174.97,178.69,190.53,38.739,-1.8544,-1.7096,-0.1447,178.54,171.41,4.076,2017,12,4,2017-12,False
2017-12-08,ITC,172.95,179.39,172.71,178.71,13638732,3.493,174.99,178.74,190.52,55.728,-1.3605,-1.6398,0.2793,178.63,171.35,4.157,2017,12,4,2017-12,False
2017-12-11,ITC,180.38,182.32,179.46,181.47,17842707,1.545,175.26,178.8,190.54,61.051,-0.7379,-1.4594,0.7215,179.9,170.62,5.293,2017,12,4,2017-12,False
2017-12-12,ITC,180.27,180.75,177.55,178.26,9599026,-1.765,175.43,178.85,190.55,53.075,-0.4972,-1.267,0.7698,180.25,170.61,5.498,2017,12,4,2017-12,False
2017-12-13,ITC,176.93,178.84,175.57,176.53,8986735,-0.975,175.63,178.82,190.55,49.311,-0.4417,-1.1019,0.6603,180.29,170.97,5.306,2017,12,4,2017-12,False
2017-12-14,ITC,177.82,181.4,175.54,180.1,8353203,2.027,175.94,178.77,190.56,56.199,-0.1076,-0.9031,0.7954,180.92,170.95,5.669,2017,12,4,2017-12,False
2017-12-15,ITC,181.3,182.01,179.56,180.34,12742052,0.132,176.16,178.76,190.57,56.622,0.1743,-0.6876,0.8619,181.52,170.8,6.086,2017,12,4,2017-12,False
2017-12-18,ITC,180.96,180.96,176.56,179.39,9650962,-0.529,176.3,178.72,190.59,54.359,0.3171,-0.4866,0.8038,181.85,170.75,6.296,2017,12,4,2017-12,False
2017-12-19,ITC,179.52,180.89,179.32,180.1,6107682,0.399,176.59,178.67,190.59,55.786,0.4825,-0.2928,0.7753,182.3,170.87,6.476,2017,12,4,2017-12,False
2017-12-20,ITC,180.41,180.41,179.05,179.46,7728106,-0.36,176.76,178.63,190.6,54.137,0.5549,-0.1233,0.6782,182.61,170.91,6.618,2017,12,4,2017-12,False
2017-12-21,ITC,181.23,181.23,178.3,179.29,7032195,-0.095,176.93,178.6,190.61,53.688,0.5917,0.0197,0.572,182.87,170.99,6.715,2017,12,4,2017-12,False
2017-12-22,ITC,179.59,180.07,178.67,179.32,6652053,0.019,177.01,178.55,190.63,53.77,0.6165,0.1391,0.4774,183.04,170.98,6.811,2017,12,4,2017-12,False
2017-12-26,ITC,179.42,180.62,179.01,180.04,9917650,0.399,177.18,178.52,190.64,55.565,0.686,0.2485,0.4376,183.35,171.0,6.97,2017,12,4,2017-12,False
2017-12-27,ITC,180.07,180.14,178.33,178.67,6325599,-0.757,177.35,178.45,190.65,51.466,0.6239,0.3236,0.3004,183.49,171.22,6.916,2017,12,4,2017-12,False
2017-12-28,ITC,179.52,179.97,177.92,178.47,16501935,-0.114,177.48,178.38,190.65,50.86,0.5518,0.3692,0.1826,183.59,171.37,6.887,2017,12,4,2017-12,False
2017-12-29,ITC,178.91,179.93,178.74,179.42,6818477,0.535,177.73,178.28,190.66,53.606,0.5652,0.4084,0.1568,183.73,171.72,6.755,2017,12,4,2017-12,False
2018-01-01,ITC,179.42,181.5,178.06,178.77,10863895,-0.361,177.97,178.18,190.66,51.503,0.5176,0.4302,0.0873,183.71,172.22,6.455,2018,1,1,2018-01,False
2018-01-02,ITC,178.98,180.07,177.51,177.72,5907460,-0.591,178.16,178.09,190.65,48.182,0.3901,0.4222,-0.0321,183.58,172.75,6.078,2018,1,1,2018-01,False
2018-01-03,ITC,178.09,179.01,177.62,177.99,11443370,0.153,178.41,178.01,190.64,49.094,0.3075,0.3993,-0.0918,183.26,173.56,5.432,2018,1,1,2018-01,False
2018-01-04,ITC,177.85,179.08,177.62,178.26,9729737,0.153,178.75,177.91,190.59,50.041,0.261,0.3716,-0.1106,182.34,175.16,4.018,2018,1,1,2018-01,False
2018-01-05,ITC,178.5,179.59,178.5,179.18,9566733,0.516,179.07,177.83,190.54,53.206,0.2951,0.3563,-0.0612,181.25,176.9,2.427,2018,1,1,2018-01,False
2018-01-08,ITC,179.93,181.84,179.42,181.02,14989106,1.027,179.19,177.78,190.48,58.824,0.4652,0.3781,0.0871,181.52,176.86,2.603,2018,1,1,2018-01,False
2018-01-09,ITC,180.96,185.39,180.44,184.4,26728897,1.864,179.34,177.86,190.46,66.714,0.8623,0.4749,0.3873,182.49,176.18,3.521,2018,1,1,2018-01,False
2018-01-10,ITC,186.37,186.75,183.38,183.61,17074502,-0.425,179.6,177.91,190.44,63.662,1.101,0.6001,0.5009,183.25,175.96,4.057,2018,1,1,2018-01,False
2018-01-11,ITC,183.68,184.7,182.73,183.89,11722150,0.148,179.97,177.91,190.42,64.274,1.2973,0.7396,0.5577,183.79,176.16,4.241,2018,1,1,2018-01,False
2018-01-12,ITC,184.19,184.94,181.4,182.35,8494789,-0.834,180.09,177.93,190.39,58.322,1.314,0.8545,0.4595,184.05,176.12,4.401,2018,1,1,2018-01,False
2018-01-15,ITC,182.66,184.77,181.98,182.39,10944192,0.019,180.19,177.96,190.36,58.414,1.3148,0.9465,0.3682,184.28,176.09,4.544,2018,1,1,2018-01,False
2018-01-16,ITC,182.8,183.14,177.75,178.37,13433905,-2.205,180.14,177.92,190.3,45.6,0.9796,0.9531,0.0265,184.3,175.98,4.62,2018,1,1,2018-01,False
2018-01-17,ITC,178.57,181.98,176.9,181.33,17006334,1.662,180.2,177.93,190.26,53.67,0.9424,0.951,-0.0086,184.39,176.0,4.656,2018,1,1,2018-01,False
2018-01-18,ITC,182.66,187.6,181.74,186.34,27461089,2.763,180.54,178.04,190.25,63.517,1.3021,1.0212,0.2809,185.53,175.55,5.531,2018,1,1,2018-01,False
2018-01-19,ITC,188.11,189.13,184.77,187.12,26700710,0.421,180.93,178.24,190.24,64.779,1.6316,1.1433,0.4883,186.68,175.18,6.357,2018,1,1,2018-01,False
2018-01-22,ITC,187.43,187.77,185.18,186.51,8660321,-0.328,181.29,178.4,190.24,62.944,1.8222,1.2791,0.5432,187.5,175.09,6.847,2018,1,1,2018-01,False
2018-01-23,ITC,186.75,188.96,186.44,188.52,18947034,1.078,181.72,178.65,190.26,66.312,2.1112,1.4455,0.6657,188.68,174.76,7.659,2018,1,1,2018-01,False
2018-01-24,ITC,188.56,192.2,188.15,191.83,17971710,1.753,182.38,178.99,190.3,70.981,2.5773,1.6718,0.9054,190.51,174.24,8.921,2018,1,1,2018-01,False
2018-01-25,ITC,191.52,193.02,189.88,191.69,13629982,-0.071,183.04,179.37,190.35,70.546,2.9022,1.9179,0.9842,191.95,174.13,9.736,2018,1,1,2018-01,False
2018-01-29,ITC,191.62,193.09,187.43,187.87,9938281,-1.991,183.46,179.65,190.34,59.56,2.8192,2.0982,0.721,192.45,174.47,9.8,2018,1,1,2018-01,False
2018-01-30,ITC,187.43,188.42,185.35,187.57,13560150,-0.163,183.9,179.88,190.33,58.768,2.6975,2.218,0.4795,192.78,175.01,9.662,2018,1,1,2018-01,False
2018-01-31,ITC,186.68,188.11,183.92,184.98,19675610,-1.381,184.26,180.05,190.32,52.428,2.3649,2.2474,0.1175,192.66,175.86,9.119,2018,1,1,2018-01,False
2018-02-01,ITC,185.39,197.86,182.25,187.64,61648368,1.437,184.74,180.32,190.32,57.496,2.2894,2.2558,0.0336,192.73,176.76,8.642,2018,2,1,2018-02,False
2018-02-02,ITC,187.02,194.69,184.57,187.67,36356576,0.018,185.21,180.55,190.32,57.559,2.2068,2.246,-0.0392,192.68,177.75,8.063,2018,2,1,2018-02,False
2018-02-05,ITC,186.44,192.0,185.28,190.33,20465290,1.416,185.77,180.84,190.34,62.22,2.3291,2.2626,0.0664,193.0,178.54,7.785,2018,2,1,2018-02,False
2018-02-06,ITC,183.99,189.0,182.76,186.41,16432103,-2.059,186.04,181.01,190.33,52.981,2.0857,2.2272,-0.1416,192.92,179.16,7.396,2018,2,1,2018-02,False
2018-02-07,ITC,189.48,189.99,186.75,187.53,13455081,0.603,186.2,181.23,190.35,55.044,1.9609,2.174,-0.2131,193.06,179.33,7.374,2018,2,1,2018-02,False
2018-02-08,ITC,187.91,188.73,185.83,186.82,10156564,-0.382,186.36,181.46,190.36,53.437,1.7837,2.0959,-0.3122,193.12,179.6,7.255,2018,2,1,2018-02,False
2018-02-09,ITC,184.7,185.73,182.52,184.94,14751166,-1.003,186.41,181.64,190.34,49.373,1.4751,1.9717,-0.4967,193.11,179.72,7.183,2018,2,1,2018-02,False
2018-02-12,ITC,185.69,186.65,183.55,183.92,6972242,-0.553,186.49,181.83,190.28,47.261,1.1349,1.8044,-0.6695,193.02,179.96,7.003,2018,2,1,2018-02,False
2018-02-14,ITC,184.02,184.7,180.68,181.64,11738542,-1.241,186.45,181.98,190.23,42.853,0.6733,1.5781,-0.9049,193.09,179.81,7.119,2018,2,1,2018-02,False
2018-02-15,ITC,181.64,183.95,180.48,182.73,12188244,0.6,186.67,182.16,190.21,45.469,0.3909,1.3407,-0.9498,192.41,180.92,6.155,2018,2,1,2018-02,False
2018-02-16,ITC,183.92,184.53,181.02,181.6,6401588,-0.615,186.68,182.33,190.18,43.269,0.0755,1.0877,-1.0121,192.38,180.99,6.098,2018,2,1,2018-02,False
2018-02-19,ITC,181.3,182.52,178.91,180.0,6303342,-0.882,186.37,182.5,190.15,40.28,-0.3002,0.8101,-1.1103,192.8,179.94,6.901,2018,2,1,2018-02,False
2018-02-20,ITC,179.93,181.16,178.67,179.42,9659227,-0.322,185.98,182.64,190.11,39.224,-0.6373,0.5206,-1.1579,193.11,178.86,7.661,2018,2,1,2018-02,False
2018-02-21,ITC,179.93,183.31,179.56,182.8,10961665,1.88,185.8,182.72,190.09,47.802,-0.6251,0.2915,-0.9166,193.05,178.54,7.813,2018,2,1,2018-02,False
2018-02-22,ITC,182.11,183.34,180.92,182.05,19855003,-0.41,185.47,182.73,190.08,46.241,-0.6682,0.0995,-0.7677,192.8,178.15,7.897,2018,2,1,2018-02,False
2018-02-23,ITC,182.29,184.02,181.36,183.38,6780714,0.73,185.05,182.83,190.09,49.397,-0.5883,-0.038,-0.5503,191.78,178.32,7.275,2018,2,1,2018-02,False
2018-02-26,ITC,183.03,183.68,181.3,181.67,8701511,-0.929,184.55,182.94,190.08,45.693,-0.655,-0.1614,-0.4935,190.66,178.44,6.624,2018,2,1,2018-02,False
2018-02-27,ITC,182.66,182.8,180.96,181.57,7716072,-0.056,184.23,182.97,190.06,45.473,-0.7079,-0.2707,-0.4372,190.27,178.19,6.557,2018,2,1,2018-02,False
2018-02-28,ITC,180.62,181.5,179.29,180.65,13969189,-0.507,183.89,182.97,190.04,43.442,-0.8146,-0.3795,-0.4351,189.92,177.86,6.557,2018,2,1,2018-02,False
2018-03-01,ITC,180.07,181.36,179.15,179.93,8081243,-0.396,183.63,182.98,190.01,41.876,-0.9461,-0.4928,-0.4533,189.89,177.38,6.812,2018,3,1,2018-03,False
2018-03-05,ITC,179.46,179.46,177.21,177.38,6878708,-1.42,183.12,182.93,189.94,36.777,-1.2422,-0.6427,-0.5995,189.67,176.57,7.152,2018,3,1,2018-03,False
2018-03-06,ITC,177.92,178.84,174.14,174.82,8495423,-1.441,182.48,182.84,189.87,32.513,-1.6639,-0.8469,-0.817,189.64,175.32,7.849,2018,3,1,2018-03,False
2018-03-07,ITC,174.82,177.55,172.81,177.14,15736814,1.326,181.82,182.79,189.83,39.376,-1.7905,-1.0357,-0.7549,188.34,175.3,7.171,2018,3,1,2018-03,False
2018-03-08,ITC,177.41,178.5,175.67,176.42,6259151,-0.404,181.32,182.74,189.75,38.088,-1.9264,-1.2138,-0.7126,187.89,174.75,7.245,2018,3,1,2018-03,False
2018-03-09,ITC,176.53,177.82,176.01,176.7,6345666,0.155,180.78,182.67,189.61,38.908,-1.9891,-1.3689,-0.6203,186.97,174.59,6.845,2018,3,1,2018-03,False
2018-03-12,ITC,179.93,184.6,179.22,184.09,20666810,4.185,180.64,182.78,189.53,55.949,-1.4257,-1.3802,-0.0455,186.37,174.91,6.345,2018,3,1,2018-03,False
2018-03-13,ITC,183.78,185.39,182.11,183.65,8647577,-0.241,180.58,182.88,189.44,54.96,-1.0034,-1.3049,0.3015,186.13,175.03,6.15,2018,3,1,2018-03,False
2018-03-14,ITC,182.69,183.38,180.82,182.69,8211627,-0.52,180.52,182.95,189.34,52.795,-0.7372,-1.1913,0.4542,185.94,175.09,6.008,2018,3,1,2018-03,False
2018-03-15,ITC,181.98,183.95,180.75,180.99,5771710,-0.933,180.48,182.99,189.21,49.077,-0.6561,-1.0843,0.4282,185.89,175.08,5.986,2018,3,1,2018-03,False
2018-03-16,ITC,181.57,181.57,176.42,177.55,21477001,-1.902,180.22,182.99,189.04,42.558,-0.8597,-1.0394,0.1797,185.67,174.78,6.043,2018,3,1,2018-03,False
2018-03-19,ITC,177.58,178.71,176.05,176.63,13423983,-0.518,179.98,182.96,188.88,40.991,-1.0828,-1.0481,-0.0348,185.61,174.34,6.258,2018,3,1,2018-03,False
2018-03-20,ITC,175.95,177.17,175.5,176.66,7769207,0.019,179.81,182.93,188.72,41.077,-1.2426,-1.087,-0.1556,185.63,173.99,6.477,2018,3,1,2018-03,False
2018-03-21,ITC,177.24,178.33,176.32,176.56,13418488,-0.058,179.67,182.88,188.54,40.884,-1.3617,-1.1419,-0.2198,185.67,173.66,6.681,2018,3,1,2018-03,False
2018-03-22,ITC,177.21,178.2,175.74,176.05,8319663,-0.29,179.33,182.78,188.35,39.871,-1.4803,-1.2096,-0.2707,185.35,173.31,6.713,2018,3,1,2018-03,False
2018-03-23,ITC,174.48,176.39,173.63,174.48,11616470,-0.89,178.95,182.58,188.14,36.856,-1.6815,-1.304,-0.3775,185.2,172.7,6.981,2018,3,1,2018-03,False
2018-03-26,ITC,172.37,177.21,172.1,175.91,12981125,0.82,178.58,182.42,187.96,41.226,-1.7057,-1.3843,-0.3214,184.6,172.56,6.743,2018,3,1,2018-03,False
2018-03-27,ITC,176.39,177.55,175.09,176.46,9107151,0.31,178.32,182.27,187.78,42.849,-1.6617,-1.4398,-0.2219,184.22,172.41,6.626,2018,3,1,2018-03,False
2018-03-28,ITC,175.84,176.49,173.36,174.14,12743051,-1.313,177.95,182.11,187.59,38.041,-1.7932,-1.5105,-0.2827,183.93,171.97,6.721,2018,3,1,2018-03,False
2018-04-02,ITC,175.16,176.49,174.11,176.01,7299774,1.076,177.71,181.98,187.43,43.557,-1.7263,-1.5536,-0.1726,183.61,171.82,6.637,2018,4,2,2018-04,False
2018-04-03,ITC,175.84,177.21,175.5,176.19,5294559,0.097,177.53,181.94,187.27,44.045,-1.6406,-1.571,-0.0695,183.36,171.69,6.577,2018,4,2,2018-04,False
2018-04-04,ITC,176.87,177.07,175.23,176.25,8716184,0.039,177.47,181.84,187.11,44.252,-1.5493,-1.5667,0.0174,183.34,171.6,6.611,2018,4,2,2018-04,False
2018-04-05,ITC,174.14,177.21,174.14,176.97,9464602,0.406,177.58,181.65,186.98,46.496,-1.403,-1.5339,0.1309,183.32,171.84,6.464,2018,4,2,2018-04,False
2018-04-06,ITC,177.55,178.57,177.24,177.79,6333848,0.462,177.61,181.46,186.84,49.021,-1.2072,-1.4686,0.2614,183.35,171.87,6.459,2018,4,2,2018-04,False
2018-04-09,ITC,177.99,181.71,177.82,181.16,9572467,1.898,177.85,181.36,186.7,57.856,-0.7709,-1.3291,0.5582,183.76,171.93,6.655,2018,4,2,2018-04,False
2018-04-10,ITC,181.54,183.14,180.68,181.77,15248015,0.339,178.1,181.22,186.54,59.239,-0.3713,-1.1375,0.7662,184.24,171.96,6.897,2018,4,2,2018-04,False
2018-04-11,ITC,181.91,182.35,179.52,180.72,5433736,-0.581,177.93,181.0,186.4,55.84,-0.1383,-0.9377,0.7994,183.54,172.32,6.307,2018,4,2,2018-04,False
2018-04-12,ITC,180.68,180.72,178.16,178.54,6360898,-1.207,177.68,180.74,186.24,49.522,-0.1282,-0.7758,0.6476,182.62,172.74,5.561,2018,4,2,2018-04,False
2018-04-13,ITC,179.25,179.59,177.21,177.72,5183544,-0.458,177.43,180.53,186.06,47.358,-0.184,-0.6574,0.4734,181.77,173.09,4.894,2018,4,2,2018-04,False
2018-04-16,ITC,177.55,180.55,177.21,180.24,5412918,1.419,177.39,180.39,185.91,54.028,-0.0245,-0.5308,0.5063,181.61,173.17,4.762,2018,4,2,2018-04,False
2018-04-17,ITC,180.89,182.93,179.05,182.39,13716437,1.191,177.63,180.34,185.75,58.813,0.272,-0.3703,0.6423,182.41,172.85,5.381,2018,4,2,2018-04,False
2018-04-18,ITC,183.14,190.09,182.66,187.67,24733011,2.896,178.18,180.34,185.64,67.716,0.9226,-0.1117,1.0343,184.71,171.66,7.322,2018,4,2,2018-04,False
2018-04-19,ITC,188.96,190.84,187.6,189.03,13317329,0.726,178.8,180.36,185.52,69.545,1.5306,0.2168,1.3138,186.88,170.73,9.035,2018,4,2,2018-04,False
2018-04-20,ITC,188.11,190.33,186.41,188.25,11206130,-0.415,179.39,180.32,185.36,67.188,1.9269,0.5588,1.3681,188.42,170.36,10.067,2018,4,2,2018-04,False
2018-04-23,ITC,188.11,188.93,187.43,187.77,12198602,-0.253,179.97,180.35,185.13,65.727,2.1774,0.8825,1.2949,189.59,170.35,10.69,2018,4,2,2018-04,False
2018-04-24,ITC,188.11,190.05,187.19,188.11,8774762,0.182,180.65,180.36,184.93,66.291,2.3761,1.1812,1.1948,190.56,170.75,10.97,2018,4,2,2018-04,False
2018-04-25,ITC,187.77,188.32,185.86,186.82,5118640,-0.688,181.2,180.36,184.73,62.11,2.4013,1.4252,0.9761,191.21,171.19,11.048,2018,4,2,2018-04,False
2018-04-26,ITC,187.12,190.23,186.07,189.65,21064135,1.514,181.86,180.45,184.53,67.005,2.6193,1.6641,0.9553,192.28,171.44,11.463,2018,4,2,2018-04,False
2018-04-27,ITC,190.57,191.49,189.75,190.43,10107682,0.413,182.67,180.58,184.34,68.229,2.8229,1.8958,0.927,193.1,172.24,11.419,2018,4,2,2018-04,False
2018-04-30,ITC,190.57,193.46,190.57,191.83,6146923,0.734,183.46,180.79,184.17,70.343,3.0616,2.129,0.9326,194.16,172.77,11.662,2018,4,2,2018-04,False
2018-05-02,ITC,192.27,196.77,191.01,195.78,16690653,2.061,184.44,181.05,184.02,75.341,3.5291,2.409,1.1201,195.9,172.99,12.42,2018,5,2,2018-05,False
2018-05-03,ITC,195.95,197.45,192.92,194.25,9727173,-0.783,185.34,181.3,183.87,70.385,3.7328,2.6738,1.0591,196.91,173.77,12.486,2018,5,2,2018-05,False
2018-05-04,ITC,195.61,195.61,188.01,188.9,11324148,-2.754,185.94,181.48,183.66,56.438,3.4231,2.8236,0.5995,196.91,174.97,11.796,2018,5,2,2018-05,False
2018-05-07,ITC,189.68,193.16,188.73,192.37,6725168,1.84,186.67,181.74,183.47,61.742,3.4187,2.9426,0.4761,197.29,176.05,11.377,2018,5,2,2018-05,False
2018-05-08,ITC,192.99,194.89,192.2,192.68,6842664,0.159,187.25,181.94,183.33,62.18,3.4008,3.0343,0.3665,197.86,176.64,11.333,2018,5,2,2018-05,False
2018-05-09,ITC,191.86,193.56,191.86,192.41,4376684,-0.141,187.78,182.14,183.32,61.506,3.3262,3.0927,0.2336,198.3,177.26,11.206,2018,5,2,2018-05,False
2018-05-10,ITC,192.85,193.53,189.0,190.94,5890656,-0.762,188.29,182.3,183.28,57.878,3.113,3.0967,0.0163,198.35,178.23,10.686,2018,5,2,2018-05,False
2018-05-11,ITC,192.13,193.56,190.67,193.33,4042002,1.249,189.03,182.53,183.26,61.826,3.1008,3.0975,0.0032,198.2,179.85,9.71,2018,5,2,2018-05,False
2018-05-14,ITC,192.88,195.81,192.2,194.11,6728839,0.405,189.85,182.78,183.25,63.051,3.1184,3.1017,0.0167,197.59,182.11,8.154,2018,5,2,2018-05,False
2018-05-15,ITC,194.14,194.93,191.32,192.1,8077078,-1.036,190.44,183.01,183.21,57.915,2.9363,3.0686,-0.1324,196.77,184.11,6.648,2018,5,2,2018-05,False
2018-05-16,ITC,190.8,196.84,190.53,194.83,18758524,1.419,191.06,183.31,183.19,62.389,2.9776,3.0504,-0.0728,196.43,185.69,5.621,2018,5,2,2018-05,False
2018-05-17,ITC,196.29,196.77,189.78,190.12,11169294,-2.414,191.18,183.56,183.14,52.1,2.6009,2.9605,-0.3596,196.34,186.03,5.389,2018,5,2,2018-05,False
2018-05-18,ITC,189.85,194.62,188.11,192.41,16016090,1.201,191.35,183.91,183.12,55.903,2.4582,2.8601,-0.4018,196.43,186.28,5.304,2018,5,2,2018-05,False
2018-05-21,ITC,192.41,193.56,189.82,192.44,8909610,0.018,191.56,184.22,183.09,55.959,2.3212,2.7523,-0.4311,196.44,186.69,5.093,2018,5,2,2018-05,False
2018-05-22,ITC,192.2,192.95,189.51,189.99,4913188,-1.275,191.67,184.49,183.07,50.927,1.9916,2.6001,-0.6085,196.28,187.07,4.809,2018,5,2,2018-05,False
2018-05-23,ITC,190.16,190.43,186.03,186.37,8195839,-1.901,191.59,184.68,183.02,44.573,1.4226,2.3646,-0.9421,196.53,186.64,5.162,2018,5,2,2018-05,False
2018-05-24,ITC,186.75,188.66,185.22,187.33,6524303,0.512,191.61,184.75,182.98,46.472,1.0366,2.099,-1.0624,196.46,186.77,5.057,2018,5,2,2018-05,False
2018-05-25,ITC,189.34,191.15,186.81,189.27,9600297,1.038,191.59,184.86,182.97,50.219,0.8776,1.8547,-0.9771,196.47,186.71,5.094,2018,5,2,2018-05,False
2018-05-28,ITC,190.46,192.89,189.34,191.36,7266559,1.102,191.64,185.03,182.97,53.94,0.9093,1.6657,-0.7563,196.49,186.79,5.062,2018,5,2,2018-05,False
2018-05-29,ITC,191.01,193.06,189.38,190.49,9171106,-0.454,191.57,185.22,182.97,52.19,0.8546,1.5034,-0.6489,196.45,186.7,5.091,2018,5,2,2018-05,False
2018-05-30,ITC,189.41,190.25,188.13,189.0,8313920,-0.785,191.23,185.45,182.98,49.23,0.6827,1.3393,-0.6566,195.81,186.66,4.789,2018,5,2,2018-05,False
2018-05-31,ITC,189.2,189.55,187.4,188.82,13721531,-0.092,190.96,185.7,182.99,48.883,0.5264,1.1767,-0.6503,195.43,186.49,4.68,2018,5,2,2018-05,False
2018-06-01,ITC,188.47,188.86,187.05,187.64,6862252,-0.626,190.9,185.92,183.0,46.482,0.3036,1.0021,-0.6985,195.52,186.28,4.844,2018,6,2,2018-06,False
2018-06-04,ITC,187.85,189.03,185.94,186.91,8291604,-0.389,190.63,186.12,183.01,45.012,0.0675,0.8152,-0.7477,195.52,185.73,5.136,2018,6,2,2018-06,False
2018-06-05,ITC,186.98,187.57,185.49,185.94,6011246,-0.521,190.29,186.32,183.01,43.057,-0.196,0.6129,-0.8089,195.51,185.07,5.484,2018,6,2,2018-06,False
2018-06-06,ITC,186.28,188.47,186.15,187.95,7577818,1.084,190.07,186.59,183.0,48.088,-0.2393,0.4425,-0.6818,195.28,184.85,5.49,2018,6,2,2018-06,False
2018-06-07,ITC,188.02,189.27,187.74,188.4,7059595,0.24,189.94,186.84,182.99,49.171,-0.2346,0.3071,-0.5416,195.19,184.69,5.53,2018,6,2,2018-06,False
2018-06-08,ITC,188.44,188.72,185.59,186.22,7030323,-1.162,189.58,187.04,182.96,44.34,-0.4028,0.1651,-0.5679,194.83,184.34,5.537,2018,6,2,2018-06,False
2018-06-11,ITC,186.63,189.0,186.39,187.15,8903144,0.504,189.24,187.3,182.94,46.755,-0.4551,0.041,-0.4962,194.13,184.34,5.175,2018,6,2,2018-06,False
2018-06-12,ITC,187.19,190.87,187.15,187.85,8774931,0.371,189.02,187.53,182.91,48.536,-0.4355,-0.0543,-0.3813,193.76,184.28,5.015,2018,6,2,2018-06,False
2018-06-13,ITC,188.72,188.93,185.73,186.18,8118945,-0.888,188.59,187.73,182.88,44.673,-0.5483,-0.1531,-0.3952,192.63,184.56,4.281,2018,6,2,2018-06,False
2018-06-14,ITC,185.24,186.91,184.89,185.76,9522749,-0.224,188.37,187.92,182.85,43.736,-0.6636,-0.2552,-0.4085,192.53,184.22,4.414,2018,6,2,2018-06,False
2018-06-15,ITC,185.94,186.11,183.23,183.85,11231098,-1.029,187.95,188.06,182.81,39.633,-0.8989,-0.3839,-0.515,192.12,183.78,4.439,2018,6,2,2018-06,False
2018-06-18,ITC,183.82,184.55,183.16,183.89,6522996,0.019,187.52,188.18,182.77,39.744,-1.0703,-0.5212,-0.5491,191.5,183.54,4.246,2018,6,2,2018-06,False
2018-06-19,ITC,184.13,185.69,182.57,184.93,7618626,0.567,187.27,188.26,182.73,43.114,-1.1091,-0.6388,-0.4704,191.23,183.3,4.233,2018,6,2,2018-06,False
2018-06-20,ITC,185.21,185.59,182.84,183.33,9907628,-0.864,187.11,188.29,182.69,39.469,-1.2545,-0.7619,-0.4926,191.44,182.79,4.623,2018,6,2,2018-06,False
2018-06-21,ITC,183.78,184.06,181.0,181.31,7412366,-1.1,186.81,188.3,182.63,35.404,-1.5149,-0.9125,-0.6024,191.85,181.77,5.395,2018,6,2,2018-06,False
2018-06-22,ITC,181.11,185.45,180.72,184.3,17468481,1.648,186.56,188.42,182.59,44.526,-1.4632,-1.0227,-0.4405,191.58,181.55,5.38,2018,6,2,2018-06,False
2018-06-25,ITC,184.3,184.48,180.55,182.53,14142177,-0.962,186.12,188.51,182.53,40.843,-1.5474,-1.1276,-0.4198,190.91,181.33,5.148,2018,6,2,2018-06,False
2018-06-26,ITC,182.43,185.0,182.22,184.06,10475574,0.838,185.8,188.59,182.52,45.065,-1.4738,-1.1968,-0.2769,190.21,181.4,4.741,2018,6,2,2018-06,False
2018-06-27,ITC,184.13,184.2,181.77,182.64,10423520,-0.774,185.48,188.59,182.51,42.053,-1.5129,-1.2601,-0.2529,189.83,181.13,4.692,2018,6,2,2018-06,False
2018-06-28,ITC,182.11,183.5,180.03,181.07,15200725,-0.856,185.1,188.46,182.48,38.974,-1.6512,-1.3383,-0.3129,189.57,180.62,4.839,2018,6,2,2018-06,False
2018-06-29,ITC,181.98,185.97,180.93,185.03,11327082,2.188,184.97,188.38,182.48,49.134,-1.4246,-1.3555,-0.069,189.28,180.65,4.666,2018,6,2,2018-06,False
2018-07-02,ITC,185.59,185.66,180.76,182.84,18794988,-1.183,184.76,188.27,182.45,44.705,-1.4055,-1.3655,-0.04,189.07,180.45,4.668,2018,7,3,2018-07,False
2018-07-03,ITC,183.16,185.42,181.52,184.51,10784961,0.912,184.69,188.21,182.44,48.513,-1.2414,-1.3407,0.0993,188.97,180.41,4.632,2018,7,3,2018-07,False
2018-07-04,ITC,185.1,185.1,182.25,183.78,8184810,-0.396,184.48,188.12,182.43,46.989,-1.157,-1.304,0.147,188.49,180.48,4.343,2018,7,3,2018-07,False
2018-07-05,ITC,183.92,190.32,183.16,189.41,16069118,3.064,184.53,188.17,182.46,57.965,-0.6285,-1.1689,0.5404,188.77,180.3,4.588,2018,7,3,2018-07,False
2018-07-06,ITC,189.59,190.98,187.78,189.52,13434995,0.055,184.7,188.17,182.5,58.138,-0.1989,-0.9749,0.7759,189.43,179.96,5.129,2018,7,3,2018-07,False
2018-07-09,ITC,191.15,191.85,189.2,190.73,10158808,0.642,184.88,188.18,182.54,60.195,0.2369,-0.7325,0.9694,190.23,179.52,5.795,2018,7,3,2018-07,False
2018-07-10,ITC,191.5,192.89,189.83,192.58,11928591,0.966,185.11,188.19,182.58,63.147,0.7226,-0.4415,1.1641,191.37,178.86,6.754,2018,7,3,2018-07,False
2018-07-11,ITC,192.44,194.83,190.28,191.67,11800272,-0.469,185.39,188.11,182.62,60.766,1.0228,-0.1486,1.1715,192.29,178.49,7.441,2018,7,3,2018-07,False
2018-07-12,ITC,191.67,193.34,189.97,192.68,10284221,0.526,185.73,188.08,182.67,62.466,1.3268,0.1465,1.1803,193.37,178.1,8.218,2018,7,3,2018-07,False
2018-07-13,ITC,193.24,193.44,187.12,187.95,19306087,-2.453,185.94,188.06,182.71,51.25,1.1728,0.3517,0.8211,193.58,178.3,8.217,2018,7,3,2018-07,False
2018-07-16,ITC,187.88,189.97,187.47,188.79,10676970,0.444,186.18,187.99,182.76,52.859,1.1053,0.5024,0.6028,193.86,178.51,8.246,2018,7,3,2018-07,False
2018-07-17,ITC,188.4,189.76,187.19,187.57,10419746,-0.644,186.32,187.89,182.82,50.254,0.9428,0.5905,0.3523,193.99,178.64,8.24,2018,7,3,2018-07,False
2018-07-18,ITC,188.44,188.58,186.01,186.67,7321779,-0.482,186.48,187.77,182.86,48.349,0.7326,0.6189,0.1137,194.03,178.94,8.094,2018,7,3,2018-07,False
2018-07-19,ITC,186.91,190.87,185.07,189.97,9301711,1.769,186.92,187.75,182.93,55.055,0.823,0.6597,0.1632,194.2,179.63,7.797,2018,7,3,2018-07,False
2018-07-20,ITC,189.93,191.01,188.13,190.46,6825663,0.256,187.22,187.69,182.99,55.963,0.9232,0.7124,0.2108,194.57,179.88,7.843,2018,7,3,2018-07,False
2018-07-23,ITC,194.28,199.25,192.64,197.51,27059765,3.704,187.97,187.76,183.07,66.519,1.5541,0.8808,0.6733,196.29,179.65,8.85,2018,7,3,2018-07,False
2018-07-24,ITC,197.75,199.49,197.09,198.55,12577993,0.528,188.7,187.89,183.16,67.749,2.1138,1.1274,0.9864,198.04,179.35,9.905,2018,7,3,2018-07,False
2018-07-25,ITC,197.58,199.46,196.85,198.9,13814116,0.175,189.51,187.97,183.25,68.169,2.5559,1.4131,1.1428,199.45,179.57,10.486,2018,7,3,2018-07,False
2018-07-26,ITC,199.49,202.38,197.55,199.63,21495638,0.367,190.44,188.16,183.33,69.079,2.9314,1.7167,1.2147,200.52,180.35,10.59,2018,7,3,2018-07,False
2018-07-27,ITC,208.53,213.5,205.05,210.3,78783846,5.345,191.7,188.52,183.48,78.68,4.0433,2.1821,1.8613,204.81,178.59,13.677,2018,7,3,2018-07,False
2018-07-30,ITC,209.92,211.03,208.53,209.26,17738557,-0.496,193.02,188.86,183.62,76.19,4.7853,2.7027,2.0826,207.61,178.43,15.118,2018,7,3,2018-07,False
2018-07-31,ITC,209.05,209.47,205.43,206.93,15124149,-1.113,194.14,189.2,183.74,70.802,5.1263,3.1874,1.9388,209.41,178.88,15.727,2018,7,3,2018-07,False
2018-08-01,ITC,207.17,210.58,205.82,209.64,15187911,1.31,195.44,189.66,183.88,73.18,5.5513,3.6602,1.8911,211.37,179.5,16.309,2018,8,3,2018-08,False
2018-08-02,ITC,208.88,210.96,206.65,207.97,10226827,-0.796,196.36,190.07,184.01,69.433,5.6879,4.0657,1.6222,212.97,179.76,16.915,2018,8,3,2018-08,False
2018-08-03,ITC,208.53,212.28,207.24,211.27,12950643,1.588,197.45,190.51,184.16,72.441,5.9935,4.4513,1.5422,214.99,179.91,17.77,2018,8,3,2018-08,False
2018-08-06,ITC,212.0,213.32,208.53,209.78,7979881,-0.707,198.4,190.88,184.29,69.125,6.0454,4.7701,1.2753,216.47,180.34,18.213,2018,8,3,2018-08,False
2018-08-07,ITC,210.58,211.45,208.35,209.29,7465742,-0.232,199.24,191.26,184.41,68.033,5.9784,5.0118,0.9666,217.71,180.77,18.545,2018,8,3,2018-08,False
2018-08-08,ITC,208.7,210.2,208.53,209.19,6690368,-0.05,200.12,191.66,184.55,67.786,5.8494,5.1793,0.6701,218.74,181.49,18.613,2018,8,3,2018-08,False
2018-08-09,ITC,209.74,211.73,208.56,210.27,9576528,0.515,200.99,192.09,184.69,69.037,5.7677,5.297,0.4707,219.8,182.19,18.712,2018,8,3,2018-08,False
2018-08-10,ITC,209.92,213.32,209.33,211.86,15347074,0.76,202.19,192.58,184.83,70.847,5.7654,5.3907,0.3748,220.54,183.84,18.151,2018,8,3,2018-08,False
2018-08-13,ITC,211.31,213.95,210.72,212.66,10341087,0.377,203.38,193.09,184.98,71.737,5.7617,5.4649,0.2969,221.16,185.61,17.48,2018,8,3,2018-08,False
2018-08-14,ITC,213.39,215.62,213.29,214.02,12790249,0.637,204.71,193.65,185.13,73.228,5.8013,5.5322,0.2691,221.43,187.98,16.342,2018,8,3,2018-08,False
2018-08-16,ITC,214.02,214.44,212.07,213.71,19393491,-0.146,206.06,194.17,185.3,72.28,5.7412,5.574,0.1673,220.91,191.21,14.416,2018,8,3,2018-08,False
2018-08-17,ITC,213.95,219.16,213.95,218.09,26392504,2.049,207.46,194.76,185.48,76.807,5.9781,5.6548,0.3233,221.18,193.74,13.227,2018,8,3,2018-08,False
2018-08-20,ITC,218.4,218.95,216.38,217.77,19958265,-0.143,208.83,195.39,185.65,75.854,6.0706,5.7379,0.3326,220.74,196.92,11.407,2018,8,3,2018-08,False
2018-08-21,ITC,218.61,220.34,216.87,217.49,14143291,-0.128,209.83,196.0,185.83,74.964,6.0517,5.8007,0.251,221.08,198.58,10.72,2018,8,3,2018-08,False
2018-08-23,ITC,218.26,219.93,213.64,216.87,11745180,-0.288,210.75,196.58,186.01,72.891,5.918,5.8241,0.0938,221.07,200.42,9.799,2018,8,3,2018-08,False
2018-08-24,ITC,216.17,216.87,213.39,215.76,5655583,-0.513,211.59,197.17,186.19,69.226,5.6571,5.7907,-0.1336,220.5,202.68,8.421,2018,8,3,2018-08,False
2018-08-27,ITC,216.31,218.85,215.83,217.84,5482067,0.967,212.5,197.81,186.38,72.062,5.5546,5.7435,-0.1889,219.85,205.15,6.918,2018,8,3,2018-08,False
2018-08-28,ITC,218.26,219.51,216.17,216.63,6864300,-0.558,212.81,198.47,186.55,68.118,5.3139,5.6576,-0.3437,220.31,205.32,7.043,2018,8,3,2018-08,False
2018-08-29,ITC,216.66,219.27,215.48,217.42,10748094,0.369,213.22,199.14,186.76,69.307,5.1286,5.5518,-0.4232,220.79,205.66,7.099,2018,8,3,2018-08,False
2018-08-30,ITC,217.91,222.85,217.91,222.33,25934792,2.254,213.99,199.89,186.98,75.37,5.3158,5.5046,-0.1888,221.99,206.0,7.47,2018,8,3,2018-08,False
2018-08-31,ITC,223.82,224.24,220.48,222.33,18781195,0.0,214.63,200.67,187.21,75.37,5.4019,5.4841,-0.0821,223.16,206.09,7.952,2018,8,3,2018-08,False
2018-09-03,ITC,224.48,224.48,216.21,217.7,9463966,-2.079,215.11,201.39,187.42,61.976,5.0391,5.3951,-0.3559,223.14,207.08,7.466,2018,9,3,2018-09,False
2018-09-04,ITC,216.87,217.01,213.39,215.2,11615187,-1.149,215.31,202.01,187.63,56.158,4.4978,5.2156,-0.7178,223.13,207.49,7.268,2018,9,3,2018-09,False
2018-09-05,ITC,215.76,218.57,214.96,215.65,10529696,0.21,215.6,202.68,187.84,56.944,4.0585,4.9842,-0.9257,222.98,208.23,6.844,2018,9,3,2018-09,False
2018-09-06,ITC,216.45,216.7,214.12,216.03,7902786,0.177,215.94,203.31,188.04,57.636,3.6986,4.7271,-1.0285,222.69,209.19,6.255,2018,9,3,2018-09,False
2018-09-07,ITC,216.59,217.7,214.16,215.79,7465327,-0.113,216.27,203.98,188.24,57.008,3.355,4.4527,-1.0976,222.23,210.31,5.515,2018,9,3,2018-09,False
2018-09-10,ITC,215.62,216.0,212.39,213.08,10006954,-1.256,216.41,204.62,188.43,50.417,2.8314,4.1284,-1.297,221.89,210.93,5.064,2018,9,3,2018-09,False
2018-09-11,ITC,213.15,213.22,205.43,206.58,27008217,-3.05,216.15,205.05,188.59,38.826,1.8704,3.6768,-1.8064,222.91,209.39,6.257,2018,9,3,2018-09,False
2018-09-12,ITC,206.96,213.81,205.33,213.25,20171661,3.23,216.18,205.66,188.77,51.225,1.6285,3.2671,-1.6387,222.88,209.47,6.201,2018,9,3,2018-09,False
2018-09-14,ITC,213.39,214.54,212.04,213.5,13317349,0.114,216.15,206.24,188.95,51.61,1.4398,2.9017,-1.4619,222.89,209.41,6.238,2018,9,3,2018-09,False
2018-09-17,ITC,212.0,212.77,209.57,209.92,6049990,-1.677,215.96,206.76,189.12,45.871,0.99,2.5193,-1.5293,223.19,208.74,6.693,2018,9,3,2018-09,False
2018-09-18,ITC,210.06,211.93,208.04,210.79,8515415,0.414,215.6,207.19,189.3,47.4,0.6956,2.1546,-1.459,223.1,208.09,6.964,2018,9,3,2018-09,False
2018-09-19,ITC,211.66,212.46,207.14,208.28,6387203,-1.187,215.12,207.56,189.46,43.582,0.2574,1.7752,-1.5177,223.23,207.02,7.534,2018,9,3,2018-09,False
2018-09-21,ITC,208.81,213.12,208.81,211.27,16966413,1.435,214.81,207.97,189.64,48.879,0.1496,1.45,-1.3004,223.01,206.61,7.632,2018,9,3,2018-09,False
2018-09-24,ITC,212.0,212.94,203.31,207.1,15009283,-1.974,214.32,208.26,189.81,42.836,-0.2692,1.1062,-1.3754,223.14,205.5,8.231,2018,9,3,2018-09,False
2018-09-25,ITC,206.37,210.16,203.21,209.33,13785151,1.074,214.0,208.62,189.98,46.626,-0.4169,0.8016,-1.2185,223.07,204.94,8.473,2018,9,3,2018-09,False
2018-09-26,ITC,210.61,210.61,201.4,203.77,20657879,-2.656,213.3,208.84,190.14,39.564,-0.9714,0.447,-1.4184,223.25,203.35,9.332,2018,9,3,2018-09,False
2018-09-27,ITC,204.01,205.12,201.23,203.87,12550275,0.051,212.66,209.16,190.3,39.748,-1.3865,0.0803,-1.4668,223.32,202.0,10.029,2018,9,3,2018-09,False
2018-09-28,ITC,205.05,208.53,202.83,206.96,25554548,1.517,212.14,209.52,190.47,45.096,-1.4492,-0.2256,-1.2236,222.84,201.43,10.094,2018,9,3,2018-09,False
2018-10-01,ITC,209.12,210.58,203.94,206.51,9373133,-0.218,211.35,209.9,190.61,44.475,-1.5178,-0.4841,-1.0337,221.19,201.51,9.311,2018,10,4,2018-10,False
2018-10-03,ITC,206.44,208.53,204.81,205.19,7861709,-0.64,210.49,210.27,190.73,42.627,-1.6596,-0.7192,-0.9404,219.23,201.75,8.3,2018,10,4,2018-10,False
2018-10-04,ITC,204.25,205.54,198.21,199.56,8417940,-2.744,209.58,210.46,190.84,35.799,-2.2009,-1.0155,-1.1854,218.91,200.25,8.903,2018,10,4,2018-10,False
2018-10-05,ITC,198.45,198.8,191.22,192.19,18301682,-3.692,208.43,210.5,190.91,29.205,-3.1877,-1.45,-1.7378,220.2,196.66,11.292,2018,10,4,2018-10,False
2018-10-08,ITC,193.93,194.21,187.08,189.9,17063274,-1.193,207.14,210.34,190.96,27.506,-4.1075,-1.9815,-2.126,221.03,193.26,13.407,2018,10,4,2018-10,False
2018-10-09,ITC,191.5,191.5,186.11,186.63,10946626,-1.72,205.67,210.11,190.99,25.254,-5.042,-2.5936,-2.4484,221.66,189.68,15.549,2018,10,4,2018-10,False
2018-10-10,ITC,187.61,188.47,185.73,187.74,11921765,0.596,204.27,209.88,191.04,27.433,-5.6279,-3.2004,-2.4274,221.4,187.14,16.774,2018,10,4,2018-10,False
2018-10-11,ITC,184.2,187.19,183.26,184.34,11018554,-1.814,202.83,209.58,191.06,25.026,-6.2945,-3.8192,-2.4753,221.6,184.07,18.503,2018,10,4,2018-10,False
2018-10-12,ITC,185.94,192.99,185.8,191.29,13942941,3.771,202.07,209.2,191.12,37.143,-6.1906,-4.2935,-1.8971,221.43,182.71,19.161,2018,10,4,2018-10,False
2018-10-15,ITC,193.9,197.13,191.85,196.36,18623988,2.653,201.23,208.94,191.2,44.229,-5.6338,-4.5616,-1.0722,220.0,182.46,18.656,2018,10,4,2018-10,False
2018-10-16,ITC,196.71,197.23,192.09,196.47,12325066,0.053,200.37,208.73,191.29,44.368,-5.1251,-4.6743,-0.4508,218.33,182.42,17.92,2018,10,4,2018-10,False
2018-10-17,ITC,197.34,202.72,195.7,199.11,15896854,1.344,199.83,208.52,191.38,47.904,-4.4574,-4.6309,0.1735,217.22,182.45,17.4,2018,10,4,2018-10,False
2018-10-19,ITC,198.1,202.65,197.93,201.19,8341467,1.047,199.35,208.38,191.5,50.576,-3.7171,-4.4481,0.731,215.98,182.73,16.68,2018,10,4,2018-10,False
2018-10-22,ITC,202.97,203.73,199.7,200.53,12965700,-0.328,198.97,208.17,191.61,49.706,-3.1475,-4.188,1.0405,215.07,182.86,16.186,2018,10,4,2018-10,False
2018-10-23,ITC,198.8,202.41,197.09,198.8,11261603,-0.867,198.34,207.95,191.7,47.398,-2.8039,-3.9112,1.1073,213.37,183.32,15.151,2018,10,4,2018-10,False
2018-10-24,ITC,200.67,201.33,199.04,200.01,9024700,0.612,197.99,207.76,191.81,49.177,-2.4058,-3.6101,1.2043,212.47,183.51,14.627,2018,10,4,2018-10,False
2018-10-25,ITC,198.8,201.23,197.75,199.87,9953333,-0.069,197.52,207.58,191.92,48.973,-2.0775,-3.3036,1.2261,211.02,184.01,13.676,2018,10,4,2018-10,False
2018-10-26,ITC,201.37,201.44,191.85,195.25,22302628,-2.313,197.09,207.28,192.01,42.643,-2.1653,-3.0759,0.9106,210.3,183.88,13.405,2018,10,4,2018-10,False
2018-10-29,ITC,195.95,198.28,193.9,197.06,11779416,0.926,196.75,206.98,192.1,45.603,-2.0653,-2.8738,0.8085,209.57,183.93,13.031,2018,10,4,2018-10,False
2018-10-30,ITC,196.88,197.3,193.24,193.9,7110853,-1.605,196.1,206.61,192.17,41.56,-2.2157,-2.7422,0.5265,208.02,184.17,12.166,2018,10,4,2018-10,False
2018-10-31,ITC,194.31,195.32,189.66,194.7,14021856,0.412,195.51,206.22,192.24,42.937,-2.2446,-2.6427,0.3981,206.39,184.62,11.131,2018,10,4,2018-10,False
2018-11-01,ITC,194.63,195.88,191.01,192.82,9816770,-0.964,194.89,205.8,192.28,40.523,-2.3913,-2.5924,0.2011,204.81,184.96,10.188,2018,11,4,2018-11,False
2018-11-02,ITC,193.44,198.76,193.44,196.89,12093152,2.109,194.75,205.38,192.35,47.421,-2.1546,-2.5048,0.3502,204.48,185.02,9.994,2018,11,4,2018-11,False
2018-11-05,ITC,198.28,198.28,193.51,194.35,7665505,-1.289,194.86,204.91,192.4,43.993,-2.147,-2.4333,0.2863,204.52,185.2,9.915,2018,11,4,2018-11,False
2018-11-06,ITC,195.39,195.91,191.92,192.75,10142476,-0.823,195.0,204.41,192.45,41.935,-2.2441,-2.3954,0.1513,204.44,185.57,9.675,2018,11,4,2018-11,False
2018-11-07,ITC,195.32,195.32,193.79,194.66,994001,0.992,195.4,203.97,192.52,45.233,-2.1421,-2.3448,0.2026,203.98,186.83,8.78,2018,11,4,2018-11,False
2018-11-09,ITC,193.93,194.42,191.78,192.71,15613827,-1.0,195.65,203.51,192.59,42.581,-2.1931,-2.3144,0.1213,203.56,187.75,8.081,2018,11,4,2018-11,False
2018-11-12,ITC,193.1,193.37,189.93,190.35,7318920,-1.226,195.95,202.96,192.63,39.549,-2.3965,-2.3309,-0.0657,202.36,189.54,6.542,2018,11,4,2018-11,False
2018-11-13,ITC,190.42,193.17,189.86,192.44,6958821,1.096,196.01,202.47,192.66,43.38,-2.3623,-2.3371,-0.0251,202.26,189.76,6.38,2018,11,4,2018-11,False
2018-11-14,ITC,193.31,193.51,190.91,192.16,7182329,-0.144,195.8,201.97,192.69,42.989,-2.3307,-2.3359,0.0052,202.28,189.32,6.62,2018,11,4,2018-11,False
2018-11-15,ITC,192.44,194.1,190.11,190.8,12621945,-0.705,195.52,201.34,192.71,41.046,-2.3875,-2.3462,-0.0413,202.36,188.67,7.0,2018,11,4,2018-11,False
2018-11-16,ITC,191.71,193.44,191.32,192.23,13122152,0.747,195.17,200.74,192.73,43.916,-2.2912,-2.3352,0.044,201.95,188.4,6.942,2018,11,4,2018-11,False
2018-11-19,ITC,192.78,198.1,192.19,197.75,17364041,2.875,195.0,200.34,192.76,53.393,-1.7487,-2.2179,0.4692,201.29,188.71,6.449,2018,11,4,2018-11,False
2018-11-20,ITC,198.1,199.25,195.88,197.3,8096904,-0.228,194.84,199.98,192.79,52.61,-1.3399,-2.0423,0.7024,200.68,189.0,5.994,2018,11,4,2018-11,False
2018-11-21,ITC,197.75,197.96,194.63,195.84,5867663,-0.74,194.69,199.58,192.83,50.057,-1.1207,-1.858,0.7373,200.25,189.13,5.713,2018,11,4,2018-11,False
2018-11-22,ITC,196.02,197.75,194.35,194.97,6937634,-0.444,194.44,199.16,192.86,48.547,-1.0056,-1.6875,0.6819,199.41,189.47,5.113,2018,11,4,2018-11,False
2018-11-26,ITC,195.49,199.04,195.11,198.55,9292657,1.836,194.37,198.82,192.93,54.621,-0.6183,-1.4737,0.8554,199.07,189.68,4.831,2018,11,4,2018-11,False
2018-11-27,ITC,198.87,199.11,196.57,198.0,7146777,-0.28,194.51,198.52,192.98,53.563,-0.3522,-1.2494,0.8972,199.47,189.56,5.096,2018,11,4,2018-11,False
2018-11-28,ITC,198.38,200.15,195.18,196.16,9197861,-0.93,194.47,198.31,193.03,50.102,-0.2867,-1.0568,0.7702,199.34,189.59,5.013,2018,11,4,2018-11,False
2018-11-29,ITC,197.16,201.09,197.02,199.87,14183469,1.896,194.76,198.04,193.07,56.249,0.0646,-0.8325,0.8972,200.19,189.34,5.574,2018,11,4,2018-11,False
2018-11-30,ITC,201.23,201.58,197.96,198.66,8972623,-0.609,194.96,197.74,193.13,53.91,0.2421,-0.6176,0.8597,200.66,189.26,5.848,2018,11,4,2018-11,False
2018-12-03,ITC,199.67,201.23,196.4,196.68,8895477,-0.997,195.16,197.48,193.18,50.244,0.2203,-0.45,0.6703,200.81,189.5,5.796,2018,12,4,2018-12,False
2018-12-04,ITC,195.32,196.92,195.29,195.91,6548740,-0.389,195.11,197.18,193.23,48.863,0.1397,-0.3321,0.4718,200.72,189.5,5.75,2018,12,4,2018-12,False
2018-12-05,ITC,195.32,195.88,190.59,191.39,11894383,-2.306,194.96,196.84,193.26,41.59,-0.2854,-0.3227,0.0374,200.8,189.12,5.996,2018,12,4,2018-12,False
2018-12-06,ITC,190.8,191.08,188.72,189.8,10055005,-0.835,194.81,196.41,193.29,39.357,-0.7427,-0.4067,-0.336,201.03,188.59,6.383,2018,12,4,2018-12,False
2018-12-07,ITC,191.12,191.98,189.97,190.49,8415885,0.366,194.6,196.08,193.33,40.844,-1.0372,-0.5328,-0.5043,201.11,188.09,6.692,2018,12,4,2018-12,False
2018-12-10,ITC,189.07,189.27,187.08,187.99,6940479,-1.314,194.37,195.65,193.36,37.299,-1.4556,-0.7174,-0.7382,201.48,187.25,7.321,2018,12,4,2018-12,False
2018-12-11,ITC,186.56,191.88,186.42,190.94,10633126,1.571,194.4,195.4,193.4,43.531,-1.5312,-0.8802,-0.6511,201.45,187.35,7.253,2018,12,4,2018-12,False
2018-12-12,ITC,191.64,193.03,189.48,191.88,10473073,0.491,194.37,195.16,193.46,45.387,-1.4982,-1.0038,-0.4944,201.46,187.28,7.292,2018,12,4,2018-12,False
2018-12-13,ITC,193.93,194.21,190.11,191.36,16430755,-0.272,194.33,194.85,193.52,44.512,-1.4968,-1.1024,-0.3944,201.48,187.18,7.356,2018,12,4,2018-12,False
2018-12-14,ITC,190.7,192.71,190.39,191.67,8925774,0.163,194.37,194.55,193.57,45.195,-1.4537,-1.1726,-0.281,201.44,187.3,7.272,2018,12,4,2018-12,False
2018-12-17,ITC,192.54,195.6,191.78,194.52,12703296,1.487,194.49,194.34,193.63,51.102,-1.176,-1.1733,-0.0027,201.48,187.49,7.193,2018,12,4,2018-12,False
2018-12-18,ITC,193.97,195.04,192.54,193.34,9172963,-0.607,194.27,194.21,193.68,48.756,-1.0393,-1.1465,0.1072,201.1,187.43,7.04,2018,12,4,2018-12,False
2018-12-19,ITC,193.93,197.41,193.58,197.02,13639278,1.905,194.25,194.31,193.76,55.601,-0.6265,-1.0425,0.416,201.07,187.44,7.014,2018,12,4,2018-12,False
2018-12-20,ITC,195.32,197.68,195.32,196.47,5155693,-0.282,194.28,194.44,193.83,54.419,-0.3403,-0.902,0.5618,201.13,187.43,7.051,2018,12,4,2018-12,False
2018-12-21,ITC,196.71,197.41,191.88,192.37,7079146,-2.087,194.15,194.55,193.89,46.56,-0.4393,-0.8095,0.3702,201.05,187.26,7.101,2018,12,4,2018-12,False
2018-12-24,ITC,193.83,195.11,191.32,191.85,8869498,-0.271,193.82,194.64,193.95,45.657,-0.5535,-0.7583,0.2048,200.46,187.18,6.851,2018,12,4,2018-12,False
2018-12-26,ITC,192.09,193.79,191.01,192.3,8821251,0.236,193.53,194.8,194.02,46.623,-0.6006,-0.7267,0.1262,199.9,187.16,6.581,2018,12,4,2018-12,False
2018-12-27,ITC,193.93,195.77,192.75,195.15,11881735,1.482,193.48,194.87,194.13,52.373,-0.4033,-0.6621,0.2588,199.78,187.19,6.508,2018,12,4,2018-12,False
2018-12-28,ITC,194.04,197.41,194.04,196.19,13702437,0.534,193.3,194.87,194.22,54.313,-0.1609,-0.5618,0.4009,198.99,187.6,5.893,2018,12,4,2018-12,False
2018-12-31,ITC,196.57,197.3,195.39,195.77,5662393,-0.213,193.15,194.86,194.32,53.376,-0.0025,-0.45,0.4475,198.41,187.9,5.44,2018,12,4,2018-12,False
2019-01-01,ITC,196.16,197.09,194.49,196.5,2586466,0.373,193.15,194.8,194.42,54.843,0.1799,-0.324,0.5039,198.37,187.92,5.415,2019,1,1,2019-01,False
2019-01-02,ITC,196.19,196.88,192.92,195.04,10316782,-0.743,193.1,194.68,194.47,51.363,0.2043,-0.2184,0.4226,198.25,187.96,5.33,2019,1,1,2019-01,False
2019-01-03,ITC,195.04,196.33,193.06,193.83,6350450,-0.624,193.22,194.55,194.52,48.595,0.124,-0.1499,0.2739,198.31,188.13,5.27,2019,1,1,2019-01,False
2019-01-04,ITC,194.04,196.68,194.04,195.29,8105747,0.753,193.5,194.48,194.59,51.942,0.1762,-0.0847,0.2608,198.4,188.6,5.066,2019,1,1,2019-01,False
2019-01-07,ITC,197.61,198.28,195.32,195.77,10133320,0.249,193.76,194.39,194.66,53.039,0.2538,-0.017,0.2708,198.55,188.98,4.941,2019,1,1,2019-01,False
2019-01-08,ITC,196.02,198.45,195.56,197.58,7768619,0.923,194.24,194.35,194.76,56.97,0.456,0.0776,0.3783,198.48,190.0,4.368,2019,1,1,2019-01,False
2019-01-09,ITC,198.52,202.76,197.82,201.85,12651287,2.164,194.79,194.48,194.89,64.532,0.9501,0.2521,0.698,199.95,189.63,5.3,2019,1,1,2019-01,False
2019-01-10,ITC,202.1,204.15,200.81,201.3,10684824,-0.275,195.26,194.56,195.01,62.982,1.2821,0.4581,0.824,200.99,189.53,5.872,2019,1,1,2019-01,False
2019-01-11,ITC,202.9,205.75,202.62,205.3,17419014,1.985,195.96,194.79,195.15,68.787,1.8464,0.7358,1.1107,202.94,188.97,7.132,2019,1,1,2019-01,False
2019-01-14,ITC,204.7,204.91,201.58,204.57,6646635,-0.356,196.6,194.99,195.3,66.729,2.2093,1.0305,1.1788,204.27,188.93,7.802,2019,1,1,2019-01,False
2019-01-15,ITC,205.23,206.72,204.36,206.13,7490965,0.765,197.18,195.25,195.45,68.878,2.5932,1.343,1.2502,205.88,188.48,8.82,2019,1,1,2019-01,False
2019-01-16,ITC,205.75,206.13,202.76,204.39,8083821,-0.843,197.73,195.4,195.6,63.937,2.7258,1.6196,1.1062,206.8,188.67,9.169,2019,1,1,2019-01,False
2019-01-17,ITC,204.43,205.47,201.68,204.32,11009380,-0.034,198.1,195.6,195.73,63.74,2.7931,1.8543,0.9388,207.62,188.58,9.612,2019,1,1,2019-01,False
2019-01-18,ITC,203.84,205.12,202.03,202.58,11418250,-0.85,198.4,195.8,195.88,58.858,2.6753,2.0185,0.6568,208.1,188.71,9.77,2019,1,1,2019-01,False
2019-01-21,ITC,203.56,203.8,200.67,201.51,8519267,-0.532,198.86,195.94,196.0,55.995,2.4666,2.1081,0.3585,208.21,189.51,9.403,2019,1,1,2019-01,False
2019-01-22,ITC,201.47,202.27,198.21,201.4,10727385,-0.052,199.34,196.11,196.13,55.713,2.2667,2.1398,0.1269,208.14,190.54,8.829,2019,1,1,2019-01,False
2019-01-23,ITC,202.62,204.64,191.15,192.75,41735950,-4.297,199.36,196.16,196.21,38.399,1.3939,1.9906,-0.5968,208.09,190.64,8.754,2019,1,1,2019-01,False
2019-01-24,ITC,194.14,196.95,193.13,193.86,29105831,0.577,199.3,196.19,196.3,40.939,0.7829,1.7491,-0.9662,208.17,190.42,8.906,2019,1,1,2019-01,False
2019-01-25,ITC,194.63,196.5,193.58,194.07,9240591,0.108,199.19,196.23,196.38,41.427,0.3119,1.4617,-1.1497,208.27,190.11,9.116,2019,1,1,2019-01,False
2019-01-28,ITC,193.86,194.24,190.59,190.98,9338450,-1.594,198.95,196.23,196.43,36.599,-0.3074,1.1079,-1.4152,208.64,189.26,9.743,2019,1,1,2019-01,False
2019-01-29,ITC,191.36,193.93,190.98,193.55,7267917,1.347,198.8,196.26,196.49,42.59,-0.5839,0.7695,-1.3534,208.74,188.87,9.996,2019,1,1,2019-01,False
2019-01-30,ITC,194.7,194.76,190.59,191.5,10852162,-1.059,198.63,196.13,196.54,39.394,-0.9575,0.4241,-1.3816,208.96,188.29,10.408,2019,1,1,2019-01,False
2019-01-31,ITC,192.19,194.35,190.18,193.69,15937442,1.143,198.62,196.06,196.62,44.208,-1.0646,0.1263,-1.191,208.97,188.27,10.423,2019,1,1,2019-01,False
2019-02-01,ITC,195.08,198.24,194.0,195.22,19060690,0.789,198.62,196.05,196.7,47.354,-1.0144,-0.1018,-0.9126,208.97,188.26,10.428,2019,2,1,2019-02,False
2019-02-04,ITC,195.95,195.95,191.88,192.61,6289877,-1.335,198.46,196.0,196.77,42.913,-1.1715,-0.3158,-0.8557,209.09,187.83,10.714,2019,2,1,2019-02,False
2019-02-05,ITC,192.78,193.1,189.41,190.56,10205529,-1.065,198.11,195.84,196.81,39.754,-1.4448,-0.5416,-0.9032,209.31,186.91,11.308,2019,2,1,2019-02,False
2019-02-06,ITC,191.15,193.51,190.84,193.03,8409442,1.295,197.67,195.74,196.83,45.0,-1.4456,-0.7224,-0.7232,208.94,186.39,11.408,2019,2,1,2019-02,False
2019-02-07,ITC,193.17,195.32,192.54,194.83,6177040,0.936,197.34,195.71,196.86,48.535,-1.2855,-0.835,-0.4505,208.55,186.14,11.358,2019,2,1,2019-02,False
2019-02-08,ITC,194.28,195.46,190.87,191.5,4575570,-1.712,196.65,195.54,196.88,43.036,-1.4117,-0.9503,-0.4613,207.49,185.81,11.022,2019,2,1,2019-02,False
2019-02-11,ITC,191.71,193.37,186.6,192.61,10335615,0.581,196.05,195.42,196.9,45.262,-1.4057,-1.0414,-0.3643,206.36,185.75,10.513,2019,2,1,2019-02,False
2019-02-12,ITC,192.58,194.97,190.87,191.36,7624089,-0.65,195.32,195.32,196.92,43.216,-1.4848,-1.1301,-0.3547,204.65,185.98,9.561,2019,2,1,2019-02,False
2019-02-14,ITC,192.54,194.76,192.54,193.17,10378675,0.944,194.75,195.26,196.95,46.947,-1.3857,-1.1812,-0.2045,203.09,186.42,8.561,2019,2,1,2019-02,False
2019-02-15,ITC,193.93,195.29,191.43,194.7,38998388,0.792,194.27,195.33,196.98,49.944,-1.1702,-1.179,0.0088,201.29,187.26,7.224,2019,2,1,2019-02,False
2019-02-18,ITC,193.79,196.33,190.39,190.94,42232590,-1.928,193.69,195.35,196.98,43.455,-1.2875,-1.2007,-0.0868,199.66,187.72,6.162,2019,2,1,2019-02,False
2019-02-19,ITC,190.46,194.07,190.46,191.78,35777932,0.437,193.2,195.38,196.98,45.16,-1.2982,-1.2202,-0.078,197.95,188.46,4.913,2019,2,1,2019-02,False
2019-02-20,ITC,192.71,192.89,190.63,191.74,6208106,-0.018,192.72,195.45,196.96,45.099,-1.2946,-1.2351,-0.0595,195.52,189.92,2.905,2019,2,1,2019-02,False
2019-02-21,ITC,191.78,192.37,190.59,191.19,7264425,-0.29,192.64,195.46,196.94,44.073,-1.3213,-1.2523,-0.069,195.53,189.76,2.993,2019,2,1,2019-02,False
2019-02-22,ITC,191.57,191.81,189.83,190.66,9100951,-0.273,192.48,195.43,196.95,43.083,-1.3688,-1.2756,-0.0932,195.44,189.53,3.067,2019,2,1,2019-02,False
2019-02-25,ITC,190.8,192.64,189.76,192.33,31204722,0.875,192.4,195.45,196.95,47.172,-1.2573,-1.272,0.0146,195.25,189.54,2.969,2019,2,1,2019-02,False
2019-02-26,ITC,191.12,192.54,190.49,191.5,12233273,-0.434,192.42,195.45,196.95,45.415,-1.2222,-1.262,0.0398,195.23,189.61,2.921,2019,2,1,2019-02,False
2019-02-27,ITC,191.85,193.86,190.39,191.22,13634026,-0.145,192.31,195.38,196.94,44.816,-1.203,-1.2502,0.0473,195.11,189.5,2.919,2019,2,1,2019-02,False
2019-02-28,ITC,192.75,192.75,190.63,191.88,44873000,0.345,192.33,195.35,196.94,46.617,-1.1215,-1.2245,0.103,195.11,189.54,2.9,2019,2,1,2019-02,False
2019-03-01,ITC,192.16,193.93,192.02,193.37,9170950,0.779,192.31,195.28,196.94,50.551,-0.9256,-1.1647,0.2391,195.07,189.55,2.871,2019,3,1,2019-03,False
2019-03-05,ITC,194.63,197.41,191.88,196.4,14103324,1.564,192.37,195.28,196.96,57.392,-0.5204,-1.0358,0.5154,195.43,189.31,3.178,2019,3,1,2019-03,False
2019-03-06,ITC,198.1,201.02,197.93,198.62,20817638,1.133,192.67,195.4,196.99,61.6,-0.0196,-0.8326,0.813,196.81,188.52,4.303,2019,3,1,2019-03,False
2019-03-07,ITC,199.28,202.27,198.69,201.65,14837761,1.522,193.22,195.6,197.02,66.451,0.6142,-0.5432,1.1574,198.87,187.57,5.848,2019,3,1,2019-03,False
2019-03-08,ITC,201.79,203.66,200.46,202.97,13169854,0.655,193.72,195.81,197.09,68.333,1.2091,-0.1928,1.4019,200.85,186.59,7.363,2019,3,1,2019-03,False
2019-03-11,ITC,203.66,204.98,202.34,203.63,15287916,0.325,194.16,195.98,197.14,69.262,1.7141,0.1886,1.5255,202.55,185.77,8.646,2019,3,1,2019-03,False
2019-03-12,ITC,204.36,205.5,203.77,204.7,14686757,0.529,194.82,196.15,197.2,70.767,2.1762,0.5861,1.5901,204.34,185.31,9.767,2019,3,1,2019-03,False
2019-03-13,ITC,205.05,206.44,204.46,204.98,11496644,0.136,195.44,196.34,197.28,71.16,2.5356,0.976,1.5596,205.91,184.97,10.715,2019,3,1,2019-03,False
2019-03-14,ITC,205.33,205.75,201.89,205.4,10503481,0.203,196.14,196.52,197.37,71.773,2.8215,1.3451,1.4764,207.32,184.96,11.397,2019,3,1,2019-03,False
2019-03-15,ITC,205.71,206.13,201.13,202.13,22219476,-1.591,196.59,196.66,197.45,60.868,2.7528,1.6267,1.1262,207.98,185.2,11.59,2019,3,1,2019-03,False
2019-03-18,ITC,202.97,204.5,202.48,204.04,9519926,0.946,197.06,196.86,197.52,64.287,2.8201,1.8653,0.9547,208.88,185.23,12.001,2019,3,1,2019-03,False
2019-03-19,ITC,204.77,208.53,203.91,208.15,16363247,2.01,197.92,197.12,197.61,70.285,3.1678,2.1258,1.042,210.36,185.48,12.569,2019,3,1,2019-03,False
2019-03-20,ITC,208.53,209.88,206.16,207.76,16221492,-0.184,198.72,197.36,197.69,69.12,3.3736,2.3754,0.9982,211.54,185.89,12.908,2019,3,1,2019-03,False
2019-03-22,ITC,208.53,208.53,206.13,207.28,8378083,-0.234,199.49,197.55,197.78,67.584,3.4576,2.5918,0.8658,212.42,186.57,12.961,2019,3,1,2019-03,False
2019-03-25,ITC,206.44,206.44,203.8,205.09,8324586,-1.056,200.19,197.62,197.87,61.013,3.3094,2.7354,0.574,212.72,187.65,12.524,2019,3,1,2019-03,False
2019-03-26,ITC,205.05,205.99,202.31,203.94,11178168,-0.559,200.85,197.67,197.95,57.841,3.064,2.8011,0.2629,212.65,189.06,11.747,2019,3,1,2019-03,False
2019-03-27,ITC,204.36,206.23,202.69,203.73,8757278,-0.102,201.42,197.64,198.03,57.258,2.8202,2.8049,0.0153,212.57,190.28,11.068,2019,3,1,2019-03,False
2019-03-28,ITC,204.43,209.92,203.66,208.53,18436077,2.354,202.27,197.72,198.14,65.796,2.9797,2.8399,0.1398,212.81,191.73,10.422,2019,3,1,2019-03,False
2019-04-01,ITC,206.44,207.97,206.13,206.62,6442182,-0.917,203.04,197.73,198.24,60.6,2.9182,2.8555,0.0627,212.36,193.72,9.18,2019,4,2,2019-04,False
2019-04-02,ITC,206.72,208.53,204.81,207.07,10228747,0.219,203.8,197.78,198.33,61.377,2.8728,2.859,0.0138,211.65,195.95,7.702,2019,4,2,2019-04,False
2019-04-03,ITC,207.14,207.83,205.16,205.85,9413878,-0.587,204.43,197.81,198.43,58.059,2.7074,2.8287,-0.1212,210.59,198.27,6.027,2019,4,2,2019-04,False
2019-04-04,ITC,205.75,206.65,204.18,204.91,7233298,-0.456,204.85,197.86,198.52,55.565,2.4722,2.7574,-0.2852,209.72,199.99,4.749,2019,4,2,2019-04,False
2019-04-05,ITC,205.09,206.03,203.42,204.74,8107661,-0.085,205.16,197.92,198.6,55.093,2.2458,2.6551,-0.4092,209.04,201.27,3.788,2019,4,2,2019-04,False
2019-04-08,ITC,204.81,205.05,202.76,203.49,5492542,-0.611,205.25,197.97,198.69,51.687,1.9431,2.5127,-0.5696,208.86,201.64,3.521,2019,4,2,2019-04,False
2019-04-09,ITC,203.31,206.23,203.14,205.96,6413515,1.213,205.4,198.23,198.79,57.294,1.8806,2.3863,-0.5057,208.86,201.94,3.369,2019,4,2,2019-04,False
2019-04-10,ITC,205.78,206.13,204.01,204.84,5540095,-0.54,205.46,198.45,198.89,54.239,1.7215,2.2533,-0.5318,208.83,202.09,3.28,2019,4,2,2019-04,False
2019-04-11,ITC,204.74,206.76,203.66,206.03,11179559,0.577,205.53,198.69,199.01,56.87,1.6715,2.1369,-0.4655,208.89,202.17,3.269,2019,4,2,2019-04,False
2019-04-12,ITC,206.2,213.67,205.47,212.52,22658578,3.155,205.9,199.12,199.14,67.828,2.1317,2.1359,-0.0042,210.48,201.33,4.444,2019,4,2,2019-04,False
2019-04-15,ITC,214.02,215.48,211.55,212.35,13098155,-0.082,206.25,199.5,199.29,67.335,2.4541,2.1995,0.2546,211.65,200.85,5.233,2019,4,2,2019-04,False
2019-04-16,ITC,213.25,215.44,212.8,213.53,10121522,0.556,206.82,199.94,199.45,68.985,2.773,2.3142,0.4588,212.77,200.88,5.749,2019,4,2,2019-04,False
2019-04-18,ITC,214.26,214.26,211.0,211.59,9178504,-0.911,207.2,200.29,199.59,63.314,2.836,2.4186,0.4174,213.35,201.04,5.943,2019,4,2,2019-04,False
2019-04-22,ITC,211.2,212.35,209.26,209.78,6929432,-0.854,207.28,200.58,199.72,58.504,2.7089,2.4766,0.2322,213.53,201.03,6.032,2019,4,2,2019-04,False
2019-04-23,ITC,210.02,211.86,209.61,210.89,7784732,0.53,207.44,200.95,199.86,60.493,2.6671,2.5147,0.1524,213.89,200.98,6.225,2019,4,2,2019-04,False
2019-04-24,ITC,210.89,213.53,207.49,213.01,11888770,1.005,207.72,201.4,200.01,64.032,2.7731,2.5664,0.2067,214.64,200.8,6.662,2019,4,2,2019-04,False
2019-04-25,ITC,213.57,215.34,209.92,211.41,24135743,-0.751,208.04,201.77,200.16,59.69,2.697,2.5925,0.1045,215.03,201.05,6.719,2019,4,2,2019-04,False
2019-04-26,ITC,211.73,212.98,210.3,211.69,4834044,0.132,208.43,202.1,200.29,60.195,2.6289,2.5998,0.0291,215.32,201.54,6.613,2019,4,2,2019-04,False
2019-04-30,ITC,211.69,213.78,208.18,209.47,11593138,-1.051,208.71,202.46,200.43,54.325,2.3681,2.5534,-0.1854,215.25,202.18,6.264,2019,4,2,2019-04,False
2019-05-02,ITC,209.29,213.05,208.94,212.0,7781859,1.211,208.89,202.85,200.56,59.211,2.3391,2.5106,-0.1715,215.59,202.19,6.414,2019,5,2,2019-05,False
2019-05-03,ITC,211.48,213.71,210.82,211.48,6112578,-0.246,209.13,203.25,200.7,57.842,2.2482,2.4581,-0.2099,215.84,202.43,6.412,2019,5,2,2019-05,False
2019-05-06,ITC,211.31,213.74,209.05,213.39,6997113,0.904,209.45,203.66,200.82,61.369,2.3039,2.4273,-0.1234,216.34,202.56,6.579,2019,5,2,2019-05,False
2019-05-07,ITC,214.26,215.13,209.12,209.85,8989234,-1.661,209.65,203.96,200.92,52.582,2.0384,2.3495,-0.3111,216.33,202.97,6.371,2019,5,2,2019-05,False
2019-05-08,ITC,208.53,210.89,207.59,208.98,8179360,-0.414,209.85,204.32,201.02,50.668,1.7379,2.2272,-0.4893,216.16,203.54,6.013,2019,5,2,2019-05,False
2019-05-09,ITC,208.11,209.43,205.99,208.42,10617358,-0.266,210.03,204.66,201.09,49.427,1.4383,2.0694,-0.6311,215.92,204.15,5.601,2019,5,2,2019-05,False
2019-05-10,ITC,208.53,208.84,206.37,206.96,7170576,-0.7,210.21,204.96,201.17,46.227,1.0707,1.8697,-0.7989,215.45,204.97,4.983,2019,5,2,2019-05,False
2019-05-13,ITC,205.12,210.96,199.98,201.09,37262425,-2.838,209.96,205.16,201.21,36.1,0.302,1.5561,-1.2541,216.36,203.57,6.09,2019,5,2,2019-05,False
2019-05-14,ITC,202.27,207.31,200.78,204.6,21959611,1.746,209.95,205.44,201.3,43.996,-0.0237,1.2402,-1.2639,216.39,203.52,6.13,2019,5,2,2019-05,False
2019-05-15,ITC,206.82,208.04,202.97,206.48,18583184,0.917,209.98,205.72,201.38,47.716,-0.1289,0.9663,-1.0953,216.36,203.59,6.077,2019,5,2,2019-05,False
2019-05-16,ITC,206.44,206.44,203.84,204.88,7637614,-0.774,209.59,205.99,201.47,44.976,-0.3374,0.7056,-1.043,216.24,202.95,6.344,2019,5,2,2019-05,False
2019-05-17,ITC,205.12,210.16,205.12,209.5,11626049,2.256,209.45,206.35,201.59,53.323,-0.1282,0.5388,-0.667,215.97,202.93,6.226,2019,5,2,2019-05,False
2019-05-20,ITC,213.29,213.78,209.99,213.39,11437612,1.858,209.44,206.78,201.7,58.969,0.3477,0.5006,-0.1529,215.95,202.94,6.209,2019,5,2,2019-05,False
2019-05-21,ITC,213.39,215.48,212.21,212.63,10923996,-0.358,209.5,207.17,201.81,57.498,0.6557,0.5316,0.124,216.09,202.91,6.292,2019,5,2,2019-05,False
2019-05-22,ITC,214.2,214.66,210.41,212.5,14266773,-0.06,209.63,207.49,201.89,57.243,0.8793,0.6012,0.2782,216.36,202.91,6.417,2019,5,2,2019-05,False
2019-05-23,ITC,216.22,216.65,203.46,204.31,32589058,-3.853,209.3,207.6,201.92,43.749,0.3913,0.5592,-0.1679,216.4,202.2,6.784,2019,5,2,2019-05,False
2019-05-24,ITC,206.65,206.76,203.68,205.91,11298665,0.781,208.95,207.69,201.95,46.399,0.1318,0.4737,-0.3419,215.98,201.92,6.728,2019,5,2,2019-05,False
2019-05-27,ITC,206.48,208.11,204.92,206.19,9371741,0.138,208.69,207.75,201.98,46.879,-0.0504,0.3689,-0.4193,215.72,201.66,6.738,2019,5,2,2019-05,False
2019-05-28,ITC,206.87,207.01,204.24,204.81,16199349,-0.67,208.34,207.78,201.96,44.777,-0.3029,0.2345,-0.5374,215.43,201.26,6.802,2019,5,2,2019-05,False
2019-05-29,ITC,204.74,206.8,203.89,204.24,7534947,-0.277,208.08,207.77,201.93,43.907,-0.5424,0.0791,-0.6216,215.37,200.79,7.01,2019,5,2,2019-05,False
2019-05-30,ITC,204.88,206.33,204.39,204.63,8989691,0.191,207.71,207.76,201.92,44.702,-0.6929,-0.0753,-0.6176,214.92,200.51,6.936,2019,5,2,2019-05,False
2019-05-31,ITC,205.13,206.65,196.69,197.47,27294002,-3.499,207.01,207.6,201.86,34.913,-1.374,-0.335,-1.039,215.31,198.71,8.02,2019,5,2,2019-05,False
2019-06-03,ITC,199.49,199.56,195.17,197.47,20323304,0.0,206.22,207.51,201.81,34.913,-1.892,-0.6464,-1.2456,214.98,197.45,8.501,2019,6,2,2019-06,False
2019-06-04,ITC,197.97,200.03,197.65,197.97,14384170,0.251,205.62,207.39,201.74,36.039,-2.2367,-0.9645,-1.2722,214.94,196.3,9.066,2019,6,2,2019-06,False
2019-06-06,ITC,198.78,198.78,195.17,195.49,11071548,-1.253,204.95,207.13,201.67,32.968,-2.6792,-1.3074,-1.3718,215.16,194.74,9.962,2019,6,2,2019-06,False
2019-06-07,ITC,196.23,196.23,194.39,195.13,7995725,-0.181,204.28,206.88,201.6,32.541,-3.0237,-1.6507,-1.373,215.24,193.32,10.729,2019,6,2,2019-06,False
2019-06-10,ITC,197.3,198.89,196.3,198.08,8947150,1.508,203.84,206.7,201.54,39.535,-3.0244,-1.9254,-1.099,215.06,192.62,11.008,2019,6,2,2019-06,False
2019-06-11,ITC,199.14,199.49,197.93,198.39,8787243,0.161,203.7,206.56,201.48,40.258,-2.965,-2.1333,-0.8317,215.13,192.28,11.213,2019,6,2,2019-06,False
2019-06-12,ITC,199.49,199.49,197.26,198.47,8565517,0.036,203.4,206.45,201.42,40.428,-2.8791,-2.2825,-0.5966,215.04,191.75,11.453,2019,6,2,2019-06,False
2019-06-13,ITC,197.72,199.46,197.47,198.93,7475823,0.232,203.02,206.36,201.35,41.595,-2.7421,-2.3744,-0.3677,214.74,191.3,11.542,2019,6,2,2019-06,False
2019-06-14,ITC,198.86,198.86,196.48,197.12,8212601,-0.909,202.63,206.13,201.26,38.416,-2.7478,-2.4491,-0.2987,214.6,190.66,11.813,2019,6,2,2019-06,False
2019-06-17,ITC,197.69,197.69,194.57,194.96,10398919,-1.097,201.91,205.9,201.17,34.973,-2.8935,-2.538,-0.3555,213.88,189.93,11.866,2019,6,2,2019-06,False
2019-06-18,ITC,195.77,196.98,194.25,195.03,14378973,0.036,200.99,205.66,201.05,35.178,-2.9689,-2.6242,-0.3448,212.04,189.94,10.996,2019,6,2,2019-06,False
2019-06-19,ITC,195.45,197.72,195.38,196.52,9394923,0.763,200.18,205.47,200.95,39.495,-2.8755,-2.6744,-0.201,209.93,190.43,9.74,2019,6,2,2019-06,False
2019-06-20,ITC,196.37,197.05,195.2,196.37,10973042,-0.072,199.37,205.3,200.84,39.227,-2.7808,-2.6957,-0.0851,207.34,191.41,7.987,2019,6,2,2019-06,False
2019-06-21,ITC,196.13,196.13,193.72,194.42,19311989,-0.993,198.88,205.09,200.73,35.646,-2.8304,-2.7226,-0.1078,206.78,190.98,7.943,2019,6,2,2019-06,False
2019-06-24,ITC,194.42,196.73,194.42,195.84,9279182,0.729,198.38,204.94,200.63,39.94,-2.724,-2.7229,-0.0011,205.65,191.11,7.331,2019,6,2,2019-06,False
2019-06-25,ITC,194.99,198.5,194.42,197.44,12856683,0.815,197.94,204.77,200.53,44.432,-2.4823,-2.6748,0.1925,204.21,191.66,6.341,2019,6,2,2019-06,False
2019-06-26,ITC,197.4,197.58,195.91,196.66,7707084,-0.395,197.53,204.61,200.43,42.749,-2.3268,-2.6052,0.2784,202.93,192.14,5.461,2019,6,2,2019-06,False
2019-06-27,ITC,197.05,197.22,193.4,193.89,24205884,-1.406,197.01,204.36,200.31,37.346,-2.3991,-2.564,0.1649,201.63,192.4,4.682,2019,6,2,2019-06,False
2019-06-28,ITC,194.32,195.28,193.18,194.14,8775151,0.128,196.49,204.0,200.17,38.102,-2.4085,-2.5329,0.1243,199.59,193.39,3.158,2019,6,2,2019-06,False
2019-07-01,ITC,194.53,195.84,194.35,194.92,5236646,0.402,196.36,203.65,200.03,40.531,-2.3263,-2.4916,0.1653,199.5,193.22,3.2,2019,7,3,2019-07,False
2019-07-02,ITC,195.2,195.42,193.68,194.14,10360661,-0.4,196.2,203.26,199.92,38.888,-2.2976,-2.4528,0.1552,199.44,192.95,3.308,2019,7,3,2019-07,False
2019-07-03,ITC,194.46,196.76,192.94,196.16,18818695,1.041,196.1,202.95,199.82,45.098,-2.0877,-2.3798,0.292,199.24,192.97,3.198,2019,7,3,2019-07,False
2019-07-04,ITC,196.69,197.26,195.1,196.83,10071080,0.343,196.17,202.69,199.73,47.031,-1.8458,-2.273,0.4272,199.31,193.03,3.199,2019,7,3,2019-07,False
2019-07-05,ITC,196.83,199.81,189.99,198.11,38474130,0.648,196.32,202.44,199.64,50.58,-1.5334,-2.125,0.5917,199.53,193.11,3.273,2019,7,3,2019-07,False
2019-07-08,ITC,198.61,200.56,195.52,196.69,12637923,-0.716,196.25,202.11,199.54,46.826,-1.3843,-1.9769,0.5926,199.36,193.14,3.171,2019,7,3,2019-07,False
2019-07-09,ITC,196.34,196.76,192.94,193.61,8003290,-1.568,196.01,201.75,199.44,39.89,-1.4977,-1.881,0.3834,199.17,192.86,3.217,2019,7,3,2019-07,False
2019-07-10,ITC,193.93,195.13,191.94,193.64,8477115,0.018,195.77,201.39,199.38,40.0,-1.5666,-1.8182,0.2515,198.87,192.67,3.167,2019,7,3,2019-07,False
2019-07-11,ITC,194.25,196.3,193.96,195.42,8727346,0.915,195.6,201.11,199.29,45.382,-1.4614,-1.7468,0.2854,198.32,192.87,2.784,2019,7,3,2019-07,False
2019-07-12,ITC,195.24,195.98,193.61,194.99,10872126,-0.218,195.49,200.77,199.2,44.354,-1.3963,-1.6767,0.2804,198.13,192.85,2.698,2019,7,3,2019-07,False
2019-07-15,ITC,194.96,195.38,191.8,192.09,8865479,-1.491,195.35,200.38,199.11,38.015,-1.5612,-1.6536,0.0924,198.39,192.3,3.114,2019,7,3,2019-07,False
2019-07-16,ITC,192.12,193.36,191.84,192.79,6602372,0.369,195.23,199.97,199.02,40.258,-1.616,-1.6461,0.0301,198.48,191.99,3.327,2019,7,3,2019-07,False
2019-07-17,ITC,193.15,193.64,191.91,193.47,6536611,0.349,195.08,199.64,198.94,42.39,-1.5869,-1.6342,0.0474,198.36,191.8,3.363,2019,7,3,2019-07,False
2019-07-18,ITC,193.5,195.03,193.04,193.54,9447100,0.037,194.94,199.34,198.86,42.622,-1.5403,-1.6154,0.0752,198.23,191.65,3.376,2019,7,3,2019-07,False
2019-07-19,ITC,194.32,194.42,189.99,190.21,8294444,-1.722,194.73,198.97,198.77,35.401,-1.752,-1.6428,-0.1093,198.64,190.82,4.017,2019,7,3,2019-07,False
2019-07-22,ITC,189.99,190.14,187.16,187.44,14037538,-1.454,194.31,198.58,198.66,30.746,-2.1185,-1.7379,-0.3806,199.36,189.26,5.195,2019,7,3,2019-07,False
2019-07-23,ITC,188.22,192.62,187.87,191.87,14951457,2.364,194.03,198.4,198.6,43.555,-2.028,-1.7959,-0.2321,198.96,189.1,5.086,2019,7,3,2019-07,False
2019-07-24,ITC,191.62,193.79,189.92,192.01,12537555,0.074,193.8,198.14,198.54,43.913,-1.9228,-1.8213,-0.1015,198.65,188.95,5.005,2019,7,3,2019-07,False
2019-07-25,ITC,192.12,193.18,189.21,189.89,18350433,-1.108,193.6,197.81,198.46,39.837,-1.988,-1.8546,-0.1334,198.75,188.44,5.325,2019,7,3,2019-07,False
2019-07-26,ITC,190.53,192.12,189.21,191.7,4972441,0.952,193.48,197.55,198.38,44.548,-1.8723,-1.8582,-0.0141,198.69,188.26,5.392,2019,7,3,2019-07,False
2019-07-29,ITC,191.41,192.23,188.93,189.82,5738104,-0.98,193.22,197.16,198.31,40.959,-1.9101,-1.8686,-0.0416,198.64,187.81,5.604,2019,7,3,2019-07,False
2019-07-30,ITC,189.99,191.48,188.97,190.63,13743007,0.43,193.05,196.7,198.26,43.101,-1.8529,-1.8654,0.0125,198.56,187.53,5.714,2019,7,3,2019-07,False
2019-07-31,ITC,190.42,192.19,188.58,191.55,14175457,0.483,192.82,196.28,198.26,45.509,-1.7135,-1.8351,0.1215,198.16,187.47,5.549,2019,7,3,2019-07,False
2019-08-01,ITC,191.73,191.91,188.93,189.67,6153824,-0.981,192.46,195.82,198.26,41.641,-1.7346,-1.815,0.0803,197.63,187.28,5.375,2019,8,3,2019-08,False
2019-08-02,ITC,189.43,189.43,186.52,187.51,9233326,-1.14,191.93,195.49,198.26,37.672,-1.9039,-1.8328,-0.0711,196.83,187.03,5.104,2019,8,3,2019-08,False
2019-08-05,ITC,187.44,187.51,182.66,184.18,12001827,-1.777,191.3,195.05,198.24,32.528,-2.2806,-1.9223,-0.3583,196.8,185.81,5.745,2019,8,3,2019-08,False
2019-08-06,ITC,183.44,185.39,183.01,183.54,9770895,-0.346,190.8,194.6,198.24,31.637,-2.6007,-2.058,-0.5427,197.18,184.42,6.686,2019,8,3,2019-08,False
2019-08-07,ITC,183.65,183.86,179.43,179.82,8816780,-2.028,190.11,194.1,198.18,26.993,-3.1187,-2.2701,-0.8486,198.0,182.21,8.306,2019,8,3,2019-08,False
2019-08-08,ITC,180.78,183.4,179.36,182.73,6616227,1.616,189.47,193.67,198.11,35.016,-3.2571,-2.4675,-0.7896,197.61,181.34,8.587,2019,8,3,2019-08,False
2019-08-09,ITC,183.51,183.51,179.71,180.21,10309668,-1.377,188.73,193.18,198.03,31.761,-3.5293,-2.6799,-0.8494,197.42,180.04,9.209,2019,8,3,2019-08,False
2019-08-13,ITC,179.93,180.07,172.98,174.61,21801393,-3.108,187.86,192.72,197.91,25.975,-4.149,-2.9737,-1.1753,198.44,177.28,11.264,2019,8,3,2019-08,False
2019-08-14,ITC,174.61,179.79,173.01,176.35,14340858,0.995,187.04,192.3,197.79,30.221,-4.4487,-3.2687,-1.18,198.52,175.55,12.279,2019,8,3,2019-08,False
2019-08-16,ITC,176.35,179.64,175.39,179.36,10735480,1.709,186.33,191.93,197.68,36.974,-4.3925,-3.4935,-0.899,197.89,174.78,12.401,2019,8,3,2019-08,False
2019-08-19,ITC,179.71,182.41,177.91,178.33,13006987,-0.573,185.57,191.58,197.58,35.704,-4.3804,-3.6708,-0.7095,197.13,174.01,12.457,2019,8,3,2019-08,False
2019-08-20,ITC,178.37,178.62,174.01,174.75,15577976,-2.008,184.8,191.18,197.45,31.631,-4.6066,-3.858,-0.7486,197.1,172.5,13.308,2019,8,3,2019-08,False
2019-08-21,ITC,174.89,175.04,170.75,171.17,15303762,-2.049,183.99,190.64,197.31,28.169,-5.0169,-4.0898,-0.9271,197.63,170.35,14.827,2019,8,3,2019-08,False
2019-08-22,ITC,171.7,174.4,169.43,170.18,10917955,-0.58,182.9,190.07,197.18,27.278,-5.3604,-4.3439,-1.0165,197.33,168.47,15.775,2019,8,3,2019-08,False
2019-08-23,ITC,169.43,169.75,166.35,167.38,17073495,-1.645,181.67,189.45,197.04,24.886,-5.7917,-4.6335,-1.1583,197.0,166.34,16.875,2019,8,3,2019-08,False
2019-08-26,ITC,170.64,172.59,166.56,171.92,13352257,2.711,180.77,188.91,196.93,34.854,-5.7018,-4.8471,-0.8547,196.18,165.36,17.046,2019,8,3,2019-08,False
2019-08-27,ITC,172.94,174.61,172.06,174.04,15089362,1.237,179.89,188.45,196.82,38.945,-5.3967,-4.957,-0.4396,194.67,165.11,16.434,2019,8,3,2019-08,False
2019-08-28,ITC,174.5,175.57,172.34,174.36,9237042,0.183,179.12,188.04,196.73,39.558,-5.0707,-4.9798,-0.0909,193.32,164.91,15.857,2019,8,3,2019-08,False
2019-08-29,ITC,172.94,174.01,170.25,170.99,11532941,-1.931,178.13,187.56,196.6,35.505,-5.0261,-4.989,-0.0371,191.68,164.58,15.212,2019,8,3,2019-08,False
2019-08-30,ITC,172.09,175.25,169.47,174.15,12225631,1.845,177.26,187.11,196.5,41.547,-4.6823,-4.9277,0.2454,189.34,165.19,13.624,2019,8,3,2019-08,False
2019-09-03,ITC,173.3,173.3,170.6,171.24,9913882,-1.669,176.34,186.61,196.39,38.014,-4.5914,-4.8604,0.2691,187.18,165.51,12.29,2019,9,3,2019-09,False
2019-09-04,ITC,171.28,173.37,171.07,172.45,7303230,0.704,175.59,186.17,196.28,40.281,-4.3717,-4.7627,0.391,185.18,166.0,10.922,2019,9,3,2019-09,False
2019-09-05,ITC,171.56,175.04,171.56,173.16,8777107,0.411,175.04,185.72,196.18,41.634,-4.0932,-4.6288,0.5356,183.78,166.3,9.986,2019,9,3,2019-09,False
2019-09-06,ITC,173.19,174.29,172.45,172.91,9039911,-0.143,174.51,185.22,196.1,41.281,-3.8482,-4.4727,0.6245,182.31,166.7,8.945,2019,9,3,2019-09,False
2019-09-09,ITC,173.44,174.75,172.41,174.04,9435127,0.656,174.22,184.77,196.0,43.631,-3.5218,-4.2825,0.7607,181.61,166.82,8.487,2019,9,3,2019-09,False
2019-09-11,ITC,173.4,174.01,172.27,172.8,9314093,-0.713,173.72,184.35,195.91,41.667,-3.325,-4.091,0.766,179.95,167.49,7.171,2019,9,3,2019-09,False
2019-09-12,ITC,173.19,173.69,170.14,170.68,8395088,-1.231,173.24,183.88,195.81,38.471,-3.3026,-3.9333,0.6307,178.8,167.68,6.419,2019,9,3,2019-09,False
2019-09-13,ITC,170.85,171.88,169.15,170.07,14572355,-0.353,173.02,183.38,195.7,37.591,-3.2954,-3.8057,0.5103,178.71,167.32,6.582,2019,9,3,2019-09,False
2019-09-16,ITC,169.79,170.75,168.94,169.72,7357494,-0.208,172.69,182.9,195.56,37.054,-3.2805,-3.7007,0.4202,178.33,167.04,6.543,2019,9,3,2019-09,False
2019-09-17,ITC,170.0,170.21,167.88,168.16,11083300,-0.919,172.13,182.34,195.41,34.706,-3.3559,-3.6317,0.2758,177.18,167.07,5.871,2019,9,3,2019-09,False
2019-09-18,ITC,168.51,171.77,165.93,169.61,20724917,0.864,171.69,181.79,195.28,38.61,-3.2608,-3.5575,0.2968,175.93,167.45,4.936,2019,9,3,2019-09,False
2019-09-19,ITC,170.11,170.11,167.38,167.8,8810026,-1.066,171.34,181.19,195.14,35.747,-3.2933,-3.5047,0.2114,175.66,167.02,5.04,2019,9,3,2019-09,False
2019-09-20,ITC,168.02,176.17,166.1,168.76,66016326,0.57,171.22,180.63,194.99,38.353,-3.2049,-3.4447,0.2398,175.69,166.75,5.221,2019,9,3,2019-09,False
2019-09-23,ITC,177.23,184.68,177.16,180.67,54044544,7.057,171.75,180.37,194.91,60.066,-2.149,-3.1856,1.0366,177.86,165.63,7.121,2019,9,3,2019-09,False
2019-09-24,ITC,180.78,182.9,179.93,181.49,17828419,0.451,172.45,180.12,194.83,61.077,-1.2323,-2.7949,1.5627,179.61,165.29,8.303,2019,9,3,2019-09,False
2019-09-25,ITC,180.85,181.66,172.06,175.5,21390350,-3.301,172.63,179.73,194.71,50.886,-0.9778,-2.4315,1.4537,179.91,165.35,8.436,2019,9,3,2019-09,False
2019-09-26,ITC,175.32,178.23,174.57,177.52,18534981,1.151,172.8,179.38,194.61,53.692,-0.6061,-2.0664,1.4603,180.39,165.22,8.776,2019,9,3,2019-09,False
2019-09-27,ITC,177.23,182.9,177.23,179.32,18211017,1.018,173.05,179.12,194.52,56.109,-0.1638,-1.6859,1.5221,181.16,164.95,9.366,2019,9,3,2019-09,False
2019-09-30,ITC,180.6,184.89,176.81,184.22,21381205,2.728,173.71,178.95,194.46,61.902,0.5748,-1.2338,1.8086,183.16,164.27,10.873,2019,9,3,2019-09,False
2019-10-01,ITC,183.68,186.06,180.78,181.42,16035574,-1.52,174.08,178.71,194.41,57.244,0.9235,-0.8023,1.7259,184.13,164.02,11.551,2019,10,4,2019-10,False
2019-10-03,ITC,182.69,185.85,181.52,185.49,12832216,2.247,174.79,178.55,194.39,61.756,1.5114,-0.3396,1.851,185.96,163.62,12.777,2019,10,4,2019-10,False
2019-10-04,ITC,186.45,187.09,180.92,182.37,18781574,-1.682,175.29,178.39,194.35,56.815,1.706,0.0696,1.6364,186.89,163.68,13.238,2019,10,4,2019-10,False
2019-10-07,ITC,182.55,182.9,177.73,178.58,22082491,-2.08,175.56,178.21,194.3,51.428,1.5364,0.3629,1.1735,187.2,163.91,13.267,2019,10,4,2019-10,False
2019-10-09,ITC,178.15,178.79,174.61,175.18,22332047,-1.906,175.67,177.88,194.22,47.112,1.1146,0.5133,0.6013,187.25,164.09,13.185,2019,10,4,2019-10,False
2019-10-10,ITC,175.11,175.57,172.02,172.41,25230638,-1.578,175.59,177.49,194.13,43.889,0.5508,0.5208,0.0301,187.24,163.94,13.272,2019,10,4,2019-10,False
2019-10-11,ITC,172.41,174.54,170.92,172.94,26037798,0.308,175.6,177.15,194.03,44.672,0.1453,0.4457,-0.3004,187.24,163.95,13.264,2019,10,4,2019-10,False
2019-10-14,ITC,174.01,174.68,172.27,173.05,15280471,0.061,175.71,176.78,193.94,44.838,-0.1656,0.3234,-0.489,187.2,164.23,13.068,2019,10,4,2019-10,False
2019-10-15,ITC,173.72,176.67,173.72,175.53,10373904,1.434,175.99,176.49,193.85,48.705,-0.2094,0.2169,-0.4262,187.16,164.82,12.696,2019,10,4,2019-10,False
2019-10-16,ITC,175.39,175.53,171.67,172.73,16681940,-1.595,176.14,176.13,193.74,44.881,-0.4647,0.0806,-0.5452,187.03,165.24,12.37,2019,10,4,2019-10,False
2019-10-17,ITC,172.98,174.89,172.87,174.29,14175284,0.903,176.44,175.79,193.63,47.36,-0.535,-0.0425,-0.4924,186.72,166.17,11.648,2019,10,4,2019-10,False
2019-10-18,ITC,174.4,175.67,173.76,174.75,13327812,0.264,176.7,175.49,193.52,48.103,-0.5472,-0.1435,-0.4037,186.5,166.9,11.095,2019,10,4,2019-10,False
2019-10-22,ITC,173.69,178.01,173.65,176.45,18979485,0.974,177.13,175.27,193.44,50.86,-0.4148,-0.1977,-0.2171,186.0,168.27,10.013,2019,10,4,2019-10,False
2019-10-23,ITC,177.52,178.62,176.56,177.98,13325639,0.864,177.59,175.14,193.37,53.255,-0.1848,-0.1951,0.0104,185.54,169.65,8.949,2019,10,4,2019-10,False
2019-10-24,ITC,179.08,180.07,175.78,176.56,17438024,-0.797,177.39,175.0,193.29,50.775,-0.1155,-0.1792,0.0637,185.21,169.57,8.821,2019,10,4,2019-10,False
2019-10-25,ITC,182.12,182.34,175.11,175.6,33846376,-0.542,177.09,174.92,193.19,49.113,-0.1363,-0.1706,0.0343,184.71,169.48,8.599,2019,10,4,2019-10,False
2019-10-27,ITC,177.2,178.01,177.02,177.52,3252338,1.09,177.2,174.82,193.1,52.465,0.0016,-0.1362,0.1378,184.77,169.62,8.554,2019,10,4,2019-10,False
2019-10-29,ITC,177.91,180.85,176.91,179.54,12397313,1.138,177.3,174.8,193.02,55.776,0.2709,-0.0548,0.3257,184.95,169.65,8.63,2019,10,4,2019-10,False
2019-10-30,ITC,181.49,187.16,180.28,183.9,35611812,2.428,177.53,174.99,192.96,61.938,0.8265,0.1215,0.705,185.69,169.36,9.195,2019,10,4,2019-10,False
2019-10-31,ITC,184.32,186.34,181.63,182.66,17296427,-0.675,177.45,175.11,192.9,59.402,1.1535,0.3279,0.8256,185.37,169.53,8.925,2019,10,4,2019-10,False
2019-11-01,ITC,183.86,186.45,183.44,185.24,13055757,1.417,177.64,175.23,192.85,62.821,1.6029,0.5829,1.02,186.13,169.15,9.555,2019,11,4,2019-11,False
2019-11-04,ITC,186.41,187.83,184.36,184.85,8199342,-0.21,177.61,175.36,192.8,61.974,1.9057,0.8475,1.0582,185.97,169.24,9.422,2019,11,4,2019-11,False
2019-11-05,ITC,185.03,187.16,183.33,186.38,10674212,0.825,177.81,175.59,192.75,64.017,2.2428,1.1265,1.1162,186.82,168.79,10.139,2019,11,4,2019-11,False
2019-11-06,ITC,186.41,187.02,184.32,185.28,9198544,-0.59,178.14,175.88,192.69,61.454,2.3936,1.3799,1.0137,187.75,168.53,10.792,2019,11,4,2019-11,False
2019-11-07,ITC,186.38,188.79,185.74,188.47,15351749,1.722,178.81,176.24,192.62,65.742,2.739,1.6518,1.0873,189.35,168.26,11.792,2019,11,4,2019-11,False
2019-11-08,ITC,187.76,188.19,184.32,184.68,12357632,-2.012,179.42,176.59,192.54,57.546,2.6759,1.8566,0.8193,189.82,169.02,11.595,2019,11,4,2019-11,False
2019-11-11,ITC,184.75,185.99,183.47,183.93,7524183,-0.403,179.97,176.83,192.43,56.068,2.5365,1.9926,0.544,190.09,169.85,11.245,2019,11,4,2019-11,False
2019-11-13,ITC,183.54,183.79,179.47,179.96,10664859,-2.158,180.31,176.95,192.31,48.863,2.0818,2.0104,0.0713,189.9,170.73,10.628,2019,11,4,2019-11,False
2019-11-14,ITC,180.14,181.42,179.54,180.0,9222757,0.02,180.54,177.06,192.18,48.926,1.7046,1.9492,-0.2447,189.86,171.22,10.321,2019,11,4,2019-11,False
2019-11-15,ITC,180.25,181.31,177.23,177.69,17386229,-1.28,180.79,177.19,192.05,45.035,1.2058,1.8006,-0.5948,189.47,172.1,9.607,2019,11,4,2019-11,False
2019-11-18,ITC,178.26,178.83,176.35,177.76,8167820,0.04,180.96,177.27,191.91,45.18,0.807,1.6018,-0.7949,189.23,172.69,9.136,2019,11,4,2019-11,False
2019-11-19,ITC,178.47,178.51,176.38,176.74,12621028,-0.578,181.06,177.38,191.79,43.399,0.4033,1.3621,-0.9589,189.06,173.06,8.832,2019,11,4,2019-11,False
2019-11-20,ITC,176.74,178.15,174.89,177.73,10362358,0.562,181.12,177.48,191.67,45.627,0.1616,1.122,-0.9604,188.98,173.26,8.679,2019,11,4,2019-11,False
2019-11-21,ITC,178.23,178.23,173.72,174.18,10793493,-1.994,180.93,177.5,191.53,39.626,-0.3124,0.8351,-1.1475,189.28,172.59,9.227,2019,11,4,2019-11,False
2019-11-22,ITC,175.21,179.11,174.86,175.57,17000856,0.794,180.88,177.56,191.44,42.787,-0.5699,0.5541,-1.124,189.35,172.42,9.363,2019,11,4,2019-11,False
2019-11-25,ITC,175.64,176.1,174.57,175.64,10994413,0.04,180.89,177.59,191.35,42.952,-0.7595,0.2914,-1.0509,189.35,172.42,9.358,2019,11,4,2019-11,False
2019-11-26,ITC,176.28,177.52,175.6,176.63,20539741,0.565,180.84,177.66,191.27,45.328,-0.8202,0.0691,-0.8893,189.39,172.29,9.452,2019,11,4,2019-11,False
2019-11-27,ITC,177.06,177.27,174.82,175.07,9182137,-0.883,180.62,177.75,191.19,42.343,-0.9829,-0.1413,-0.8416,189.53,171.7,9.872,2019,11,4,2019-11,False
2019-11-28,ITC,175.32,175.78,174.15,174.89,11416080,-0.101,180.17,177.85,191.09,42.005,-1.1132,-0.3357,-0.7775,189.29,171.04,10.13,2019,11,4,2019-11,False
2019-11-29,ITC,174.93,175.39,173.69,174.68,10185713,-0.122,179.77,177.95,191.01,41.575,-1.2196,-0.5125,-0.7072,189.13,170.41,10.415,2019,11,4,2019-11,False
2019-12-02,ITC,174.4,175.04,173.37,173.65,10356741,-0.588,179.19,178.06,190.91,39.474,-1.3711,-0.6842,-0.6869,188.56,169.82,10.457,2019,12,4,2019-12,False
2019-12-03,ITC,173.65,174.26,172.02,173.01,8442322,-0.367,178.6,178.13,190.8,38.185,-1.5251,-0.8524,-0.6727,187.96,169.24,10.48,2019,12,4,2019-12,False
2019-12-04,ITC,172.62,173.01,171.56,172.38,12406762,-0.369,177.9,178.22,190.7,36.887,-1.6792,-1.0178,-0.6615,186.89,168.9,10.113,2019,12,4,2019-12,False
2019-12-05,ITC,172.38,175.46,172.34,175.07,11699738,1.563,177.39,178.34,190.62,45.335,-1.5659,-1.1274,-0.4385,185.76,169.02,9.435,2019,12,4,2019-12,False
2019-12-06,ITC,175.11,175.21,171.92,172.52,10773814,-1.458,176.59,178.18,190.52,39.888,-1.6629,-1.2345,-0.4284,183.41,169.77,7.722,2019,12,4,2019-12,False
2019-12-09,ITC,172.27,172.48,170.85,171.17,6981671,-0.781,175.91,177.97,190.4,37.338,-1.8274,-1.3531,-0.4743,182.0,169.83,6.914,2019,12,4,2019-12,False
2019-12-10,ITC,171.28,171.35,166.6,167.02,15972570,-2.423,175.07,177.8,190.28,30.807,-2.2663,-1.5357,-0.7306,181.16,168.98,6.956,2019,12,4,2019-12,False
2019-12-11,ITC,167.02,169.29,167.02,168.44,14331297,0.849,174.49,177.62,190.16,34.993,-2.4712,-1.7228,-0.7484,180.81,168.18,7.238,2019,12,4,2019-12,False
2019-12-12,ITC,168.76,170.29,168.44,169.12,10704007,0.4,173.95,177.42,190.04,36.945,-2.5499,-1.8882,-0.6617,180.14,167.76,7.12,2019,12,4,2019-12,False
2019-12-13,ITC,170.14,171.92,169.58,171.28,8521473,1.279,173.63,177.16,189.94,42.874,-2.41,-1.9926,-0.4174,179.67,167.59,6.955,2019,12,4,2019-12,False
2019-12-16,ITC,172.27,172.55,167.56,167.95,12476974,-1.945,173.14,176.89,189.8,37.087,-2.5387,-2.1018,-0.4369,179.35,166.92,7.181,2019,12,4,2019-12,False
2019-12-17,ITC,168.37,171.35,168.37,170.89,16534369,1.752,172.84,176.6,189.7,44.243,-2.3759,-2.1566,-0.2193,178.9,166.79,7.002,2019,12,4,2019-12,False
2019-12-18,ITC,170.57,175.35,169.97,173.79,17794641,1.701,172.65,176.43,189.61,50.263,-1.9894,-2.1232,0.1338,178.27,167.02,6.514,2019,12,4,2019-12,False
2019-12-19,ITC,174.43,175.74,172.45,173.23,9699414,-0.326,172.6,176.32,189.52,49.148,-1.7092,-2.0404,0.3312,178.18,167.02,6.471,2019,12,4,2019-12,False
2019-12-20,ITC,173.23,173.76,170.25,170.96,14495913,-1.31,172.37,176.24,189.42,44.861,-1.6512,-1.9625,0.3114,177.82,166.92,6.321,2019,12,4,2019-12,False
2019-12-23,ITC,171.56,172.13,169.19,169.36,19817033,-0.933,172.06,176.17,189.31,42.082,-1.7141,-1.9129,0.1988,177.43,166.68,6.251,2019,12,4,2019-12,False
2019-12-24,ITC,169.43,170.29,168.87,169.26,8200254,-0.063,171.69,176.1,189.2,41.895,-1.7524,-1.8808,0.1284,176.75,166.63,5.892,2019,12,4,2019-12,False
2019-12-26,ITC,169.36,169.72,167.56,167.88,15017235,-0.817,171.33,176.0,189.08,39.45,-1.8726,-1.8791,0.0065,176.4,166.26,5.917,2019,12,4,2019-12,False
2019-12-27,ITC,168.37,169.04,167.63,167.95,9048085,0.042,170.98,175.85,188.96,39.644,-1.9399,-1.8913,-0.0486,175.97,165.99,5.838,2019,12,4,2019-12,False
2019-12-30,ITC,168.73,170.78,168.37,168.87,13680470,0.549,170.69,175.77,188.85,42.243,-1.8969,-1.8924,-0.0045,175.44,165.93,5.572,2019,12,4,2019-12,False
2019-12-31,ITC,169.12,169.4,168.3,168.51,7417112,-0.21,170.43,175.65,188.72,41.503,-1.87,-1.8879,0.018,175.07,165.8,5.439,2019,12,4,2019-12,False
2020-01-01,ITC,169.15,169.15,168.09,168.8,4370931,0.168,170.22,175.53,188.58,42.373,-1.8049,-1.8713,0.0664,174.74,165.7,5.314,2020,1,1,2020-01,False
2020-01-02,ITC,168.87,170.82,168.8,170.04,8726602,0.735,170.1,175.41,188.44,46.146,-1.6344,-1.8239,0.1896,174.51,165.7,5.182,2020,1,1,2020-01,False
2020-01-03,ITC,170.85,170.85,168.73,169.08,9642051,-0.563,169.81,175.23,188.28,43.765,-1.5585,-1.7708,0.2123,173.56,166.05,4.419,2020,1,1,2020-01,False
2020-01-06,ITC,168.37,168.94,166.6,166.67,7930726,-1.426,169.51,175.03,188.1,38.393,-1.6736,-1.7514,0.0778,173.29,165.74,4.452,2020,1,1,2020-01,False
2020-01-07,ITC,167.34,168.65,166.32,166.85,8740894,0.106,169.3,174.85,187.91,38.986,-1.7305,-1.7472,0.0167,173.16,165.43,4.569,2020,1,1,2020-01,False
2020-01-08,ITC,165.89,167.17,165.36,166.03,7314466,-0.489,169.25,174.62,187.72,37.212,-1.8204,-1.7619,-0.0586,173.26,165.23,4.742,2020,1,1,2020-01,False
2020-01-09,ITC,167.02,167.73,166.63,167.17,9816703,0.683,169.18,174.38,187.53,41.22,-1.7797,-1.7654,-0.0142,173.29,165.08,4.854,2020,1,1,2020-01,False
2020-01-10,ITC,168.44,169.26,167.88,168.73,10357864,0.933,169.16,174.07,187.35,46.297,-1.603,-1.7329,0.1299,173.27,165.05,4.861,2020,1,1,2020-01,False
2020-01-13,ITC,169.08,170.5,168.9,169.61,12715178,0.525,169.08,173.81,187.18,48.993,-1.3757,-1.6615,0.2858,173.08,165.08,4.728,2020,1,1,2020-01,False
2020-01-14,ITC,170.32,172.84,168.94,172.45,12299570,1.672,169.31,173.56,187.03,56.515,-0.9557,-1.5203,0.5647,173.53,165.08,4.995,2020,1,1,2020-01,False
2020-01-15,ITC,171.95,172.27,170.92,171.85,5687654,-0.349,169.35,173.3,186.84,54.67,-0.6638,-1.349,0.6852,173.68,165.03,5.107,2020,1,1,2020-01,False
2020-01-16,ITC,171.92,172.91,170.21,170.68,9730522,-0.681,169.2,172.98,186.66,51.177,-0.5208,-1.1834,0.6626,173.05,165.35,4.549,2020,1,1,2020-01,False
2020-01-17,ITC,170.68,171.63,169.72,170.11,7677106,-0.332,169.04,172.68,186.47,49.525,-0.4481,-1.0363,0.5882,172.43,165.66,4.006,2020,1,1,2020-01,False
2020-01-20,ITC,170.18,172.45,170.18,171.49,8329721,0.813,169.07,172.34,186.31,53.468,-0.2758,-0.8842,0.6084,172.52,165.61,4.09,2020,1,1,2020-01,False
2020-01-21,ITC,171.17,171.17,168.73,169.04,9939680,-1.426,169.05,172.03,186.13,46.541,-0.3328,-0.7739,0.4412,172.51,165.6,4.087,2020,1,1,2020-01,False
2020-01-22,ITC,169.86,169.86,168.09,168.76,7949731,-0.168,169.03,171.72,185.96,45.8,-0.3962,-0.6984,0.3022,172.48,165.57,4.088,2020,1,1,2020-01,False
2020-01-23,ITC,168.8,169.26,167.95,168.65,6356150,-0.063,169.07,171.5,185.76,45.507,-0.4499,-0.6487,0.1988,172.48,165.65,4.043,2020,1,1,2020-01,False
2020-01-24,ITC,168.3,169.51,168.02,168.83,7063834,0.105,169.11,171.27,185.57,46.125,-0.4727,-0.6135,0.1408,172.49,165.73,3.997,2020,1,1,2020-01,False
2020-01-27,ITC,168.02,168.3,166.1,166.32,7100949,-1.491,168.98,171.05,185.36,39.311,-0.6859,-0.628,-0.0579,172.59,165.38,4.265,2020,1,1,2020-01,False
2020-01-28,ITC,166.42,167.24,163.41,163.59,15144538,-1.641,168.74,170.76,185.15,33.526,-1.0629,-0.7149,-0.3479,173.07,164.4,5.141,2020,1,1,2020-01,False
2020-01-29,ITC,164.12,168.48,163.87,167.77,21258057,2.557,168.68,170.58,184.97,46.515,-1.0124,-0.7744,-0.238,173.04,164.33,5.168,2020,1,1,2020-01,False
2020-01-30,ITC,167.98,168.02,165.18,165.93,10794458,-1.099,168.48,170.35,184.77,42.568,-1.1084,-0.8412,-0.2672,172.96,164.0,5.314,2020,1,1,2020-01,False
2020-01-31,ITC,167.13,169.01,165.93,166.71,19166671,0.47,168.36,170.2,184.59,44.706,-1.1088,-0.8948,-0.2141,172.9,163.83,5.387,2020,1,1,2020-01,False
2020-02-03,ITC,152.42,153.77,145.33,147.17,82836335,-11.716,167.39,169.63,184.3,22.307,-2.6545,-1.2467,-1.4078,177.9,156.88,12.558,2020,2,1,2020-02,False
2020-02-04,ITC,149.44,154.26,148.27,152.88,37145337,3.878,166.69,169.18,184.04,32.888,-3.38,-1.6734,-1.7066,179.04,154.33,14.824,2020,2,1,2020-02,False
2020-02-05,ITC,153.34,154.19,149.94,153.45,22072147,0.371,166.06,168.71,183.77,33.852,-3.8646,-2.1116,-1.753,179.76,152.36,16.504,2020,2,1,2020-02,False
2020-02-06,ITC,154.55,155.89,150.15,151.39,28443398,-1.34,165.27,168.24,183.47,32.055,-4.3643,-2.5622,-1.8022,180.44,150.1,18.36,2020,2,1,2020-02,False
2020-02-07,ITC,151.57,152.92,150.83,151.29,17793265,-0.07,164.4,167.77,183.16,31.96,-4.7146,-2.9926,-1.7219,180.7,148.1,19.828,2020,2,1,2020-02,False
2020-02-10,ITC,151.71,151.75,148.91,149.27,9987781,-1.336,163.38,167.26,182.84,30.141,-5.0964,-3.4134,-1.683,180.81,145.95,21.335,2020,2,1,2020-02,False
2020-02-11,ITC,153.48,153.8,150.15,150.72,30951617,0.974,162.29,166.8,182.54,33.091,-5.2216,-3.775,-1.4465,180.05,144.54,21.88,2020,2,1,2020-02,False
2020-02-12,ITC,151.29,152.28,150.15,151.04,10310789,0.212,161.25,166.36,182.24,33.752,-5.2347,-4.067,-1.1677,179.09,143.42,22.123,2020,2,1,2020-02,False
2020-02-13,ITC,151.04,151.32,149.73,150.22,9505645,-0.54,160.23,165.92,181.94,32.858,-5.2503,-4.3036,-0.9467,178.14,142.32,22.352,2020,2,1,2020-02,False
2020-02-14,ITC,150.47,150.93,146.61,147.25,14260540,-1.982,159.09,165.36,181.61,29.759,-5.4403,-4.531,-0.9093,177.26,140.92,22.842,2020,2,1,2020-02,False
2020-02-17,ITC,147.46,147.92,144.62,145.19,16161290,-1.396,157.77,164.81,181.28,27.809,-5.6911,-4.763,-0.9281,175.97,139.58,23.068,2020,2,1,2020-02,False
2020-02-18,ITC,145.01,145.05,142.14,144.52,21741128,-0.464,156.55,164.28,180.94,27.18,-5.8765,-4.9857,-0.8908,174.85,138.24,23.385,2020,2,1,2020-02,False
2020-02-19,ITC,145.51,146.86,144.52,146.54,9403278,1.398,155.44,163.87,180.63,32.135,-5.7936,-5.1473,-0.6463,173.31,137.56,23.001,2020,2,1,2020-02,False
2020-02-20,ITC,146.75,147.85,145.65,147.07,16193373,0.363,154.36,163.44,180.3,33.419,-5.6202,-5.2418,-0.3783,171.46,137.25,22.163,2020,2,1,2020-02,False
2020-02-24,ITC,146.75,147.07,143.06,143.91,17233132,-2.145,153.11,162.94,179.97,29.815,-5.672,-5.3279,-0.3441,169.38,136.83,21.259,2020,2,1,2020-02,False
2020-02-25,ITC,144.48,145.61,142.85,143.06,15903285,-0.591,151.95,162.37,179.61,28.909,-5.7157,-5.4054,-0.3103,167.56,136.34,20.549,2020,2,1,2020-02,False
2020-02-26,ITC,142.25,143.17,139.16,140.79,18557438,-1.586,150.81,161.83,179.27,26.59,-5.8659,-5.4975,-0.3683,166.17,135.45,20.37,2020,2,1,2020-02,False
2020-02-27,ITC,140.65,141.18,138.88,140.05,17936226,-0.529,149.42,161.21,178.92,25.857,-5.976,-5.5932,-0.3828,163.27,135.58,18.529,2020,2,1,2020-02,False
2020-02-28,ITC,138.24,141.72,136.15,140.05,33885063,0.0,148.13,160.54,178.58,25.857,-5.9942,-5.6734,-0.3208,160.2,136.06,16.3,2020,2,1,2020-02,False
2020-03-02,ITC,141.43,144.23,137.28,138.45,19274852,-1.139,146.72,159.84,178.24,24.2,-6.0674,-5.7522,-0.3152,155.9,137.53,12.522,2020,3,1,2020-03,False
2020-03-03,ITC,139.66,139.98,136.5,137.43,18638624,-0.742,146.23,159.17,177.92,23.169,-6.1377,-5.8293,-0.3083,156.3,136.15,13.78,2020,3,1,2020-03,False
2020-03-04,ITC,138.21,138.63,132.25,132.92,28729502,-3.276,145.23,158.44,177.56,19.293,-6.4818,-5.9598,-0.522,156.42,134.04,15.412,2020,3,1,2020-03,False
2020-03-05,ITC,132.96,135.55,132.25,133.31,20797182,0.293,144.22,157.73,177.2,20.533,-6.6465,-6.0972,-0.5493,155.91,132.53,16.211,2020,3,1,2020-03,False
2020-03-06,ITC,131.05,131.05,127.43,128.85,27795285,-3.35,143.1,156.95,176.82,17.261,-7.0561,-6.2889,-0.7671,156.14,130.05,18.237,2020,3,1,2020-03,False
2020-03-09,ITC,126.9,126.9,123.71,125.62,22633662,-2.503,141.81,156.1,176.4,15.358,-7.5539,-6.5419,-1.0119,156.42,127.2,20.606,2020,3,1,2020-03,False
2020-03-11,ITC,123.35,125.3,122.18,124.52,29032759,-0.875,140.58,155.21,175.95,14.761,-7.9454,-6.8226,-1.1228,156.65,124.51,22.864,2020,3,1,2020-03,False
2020-03-12,ITC,119.81,119.92,106.73,110.45,54043896,-11.301,138.56,154.05,175.44,9.609,-9.2842,-7.3149,-1.9693,158.83,118.3,29.247,2020,3,1,2020-03,False
2020-03-13,ITC,106.34,116.26,95.42,115.02,63962722,4.14,136.76,152.98,174.95,19.447,-9.8626,-7.8245,-2.0381,158.69,114.83,32.067,2020,3,1,2020-03,False
2020-03-16,ITC,112.01,112.08,102.97,104.39,34535653,-9.245,134.47,151.66,174.46,15.282,-11.0516,-8.4699,-2.5817,159.79,109.15,37.661,2020,3,1,2020-03,False
2020-03-17,ITC,104.92,110.45,103.54,105.74,49492914,1.29,132.39,150.4,173.95,17.687,-11.7498,-9.1259,-2.6239,160.01,104.78,41.713,2020,3,1,2020-03,False
2020-03-18,ITC,107.83,109.64,104.46,106.84,52178352,1.039,130.48,149.2,173.46,19.69,-12.0753,-9.7158,-2.3595,159.63,101.32,44.691,2020,3,1,2020-03,False
2020-03-19,ITC,106.84,115.95,102.62,114.74,93204936,7.399,128.99,148.16,173.01,32.429,-11.5621,-10.085,-1.4771,158.17,99.81,45.242,2020,3,1,2020-03,False
2020-03-20,ITC,117.04,125.13,117.04,124.42,64384067,8.434,127.88,147.32,172.61,44.116,-10.2563,-10.1193,-0.137,155.91,99.85,43.84,2020,3,1,2020-03,False
2020-03-23,ITC,112.01,114.85,105.77,109.39,53330913,-12.08,126.0,146.17,172.13,34.217,-10.3153,-10.1585,-0.1568,153.66,98.33,43.914,2020,3,1,2020-03,False
2020-03-24,ITC,115.52,116.05,104.5,106.13,54576761,-2.981,124.11,144.92,171.68,32.513,-10.5041,-10.2276,-0.2765,151.78,96.43,44.598,2020,3,1,2020-03,False
2020-03-25,ITC,107.05,107.76,98.54,104.46,64913270,-1.57,122.18,143.61,171.21,31.645,-10.6652,-10.3151,-0.3501,149.67,94.69,45.004,2020,3,1,2020-03,False
2020-03-26,ITC,106.34,113.0,101.55,110.88,60694283,6.142,120.68,142.38,170.77,38.455,-10.1581,-10.2837,0.1256,147.15,94.22,43.858,2020,3,1,2020-03,False
2020-03-27,ITC,114.85,117.68,109.88,115.7,33893412,4.348,119.47,141.26,170.38,43.045,-9.2605,-10.0791,0.8186,144.37,94.56,41.699,2020,3,1,2020-03,False
2020-03-30,ITC,110.63,116.9,110.63,112.86,29203338,-2.451,118.11,140.1,169.96,41.103,-8.6779,-9.7988,1.121,141.18,95.03,39.081,2020,3,1,2020-03,False
2020-03-31,ITC,116.26,123.25,114.53,121.72,44272500,7.852,117.27,139.14,169.58,48.868,-7.4156,-9.3222,1.9066,138.37,96.17,35.987,2020,3,1,2020-03,False
2020-04-01,ITC,121.72,122.47,116.65,117.97,18840671,-3.087,116.3,138.07,169.18,46.093,-6.6419,-8.7862,2.1442,135.16,97.43,32.441,2020,4,2,2020-04,False
2020-04-03,ITC,119.03,129.56,118.39,126.12,65288649,6.911,115.96,137.21,168.82,52.408,-5.3097,-8.0909,2.7812,133.77,98.14,30.731,2020,4,2,2020-04,False
2020-04-07,ITC,131.65,131.65,123.11,128.71,37509626,2.052,115.73,136.41,168.47,54.24,-3.999,-7.2725,3.2735,132.7,98.75,29.33,2020,4,2,2020-04,False
2020-04-08,ITC,128.21,130.44,125.23,126.65,39007671,-1.597,115.62,135.57,168.12,52.51,-3.0905,-6.4361,3.3456,132.25,98.98,28.783,2020,4,2,2020-04,False
2020-04-09,ITC,130.44,132.04,127.61,131.33,44268652,3.694,115.9,134.82,167.8,55.953,-1.9703,-5.5429,3.5727,133.43,98.37,30.255,2020,4,2,2020-04,False
2020-04-13,ITC,130.8,132.32,128.35,128.74,18427550,-1.97,116.11,134.06,167.47,53.637,-1.2765,-4.6896,3.4131,134.18,98.05,31.113,2020,4,2,2020-04,False
2020-04-15,ITC,130.48,137.36,129.52,134.24,50983406,4.268,117.3,133.48,167.15,57.645,-0.2802,-3.8078,3.5276,136.87,97.74,33.356,2020,4,2,2020-04,False
2020-04-16,ITC,134.45,135.55,131.47,132.11,28122965,-1.584,118.16,132.76,166.83,55.64,0.3339,-2.9794,3.3134,138.76,97.55,34.884,2020,4,2,2020-04,False
2020-04-17,ITC,135.02,135.69,132.53,133.35,27694463,0.939,119.6,132.11,166.53,56.589,0.9103,-2.2015,3.1117,140.21,99.0,34.457,2020,4,2,2020-04,False
2020-04-20,ITC,134.66,134.66,127.25,128.1,37141676,-3.934,120.72,131.34,166.19,51.567,0.9329,-1.5746,2.5075,140.57,100.87,32.887,2020,4,2,2020-04,False
2020-04-21,ITC,126.19,130.66,124.81,127.32,24232310,-0.609,121.75,130.94,165.84,50.844,0.8779,-1.0841,1.962,140.67,102.82,31.092,2020,4,2,2020-04,False
2020-04-22,ITC,126.9,130.12,124.77,129.2,26132520,1.476,122.47,130.47,165.5,52.568,0.9746,-0.6724,1.6469,141.37,103.56,30.873,2020,4,2,2020-04,False
2020-04-23,ITC,129.7,130.44,127.36,128.0,34237726,-0.933,122.65,129.96,165.17,51.325,0.9431,-0.3493,1.2924,141.7,103.6,31.064,2020,4,2,2020-04,False
2020-04-24,ITC,128.32,129.59,127.11,127.64,18744844,-0.277,123.56,129.49,164.84,50.943,0.8794,-0.1035,0.983,141.66,105.46,29.298,2020,4,2,2020-04,False
2020-04-27,ITC,127.78,129.24,127.11,127.5,13589672,-0.111,124.63,129.01,164.5,50.78,0.8082,0.0788,0.7294,140.82,108.44,25.98,2020,4,2,2020-04,False
2020-04-28,ITC,127.61,128.17,126.23,127.22,18488267,-0.222,125.77,128.57,164.17,50.433,0.7206,0.2072,0.5134,138.9,112.64,20.88,2020,4,2,2020-04,False
2020-04-29,ITC,127.96,129.66,127.36,129.13,22287597,1.505,126.68,128.14,163.83,52.778,0.7964,0.325,0.4714,137.84,115.52,17.623,2020,4,2,2020-04,False
2020-04-30,ITC,131.08,131.08,127.93,129.06,31326446,-0.055,127.35,127.7,163.49,52.679,0.841,0.4282,0.4128,137.27,117.42,15.588,2020,4,2,2020-04,False
2020-05-04,ITC,128.85,128.85,120.98,123.39,31461042,-4.394,127.88,127.16,163.12,45.325,0.414,0.4254,-0.0113,135.39,120.36,11.753,2020,5,2,2020-05,False
2020-05-05,ITC,124.06,125.8,121.94,123.28,18389548,-0.086,127.95,126.68,162.75,45.198,0.0663,0.3536,-0.2873,135.23,120.68,11.37,2020,5,2,2020-05,False
2020-05-06,ITC,121.51,121.51,113.78,116.19,68112675,-5.75,127.86,126.1,162.37,37.608,-0.7725,0.1284,-0.9008,135.67,120.05,12.216,2020,5,2,2020-05,False
2020-05-07,ITC,116.26,117.58,113.78,114.14,25183509,-1.769,127.27,125.49,161.97,35.734,-1.5848,-0.2143,-1.3705,137.19,117.34,15.598,2020,5,2,2020-05,False
2020-05-08,ITC,116.23,116.37,111.37,112.19,26281664,-1.708,126.44,124.81,161.55,34.004,-2.3587,-0.6432,-1.7155,138.4,114.48,18.919,2020,5,2,2020-05,False
2020-05-11,ITC,113.43,115.91,112.01,112.33,18792383,0.126,125.72,124.11,161.14,34.253,-2.9268,-1.0999,-1.8269,139.24,112.2,21.508,2020,5,2,2020-05,False
2020-05-12,ITC,112.33,117.61,111.66,117.01,22211224,4.165,125.01,123.57,160.76,42.036,-2.9654,-1.473,-1.4924,138.79,111.22,22.054,2020,5,2,2020-05,False
2020-05-13,ITC,122.93,123.07,116.62,117.26,20785966,0.212,124.43,123.06,160.39,42.425,-2.942,-1.7668,-1.1752,138.52,110.35,22.636,2020,5,2,2020-05,False
2020-05-14,ITC,116.62,119.28,114.81,116.12,15525762,-0.967,123.53,122.57,160.0,41.068,-2.9806,-2.0095,-0.971,137.28,109.77,22.27,2020,5,2,2020-05,False
2020-05-15,ITC,114.99,117.33,114.24,116.73,15526021,0.519,122.76,122.1,159.61,42.127,-2.9288,-2.1934,-0.7354,136.21,109.31,21.915,2020,5,2,2020-05,False
2020-05-18,ITC,117.68,118.6,115.66,116.8,21602419,0.061,121.93,121.63,159.25,42.259,-2.8492,-2.3246,-0.5246,134.66,109.21,20.872,2020,5,2,2020-05,False
2020-05-19,ITC,118.04,121.69,117.04,121.05,20917906,3.642,121.58,121.29,158.92,49.652,-2.4151,-2.3427,-0.0724,133.97,109.19,20.384,2020,5,2,2020-05,False
2020-05-20,ITC,121.9,125.48,121.23,124.59,26295911,2.928,121.44,121.03,158.58,54.842,-1.7646,-2.227,0.4624,133.62,109.26,20.064,2020,5,2,2020-05,False
2020-05-21,ITC,124.49,135.02,122.4,133.95,60630670,7.511,121.68,121.05,158.29,65.076,-0.4884,-1.8793,1.3909,134.66,108.7,21.333,2020,5,2,2020-05,False
2020-05-22,ITC,133.28,136.04,130.87,132.11,40516307,-1.376,121.88,121.03,158.0,62.091,0.37,-1.4295,1.7995,135.4,108.37,22.184,2020,5,2,2020-05,False
2020-05-26,ITC,134.7,138.21,133.14,135.9,55283582,2.871,122.3,121.17,157.72,65.588,1.3409,-0.8754,2.2163,137.01,107.59,24.059,2020,5,2,2020-05,False
2020-05-27,ITC,136.47,137.46,132.5,136.22,25491463,0.235,122.73,121.38,157.45,65.874,2.1117,-0.278,2.3897,138.57,106.9,25.804,2020,5,2,2020-05,False
2020-05-28,ITC,136.33,136.75,133.99,135.16,25524647,-0.781,123.13,121.59,157.18,63.97,2.6067,0.299,2.3078,139.81,106.45,27.1,2020,5,2,2020-05,False
2020-05-29,ITC,135.02,140.37,133.99,139.91,37214719,3.514,123.67,122.18,156.92,68.367,3.3438,0.9079,2.4359,141.8,105.54,29.325,2020,5,2,2020-05,False
2020-06-01,ITC,142.5,145.51,141.08,142.18,29606349,1.621,124.33,122.72,156.68,70.235,4.0641,1.5392,2.5249,144.15,104.5,31.89,2020,6,2,2020-06,False
2020-06-02,ITC,143.13,143.13,139.45,139.84,23502975,-1.645,125.15,123.43,156.44,65.912,4.3955,2.1104,2.2851,146.14,104.16,33.545,2020,6,2,2020-06,False
2020-06-03,ITC,141.79,142.42,138.67,139.45,19710133,-0.279,125.96,124.11,156.22,65.192,4.574,2.6031,1.9708,147.87,104.04,34.794,2020,6,2,2020-06,False
2020-06-04,ITC,140.19,143.56,138.24,141.89,22843181,1.754,127.24,124.81,156.01,67.584,4.8568,3.0539,1.8029,149.75,104.73,35.379,2020,6,2,2020-06,False
2020-06-05,ITC,143.06,143.2,140.83,141.79,15193091,-0.075,128.62,125.35,155.82,67.368,5.0145,3.446,1.5685,151.14,106.11,35.011,2020,6,2,2020-06,False
2020-06-08,ITC,143.84,144.37,139.66,140.12,20304292,-1.175,130.02,125.66,155.61,63.908,4.9481,3.7464,1.2016,151.69,108.35,33.338,2020,6,2,2020-06,False
2020-06-09,ITC,140.55,146.18,140.12,140.72,41451482,0.43,131.44,126.29,155.41,64.616,4.8877,3.9747,0.913,151.92,110.96,31.164,2020,6,2,2020-06,False
2020-06-10,ITC,141.4,144.02,140.58,141.11,28247205,0.277,132.64,126.99,155.24,65.093,4.8158,4.1429,0.6729,152.37,112.92,29.747,2020,6,2,2020-06,False
2020-06-11,ITC,141.79,142.67,137.25,137.71,20611505,-2.411,133.67,127.65,155.05,57.773,4.4331,4.2009,0.2322,152.12,115.22,27.605,2020,6,2,2020-06,False
2020-06-12,ITC,133.95,138.38,133.17,137.46,23431727,-0.18,134.73,128.19,154.84,57.268,4.063,4.1733,-0.1104,151.28,118.19,24.563,2020,6,2,2020-06,False
2020-06-15,ITC,137.46,137.5,132.07,132.71,25404661,-3.455,135.53,128.53,154.61,48.514,3.3478,4.0082,-0.6605,149.81,121.26,21.061,2020,6,2,2020-06,False
2020-06-16,ITC,135.26,135.37,128.95,131.15,28700454,-1.175,136.25,128.89,154.39,46.026,2.6249,3.7315,-1.1067,147.73,124.78,16.844,2020,6,2,2020-06,False
2020-06-17,ITC,130.44,131.15,128.1,128.46,24952658,-2.054,136.62,129.03,154.18,42.018,1.8137,3.348,-1.5343,146.38,126.86,14.285,2020,6,2,2020-06,False
2020-06-18,ITC,128.46,132.92,128.1,132.29,30000032,2.98,137.01,129.31,153.99,48.836,1.4628,2.9709,-1.5081,145.26,128.75,12.047,2020,6,2,2020-06,False
2020-06-19,ITC,132.64,133.24,130.16,130.48,31707306,-1.367,136.83,129.4,153.81,46.081,1.0271,2.5822,-1.5551,145.49,128.17,12.657,2020,6,2,2020-06,False
2020-06-22,ITC,132.22,132.92,129.84,131.15,32605144,0.516,136.78,129.45,153.6,47.274,0.7277,2.2113,-1.4836,145.56,128.01,12.837,2020,6,2,2020-06,False
2020-06-23,ITC,131.44,132.92,130.98,131.75,27569189,0.459,136.58,129.55,153.39,48.376,0.5329,1.8756,-1.3427,145.64,127.52,13.265,2020,6,2,2020-06,False
2020-06-24,ITC,132.85,138.03,131.97,136.01,56757828,3.228,136.57,129.64,153.2,55.449,0.7136,1.6432,-0.9296,145.63,127.51,13.269,2020,6,2,2020-06,False
2020-06-25,ITC,136.29,144.27,135.87,143.28,78484846,5.343,136.97,129.94,153.06,64.419,1.4266,1.5999,-0.1733,146.48,127.46,13.888,2020,6,2,2020-06,False
2020-06-26,ITC,146.04,148.45,137.04,138.38,74727243,-3.414,136.9,130.02,152.88,56.214,1.5788,1.5957,-0.0168,146.33,127.46,13.786,2020,6,2,2020-06,False
2020-06-29,ITC,143.56,143.91,139.09,139.84,95027403,1.05,136.78,130.17,152.72,57.928,1.796,1.6357,0.1603,146.0,127.56,13.476,2020,6,2,2020-06,False
2020-06-30,ITC,141.36,141.36,137.53,137.99,42797633,-1.318,136.69,130.27,152.55,54.988,1.7987,1.6683,0.1303,145.81,127.56,13.35,2020,6,2,2020-06,False
2020-07-01,ITC,137.99,144.52,137.99,143.84,46004000,4.238,136.91,130.58,152.41,61.642,2.2468,1.784,0.4628,146.51,127.3,14.028,2020,7,3,2020-07,False
2020-07-02,ITC,144.94,146.57,143.59,145.93,40835235,1.454,137.11,130.95,152.27,63.708,2.7391,1.975,0.7641,147.31,126.91,14.873,2020,7,3,2020-07,False
2020-07-03,ITC,147.46,147.81,146.04,147.14,39352660,0.826,137.38,131.31,152.14,64.882,3.1898,2.218,0.9718,148.34,126.41,15.963,2020,7,3,2020-07,False
2020-07-06,ITC,149.63,150.83,148.59,149.22,36046969,1.417,137.83,131.74,152.02,66.877,3.6728,2.509,1.1638,149.97,125.69,17.612,2020,7,3,2020-07,False
2020-07-07,ITC,149.37,149.75,144.89,145.08,32467210,-2.778,138.05,132.08,151.89,59.622,3.6787,2.7429,0.9358,150.56,125.54,18.119,2020,7,3,2020-07,False
2020-07-08,ITC,145.08,147.84,145.08,146.61,22093693,1.055,138.32,132.47,151.77,61.292,3.7635,2.947,0.8165,151.35,125.3,18.827,2020,7,3,2020-07,False
2020-07-09,ITC,147.06,147.13,145.0,145.97,19492371,-0.433,138.74,132.84,151.65,60.181,3.7365,3.1049,0.6316,152.19,125.28,19.398,2020,7,3,2020-07,False
2020-07-10,ITC,145.75,146.76,144.89,145.15,16815128,-0.563,139.12,133.16,151.54,58.697,3.6072,3.2054,0.4018,152.86,125.38,19.751,2020,7,3,2020-07,False
2020-07-13,ITC,146.31,148.44,145.71,147.54,21079233,1.647,139.86,133.53,151.43,61.658,3.6554,3.2954,0.36,153.75,125.98,19.852,2020,7,3,2020-07,False
2020-07-14,ITC,147.43,149.0,143.96,146.31,19185879,-0.835,140.62,133.99,151.32,59.297,3.5532,3.3469,0.2063,154.15,127.09,19.244,2020,7,3,2020-07,False
2020-07-15,ITC,146.65,149.37,145.26,148.4,24692471,1.429,141.62,134.49,151.22,61.959,3.5995,3.3975,0.202,154.29,128.95,17.891,2020,7,3,2020-07,False
2020-07-16,ITC,148.4,148.51,143.4,144.78,22997164,-2.441,142.24,135.06,151.04,55.223,3.3058,3.3791,-0.0733,154.19,130.3,16.791,2020,7,3,2020-07,False
2020-07-17,ITC,144.37,145.94,144.14,144.93,15455455,0.103,142.97,135.68,150.86,55.438,3.0499,3.3133,-0.2634,153.59,132.35,14.858,2020,7,3,2020-07,False
2020-07-20,ITC,145.64,145.9,143.66,143.92,19643434,-0.696,143.6,136.31,150.7,53.567,2.7342,3.1975,-0.4632,152.65,134.55,12.603,2020,7,3,2020-07,False
2020-07-21,ITC,143.47,145.04,143.02,143.58,29089491,-0.234,144.2,136.94,150.53,52.925,2.4289,3.0438,-0.6148,151.33,137.06,9.892,2020,7,3,2020-07,False
2020-07-22,ITC,144.14,147.8,143.77,146.8,33826583,2.237,144.74,137.54,150.37,58.088,2.4183,2.9187,-0.5004,150.81,138.66,8.399,2020,7,3,2020-07,False
2020-07-23,ITC,147.62,150.49,146.98,149.9,32700809,2.111,145.07,138.19,150.2,62.377,2.6296,2.8608,-0.2313,151.52,138.61,8.897,2020,7,3,2020-07,False
2020-07-24,ITC,150.12,150.64,147.36,149.07,62500933,-0.548,145.6,138.85,150.03,60.607,2.6997,2.8286,-0.1289,151.47,139.73,8.059,2020,7,3,2020-07,False
2020-07-27,ITC,149.75,149.75,145.75,146.68,23517850,-1.603,145.94,139.45,149.84,55.658,2.5331,2.7695,-0.2364,151.16,140.73,7.144,2020,7,3,2020-07,False
2020-07-28,ITC,147.13,148.36,145.68,145.94,20029937,-0.509,146.34,140.03,149.66,54.17,2.3142,2.6785,-0.3642,149.97,142.71,4.967,2020,7,3,2020-07,False
2020-07-29,ITC,144.48,148.03,144.44,146.91,15402845,0.665,146.49,140.55,149.5,55.824,2.1938,2.5815,-0.3877,149.94,143.05,4.702,2020,7,3,2020-07,False
2020-07-30,ITC,148.18,148.18,143.77,144.41,16943579,-1.703,146.42,140.94,149.35,50.741,1.8749,2.4402,-0.5653,149.98,142.85,4.866,2020,7,3,2020-07,False
2020-07-31,ITC,144.52,147.09,144.52,145.0,17294202,0.414,146.31,141.16,149.21,51.868,1.6513,2.2824,-0.6311,149.91,142.71,4.92,2020,7,3,2020-07,False
2020-08-03,ITC,144.89,144.89,143.32,143.85,13776301,-0.798,146.04,141.4,149.06,49.505,1.3649,2.0989,-0.734,149.53,142.56,4.772,2020,8,3,2020-08,False
2020-08-04,ITC,143.85,146.24,143.85,144.63,17849565,0.545,146.02,141.57,148.92,51.129,1.1876,1.9166,-0.7291,149.54,142.5,4.816,2020,8,3,2020-08,False
2020-08-05,ITC,145.26,145.34,143.17,144.0,50646546,-0.439,145.89,141.73,148.76,49.735,0.9845,1.7302,-0.7457,149.51,142.27,4.958,2020,8,3,2020-08,False
2020-08-06,ITC,145.04,146.09,144.22,145.9,18574935,1.323,145.88,141.94,148.63,53.806,0.966,1.5774,-0.6113,149.5,142.27,4.958,2020,8,3,2020-08,False
2020-08-07,ITC,146.01,147.13,145.0,146.42,21717194,0.358,145.95,142.07,148.49,54.886,0.9823,1.4584,-0.4761,149.56,142.34,4.943,2020,8,3,2020-08,False
2020-08-10,ITC,146.68,149.11,146.68,148.51,17108987,1.428,146.0,142.2,148.36,59.015,1.1507,1.3968,-0.2462,149.72,142.28,5.098,2020,8,3,2020-08,False
2020-08-11,ITC,149.37,155.12,149.37,151.65,57266693,2.112,146.26,142.44,148.23,64.293,1.5197,1.4214,0.0983,150.76,141.76,6.155,2020,8,3,2020-08,False
2020-08-12,ITC,151.24,153.03,149.67,152.51,22106836,0.566,146.47,142.7,148.11,65.6,1.86,1.5091,0.3509,151.7,141.24,7.139,2020,8,3,2020-08,False
2020-08-13,ITC,151.99,152.51,147.21,150.46,23573090,-1.347,146.75,142.87,147.98,59.951,1.9416,1.5956,0.346,152.21,141.3,7.432,2020,8,3,2020-08,False
2020-08-14,ITC,150.57,151.87,146.01,146.68,29858596,-2.507,146.84,142.97,147.83,51.228,1.6825,1.613,0.0695,152.23,141.46,7.335,2020,8,3,2020-08,False
2020-08-17,ITC,147.92,149.0,147.02,148.44,12192938,1.197,147.07,143.13,147.69,54.542,1.6004,1.6105,-0.0101,152.31,141.82,7.136,2020,8,3,2020-08,False
2020-08-18,ITC,149.3,149.3,147.32,148.29,12969115,-0.101,147.3,143.28,147.53,54.205,1.5059,1.5896,-0.0837,152.31,142.3,6.797,2020,8,3,2020-08,False
2020-08-19,ITC,148.33,150.64,147.95,148.21,16070316,-0.05,147.37,143.43,147.35,54.025,1.4087,1.5534,-0.1447,152.39,142.36,6.807,2020,8,3,2020-08,False
2020-08-20,ITC,147.13,147.28,145.3,146.24,17561721,-1.335,147.19,143.6,147.17,49.346,1.1587,1.4744,-0.3158,152.08,142.3,6.65,2020,8,3,2020-08,False
2020-08-21,ITC,147.88,148.78,146.61,146.98,17897538,0.511,147.09,143.79,146.98,51.068,1.0091,1.3814,-0.3723,151.9,142.27,6.545,2020,8,3,2020-08,False
2020-08-24,ITC,147.32,148.63,146.65,146.91,15304895,-0.051,147.1,144.07,146.79,50.882,0.8745,1.28,-0.4055,151.91,142.29,6.541,2020,8,3,2020-08,False
2020-08-25,ITC,147.32,148.1,145.71,145.94,15784633,-0.661,147.1,144.37,146.59,48.409,0.6816,1.1603,-0.4787,151.91,142.29,6.541,2020,8,3,2020-08,False
2020-08-26,ITC,146.76,146.8,144.63,145.6,23502769,-0.23,147.03,144.71,146.39,47.548,0.4959,1.0274,-0.5315,151.89,142.17,6.606,2020,8,3,2020-08,False
2020-08-27,ITC,148.25,148.55,144.82,145.08,49030500,-0.359,147.06,144.97,146.17,46.172,0.303,0.8826,-0.5795,151.85,142.28,6.513,2020,8,3,2020-08,False
2020-08-28,ITC,145.34,146.61,144.93,146.05,35979788,0.669,147.12,145.28,145.98,49.117,0.2259,0.7512,-0.5253,151.83,142.4,6.412,2020,8,3,2020-08,False
2020-08-31,ITC,148.63,148.63,141.9,142.73,100730476,-2.276,147.06,145.51,145.77,40.873,-0.1022,0.5806,-0.6827,151.96,142.16,6.668,2020,8,3,2020-08,False
2020-09-01,ITC,142.73,143.66,140.6,142.05,41311165,-0.471,146.93,145.71,145.58,39.432,-0.4117,0.3821,-0.7938,152.22,141.64,7.203,2020,9,3,2020-09,False
2020-09-02,ITC,142.87,144.14,141.64,142.91,21378178,0.605,146.88,145.85,145.4,42.235,-0.581,0.1895,-0.7705,152.32,141.44,7.406,2020,9,3,2020-09,False
2020-09-03,ITC,142.95,144.33,141.9,143.1,16295787,0.131,146.74,145.85,145.22,42.854,-0.6921,0.0132,-0.7053,152.42,141.05,7.746,2020,9,3,2020-09,False
2020-09-04,ITC,141.9,141.9,138.69,139.44,42983034,-2.557,146.39,145.87,145.03,34.947,-1.0632,-0.2021,-0.8611,152.94,139.83,8.957,2020,9,3,2020-09,False
2020-09-07,ITC,139.85,142.28,135.03,141.23,33918419,1.285,146.02,145.9,144.85,40.717,-1.1988,-0.4014,-0.7974,152.89,139.16,9.397,2020,9,3,2020-09,False
2020-09-08,ITC,141.61,142.31,137.87,140.52,26574542,-0.502,145.47,145.95,144.67,39.233,-1.3481,-0.5908,-0.7573,152.21,138.72,9.272,2020,9,3,2020-09,False
2020-09-09,ITC,138.54,139.1,136.15,137.27,28901363,-2.312,144.71,145.82,144.48,33.258,-1.7088,-0.8144,-0.8944,151.54,137.87,9.449,2020,9,3,2020-09,False
2020-09-10,ITC,137.5,138.69,136.83,138.09,18469229,0.598,144.09,145.66,144.3,35.916,-1.9064,-1.0328,-0.8736,150.97,137.21,9.554,2020,9,3,2020-09,False
2020-09-11,ITC,138.09,139.29,136.49,137.39,19997552,-0.514,143.62,145.47,144.11,34.633,-2.0961,-1.2454,-0.8506,151.01,136.24,10.281,2020,9,3,2020-09,False
2020-09-14,ITC,138.77,138.8,136.68,136.94,32185628,-0.326,143.05,145.22,143.91,33.812,-2.2565,-1.4477,-0.8089,150.64,135.46,10.615,2020,9,3,2020-09,False
2020-09-15,ITC,137.42,137.57,135.03,135.78,31956903,-0.845,142.42,145.03,143.71,31.719,-2.4489,-1.6479,-0.801,150.25,134.59,10.998,2020,9,3,2020-09,False
2020-09-16,ITC,135.82,137.05,134.47,134.92,52591750,-0.633,141.76,144.8,143.51,30.224,-2.6402,-1.8464,-0.7939,149.77,133.74,11.31,2020,9,3,2020-09,False
2020-09-17,ITC,135.03,135.56,132.79,133.39,35240133,-1.135,141.12,144.55,143.3,27.717,-2.8822,-2.0535,-0.8286,149.66,132.57,12.113,2020,9,3,2020-09,False
2020-09-18,ITC,134.1,134.32,132.19,133.76,30929813,0.28,140.46,144.32,143.1,29.259,-3.0091,-2.2446,-0.7644,149.14,131.77,12.36,2020,9,3,2020-09,False
2020-09-21,ITC,134.44,134.88,130.74,131.26,24811451,-1.87,139.67,144.0,142.9,25.357,-3.2738,-2.4505,-0.8233,148.72,130.63,12.951,2020,9,3,2020-09,False
2020-09-22,ITC,131.26,132.01,129.77,130.1,19242719,-0.882,138.88,143.67,142.68,23.777,-3.5363,-2.6676,-0.8686,148.38,129.38,13.675,2020,9,3,2020-09,False
2020-09-23,ITC,130.66,132.61,128.24,128.83,64164525,-0.976,138.04,143.28,142.45,22.147,-3.8029,-2.8947,-0.9082,147.99,128.09,14.413,2020,9,3,2020-09,False
2020-09-24,ITC,128.24,128.27,124.09,124.39,32698988,-3.449,137.01,142.87,142.21,17.6,-4.3229,-3.1803,-1.1426,148.11,125.91,16.208,2020,9,3,2020-09,False
2020-09-25,ITC,126.15,127.86,124.73,127.53,27650738,2.522,136.08,142.52,141.99,28.725,-4.4309,-3.4304,-1.0004,147.1,125.06,16.192,2020,9,3,2020-09,False
2020-09-28,ITC,127.71,130.55,127.34,129.43,24087933,1.493,135.42,142.23,141.81,34.506,-4.313,-3.607,-0.7061,146.35,124.48,16.148,2020,9,3,2020-09,False
2020-09-29,ITC,130.51,130.51,126.22,126.52,26602326,-2.25,134.64,141.89,141.6,30.439,-4.4039,-3.7663,-0.6376,145.79,123.49,16.568,2020,9,3,2020-09,False
2020-09-30,ITC,126.97,128.54,126.0,128.24,19193371,1.358,133.91,141.52,141.39,35.284,-4.2879,-3.8707,-0.4172,144.69,123.12,16.112,2020,9,3,2020-09,False
2020-10-01,ITC,130.33,130.4,127.04,127.6,20517295,-0.495,133.13,141.08,141.17,34.332,-4.1988,-3.9363,-0.2625,143.35,122.91,15.351,2020,10,4,2020-10,False
2020-10-05,ITC,127.79,129.06,126.03,126.41,25234767,-0.936,132.48,140.62,140.97,32.552,-4.1764,-3.9843,-0.1921,142.67,122.29,15.379,2020,10,4,2020-10,False
2020-10-06,ITC,126.59,128.16,125.55,126.89,22728054,0.384,131.76,140.23,140.75,34.048,-4.0726,-4.002,-0.0706,141.36,122.17,14.564,2020,10,4,2020-10,False
2020-10-07,ITC,126.97,127.64,126.22,126.59,16913783,-0.235,131.07,139.84,140.51,33.555,-3.9686,-3.9953,0.0266,139.98,122.15,13.606,2020,10,4,2020-10,False
2020-10-08,ITC,127.04,127.27,124.65,124.84,26484289,-1.386,130.45,139.4,140.27,30.738,-3.982,-3.9926,0.0106,139.27,121.62,13.535,2020,10,4,2020-10,False
2020-10-09,ITC,125.1,126.15,124.24,125.36,23234939,0.419,129.81,139.02,140.04,32.554,-3.9054,-3.9752,0.0698,138.14,121.48,12.831,2020,10,4,2020-10,False
2020-10-12,ITC,127.34,130.85,126.97,128.61,68801924,2.592,129.37,138.69,139.84,42.623,-3.5417,-3.8885,0.3468,136.9,121.84,11.647,2020,10,4,2020-10,False
2020-10-13,ITC,129.1,130.59,126.59,127.08,37058708,-1.19,128.88,138.35,139.63,39.621,-3.3385,-3.7785,0.44,135.57,122.18,10.385,2020,10,4,2020-10,False
2020-10-14,ITC,127.38,127.71,124.76,125.32,39688050,-1.381,128.35,137.97,139.41,36.452,-3.2813,-3.6791,0.3978,134.38,122.33,9.382,2020,10,4,2020-10,False
2020-10-15,ITC,125.25,125.32,122.9,123.27,28161148,-1.639,127.77,137.55,139.19,33.114,-3.3629,-3.6158,0.2529,133.36,122.19,8.742,2020,10,4,2020-10,False
2020-10-16,ITC,123.61,124.58,122.34,123.76,21006060,0.394,127.29,137.11,138.96,34.637,-3.3498,-3.5626,0.2128,132.48,122.1,8.159,2020,10,4,2020-10,False
2020-10-19,ITC,124.58,126.15,124.09,125.66,19748904,1.539,126.88,136.7,138.75,40.376,-3.1494,-3.48,0.3305,131.13,122.64,6.689,2020,10,4,2020-10,False
2020-10-20,ITC,125.47,125.7,124.5,125.06,16770677,-0.475,126.57,136.23,138.53,39.212,-3.0042,-3.3848,0.3806,130.35,122.8,5.969,2020,10,4,2020-10,False
2020-10-21,ITC,125.59,126.15,124.43,125.21,17113482,0.119,126.33,135.7,138.31,39.68,-2.8443,-3.2767,0.4324,129.76,122.9,5.436,2020,10,4,2020-10,False
2020-10-22,ITC,125.14,126.29,124.73,125.88,22893091,0.537,126.18,135.16,138.09,41.849,-2.633,-3.148,0.515,129.41,122.95,5.116,2020,10,4,2020-10,False
2020-10-23,ITC,126.18,127.71,125.29,127.53,20921450,1.305,126.34,134.71,137.9,46.877,-2.3063,-2.9796,0.6733,129.5,123.17,5.011,2020,10,4,2020-10,False
2020-10-26,ITC,128.09,128.16,125.66,125.88,16699886,-1.288,126.26,134.29,137.69,42.884,-2.1552,-2.8148,0.6596,129.38,123.14,4.943,2020,10,4,2020-10,False
2020-10-27,ITC,125.85,126.44,124.54,124.88,47652264,-0.801,126.03,133.82,137.48,40.598,-2.0927,-2.6703,0.5777,128.82,123.24,4.432,2020,10,4,2020-10,False
2020-10-28,ITC,125.85,125.85,123.23,123.61,17468592,-1.017,125.88,133.33,137.27,37.862,-2.1211,-2.5605,0.4394,128.87,122.9,4.739,2020,10,4,2020-10,False
2020-10-29,ITC,123.23,123.94,122.07,122.37,21816186,-0.997,125.59,132.81,137.04,35.37,-2.2175,-2.4919,0.2744,128.75,122.43,5.027,2020,10,4,2020-10,False
2020-10-30,ITC,122.49,124.58,122.0,123.42,16976909,0.854,125.38,132.35,136.8,39.036,-2.1844,-2.4304,0.246,128.53,122.23,5.025,2020,10,4,2020-10,False
2020-11-02,ITC,124.58,124.88,122.82,124.54,14924105,0.908,125.29,131.9,136.56,42.782,-2.0441,-2.3531,0.309,128.42,122.16,5.001,2020,11,4,2020-11,False
2020-11-03,ITC,124.88,127.53,124.8,127.04,23473408,2.009,125.3,131.51,136.34,50.147,-1.7114,-2.2248,0.5134,128.44,122.15,5.027,2020,11,4,2020-11,False
2020-11-04,ITC,127.0,128.31,125.62,126.82,19533203,-0.176,125.31,131.12,136.12,49.532,-1.4491,-2.0696,0.6206,128.48,122.14,5.06,2020,11,4,2020-11,False
2020-11-05,ITC,127.9,130.7,127.12,130.51,28037401,2.915,125.59,130.82,135.92,58.562,-0.9321,-1.8421,0.91,129.51,121.67,6.244,2020,11,4,2020-11,False
2020-11-06,ITC,131.82,132.34,129.51,129.92,35571152,-0.458,125.82,130.52,135.72,56.793,-0.5641,-1.5865,1.0224,130.19,121.45,6.944,2020,11,4,2020-11,False
2020-11-09,ITC,129.92,132.42,128.35,129.06,36645472,-0.661,125.84,130.18,135.52,54.257,-0.3379,-1.3368,0.9989,130.27,121.41,7.046,2020,11,4,2020-11,False
2020-11-10,ITC,130.7,134.1,128.35,133.2,59672371,3.212,126.15,129.99,135.34,62.875,0.1739,-1.0347,1.2085,131.66,120.64,8.734,2020,11,4,2020-11,False
2020-11-11,ITC,134.14,138.84,133.39,138.39,65757234,3.897,126.8,129.92,135.19,70.396,0.9869,-0.6304,1.6172,134.55,119.06,12.216,2020,11,4,2020-11,False
2020-11-12,ITC,138.32,140.97,137.31,140.41,48153554,1.457,127.66,129.87,135.04,72.709,1.7735,-0.1496,1.9231,137.31,118.0,15.13,2020,11,4,2020-11,False
2020-11-13,ITC,139.81,141.01,138.58,139.74,29284742,-0.479,128.46,129.8,134.91,70.725,2.316,0.3435,1.9724,139.32,117.59,16.919,2020,11,4,2020-11,False
2020-11-14,ITC,141.19,141.9,140.45,140.86,8066280,0.802,129.22,129.83,134.8,72.092,2.8039,0.8356,1.9683,141.32,117.12,18.727,2020,11,4,2020-11,False
2020-11-17,ITC,141.16,141.46,139.22,139.92,21757459,-0.663,129.96,129.8,134.66,69.193,3.0798,1.2844,1.7954,142.79,117.13,19.742,2020,11,4,2020-11,False
2020-11-18,ITC,139.51,140.75,136.49,137.46,27620283,-1.761,130.57,129.74,134.52,62.094,3.0643,1.6404,1.4239,143.61,117.53,19.976,2020,11,4,2020-11,False
2020-11-19,ITC,136.53,143.25,136.45,140.34,50871154,2.092,131.29,129.8,134.38,66.422,3.2465,1.9616,1.2849,144.83,117.75,20.625,2020,11,4,2020-11,False
2020-11-20,ITC,141.01,143.4,138.95,143.17,47052232,2.022,132.08,129.9,134.36,70.057,3.5787,2.2851,1.2937,146.48,117.67,21.811,2020,11,4,2020-11,False
2020-11-23,ITC,143.4,143.77,140.9,142.54,24073204,-0.443,132.91,130.0,134.31,68.276,3.7476,2.5776,1.17,147.73,118.09,22.295,2020,11,4,2020-11,False
2020-11-24,ITC,142.35,146.72,142.35,146.05,47160760,2.463,133.97,130.19,134.28,72.446,4.1172,2.8855,1.2317,149.38,118.56,23.009,2020,11,4,2020-11,False
2020-11-25,ITC,146.39,147.84,143.77,144.78,43263598,-0.869,135.03,130.37,134.24,68.918,4.2586,3.1601,1.0985,150.35,119.7,22.698,2020,11,4,2020-11,False
2020-11-26,ITC,145.71,146.27,143.81,145.49,25155854,0.49,136.18,130.58,134.21,69.803,4.3774,3.4036,0.9738,150.97,121.4,21.71,2020,11,4,2020-11,False
2020-11-27,ITC,145.23,146.2,144.29,144.63,32594141,-0.59,137.24,130.8,134.19,67.304,4.3521,3.5933,0.7588,151.19,123.3,20.325,2020,11,4,2020-11,False
2020-12-01,ITC,145.64,146.65,143.7,145.19,16505446,0.387,138.28,131.03,134.16,68.106,4.3274,3.7401,0.5873,151.29,125.26,18.823,2020,12,4,2020-12,False
2020-12-02,ITC,145.64,148.44,144.56,146.35,29520716,0.797,139.24,131.33,134.14,69.757,4.351,3.8623,0.4887,151.59,126.89,17.742,2020,12,4,2020-12,False
2020-12-03,ITC,147.28,147.28,145.3,146.53,29087754,0.128,140.23,131.66,134.12,70.026,4.3349,3.9568,0.3781,151.5,128.95,16.085,2020,12,4,2020-12,False
2020-12-04,ITC,147.02,148.89,146.76,148.03,23005484,1.019,141.1,132.05,134.13,72.163,4.392,4.0438,0.3481,151.92,130.29,15.325,2020,12,4,2020-12,False
2020-12-07,ITC,148.03,152.17,147.58,151.73,37068111,2.497,142.19,132.59,134.16,76.607,4.6816,4.1714,0.5102,152.65,131.74,14.705,2020,12,4,2020-12,False
2020-12-08,ITC,152.29,152.88,149.04,151.2,32042241,-0.345,143.3,133.07,134.19,74.789,4.8134,4.2998,0.5136,152.52,134.09,12.861,2020,12,4,2020-12,False
2020-12-09,ITC,153.11,155.2,152.85,153.41,41212760,1.457,144.31,133.55,134.23,77.241,5.0376,4.4473,0.5903,153.29,135.33,12.446,2020,12,4,2020-12,False
2020-12-10,ITC,154.34,159.57,151.73,158.86,67739601,3.554,145.33,134.19,134.28,81.925,5.5908,4.676,0.9147,155.98,134.68,14.656,2020,12,4,2020-12,False
2020-12-11,ITC,160.16,162.78,159.34,161.55,62645643,1.693,146.39,134.86,134.37,83.706,6.1749,4.9758,1.1991,159.0,133.78,17.224,2020,12,4,2020-12,False
2020-12-14,ITC,162.78,163.26,160.58,161.25,28029531,-0.185,147.47,135.53,134.46,82.731,6.5384,5.2883,1.2501,161.29,133.64,18.755,2020,12,4,2020-12,False
2020-12-15,ITC,160.76,161.62,158.04,159.49,24151252,-1.088,148.4,136.19,134.56,77.05,6.6087,5.5524,1.0563,162.85,133.95,19.476,2020,12,4,2020-12,False
2020-12-16,ITC,159.64,160.99,159.46,159.83,20304621,0.211,149.39,136.85,134.66,77.37,6.6152,5.765,0.8502,164.13,134.66,19.723,2020,12,4,2020-12,False
2020-12-17,ITC,159.98,160.65,157.77,159.12,23248344,-0.444,150.48,137.5,134.75,74.989,6.4883,5.9096,0.5787,164.69,136.26,18.893,2020,12,4,2020-12,False
2020-12-18,ITC,159.16,161.29,156.65,160.2,24690701,0.681,151.47,138.21,134.86,76.193,6.4014,6.008,0.3934,165.48,137.46,18.493,2020,12,4,2020-12,False
2020-12-21,ITC,160.2,160.35,148.74,151.58,43445980,-5.385,151.89,138.73,134.93,53.925,5.5722,5.9208,-0.3486,165.34,138.44,17.712,2020,12,4,2020-12,False
2020-12-22,ITC,151.69,154.04,147.06,151.91,42564860,0.222,152.36,139.2,135.03,54.483,4.8858,5.7138,-0.828,165.07,139.65,16.687,2020,12,4,2020-12,False
2020-12-23,ITC,151.61,155.53,150.87,155.16,24608258,2.139,152.81,139.76,135.13,59.58,4.5516,5.4814,-0.9298,165.22,140.4,16.242,2020,12,4,2020-12,False
2020-12-24,ITC,156.84,157.33,153.55,155.8,23645158,0.409,153.36,140.37,135.27,60.511,4.2885,5.2428,-0.9543,165.24,141.49,15.485,2020,12,4,2020-12,False
2020-12-28,ITC,156.09,156.99,155.24,156.47,16347233,0.431,153.91,141.04,135.42,61.521,4.0871,5.0117,-0.9246,165.26,142.57,14.742,2020,12,4,2020-12,False
2020-12-29,ITC,157.21,159.46,156.92,158.0,27568853,0.979,154.58,141.72,135.59,63.793,4.0049,4.8103,-0.8054,165.17,143.99,13.704,2020,12,4,2020-12,False
2020-12-30,ITC,158.86,159.46,156.51,157.7,19654130,-0.189,155.21,142.36,135.83,63.011,3.871,4.6224,-0.7515,164.9,145.51,12.495,2020,12,4,2020-12,False
2020-12-31,ITC,157.25,157.81,155.76,156.09,18947950,-1.018,155.69,142.98,136.03,58.837,3.5939,4.4167,-0.8229,164.45,146.94,11.247,2020,12,4,2020-12,False
2021-01-01,ITC,156.77,159.98,156.32,159.72,20279389,2.321,156.35,143.67,136.31,64.543,3.6248,4.2583,-0.6336,164.14,148.57,9.956,2021,1,1,2021-01,False
2021-01-04,ITC,159.83,161.32,158.41,159.38,27927482,-0.21,156.92,144.34,136.58,63.661,3.5809,4.1228,-0.542,163.74,150.1,8.696,2021,1,1,2021-01,False
2021-01-05,ITC,158.67,159.27,157.29,157.92,18718244,-0.914,157.23,144.95,136.83,59.846,3.3895,3.9762,-0.5867,163.61,150.85,8.113,2021,1,1,2021-01,False
2021-01-06,ITC,157.92,157.96,152.73,153.41,50957586,-2.861,157.34,145.5,137.03,49.861,2.8404,3.749,-0.9086,163.35,151.34,7.633,2021,1,1,2021-01,False
2021-01-07,ITC,153.93,155.05,150.94,151.46,36298522,-1.266,157.24,146.03,137.16,46.287,2.223,3.4438,-1.2208,163.57,150.92,8.047,2021,1,1,2021-01,False
2021-01-08,ITC,152.62,153.85,149.56,150.49,58600546,-0.641,156.83,146.57,137.37,44.567,1.6365,3.0823,-1.4459,163.78,149.87,8.867,2021,1,1,2021-01,False
2021-01-11,ITC,152.36,153.93,150.31,151.24,44625924,0.496,156.31,147.15,137.59,46.223,1.2179,2.7095,-1.4916,163.32,149.3,8.966,2021,1,1,2021-01,False
2021-01-12,ITC,151.61,154.53,150.57,154.19,36989137,1.951,155.96,147.76,137.84,52.285,1.1114,2.3898,-1.2785,162.62,149.3,8.544,2021,1,1,2021-01,False
2021-01-13,ITC,154.94,159.08,153.29,157.77,66387977,2.325,155.87,148.43,138.08,58.419,1.3013,2.1721,-0.8709,162.39,149.36,8.358,2021,1,1,2021-01,False
2021-01-14,ITC,158.33,161.7,158.04,159.94,50164605,1.373,155.88,149.09,138.3,61.628,1.608,2.0593,-0.4513,162.41,149.35,8.376,2021,1,1,2021-01,False
2021-01-15,ITC,160.5,163.19,157.74,162.7,60567280,1.728,156.06,149.8,138.55,65.308,2.0504,2.0575,-0.0071,163.13,148.98,9.069,2021,1,1,2021-01,False
2021-01-18,ITC,163.11,165.8,160.28,164.12,70211602,0.872,156.25,150.47,138.76,67.055,2.4868,2.1434,0.3435,164.0,148.51,9.914,2021,1,1,2021-01,False
2021-01-19,ITC,165.06,165.58,162.44,163.45,33009228,-0.41,156.85,151.15,138.99,65.375,2.7468,2.2641,0.4828,164.9,148.8,10.266,2021,1,1,2021-01,False
2021-01-20,ITC,163.19,163.56,161.1,162.55,46392916,-0.548,157.38,151.82,139.17,63.106,2.8477,2.3808,0.4669,165.46,149.29,10.274,2021,1,1,2021-01,False
2021-01-21,ITC,163.56,163.94,158.48,159.6,30116008,-1.815,157.6,152.34,139.32,56.191,2.659,2.4364,0.2226,165.67,149.53,10.243,2021,1,1,2021-01,False
2021-01-22,ITC,159.83,160.39,156.21,157.36,25663922,-1.404,157.68,152.72,139.48,51.57,2.3021,2.4096,-0.1075,165.71,149.65,10.183,2021,1,1,2021-01,False
2021-01-25,ITC,158.33,158.71,154.49,155.2,25929487,-1.376,157.62,153.02,139.6,47.502,1.8234,2.2923,-0.4689,165.7,149.53,10.264,2021,1,1,2021-01,False
2021-01-27,ITC,155.35,158.82,154.68,157.33,50338134,1.372,157.58,153.37,139.74,51.547,1.5975,2.1534,-0.5559,165.67,149.5,10.264,2021,1,1,2021-01,False
2021-01-28,ITC,156.28,157.59,153.67,154.3,22984352,-1.923,157.41,153.64,139.84,46.11,1.1609,1.9549,-0.794,165.63,149.19,10.442,2021,1,1,2021-01,False
2021-01-29,ITC,155.76,155.94,151.13,151.8,24679902,-1.621,157.2,153.88,139.94,42.151,0.606,1.6851,-1.0791,165.78,148.62,10.916,2021,1,1,2021-01,False
2021-02-01,ITC,152.36,162.78,150.72,161.29,59968324,6.248,157.28,154.35,140.08,57.168,0.9211,1.5323,-0.6112,165.98,148.57,11.07,2021,2,1,2021-02,False
2021-02-02,ITC,164.31,166.92,162.07,162.97,50324035,1.042,157.46,154.81,140.25,59.189,1.2915,1.4841,-0.1927,166.48,148.43,11.469,2021,2,1,2021-02,False
2021-02-03,ITC,165.43,165.8,161.1,161.88,55709225,-0.665,157.65,155.18,140.42,57.312,1.4805,1.4834,-0.0029,166.9,148.41,11.726,2021,2,1,2021-02,False
2021-02-04,ITC,161.4,172.82,161.32,171.74,109894300,6.09,158.57,155.76,140.64,67.437,2.3982,1.6664,0.7319,169.52,147.62,13.81,2021,2,1,2021-02,False
2021-02-05,ITC,173.38,178.39,169.72,175.03,130323308,1.913,159.75,156.34,140.87,69.992,3.3521,2.0035,1.3485,172.41,147.08,15.857,2021,2,1,2021-02,False
2021-02-08,ITC,177.38,177.79,172.9,174.09,43093963,-0.533,160.93,156.93,141.1,68.351,3.9867,2.4001,1.5865,174.34,147.52,16.667,2021,2,1,2021-02,False
2021-02-09,ITC,175.21,178.65,170.43,171.03,73377134,-1.759,161.92,157.44,141.32,63.124,4.1942,2.759,1.4352,175.24,148.6,16.454,2021,2,1,2021-02,False
2021-02-10,ITC,171.03,172.6,166.63,169.95,49104142,-0.633,162.71,157.95,141.54,61.338,4.2226,3.0517,1.1709,175.97,149.45,16.3,2021,2,1,2021-02,False
2021-02-11,ITC,171.03,171.26,167.67,169.13,45311749,-0.483,163.27,158.43,141.74,59.951,4.1311,3.2676,0.8636,176.62,149.93,16.345,2021,2,1,2021-02,False
2021-02-12,ITC,168.6,168.6,161.17,162.41,114826417,-3.974,163.4,158.75,141.9,49.996,3.4762,3.3093,0.1669,176.66,150.14,16.229,2021,2,1,2021-02,False
2021-02-15,ITC,163.15,165.06,162.44,163.26,33000365,0.529,163.42,159.08,142.1,51.113,2.992,3.2458,-0.2538,176.68,150.17,16.222,2021,2,1,2021-02,False
2021-02-16,ITC,163.6,165.65,162.26,163.0,30271502,-0.16,163.37,159.38,142.3,50.742,2.5577,3.1082,-0.5505,176.62,150.12,16.224,2021,2,1,2021-02,False
2021-02-17,ITC,162.52,163.11,161.73,162.63,20615018,-0.229,163.33,159.6,142.53,50.181,2.1585,2.9183,-0.7598,176.58,150.07,16.233,2021,2,1,2021-02,False
2021-02-18,ITC,162.97,164.76,162.74,163.45,24997592,0.505,163.37,159.84,142.78,51.453,1.8867,2.712,-0.8253,176.62,150.12,16.222,2021,2,1,2021-02,False
2021-02-19,ITC,163.45,163.49,159.83,161.29,29208388,-1.325,163.46,160.0,143.02,47.975,1.4794,2.4654,-0.986,176.63,150.28,16.117,2021,2,1,2021-02,False
2021-02-22,ITC,162.24,162.24,157.64,158.45,53531490,-1.759,163.51,159.99,143.25,43.799,0.9172,2.1558,-1.2386,176.59,150.44,15.993,2021,2,1,2021-02,False
2021-02-23,ITC,159.17,161.13,158.41,159.56,27703323,0.7,163.73,159.95,143.47,45.787,0.5547,1.8356,-1.2809,176.36,151.1,15.427,2021,2,1,2021-02,False
2021-02-24,ITC,160.02,160.55,158.03,159.83,13667471,0.168,163.85,159.93,143.68,46.28,0.2858,1.5256,-1.2398,176.26,151.44,15.148,2021,2,1,2021-02,False
2021-02-25,ITC,160.32,161.62,159.79,160.05,26953713,0.144,164.14,159.94,143.9,46.728,0.0901,1.2385,-1.1484,175.87,152.42,14.287,2021,2,1,2021-02,False
2021-02-26,ITC,158.6,159.17,155.35,156.0,45101885,-2.534,164.35,159.86,144.1,40.33,-0.3877,0.9133,-1.301,175.27,153.43,13.286,2021,2,1,2021-02,False
2021-03-01,ITC,157.22,158.98,156.15,158.33,16850430,1.496,164.2,159.84,144.3,44.997,-0.5715,0.6163,-1.1878,175.37,153.03,13.604,2021,3,1,2021-03,False
2021-03-02,ITC,158.41,161.32,158.03,160.63,26590262,1.45,164.09,159.85,144.5,49.206,-0.5258,0.3879,-0.9137,175.36,152.81,13.739,2021,3,1,2021-03,False
2021-03-03,ITC,162.24,162.24,159.79,160.67,21648963,0.024,164.03,160.03,144.68,49.276,-0.481,0.2141,-0.6951,175.36,152.69,13.821,2021,3,1,2021-03,False
2021-03-04,ITC,159.79,161.7,158.87,160.48,25858155,-0.119,163.46,160.21,144.81,48.915,-0.4557,0.0802,-0.5358,174.29,152.63,13.25,2021,3,1,2021-03,False
2021-03-05,ITC,159.17,160.71,158.56,159.6,17990773,-0.548,162.69,160.29,144.95,47.2,-0.5008,-0.036,-0.4648,172.17,153.22,11.647,2021,3,1,2021-03,False
2021-03-08,ITC,160.48,161.32,158.95,159.17,23874105,-0.264,161.95,160.36,145.07,46.364,-0.5641,-0.1416,-0.4224,169.86,154.03,9.775,2021,3,1,2021-03,False
2021-03-09,ITC,159.71,160.51,156.69,159.02,23463213,-0.096,161.34,160.41,145.18,46.044,-0.6194,-0.2372,-0.3822,168.09,154.6,8.365,2021,3,1,2021-03,False
2021-03-10,ITC,160.02,160.09,157.49,158.03,20358192,-0.626,160.75,160.41,145.3,43.924,-0.7351,-0.3368,-0.3983,166.3,155.2,6.903,2021,3,1,2021-03,False
2021-03-12,ITC,159.17,159.17,155.73,157.03,31973696,-0.63,160.14,160.4,145.38,41.849,-0.8967,-0.4487,-0.4479,164.31,155.98,5.205,2021,3,1,2021-03,False
2021-03-15,ITC,157.53,157.64,154.28,157.22,42699297,0.122,159.88,160.42,145.46,42.412,-0.9978,-0.5586,-0.4392,164.1,155.66,5.279,2021,3,1,2021-03,False
2021-03-16,ITC,157.95,159.86,156.84,159.06,50641203,1.168,159.67,160.41,145.55,47.656,-0.9191,-0.6307,-0.2885,163.59,155.76,4.909,2021,3,1,2021-03,False
2021-03-17,ITC,162.39,163.69,159.6,161.16,81604999,1.323,159.58,160.45,145.66,52.943,-0.6792,-0.6404,-0.0388,163.25,155.91,4.598,2021,3,1,2021-03,False
2021-03-18,ITC,163.0,167.67,162.16,166.56,95536034,3.348,159.78,160.62,145.79,63.204,-0.053,-0.5229,0.4699,164.43,155.13,5.816,2021,3,1,2021-03,False
2021-03-19,ITC,167.59,173.06,164.95,170.62,139352860,2.435,160.14,160.96,145.93,68.725,0.7617,-0.266,1.0277,166.69,153.59,8.183,2021,3,1,2021-03,False
2021-03-22,ITC,170.88,173.26,169.51,172.95,47823778,1.368,160.72,161.39,146.09,71.386,1.5775,0.1027,1.4748,169.43,152.02,10.833,2021,3,1,2021-03,False
2021-03-23,ITC,172.18,174.56,169.35,170.04,43165463,-1.681,161.3,161.78,146.24,64.072,1.9667,0.4755,1.4912,170.87,151.73,11.865,2021,3,1,2021-03,False
2021-03-24,ITC,169.12,170.5,164.72,165.26,28672557,-2.813,161.59,162.06,146.36,54.23,1.8677,0.754,1.1138,171.27,151.9,11.993,2021,3,1,2021-03,False
2021-03-25,ITC,164.65,165.26,159.98,161.93,42248040,-2.014,161.69,162.22,146.48,48.631,1.5033,0.9038,0.5995,171.35,152.04,11.942,2021,3,1,2021-03,False
2021-03-26,ITC,163.96,164.11,160.97,161.39,27083832,-0.331,161.76,162.29,146.6,47.776,1.1579,0.9546,0.2033,171.38,152.13,11.901,2021,3,1,2021-03,False
2021-03-30,ITC,163.19,164.53,161.01,164.19,28862387,1.731,162.17,162.38,146.76,52.468,1.097,0.9831,0.1139,171.45,152.88,11.451,2021,3,1,2021-03,False
2021-03-31,ITC,163.8,167.82,162.77,167.21,37890481,1.841,162.61,162.47,146.94,56.973,1.2778,1.0421,0.2358,171.97,153.25,11.514,2021,3,1,2021-03,False
2021-04-01,ITC,168.36,168.82,166.29,168.4,30182056,0.709,163.0,162.55,147.14,58.63,1.4996,1.1336,0.366,172.65,153.34,11.847,2021,4,2,2021-04,False
2021-04-05,ITC,166.52,168.36,161.09,162.66,32586507,-3.408,163.1,162.54,147.29,48.831,1.1984,1.1465,0.0519,172.69,153.5,11.765,2021,4,2,2021-04,False
2021-04-06,ITC,163.61,164.49,160.82,162.73,26663018,0.047,163.21,162.54,147.45,48.954,0.9549,1.1082,-0.1533,172.73,153.69,11.663,2021,4,2,2021-04,False
2021-04-07,ITC,162.77,164.68,162.58,163.61,15790468,0.541,163.41,162.62,147.62,50.423,0.8234,1.0512,-0.2278,172.78,154.05,11.461,2021,4,2,2021-04,False
2021-04-08,ITC,164.42,165.37,162.89,163.19,14660557,-0.257,163.61,162.74,147.77,49.686,0.6774,0.9765,-0.299,172.77,154.46,11.187,2021,4,2,2021-04,False
2021-04-09,ITC,163.58,165.26,162.66,163.08,16994483,-0.07,163.82,162.89,147.91,49.474,0.5462,0.8904,-0.3442,172.72,154.92,10.865,2021,4,2,2021-04,False
2021-04-12,ITC,160.71,161.47,156.88,157.11,35840817,-3.66,163.77,162.89,147.98,39.919,-0.039,0.7045,-0.7436,172.8,154.74,11.032,2021,4,2,2021-04,False
2021-04-13,ITC,158.41,160.48,157.64,159.71,21027436,1.656,163.9,163.0,148.08,44.913,-0.2895,0.5057,-0.7952,172.59,155.22,10.599,2021,4,2,2021-04,False
2021-04-15,ITC,159.94,161.05,157.64,158.18,18205903,-0.958,163.95,163.12,148.18,42.667,-0.6046,0.2837,-0.8882,172.49,155.41,10.418,2021,4,2,2021-04,False
2021-04-16,ITC,159.17,160.13,158.03,159.14,13824608,0.605,163.96,163.08,148.28,44.534,-0.7682,0.0733,-0.8415,172.49,155.42,10.407,2021,4,2,2021-04,False
2021-04-19,ITC,156.88,157.72,155.92,157.34,16400507,-1.13,163.76,162.97,148.35,41.779,-1.0311,-0.1476,-0.8835,172.72,154.81,10.938,2021,4,2,2021-04,False
2021-04-20,ITC,157.8,158.41,154.97,155.77,22187707,-0.997,163.23,162.85,148.4,39.484,-1.3505,-0.3882,-0.9623,172.75,153.7,11.675,2021,4,2,2021-04,False
2021-04-22,ITC,154.58,157.87,153.47,157.57,24030915,1.155,162.57,162.56,148.45,43.327,-1.4419,-0.5989,-0.843,171.75,153.39,11.291,2021,4,2,2021-04,False
2021-04-23,ITC,156.31,158.41,156.31,157.15,20381213,-0.267,161.78,162.21,148.49,42.645,-1.5306,-0.7852,-0.7454,169.85,153.71,9.978,2021,4,2,2021-04,False
2021-04-26,ITC,157.49,158.22,156.65,157.11,20652091,-0.024,161.14,161.87,148.55,42.579,-1.5857,-0.9453,-0.6404,168.46,153.81,9.089,2021,4,2,2021-04,False
2021-04-27,ITC,157.11,158.37,156.92,157.19,11885588,0.049,160.73,161.59,148.6,42.769,-1.6047,-1.0772,-0.5275,167.99,153.48,9.028,2021,4,2,2021-04,False
2021-04-28,ITC,157.64,158.03,157.11,157.26,13197445,0.049,160.5,161.34,148.66,42.972,-1.5953,-1.1808,-0.4144,167.89,153.11,9.211,2021,4,2,2021-04,False
2021-04-29,ITC,158.49,158.83,156.15,156.34,13601150,-0.584,160.25,161.08,148.71,41.088,-1.6429,-1.2732,-0.3697,167.85,152.64,9.492,2021,4,2,2021-04,False
2021-04-30,ITC,156.04,157.41,154.58,155.04,17130954,-0.832,159.79,160.93,148.75,38.513,-1.7653,-1.3716,-0.3936,167.5,152.08,9.646,2021,4,2,2021-04,False
2021-05-03,ITC,153.97,154.47,153.05,153.78,21405441,-0.814,159.12,160.74,148.79,36.144,-1.9418,-1.4857,-0.4561,166.43,151.8,9.194,2021,5,2,2021-05,False
2021-05-04,ITC,153.97,154.85,152.36,152.75,18962501,-0.672,158.33,160.54,148.81,34.287,-2.1403,-1.6166,-0.5237,164.76,151.91,8.122,2021,5,2,2021-05,False
2021-05-05,ITC,154.16,154.58,152.67,154.12,14396547,0.902,157.91,160.37,148.86,38.803,-2.1616,-1.7256,-0.436,164.26,151.55,8.048,2021,5,2,2021-05,False
2021-05-06,ITC,154.81,157.61,154.66,155.16,14872429,0.67,157.53,160.2,148.91,42.022,-2.0713,-1.7947,-0.2765,163.57,151.49,7.667,2021,5,2,2021-05,False
2021-05-07,ITC,155.31,157.99,155.31,157.15,20213092,1.282,157.21,160.12,148.98,47.724,-1.8181,-1.7994,-0.0187,162.52,151.89,6.763,2021,5,2,2021-05,False
2021-05-10,ITC,158.52,158.75,156.88,157.3,16922951,0.097,156.91,160.1,149.04,48.146,-1.5869,-1.7569,0.17,161.42,152.4,5.751,2021,5,2,2021-05,False
2021-05-11,ITC,156.04,158.03,155.92,156.11,14277000,-0.754,156.56,160.03,149.09,45.104,-1.4823,-1.702,0.2197,160.02,153.1,4.42,2021,5,2,2021-05,False
2021-05-12,ITC,156.04,157.07,155.23,155.54,17174525,-0.368,156.48,159.94,149.12,43.666,-1.4292,-1.6474,0.2183,159.96,153.01,4.447,2021,5,2,2021-05,False
2021-05-14,ITC,156.88,163.15,156.11,162.43,64021335,4.428,156.62,159.99,149.19,60.102,-0.8219,-1.4823,0.6604,160.78,152.46,5.307,2021,5,2,2021-05,False
2021-05-17,ITC,165.91,166.06,161.97,162.7,39465392,0.165,156.85,160.12,149.27,60.584,-0.3153,-1.2489,0.9336,161.78,151.92,6.288,2021,5,2,2021-05,False
2021-05-18,ITC,163.84,164.23,160.44,160.74,31653409,-1.199,156.93,160.17,149.34,55.342,-0.0706,-1.0132,0.9427,162.06,151.79,6.546,2021,5,2,2021-05,False
2021-05-19,ITC,160.74,161.78,158.83,158.98,25345241,-1.095,157.01,160.14,149.4,51.052,-0.0184,-0.8143,0.7959,162.23,151.79,6.644,2021,5,2,2021-05,False
2021-05-20,ITC,159.52,160.17,158.26,158.41,21688686,-0.361,157.14,160.09,149.47,49.699,-0.0231,-0.656,0.633,162.36,151.92,6.64,2021,5,2,2021-05,False
2021-05-21,ITC,158.87,160.59,158.72,159.98,23509878,0.99,157.26,160.08,149.54,53.339,0.0987,-0.5051,0.6038,162.63,151.89,6.827,2021,5,2,2021-05,False
2021-05-24,ITC,160.32,162.27,158.98,161.85,29977506,1.172,157.5,160.13,149.63,57.315,0.3425,-0.3356,0.6781,163.24,151.75,7.297,2021,5,2,2021-05,False
2021-05-25,ITC,163.0,163.31,160.9,161.39,26310600,-0.284,157.71,160.17,149.72,56.055,0.493,-0.1699,0.6628,163.71,151.71,7.608,2021,5,2,2021-05,False
2021-05-26,ITC,162.08,162.58,160.93,161.16,18253046,-0.142,157.91,160.22,149.8,55.399,0.5869,-0.0185,0.6054,164.1,151.72,7.836,2021,5,2,2021-05,False
2021-05-27,ITC,161.47,163.88,160.93,161.59,49385674,0.261,158.13,160.29,149.88,56.406,0.6875,0.1227,0.5648,164.52,151.74,8.083,2021,5,2,2021-05,False
2021-05-28,ITC,162.62,163.38,161.89,162.92,26583388,0.829,158.46,160.4,149.97,59.536,0.8652,0.2712,0.594,165.13,151.78,8.425,2021,5,2,2021-05,False
2021-05-31,ITC,164.53,166.75,164.07,165.76,75852502,1.738,158.99,160.58,150.05,65.221,1.2205,0.461,0.7594,166.21,151.77,9.081,2021,5,2,2021-05,False
2021-06-01,ITC,166.83,167.9,163.96,164.72,40247686,-0.623,159.54,160.69,150.12,61.808,1.4025,0.6493,0.7532,166.75,152.32,9.045,2021,6,2,2021-06,False
2021-06-02,ITC,161.09,162.58,159.63,159.94,100377464,-2.904,159.9,160.66,150.15,49.022,1.1476,0.749,0.3986,166.37,153.43,8.09,2021,6,2,2021-06,False
2021-06-03,ITC,161.28,161.28,159.71,159.98,48454441,0.024,160.19,160.53,150.2,49.113,0.9378,0.7868,0.1511,166.06,154.32,7.329,2021,6,2,2021-06,False
2021-06-04,ITC,160.32,160.48,159.17,159.75,31286264,-0.144,160.42,160.32,150.27,48.554,0.7445,0.7783,-0.0338,165.8,155.04,6.707,2021,6,2,2021-06,False
2021-06-07,ITC,161.01,162.54,160.86,161.82,32643869,1.293,160.65,160.09,150.33,53.659,0.7494,0.7725,-0.0231,165.84,155.47,6.453,2021,6,2,2021-06,False
2021-06-08,ITC,162.39,163.96,161.62,163.5,22080199,1.04,160.96,159.96,150.41,57.371,0.879,0.7938,0.0852,166.04,155.88,6.311,2021,6,2,2021-06,False
2021-06-09,ITC,163.77,164.34,161.85,162.62,25846432,-0.538,161.29,159.91,150.48,54.896,0.9003,0.8151,0.0852,165.87,156.71,5.679,2021,6,2,2021-06,False
2021-06-10,ITC,164.33,166.45,163.38,164.8,31902690,1.342,161.75,159.97,150.57,59.555,1.0808,0.8682,0.2125,165.72,157.79,4.901,2021,6,2,2021-06,False
2021-06-11,ITC,165.59,165.71,163.58,163.7,22249404,-0.669,161.82,160.01,150.66,56.386,1.122,0.919,0.203,165.86,157.77,5.005,2021,6,2,2021-06,False
2021-06-14,ITC,163.74,164.13,161.57,163.23,18358717,-0.289,161.84,159.99,150.74,55.035,1.1037,0.9559,0.1478,165.92,157.76,5.042,2021,6,2,2021-06,False
2021-06-15,ITC,163.42,164.09,162.99,163.03,15426377,-0.121,161.96,159.91,150.83,54.449,1.0612,0.977,0.0842,166.04,157.88,5.037,2021,6,2,2021-06,False
2021-06-16,ITC,163.03,164.84,163.03,163.66,20878518,0.386,162.19,159.81,150.92,56.06,1.066,0.9948,0.0712,166.08,158.3,4.801,2021,6,2,2021-06,False
2021-06-17,ITC,162.95,163.78,161.41,161.93,22304032,-1.058,162.37,159.8,151.0,50.744,0.9194,0.9797,-0.0603,165.83,158.9,4.273,2021,6,2,2021-06,False
2021-06-18,ITC,162.2,162.56,159.45,161.06,24475206,-0.535,162.42,159.77,151.08,48.279,0.725,0.9288,-0.2037,165.76,159.08,4.117,2021,6,2,2021-06,False
2021-06-21,ITC,159.92,162.2,159.37,160.98,19809308,-0.049,162.38,159.71,151.17,48.051,0.5582,0.8547,-0.2965,165.77,158.98,4.184,2021,6,2,2021-06,False
2021-06-22,ITC,162.28,162.4,160.9,161.49,18737552,0.318,162.38,159.68,151.26,49.717,0.4619,0.7761,-0.3142,165.77,158.99,4.177,2021,6,2,2021-06,False
2021-06-23,ITC,161.93,162.08,160.31,160.59,13059519,-0.561,162.35,159.63,151.35,46.854,0.309,0.6827,-0.3737,165.8,158.91,4.243,2021,6,2,2021-06,False
2021-06-24,ITC,160.98,161.14,159.49,160.04,23299321,-0.343,162.28,159.69,151.44,45.149,0.1417,0.5745,-0.4328,165.86,158.69,4.416,2021,6,2,2021-06,False
2021-06-25,ITC,160.63,161.89,160.43,161.45,14411660,0.886,162.2,159.72,151.55,50.169,0.1221,0.484,-0.3619,165.79,158.61,4.424,2021,6,2,2021-06,False
2021-06-28,ITC,162.12,162.12,160.12,160.31,15190488,-0.707,161.93,159.77,151.64,46.479,0.0143,0.3901,-0.3758,165.19,158.67,4.031,2021,6,2,2021-06,False
2021-06-29,ITC,160.31,161.65,159.96,160.08,13839294,-0.147,161.7,159.79,151.74,45.73,-0.0892,0.2942,-0.3834,164.78,158.61,3.813,2021,6,2,2021-06,False
2021-06-30,ITC,160.86,160.94,159.49,159.6,16556397,-0.295,161.68,159.83,151.85,44.195,-0.207,0.194,-0.401,164.81,158.55,3.867,2021,6,2,2021-06,False
2021-07-01,ITC,159.76,160.47,159.17,159.84,10583793,0.148,161.67,159.91,151.96,45.185,-0.278,0.0996,-0.3776,164.82,158.53,3.888,2021,7,3,2021-07,False
2021-07-02,ITC,160.08,160.39,159.25,159.37,13187847,-0.296,161.65,159.95,152.07,43.521,-0.3682,0.006,-0.3742,164.85,158.46,3.954,2021,7,3,2021-07,False
2021-07-05,ITC,159.84,160.71,159.6,160.35,10642939,0.618,161.58,160.01,152.19,47.832,-0.3562,-0.0664,-0.2898,164.83,158.33,4.019,2021,7,3,2021-07,False
2021-07-06,ITC,160.04,160.47,159.25,159.45,11515716,-0.565,161.38,160.06,152.31,44.469,-0.4149,-0.1361,-0.2788,164.63,158.13,4.027,2021,7,3,2021-07,False
2021-07-07,ITC,159.45,161.57,159.29,160.43,18568033,0.617,161.27,160.12,152.43,48.691,-0.3777,-0.1844,-0.1933,164.49,158.05,3.994,2021,7,3,2021-07,False
2021-07-08,ITC,160.23,161.02,158.9,159.05,21730892,-0.859,160.98,160.16,152.56,43.684,-0.4541,-0.2384,-0.2158,163.89,158.08,3.608,2021,7,3,2021-07,False
2021-07-09,ITC,159.05,159.33,158.19,158.54,12289809,-0.322,160.72,160.2,152.69,41.958,-0.5497,-0.3006,-0.2491,163.53,157.92,3.487,2021,7,3,2021-07,False
2021-07-12,ITC,159.05,159.49,158.23,158.34,13589278,-0.124,160.48,160.27,152.82,41.282,-0.634,-0.3673,-0.2667,163.21,157.75,3.408,2021,7,3,2021-07,False
2021-07-13,ITC,159.05,159.21,158.54,158.93,11247522,0.373,160.28,160.37,152.96,44.186,-0.6457,-0.423,-0.2227,162.81,157.74,3.166,2021,7,3,2021-07,False
2021-07-14,ITC,158.93,161.53,158.82,160.71,21269167,1.115,160.13,160.53,153.12,51.874,-0.5062,-0.4396,-0.0666,162.12,158.13,2.49,2021,7,3,2021-07,False
2021-07-15,ITC,160.94,164.17,159.76,162.4,29963443,1.053,160.15,160.7,153.31,57.85,-0.2561,-0.4029,0.1468,162.24,158.06,2.612,2021,7,3,2021-07,False
2021-07-16,ITC,163.54,165.08,163.15,163.7,30137464,0.8,160.28,160.87,153.5,61.772,0.0464,-0.3131,0.3595,162.89,157.68,3.248,2021,7,3,2021-07,False
2021-07-19,ITC,162.83,164.96,162.48,163.58,17099088,-0.072,160.41,161.0,153.67,61.214,0.2735,-0.1957,0.4692,163.4,157.43,3.718,2021,7,3,2021-07,False
2021-07-20,ITC,163.93,164.8,162.52,162.83,24567907,-0.457,160.48,161.11,153.85,57.664,0.3886,-0.0789,0.4675,163.62,157.34,3.913,2021,7,3,2021-07,False
2021-07-22,ITC,162.99,163.97,162.08,162.99,19016769,0.097,160.6,161.24,154.02,58.213,0.4869,0.0343,0.4526,163.94,157.26,4.153,2021,7,3,2021-07,False
2021-07-23,ITC,162.99,168.19,162.6,167.24,46241640,2.609,160.96,161.48,154.22,69.664,0.8976,0.2069,0.6906,165.41,156.51,5.528,2021,7,3,2021-07,False
2021-07-26,ITC,168.5,169.56,165.98,166.26,49084040,-0.589,161.2,161.56,154.42,65.209,1.1306,0.3917,0.7389,166.24,156.16,6.254,2021,7,3,2021-07,False
2021-07-27,ITC,166.93,167.71,163.74,164.29,25378089,-1.184,161.4,161.59,154.61,57.316,1.1432,0.542,0.6012,166.6,156.19,6.449,2021,7,3,2021-07,False
2021-07-28,ITC,164.01,165.35,163.34,164.64,15304399,0.216,161.63,161.67,154.8,58.294,1.1684,0.6673,0.5011,166.99,156.27,6.631,2021,7,3,2021-07,False
2021-07-29,ITC,164.64,165.51,161.93,162.24,16204679,-1.459,161.76,161.73,154.98,49.937,0.9832,0.7304,0.2527,167.04,156.48,6.526,2021,7,3,2021-07,False
2021-07-30,ITC,162.28,163.07,161.1,161.38,15515733,-0.534,161.84,161.79,155.16,47.303,0.7578,0.7359,0.0219,167.04,156.63,6.432,2021,7,3,2021-07,False
2021-08-02,ITC,162.56,163.38,161.77,163.23,10046707,1.147,162.03,161.85,155.34,53.006,0.7202,0.7328,-0.0126,167.13,156.92,6.301,2021,8,3,2021-08,False
2021-08-03,ITC,163.38,166.06,162.56,165.27,19179805,1.254,162.28,161.92,155.53,58.373,0.8458,0.7554,0.0904,167.51,157.04,6.454,2021,8,3,2021-08,False
2021-08-04,ITC,166.06,166.22,163.86,164.25,11421835,-0.619,162.52,161.98,155.72,54.991,0.8529,0.7749,0.078,167.65,157.39,6.313,2021,8,3,2021-08,False
2021-08-05,ITC,164.25,170.67,162.91,169.49,48995450,3.188,162.97,162.15,155.95,65.881,1.2665,0.8732,0.3933,168.86,157.07,7.236,2021,8,3,2021-08,False
2021-08-06,ITC,169.6,170.08,167.4,168.7,24489836,-0.465,163.45,162.29,156.18,63.397,1.5133,1.0012,0.5121,169.57,157.33,7.49,2021,8,3,2021-08,False
2021-08-09,ITC,169.29,170.98,167.48,168.34,21142199,-0.21,163.94,162.4,156.39,62.259,1.6611,1.1332,0.5279,169.98,157.9,7.363,2021,8,3,2021-08,False
2021-08-10,ITC,168.5,168.86,164.21,165.23,18855165,-1.848,164.29,162.39,156.59,53.23,1.5099,1.2085,0.3014,169.73,158.84,6.633,2021,8,3,2021-08,False
2021-08-11,ITC,165.23,165.82,163.34,164.29,16012451,-0.572,164.55,162.38,156.79,50.819,1.2988,1.2266,0.0722,169.39,159.72,5.874,2021,8,3,2021-08,False
2021-08-12,ITC,165.55,168.66,164.05,164.49,28758718,0.12,164.74,162.47,156.98,51.314,1.1344,1.2082,-0.0738,169.22,160.26,5.442,2021,8,3,2021-08,False
2021-08-13,ITC,165.23,167.16,164.72,166.49,19576945,1.221,164.95,162.6,157.18,56.159,1.1528,1.1971,-0.0443,169.35,160.54,5.342,2021,8,3,2021-08,False
2021-08-16,ITC,166.45,167.91,165.75,166.06,11621038,-0.26,165.06,162.73,157.38,54.89,1.1195,1.1816,-0.0621,169.46,160.67,5.321,2021,8,3,2021-08,False
2021-08-17,ITC,165.98,166.53,164.41,164.72,8161139,-0.806,165.12,162.78,157.58,51.051,0.9739,1.14,-0.1661,169.46,160.78,5.256,2021,8,3,2021-08,False
2021-08-18,ITC,165.04,166.53,164.05,164.53,11149120,-0.119,165.21,162.8,157.78,50.491,0.833,1.0786,-0.2456,169.42,160.99,5.104,2021,8,3,2021-08,False
2021-08-20,ITC,162.99,165.9,162.75,164.49,20168965,-0.024,165.28,162.84,157.99,50.373,0.71,1.0049,-0.2949,169.38,161.18,4.963,2021,8,3,2021-08,False
2021-08-23,ITC,164.96,165.51,162.2,162.44,10319044,-1.245,165.04,162.79,158.19,44.505,0.4422,0.8924,-0.4501,169.22,160.86,5.066,2021,8,3,2021-08,False
2021-08-24,ITC,162.99,162.99,161.18,162.01,12971124,-0.267,164.83,162.76,158.37,43.355,0.1929,0.7525,-0.5596,169.18,160.48,5.277,2021,8,3,2021-08,False
2021-08-25,ITC,162.52,163.7,162.2,162.52,10994627,0.316,164.74,162.75,158.55,45.159,0.0361,0.6092,-0.5731,169.21,160.27,5.421,2021,8,3,2021-08,False
2021-08-26,ITC,162.52,162.87,160.9,161.1,15407558,-0.872,164.56,162.71,158.72,41.242,-0.2002,0.4473,-0.6475,169.32,159.81,5.777,2021,8,3,2021-08,False
2021-08-27,ITC,161.41,162.87,161.34,162.12,10879860,0.635,164.56,162.68,158.88,44.956,-0.3014,0.2976,-0.599,169.32,159.79,5.793,2021,8,3,2021-08,False
2021-08-30,ITC,162.2,163.93,162.2,163.78,12550267,1.02,164.68,162.71,159.05,50.408,-0.2453,0.189,-0.4343,169.22,160.13,5.519,2021,8,3,2021-08,False
2021-08-31,ITC,163.82,166.61,163.19,166.38,26802390,1.587,164.83,162.82,159.24,57.528,0.0087,0.1529,-0.1443,169.39,160.28,5.522,2021,8,3,2021-08,False
2021-09-01,ITC,166.14,167.16,164.8,164.96,16867486,-0.852,164.82,162.9,159.39,53.054,0.0945,0.1413,-0.0467,169.37,160.27,5.517,2021,9,3,2021-09,False
2021-09-02,ITC,164.56,166.53,164.56,165.16,14872714,0.119,164.86,162.97,159.53,53.594,0.1764,0.1483,0.0281,169.4,160.32,5.509,2021,9,3,2021-09,False
2021-09-03,ITC,165.16,166.34,165.16,165.82,10622796,0.405,164.68,163.08,159.66,55.469,0.2919,0.177,0.1149,168.7,160.66,4.885,2021,9,3,2021-09,False
2021-09-06,ITC,166.14,166.3,164.6,164.8,11041632,-0.617,164.49,163.17,159.78,52.008,0.2975,0.2011,0.0964,168.04,160.93,4.32,2021,9,3,2021-09,False
2021-09-07,ITC,166.06,168.78,165.47,166.73,38933378,1.171,164.41,163.28,159.91,57.402,0.4523,0.2514,0.201,167.65,161.16,3.946,2021,9,3,2021-09,False
2021-09-08,ITC,167.12,167.71,165.12,166.34,17897021,-0.236,164.46,163.4,160.04,56.018,0.5371,0.3085,0.2286,167.8,161.12,4.06,2021,9,3,2021-09,False
2021-09-09,ITC,166.18,168.42,165.79,167.44,19784972,0.663,164.62,163.55,160.19,58.999,0.6853,0.3838,0.3014,168.21,161.03,4.364,2021,9,3,2021-09,False
2021-09-13,ITC,167.99,169.41,166.77,168.62,16661794,0.705,164.82,163.73,160.33,61.973,0.8878,0.4846,0.4032,168.84,160.81,4.868,2021,9,3,2021-09,False
2021-09-14,ITC,169.21,171.06,168.66,170.16,20377545,0.911,165.01,163.93,160.47,65.478,1.1588,0.6195,0.5394,169.63,160.39,5.6,2021,9,3,2021-09,False
2021-09-15,ITC,170.94,171.02,169.53,170.08,21028598,-0.046,165.21,164.15,160.61,65.146,1.3517,0.7659,0.5858,170.34,160.07,6.215,2021,9,3,2021-09,False
2021-09-16,ITC,170.82,183.97,170.31,181.69,154986538,6.829,166.06,164.57,160.78,80.686,2.4139,1.0955,1.3184,175.03,157.09,10.804,2021,9,3,2021-09,False
2021-09-17,ITC,183.46,186.85,180.39,182.01,82563658,0.173,166.93,165.03,160.97,80.934,3.2437,1.5252,1.7185,178.35,155.52,13.676,2021,9,3,2021-09,False
2021-09-20,ITC,181.89,188.46,181.3,184.05,73101936,1.125,167.91,165.5,161.16,82.508,4.0202,2.0242,1.996,181.57,154.24,16.277,2021,9,3,2021-09,False
2021-09-21,ITC,185.0,190.9,182.44,190.15,58854434,3.316,169.29,166.12,161.39,86.172,5.0695,2.6332,2.4363,185.92,152.67,19.645,2021,9,3,2021-09,False
2021-09-22,ITC,191.73,193.54,189.52,191.73,54648494,0.828,170.78,166.78,161.62,86.933,5.9595,3.2985,2.661,189.81,151.75,22.282,2021,9,3,2021-09,False
2021-09-23,ITC,192.91,193.38,190.31,190.94,22630330,-0.411,172.2,167.44,161.85,84.431,6.526,3.944,2.582,192.81,151.59,23.935,2021,9,3,2021-09,False
2021-09-24,ITC,192.12,192.12,187.16,187.75,25779310,-1.67,173.53,168.01,162.05,75.018,6.6411,4.4834,2.1577,194.56,152.51,24.235,2021,9,3,2021-09,False
2021-09-27,ITC,188.82,190.43,185.43,187.95,23772123,0.105,174.83,168.56,162.25,75.202,6.6714,4.921,1.7504,196.07,153.58,24.308,2021,9,3,2021-09,False
2021-09-28,ITC,188.86,190.23,186.06,187.2,16319138,-0.398,176.0,169.05,162.43,73.004,6.5593,5.2487,1.3107,197.26,154.73,24.167,2021,9,3,2021-09,False
2021-09-29,ITC,185.82,190.08,185.59,187.48,16045073,0.147,177.05,169.53,162.61,73.313,6.4188,5.4827,0.9361,198.4,155.7,24.117,2021,9,3,2021-09,False
2021-09-30,ITC,188.89,189.29,185.23,185.94,16987893,-0.819,178.1,169.98,162.77,68.595,6.1131,5.6088,0.5043,199.01,157.2,23.476,2021,9,3,2021-09,False
2021-10-01,ITC,185.19,186.61,183.38,185.31,16570661,-0.339,179.11,170.43,162.91,66.699,5.7536,5.6377,0.1159,199.32,158.9,22.566,2021,10,4,2021-10,False
2021-10-04,ITC,185.82,187.67,185.35,186.3,11098123,0.531,180.13,170.89,163.03,68.179,5.4849,5.6072,-0.1222,199.57,160.7,21.579,2021,10,4,2021-10,False
2021-10-05,ITC,186.14,186.97,184.64,184.8,9578825,-0.803,181.13,171.24,163.15,63.555,5.0926,5.5043,-0.4117,199.26,163.01,20.016,2021,10,4,2021-10,False
2021-10-06,ITC,184.88,186.14,181.57,182.08,18179336,-1.47,181.9,171.56,163.26,56.112,4.5104,5.3055,-0.795,198.71,165.09,18.485,2021,10,4,2021-10,False
2021-10-07,ITC,183.46,185.0,182.91,183.42,10770973,0.735,182.76,171.94,163.38,58.68,4.1097,5.0663,-0.9566,197.89,167.62,16.562,2021,10,4,2021-10,False
2021-10-08,ITC,184.84,184.88,182.04,182.44,10114327,-0.537,183.51,172.3,163.49,56.082,3.6704,4.7872,-1.1167,196.82,170.19,14.513,2021,10,4,2021-10,False
2021-10-11,ITC,182.67,188.58,182.44,187.44,22000303,2.741,184.45,172.8,163.63,64.646,3.6833,4.5664,-0.8831,195.86,173.04,12.372,2021,10,4,2021-10,False
2021-10-12,ITC,187.87,191.34,187.4,190.0,30347455,1.365,185.44,173.37,163.82,68.077,3.8555,4.4242,-0.5687,194.9,175.98,10.206,2021,10,4,2021-10,False
2021-10-13,ITC,190.98,197.56,189.09,196.22,52091422,3.274,186.75,174.03,164.04,74.544,4.4427,4.4279,0.0148,194.3,179.19,8.095,2021,10,4,2021-10,False
2021-10-14,ITC,199.41,206.18,197.12,202.0,88696178,2.949,187.76,174.77,164.28,78.839,5.3138,4.6051,0.7087,197.58,177.94,10.46,2021,10,4,2021-10,False
2021-10-18,ITC,205.51,208.89,202.63,206.73,62614961,2.339,189.0,175.62,164.53,81.573,6.3126,4.9466,1.366,201.6,176.4,13.334,2021,10,4,2021-10,False
2021-10-19,ITC,205.82,206.73,192.95,193.66,61336411,-6.323,189.48,176.1,164.72,58.903,5.9806,5.1534,0.8272,202.02,176.94,13.235,2021,10,4,2021-10,False
2021-10-20,ITC,193.66,195.67,190.82,194.17,49663940,0.264,189.68,176.61,164.9,59.379,5.6931,5.2613,0.4317,202.39,176.97,13.403,2021,10,4,2021-10,False
2021-10-21,ITC,195.27,195.55,191.41,192.67,23385990,-0.77,189.73,177.1,165.08,57.29,5.2836,5.2658,0.0178,202.48,176.97,13.441,2021,10,4,2021-10,False
2021-10-22,ITC,192.67,193.54,184.01,186.3,36905793,-3.31,189.49,177.52,165.23,49.323,4.3938,5.0914,-0.6976,202.32,176.67,13.538,2021,10,4,2021-10,False
2021-10-25,ITC,184.33,186.34,181.49,183.78,23194065,-1.352,189.29,177.91,165.35,46.568,3.4456,4.7622,-1.3166,202.36,176.23,13.8,2021,10,4,2021-10,False
2021-10-26,ITC,184.33,188.19,183.15,186.38,19663381,1.414,189.22,178.35,165.48,49.689,2.8707,4.3839,-1.5132,202.33,176.1,13.862,2021,10,4,2021-10,False
2021-10-27,ITC,189.17,190.0,185.98,187.75,26909428,0.739,189.24,178.77,165.63,51.313,2.4975,4.0066,-1.5091,202.34,176.14,13.843,2021,10,4,2021-10,False
2021-10-28,ITC,185.12,185.78,176.49,177.24,48064941,-5.599,188.73,179.0,165.75,40.557,1.3381,3.4729,-2.1348,202.88,174.58,14.992,2021,10,4,2021-10,False
2021-10-29,ITC,177.16,179.72,175.04,175.75,27668175,-0.844,188.22,179.22,165.87,39.295,0.2952,2.8374,-2.5422,203.48,172.96,16.216,2021,10,4,2021-10,False
2021-11-01,ITC,176.49,179.17,175.19,178.62,24090945,1.635,187.89,179.5,166.01,42.968,-0.296,2.2107,-2.5068,203.7,172.07,16.833,2021,11,4,2021-11,False
2021-11-02,ITC,179.52,180.51,176.77,177.64,14896284,-0.551,187.45,179.76,166.14,42.03,-0.8344,1.6017,-2.4361,203.91,171.0,17.56,2021,11,4,2021-11,False
2021-11-03,ITC,177.95,178.62,174.56,175.15,18530527,-1.396,186.97,180.01,166.25,39.679,-1.4445,0.9924,-2.437,204.3,169.64,18.535,2021,11,4,2021-11,False
2021-11-04,ITC,177.04,178.97,176.38,178.38,7295341,1.843,186.79,180.34,166.35,44.064,-1.6486,0.4642,-2.1128,204.41,169.16,18.871,2021,11,4,2021-11,False
2021-11-08,ITC,180.86,181.65,177.71,180.94,21051238,1.435,186.66,180.71,166.46,47.332,-1.5855,0.0543,-1.6398,204.42,168.9,19.027,2021,11,4,2021-11,False
2021-11-09,ITC,180.98,181.81,179.41,180.12,11964518,-0.457,186.55,181.09,166.54,46.389,-1.584,-0.2734,-1.3106,204.45,168.64,19.196,2021,11,4,2021-11,False
2021-11-10,ITC,179.09,183.34,178.9,181.77,13948380,0.918,186.26,181.48,166.63,48.595,-1.4328,-0.5053,-0.9276,204.29,168.24,19.353,2021,11,4,2021-11,False
2021-11-11,ITC,181.41,182.28,179.96,181.1,8448263,-0.368,185.82,181.83,166.72,47.739,-1.3515,-0.6745,-0.677,203.89,167.74,19.455,2021,11,4,2021-11,False
2021-11-12,ITC,182.04,184.21,180.43,183.38,12312123,1.261,185.18,182.17,166.82,50.916,-1.0902,-0.7576,-0.3325,202.6,167.76,18.814,2021,11,4,2021-11,False
2021-11-15,ITC,184.21,188.19,183.54,187.48,40247848,2.233,184.45,182.62,166.96,56.073,-0.5464,-0.7154,0.169,200.03,168.87,16.893,2021,11,4,2021-11,False
2021-11-16,ITC,188.23,188.7,185.04,185.39,15241184,-1.113,183.38,183.03,167.1,53.016,-0.2806,-0.6284,0.3478,194.94,171.82,12.607,2021,11,4,2021-11,False
2021-11-17,ITC,185.82,193.11,185.55,188.58,48496295,1.72,183.13,183.48,167.27,56.885,0.1853,-0.4657,0.6509,193.94,172.32,11.803,2021,11,4,2021-11,False
2021-11-18,ITC,188.97,191.34,186.06,187.01,21005037,-0.835,182.77,183.92,167.42,54.498,0.4225,-0.288,0.7105,192.45,173.09,10.596,2021,11,4,2021-11,False
2021-11-22,ITC,187.32,189.56,180.75,181.81,23443628,-2.779,182.23,184.23,167.56,47.427,0.189,-0.1926,0.3816,190.72,173.74,9.317,2021,11,4,2021-11,False
2021-11-23,ITC,180.43,183.23,180.43,182.36,13950744,0.303,182.03,184.55,167.71,48.195,0.0479,-0.1445,0.1924,190.3,173.76,9.089,2021,11,4,2021-11,False
2021-11-24,ITC,183.03,183.23,178.7,179.29,14684422,-1.684,181.81,184.78,167.8,44.312,-0.3082,-0.1773,-0.1309,190.12,173.49,9.148,2021,11,4,2021-11,False
2021-11-25,ITC,178.74,182.83,177.75,182.12,24825493,1.581,181.59,185.05,167.9,48.441,-0.3576,-0.2133,-0.1442,189.63,173.56,8.851,2021,11,4,2021-11,False
2021-11-26,ITC,180.23,181.14,175.67,176.38,28067913,-3.156,181.02,185.18,167.97,41.691,-0.8507,-0.3408,-0.5099,188.83,173.22,8.627,2021,11,4,2021-11,False
2021-11-29,ITC,174.8,176.1,173.38,174.41,22985358,-1.116,180.88,185.27,167.98,39.653,-1.3844,-0.5495,-0.8348,189.07,172.69,9.057,2021,11,4,2021-11,False
2021-11-30,ITC,174.8,177.32,173.23,174.13,24408641,-0.158,180.8,185.11,167.98,39.362,-1.8087,-0.8014,-1.0073,189.24,172.37,9.328,2021,11,4,2021-11,False
2021-12-01,ITC,174.8,175.82,173.7,174.72,13496307,0.339,180.61,184.97,167.98,40.369,-2.0734,-1.0558,-1.0177,189.42,171.79,9.763,2021,12,4,2021-12,False
2021-12-02,ITC,174.72,178.07,174.25,177.52,16517389,1.6,180.6,184.84,168.01,45.022,-2.0342,-1.2515,-0.7828,189.43,171.78,9.773,2021,12,4,2021-12,False
2021-12-03,ITC,177.16,178.11,174.29,174.53,14325920,-1.686,180.57,184.52,168.03,41.307,-2.219,-1.445,-0.774,189.48,171.66,9.87,2021,12,4,2021-12,False
2021-12-06,ITC,174.53,174.96,171.26,171.57,13644352,-1.692,180.23,184.12,168.05,37.976,-2.5741,-1.6708,-0.9033,189.97,170.49,10.813,2021,12,4,2021-12,False
2021-12-07,ITC,172.36,174.76,171.73,173.74,9246755,1.262,179.87,183.78,168.1,41.689,-2.6501,-1.8667,-0.7835,190.03,169.71,11.294,2021,12,4,2021-12,False
2021-12-08,ITC,174.01,177.67,174.01,177.12,10241656,1.949,179.72,183.57,168.17,47.029,-2.4095,-1.9752,-0.4343,189.95,169.49,11.384,2021,12,4,2021-12,False
2021-12-09,ITC,175.59,186.18,175.59,185.35,39714672,4.645,179.9,183.51,168.28,57.271,-1.5371,-1.8876,0.3505,190.4,169.4,11.677,2021,12,4,2021-12,False
2021-12-10,ITC,185.98,188.15,184.05,185.9,36517117,0.297,180.14,183.49,168.4,57.859,-0.7921,-1.6685,0.8764,190.97,169.31,12.027,2021,12,4,2021-12,False
2021-12-13,ITC,187.4,187.99,184.37,184.72,22903720,-0.635,180.21,183.43,168.51,56.078,-0.2936,-1.3935,1.0999,191.14,169.27,12.134,2021,12,4,2021-12,False
2021-12-14,ITC,185.04,186.69,179.17,180.0,38953007,-2.558,179.83,183.31,168.6,49.516,-0.2766,-1.1701,0.8936,190.22,169.45,11.549,2021,12,4,2021-12,False
2021-12-15,ITC,181.1,182.83,175.9,176.41,35987634,-1.99,179.38,183.14,168.69,45.196,-0.5459,-1.0453,0.4994,189.53,169.24,11.312,2021,12,4,2021-12,False
2021-12-16,ITC,177.95,178.07,173.86,175.51,25131188,-0.513,178.73,182.92,168.77,44.148,-0.8229,-1.0008,0.1779,188.03,169.43,10.407,2021,12,4,2021-12,False
2021-12-17,ITC,175.43,175.47,170.67,171.61,30827201,-2.221,177.96,182.66,168.83,39.863,-1.3414,-1.0689,-0.2725,186.92,169.0,10.067,2021,12,4,2021-12,False
2021-12-20,ITC,170.27,170.27,165.19,167.24,38778895,-2.546,177.23,182.36,168.87,35.68,-2.081,-1.2713,-0.8097,187.19,167.28,11.233,2021,12,4,2021-12,False
2021-12-21,ITC,168.5,169.64,166.18,167.32,20142586,0.047,176.48,182.04,168.92,35.811,-2.6305,-1.5432,-1.0873,187.06,165.9,11.985,2021,12,4,2021-12,False
2021-12-22,ITC,168.5,168.66,166.22,166.93,17903428,-0.235,175.86,181.73,168.97,35.423,-3.0624,-1.847,-1.2154,187.17,164.56,12.856,2021,12,4,2021-12,False
2021-12-23,ITC,168.42,172.01,167.87,171.1,23065082,2.5,175.31,181.4,169.02,42.524,-3.033,-2.0842,-0.9488,186.4,164.22,12.654,2021,12,4,2021-12,False
2021-12-24,ITC,171.65,173.58,170.43,171.65,17220191,0.322,175.07,181.03,169.07,43.409,-2.9314,-2.2537,-0.6778,186.27,163.88,12.791,2021,12,4,2021-12,False
2021-12-27,ITC,171.97,172.01,169.8,171.3,8467106,-0.206,174.92,180.53,169.13,42.951,-2.8467,-2.3723,-0.4744,186.24,163.6,12.945,2021,12,4,2021-12,False
2021-12-28,ITC,171.65,173.7,171.65,173.27,12014352,1.149,174.88,179.96,169.19,46.337,-2.5909,-2.416,-0.1749,186.22,163.53,12.97,2021,12,4,2021-12,False
2021-12-29,ITC,173.23,173.46,170.31,170.67,11923119,-1.5,174.67,179.24,169.25,42.731,-2.5682,-2.4464,-0.1217,186.17,163.18,13.163,2021,12,4,2021-12,False
2021-12-30,ITC,170.55,171.57,169.68,170.08,10116360,-0.346,174.3,178.77,169.31,41.933,-2.5682,-2.4708,-0.0974,185.89,162.71,13.299,2021,12,4,2021-12,False
2021-12-31,ITC,170.78,172.28,170.19,171.69,7875890,0.949,174.16,178.32,169.38,44.961,-2.4103,-2.4587,0.0484,185.81,162.51,13.376,2021,12,4,2021-12,False
2022-01-03,ITC,171.69,173.11,170.9,172.52,8064567,0.482,174.21,177.91,169.45,46.5,-2.1931,-2.4056,0.2125,185.82,162.6,13.33,2022,1,1,2022-01,False
2022-01-04,ITC,172.83,174.56,172.48,173.42,9398805,0.525,174.19,177.66,169.53,48.207,-1.9257,-2.3096,0.3839,185.81,162.58,13.336,2022,1,1,2022-01,False
2022-01-05,ITC,172.95,174.41,172.16,173.66,11663111,0.136,174.02,177.45,169.61,48.668,-1.6754,-2.1827,0.5074,185.55,162.48,13.256,2022,1,1,2022-01,False
2022-01-06,ITC,172.44,173.54,171.81,172.2,9295303,-0.839,173.36,177.17,169.66,45.955,-1.5764,-2.0615,0.4851,183.6,163.12,11.813,2022,1,1,2022-01,False
2022-01-07,ITC,173.07,173.74,171.26,171.97,9196075,-0.137,172.66,176.85,169.69,45.512,-1.4997,-1.9491,0.4494,181.03,164.29,9.698,2022,1,1,2022-01,False
2022-01-10,ITC,173.15,176.93,172.36,175.82,16451394,2.244,172.22,176.83,169.72,53.412,-1.1148,-1.7823,0.6675,178.6,165.83,7.413,2022,1,1,2022-01,False
2022-01-11,ITC,175.86,176.57,174.17,174.76,8329596,-0.605,171.96,176.81,169.72,51.209,-0.8853,-1.6029,0.7176,177.35,166.56,6.272,2022,1,1,2022-01,False
2022-01-12,ITC,175.19,176.1,174.49,175.39,13665682,0.36,171.91,176.74,169.75,52.461,-0.6451,-1.4113,0.7662,177.14,166.67,6.086,2022,1,1,2022-01,False
2022-01-13,ITC,176.3,177.79,175.39,176.34,11944029,0.539,171.95,176.72,169.81,54.352,-0.3743,-1.2039,0.8296,177.31,166.58,6.238,2022,1,1,2022-01,False
2022-01-14,ITC,176.34,177.01,175.04,175.27,10976796,-0.603,172.13,176.72,169.87,51.853,-0.2426,-1.0116,0.7691,177.69,166.57,6.461,2022,1,1,2022-01,False
2022-01-17,ITC,175.27,177.64,174.29,176.85,12792728,0.898,172.61,176.69,169.95,55.143,-0.011,-0.8115,0.8005,178.05,167.17,6.305,2022,1,1,2022-01,False
2022-01-18,ITC,176.85,178.97,173.46,173.82,14948456,-1.714,172.93,176.55,170.0,48.3,-0.0713,-0.6635,0.5922,177.79,168.08,5.616,2022,1,1,2022-01,False
2022-01-19,ITC,173.82,175.12,172.2,173.5,11915686,-0.181,173.26,176.41,170.03,47.638,-0.1428,-0.5593,0.4165,177.21,169.31,4.559,2022,1,1,2022-01,False
2022-01-20,ITC,173.66,174.92,171.65,172.24,17997322,-0.726,173.32,176.22,170.05,44.985,-0.2977,-0.507,0.2093,177.17,169.47,4.442,2022,1,1,2022-01,False
2022-01-21,ITC,172.04,173.62,170.08,170.9,17225050,-0.777,173.28,176.02,170.09,42.289,-0.5225,-0.5101,-0.0124,177.21,169.35,4.538,2022,1,1,2022-01,False
2022-01-24,ITC,170.9,171.45,166.06,166.77,18023332,-2.419,173.06,175.69,170.11,35.262,-1.0224,-0.6126,-0.4098,177.89,168.23,5.584,2022,1,1,2022-01,False
2022-01-25,ITC,166.93,169.05,165.0,168.74,19028606,1.18,172.83,175.31,170.14,40.345,-1.2454,-0.7391,-0.5062,178.03,167.63,6.018,2022,1,1,2022-01,False
2022-01-27,ITC,166.34,169.68,166.22,168.97,24041247,0.14,172.75,174.98,170.17,40.945,-1.387,-0.8687,-0.5183,178.15,167.35,6.252,2022,1,1,2022-01,False
2022-01-28,ITC,169.37,172.64,169.37,171.34,15865353,1.398,172.81,174.64,170.21,46.71,-1.2938,-0.9537,-0.3401,178.11,167.51,6.131,2022,1,1,2022-01,False
2022-01-31,ITC,172.04,173.82,170.94,173.38,15618203,1.195,172.89,174.37,170.29,51.16,-1.0427,-0.9715,-0.0712,178.17,167.62,6.103,2022,1,1,2022-01,False
2022-02-01,ITC,174.01,180.15,172.56,179.33,44871108,3.429,173.23,174.32,170.39,61.274,-0.3598,-0.8492,0.4894,179.24,167.23,6.931,2022,2,1,2022-02,False
2022-02-02,ITC,181.1,183.7,180.31,182.79,42714702,1.932,173.7,174.33,170.51,65.728,0.4556,-0.5882,1.0439,181.07,166.33,8.488,2022,2,1,2022-02,False
2022-02-03,ITC,182.79,185.19,182.52,184.6,28918394,0.991,174.25,174.43,170.64,67.812,1.2338,-0.2238,1.4576,183.09,165.41,10.143,2022,2,1,2022-02,False
2022-02-04,ITC,186.81,187.79,182.32,184.49,58889867,-0.064,174.86,174.48,170.77,67.523,1.82,0.185,1.6351,184.75,164.98,11.304,2022,2,1,2022-02,False
2022-02-07,ITC,184.25,184.84,179.92,181.26,25101983,-1.75,175.33,174.58,170.9,60.011,2.001,0.5482,1.4529,185.51,165.15,11.612,2022,2,1,2022-02,False
2022-02-08,ITC,181.34,182.91,180.35,182.08,16825239,0.456,175.64,174.73,171.02,61.202,2.186,0.8757,1.3103,186.26,165.02,12.092,2022,2,1,2022-02,False
2022-02-09,ITC,182.91,183.46,180.12,181.22,12351873,-0.476,175.96,174.87,171.14,59.213,2.2369,1.148,1.0889,186.86,165.07,12.383,2022,2,1,2022-02,False
2022-02-10,ITC,180.08,183.78,179.33,182.87,20317032,0.912,176.34,175.03,171.27,61.767,2.3832,1.395,0.9882,187.66,165.02,12.836,2022,2,1,2022-02,False
2022-02-11,ITC,182.67,183.7,180.94,183.03,18793513,0.086,176.67,175.14,171.4,62.011,2.4832,1.6127,0.8706,188.38,164.97,13.252,2022,2,1,2022-02,False
2022-02-14,ITC,182.22,182.22,176.18,176.94,23621214,-3.325,176.76,175.19,171.5,48.997,2.0478,1.6997,0.3481,188.44,165.07,13.225,2022,2,1,2022-02,False
2022-02-15,ITC,178.19,180.21,176.22,179.81,13371177,1.618,176.9,175.36,171.62,53.898,1.9117,1.7421,0.1696,188.67,165.14,13.304,2022,2,1,2022-02,False
2022-02-16,ITC,180.45,181.18,178.88,179.6,11664158,-0.112,177.19,175.48,171.74,53.508,1.7672,1.7471,0.0201,188.93,165.46,13.243,2022,2,1,2022-02,False
2022-02-17,ITC,179.85,180.89,178.07,179.52,14564261,-0.045,177.49,175.52,171.87,53.342,1.6274,1.7231,-0.0958,189.14,165.85,13.119,2022,2,1,2022-02,False
2022-02-18,ITC,179.52,180.17,178.6,178.92,9004891,-0.337,177.83,175.39,172.0,52.036,1.451,1.6687,-0.2177,189.22,166.44,12.808,2022,2,1,2022-02,False
2022-02-21,ITC,177.63,178.43,175.09,175.77,16750193,-1.758,178.07,175.19,172.11,45.763,1.0455,1.5441,-0.4986,189.04,167.11,12.316,2022,2,1,2022-02,False
2022-02-22,ITC,173.35,174.89,171.74,173.23,26741024,-1.445,178.4,174.96,172.2,41.419,0.5133,1.3379,-0.8247,188.29,168.5,11.089,2022,2,1,2022-02,False
2022-02-23,ITC,174.81,175.37,173.4,174.12,11438476,0.512,178.66,174.84,172.28,43.438,0.1612,1.1026,-0.9414,187.71,169.62,10.121,2022,2,1,2022-02,False
2022-02-24,ITC,169.32,171.98,166.9,168.11,42933709,-3.45,178.62,174.68,172.34,34.713,-0.5957,0.7629,-1.3586,187.86,169.38,10.347,2022,2,1,2022-02,False
2022-02-25,ITC,170.53,174.56,169.77,172.51,24543858,2.614,178.68,174.62,172.42,43.633,-0.8314,0.4441,-1.2754,187.74,169.62,10.14,2022,2,1,2022-02,False
2022-02-28,ITC,171.9,174.52,169.97,174.04,20806226,0.888,178.71,174.67,172.51,46.383,-0.8843,0.1784,-1.0627,187.7,169.73,10.053,2022,2,1,2022-02,False
2022-03-02,ITC,172.87,174.65,171.3,173.6,20039140,-0.255,178.43,174.79,172.57,45.688,-0.9511,-0.0475,-0.9036,187.69,169.16,10.382,2022,3,1,2022-03,False
2022-03-03,ITC,174.2,177.55,174.16,176.9,29631546,1.904,178.13,174.99,172.64,51.519,-0.7289,-0.1838,-0.5451,187.18,169.08,10.16,2022,3,1,2022-03,False
2022-03-04,ITC,175.53,183.35,174.97,181.82,69409780,2.78,177.99,175.28,172.74,58.635,-0.1541,-0.1779,0.0237,186.7,169.28,9.786,2022,3,1,2022-03,False
2022-03-07,ITC,179.0,183.03,177.47,181.38,47001716,-0.244,177.84,175.49,172.86,57.811,0.2626,-0.0898,0.3524,186.16,169.51,9.362,2022,3,1,2022-03,False
2022-03-08,ITC,180.53,184.2,180.41,182.95,37424203,0.867,177.92,175.72,172.98,59.96,0.7115,0.0705,0.641,186.42,169.42,9.558,2022,3,1,2022-03,False
2022-03-09,ITC,183.6,186.58,182.3,184.84,43923809,1.036,178.06,175.99,173.1,62.442,1.2062,0.2976,0.9086,186.93,169.19,9.962,2022,3,1,2022-03,False
2022-03-10,ITC,186.26,187.47,183.72,187.06,37523806,1.2,178.35,176.26,173.23,65.163,1.757,0.5895,1.1675,188.01,168.69,10.83,2022,3,1,2022-03,False
2022-03-11,ITC,186.98,191.17,185.57,190.57,43305144,1.875,178.74,176.66,173.37,68.991,2.4483,0.9613,1.487,189.68,167.79,12.246,2022,3,1,2022-03,False
2022-03-14,ITC,190.49,193.07,189.72,192.71,36465969,1.121,179.22,177.11,173.53,71.076,3.1324,1.3955,1.7369,191.71,166.73,13.937,2022,3,1,2022-03,False
2022-03-15,ITC,192.71,194.64,190.21,191.78,34269168,-0.481,179.96,177.51,173.68,68.91,3.5588,1.8282,1.7306,193.59,166.33,15.148,2022,3,1,2022-03,False
2022-03-16,ITC,193.51,195.93,192.79,195.61,22462538,1.997,180.75,177.98,173.85,72.621,4.1578,2.2941,1.8637,196.07,165.43,16.951,2022,3,1,2022-03,False
2022-03-17,ITC,197.75,197.87,195.69,197.46,35541798,0.948,181.65,178.46,174.0,74.225,4.7276,2.7808,1.9468,198.67,164.62,18.745,2022,3,1,2022-03,False
2022-03-21,ITC,198.27,199.76,196.58,197.14,29052540,-0.163,182.53,178.93,174.17,73.419,5.0945,3.2435,1.851,200.86,164.19,20.09,2022,3,1,2022-03,False
2022-03-22,ITC,197.18,202.18,196.37,201.37,38368305,2.147,183.65,179.51,174.37,76.954,5.6616,3.7271,1.9344,203.72,163.58,21.859,2022,3,1,2022-03,False
2022-03-23,ITC,202.74,204.56,200.37,203.19,42051087,0.901,185.02,180.13,174.59,78.287,6.186,4.2189,1.9671,206.52,163.52,23.242,2022,3,1,2022-03,False
2022-03-24,ITC,203.15,206.82,202.74,205.49,39712133,1.131,186.63,180.73,174.82,79.875,6.7098,4.7171,1.9927,209.22,164.04,24.208,2022,3,1,2022-03,False
2022-03-25,ITC,205.85,206.21,200.97,204.28,30412482,-0.589,188.14,181.32,175.03,76.696,6.9471,5.1631,1.784,211.23,165.05,24.549,2022,3,1,2022-03,False
2022-03-28,ITC,204.8,208.03,203.63,207.26,25876007,1.46,190.1,181.96,175.25,78.924,7.2919,5.5889,1.7031,212.67,167.52,23.752,2022,3,1,2022-03,False
2022-03-29,ITC,207.26,207.62,204.6,205.28,18820674,-0.953,191.74,182.53,175.46,73.887,7.3214,5.9354,1.386,213.69,169.79,22.896,2022,3,1,2022-03,False
2022-03-30,ITC,205.69,206.74,200.49,200.93,18281803,-2.121,193.08,183.05,175.64,64.165,6.9137,6.131,0.7827,213.72,172.44,21.381,2022,3,1,2022-03,False
2022-03-31,ITC,201.25,205.08,201.17,202.1,26644916,0.582,194.51,183.55,175.84,65.479,6.6088,6.2266,0.3822,213.34,175.67,19.366,2022,3,1,2022-03,False
2022-04-01,ITC,201.58,205.89,200.61,204.24,14856664,1.057,195.87,184.16,176.04,67.801,6.465,6.2743,0.1907,213.24,178.51,17.731,2022,4,2,2022-04,False
2022-04-04,ITC,204.08,207.95,202.46,205.97,16520039,0.849,197.08,184.81,176.26,69.589,6.417,6.3028,0.1142,213.67,180.49,16.838,2022,4,2,2022-04,False
2022-04-05,ITC,206.45,211.13,205.69,209.2,28230046,1.566,198.47,185.55,176.48,72.634,6.5635,6.355,0.2086,214.16,182.78,15.809,2022,4,2,2022-04,False
2022-04-06,ITC,207.62,212.34,207.46,209.32,20352716,0.058,199.79,186.32,176.72,72.744,6.6132,6.4066,0.2066,214.38,185.2,14.605,2022,4,2,2022-04,False
2022-04-07,ITC,208.03,211.41,206.25,206.94,16679649,-1.136,200.89,187.12,176.95,67.028,6.3869,6.4027,-0.0157,213.99,187.8,13.036,2022,4,2,2022-04,False
2022-04-08,ITC,208.03,216.77,206.41,215.93,39283623,4.344,202.34,188.07,177.22,75.018,6.8541,6.493,0.3611,215.38,189.3,12.887,2022,4,2,2022-04,False
2022-04-11,ITC,216.69,220.24,214.48,215.69,47924937,-0.112,203.59,189.0,177.5,74.495,7.1227,6.6189,0.5038,216.7,190.49,12.872,2022,4,2,2022-04,False
2022-04-12,ITC,215.2,216.61,212.14,213.51,24460888,-1.009,204.63,189.84,177.76,69.779,7.0783,6.7108,0.3675,217.4,191.87,12.474,2022,4,2,2022-04,False
2022-04-13,ITC,213.91,218.19,212.58,217.34,22239115,1.794,205.91,190.72,178.05,73.015,7.2684,6.8223,0.4461,218.37,193.45,12.101,2022,4,2,2022-04,False
2022-04-18,ITC,216.09,219.72,215.48,217.78,25339139,0.204,207.02,191.49,178.33,73.371,7.3698,6.9318,0.438,219.56,194.48,12.119,2022,4,2,2022-04,False
2022-04-19,ITC,219.31,219.72,208.67,210.89,24280577,-3.165,207.69,192.05,178.58,60.11,6.8154,6.9085,-0.0931,219.5,195.89,11.369,2022,4,2,2022-04,False
2022-04-20,ITC,211.98,214.03,207.66,209.28,25454589,-0.765,208.3,192.55,178.83,57.492,6.1747,6.7618,-0.587,219.02,197.58,10.293,2022,4,2,2022-04,False
2022-04-21,ITC,209.4,213.23,209.32,209.96,24313956,0.328,208.73,193.06,179.08,58.323,5.6571,6.5408,-0.8838,218.96,198.5,9.802,2022,4,2,2022-04,False
2022-04-22,ITC,209.64,212.06,208.47,210.53,16274820,0.269,209.09,193.64,179.33,59.033,5.232,6.2791,-1.047,219.01,199.18,9.483,2022,4,2,2022-04,False
2022-04-25,ITC,208.67,208.83,203.59,205.81,25140992,-2.241,209.11,194.12,179.56,51.185,4.4632,5.9159,-1.4527,219.0,199.22,9.46,2022,4,2,2022-04,False
2022-04-26,ITC,206.9,210.2,206.61,208.79,21327644,1.45,209.34,194.67,179.81,55.238,4.0479,5.5423,-1.4944,218.96,199.71,9.199,2022,4,2,2022-04,False
2022-04-27,ITC,206.57,208.43,206.21,207.62,17219401,-0.56,209.35,195.16,180.05,53.368,3.5831,5.1504,-1.5673,218.97,199.74,9.184,2022,4,2,2022-04,False
2022-04-28,ITC,209.24,212.62,208.15,210.53,28999835,1.398,209.62,195.71,180.3,57.239,3.4097,4.8023,-1.3926,219.05,200.19,8.998,2022,4,2,2022-04,False
2022-04-29,ITC,212.06,212.06,208.43,209.28,21206335,-0.594,210.03,196.36,180.55,55.117,3.1353,4.4689,-1.3336,218.54,201.53,8.099,2022,4,2,2022-04,False
2022-05-02,ITC,208.03,213.27,207.26,212.18,19696250,1.387,210.54,197.01,180.82,58.925,3.1161,4.1983,-1.0822,218.22,202.86,7.296,2022,5,2,2022-05,False
2022-05-04,ITC,212.86,214.52,208.51,209.44,26951488,-1.292,210.8,197.6,181.07,54.244,2.8469,3.9281,-1.0812,217.91,203.68,6.749,2022,5,2,2022-05,False
2022-05-05,ITC,211.25,213.83,209.96,211.29,18623544,0.885,211.06,198.24,181.33,56.747,2.7515,3.6927,-0.9413,217.81,204.32,6.388,2022,5,2,2022-05,False
2022-05-06,ITC,208.83,215.56,208.75,215.0,35818441,1.755,211.35,198.96,181.61,61.306,2.9412,3.5424,-0.6012,218.25,204.45,6.53,2022,5,2,2022-05,False
2022-05-09,ITC,214.6,214.6,210.08,212.02,22228031,-1.388,211.49,199.68,181.85,56.177,2.8184,3.3976,-0.5793,218.33,204.65,6.467,2022,5,2,2022-05,False
2022-05-10,ITC,211.25,215.12,208.91,209.44,18727774,-1.217,211.61,200.41,182.08,52.116,2.4842,3.2149,-0.7308,218.19,205.04,6.213,2022,5,2,2022-05,False
2022-05-11,ITC,208.83,211.41,202.99,206.13,18012072,-1.578,211.12,201.05,182.3,47.389,1.9303,2.958,-1.0277,217.8,204.44,6.328,2022,5,2,2022-05,False
2022-05-12,ITC,205.61,206.74,200.89,203.91,20816708,-1.076,210.54,201.77,182.5,44.475,1.2975,2.6259,-1.3284,217.59,203.48,6.699,2022,5,2,2022-05,False
2022-05-13,ITC,205.57,210.32,205.2,208.51,12380764,2.254,210.29,202.49,182.73,51.176,1.1536,2.3314,-1.1779,217.25,203.32,6.621,2022,5,2,2022-05,False
2022-05-16,ITC,209.6,209.6,203.99,204.88,8502159,-1.74,209.66,203.1,182.92,46.414,0.7382,2.0128,-1.2746,216.18,203.14,6.219,2022,5,2,2022-05,False
2022-05-17,ITC,205.61,214.07,205.45,213.43,18483427,4.172,209.45,203.9,183.15,56.648,1.0862,1.8275,-0.7413,215.05,203.84,5.352,2022,5,2,2022-05,False
2022-05-18,ITC,214.48,215.93,212.18,215.12,20978307,0.793,209.66,204.66,183.41,58.345,1.4815,1.7583,-0.2768,215.79,203.53,5.847,2022,5,2,2022-05,False
2022-05-19,ITC,211.73,225.16,211.73,222.26,81302807,3.317,210.31,205.47,183.69,64.63,2.3435,1.8753,0.4682,218.62,201.99,7.91,2022,5,2,2022-05,False
2022-05-20,ITC,223.35,227.66,223.35,225.76,33617466,1.578,211.1,206.36,184.01,67.246,3.272,2.1547,1.1174,221.91,200.29,10.241,2022,5,2,2022-05,False
2022-05-23,ITC,225.76,226.13,220.16,221.33,22535903,-1.964,211.64,207.13,184.31,61.093,3.6084,2.4454,1.163,223.37,199.91,11.085,2022,5,2,2022-05,False
2022-05-24,ITC,221.73,221.73,217.7,218.39,16146766,-1.33,212.27,207.8,184.59,57.344,3.5961,2.6755,0.9205,224.03,200.5,11.084,2022,5,2,2022-05,False
2022-05-25,ITC,220.08,220.85,218.1,219.88,15877459,0.683,212.82,208.45,184.86,58.727,3.6644,2.8733,0.7911,224.93,200.71,11.384,2022,5,2,2022-05,False
2022-05-26,ITC,221.56,221.56,217.93,220.28,19129574,0.184,213.45,209.05,185.14,59.114,3.7086,3.0404,0.6682,225.75,201.16,11.518,2022,5,2,2022-05,False
2022-05-27,ITC,222.18,223.59,218.92,222.35,13986762,0.937,214.04,209.64,185.41,61.119,3.8656,3.2054,0.6602,226.87,201.22,11.984,2022,5,2,2022-05,False
2022-05-30,ITC,223.42,223.84,221.03,222.22,12274291,-0.056,214.69,210.25,185.67,60.926,3.9347,3.3513,0.5834,227.81,201.57,12.219,2022,5,2,2022-05,False
2022-05-31,ITC,222.22,226.73,220.04,223.55,24102167,0.595,215.26,210.81,185.95,62.294,4.0494,3.4909,0.5585,228.89,201.63,12.666,2022,5,2,2022-05,False
2022-06-01,ITC,223.55,226.4,223.17,224.54,15265925,0.443,216.01,211.35,186.25,63.33,4.1722,3.6272,0.545,229.96,202.07,12.91,2022,6,2,2022-06,False
2022-06-02,ITC,223.59,226.69,221.23,225.9,14789457,0.607,216.75,211.93,186.55,64.765,4.3296,3.7676,0.5619,231.17,202.32,13.31,2022,6,2,2022-06,False
2022-06-03,ITC,227.14,227.72,224.33,225.24,12968807,-0.293,217.26,212.4,186.86,63.468,4.3508,3.8843,0.4665,232.14,202.37,13.701,2022,6,2,2022-06,False
2022-06-06,ITC,224.99,227.8,222.76,226.97,11345943,0.77,218.0,212.88,187.16,65.425,4.4563,3.9987,0.4576,233.28,202.73,14.012,2022,6,2,2022-06,False
2022-06-07,ITC,225.65,227.14,224.87,226.23,11245578,-0.327,218.84,213.29,187.46,63.847,4.4288,4.0847,0.3441,233.98,203.71,13.832,2022,6,2,2022-06,False
2022-06-08,ITC,226.27,226.64,219.87,221.28,14915091,-2.191,219.6,213.63,187.74,54.422,3.9615,4.0601,-0.0986,233.53,205.68,12.681,2022,6,2,2022-06,False
2022-06-09,ITC,221.19,224.41,219.5,223.71,10239939,1.101,220.59,213.96,188.04,57.726,3.7445,3.997,-0.2524,232.49,208.7,10.785,2022,6,2,2022-06,False
2022-06-10,ITC,222.22,223.84,221.98,223.13,8693455,-0.258,221.32,214.32,188.33,56.676,3.4858,3.8947,-0.4089,231.81,210.84,9.473,2022,6,2,2022-06,False
2022-06-13,ITC,220.04,222.27,217.23,218.59,11519902,-2.036,222.01,214.67,188.61,49.117,2.881,3.692,-0.811,229.26,214.76,6.532,2022,6,2,2022-06,False
2022-06-14,ITC,217.39,220.9,217.27,219.25,7708043,0.302,222.3,215.02,188.9,50.158,2.427,3.439,-1.012,228.49,216.11,5.569,2022,6,2,2022-06,False
2022-06-15,ITC,219.71,220.78,217.27,217.56,5254329,-0.772,222.42,215.28,189.17,47.477,1.9086,3.1329,-1.2243,228.09,216.75,5.097,2022,6,2,2022-06,False
2022-06-16,ITC,220.53,221.28,214.34,215.33,14843837,-1.025,222.07,215.47,189.45,44.13,1.3027,2.7669,-1.4641,228.57,215.58,5.852,2022,6,2,2022-06,False
2022-06-17,ITC,213.92,218.18,213.55,217.48,17296080,0.997,221.66,215.63,189.72,47.936,0.9846,2.4104,-1.4258,228.22,215.1,5.922,2022,6,2,2022-06,False
2022-06-20,ITC,217.48,219.83,215.87,218.14,17738981,0.304,221.5,215.81,189.99,49.085,0.7768,2.0837,-1.3069,228.25,214.75,6.095,2022,6,2,2022-06,False
2022-06-21,ITC,218.88,223.71,218.14,222.93,14417711,2.196,221.73,216.13,190.28,56.569,0.9873,1.8644,-0.8771,228.34,215.11,5.965,2022,6,2,2022-06,False
2022-06-22,ITC,220.53,223.26,218.8,219.13,11756920,-1.704,221.69,216.2,190.55,50.259,0.8378,1.6591,-0.8212,228.36,215.02,6.014,2022,6,2,2022-06,False
2022-06-23,ITC,219.29,220.74,216.73,219.29,9416459,0.075,221.64,216.27,190.82,50.518,0.7244,1.4721,-0.7477,228.36,214.92,6.068,2022,6,2,2022-06,False
2022-06-24,ITC,219.79,221.65,219.04,219.58,7283228,0.132,221.5,216.39,191.09,50.997,0.6503,1.3078,-0.6574,228.28,214.73,6.119,2022,6,2,2022-06,False
2022-06-27,ITC,220.53,223.55,220.12,222.97,8487729,1.542,221.54,216.5,191.38,56.339,0.855,1.2172,-0.3622,228.34,214.74,6.14,2022,6,2,2022-06,False
2022-06-28,ITC,222.1,224.87,221.81,224.54,11673046,0.704,221.59,216.64,191.67,58.591,1.1309,1.2,-0.0691,228.47,214.71,6.207,2022,6,2,2022-06,False
2022-06-29,ITC,222.39,227.14,222.31,226.35,16635367,0.809,221.68,216.95,191.97,61.094,1.479,1.2558,0.2233,228.77,214.59,6.393,2022,6,2,2022-06,False
2022-06-30,ITC,226.27,226.89,224.66,225.9,20003893,-0.201,221.68,217.28,192.26,60.116,1.6987,1.3444,0.3544,228.77,214.59,6.393,2022,6,2,2022-06,False
2022-07-01,ITC,225.9,235.4,224.0,234.86,36520000,3.967,222.16,217.78,192.59,70.24,2.5664,1.5888,0.9776,231.28,213.04,8.209,2022,7,3,2022-07,False
2022-07-04,ITC,235.94,242.25,235.23,241.1,41417701,2.655,222.87,218.39,192.95,74.996,3.7144,2.0139,1.7005,235.18,210.55,11.052,2022,7,3,2022-07,False
2022-07-05,ITC,242.01,242.01,236.02,236.97,19283789,-1.713,223.4,219.01,193.28,67.322,4.242,2.4595,1.7825,237.19,209.62,12.338,2022,7,3,2022-07,False
2022-07-06,ITC,236.31,239.53,235.65,238.95,18997440,0.837,224.29,219.61,193.57,68.964,4.7652,2.9207,1.8446,239.67,208.91,13.716,2022,7,3,2022-07,False
2022-07-07,ITC,240.35,242.13,238.29,241.14,14326277,0.916,225.16,220.28,193.86,70.713,5.2954,3.3956,1.8998,242.28,208.04,15.207,2022,7,3,2022-07,False
2022-07-08,ITC,241.92,243.2,239.86,242.05,11538313,0.377,226.1,220.91,194.15,71.433,5.723,3.8611,1.8619,244.77,207.44,16.513,2022,7,3,2022-07,False
2022-07-11,ITC,242.01,245.27,241.22,243.66,12828405,0.665,227.36,221.6,194.42,72.713,6.1212,4.3131,1.8081,247.23,207.49,17.481,2022,7,3,2022-07,False
2022-07-12,ITC,242.01,243.95,240.27,241.76,14616684,-0.78,228.48,222.19,194.67,68.797,6.2119,4.6929,1.519,248.96,208.01,17.926,2022,7,3,2022-07,False
2022-07-13,ITC,242.01,243.49,241.76,242.87,9634877,0.461,229.75,222.86,194.93,69.824,6.3011,5.0145,1.2866,250.51,208.99,18.074,2022,7,3,2022-07,False
2022-07-14,ITC,243.08,244.77,238.83,240.23,13930984,-1.088,230.99,223.44,195.19,64.411,6.0884,5.2293,0.8591,251.09,210.9,17.401,2022,7,3,2022-07,False
2022-07-15,ITC,241.18,242.83,239.12,242.46,11450042,0.928,232.24,223.99,195.46,66.753,6.0302,5.3895,0.6407,251.9,212.58,16.931,2022,7,3,2022-07,False
2022-07-18,ITC,243.66,244.73,242.63,243.91,11751684,0.596,233.53,224.63,195.75,68.213,6.0312,5.5178,0.5134,252.67,214.39,16.391,2022,7,3,2022-07,False
2022-07-19,ITC,243.66,244.15,241.76,243.33,9542292,-0.237,234.55,225.31,196.03,66.947,5.9172,5.5977,0.3195,253.48,215.62,16.143,2022,7,3,2022-07,False
2022-07-20,ITC,243.58,247.38,242.5,246.3,16397373,1.222,235.91,226.11,196.33,70.029,5.9976,5.6777,0.3199,254.07,217.76,15.392,2022,7,3,2022-07,False
2022-07-21,ITC,246.96,249.61,246.14,247.42,16660697,0.453,237.32,226.98,196.64,71.117,6.0812,5.7584,0.3228,254.38,220.26,14.377,2022,7,3,2022-07,False
2022-07-22,ITC,247.79,249.85,246.22,248.24,10351425,0.334,238.75,227.77,196.95,71.929,6.1432,5.8353,0.3079,254.28,223.22,13.013,2022,7,3,2022-07,False
2022-07-25,ITC,246.96,250.23,246.8,248.7,11050533,0.183,240.04,228.65,197.27,72.389,6.1581,5.8999,0.2582,254.27,225.8,11.863,2022,7,3,2022-07,False
2022-07-26,ITC,248.61,250.89,248.16,249.81,10114261,0.448,241.3,229.38,197.61,73.536,6.1885,5.9576,0.2309,254.17,228.43,10.664,2022,7,3,2022-07,False
2022-07-27,ITC,250.14,251.92,248.28,251.22,9706094,0.562,242.54,230.1,197.95,74.947,6.2539,6.0169,0.237,254.06,231.02,9.499,2022,7,3,2022-07,False
2022-07-28,ITC,251.84,252.08,249.77,250.64,11256515,-0.23,243.78,230.67,198.29,73.216,6.1876,6.051,0.1366,252.82,234.74,7.418,2022,7,3,2022-07,False
2022-07-29,ITC,251.92,252.66,248.9,250.31,17584873,-0.132,244.55,231.16,198.6,72.19,6.0389,6.0486,-0.0097,253.01,236.1,6.913,2022,7,3,2022-07,False
2022-08-01,ITC,251.09,255.06,250.35,253.98,16501510,1.468,245.2,231.81,198.92,76.188,6.1467,6.0682,0.0785,254.47,235.93,7.561,2022,8,3,2022-08,False
2022-08-02,ITC,256.05,261.54,254.56,256.01,40483892,0.797,246.15,232.56,199.22,78.058,6.3226,6.1191,0.2035,255.76,236.53,7.812,2022,8,3,2022-08,False
2022-08-03,ITC,256.79,256.79,250.8,254.52,18376724,-0.581,246.93,233.26,199.48,73.491,6.2698,6.1492,0.1205,256.61,237.25,7.842,2022,8,3,2022-08,False
2022-08-04,ITC,254.4,256.34,253.69,255.64,16514348,0.438,247.65,233.96,199.73,74.687,6.2458,6.1686,0.0773,257.67,237.63,8.094,2022,8,3,2022-08,False
2022-08-05,ITC,255.64,257.53,255.3,256.75,10477269,0.436,248.39,234.65,200.04,75.861,6.2449,6.1838,0.0611,258.83,237.95,8.406,2022,8,3,2022-08,False
2022-08-08,ITC,256.83,259.31,256.09,258.65,8627072,0.74,249.14,235.38,200.37,77.752,6.3245,6.212,0.1125,260.28,238.0,8.942,2022,8,3,2022-08,False
2022-08-10,ITC,258.65,259.43,256.67,257.04,9267241,-0.623,249.9,236.05,200.69,72.56,6.1863,6.2068,-0.0205,261.01,238.8,8.887,2022,8,3,2022-08,False
2022-08-11,ITC,258.53,258.9,252.17,252.95,11305242,-1.591,250.4,236.62,201.02,61.36,5.6814,6.1018,-0.4203,261.07,239.74,8.521,2022,8,3,2022-08,False
2022-08-12,ITC,252.95,255.55,251.51,254.85,6669853,0.751,251.14,237.2,201.38,64.13,5.3726,5.9559,-0.5833,260.83,241.44,7.718,2022,8,3,2022-08,False
2022-08-16,ITC,254.85,257.29,254.85,256.5,8941455,0.648,251.84,237.82,201.73,66.387,5.2013,5.805,-0.6037,260.9,242.78,7.195,2022,8,3,2022-08,False
2022-08-17,ITC,257.45,258.73,256.87,258.15,8283028,0.644,252.55,238.45,202.08,68.52,5.1395,5.6719,-0.5324,261.22,243.88,6.862,2022,8,3,2022-08,False
2022-08-18,ITC,258.53,261.0,258.2,260.71,10264507,0.992,253.42,239.14,202.5,71.536,5.2368,5.5849,-0.3481,261.67,245.17,6.51,2022,8,3,2022-08,False
2022-08-19,ITC,261.13,261.13,257.04,257.7,10823811,-1.156,253.99,239.87,202.91,63.788,5.0129,5.4705,-0.4576,261.73,246.25,6.092,2022,8,3,2022-08,False
2022-08-22,ITC,257.04,261.83,256.87,259.68,11793184,0.769,254.6,240.58,203.31,66.367,4.9384,5.3641,-0.4257,262.09,247.12,5.879,2022,8,3,2022-08,False
2022-08-23,ITC,258.48,261.0,257.78,260.92,9698555,0.477,255.24,241.34,203.73,67.906,4.9226,5.2758,-0.3531,262.6,247.87,5.769,2022,8,3,2022-08,False
2022-08-24,ITC,260.8,263.85,258.57,259.43,11783894,-0.57,255.77,242.16,204.15,64.116,4.7356,5.1677,-0.4322,262.68,248.87,5.4,2022,8,3,2022-08,False
2022-08-25,ITC,260.55,261.33,257.37,257.99,8057930,-0.557,256.18,242.93,204.55,60.575,4.4198,5.0181,-0.5984,262.55,249.81,4.971,2022,8,3,2022-08,False
2022-08-26,ITC,259.97,260.51,257.7,258.44,7224507,0.176,256.54,243.75,204.93,61.299,4.1582,4.8461,-0.688,262.53,250.55,4.67,2022,8,3,2022-08,False
2022-08-29,ITC,256.05,260.14,255.1,258.98,11798961,0.208,256.96,244.62,205.33,62.182,3.9487,4.6667,-0.718,262.35,251.57,4.195,2022,8,3,2022-08,False
2022-08-30,ITC,259.56,265.46,259.56,264.72,18516092,2.217,257.68,245.57,205.74,70.05,4.1975,4.5728,-0.3753,263.18,252.18,4.267,2022,8,3,2022-08,False
2022-09-01,ITC,263.89,265.88,261.0,262.33,13765474,-0.905,258.1,246.45,206.15,64.061,4.1535,4.489,-0.3355,263.68,252.52,4.325,2022,9,3,2022-09,False
2022-09-02,ITC,263.23,267.82,262.7,266.91,26750910,1.747,258.64,247.33,206.57,69.445,4.4374,4.4786,-0.0413,265.38,251.91,5.206,2022,9,3,2022-09,False
2022-09-05,ITC,268.44,272.24,267.41,271.62,18144801,1.764,259.5,248.38,206.99,73.789,4.9848,4.5799,0.4049,268.11,250.89,6.635,2022,9,3,2022-09,False
2022-09-06,ITC,272.57,272.57,269.59,270.21,12431779,-0.517,260.23,249.4,207.41,70.567,5.2449,4.7129,0.532,269.87,250.59,7.408,2022,9,3,2022-09,False
2022-09-07,ITC,269.26,271.16,268.64,269.35,8397233,-0.321,260.86,250.39,207.82,68.575,5.3197,4.8342,0.4854,271.16,250.55,7.901,2022,9,3,2022-09,False
2022-09-08,ITC,271.74,273.06,270.5,272.48,11331350,1.165,261.55,251.38,208.24,71.689,5.568,4.981,0.587,273.02,250.08,8.772,2022,9,3,2022-09,False
2022-09-09,ITC,273.06,275.29,272.57,272.98,9770432,0.182,262.35,252.35,208.7,72.159,5.7387,5.1325,0.6062,274.68,250.01,9.404,2022,9,3,2022-09,False
2022-09-12,ITC,274.22,274.55,272.57,273.31,9048240,0.121,263.36,253.29,209.15,72.486,5.8334,5.2727,0.5607,275.79,250.93,9.44,2022,9,3,2022-09,False
2022-09-13,ITC,273.97,276.7,273.06,276.2,10925371,1.058,264.43,254.3,209.64,75.23,6.0717,5.4325,0.6392,277.44,251.43,9.837,2022,9,3,2022-09,False
2022-09-14,ITC,273.39,280.0,273.35,276.99,12739464,0.284,265.46,255.14,210.11,75.932,6.2518,5.5963,0.6554,279.05,251.87,10.239,2022,9,3,2022-09,False
2022-09-15,ITC,277.85,278.39,274.96,275.95,8742900,-0.373,266.35,255.84,210.61,73.001,6.2393,5.7249,0.5143,280.25,252.44,10.441,2022,9,3,2022-09,False
2022-09-16,ITC,274.51,276.37,272.32,273.64,12973988,-0.838,266.99,256.57,211.11,66.784,5.9739,5.7747,0.1992,281.0,252.99,10.49,2022,9,3,2022-09,False
2022-09-19,ITC,271.82,278.27,271.82,277.19,14918717,1.298,267.97,257.34,211.62,70.885,5.9812,5.816,0.1652,281.96,253.97,10.445,2022,9,3,2022-09,False
2022-09-20,ITC,279.79,280.5,276.7,277.52,9892945,0.119,268.86,258.06,212.14,71.241,5.9451,5.8418,0.1033,282.9,254.81,10.448,2022,9,3,2022-09,False
2022-09-21,ITC,277.52,285.12,277.11,281.61,21800547,1.473,269.89,258.86,212.66,75.268,6.1753,5.9085,0.2667,284.51,255.27,10.834,2022,9,3,2022-09,False
2022-09-22,ITC,281.65,288.05,281.57,285.0,25111230,1.203,271.17,259.68,213.21,78.014,6.5554,6.0379,0.5175,286.4,255.94,11.23,2022,9,3,2022-09,False
2022-09-23,ITC,287.02,288.71,283.55,286.11,23718397,0.391,272.58,260.57,213.78,78.847,6.8674,6.2038,0.6636,287.87,257.28,11.223,2022,9,3,2022-09,False
2022-09-26,ITC,284.83,285.74,274.01,274.71,16829922,-3.984,273.39,261.21,214.29,55.643,6.1243,6.1879,-0.0636,287.18,259.6,10.085,2022,9,3,2022-09,False
2022-09-27,ITC,276.7,280.46,275.87,276.57,10375837,0.676,274.27,261.93,214.78,57.822,5.6206,6.0744,-0.4538,286.32,262.22,8.787,2022,9,3,2022-09,False
2022-09-28,ITC,274.18,275.29,267.86,268.4,16151900,-2.957,274.45,262.45,215.2,46.903,4.5096,5.7615,-1.2519,285.99,262.92,8.408,2022,9,3,2022-09,False
2022-09-29,ITC,271.74,276.61,270.71,275.09,18985406,2.493,275.09,263.08,215.65,54.478,4.1215,5.4335,-1.312,285.12,265.07,7.29,2022,9,3,2022-09,False
2022-09-30,ITC,275.09,277.32,272.69,274.38,12906555,-0.255,275.47,263.7,216.09,53.613,3.7144,5.0897,-1.3753,284.74,266.2,6.731,2022,9,3,2022-09,False
2022-10-03,ITC,274.96,275.05,266.99,267.94,9462192,-2.348,275.28,264.13,216.53,46.346,2.8392,4.6396,-1.8004,285.01,265.56,7.067,2022,10,4,2022-10,False
2022-10-04,ITC,271.49,275.87,270.92,274.92,9142294,2.605,275.52,264.68,217.03,53.672,2.6779,4.2473,-1.5693,284.95,266.08,6.848,2022,10,4,2022-10,False
2022-10-06,ITC,276.7,280.25,274.67,278.06,23091432,1.142,275.95,265.28,217.54,56.546,2.7714,3.9521,-1.1807,284.98,266.92,6.544,2022,10,4,2022-10,False
2022-10-07,ITC,278.18,278.23,273.64,275.95,10910698,-0.757,276.13,265.82,218.06,54.12,2.6451,3.6907,-1.0456,285.01,267.25,6.433,2022,10,4,2022-10,False
2022-10-10,ITC,272.57,273.76,269.3,270.79,9750594,-1.871,276.02,266.24,218.58,48.615,2.1042,3.3734,-1.2692,285.11,266.92,6.591,2022,10,4,2022-10,False
2022-10-11,ITC,271.74,272.94,268.52,269.51,11018577,-0.473,275.83,266.61,219.09,47.329,1.5542,3.0096,-1.4553,285.31,266.34,6.877,2022,10,4,2022-10,False
2022-10-12,ITC,270.87,273.76,268.23,272.65,10735673,1.165,275.65,267.05,219.62,50.767,1.3561,2.6789,-1.3228,285.24,266.06,6.956,2022,10,4,2022-10,False
2022-10-13,ITC,272.53,273.64,270.92,271.45,7546587,-0.439,275.37,267.47,220.12,49.441,1.0898,2.361,-1.2712,285.12,265.63,7.076,2022,10,4,2022-10,False
2022-10-14,ITC,274.47,275.79,273.27,274.3,6672357,1.05,275.29,267.88,220.63,52.613,1.0961,2.108,-1.012,285.04,265.54,7.084,2022,10,4,2022-10,False
2022-10-17,ITC,273.48,276.49,272.24,274.43,7195922,0.045,275.33,268.24,221.15,52.751,1.0984,1.9061,-0.8077,285.06,265.6,7.067,2022,10,4,2022-10,False
2022-10-18,ITC,275.83,281.65,275.5,281.07,21691854,2.423,275.52,268.78,221.69,59.591,1.6181,1.8485,-0.2304,285.56,265.49,7.285,2022,10,4,2022-10,False
2022-10-19,ITC,283.39,286.98,280.66,286.07,16923690,1.778,275.95,269.38,222.26,63.829,2.4055,1.9599,0.4456,287.02,264.88,8.022,2022,10,4,2022-10,False
2022-10-20,ITC,286.61,289.87,284.79,288.84,19186222,0.967,276.31,270.03,222.86,65.958,3.2157,2.2111,1.0046,288.57,264.06,8.87,2022,10,4,2022-10,False
2022-10-21,ITC,291.73,291.73,284.54,285.45,28426343,-1.172,276.34,270.56,223.43,61.21,3.5436,2.4776,1.0661,288.66,264.01,8.92,2022,10,4,2022-10,False
2022-10-24,ITC,288.22,288.84,286.61,287.19,3292671,0.608,276.39,271.16,224.0,62.691,3.8986,2.7618,1.1368,288.9,263.88,9.054,2022,10,4,2022-10,False
2022-10-25,ITC,288.63,288.67,283.84,286.03,17906260,-0.403,276.96,271.83,224.56,61.018,4.04,3.0174,1.0226,290.15,263.76,9.53,2022,10,4,2022-10,False
2022-10-27,ITC,286.32,287.72,284.01,285.62,19273344,-0.144,277.41,272.44,225.12,60.398,4.0718,3.2283,0.8435,291.16,263.66,9.914,2022,10,4,2022-10,False
2022-10-28,ITC,287.06,287.93,285.04,285.62,13572499,0.0,278.27,273.02,225.69,60.398,4.0503,3.3927,0.6576,291.8,264.74,9.724,2022,10,4,2022-10,False
2022-10-31,ITC,287.43,289.5,284.75,288.01,14358449,0.839,278.91,273.62,226.27,62.932,4.1784,3.5498,0.6286,293.03,264.8,10.119,2022,10,4,2022-10,False
2022-11-01,ITC,288.47,289.5,286.77,288.67,20422565,0.229,279.63,274.18,226.83,63.623,4.2839,3.6967,0.5872,294.21,265.04,10.432,2022,11,4,2022-11,False
2022-11-02,ITC,287.85,294.25,287.85,292.93,17427813,1.474,280.88,274.88,227.43,67.788,4.657,3.8887,0.7683,295.53,266.23,10.432,2022,11,4,2022-11,False
2022-11-03,ITC,292.39,296.11,291.56,292.14,11149636,-0.268,281.74,275.53,228.01,66.28,4.8337,4.0777,0.756,296.93,266.55,10.783,2022,11,4,2022-11,False
2022-11-04,ITC,292.39,294.04,291.15,292.06,8709851,-0.028,282.44,276.16,228.59,66.114,4.9104,4.2443,0.6662,298.2,266.68,11.157,2022,11,4,2022-11,False
2022-11-07,ITC,293.22,294.33,289.09,291.98,10437370,-0.028,283.24,276.81,229.17,65.935,4.908,4.377,0.531,299.24,267.25,11.294,2022,11,4,2022-11,False
2022-11-09,ITC,291.98,298.54,291.73,297.92,21404869,2.037,284.6,277.61,229.78,71.834,5.3246,4.5665,0.758,300.75,268.45,11.35,2022,11,4,2022-11,False
2022-11-10,ITC,296.52,297.26,292.47,294.04,20071989,-1.303,285.82,278.32,230.38,64.038,5.2806,4.7093,0.5712,300.84,270.81,10.505,2022,11,4,2022-11,False
2022-11-11,ITC,297.35,298.13,292.93,294.33,11372654,0.098,286.91,279.03,230.98,64.349,5.209,4.8093,0.3997,301.02,272.8,9.837,2022,11,4,2022-11,False
2022-11-14,ITC,294.33,294.83,286.28,286.77,18319254,-2.568,287.67,279.47,231.55,51.773,4.4907,4.7455,-0.2549,299.77,275.58,8.412,2022,11,4,2022-11,False
2022-11-15,ITC,288.22,288.22,280.12,285.16,16046491,-0.562,288.22,279.92,232.13,49.55,3.7482,4.5461,-0.7978,298.65,277.79,7.239,2022,11,4,2022-11,False
2022-11-16,ITC,285.53,286.48,282.19,284.21,7897812,-0.333,288.71,280.27,232.71,48.235,3.0481,4.2465,-1.1984,297.14,280.27,5.843,2022,11,4,2022-11,False
2022-11-17,ITC,284.21,286.98,282.97,283.88,10379179,-0.116,288.85,280.51,233.29,47.76,2.4384,3.8849,-1.4465,296.83,280.87,5.526,2022,11,4,2022-11,False
2022-11-18,ITC,283.88,284.75,280.66,281.69,8140173,-0.771,288.63,280.74,233.85,44.626,1.7584,3.4596,-1.7012,297.15,280.1,5.906,2022,11,4,2022-11,False
2022-11-21,ITC,280.08,280.83,276.2,278.51,9553090,-1.129,288.11,280.93,234.39,40.471,0.9518,2.958,-2.0062,297.76,278.47,6.696,2022,11,4,2022-11,False
2022-11-22,ITC,278.35,281.65,277.28,281.03,6746019,0.905,287.89,281.1,234.93,44.852,0.5101,2.4684,-1.9584,297.99,277.8,7.013,2022,11,4,2022-11,False
2022-11-23,ITC,282.48,282.48,278.76,280.66,8067471,-0.132,287.56,281.25,235.43,44.333,0.1285,2.0004,-1.8719,298.16,276.96,7.372,2022,11,4,2022-11,False
2022-11-24,ITC,280.66,282.89,278.8,281.45,8454385,0.28,287.34,281.42,235.93,45.759,-0.1093,1.5785,-1.6878,298.27,276.4,7.61,2022,11,4,2022-11,False
2022-11-25,ITC,281.65,282.4,279.01,281.07,7200274,-0.132,287.11,281.51,236.41,45.169,-0.3241,1.198,-1.522,298.37,275.84,7.848,2022,11,4,2022-11,False
2022-11-28,ITC,280.83,282.27,279.79,280.87,10284123,-0.073,286.87,281.59,236.89,44.823,-0.5051,0.8574,-1.3625,298.47,275.28,8.083,2022,11,4,2022-11,False
2022-11-29,ITC,280.83,284.96,280.83,282.73,10582296,0.662,286.61,281.73,237.4,48.634,-0.4929,0.5873,-1.0802,298.33,274.88,8.182,2022,11,4,2022-11,False
2022-11-30,ITC,281.86,284.25,280.0,280.83,23425220,-0.672,286.21,281.87,237.89,45.197,-0.6293,0.344,-0.9733,298.17,274.26,8.355,2022,11,4,2022-11,False
2022-12-01,ITC,282.23,282.23,278.18,280.46,17270904,-0.132,285.59,281.93,238.39,44.534,-0.7586,0.1235,-0.8821,297.37,273.81,8.251,2022,12,4,2022-12,False
2022-12-02,ITC,280.29,281.49,278.14,278.47,8711914,-0.707,284.91,281.95,238.87,41.074,-1.0094,-0.1031,-0.9063,296.67,273.14,8.261,2022,12,4,2022-12,False
2022-12-05,ITC,278.89,279.88,276.0,278.14,10090597,-0.119,284.21,281.88,239.34,40.509,-1.2208,-0.3267,-0.8941,295.84,272.58,8.185,2022,12,4,2022-12,False
2022-12-06,ITC,275.95,279.34,275.95,278.6,6571118,0.163,283.54,281.76,239.85,41.696,-1.3362,-0.5286,-0.8077,294.83,272.26,7.96,2022,12,4,2022-12,False
2022-12-07,ITC,279.59,282.07,278.06,280.91,10191144,0.83,282.69,281.65,240.36,47.448,-1.227,-0.6683,-0.5587,291.76,273.62,6.415,2022,12,4,2022-12,False
2022-12-08,ITC,280.99,282.6,278.76,279.51,6439244,-0.5,281.96,281.75,240.85,44.573,-1.2394,-0.7825,-0.4569,289.38,274.55,5.261,2022,12,4,2022-12,False
2022-12-09,ITC,280.62,282.89,279.17,281.98,8445424,0.887,281.35,281.86,241.37,50.296,-1.0373,-0.8335,-0.2039,285.95,276.74,3.274,2022,12,4,2022-12,False
2022-12-12,ITC,281.65,284.13,280.91,283.47,11646572,0.527,281.18,282.16,241.89,53.405,-0.7486,-0.8165,0.0679,285.16,277.2,2.831,2022,12,4,2022-12,False
2022-12-13,ITC,284.54,285.78,282.81,285.45,11105261,0.699,281.2,282.36,242.44,57.246,-0.3557,-0.7243,0.3686,285.24,277.15,2.875,2022,12,4,2022-12,False
2022-12-14,ITC,285.78,286.9,283.92,285.29,7664099,-0.058,281.25,282.58,243.0,56.825,-0.057,-0.5909,0.5338,285.49,277.01,3.012,2022,12,4,2022-12,False
2022-12-15,ITC,284.75,285.87,279.18,279.88,8469001,-1.896,281.05,282.82,243.53,45.137,-0.254,-0.5235,0.2695,285.14,276.96,2.909,2022,12,4,2022-12,False
2022-12-16,ITC,278.76,279.92,273.64,276.78,12907968,-1.107,280.8,282.86,244.07,40.057,-0.6524,-0.5493,-0.1031,285.3,276.31,3.201,2022,12,4,2022-12,False
2022-12-19,ITC,278.18,282.77,276.99,281.24,8113695,1.611,280.94,282.92,244.61,48.965,-0.6014,-0.5597,-0.0417,285.31,276.57,3.108,2022,12,4,2022-12,False
2022-12-20,ITC,280.87,281.61,278.14,280.95,5693354,-0.103,280.94,283.02,245.15,48.462,-0.5776,-0.5633,-0.0143,285.3,276.57,3.108,2022,12,4,2022-12,False
2022-12-21,ITC,281.65,281.86,276.28,276.82,7316532,-1.47,280.74,283.14,245.67,41.852,-0.8818,-0.627,-0.2548,285.48,276.01,3.376,2022,12,4,2022-12,False
2022-12-22,ITC,277.23,278.68,272.48,274.59,6838031,-0.806,280.4,283.24,246.15,38.777,-1.288,-0.7592,-0.5288,285.86,274.94,3.895,2022,12,4,2022-12,False
2022-12-23,ITC,273.31,274.14,268.73,269.84,10461859,-1.73,279.84,283.19,246.59,33.184,-1.9704,-1.0014,-0.969,287.04,272.64,5.148,2022,12,4,2022-12,False
2022-12-26,ITC,269.68,276.78,268.85,276.37,9934633,2.418,279.61,283.29,247.07,44.935,-1.9621,-1.1936,-0.7686,286.96,272.27,5.255,2022,12,4,2022-12,False
2022-12-27,ITC,277.19,277.85,272.69,275.17,6986433,-0.433,279.24,283.3,247.53,43.425,-2.0288,-1.3606,-0.6682,286.69,271.79,5.336,2022,12,4,2022-12,False
2022-12-28,ITC,274.92,276.7,273.81,276.2,8035558,0.375,279.01,283.34,247.99,45.136,-1.9755,-1.4836,-0.4919,286.53,271.48,5.397,2022,12,4,2022-12,False
2022-12-29,ITC,276.16,277.32,273.85,276.99,8417520,0.284,278.83,283.26,248.44,46.462,-1.8487,-1.5566,-0.2921,286.38,271.28,5.414,2022,12,4,2022-12,False
2022-12-30,ITC,277.03,278.14,272.98,273.85,7228324,-1.133,278.6,283.01,248.85,42.083,-1.9787,-1.641,-0.3376,286.47,270.73,5.65,2022,12,4,2022-12,False
2023-01-02,ITC,273.31,275.87,272.28,274.92,6181118,0.392,278.44,282.73,249.26,44.026,-1.9723,-1.7073,-0.265,286.48,270.4,5.775,2023,1,1,2023-01,False
2023-01-03,ITC,273.81,275.33,272.77,273.48,6228015,-0.526,278.18,282.5,249.67,41.984,-2.0601,-1.7778,-0.2823,286.52,269.84,5.996,2023,1,1,2023-01,False
2023-01-04,ITC,274.1,274.63,269.26,270.09,6947412,-1.238,277.64,282.15,250.04,37.584,-2.3756,-1.8974,-0.4782,286.62,268.67,6.465,2023,1,1,2023-01,False
2023-01-05,ITC,271.45,275.79,271.08,275.42,8486143,1.972,277.44,281.94,250.43,46.994,-2.1707,-1.952,-0.2186,286.42,268.46,6.476,2023,1,1,2023-01,False
2023-01-06,ITC,276.45,278.8,275.13,276.74,8603181,0.48,277.18,281.76,250.83,49.047,-1.88,-1.9376,0.0576,285.9,268.45,6.297,2023,1,1,2023-01,False
2023-01-09,ITC,278.31,281.9,277.65,279.22,11027747,0.895,276.96,281.64,251.22,52.741,-1.4332,-1.8367,0.4036,285.24,268.69,5.977,2023,1,1,2023-01,False
2023-01-10,ITC,279.09,279.51,274.67,275.38,7217255,-1.376,276.46,281.38,251.58,47.047,-1.3731,-1.744,0.3709,283.73,269.19,5.256,2023,1,1,2023-01,False
2023-01-11,ITC,276.78,276.78,273.64,274.05,4760847,-0.48,275.9,281.09,251.93,45.237,-1.4159,-1.6784,0.2625,281.92,269.87,4.366,2023,1,1,2023-01,False
2023-01-12,ITC,275.38,275.54,271.0,272.44,6894087,-0.588,275.53,280.68,252.27,43.063,-1.5617,-1.655,0.0934,281.43,269.62,4.287,2023,1,1,2023-01,False
2023-01-13,ITC,272.44,274.43,269.59,271.53,14967746,-0.334,275.26,280.27,252.59,41.841,-1.7306,-1.6702,-0.0605,281.4,269.13,4.456,2023,1,1,2023-01,False
2023-01-16,ITC,272.86,274.38,270.54,272.73,8571826,0.441,274.84,279.88,252.92,44.093,-1.7477,-1.6857,-0.062,280.38,269.3,4.031,2023,1,1,2023-01,False
2023-01-17,ITC,272.73,275.46,271.82,274.43,14240647,0.621,274.51,279.53,253.29,47.205,-1.6061,-1.6698,0.0636,279.25,269.78,3.448,2023,1,1,2023-01,False
2023-01-18,ITC,275.87,277.98,274.55,276.41,13039078,0.722,274.49,279.1,253.66,50.667,-1.3188,-1.5996,0.2808,279.19,269.8,3.42,2023,1,1,2023-01,False
2023-01-19,ITC,275.87,277.23,273.93,274.34,8667564,-0.747,274.48,278.71,254.01,47.195,-1.2433,-1.5283,0.285,279.17,269.78,3.421,2023,1,1,2023-01,False
2023-01-20,ITC,274.22,276.86,271.95,276.37,13608325,0.738,274.81,278.35,254.37,50.756,-1.0086,-1.4244,0.4158,279.03,270.59,3.072,2023,1,1,2023-01,False
2023-01-23,ITC,277.52,279.3,275.09,278.97,7399204,0.941,274.94,278.19,254.72,54.962,-0.6057,-1.2606,0.655,279.5,270.37,3.324,2023,1,1,2023-01,False
2023-01-24,ITC,279.01,281.45,278.84,279.96,12776694,0.355,275.18,278.09,255.07,56.487,-0.204,-1.0493,0.8453,280.27,270.08,3.701,2023,1,1,2023-01,False
2023-01-25,ITC,279.92,281.65,276.9,280.21,12978859,0.089,275.38,278.01,255.43,56.88,0.1328,-0.8129,0.9457,280.93,269.82,4.036,2023,1,1,2023-01,False
2023-01-27,ITC,282.31,288.14,282.07,285.78,21850457,1.99,275.82,278.05,255.78,64.622,0.8399,-0.4823,1.3222,283.05,268.58,5.245,2023,1,1,2023-01,False
2023-01-30,ITC,286.53,290.53,282.35,284.79,14634225,-0.347,276.36,278.11,256.13,62.474,1.3052,-0.1248,1.4301,284.56,268.16,5.933,2023,1,1,2023-01,False
2023-01-31,ITC,285.78,293.22,281.69,291.03,17794183,2.19,277.17,278.36,256.52,69.371,2.1524,0.3306,1.8218,287.62,266.71,7.544,2023,1,1,2023-01,False
2023-02-01,ITC,291.56,302.05,271.82,298.5,67003785,2.568,278.42,278.71,256.92,75.245,3.3879,0.9421,2.4458,292.41,264.43,10.048,2023,2,1,2023-02,False
2023-02-02,ITC,298.67,317.75,297.68,312.71,57892084,4.759,280.55,279.35,257.4,82.222,5.4506,1.8438,3.6068,300.79,260.31,14.426,2023,2,1,2023-02,False
2023-02-03,ITC,315.43,315.72,307.26,314.4,23153980,0.541,282.5,280.01,257.92,82.843,7.1396,2.903,4.2366,307.58,257.42,17.758,2023,2,1,2023-02,False
2023-02-06,ITC,315.93,320.64,313.53,316.67,26783409,0.722,284.5,280.72,258.45,83.667,8.5627,4.0349,4.5278,313.67,255.32,20.511,2023,2,1,2023-02,False
2023-02-07,ITC,317.09,317.09,304.33,308.29,21438758,-2.647,285.95,281.27,258.94,70.257,8.9114,5.0102,3.9012,316.86,255.04,21.622,2023,2,1,2023-02,False
2023-02-08,ITC,309.53,311.64,306.89,310.19,10821785,0.616,287.69,281.82,259.44,71.377,9.2345,5.8551,3.3794,319.99,255.39,22.453,2023,2,1,2023-02,False
2023-02-09,ITC,308.91,313.87,307.38,309.12,12318006,-0.346,289.44,282.38,259.96,69.778,9.2968,6.5434,2.7534,322.42,256.46,22.788,2023,2,1,2023-02,False
2023-02-10,ITC,307.42,311.35,305.85,306.72,10674456,-0.775,291.16,282.91,260.45,66.215,9.0485,7.0444,2.0041,323.98,258.34,22.546,2023,2,1,2023-02,False
2023-02-13,ITC,308.08,309.86,305.61,309.07,10282470,0.767,293.03,283.52,260.96,67.947,8.9387,7.4233,1.5154,325.42,260.65,22.105,2023,2,1,2023-02,False
2023-02-14,ITC,309.74,320.18,308.7,319.19,30246745,3.274,295.36,284.34,261.5,74.095,9.558,7.8502,1.7077,328.27,262.44,22.29,2023,2,1,2023-02,False
2023-02-15,ITC,320.48,321.4,317.79,320.86,12679568,0.521,297.68,285.19,262.06,74.946,10.0669,8.2935,1.7733,330.93,264.43,22.339,2023,2,1,2023-02,False
2023-02-16,ITC,320.69,323.42,319.85,321.15,10151755,0.092,299.92,285.99,262.6,75.101,10.3743,8.7097,1.6646,333.16,266.67,22.168,2023,2,1,2023-02,False
2023-02-17,ITC,319.89,322.83,318.38,321.86,7967611,0.222,302.29,286.84,263.16,75.499,10.5538,9.0785,1.4753,334.62,269.96,21.388,2023,2,1,2023-02,False
2023-02-20,ITC,322.95,325.31,320.1,322.41,8105569,0.17,304.59,287.65,263.72,75.817,10.6178,9.3864,1.2314,335.68,273.51,20.413,2023,2,1,2023-02,False
2023-02-21,ITC,323.21,323.96,320.44,320.9,8577674,-0.469,306.69,288.39,264.25,72.99,10.4263,9.5944,0.832,336.11,277.27,19.187,2023,2,1,2023-02,False
2023-02-22,ITC,320.69,323.12,319.01,322.24,9306194,0.419,308.8,289.13,264.8,73.921,10.2647,9.7284,0.5362,336.14,281.47,17.705,2023,2,1,2023-02,False
2023-02-23,ITC,322.74,330.76,321.61,325.39,19555814,0.977,311.06,289.93,265.38,76.008,10.2722,9.8372,0.435,335.79,286.33,15.9,2023,2,1,2023-02,False
2023-02-24,ITC,326.56,326.56,319.85,323.29,13407431,-0.645,312.94,290.8,265.97,71.878,9.9936,9.8685,0.1251,335.16,290.72,14.2,2023,2,1,2023-02,False
2023-02-27,ITC,323.29,324.72,317.41,320.86,8455904,-0.753,314.74,291.68,266.55,67.309,9.4672,9.7882,-0.321,332.81,296.68,11.48,2023,2,1,2023-02,False
2023-02-28,ITC,321.11,322.58,314.81,316.24,16997837,-1.439,316.0,292.38,267.09,59.575,8.5786,9.5463,-0.9677,330.21,301.8,8.99,2023,2,1,2023-02,False
2023-03-01,ITC,314.18,319.34,313.64,317.92,8065784,0.531,316.97,293.12,267.65,61.316,7.9185,9.2207,-1.3022,328.55,305.4,7.306,2023,3,1,2023-03,False
2023-03-02,ITC,318.59,318.8,314.56,315.27,5212922,-0.832,317.1,293.89,268.16,57.142,7.1002,8.7966,-1.6964,328.54,305.67,7.213,2023,3,1,2023-03,False
2023-03-03,ITC,316.49,323.54,315.73,323.16,8495772,2.503,317.54,294.86,268.7,64.834,7.0077,8.4388,-1.4312,329.21,305.87,7.35,2023,3,1,2023-03,False
2023-03-06,ITC,323.96,329.5,323.42,325.85,11126980,0.831,318.0,295.98,269.22,67.006,7.0696,8.165,-1.0954,330.23,305.77,7.694,2023,3,1,2023-03,False
2023-03-08,ITC,325.73,330.05,323.29,329.42,9261146,1.095,319.06,297.04,269.74,69.683,7.3222,7.9964,-0.6742,331.41,306.7,7.743,2023,3,1,2023-03,False
2023-03-09,ITC,329.17,330.43,323.75,325.31,10005328,-1.249,319.81,298.05,270.26,63.305,7.1085,7.8188,-0.7104,331.72,307.9,7.448,2023,3,1,2023-03,False
2023-03-10,ITC,324.84,327.57,321.95,325.73,8684320,0.129,320.64,299.04,270.8,63.67,6.8935,7.6338,-0.7402,331.7,309.59,6.896,2023,3,1,2023-03,False
2023-03-13,ITC,326.73,328.16,321.11,322.07,9130473,-1.121,321.41,299.94,271.31,58.237,6.3552,7.3781,-1.0228,330.32,312.5,5.544,2023,3,1,2023-03,False
2023-03-14,ITC,323.79,324.42,316.66,318.76,10623744,-1.03,321.89,300.84,271.8,53.752,5.5966,7.0218,-1.4252,328.81,314.98,4.298,2023,3,1,2023-03,False
2023-03-15,ITC,319.85,322.62,317.33,318.51,8748113,-0.079,321.86,301.71,272.28,53.415,4.9183,6.6011,-1.6828,328.84,314.88,4.337,2023,3,1,2023-03,False
2023-03-16,ITC,319.51,320.98,316.36,320.23,16315136,0.54,321.83,302.64,272.77,55.467,4.4681,6.1745,-1.7064,328.83,314.82,4.353,2023,3,1,2023-03,False
2023-03-17,ITC,323.21,323.21,310.32,315.27,50787703,-1.547,321.53,303.55,273.23,48.805,3.6694,5.6735,-2.0041,329.13,313.94,4.723,2023,3,1,2023-03,False
2023-03-20,ITC,313.38,318.46,312.29,318.0,10512002,0.865,321.34,304.4,273.7,52.21,3.2194,5.1826,-1.9632,329.09,313.59,4.825,2023,3,1,2023-03,False
2023-03-21,ITC,318.0,318.0,314.01,316.45,12057999,-0.488,321.04,305.19,274.15,50.165,2.7063,4.6874,-1.9811,329.08,313.01,5.004,2023,3,1,2023-03,False
2023-03-22,ITC,316.45,318.04,314.14,317.12,4958761,0.212,320.85,305.95,274.61,51.058,2.327,4.2153,-1.8883,329.08,312.63,5.125,2023,3,1,2023-03,False
2023-03-23,ITC,316.49,321.32,314.31,319.55,10127917,0.768,320.72,306.83,275.07,54.257,2.1976,3.8118,-1.6142,328.93,312.5,5.123,2023,3,1,2023-03,False
2023-03-24,ITC,320.27,321.53,317.33,317.92,10317108,-0.512,320.35,307.71,275.53,51.805,1.9405,3.4375,-1.497,328.34,312.35,4.993,2023,3,1,2023-03,False
2023-03-27,ITC,317.29,322.7,315.94,319.18,11232922,0.396,320.14,308.65,276.02,53.544,1.8174,3.1135,-1.2961,328.03,312.25,4.929,2023,3,1,2023-03,False
2023-03-28,ITC,319.18,320.98,317.46,318.8,9523719,-0.118,320.04,309.59,276.49,52.927,1.6702,2.8248,-1.1547,327.94,312.13,4.939,2023,3,1,2023-03,False
2023-03-29,ITC,319.18,322.37,316.62,321.32,10551626,0.79,320.29,310.56,276.99,56.525,1.7367,2.6072,-0.8705,328.0,312.58,4.817,2023,3,1,2023-03,False
2023-03-31,ITC,320.69,322.79,319.01,321.95,9877493,0.196,320.49,311.51,277.5,57.401,1.8192,2.4496,-0.6304,328.16,312.83,4.782,2023,3,1,2023-03,False
2023-04-03,ITC,322.37,322.37,317.75,318.09,7331070,-1.199,320.63,312.35,278.0,50.656,1.5551,2.2707,-0.7156,327.99,313.28,4.589,2023,4,2,2023-04,False
2023-04-05,ITC,318.09,324.93,318.09,324.38,12055499,1.979,320.69,313.35,278.53,59.096,1.8327,2.1831,-0.3504,328.16,313.23,4.655,2023,4,2,2023-04,False
2023-04-06,ITC,324.59,327.66,322.53,325.18,13394394,0.246,320.66,314.32,279.08,60.028,2.0929,2.165,-0.0721,328.03,313.29,4.598,2023,4,2,2023-04,False
2023-04-10,ITC,325.18,327.4,323.0,326.19,7044256,0.31,320.5,315.27,279.62,61.231,2.3533,2.2027,0.1506,327.17,313.83,4.164,2023,4,2,2023-04,False
2023-04-11,ITC,326.19,334.2,325.73,332.44,18939829,1.917,320.86,316.32,280.2,67.723,3.0294,2.368,0.6614,329.17,312.54,5.183,2023,4,2,2023-04,False
2023-04-12,ITC,333.91,333.95,329.17,330.38,10122932,-0.619,321.09,317.32,280.73,63.931,3.3605,2.5665,0.794,330.2,311.98,5.676,2023,4,2,2023-04,False
2023-04-13,ITC,332.02,332.94,330.51,332.11,6292395,0.521,321.59,318.25,281.3,65.664,3.7189,2.797,0.9219,331.95,311.23,6.443,2023,4,2,2023-04,False
2023-04-17,ITC,329.84,337.48,329.84,335.92,11466474,1.15,322.45,319.27,281.88,69.199,4.2621,3.09,1.172,334.52,310.37,7.489,2023,4,2,2023-04,False
2023-04-18,ITC,335.8,337.48,333.28,334.54,9860308,-0.412,323.25,320.14,282.46,66.524,4.5285,3.3777,1.1508,336.31,310.19,8.081,2023,4,2,2023-04,False
2023-04-19,ITC,332.48,336.93,332.44,334.75,10119480,0.063,323.98,320.87,283.01,66.734,4.7024,3.6427,1.0598,337.91,310.04,8.604,2023,4,2,2023-04,False
2023-04-20,ITC,335.8,338.02,333.87,336.05,6924577,0.389,325.02,321.33,283.57,68.07,4.8889,3.8919,0.997,339.32,310.72,8.799,2023,4,2,2023-04,False
2023-04-21,ITC,336.05,343.35,335.0,342.72,14801099,1.986,326.25,321.9,284.15,73.869,5.5117,4.2159,1.2958,342.18,310.32,9.764,2023,4,2,2023-04,False
2023-04-24,ITC,344.19,344.19,339.32,343.1,6212135,0.11,327.58,322.43,284.74,74.155,5.9669,4.5661,1.4008,344.49,310.68,10.321,2023,4,2,2023-04,False
2023-04-25,ITC,343.1,347.17,342.01,345.5,9180650,0.697,329.0,323.17,285.29,75.951,6.4465,4.9422,1.5043,346.94,311.06,10.905,2023,4,2,2023-04,False
2023-04-26,ITC,345.87,346.71,343.4,346.08,7914219,0.17,330.33,323.89,285.82,76.385,6.7956,5.3128,1.4827,349.22,311.44,11.44,2023,4,2,2023-04,False
2023-04-27,ITC,346.04,350.41,345.03,349.23,13100076,0.91,331.9,324.69,286.38,78.612,7.2428,5.6988,1.544,351.63,312.16,11.892,2023,4,2,2023-04,False
2023-04-28,ITC,350.91,359.51,347.3,357.25,13208557,2.296,333.8,325.7,286.97,83.007,8.1502,6.1891,1.9611,355.6,311.99,13.065,2023,4,2,2023-04,False
2023-05-02,ITC,357.63,358.47,353.6,356.32,10648421,-0.258,335.68,326.65,287.55,80.944,8.6946,6.6902,2.0044,358.48,312.87,13.588,2023,5,2,2023-05,False
2023-05-03,ITC,355.95,359.72,354.31,358.59,7607609,0.636,337.54,327.44,288.13,82.118,9.2028,7.1927,2.0101,361.47,313.61,14.179,2023,5,2,2023-05,False
2023-05-04,ITC,357.04,358.47,355.95,356.45,8292456,-0.597,339.26,328.15,288.69,77.273,9.3254,7.6193,1.7061,363.43,315.09,14.249,2023,5,2,2023-05,False
2023-05-05,ITC,357.58,362.58,356.24,359.93,12890455,0.977,341.36,328.92,289.28,79.403,9.593,8.014,1.579,365.05,317.66,13.881,2023,5,2,2023-05,False
2023-05-08,ITC,361.82,363.88,360.44,362.2,7522610,0.63,343.25,329.73,289.88,80.672,9.8742,8.3861,1.4882,367.27,319.23,13.997,2023,5,2,2023-05,False
2023-05-09,ITC,363.33,363.63,353.85,355.78,10377820,-1.773,344.78,330.4,290.46,67.905,9.4697,8.6028,0.8669,367.83,321.72,13.374,2023,5,2,2023-05,False
2023-05-10,ITC,355.9,357.92,354.44,357.08,10130159,0.366,346.32,331.12,291.03,68.976,9.1486,8.712,0.4367,368.24,324.4,12.66,2023,5,2,2023-05,False
2023-05-11,ITC,358.68,358.8,351.67,352.92,16597954,-1.164,347.35,331.73,291.58,61.873,8.4614,8.6618,-0.2005,368.44,326.26,12.144,2023,5,2,2023-05,False
2023-05-12,ITC,352.92,354.86,349.27,352.97,11564770,0.012,348.48,332.29,292.12,61.915,7.8298,8.4954,-0.6656,368.11,328.84,11.269,2023,5,2,2023-05,False
2023-05-15,ITC,352.59,359.89,351.79,359.14,9503538,1.748,349.83,333.0,292.69,67.647,7.738,8.3439,-0.6059,368.41,331.24,10.624,2023,5,2,2023-05,False
2023-05-16,ITC,360.98,360.98,355.53,355.9,8302077,-0.9,350.83,333.7,293.23,62.353,7.32,8.1392,-0.8191,368.38,333.27,10.008,2023,5,2,2023-05,False
2023-05-17,ITC,356.07,360.1,354.77,358.97,9844782,0.861,352.05,334.56,293.78,65.138,7.1536,7.9421,-0.7884,368.17,335.92,9.161,2023,5,2,2023-05,False
2023-05-18,ITC,360.98,363.04,350.99,352.34,24919291,-1.848,352.93,335.25,294.3,55.558,6.4126,7.6362,-1.2235,366.85,339.0,7.889,2023,5,2,2023-05,False
2023-05-19,ITC,353.39,355.19,345.33,352.46,26759905,0.036,353.75,335.99,294.82,55.692,5.7691,7.2628,-1.4937,365.2,342.3,6.473,2023,5,2,2023-05,False
2023-05-22,ITC,354.23,357.42,351.83,356.58,16015615,1.167,354.44,336.66,295.34,59.919,5.5273,6.9157,-1.3884,364.69,344.19,5.786,2023,5,2,2023-05,False
2023-05-23,ITC,357.63,361.99,356.11,360.27,9068926,1.036,355.3,337.35,295.89,63.305,5.5695,6.6464,-1.0769,364.36,346.23,5.102,2023,5,2,2023-05,False
2023-05-24,ITC,359.56,364.97,358.47,363.92,11921823,1.014,356.22,338.04,296.46,66.333,5.8304,6.4832,-0.6528,364.82,347.62,4.83,2023,5,2,2023-05,False
2023-05-25,ITC,366.82,371.44,365.01,370.34,18905572,1.765,357.43,338.94,297.04,70.883,6.4807,6.4827,-0.002,366.82,348.04,5.254,2023,5,2,2023-05,False
2023-05-26,ITC,372.23,373.37,368.96,372.4,13496209,0.555,358.59,339.87,297.62,72.18,7.0804,6.6022,0.4781,369.34,347.84,5.995,2023,5,2,2023-05,False
2023-05-29,ITC,373.58,379.28,372.82,377.02,20589822,1.24,359.58,340.97,298.24,74.885,7.8379,6.8494,0.9885,373.09,346.07,7.514,2023,5,2,2023-05,False
2023-05-30,ITC,378.53,387.5,378.53,386.17,19627897,2.428,361.07,342.32,298.89,79.202,9.0724,7.294,1.7784,378.96,343.19,9.905,2023,5,2,2023-05,False
2023-05-31,ITC,385.66,387.98,379.78,382.4,14821960,-0.978,362.26,343.6,299.52,73.583,9.6349,7.7621,1.8727,382.47,342.06,11.155,2023,5,2,2023-05,False
2023-06-01,ITC,383.68,383.68,376.82,377.42,9142172,-1.302,363.31,344.74,300.11,66.85,9.5686,8.1234,1.4452,384.4,342.22,11.611,2023,6,2,2023-06,False
2023-06-02,ITC,377.68,381.88,377.5,380.59,9558309,0.841,364.34,346.05,300.73,68.81,9.6611,8.431,1.2301,386.72,341.96,12.285,2023,6,2,2023-06,False
2023-06-05,ITC,381.97,383.56,377.76,378.23,7427630,-0.62,365.15,347.25,301.35,65.7,9.4351,8.6318,0.8033,388.34,341.95,12.702,2023,6,2,2023-06,False
2023-06-06,ITC,378.36,380.77,378.02,380.08,6703067,0.488,366.36,348.52,301.98,66.958,9.2977,8.765,0.5327,390.03,342.69,12.92,2023,6,2,2023-06,False
2023-06-07,ITC,381.11,382.53,380.04,381.07,7833952,0.26,367.56,349.8,302.6,67.641,9.1629,8.8446,0.3183,391.67,343.45,13.12,2023,6,2,2023-06,False
2023-06-08,ITC,382.57,382.61,379.31,380.16,7294955,-0.237,368.92,351.02,303.21,66.293,8.8809,8.8518,0.0291,392.63,345.22,12.852,2023,6,2,2023-06,False
2023-06-09,ITC,373.51,381.71,373.51,376.35,7329661,-1.005,370.09,352.18,303.79,60.765,8.2541,8.7323,-0.4782,392.77,347.41,12.255,2023,6,2,2023-06,False
2023-06-12,ITC,377.68,378.49,372.4,375.06,9054977,-0.342,370.89,353.3,304.38,58.98,7.5662,8.4991,-0.9328,393.06,348.72,11.955,2023,6,2,2023-06,False
2023-06-13,ITC,378.53,383.17,376.22,382.31,16732376,1.934,372.21,354.57,304.99,65.185,7.5197,8.3032,-0.7835,393.76,350.66,11.579,2023,6,2,2023-06,False
2023-06-14,ITC,383.04,384.33,380.89,381.54,9039402,-0.202,373.34,355.78,305.59,64.073,7.3359,8.1097,-0.7739,394.32,352.35,11.243,2023,6,2,2023-06,False
2023-06-15,ITC,381.97,385.19,381.75,384.63,7787525,0.81,374.95,357.03,306.22,66.532,7.3548,7.9587,-0.604,394.02,355.88,10.17,2023,6,2,2023-06,False
2023-06-16,ITC,385.4,391.07,384.46,388.92,12181426,1.116,376.77,358.45,306.88,69.64,7.6281,7.8926,-0.2645,393.63,359.92,8.948,2023,6,2,2023-06,False
2023-06-19,ITC,390.34,391.32,388.19,389.35,4350517,0.11,378.41,359.75,307.53,69.941,7.7896,7.872,-0.0824,393.25,363.57,7.844,2023,6,2,2023-06,False
2023-06-20,ITC,390.38,390.38,386.39,388.71,4644353,-0.165,379.83,361.02,308.18,68.84,7.776,7.8528,-0.0768,392.67,367.0,6.759,2023,6,2,2023-06,False
2023-06-21,ITC,387.98,389.86,382.01,383.73,6292873,-1.281,380.82,362.17,308.77,60.86,7.2796,7.7382,-0.4586,391.34,370.31,5.521,2023,6,2,2023-06,False
2023-06-22,ITC,384.54,385.96,382.7,384.24,6892713,0.134,381.52,363.2,309.38,61.359,6.8488,7.5603,-0.7115,390.89,372.15,4.913,2023,6,2,2023-06,False
2023-06-23,ITC,384.11,384.24,379.99,381.75,6325479,-0.648,381.99,364.23,309.96,57.541,6.2346,7.2952,-1.0605,390.32,373.65,4.363,2023,6,2,2023-06,False
2023-06-26,ITC,383.6,387.46,381.11,382.57,5688287,0.214,382.26,365.24,310.51,58.453,5.7474,6.9856,-1.2382,390.26,374.26,4.185,2023,6,2,2023-06,False
2023-06-27,ITC,382.91,383.86,380.38,382.05,5052984,-0.135,382.06,366.16,311.07,57.611,5.2592,6.6403,-1.3811,389.84,374.27,4.075,2023,6,2,2023-06,False
2023-06-28,ITC,381.97,386.77,381.54,385.7,12548096,0.955,382.22,367.19,311.65,61.807,5.1077,6.3338,-1.2261,390.18,374.27,4.161,2023,6,2,2023-06,False
2023-06-30,ITC,386.26,387.93,383.34,387.63,9456776,0.501,382.73,368.24,312.23,63.847,5.0849,6.084,-0.9991,390.7,374.77,4.163,2023,6,2,2023-06,False
2023-07-03,ITC,387.63,399.95,386.3,397.63,11111199,2.58,383.59,369.48,312.85,72.144,5.8068,6.0286,-0.2218,393.89,373.28,5.372,2023,7,3,2023-07,False
2023-07-04,ITC,399.13,401.71,394.67,400.29,8022597,0.669,384.69,370.63,313.49,73.863,6.5184,6.1265,0.3919,397.09,372.29,6.447,2023,7,3,2023-07,False
2023-07-05,ITC,400.29,412.57,398.53,407.8,16878943,1.876,386.07,371.92,314.15,77.991,7.6009,6.4214,1.1795,402.0,370.15,8.251,2023,7,3,2023-07,False
2023-07-06,ITC,409.74,409.78,403.86,406.77,9835812,-0.253,387.36,373.15,314.79,76.213,8.2801,6.7932,1.487,405.57,369.15,9.403,2023,7,3,2023-07,False
2023-07-07,ITC,406.0,408.15,401.37,402.05,7605499,-1.161,388.45,374.27,315.42,68.505,8.3414,7.1028,1.2386,407.46,369.45,9.785,2023,7,3,2023-07,False
2023-07-10,ITC,403.43,404.2,398.02,399.86,6772454,-0.544,389.63,375.28,316.06,65.212,8.1197,7.3062,0.8135,408.39,370.87,9.629,2023,7,3,2023-07,False
2023-07-11,ITC,399.99,407.33,399.99,406.13,8783282,1.567,391.18,376.26,316.7,69.702,8.3533,7.5156,0.8377,410.01,372.36,9.624,2023,7,3,2023-07,False
2023-07-12,ITC,410.08,410.08,403.81,405.4,12816220,-0.18,392.34,377.24,317.34,68.592,8.3829,7.6891,0.6939,411.7,372.98,9.868,2023,7,3,2023-07,False
2023-07-13,ITC,406.77,409.22,404.28,405.14,8214385,-0.064,393.52,378.17,317.96,68.179,8.2901,7.8093,0.4808,412.98,374.06,9.892,2023,7,3,2023-07,False
2023-07-14,ITC,406.0,407.72,404.59,405.92,5277090,0.191,394.58,379.16,318.56,68.786,8.1845,7.8843,0.3002,414.32,374.84,10.006,2023,7,3,2023-07,False
2023-07-17,ITC,407.29,408.4,403.94,405.44,6325310,-0.116,395.41,380.07,319.16,67.934,7.9708,7.9016,0.0692,415.53,375.29,10.178,2023,7,3,2023-07,False
2023-07-18,ITC,405.62,407.03,404.28,405.57,5558415,0.032,396.22,380.94,319.81,68.05,7.7229,7.8659,-0.143,416.62,375.82,10.298,2023,7,3,2023-07,False
2023-07-19,ITC,405.79,412.4,401.8,411.02,14401395,1.344,397.34,382.04,320.49,72.584,7.8754,7.8678,0.0076,418.44,376.24,10.62,2023,7,3,2023-07,False
2023-07-20,ITC,411.92,423.77,408.83,422.44,21030102,2.777,399.27,383.35,321.26,79.231,8.8158,8.0574,0.7584,422.14,376.4,11.456,2023,7,3,2023-07,False
2023-07-21,ITC,422.14,427.2,418.02,420.98,14510084,-0.345,401.11,384.71,321.98,76.672,9.3358,8.3131,1.0227,424.78,377.43,11.805,2023,7,3,2023-07,False
2023-07-24,ITC,423.55,428.92,401.84,404.59,40477929,-3.894,402.25,385.74,322.64,55.129,8.3289,8.3162,0.0127,424.13,380.37,10.878,2023,7,3,2023-07,False
2023-07-25,ITC,401.62,402.14,390.89,396.82,45211370,-1.92,402.96,386.49,323.28,48.216,6.8255,8.0181,-1.1926,422.99,382.93,9.942,2023,7,3,2023-07,False
2023-07-26,ITC,399.05,406.0,396.6,405.36,18842179,2.152,404.13,387.48,323.93,54.91,6.2511,7.6647,-1.4136,421.58,386.67,8.638,2023,7,3,2023-07,False
2023-07-27,ITC,407.2,407.85,395.79,399.18,14528232,-1.525,404.8,388.29,324.54,49.885,5.2368,7.1791,-1.9423,420.18,389.43,7.597,2023,7,3,2023-07,False
2023-07-28,ITC,401.45,402.95,397.76,402.1,10362522,0.731,405.53,389.28,325.17,52.114,4.6153,6.6663,-2.0511,418.71,392.34,6.5,2023,7,3,2023-07,False
2023-07-31,ITC,402.57,403.17,397.85,399.74,8510403,-0.587,405.63,390.23,325.81,50.17,3.8875,6.1106,-2.2231,418.58,392.68,6.383,2023,7,3,2023-07,False
2023-08-01,ITC,399.99,402.44,398.1,398.96,6686176,-0.193,405.56,391.08,326.46,49.519,3.2113,5.5307,-2.3194,418.64,392.49,6.448,2023,8,3,2023-08,False
2023-08-02,ITC,398.79,398.96,393.13,394.93,10715605,-1.011,404.92,391.77,327.07,46.152,2.3231,4.8892,-2.5661,418.77,391.06,6.843,2023,8,3,2023-08,False
2023-08-03,ITC,394.93,398.06,389.95,391.45,11026824,-0.88,404.15,392.32,327.67,43.412,1.3234,4.176,-2.8526,419.22,389.09,7.455,2023,8,3,2023-08,False
2023-08-04,ITC,391.67,396.04,389.91,390.51,7097614,-0.241,403.58,392.72,328.25,42.671,0.4498,3.4308,-2.981,419.82,387.33,8.049,2023,8,3,2023-08,False
2023-08-07,ITC,389.78,391.88,387.07,390.47,9513953,-0.011,403.11,393.08,328.83,42.636,-0.2432,2.696,-2.9392,420.32,385.9,8.539,2023,8,3,2023-08,False
2023-08-08,ITC,392.27,392.27,387.16,388.28,6638681,-0.561,402.21,393.31,329.37,40.767,-0.958,1.9652,-2.9232,420.58,383.85,9.131,2023,8,3,2023-08,False
2023-08-09,ITC,388.28,394.76,383.6,393.68,10134166,1.393,401.63,393.46,329.91,46.954,-1.0757,1.357,-2.4327,420.31,382.95,9.302,2023,8,3,2023-08,False
2023-08-10,ITC,393.9,394.24,385.4,387.76,13702317,-1.504,400.76,393.57,330.4,41.804,-1.6281,0.76,-2.3881,420.35,381.17,9.775,2023,8,3,2023-08,False
2023-08-11,ITC,389.61,389.61,381.75,385.19,12028396,-0.664,399.72,393.72,330.9,39.762,-2.2478,0.1584,-2.4062,420.33,379.12,10.31,2023,8,3,2023-08,False
2023-08-14,ITC,385.19,387.33,382.01,385.57,7854074,0.1,398.73,393.82,331.39,40.233,-2.6769,-0.4086,-2.2683,420.08,377.38,10.707,2023,8,3,2023-08,False
2023-08-16,ITC,387.12,392.61,384.71,386.47,15494896,0.234,397.77,393.99,331.89,41.386,-2.9107,-0.909,-2.0016,419.54,376.01,10.942,2023,8,3,2023-08,False
2023-08-17,ITC,386.26,386.26,377.68,378.53,16896158,-2.054,396.15,393.96,332.36,34.983,-3.694,-1.466,-2.228,418.59,373.71,11.328,2023,8,3,2023-08,False
2023-08-18,ITC,378.53,380.55,376.39,379.09,20068497,0.147,393.98,393.92,332.83,35.736,-4.2211,-2.0171,-2.2041,413.97,374.0,10.146,2023,8,3,2023-08,False
2023-08-21,ITC,379.39,384.97,378.83,384.37,9940689,1.393,392.15,394.0,333.31,42.514,-4.1649,-2.4466,-1.7183,408.01,376.3,8.086,2023,8,3,2023-08,False
2023-08-22,ITC,385.4,390.68,383.68,389.91,10234488,1.44,391.42,394.27,333.81,48.634,-3.6318,-2.6837,-0.9481,406.17,376.67,7.537,2023,8,3,2023-08,False
2023-08-23,ITC,391.07,391.11,385.06,386.65,8770272,-0.837,390.91,394.5,334.28,45.557,-3.4329,-2.8335,-0.5994,405.58,376.24,7.505,2023,8,3,2023-08,False
2023-08-24,ITC,386.77,389.26,385.66,387.03,6322751,0.1,389.99,394.6,334.76,45.993,-3.2071,-2.9082,-0.2989,403.06,376.92,6.703,2023,8,3,2023-08,False
2023-08-25,ITC,387.03,387.12,379.44,380.55,9628041,-1.674,389.06,394.58,335.2,40.182,-3.5106,-3.0287,-0.4819,402.03,376.09,6.667,2023,8,3,2023-08,False
2023-08-28,ITC,381.97,383.56,378.53,378.88,7176903,-0.44,387.9,394.46,335.63,38.817,-3.842,-3.1914,-0.6506,400.09,375.71,6.285,2023,8,3,2023-08,False
2023-08-29,ITC,380.21,381.11,376.99,377.76,9845106,-0.295,386.8,394.24,336.03,37.894,-4.1468,-3.3824,-0.7643,398.45,375.15,6.023,2023,8,3,2023-08,False
2023-08-30,ITC,378.53,381.11,378.1,380.08,7648569,0.614,385.86,394.05,336.46,41.032,-4.1535,-3.5366,-0.6168,396.36,375.36,5.444,2023,8,3,2023-08,False
2023-08-31,ITC,380.25,381.88,374.33,377.42,20666732,-0.7,384.98,393.83,336.88,38.619,-4.3236,-3.694,-0.6296,395.22,374.75,5.317,2023,8,3,2023-08,False
2023-09-01,ITC,377.68,381.97,376.22,378.58,11879159,0.307,384.34,393.73,337.34,40.267,-4.3152,-3.8183,-0.497,394.48,374.2,5.277,2023,9,3,2023-09,False
2023-09-04,ITC,380.55,380.55,374.8,375.53,14128562,-0.805,383.59,393.55,337.79,37.422,-4.5026,-3.9551,-0.5474,394.02,373.16,5.438,2023,9,3,2023-09,False
2023-09-05,ITC,376.73,381.54,376.39,380.34,8701612,1.28,383.08,393.52,338.27,44.127,-4.2146,-4.007,-0.2076,393.08,373.08,5.22,2023,9,3,2023-09,False
2023-09-06,ITC,381.07,384.97,379.39,384.07,13358433,0.982,382.87,393.55,338.77,48.723,-3.6431,-3.9342,0.2912,392.59,373.16,5.073,2023,9,3,2023-09,False
2023-09-07,ITC,385.23,385.4,381.62,382.74,8401953,-0.346,382.33,393.57,339.28,47.232,-3.2599,-3.7994,0.5395,390.6,374.05,4.328,2023,9,3,2023-09,False
2023-09-08,ITC,384.46,384.46,379.26,379.95,10322317,-0.729,381.94,393.45,339.78,44.179,-3.1451,-3.6685,0.5234,389.86,374.01,4.149,2023,9,3,2023-09,False
2023-09-11,ITC,382.83,384.63,379.95,383.86,9679540,1.028,381.87,393.38,340.3,49.136,-2.7078,-3.4764,0.7686,389.7,374.04,4.101,2023,9,3,2023-09,False
2023-09-12,ITC,385.32,389.95,382.48,387.25,14961276,0.883,381.95,393.17,340.83,53.034,-2.0638,-3.1939,1.1301,389.98,373.92,4.205,2023,9,3,2023-09,False
2023-09-13,ITC,388.15,392.27,387.2,389.26,12268130,0.521,382.09,392.95,341.37,55.233,-1.3748,-2.8301,1.4552,390.54,373.64,4.422,2023,9,3,2023-09,False
2023-09-14,ITC,391.32,391.32,383.81,386.22,14986708,-0.783,382.48,392.52,341.9,51.324,-1.0625,-2.4765,1.4141,390.94,374.01,4.426,2023,9,3,2023-09,False
2023-09-15,ITC,384.59,388.06,383.68,384.84,15657801,-0.356,382.76,392.08,342.42,49.62,-0.9152,-2.1643,1.2491,391.13,374.39,4.374,2023,9,3,2023-09,False
2023-09-18,ITC,384.84,389.69,383.0,388.02,8513132,0.825,382.95,391.8,342.94,53.468,-0.536,-1.8386,1.3026,391.62,374.27,4.529,2023,9,3,2023-09,False
2023-09-20,ITC,387.72,390.64,385.87,388.79,10343224,0.199,382.89,391.58,343.48,54.381,-0.1712,-1.5051,1.3339,391.39,374.39,4.438,2023,9,3,2023-09,False
2023-09-21,ITC,388.66,389.31,381.54,384.11,11132308,-1.203,382.76,391.14,344.0,48.213,-0.2566,-1.2554,0.9988,391.1,374.43,4.355,2023,9,3,2023-09,False
2023-09-22,ITC,384.11,384.89,379.61,380.34,7795399,-0.983,382.43,390.63,344.51,43.886,-0.6218,-1.1287,0.5068,390.58,374.28,4.261,2023,9,3,2023-09,False
2023-09-25,ITC,380.34,381.8,376.26,379.91,6005673,-0.113,382.4,390.13,345.02,43.409,-0.9352,-1.09,0.1548,390.58,374.21,4.281,2023,9,3,2023-09,False
2023-09-26,ITC,380.77,381.54,377.42,379.78,5533023,-0.034,382.44,389.61,345.52,43.257,-1.1803,-1.1081,-0.0722,390.55,374.33,4.242,2023,9,3,2023-09,False
2023-09-27,ITC,379.78,386.09,376.65,385.53,10894817,1.514,382.83,389.21,346.05,51.429,-0.9001,-1.0665,0.1664,390.74,374.92,4.133,2023,9,3,2023-09,False
2023-09-28,ITC,386.22,386.22,377.33,378.32,10610213,-1.87,382.74,388.66,346.54,43.057,-1.2455,-1.1023,-0.1432,390.82,374.67,4.22,2023,9,3,2023-09,False
2023-09-29,ITC,379.39,382.48,376.99,381.45,8474326,0.828,382.94,388.07,347.04,47.088,-1.252,-1.1322,-0.1198,390.65,375.23,4.027,2023,9,3,2023-09,False
2023-10-03,ITC,378.53,380.16,377.03,377.46,7770032,-1.046,382.89,387.17,347.51,42.92,-1.5612,-1.218,-0.3432,390.75,375.03,4.104,2023,10,4,2023-10,False
2023-10-04,ITC,377.46,379.13,371.92,374.33,13912656,-0.83,382.83,386.24,347.95,39.931,-2.0356,-1.3815,-0.6541,390.94,374.72,4.236,2023,10,4,2023-10,False
2023-10-05,ITC,377.68,378.1,373.43,374.29,10416552,-0.011,382.53,385.63,348.4,39.891,-2.3875,-1.5827,-0.8048,391.44,373.61,4.66,2023,10,4,2023-10,False
2023-10-06,ITC,375.83,380.77,374.8,379.52,8742804,1.399,382.3,385.29,348.9,47.031,-2.2183,-1.7098,-0.5085,391.28,373.32,4.697,2023,10,4,2023-10,False
2023-10-09,ITC,378.49,380.42,375.32,378.06,5827256,-0.384,382.06,384.74,349.4,45.412,-2.1769,-1.8032,-0.3736,391.24,372.89,4.801,2023,10,4,2023-10,False
2023-10-10,ITC,378.06,381.84,378.06,381.45,5207891,0.897,382.14,384.39,349.9,49.741,-1.8491,-1.8124,-0.0367,391.26,373.02,4.775,2023,10,4,2023-10,False
2023-10-11,ITC,383.86,385.79,381.8,384.76,7946195,0.866,382.18,384.04,350.42,53.603,-1.3077,-1.7115,0.4038,391.35,373.02,4.797,2023,10,4,2023-10,False
2023-10-12,ITC,385.96,388.41,382.95,386.86,12227957,0.547,382.16,383.78,350.97,55.925,-0.7008,-1.5093,0.8085,391.29,373.04,4.775,2023,10,4,2023-10,False
2023-10-13,ITC,386.13,387.8,383.68,384.84,7926432,-0.521,381.94,383.5,351.52,53.176,-0.3782,-1.2831,0.9049,390.54,373.34,4.503,2023,10,4,2023-10,False
2023-10-16,ITC,384.54,387.12,383.0,385.36,4377288,0.134,381.9,383.31,352.1,53.801,-0.0801,-1.0425,0.9624,390.42,373.38,4.461,2023,10,4,2023-10,False
2023-10-17,ITC,386.09,390.12,385.4,389.22,7203352,1.002,382.12,383.26,352.67,58.292,0.4625,-0.7415,1.204,391.16,373.08,4.734,2023,10,4,2023-10,False
2023-10-18,ITC,389.91,393.3,387.12,387.68,7160492,-0.397,382.1,383.21,353.23,55.949,0.7591,-0.4414,1.2005,391.1,373.1,4.71,2023,10,4,2023-10,False
2023-10-19,ITC,386.04,390.47,383.56,386.6,9830006,-0.277,381.99,383.13,353.78,54.316,0.8972,-0.1737,1.0709,390.7,373.29,4.557,2023,10,4,2023-10,False
2023-10-20,ITC,381.97,385.4,375.4,376.22,13521824,-2.687,381.6,382.89,354.28,41.647,0.1667,-0.1056,0.2723,390.61,372.59,4.723,2023,10,4,2023-10,False
2023-10-23,ITC,375.96,377.63,371.75,374.16,7555671,-0.548,381.29,382.5,354.78,39.671,-0.5719,-0.1989,-0.373,390.89,371.69,5.034,2023,10,4,2023-10,False
2023-10-25,ITC,375.01,375.96,366.56,371.41,11308597,-0.734,380.86,382.17,355.26,37.14,-1.3632,-0.4317,-0.9314,391.42,370.31,5.545,2023,10,4,2023-10,False
2023-10-26,ITC,368.71,374.76,368.71,372.83,19525305,0.381,380.52,381.92,355.76,39.291,-1.8546,-0.7163,-1.1383,391.67,369.37,5.861,2023,10,4,2023-10,False
2023-10-27,ITC,372.83,374.93,370.98,372.31,13638258,-0.138,379.86,381.66,356.27,38.771,-2.2595,-1.0249,-1.2346,391.32,368.39,6.035,2023,10,4,2023-10,False
2023-10-30,ITC,373.0,375.23,367.68,369.48,7911426,-0.761,379.41,381.32,356.74,35.955,-2.777,-1.3754,-1.4017,391.77,367.05,6.515,2023,10,4,2023-10,False
2023-10-31,ITC,369.09,371.97,367.29,367.72,8952141,-0.476,378.73,381.1,357.19,34.289,-3.2912,-1.7585,-1.5327,392.09,365.36,7.059,2023,10,4,2023-10,False
2023-11-01,ITC,369.09,370.04,365.23,367.46,8297973,-0.07,378.23,380.87,357.64,34.041,-3.677,-2.1422,-1.5348,392.51,363.94,7.553,2023,11,4,2023-11,False
2023-11-02,ITC,369.14,371.41,367.93,370.08,8465990,0.712,378.01,380.58,358.11,38.891,-3.7286,-2.4595,-1.2691,392.66,363.37,7.751,2023,11,4,2023-11,False
2023-11-03,ITC,371.5,372.87,370.04,371.88,14334179,0.487,377.89,380.22,358.6,42.051,-3.5827,-2.6842,-0.8986,392.71,363.08,7.842,2023,11,4,2023-11,False
2023-11-06,ITC,372.1,374.93,371.28,373.68,7589690,0.485,377.6,379.96,359.1,45.107,-3.2838,-2.8041,-0.4797,392.51,362.69,7.898,2023,11,4,2023-11,False
2023-11-07,ITC,373.3,373.3,370.94,371.41,5321353,-0.609,377.27,379.65,359.6,42.09,-3.1937,-2.882,-0.3117,392.43,362.11,8.038,2023,11,4,2023-11,False
2023-11-08,ITC,371.8,375.53,371.07,375.06,7248663,0.982,376.95,379.54,360.12,48.087,-2.7956,-2.8647,0.0691,392.01,361.89,7.991,2023,11,4,2023-11,False
2023-11-09,ITC,375.79,375.96,372.44,372.87,8085620,-0.584,376.36,379.42,360.61,45.071,-2.6265,-2.8171,0.1906,391.05,361.66,7.81,2023,11,4,2023-11,False
2023-11-10,ITC,372.87,375.96,371.24,374.71,4236307,0.495,375.75,379.36,361.1,48.031,-2.3169,-2.717,0.4002,389.6,361.9,7.371,2023,11,4,2023-11,False
2023-11-13,ITC,376.3,376.3,373.38,374.24,3888975,-0.126,375.22,379.24,361.6,47.328,-2.0855,-2.5907,0.5052,388.4,362.04,7.025,2023,11,4,2023-11,False
2023-11-15,ITC,376.04,379.82,375.53,379.35,7722827,1.365,374.92,379.28,362.11,54.997,-1.4731,-2.3672,0.8941,387.38,362.46,6.647,2023,11,4,2023-11,False
2023-11-16,ITC,379.35,381.54,375.62,376.52,11276031,-0.747,374.28,379.24,362.6,50.597,-1.2024,-2.1343,0.9318,384.82,363.75,5.63,2023,11,4,2023-11,False
2023-11-17,ITC,377.03,378.96,376.22,377.03,6911592,0.137,373.75,379.27,363.09,51.359,-0.9356,-1.8945,0.9589,382.33,365.17,4.593,2023,11,4,2023-11,False
2023-11-20,ITC,377.55,377.93,372.95,374.93,4502356,-0.558,373.17,379.16,363.56,48.097,-0.8837,-1.6924,0.8087,379.31,367.02,3.293,2023,11,4,2023-11,False
2023-11-21,ITC,375.23,377.07,373.81,374.46,6228803,-0.126,373.08,378.97,364.0,47.369,-0.8705,-1.528,0.6575,379.09,367.07,3.221,2023,11,4,2023-11,False
2023-11-22,ITC,375.1,378.02,373.21,377.42,5074887,0.791,373.24,378.87,364.47,52.248,-0.6141,-1.3452,0.7311,379.54,366.94,3.377,2023,11,4,2023-11,False
2023-11-23,ITC,378.49,379.61,376.17,377.98,6611803,0.148,373.57,378.83,364.9,53.129,-0.3617,-1.1485,0.7868,380.15,366.99,3.522,2023,11,4,2023-11,False
2023-11-24,ITC,378.53,379.61,374.97,375.79,7084608,-0.579,373.72,378.66,365.29,49.286,-0.3344,-0.9857,0.6513,380.36,367.08,3.554,2023,11,4,2023-11,False
2023-11-28,ITC,375.96,376.82,373.3,373.6,9082513,-0.582,373.78,378.39,365.59,45.723,-0.4838,-0.8853,0.4015,380.39,367.18,3.536,2023,11,4,2023-11,False
2023-11-29,ITC,374.24,376.39,372.65,375.27,14316126,0.448,374.07,378.11,365.9,48.773,-0.4619,-0.8006,0.3388,380.39,367.76,3.376,2023,11,4,2023-11,False
2023-11-30,ITC,374.84,376.35,372.95,374.07,15710110,-0.32,374.39,377.87,366.18,46.742,-0.5353,-0.7476,0.2123,379.95,368.83,2.972,2023,11,4,2023-11,False
2023-12-01,ITC,375.87,387.07,375.44,386.09,20081576,3.212,375.32,377.89,366.57,63.228,0.372,-0.5236,0.8956,382.1,368.54,3.614,2023,12,4,2023-12,False
2023-12-04,ITC,390.55,391.75,387.12,389.74,13293194,0.945,376.3,377.93,366.97,66.607,1.3695,-0.145,1.5145,385.24,367.37,4.75,2023,12,4,2023-12,False
2023-12-05,ITC,390.55,392.95,386.35,387.76,12603697,-0.507,377.1,377.91,367.36,63.221,1.978,0.2796,1.6984,387.14,367.06,5.323,2023,12,4,2023-12,False
2023-12-06,ITC,389.61,398.71,388.06,397.63,21203900,2.546,378.3,378.18,367.82,71.125,3.2196,0.8676,2.352,391.75,364.84,7.113,2023,12,4,2023-12,False
2023-12-07,ITC,398.92,398.96,392.61,393.21,11746535,-1.112,379.39,378.44,368.24,64.446,3.803,1.4547,2.3484,393.98,364.8,7.692,2023,12,4,2023-12,False
2023-12-08,ITC,394.8,396.22,384.97,385.53,19386851,-1.954,379.91,378.55,368.57,54.812,3.604,1.8845,1.7195,394.6,365.22,7.732,2023,12,4,2023-12,False
2023-12-11,ITC,387.55,389.35,385.66,388.36,6854157,0.735,380.68,378.72,368.91,57.344,3.6329,2.2342,1.3987,395.44,365.93,7.753,2023,12,4,2023-12,False
2023-12-12,ITC,389.86,394.84,388.28,388.92,10549319,0.144,381.39,378.79,369.25,57.845,3.6587,2.5191,1.1396,396.31,366.48,7.821,2023,12,4,2023-12,False
2023-12-13,ITC,391.67,393.86,388.92,391.11,11718443,0.563,382.24,379.04,369.59,59.838,3.8118,2.7777,1.0342,397.36,367.12,7.91,2023,12,4,2023-12,False
2023-12-14,ITC,394.84,395.7,385.79,394.93,14924265,0.977,383.02,379.31,369.96,63.115,4.193,3.0607,1.1323,399.08,366.95,8.39,2023,12,4,2023-12,False
2023-12-15,ITC,396.47,397.37,390.55,393.3,16397959,-0.413,383.86,379.63,370.32,60.833,4.3138,3.3113,1.0025,400.24,367.47,8.538,2023,12,4,2023-12,False
2023-12-18,ITC,390.55,391.41,386.56,387.68,12490839,-1.43,384.39,379.9,370.64,53.632,3.9108,3.4312,0.4796,400.53,368.24,8.4,2023,12,4,2023-12,False
2023-12-19,ITC,389.13,393.13,388.02,391.5,10664235,0.985,385.22,380.24,370.98,57.328,3.8552,3.516,0.3392,401.01,369.42,8.201,2023,12,4,2023-12,False
2023-12-20,ITC,393.98,394.2,385.66,387.12,10766954,-1.118,385.85,380.39,371.29,52.193,3.4185,3.4965,-0.078,400.82,370.87,7.762,2023,12,4,2023-12,False
2023-12-21,ITC,385.4,389.48,381.5,387.5,11584223,0.1,386.35,380.58,371.63,52.597,3.0682,3.4108,-0.3427,400.8,371.9,7.48,2023,12,4,2023-12,False
2023-12-22,ITC,388.83,391.32,386.73,390.72,11450973,0.831,386.99,380.77,372.0,55.934,3.0155,3.3318,-0.3163,401.0,372.98,7.241,2023,12,4,2023-12,False
2023-12-26,ITC,391.45,393.9,390.29,391.8,6097422,0.275,387.79,380.91,372.37,57.02,3.0255,3.2705,-0.245,400.91,374.67,6.765,2023,12,4,2023-12,False
2023-12-27,ITC,392.27,393.56,389.48,392.35,7833901,0.142,388.73,381.02,372.75,57.605,3.0433,3.2251,-0.1817,400.14,377.31,5.873,2023,12,4,2023-12,False
2023-12-28,ITC,392.44,398.88,391.5,398.36,21493169,1.531,389.88,381.29,373.13,63.387,3.5019,3.2805,0.2215,400.18,379.58,5.284,2023,12,4,2023-12,False
2023-12-29,ITC,398.36,401.62,396.0,396.65,13384631,-0.431,391.01,381.51,373.48,60.834,3.6844,3.3612,0.3232,398.61,383.41,3.886,2023,12,4,2023-12,False
2024-01-01,ITC,397.85,403.38,397.12,401.75,9706230,1.288,391.8,381.76,373.85,65.31,4.1928,3.5276,0.6652,400.42,383.17,4.401,2024,1,1,2024-01,False
2024-01-02,ITC,403.43,404.59,397.93,403.73,10924918,0.491,392.5,382.09,374.24,66.885,4.7008,3.7622,0.9386,402.56,382.43,5.13,2024,1,1,2024-01,False
2024-01-03,ITC,403.64,412.61,402.87,409.65,24961710,1.467,393.59,382.55,374.66,71.122,5.5177,4.1133,1.4044,405.98,381.2,6.296,2024,1,1,2024-01,False
2024-01-04,ITC,412.01,413.25,407.03,408.92,12240910,-0.178,394.15,383.2,375.09,69.935,6.0366,4.498,1.5387,408.23,380.07,7.144,2024,1,1,2024-01,False
2024-01-05,ITC,411.49,411.49,405.14,406.82,9564086,-0.514,394.83,383.85,375.53,66.49,6.2067,4.8397,1.367,410.0,379.67,7.68,2024,1,1,2024-01,False
2024-01-08,ITC,407.72,408.15,398.75,399.56,8311403,-1.783,395.54,384.42,375.94,56.207,5.6905,5.0099,0.6807,410.17,380.9,7.401,2024,1,1,2024-01,False
2024-01-09,ITC,401.28,403.38,397.98,398.75,5916180,-0.204,396.06,384.93,376.33,55.174,5.1563,5.0392,0.1171,410.35,381.76,7.221,2024,1,1,2024-01,False
2024-01-10,ITC,398.75,400.64,394.89,397.68,6123200,-0.269,396.49,385.44,376.74,53.773,4.5934,4.95,-0.3566,410.4,382.58,7.017,2024,1,1,2024-01,False
2024-01-11,ITC,398.36,400.47,395.79,397.12,6786448,-0.14,396.79,385.99,377.14,53.02,4.0555,4.7711,-0.7156,410.47,383.12,6.894,2024,1,1,2024-01,False
2024-01-12,ITC,397.63,401.45,395.14,400.59,9714589,0.875,397.08,386.65,377.56,57.058,3.8651,4.5899,-0.7248,410.83,383.33,6.926,2024,1,1,2024-01,False
2024-01-15,ITC,403.43,403.86,400.08,401.37,7167978,0.193,397.48,387.33,377.98,57.924,3.7336,4.4186,-0.6851,411.24,383.72,6.922,2024,1,1,2024-01,False
2024-01-16,ITC,401.54,407.72,398.49,405.4,12531058,1.005,398.37,388.04,378.41,62.208,3.9098,4.3169,-0.4071,411.74,384.99,6.715,2024,1,1,2024-01,False
2024-01-17,ITC,404.63,409.43,399.31,400.51,11536527,-1.207,398.82,388.61,378.82,54.906,3.613,4.1761,-0.5631,411.82,385.81,6.521,2024,1,1,2024-01,False
2024-01-18,ITC,399.35,401.58,390.16,399.56,9495938,-0.236,399.44,389.13,379.22,53.599,3.264,3.9937,-0.7297,411.22,387.66,5.898,2024,1,1,2024-01,False
2024-01-19,ITC,402.18,406.0,400.34,404.71,12673308,1.289,400.3,389.79,379.65,59.293,3.3642,3.8678,-0.5036,410.86,389.74,5.276,2024,1,1,2024-01,False
2024-01-23,ITC,406.65,406.65,391.75,394.24,8728196,-2.587,400.48,390.18,380.02,46.735,2.569,3.608,-1.039,410.46,390.49,4.989,2024,1,1,2024-01,False
2024-01-24,ITC,394.93,401.19,393.21,397.93,22459072,0.936,400.78,390.68,380.4,50.698,2.2111,3.3286,-1.1175,410.0,391.57,4.598,2024,1,1,2024-01,False
2024-01-25,ITC,397.89,399.09,388.06,391.11,20435547,-1.715,400.72,391.01,380.76,44.156,1.3611,2.9351,-1.574,410.19,391.25,4.725,2024,1,1,2024-01,False
2024-01-29,ITC,391.32,392.48,384.11,386.09,18557346,-1.284,400.11,391.24,381.07,40.06,0.2792,2.4039,-2.1248,411.59,388.62,5.742,2024,1,1,2024-01,False
2024-01-30,ITC,383.68,389.44,375.44,376.0,45190319,-2.612,399.07,391.18,381.33,33.365,-1.3763,1.6479,-3.0242,414.8,383.35,7.88,2024,1,1,2024-01,False
2024-01-31,ITC,377.68,379.82,376.56,379.01,20648695,0.799,397.94,391.23,381.59,36.755,-2.4179,0.8347,-3.2527,415.97,379.91,9.062,2024,1,1,2024-01,False
2024-02-01,ITC,379.39,384.33,377.07,380.16,19903526,0.306,396.76,391.29,381.83,38.064,-3.1141,0.045,-3.159,416.22,377.3,9.809,2024,2,1,2024-02,False
2024-02-02,ITC,381.97,383.86,377.25,377.76,17816750,-0.632,395.16,391.35,382.07,36.382,-3.8157,-0.7272,-3.0885,415.39,374.94,10.235,2024,2,1,2024-02,False
2024-02-05,ITC,379.39,380.81,374.71,376.0,12505666,-0.466,393.52,391.38,382.29,35.157,-4.4623,-1.4742,-2.9881,414.38,372.66,10.601,2024,2,1,2024-02,False
2024-02-06,ITC,377.68,378.45,368.66,370.29,19487043,-1.518,391.69,391.23,382.46,31.457,-5.3734,-2.254,-3.1193,413.99,369.39,11.387,2024,2,1,2024-02,False
2024-02-07,ITC,373.38,373.38,369.78,370.64,13376903,0.093,390.25,391.09,382.64,31.921,-5.9986,-3.0029,-2.9956,414.1,366.4,12.223,2024,2,1,2024-02,False
2024-02-08,ITC,373.85,373.94,356.08,361.26,50039587,-2.53,388.37,390.8,382.77,26.62,-7.168,-3.8359,-3.332,415.12,361.62,13.777,2024,2,1,2024-02,False
2024-02-09,ITC,357.38,369.67,356.08,362.09,33527317,0.229,386.59,390.57,382.9,27.761,-7.9365,-4.656,-3.2804,415.39,357.79,14.9,2024,2,1,2024-02,False
2024-02-12,ITC,363.88,364.27,353.85,354.55,11326971,-2.082,384.46,390.15,382.96,24.089,-9.0494,-5.5347,-3.5147,416.14,352.79,16.477,2024,2,1,2024-02,False
2024-02-13,ITC,354.59,357.99,351.46,354.46,16207766,-0.025,382.16,389.76,383.02,24.049,-9.8252,-6.3928,-3.4324,415.56,348.76,17.48,2024,2,1,2024-02,False
2024-02-14,ITC,353.81,359.26,352.42,358.65,12618012,1.18,380.02,389.21,383.08,29.999,-9.9874,-7.1117,-2.8757,413.71,346.33,17.731,2024,2,1,2024-02,False
2024-02-15,ITC,359.91,361.26,351.33,351.98,21169031,-1.859,377.35,388.46,383.11,26.443,-10.5325,-7.7959,-2.7366,411.04,343.66,17.856,2024,2,1,2024-02,False
2024-02-16,ITC,352.94,356.9,348.06,352.59,38963810,0.173,374.95,387.75,383.13,27.293,-10.7908,-8.3949,-2.3959,408.53,341.38,17.907,2024,2,1,2024-02,False
2024-02-19,ITC,352.94,359.69,352.59,356.64,17602580,1.149,372.81,386.93,383.13,32.839,-10.547,-8.8253,-1.7217,405.22,340.39,17.39,2024,2,1,2024-02,False
2024-02-20,ITC,357.69,357.69,352.33,353.9,14626643,-0.77,370.27,386.15,383.11,31.108,-10.4548,-9.1512,-1.3036,400.01,340.53,16.065,2024,2,1,2024-02,False
2024-02-21,ITC,354.68,357.38,349.71,351.5,20162369,-0.677,368.13,385.47,383.08,29.639,-10.4545,-9.4119,-1.0427,396.74,339.52,15.543,2024,2,1,2024-02,False
2024-02-22,ITC,354.59,361.78,351.59,361.17,19321180,2.752,366.29,384.92,383.1,41.621,-9.5635,-9.4422,-0.1214,391.34,341.24,13.677,2024,2,1,2024-02,False
2024-02-23,ITC,362.44,362.44,357.73,358.52,11576964,-0.736,364.66,384.31,383.09,39.625,-8.9685,-9.3475,0.3789,387.01,342.32,12.256,2024,2,1,2024-02,False
2024-02-26,ITC,358.25,359.95,354.94,356.6,8289561,-0.535,363.19,383.62,383.07,38.201,-8.5531,-9.1886,0.6355,383.37,343.01,11.113,2024,2,1,2024-02,False
2024-02-27,ITC,357.3,359.69,356.03,358.3,8083518,0.477,362.3,382.89,383.08,40.25,-7.9946,-8.9498,0.9552,381.65,342.95,10.682,2024,2,1,2024-02,False
2024-02-28,ITC,358.3,359.34,354.51,355.81,8949664,-0.693,361.14,382.14,383.07,38.254,-7.664,-8.6926,1.0286,379.0,343.29,9.89,2024,2,1,2024-02,False
2024-02-29,ITC,356.42,358.21,352.5,354.07,15468800,-0.49,359.84,381.47,383.08,36.871,-7.4567,-8.4454,0.9887,375.53,344.15,8.719,2024,2,1,2024-02,False
2024-03-01,ITC,356.34,360.04,355.12,356.86,12873024,0.788,358.79,380.78,383.1,40.571,-6.9869,-8.1537,1.1669,372.05,345.54,7.39,2024,3,1,2024-03,False
2024-03-04,ITC,359.26,359.87,355.95,356.51,7103794,-0.098,357.82,380.16,383.08,40.254,-6.5669,-7.8364,1.2694,368.33,347.31,5.876,2024,3,1,2024-03,False
2024-03-05,ITC,356.99,358.52,352.02,353.94,10108373,-0.721,357.0,379.49,383.07,37.898,-6.3682,-7.5427,1.1746,365.84,348.16,4.951,2024,3,1,2024-03,False
2024-03-06,ITC,354.25,357.25,349.19,355.42,11534613,0.419,356.24,378.79,383.06,40.074,-6.0217,-7.2385,1.2168,362.33,350.15,3.417,2024,3,1,2024-03,False
2024-03-07,ITC,355.42,361.61,351.76,360.39,23907135,1.398,356.2,378.16,383.1,46.807,-5.2854,-6.8479,1.5625,362.14,350.25,3.339,2024,3,1,2024-03,False
2024-03-11,ITC,363.22,364.53,355.55,356.77,18298683,-1.004,355.93,377.45,383.12,43.018,-4.9367,-6.4657,1.5289,361.21,350.66,2.964,2024,3,1,2024-03,False
2024-03-12,ITC,354.25,354.25,348.01,352.46,36226074,-1.209,355.83,376.53,383.1,38.965,-4.9514,-6.1628,1.2114,361.3,350.36,3.074,2024,3,1,2024-03,False
2024-03-13,ITC,379.08,381.7,367.01,368.15,105525827,4.45,356.51,375.96,383.14,55.413,-3.6552,-5.6613,2.0061,364.23,348.8,4.327,2024,3,1,2024-03,False
2024-03-14,ITC,367.71,370.8,364.27,365.71,31949569,-0.663,356.86,375.24,383.15,53.019,-2.7927,-5.0876,2.2949,365.57,348.16,4.88,2024,3,1,2024-03,False
2024-03-15,ITC,363.57,373.46,361.87,365.23,76074975,-0.131,357.53,374.47,383.12,52.539,-2.1233,-4.4947,2.3714,366.67,348.38,5.117,2024,3,1,2024-03,False
2024-03-18,ITC,365.14,366.62,363.31,363.79,16547358,-0.394,358.09,373.55,383.08,51.046,-1.6893,-3.9336,2.2443,367.33,348.84,5.163,2024,3,1,2024-03,False
2024-03-19,ITC,364.27,365.62,356.16,356.9,21803126,-1.892,358.1,372.51,382.98,44.522,-1.8793,-3.5228,1.6435,367.34,348.86,5.159,2024,3,1,2024-03,False
2024-03-20,ITC,357.3,363.09,356.9,362.26,20364534,1.502,358.52,371.62,382.86,49.891,-1.5792,-3.134,1.5549,367.71,349.33,5.128,2024,3,1,2024-03,False
2024-03-21,ITC,365.14,367.75,362.7,367.1,19968509,1.335,359.3,370.97,382.78,54.199,-0.9402,-2.6953,1.7551,368.63,349.97,5.195,2024,3,1,2024-03,False
2024-03-22,ITC,367.1,374.42,367.1,373.5,40358503,1.745,359.91,370.47,382.76,59.202,0.0821,-2.1398,2.2219,371.19,348.63,6.268,2024,3,1,2024-03,False
2024-03-26,ITC,370.85,374.03,370.85,372.68,10669833,-0.222,360.62,369.97,382.72,58.315,0.816,-1.5486,2.3647,373.23,348.01,6.993,2024,3,1,2024-03,False
2024-03-27,ITC,372.11,373.77,371.63,372.98,12698464,0.082,361.44,369.48,382.7,58.561,1.4061,-0.9577,2.3638,375.04,347.84,7.525,2024,3,1,2024-03,False
2024-03-28,ITC,372.98,377.56,372.11,373.29,29009002,0.082,362.19,368.94,382.66,58.823,1.8767,-0.3908,2.2675,376.68,347.7,8.002,2024,3,1,2024-03,False
2024-04-01,ITC,373.94,375.9,371.02,371.85,9743648,-0.385,362.99,368.35,382.62,56.994,2.1093,0.1092,2.0001,377.77,348.21,8.142,2024,4,2,2024-04,False
2024-04-02,ITC,373.59,373.59,370.02,371.11,9194659,-0.199,363.84,367.66,382.57,56.028,2.2085,0.5291,1.6794,378.42,349.27,8.012,2024,4,2,2024-04,False
2024-04-03,ITC,371.24,373.68,366.88,370.54,13152268,-0.153,364.53,367.06,382.54,55.256,2.2158,0.8664,1.3494,379.01,350.05,7.944,2024,4,2,2024-04,False
2024-04-04,ITC,370.85,372.42,365.92,368.41,19065447,-0.576,365.12,366.44,382.51,52.331,2.0259,1.0983,0.9276,379.19,351.06,7.704,2024,4,2,2024-04,False
2024-04-05,ITC,368.19,376.21,365.97,372.59,16768902,1.135,366.06,365.8,382.46,57.121,2.1878,1.3162,0.8716,379.46,352.66,7.321,2024,4,2,2024-04,False
2024-04-08,ITC,373.24,375.94,372.76,373.94,8844633,0.363,366.98,365.39,382.42,58.568,2.3974,1.5324,0.865,379.84,354.13,7.005,2024,4,2,2024-04,False
2024-04-09,ITC,375.12,376.03,370.85,371.54,6967273,-0.641,367.54,364.86,382.36,55.019,2.3432,1.6946,0.6486,380.15,354.93,6.864,2024,4,2,2024-04,False
2024-04-10,ITC,373.24,381.52,371.02,380.78,14547618,2.486,368.74,364.66,382.32,64.06,3.0108,1.9578,1.053,381.61,355.87,6.979,2024,4,2,2024-04,False
2024-04-12,ITC,379.08,379.74,373.24,374.81,18785009,-1.568,369.86,364.43,382.24,56.199,3.0234,2.171,0.8525,380.45,359.26,5.73,2024,4,2,2024-04,False
2024-04-15,ITC,372.98,373.98,368.54,371.15,9083087,-0.977,370.01,364.33,382.16,51.986,2.7069,2.2781,0.4287,380.59,359.43,5.718,2024,4,2,2024-04,False
2024-04-16,ITC,368.84,372.11,368.8,371.15,10357752,0.0,370.28,364.18,382.09,51.986,2.428,2.3081,0.1199,380.67,359.89,5.613,2024,4,2,2024-04,False
2024-04-18,ITC,371.24,372.02,363.96,365.01,22133191,-1.655,370.27,363.87,382.0,45.367,1.6918,2.1848,-0.4931,380.68,359.86,5.625,2024,4,2,2024-04,False
2024-04-19,ITC,364.27,371.46,362.52,370.15,17221280,1.409,370.59,363.72,381.94,50.991,1.5058,2.049,-0.5432,380.55,360.63,5.375,2024,4,2,2024-04,False
2024-04-22,ITC,372.11,372.63,368.93,370.63,7386048,0.129,371.27,363.61,381.88,51.492,1.3812,1.9155,-0.5343,378.88,363.67,4.095,2024,4,2,2024-04,False
2024-04-23,ITC,370.63,375.16,370.45,374.03,12484384,0.917,371.86,363.69,381.84,55.007,1.5389,1.8402,-0.3012,378.25,365.47,3.436,2024,4,2,2024-04,False
2024-04-24,ITC,374.07,375.42,373.24,373.77,6070285,-0.07,372.2,363.75,381.78,54.679,1.6241,1.797,-0.1728,378.22,366.17,3.239,2024,4,2,2024-04,False
2024-04-25,ITC,375.6,381.96,373.85,381.3,30337038,2.017,372.59,364.15,381.75,61.763,2.2737,1.8923,0.3814,379.85,365.32,3.901,2024,4,2,2024-04,False
2024-04-26,ITC,382.79,386.32,380.3,383.44,15342965,0.56,373.12,364.58,381.68,63.503,2.927,2.0992,0.8278,381.86,364.38,4.685,2024,4,2,2024-04,False
2024-04-29,ITC,385.18,385.57,378.73,381.87,12075706,-0.409,373.57,365.12,381.58,61.296,3.2804,2.3355,0.9449,383.14,363.99,5.126,2024,4,2,2024-04,False
2024-04-30,ITC,383.4,383.88,379.17,379.65,12528665,-0.582,373.89,365.63,381.44,58.209,3.3426,2.5369,0.8057,383.84,363.94,5.323,2024,4,2,2024-04,False
2024-05-02,ITC,379.95,385.71,378.95,382.57,24123523,0.769,374.42,366.11,381.32,60.989,3.5861,2.7468,0.8394,385.04,363.8,5.673,2024,5,2,2024-05,False
2024-05-03,ITC,383.48,383.48,375.9,380.35,23786388,-0.581,374.88,366.67,381.21,57.836,3.5588,2.9092,0.6496,385.7,364.07,5.77,2024,5,2,2024-05,False
2024-05-06,ITC,381.7,383.83,377.64,378.86,10753860,-0.389,375.3,367.2,381.11,55.766,3.3787,3.0031,0.3756,386.05,364.55,5.73,2024,5,2,2024-05,False
2024-05-07,ITC,380.74,388.67,379.26,383.74,26969062,1.288,376.07,367.74,381.0,60.749,3.5883,3.1201,0.4682,386.94,365.2,5.78,2024,5,2,2024-05,False
2024-05-08,ITC,384.53,387.54,381.87,384.31,10916481,0.148,376.65,368.35,380.89,61.294,3.7568,3.2475,0.5094,387.99,365.32,6.018,2024,5,2,2024-05,False
2024-05-09,ITC,383.48,384.75,368.93,370.45,24314298,-3.605,376.48,368.73,380.72,44.878,2.7408,3.1461,-0.4054,388.09,364.87,6.169,2024,5,2,2024-05,False
2024-05-10,ITC,371.67,380.26,371.67,377.64,14524604,1.941,376.78,369.06,380.58,52.053,2.487,3.0143,-0.5273,388.17,365.4,6.044,2024,5,2,2024-05,False
2024-05-13,ITC,377.56,379.47,374.29,376.34,7584217,-0.346,376.56,369.41,380.43,50.76,2.1555,2.8425,-0.687,387.79,365.33,5.964,2024,5,2,2024-05,False
2024-05-14,ITC,375.16,377.6,373.46,374.46,11423749,-0.498,376.54,369.77,380.28,48.884,1.7218,2.6184,-0.8966,387.79,365.3,5.971,2024,5,2,2024-05,False
2024-05-15,ITC,375.38,377.56,371.89,372.81,7856433,-0.442,376.63,370.06,380.08,47.223,1.2303,2.3408,-1.1105,387.73,365.53,5.894,2024,5,2,2024-05,False
2024-05-16,ITC,374.72,376.99,368.54,375.99,23911954,0.853,376.87,370.47,379.85,50.689,1.0849,2.0896,-1.0047,387.67,366.07,5.733,2024,5,2,2024-05,False
2024-05-17,ITC,376.82,381.26,373.77,380.22,11894830,1.124,377.63,370.99,379.65,54.924,1.2958,1.9308,-0.635,386.96,368.3,4.94,2024,5,2,2024-05,False
2024-05-21,ITC,379.95,380.91,377.51,378.91,11175153,-0.344,378.07,371.43,379.52,53.397,1.342,1.8131,-0.4711,386.71,369.42,4.574,2024,5,2,2024-05,False
2024-05-22,ITC,381.13,385.14,379.43,383.35,11036895,1.173,378.7,371.97,379.45,57.704,1.7174,1.7939,-0.0765,386.91,370.5,4.333,2024,5,2,2024-05,False
2024-05-23,ITC,384.66,387.71,380.43,384.62,27244733,0.33,379.23,372.58,379.35,58.868,2.0928,1.8537,0.2391,387.53,370.93,4.377,2024,5,2,2024-05,False
2024-05-24,ITC,384.31,385.57,379.34,380.13,13252938,-1.167,379.55,373.07,379.25,53.262,2.0051,1.884,0.1211,387.45,371.66,4.16,2024,5,2,2024-05,False
2024-05-27,ITC,382.39,382.48,375.33,376.03,12282545,-1.077,379.29,373.39,379.12,48.703,1.5867,1.8245,-0.2378,387.29,371.29,4.218,2024,5,2,2024-05,False
2024-05-28,ITC,376.56,376.9,373.2,373.85,9668761,-0.579,378.81,373.73,378.99,46.427,1.0671,1.673,-0.606,386.91,370.71,4.277,2024,5,2,2024-05,False
2024-05-29,ITC,370.8,376.82,370.8,375.55,10832067,0.455,378.49,374.19,378.88,48.45,0.7833,1.4951,-0.7118,386.58,370.4,4.275,2024,5,2,2024-05,False
2024-05-30,ITC,373.42,375.55,368.06,369.37,21314885,-1.648,377.98,374.21,378.75,42.2,0.0585,1.2078,-1.1492,387.01,368.94,4.78,2024,5,2,2024-05,False
2024-05-31,ITC,371.89,374.33,369.71,371.63,29300711,0.613,377.43,374.33,378.65,44.998,-0.3292,0.9004,-1.2296,386.62,368.25,4.867,2024,5,2,2024-05,False
2024-06-03,ITC,378.21,379.0,373.55,375.03,16116836,0.915,377.17,374.53,378.57,48.988,-0.3582,0.6487,-1.0069,386.3,368.03,4.846,2024,6,2,2024-06,False
2024-06-04,ITC,378.08,378.35,357.54,368.5,47791986,-1.742,376.65,374.62,378.46,42.592,-0.8979,0.3393,-1.2373,386.52,366.77,5.245,2024,6,2,2024-06,False
2024-06-05,ITC,374.53,386.96,371.03,381.9,28197030,3.637,376.55,375.12,378.43,55.443,-0.2415,0.2232,-0.4647,386.18,366.92,5.115,2024,6,2,2024-06,False
2024-06-06,ITC,386.96,388.47,382.61,386.42,32318523,1.185,376.66,375.61,378.39,58.798,0.6366,0.3059,0.3307,386.69,366.63,5.324,2024,6,2,2024-06,False
2024-06-07,ITC,382.87,391.97,382.61,389.75,29543660,0.861,377.62,376.06,378.4,61.116,1.5828,0.5612,1.0216,388.79,366.46,5.912,2024,6,2,2024-06,False
2024-06-10,ITC,390.51,391.39,386.82,387.76,11872688,-0.512,378.13,376.34,378.42,58.972,2.1468,0.8784,1.2684,390.18,366.08,6.372,2024,6,2,2024-06,False
2024-06-11,ITC,387.84,388.55,383.63,384.29,13158571,-0.893,378.53,376.58,378.41,55.348,2.2881,1.1603,1.1278,390.85,366.21,6.51,2024,6,2,2024-06,False
2024-06-12,ITC,382.12,385.54,381.81,383.67,10751658,-0.162,378.99,376.79,378.4,54.698,2.3232,1.3929,0.9303,391.36,366.62,6.527,2024,6,2,2024-06,False
2024-06-13,ITC,387.76,387.76,381.41,381.9,9641349,-0.463,379.44,376.96,378.41,52.791,2.1826,1.5508,0.6318,391.52,367.37,6.366,2024,6,2,2024-06,False
2024-06-14,ITC,382.52,383.32,380.79,382.65,9572809,0.198,379.78,377.18,378.43,53.532,2.1077,1.6622,0.4455,391.82,367.73,6.342,2024,6,2,2024-06,False
2024-06-18,ITC,384.29,385.36,380.03,380.52,14641141,-0.557,379.79,377.37,378.41,51.092,1.8552,1.7008,0.1544,391.84,367.75,6.344,2024,6,2,2024-06,False
2024-06-19,ITC,381.63,382.3,375.46,376.0,11329972,-1.19,379.65,377.48,378.34,46.266,1.2751,1.6156,-0.3406,391.81,367.48,6.407,2024,6,2,2024-06,False
2024-06-20,ITC,376.35,378.53,374.09,375.69,15147549,-0.083,379.26,377.62,378.29,45.945,0.7812,1.4488,-0.6675,391.42,367.11,6.409,2024,6,2,2024-06,False
2024-06-21,ITC,377.19,377.46,371.47,372.4,26176371,-0.874,378.65,377.62,378.21,42.584,0.1235,1.1837,-1.0602,390.9,366.4,6.469,2024,6,2,2024-06,False
2024-06-24,ITC,372.76,376.26,372.76,375.69,9723008,0.882,378.43,377.65,378.19,46.777,-0.1313,0.9207,-1.052,390.73,366.13,6.498,2024,6,2,2024-06,False
2024-06-25,ITC,375.42,376.31,372.54,375.69,10655609,0.0,378.41,377.74,378.17,46.777,-0.3294,0.6707,-1.0001,390.72,366.1,6.507,2024,6,2,2024-06,False
2024-06-26,ITC,375.42,378.44,374.58,376.26,11511714,0.154,378.53,377.65,378.17,47.557,-0.4348,0.4496,-0.8844,390.7,366.36,6.43,2024,6,2,2024-06,False
2024-06-27,ITC,376.26,379.19,373.73,377.73,38438054,0.389,378.64,377.7,378.16,49.578,-0.3957,0.2805,-0.6762,390.74,366.55,6.389,2024,6,2,2024-06,False
2024-06-28,ITC,377.64,379.86,375.86,377.11,18554411,-0.164,379.03,377.82,378.15,48.721,-0.4101,0.1424,-0.5525,390.35,367.71,5.971,2024,6,2,2024-06,False
2024-07-01,ITC,378.35,381.85,376.88,380.79,13391362,0.977,379.49,378.02,378.16,53.821,-0.1228,0.0894,-0.2122,390.27,368.7,5.684,2024,7,3,2024-07,False
2024-07-02,ITC,381.63,382.21,375.02,377.64,11177863,-0.827,379.62,378.27,378.18,49.303,-0.1477,0.0419,-0.1897,390.24,369.0,5.595,2024,7,3,2024-07,False
2024-07-03,ITC,378.17,381.32,377.64,380.12,7435499,0.658,380.2,378.47,378.17,52.678,0.0327,0.0401,-0.0074,389.44,370.96,4.861,2024,7,3,2024-07,False
2024-07-04,ITC,381.63,382.96,379.01,380.79,9478861,0.175,380.14,378.67,378.16,53.569,0.2268,0.0774,0.1493,389.35,370.93,4.846,2024,7,3,2024-07,False
2024-07-05,ITC,380.74,385.18,379.5,384.87,13427543,1.072,380.07,378.89,378.17,58.707,0.7019,0.2023,0.4996,389.08,371.05,4.742,2024,7,3,2024-07,False
2024-07-08,ITC,386.2,394.55,384.87,393.7,21311436,2.294,380.26,379.29,378.24,67.169,1.7706,0.516,1.2546,390.28,370.24,5.271,2024,7,3,2024-07,False
2024-07-09,ITC,397.25,403.82,394.06,401.69,27489709,2.029,380.96,379.69,378.33,72.632,3.225,1.0578,2.1672,394.5,367.42,7.106,2024,7,3,2024-07,False
2024-07-10,ITC,402.67,404.13,396.28,400.67,12065662,-0.254,381.78,380.04,378.39,71.006,4.2462,1.6955,2.5507,397.9,365.66,8.445,2024,7,3,2024-07,False
2024-07-11,ITC,399.38,407.81,398.23,407.06,19556596,1.595,382.95,380.54,378.48,74.809,5.5077,2.4579,3.0498,402.64,363.25,10.286,2024,7,3,2024-07,False
2024-07-12,ITC,407.06,411.14,404.57,407.41,19693114,0.087,384.22,381.1,378.59,75.005,6.4616,3.2587,3.203,406.74,361.71,11.719,2024,7,3,2024-07,False
2024-07-15,ITC,407.41,413.98,405.77,411.28,16876907,0.948,385.65,381.67,378.72,77.093,7.4433,4.0956,3.3477,411.18,360.13,13.239,2024,7,3,2024-07,False
2024-07-16,ITC,411.32,414.25,409.5,413.18,13497253,0.464,387.29,382.33,378.85,78.069,8.2798,4.9324,3.3474,415.47,359.1,14.556,2024,7,3,2024-07,False
2024-07-18,ITC,410.92,417.93,410.61,417.35,21907158,1.01,389.36,383.1,378.99,80.067,9.1736,5.7807,3.393,420.01,358.7,15.749,2024,7,3,2024-07,False
2024-07-19,ITC,418.02,425.48,416.6,421.17,25939326,0.914,391.63,383.85,379.17,81.709,10.0738,6.6393,3.4345,424.67,358.59,16.875,2024,7,3,2024-07,False
2024-07-22,ITC,421.22,425.52,413.45,414.07,18762384,-1.686,393.71,384.44,379.34,70.134,10.0979,7.331,2.7669,426.91,360.52,16.862,2024,7,3,2024-07,False
2024-07-23,ITC,414.07,441.45,413.94,436.84,56125835,5.498,396.77,385.77,379.63,79.944,11.8176,8.2283,3.5893,433.99,359.55,18.763,2024,7,3,2024-07,False
2024-07-24,ITC,440.21,453.21,435.46,438.48,43693692,0.376,399.91,386.99,379.92,80.443,13.1613,9.2149,3.9464,440.12,359.7,20.108,2024,7,3,2024-07,False
2024-07-25,ITC,434.88,440.21,430.13,434.84,18567567,-0.83,402.84,388.16,380.17,75.934,13.7738,10.1267,3.6471,444.31,361.37,20.588,2024,7,3,2024-07,False
2024-07-26,ITC,438.48,449.44,432.58,445.71,21534703,2.5,406.24,389.58,380.5,79.611,14.964,11.0942,3.8699,450.12,362.36,21.601,2024,7,3,2024-07,False
2024-07-29,ITC,448.64,449.26,438.48,440.25,12978187,-1.225,409.4,390.93,380.8,73.537,15.2906,11.9335,3.3571,453.53,365.26,21.562,2024,7,3,2024-07,False
2024-07-30,ITC,440.47,441.81,433.68,434.79,13891052,-1.24,412.1,392.11,381.09,67.953,14.9368,12.5341,2.4026,455.47,368.73,21.048,2024,7,3,2024-07,False
2024-07-31,ITC,437.06,441.94,435.33,439.63,11982586,1.112,415.2,393.29,381.41,70.118,14.8752,13.0023,1.8729,457.03,373.36,20.152,2024,7,3,2024-07,False
2024-08-01,ITC,440.16,440.87,435.73,438.17,12114803,-0.333,418.1,394.48,381.73,68.607,14.5406,13.31,1.2306,457.68,378.52,18.935,2024,8,3,2024-08,False
2024-08-02,ITC,430.27,443.27,430.27,434.08,22141163,-0.932,420.76,395.49,382.0,64.436,13.7871,13.4054,0.3817,456.79,384.74,17.123,2024,8,3,2024-08,False
2024-08-05,ITC,426.05,436.57,425.61,431.33,25022076,-0.634,423.09,396.43,382.27,61.714,12.8201,13.2884,-0.4682,455.14,391.04,15.151,2024,8,3,2024-08,False
2024-08-06,ITC,431.55,436.39,429.6,431.6,14251363,0.062,424.98,397.46,382.52,61.882,11.9377,13.0182,-1.0805,454.06,395.9,13.685,2024,8,3,2024-08,False
2024-08-07,ITC,434.88,439.85,433.2,437.23,11320399,1.306,426.76,398.68,382.78,65.345,11.5598,12.7266,-1.1667,454.14,399.38,12.832,2024,8,3,2024-08,False
2024-08-08,ITC,438.43,441.98,437.1,439.1,21349889,0.426,428.68,399.99,383.04,66.431,11.2808,12.4374,-1.1566,453.64,403.72,11.645,2024,8,3,2024-08,False
2024-08-09,ITC,441.98,441.98,437.63,440.12,9556181,0.232,430.33,401.28,383.32,67.04,11.015,12.1529,-1.1379,453.58,407.08,10.806,2024,8,3,2024-08,False
2024-08-12,ITC,436.66,443.76,436.66,438.97,9425644,-0.262,431.91,402.67,383.59,65.591,10.5892,11.8402,-1.251,452.77,411.05,9.661,2024,8,3,2024-08,False
2024-08-13,ITC,440.16,441.85,433.33,434.88,8056478,-0.93,433.09,403.94,383.82,60.599,9.8092,11.434,-1.6248,451.57,414.61,8.535,2024,8,3,2024-08,False
2024-08-14,ITC,436.61,442.87,434.79,436.84,9609981,0.449,434.27,405.17,384.06,62.085,9.2421,10.9956,-1.7535,450.25,418.3,7.358,2024,8,3,2024-08,False
2024-08-16,ITC,438.88,447.49,437.23,446.11,13643352,2.123,435.71,406.72,384.36,68.218,9.4323,10.6829,-1.2506,450.4,421.02,6.743,2024,8,3,2024-08,False
2024-08-19,ITC,447.97,452.01,443.4,445.05,10591508,-0.239,436.9,407.99,384.71,66.88,9.3889,10.4241,-1.0352,450.45,423.35,6.203,2024,8,3,2024-08,False
2024-08-20,ITC,444.65,446.78,441.72,442.69,6888634,-0.528,438.34,409.11,385.05,63.9,9.0602,10.1513,-1.0911,446.84,429.83,3.879,2024,8,3,2024-08,False
2024-08-21,ITC,443.76,451.75,442.92,448.55,8801221,1.323,438.92,410.29,385.43,67.754,9.1668,9.9544,-0.7876,448.53,429.31,4.378,2024,8,3,2024-08,False
2024-08-22,ITC,450.73,451.3,445.05,447.8,8686423,-0.168,439.39,411.49,385.81,66.765,9.0856,9.7807,-0.6951,449.78,429.0,4.729,2024,8,3,2024-08,False
2024-08-23,ITC,448.24,449.93,443.71,448.91,8195369,0.248,440.09,412.78,386.19,67.516,9.007,9.6259,-0.6189,451.07,429.11,4.99,2024,8,3,2024-08,False
2024-08-26,ITC,449.08,450.86,445.53,448.82,8126402,-0.02,440.25,414.08,386.59,67.385,8.8356,9.4679,-0.6322,451.64,428.85,5.177,2024,8,3,2024-08,False
2024-08-27,ITC,450.46,450.5,443.76,444.29,8260450,-1.009,440.45,415.33,386.97,60.89,8.2396,9.2222,-0.9826,451.99,428.91,5.239,2024,8,3,2024-08,False
2024-08-28,ITC,444.11,445.8,440.65,441.36,8081932,-0.659,440.78,416.51,387.34,57.058,7.4452,8.8668,-1.4217,452.01,429.55,5.096,2024,8,3,2024-08,False
2024-08-29,ITC,441.98,450.59,441.41,448.28,19389694,1.568,441.21,417.86,387.73,62.987,7.2901,8.5515,-1.2614,452.91,429.51,5.305,2024,8,3,2024-08,False
2024-08-30,ITC,445.49,451.88,443.94,445.44,15523349,-0.634,441.57,419.25,388.1,59.366,6.859,8.213,-1.354,453.33,429.82,5.325,2024,8,3,2024-08,False
2024-09-02,ITC,447.31,455.21,446.69,452.68,16497266,1.624,442.5,420.79,388.49,64.901,7.02,7.9744,-0.9544,454.7,430.31,5.512,2024,9,3,2024-09,False
2024-09-03,ITC,452.68,457.91,450.77,452.1,12481552,-0.127,443.54,422.38,388.9,64.15,7.0202,7.7835,-0.7634,455.26,431.82,5.284,2024,9,3,2024-09,False
2024-09-04,ITC,443.76,452.68,443.71,449.39,8739052,-0.599,444.43,423.86,389.27,60.609,6.7244,7.5717,-0.8473,454.97,433.89,4.745,2024,9,3,2024-09,False
2024-09-05,ITC,451.17,454.32,450.02,453.7,11318636,0.958,445.25,425.42,389.67,64.011,6.7594,7.4092,-0.6499,456.0,434.51,4.828,2024,9,3,2024-09,False
2024-09-06,ITC,454.41,454.41,441.23,445.27,14245025,-1.858,445.56,426.8,390.03,54.145,6.0372,7.1348,-1.0977,455.91,435.21,4.646,2024,9,3,2024-09,False
2024-09-09,ITC,445.53,454.99,444.07,454.19,14265060,2.003,446.27,428.33,390.43,60.994,6.1141,6.9307,-0.8166,456.96,435.57,4.795,2024,9,3,2024-09,False
2024-09-10,ITC,454.32,457.07,451.52,455.83,11332248,0.362,447.11,429.9,390.81,62.116,6.2356,6.7917,-0.556,458.04,436.18,4.89,2024,9,3,2024-09,False
2024-09-11,ITC,455.3,461.06,454.36,456.49,15497555,0.146,448.19,431.42,391.21,62.586,6.3129,6.6959,-0.383,458.27,438.11,4.5,2024,9,3,2024-09,False
2024-09-12,ITC,457.16,461.95,451.35,461.06,19085324,1.001,449.4,433.08,391.63,65.729,6.6661,6.6899,-0.0238,459.56,439.24,4.522,2024,9,3,2024-09,False
2024-09-13,ITC,461.06,461.51,454.41,456.05,9165077,-1.088,449.9,434.6,392.03,59.795,6.4668,6.6453,-0.1785,460.35,439.45,4.646,2024,9,3,2024-09,False
2024-09-16,ITC,457.87,458.85,452.37,453.61,7821668,-0.535,450.33,436.06,392.43,57.093,6.0423,6.5247,-0.4824,460.64,440.01,4.582,2024,9,3,2024-09,False
2024-09-17,ITC,453.57,455.78,449.31,450.64,10889862,-0.655,450.72,437.38,392.8,53.898,5.4037,6.3005,-0.8968,460.39,441.05,4.291,2024,9,3,2024-09,False
2024-09-18,ITC,450.73,454.76,448.28,450.28,5638729,-0.079,450.81,438.51,393.16,53.513,4.8135,6.0031,-1.1896,460.43,441.19,4.267,2024,9,3,2024-09,False
2024-09-19,ITC,452.63,456.89,450.41,451.08,14461616,0.177,450.97,439.49,393.53,54.304,4.3599,5.6745,-1.3146,460.49,441.46,4.219,2024,9,3,2024-09,False
2024-09-20,ITC,454.41,459.16,450.86,456.54,24725118,1.21,451.36,440.61,393.95,59.389,4.3903,5.4176,-1.0274,461.13,441.58,4.331,2024,9,3,2024-09,False
2024-09-23,ITC,457.47,461.02,455.83,458.8,8105508,0.496,451.85,441.65,394.37,61.312,4.5446,5.243,-0.6985,462.09,441.62,4.531,2024,9,3,2024-09,False
2024-09-24,ITC,458.85,459.56,456.32,457.29,7015487,-0.329,452.5,442.64,394.78,59.297,4.4933,5.0931,-0.5998,462.36,442.65,4.357,2024,9,3,2024-09,False
2024-09-25,ITC,457.51,460.89,454.67,459.33,8802667,0.446,453.4,443.61,395.15,61.157,4.5648,4.9874,-0.4226,462.21,444.6,3.883,2024,9,3,2024-09,False
2024-09-26,ITC,459.42,464.84,458.85,463.95,16086557,1.005,454.19,444.62,395.52,65.047,4.9369,4.9773,-0.0404,463.82,444.55,4.242,2024,9,3,2024-09,False
2024-09-27,ITC,461.73,469.05,461.73,463.9,17916386,-0.01,455.11,445.55,395.9,64.979,5.1686,5.0156,0.1531,464.75,445.47,4.238,2024,9,3,2024-09,False
2024-09-30,ITC,462.04,465.37,456.23,459.87,10936940,-0.87,455.47,446.33,396.21,58.991,4.9692,5.0063,-0.0371,465.27,445.67,4.302,2024,9,3,2024-09,False
2024-10-01,ITC,459.87,461.29,456.18,458.14,5285319,-0.376,455.77,447.21,396.54,56.584,4.6182,4.9287,-0.3105,465.5,446.04,4.27,2024,10,4,2024-10,False
2024-10-03,ITC,451.35,457.69,450.95,455.07,16481353,-0.668,456.05,447.57,396.88,52.503,4.0464,4.7522,-0.7059,465.32,446.79,4.064,2024,10,4,2024-10,False
2024-10-04,ITC,452.63,459.16,445.13,446.91,18930962,-1.794,455.72,447.74,397.18,43.494,2.9009,4.3819,-1.4811,465.81,445.62,4.429,2024,10,4,2024-10,False
2024-10-07,ITC,449.97,457.03,449.75,452.81,17114457,1.321,456.09,448.1,397.5,50.152,2.4411,3.9938,-1.5526,465.04,447.15,3.923,2024,10,4,2024-10,False
2024-10-08,ITC,452.63,454.9,449.08,450.81,9868331,-0.441,455.92,448.2,397.79,48.087,1.8939,3.5738,-1.6799,465.14,446.7,4.045,2024,10,4,2024-10,False
2024-10-09,ITC,452.46,452.46,435.37,436.39,24874940,-3.199,454.95,448.12,398.0,36.424,0.293,2.9176,-2.6246,467.66,442.25,5.584,2024,10,4,2024-10,False
2024-10-10,ITC,439.63,439.9,434.39,436.7,13292273,0.071,453.96,448.16,398.22,36.78,-0.9398,2.1462,-3.0859,469.02,438.9,6.636,2024,10,4,2024-10,False
2024-10-11,ITC,437.55,438.39,432.58,433.29,14949380,-0.782,452.57,448.04,398.45,34.494,-2.1675,1.2834,-3.4509,469.84,435.31,7.63,2024,10,4,2024-10,False
2024-10-14,ITC,435.77,442.87,433.68,441.05,6970606,1.792,451.82,448.09,398.69,43.143,-2.4852,0.5297,-3.0149,469.74,433.9,7.933,2024,10,4,2024-10,False
2024-10-15,ITC,441.98,443.23,438.88,442.47,8347216,0.322,451.27,448.26,398.97,44.584,-2.5925,-0.0948,-2.4978,469.64,432.89,8.143,2024,10,4,2024-10,False
2024-10-16,ITC,440.21,442.74,436.97,437.72,6939430,-1.073,450.62,448.39,399.22,40.856,-3.0259,-0.681,-2.3449,469.97,431.27,8.588,2024,10,4,2024-10,False
2024-10-17,ITC,439.32,439.32,433.11,433.91,7669729,-0.872,449.8,448.44,399.44,38.098,-3.6353,-1.2718,-2.3635,470.55,429.06,9.224,2024,10,4,2024-10,False
2024-10-18,ITC,433.77,436.26,424.59,431.95,22616838,-0.45,448.85,448.33,399.64,36.732,-4.2271,-1.8629,-2.3642,471.05,426.64,9.896,2024,10,4,2024-10,False
2024-10-21,ITC,431.95,432.75,423.66,429.25,7680088,-0.627,447.48,448.13,399.82,34.866,-4.8585,-2.462,-2.3965,471.01,423.95,10.518,2024,10,4,2024-10,False
2024-10-22,ITC,429.25,433.46,426.72,427.61,12772970,-0.383,445.92,447.88,399.97,33.746,-5.4289,-3.0554,-2.3735,470.41,421.43,10.984,2024,10,4,2024-10,False
2024-10-23,ITC,426.9,428.94,425.56,426.32,10553961,-0.301,444.37,447.63,400.12,32.855,-5.9165,-3.6276,-2.2889,469.74,419.01,11.415,2024,10,4,2024-10,False
2024-10-24,ITC,427.78,428.14,417.13,418.64,13596626,-1.801,442.34,447.3,400.2,28.09,-6.8435,-4.2708,-2.5727,469.14,415.54,12.117,2024,10,4,2024-10,False
2024-10-25,ITC,422.28,437.99,420.86,428.05,32154050,2.247,440.54,447.13,400.32,39.641,-6.7414,-4.7649,-1.9765,466.02,415.06,11.568,2024,10,4,2024-10,False
2024-10-28,ITC,427.74,431.24,422.46,429.69,8946214,0.384,438.83,446.8,400.42,41.41,-6.4535,-5.1026,-1.3509,462.22,415.45,10.657,2024,10,4,2024-10,False
2024-10-29,ITC,430.45,434.17,427.16,433.06,7131161,0.785,437.49,446.56,400.55,44.977,-5.8854,-5.2592,-0.6262,458.78,416.21,9.731,2024,10,4,2024-10,False
2024-10-30,ITC,433.06,437.77,431.78,436.26,6640080,0.738,436.4,446.43,400.69,48.195,-5.1184,-5.231,0.1126,455.34,417.46,8.679,2024,10,4,2024-10,False
2024-10-31,ITC,436.66,437.55,430.18,433.82,8111694,-0.559,435.34,446.14,400.86,45.983,-4.6538,-5.1156,0.4618,452.13,418.55,7.713,2024,10,4,2024-10,False
2024-11-01,ITC,435.77,436.75,434.26,435.15,1517892,0.307,434.75,445.88,401.05,47.401,-4.1306,-4.9186,0.788,450.63,418.87,7.306,2024,11,4,2024-11,False
2024-11-04,ITC,437.94,437.94,425.61,430.09,8754385,-1.163,433.61,445.51,401.21,42.802,-4.0771,-4.7503,0.6732,447.13,420.1,6.234,2024,11,4,2024-11,False
2024-11-05,ITC,428.63,430.49,423.3,426.19,7610046,-0.908,432.38,445.06,401.35,39.608,-4.3003,-4.6603,0.36,443.59,421.17,5.184,2024,11,4,2024-11,False
2024-11-06,ITC,426.19,429.91,424.23,426.98,11749720,0.187,431.91,444.71,401.49,40.584,-4.3624,-4.6007,0.2383,443.2,420.62,5.227,2024,11,4,2024-11,False
2024-11-07,ITC,427.56,428.4,422.55,424.14,9267980,-0.665,431.28,444.37,401.6,38.218,-4.588,-4.5982,0.0102,442.84,419.72,5.36,2024,11,4,2024-11,False
2024-11-08,ITC,424.14,426.63,421.22,424.28,6325023,0.031,430.83,443.89,401.69,38.399,-4.7017,-4.6189,-0.0829,442.76,418.9,5.537,2024,11,4,2024-11,False
2024-11-11,ITC,424.28,427.34,420.77,423.3,5700343,-0.23,429.94,443.44,401.81,37.529,-4.8152,-4.6581,-0.157,441.3,418.59,5.281,2024,11,4,2024-11,False
2024-11-12,ITC,423.88,424.19,418.15,419.66,5236095,-0.86,428.8,442.78,401.91,34.4,-5.1395,-4.7544,-0.3851,439.42,418.19,4.95,2024,11,4,2024-11,False
2024-11-13,ITC,417.18,421.3,415.58,419.09,11548660,-0.137,427.87,442.12,401.98,33.918,-5.381,-4.8797,-0.5013,438.46,417.28,4.949,2024,11,4,2024-11,False
2024-11-14,ITC,418.2,419.75,410.25,413.54,12087836,-1.324,426.85,441.4,402.08,29.614,-5.9514,-5.0941,-0.8573,438.82,414.88,5.609,2024,11,4,2024-11,False
2024-11-18,ITC,413.58,415.18,410.03,414.07,8448573,0.129,425.96,440.61,402.16,30.526,-6.288,-5.3328,-0.9551,438.95,412.96,6.102,2024,11,4,2024-11,False
2024-11-19,ITC,415.36,420.46,413.8,414.78,7121472,0.171,425.24,440.0,402.28,31.794,-6.4234,-5.5509,-0.8724,439.05,411.43,6.495,2024,11,4,2024-11,False
2024-11-21,ITC,409.15,411.85,404.17,405.73,20313155,-2.183,424.14,439.03,402.37,25.423,-7.1784,-5.8764,-1.302,440.41,407.88,7.67,2024,11,4,2024-11,False
2024-11-22,ITC,404.88,422.9,404.26,421.26,20214206,3.828,423.89,438.34,402.6,45.574,-6.4492,-5.991,-0.4582,440.17,407.61,7.682,2024,11,4,2024-11,False
2024-11-25,ITC,425.12,427.96,419.26,423.17,14427013,0.453,424.12,437.68,402.82,47.452,-5.6521,-5.9232,0.2711,440.21,408.02,7.592,2024,11,4,2024-11,False
2024-11-26,ITC,426.01,428.36,420.77,423.35,6791715,0.042,423.88,436.92,403.04,47.634,-4.9491,-5.7284,0.7793,439.87,407.89,7.546,2024,11,4,2024-11,False
2024-11-27,ITC,423.79,426.1,419.8,423.3,7339184,-0.01,423.56,436.27,403.26,47.589,-4.3454,-5.4518,1.1064,439.32,407.8,7.441,2024,11,4,2024-11,False
2024-11-28,ITC,423.35,429.38,417.62,421.48,14967609,-0.43,422.98,435.62,403.49,45.718,-3.9681,-5.1551,1.187,438.11,407.85,7.153,2024,11,4,2024-11,False
2024-11-29,ITC,419.97,425.03,419.44,423.12,8668142,0.39,422.32,435.07,403.76,47.716,-3.4962,-4.8233,1.3271,436.11,408.54,6.526,2024,11,4,2024-11,False
2024-12-02,ITC,422.46,425.39,420.15,423.52,5689595,0.094,421.81,434.54,404.02,48.215,-3.0549,-4.4696,1.4147,434.51,409.11,6.021,2024,12,4,2024-12,False
2024-12-03,ITC,413.58,420.15,410.7,419.4,23073942,-0.974,421.02,433.9,404.31,43.584,-3.0035,-4.1764,1.1729,432.09,409.96,5.256,2024,12,4,2024-12,False
2024-12-04,ITC,421.04,424.41,413.94,414.56,13957078,-1.153,420.25,433.06,404.57,38.871,-3.3148,-4.0041,0.6893,430.8,409.69,5.022,2024,12,4,2024-12,False
2024-12-05,ITC,414.96,419.57,410.48,414.91,27432375,0.086,419.68,432.19,404.88,39.389,-3.4926,-3.9018,0.4091,430.1,409.26,4.966,2024,12,4,2024-12,False
2024-12-06,ITC,417.13,421.53,415.09,418.15,7842234,0.781,419.24,431.4,405.19,44.049,-3.3338,-3.7882,0.4544,429.09,409.39,4.699,2024,12,4,2024-12,False
2024-12-09,ITC,418.46,418.91,410.88,412.65,12154116,-1.316,418.67,430.47,405.46,38.618,-3.6102,-3.7526,0.1423,428.65,408.68,4.771,2024,12,4,2024-12,False
2024-12-10,ITC,413.01,413.98,410.57,413.09,9163636,0.108,418.11,429.45,405.77,39.268,-3.7503,-3.7521,0.0018,428.02,408.19,4.743,2024,12,4,2024-12,False
2024-12-11,ITC,414.65,415.54,412.43,412.92,7005617,-0.043,417.59,428.43,406.07,39.09,-3.8315,-3.768,-0.0635,427.45,407.73,4.721,2024,12,4,2024-12,False
2024-12-12,ITC,413.14,415.27,407.5,408.79,13380617,-0.999,417.04,427.41,406.33,35.098,-4.1806,-3.8505,-0.3301,427.59,406.49,5.06,2024,12,4,2024-12,False
2024-12-13,ITC,408.26,421.04,400.85,417.13,32976794,2.041,416.95,426.59,406.65,46.903,-3.741,-3.8286,0.0876,427.45,406.44,5.04,2024,12,4,2024-12,False
2024-12-16,ITC,417.35,421.04,415.36,417.22,9354160,0.021,417.13,425.83,406.98,47.013,-3.3469,-3.7323,0.3854,427.51,406.75,4.979,2024,12,4,2024-12,False
2024-12-17,ITC,417.13,422.28,410.96,416.73,20608409,-0.117,417.26,425.23,407.25,46.441,-3.0389,-3.5936,0.5547,427.55,406.98,4.931,2024,12,4,2024-12,False
2024-12-18,ITC,419.53,420.51,414.38,417.58,12841386,0.202,417.4,424.53,407.55,47.627,-2.6957,-3.414,0.7183,427.62,407.18,4.897,2024,12,4,2024-12,False
2024-12-19,ITC,416.25,420.99,412.96,414.07,15161531,-0.84,417.82,423.79,407.84,43.332,-2.6757,-3.2664,0.5906,426.62,409.02,4.21,2024,12,4,2024-12,False
2024-12-20,ITC,414.03,414.87,407.64,412.38,20231570,-0.407,417.38,423.31,408.11,41.399,-2.7641,-3.1659,0.4018,426.34,408.42,4.293,2024,12,4,2024-12,False
2024-12-23,ITC,418.2,423.97,415.0,420.9,19562956,2.066,417.26,423.0,408.43,52.848,-2.1222,-2.9572,0.835,425.97,408.56,4.172,2024,12,4,2024-12,False
2024-12-24,ITC,421.48,426.23,419.48,424.63,12009880,0.886,417.33,422.82,408.79,56.822,-1.2977,-2.6253,1.3275,426.24,408.42,4.27,2024,12,4,2024-12,False
2024-12-26,ITC,426.5,427.65,422.46,423.3,9188830,-0.314,417.33,422.47,409.12,55.038,-0.7432,-2.2489,1.5057,426.24,408.42,4.27,2024,12,4,2024-12,False
2024-12-27,ITC,425.79,427.69,422.46,424.77,16906420,0.346,417.49,422.11,409.46,56.65,-0.1834,-1.8358,1.6523,426.84,408.15,4.476,2024,12,4,2024-12,False
2024-12-30,ITC,426.67,427.29,422.46,423.35,13578360,-0.334,417.5,421.83,409.81,54.605,0.1439,-1.4398,1.5838,426.88,408.13,4.49,2024,12,4,2024-12,False
2024-12-31,ITC,424.63,430.13,421.17,429.25,13787501,1.394,417.79,421.73,410.17,60.92,0.8696,-0.978,1.8475,428.22,407.35,4.996,2024,12,4,2024-12,False
2025-01-01,ITC,431.33,432.09,427.92,429.51,18931186,0.062,418.3,421.68,410.52,61.182,1.4494,-0.4925,1.9419,429.97,406.62,5.58,2025,1,1,2025-01,False
2025-01-02,ITC,430.76,434.88,428.05,434.04,27131131,1.054,419.27,421.78,410.91,65.431,2.2483,0.0557,2.1926,432.74,405.8,6.426,2025,1,1,2025-01,False
2025-01-03,ITC,435.1,435.77,425.87,427.43,38500784,-1.523,419.9,421.78,411.28,55.82,2.3211,0.5088,1.8124,433.67,406.12,6.563,2025,1,1,2025-01,False
2025-01-06,ITC,419.93,425.59,406.7,407.99,22009958,-4.548,419.39,421.41,411.48,38.101,0.8011,0.5672,0.2338,434.15,404.62,7.04,2025,1,1,2025-01,False
2025-01-07,ITC,410.62,412.55,405.69,406.56,14294780,-0.35,419.08,421.17,411.69,37.167,-0.5129,0.3512,-0.8641,434.66,403.51,7.434,2025,1,1,2025-01,False
2025-01-08,ITC,408.31,416.65,402.87,414.35,13482926,1.916,419.15,420.89,411.93,45.071,-0.9153,0.0979,-1.0132,434.63,403.66,7.389,2025,1,1,2025-01,False
2025-01-09,ITC,414.21,424.58,411.12,414.86,19732649,0.122,419.24,420.6,412.19,45.551,-1.1797,-0.1576,-1.0221,434.59,403.9,7.32,2025,1,1,2025-01,False
2025-01-10,ITC,414.72,416.61,407.85,410.06,9145729,-1.155,419.31,420.14,412.45,41.829,-1.7557,-0.4772,-1.2785,434.48,404.13,7.237,2025,1,1,2025-01,False
2025-01-13,ITC,400.94,409.23,400.94,404.67,17799607,-1.315,418.68,419.51,412.66,38.06,-2.6171,-0.9052,-1.7119,435.19,402.17,7.888,2025,1,1,2025-01,False
2025-01-14,ITC,406.47,406.93,401.72,402.41,18048459,-0.558,417.94,418.88,412.84,36.574,-3.4423,-1.4126,-2.0297,435.99,399.9,8.635,2025,1,1,2025-01,False
2025-01-15,ITC,402.41,407.21,401.26,403.1,9786805,0.172,417.26,418.24,412.99,37.38,-3.9945,-1.929,-2.0655,436.49,398.03,9.216,2025,1,1,2025-01,False
2025-01-16,ITC,403.75,405.04,397.34,398.96,15774070,-1.029,416.33,417.61,413.12,34.544,-4.7124,-2.4857,-2.2267,437.22,395.44,10.037,2025,1,1,2025-01,False
2025-01-17,ITC,399.09,407.21,398.63,405.73,11270061,1.698,415.91,417.2,413.28,42.252,-4.6808,-2.9247,-1.7561,437.32,394.5,10.296,2025,1,1,2025-01,False
2025-01-20,ITC,404.63,406.65,401.86,403.43,8742771,-0.568,415.46,416.73,413.43,40.505,-4.7865,-3.2971,-1.4894,437.55,393.38,10.632,2025,1,1,2025-01,False
2025-01-21,ITC,403.7,412.0,401.17,403.29,15686500,-0.034,414.58,416.32,413.59,40.397,-4.8258,-3.6028,-1.223,437.16,392.01,10.889,2025,1,1,2025-01,False
2025-01-22,ITC,405.45,407.34,402.37,402.78,9619648,-0.126,413.49,415.89,413.75,39.976,-4.842,-3.8507,-0.9914,436.13,390.85,10.95,2025,1,1,2025-01,False
2025-01-23,ITC,400.94,407.25,400.11,405.73,8888248,0.732,412.61,415.54,413.93,43.653,-4.5643,-3.9934,-0.5709,435.01,390.21,10.857,2025,1,1,2025-01,False
2025-01-24,ITC,404.99,410.16,404.67,407.02,9665384,0.318,411.73,415.28,414.12,45.233,-4.1917,-4.0331,-0.1587,433.49,389.96,10.574,2025,1,1,2025-01,False
2025-01-27,ITC,406.28,410.16,402.37,405.64,10480203,-0.34,410.84,415.01,414.28,43.815,-3.9624,-4.0189,0.0566,432.05,389.63,10.326,2025,1,1,2025-01,False
2025-01-28,ITC,405.55,407.21,400.48,401.35,20813072,-1.057,409.45,414.77,414.42,39.664,-4.0794,-4.031,-0.0484,429.18,389.71,9.639,2025,1,1,2025-01,False
2025-01-29,ITC,401.81,403.24,396.42,399.42,15158510,-0.482,407.94,414.48,414.56,37.917,-4.279,-4.0806,-0.1984,425.72,390.16,8.718,2025,1,1,2025-01,False
2025-01-30,ITC,399.09,403.7,397.67,402.04,22496695,0.658,406.34,414.22,414.67,41.672,-4.1771,-4.0999,-0.0772,419.36,393.33,6.406,2025,1,1,2025-01,False
2025-01-31,ITC,402.32,413.1,401.03,412.46,13546181,2.591,405.59,414.36,414.86,53.644,-3.2188,-3.9237,0.7049,414.61,396.58,4.446,2025,1,1,2025-01,False
2025-02-01,ITC,412.92,434.58,405.13,426.33,30393007,3.363,406.51,414.46,415.13,64.187,-1.3247,-3.4039,2.0792,419.44,393.58,6.36,2025,2,1,2025-02,False
2025-02-03,ITC,425.82,428.77,416.88,418.77,16991730,-1.773,407.12,414.37,415.37,56.63,-0.4286,-2.8088,2.3802,421.16,393.08,6.898,2025,2,1,2025-02,False
2025-02-04,ITC,422.14,424.3,413.61,419.51,18923681,0.176,407.38,414.29,415.64,57.16,0.3372,-2.1796,2.5168,422.15,392.61,7.252,2025,2,1,2025-02,False
2025-02-05,ITC,419.51,420.16,411.54,413.06,12836283,-1.538,407.29,414.09,415.86,51.258,0.4187,-1.66,2.0786,421.89,392.69,7.17,2025,2,1,2025-02,False
2025-02-06,ITC,414.76,414.76,403.89,406.56,17469129,-1.573,407.11,413.79,416.04,46.095,-0.0407,-1.3361,1.2955,421.66,392.57,7.146,2025,2,1,2025-02,False
2025-02-07,ITC,405.55,410.62,394.86,397.11,18875982,-2.324,406.74,413.27,416.15,39.817,-1.1537,-1.2996,0.1459,421.93,391.54,7.47,2025,2,1,2025-02,False
2025-02-10,ITC,393.56,399.37,393.1,393.75,12227140,-0.847,406.3,412.67,416.25,37.84,-2.2809,-1.4959,-0.7851,422.48,390.13,7.961,2025,2,1,2025-02,False
2025-02-11,ITC,395.22,396.84,384.81,385.55,14288751,-2.083,405.42,412.0,416.27,33.476,-3.7925,-1.9552,-1.8373,424.05,386.8,9.187,2025,2,1,2025-02,False
2025-02-12,ITC,386.81,387.42,381.61,383.77,13884574,-0.461,404.67,411.38,416.27,32.598,-5.0755,-2.5793,-2.4962,425.51,383.82,10.301,2025,2,1,2025-02,False
2025-02-13,ITC,383.81,387.56,382.92,383.58,12989029,-0.049,403.56,410.76,416.28,32.502,-6.0377,-3.2709,-2.7668,426.42,380.7,11.329,2025,2,1,2025-02,False
2025-02-14,ITC,385.5,389.67,382.36,384.09,14124236,0.134,402.59,410.07,416.3,33.089,-6.6817,-3.9531,-2.7286,427.05,378.13,12.152,2025,2,1,2025-02,False
2025-02-17,ITC,383.67,385.17,380.82,382.55,11975265,-0.402,401.55,409.47,416.3,32.184,-7.2334,-4.6092,-2.6242,427.6,375.51,12.972,2025,2,1,2025-02,False
2025-02-18,ITC,381.99,384.66,378.24,379.41,12998403,-0.82,400.39,408.8,416.3,30.369,-7.8334,-5.254,-2.5794,428.23,372.54,13.91,2025,2,1,2025-02,False
2025-02-19,ITC,378.99,382.74,378.71,380.49,7079032,0.284,399.12,408.15,416.31,31.791,-8.1283,-5.8289,-2.2994,428.21,370.04,14.575,2025,2,1,2025-02,False
2025-02-20,ITC,374.45,378.15,370.94,376.42,15355585,-1.07,397.59,407.5,416.27,29.349,-8.5916,-6.3814,-2.2102,428.12,367.07,15.353,2025,2,1,2025-02,False
2025-02-21,ITC,376.42,377.54,373.75,375.34,8240986,-0.286,396.08,406.67,416.23,28.72,-8.9426,-6.8937,-2.0489,427.9,364.26,16.068,2025,2,1,2025-02,False
2025-02-24,ITC,374.5,377.68,373.33,376.28,7037625,0.249,394.82,405.85,416.26,30.121,-9.041,-7.3231,-1.7179,427.73,361.92,16.667,2025,2,1,2025-02,False
2025-02-25,ITC,376.37,381.05,374.97,379.04,15760891,0.734,393.81,405.09,416.26,34.227,-8.7947,-7.6174,-1.1773,427.37,360.25,17.044,2025,2,1,2025-02,False
2025-02-27,ITC,379.04,380.58,374.03,376.0,19051003,-0.803,392.5,404.26,416.26,31.997,-8.7443,-7.8428,-0.9015,426.73,358.27,17.441,2025,2,1,2025-02,False
2025-02-28,ITC,373.56,376.84,367.2,369.82,31954776,-1.643,390.37,403.38,416.24,28.005,-9.098,-8.0938,-1.0042,424.68,356.06,17.577,2025,2,1,2025-02,False
2025-03-03,ITC,370.71,373.56,366.26,372.11,10702826,0.62,387.66,402.57,416.23,31.425,-9.0885,-8.2928,-0.7957,418.38,356.94,15.851,2025,3,1,2025-03,False
2025-03-04,ITC,370.19,371.88,367.8,369.68,13404774,-0.654,385.21,401.55,416.2,29.807,-9.1717,-8.4686,-0.7031,413.19,357.22,14.528,2025,3,1,2025-03,False
2025-03-05,ITC,369.35,386.44,369.35,379.23,15665018,2.583,383.19,400.64,416.2,42.349,-8.3705,-8.4489,0.0784,406.12,360.27,11.966,2025,3,1,2025-03,False
2025-03-06,ITC,383.06,383.58,375.01,379.83,17869996,0.16,381.53,399.77,416.2,43.047,-7.5989,-8.2789,0.68,399.66,363.4,9.502,2025,3,1,2025-03,False
2025-03-07,ITC,377.82,379.98,376.09,378.15,11180761,-0.444,380.11,398.84,416.18,41.547,-7.0422,-8.0316,0.9894,393.91,366.3,7.263,2025,3,1,2025-03,False
2025-03-10,ITC,375.48,380.91,374.87,379.18,9785018,0.272,379.21,397.95,416.15,42.858,-6.4436,-7.714,1.2704,390.46,367.97,5.932,2025,3,1,2025-03,False
2025-03-11,ITC,375.9,382.36,375.62,380.3,11099475,0.296,378.54,396.97,416.15,44.325,-5.8116,-7.3335,1.5219,387.5,369.58,4.736,2025,3,1,2025-03,False
2025-03-12,ITC,380.49,386.95,378.24,386.11,13844306,1.526,378.57,396.11,416.2,51.285,-4.7871,-6.8242,2.0371,387.63,369.51,4.786,2025,3,1,2025-03,False
2025-03-13,ITC,386.67,387.98,382.18,385.78,8196569,-0.085,378.67,395.14,416.26,50.898,-3.9561,-6.2506,2.2945,388.01,369.33,4.935,2025,3,1,2025-03,False
2025-03-17,ITC,386.67,389.71,381.05,381.94,5257805,-0.995,378.59,394.23,416.29,46.476,-3.5661,-5.7137,2.1476,387.78,369.4,4.854,2025,3,1,2025-03,False
2025-03-18,ITC,383.86,385.69,381.75,383.02,13861897,0.282,378.53,393.73,416.36,47.845,-3.134,-5.1978,2.0637,387.6,369.47,4.79,2025,3,1,2025-03,False
2025-03-19,ITC,383.86,384.56,376.93,377.35,12830387,-1.479,378.27,393.15,416.39,41.79,-3.2116,-4.8005,1.5889,387.15,369.4,4.693,2025,3,1,2025-03,False
2025-03-20,ITC,379.18,380.72,376.28,378.2,16994037,0.223,378.21,392.43,416.4,42.947,-3.1686,-4.4741,1.3055,387.07,369.35,4.685,2025,3,1,2025-03,False
2025-03-21,ITC,380.07,381.52,376.09,379.69,25302035,0.396,378.17,391.72,416.46,45.038,-2.9793,-4.1752,1.1959,387.0,369.35,4.667,2025,3,1,2025-03,False
2025-03-24,ITC,381.05,386.53,379.74,384.7,14362572,1.319,378.59,391.21,416.48,51.445,-2.3975,-3.8196,1.4222,387.83,369.34,4.884,2025,3,1,2025-03,False
2025-03-25,ITC,385.73,388.78,382.64,383.67,20338110,-0.268,379.0,390.79,416.46,50.151,-1.9965,-3.455,1.4585,388.38,369.62,4.949,2025,3,1,2025-03,False
2025-03-26,ITC,384.14,384.98,380.35,381.38,13891436,-0.598,379.26,390.37,416.42,47.296,-1.8425,-3.1325,1.29,388.6,369.91,4.928,2025,3,1,2025-03,False
2025-03-27,ITC,381.99,384.52,379.79,383.35,18642328,0.516,379.47,389.98,416.4,49.927,-1.544,-2.8148,1.2708,388.99,369.95,5.017,2025,3,1,2025-03,False
2025-03-28,ITC,384.7,389.1,382.13,383.63,12981873,0.073,379.86,389.67,416.39,50.309,-1.2702,-2.5059,1.2357,389.4,370.31,5.025,2025,3,1,2025-03,False
2025-04-01,ITC,383.67,387.98,379.74,380.72,15206240,-0.757,380.4,389.17,416.38,46.375,-1.2727,-2.2593,0.9865,388.7,372.11,4.361,2025,4,2,2025-04,False
2025-04-02,ITC,381.1,383.86,380.16,382.97,8001323,0.59,380.94,388.76,416.38,49.657,-1.0809,-2.0236,0.9427,388.32,373.56,3.875,2025,4,2,2025-04,False
2025-04-03,ITC,381.1,384.05,380.77,383.3,7059566,0.086,381.63,388.36,416.39,50.136,-0.8922,-1.7973,0.9051,386.82,376.43,2.721,2025,4,2,2025-04,False
2025-04-04,ITC,381.52,386.48,378.71,383.58,18627592,0.073,381.84,387.98,416.4,50.571,-0.7118,-1.5802,0.8684,386.98,376.71,2.688,2025,4,2,2025-04,False
2025-04-07,ITC,365.28,382.08,365.28,380.16,26762866,-0.891,381.86,387.47,416.42,45.39,-0.8349,-1.4311,0.5962,386.97,376.75,2.675,2025,4,2,2025-04,False
2025-04-08,ITC,385.64,389.29,381.29,386.25,18600796,1.601,382.26,387.05,416.48,54.357,-0.4364,-1.2322,0.7958,387.42,377.11,2.696,2025,4,2,2025-04,False
2025-04-09,ITC,386.67,392.33,385.03,389.76,21785572,0.909,382.79,386.73,416.56,58.583,0.1609,-0.9536,1.1145,388.73,376.86,3.1,2025,4,2,2025-04,False
2025-04-11,ITC,393.22,395.52,390.41,394.67,8939356,1.261,383.51,386.6,416.66,63.656,1.0191,-0.5591,1.5781,391.35,375.67,4.088,2025,4,2,2025-04,False
2025-04-15,ITC,401.84,401.84,392.29,393.6,11685880,-0.273,383.89,386.48,416.75,61.868,1.594,-0.1284,1.7224,392.88,374.9,4.684,2025,4,2,2025-04,False
2025-04-16,ITC,391.35,398.89,391.35,397.39,13034594,0.963,384.47,386.39,416.85,65.538,2.3287,0.363,1.9657,395.29,373.65,5.628,2025,4,2,2025-04,False
2025-04-17,ITC,397.9,400.57,394.67,400.01,22410217,0.66,385.37,386.14,416.97,67.843,3.0869,0.9078,2.1791,398.14,372.6,6.629,2025,4,2,2025-04,False
2025-04-21,ITC,400.76,401.74,394.63,395.89,27388236,-1.03,386.01,385.53,417.06,60.946,3.3172,1.3896,1.9275,399.56,372.47,7.019,2025,4,2,2025-04,False
2025-04-22,ITC,398.79,407.08,396.55,405.96,32031936,2.542,387.44,385.28,417.18,69.188,4.2626,1.9642,2.2984,403.03,371.86,8.044,2025,4,2,2025-04,False
2025-04-23,ITC,408.39,409.56,401.51,403.38,19566317,-0.634,388.7,384.96,417.31,65.386,4.7494,2.5213,2.2281,405.19,372.22,8.48,2025,4,2,2025-04,False
2025-04-24,ITC,404.32,408.25,401.93,402.63,26064089,-0.186,389.85,384.75,417.43,64.28,5.0169,3.0204,1.9965,406.88,372.82,8.734,2025,4,2,2025-04,False
2025-04-25,ITC,402.63,405.11,396.31,400.53,22944377,-0.523,390.64,384.63,417.52,61.146,5.0013,3.4166,1.5847,408.12,373.16,8.951,2025,4,2,2025-04,False
2025-04-28,ITC,399.45,403.05,397.67,401.46,6287095,0.234,391.53,384.71,417.61,62.032,5.0068,3.7346,1.2721,409.33,373.73,9.091,2025,4,2,2025-04,False
2025-04-29,ITC,401.56,402.21,397.9,398.84,11189930,-0.653,392.4,384.81,417.63,58.041,4.7448,3.9367,0.8082,409.81,374.99,8.873,2025,4,2,2025-04,False
2025-04-30,ITC,400.15,401.93,395.1,398.65,10026546,-0.047,393.17,385.08,417.62,57.755,4.4706,4.0435,0.4272,410.24,376.09,8.686,2025,4,2,2025-04,False
2025-05-02,ITC,397.06,403.99,397.06,402.12,9263372,0.869,394.09,385.44,417.63,61.529,4.4812,4.131,0.3502,411.0,377.19,8.577,2025,5,2,2025-05,False
2025-05-05,ITC,402.82,410.54,401.98,409.09,11525305,1.735,395.51,385.95,417.64,67.773,4.9948,4.3038,0.691,412.45,378.57,8.565,2025,5,2,2025-05,False
2025-05-06,ITC,409.61,411.62,405.39,407.78,15026568,-0.32,396.75,386.43,417.64,65.618,5.2357,4.4902,0.7456,413.46,380.05,8.42,2025,5,2,2025-05,False
2025-05-07,ITC,405.77,407.27,402.3,403.66,9710361,-1.01,397.77,386.85,417.6,59.242,5.0362,4.5994,0.4368,413.47,382.07,7.896,2025,5,2,2025-05,False
2025-05-08,ITC,401.65,403.99,396.55,403.15,19937960,-0.128,398.75,387.32,417.55,58.477,4.7814,4.6358,0.1456,413.11,384.39,7.203,2025,5,2,2025-05,False
2025-05-09,ITC,398.79,401.79,396.03,396.55,8226512,-1.637,399.57,387.65,417.45,49.63,4.0008,4.5088,-0.508,411.05,388.09,5.745,2025,5,2,2025-05,False
2025-05-12,ITC,402.12,408.39,400.85,407.74,8031891,2.821,400.64,388.27,417.38,60.53,4.236,4.4542,-0.2182,410.82,390.47,5.08,2025,5,2,2025-05,False
2025-05-13,ITC,407.17,410.03,398.23,400.62,14976369,-1.745,401.19,388.78,417.31,52.717,3.8045,4.3243,-0.5198,409.98,392.39,4.385,2025,5,2,2025-05,False
2025-05-14,ITC,399.87,404.32,398.75,401.74,9557309,0.28,401.54,389.29,417.14,53.732,3.5127,4.162,-0.6493,409.78,393.29,4.107,2025,5,2,2025-05,False
2025-05-15,ITC,401.74,407.64,398.84,405.07,24263510,0.827,402.11,389.81,416.97,56.695,3.5091,4.0314,-0.5223,409.59,394.63,3.72,2025,5,2,2025-05,False
2025-05-16,ITC,407.17,408.39,404.55,407.92,16402035,0.705,402.64,390.45,416.83,59.118,3.6941,3.9639,-0.2698,410.2,395.08,3.756,2025,5,2,2025-05,False
2025-05-19,ITC,407.27,410.54,405.07,407.59,7543854,-0.08,403.02,391.2,416.64,58.712,3.7709,3.9253,-0.1545,410.78,395.25,3.853,2025,5,2,2025-05,False
2025-05-20,ITC,409.14,412.7,405.3,407.17,9868414,-0.103,403.58,391.9,416.48,58.159,3.7544,3.8911,-0.1367,410.79,396.38,3.57,2025,5,2,2025-05,False
2025-05-21,ITC,408.76,410.26,404.46,405.39,5776672,-0.437,403.55,392.62,416.33,55.771,3.5568,3.8243,-0.2675,410.72,396.39,3.553,2025,5,2,2025-05,False
2025-05-22,ITC,405.39,405.39,395.94,398.93,19451749,-1.594,403.33,393.01,416.13,48.054,2.8461,3.6286,-0.7825,410.79,395.87,3.7,2025,5,2,2025-05,False
2025-05-23,ITC,406.33,411.01,401.65,408.48,18536884,2.394,403.62,393.58,415.98,57.431,3.0187,3.5066,-0.488,411.42,395.83,3.863,2025,5,2,2025-05,False
2025-05-26,ITC,410.31,415.27,408.91,414.66,13107662,1.513,404.33,394.31,415.88,62.187,3.6124,3.5278,0.0846,413.4,395.26,4.488,2025,5,2,2025-05,False
2025-05-27,ITC,414.66,415.88,403.38,406.24,26986022,-2.032,404.57,394.86,415.76,53.422,3.3642,3.4951,-0.1308,413.58,395.56,4.452,2025,5,2,2025-05,False
2025-05-28,ITC,398.28,402.95,393.79,400.66,431851622,-1.373,404.66,395.26,415.6,48.544,2.6865,3.3334,-0.6469,413.46,395.86,4.348,2025,5,2,2025-05,False
2025-05-29,ITC,402.38,403.14,397.23,399.28,21478547,-0.345,404.69,395.53,415.41,47.389,2.0146,3.0696,-1.055,413.4,395.98,4.305,2025,5,2,2025-05,False
2025-05-30,ITC,399.61,400.52,397.04,398.61,30656239,-0.167,404.52,395.78,415.21,46.81,1.412,2.7381,-1.3261,413.58,395.45,4.481,2025,5,2,2025-05,False
2025-06-02,ITC,398.85,400.9,395.27,399.8,14973380,0.299,404.05,396.14,415.01,48.031,1.0188,2.3942,-1.3754,413.08,395.02,4.469,2025,6,2,2025-06,False
2025-06-03,ITC,399.51,402.09,396.32,397.56,13216486,-0.56,403.54,396.43,414.8,45.898,0.5205,2.0195,-1.499,412.83,394.25,4.606,2025,6,2,2025-06,False
2025-06-04,ITC,397.75,399.51,396.61,397.61,12598933,0.012,403.24,396.84,414.61,45.953,0.1279,1.6412,-1.5133,412.9,393.58,4.793,2025,6,2,2025-06,False
2025-06-05,ITC,399.04,401.37,396.42,399.61,13212523,0.504,403.06,397.26,414.43,48.329,-0.0214,1.3086,-1.3301,412.86,393.26,4.862,2025,6,2,2025-06,False
2025-06-06,ITC,400.75,401.71,399.51,401.47,8774988,0.465,403.31,397.7,414.21,50.505,0.0101,1.0489,-1.0388,412.66,393.96,4.635,2025,6,2,2025-06,False
2025-06-09,ITC,402.38,403.9,400.95,403.38,10473123,0.475,403.09,398.07,414.0,52.705,0.1869,0.8765,-0.6896,412.2,393.98,4.521,2025,6,2,2025-06,False
2025-06-10,ITC,404.76,408.62,403.38,407.14,13041075,0.934,403.42,398.54,413.82,56.79,0.6237,0.826,-0.2023,412.62,394.21,4.565,2025,6,2,2025-06,False
2025-06-11,ITC,408.1,408.19,405.09,406.33,20789182,-0.199,403.65,399.04,413.61,55.675,0.8941,0.8396,0.0545,412.91,394.39,4.588,2025,6,2,2025-06,False
2025-06-12,ITC,407.14,407.33,400.04,401.42,18508835,-1.208,403.46,399.4,413.38,49.356,0.7041,0.8125,-0.1084,412.75,394.18,4.603,2025,6,2,2025-06,False
2025-06-13,ITC,395.7,399.85,394.27,394.65,17873926,-1.686,402.8,399.62,413.1,42.238,0.0072,0.6514,-0.6442,412.63,392.98,4.878,2025,6,2,2025-06,False
2025-06-16,ITC,395.65,399.42,394.03,398.75,7006629,1.039,402.36,399.98,412.85,47.204,-0.2119,0.4788,-0.6906,412.07,392.65,4.827,2025,6,2,2025-06,False
2025-06-17,ITC,398.66,399.56,396.37,397.99,9028406,-0.191,401.9,400.28,412.62,46.405,-0.4419,0.2946,-0.7366,411.52,392.28,4.788,2025,6,2,2025-06,False
2025-06-18,ITC,397.61,398.99,395.61,396.56,8036215,-0.359,401.46,400.55,412.4,44.87,-0.7312,0.0895,-0.8207,411.21,391.7,4.86,2025,6,2,2025-06,False
2025-06-19,ITC,396.32,398.8,395.51,396.65,12601006,0.024,401.34,400.81,412.14,45.001,-0.9419,-0.1168,-0.8251,411.27,391.41,4.949,2025,6,2,2025-06,False
2025-06-20,ITC,396.65,399.99,396.65,399.09,13203184,0.613,400.87,401.19,411.91,48.359,-0.9023,-0.2739,-0.6284,410.26,391.49,4.681,2025,6,2,2025-06,False
2025-06-23,ITC,397.61,398.08,392.6,394.65,14839890,-1.111,399.87,401.36,411.62,43.181,-1.2147,-0.4621,-0.7526,407.08,392.67,3.605,2025,6,2,2025-06,False
2025-06-24,ITC,397.51,401.09,394.51,395.08,16690068,0.109,399.31,401.46,411.33,43.808,-1.4114,-0.6519,-0.7594,406.17,392.46,3.431,2025,6,2,2025-06,False
2025-06-25,ITC,397.04,398.7,395.8,396.99,9946718,0.483,399.13,401.51,411.07,46.628,-1.3973,-0.801,-0.5963,406.03,392.24,3.455,2025,6,2,2025-06,False
2025-06-26,ITC,397.8,401.33,396.89,400.75,13703918,0.949,399.21,401.65,410.81,51.774,-1.0698,-0.8548,-0.2151,406.14,392.27,3.474,2025,6,2,2025-06,False
2025-06-27,ITC,401.42,402.38,398.37,399.18,21409935,-0.393,399.23,401.69,410.58,49.621,-0.9266,-0.8691,-0.0575,406.16,392.31,3.471,2025,6,2,2025-06,False
2025-06-30,ITC,400.28,401.18,396.46,397.08,12317124,-0.525,399.1,401.63,410.29,46.826,-0.9712,-0.8895,-0.0816,406.09,392.11,3.502,2025,6,2,2025-06,False
2025-07-01,ITC,397.61,399.37,395.61,395.8,13670465,-0.324,399.01,401.63,409.99,45.146,-1.0977,-0.9312,-0.1665,406.12,391.9,3.565,2025,7,3,2025-07,False
2025-07-02,ITC,397.51,397.51,392.55,393.75,15990899,-0.518,398.82,401.39,409.68,42.528,-1.3479,-1.0145,-0.3333,406.29,391.34,3.748,2025,7,3,2025-07,False
2025-07-03,ITC,394.75,396.65,392.13,394.13,14185298,0.097,398.54,401.2,409.34,43.188,-1.4981,-1.1112,-0.3868,406.29,390.79,3.888,2025,7,3,2025-07,False
2025-07-04,ITC,395.61,395.7,392.6,393.36,8256733,-0.194,398.14,401.01,409.03,42.145,-1.6595,-1.2209,-0.4386,406.09,390.19,3.993,2025,7,3,2025-07,False
2025-07-07,ITC,393.79,397.8,392.84,396.8,6845218,0.873,397.81,400.94,408.74,48.204,-1.4933,-1.2754,-0.2179,405.38,390.24,3.806,2025,7,3,2025-07,False
2025-07-08,ITC,396.8,398.66,395.37,397.8,6807192,0.252,397.34,400.87,408.48,49.854,-1.2662,-1.2735,0.0074,403.51,391.17,3.105,2025,7,3,2025-07,False
2025-07-09,ITC,396.85,400.75,396.13,399.94,9930533,0.539,397.02,400.89,408.23,53.287,-0.9027,-1.1994,0.2967,401.72,392.33,2.365,2025,7,3,2025-07,False
2025-07-10,ITC,400.75,400.75,397.04,397.46,6220360,-0.62,396.82,400.87,407.96,49.104,-0.8053,-1.1206,0.3152,401.05,392.6,2.129,2025,7,3,2025-07,False
2025-07-11,ITC,397.61,398.61,396.18,397.42,8578844,-0.012,396.96,400.77,407.67,49.024,-0.7237,-1.0412,0.3175,401.07,392.86,2.067,2025,7,3,2025-07,False
2025-07-14,ITC,397.66,400.42,397.18,399.9,6896989,0.624,397.02,400.59,407.37,53.272,-0.4537,-0.9237,0.47,401.26,392.78,2.135,2025,7,3,2025-07,False
2025-07-15,ITC,401.33,402.76,399.51,402.47,8532755,0.644,397.24,400.48,407.1,57.255,-0.0317,-0.7453,0.7136,402.12,392.36,2.457,2025,7,3,2025-07,False
2025-07-16,ITC,402.47,405.66,400.75,404.85,9780773,0.592,397.66,400.5,406.82,60.604,0.4895,-0.4983,0.9878,403.59,391.73,2.983,2025,7,3,2025-07,False
2025-07-17,ITC,406.0,406.09,403.33,404.23,7240795,-0.153,398.04,400.53,406.53,59.303,0.8428,-0.2301,1.0729,404.63,391.44,3.313,2025,7,3,2025-07,False
2025-07-18,ITC,405.43,405.43,400.56,403.09,6730256,-0.283,398.24,400.66,406.22,56.876,1.0187,0.0197,0.9991,405.2,391.28,3.496,2025,7,3,2025-07,False
2025-07-21,ITC,402.38,403.09,398.94,400.56,4822343,-0.627,398.53,400.51,405.93,51.831,0.9434,0.2044,0.739,405.35,391.71,3.423,2025,7,3,2025-07,False
2025-07-22,ITC,400.56,400.85,395.89,396.65,9869507,-0.976,398.61,400.43,405.62,45.156,0.5618,0.2759,0.2859,405.3,391.92,3.355,2025,7,3,2025-07,False
2025-07-23,ITC,397.7,398.47,394.75,395.65,12196187,-0.252,398.54,400.31,405.32,43.608,0.1765,0.256,-0.0795,405.33,391.76,3.403,2025,7,3,2025-07,False
2025-07-24,ITC,396.51,396.51,390.41,390.89,9005157,-1.205,398.05,400.03,405.04,37.085,-0.5076,0.1033,-0.6109,405.55,390.55,3.77,2025,7,3,2025-07,False
2025-07-25,ITC,390.93,391.17,388.79,390.36,5824089,-0.134,397.61,399.68,404.73,36.44,-1.0797,-0.1333,-0.9464,405.84,389.39,4.137,2025,7,3,2025-07,False
2025-07-28,ITC,391.7,391.74,389.6,390.84,8123337,0.122,397.3,399.34,404.43,37.505,-1.4776,-0.4022,-1.0754,406.06,388.53,4.413,2025,7,3,2025-07,False
2025-07-29,ITC,390.93,392.27,389.03,389.46,6811772,-0.354,396.98,398.99,404.19,35.639,-1.8828,-0.6983,-1.1845,406.41,387.55,4.75,2025,7,3,2025-07,False
2025-07-30,ITC,389.98,390.27,386.88,388.65,10915863,-0.208,396.73,398.65,403.95,34.555,-2.2434,-1.0073,-1.2361,406.78,386.67,5.067,2025,7,3,2025-07,False
2025-07-31,ITC,387.07,394.75,386.69,392.79,19364174,1.067,396.66,398.53,403.75,43.957,-2.1695,-1.2398,-0.9298,406.8,386.52,5.114,2025,7,3,2025-07,False
2025-08-01,ITC,393.22,399.85,392.65,397.08,14324065,1.092,396.85,398.3,403.53,51.69,-1.7446,-1.3407,-0.4039,406.87,386.82,5.051,2025,8,3,2025-08,False
2025-08-04,ITC,400.66,402.85,395.8,397.46,18352458,0.096,396.88,397.96,403.31,52.32,-1.3615,-1.3449,-0.0166,406.91,386.85,5.053,2025,8,3,2025-08,False
2025-08-05,ITC,397.8,398.51,393.79,394.89,8495104,-0.648,396.73,397.73,403.09,47.791,-1.2511,-1.3261,0.075,406.79,386.68,5.069,2025,8,3,2025-08,False
2025-08-06,ITC,394.89,395.7,391.41,392.84,9080543,-0.519,396.38,397.58,402.89,44.489,-1.3139,-1.3237,0.0098,406.46,386.3,5.086,2025,8,3,2025-08,False
2025-08-07,ITC,392.84,395.46,392.51,394.37,11514878,0.388,396.22,397.48,402.7,47.401,-1.2264,-1.3042,0.0778,406.33,386.12,5.1,2025,8,3,2025-08,False
2025-08-08,ITC,394.65,396.03,393.75,395.22,9814361,0.218,396.11,397.41,402.53,49.022,-1.0754,-1.2585,0.183,406.21,386.02,5.098,2025,8,3,2025-08,False
2025-08-11,ITC,395.22,397.61,394.75,397.46,8514272,0.567,395.99,397.36,402.38,53.086,-0.7662,-1.16,0.3938,405.95,386.03,5.032,2025,8,3,2025-08,False
2025-08-12,ITC,397.61,400.28,395.99,396.99,13635738,-0.12,395.72,397.35,402.23,52.134,-0.5532,-1.0386,0.4855,405.22,386.21,4.803,2025,8,3,2025-08,False
2025-08-13,ITC,397.8,398.08,394.37,394.84,10874910,-0.54,395.22,397.3,402.11,47.964,-0.5511,-0.9411,0.39,403.69,386.74,4.289,2025,8,3,2025-08,False
2025-08-14,ITC,394.99,395.75,391.89,392.32,9580361,-0.64,394.62,397.15,401.93,43.546,-0.7448,-0.9019,0.1571,402.04,387.2,3.759,2025,8,3,2025-08,False
2025-08-18,ITC,393.79,394.46,386.02,387.41,30950814,-1.252,393.84,396.87,401.72,36.509,-1.2798,-0.9774,-0.3023,400.78,386.89,3.528,2025,8,3,2025-08,False
2025-08-19,ITC,387.45,390.36,385.69,390.08,16681331,0.689,393.31,396.6,401.51,41.997,-1.4713,-1.0762,-0.3951,399.68,386.94,3.239,2025,8,3,2025-08,False
2025-08-20,ITC,390.08,391.17,386.6,387.17,18188129,-0.746,392.84,396.2,401.26,38.13,-1.8367,-1.2283,-0.6084,399.56,386.11,3.424,2025,8,3,2025-08,False
2025-08-21,ITC,387.17,387.93,384.59,386.69,15028966,-0.123,392.39,395.81,401.03,37.521,-2.14,-1.4106,-0.7293,399.51,385.27,3.628,2025,8,3,2025-08,False
2025-08-22,ITC,387.12,387.6,379.01,379.78,13087624,-1.788,391.83,395.38,400.75,30.022,-2.9047,-1.7095,-1.1952,400.91,382.76,4.633,2025,8,3,2025-08,False
2025-08-25,ITC,380.44,381.92,377.82,380.78,10440286,0.264,391.36,395.1,400.5,32.138,-3.3909,-2.0457,-1.3451,401.68,381.03,5.279,2025,8,3,2025-08,False
2025-08-26,ITC,380.73,386.55,379.87,384.59,13715752,1.002,391.04,394.82,400.29,39.625,-3.4289,-2.3224,-1.1065,401.81,380.28,5.505,2025,8,3,2025-08,False
2025-08-28,ITC,385.69,385.69,381.4,382.26,12471719,-0.607,390.68,394.5,400.07,36.937,-3.6059,-2.5791,-1.0268,402.13,379.24,5.86,2025,8,3,2025-08,False
2025-08-29,ITC,383.31,391.36,383.21,390.7,25255050,2.208,390.79,394.39,399.9,50.104,-3.0304,-2.6693,-0.3611,402.19,379.38,5.838,2025,8,3,2025-08,False
2025-09-01,ITC,390.7,391.12,386.17,386.98,12268090,-0.952,390.49,394.19,399.72,45.587,-2.8416,-2.7038,-0.1378,401.98,379.01,5.883,2025,9,3,2025-09,False
2025-09-02,ITC,387.64,388.88,385.64,387.83,19808255,0.222,390.03,393.97,399.54,46.779,-2.5928,-2.6816,0.0888,401.14,378.92,5.696,2025,9,3,2025-09,False
2025-09-03,ITC,389.5,394.03,388.36,392.6,12936588,1.229,389.79,393.93,399.4,52.948,-1.9881,-2.5429,0.5548,400.42,379.16,5.452,2025,9,3,2025-09,False
2025-09-04,ITC,404.23,407.14,395.7,396.56,27274123,1.008,389.87,393.96,399.29,57.366,-1.1759,-2.2695,1.0936,400.69,379.05,5.55,2025,9,3,2025-09,False
2025-09-05,ITC,397.51,397.61,385.59,388.41,16000675,-2.056,389.65,393.78,399.17,47.476,-1.1766,-2.0509,0.8743,400.4,378.91,5.515,2025,9,3,2025-09,False
2025-09-08,ITC,388.5,391.46,387.88,388.6,7419022,0.049,389.36,393.54,399.04,47.703,-1.1485,-1.8704,0.722,399.88,378.84,5.403,2025,9,3,2025-09,False
2025-09-09,ITC,389.5,391.84,388.45,390.98,8825896,0.613,389.15,393.38,398.92,50.58,-0.9232,-1.681,0.7578,399.34,378.96,5.236,2025,9,3,2025-09,False
2025-09-10,ITC,391.89,394.46,389.93,393.84,9252397,0.732,388.97,393.31,398.86,53.86,-0.508,-1.4464,0.9384,398.65,379.29,4.978,2025,9,3,2025-09,False
2025-09-11,ITC,393.84,397.32,393.27,395.75,8274406,0.484,388.91,393.31,398.73,55.958,-0.0248,-1.1621,1.1373,398.39,379.43,4.874,2025,9,3,2025-09,False
2025-09-12,ITC,396.03,397.66,393.65,394.51,7803379,-0.313,388.89,393.33,398.59,54.232,0.2552,-0.8786,1.1338,398.33,379.45,4.853,2025,9,3,2025-09,False
2025-09-15,ITC,393.84,395.03,392.6,393.46,5707331,-0.266,388.95,393.31,398.44,52.749,0.388,-0.6253,1.0133,398.48,379.41,4.904,2025,9,3,2025-09,False
2025-09-16,ITC,393.98,395.08,392.84,393.89,8239087,0.109,389.27,393.32,398.29,53.311,0.5218,-0.3959,0.9177,399.03,379.52,5.011,2025,9,3,2025-09,False
2025-09-17,ITC,394.7,395.32,389.07,390.27,14113882,-0.92,389.28,393.19,398.14,48.104,0.3317,-0.2504,0.5821,399.04,379.52,5.013,2025,9,3,2025-09,False
2025-09-18,ITC,392.22,393.84,391.03,392.41,15647808,0.55,389.54,393.08,397.98,51.147,0.3501,-0.1303,0.4804,399.34,379.74,5.032,2025,9,3,2025-09,False
2025-09-19,ITC,392.41,393.41,389.93,391.55,19505321,-0.219,389.79,392.92,397.82,49.887,0.2921,-0.0458,0.3379,399.53,380.04,4.999,2025,9,3,2025-09,False
2025-09-22,ITC,391.55,391.89,387.17,388.03,8930779,-0.901,390.2,392.73,397.67,44.98,-0.0381,-0.0443,0.0061,398.79,381.61,4.403,2025,9,3,2025-09,False
2025-09-23,ITC,388.17,389.12,383.4,384.45,14936357,-0.921,390.38,392.47,397.52,40.62,-0.5817,-0.1517,-0.4299,398.25,382.51,4.031,2025,9,3,2025-09,False
2025-09-24,ITC,384.45,385.83,382.07,382.35,12380865,-0.546,390.27,392.12,397.35,38.276,-1.1682,-0.355,-0.8132,398.54,382.0,4.238,2025,9,3,2025-09,False
2025-09-25,ITC,382.78,384.26,379.49,381.49,22006368,-0.224,390.23,391.7,397.17,37.327,-1.6829,-0.6206,-1.0623,398.66,381.8,4.321,2025,9,3,2025-09,False
2025-09-26,ITC,381.49,387.02,381.21,386.26,14414044,1.25,390.01,391.33,397.04,45.423,-1.6866,-0.8338,-0.8528,398.62,381.4,4.415,2025,9,3,2025-09,False
2025-09-29,ITC,387.98,389.03,384.45,388.31,19717660,0.531,390.08,391.01,396.91,48.503,-1.5068,-0.9684,-0.5384,398.61,381.55,4.374,2025,9,3,2025-09,False
2025-09-30,ITC,387.83,387.83,381.78,382.88,9465490,-1.4,389.83,390.6,396.76,41.772,-1.7823,-1.1312,-0.6511,398.91,380.75,4.657,2025,9,3,2025-09,False
2025-10-01,ITC,383.64,387.12,381.16,386.74,17643039,1.009,389.54,390.33,396.65,47.362,-1.6698,-1.2389,-0.4309,398.62,380.46,4.661,2025,10,4,2025-10,False
2025-10-03,ITC,386.07,386.64,383.59,385.5,16987141,-0.321,388.98,390.1,396.5,45.841,-1.6615,-1.3234,-0.3381,397.6,380.37,4.428,2025,10,4,2025-10,False
2025-10-06,ITC,384.26,385.12,381.21,382.11,13989077,-0.878,388.67,389.83,396.32,41.884,-1.9061,-1.44,-0.4661,397.81,379.52,4.706,2025,10,4,2025-10,False
2025-10-07,ITC,383.78,383.88,380.92,381.21,12298968,-0.237,388.3,389.64,396.14,40.868,-2.1483,-1.5816,-0.5666,398.03,378.56,5.014,2025,10,4,2025-10,False
2025-10-08,ITC,381.4,383.07,379.49,381.16,8402463,-0.013,387.81,389.46,395.96,40.812,-2.3173,-1.7288,-0.5885,397.96,377.66,5.233,2025,10,4,2025-10,False
2025-10-09,ITC,380.44,382.73,380.4,381.3,15656267,0.038,387.18,389.26,395.8,41.073,-2.4119,-1.8654,-0.5465,397.31,377.05,5.231,2025,10,4,2025-10,False
2025-10-10,ITC,381.83,385.07,380.92,384.07,15085738,0.725,386.6,389.16,395.66,46.037,-2.238,-1.9399,-0.2981,395.96,377.23,4.845,2025,10,4,2025-10,False
2025-10-13,ITC,381.4,382.3,380.02,380.68,9508594,-0.881,385.91,389.0,395.45,41.436,-2.3463,-2.0212,-0.3251,394.84,376.97,4.632,2025,10,4,2025-10,False
2025-10-14,ITC,381.4,382.21,377.78,378.35,10291102,-0.614,385.15,388.71,395.22,38.57,-2.5907,-2.1351,-0.4556,393.95,376.35,4.572,2025,10,4,2025-10,False
2025-10-15,ITC,379.49,382.21,378.78,381.3,16043867,0.781,384.52,388.39,395.01,43.86,-2.5169,-2.2115,-0.3054,392.45,376.59,4.124,2025,10,4,2025-10,False
2025-10-16,ITC,382.35,387.12,380.97,386.31,22962049,1.313,384.32,388.17,394.82,51.481,-2.031,-2.1754,0.1443,391.84,376.81,3.909,2025,10,4,2025-10,False
2025-10-17,ITC,386.5,394.6,386.4,392.98,21071344,1.728,384.35,388.13,394.67,59.395,-1.0948,-1.9593,0.8644,392.0,376.71,3.978,2025,10,4,2025-10,False
2025-10-20,ITC,393.36,395.56,392.17,393.84,13083621,0.218,384.47,388.15,394.49,60.292,-0.2804,-1.6235,1.3431,392.62,376.32,4.24,2025,10,4,2025-10,False
2025-10-21,ITC,394.27,394.7,393.17,393.65,1142130,-0.048,384.75,388.14,394.31,59.975,0.3457,-1.2296,1.5754,393.76,375.74,4.684,2025,10,4,2025-10,False
2025-10-23,ITC,396.65,400.9,394.32,396.61,24305990,0.751,385.36,388.17,394.12,63.205,1.0681,-0.7701,1.8382,395.81,374.9,5.424,2025,10,4,2025-10,False
2025-10-24,ITC,396.61,398.51,394.22,397.42,14935678,0.204,386.11,388.16,393.97,64.061,1.6865,-0.2788,1.9653,397.75,374.47,6.031,2025,10,4,2025-10,False
2025-10-27,ITC,397.61,403.04,397.23,401.09,11603679,0.924,387.09,388.25,393.94,67.724,2.4447,0.2659,2.1788,400.29,373.89,6.821,2025,10,4,2025-10,False
2025-10-28,ITC,400.95,402.04,396.56,398.47,17163147,-0.654,387.7,388.32,393.9,62.8,2.8017,0.7731,2.0286,401.83,373.56,7.292,2025,10,4,2025-10,False
2025-10-29,ITC,398.75,402.57,396.7,401.99,11470661,0.885,388.38,388.51,393.84,66.346,3.3308,1.2846,2.0462,403.9,372.87,7.991,2025,10,4,2025-10,False
2025-10-30,ITC,401.99,402.09,396.8,399.28,12938674,-0.676,389.2,388.75,393.76,61.484,3.4907,1.7258,1.7649,405.22,373.19,8.231,2025,10,4,2025-10,False
2025-10-31,ITC,400.95,406.57,398.75,400.8,18599864,0.382,389.91,388.96,393.71,63.118,3.6979,2.1202,1.5776,406.68,373.13,8.607,2025,10,4,2025-10,False
2025-11-03,ITC,400.42,402.04,394.08,394.7,7635440,-1.523,390.37,389.12,393.66,53.366,3.3312,2.3624,0.9688,407.14,373.59,8.594,2025,11,4,2025-11,False
2025-11-04,ITC,394.75,395.22,389.36,389.88,10085404,-1.22,390.75,389.18,393.6,47.173,2.6219,2.4143,0.2076,407.08,374.43,8.355,2025,11,4,2025-11,False
2025-11-06,ITC,390.93,394.08,387.64,388.55,10095563,-0.342,391.12,389.35,393.53,45.593,1.9298,2.3174,-0.3876,406.86,375.38,8.048,2025,11,4,2025-11,False
2025-11-07,ITC,387.17,390.08,384.35,385.26,8411611,-0.847,391.33,389.44,393.46,41.872,1.1031,2.0746,-0.9714,406.62,376.03,7.816,2025,11,4,2025-11,False
2025-11-10,ITC,385.26,388.17,384.88,386.69,6650003,0.371,391.6,389.49,393.36,44.012,0.557,1.7711,-1.2141,406.33,376.87,7.523,2025,11,4,2025-11,False
2025-11-11,ITC,387.12,389.07,385.78,387.93,12005318,0.321,391.79,389.6,393.29,45.871,0.2217,1.4612,-1.2395,406.2,377.38,7.357,2025,11,4,2025-11,False
2025-11-12,ITC,389.03,389.12,386.69,388.07,7987236,0.037,392.16,389.55,393.21,46.094,-0.0322,1.1625,-1.1947,405.73,378.59,6.919,2025,11,4,2025-11,False
2025-11-13,ITC,388.07,388.55,385.69,386.83,6617185,-0.319,392.58,389.54,393.13,44.391,-0.3296,0.8641,-1.1937,404.79,380.37,6.221,2025,11,4,2025-11,False
2025-11-14,ITC,385.88,389.74,381.49,389.17,64020258,0.604,392.98,389.57,393.05,48.27,-0.3725,0.6168,-0.9893,404.12,381.83,5.67,2025,11,4,2025-11,False
2025-11-17,ITC,390.7,392.84,387.12,388.17,7855399,-0.257,393.07,389.48,392.95,46.764,-0.4818,0.3971,-0.8788,404.01,382.13,5.565,2025,11,4,2025-11,False
2025-11-18,ITC,389.26,390.74,385.74,386.98,7661681,-0.307,392.77,389.29,392.86,44.966,-0.6569,0.1863,-0.8432,404.04,381.5,5.739,2025,11,4,2025-11,False
2025-11-19,ITC,386.02,386.69,384.07,384.78,7882450,-0.567,392.32,389.22,392.78,41.783,-0.9616,-0.0433,-0.9183,404.12,380.51,6.018,2025,11,4,2025-11,False
2025-11-20,ITC,384.78,388.07,384.5,386.6,6693410,0.471,391.96,389.18,392.71,45.232,-1.0449,-0.2436,-0.8012,404.02,379.91,6.152,2025,11,4,2025-11,False
2025-11-21,ITC,386.17,389.5,385.88,388.88,5808131,0.592,391.58,389.14,392.65,49.317,-0.9156,-0.378,-0.5376,403.5,379.65,6.09,2025,11,4,2025-11,False
2025-11-24,ITC,389.41,389.79,384.12,384.78,11037491,-1.054,390.95,388.95,392.51,43.113,-1.131,-0.5286,-0.6024,402.91,378.99,6.119,2025,11,4,2025-11,False
2025-11-25,ITC,384.78,385.69,381.49,382.16,8199785,-0.681,390.0,388.68,392.29,39.675,-1.496,-0.7221,-0.7739,401.57,378.43,5.933,2025,11,4,2025-11,False
2025-11-26,ITC,382.35,385.16,382.3,383.59,11443953,0.374,389.26,388.46,392.11,42.374,-1.6509,-0.9079,-0.743,400.44,378.07,5.746,2025,11,4,2025-11,False
2025-11-27,ITC,384.74,387.07,383.4,385.5,8679529,0.497,388.43,388.31,391.94,45.853,-1.6013,-1.0465,-0.5547,397.97,378.89,4.912,2025,11,4,2025-11,False
2025-11-28,ITC,385.5,386.17,383.78,385.45,6883500,-0.012,387.74,388.14,391.81,45.778,-1.5479,-1.1468,-0.4011,395.87,379.61,4.194,2025,11,4,2025-11,False
2025-12-01,ITC,384.07,386.64,379.68,385.45,13442658,0.0,386.97,388.04,391.7,45.778,-1.4885,-1.2152,-0.2734,392.34,381.6,2.774,2025,12,4,2025-12,False
2025-12-02,ITC,385.45,386.64,381.88,382.3,8093808,-0.816,386.35,387.84,391.63,40.721,-1.676,-1.3073,-0.3687,390.73,381.97,2.269,2025,12,4,2025-12,False
2025-12-03,ITC,383.02,383.5,380.3,381.88,10772192,-0.112,385.95,387.64,391.57,40.07,-1.838,-1.4135,-0.4246,390.44,381.47,2.325,2025,12,4,2025-12,False
2025-12-04,ITC,381.49,384.78,380.49,384.31,8057989,0.637,385.74,387.57,391.56,45.391,-1.7501,-1.4808,-0.2693,390.11,381.37,2.265,2025,12,4,2025-12,False
2025-12-05,ITC,384.31,386.5,383.31,386.12,4419747,0.471,385.78,387.6,391.57,49.023,-1.5167,-1.488,-0.0287,390.15,381.42,2.263,2025,12,4,2025-12,False
2025-12-08,ITC,386.12,386.4,381.92,383.59,6056866,-0.654,385.63,387.63,391.57,44.571,-1.5181,-1.494,-0.0241,390.08,381.18,2.307,2025,12,4,2025-12,False
2025-12-09,ITC,383.31,385.69,381.4,382.4,9426717,-0.311,385.35,387.65,391.56,42.605,-1.597,-1.5146,-0.0824,389.88,380.82,2.353,2025,12,4,2025-12,False
2025-12-10,ITC,382.45,385.59,382.35,384.4,6969146,0.524,385.17,387.61,391.57,46.846,-1.4809,-1.5079,0.027,389.53,380.8,2.265,2025,12,4,2025-12,False
2025-12-11,ITC,384.4,385.21,382.45,384.16,6980147,-0.062,385.03,387.53,391.6,46.407,-1.3921,-1.4847,0.0926,389.34,380.72,2.239,2025,12,4,2025-12,False
2025-12-12,ITC,384.16,385.21,381.26,381.49,12407516,-0.695,384.65,387.5,391.6,41.688,-1.5196,-1.4917,-0.0279,388.77,380.53,2.144,2025,12,4,2025-12,False
2025-12-15,ITC,381.49,384.59,380.92,383.59,7756564,0.55,384.42,387.44,391.64,46.307,-1.4348,-1.4803,0.0455,388.22,380.62,1.975,2025,12,4,2025-12,False
2025-12-16,ITC,382.73,386.88,382.4,383.02,12347384,-0.149,384.22,387.39,391.68,45.254,-1.3977,-1.4638,0.0661,387.87,380.58,1.897,2025,12,4,2025-12,False
2025-12-17,ITC,382.35,384.35,380.54,381.21,8087490,-0.473,384.04,387.37,391.7,41.998,-1.4972,-1.4705,-0.0267,387.92,380.17,2.017,2025,12,4,2025-12,False
2025-12-18,ITC,381.4,383.26,381.26,381.78,7227668,0.15,383.8,387.38,391.71,43.383,-1.5125,-1.4789,-0.0336,387.61,380.0,1.982,2025,12,4,2025-12,False
2025-12-19,ITC,381.64,383.93,381.64,382.4,10654835,0.162,383.48,387.4,391.75,44.918,-1.4578,-1.4747,0.0169,386.48,380.48,1.565,2025,12,4,2025-12,False
2025-12-22,ITC,382.92,384.88,382.54,383.97,6847871,0.411,383.44,387.46,391.82,48.72,-1.2728,-1.4343,0.1615,386.39,380.49,1.538,2025,12,4,2025-12,False
2025-12-23,ITC,383.78,389.88,383.11,388.41,10081997,1.155,383.75,387.54,391.9,57.6,-0.7597,-1.2994,0.5397,387.38,380.13,1.889,2025,12,4,2025-12,False
2025-12-24,ITC,388.98,390.46,386.79,387.69,5777430,-0.184,383.96,387.68,391.99,55.918,-0.406,-1.1207,0.7147,387.98,379.93,2.098,2025,12,4,2025-12,False
2025-12-26,ITC,387.6,388.22,385.07,385.36,3152453,-0.603,383.95,387.83,392.02,50.709,-0.3107,-0.9587,0.648,387.97,379.93,2.092,2025,12,4,2025-12,False
2025-12-29,ITC,385.31,385.98,382.78,383.88,6647710,-0.384,383.87,387.88,392.04,47.682,-0.3504,-0.837,0.4867,387.82,379.92,2.06,2025,12,4,2025-12,False
2025-12-30,ITC,384.26,384.69,381.68,381.97,12340527,-0.497,383.7,387.79,392.06,44.031,-0.5296,-0.7755,0.246,387.66,379.73,2.068,2025,12,4,2025-12,False
2025-12-31,ITC,382.45,384.97,382.21,384.26,9945109,0.599,383.79,387.62,392.08,49.071,-0.4814,-0.7167,0.2353,387.71,379.88,2.042,2025,12,4,2025-12,False
2026-01-01,ITC,383.97,383.97,345.83,346.93,282626710,-9.715,382.05,386.68,391.92,19.005,-3.416,-1.2566,-2.1594,399.01,365.08,8.881,2026,1,1,2026-01,False
2026-01-02,ITC,343.26,343.26,329.19,333.77,118790358,-3.793,379.52,385.48,391.66,15.419,-6.7259,-2.3504,-4.3755,406.92,352.12,14.437,2026,1,1,2026-01,False
2026-01-05,ITC,333.91,337.49,329.96,333.44,48358124,-0.1,376.89,384.22,391.39,15.34,-9.2691,-3.7342,-5.535,410.93,342.84,18.068,2026,1,1,2026-01,False
2026-01-06,ITC,333.96,334.39,322.04,326.52,72582738,-2.073,374.03,382.8,391.12,13.765,-11.7075,-5.3288,-6.3787,414.65,333.42,21.716,2026,1,1,2026-01,False
2026-01-07,ITC,327.05,328.53,323.52,325.38,29440734,-0.35,371.18,381.28,390.83,13.518,-13.5758,-6.9782,-6.5975,416.99,325.37,24.685,2026,1,1,2026-01,False
2026-01-08,ITC,325.62,329.1,323.28,325.05,36706319,-0.103,368.21,379.82,390.57,13.442,-14.9114,-8.5649,-6.3466,417.94,318.48,27.011,2026,1,1,2026-01,False
2026-01-09,ITC,325.05,325.14,320.47,321.47,35193201,-1.1,365.08,378.21,390.28,12.625,-16.0732,-10.0665,-6.0066,418.35,311.81,29.184,2026,1,1,2026-01,False
2026-01-12,ITC,322.52,323.71,320.18,322.66,16156143,0.371,362.14,376.67,390.0,14.491,-16.7051,-11.3943,-5.3109,418.03,306.25,30.866,2026,1,1,2026-01,False
2026-01-13,ITC,323.24,323.71,318.18,319.14,24922339,-1.093,358.92,375.04,389.67,13.567,-17.2913,-12.5737,-4.7177,416.99,300.84,32.36,2026,1,1,2026-01,False
2026-01-14,ITC,320.37,320.37,317.94,319.18,14913422,0.015,355.72,373.53,389.35,13.647,-17.5497,-13.5689,-3.9808,415.22,296.23,33.449,2026,1,1,2026-01,False
2026-01-15,ITC,319.18,319.18,319.18,319.18,0,0.0,352.62,372.12,389.04,13.647,-17.5522,-14.3655,-3.1866,412.98,292.26,34.235,2026,1,1,2026-01,False
2026-01-16,ITC,321.8,321.8,313.27,313.89,30526898,-1.658,349.23,370.62,388.69,12.192,-17.7762,-15.0477,-2.7285,410.31,288.14,34.984,2026,1,1,2026-01,False
2026-01-19,ITC,314.65,319.09,312.08,317.7,15507440,1.215,345.99,369.27,388.36,18.903,-17.4449,-15.5271,-1.9178,406.53,285.45,34.995,2026,1,1,2026-01,False
2026-01-20,ITC,318.52,318.94,310.36,311.13,18771011,-2.071,342.35,367.76,388.01,16.553,-17.5114,-15.924,-1.5874,402.03,282.67,34.864,2026,1,1,2026-01,False
2026-01-21,ITC,310.84,313.99,309.27,309.65,14177965,-0.475,338.41,366.19,387.65,16.07,-17.4818,-16.2355,-1.2463,395.64,281.19,33.82,2026,1,1,2026-01,False
2026-01-22,ITC,310.94,313.41,306.12,309.74,18622852,0.031,334.52,364.63,387.28,16.24,-17.2518,-16.4388,-0.813,388.11,280.92,32.045,2026,1,1,2026-01,False
2026-01-23,ITC,310.41,311.22,307.69,308.36,11950089,-0.446,330.67,363.06,386.9,15.742,-16.9853,-16.5481,-0.4372,379.76,281.57,29.693,2026,1,1,2026-01,False
2026-01-27,ITC,308.55,309.6,303.07,303.83,47847784,-1.469,326.66,361.35,386.52,14.206,-16.9442,-16.6273,-0.3169,370.23,283.1,26.674,2026,1,1,2026-01,False
2026-01-28,ITC,305.07,308.65,304.5,306.22,28400238,0.785,322.88,359.71,386.12,18.702,-16.5288,-16.6076,0.0788,358.68,287.07,22.177,2026,1,1,2026-01,False
2026-01-29,ITC,307.6,307.6,303.26,303.78,17719420,-0.794,318.85,358.05,385.69,17.684,-16.2089,-16.5279,0.319,341.15,296.56,13.984,2026,1,1,2026-01,False
2026-01-30,ITC,303.97,310.03,301.73,307.17,41975824,1.114,316.86,356.5,385.25,23.894,-15.5035,-16.323,0.8195,335.39,298.34,11.692,2026,1,1,2026-01,False
2026-02-02,ITC,295.06,300.73,287.96,300.07,35227572,-2.313,315.18,354.77,384.78,20.414,-15.3409,-16.1266,0.7857,333.36,297.0,11.535,2026,2,1,2026-02,False
2026-02-03,ITC,306.26,309.65,297.11,301.92,33168353,0.62,313.6,353.03,384.31,23.553,-14.8903,-15.8793,0.989,330.54,296.67,10.8,2026,2,1,2026-02,False
2026-02-04,ITC,304.21,306.6,303.09,305.53,11196759,1.193,312.55,351.44,383.83,29.365,-14.0803,-15.5195,1.4392,328.7,296.41,10.332,2026,2,1,2026-02,False
2026-02-05,ITC,305.62,306.99,301.1,301.97,15816704,-1.163,311.38,349.84,383.37,27.17,-13.5686,-15.1293,1.5607,327.0,295.77,10.03,2026,2,1,2026-02,False
2026-02-06,ITC,301.78,319.01,300.12,317.16,68057745,5.029,310.99,348.51,382.92,45.811,-11.8017,-14.4638,2.6621,325.51,296.47,9.34,2026,2,1,2026-02,False
2026-02-09,ITC,319.25,319.98,313.12,314.24,20059198,-0.921,310.63,347.08,382.48,43.505,-10.5158,-13.6742,3.1584,324.39,296.86,8.862,2026,2,1,2026-02,False
2026-02-10,ITC,314.43,314.97,312.24,312.88,11489090,-0.434,310.14,345.63,382.03,42.431,-9.4972,-12.8388,3.3416,322.75,297.53,8.132,2026,2,1,2026-02,False
2026-02-11,ITC,313.41,313.66,307.91,309.81,24843366,-0.98,309.67,344.12,381.57,40.038,-8.8356,-12.0381,3.2026,321.55,297.79,7.671,2026,2,1,2026-02,False
2026-02-12,ITC,308.88,311.9,308.5,309.03,13294561,-0.251,309.16,342.65,381.11,39.429,-8.2786,-11.2862,3.0076,320.16,298.16,7.116,2026,2,1,2026-02,False
2026-02-13,ITC,307.62,309.96,304.94,305.43,8730618,-1.166,308.48,341.12,380.64,36.655,-8.0353,-10.636,2.6008,318.52,298.43,6.51,2026,2,1,2026-02,False
2026-02-16,ITC,305.43,309.81,304.85,309.52,11693763,1.339,308.26,339.63,380.2,41.672,-7.4269,-9.9942,2.5673,317.99,298.53,6.313,2026,2,1,2026-02,False
2026-02-17,ITC,310.0,319.35,309.71,316.82,39360672,2.359,308.21,338.24,379.77,49.381,-6.2831,-9.252,2.9689,317.77,298.66,6.201,2026,2,1,2026-02,False
2026-02-18,ITC,317.35,324.12,316.19,323.63,35473203,2.151,308.84,337.04,379.34,55.317,-4.7719,-8.356,3.5841,320.58,297.09,7.606,2026,2,1,2026-02,False
2026-02-19,ITC,325.19,325.39,316.38,317.35,19911747,-1.94,309.22,335.74,378.89,49.551,-4.0343,-7.4916,3.4573,321.57,296.88,7.986,2026,2,1,2026-02,False
2026-02-20,ITC,316.43,319.16,316.43,318.33,11282027,0.307,309.65,334.42,378.47,50.414,-3.3328,-6.6599,3.327,322.65,296.65,8.398,2026,2,1,2026-02,False
2026-02-23,ITC,318.33,319.4,315.8,316.77,13486092,-0.489,310.07,333.07,378.03,48.971,-2.8695,-5.9018,3.0323,323.44,296.71,8.621,2026,2,1,2026-02,False
2026-02-24,ITC,315.41,316.77,313.51,314.92,13135859,-0.584,310.63,331.74,377.63,47.241,-2.6214,-5.2457,2.6244,323.82,297.43,8.495,2026,2,1,2026-02,False
2026-02-25,ITC,316.87,317.94,309.66,311.27,13492101,-1.159,310.88,330.3,377.14,43.942,-2.6883,-4.7342,2.046,323.91,297.85,8.383,2026,2,1,2026-02,False
2026-02-26,ITC,311.51,312.88,309.18,309.86,11270119,-0.453,311.18,328.83,376.69,42.7,-2.8227,-4.3519,1.5293,323.79,298.57,8.105,2026,2,1,2026-02,False
2026-02-27,ITC,307.62,309.32,304.36,305.28,13892595,-1.477,311.09,327.31,376.21,38.866,-3.2608,-4.1337,0.8729,323.85,298.32,8.206,2026,2,1,2026-02,False
2026-03-02,ITC,298.86,307.38,298.86,306.55,22194311,0.415,311.41,325.81,375.71,40.459,-3.4659,-4.0001,0.5342,323.3,299.53,7.633,2026,3,1,2026-03,False
2026-03-04,ITC,302.36,307.13,302.27,303.68,24165489,-0.937,311.5,324.23,375.19,38.037,-3.8162,-3.9633,0.1471,323.11,299.89,7.456,2026,3,1,2026-03,False
2026-03-05,ITC,303.92,305.28,300.03,303.24,19938009,-0.144,311.39,322.62,374.67,37.667,-4.0821,-3.9871,-0.095,323.29,299.48,7.645,2026,3,1,2026-03,False
2026-03-06,ITC,301.83,304.02,301.0,301.49,21288269,-0.578,311.36,320.88,374.14,36.151,-4.3837,-4.0664,-0.3173,323.35,299.38,7.698,2026,3,1,2026-03,False
2026-03-09,ITC,296.91,299.05,295.55,297.88,14084931,-1.195,310.4,319.09,373.61,33.193,-4.8574,-4.2246,-0.6328,323.47,297.33,8.423,2026,3,1,2026-03,False
2026-03-10,ITC,300.81,301.78,295.69,300.85,18352950,0.997,309.73,317.4,373.12,37.717,-4.9363,-4.367,-0.5693,323.33,296.12,8.785,2026,3,1,2026-03,False
2026-03-11,ITC,300.85,302.41,299.54,300.81,14842485,-0.016,309.13,315.73,372.58,37.672,-4.9457,-4.4827,-0.463,323.21,295.05,9.109,2026,3,1,2026-03,False
2026-03-12,ITC,298.91,299.83,294.82,296.04,23319679,-1.586,308.44,314.02,371.98,33.456,-5.2773,-4.6416,-0.6357,323.68,293.2,9.881,2026,3,1,2026-03,False
2026-03-13,ITC,295.94,297.88,292.68,293.46,25659996,-0.871,307.66,312.2,371.42,31.409,-5.6827,-4.8498,-0.8329,324.3,291.02,10.816,2026,3,1,2026-03,False
2026-03-16,ITC,294.53,301.24,293.99,300.07,37472204,2.256,307.39,311.26,370.92,41.329,-5.4075,-4.9614,-0.4461,324.35,290.43,11.034,2026,3,1,2026-03,False
2026-03-17,ITC,301.73,301.73,295.99,296.77,25649286,-1.103,306.75,310.52,370.4,38.343,-5.3943,-5.048,-0.3464,324.32,289.18,11.455,2026,3,1,2026-03,False
2026-03-18,ITC,297.79,298.81,295.45,295.99,16702554,-0.262,305.71,309.77,369.89,37.654,-5.3846,-5.1153,-0.2693,323.24,288.18,11.467,2026,3,1,2026-03,False
2026-03-19,ITC,293.5,297.4,289.22,290.1,17851126,-1.99,304.03,309.04,369.34,32.845,-5.7855,-5.2493,-0.5362,320.74,287.33,10.989,2026,3,1,2026-03,False
2026-03-20,ITC,293.07,300.56,290.24,292.0,58679529,0.654,302.77,308.38,368.81,35.696,-5.8822,-5.3759,-0.5063,319.06,286.47,10.763,2026,3,1,2026-03,False
2026-03-23,ITC,290.97,291.07,281.87,282.75,31788160,-3.167,300.99,307.53,368.24,29.193,-6.6287,-5.6265,-1.0022,317.89,284.09,11.229,2026,3,1,2026-03,False
2026-03-24,ITC,288.1,288.15,281.09,283.53,33335721,0.275,299.33,306.77,367.66,30.344,-7.0759,-5.9163,-1.1595,316.23,282.42,11.293,2026,3,1,2026-03,False
2026-03-25,ITC,284.94,290.58,284.5,287.86,26184716,1.528,297.97,306.08,367.09,36.523,-7.0,-6.1331,-0.8669,313.92,282.02,10.707,2026,3,1,2026-03,False
2026-03-27,ITC,286.88,288.98,283.82,286.88,22179022,-0.338,296.75,305.43,366.51,35.756,-6.9384,-6.2941,-0.6443,312.14,281.36,10.372,2026,3,1,2026-03,False
2026-03-30,ITC,285.81,286.64,279.39,280.07,24586921,-2.375,295.26,304.65,365.87,30.865,-7.3548,-6.5063,-0.8485,311.07,279.45,10.709,2026,3,1,2026-03,False
2026-04-01,ITC,285.23,286.64,283.19,283.96,18604340,1.39,294.2,303.94,365.26,36.233,-7.2865,-6.6623,-0.6242,310.04,278.36,10.768,2026,4,2,2026-04,False
2026-04-02,ITC,282.55,285.86,280.75,285.08,18082775,0.394,293.12,303.37,364.68,37.729,-7.0606,-6.742,-0.3187,308.34,277.91,10.38,2026,4,2,2026-04,False
2026-04-06,ITC,285.23,287.52,282.55,287.03,18047063,0.683,292.29,302.75,364.14,40.352,-6.6479,-6.7232,0.0752,306.88,277.7,9.983,2026,4,2,2026-04,False
2026-04-07,ITC,286.35,291.07,284.99,290.53,26963485,1.221,291.66,302.34,363.6,44.853,-5.9693,-6.5724,0.6031,305.32,278.0,9.367,2026,4,2,2026-04,False
2026-04-08,ITC,295.84,296.52,293.55,294.43,22310207,1.34,291.3,302.04,363.08,49.421,-5.0589,-6.2697,1.2108,304.24,278.37,8.882,2026,4,2,2026-04,False
2026-04-09,ITC,293.5,296.33,293.26,294.96,17691477,0.182,291.16,301.74,362.58,50.033,-4.2453,-5.8648,1.6195,303.85,278.47,8.715,2026,4,2,2026-04,False
2026-04-10,ITC,294.96,297.3,294.57,296.18,17744386,0.413,290.92,301.5,362.07,51.472,-3.4624,-5.3843,1.922,303.02,278.83,8.314,2026,4,2,2026-04,False
2026-04-13,ITC,292.04,293.46,290.19,290.73,16522014,-1.841,290.42,301.24,361.53,45.193,-3.2444,-4.9563,1.7119,301.58,279.26,7.688,2026,4,2,2026-04,False
2026-04-15,ITC,292.73,295.94,292.58,294.04,18701403,1.138,290.32,300.99,361.03,49.242,-2.7726,-4.5196,1.747,301.31,279.33,7.569,2026,4,2,2026-04,False
2026-04-16,ITC,294.92,297.25,293.84,295.35,16512053,0.447,290.42,300.83,360.53,50.796,-2.2666,-4.069,1.8024,301.55,279.28,7.667,2026,4,2,2026-04,False
2026-04-17,ITC,295.79,301.73,295.79,298.66,35111203,1.121,290.35,300.65,360.04,54.569,-1.5802,-3.5712,1.991,301.24,279.45,7.502,2026,4,2,2026-04,False
2026-04-20,ITC,298.86,299.78,296.38,296.91,13540471,-0.587,290.35,300.59,359.52,52.283,-1.1643,-3.0898,1.9256,301.26,279.44,7.514,2026,4,2,2026-04,False
2026-04-21,ITC,296.91,302.85,296.47,301.44,24411865,1.525,290.62,300.58,359.03,57.264,-0.464,-2.5647,2.1007,302.37,278.88,8.081,2026,4,2,2026-04,False
2026-04-22,ITC,301.78,302.31,297.01,297.4,24500511,-1.34,290.99,300.42,358.53,52.043,-0.2323,-2.0982,1.8659,303.11,278.87,8.331,2026,4,2,2026-04,False
2026-04-23,ITC,295.94,298.23,295.21,297.2,10701849,-0.065,291.25,300.32,358.04,51.798,-0.0637,-1.6913,1.6276,303.68,278.82,8.537,2026,4,2,2026-04,False
2026-04-24,ITC,298.52,298.52,293.11,293.6,17011704,-1.212,291.79,299.85,357.54,47.355,-0.2182,-1.3967,1.1785,303.59,279.99,8.088,2026,4,2,2026-04,False
2026-04-27,ITC,295.6,297.54,294.82,295.79,14382348,0.746,292.41,299.48,357.05,50.155,-0.1621,-1.1498,0.9877,303.66,281.15,7.697,2026,4,2,2026-04,False
2026-04-28,ITC,296.33,297.69,294.53,296.38,12907339,0.197,292.83,299.15,356.56,50.905,-0.0696,-0.9337,0.8641,304.01,281.66,7.631,2026,4,2,2026-04,False
2026-04-29,ITC,297.01,309.08,297.01,307.86,31199038,3.876,293.88,299.12,356.12,62.768,0.92,-0.563,1.483,306.54,281.22,8.617,2026,4,2,2026-04,False
2026-04-30,ITC,307.86,309.08,304.99,306.55,11541956,-0.427,295.21,299.07,355.66,60.953,1.5799,-0.1344,1.7143,307.31,283.1,8.202,2026,4,2,2026-04,False
2026-05-01,ITC,306.55,306.55,306.55,306.55,0,0.0,296.33,299.09,355.19,60.953,2.079,0.3083,1.7707,308.24,284.43,8.033,2026,5,2,2026-05,False
2026-05-04,ITC,309.47,309.47,302.27,302.85,20245091,-1.207,297.22,298.95,354.72,55.697,2.1512,0.6769,1.4744,308.21,286.24,7.391,2026,5,2,2026-05,False
2026-05-05,ITC,302.85,305.38,301.44,303.19,26795704,0.113,298.03,298.68,354.25,56.073,2.2105,0.9836,1.2269,308.21,287.86,6.828,2026,5,2,2026-05,False
2026-05-06,ITC,304.5,305.28,301.05,302.46,20287609,-0.241,298.63,298.26,353.76,54.996,2.1735,1.2216,0.9519,308.34,288.91,6.505,2026,5,2,2026-05,False
2026-05-07,ITC,303.19,303.38,298.86,299.25,25718615,-1.062,298.87,297.9,353.25,50.41,1.8635,1.35,0.5135,308.38,289.36,6.364,2026,5,2,2026-05,False
2026-05-08,ITC,300.71,300.71,297.59,299.3,17739844,0.016,299.08,297.52,352.72,50.478,1.6032,1.4006,0.2026,308.42,289.75,6.24,2026,5,2,2026-05,False
2026-05-11,ITC,298.86,299.83,297.06,297.74,14968661,-0.52,299.16,297.14,352.19,48.22,1.2568,1.3718,-0.1151,308.42,289.91,6.188,2026,5,2,2026-05,False
2026-05-12,ITC,297.25,298.13,292.14,292.73,15968338,-1.684,299.26,296.69,351.63,41.747,0.5711,1.2117,-0.6406,308.17,290.35,5.954,2026,5,2,2026-05,False
2026-05-13,ITC,293.99,297.69,293.07,296.38,13024778,1.247,299.38,296.39,351.11,47.295,0.3186,1.0331,-0.7145,308.06,290.7,5.798,2026,5,2,2026-05,False
2026-05-14,ITC,296.91,301.0,296.77,299.05,11113377,0.903,299.56,296.18,350.62,50.982,0.3307,0.8926,-0.5619,308.04,291.09,5.657,2026,5,2,2026-05,False
2026-05-15,ITC,299.05,303.77,298.18,301.24,11954564,0.732,299.69,296.1,350.15,53.828,0.5111,0.8163,-0.3052,308.19,291.2,5.669,2026,5,2,2026-05,False
2026-05-18,ITC,301.24,304.02,298.37,301.92,14422870,0.226,299.94,296.0,349.71,54.709,0.701,0.7933,-0.0922,308.39,291.5,5.631,2026,5,2,2026-05,False
2026-05-19,ITC,303.68,305.92,300.17,302.07,17519355,0.048,299.98,295.97,349.27,54.907,0.8535,0.8053,0.0482,308.45,291.5,5.649,2026,5,2,2026-05,False
2026-05-20,ITC,300.81,301.44,298.08,299.39,12127920,-0.886,300.07,295.89,348.81,50.533,0.7496,0.7942,-0.0445,308.47,291.68,5.593,2026,5,2,2026-05,False
2026-05-21,ITC,301.63,303.04,297.69,299.88,21868988,0.163,300.21,295.86,348.36,51.293,0.6986,0.775,-0.0765,308.49,291.93,5.518,2026,5,2,2026-05,False
2026-05-22,ITC,297.79,298.86,293.02,293.7,30751752,-2.061,300.21,295.78,347.89,42.389,0.1575,0.6515,-0.4941,308.48,291.95,5.507,2026,5,2,2026-05,False
2026-05-25,ITC,295.89,297.4,294.33,295.89,15734247,0.746,300.22,295.68,347.4,45.968,-0.0935,0.5025,-0.5961,308.47,291.96,5.5,2026,5,2,2026-05,False
2026-05-26,ITC,296.28,296.33,293.11,293.65,37560542,-0.757,300.08,295.54,346.89,43.026,-0.4677,0.3085,-0.7762,308.69,291.48,5.736,2026,5,2,2026-05,False
2026-05-27,ITC,295.65,296.35,291.05,291.95,25446093,-0.579,299.29,295.45,346.36,40.886,-0.8912,0.0685,-0.9597,307.81,290.77,5.693,2026,5,2,2026-05,False
2026-05-28,ITC,291.95,291.95,291.95,291.95,0,0.0,298.56,295.42,345.84,40.886,-1.2128,-0.1877,-1.0251,306.96,290.16,5.627,2026,5,2,2026-05,False
2026-05-29,ITC,292.0,292.4,285.9,286.9,31930439,-1.73,297.57,295.16,345.31,34.905,-1.8538,-0.521,-1.3329,306.61,288.54,6.073,2026,5,2,2026-05,False
2026-06-01,ITC,287.8,288.55,278.3,279.65,23477875,-2.527,296.41,294.82,344.74,28.466,-2.9132,-0.9994,-1.9138,308.15,284.68,7.92,2026,6,2,2026-06,False
2026-06-02,ITC,279.5,283.6,277.1,283.25,20206131,1.287,295.42,294.56,344.18,34.889,-3.4229,-1.4841,-1.9388,308.08,282.75,8.574,2026,6,2,2026-06,False
2026-06-03,ITC,282.35,282.35,275.2,277.0,28001438,-2.207,294.14,294.3,343.58,29.874,-4.2818,-2.0436,-2.2381,308.79,279.5,9.959,2026,6,2,2026-06,False
2026-06-04,ITC,277.0,280.65,275.05,280.3,22017634,1.191,293.2,294.07,342.99,35.172,-4.6426,-2.5634,-2.0792,308.87,277.52,10.691,2026,6,2,2026-06,False
2026-06-05,ITC,280.0,281.4,277.85,280.7,16065822,0.143,292.27,294.03,342.42,35.806,-4.8406,-3.0189,-1.8217,308.61,275.93,11.183,2026,6,2,2026-06,False
2026-06-08,ITC,279.0,283.45,276.95,279.45,15779677,-0.445,291.35,293.95,341.86,34.666,-5.0402,-3.4231,-1.617,308.43,274.27,11.726,2026,6,2,2026-06,False
2026-06-09,ITC,281.7,281.7,277.15,280.0,12302522,0.197,290.72,293.79,341.32,35.637,-5.0952,-3.7576,-1.3377,308.52,272.92,12.246,2026,6,2,2026-06,False
2026-06-10,ITC,280.0,285.85,278.65,283.65,19823743,1.304,290.08,293.72,340.79,41.814,-4.7892,-3.9639,-0.8253,307.94,272.22,12.312,2026,6,2,2026-06,False
2026-06-11,ITC,283.0,283.25,281.2,282.4,12603100,-0.441,289.25,293.77,340.27,40.384,-4.5945,-4.09,-0.5045,306.9,271.6,12.203,2026,6,2,2026-06,False
2026-06-12,ITC,283.55,285.85,283.0,285.1,12893433,0.956,288.44,293.79,339.76,44.776,-4.1742,-4.1068,-0.0674,305.23,271.65,11.645,2026,6,2,2026-06,False
2026-06-15,ITC,287.0,288.85,286.7,287.9,11194950,0.982,287.74,293.85,339.3,48.974,-3.574,-4.0003,0.4262,303.29,272.19,10.807,2026,6,2,2026-06,False
2026-06-16,ITC,288.15,292.15,287.5,291.65,14467499,1.303,287.22,293.94,338.85,54.015,-2.7639,-3.753,0.9891,301.38,273.06,9.862,2026,6,2,2026-06,False
2026-06-17,ITC,291.95,292.35,290.0,290.75,8626353,-0.309,286.79,293.95,338.38,52.67,-2.1695,-3.4363,1.2668,299.87,273.7,9.125,2026,6,2,2026-06,False
2026-06-18,ITC,291.05,291.9,288.0,291.15,10409670,0.138,286.35,293.88,337.93,53.228,-1.6472,-3.0785,1.4313,298.11,274.59,8.215,2026,6,2,2026-06,False
2026-06-19,ITC,289.8,294.55,288.4,292.5,13874008,0.464,286.29,293.83,337.44,55.148,-1.1115,-2.6851,1.5736,297.9,274.67,8.114,2026,6,2,2026-06,False
2026-06-22,ITC,292.8,293.95,290.05,291.25,9947873,-0.427,286.06,293.73,336.96,52.979,-0.7788,-2.3038,1.525,297.03,275.08,7.673,2026,6,2,2026-06,False
2026-06-23,ITC,291.25,293.15,289.65,290.0,9410364,-0.429,285.88,293.72,336.47,50.827,-0.609,-1.9649,1.3558,296.43,275.32,7.386,2026,6,2,2026-06,False
2026-06-24,ITC,290.0,291.4,289.45,290.35,6218635,0.121,285.79,293.64,335.96,51.422,-0.4411,-1.6601,1.219,296.18,275.41,7.268,2026,6,2,2026-06,False
2026-06-25,ITC,290.35,292.25,289.2,290.0,11230239,-0.121,285.7,293.54,335.43,50.76,-0.3325,-1.3946,1.0621,295.87,275.52,7.125,2026,6,2,2026-06,False
2026-06-26,ITC,290.0,290.0,290.0,290.0,0,0.0,285.85,293.36,334.93,50.76,-0.2436,-1.1644,0.9208,296.2,275.51,7.24,2026,6,2,2026-06,False
2026-06-29,ITC,290.45,291.9,289.35,290.7,10110022,0.241,286.41,293.24,334.44,52.187,-0.1153,-0.9546,0.8393,296.54,276.27,7.074,2026,6,2,2026-06,False
2026-06-30,ITC,291.5,291.6,285.5,286.95,18180676,-1.29,286.59,292.95,333.92,44.712,-0.3126,-0.8262,0.5136,296.61,276.57,6.994,2026,6,2,2026-06,False
2026-07-01,ITC,287.85,291.0,287.1,290.3,6551425,1.167,287.26,292.81,333.41,51.408,-0.1964,-0.7002,0.5038,296.32,278.19,6.31,2026,7,3,2026-07,False
2026-07-02,ITC,290.7,291.0,287.7,289.9,12722639,-0.138,287.74,292.66,332.88,50.62,-0.1351,-0.5872,0.4521,296.25,279.22,5.916,2026,7,3,2026-07,False
2026-07-03,ITC,291.3,291.6,289.0,289.95,6517591,0.017,288.2,292.59,332.35,50.721,-0.0815,-0.4861,0.4046,296.08,280.31,5.471,2026,7,3,2026-07,False
2026-07-06,ITC,289.95,290.4,287.6,288.25,27126124,-0.586,288.64,292.44,331.83,47.164,-0.1742,-0.4237,0.2495,295.36,281.91,4.66,2026,7,3,2026-07,False
2026-07-07,ITC,288.3,290.7,286.55,288.75,18491160,0.173,289.08,292.29,331.3,48.312,-0.2049,-0.3799,0.175,294.43,283.72,3.708,2026,7,3,2026-07,False
2026-07-08,ITC,286.9,287.85,280.0,280.65,21593793,-2.805,288.92,291.74,330.75,35.03,-0.8728,-0.4785,-0.3943,295.04,282.81,4.232,2026,7,3,2026-07,False
2026-07-09,ITC,281.25,284.4,281.0,282.05,12512120,0.499,288.91,291.25,330.2,38.193,-1.2745,-0.6377,-0.6368,295.1,282.71,4.288,2026,7,3,2026-07,False
2026-07-10,ITC,282.85,283.65,280.85,281.75,11774274,-0.106,288.74,290.76,329.65,37.769,-1.5986,-0.8299,-0.7687,295.52,281.96,4.697,2026,7,3,2026-07,False
2026-07-13,ITC,281.35,281.5,279.5,279.65,12559492,-0.745,288.33,290.29,329.11,34.85,-2.0018,-1.0643,-0.9375,296.23,280.42,5.484,2026,7,3,2026-07,False
2026-07-14,ITC,279.25,280.65,275.0,275.55,15018851,-1.466,287.52,289.74,328.57,29.979,-2.622,-1.3758,-1.2462,297.11,277.94,6.666,2026,7,3,2026-07,False
2026-07-15,ITC,276.65,277.7,275.3,276.65,8523722,0.399,286.82,289.22,328.04,32.697,-2.9902,-1.6987,-1.2915,297.42,276.21,7.394,2026,7,3,2026-07,False
2026-07-16,ITC,277.0,280.45,276.0,279.35,11220653,0.976,286.23,288.82,327.53,38.96,-3.0293,-1.9648,-1.0645,297.12,275.33,7.615,2026,7,3,2026-07,False
2026-07-17,ITC,279.35,281.95,277.8,280.7,15215868,0.483,285.64,288.45,327.0,41.873,-2.9177,-2.1554,-0.7623,296.38,274.89,7.523,2026,7,3,2026-07,False
2026-07-20,ITC,280.7,283.7,279.5,282.7,9913943,0.713,285.21,288.15,326.47,45.985,-2.6374,-2.2518,-0.3856,295.69,274.73,7.35,2026,7,3,2026-07,False
2026-07-21,ITC,283.0,283.95,278.8,281.0,9858768,-0.601,284.76,287.92,325.96,43.188,-2.5234,-2.3061,-0.2173,295.15,274.37,7.296,2026,7,3,2026-07,False
2026-07-22,ITC,280.5,282.2,278.5,280.8,12995017,-0.071,284.28,287.61,325.43,42.858,-2.4213,-2.3292,-0.0922,294.46,274.1,7.163,2026,7,3,2026-07,False
2026-07-23,ITC,279.95,284.0,279.65,281.3,21143589,0.178,283.85,287.25,324.91,44.01,-2.2738,-2.3181,0.0443,293.74,273.96,6.97,2026,7,3,2026-07,False
2026-07-24,ITC,279.55,284.85,279.55,283.45,24954082,0.764,283.52,286.9,324.42,48.794,-1.9609,-2.2467,0.2858,292.98,274.06,6.672,2026,7,3,2026-07,False
2026-07-27,ITC,287.75,287.9,285.5,285.85,19312804,0.847,283.28,286.57,323.94,53.563,-1.5018,-2.0977,0.5958,292.19,274.36,6.296,2026,7,3,2026-07,False
2026-07-28,ITC,284.9,287.95,282.3,284.65,14843878,-0.42,283.16,286.23,323.46,51.005,-1.2208,-1.9223,0.7015,291.94,274.39,6.198,2026,7,3,2026-07,False
2026-07-29,ITC,285.6,289.05,284.15,286.25,19030590,0.562,282.96,285.96,322.98,54.149,-0.8591,-1.7097,0.8506,291.21,274.71,5.834,2026,7,3,2026-07,False
2026-07-30,ITC,286.1,288.4,283.75,285.05,18283697,-0.419,282.72,285.67,322.49,51.481,-0.6617,-1.5001,0.8384,290.38,275.06,5.418,2026,7,3,2026-07,False
2026-07-31,ITC,285.55,285.8,280.05,281.0,16833813,-1.421,282.27,285.41,321.99,43.661,-0.8225,-1.3646,0.5421,289.16,275.38,4.879,2026,7,3,2026-07,False
2026-08-03,ITC,284.45,292.55,283.0,287.0,45392755,2.135,282.21,285.23,321.53,54.651,-0.4605,-1.1838,0.7232,288.88,275.53,4.732,2026,8,3,2026-08,False
2026-08-04,ITC,286.05,289.0,284.7,289.0,12689243,0.697,282.22,285.14,321.07,57.619,-0.0121,-0.9494,0.9373,288.95,275.49,4.769,2026,8,3,2026-08,False
2026-08-05,ITC,288.25,288.5,285.0,286.95,11771241,-0.709,282.53,285.04,320.58,53.737,0.1758,-0.7244,0.9002,289.54,275.53,4.958,2026,8,3,2026-08,False
2026-08-06,ITC,285.45,286.35,283.7,285.9,12447629,-0.366,282.73,284.92,320.04,51.811,0.2373,-0.532,0.7693,289.89,275.57,5.064,2026,8,3,2026-08,False
2026-08-07,ITC,285.0,286.1,284.4,286.1,6128841,0.07,282.94,284.9,319.5,52.163,0.2987,-0.3659,0.6646,290.24,275.65,5.157,2026,8,3,2026-08,False
2026-08-10,ITC,286.1,286.1,281.4,282.65,9347929,-1.206,283.09,284.96,318.95,45.937,0.0682,-0.2791,0.3473,290.23,275.96,5.039,2026,8,3,2026-08,False
2026-08-11,ITC,282.0,282.6,278.0,279.0,13053722,-1.291,283.27,284.88,318.36,40.437,-0.4043,-0.3041,-0.1002,289.77,276.76,4.592,2026,8,3,2026-08,False
2026-08-12,ITC,279.0,279.55,275.4,276.15,12630816,-1.022,283.24,284.86,317.75,36.739,-0.9973,-0.4428,-0.5545,289.86,276.63,4.67,2026,8,3,2026-08,False
2026-08-13,ITC,276.2,278.5,276.05,278.5,11335590,0.851,283.2,284.83,317.14,41.491,-1.2631,-0.6068,-0.6562,289.93,276.47,4.752,2026,8,3,2026-08,False
2026-08-14,ITC,278.35,278.35,275.95,278.2,7338537,-0.108,283.08,284.78,316.54,41.067,-1.4808,-0.7816,-0.6992,290.09,276.06,4.953,2026,8,3,2026-08,False
2026-08-17,ITC,278.2,278.2,273.0,273.05,12795275,-1.851,282.59,284.65,315.89,34.54,-2.0453,-1.0344,-1.011,290.92,274.27,5.892,2026,8,3,2026-08,False
2026-08-18,ITC,273.05,273.65,269.15,270.0,14222864,-1.117,282.04,284.45,315.25,31.361,-2.7077,-1.369,-1.3386,292.09,272.0,7.122,2026,8,3,2026-08,False
2026-08-19,ITC,270.0,270.95,265.85,267.05,13821291,-1.093,281.35,284.12,314.58,28.618,-3.431,-1.7814,-1.6496,293.43,269.28,8.586,2026,8,3,2026-08,False
2026-08-20,ITC,268.2,271.65,265.0,271.65,28272797,1.723,280.87,283.9,313.96,37.761,-3.5917,-2.1435,-1.4482,293.71,268.04,9.139,2026,8,3,2026-08,False
2026-08-21,ITC,271.6,271.6,269.0,269.4,8312928,-0.828,280.17,283.59,313.36,35.374,-3.8562,-2.486,-1.3702,293.92,266.42,9.813,2026,8,3,2026-08,False
