Date,Ticker,Open,High,Low,Close,Volume,Daily_Return_Pct,MA20,MA50,MA200,RSI_14,MACD,MACD_Signal,MACD_Hist,BB_Upper,BB_Lower,BB_Width,Year,Month,Quarter,Year_Month,Price_Repaired
2003-05-08,JSWSTEEL,8.28808,8.46075,7.68374,7.85641,187943,,,,,,0.0,0.0,0.0,,,,2003,5,2,2003-05,False
2003-05-09,JSWSTEEL,8.02908,8.11542,7.85641,8.11542,114799,3.2967,,,,,0.0206614,0.00413228,0.0165291,,,,2003,5,2,2003-05,False
2003-05-12,JSWSTEEL,8.11541,8.89242,8.11541,8.63342,752170,6.3829,,,,,0.0779358,0.018893,0.0590428,,,,2003,5,2,2003-05,False
2003-05-13,JSWSTEEL,8.89242,8.97876,8.54709,8.63342,526229,0.0,,,,,0.121921,0.0394985,0.0824222,,,,2003,5,2,2003-05,False
2003-05-14,JSWSTEEL,8.80609,9.92843,8.63342,9.41043,797615,9.0,,,,,0.216976,0.074994,0.141982,,,,2003,5,2,2003-05,False
2003-05-15,JSWSTEEL,9.49676,9.66943,9.32409,9.41043,868012,0.0,,,,,0.288977,0.117791,0.171186,,,,2003,5,2,2003-05,False
2003-05-16,JSWSTEEL,9.49676,9.66943,9.15143,9.32409,446810,-0.9174,,,,,0.335207,0.161274,0.173934,,,,2003,5,2,2003-05,False
2003-05-19,JSWSTEEL,9.49676,9.5831,9.06509,9.15143,445551,-1.8519,,,,,0.353834,0.199786,0.154048,,,,2003,5,2,2003-05,False
2003-05-20,JSWSTEEL,9.06509,9.23776,8.80609,8.89242,262185,-2.8302,,,,,0.343734,0.228576,0.115158,,,,2003,5,2,2003-05,False
2003-05-21,JSWSTEEL,9.06509,9.8421,8.97876,9.66943,598363,8.7379,,,,,0.393887,0.261638,0.132249,,,,2003,5,2,2003-05,False
2003-05-22,JSWSTEEL,9.92843,10.4464,9.41043,10.3601,1612429,7.1428,,,,,0.483789,0.306068,0.177721,,,,2003,5,2,2003-05,False
2003-05-23,JSWSTEEL,10.7054,10.8781,10.3601,10.7918,904729,4.1666,,,,,0.583146,0.361484,0.221663,,,,2003,5,2,2003-05,False
2003-05-26,JSWSTEEL,10.9644,11.5688,10.8781,11.3961,1251600,5.6,,,,,0.702555,0.429698,0.272857,,,,2003,5,2,2003-05,False
2003-05-27,JSWSTEEL,11.7415,11.7415,10.7918,10.8781,1049293,-4.5454,,,,,0.74678,0.493114,0.253665,,,,2003,5,2,2003-05,False
2003-05-28,JSWSTEEL,11.2234,11.3098,10.8781,11.0508,574205,1.5873,,,,80.3279,0.786692,0.55183,0.234862,,,,2003,5,2,2003-05,False
2003-05-29,JSWSTEEL,11.2234,11.6551,11.1371,11.4824,1040854,3.9063,,,,81.9236,0.843433,0.610151,0.233283,,,,2003,5,2,2003-05,False
2003-05-30,JSWSTEEL,11.5688,12.1731,11.5688,11.8278,1371874,3.0075,,,,83.1043,0.905825,0.669285,0.236539,,,,2003,5,2,2003-05,False
2003-06-02,JSWSTEEL,12.0005,12.6911,11.9141,12.1731,1529006,2.9197,,,,84.2146,0.971933,0.729815,0.242118,,,,2003,6,2,2003-06,False
2003-06-03,JSWSTEEL,12.4321,12.5185,11.6551,11.8278,894201,-2.8369,,,,78.6484,0.985102,0.780872,0.20423,,,,2003,6,2,2003-06,False
2003-06-04,JSWSTEEL,12.0868,12.2595,11.8278,12.0868,810372,2.1898,10.1486,,,79.7305,1.00486,0.825669,0.179186,12.9465,7.35063,55.1398,2003,6,2,2003-06,False
2003-06-05,JSWSTEEL,11.9141,12.3458,11.8278,11.8278,815897,-2.1429,10.3472,,,75.6041,0.988218,0.858179,0.13004,13.0211,7.6732,51.6849,2003,6,2,2003-06,False
2003-06-06,JSWSTEEL,11.8278,12.1731,11.7415,11.8278,473320,0.0,10.5328,,,75.6041,0.963922,0.879327,0.0845947,13.0661,7.99941,48.1044,2003,6,2,2003-06,False
2003-06-09,JSWSTEEL,12.0005,13.0365,11.7415,12.8638,2252565,8.7591,10.7443,,,80.3273,1.01655,0.906771,0.109775,13.3161,8.17252,47.8723,2003,6,2,2003-06,False
2003-06-10,JSWSTEEL,13.1228,13.3818,11.7415,11.9141,3064916,-7.3825,10.9083,,,67.4383,0.970434,0.919504,0.0509303,13.3272,8.48949,44.3484,2003,6,2,2003-06,False
2003-06-11,JSWSTEEL,12.2595,12.7775,12.0868,12.1731,1080908,2.1739,11.0465,,,68.9038,0.943908,0.924385,0.0195237,13.4202,8.67268,42.9781,2003,6,2,2003-06,False
2003-06-12,JSWSTEEL,12.1731,12.7775,12.1731,12.4321,1091158,2.1277,11.1975,,,70.3413,0.933031,0.926114,0.00691673,13.5169,8.87818,41.4263,2003,6,2,2003-06,False
2003-06-13,JSWSTEEL,13.1228,13.1228,12.2595,12.3458,513633,-0.6945,11.3486,,,69.193,0.906988,0.922289,-0.0153006,13.5445,9.15272,38.6991,2003,6,2,2003-06,False
2003-06-16,JSWSTEEL,12.5185,12.5185,12.0005,12.1731,494274,-1.3986,11.4997,,,66.8429,0.862474,0.910326,-0.0478515,13.4625,9.5369,34.1368,2003,6,2,2003-06,False
2003-06-17,JSWSTEEL,12.4321,12.4321,12.0868,12.1731,397431,0.0,11.6638,,,66.8429,0.81777,0.891815,-0.0740445,13.2141,10.1134,26.5845,2003,6,2,2003-06,False
2003-06-18,JSWSTEEL,12.2595,12.3458,12.0005,12.0868,771932,-0.7092,11.7846,,,65.5519,0.766539,0.86676,-0.10022,13.0266,10.5426,21.0779,2003,6,2,2003-06,False
2003-06-19,JSWSTEEL,12.0868,12.5185,12.0868,12.2595,876131,1.4286,11.8796,,,66.9277,0.731439,0.839696,-0.108256,12.9401,10.819,17.8552,2003,6,2,2003-06,False
2003-06-20,JSWSTEEL,12.2595,12.6048,12.1731,12.4321,978983,1.4085,11.9616,,,68.2916,0.709378,0.813632,-0.104254,12.9164,11.0068,15.9642,2003,6,2,2003-06,False
2003-06-23,JSWSTEEL,12.5185,13.3818,12.3458,12.6911,2939241,2.0833,12.0264,,,70.2719,0.704671,0.79184,-0.087169,12.9952,11.0575,16.1122,2003,6,2,2003-06,False
2003-06-24,JSWSTEEL,12.6911,14.5041,12.6911,14.3315,4740127,12.9252,12.199,,,79.1525,0.823807,0.798233,0.0255733,13.4852,10.9129,21.0864,2003,6,2,2003-06,False
2003-06-25,JSWSTEEL,15.2812,15.4538,14.4178,15.0222,4424727,4.8193,12.3976,,,81.6395,0.962855,0.831158,0.131697,14.0972,10.698,27.4178,2003,6,2,2003-06,False
2003-06-26,JSWSTEEL,15.3675,15.6265,14.8495,14.9358,2194324,-0.5747,12.5703,,,80.3491,1.05394,0.875713,0.178223,14.556,10.5846,31.5937,2003,6,2,2003-06,False
2003-06-27,JSWSTEEL,15.1948,15.3675,14.3315,15.1948,2389118,1.7341,12.7386,,,81.3038,1.13395,0.92736,0.206586,15.0097,10.4675,35.6566,2003,6,2,2003-06,False
2003-06-30,JSWSTEEL,16.4035,16.5762,15.4538,16.1445,2949997,6.25,12.9372,,,84.3131,1.25947,0.993781,0.265686,15.6513,10.223,41.9588,2003,6,2,2003-06,False
2003-07-01,JSWSTEEL,16.5762,17.9575,15.9718,17.6122,4565927,9.0909,13.2264,,,87.6276,1.46054,1.08713,0.373405,16.5963,9.85647,50.9577,2003,7,3,2003-07,False
2003-07-02,JSWSTEEL,18.1302,21.1519,18.1302,20.1159,9536891,14.2157,13.6279,,,91.0872,1.80115,1.22994,0.571215,18.1442,9.11155,66.2805,2003,7,3,2003-07,False
2003-07-03,JSWSTEEL,20.3749,21.4109,19.0799,19.5115,4809379,-3.0043,14.012,,,84.915,1.99928,1.3838,0.615474,19.1483,8.87576,73.3123,2003,7,3,2003-07,False
2003-07-04,JSWSTEEL,17.5258,19.8569,17.5258,18.9935,3379276,-2.6549,14.3703,,,79.9162,2.0904,1.52512,0.565277,19.8531,8.88757,76.3067,2003,7,3,2003-07,False
2003-07-07,JSWSTEEL,19.8569,20.3749,18.6482,20.1159,3654417,5.9091,14.7329,,,82.3417,2.2275,1.6656,0.561903,20.7312,8.73468,81.4264,2003,7,3,2003-07,False
2003-07-08,JSWSTEEL,20.6339,20.7202,19.0799,19.3389,2624569,-3.8627,15.1042,,,75.5401,2.24755,1.78199,0.46556,21.2841,8.92419,81.8314,2003,7,3,2003-07,False
2003-07-09,JSWSTEEL,19.2525,19.6842,18.3892,18.6482,2894077,-3.5714,15.4279,,,70.0047,2.18255,1.8621,0.320446,21.6397,9.21613,80.5267,2003,7,3,2003-07,False
2003-07-10,JSWSTEEL,18.8209,19.0799,18.2165,18.3892,1788381,-1.3889,15.7258,,,67.9925,2.08609,1.9069,0.179187,21.9039,9.54762,78.5736,2003,7,3,2003-07,False
2003-07-11,JSWSTEEL,18.3028,19.3389,18.3028,18.3892,1829012,0.0,16.0279,,,67.9925,1.98674,1.92287,0.0638708,22.1003,9.9556,75.772,2003,7,3,2003-07,False
2003-07-14,JSWSTEEL,18.9935,19.3389,18.3028,18.9072,2215126,2.8169,16.3646,,,69.9931,1.92758,1.92381,0.00377203,22.2818,10.4475,72.3166,2003,7,3,2003-07,False
2003-07-15,JSWSTEEL,18.9072,19.4252,17.9575,18.8209,2406232,-0.4566,16.697,,,69.2166,1.85238,1.90952,-0.0571433,22.3644,11.0297,67.8849,2003,7,3,2003-07,False
2003-07-16,JSWSTEEL,18.9072,19.6842,18.6482,19.5115,3095117,3.6698,17.0683,13.3231,,71.9021,1.82745,1.89311,-0.0656594,22.4285,11.7081,62.8092,2003,7,3,2003-07,False
2003-07-17,JSWSTEEL,19.8569,20.3749,18.9935,19.1662,3804016,-1.7699,17.4136,13.5493,,68.676,1.75954,1.86639,-0.106853,22.3419,12.4853,56.6028,2003,7,3,2003-07,False
2003-07-18,JSWSTEEL,19.2525,19.4252,18.3029,18.7345,2426476,-2.2522,17.7287,13.7617,,64.7644,1.65185,1.82349,-0.171635,22.0891,13.3683,49.1901,2003,7,3,2003-07,False
2003-07-21,JSWSTEEL,19.3389,19.8569,17.7848,17.9575,1584932,-4.1475,17.992,13.9482,,58.3246,1.48667,1.75612,-0.269453,21.6512,14.3329,40.6754,2003,7,3,2003-07,False
2003-07-22,JSWSTEEL,17.7848,17.8712,17.3532,17.5258,1800537,-2.4038,18.1518,14.126,,55.0498,1.30588,1.66607,-0.360196,21.3932,14.9103,35.7147,2003,7,3,2003-07,False
2003-07-23,JSWSTEEL,17.9575,18.3892,17.5258,17.6985,1770111,0.9852,18.2856,14.2918,,56.1113,1.16312,1.56548,-0.40236,21.186,15.3851,31.724,2003,7,3,2003-07,False
2003-07-24,JSWSTEEL,17.8712,18.1302,17.5258,17.6122,902192,-0.4878,18.4194,14.4558,,55.4067,1.03114,1.45861,-0.427477,20.8832,15.9556,26.7525,2003,7,3,2003-07,False
2003-07-25,JSWSTEEL,17.8712,19.6842,17.6985,19.3389,3856860,9.8039,18.6266,14.6561,,64.8997,1.05372,1.37764,-0.323916,20.596,16.6572,21.1463,2003,7,3,2003-07,False
2003-07-28,JSWSTEEL,20.7202,20.8929,19.7705,19.9432,3935937,3.125,18.8165,14.8719,,67.5069,1.10761,1.32363,-0.216018,20.4883,17.1448,17.7686,2003,7,3,2003-07,False
2003-07-29,JSWSTEEL,20.1159,20.3749,19.3389,20.2022,2669416,1.2987,18.946,15.0981,,68.584,1.15788,1.29048,-0.132604,20.6262,17.2659,17.7361,2003,7,3,2003-07,False
2003-07-30,JSWSTEEL,20.5475,20.6339,19.8569,19.8569,2175673,-1.7094,18.9331,15.3019,,65.468,1.15651,1.26369,-0.107174,20.5789,17.2873,17.3856,2003,7,3,2003-07,False
2003-07-31,JSWSTEEL,20.0295,20.2885,19.2525,19.3389,1676386,-2.6087,18.9245,15.4814,,60.9918,1.10094,1.23114,-0.130195,20.5593,17.2896,17.2773,2003,7,3,2003-07,False
2003-08-01,JSWSTEEL,18.4755,19.5979,17.7848,19.1662,1566306,-0.8929,18.9331,15.6489,,59.5307,1.03108,1.19113,-0.160043,20.5713,17.2949,17.3049,2003,8,3,2003-08,False
2003-08-04,JSWSTEEL,19.1662,19.6842,18.9072,19.3389,2064377,0.9009,18.8942,15.8078,,60.5485,0.978376,1.14858,-0.170201,20.449,17.3394,16.4579,2003,8,3,2003-08,False
2003-08-05,JSWSTEEL,19.5115,19.6842,18.5619,18.6482,1555648,-3.5714,18.8597,15.9632,,54.6299,0.870834,1.09303,-0.222194,20.4036,17.3158,16.372,2003,8,3,2003-08,False
2003-08-06,JSWSTEEL,18.0438,19.3389,18.0438,18.8209,1668336,0.9259,18.8683,16.1186,,55.7933,0.790427,1.03251,-0.242081,20.4091,17.3275,16.3322,2003,8,3,2003-08,False
2003-08-07,JSWSTEEL,18.9072,19.8569,18.9072,19.5979,1522376,4.1285,18.9288,16.2809,,60.6795,0.780406,0.982087,-0.201681,20.4852,17.3724,16.4449,2003,8,3,2003-08,False
2003-08-08,JSWSTEEL,20.2022,20.5475,19.6842,20.4612,3677821,4.4053,19.0324,16.4536,,65.2725,0.832533,0.952177,-0.119644,20.7088,17.356,17.6163,2003,8,3,2003-08,False
2003-08-11,JSWSTEEL,20.5475,22.7922,20.3749,22.2742,10334873,8.8608,19.2007,16.6556,,72.5294,1.00851,0.963444,0.0450693,21.4144,16.9871,23.0579,2003,8,3,2003-08,False
2003-08-12,JSWSTEEL,22.7059,26.0729,22.7059,25.6413,16496805,15.1163,19.5417,16.9319,,80.6263,1.40349,1.05145,0.352039,23.1629,15.9206,37.0609,2003,8,3,2003-08,False
2003-08-13,JSWSTEEL,26.5909,30.8213,25.5549,29.44,17163006,14.8148,20.0382,17.2789,,85.7349,1.99998,1.24116,0.758825,25.7567,14.3197,57.0762,2003,8,3,2003-08,False
2003-08-14,JSWSTEEL,31.8573,35.397,31.771,35.3107,24814366,19.9414,20.8454,17.7486,,90.0858,2.91285,1.5755,1.33735,29.7281,11.9627,85.2249,2003,8,3,2003-08,False
2003-08-15,JSWSTEEL,35.3107,35.3107,35.3107,35.3107,0,0.0,21.6742,18.2182,,90.0858,3.59486,1.97937,1.61549,32.5886,10.7598,100.7133,2003,8,3,2003-08,False
2003-08-18,JSWSTEEL,37.8144,38.8504,36.7784,38.8504,1504877,10.0244,22.7188,18.738,,91.8286,4.37061,2.45762,1.91299,35.8995,9.53815,116.0332,2003,8,3,2003-08,False
2003-08-19,JSWSTEEL,42.7354,42.7354,34.9654,34.9654,14141211,-10.0,23.5908,19.199,,76.0309,4.61866,2.88983,1.72883,37.606,9.57561,118.8192,2003,8,3,2003-08,False
2003-08-20,JSWSTEEL,33.6703,35.656,31.512,31.5983,10918428,-9.6296,24.2858,19.5875,,65.5119,4.49177,3.21021,1.28155,38.4485,10.1231,116.6335,2003,8,3,2003-08,False
2003-08-21,JSWSTEEL,31.3393,33.584,29.5263,30.5623,9189771,-3.2787,24.9333,19.9501,,62.6402,4.25852,3.41988,0.838647,38.9951,10.8715,112.7952,2003,8,3,2003-08,False
2003-08-22,JSWSTEEL,31.771,32.289,29.6126,30.6486,7047603,0.2825,25.4988,20.3162,,62.7866,4.03414,3.54273,0.491408,39.5229,11.4747,109.9981,2003,8,3,2003-08,False
2003-08-25,JSWSTEEL,31.253,31.771,27.6269,27.6269,6524288,-9.8592,25.883,20.6252,,54.7066,3.57132,3.54845,0.0228695,39.6855,12.0805,106.6532,2003,8,3,2003-08,False
2003-08-26,JSWSTEEL,26.4183,30.3896,26.4183,30.3896,11850398,10.0,26.3924,20.9896,,59.8003,3.38839,3.51644,-0.128042,40.0635,12.7213,103.5989,2003,8,3,2003-08,False
2003-08-27,JSWSTEEL,32.807,33.4113,29.7853,30.3896,8512264,0.0,26.919,21.3556,,59.8003,3.20646,3.45444,-0.247977,40.3392,13.4988,99.7083,2003,8,3,2003-08,False
2003-08-28,JSWSTEEL,30.994,31.0803,28.663,28.922,3214951,-4.8295,27.3982,21.6889,,55.9253,2.91031,3.34561,-0.435308,40.3552,14.4411,94.5831,2003,8,3,2003-08,False
2003-08-29,JSWSTEEL,29.44,31.4257,27.1953,29.2673,9800511,1.194,27.9032,22.0256,,56.6373,2.67266,3.21102,-0.538366,40.2838,15.5226,88.7396,2003,8,3,2003-08,False
2003-09-01,JSWSTEEL,29.3536,29.7853,27.1953,27.4543,4890866,-6.1947,28.309,22.3208,,51.8973,2.31138,3.03109,-0.719716,40.0217,16.5963,82.7488,2003,9,3,2003-09,False
2003-09-02,JSWSTEEL,27.7133,27.9723,26.4183,26.6773,2586017,-2.8302,28.7104,22.5678,,49.9672,1.94,2.81287,-0.872875,39.5465,17.8744,75.4851,2003,9,3,2003-09,False
2003-09-03,JSWSTEEL,26.5909,28.2313,25.1232,25.7276,9297223,-3.5599,29.0558,22.7819,,47.6354,1.55117,2.56053,-1.00937,38.9654,19.1462,68.211,2003,9,3,2003-09,False
2003-09-04,JSWSTEEL,25.7276,27.6269,25.6413,26.3319,6698459,2.349,29.3925,23.0098,,49.2582,1.27706,2.30384,-1.02678,38.3621,20.4229,61.0331,2003,9,3,2003-09,False
2003-09-05,JSWSTEEL,27.1089,27.4543,26.1593,27.1089,4066289,2.9508,29.7249,23.2481,,51.3459,1.10973,2.06502,-0.955283,37.7431,21.7066,53.9499,2003,9,3,2003-09,False
2003-09-08,JSWSTEEL,27.6269,27.8859,25.9003,26.0729,4017637,-3.8217,29.9148,23.4466,,48.4817,0.883348,1.82868,-0.945336,37.3486,22.481,49.7,2003,9,3,2003-09,False
2003-09-09,JSWSTEEL,26.3319,26.5909,24.1736,24.3462,4867939,-6.6225,29.8501,23.5813,,44.0693,0.558171,1.57458,-1.01641,37.4611,22.239,50.9949,2003,9,3,2003-09,False
2003-09-10,JSWSTEEL,24.1736,24.2599,22.0152,23.8282,7472892,-2.1277,29.5695,23.6556,,42.8105,0.255719,1.31081,-1.05509,37.6438,21.4951,54.6126,2003,9,3,2003-09,False
2003-09-11,JSWSTEEL,23.8282,25.0369,23.3966,23.8282,4709365,0.0,28.9953,23.7419,,42.8105,0.0158412,1.05182,-1.03597,36.9833,21.0074,55.0979,2003,9,3,2003-09,False
2003-09-12,JSWSTEEL,24.4326,24.4326,22.7922,22.9649,2685992,-3.6232,28.3781,23.8213,,40.5706,-0.241148,0.793223,-1.03437,36.2178,20.5383,55.2523,2003,9,3,2003-09,False
2003-09-15,JSWSTEEL,23.4829,23.4829,21.9289,22.1879,3824831,-3.3835,27.5449,23.8628,,38.6124,-0.501729,0.534232,-1.03596,34.1417,20.9481,47.8986,2003,9,3,2003-09,False
2003-09-16,JSWSTEEL,22.3606,24.4326,21.8426,24.4326,5140702,10.1167,27.0183,23.9646,,46.6269,-0.521106,0.323165,-0.844271,32.7452,21.2914,42.3927,2003,9,3,2003-09,False
2003-09-17,JSWSTEEL,25.3823,26.5046,24.7779,25.1232,8858714,2.8268,26.6945,24.0941,,48.8401,-0.475253,0.163481,-0.638734,32.0514,21.3377,40.1345,2003,9,3,2003-09,False
2003-09-18,JSWSTEEL,25.5549,25.5549,23.3102,23.4829,4611976,-6.5292,26.3406,24.196,,44.1568,-0.564766,0.0178318,-0.582598,31.555,21.1261,39.5925,2003,9,3,2003-09,False
2003-09-19,JSWSTEEL,24.0009,24.6916,23.0512,23.7419,4165629,1.1029,25.9952,24.3031,,45.0528,-0.6078,-0.107294,-0.500505,30.9149,21.0756,37.8502,2003,9,3,2003-09,False
2003-09-22,JSWSTEEL,23.8282,23.8282,21.7562,22.7059,3155284,-4.3637,25.7492,24.3791,,42.1404,-0.717234,-0.229282,-0.487952,30.8152,20.6831,39.3494,2003,9,3,2003-09,False
2003-09-23,JSWSTEEL,22.4469,25.0369,22.3606,24.6052,4275938,8.365,25.46,24.4947,,48.6891,-0.643285,-0.312083,-0.331202,30.0485,20.8714,36.0453,2003,9,3,2003-09,False
2003-09-24,JSWSTEEL,25.7276,25.7276,23.3102,24.0872,4261986,-2.1052,25.1448,24.5863,,47.1227,-0.619338,-0.373534,-0.245804,29.1345,21.1552,31.7334,2003,9,3,2003-09,False
2003-09-25,JSWSTEEL,23.8282,25.8139,23.3966,25.0369,6675203,3.9426,24.9506,24.7037,,50.2809,-0.517761,-0.402379,-0.115382,28.5223,21.3788,28.6306,2003,9,3,2003-09,False
2003-09-26,JSWSTEEL,25.2096,26.3319,24.8642,25.4686,6033306,1.7242,24.7606,24.8383,,51.6932,-0.397842,-0.401472,0.00362979,27.7168,21.8045,23.8782,2003,9,3,2003-09,False
2003-09-29,JSWSTEEL,26.1593,27.7996,24.3462,24.6052,6068109,-3.3899,24.6182,24.9713,,48.7128,-0.368226,-0.394823,0.0265969,27.2886,21.9478,21.6948,2003,9,3,2003-09,False
2003-09-30,JSWSTEEL,24.6916,24.9506,24.4326,24.7779,2283323,0.7018,24.5232,25.1163,,49.3419,-0.327052,-0.381269,0.0542169,27.0144,22.032,20.317,2003,9,3,2003-09,False
2003-10-01,JSWSTEEL,24.5189,25.0369,24.0872,24.1736,2637903,-2.439,24.4455,25.2458,,47.1615,-0.339275,-0.37287,0.0335952,26.8747,22.0163,19.8743,2003,10,4,2003-10,False
2003-10-02,JSWSTEEL,24.1736,24.1736,24.1736,24.1736,0,0.0,24.3376,25.3771,,47.1615,-0.344984,-0.367293,0.0223082,26.6,22.0752,18.5916,2003,10,4,2003-10,False
2003-10-03,JSWSTEEL,24.7779,25.0369,24.1736,24.3462,2740066,0.7143,24.1995,25.4772,,47.924,-0.331752,-0.360185,0.0284323,26.0491,22.3498,15.2865,2003,10,4,2003-10,False
2003-10-06,JSWSTEEL,24.6916,25.0369,24.2599,24.5189,3865954,0.7092,24.1218,25.5687,,48.721,-0.303831,-0.348914,0.045083,25.7583,22.4852,13.569,2003,10,4,2003-10,False
2003-10-07,JSWSTEEL,24.9506,26.3319,24.5189,25.4686,8122076,3.8732,24.1779,25.6741,,52.9829,-0.202735,-0.319678,0.116943,25.9204,22.4354,14.4139,2003,10,4,2003-10,False
2003-10-08,JSWSTEEL,25.9003,25.9003,24.5189,24.8643,3665967,-2.3729,24.2297,25.7742,,50.1277,-0.169427,-0.289628,0.1202,25.9899,22.4695,14.5296,2003,10,4,2003-10,False
2003-10-09,JSWSTEEL,24.6916,25.5549,24.3462,25.1232,2066277,1.0416,24.2944,25.8899,,51.338,-0.12074,-0.25585,0.13511,26.0875,22.5014,14.7608,2003,10,4,2003-10,False
2003-10-10,JSWSTEEL,25.3822,26.3319,25.1232,25.2096,3961200,0.3436,24.4067,26.0108,,51.7582,-0.0743324,-0.219547,0.145214,26.1289,22.6845,14.1127,2003,10,4,2003-10,False
2003-10-13,JSWSTEEL,25.7276,25.9003,25.2959,25.7276,2537363,2.0548,24.5837,26.1385,,54.308,0.00419672,-0.174798,0.178995,26.0551,23.1122,11.9707,2003,10,4,2003-10,False
2003-10-14,JSWSTEEL,26.0729,28.3176,25.5549,27.1089,14321461,5.3692,24.7175,26.3078,,60.3296,0.175868,-0.104665,0.280533,26.5688,22.8662,14.9799,2003,10,4,2003-10,False
2003-10-15,JSWSTEEL,27.1953,29.0946,26.7636,28.0586,10191482,3.5031,24.8642,26.4925,,63.8561,0.384121,-0.00690761,0.391029,27.2417,22.4868,19.1233,2003,10,4,2003-10,False
2003-10-16,JSWSTEEL,28.404,29.0946,28.0586,28.404,5878289,1.2308,25.1103,26.6686,,65.0721,0.570454,0.108565,0.461889,27.8732,22.3475,22.0057,2003,10,4,2003-10,False
2003-10-17,JSWSTEEL,28.4903,30.0443,27.7996,29.6126,8842415,4.2553,25.4038,26.8517,,69.0027,0.806359,0.248124,0.558236,28.7421,22.0656,26.2815,2003,10,4,2003-10,False
2003-10-20,JSWSTEEL,30.0443,31.9436,29.6126,30.1306,12842214,1.7492,25.7751,27.0088,,70.5331,1.02332,0.403162,0.620155,29.4811,22.069,28.757,2003,10,4,2003-10,False
2003-10-21,JSWSTEEL,32.9797,32.9797,27.1089,27.1089,17642588,-10.0286,25.9003,27.0381,,53.8351,0.940591,0.510648,0.429943,29.6091,22.1914,28.6393,2003,10,4,2003-10,False
2003-10-22,JSWSTEEL,27.6269,28.7493,24.4326,25.2096,12150073,-7.0064,25.9564,26.9535,,46.3993,0.713542,0.551227,0.162315,29.5828,22.33,27.9421,2003,10,4,2003-10,False
2003-10-23,JSWSTEEL,25.9003,26.4183,24.5189,24.6916,7918877,-2.0548,25.9391,26.7412,,44.5904,0.486201,0.538222,-0.0520209,29.5871,22.2911,28.1276,2003,10,4,2003-10,False
2003-10-24,JSWSTEEL,24.7779,24.8642,23.6556,24.5189,4370283,-0.6993,25.8916,26.5253,,43.975,0.28877,0.488331,-0.199562,29.5898,22.1934,28.5667,2003,10,4,2003-10,False
2003-10-27,JSWSTEEL,24.9506,25.0369,23.4829,23.7419,2648380,-3.169,25.8485,26.2232,,41.2181,0.068813,0.404428,-0.335615,29.6291,22.0678,29.2524,2003,10,4,2003-10,False
2003-10-28,JSWSTEEL,24.0872,24.0872,22.9649,23.0512,2611147,-2.9091,25.7621,25.9849,,38.8845,-0.159398,0.291662,-0.451061,29.7204,21.8039,30.7294,2003,10,4,2003-10,False
2003-10-29,JSWSTEEL,23.5692,23.5692,22.7922,23.1376,1749566,0.3745,25.7103,25.8157,,39.3468,-0.329493,0.167431,-0.496924,29.7816,21.639,31.6706,2003,10,4,2003-10,False
2003-10-30,JSWSTEEL,23.4829,24.0872,22.8786,23.4829,2854916,1.4925,25.6758,25.6741,,41.2606,-0.431455,0.0476541,-0.479109,29.8132,21.5384,32.2278,2003,10,4,2003-10,False
2003-10-31,JSWSTEEL,23.4829,23.8282,22.7922,23.1376,1977525,-1.4706,25.6154,25.5238,,39.9046,-0.533971,-0.0686709,-0.4653,29.8682,21.3625,33.2054,2003,10,4,2003-10,False
2003-11-03,JSWSTEEL,23.4829,23.4829,21.6699,21.8426,3067620,-5.597,25.4815,25.4082,,35.229,-0.711511,-0.197239,-0.514272,30.0373,20.9258,35.7572,2003,11,4,2003-11,False
2003-11-04,JSWSTEEL,21.9289,23.9146,21.2382,23.3102,5372553,6.7194,25.3736,25.2666,,43.3328,-0.72542,-0.302875,-0.422545,30.0318,20.7155,36.7164,2003,11,4,2003-11,False
2003-11-05,JSWSTEEL,24.1736,24.1736,22.7922,23.1376,2288136,-0.7407,25.2873,25.1215,,42.6566,-0.741825,-0.390665,-0.35116,30.0481,20.5265,37.6534,2003,11,4,2003-11,False
2003-11-06,JSWSTEEL,23.3102,25.2959,23.1376,24.7779,5894633,7.0895,25.27,25.0386,,50.5509,-0.615371,-0.435606,-0.179764,30.0358,20.5042,37.7188,2003,11,4,2003-11,False
2003-11-07,JSWSTEEL,25.0369,25.9003,24.1736,24.4326,3637940,-1.3937,25.2312,24.942,,49.0209,-0.536832,-0.455851,-0.0809803,30.0117,20.4507,37.8936,2003,11,4,2003-11,False
2003-11-10,JSWSTEEL,24.4326,25.0369,24.2599,24.4326,1326905,0.0,25.1664,24.8815,,49.0209,-0.469181,-0.458517,-0.0106633,29.9537,20.3792,38.0448,2003,11,4,2003-11,False
2003-11-11,JSWSTEEL,24.6052,25.2096,24.3462,24.6052,2360184,0.7067,25.0412,24.8401,,49.9001,-0.397057,-0.446225,0.0491681,29.7448,20.3376,37.5668,2003,11,4,2003-11,False
2003-11-12,JSWSTEEL,25.0369,26.5909,25.0369,25.4686,5710756,3.5088,24.9117,24.8349,,54.1579,-0.267154,-0.410411,0.143257,29.4034,20.4201,36.0605,2003,11,4,2003-11,False
2003-11-13,JSWSTEEL,25.9003,26.2456,22.9649,23.3102,6994683,-8.4746,24.657,24.7745,,44.0737,-0.33451,-0.395231,0.0607204,28.8848,20.4293,34.2927,2003,11,4,2003-11,False
2003-11-14,JSWSTEEL,20.9792,21.8426,20.9792,20.9792,5519889,-10.0,24.2254,24.6519,,36.228,-0.569421,-0.430069,-0.139352,28.0682,20.3826,31.7255,2003,11,4,2003-11,False
2003-11-17,JSWSTEEL,21.8426,22.1016,20.6339,20.9792,4339256,0.0,23.7678,24.55,,36.228,-0.746979,-0.493451,-0.253528,26.728,20.8076,24.9091,2003,11,4,2003-11,False
2003-11-18,JSWSTEEL,21.1519,21.4972,20.4612,20.5475,2437956,-2.0576,23.4397,24.474,,34.8939,-0.912013,-0.577163,-0.33485,26.2932,20.5862,24.3475,2003,11,4,2003-11,False
2003-11-19,JSWSTEEL,20.7202,20.7202,20.0295,20.2022,1813908,-1.6807,23.1894,24.4015,,33.8209,-1.05847,-0.673424,-0.385045,26.2595,20.1192,26.4788,2003,11,4,2003-11,False
2003-11-20,JSWSTEEL,20.5475,21.3245,19.9432,20.0295,3039234,-0.8547,22.9563,24.3255,,33.27,-1.17493,-0.773725,-0.401201,26.2462,19.6663,28.6629,2003,11,4,2003-11,False
2003-11-21,JSWSTEEL,20.1159,20.2022,18.9935,19.5115,2075264,-2.5862,22.7059,24.2565,,31.6068,-1.2941,-0.877799,-0.416299,26.2476,19.1641,31.1968,2003,11,4,2003-11,False
2003-11-24,JSWSTEEL,20.2885,20.7202,19.6842,20.3749,3338956,4.4248,22.5375,24.2202,,37.2384,-1.30385,-0.96301,-0.34084,26.1903,18.8848,32.4149,2003,11,4,2003-11,False
2003-11-25,JSWSTEEL,21.0655,21.0655,19.9432,20.0295,1952136,-1.6949,22.3865,24.1321,,35.9628,-1.32418,-1.03524,-0.288936,26.1963,18.5766,34.0374,2003,11,4,2003-11,False
2003-11-26,JSWSTEEL,20.0295,20.0295,20.0295,20.0295,0,0.0,22.2311,24.0303,,35.9628,-1.32502,-1.0932,-0.231819,26.1635,18.2986,35.3781,2003,11,4,2003-11,False
2003-11-27,JSWSTEEL,20.3749,20.3749,19.7705,19.8569,1812593,-0.8621,22.0498,23.9577,,35.2623,-1.32435,-1.13943,-0.184919,26.0725,18.027,36.488,2003,11,4,2003-11,False
2003-11-28,JSWSTEEL,20.1159,20.2885,19.8569,19.9432,1549653,0.4348,21.89,23.8818,,35.9342,-1.30184,-1.17191,-0.129932,25.984,17.7961,37.4046,2003,11,4,2003-11,False
2003-12-01,JSWSTEEL,20.1159,20.6339,19.9432,20.2022,1918634,1.2987,21.808,23.8317,,38.0127,-1.24871,-1.18727,-0.0614431,25.9711,17.6449,38.1794,2003,12,4,2003-12,False
2003-12-02,JSWSTEEL,18.9935,20.6339,18.9935,20.0295,1124595,-0.8547,21.644,23.7402,,37.1474,-1.20663,-1.19114,-0.0154896,25.8164,17.4716,38.5547,2003,12,4,2003-12,False
2003-12-03,JSWSTEEL,20.2022,20.2885,19.6842,19.8569,1099066,-0.8621,21.4799,23.6556,,36.2586,-1.17369,-1.18765,0.0139652,25.663,17.2969,38.9488,2003,12,4,2003-12,False
2003-12-04,JSWSTEEL,19.5979,20.1159,19.4252,19.5979,1050918,-1.3043,21.2209,23.5468,,34.9093,-1.15516,-1.18115,0.0259937,25.1797,17.2622,37.3098,2003,12,4,2003-12,False
2003-12-05,JSWSTEEL,20.2022,20.2022,19.3389,19.4252,1040668,-0.8811,20.9706,23.4259,,34.0009,-1.14126,-1.17317,0.0319192,24.7009,17.2403,35.5765,2003,12,4,2003-12,False
2003-12-08,JSWSTEEL,19.1662,19.8569,19.0799,19.4252,900421,0.0,20.7202,23.3223,,34.0009,-1.11736,-1.16201,0.0446555,24.1306,17.3098,32.9185,2003,12,4,2003-12,False
2003-12-09,JSWSTEEL,19.8569,20.2022,19.5115,19.9432,1814638,2.6667,20.4871,23.2256,,39.4802,-1.04457,-1.13852,0.0939493,23.377,17.5972,28.2118,2003,12,4,2003-12,False
2003-12-10,JSWSTEEL,20.2022,21.0655,20.0295,20.3749,3236408,2.1645,20.2324,23.1497,,43.6766,-0.941213,-1.09906,0.157849,21.9226,18.5422,16.7078,2003,12,4,2003-12,False
2003-12-11,JSWSTEEL,20.8929,21.4109,20.4612,20.6339,1959944,1.2712,20.0986,23.0789,,46.0919,-0.828844,-1.04502,0.216174,21.0047,19.1925,9.0164,2003,12,4,2003-12,False
2003-12-12,JSWSTEEL,20.7202,21.0655,20.3749,20.8065,1291737,0.8368,20.09,23.0081,,47.702,-0.717587,-0.979532,0.261945,20.9634,19.2165,8.6955,2003,12,4,2003-12,False
2003-12-15,JSWSTEEL,20.9792,21.4972,20.6339,21.2382,1830811,2.0747,20.1029,22.9425,,51.5945,-0.587806,-0.901187,0.31338,21.0374,19.1684,9.2973,2003,12,4,2003-12,False
2003-12-16,JSWSTEEL,21.4109,21.4109,20.5475,20.7202,1739662,-2.439,20.1116,22.8475,,47.0674,-0.52075,-0.825099,0.30435,21.0663,19.1568,9.4949,2003,12,4,2003-12,False
2003-12-17,JSWSTEEL,20.9792,21.1519,20.3749,20.5475,1395242,-0.8333,20.1288,22.7611,,45.6301,-0.476052,-0.75529,0.279237,21.1028,19.1548,9.6775,2003,12,4,2003-12,False
2003-12-18,JSWSTEEL,20.6339,21.0655,20.4612,20.7202,1299351,0.8403,20.1634,22.6731,,47.3612,-0.421834,-0.688599,0.266765,21.1709,19.1558,9.994,2003,12,4,2003-12,False
2003-12-19,JSWSTEEL,20.8929,21.1519,20.3749,20.5475,1696354,-0.8333,20.2152,22.5798,,45.7911,-0.388322,-0.628543,0.240221,21.1875,19.2428,9.6202,2003,12,4,2003-12,False
2003-12-22,JSWSTEEL,20.7202,20.8065,20.5475,20.6339,990769,0.4202,20.2281,22.478,,46.7417,-0.350754,-0.572985,0.222232,21.2162,19.24,9.7696,2003,12,4,2003-12,False
2003-12-23,JSWSTEEL,20.7202,20.8065,20.2022,20.2885,1091938,-1.6736,20.2411,22.3416,,43.4587,-0.344871,-0.527363,0.182491,21.225,19.2571,9.7221,2003,12,4,2003-12,False
2003-12-24,JSWSTEEL,20.3749,21.4109,20.2022,20.9792,1921319,3.4042,20.2885,22.2,,50.8884,-0.281236,-0.478137,0.196901,21.32,19.2571,10.1679,2003,12,4,2003-12,False
2003-12-25,JSWSTEEL,20.9792,20.9792,20.9792,20.9792,0,0.0,20.3447,22.0515,,50.8884,-0.228174,-0.428145,0.199971,21.3991,19.2902,10.3658,2003,12,4,2003-12,False
2003-12-26,JSWSTEEL,21.1519,23.1376,21.1519,23.0512,4104515,9.8766,20.5001,21.9203,,66.2973,-0.0187114,-0.346258,0.327546,22.087,18.9131,15.4825,2003,12,4,2003-12,False
2003-12-29,JSWSTEEL,23.6556,24.9506,23.4829,24.3462,4092094,5.618,20.7073,21.8046,,72.1736,0.248917,-0.227223,0.47614,23.0382,18.3763,22.5134,2003,12,4,2003-12,False
2003-12-30,JSWSTEEL,24.9506,25.0369,22.8786,23.2239,3567758,-4.61,20.867,21.7269,,62.0723,0.366228,-0.108533,0.474761,23.4287,18.3052,24.5533,2003,12,4,2003-12,False
2003-12-31,JSWSTEEL,23.3102,23.4829,22.5332,22.7922,2244300,-1.8587,21.0137,21.6785,,58.6711,0.41953,-0.00292029,0.42245,23.6666,18.3609,25.2484,2003,12,4,2003-12,False
2004-01-01,JSWSTEEL,23.2239,23.6556,22.9649,23.2239,1566224,1.8939,21.195,21.6492,,60.974,0.490945,0.0958527,0.395092,23.9346,18.4555,25.8513,2004,1,1,2004-01,False
2004-01-02,JSWSTEEL,23.5692,24.3462,23.4829,23.9146,2408814,2.974,21.4195,21.6371,,64.3927,0.596398,0.195962,0.400436,24.2815,18.5576,26.7229,2004,1,1,2004-01,False
2004-01-05,JSWSTEEL,24.2599,25.5549,22.7059,23.0512,2236882,-3.6101,21.6008,21.6233,,57.6002,0.603352,0.27744,0.325912,24.3893,18.8123,25.8182,2004,1,1,2004-01,False
2004-01-06,JSWSTEEL,24.1736,24.1736,21.5836,21.9289,1918658,-4.8689,21.7001,21.6008,,50.1884,0.512392,0.32443,0.187962,24.3793,19.0209,24.6933,2004,1,1,2004-01,False
2004-01-07,JSWSTEEL,22.2742,22.2742,21.4109,21.9289,1513739,0.0,21.7778,21.5766,,50.1884,0.435288,0.346602,0.0886862,24.3844,19.1712,23.9378,2004,1,1,2004-01,False
2004-01-08,JSWSTEEL,22.4469,22.6196,20.7202,22.3606,1392862,1.9685,21.8641,21.5542,,52.8923,0.404353,0.358152,0.0462014,24.4251,19.3031,23.4266,2004,1,1,2004-01,False
2004-01-09,JSWSTEEL,22.6196,22.6196,21.4109,21.5835,2028358,-3.4749,21.903,21.5231,,47.8566,0.313525,0.349227,-0.0357014,24.4196,19.3863,22.9799,2004,1,1,2004-01,False
2004-01-12,JSWSTEEL,21.9289,21.9289,20.8065,20.8065,1423621,-3.6,21.8814,21.5024,,43.4062,0.176807,0.314743,-0.137936,24.4293,19.3335,23.2879,2004,1,1,2004-01,False
2004-01-13,JSWSTEEL,20.9792,21.6699,20.5475,21.0655,1958486,1.2448,21.8987,21.4575,,45.2345,0.0883384,0.269462,-0.181124,24.4179,19.3794,23.0082,2004,1,1,2004-01,False
2004-01-14,JSWSTEEL,21.2382,21.6699,20.9792,21.0655,1703475,0.0,21.9246,21.4161,,45.2345,0.0180184,0.219173,-0.201155,24.3955,19.4536,22.5405,2004,1,1,2004-01,False
2004-01-15,JSWSTEEL,21.2382,21.4972,20.5475,20.6339,1264346,-2.0492,21.9203,21.3332,,42.5759,-0.0717163,0.160995,-0.232712,24.4003,19.4402,22.6283,2004,1,1,2004-01,False
2004-01-16,JSWSTEEL,20.7202,21.0655,19.8569,20.2885,1446088,-1.6736,21.9073,21.2503,,40.524,-0.168752,0.0950459,-0.263798,24.4201,19.3945,22.94,2004,1,1,2004-01,False
2004-01-19,JSWSTEEL,20.3749,20.6339,19.9432,20.4612,1520964,0.8511,21.8987,21.1709,,42.0284,-0.22908,0.0302207,-0.259301,24.431,19.3664,23.1274,2004,1,1,2004-01,False
2004-01-20,JSWSTEEL,21.0655,22.5332,20.8065,22.2742,9137245,8.8608,21.998,21.1243,,54.9218,-0.129107,-0.00164473,-0.127462,24.4176,19.5783,21.9993,2004,1,1,2004-01,False
2004-01-21,JSWSTEEL,22.4469,22.7059,20.2022,20.3749,3605619,-8.5271,21.9677,21.0224,,43.905,-0.200824,-0.0414805,-0.159343,24.4551,19.4803,22.646,2004,1,1,2004-01,False
2004-01-22,JSWSTEEL,20.7202,21.1519,19.6842,19.8569,3779636,-2.5424,21.9116,20.9533,,41.4623,-0.296046,-0.0923937,-0.203653,24.5396,19.2836,23.9871,2004,1,1,2004-01,False
2004-01-23,JSWSTEEL,20.2885,21.2382,20.0295,20.8929,2424613,5.2174,21.8037,20.9516,,47.7264,-0.284632,-0.130841,-0.153791,24.4118,19.1956,23.9237,2004,1,1,2004-01,False
2004-01-26,JSWSTEEL,20.8929,20.8929,20.8929,20.8929,0,0.0,21.631,20.9499,,47.7264,-0.272446,-0.159162,-0.113283,23.9742,19.2879,21.6649,2004,1,1,2004-01,False
2004-01-27,JSWSTEEL,21.1519,21.3246,20.5475,20.8929,1471908,0.0,21.5145,20.9568,,47.7264,-0.259793,-0.179288,-0.0805047,23.7536,19.2753,20.8154,2004,1,1,2004-01,False
2004-01-28,JSWSTEEL,20.7202,21.1519,20.2885,20.3749,1087118,-2.4794,21.3936,20.9602,,44.7368,-0.288242,-0.201079,-0.087163,23.6031,19.1841,20.656,2004,1,1,2004-01,False
2004-01-29,JSWSTEEL,20.5475,20.7202,20.2022,20.4612,993914,0.4237,21.2555,20.9689,,45.3512,-0.300359,-0.220935,-0.0794242,23.3242,19.1868,19.465,2004,1,1,2004-01,False
2004-01-30,JSWSTEEL,20.6339,20.7202,19.8569,19.9432,886499,-2.5316,21.0569,20.9775,,42.3116,-0.347753,-0.246299,-0.101454,22.7853,19.3285,16.4166,2004,1,1,2004-01,False
2004-02-02,JSWSTEEL,19.9432,19.9432,19.9432,19.9432,0,0.0,20.9015,20.9689,,42.3116,-0.380921,-0.273223,-0.107698,22.4212,19.3818,14.5416,2004,2,1,2004-02,False
2004-02-03,JSWSTEEL,20.2885,20.2885,18.2165,18.5619,1583767,-6.9264,20.7332,20.9395,,35.0468,-0.512759,-0.32113,-0.191629,22.4996,18.9667,17.04,2004,2,1,2004-02,False
2004-02-04,JSWSTEEL,18.6482,19.1662,18.4755,19.0799,1605289,2.7907,20.5907,20.9205,,39.2586,-0.568886,-0.370681,-0.198204,22.4099,18.7715,17.6699,2004,2,1,2004-02,False
2004-02-05,JSWSTEEL,19.3389,19.9432,18.9935,19.1662,1698060,0.4525,20.431,20.9067,,39.9573,-0.59949,-0.416443,-0.183047,22.1543,18.7077,16.8694,2004,2,1,2004-02,False
2004-02-06,JSWSTEEL,19.3389,19.4252,18.9935,19.1662,763719,0.0,20.3101,20.8911,,39.9573,-0.616636,-0.456482,-0.160154,22.0321,18.5881,16.9573,2004,2,1,2004-02,False
2004-02-09,JSWSTEEL,19.3389,19.6842,19.1662,19.4252,586041,1.3514,20.2411,20.8756,,42.2682,-0.60238,-0.485661,-0.116719,21.9898,18.4923,17.2796,2004,2,1,2004-02,False
2004-02-10,JSWSTEEL,19.5115,19.5115,18.9935,19.0799,732897,-1.7778,20.1418,20.8566,,40.0547,-0.611895,-0.510908,-0.100987,21.9187,18.3648,17.6443,2004,2,1,2004-02,False
2004-02-11,JSWSTEEL,19.0799,19.0799,18.6482,18.8209,793685,-1.3575,20.0295,20.8359,20.6002,38.4291,-0.633038,-0.535334,-0.097704,21.844,18.2151,18.1175,2004,2,1,2004-02,False
2004-02-12,JSWSTEEL,18.9935,19.4252,18.8209,18.9935,764948,0.9174,19.9475,20.8238,20.6559,40.1723,-0.628615,-0.55399,-0.0746246,21.7949,18.1001,18.5226,2004,2,1,2004-02,False
2004-02-13,JSWSTEEL,18.9072,19.4252,18.8209,19.2525,1132323,1.3637,19.8957,20.8204,20.7116,42.7887,-0.597324,-0.562657,-0.0346672,21.7609,18.0306,18.7493,2004,2,1,2004-02,False
2004-02-16,JSWSTEEL,19.5979,20.1159,19.5115,19.6842,1368371,2.2422,19.8569,20.8255,20.7668,46.9527,-0.531566,-0.556439,0.0248726,21.7047,18.009,18.6117,2004,2,1,2004-02,False
2004-02-17,JSWSTEEL,19.5979,20.2022,19.4252,19.6842,1201820,0.0,19.7274,20.8204,20.8221,46.9527,-0.473989,-0.539949,0.06596,21.1834,18.2714,14.7613,2004,2,1,2004-02,False
2004-02-18,JSWSTEEL,19.8569,19.8569,18.8209,18.9935,1043769,-3.5088,19.6583,20.7927,20.87,41.3659,-0.478574,-0.527674,0.0491003,21.116,18.2006,14.8307,2004,2,1,2004-02,False
2004-02-19,JSWSTEEL,19.1662,19.8569,18.7345,18.9072,1493716,-0.4545,19.6108,20.7582,20.9175,40.7138,-0.483599,-0.518859,0.0352603,21.1028,18.1188,15.2158,2004,2,1,2004-02,False
2004-02-20,JSWSTEEL,18.9935,19.0799,18.5619,18.7345,649330,-0.9132,19.5029,20.7168,20.9645,39.3768,-0.495798,-0.514247,0.0184484,20.9145,18.0913,14.4756,2004,2,1,2004-02,False
2004-02-23,JSWSTEEL,18.9935,19.2525,18.2165,18.3892,651119,-1.8433,19.3777,20.6598,21.0107,36.7756,-0.527255,-0.516848,-0.0104065,20.7122,18.0432,13.7738,2004,2,1,2004-02,False
2004-02-24,JSWSTEEL,18.3892,18.6482,18.1302,18.3892,908299,0.0,19.2525,20.6132,21.0582,36.7756,-0.545892,-0.522657,-0.0232346,20.4514,18.0536,12.4545,2004,2,1,2004-02,False
2004-02-25,JSWSTEEL,18.5619,18.5619,17.6122,17.7848,720138,-3.2864,19.123,20.5579,21.0988,32.4279,-0.602481,-0.538622,-0.0638595,20.37,17.876,13.0421,2004,2,1,2004-02,False
2004-02-26,JSWSTEEL,17.9575,18.1302,17.3532,17.5258,708283,-1.4563,18.9763,20.494,21.1346,30.75,-0.660613,-0.56302,-0.0975931,20.2508,17.7017,13.4328,2004,2,1,2004-02,False
2004-02-27,JSWSTEEL,17.6122,17.8712,16.8352,17.0942,1179678,-2.4631,18.8338,20.4249,21.1661,28.1369,-0.733065,-0.597029,-0.136036,20.2787,17.3889,15.3442,2004,2,1,2004-02,False
2004-03-01,JSWSTEEL,17.2668,17.2668,16.4035,16.6625,1027624,-2.5252,18.6698,20.3455,21.1925,25.7779,-0.815911,-0.640806,-0.175105,20.3154,17.0242,17.6285,2004,3,1,2004-03,False
2004-03-02,JSWSTEEL,16.6625,16.6625,16.6625,16.6625,0,0.0,18.5748,20.273,21.2214,25.7779,-0.87152,-0.686948,-0.184572,20.4499,16.6998,20.1892,2004,3,1,2004-03,False
2004-03-03,JSWSTEEL,16.9215,17.0942,16.5762,16.8352,1069793,1.0363,18.4626,20.1901,21.2503,28.5567,-0.891383,-0.727835,-0.163547,20.4741,16.4511,21.7902,2004,3,1,2004-03,False
2004-03-04,JSWSTEEL,17.0942,17.0942,16.2308,16.3172,733906,-3.0769,18.3201,20.0969,21.2745,25.4753,-0.938109,-0.76989,-0.168219,20.5168,16.1234,23.9814,2004,3,1,2004-03,False
2004-03-05,JSWSTEEL,16.2308,16.3172,15.9718,16.1445,789202,-1.0582,18.169,19.9587,21.2961,24.5253,-0.977801,-0.811472,-0.166329,20.5302,15.8078,25.9913,2004,3,1,2004-03,False
2004-03-08,JSWSTEEL,16.1445,16.7488,16.0582,16.5762,900281,2.6738,18.0266,19.8033,21.3181,31.4114,-0.963321,-0.841842,-0.121479,20.4123,15.6408,26.469,2004,3,1,2004-03,False
2004-03-09,JSWSTEEL,16.8352,16.9215,16.1445,16.4035,683757,-1.0417,17.8928,19.6669,21.341,30.2236,-0.954772,-0.864428,-0.0903438,20.3294,15.4561,27.2364,2004,3,1,2004-03,False
2004-03-10,JSWSTEEL,15.9718,16.4898,15.9718,16.1445,509094,-1.579,17.7589,19.534,21.3612,28.4836,-0.957855,-0.883113,-0.0747415,20.2737,15.2442,28.3212,2004,3,1,2004-03,False
2004-03-11,JSWSTEEL,16.2308,16.3172,15.7992,15.8855,542811,-1.6042,17.6035,19.3872,21.3815,26.8208,-0.970015,-0.900494,-0.0695215,20.1804,15.0266,29.2771,2004,3,1,2004-03,False
2004-03-12,JSWSTEEL,15.9718,15.9718,15.2812,15.4538,785115,-2.7174,17.4136,19.218,21.3997,24.277,-1.00292,-0.92098,-0.0819441,20.0383,14.7889,30.1453,2004,3,1,2004-03,False
2004-03-15,JSWSTEEL,15.7128,15.7128,14.4178,14.5905,961597,-5.5866,17.1589,19.0488,21.4083,20.1589,-1.08615,-0.954013,-0.132135,19.8438,14.4741,31.2939,2004,3,1,2004-03,False
2004-03-16,JSWSTEEL,15.0222,15.0222,14.0725,14.1588,925985,-2.9586,16.8827,18.8934,21.4195,18.4717,-1.17341,-0.997893,-0.175517,19.6102,14.1551,32.3116,2004,3,1,2004-03,False
2004-03-17,JSWSTEEL,14.5041,14.6768,14.0725,14.2451,665816,0.6098,16.6452,18.7397,21.4299,19.9154,-1.22152,-1.04262,-0.1789,19.4253,13.8652,33.4032,2004,3,1,2004-03,False
2004-03-18,JSWSTEEL,14.1588,14.4178,13.7271,13.8998,663678,-2.4242,16.3949,18.5705,21.4372,18.5039,-1.27284,-1.08866,-0.184176,19.2187,13.571,34.4482,2004,3,1,2004-03,False
2004-03-19,JSWSTEEL,13.8135,14.3315,13.5545,13.6408,671127,-1.8633,16.1402,18.4116,21.4437,17.5021,-1.3192,-1.13477,-0.184431,18.9942,13.2861,35.3656,2004,3,1,2004-03,False
2004-03-22,JSWSTEEL,13.8135,13.8135,12.3458,12.5185,839056,-8.2279,15.8466,18.2459,21.4454,13.9718,-1.43002,-1.19382,-0.236203,18.9255,12.7678,38.8581,2004,3,1,2004-03,False
2004-03-23,JSWSTEEL,12.5185,12.6048,12.0005,12.2595,909433,-2.069,15.5402,18.0697,21.4458,13.3049,-1.52122,-1.2593,-0.261916,18.77,12.3103,41.5677,2004,3,1,2004-03,False
2004-03-24,JSWSTEEL,12.3458,12.4321,12.0005,12.1731,677378,-0.7042,15.2596,17.8919,21.4463,13.0808,-1.58221,-1.32388,-0.258331,18.6399,11.8793,44.3039,2004,3,1,2004-03,False
2004-03-25,JSWSTEEL,12.3458,13.4681,12.1731,13.2091,1292517,8.5106,15.0437,17.7434,21.451,28.6209,-1.52933,-1.36497,-0.164356,18.3655,11.722,44.1613,2004,3,1,2004-03,False
2004-03-26,JSWSTEEL,13.8135,14.2451,13.5545,13.8135,1224150,4.5751,14.8797,17.6139,21.4579,35.8284,-1.42226,-1.37643,-0.0458275,18.0975,11.6619,43.251,2004,3,1,2004-03,False
2004-03-29,JSWSTEEL,14.1588,14.3315,13.8998,14.1588,875177,2.5,14.7545,17.4879,21.4653,39.5826,-1.29461,-1.36006,0.0654538,17.8736,11.6354,42.2795,2004,3,1,2004-03,False
2004-03-30,JSWSTEEL,14.5041,14.6768,14.2451,14.3315,598636,1.2195,14.638,17.329,21.4653,41.4278,-1.16608,-1.32127,0.15519,17.6284,11.6475,40.8585,2004,3,1,2004-03,False
2004-03-31,JSWSTEEL,14.5905,14.5905,13.9861,14.1588,692245,-1.2048,14.5041,17.2047,21.461,40.1086,-1.06586,-1.27019,0.204326,17.3147,11.6936,38.7552,2004,3,1,2004-03,False
2004-04-01,JSWSTEEL,14.3315,15.1948,14.2451,15.0222,661309,6.0976,14.4394,17.108,21.4614,48.8744,-0.906323,-1.19741,0.29109,17.1312,11.7475,37.2848,2004,4,2,2004-04,False
2004-04-02,JSWSTEEL,15.5402,16.1445,15.1085,16.0582,890512,6.8965,14.4351,17.0113,21.4657,57.0063,-0.688358,-1.0956,0.407244,17.1157,11.7545,37.14,2004,4,2,2004-04,False
2004-04-05,JSWSTEEL,16.5762,17.2668,16.3172,17.0078,1029871,5.914,14.4567,16.9336,21.47,62.841,-0.433986,-0.963279,0.529293,17.2156,11.6977,38.169,2004,4,2,2004-04,False
2004-04-06,JSWSTEEL,17.0942,17.3532,15.7992,16.0582,858963,-5.5837,14.4394,16.8369,21.4623,54.8279,-0.305503,-0.831724,0.526221,17.151,11.7278,37.5583,2004,4,2,2004-04,False
2004-04-07,JSWSTEEL,16.5762,16.5762,15.7992,15.8855,562418,-1.0753,14.4264,16.7471,21.4411,53.4924,-0.215132,-0.708405,0.493273,17.106,11.7468,37.1484,2004,4,2,2004-04,False
2004-04-08,JSWSTEEL,15.9718,16.0582,15.6265,15.9718,426937,0.5435,14.4308,16.6573,21.4234,54.0945,-0.13499,-0.593722,0.458732,17.1205,11.741,37.278,2004,4,2,2004-04,False
2004-04-09,JSWSTEEL,15.9718,15.9718,15.9718,15.9718,0,0.0,14.4567,16.5779,21.4083,54.0945,-0.0706625,-0.48911,0.418448,17.1974,11.7159,37.9164,2004,4,2,2004-04,False
2004-04-12,JSWSTEEL,16.1445,16.4898,15.7992,15.9718,589897,0.0,14.5257,16.4985,21.3876,54.0945,-0.0194581,-0.39518,0.375722,17.349,11.7024,38.8731,2004,4,2,2004-04,False
2004-04-13,JSWSTEEL,16.1445,16.2308,15.7128,15.9718,451051,0.0,14.6164,16.4467,21.3707,54.0945,0.020881,-0.311968,0.332849,17.5057,11.727,39.5358,2004,4,2,2004-04,False
2004-04-14,JSWSTEEL,15.9718,15.9718,15.9718,15.9718,0,0.0,14.7027,16.3845,21.3574,54.0945,0.0522477,-0.239125,0.291372,17.648,11.7574,40.0646,2004,4,2,2004-04,False
2004-04-15,JSWSTEEL,16.1445,16.4035,15.7992,15.8855,444568,-0.5405,14.802,16.3189,21.3448,53.0987,0.0693406,-0.177432,0.246772,17.7671,11.8369,40.064,2004,4,2,2004-04,False
2004-04-16,JSWSTEEL,15.9718,16.1445,15.7992,15.8855,371235,0.0,14.9142,16.2533,21.3323,53.0987,0.0819422,-0.125557,0.207499,17.8642,11.9643,39.559,2004,4,2,2004-04,False
2004-04-19,JSWSTEEL,16.8352,16.8352,15.8855,16.1445,650386,1.6304,15.0955,16.1877,21.3185,55.9218,0.111542,-0.078137,0.189679,17.8658,12.3253,36.7026,2004,4,2,2004-04,False
2004-04-20,JSWSTEEL,16.0582,17.1805,15.7992,16.9215,1620458,4.8129,15.3286,16.1445,21.309,63.0981,0.195446,-0.0234205,0.218866,17.8691,12.7882,33.1466,2004,4,2,2004-04,False
2004-04-21,JSWSTEEL,16.9215,18.1302,16.8352,18.0438,1708835,6.6327,15.6222,16.129,21.3017,70.5553,0.348487,0.050961,0.297526,17.9774,13.267,30.152,2004,4,2,2004-04,False
2004-04-22,JSWSTEEL,18.2165,18.5619,17.3532,17.5258,1306517,-2.8708,15.838,16.0996,21.2935,64.1154,0.423097,0.125388,0.297709,18.0489,13.6271,27.9184,2004,4,2,2004-04,False
2004-04-23,JSWSTEEL,17.9575,18.0438,17.3532,17.4395,771361,-0.4926,16.0193,16.0633,21.287,63.0819,0.469844,0.194279,0.275564,18.1233,13.9154,26.2676,2004,4,2,2004-04,False
2004-04-26,JSWSTEEL,17.4395,17.4395,17.4395,17.4395,0,0.0,16.1833,16.0184,21.2844,63.0819,0.501114,0.255646,0.245468,18.1856,14.1811,24.7451,2004,4,2,2004-04,False
2004-04-27,JSWSTEEL,16.8352,16.8352,15.8855,15.9718,717851,-8.4159,16.2654,15.9442,21.2766,47.8694,0.402823,0.285082,0.117741,18.0732,14.4575,22.2293,2004,4,2,2004-04,False
2004-04-28,JSWSTEEL,15.5402,16.4035,15.5402,16.2308,665649,1.6216,16.369,15.8889,21.2693,50.1539,0.341885,0.296442,0.0454427,17.8819,14.856,18.486,2004,4,2,2004-04,False
2004-04-29,JSWSTEEL,16.2308,16.7488,16.0582,16.2308,556031,0.0,16.4294,15.8354,21.2624,50.1539,0.290245,0.295203,-0.00495741,17.8063,15.0525,16.7615,2004,4,2,2004-04,False
2004-04-30,JSWSTEEL,16.3172,16.4035,15.6265,15.7128,451132,-3.1915,16.4121,15.775,21.2443,45.5263,0.205157,0.277194,-0.0720369,17.817,15.0072,17.1201,2004,4,2,2004-04,False
2004-05-03,JSWSTEEL,16.0582,16.0582,14.7631,15.0222,755191,-4.3956,16.3128,15.7076,21.2197,40.2003,0.0810576,0.237966,-0.156909,17.8176,14.8081,18.4486,2004,5,2,2004-05,False
2004-05-04,JSWSTEEL,15.1948,15.7128,15.1948,15.5402,387642,3.4483,16.2869,15.6507,21.1963,45.3629,0.0242273,0.195219,-0.170991,17.8276,14.7463,18.9183,2004,5,2,2004-05,False
2004-05-05,JSWSTEEL,15.7992,15.8855,15.5402,15.7992,384748,1.6667,16.2826,15.611,21.1761,47.79,8.74496e-05,0.156192,-0.156105,17.8284,14.7368,18.9873,2004,5,2,2004-05,False
2004-05-06,JSWSTEEL,16.2308,16.8352,16.1445,16.4898,617973,4.3716,16.3085,15.5902,21.1618,53.6969,0.0362697,0.132208,-0.0959381,17.8498,14.7673,18.901,2004,5,2,2004-05,False
2004-05-07,JSWSTEEL,16.5762,16.6625,15.7128,15.7992,461706,-4.1885,16.2999,15.5643,21.145,47.865,0.00910802,0.107588,-0.0984799,17.851,14.7488,19.0318,2004,5,2,2004-05,False
2004-05-10,JSWSTEEL,15.7992,16.6625,15.1948,16.2308,1111915,2.7323,16.3128,15.5557,21.1294,51.4166,0.0221592,0.0905021,-0.0683429,17.8567,14.769,18.9282,2004,5,2,2004-05,False
2004-05-11,JSWSTEEL,15.6265,15.9718,14.8495,15.0222,841937,-7.4468,16.2654,15.5229,21.1113,42.6548,-0.064287,0.0595443,-0.123831,17.9086,14.6221,20.2054,2004,5,2,2004-05,False
2004-05-12,JSWSTEEL,14.6768,15.5402,14.6768,15.3675,552348,2.2988,16.2351,15.4935,21.094,45.5117,-0.103735,0.0268885,-0.130623,17.9227,14.5476,20.7894,2004,5,2,2004-05,False
2004-05-13,JSWSTEEL,14.6768,16.0582,14.0725,15.5402,858025,1.1236,16.2179,15.478,21.0737,46.9353,-0.119685,-0.00242622,-0.117259,17.9275,14.5083,21.0827,2004,5,2,2004-05,False
2004-05-14,JSWSTEEL,16.0582,16.0582,14.0725,14.2451,924564,-8.3333,16.1359,15.44,21.0427,38.757,-0.234123,-0.0487657,-0.185358,18.0569,14.2148,23.8108,2004,5,2,2004-05,False
2004-05-17,JSWSTEEL,13.8135,13.9861,11.3961,12.5185,992446,-12.1212,15.9546,15.3589,20.9939,31.0006,-0.458856,-0.130784,-0.328073,18.4659,13.4432,31.4812,2004,5,2,2004-05,False
2004-05-18,JSWSTEEL,11.3961,13.9861,10.3601,13.8135,854513,10.3448,15.7992,15.3071,20.9347,40.6018,-0.526394,-0.209906,-0.316488,18.4399,13.1584,33.4287,2004,5,2,2004-05,False
2004-05-19,JSWSTEEL,13.8998,15.2812,13.8998,15.1085,863980,9.375,15.6524,15.2863,20.8631,48.3428,-0.470004,-0.261925,-0.208078,18.086,13.2188,31.0955,2004,5,2,2004-05,False
2004-05-20,JSWSTEEL,15.4538,15.9718,14.7631,15.1085,1009353,0.0,15.5315,15.2708,20.7621,48.3428,-0.420467,-0.293634,-0.126833,17.8084,13.2546,29.3197,2004,5,2,2004-05,False
2004-05-21,JSWSTEEL,15.3675,15.4538,14.8495,15.1948,657040,0.5714,15.4193,15.2656,20.6615,48.8582,-0.369978,-0.308903,-0.061075,17.5142,13.3244,27.1727,2004,5,2,2004-05,False
2004-05-24,JSWSTEEL,15.5402,15.7128,15.1948,15.2812,413131,0.5682,15.3114,15.2794,20.5437,49.4018,-0.319317,-0.310985,-0.00833138,17.178,13.4447,24.3827,2004,5,2,2004-05,False
2004-05-25,JSWSTEEL,15.3675,15.3675,14.8495,15.1948,291819,-0.565,15.2725,15.3001,20.4448,48.8427,-0.282874,-0.305363,0.0224895,17.1135,13.4316,24.1081,2004,5,2,2004-05,False
2004-05-26,JSWSTEEL,15.1948,15.4538,14.9358,15.0222,303121,-1.1363,15.2121,15.3157,20.3619,47.6805,-0.264871,-0.297265,0.0323933,16.9991,13.425,23.4953,2004,5,2,2004-05,False
2004-05-27,JSWSTEEL,15.1085,15.2812,14.8495,14.9358,269758,-0.5747,15.1473,15.3364,20.2838,47.0772,-0.254636,-0.288739,0.034103,16.8717,13.4229,22.7682,2004,5,2,2004-05,False
2004-05-28,JSWSTEEL,14.9358,14.9358,13.8998,14.0725,547829,-5.7803,15.0653,15.345,20.2009,41.4326,-0.312585,-0.293508,-0.0190771,16.832,13.2987,23.4534,2004,5,2,2004-05,False
2004-05-31,JSWSTEEL,13.7271,13.8135,13.1228,13.4681,635653,-4.2945,14.9876,15.364,20.1301,37.998,-0.402634,-0.315333,-0.0873009,16.8935,13.0817,25.4326,2004,5,2,2004-05,False
2004-06-01,JSWSTEEL,13.8998,14.1588,13.6408,13.8135,409523,2.5641,14.9013,15.3951,20.0472,41.0073,-0.441049,-0.340477,-0.100573,16.8575,12.945,26.2561,2004,6,2,2004-06,False
2004-06-02,JSWSTEEL,13.8135,13.9861,13.6408,13.8135,261792,0.0,14.802,15.4279,19.9644,41.0073,-0.46612,-0.365605,-0.100515,16.7679,12.8361,26.5628,2004,6,2,2004-06,False
2004-06-03,JSWSTEEL,13.8135,13.9861,13.2091,13.2955,264257,-3.75,14.6423,15.4296,19.8862,37.8144,-0.521773,-0.396839,-0.124934,16.549,12.7356,26.0436,2004,6,2,2004-06,False
2004-06-04,JSWSTEEL,13.9861,13.9861,13.2955,13.4681,213239,1.2987,14.5257,15.4227,19.8072,39.5053,-0.545655,-0.426602,-0.119053,16.4196,12.6319,26.0761,2004,6,2,2004-06,False
2004-06-07,JSWSTEEL,13.7271,13.8135,13.4681,13.5545,213102,0.641,14.3919,15.4107,19.7377,40.3782,-0.551261,-0.451534,-0.0997269,16.152,12.6318,24.4592,2004,6,2,2004-06,False
2004-06-08,JSWSTEEL,13.8135,13.8135,13.2955,13.3818,196891,-1.2739,14.3099,15.3917,19.6712,39.1611,-0.563145,-0.473856,-0.089289,16.099,12.5208,25.0045,2004,6,2,2004-06,False
2004-06-09,JSWSTEEL,13.2955,13.8135,13.2955,13.5545,258579,1.2904,14.2192,15.3796,19.6104,41.074,-0.552264,-0.489538,-0.0627263,15.9659,12.4726,24.5674,2004,6,2,2004-06,False
2004-06-10,JSWSTEEL,13.6408,13.8135,13.5545,13.7271,361512,1.2739,14.1286,15.3537,19.5474,43.0038,-0.523671,-0.496364,-0.0273069,15.7717,12.4855,23.2595,2004,6,2,2004-06,False
2004-06-11,JSWSTEEL,13.6408,13.7271,13.2955,13.2955,243332,-3.1447,14.0811,15.2984,19.4783,39.5192,-0.529737,-0.503039,-0.0266983,15.7644,12.3978,23.9091,2004,6,2,2004-06,False
2004-06-14,JSWSTEEL,13.2955,13.2955,12.6048,12.6911,372914,-4.5455,14.0897,15.2121,19.4114,35.2169,-0.576662,-0.517764,-0.0588988,15.7408,12.4387,23.4362,2004,6,2,2004-06,False
2004-06-15,JSWSTEEL,12.8638,13.1228,12.6048,12.7775,254908,0.6803,14.0379,15.1465,19.3535,36.284,-0.599968,-0.534205,-0.0657638,15.7876,12.2883,24.9269,2004,6,2,2004-06,False
2004-06-16,JSWSTEEL,12.9501,13.0365,12.6048,12.6048,162629,-1.3514,13.9128,15.0809,19.2974,35.0408,-0.625165,-0.552397,-0.0727683,15.6978,12.1277,25.6602,2004,6,2,2004-06,False
2004-06-17,JSWSTEEL,12.7775,12.7775,12.4321,12.6911,243579,0.6849,13.7919,15.0152,19.2417,36.2176,-0.630894,-0.568096,-0.0627982,15.5633,12.0205,25.688,2004,6,2,2004-06,False
2004-06-18,JSWSTEEL,12.5185,12.6911,12.4321,12.5185,233657,-1.3605,13.6581,14.9462,19.1895,34.8575,-0.641968,-0.58287,-0.0590972,15.3871,11.929,25.319,2004,6,2,2004-06,False
2004-06-21,JSWSTEEL,12.4321,12.7775,12.2595,12.4321,316523,-0.6896,13.5156,14.8754,19.1407,34.1666,-0.650214,-0.596339,-0.0538751,15.1484,11.8828,24.1613,2004,6,2,2004-06,False
2004-06-22,JSWSTEEL,12.2595,12.6048,12.2595,12.5185,203847,0.6944,13.3818,14.8063,19.0812,35.5424,-0.642379,-0.605547,-0.0368315,14.8672,11.8965,22.1996,2004,6,2,2004-06,False
2004-06-23,JSWSTEEL,12.9501,12.9501,12.3458,12.3458,361717,-1.3793,13.248,14.7338,19.0173,34.0115,-0.642693,-0.612976,-0.0297168,14.586,11.9099,20.1999,2004,6,2,2004-06,False
2004-06-24,JSWSTEEL,12.4321,12.5185,12.1731,12.2595,230827,-0.6993,13.1142,14.6613,18.9611,33.2405,-0.642502,-0.618882,-0.0236208,14.2635,11.9648,17.5279,2004,6,2,2004-06,False
2004-06-25,JSWSTEEL,12.2595,13.7271,12.1731,13.6408,1135405,11.2676,13.0926,14.6164,18.9106,51.9919,-0.524838,-0.600073,0.0752349,14.1807,12.0045,16.6221,2004,6,2,2004-06,False
2004-06-28,JSWSTEEL,13.6408,14.5041,13.6408,14.1588,1264121,3.7975,13.1271,14.5767,18.8679,56.8827,-0.385347,-0.557128,0.17178,14.3055,11.9487,17.9538,2004,6,2,2004-06,False
2004-06-29,JSWSTEEL,14.7631,14.7631,13.9861,14.5041,1114152,2.439,13.1616,14.5283,18.8174,59.8215,-0.24412,-0.494526,0.250406,14.4592,11.8641,19.7172,2004,6,2,2004-06,False
2004-06-30,JSWSTEEL,14.8495,16.0582,14.8495,15.2812,2022991,5.3571,13.235,14.4731,18.7734,65.5164,-0.0687066,-0.409362,0.340656,14.8216,11.6484,23.9757,2004,6,2,2004-06,False
2004-07-01,JSWSTEEL,15.4538,15.9718,15.1948,15.5402,1170512,1.6949,13.3473,14.4334,18.7259,67.186,0.0901697,-0.309456,0.399626,15.2399,11.4546,28.3601,2004,7,3,2004-07,False
2004-07-02,JSWSTEEL,15.4538,15.7992,15.1085,15.6265,832310,0.5555,13.4552,14.3971,18.6767,67.7465,0.220505,-0.203464,0.423968,15.6055,11.3049,31.9619,2004,7,3,2004-07,False
2004-07-05,JSWSTEEL,15.7128,16.1445,15.6265,15.7992,952610,1.105,13.5674,14.3643,18.6326,68.8912,0.333881,-0.0959949,0.429876,15.9602,11.1747,35.2719,2004,7,3,2004-07,False
2004-07-06,JSWSTEEL,16.2308,16.5762,15.7128,16.0582,991502,1.6393,13.7012,14.366,18.589,70.578,0.439564,0.0111169,0.428447,16.3373,11.0652,38.4787,2004,7,3,2004-07,False
2004-07-07,JSWSTEEL,16.0582,16.3172,15.7992,15.8855,1061483,-1.0753,13.8178,14.3591,18.5476,67.9335,0.503581,0.10961,0.393972,16.6269,11.0086,40.6599,2004,7,3,2004-07,False
2004-07-08,JSWSTEEL,15.8855,16.1445,13.8135,14.3315,1755689,-9.7826,13.848,14.3211,18.4984,49.8351,0.424031,0.172494,0.251537,16.666,11.03,40.6994,2004,7,3,2004-07,False
2004-07-09,JSWSTEEL,13.6408,14.8495,13.5545,14.5041,1228068,1.2048,13.9084,14.2969,18.4492,51.3849,0.370648,0.212125,0.158523,16.7284,11.0885,40.5506,2004,7,3,2004-07,False
2004-07-12,JSWSTEEL,14.9358,15.2812,14.1588,15.1948,937061,4.7619,14.0336,14.3004,18.4026,57.0947,0.379695,0.245639,0.134056,16.8484,11.2189,40.1141,2004,7,3,2004-07,False
2004-07-13,JSWSTEEL,15.6265,16.1445,15.0221,15.3675,672680,1.1364,14.1631,14.2969,18.3521,58.4098,0.396231,0.275757,0.120474,16.9728,11.3534,39.6764,2004,7,3,2004-07,False
2004-07-14,JSWSTEEL,15.3675,16.4898,15.1948,16.0582,2805908,4.4944,14.3358,14.3021,18.308,63.2609,0.459767,0.312559,0.147208,17.1666,11.5049,39.4934,2004,7,3,2004-07,False
2004-07-15,JSWSTEEL,16.2308,19.1662,16.1445,18.9072,6610608,17.7419,14.6466,14.3505,18.277,75.8,0.73158,0.396363,0.335216,18.0285,11.2647,46.1796,2004,7,3,2004-07,False
2004-07-16,JSWSTEEL,19.4252,19.5115,17.6985,18.7345,8317407,-0.9132,14.9574,14.4092,18.2446,74.1482,0.922427,0.501576,0.420851,18.6445,11.2703,49.3018,2004,7,3,2004-07,False
2004-07-19,JSWSTEEL,18.9935,19.0799,17.9575,18.1302,3065071,-3.2258,15.2423,14.4472,18.2066,68.5204,1.01323,0.603907,0.409323,18.988,11.4966,49.1482,2004,7,3,2004-07,False
2004-07-20,JSWSTEEL,18.3028,18.6482,17.6122,17.9575,3524720,-0.9524,15.5143,14.5059,18.1608,66.9567,1.05905,0.694936,0.364115,19.2168,11.8117,47.7305,2004,7,3,2004-07,False
2004-07-21,JSWSTEEL,18.1302,18.7345,17.7848,18.2165,2607141,1.4423,15.8078,14.5629,18.1116,68.1315,1.10354,0.776657,0.326886,19.3813,12.2343,45.2114,2004,7,3,2004-07,False
2004-07-22,JSWSTEEL,18.9935,18.9935,18.3892,18.5619,2520312,1.8958,16.1229,14.6233,18.0624,69.6794,1.15337,0.852001,0.301373,19.4841,12.7617,41.6947,2004,7,3,2004-07,False
2004-07-23,JSWSTEEL,18.6482,20.5475,18.2165,20.2022,9581500,8.8372,16.451,14.7424,18.0154,75.7137,1.31012,0.943626,0.366499,20.0636,12.8384,43.9194,2004,7,3,2004-07,False
2004-07-26,JSWSTEEL,20.0295,20.8065,19.6842,20.0295,4669048,-0.8547,16.7445,14.8926,17.9649,74.0432,1.40423,1.03575,0.368485,20.5231,12.9659,45.1325,2004,7,3,2004-07,False
2004-07-27,JSWSTEEL,19.6842,21.3245,18.3892,18.9072,5465102,-5.6035,16.9647,14.9945,17.9238,64.1378,1.37243,1.10308,0.269344,20.7066,13.2228,44.114,2004,7,3,2004-07,False
2004-07-28,JSWSTEEL,19.1662,19.7705,18.8209,19.5115,4337821,3.1964,17.1762,15.0826,17.8954,66.7196,1.38008,1.15848,0.221597,20.9949,13.3575,44.4648,2004,7,3,2004-07,False
2004-07-29,JSWSTEEL,19.6842,20.2885,19.4252,19.5979,3517057,0.4425,17.3791,15.1724,17.8699,67.0842,1.37723,1.20223,0.175001,21.2624,13.4958,44.6895,2004,7,3,2004-07,False
2004-07-30,JSWSTEEL,19.9432,20.3749,19.3389,19.4252,2610077,-0.8811,17.569,15.257,17.8444,65.5379,1.34553,1.23089,0.114642,21.463,13.675,44.3277,2004,7,3,2004-07,False
2004-08-02,JSWSTEEL,19.6842,19.9432,19.4252,19.5979,2413906,0.8889,17.7589,15.3433,17.8237,66.3726,1.31914,1.24854,0.0705977,21.66,13.8579,43.9334,2004,8,3,2004-08,False
2004-08-03,JSWSTEEL,19.8569,20.2022,19.5115,19.6842,2565999,0.4405,17.9402,15.4331,17.8069,66.8055,1.29031,1.2569,0.0334177,21.8455,14.035,43.5364,2004,8,3,2004-08,False
2004-08-04,JSWSTEEL,20.0295,20.2885,19.6842,20.0295,2555180,1.7544,18.1474,15.5332,17.7913,68.5497,1.28057,1.26163,0.0189419,22.0334,14.2615,42.8263,2004,8,3,2004-08,False
2004-08-05,JSWSTEEL,20.1159,21.4972,20.1159,21.1519,6842382,5.6035,18.4885,15.6576,17.7797,73.4352,1.34788,1.27888,0.0689992,22.1553,14.8216,39.666,2004,8,3,2004-08,False
2004-08-06,JSWSTEEL,21.3245,21.8426,20.4612,20.7202,3730108,-2.0408,18.7993,15.7905,17.7676,68.9959,1.35082,1.29327,0.0575497,22.0773,15.5213,34.8738,2004,8,3,2004-08,False
2004-08-09,JSWSTEEL,20.7202,20.8929,20.2885,20.5475,2193683,-0.8333,19.0669,15.9321,17.7611,67.2448,1.32395,1.29941,0.0245467,21.9569,16.1769,30.3142,2004,8,3,2004-08,False
2004-08-10,JSWSTEEL,20.3749,20.9792,20.1159,20.4612,1887689,-0.4202,19.3216,16.0651,17.7469,66.3382,1.28093,1.29571,-0.0147819,21.6895,16.9537,24.5105,2004,8,3,2004-08,False
2004-08-11,JSWSTEEL,20.7202,20.7202,19.0799,19.2525,2587973,-5.9072,19.4813,16.1738,17.7274,55.1317,1.1362,1.26381,-0.127605,21.2864,17.6762,18.5319,2004,8,3,2004-08,False
2004-08-12,JSWSTEEL,19.4252,19.4252,18.8209,18.9072,1838904,-1.7937,19.4813,16.2861,17.6981,52.4077,0.982319,1.20751,-0.225192,21.2864,17.6762,18.5319,2004,8,3,2004-08,False
2004-08-13,JSWSTEEL,18.9072,19.3389,18.7345,19.0799,1252422,0.9133,19.4986,16.3983,17.6713,53.6411,0.864334,1.13888,-0.274542,21.2801,17.7171,18.2731,2004,8,3,2004-08,False
2004-08-16,JSWSTEEL,18.8209,19.5115,17.9575,19.2525,1820354,0.905,19.5547,16.5123,17.6454,54.8998,0.775819,1.06626,-0.290445,21.2217,17.8877,17.05,2004,8,3,2004-08,False
2004-08-17,JSWSTEEL,19.0799,19.5979,19.0799,19.3389,1057261,0.4485,19.6238,16.6314,17.6191,55.5497,0.704516,0.993915,-0.289398,21.1176,18.1299,15.2252,2004,8,3,2004-08,False
2004-08-18,JSWSTEEL,19.4252,19.4252,18.9072,18.9935,874316,-1.7858,19.6626,16.7402,17.5867,52.3031,0.613075,0.917747,-0.304672,21.0381,18.2871,13.9912,2004,8,3,2004-08,False
2004-08-19,JSWSTEEL,18.9935,19.4252,18.9072,19.3389,1256682,1.8182,19.7015,16.8524,17.5669,55.1274,0.561995,0.846596,-0.284602,20.987,18.4159,13.0504,2004,8,3,2004-08,False
2004-08-20,JSWSTEEL,19.3389,19.7705,18.8209,18.9072,1596581,-2.2322,19.6367,16.9647,17.5565,51.0576,0.481135,0.773504,-0.292369,20.9463,18.3271,13.3382,2004,8,3,2004-08,False
2004-08-23,JSWSTEEL,18.6482,18.6482,17.5258,17.7848,2011484,-5.9361,19.5245,17.0665,17.5405,42.3115,0.322768,0.683357,-0.360589,21.0579,17.991,15.7081,2004,8,3,2004-08,False
2004-08-24,JSWSTEEL,17.6122,18.1302,17.6122,17.8712,951896,0.4854,19.4727,17.1684,17.5271,43.1186,0.2019,0.587066,-0.385165,21.1566,17.7888,17.2947,2004,8,3,2004-08,False
2004-08-25,JSWSTEEL,18.0438,18.3029,17.4395,17.6122,537141,-1.4493,19.3777,17.2686,17.5142,41.2538,0.0842415,0.486501,-0.402259,21.2554,17.5,19.3803,2004,8,3,2004-08,False
2004-08-26,JSWSTEEL,17.7848,17.9575,17.5258,17.6122,443659,0.0,19.2784,17.367,17.5021,41.2538,-0.00890135,0.38742,-0.396322,21.3108,17.2461,21.0841,2004,8,3,2004-08,False
2004-08-27,JSWSTEEL,17.2668,17.6985,16.4898,17.2668,977770,-1.9608,19.1705,17.462,17.4909,38.6677,-0.109324,0.288072,-0.397395,21.3906,16.9504,23.1613,2004,8,3,2004-08,False
2004-08-30,JSWSTEEL,18.8209,20.5475,18.1302,18.4755,908691,7.0,19.1144,17.5828,17.4814,50.3897,-0.090337,0.21239,-0.302727,21.3457,16.8831,23.3468,2004,8,3,2004-08,False
2004-08-31,JSWSTEEL,18.4755,18.8209,18.0438,18.5619,1177869,0.4673,19.0583,17.7037,17.474,51.1085,-0.0675448,0.156403,-0.223948,21.2857,16.8309,23.3747,2004,8,3,2004-08,False
2004-09-01,JSWSTEEL,18.8209,19.1662,18.3892,18.4755,820034,-0.4651,18.9806,17.8263,17.4663,50.3233,-0.0558051,0.113961,-0.169766,21.1735,16.7877,23.1068,2004,9,3,2004-09,False
2004-09-02,JSWSTEEL,18.1302,18.9935,18.1302,18.3892,716854,-0.4673,18.8424,17.9489,17.4589,49.5042,-0.0528587,0.0805973,-0.133456,20.7943,16.8906,20.7172,2004,9,3,2004-09,False
2004-09-03,JSWSTEEL,18.4755,19.4252,18.3029,19.0799,1458706,3.7559,18.7604,18.0577,17.4546,55.7141,0.00514884,0.0655076,-0.0603588,20.5071,17.0138,18.6206,2004,9,3,2004-09,False
2004-09-06,JSWSTEEL,19.8569,20.8929,19.8569,20.4612,4065434,7.2398,18.7561,18.1837,17.4559,64.988,0.160731,0.0845522,0.0761784,20.4845,17.0277,18.4301,2004,9,3,2004-09,False
2004-09-07,JSWSTEEL,20.7202,21.1519,20.2885,20.3749,2568104,-0.4219,18.7518,18.3011,17.4576,64.0848,0.273906,0.122423,0.151483,20.4626,17.041,18.2468,2004,9,3,2004-09,False
2004-09-08,JSWSTEEL,20.3749,20.8929,20.3749,20.7202,1997893,1.6949,18.8252,18.4099,17.462,66.1136,0.387004,0.175339,0.211665,20.7401,16.9102,20.3447,2004,9,3,2004-09,False
2004-09-09,JSWSTEEL,20.7202,20.9792,20.0295,20.1159,1742042,-2.9167,18.8856,18.5014,17.4645,59.7523,0.422993,0.22487,0.198123,20.8859,16.8854,21.1828,2004,9,3,2004-09,False
2004-09-10,JSWSTEEL,20.1159,20.7202,20.0295,20.6339,1561337,2.5751,18.9633,18.6016,17.4706,63.0353,0.487692,0.277434,0.210257,21.1107,16.816,22.6474,2004,9,3,2004-09,False
2004-09-13,JSWSTEEL,20.7202,21.8426,17.6122,21.0655,4400672,2.0921,19.054,18.7069,17.4788,65.5568,0.567259,0.335399,0.23186,21.3969,16.711,24.5925,2004,9,3,2004-09,False
2004-09-14,JSWSTEEL,21.1519,21.4109,20.3749,20.4612,1354264,-2.8688,19.1101,18.795,17.4814,59.4434,0.574924,0.383304,0.19162,21.5341,16.6861,25.369,2004,9,3,2004-09,False
2004-09-15,JSWSTEEL,20.8929,20.8929,20.2885,20.3749,1348434,-0.4219,19.1791,18.8847,17.4814,58.6027,0.567491,0.420142,0.147349,21.6671,16.6912,25.9439,2004,9,3,2004-09,False
2004-09-16,JSWSTEEL,20.2022,21.0655,20.2022,20.6339,1676350,1.2712,19.2439,19.0108,17.4814,60.4117,0.575861,0.451285,0.124575,21.8153,16.6725,26.7245,2004,9,3,2004-09,False
2004-09-17,JSWSTEEL,20.8065,21.0655,20.4612,20.7202,1522609,0.4184,19.3345,19.1351,17.4809,61.0231,0.582743,0.477577,0.105166,21.9827,16.6864,27.3927,2004,9,3,2004-09,False
2004-09-20,JSWSTEEL,20.8929,21.2382,20.6339,20.7202,1548600,0.0,19.4813,19.2456,17.4784,61.0231,0.581495,0.498361,0.0831342,22.0929,16.8697,26.8115,2004,9,3,2004-09,False
2004-09-21,JSWSTEEL,20.8065,20.8929,20.5475,20.6339,617007,-0.4167,19.6194,19.3509,17.4779,59.9493,0.567002,0.512089,0.0549135,22.1639,17.075,25.9377,2004,9,3,2004-09,False
2004-09-22,JSWSTEEL,20.7202,20.8065,20.3749,20.3749,557918,-1.2552,19.7576,19.4373,17.4771,56.7245,0.528525,0.515376,0.0131492,22.1378,17.3773,24.0946,2004,9,3,2004-09,False
2004-09-23,JSWSTEEL,20.2885,21.2382,20.0295,20.4612,2489453,0.4237,19.9,19.4684,17.4758,57.5443,0.499244,0.51215,-0.0129061,22.0715,17.7285,21.824,2004,9,3,2004-09,False
2004-09-24,JSWSTEEL,20.2885,20.8929,20.2022,20.4612,1330268,0.0,20.0598,19.5029,17.4753,57.5443,0.470613,0.503842,-0.0332297,21.8527,18.2668,17.8757,2004,9,3,2004-09,False
2004-09-27,JSWSTEEL,20.6339,21.0655,20.4612,20.5475,1180813,0.4219,20.1634,19.5512,17.4749,58.457,0.449705,0.493015,-0.0433099,21.8038,18.5229,16.2716,2004,9,3,2004-09,False
2004-09-28,JSWSTEEL,20.6339,20.7202,20.0295,20.1159,712641,-2.1008,20.2411,19.5944,17.474,52.3921,0.393764,0.473165,-0.0794005,21.6992,18.7829,14.4077,2004,9,3,2004-09,False
2004-09-29,JSWSTEEL,20.1159,20.5475,20.0295,20.2885,892703,0.8584,20.3317,19.6359,17.4706,54.4288,0.359223,0.450376,-0.0911536,21.53,19.1335,11.787,2004,9,3,2004-09,False
2004-09-30,JSWSTEEL,20.4612,20.5475,20.0295,20.2022,815376,-0.4256,20.4224,19.6687,17.4667,53.2032,0.321179,0.424537,-0.103358,21.2036,19.6411,7.6508,2004,9,3,2004-09,False
2004-10-01,JSWSTEEL,20.2885,20.7202,20.1159,20.5475,724108,1.7094,20.4957,19.6756,17.4542,57.341,0.315261,0.402682,-0.0874204,20.9557,20.0358,4.4879,2004,10,4,2004-10,False
2004-10-04,JSWSTEEL,20.7202,20.9792,20.3749,20.4612,1129235,-0.4202,20.4957,19.6842,17.4348,56.0077,0.300145,0.382174,-0.0820293,20.9557,20.0358,4.4879,2004,10,4,2004-10,False
2004-10-05,JSWSTEEL,21.8426,21.8426,20.2022,20.2885,855785,-0.8439,20.4914,19.7118,17.4201,53.3366,0.271107,0.359961,-0.0888537,20.9577,20.0252,4.5509,2004,10,4,2004-10,False
2004-10-06,JSWSTEEL,20.6339,20.6339,19.9432,20.0295,912493,-1.2766,20.4569,19.7222,17.4063,49.5213,0.224606,0.33289,-0.108284,20.9532,19.9606,4.8518,2004,10,4,2004-10,False
2004-10-07,JSWSTEEL,20.2885,20.4612,19.9432,20.2022,768152,0.8621,20.4612,19.7343,17.3912,51.987,0.199388,0.30619,-0.106802,20.9464,19.976,4.7422,2004,10,4,2004-10,False
2004-10-08,JSWSTEEL,20.4612,20.8929,20.2885,20.7202,1689002,2.5641,20.4655,19.7602,17.3752,58.5314,0.21868,0.288688,-0.0700073,20.9586,19.9724,4.8188,2004,10,4,2004-10,False
2004-10-11,JSWSTEEL,21.1519,22.4469,21.1519,21.6699,4006182,4.5833,20.4957,19.8016,17.3683,67.3246,0.307061,0.292362,0.0146989,21.1805,19.811,6.6818,2004,10,4,2004-10,False
2004-10-12,JSWSTEEL,21.6699,21.9289,20.8929,20.9792,1243138,-3.1873,20.5216,19.8275,17.3635,57.7359,0.317709,0.297432,0.0202776,21.2393,19.804,6.994,2004,10,4,2004-10,False
2004-10-13,JSWSTEEL,20.9792,20.9792,20.9792,20.9792,0,0.0,20.5519,19.8465,17.3588,57.7359,0.322431,0.302432,0.0199996,21.294,19.8098,7.2217,2004,10,4,2004-10,False
2004-10-14,JSWSTEEL,20.5475,20.6339,20.2022,20.4612,1061287,-2.4691,20.5432,19.8327,17.3493,51.3718,0.281134,0.298172,-0.0170379,21.2853,19.8011,7.2247,2004,10,4,2004-10,False
2004-10-15,JSWSTEEL,20.2885,20.8065,20.2885,20.3749,817836,-0.4219,20.526,19.8258,17.3432,50.3751,0.238688,0.286275,-0.0475871,21.2668,19.7851,7.2184,2004,10,4,2004-10,False
2004-10-18,JSWSTEEL,20.2885,20.8065,20.2022,20.3749,1025319,0.0,20.5087,19.8223,17.3411,50.3751,0.202713,0.269563,-0.0668502,21.2465,19.7708,7.1955,2004,10,4,2004-10,False
2004-10-19,JSWSTEEL,20.2885,20.8929,20.2885,20.7202,1072068,1.6949,20.513,19.8275,17.3394,54.4727,0.199765,0.255603,-0.0558383,21.2549,19.7711,7.2338,2004,10,4,2004-10,False
2004-10-20,JSWSTEEL,20.7202,21.1519,20.3749,20.3749,1697412,-1.6667,20.513,19.85,17.3359,50.0244,0.167631,0.238009,-0.0703781,21.2549,19.7711,7.2338,2004,10,4,2004-10,False
2004-10-21,JSWSTEEL,20.3749,20.7202,19.8569,20.1159,863544,-1.2712,20.4957,19.8741,17.3333,46.9292,0.119883,0.214384,-0.0945008,21.2585,19.7329,7.4434,2004,10,4,2004-10,False
2004-10-22,JSWSTEEL,20.1159,20.1159,20.1159,20.1159,0,0.0,20.4785,19.8949,17.3325,46.9292,0.0811074,0.187728,-0.106621,21.26,19.697,7.6323,2004,10,4,2004-10,False
2004-10-25,JSWSTEEL,20.2885,20.2885,19.5979,19.6842,579505,-2.1459,20.4353,19.9035,17.3286,41.916,0.0153678,0.153256,-0.137888,21.2924,19.5782,8.3888,2004,10,4,2004-10,False
2004-10-26,JSWSTEEL,19.7705,20.8065,19.7705,20.5475,1628523,4.386,20.4569,19.9277,17.3199,52.7804,0.0325581,0.129117,-0.0965585,21.3018,19.612,8.2605,2004,10,4,2004-10,False
2004-10-27,JSWSTEEL,21.4109,21.4109,20.5475,20.6339,1341475,0.4202,20.4742,19.9605,17.3212,53.7128,0.0525422,0.113802,-0.0612596,21.3187,19.6296,8.2499,2004,10,4,2004-10,False
2004-10-28,JSWSTEEL,20.9792,21.0655,20.4612,20.5475,963567,-0.4184,20.4914,19.9846,17.3247,52.5944,0.0607135,0.103184,-0.0424706,21.3266,19.6562,8.1518,2004,10,4,2004-10,False
2004-10-29,JSWSTEEL,20.3749,20.6339,20.2022,20.2885,571432,-1.2605,20.4785,20.0123,17.3217,49.2793,0.0457625,0.0916998,-0.0459373,21.318,19.6389,8.1995,2004,10,4,2004-10,False
2004-11-01,JSWSTEEL,20.6339,20.6339,20.1159,20.2885,480791,0.0,20.4698,20.0623,17.3186,49.2793,0.0335272,0.0800653,-0.0465381,21.3137,19.626,8.2449,2004,11,4,2004-11,False
2004-11-02,JSWSTEEL,20.3749,20.5475,20.2885,20.3749,401898,0.4255,20.4742,20.1124,17.3161,50.4858,0.0304461,0.0701414,-0.0396953,21.315,19.6333,8.2136,2004,11,4,2004-11,False
2004-11-03,JSWSTEEL,20.5475,20.8929,20.3749,20.5475,1082786,0.8475,20.5001,20.1711,17.3169,52.899,0.0414593,0.064405,-0.0229457,21.3147,19.6854,7.948,2004,11,4,2004-11,False
2004-11-04,JSWSTEEL,20.7202,20.8929,20.3749,20.4612,931917,-0.4202,20.513,20.2281,17.3169,51.5463,0.0427284,0.0600697,-0.0173413,21.3159,19.7101,7.828,2004,11,4,2004-11,False
2004-11-05,JSWSTEEL,20.7202,20.7202,20.2022,20.2022,417157,-1.2658,20.4871,20.2868,17.3182,47.6126,0.0225743,0.0525706,-0.0299963,21.2952,19.679,7.8893,2004,11,4,2004-11,False
2004-11-08,JSWSTEEL,20.2885,20.9792,20.2885,20.5475,1241407,1.7094,20.431,20.3283,17.3212,52.7862,0.0340753,0.0488715,-0.0147963,21.0193,19.8427,5.7588,2004,11,4,2004-11,False
2004-11-09,JSWSTEEL,20.3749,20.9792,20.3749,20.5475,965793,0.0,20.4094,20.368,17.3312,52.7862,0.0426977,0.0476368,-0.00493906,20.942,19.8768,5.2196,2004,11,4,2004-11,False
2004-11-10,JSWSTEEL,20.2022,22.1016,20.2022,21.7562,3391110,5.8824,20.4483,20.4336,17.3445,66.2967,0.145385,0.0671865,0.0781989,21.2169,19.6796,7.5183,2004,11,4,2004-11,False
2004-11-11,JSWSTEEL,22.1016,22.5332,21.4972,21.5835,3322560,-0.7937,20.5044,20.4975,17.3566,63.5011,0.210408,0.0958307,0.114577,21.4257,19.583,8.9871,2004,11,4,2004-11,False
2004-11-12,JSWSTEEL,22.1879,22.1879,21.3245,21.8426,966785,1.2,20.5778,20.5527,17.37,65.8287,0.279615,0.132587,0.147027,21.6731,19.4824,10.6456,2004,11,4,2004-11,False
2004-11-15,JSWSTEEL,21.8426,21.8426,21.8426,21.8426,0,0.0,20.6511,20.5803,17.3821,65.8287,0.33065,0.1722,0.15845,21.878,19.4243,11.8816,2004,11,4,2004-11,False
2004-11-16,JSWSTEEL,21.8426,22.2742,21.4109,21.5835,870723,-1.1858,20.6943,20.6045,17.3946,61.2952,0.346205,0.207001,0.139204,21.9902,19.3984,12.5241,2004,11,4,2004-11,False
2004-11-17,JSWSTEEL,21.7562,22.3606,21.7562,21.9289,1616998,1.6,20.772,20.6287,17.4102,64.7782,0.381996,0.242,0.139996,22.1696,19.3744,13.4567,2004,11,4,2004-11,False
2004-11-18,JSWSTEEL,22.1016,22.7922,22.0152,22.1879,2767112,1.1811,20.8756,20.6701,17.4261,67.1647,0.426345,0.278869,0.147476,22.3721,19.3791,14.3374,2004,11,4,2004-11,False
2004-11-19,JSWSTEEL,22.8786,24.0009,22.1016,22.1879,2143811,0.0,20.9792,20.7012,17.4408,67.1647,0.456232,0.314342,0.141891,22.5398,19.4186,14.8772,2004,11,4,2004-11,False
2004-11-22,JSWSTEEL,22.1879,22.6196,21.8426,22.4469,1270633,1.1673,21.1173,20.7288,17.4546,69.557,0.49511,0.350495,0.144615,22.6843,19.5504,14.8408,2004,11,4,2004-11,False
2004-11-23,JSWSTEEL,22.6196,24.8643,22.6196,23.6556,6583553,5.3846,21.2727,20.7927,17.4745,77.7164,0.616347,0.403666,0.212681,23.1811,19.3644,17.9416,2004,11,4,2004-11,False
2004-11-24,JSWSTEEL,24.1736,24.5189,23.4829,23.7419,3063592,0.365,21.4281,20.8601,17.4982,78.1665,0.711196,0.465172,0.246025,23.6048,19.2515,20.3155,2004,11,4,2004-11,False
2004-11-25,JSWSTEEL,23.0512,24.3462,22.7059,22.9649,1862208,-3.2727,21.549,20.9067,17.5185,65.3682,0.71542,0.515222,0.200199,23.7873,19.3107,20.7742,2004,11,4,2004-11,False
2004-11-26,JSWSTEEL,22.9649,22.9649,22.9649,22.9649,0,0.0,21.6828,20.9516,17.5397,65.3682,0.710577,0.554293,0.156284,23.9239,19.4418,20.671,2004,11,4,2004-11,False
2004-11-29,JSWSTEEL,23.3102,23.8282,23.1376,23.6556,1837244,3.0075,21.8512,21.0103,17.566,70.3695,0.75378,0.59419,0.15959,24.1562,19.5462,21.0971,2004,11,4,2004-11,False
2004-11-30,JSWSTEEL,24.1736,24.1736,22.7059,22.9649,2383480,-2.9197,21.9807,21.0569,17.5889,60.8984,0.723943,0.620141,0.103802,24.2267,19.7347,20.4363,2004,11,4,2004-11,False
2004-12-01,JSWSTEEL,23.0512,23.3966,22.2742,23.1376,2538506,0.7519,22.1102,21.1122,17.6156,62.2657,0.70609,0.637331,0.0687595,24.3064,19.914,19.8661,2004,12,4,2004-12,False
2004-12-02,JSWSTEEL,24.0872,24.4326,23.3102,23.9146,3789132,3.3582,22.2829,21.1812,17.6476,67.7337,0.746039,0.659072,0.0869671,24.4762,20.0895,19.6864,2004,12,4,2004-12,False
2004-12-03,JSWSTEEL,23.9146,24.4326,23.3966,23.7419,2592777,-0.722,22.4598,21.2468,17.6808,65.4635,0.755063,0.678271,0.0767926,24.5131,20.4066,18.2834,2004,12,4,2004-12,False
2004-12-06,JSWSTEEL,24.0872,24.5189,23.8282,24.0872,2664721,1.4545,22.6368,21.3176,17.7179,67.7889,0.781077,0.698832,0.0822448,24.6044,20.6692,17.3841,2004,12,4,2004-12,False
2004-12-07,JSWSTEEL,24.3462,24.5189,23.6556,23.8282,2671005,-1.0753,22.8009,21.3919,17.7538,64.2925,0.771895,0.713444,0.0584504,24.5723,21.0294,15.5385,2004,12,4,2004-12,False
2004-12-08,JSWSTEEL,23.8282,24.2599,23.1376,23.3102,2141247,-2.1739,22.8786,21.4523,17.7861,57.8645,0.714582,0.713672,0.000910226,24.5925,21.1646,14.9827,2004,12,4,2004-12,False
2004-12-09,JSWSTEEL,23.4829,23.6556,23.1376,23.3102,1019680,0.0,22.9649,21.5145,17.8211,57.8645,0.661536,0.703245,-0.041709,24.575,21.3548,14.0219,2004,12,4,2004-12,False
2004-12-10,JSWSTEEL,23.5692,23.8282,22.9649,23.1376,1366975,-0.7407,23.0296,21.5663,17.8561,55.7112,0.598662,0.682328,-0.0836658,24.5514,21.5079,13.2156,2004,12,4,2004-12,False
2004-12-13,JSWSTEEL,23.3102,23.8282,23.1376,23.5692,1266965,1.8657,23.116,21.6284,17.891,59.7444,0.577016,0.661266,-0.08425,24.5474,21.6846,12.3847,2004,12,4,2004-12,False
2004-12-14,JSWSTEEL,23.7419,24.0872,23.6556,23.7419,1448559,0.7326,23.2239,21.6975,17.9277,61.2639,0.567254,0.642463,-0.075209,24.4841,21.9637,10.8523,2004,12,4,2004-12,False
2004-12-15,JSWSTEEL,23.8282,24.0872,23.4829,23.8282,1472741,0.3636,23.3189,21.7735,17.9661,62.0355,0.560029,0.625977,-0.0659475,24.4475,22.1902,9.6802,2004,12,4,2004-12,False
2004-12-16,JSWSTEEL,23.8282,24.0009,23.3102,23.3966,910336,-1.8116,23.3793,21.8374,18.0037,56.0259,0.513551,0.603491,-0.0899408,24.3745,22.3841,8.5137,2004,12,4,2004-12,False
2004-12-17,JSWSTEEL,22.2742,23.7419,22.2742,23.2239,1391834,-0.738,23.4311,21.8874,18.0426,53.7816,0.457509,0.574295,-0.116786,24.259,22.6032,7.0667,2004,12,4,2004-12,False
2004-12-20,JSWSTEEL,23.3102,23.7419,23.2239,23.3102,1203005,0.3718,23.4743,21.9203,18.0862,54.7575,0.415276,0.542491,-0.127215,24.1647,22.7838,5.8826,2004,12,4,2004-12,False
2004-12-21,JSWSTEEL,23.7419,24.0872,23.3102,23.6556,1839389,1.4815,23.4743,21.9738,18.1336,58.5295,0.405003,0.514993,-0.109991,24.1647,22.7838,5.8826,2004,12,4,2004-12,False
2004-12-22,JSWSTEEL,23.8282,24.0872,23.3102,23.3102,1017556,-1.4599,23.4527,22.0204,18.179,53.7073,0.36479,0.484953,-0.120163,24.1348,22.7705,5.8173,2004,12,4,2004-12,False
2004-12-23,JSWSTEEL,23.7419,24.1736,23.3966,24.0009,1693129,2.963,23.5045,22.0912,18.2295,60.684,0.384224,0.464807,-0.0805829,24.188,22.8209,5.8162,2004,12,4,2004-12,False
2004-12-24,JSWSTEEL,24.5189,28.4903,24.5189,27.4543,12825001,14.3885,23.729,22.2328,18.2985,78.2965,0.670554,0.505956,0.164598,25.5939,21.864,15.7191,2004,12,4,2004-12,False
2004-12-27,JSWSTEEL,27.6269,29.0083,27.1089,28.5766,9268138,4.0881,23.975,22.3968,18.3788,81.2381,0.976777,0.60012,0.376656,26.8332,21.1168,23.8434,2004,12,4,2004-12,False
2004-12-28,JSWSTEEL,28.8356,31.253,28.8356,31.0803,13812015,8.7613,24.3808,22.604,18.4729,85.8467,1.40529,0.761154,0.644134,28.6104,20.1511,34.6965,2004,12,4,2004-12,False
2004-12-29,JSWSTEEL,31.3393,32.3753,28.4903,30.0443,12677215,-3.3333,24.7261,22.7974,18.5623,77.377,1.64236,0.937394,0.704962,29.6062,19.846,39.473,2004,12,4,2004-12,False
2004-12-30,JSWSTEEL,30.5623,30.735,28.922,29.44,4098106,-2.0115,25.0024,22.9839,18.6434,72.8611,1.76117,1.10215,0.659019,30.297,19.7078,42.353,2004,12,4,2004-12,False
2004-12-31,JSWSTEEL,30.3896,32.807,28.663,29.181,3617758,-0.8798,25.2743,23.1652,18.7203,70.95,1.81352,1.24442,0.569099,30.8478,19.7009,44.1034,2004,12,4,2004-12,False
2005-01-03,JSWSTEEL,29.181,31.0803,29.181,30.3896,3973053,4.142,25.5895,23.3793,18.8014,74.3334,1.93029,1.3816,0.548696,31.5775,19.6014,46.8011,2005,1,1,2005-01,False
2005-01-04,JSWSTEEL,30.476,30.9076,30.0443,30.3896,3540684,0.0,25.9175,23.5761,18.8817,74.3334,1.99978,1.50524,0.494548,32.2105,19.6245,48.5616,2005,1,1,2005-01,False
2005-01-05,JSWSTEEL,30.0443,30.5623,26.4183,28.2313,5024057,-7.1022,26.1636,23.7281,18.9521,59.8881,1.85926,1.57604,0.283221,32.412,19.9152,47.7642,2005,1,1,2005-01,False
2005-01-06,JSWSTEEL,27.6269,28.2313,26.2456,27.3679,3834208,-3.0581,26.3665,23.8645,19.0138,55.2619,1.65911,1.59265,0.0664523,32.487,20.246,46.4265,2005,1,1,2005-01,False
2005-01-07,JSWSTEEL,27.3679,28.5766,27.3679,28.3176,3261740,3.47,26.6255,24.0251,19.0751,59.0126,1.55914,1.58595,-0.0268111,32.6075,20.6434,44.9347,2005,1,1,2005-01,False
2005-01-10,JSWSTEEL,28.7493,29.699,28.2313,28.5766,3601025,0.9146,26.8758,24.1908,19.133,59.9976,1.48371,1.5655,-0.081791,32.7372,21.0144,43.6183,2005,1,1,2005-01,False
2005-01-11,JSWSTEEL,27.9723,29.0083,27.0226,27.2816,2200627,-4.5317,27.0528,24.329,19.1891,53.1235,1.3044,1.51328,-0.208881,32.7265,21.3791,41.9454,2005,1,1,2005-01,False
2005-01-12,JSWSTEEL,27.6269,27.6269,25.0369,25.2959,3491249,-7.2785,27.1262,24.4239,19.2361,44.6719,0.990649,1.40876,-0.418107,32.6606,21.5918,40.8045,2005,1,1,2005-01,False
2005-01-13,JSWSTEEL,24.6052,26.9363,24.6052,26.5046,3003297,4.7782,27.2816,24.5448,19.2888,49.897,0.82996,1.293,-0.463036,32.5428,22.0204,38.5696,2005,1,1,2005-01,False
2005-01-14,JSWSTEEL,26.9363,26.9363,25.6413,25.9003,3547239,-2.2801,27.4154,24.6588,19.3384,47.4824,0.646397,1.16368,-0.51728,32.3692,22.4616,36.1389,2005,1,1,2005-01,False
2005-01-17,JSWSTEEL,26.2456,26.5046,24.8642,25.3823,2938893,-2.0,27.519,24.7555,19.3855,45.4521,0.453891,1.02172,-0.567828,32.1899,22.8481,33.9468,2005,1,1,2005-01,False
2005-01-18,JSWSTEEL,25.9003,26.2456,25.3823,25.4686,2867257,0.3402,27.6097,24.8539,19.433,45.8676,0.304783,0.878332,-0.57355,32.0285,23.1909,32.0089,2005,1,1,2005-01,False
2005-01-19,JSWSTEEL,25.9003,25.9866,25.0369,25.2096,1836759,-1.017,27.7046,24.923,19.4792,44.7661,0.163825,0.735431,-0.571606,31.8045,23.6048,29.5968,2005,1,1,2005-01,False
2005-01-20,JSWSTEEL,25.3823,25.3823,24.6916,24.8643,1824134,-1.3698,27.7478,24.9886,19.524,43.2739,0.0239726,0.593139,-0.569167,31.6989,23.7967,28.4789,2005,1,1,2005-01,False
2005-01-24,JSWSTEEL,25.2096,25.4686,24.2599,24.4326,2651633,-1.7361,27.5967,25.0404,19.5668,41.4154,-0.120307,0.45045,-0.570757,31.817,23.3764,30.5856,2005,1,1,2005-01,False
2005-01-25,JSWSTEEL,24.5189,25.5549,24.0872,25.3823,2972432,3.8869,27.437,25.1112,19.613,46.8258,-0.156218,0.329116,-0.485334,31.7421,23.1319,31.3817,2005,1,1,2005-01,False
2005-01-27,JSWSTEEL,25.6413,26.6773,25.5549,26.2456,3561361,3.4014,27.1953,25.2044,19.6596,51.2349,-0.113702,0.240553,-0.354255,31.1692,23.2213,29.2252,2005,1,1,2005-01,False
2005-01-28,JSWSTEEL,27.2816,28.3176,26.0729,27.4543,4643509,4.6053,27.0658,25.3149,19.7066,56.6537,0.0173229,0.195907,-0.178584,30.811,23.3205,27.6752,2005,1,1,2005-01,False
2005-01-31,JSWSTEEL,28.0586,28.5766,27.3679,27.9723,7431564,1.8868,26.9924,25.4306,19.7589,58.7684,0.161103,0.188946,-0.0278434,30.5966,23.3881,26.7056,2005,1,1,2005-01,False
2005-02-01,JSWSTEEL,28.8356,28.8356,27.2816,27.5406,4558010,-1.5432,26.9104,25.5377,19.8094,56.3033,0.237479,0.198653,0.0388265,30.3769,23.4438,25.7638,2005,2,1,2005-02,False
2005-02-02,JSWSTEEL,27.6269,28.4039,27.5406,27.7133,4348723,0.627,26.7766,25.643,19.8608,57.0789,0.308386,0.220599,0.0877867,29.8634,23.6897,23.0567,2005,2,1,2005-02,False
2005-02-03,JSWSTEEL,28.1449,28.922,27.8859,28.663,5877574,3.4268,26.6902,25.7431,19.9242,61.1616,0.436183,0.263716,0.172467,29.4285,23.9519,20.5193,2005,2,1,2005-02,False
2005-02-04,JSWSTEEL,29.0946,29.8716,28.5766,29.181,6883327,1.8072,26.7377,25.8519,19.989,63.2169,0.572661,0.325505,0.247156,29.6178,23.8576,21.5434,2005,2,1,2005-02,False
2005-02-07,JSWSTEEL,29.7853,32.2027,29.181,31.1666,17531479,6.8047,26.9276,26.0159,20.0636,69.8119,0.831464,0.426697,0.404767,30.4189,23.4364,25.9309,2005,2,1,2005-02,False
2005-02-08,JSWSTEEL,30.3033,32.807,30.3033,31.4256,15151143,0.831,27.083,26.1852,20.1422,70.5535,1.04542,0.550441,0.494975,31.0755,23.0905,29.4834,2005,2,1,2005-02,False
2005-02-09,JSWSTEEL,31.9437,32.2027,31.4256,31.9437,6917423,1.6484,27.2514,26.3509,20.2268,72.0333,1.24245,0.688842,0.553608,31.7597,22.7431,33.0868,2005,2,1,2005-02,False
2005-02-10,JSWSTEEL,32.548,38.3324,32.1163,36.6057,51116068,14.5946,27.7176,26.6237,20.3321,81.1934,1.75456,0.901987,0.852578,33.8683,21.5669,44.3813,2005,2,1,2005-02,False
2005-02-11,JSWSTEEL,31.0803,36.0014,29.5263,32.4617,24269267,-11.3207,28.0759,26.8102,20.4154,61.8127,1.80522,1.08263,0.722587,34.4629,21.6888,45.4984,2005,2,1,2005-02,False
2005-02-14,JSWSTEEL,32.4617,33.584,31.253,32.2027,13024667,-0.7979,28.3608,26.976,20.494,60.8353,1.80367,1.22684,0.576832,34.9576,21.764,46.5207,2005,2,1,2005-02,False
2005-02-15,JSWSTEEL,32.4617,32.4617,31.0803,31.253,6235459,-2.9491,28.6284,27.1262,20.5713,57.2601,1.70615,1.3227,0.383446,35.2392,22.0176,46.1836,2005,2,1,2005-02,False
2005-02-16,JSWSTEEL,31.8573,32.9797,31.253,32.548,13544933,4.1437,28.9867,27.2954,20.6529,60.6557,1.7136,1.40088,0.312721,35.6334,22.34,45.8601,2005,2,1,2005-02,False
2005-02-17,JSWSTEEL,32.548,32.7207,31.253,31.4256,4772655,-3.4483,29.2846,27.4474,20.7349,56.4685,1.61038,1.44278,0.167601,35.8,22.7691,44.4976,2005,2,1,2005-02,False
2005-02-18,JSWSTEEL,31.771,32.03,30.735,30.9076,4040748,-1.6483,29.5695,27.5993,20.8126,54.5953,1.46984,1.4482,0.0216456,35.8279,23.311,42.3305,2005,2,1,2005-02,False
2005-02-21,JSWSTEEL,30.9076,30.9076,30.9076,30.9076,0,0.0,29.8716,27.7513,20.8894,54.5953,1.34298,1.42715,-0.0841741,35.7453,23.998,39.326,2005,2,1,2005-02,False
2005-02-22,JSWSTEEL,30.9076,30.9076,30.9076,30.9076,0,0.0,30.1954,27.9067,20.9727,54.5953,1.22828,1.38738,-0.159098,35.4922,24.8985,35.0838,2005,2,1,2005-02,False
2005-02-23,JSWSTEEL,30.9076,30.9076,30.9076,30.9076,0,0.0,30.4717,28.0534,21.0647,54.5953,1.12442,1.33479,-0.210368,35.2638,25.6795,31.4533,2005,2,1,2005-02,False
2005-02-24,JSWSTEEL,30.9076,30.9076,30.9076,30.9076,0,0.0,30.7048,28.1967,21.1502,54.5953,1.03023,1.27387,-0.243643,35.0655,26.344,28.4044,2005,2,1,2005-02,False
2005-02-25,JSWSTEEL,30.9076,30.9076,30.9076,30.9076,0,0.0,30.8774,28.3383,21.2291,54.5953,0.944697,1.20804,-0.263342,34.9609,26.7939,26.4497,2005,2,1,2005-02,False
2005-02-28,JSWSTEEL,30.9076,30.9076,30.9076,30.9076,0,0.0,31.0242,28.4886,21.3081,54.5953,0.866918,1.13981,-0.272897,34.8723,27.1761,24.8069,2005,2,1,2005-02,False
2005-03-01,JSWSTEEL,30.9076,30.9076,30.9076,30.9076,0,0.0,31.1925,28.6422,21.3867,54.5953,0.796101,1.07107,-0.274971,34.6763,27.7088,22.3369,2005,3,1,2005-03,False
2005-03-02,JSWSTEEL,30.9076,30.9076,30.9076,30.9076,0,0.0,31.3523,28.7942,21.4648,54.5953,0.731544,1.00317,-0.271622,34.4341,28.2705,19.6592,2005,3,1,2005-03,False
2005-03-03,JSWSTEEL,30.9076,30.9076,30.9076,30.9076,0,0.0,31.4645,28.9392,21.5434,54.5953,0.672629,0.937059,-0.26443,34.2865,28.6425,17.9375,2005,3,1,2005-03,False
2005-03-04,JSWSTEEL,30.9076,30.9076,30.9076,30.9076,0,0.0,31.5508,29.0912,21.6228,54.5953,0.618806,0.873408,-0.254603,34.1775,28.9241,16.6507,2005,3,1,2005-03,False
2005-03-07,JSWSTEEL,30.9076,30.9076,30.9076,30.9076,0,0.0,31.5379,29.2293,21.7027,54.5953,0.569584,0.812644,-0.243059,34.1751,28.9007,16.7241,2005,3,1,2005-03,False
2005-03-08,JSWSTEEL,30.9076,30.9076,30.9076,30.9076,0,0.0,31.512,29.2984,21.7869,54.5953,0.524529,0.755021,-0.230491,34.164,28.86,16.8317,2005,3,1,2005-03,False
2005-03-09,JSWSTEEL,30.9076,30.9076,30.9076,30.9076,0,0.0,31.4602,29.345,21.8741,54.5953,0.483253,0.700667,-0.217415,34.1171,28.8032,16.8909,2005,3,1,2005-03,False
2005-03-10,JSWSTEEL,30.9076,30.9076,30.9076,30.9076,0,0.0,31.1753,29.3415,21.9595,54.5953,0.445406,0.649615,-0.204209,32.2743,30.0762,7.0509,2005,3,1,2005-03,False
2005-03-11,JSWSTEEL,30.9076,30.9076,30.9076,30.9076,0,0.0,31.0976,29.3588,22.045,54.5953,0.410678,0.601828,-0.191149,32.0191,30.176,5.9268,2005,3,1,2005-03,False
2005-03-14,JSWSTEEL,30.9076,30.9076,30.9076,30.9076,0,0.0,31.0328,29.3882,22.1331,54.5953,0.37879,0.55722,-0.17843,31.7958,30.2699,4.917,2005,3,1,2005-03,False
2005-03-15,JSWSTEEL,30.9076,30.9076,30.9076,30.9076,0,0.0,31.0156,29.4227,22.2203,54.5953,0.349489,0.515674,-0.166185,31.7731,30.258,4.8852,2005,3,1,2005-03,False
2005-03-16,JSWSTEEL,30.9076,30.9076,30.9076,30.9076,0,0.0,30.9335,29.4331,22.307,54.5953,0.32255,0.477049,-0.154499,31.1652,30.7019,1.4978,2005,3,1,2005-03,False
2005-03-17,JSWSTEEL,30.9076,30.9076,30.9076,30.9076,0,0.0,30.9076,29.4434,22.3947,54.5953,0.297768,0.441193,-0.143425,30.9076,30.9076,0.0,2005,3,1,2005-03,False
2005-03-18,JSWSTEEL,30.9076,30.9076,30.9076,30.9076,0,0.0,30.9076,29.4969,22.4814,54.5953,0.274959,0.407946,-0.132987,30.9076,30.9076,0.0,2005,3,1,2005-03,False
2005-03-21,JSWSTEEL,30.9076,30.9076,30.9076,30.9076,0,0.0,30.9076,29.5677,22.5673,54.5953,0.253955,0.377148,-0.123193,30.9076,30.9076,0.0,2005,3,1,2005-03,False
2005-03-22,JSWSTEEL,30.9076,30.9076,30.9076,30.9076,0,0.0,30.9076,29.6195,22.6554,54.5953,0.234605,0.348639,-0.114035,30.9076,30.9076,0.0,2005,3,1,2005-03,False
2005-03-23,JSWSTEEL,34.3718,34.6362,28.9781,29.4729,20877100,-4.6421,30.8359,29.6375,22.7393,36.2705,0.102316,0.299375,-0.197058,31.4776,30.1943,4.1617,2005,3,1,2005-03,False
2005-03-24,JSWSTEEL,29.4729,29.4729,29.4729,29.4729,0,0.0,30.7642,29.6813,22.8228,36.2705,-0.0024945,0.239001,-0.241495,31.6474,29.8809,5.7419,2005,3,1,2005-03,False
2005-03-28,JSWSTEEL,28.4568,29.7675,28.3284,28.6192,12357940,-2.8963,30.6497,29.7478,22.9028,29.45,-0.152678,0.160665,-0.313343,31.9494,29.3501,8.4809,2005,3,1,2005-03,False
2005-03-29,JSWSTEEL,28.9252,28.9932,27.4408,27.8034,6240720,-2.8507,30.4945,29.7737,22.9784,24.6742,-0.333686,0.0617949,-0.395481,32.3054,28.6836,11.8769,2005,3,1,2005-03,False
2005-03-30,JSWSTEEL,27.7241,28.0942,27.199,27.3577,4663490,-1.6031,30.317,29.8029,23.0526,22.5252,-0.507253,-0.0520147,-0.455238,32.5935,28.0406,15.0178,2005,3,1,2005-03,False
2005-03-31,JSWSTEEL,27.6485,28.3284,26.9422,27.3841,12030150,0.0967,30.1409,29.8429,23.1274,22.9539,-0.635349,-0.168682,-0.466667,32.7465,27.5353,17.2895,2005,3,1,2005-03,False
2005-04-01,JSWSTEEL,27.6485,29.9526,27.301,29.5786,10562900,8.0138,30.0744,29.9251,23.2127,48.4502,-0.553408,-0.245627,-0.307781,32.6654,27.4834,17.2306,2005,4,2,2005-04,False
2005-04-04,JSWSTEEL,29.5786,29.5786,29.5786,29.5786,0,0.0,30.008,30.0125,23.2988,48.4502,-0.482902,-0.293082,-0.18982,32.5771,27.4389,17.1228,2005,4,2,2005-04,False
2005-04-05,JSWSTEEL,28.3964,28.5475,27.4974,27.6296,2798150,-6.5892,29.8441,30.0678,23.3757,36.1338,-0.577635,-0.349993,-0.227643,32.5841,27.1041,18.3621,2005,4,2,2005-04,False
2005-04-06,JSWSTEEL,27.7241,28.3964,27.7241,28.0942,2926250,1.6815,29.7034,30.141,23.4479,40.0462,-0.608213,-0.401637,-0.206576,32.5017,26.905,18.8419,2005,4,2,2005-04,False
2005-04-07,JSWSTEEL,28.5097,28.6306,27.6636,27.7845,1894760,-1.1024,29.5472,30.1891,23.5161,38.3592,-0.649945,-0.451298,-0.198647,32.4104,26.684,19.3805,2005,4,2,2005-04,False
2005-04-08,JSWSTEEL,28.1396,28.1396,27.2142,27.3539,1761330,-1.5498,29.3695,30.2112,23.5803,36.0833,-0.709584,-0.502956,-0.206629,32.3171,26.422,20.0723,2005,4,2,2005-04,False
2005-04-11,JSWSTEEL,27.3086,27.573,26.9686,27.3237,2436630,-0.1105,29.1903,30.2086,23.6405,35.9221,-0.750634,-0.552491,-0.198143,32.1797,26.201,20.4816,2005,4,2,2005-04,False
2005-04-12,JSWSTEEL,27.3237,27.9507,27.2066,27.8676,1988080,1.9906,29.0383,30.2065,23.7022,41.0253,-0.730853,-0.588164,-0.14269,31.9686,26.1081,20.1818,2005,4,2,2005-04,False
2005-04-13,JSWSTEEL,28.1773,28.2906,27.3539,27.675,2307850,-0.6912,28.8767,30.2092,23.7624,39.8159,-0.722393,-0.61501,-0.107383,31.7284,26.0251,19.7506,2005,4,2,2005-04,False
2005-04-15,JSWSTEEL,27.4257,27.573,26.5154,26.7571,1662220,-3.3165,28.6692,30.1901,23.8172,34.5844,-0.780751,-0.648158,-0.132593,31.5026,25.8358,19.7661,2005,4,2,2005-04,False
2005-04-18,JSWSTEEL,26.0621,27.3237,26.0621,27.0706,7291930,1.1717,28.4773,30.1583,23.8723,37.6002,-0.792566,-0.677039,-0.115527,31.1896,25.7651,19.0484,2005,4,2,2005-04,False
2005-04-19,JSWSTEEL,27.2708,27.8374,25.8355,26.1943,3898010,-3.2371,28.2417,30.0985,23.9238,33.0181,-0.862695,-0.71417,-0.148524,30.8829,25.6004,18.7046,2005,4,2,2005-04,False
2005-04-20,JSWSTEEL,26.4399,26.9535,26.1377,26.8704,3159940,2.5811,28.0398,30.0126,23.9865,39.1769,-0.853873,-0.742111,-0.111762,30.4282,25.6515,17.0354,2005,4,2,2005-04,False
2005-04-21,JSWSTEEL,26.9611,27.4786,26.5154,27.2784,2540420,1.5181,27.8583,29.9297,24.0504,42.6059,-0.80469,-0.754627,-0.050063,29.8473,25.8693,14.2794,2005,4,2,2005-04,False
2005-04-22,JSWSTEEL,27.573,27.6485,26.8553,27.0593,1446850,-0.8031,27.7377,29.832,24.1097,41.2605,-0.774462,-0.758594,-0.0158681,29.6033,25.8721,13.4517,2005,4,2,2005-04,False
2005-04-25,JSWSTEEL,27.1197,27.1953,26.4021,26.5041,1250420,-2.0519,27.5892,29.6299,24.1654,37.9868,-0.786245,-0.764124,-0.0221207,29.3426,25.8359,12.7103,2005,4,2,2005-04,False
2005-04-26,JSWSTEEL,26.6589,26.6967,25.8733,26.0508,1768610,-1.7101,27.4608,29.5017,24.2153,35.5098,-0.822673,-0.775834,-0.0468395,29.2718,25.6498,13.1895,2005,4,2,2005-04,False
2005-04-27,JSWSTEEL,26.0621,26.2132,24.9403,25.1632,1543540,-3.4073,27.3288,29.3609,24.2466,31.2169,-0.912647,-0.803196,-0.109451,29.4007,25.2569,15.163,2005,4,2,2005-04,False
2005-04-28,JSWSTEEL,25.3067,25.4389,24.506,24.7515,2523130,-1.6361,27.1985,29.2309,24.2767,29.4392,-1.00558,-0.843673,-0.161908,29.5691,24.8279,17.4318,2005,4,2,2005-04,False
2005-04-29,JSWSTEEL,25.135,25.1619,23.9728,24.2145,2178070,-2.1695,27.04,29.0642,24.3071,27.2587,-1.10977,-0.896893,-0.212877,29.7568,24.3232,20.095,2005,4,2,2005-04,False
2005-05-02,JSWSTEEL,24.3909,24.5444,23.2747,23.8463,3395040,-1.5207,26.7534,28.9126,24.3366,25.8451,-1.20813,-0.95914,-0.248987,29.5509,23.9559,20.9132,2005,5,2,2005-05,False
2005-05-03,JSWSTEEL,23.8232,24.3564,23.7849,23.969,3020790,0.5147,26.4729,28.7739,24.3653,27.2003,-1.26163,-1.01964,-0.241991,29.2017,23.7441,20.6159,2005,5,2,2005-05,False
2005-05-04,JSWSTEEL,24.1263,24.4715,24.0112,24.2874,2146130,1.3282,26.3058,28.6415,24.394,30.7362,-1.26377,-1.06846,-0.195307,29.1435,23.4681,21.575,2005,5,2,2005-05,False
2005-05-05,JSWSTEEL,24.4715,26.2282,24.4331,25.135,4882200,3.4902,26.1578,28.526,24.4186,39.2035,-1.18343,-1.09146,-0.0919702,28.9102,23.4054,21.0446,2005,5,2,2005-05,False
2005-05-06,JSWSTEEL,25.2002,25.2731,24.4408,25.0813,3046280,-0.2136,26.0227,28.4095,24.4439,38.8793,-1.11128,-1.09542,-0.0158558,28.7033,23.342,20.6022,2005,5,2,2005-05,False
2005-05-09,JSWSTEEL,25.0468,25.6529,25.0085,25.5033,1779790,1.6822,25.9301,28.3014,24.4769,42.877,-1.00843,-1.07802,0.0695954,28.5442,23.3161,20.1624,2005,5,2,2005-05,False
2005-05-10,JSWSTEEL,25.649,26.1592,25.2463,25.8983,2830730,1.5491,25.8589,28.2012,24.5088,46.4114,-0.884838,-1.03938,0.154547,28.3894,23.3284,19.5715,2005,5,2,2005-05,False
2005-05-11,JSWSTEEL,25.8983,25.8983,25.0928,25.2501,2476000,-2.503,25.728,28.0881,24.5371,41.8373,-0.829637,-0.997435,0.167799,28.0859,23.3701,18.3296,2005,5,2,2005-05,False
2005-05-12,JSWSTEEL,23.2364,25.8331,23.2364,25.6107,1226890,1.4279,25.6248,27.9821,24.568,45.0795,-0.748171,-0.947582,0.199411,27.7973,23.4523,16.9563,2005,5,2,2005-05,False
2005-05-13,JSWSTEEL,25.6222,26.2359,25.2041,25.8907,1326830,1.0933,25.5815,27.8818,24.5995,47.5259,-0.653482,-0.888762,0.23528,27.6926,23.4703,16.5051,2005,5,2,2005-05,False
2005-05-16,JSWSTEEL,26.1898,26.7729,25.7756,26.0172,1296170,0.4889,25.5288,27.784,24.6311,48.6397,-0.561752,-0.82336,0.261609,27.5333,23.5242,15.7043,2005,5,2,2005-05,False
2005-05-17,JSWSTEEL,26.3663,26.3855,25.929,26.0441,1083620,0.1032,25.5213,27.6867,24.6612,48.8875,-0.481339,-0.754956,0.273617,27.5164,23.5261,15.6353,2005,5,2,2005-05,False
2005-05-18,JSWSTEEL,26.0824,26.0824,25.6222,25.9175,1242780,-0.486,25.4736,27.5869,24.685,47.7185,-0.42295,-0.688555,0.265605,27.3765,23.5707,14.94,2005,5,2,2005-05,False
2005-05-19,JSWSTEEL,26.1592,26.3893,25.3383,25.5148,926090,-1.554,25.3854,27.479,24.709,44.1048,-0.404511,-0.631746,0.227235,27.0892,23.6817,13.4233,2005,5,2,2005-05,False
2005-05-20,JSWSTEEL,25.4687,25.7142,24.8589,25.02,709740,-1.9393,25.2835,27.3613,24.7314,40.0881,-0.424926,-0.590382,0.165456,26.7992,23.7678,11.9897,2005,5,2,2005-05,False
2005-05-23,JSWSTEEL,24.9394,25.1542,24.2797,24.3794,1590070,-2.5602,25.1773,27.2307,24.751,35.5717,-0.487177,-0.569741,0.0825643,26.6292,23.7253,11.5342,2005,5,2,2005-05,False
2005-05-24,JSWSTEEL,24.6479,24.6479,23.6084,23.7849,2412880,-2.4386,25.064,27.0883,24.7736,31.9713,-0.577823,-0.571357,-0.00646585,26.5811,23.5468,12.1062,2005,5,2,2005-05,False
2005-05-25,JSWSTEEL,23.8616,24.0687,23.3975,23.4857,2095700,-1.2579,24.9801,26.9398,24.7965,30.3089,-0.666124,-0.590311,-0.0758134,26.6517,23.3084,13.3839,2005,5,2,2005-05,False
2005-05-26,JSWSTEEL,23.6276,23.7734,22.6304,22.7569,2521970,-3.1031,24.8804,26.7768,24.8149,26.6708,-0.78585,-0.629419,-0.156432,26.8251,22.9356,15.6328,2005,5,2,2005-05,False
2005-05-27,JSWSTEEL,22.8605,24.1416,22.7838,23.5548,4761380,3.5058,24.8474,26.6298,24.8364,35.7614,-0.807054,-0.664946,-0.142108,26.8608,22.8339,16.2067,2005,5,2,2005-05,False
2005-05-30,JSWSTEEL,24.0802,24.0879,23.5854,23.8808,2479780,1.3841,24.8491,26.4892,24.8591,39.0848,-0.788461,-0.689649,-0.0988125,26.859,22.8392,16.177,2005,5,2,2005-05,False
2005-05-31,JSWSTEEL,23.9728,24.272,23.7811,24.1454,1907750,1.1083,24.8579,26.354,24.8849,41.7206,-0.743797,-0.700478,-0.0433182,26.8531,22.8628,16.0524,2005,5,2,2005-05,False
2005-06-01,JSWSTEEL,24.318,24.318,23.6737,23.758,2832950,-1.6044,24.8314,26.211,24.907,39.0566,-0.73123,-0.706629,-0.0246015,26.872,22.7909,16.4351,2005,6,2,2005-06,False
2005-06-02,JSWSTEEL,23.6276,23.6276,23.1597,23.3208,2975800,-1.8405,24.7407,26.0593,24.929,36.2435,-0.747933,-0.71489,-0.0330433,26.8832,22.5983,17.3194,2005,6,2,2005-06,False
2005-06-03,JSWSTEEL,23.3975,23.4704,22.9602,23.3246,2642400,0.0164,24.6529,25.9363,24.9567,36.2868,-0.75219,-0.72235,-0.0298401,26.879,22.4268,18.0594,2005,6,2,2005-06,False
2005-06-06,JSWSTEEL,23.2057,23.455,23.2057,23.3361,1269690,0.0493,24.5445,25.8136,24.9841,36.4265,-0.746035,-0.727087,-0.0189483,26.807,22.2821,18.4357,2005,6,2,2005-06,False
2005-06-07,JSWSTEEL,23.3783,23.3975,22.7838,22.8758,933810,-1.9724,24.3934,25.6987,25.0104,33.2837,-0.769429,-0.735555,-0.0338735,26.6788,22.108,18.7378,2005,6,2,2005-06,False
2005-06-08,JSWSTEEL,22.8989,23.1597,22.0205,22.1471,2623750,-3.1858,24.2383,25.5856,25.0331,29.0152,-0.837124,-0.755869,-0.0812554,26.6938,21.7828,20.2614,2005,6,2,2005-06,False
2005-06-09,JSWSTEEL,22.2468,22.7838,22.2468,22.3427,2047080,0.8833,24.0749,25.4853,25.0584,31.5527,-0.865018,-0.777699,-0.087319,26.5803,21.5695,20.8134,2005,6,2,2005-06,False
2005-06-10,JSWSTEEL,22.4769,22.6841,21.9476,22.032,1480220,-1.3906,23.8819,25.3782,25.0762,29.7346,-0.901798,-0.802519,-0.0992793,26.3929,21.371,21.0279,2005,6,2,2005-06,False
2005-06-13,JSWSTEEL,22.3197,22.3964,21.4873,21.5564,1313320,-2.1588,23.6589,25.2178,25.0912,27.1551,-0.958279,-0.833671,-0.124608,26.1637,21.1541,21.1742,2005,6,2,2005-06,False
2005-06-14,JSWSTEEL,21.7904,21.8632,21.2879,21.3914,1737380,-0.7651,23.4263,25.054,25.1058,26.303,-1.00477,-0.86789,-0.136877,25.8616,20.9909,20.7913,2005,6,2,2005-06,False
2005-06-15,JSWSTEEL,21.472,22.1624,21.4643,21.8977,2454480,2.3669,23.2253,24.9394,25.1233,33.2298,-0.989349,-0.892182,-0.0971673,25.4492,21.0013,19.1511,2005,6,2,2005-06,False
2005-06-16,JSWSTEEL,21.8978,22.2046,21.4797,21.5487,1880310,-1.594,23.027,24.8085,25.1357,31.0623,-0.993839,-0.912513,-0.0813258,25.093,20.9609,17.9447,2005,6,2,2005-06,False
2005-06-17,JSWSTEEL,21.6408,21.6408,20.9158,20.9734,1331510,-2.67,22.8246,24.6723,25.1382,27.8388,-1.03193,-0.936396,-0.0955317,24.8613,20.788,17.8458,2005,6,2,2005-06,False
2005-06-20,JSWSTEEL,21.2495,21.3262,20.7202,21.0386,2121200,0.3109,22.6576,24.5459,25.1415,28.7413,-1.04481,-0.958078,-0.0867296,24.7053,20.6099,18.0751,2005,6,2,2005-06,False
2005-06-21,JSWSTEEL,21.4797,21.7788,20.9043,21.2112,2569120,0.8204,22.5289,24.4237,25.144,31.1946,-1.02922,-0.972307,-0.0569161,24.6016,20.4562,18.4006,2005,6,2,2005-06,False
2005-06-22,JSWSTEEL,21.2112,21.6523,21.1805,21.3071,3397040,0.4521,22.42,24.2925,25.1499,32.5832,-0.997635,-0.977373,-0.0202621,24.5099,20.33,18.6435,2005,6,2,2005-06,False
2005-06-23,JSWSTEEL,21.4068,21.7405,20.9427,21.1575,1934680,-0.7021,22.34,24.1621,25.1526,31.5146,-0.973451,-0.976588,0.00313778,24.497,20.183,19.3104,2005,6,2,2005-06,False
2005-06-24,JSWSTEEL,21.0692,21.1536,20.7355,20.8199,1220270,-1.5953,22.2033,24.0434,25.1513,29.1887,-0.970335,-0.975338,0.00500275,24.3826,20.0239,19.631,2005,6,2,2005-06,False
2005-06-27,JSWSTEEL,20.981,20.981,20.0758,20.1372,1314080,-3.2793,22.0161,23.9047,25.1497,25.1459,-1.0113,-0.98253,-0.02877,24.2315,19.8006,20.1259,2005,6,2,2005-06,False
2005-06-28,JSWSTEEL,20.2523,20.3366,18.8369,19.0939,2339680,-5.1809,21.7635,23.7627,25.1433,20.4783,-1.1151,-1.00904,-0.106053,24.1051,19.4219,21.5181,2005,6,2,2005-06,False
2005-06-29,JSWSTEEL,19.0248,20.0221,19.0248,19.8457,23553270,3.9373,21.5679,23.6222,25.1394,30.4907,-1.12374,-1.03198,-0.0917568,23.861,19.2747,21.2645,2005,6,2,2005-06,False
2005-06-30,JSWSTEEL,20.1487,20.1487,19.1975,19.2473,1369590,-3.015,21.3642,23.4616,25.132,27.5207,-1.16544,-1.05867,-0.106763,23.7244,19.004,22.0952,2005,6,2,2005-06,False
2005-07-01,JSWSTEEL,19.1783,19.4468,18.9596,19.0939,2207650,-0.7971,21.1527,23.3023,25.1239,26.7998,-1.19706,-1.08635,-0.110712,23.5314,18.7739,22.491,2005,7,3,2005-07,False
2005-07-04,JSWSTEEL,19.1131,19.5618,19.0632,19.0977,1136120,0.0201,20.9408,23.1542,25.1162,26.8514,-1.2079,-1.11066,-0.0972347,23.2547,18.6268,22.1004,2005,7,3,2005-07,False
2005-07-05,JSWSTEEL,19.2511,19.9454,19.0248,19.4774,2298120,1.9883,20.7708,23.0227,25.1117,31.9631,-1.17232,-1.12299,-0.0493312,22.9834,18.5583,21.3046,2005,7,3,2005-07,False
2005-07-06,JSWSTEEL,19.6385,20.444,19.6385,20.2906,3412110,4.1749,20.678,22.9252,25.1108,41.4061,-1.06623,-1.11164,0.045412,22.8015,18.5546,20.5382,2005,7,3,2005-07,False
2005-07-07,JSWSTEEL,20.6665,21.472,20.0451,20.1717,3118060,-0.586,20.5695,22.8336,25.1094,40.5205,-0.980439,-1.0854,0.104961,22.5519,18.587,19.2753,2005,7,3,2005-07,False
2005-07-08,JSWSTEEL,20.375,21.0961,20.2599,20.4977,3486320,1.6163,20.4927,22.7593,25.1092,44.0539,-0.876044,-1.04353,0.167485,22.3518,18.6337,18.1432,2005,7,3,2005-07,False
2005-07-11,JSWSTEEL,20.8199,20.9427,20.4901,20.6128,1368250,0.5614,20.4456,22.6946,25.1116,45.2893,-0.77509,-0.989841,0.214751,22.2376,18.6535,17.53,2005,7,3,2005-07,False
2005-07-12,JSWSTEEL,20.7125,20.7777,19.9492,20.118,1192290,-2.4004,20.3819,22.6176,25.1108,41.088,-0.726633,-0.9372,0.210566,22.1222,18.6416,17.0768,2005,7,3,2005-07,False
2005-07-13,JSWSTEEL,21.0194,21.0194,19.6577,19.8073,933280,-1.5443,20.2774,22.528,25.1088,38.6627,-0.705172,-0.890794,0.185622,21.88,18.6748,15.8069,2005,7,3,2005-07,False
2005-07-14,JSWSTEEL,19.8687,20.0988,19.6462,19.792,903490,-0.0775,20.1895,22.4212,25.105,38.5417,-0.681546,-0.848944,0.167399,21.6879,18.6911,14.8434,2005,7,3,2005-07,False
2005-07-15,JSWSTEEL,19.792,19.9454,19.5657,19.6616,747310,-0.6589,20.124,22.3128,25.101,37.4684,-0.665671,-0.81229,0.146618,21.5924,18.6555,14.5944,2005,7,3,2005-07,False
2005-07-18,JSWSTEEL,19.7421,20.0988,19.7421,19.907,906180,1.2485,20.0674,22.2008,25.0991,40.8097,-0.626066,-0.775045,0.148979,21.4734,18.6614,14.0126,2005,7,3,2005-07,False
2005-07-19,JSWSTEEL,20.0221,20.6358,19.8917,20.4594,1719780,2.7746,20.0298,22.0921,25.1013,47.5949,-0.54384,-0.728804,0.184964,21.3442,18.7153,13.1249,2005,7,3,2005-07,False
2005-07-20,JSWSTEEL,20.4901,21.0731,20.4901,20.8008,2187420,1.6686,20.0045,22.0031,25.1043,51.31,-0.445988,-0.672241,0.226253,21.232,18.777,12.2722,2005,7,3,2005-07,False
2005-07-21,JSWSTEEL,20.9427,21.6523,20.7816,20.9695,3658890,0.8113,19.9951,21.9103,25.1055,53.0808,-0.350779,-0.607948,0.25717,21.1878,18.8024,11.93,2005,7,3,2005-07,False
2005-07-22,JSWSTEEL,21.1038,21.4797,20.9849,21.1229,2786900,0.7317,20.0102,21.8149,25.1028,54.694,-0.259947,-0.538348,0.278401,21.2537,18.7668,12.4281,2005,7,3,2005-07,False
2005-07-25,JSWSTEEL,21.3262,21.3723,20.9618,21.0501,1739160,-0.345,20.0559,21.7156,25.1031,53.7487,-0.191635,-0.469005,0.277371,21.3831,18.7286,13.2357,2005,7,3,2005-07,False
2005-07-26,JSWSTEEL,21.0616,21.541,20.9427,21.3723,4270180,1.5306,20.1698,21.6221,25.1051,57.2654,-0.110227,-0.39725,0.287022,21.5398,18.7998,13.585,2005,7,3,2005-07,False
2005-07-27,JSWSTEEL,21.2955,21.4029,20.912,21.1114,1050400,-1.2204,20.2331,21.526,25.1084,53.7054,-0.0659972,-0.330999,0.265002,21.656,18.8102,14.0652,2005,7,3,2005-07,False
2005-07-28,JSWSTEEL,21.1114,21.1114,21.1114,21.1114,0,0.0,20.3263,21.4379,25.112,53.7054,-0.0305919,-0.270918,0.240326,21.7213,18.9313,13.7258,2005,7,3,2005-07,False
2005-07-29,JSWSTEEL,19.9454,21.6139,19.9454,20.8429,4663750,-1.2718,20.4137,21.3544,25.1144,49.9949,-0.0239221,-0.221519,0.197597,21.6983,19.1291,12.5857,2005,7,3,2005-07,False
2005-08-01,JSWSTEEL,20.9197,21.0462,20.329,20.5553,924680,-1.3802,20.4866,21.2779,25.1135,46.3035,-0.0413723,-0.185489,0.144117,21.6124,19.3608,10.9907,2005,8,3,2005-08,False
2005-08-02,JSWSTEEL,20.329,20.7049,20.329,20.398,1229560,-0.7651,20.5326,21.2102,25.1137,44.3747,-0.0671178,-0.161815,0.0946973,21.5553,19.51,9.9611,2005,8,3,2005-08,False
2005-08-03,JSWSTEEL,20.5514,20.7509,20.0221,20.4479,1967210,0.2444,20.5405,21.1494,25.1153,45.1548,-0.0825463,-0.145961,0.063415,21.5577,19.5233,9.9044,2005,8,3,2005-08,False
2005-08-04,JSWSTEEL,20.6358,21.472,20.3328,21.2342,2392860,3.8455,20.5936,21.119,25.1209,55.7048,-0.0309676,-0.122963,0.091995,21.6403,19.547,10.1648,2005,8,3,2005-08,False
2005-08-05,JSWSTEEL,21.1805,21.8172,21.146,21.2879,4025890,0.2529,20.6331,21.0736,25.1289,56.3226,0.0140793,-0.0955542,0.109634,21.7233,19.543,10.5671,2005,8,3,2005-08,False
2005-08-08,JSWSTEEL,21.3646,21.7712,20.866,21.0232,1959800,-1.2432,20.6537,21.0165,25.1313,52.44,0.0281,-0.0708234,0.0989233,21.7576,19.5497,10.6898,2005,8,3,2005-08,False
2005-08-09,JSWSTEEL,21.0999,21.4605,20.866,20.9849,2088790,-0.1825,20.697,20.9533,25.1331,51.8817,0.0357044,-0.0495178,0.0852222,21.7802,19.6138,10.4676,2005,8,3,2005-08,False
2005-08-10,JSWSTEEL,21.2035,21.7098,21.1038,21.6101,2086170,2.9793,20.7871,20.9103,25.1384,59.4574,0.0911297,-0.0213883,0.112518,21.8586,19.7157,10.3091,2005,8,3,2005-08,False
2005-08-11,JSWSTEEL,21.8517,22.3925,21.6753,21.9438,4855930,1.5442,20.8947,20.8828,25.1467,62.8219,0.160136,0.0149165,0.145219,21.9775,19.8119,10.3645,2005,8,3,2005-08,False
2005-08-12,JSWSTEEL,21.9438,22.1279,21.5219,21.9284,1970490,-0.0699,21.0081,20.8548,25.1549,62.5648,0.211151,0.0541635,0.156988,22.0196,19.9965,9.63,2005,8,3,2005-08,False
2005-08-16,JSWSTEEL,21.986,22.4693,21.8671,22.1893,2112240,1.1894,21.1222,20.8319,25.1639,65.1739,0.269521,0.097235,0.172286,22.1256,20.1187,9.5013,2005,8,3,2005-08,False
2005-08-17,JSWSTEEL,22.1164,22.6304,22.1164,22.3964,1792510,0.9335,21.219,20.8223,25.1732,67.133,0.328704,0.143529,0.185175,22.3221,20.116,10.3969,2005,8,3,2005-08,False
2005-08-18,JSWSTEEL,22.4769,22.7301,21.2495,21.5756,2692220,-3.665,21.2578,20.8109,25.1787,54.1363,0.305847,0.175993,0.129855,22.3534,20.1622,10.3078,2005,8,3,2005-08,False
2005-08-19,JSWSTEEL,21.6331,22.0013,21.4029,21.7635,2256800,0.8711,21.2975,20.7993,25.1866,56.226,0.299447,0.200683,0.0987634,22.4065,20.1884,10.4151,2005,8,3,2005-08,False
2005-08-22,JSWSTEEL,21.8632,22.3235,21.8287,22.1279,8051860,1.6743,21.3477,20.8012,25.1945,60.0285,0.320088,0.224564,0.0955234,22.5131,20.1823,10.9184,2005,8,3,2005-08,False
2005-08-23,JSWSTEEL,22.2468,22.3082,21.0961,21.2879,1635050,-3.7962,21.3596,20.7958,25.1982,49.3796,0.265602,0.232772,0.0328304,22.5171,20.2022,10.8378,2005,8,3,2005-08,False
2005-08-24,JSWSTEEL,21.0961,21.4797,20.444,20.5744,1937570,-3.3513,21.3197,20.7795,25.1922,42.486,0.162976,0.218813,-0.0558369,22.5292,20.1103,11.3458,2005,8,3,2005-08,False
2005-08-25,JSWSTEEL,20.6512,21.2419,20.5975,21.0501,1134790,2.3117,21.3166,20.7625,25.1896,47.7254,0.118654,0.198781,-0.0801266,22.5286,20.1047,11.3712,2005,8,3,2005-08,False
2005-08-26,JSWSTEEL,21.472,21.472,21.1038,21.192,782110,0.6742,21.3207,20.7554,25.1863,49.2121,0.0938984,0.177804,-0.0839061,22.5303,20.111,11.3471,2005,8,3,2005-08,False
2005-08-29,JSWSTEEL,21.1728,21.1728,20.329,20.9542,680050,-1.1222,21.3262,20.755,25.1819,46.8097,0.0544623,0.153136,-0.0986737,22.5276,20.1249,11.2667,2005,8,3,2005-08,False
2005-08-30,JSWSTEEL,21.2495,21.3799,21.0961,21.1613,552830,0.9885,21.3565,20.7575,25.1798,49.1387,0.0394674,0.130402,-0.090935,22.5055,20.2076,10.7595,2005,8,3,2005-08,False
2005-08-31,JSWSTEEL,21.3071,21.4797,20.9312,21.0808,1485090,-0.3807,21.3907,20.7549,25.1755,48.2538,0.0208435,0.108491,-0.087647,22.4573,20.324,9.973,2005,8,3,2005-08,False
2005-09-01,JSWSTEEL,21.192,21.4758,21.169,21.1997,1164180,0.5641,21.4283,20.7527,25.1706,49.6939,0.0155,0.0898924,-0.0743924,22.4041,20.4524,9.1083,2005,9,3,2005-09,False
2005-09-02,JSWSTEEL,21.4029,21.7175,21.2534,21.3723,1649230,0.8142,21.4352,20.757,25.1665,51.7912,0.0249059,0.0768951,-0.0519893,22.4072,20.4631,9.0695,2005,9,3,2005-09,False
2005-09-05,JSWSTEEL,21.3454,21.7865,20.6742,20.7624,2530200,-2.8535,21.4089,20.7559,25.1581,44.6999,-0.0166589,0.0581843,-0.0748433,22.4251,20.3927,9.4933,2005,9,3,2005-09,False
2005-09-06,JSWSTEEL,20.958,21.2073,20.7202,20.8353,1301530,0.351,21.3995,20.7698,25.144,45.6575,-0.0432203,0.0379034,-0.0811237,22.434,20.365,9.6687,2005,9,3,2005-09,False
2005-09-08,JSWSTEEL,21.0884,21.2879,21.0309,21.1805,1753410,1.6568,21.4093,20.8116,25.1312,50.0678,-0.0360006,0.0231226,-0.0591232,22.4309,20.3876,9.5439,2005,9,3,2005-09,False
2005-09-09,JSWSTEEL,21.0961,21.8632,21.0271,21.6791,3001790,2.3542,21.4127,20.8482,25.1248,55.6651,0.00984359,0.0204668,-0.0106232,22.4377,20.3878,9.5734,2005,9,3,2005-09,False
2005-09-12,JSWSTEEL,21.8632,22.3235,21.8632,22.1125,4219140,1.9993,21.4212,20.9055,25.1205,59.8755,0.0802247,0.0324184,0.0478063,22.4671,20.3752,9.7654,2005,9,3,2005-09,False
2005-09-13,JSWSTEEL,22.1317,23.2441,22.0243,22.8221,6678600,3.209,21.4659,20.9801,25.1163,65.6303,0.191058,0.0641463,0.126912,22.6678,20.2639,11.1984,2005,9,3,2005-09,False
2005-09-14,JSWSTEEL,22.9372,23.5893,22.3312,22.661,6481580,-0.7059,21.4894,21.0514,25.1148,63.4069,0.262865,0.10389,0.158975,22.7673,20.2116,11.8925,2005,9,3,2005-09,False
2005-09-15,JSWSTEEL,22.7838,22.9372,22.6265,22.7454,3713050,0.3724,21.5069,21.1167,25.1128,64.0931,0.32286,0.147684,0.175176,22.845,20.1688,12.4433,2005,9,3,2005-09,False
2005-09-16,JSWSTEEL,23.0139,24.3526,22.8758,24.1301,9065660,6.0877,21.6346,21.1935,25.1139,73.0302,0.476644,0.213476,0.263168,23.4149,19.8543,16.4579,2005,9,3,2005-09,False
2005-09-19,JSWSTEEL,24.1646,24.7745,24.0496,24.2068,3775290,0.3179,21.7568,21.2742,25.1162,73.4249,0.597817,0.290344,0.307473,23.8772,19.6364,19.4917,2005,9,3,2005-09,False
2005-09-20,JSWSTEEL,24.1646,24.5098,23.0906,23.8041,2036350,-1.6638,21.8406,21.3404,25.1148,67.8145,0.653813,0.363038,0.290775,24.1471,19.5341,21.121,2005,9,3,2005-09,False
2005-09-21,JSWSTEEL,23.8961,24.0112,21.7865,23.0254,4504840,-3.271,21.9275,21.3886,25.1108,58.5067,0.62812,0.416054,0.212066,24.2768,19.5782,21.428,2005,9,3,2005-09,False
2005-09-22,JSWSTEEL,22.8605,22.8989,21.4797,21.5871,4088080,-6.2469,21.9781,21.418,25.1022,45.9579,0.48609,0.430061,0.0560287,24.2469,19.7093,20.646,2005,9,3,2005-09,False
2005-09-23,JSWSTEEL,21.6331,22.9679,21.1076,21.821,2065170,1.0839,22.0167,21.4583,25.0948,47.9149,0.387939,0.421637,-0.0336983,24.2449,19.7884,20.2415,2005,9,3,2005-09,False
2005-09-26,JSWSTEEL,21.8709,22.5536,21.8709,22.3695,2224220,2.5136,22.0755,21.5098,25.0909,52.2778,0.350373,0.407384,-0.057011,24.2741,19.877,19.9183,2005,9,3,2005-09,False
2005-09-27,JSWSTEEL,22.6304,23.129,22.4002,22.6841,1982140,1.406,22.162,21.5703,25.0865,54.6249,0.342039,0.394315,-0.0522764,24.3103,20.0137,19.3874,2005,9,3,2005-09,False
2005-09-28,JSWSTEEL,22.7838,22.9334,22.6419,22.6917,1268200,0.0338,22.2385,21.626,25.0812,54.6835,0.332223,0.381897,-0.0496737,24.3454,20.1317,18.9478,2005,9,3,2005-09,False
2005-09-29,JSWSTEEL,22.7838,23.1674,22.4769,22.7109,2471890,0.0845,22.3201,21.671,25.0756,54.8403,0.322277,0.369973,-0.0476961,24.3635,20.2766,18.3104,2005,9,3,2005-09,False
2005-09-30,JSWSTEEL,22.7838,22.8452,21.5564,22.2468,2801070,-2.0436,22.3724,21.6999,25.0699,50.3023,0.273788,0.350736,-0.0769478,24.3475,20.3973,17.6565,2005,9,3,2005-09,False
2005-10-03,JSWSTEEL,22.2468,22.9679,22.2468,22.4654,1123960,0.9827,22.4271,21.7298,25.0661,52.3045,0.250119,0.330612,-0.0804937,24.3453,20.5088,17.1064,2005,10,4,2005-10,False
2005-10-04,JSWSTEEL,22.615,22.8605,22.4424,22.5498,1025770,0.3756,22.5164,21.7584,25.0623,53.0902,0.235456,0.311581,-0.0761251,24.2674,20.7655,15.5525,2005,10,4,2005-10,False
2005-10-05,JSWSTEEL,22.6304,22.7071,22.2928,22.381,765760,-0.7485,22.5937,21.785,25.0559,51.2712,0.207821,0.290829,-0.0830079,24.1588,21.0286,13.8541,2005,10,4,2005-10,False
2005-10-06,JSWSTEEL,22.3235,22.3235,21.6408,21.7405,1251930,-2.862,22.6217,21.7923,25.0481,44.9736,0.132704,0.259204,-0.1265,24.0979,21.1456,13.0505,2005,10,4,2005-10,False
2005-10-07,JSWSTEEL,21.8632,22.0704,21.5065,21.5794,1093830,-0.741,22.6167,21.8017,25.036,43.5256,0.0594873,0.219261,-0.159773,24.1069,21.1266,13.1774,2005,10,4,2005-10,False
2005-10-10,JSWSTEEL,21.5794,21.8134,21.0961,21.215,610910,-1.6886,22.5719,21.8038,25.0048,40.3602,-0.0276215,0.169884,-0.197506,24.1757,20.9681,14.2106,2005,10,4,2005-10,False
2005-10-11,JSWSTEEL,21.2495,21.8556,20.866,21.5295,2489320,1.4825,22.5072,21.8175,24.9695,44.1366,-0.0704643,0.121814,-0.192279,24.1716,20.8429,14.7897,2005,10,4,2005-10,False
2005-10-13,JSWSTEEL,21.1805,21.5679,20.3673,20.6972,1262370,-3.866,22.409,21.8203,24.9176,37.3894,-0.169625,0.0635266,-0.233151,24.2568,20.5613,16.4914,2005,10,4,2005-10,False
2005-10-14,JSWSTEEL,20.5591,21.0961,19.6769,19.7613,2177000,-4.5219,22.2598,21.8076,24.8662,31.5492,-0.32004,-0.0131867,-0.306853,24.4445,20.0752,19.6285,2005,10,4,2005-10,False
2005-10-17,JSWSTEEL,20.329,20.329,19.3624,19.489,1097550,-1.3781,22.0278,21.7884,24.8165,30.077,-0.455964,-0.101742,-0.354222,24.3571,19.6984,21.1492,2005,10,4,2005-10,False
2005-10-18,JSWSTEEL,19.5618,19.9761,19.1859,19.2627,984860,-1.1612,21.7806,21.749,24.7669,28.8713,-0.575314,-0.196457,-0.378858,24.1844,19.3767,22.0736,2005,10,4,2005-10,False
2005-10-19,JSWSTEEL,19.2627,19.2627,18.4111,18.4648,1418030,-4.1418,21.5136,21.6925,24.7072,25.0578,-0.725909,-0.302347,-0.423562,24.1463,18.8809,24.4747,2005,10,4,2005-10,False
2005-10-20,JSWSTEEL,19.0862,19.2051,16.4933,16.9958,3120060,-7.9559,21.2121,21.612,24.6403,19.8567,-0.952813,-0.43244,-0.520373,24.4315,17.9928,30.3538,2005,10,4,2005-10,False
2005-10-21,JSWSTEEL,16.8769,17.2604,16.5969,16.7311,1776380,-1.5573,20.9693,21.5269,24.5828,19.088,-1.14084,-0.574121,-0.566721,24.7527,17.186,36.0845,2005,10,4,2005-10,False
2005-10-24,JSWSTEEL,16.7618,16.9766,16.1251,16.2977,1196060,-2.5905,20.6932,21.4207,24.5274,17.8681,-1.30973,-0.721243,-0.588489,24.9867,16.3996,41.497,2005,10,4,2005-10,False
2005-10-25,JSWSTEEL,16.7695,16.7695,15.6495,15.7454,2093120,-3.389,20.362,21.2967,24.4646,16.4273,-1.47119,-0.871232,-0.599957,25.109,15.6149,46.6269,2005,10,4,2005-10,False
2005-10-26,JSWSTEEL,15.7722,16.3322,15.5037,16.1059,1741400,2.2899,20.033,21.1803,24.4022,20.9106,-1.55216,-1.00742,-0.544741,25.0087,15.0574,49.6748,2005,10,4,2005-10,False
2005-10-27,JSWSTEEL,16.1826,16.1826,15.3043,15.3771,1076650,-4.5249,19.6673,21.044,24.3427,18.7241,-1.65604,-1.13714,-0.518901,24.8894,14.4453,53.1038,2005,10,4,2005-10,False
2005-10-28,JSWSTEEL,15.496,16.033,15.3426,15.4615,1869660,0.5488,19.3048,20.9053,24.2935,19.7702,-1.71183,-1.25208,-0.459751,24.6425,13.9672,55.2984,2005,10,4,2005-10,False
2005-10-31,JSWSTEEL,15.496,16.2248,15.4308,16.0867,1069270,4.0437,18.9968,20.7955,24.2414,27.2421,-1.68616,-1.3389,-0.347262,24.3306,13.6631,56.1542,2005,10,4,2005-10,False
2005-11-02,JSWSTEEL,16.3399,16.4166,15.7645,16.29,625200,1.2637,18.6881,20.6861,24.1934,29.5399,-1.63061,-1.39724,-0.233372,23.8897,13.4864,55.6682,2005,11,4,2005-11,False
2005-11-04,JSWSTEEL,16.29,16.29,16.29,16.29,0,0.0,18.3751,20.5693,24.1479,29.5399,-1.56851,-1.43149,-0.137015,23.3466,13.4036,54.1114,2005,11,4,2005-11,False
2005-11-07,JSWSTEEL,16.478,16.8577,16.033,16.501,1638190,1.2951,18.0811,20.4736,24.1031,32.12,-1.48515,-1.44222,-0.0429246,22.7408,13.4214,51.5424,2005,11,4,2005-11,False
2005-11-08,JSWSTEEL,16.4166,16.7158,16.3399,16.4358,1817650,-0.3952,17.8158,20.3908,24.0592,31.7332,-1.40812,-1.4354,0.0272868,22.1939,13.4378,49.1479,2005,11,4,2005-11,False
2005-11-09,JSWSTEEL,16.4166,16.6467,15.9602,16.1174,1947410,-1.937,17.5427,20.2921,24.0155,29.8437,-1.35711,-1.41974,0.0626331,21.6021,13.4834,46.28,2005,11,4,2005-11,False
2005-11-10,JSWSTEEL,16.4358,16.5317,15.964,16.0522,1922260,-0.4046,17.2846,20.1893,23.9736,29.4568,-1.30689,-1.39717,0.0902861,21.003,13.5662,43.026,2005,11,4,2005-11,False
2005-11-11,JSWSTEEL,16.033,16.4933,16.033,16.4281,1079790,2.3417,17.0295,20.0988,23.9288,34.7114,-1.22266,-1.36227,0.139612,20.1781,13.8809,36.9782,2005,11,4,2005-11,False
2005-11-14,JSWSTEEL,16.7004,17.598,16.4971,16.8424,3175740,2.5216,16.8368,20.0124,23.8818,40.0142,-1.10969,-1.31175,0.202066,19.4698,14.2038,31.2769,2005,11,4,2005-11,False
2005-11-16,JSWSTEEL,17.0265,17.0303,16.735,16.7695,771910,-0.4327,16.6872,19.9262,23.8284,39.4078,-1.01434,-1.25227,0.237926,18.932,14.4424,26.904,2005,11,4,2005-11,False
2005-11-17,JSWSTEEL,16.8769,16.9536,16.6506,16.7196,1055660,-0.2973,16.5487,19.8366,23.7721,38.9726,-0.932065,-1.18823,0.256165,18.3669,14.7305,21.9738,2005,11,4,2005-11,False
2005-11-18,JSWSTEEL,17.107,17.107,16.8002,16.9996,2005540,1.6747,16.4356,19.7492,23.7194,42.7931,-0.834642,-1.11751,0.28287,17.7562,15.1149,16.0707,2005,11,4,2005-11,False
2005-11-21,JSWSTEEL,17.0303,17.0303,16.6467,16.6928,810340,-1.8051,16.347,19.6678,23.6643,39.8489,-0.773281,-1.04867,0.275385,17.2733,15.4207,11.3333,2005,11,4,2005-11,False
2005-11-22,JSWSTEEL,16.6467,16.7925,16.1865,16.2287,1285850,-2.7803,16.3086,19.5756,23.6021,35.8333,-0.753417,-0.989616,0.236199,17.184,15.4333,10.7346,2005,11,4,2005-11,False
2005-11-23,JSWSTEEL,16.3399,16.4933,15.6495,15.7569,1203550,-2.9071,16.2599,19.4672,23.535,32.273,-0.766903,-0.945073,0.178171,17.1446,15.3752,10.8823,2005,11,4,2005-11,False
2005-11-24,JSWSTEEL,16.0254,16.0254,15.4232,15.5306,1045440,-1.4362,16.2216,19.3442,23.4568,30.6975,-0.786782,-0.913415,0.126633,17.164,15.2791,11.6198,2005,11,4,2005-11,False
2005-11-25,JSWSTEEL,15.5306,15.7722,15.4654,15.5114,1936160,-0.1235,16.2099,19.2122,23.3772,30.5613,-0.79492,-0.889716,0.0947959,17.1825,15.2372,12.001,2005,11,4,2005-11,False
2005-11-28,JSWSTEEL,15.6111,15.9985,15.5804,15.7952,1239140,1.8299,16.1943,19.0716,23.2965,35.1464,-0.769595,-0.865692,0.0960967,17.1838,15.2049,12.2196,2005,11,4,2005-11,False
2005-11-29,JSWSTEEL,15.7262,16.3629,15.5497,16.244,2006830,2.8412,16.2377,18.9433,23.1947,41.7009,-0.705184,-0.83359,0.128406,17.1493,15.3261,11.2282,2005,11,4,2005-11,False
2005-11-30,JSWSTEEL,16.2632,16.455,15.8029,15.8834,1029660,-2.2196,16.2588,18.8061,23.1118,38.3476,-0.675445,-0.801961,0.126516,17.1124,15.4051,10.5009,2005,11,4,2005-11,False
2005-12-01,JSWSTEEL,15.7377,16.0292,15.6495,15.7415,557170,-0.8935,16.2415,18.6383,23.0295,37.0835,-0.655769,-0.772723,0.116954,17.1233,15.3597,10.8586,2005,12,4,2005-12,False
2005-12-02,JSWSTEEL,15.8758,16.1097,15.8719,16.0484,888400,1.9493,16.2294,18.4751,22.9535,41.5684,-0.608402,-0.739859,0.131457,17.115,15.3438,10.9137,2005,12,4,2005-12,False
2005-12-05,JSWSTEEL,16.1097,16.2478,15.6533,15.7032,624090,-2.151,16.2001,18.3131,22.8692,38.2639,-0.591896,-0.710266,0.11837,17.1156,15.2845,11.303,2005,12,4,2005-12,False
2005-12-06,JSWSTEEL,15.918,15.918,15.6149,15.6725,443330,-0.1954,16.1587,18.166,22.7905,37.9749,-0.574666,-0.683146,0.10848,17.0917,15.2256,11.5483,2005,12,4,2005-12,False
2005-12-07,JSWSTEEL,15.8029,16.4089,15.7262,15.9333,1274520,1.6642,16.1335,18.053,22.7156,41.9856,-0.533812,-0.653279,0.119468,17.0622,15.2049,11.5121,2005,12,4,2005-12,False
2005-12-08,JSWSTEEL,16.1097,16.3782,15.73,16.3092,1853640,2.3592,16.1431,17.9427,22.6426,47.2769,-0.465734,-0.61577,0.150036,17.075,15.2112,11.5456,2005,12,4,2005-12,False
2005-12-09,JSWSTEEL,16.4166,16.455,16.1174,16.3667,1775710,0.3528,16.1588,17.8227,22.5699,48.0578,-0.4025,-0.573116,0.170616,17.0949,15.2228,11.5857,2005,12,4,2005-12,False
2005-12-12,JSWSTEEL,16.3936,17.41,16.3399,17.3256,4857920,5.8589,16.2037,17.7155,22.502,58.9665,-0.271876,-0.512868,0.240992,17.271,15.1364,13.1732,2005,12,4,2005-12,False
2005-12-13,JSWSTEEL,17.3372,17.6057,16.9613,17.2528,4898900,-0.4206,16.2242,17.6067,22.4337,57.97,-0.17225,-0.444744,0.272494,17.357,15.0915,13.9637,2005,12,4,2005-12,False
2005-12-14,JSWSTEEL,17.5328,18.3881,17.1914,17.3065,3100130,0.3112,16.2511,17.4986,22.3657,58.5261,-0.0879497,-0.373386,0.285436,17.4611,15.0411,14.8912,2005,12,4,2005-12,False
2005-12-15,JSWSTEEL,17.0687,17.7092,17.0687,17.4062,3816880,0.5763,16.2854,17.4018,22.2982,59.5954,-0.0129444,-0.301297,0.288353,17.5869,14.984,15.9831,2005,12,4,2005-12,False
2005-12-16,JSWSTEEL,17.0572,17.8703,17.0572,17.6709,5969830,1.5205,16.319,17.3059,22.232,62.3682,0.0670805,-0.227622,0.294702,17.7282,14.9098,17.2703,2005,12,4,2005-12,False
2005-12-19,JSWSTEEL,17.7207,18.2002,17.7207,18.1388,3008050,2.6481,16.3913,17.2177,22.1682,66.7174,0.166343,-0.148829,0.315172,18.0135,14.7691,19.7935,2005,12,4,2005-12,False
2005-12-20,JSWSTEEL,17.6478,18.3268,17.4139,17.6402,3328800,-2.749,16.4619,17.1229,22.1019,58.9052,0.20244,-0.078575,0.281015,18.1746,14.7492,20.8082,2005,12,4,2005-12,False
2005-12-21,JSWSTEEL,17.598,17.598,17.038,17.3103,6698600,-1.87,16.5395,17.0343,22.0339,54.3697,0.2021,-0.02244,0.22454,18.2585,14.8206,20.7863,2005,12,4,2005-12,False
2005-12-22,JSWSTEEL,17.3065,17.5635,16.9689,17.0917,5374430,-1.263,16.6176,16.9445,21.9648,51.5373,0.18209,0.018466,0.163624,18.2846,14.9505,20.0638,2005,12,4,2005-12,False
2005-12-23,JSWSTEEL,17.2451,17.3372,16.4971,16.9076,5898370,-1.0772,16.6874,16.8584,21.8948,49.2122,0.14965,0.0447027,0.104947,18.2744,15.1004,19.0207,2005,12,4,2005-12,False
2005-12-26,JSWSTEEL,16.8769,17.0917,15.9563,16.1021,1953500,-4.7641,16.7027,16.7498,21.8208,40.5857,0.0582735,0.0474169,0.0108566,18.2591,15.1464,18.6359,2005,12,4,2005-12,False
2005-12-27,JSWSTEEL,16.1097,16.4319,15.9065,16.1059,831770,0.0238,16.6958,16.658,21.7467,40.639,-0.0136757,0.0351984,-0.0488741,18.2619,15.1297,18.7605,2005,12,4,2005-12,False
2005-12-28,JSWSTEEL,16.1136,16.7503,16.1136,16.5815,1301390,2.9531,16.7307,16.5944,21.6751,46.996,-0.0319494,0.0217688,-0.0537182,18.2511,15.2104,18.174,2005,12,4,2005-12,False
2005-12-29,JSWSTEEL,16.6199,17.1991,16.5777,17.1492,2178910,3.4236,16.8011,16.5476,21.6063,53.4093,-0.000617271,0.0172916,-0.0179089,18.2576,15.3446,17.3381,2005,12,4,2005-12,False
2005-12-30,JSWSTEEL,16.8807,17.6939,16.8807,17.6018,4427340,2.6392,16.8788,16.5144,21.5398,57.7941,0.0600429,0.0258419,0.0342011,18.332,15.4256,17.2187,2005,12,4,2005-12,False
2006-01-02,JSWSTEEL,17.644,17.8741,17.3985,17.7629,1132770,0.9152,16.9818,16.5004,21.4741,59.2636,0.119735,0.0446206,0.0751149,18.3748,15.5887,16.4064,2006,1,1,2006-01,False
2006-01-03,JSWSTEEL,17.7974,17.9585,17.2221,17.2835,1023800,-2.6992,17.0623,16.5061,21.406,53.3139,0.126892,0.0610748,0.0658168,18.3159,15.8087,14.6945,2006,1,1,2006-01,False
2006-01-04,JSWSTEEL,17.4139,17.4752,16.9152,17.0418,1095040,-1.3981,17.1178,16.5123,21.3366,50.559,0.111776,0.071215,0.0405609,18.2537,15.9818,13.272,2006,1,1,2006-01,False
2006-01-05,JSWSTEEL,17.3985,17.3985,16.7733,16.8193,1050560,-1.3054,17.1433,16.5228,21.2662,48.0949,0.0809125,0.0731545,0.00775798,18.2243,16.0622,12.6122,2006,1,1,2006-01,False
2006-01-06,JSWSTEEL,17.2067,17.2067,16.6736,16.9459,979030,0.7526,17.1722,16.5468,21.1964,49.6,0.0659069,0.071705,-0.00579812,18.1952,16.1493,11.914,2006,1,1,2006-01,False
2006-01-09,JSWSTEEL,17.644,18.3958,17.0341,17.1377,1977470,1.1317,17.1628,16.5674,21.1347,51.8768,0.0686981,0.0711036,-0.00240552,18.1833,16.1424,11.8916,2006,1,1,2006-01,False
2006-01-10,JSWSTEEL,17.2604,17.4867,16.8807,16.9766,1050560,-0.94,17.149,16.5994,21.0722,49.84,0.0572507,0.068333,-0.0110823,18.1718,16.1262,11.9286,2006,1,1,2006-01,False
2006-01-12,JSWSTEEL,16.9766,17.107,15.7645,16.6314,1123980,-2.0334,17.1153,16.6228,21.0123,45.6994,0.0200917,0.0586848,-0.0385931,18.1605,16.07,12.2142,2006,1,1,2006-01,False
2006-01-13,JSWSTEEL,16.6928,17.0917,16.57,16.6352,758870,0.0231,17.0767,16.6338,20.9564,45.7534,-0.0089442,0.045159,-0.0541032,18.1336,16.0198,12.3779,2006,1,1,2006-01,False
2006-01-16,JSWSTEEL,16.9728,16.9728,15.9947,16.0177,1521250,-3.7123,16.9941,16.6283,20.8997,39.0323,-0.080854,0.0199564,-0.10081,18.1121,15.876,13.158,2006,1,1,2006-01,False
2006-01-17,JSWSTEEL,16.1826,16.3169,15.8029,15.8489,1283940,-1.0536,16.8796,16.6195,20.8421,37.4147,-0.149735,-0.0139819,-0.135753,17.9727,15.7864,12.9524,2006,1,1,2006-01,False
2006-01-18,JSWSTEEL,15.7262,16.01,15.496,15.6303,3149120,-1.3795,16.7791,16.6021,20.7723,35.3698,-0.219436,-0.0550728,-0.164363,17.9449,15.6132,13.8967,2006,1,1,2006-01,False
2006-01-19,JSWSTEEL,15.7223,16.1021,15.6955,15.8106,1930930,1.1534,16.7041,16.5896,20.7035,38.3614,-0.257163,-0.0954909,-0.161673,17.918,15.4902,14.5345,2006,1,1,2006-01,False
2006-01-20,JSWSTEEL,15.8796,15.9563,15.2429,15.6533,6440960,-0.9947,16.6322,16.5803,20.6436,36.7628,-0.296337,-0.13566,-0.160677,17.9177,15.3466,15.4587,2006,1,1,2006-01,False
2006-01-23,JSWSTEEL,15.6495,15.7339,15.0434,15.3925,4550530,-1.6662,16.5564,16.5671,20.5801,34.2161,-0.344457,-0.177419,-0.167038,17.9478,15.165,16.8083,2006,1,1,2006-01,False
2006-01-24,JSWSTEEL,15.496,15.6265,15.1738,15.2275,2405660,-1.0715,16.5127,16.5431,20.5173,32.6746,-0.39139,-0.220214,-0.171176,18.0148,15.0106,18.1934,2006,1,1,2006-01,False
2006-01-25,JSWSTEEL,15.381,15.4577,15.193,15.2544,1308320,0.1763,16.4701,16.5113,20.4568,33.2021,-0.421559,-0.260483,-0.161076,18.0661,14.8741,19.3805,2006,1,1,2006-01,False
2006-01-27,JSWSTEEL,15.2007,16.1596,15.1508,16.01,4903020,4.9535,16.4415,16.4962,20.4002,46.0217,-0.380114,-0.284409,-0.0957047,18.0495,14.8335,19.5604,2006,1,1,2006-01,False
2006-01-30,JSWSTEEL,16.1865,16.2632,15.1892,15.2237,3280440,-4.9114,16.3453,16.4662,20.337,37.8757,-0.406036,-0.308734,-0.0973016,18.0046,14.6859,20.3039,2006,1,1,2006-01,False
2006-01-31,JSWSTEEL,15.2237,15.4155,14.9974,15.0396,1719000,-1.2094,16.2171,16.427,20.2738,36.2574,-0.436405,-0.334268,-0.102137,17.8636,14.5707,20.3053,2006,1,1,2006-01,False
2006-02-01,JSWSTEEL,15.1854,15.1854,14.821,14.89,1642140,-0.9946,16.0735,16.391,20.2145,34.9508,-0.467159,-0.360847,-0.106312,17.652,14.495,19.6413,2006,2,1,2006-02,False
2006-02-02,JSWSTEEL,14.89,14.89,14.3875,14.5064,1648840,-2.576,15.9346,16.3565,20.1517,31.7876,-0.516527,-0.391983,-0.124545,17.5531,14.3162,20.3134,2006,2,1,2006-02,False
2006-02-03,JSWSTEEL,14.3569,14.5678,14.1996,14.2379,960300,-1.8509,15.7945,16.3262,20.0919,29.7573,-0.570739,-0.427734,-0.143005,17.4929,14.0961,21.5063,2006,2,1,2006-02,False
2006-02-06,JSWSTEEL,14.9053,14.913,14.2725,14.3837,2133930,1.0237,15.6727,16.3032,20.0295,32.2857,-0.595081,-0.461203,-0.133877,17.4105,13.9349,22.1763,2006,2,1,2006-02,False
2006-02-07,JSWSTEEL,14.541,14.6522,14.2686,14.3377,829670,-0.32,15.5423,16.2797,19.9648,31.8952,-0.611042,-0.491171,-0.119871,17.2692,13.8153,22.2224,2006,2,1,2006-02,False
2006-02-08,JSWSTEEL,14.4834,14.4834,14.119,14.1612,812170,-1.2306,15.3934,16.2471,19.9003,30.3786,-0.630659,-0.519069,-0.111591,17.0532,13.7337,21.564,2006,2,1,2006-02,False
2006-02-10,JSWSTEEL,14.1612,14.3837,14.1612,14.2993,1140950,0.9751,15.2596,16.2082,19.8393,33.0612,-0.627827,-0.54082,-0.0870065,16.8099,13.7092,20.3197,2006,2,1,2006-02,False
2006-02-13,JSWSTEEL,14.3454,14.6138,14.2303,14.5448,956640,1.7168,15.1552,16.1814,19.7817,37.6601,-0.59887,-0.55243,-0.0464394,16.5937,13.7168,18.9828,2006,2,1,2006-02,False
2006-02-14,JSWSTEEL,14.284,14.844,14.284,14.7327,1399760,1.2922,15.0601,16.1612,19.7296,41.002,-0.554365,-0.552817,-0.00154785,16.328,13.7923,16.8373,2006,2,1,2006-02,False
2006-02-15,JSWSTEEL,14.7327,14.8977,14.3453,14.6177,752320,-0.781,14.9901,16.1326,19.6789,39.6022,-0.522358,-0.546725,0.024367,16.188,13.7922,15.9828,2006,2,1,2006-02,False
2006-02-16,JSWSTEEL,14.4221,15.2084,14.4221,14.913,2055060,2.0205,14.9433,16.1168,19.6324,44.8102,-0.467769,-0.530934,0.0631653,16.0711,13.8156,15.0934,2006,2,1,2006-02,False
2006-02-17,JSWSTEEL,14.5832,15.1585,14.4221,14.4681,1107500,-2.9836,14.8852,16.0927,19.5855,39.3108,-0.455162,-0.51578,0.0606176,15.9833,13.7871,14.7538,2006,2,1,2006-02,False
2006-02-20,JSWSTEEL,14.4988,14.6906,14.307,14.61,1412600,0.9809,14.8252,16.0663,19.5387,41.7658,-0.428777,-0.498379,0.0696023,15.8382,13.8121,13.6665,2006,2,1,2006-02,False
2006-02-21,JSWSTEEL,15.3426,15.3426,14.6522,14.9552,1937120,2.3628,14.7903,16.0392,19.492,47.3453,-0.37568,-0.473839,0.0981594,15.7285,13.852,12.6874,2006,2,1,2006-02,False
2006-02-22,JSWSTEEL,15.1125,15.496,14.959,15.3771,2061530,2.8212,14.7895,16.0194,19.4433,53.2419,-0.296141,-0.4383,0.142158,15.7257,13.8533,12.6603,2006,2,1,2006-02,False
2006-02-23,JSWSTEEL,15.3503,16.0714,15.3503,15.8297,10353150,2.9434,14.8196,15.9895,19.397,58.5982,-0.194344,-0.389509,0.195164,15.8492,13.79,13.895,2006,2,1,2006-02,False
2006-02-24,JSWSTEEL,16.0215,16.3399,15.8413,15.9371,4729390,0.6785,14.8538,15.9631,19.3492,59.7757,-0.103807,-0.332368,0.228561,15.9844,13.7232,15.2232,2006,2,1,2006-02,False
2006-02-27,JSWSTEEL,16.1788,16.1788,15.5919,15.6533,1207520,-1.781,14.8359,15.9301,19.2979,55.2994,-0.0543326,-0.276761,0.222429,15.899,13.7729,14.3306,2006,2,1,2006-02,False
2006-02-28,JSWSTEEL,15.6533,16.033,15.1317,15.7339,2994000,0.5146,14.8614,15.8966,19.2504,56.2996,-0.00852554,-0.223114,0.214588,15.9863,13.7365,15.1385,2006,2,1,2006-02,False
2006-03-01,JSWSTEEL,15.5728,16.2171,15.3503,15.9793,5317390,1.5602,14.9084,15.8628,19.2022,59.289,0.0470428,-0.169083,0.216125,16.1383,13.6786,16.4987,2006,3,1,2006-03,False
2006-03-02,JSWSTEEL,16.1865,17.4369,16.1865,17.272,11647610,8.0893,15.0275,15.8455,19.1591,70.6676,0.193158,-0.0966345,0.289792,16.6489,13.4062,21.5784,2006,3,1,2006-03,False
2006-03-03,JSWSTEEL,17.2604,18.0506,17.0303,17.8166,7757600,3.1535,15.193,15.849,19.1181,73.9691,0.348883,-0.00753099,0.356414,17.2164,13.1697,26.6354,2006,3,1,2006-03,False
2006-03-06,JSWSTEEL,17.9509,19.0248,17.644,18.5722,6670720,4.2411,15.4097,15.8742,19.0807,77.7163,0.527192,0.0994136,0.427778,17.8812,12.9383,32.0769,2006,3,1,2006-03,False
2006-03-07,JSWSTEEL,18.5646,20.6358,18.5646,19.7306,15987270,6.2371,15.6771,15.927,19.0498,81.9952,0.75329,0.230189,0.523101,18.7619,12.5923,39.3545,2006,3,1,2006-03,False
2006-03-08,JSWSTEEL,19.7958,20.0835,18.4111,18.6605,11401380,-5.4238,15.8932,15.9621,19.0155,68.8433,0.83648,0.351447,0.485033,19.1819,12.6045,41.3849,2006,3,1,2006-03,False
2006-03-09,JSWSTEEL,18.6489,19.7383,18.181,19.6501,8577080,5.3032,16.1677,16.033,18.9887,73.1347,0.971067,0.475371,0.495696,19.7507,12.5846,44.3236,2006,3,1,2006-03,False
2006-03-10,JSWSTEEL,19.5887,19.8917,18.9903,19.0785,3391440,-2.9085,16.4066,16.0925,18.9622,67.364,1.01986,0.584268,0.435588,20.1008,12.7125,45.0323,2006,3,1,2006-03,False
2006-03-13,JSWSTEEL,19.1016,19.6194,18.5377,18.718,2432440,-1.8898,16.6153,16.1352,18.9369,63.9365,1.0177,0.670954,0.346742,20.338,12.8926,44.8103,2006,3,1,2006-03,False
2006-03-14,JSWSTEEL,18.8714,18.8714,18.415,18.5837,2298030,-0.7172,16.8078,16.1639,18.9123,62.6582,0.993698,0.735502,0.258195,20.5189,13.0968,44.1586,2006,3,1,2006-03,False
2006-03-16,JSWSTEEL,18.8906,19.0632,18.1963,18.8062,3647390,1.1971,17.0173,16.188,18.8926,63.9447,0.981318,0.784665,0.196652,20.6803,13.3542,43.0512,2006,3,1,2006-03,False
2006-03-17,JSWSTEEL,18.8331,19.1016,18.2577,18.2961,2097480,-2.7126,17.1864,16.1987,18.8663,58.9309,0.91974,0.81168,0.10806,20.7515,13.6213,41.4871,2006,3,1,2006-03,False
2006-03-20,JSWSTEEL,18.4802,19.0057,18.2577,18.8983,3476210,3.2914,17.4079,16.231,18.8414,62.6535,0.909053,0.831155,0.0778977,20.8086,14.0073,39.0702,2006,3,1,2006-03,False
2006-03-21,JSWSTEEL,19.0977,19.5887,18.7947,19.4698,4971140,3.0242,17.6509,16.2795,18.818,65.82,0.93591,0.852106,0.0838044,20.901,14.4009,36.8257,2006,3,1,2006-03,False
2006-03-22,JSWSTEEL,19.5657,19.7498,19.1246,19.558,5167360,0.4531,17.8811,16.3343,18.797,66.295,0.953324,0.87235,0.0809749,20.9755,14.7866,34.6114,2006,3,1,2006-03,False
2006-03-23,JSWSTEEL,19.4851,20.0988,19.1783,19.6385,6099490,0.4119,18.0941,16.3881,18.7786,66.7495,0.96253,0.890386,0.0721441,21.0462,15.142,32.6303,2006,3,1,2006-03,False
2006-03-24,JSWSTEEL,19.7153,20.5361,19.6002,20.3021,6784580,3.3789,18.3177,16.4514,18.7635,70.3017,1.01171,0.91465,0.0970572,21.2248,15.4107,31.7407,2006,3,1,2006-03,False
2006-03-27,JSWSTEEL,20.4172,22.7071,20.4172,22.3695,11353990,10.1833,18.6394,16.5593,18.7586,78.1381,1.20363,0.972446,0.231183,21.8454,15.4333,34.4008,2006,3,1,2006-03,False
2006-03-28,JSWSTEEL,22.6265,23.3975,22.6265,23.0868,14253680,3.2064,19.011,16.6884,18.7597,80.1,1.3975,1.05746,0.340041,22.4728,15.5492,36.4188,2006,3,1,2006-03,False
2006-03-29,JSWSTEEL,23.3208,23.4589,22.7109,23.0178,6540210,-0.2991,19.3752,16.816,18.7641,79.3617,1.52795,1.15156,0.376398,22.917,15.8334,36.56,2006,3,1,2006-03,False
2006-03-30,JSWSTEEL,26.8496,26.8496,20.7892,23.7082,4965750,2.9995,19.7617,16.9699,18.7709,81.2252,1.66783,1.25481,0.413017,23.4278,16.0956,37.103,2006,3,1,2006-03,False
2006-03-31,JSWSTEEL,23.992,24.0112,21.9284,23.2326,4076140,-2.0062,20.0597,17.1175,18.7769,76.1257,1.72047,1.34794,0.372525,23.8409,16.2785,37.6994,2006,3,1,2006-03,False
2006-04-03,JSWSTEEL,23.7043,24.5405,23.5126,24.4024,3654170,5.0355,20.389,17.293,18.7911,79.5299,1.83543,1.44544,0.389987,24.4819,16.2961,40.1483,2006,4,2,2006-04,False
2006-04-04,JSWSTEEL,24.6249,24.6939,23.6583,24.18,6872090,-0.9117,20.6694,17.4604,18.8051,77.2734,1.88683,1.53372,0.353113,24.9997,16.3391,41.9008,2006,4,2,2006-04,False
2006-04-05,JSWSTEEL,24.3181,24.5789,23.8961,24.4178,3240490,0.9835,20.9037,17.6356,18.8177,77.9923,1.92457,1.61189,0.312685,25.5182,16.2893,44.1493,2006,4,2,2006-04,False
2006-04-07,JSWSTEEL,24.5482,25.2002,24.2337,24.8359,5188110,1.7122,21.2125,17.8245,18.8341,79.2357,1.96556,1.68262,0.282939,26.0174,16.4076,45.3026,2006,4,2,2006-04,False
2006-04-10,JSWSTEEL,25.6989,28.3838,24.2643,27.5899,10220140,11.0888,21.6095,18.0718,18.8672,85.1769,2.19497,1.78509,0.409876,27.1296,16.0894,51.0898,2006,4,2,2006-04,False
2006-04-12,JSWSTEEL,28.0003,28.0732,26.4852,27.0874,7873340,-1.8212,22.0099,18.3084,18.8974,80.6432,2.30961,1.88999,0.419611,27.9062,16.1137,53.5778,2006,4,2,2006-04,False
2006-04-13,JSWSTEEL,27.6167,27.6167,25.7065,26.9071,4963720,-0.6655,22.4194,18.5264,18.9259,79.0181,2.35872,1.98374,0.374981,28.4879,16.3509,54.1363,2006,4,2,2006-04,False
2006-04-17,JSWSTEEL,27.4326,28.4606,27.0145,28.1882,4693490,4.7612,22.8996,18.7857,18.9603,81.8216,2.47252,2.08149,0.391022,29.2056,16.5937,55.0745,2006,4,2,2006-04,False
2006-04-18,JSWSTEEL,28.38,28.5373,27.0797,27.8622,6347620,-1.1566,23.3524,19.0421,18.9938,78.9312,2.50749,2.16669,0.340795,29.721,16.9839,54.543,2006,4,2,2006-04,False
2006-04-19,JSWSTEEL,28.077,28.4184,26.0824,27.0951,12610550,-2.7533,23.7924,19.2862,19.0252,72.4463,2.44512,2.22238,0.222739,29.9006,17.6842,51.3458,2006,4,2,2006-04,False
2006-04-20,JSWSTEEL,27.2331,28.2649,26.7729,27.494,11076550,1.4723,24.2222,19.546,19.062,73.6582,2.40021,2.25794,0.142264,30.0851,18.3592,48.4099,2006,4,2,2006-04,False
2006-04-21,JSWSTEEL,27.9197,27.9197,25.6644,26.2205,8053780,-4.6317,24.5597,19.7856,19.0976,63.9831,2.23609,2.25357,-0.0174871,30.0351,19.0842,44.5889,2006,4,2,2006-04,False
2006-04-24,JSWSTEEL,26.489,26.6578,25.6989,26.117,4914040,-0.395,24.8876,20.0203,19.129,63.2554,2.07376,2.21761,-0.143854,29.8647,19.9105,39.9966,2006,4,2,2006-04,False
2006-04-25,JSWSTEEL,26.3126,26.3893,25.6222,25.8178,2830680,-1.1455,25.1966,20.2499,19.1618,61.0937,1.89907,2.1539,-0.254827,29.5269,20.8663,34.3718,2006,4,2,2006-04,False
2006-04-26,JSWSTEEL,26.4583,26.8304,25.6989,26.5082,3904440,2.6742,25.5069,20.4968,19.1989,64.1393,1.79565,2.08225,-0.286601,29.2035,21.8104,28.9847,2006,4,2,2006-04,False
2006-04-27,JSWSTEEL,26.8304,27.5707,26.8304,27.2446,3450000,2.7782,25.7507,20.7557,19.2396,67.098,1.75291,2.01638,-0.263477,29.2116,22.2898,26.8801,2006,4,2,2006-04,False
2006-04-28,JSWSTEEL,26.466,26.8496,23.0139,26.4775,4833560,-2.8157,25.9202,20.9944,19.2746,61.414,1.63824,1.94076,-0.302511,29.1566,22.6838,24.9718,2006,4,2,2006-04,False
2006-05-02,JSWSTEEL,27.3099,27.9542,24.5482,27.3482,5504500,3.2884,26.1367,21.2467,19.3099,65.0345,1.5992,1.87244,-0.273247,29.1255,23.148,22.87,2006,5,2,2006-05,False
2006-05-03,JSWSTEEL,27.8468,27.8468,26.5159,27.2868,1997320,-0.2244,26.3157,21.5001,19.3455,64.5745,1.54548,1.80705,-0.261567,29.1147,23.5166,21.2727,2006,5,2,2006-05,False
2006-05-04,JSWSTEEL,27.6167,27.6167,26.466,26.6616,1611780,-2.2913,26.4871,21.735,19.3763,59.9252,1.43591,1.73282,-0.296909,28.8819,24.0924,18.0824,2006,5,2,2006-05,False
2006-05-05,JSWSTEEL,26.9263,27.1564,26.466,26.6693,2196850,0.0288,26.6005,21.9791,19.4066,59.9633,1.33432,1.65312,-0.318805,28.7851,24.4158,16.4258,2006,5,2,2006-05,False
2006-05-08,JSWSTEEL,26.7729,26.9109,26.0134,26.3049,2608170,-1.3663,26.7067,22.213,19.4375,57.1829,1.21045,1.56459,-0.354142,28.5803,24.8331,14.0306,2006,5,2,2006-05,False
2006-05-09,JSWSTEEL,26.5427,26.5427,25.6989,25.7603,1125260,-2.0706,26.7738,22.4291,19.4673,53.2114,1.05615,1.4629,-0.406749,28.3791,25.1686,11.9912,2006,5,2,2006-05,False
2006-05-10,JSWSTEEL,26.0633,26.2359,25.1619,25.2808,1633730,-1.8612,26.7961,22.6271,19.4947,49.9243,0.884983,1.34732,-0.462334,28.2972,25.2949,11.2041,2006,5,2,2006-05,False
2006-05-11,JSWSTEEL,25.8523,25.8523,23.6276,24.0227,2573580,-4.9765,26.6177,22.791,19.5166,42.5045,0.64043,1.20594,-0.565509,28.5167,24.7188,14.2684,2006,5,2,2006-05,False
2006-05-12,JSWSTEEL,24.0227,24.7707,23.1674,24.0726,2637920,0.2075,26.467,22.9537,19.5374,42.8669,0.445508,1.05385,-0.608345,28.6642,24.2698,16.6033,2006,5,2,2006-05,False
2006-05-15,JSWSTEEL,24.1646,24.1646,22.0934,22.5882,2127970,-6.1663,26.251,23.0924,19.548,35.6604,0.169301,0.876943,-0.707642,29.0363,23.4657,21.2206,2006,5,2,2006-05,False
2006-05-16,JSWSTEEL,23.3975,23.3975,21.3301,22.8758,3632690,1.2736,25.9854,23.2352,19.5584,37.8413,-0.0260816,0.696338,-0.72242,28.9969,22.9739,23.1784,2006,5,2,2006-05,False
2006-05-17,JSWSTEEL,23.7811,24.6249,23.0139,24.4983,8689960,7.0926,25.8172,23.4056,19.576,48.4539,-0.049433,0.547184,-0.596617,28.7624,22.872,22.8156,2006,5,2,2006-05,False
2006-05-18,JSWSTEEL,23.8041,23.8578,19.9454,21.9668,7998320,-10.3335,25.5608,23.4995,19.5803,37.6521,-0.269111,0.383925,-0.653035,28.9036,22.218,26.1561,2006,5,2,2006-05,False
2006-05-19,JSWSTEEL,22.3005,22.9295,20.2561,20.8813,2091920,-4.9415,25.2302,23.5608,19.5794,34.1378,-0.524748,0.20219,-0.726938,29.043,21.4173,30.2243,2006,5,2,2006-05,False
2006-05-22,JSWSTEEL,22.2391,22.2391,17.2681,19.9454,3905380,-4.482,24.9164,23.5883,19.5723,31.4153,-0.793712,0.00300987,-0.796722,29.3657,20.4671,35.7139,2006,5,2,2006-05,False
2006-05-23,JSWSTEEL,21.0194,21.0961,18.7947,20.4018,3513250,2.2885,24.6307,23.6017,19.5687,34.1726,-0.958982,-0.189389,-0.769594,29.4721,19.7892,39.3126,2006,5,2,2006-05,False
2006-05-24,JSWSTEEL,21.1038,21.6254,19.9454,20.0336,1396590,-1.8049,24.3414,23.6292,19.5634,33.0193,-1.10691,-0.372893,-0.734019,29.5606,19.1222,42.8832,2006,5,2,2006-05,False
2006-05-25,JSWSTEEL,19.9454,19.9454,19.2933,19.6884,762350,-1.7231,24.0005,23.6299,19.5576,31.9314,-1.23774,-0.545862,-0.691874,29.5068,18.4941,45.8855,2006,5,2,2006-05,False
2006-05-26,JSWSTEEL,19.7536,22.2468,19.7536,21.5065,7905540,9.2343,23.7135,23.6785,19.5623,42.6495,-1.18109,-0.672908,-0.508186,29.1049,18.3221,45.4711,2006,5,2,2006-05,False
2006-05-29,JSWSTEEL,21.8364,23.3208,21.6446,23.1673,6835010,7.7225,23.548,23.7675,19.5762,50.3418,-0.990769,-0.736481,-0.254288,28.7831,18.3129,44.4632,2006,5,2,2006-05,False
2006-05-30,JSWSTEEL,23.3975,23.7389,22.7838,23.2709,4726250,0.447,23.3442,23.8612,19.5903,50.785,-0.822102,-0.753605,-0.0684969,28.2643,18.4241,42.1526,2006,5,2,2006-05,False
2006-05-31,JSWSTEEL,23.3975,23.3975,20.3481,22.2698,1104790,-4.3019,23.0933,23.9305,19.5955,46.467,-0.760446,-0.754973,-0.00547298,27.6664,18.5203,39.6049,2006,5,2,2006-05,False
2006-06-01,JSWSTEEL,22.9372,22.9372,21.0999,21.2188,3981650,-4.7193,22.8212,23.9889,19.5951,42.3919,-0.787312,-0.761441,-0.0258713,27.1409,18.5015,37.8571,2006,6,2,2006-06,False
2006-06-02,JSWSTEEL,21.7098,22.4386,20.0298,21.8671,1486240,3.0549,22.5811,24.0483,19.5993,45.563,-0.747679,-0.758688,0.0110094,26.517,18.6452,34.8603,2006,6,2,2006-06,False
2006-06-05,JSWSTEEL,22.8605,22.8605,20.7892,21.0002,809580,-3.9642,22.3158,24.0789,19.5994,42.2163,-0.777257,-0.762402,-0.0148551,25.8938,18.7378,32.0668,2006,6,2,2006-06,False
2006-06-06,JSWSTEEL,20.049,20.5591,19.7229,19.9454,784020,-5.0229,22.0251,24.0867,19.5911,38.5097,-0.875718,-0.785065,-0.0906526,25.3615,18.6887,30.296,2006,6,2,2006-06,False
2006-06-07,JSWSTEEL,20.329,20.329,18.718,18.8791,1450650,-5.3461,21.705,24.0715,19.5758,35.1499,-1.02794,-0.833641,-0.194301,24.9534,18.4566,29.9322,2006,6,2,2006-06,False
2006-06-08,JSWSTEEL,17.6747,19.1783,15.7262,17.667,1999450,-6.4201,21.3872,24.0188,19.5545,31.7581,-1.23218,-0.913348,-0.318831,24.9127,17.8618,32.9677,2006,6,2,2006-06,False
2006-06-09,JSWSTEEL,18.4111,20.398,17.2604,19.6117,1667460,11.0074,21.1642,23.9636,19.5416,41.5101,-1.22302,-0.975283,-0.247739,24.5353,17.793,31.8573,2006,6,2,2006-06,False
2006-06-12,JSWSTEEL,19.792,19.9454,18.4188,18.8484,798050,-3.8921,20.9772,23.8789,19.5238,39.1455,-1.2628,-1.03279,-0.230014,24.4297,17.5247,32.9166,2006,6,2,2006-06,False
2006-06-13,JSWSTEEL,17.8741,18.1848,16.8999,17.038,989330,-9.6052,20.6853,23.7593,19.5012,34.1732,-1.424,-1.11103,-0.312967,24.4361,16.9345,36.2658,2006,6,2,2006-06,False
2006-06-14,JSWSTEEL,17.2566,18.2577,15.8796,16.1711,1547840,-5.0878,20.2689,23.6085,19.4732,32.0725,-1.60321,-1.20947,-0.393747,24.0858,16.4521,37.6618,2006,6,2,2006-06,False
2006-06-15,JSWSTEEL,17.12,18.7347,17.12,18.4357,1531540,14.004,20.0924,23.5126,19.4547,42.088,-1.5447,-1.27651,-0.268189,23.9052,16.2796,37.9528,2006,6,2,2006-06,False
2006-06-16,JSWSTEEL,18.7028,19.4883,17.9413,18.1805,1262530,-1.3841,19.9573,23.3882,19.4392,41.3482,-1.50161,-1.32153,-0.18008,23.8431,16.0716,38.9408,2006,6,2,2006-06,False
2006-06-19,JSWSTEEL,18.4198,19.8551,18.3679,19.6039,3009610,7.8289,19.9403,23.2966,19.4343,46.9496,-1.3372,-1.32467,-0.0125315,23.8293,16.0513,39.0064,2006,6,2,2006-06,False
2006-06-20,JSWSTEEL,19.1374,20.0943,18.4995,19.6438,1261370,0.2034,19.9024,23.2012,19.4273,47.102,-1.18996,-1.29772,0.107762,23.7872,16.0175,39.0388,2006,6,2,2006-06,False
2006-06-21,JSWSTEEL,19.6198,20.7322,19.1414,20.481,2084180,4.2623,19.9247,23.1141,19.4238,50.329,-0.994256,-1.23703,0.242775,23.8179,16.0316,39.0786,2006,6,2,2006-06,False
2006-06-22,JSWSTEEL,20.6525,21.1309,20.3335,20.6923,1263880,1.0317,19.9749,22.9761,19.4224,51.1391,-0.812739,-1.15217,0.339434,23.8811,16.0687,39.1109,2006,6,2,2006-06,False
2006-06-23,JSWSTEEL,20.7322,21.6891,19.6238,21.5176,2816530,3.9884,19.9755,22.8647,19.4242,54.2759,-0.595426,-1.04082,0.445397,23.8826,16.0684,39.119,2006,6,2,2006-06,False
2006-06-26,JSWSTEEL,22.008,22.5662,20.8917,21.41,3468610,-0.5003,19.8876,22.7548,19.4259,53.7908,-0.426968,-0.918052,0.491084,23.5648,16.2105,36.9792,2006,6,2,2006-06,False
2006-06-27,JSWSTEEL,21.9283,22.2871,20.8279,22.0599,2398530,3.0354,19.8271,22.6322,19.4302,56.3283,-0.238278,-0.782097,0.543819,23.3041,16.3501,35.0732,2006,6,2,2006-06,False
2006-06-28,JSWSTEEL,21.5376,21.6014,21.0512,21.3263,1940670,-3.3255,19.7799,22.5015,19.4299,52.8033,-0.14625,-0.654928,0.508678,23.141,16.4188,33.9852,2006,6,2,2006-06,False
2006-06-29,JSWSTEEL,21.5296,22.0878,21.2545,21.5136,1889890,0.8787,19.7946,22.3899,19.4337,53.602,-0.0575331,-0.535449,0.477916,23.1848,16.4045,34.2532,2006,6,2,2006-06,False
2006-06-30,JSWSTEEL,22.327,23.1244,21.7728,21.9482,3729010,2.02,19.7987,22.2789,19.4393,55.4836,0.0472978,-0.4189,0.466197,23.1995,16.3979,34.3535,2006,6,2,2006-06,False
2006-07-03,JSWSTEEL,22.4067,22.6459,21.8804,21.9961,1418130,0.218,19.8485,22.1944,19.4433,55.6966,0.132708,-0.308578,0.441286,23.351,16.346,35.2922,2006,7,3,2006-07,False
2006-07-04,JSWSTEEL,22.7257,22.7257,21.8167,22.0001,1460650,0.0181,19.9512,22.1121,19.4449,55.7156,0.19843,-0.207177,0.405607,23.5838,16.3186,36.4145,2006,7,3,2006-07,False
2006-07-05,JSWSTEEL,21.8206,22.4665,21.6213,22.1476,3941070,0.6705,20.1146,22.0387,19.4451,56.4603,0.259428,-0.113856,0.373284,23.8371,16.3922,37.0124,2006,7,3,2006-07,False
2006-07-06,JSWSTEEL,22.008,22.7576,21.7688,22.6459,2030770,2.2502,20.3636,21.9615,19.4442,58.9704,0.344018,-0.0222808,0.366299,24.0627,16.6645,36.3307,2006,7,3,2006-07,False
2006-07-07,JSWSTEEL,23.0765,23.0765,21.4897,22.1197,1784150,-2.324,20.489,21.859,19.4415,55.342,0.36439,0.0550533,0.309336,24.2503,16.7277,36.7155,2006,7,3,2006-07,False
2006-07-10,JSWSTEEL,22.327,22.327,21.6891,22.1236,687990,0.018,20.6527,21.7719,19.4384,55.3644,0.376516,0.119346,0.25717,24.3985,16.907,36.2734,2006,7,3,2006-07,False
2006-07-11,JSWSTEEL,22.7257,22.7257,21.6253,21.8286,510210,-1.3335,20.8923,21.6615,19.4269,53.2358,0.35819,0.167115,0.191076,24.2582,17.5264,32.2213,2006,7,3,2006-07,False
2006-07-12,JSWSTEEL,18.348,22.0878,18.348,21.8685,1923620,0.1826,21.1771,21.5531,19.4152,53.496,0.342931,0.202278,0.140653,23.7258,18.6285,24.0697,2006,7,3,2006-07,False
2006-07-13,JSWSTEEL,22.327,22.327,21.2106,21.4977,519470,-1.6955,21.3302,21.4498,19.4037,50.6722,0.297489,0.22132,0.0761687,23.5294,19.1311,20.6201,2006,7,3,2006-07,False
2006-07-14,JSWSTEEL,21.2106,21.3582,20.0943,20.9874,541330,-2.3739,21.4706,21.3362,19.3935,46.9953,0.217786,0.220613,-0.00282746,23.1106,19.8306,15.2766,2006,7,3,2006-07,False
2006-07-17,JSWSTEEL,21.1309,21.1309,20.2538,20.3056,358990,-3.2485,21.5057,21.2162,19.3871,42.553,0.0984724,0.196185,-0.0977126,23.0012,20.0102,13.908,2006,7,3,2006-07,False
2006-07-18,JSWSTEEL,20.489,20.5727,19.4165,19.6198,467690,-3.3772,21.5045,21.0934,19.3761,38.6006,-0.0508335,0.146781,-0.197615,23.0063,20.0027,13.9673,2006,7,3,2006-07,False
2006-07-19,JSWSTEEL,19.9308,20.7322,19.4604,19.6517,725630,0.1626,21.463,20.9808,19.3625,38.8849,-0.164687,0.0844876,-0.249175,23.1214,19.8046,15.4536,2006,7,3,2006-07,False
2006-07-20,JSWSTEEL,20.2538,20.7163,19.8551,19.9189,644130,1.3593,21.4243,20.8988,19.3487,41.3352,-0.230703,0.0214495,-0.252152,23.191,19.6577,16.4917,2006,7,3,2006-07,False
2006-07-21,JSWSTEEL,20.7322,20.7322,19.4165,19.5082,526070,-2.0616,21.3239,20.8075,19.3328,38.7623,-0.312554,-0.0453511,-0.267203,23.2859,19.3618,18.4022,2006,7,3,2006-07,False
2006-07-24,JSWSTEEL,19.6079,19.6079,18.5792,19.0258,231130,-2.4729,21.2047,20.7362,19.3143,35.9327,-0.411604,-0.118602,-0.293003,23.4183,18.9911,20.8784,2006,7,3,2006-07,False
2006-07-25,JSWSTEEL,19.1374,19.4564,18.348,18.8384,1770770,-0.9849,21.0436,20.6555,19.2973,34.868,-0.499466,-0.194775,-0.304691,23.4551,18.632,22.9196,2006,7,3,2006-07,False
2006-07-26,JSWSTEEL,18.9062,19.3447,18.3839,18.5314,882700,-1.6296,20.9038,20.5361,19.2776,33.1357,-0.587101,-0.27324,-0.313861,23.5581,18.2496,25.3951,2006,7,3,2006-07,False
2006-07-27,JSWSTEEL,18.7387,18.9381,17.746,18.2722,1544640,-1.3985,20.7418,20.4622,19.2562,31.7038,-0.669744,-0.352541,-0.317203,23.6252,17.8583,27.8033,2006,7,3,2006-07,False
2006-07-28,JSWSTEEL,18.34,18.5713,17.9453,18.037,681270,-1.2873,20.5462,20.4054,19.2345,30.4189,-0.745624,-0.431157,-0.314467,23.61,17.4824,29.8236,2006,7,3,2006-07,False
2006-07-31,JSWSTEEL,18.7387,19.1932,18.34,19.0736,1115050,5.7471,20.4001,20.3879,19.2212,41.6434,-0.713886,-0.487703,-0.226183,23.4515,17.3487,29.9155,2006,7,3,2006-07,False
2006-08-01,JSWSTEEL,19.0736,19.3208,18.5832,18.8384,414920,-1.2333,20.242,20.3567,19.2075,40.064,-0.699649,-0.530092,-0.169556,23.2719,17.2121,29.9368,2006,8,3,2006-08,False
2006-08-02,JSWSTEEL,19.0577,19.8471,18.5832,19.6358,1024740,4.2328,20.1164,20.3487,19.1996,47.3533,-0.616911,-0.547456,-0.0694548,23.0193,17.2135,28.861,2006,8,3,2006-08,False
2006-08-03,JSWSTEEL,19.9348,20.174,19.1374,19.3408,863470,-1.5026,19.9512,20.3417,19.1886,45.1646,-0.568593,-0.551683,-0.0169097,22.6141,17.2882,26.6949,2006,8,3,2006-08,False
2006-08-04,JSWSTEEL,19.5361,19.5361,19.1374,19.1613,386570,-0.9277,19.8032,20.2948,19.181,43.8376,-0.53857,-0.549061,0.0104903,22.2813,17.3252,25.0265,2006,8,3,2006-08,False
2006-08-07,JSWSTEEL,19.5361,19.5361,18.7427,18.97,231790,-0.9987,19.6456,20.2109,19.177,42.4065,-0.524177,-0.544084,0.0199071,21.8925,17.3986,22.8745,2006,8,3,2006-08,False
2006-08-08,JSWSTEEL,19.0178,19.2969,18.9859,19.1015,291880,0.6936,19.5092,20.1275,19.1751,43.7657,-0.496431,-0.534553,0.0381227,21.5165,17.5019,20.5781,2006,8,3,2006-08,False
2006-08-09,JSWSTEEL,19.5281,19.5521,18.8185,19.4723,579950,1.9412,19.3894,20.0716,19.1761,47.5245,-0.439456,-0.515534,0.0760778,21.0619,17.7169,17.2519,2006,8,3,2006-08,False
2006-08-10,JSWSTEEL,19.3009,19.8551,19.2491,19.3966,671430,-0.389,19.2843,20.0351,19.1808,46.8357,-0.395853,-0.491598,0.0957447,20.6316,17.9371,13.9725,2006,8,3,2006-08,False
2006-08-11,JSWSTEEL,19.5361,20.1661,19.0776,19.3567,1303020,-0.2056,19.2028,19.9849,19.1926,46.4541,-0.36036,-0.46535,0.10499,20.288,18.1176,11.3022,2006,8,3,2006-08,False
2006-08-14,JSWSTEEL,19.5919,19.7753,19.3926,19.6438,613340,1.483,19.1697,19.9578,19.2071,49.6358,-0.305547,-0.43339,0.127843,20.1484,18.191,10.2111,2006,8,3,2006-08,False
2006-08-16,JSWSTEEL,19.9268,22.5184,19.9268,22.2512,3931630,13.2738,19.3013,20.0039,19.2369,68.1494,-0.0511161,-0.356935,0.305819,20.9869,17.6156,17.4668,2006,8,3,2006-08,False
2006-08-17,JSWSTEEL,22.327,22.5503,21.3302,21.9881,2853090,-1.1826,19.4181,20.0661,19.2681,65.5314,0.127816,-0.259985,0.387801,21.4864,17.3498,21.303,2006,8,3,2006-08,False
2006-08-18,JSWSTEEL,22.012,22.1675,21.9084,22.0718,1116930,0.3808,19.5257,20.1542,19.2979,65.9793,0.273227,-0.153342,0.42657,21.9046,17.1469,24.3663,2006,8,3,2006-08,False
2006-08-21,JSWSTEEL,22.327,22.6021,21.5416,21.9522,840270,-0.5419,19.6479,20.201,19.3308,64.6862,0.374498,-0.0477743,0.422272,22.2624,17.0335,26.6133,2006,8,3,2006-08,False
2006-08-22,JSWSTEEL,22.7137,23.8022,22.2871,22.626,1657630,3.0694,19.828,20.2765,19.3666,68.4384,0.503323,0.0624452,0.440878,22.7408,16.9151,29.3812,2006,8,3,2006-08,False
2006-08-23,JSWSTEEL,23.1244,23.4633,22.6499,23.2201,2175870,2.6255,20.047,20.4002,19.4023,71.3307,0.645908,0.179138,0.46677,23.2872,16.8069,32.3259,2006,8,3,2006-08,False
2006-08-24,JSWSTEEL,23.3556,23.6826,22.7297,23.0646,1481390,-0.6696,20.2737,20.538,19.4362,69.5346,0.737855,0.290881,0.446974,23.6965,16.8509,33.7663,2006,8,3,2006-08,False
2006-08-25,JSWSTEEL,23.5231,23.5231,22.8852,23.1244,1046240,0.2593,20.5163,20.6318,19.4704,69.8491,0.806256,0.393956,0.4123,24.0285,17.0041,34.2381,2006,8,3,2006-08,False
2006-08-28,JSWSTEEL,23.9218,23.9218,22.8054,23.3756,1069100,1.0862,20.7832,20.7357,19.5047,71.194,0.870695,0.489304,0.381391,24.3135,17.253,33.9719,2006,8,3,2006-08,False
2006-08-29,JSWSTEEL,23.9218,23.9218,23.1363,23.2759,1193230,-0.4264,20.9933,20.8091,19.5389,69.8623,0.903309,0.572105,0.331204,24.5947,17.392,34.309,2006,8,3,2006-08,False
2006-08-30,JSWSTEEL,23.3955,23.3955,22.016,22.1835,1176080,-4.6934,21.1606,20.8599,19.5693,57.2272,0.83142,0.623968,0.207452,24.6495,17.6717,32.9751,2006,8,3,2006-08,False
2006-08-31,JSWSTEEL,22.1356,22.5981,21.9084,21.9721,979580,-0.9525,21.2774,20.8898,19.5989,55.1495,0.748766,0.648928,0.0998387,24.7073,17.8476,32.2393,2006,8,3,2006-08,False
2006-09-01,JSWSTEEL,22.1675,22.311,21.8565,22.0638,1153370,0.4174,21.4136,20.9172,19.627,55.8979,0.682792,0.6557,0.027091,24.7342,18.093,31.014,2006,9,3,2006-09,False
2006-09-04,JSWSTEEL,22.016,22.327,21.8525,22.315,1520230,1.1384,21.5713,20.9331,19.6544,57.9666,0.643357,0.653232,-0.00987447,24.7375,18.405,29.3558,2006,9,3,2006-09,False
2006-09-05,JSWSTEEL,22.008,22.8852,22.008,22.7177,2042170,1.8045,21.7586,20.9593,19.6841,61.1156,0.637253,0.650036,-0.0127832,24.7132,18.8041,27.1572,2006,9,3,2006-09,False
2006-09-06,JSWSTEEL,23.0446,23.0446,22.2472,22.2991,966050,-1.8428,21.9185,20.9641,19.712,56.3862,0.591813,0.638391,-0.0465785,24.6012,19.2359,24.4785,2006,9,3,2006-09,False
2006-09-07,JSWSTEEL,22.7057,22.7057,20.7362,22.2353,1093290,-0.2861,22.0567,20.9823,19.7382,55.6791,0.544379,0.619589,-0.0752101,24.4811,19.6323,21.9833,2006,9,3,2006-09,False
2006-09-08,JSWSTEEL,22.2472,22.5423,21.8884,21.9363,1450060,-1.3448,22.1837,20.9907,19.7644,52.3642,0.477158,0.591103,-0.113945,24.2629,20.1044,18.7454,2006,9,3,2006-09,False
2006-09-11,JSWSTEEL,22.2472,22.2472,21.4499,21.7808,626430,-0.7088,22.3049,20.9874,19.7922,50.6749,0.40665,0.554212,-0.147562,23.9213,20.6884,14.4943,2006,9,3,2006-09,False
2006-09-12,JSWSTEEL,22.319,22.319,21.2904,21.9403,532070,0.7322,22.4197,20.9863,19.8231,52.3721,0.359498,0.515269,-0.155772,23.4659,21.3734,9.3332,2006,9,3,2006-09,False
2006-09-13,JSWSTEEL,22.323,22.323,21.6891,21.701,654080,-1.0903,22.3922,20.9803,19.854,49.6143,0.299375,0.47209,-0.172716,23.485,21.2994,9.7604,2006,9,3,2006-09,False
2006-09-14,JSWSTEEL,21.9841,22.008,21.6891,21.7489,284080,0.2205,22.3802,20.9723,19.8852,50.1793,0.252674,0.428207,-0.175533,23.4966,21.2638,9.9766,2006,9,3,2006-09,False
2006-09-15,JSWSTEEL,21.6931,21.8087,21.2983,21.5615,355260,-0.8616,22.3547,20.9506,19.914,47.9129,0.198258,0.382217,-0.183959,23.5229,21.1865,10.4514,2006,9,3,2006-09,False
2006-09-18,JSWSTEEL,21.7289,21.7449,21.3661,21.3741,430930,-0.8691,22.3258,20.9357,19.9396,45.6905,0.138417,0.333457,-0.19504,23.5625,21.0891,11.0789,2006,9,3,2006-09,False
2006-09-19,JSWSTEEL,21.4499,21.8804,20.8997,21.1349,538380,-1.1192,22.2512,20.9159,19.9659,42.9515,0.0708725,0.28094,-0.210068,23.5875,20.9149,12.011,2006,9,3,2006-09,False
2006-09-20,JSWSTEEL,21.2824,21.4379,20.9116,21.0432,406960,-0.4339,22.1424,20.9002,19.9924,41.9143,0.00983017,0.226718,-0.216888,23.5009,20.7839,12.2703,2006,9,3,2006-09,False
2006-09-21,JSWSTEEL,21.1349,21.7449,21.1349,21.4379,815350,1.8757,22.0611,20.8916,20.0193,47.762,-0.00662044,0.180051,-0.186671,23.3813,20.7408,11.969,2006,9,3,2006-09,False
2006-09-22,JSWSTEEL,21.5296,22.1117,21.4499,21.9841,1988980,2.5479,22.004,20.9013,20.0508,54.5769,0.0241391,0.148868,-0.124729,23.2257,20.7823,11.1044,2006,9,3,2006-09,False
2006-09-25,JSWSTEEL,21.6891,22.4466,21.6891,22.2074,1342280,1.0156,21.9456,20.9257,20.0834,57.0439,0.0657742,0.132249,-0.0664753,22.9901,20.9012,9.5186,2006,9,3,2006-09,False
2006-09-26,JSWSTEEL,21.6891,22.4785,21.6891,21.8924,511030,-1.4183,21.8765,20.9575,20.1132,52.696,0.0725191,0.120303,-0.0477843,22.7124,21.0405,7.6424,2006,9,3,2006-09,False
2006-09-27,JSWSTEEL,21.9682,23.1244,21.9682,22.7057,3513700,3.7151,21.9026,21.0192,20.1452,60.969,0.141858,0.124614,0.017244,22.8086,20.9966,8.2732,2006,9,3,2006-09,False
2006-09-28,JSWSTEEL,22.7257,23.0446,22.2552,22.4267,2655360,-1.2291,21.9253,21.0747,20.1755,57.2679,0.172304,0.134152,0.0381519,22.861,20.9896,8.5352,2006,9,3,2006-09,False
2006-09-29,JSWSTEEL,22.8054,23.6786,22.6459,22.7576,2307640,1.4756,21.96,21.1315,20.2027,60.3421,0.220593,0.15144,0.0691523,22.9661,20.9539,9.163,2006,9,3,2006-09,False
2006-10-03,JSWSTEEL,23.0287,23.3237,22.7337,23.0566,1875270,1.3139,21.9971,21.2024,20.2317,62.9367,0.279765,0.177105,0.10266,23.1075,20.8866,10.0962,2006,10,4,2006-10,False
2006-10-04,JSWSTEEL,23.5071,23.5071,22.6659,22.9171,1019260,-0.6052,22.007,21.2802,20.2597,60.9332,0.311805,0.204045,0.10776,23.1479,20.8662,10.3679,2006,10,4,2006-10,False
2006-10-05,JSWSTEEL,23.1244,23.3556,22.7337,22.9171,889690,0.0,22.0379,21.3618,20.2873,60.9332,0.333355,0.229907,0.103447,23.2437,20.8322,10.9427,2006,10,4,2006-10,False
2006-10-06,JSWSTEEL,23.7623,24.8707,23.0486,24.5278,5611530,7.0285,22.1526,21.4817,20.3216,72.607,0.474931,0.278912,0.196019,23.7944,20.5108,14.8226,2006,10,4,2006-10,False
2006-10-09,JSWSTEEL,24.7112,24.7112,23.846,23.9895,1178830,-2.1944,22.2552,21.5961,20.3508,65.5574,0.537503,0.33063,0.206873,24.086,20.4245,16.4524,2006,10,4,2006-10,False
2006-10-10,JSWSTEEL,23.9258,24.3205,23.531,23.6546,998200,-1.396,22.3489,21.7084,20.3809,61.5527,0.553685,0.375241,0.178444,24.2672,20.4307,17.1663,2006,10,4,2006-10,False
2006-10-11,JSWSTEEL,24.7112,24.7112,23.1483,23.2918,763560,-1.5338,22.4165,21.7928,20.4108,57.4579,0.531112,0.406415,0.124696,24.369,20.464,17.4206,2006,10,4,2006-10,False
2006-10-12,JSWSTEEL,23.5789,24.3524,23.2041,24.2088,2370860,3.937,22.5419,21.9002,20.4464,63.9802,0.580524,0.441237,0.139287,24.6191,20.4647,18.4297,2006,10,4,2006-10,False
2006-10-13,JSWSTEEL,24.3603,24.5597,23.543,23.6546,1716300,-2.2892,22.6372,21.9806,20.4801,58.1753,0.568414,0.466672,0.101741,24.7359,20.5384,18.5427,2006,10,4,2006-10,False
2006-10-16,JSWSTEEL,23.7623,24.2726,23.7623,24.0055,2124480,1.4832,22.7594,22.0739,20.5196,60.6118,0.580436,0.489425,0.0910108,24.8789,20.6398,18.6258,2006,10,4,2006-10,False
2006-10-17,JSWSTEEL,23.1323,24.5996,23.1323,24.3643,3011210,1.4948,22.9089,22.178,20.5609,62.9867,0.611865,0.513913,0.0979516,25.0388,20.7789,18.595,2006,10,4,2006-10,False
2006-10-18,JSWSTEEL,24.3763,25.3092,24.1291,25.1697,6468750,3.3055,23.1106,22.3019,20.6039,67.6947,0.693761,0.549883,0.143879,25.2967,20.9246,18.9182,2006,10,4,2006-10,False
2006-10-19,JSWSTEEL,25.9073,26.4734,24.3205,25.983,52920070,3.2314,23.3576,22.4396,20.6481,71.6206,0.814902,0.602886,0.212015,25.6726,21.0426,19.822,2006,10,4,2006-10,False
2006-10-20,JSWSTEEL,26.7047,26.9519,26.0149,26.2382,7565930,0.982,23.5976,22.5749,20.6912,72.7399,0.92088,0.666485,0.254395,26.0649,21.1303,20.9115,2006,10,4,2006-10,False
2006-10-23,JSWSTEEL,27.0874,27.0874,26.3219,26.6249,1943990,1.4739,23.8297,22.7195,20.7355,74.3886,1.02427,0.738042,0.286226,26.5208,21.1385,22.5864,2006,10,4,2006-10,False
2006-10-26,JSWSTEEL,26.6329,26.8243,25.6003,26.6728,2792050,0.1797,24.0529,22.8658,20.7825,74.5933,1.09741,0.809916,0.287497,26.913,21.1929,23.7814,2006,10,4,2006-10,False
2006-10-27,JSWSTEEL,26.8721,27.6297,26.3538,27.4901,4099320,3.0643,24.3328,23.0227,20.8347,77.8505,1.20742,0.889416,0.318,27.3913,21.2743,25.1391,2006,10,4,2006-10,False
2006-10-30,JSWSTEEL,27.4901,27.51,26.8083,27.1751,2372190,-1.1458,24.5563,23.1212,20.8865,73.9176,1.25471,0.962475,0.292238,27.7637,21.3488,26.1232,2006,10,4,2006-10,False
2006-10-31,JSWSTEEL,27.3506,27.4303,26.4814,27.0755,3050120,-0.3668,24.7887,23.2229,20.9372,72.6666,1.26952,1.02388,0.245636,28.0201,21.5574,26.0709,2006,10,4,2006-10,False
2006-11-01,JSWSTEEL,27.1153,27.4223,26.3937,26.5891,4296270,-1.7965,24.9803,23.3133,20.9844,66.7312,1.22785,1.06468,0.163174,28.1585,21.8021,25.4454,2006,11,4,2006-11,False
2006-11-02,JSWSTEEL,27.1113,27.3027,25.7558,25.9113,5118340,-2.5491,25.123,23.3925,21.0291,59.4449,1.12715,1.07717,0.0499743,28.192,22.0541,24.4312,2006,11,4,2006-11,False
2006-11-03,JSWSTEEL,26.0508,26.3139,25.8754,25.9432,1998810,0.1231,25.2743,23.4588,21.0756,59.668,1.03794,1.06933,-0.0313826,28.1793,22.3693,22.9877,2006,11,4,2006-11,False
2006-11-06,JSWSTEEL,26.1305,27.1472,25.9153,27.0475,5626670,4.257,25.4809,23.5354,21.1277,66.5351,1.04433,1.06433,-0.0199994,28.265,22.6967,21.8529,2006,11,4,2006-11,False
2006-11-07,JSWSTEEL,27.1911,27.3346,25.995,26.7366,2163560,-1.1498,25.5913,23.6088,21.1813,63.2684,1.01262,1.05398,-0.0413656,28.3915,22.7912,21.8837,2006,11,4,2006-11,False
2006-11-08,JSWSTEEL,26.9279,26.9519,25.7797,26.6688,1990800,-0.2535,25.7253,23.6797,21.2354,62.5476,0.97083,1.03735,-0.0665239,28.4583,22.9922,21.248,2006,11,4,2006-11,False
2006-11-09,JSWSTEEL,27.9087,27.9087,26.2781,26.6847,1545260,0.0598,25.8768,23.7459,21.2907,62.6554,0.928298,1.01554,-0.0872443,28.4583,23.2953,19.9522,2006,11,4,2006-11,False
2006-11-10,JSWSTEEL,26.9,27.0715,26.3937,26.7485,1096690,0.239,26.0496,23.8153,21.3454,63.1128,0.889486,0.990331,-0.100846,28.35,23.7493,17.6613,2006,11,4,2006-11,False
2006-11-13,JSWSTEEL,27.0316,27.1911,26.4854,27.0954,1280250,1.2968,26.1939,23.9136,21.4026,65.5813,0.87661,0.967587,-0.0909768,28.3667,24.0212,16.5896,2006,11,4,2006-11,False
2006-11-14,JSWSTEEL,26.7126,27.2708,26.5093,26.7007,1289090,-1.4567,26.3462,24.0081,21.4591,60.6107,0.825046,0.939079,-0.114033,28.1682,24.5242,13.8312,2006,11,4,2006-11,False
2006-11-15,JSWSTEEL,27.1034,27.1034,25.9671,26.1465,780300,-2.0755,26.4533,24.0898,21.5137,54.3788,0.731036,0.89747,-0.166434,27.9115,24.9951,11.0247,2006,11,4,2006-11,False
2006-11-16,JSWSTEEL,27.1034,27.1034,25.9551,26.0987,1430020,-0.183,26.54,24.1655,21.5679,53.8639,0.645234,0.847023,-0.201789,27.6366,25.4434,8.2636,2006,11,4,2006-11,False
2006-11-17,JSWSTEEL,26.7126,26.7126,24.8786,25.2295,3133020,-3.3303,26.543,24.2157,21.614,45.4452,0.501323,0.777883,-0.27656,27.6241,25.4619,8.1457,2006,11,4,2006-11,False
2006-11-20,JSWSTEEL,25.5166,25.5166,24.6394,25.0341,2024550,-0.7743,26.4956,24.2704,21.6631,43.7885,0.367274,0.695761,-0.328487,27.7495,25.2416,9.4657,2006,11,4,2006-11,False
2006-11-21,JSWSTEEL,25.2773,26.6329,25.0541,26.4615,1614900,5.7016,26.5067,24.3549,21.7202,56.3177,0.371926,0.630994,-0.259068,27.755,25.2584,9.4188,2006,11,4,2006-11,False
2006-11-22,JSWSTEEL,27.9087,27.9087,25.6043,25.7917,730290,-2.5313,26.4651,24.432,21.7747,50.6161,0.3179,0.568375,-0.250476,27.7518,25.1783,9.724,2006,11,4,2006-11,False
2006-11-23,JSWSTEEL,26.1545,26.6728,25.995,26.5133,1185500,2.798,26.4571,24.5267,21.8347,55.8071,0.329515,0.520603,-0.191088,27.7404,25.1738,9.7009,2006,11,4,2006-11,False
2006-11-24,JSWSTEEL,27.4941,27.4941,26.306,26.4056,1062890,-0.406,26.4029,24.616,21.8956,54.8804,0.326274,0.481737,-0.155464,27.5904,25.2153,8.9958,2006,11,4,2006-11,False
2006-11-27,JSWSTEEL,26.6329,26.8641,26.3139,26.4814,400560,0.2869,26.3682,24.7116,21.9561,55.4411,0.326058,0.450602,-0.124543,27.5,25.2364,8.5847,2006,11,4,2006-11,False
2006-11-28,JSWSTEEL,25.999,26.3937,25.6043,25.8156,461590,-2.5143,26.3052,24.7929,22.0134,49.6055,0.26906,0.414293,-0.145233,27.4112,25.1992,8.4091,2006,11,4,2006-11,False
2006-11-29,JSWSTEEL,24.771,26.8522,24.771,26.5891,2421500,2.9961,26.3052,24.8935,22.0756,55.4694,0.283039,0.388042,-0.105004,27.4112,25.1992,8.4091,2006,11,4,2006-11,False
2006-11-30,JSWSTEEL,26.9439,26.9838,25.9192,26.0668,1648420,-1.9643,26.313,24.9873,22.1344,51.1419,0.2491,0.360254,-0.111154,27.4095,25.2165,8.3343,2006,11,4,2006-11,False
2006-12-01,JSWSTEEL,26.7126,26.7126,26.007,26.1983,795070,0.5048,26.3257,25.0886,22.1927,52.1545,0.230167,0.334237,-0.104069,27.41,25.2415,8.2372,2006,12,4,2006-12,False
2006-12-04,JSWSTEEL,26.1146,26.8123,25.5205,26.3578,1933250,0.6087,26.2912,25.1949,22.2508,53.4149,0.225433,0.312476,-0.087043,27.3213,25.2611,7.8361,2006,12,4,2006-12,False
2006-12-05,JSWSTEEL,26.3937,26.8721,26.2342,26.6967,2420070,1.2857,26.2892,25.3001,22.3112,56.0635,0.246189,0.299218,-0.0530297,27.3159,25.2626,7.8102,2006,12,4,2006-12,False
2006-12-06,JSWSTEEL,26.7924,27.5021,26.5731,26.908,4180050,0.7915,26.3012,25.3985,22.3712,57.6792,0.276501,0.294675,-0.0181735,27.3517,25.2507,7.9885,2006,12,4,2006-12,False
2006-12-07,JSWSTEEL,26.7166,27.0157,26.6728,26.8362,969280,-0.2667,26.3088,25.4911,22.433,56.9137,0.291375,0.294015,-0.00264015,27.373,25.2445,8.0907,2006,12,4,2006-12,False
2006-12-08,JSWSTEEL,26.8721,26.9439,25.995,26.1744,1168010,-2.4662,26.2801,25.5768,22.4909,50.2857,0.246911,0.284594,-0.037683,27.3252,25.2349,7.9538,2006,12,4,2006-12,False
2006-12-11,JSWSTEEL,26.7126,26.7126,24.8826,25.4926,2433220,-2.6047,26.1999,25.6325,22.5435,44.5324,0.154875,0.25865,-0.103775,27.2275,25.1724,7.8439,2006,12,4,2006-12,False
2006-12-12,JSWSTEEL,25.5166,26.5532,24.8388,25.0979,2969260,-1.5483,26.1198,25.6859,22.5921,41.5673,0.049515,0.216823,-0.167308,27.2296,25.01,8.4979,2006,12,4,2006-12,False
2006-12-13,JSWSTEEL,25.2773,25.3172,24.7192,24.9664,465060,-0.5242,26.0608,25.7301,22.6378,40.5969,-0.044092,0.16464,-0.208732,27.2843,24.8373,9.3896,2006,12,4,2006-12,False
2006-12-14,JSWSTEEL,24.9664,25.9312,24.9664,25.7079,867110,2.9703,26.0412,25.7831,22.6867,47.9695,-0.0577709,0.120158,-0.177929,27.2746,24.8078,9.4726,2006,12,4,2006-12,False
2006-12-15,JSWSTEEL,25.9073,27.3426,25.676,27.0356,2488650,5.1644,26.1315,25.8655,22.7436,58.0158,0.0380799,0.103742,-0.0656625,27.3791,24.884,9.5481,2006,12,4,2006-12,False
2006-12-18,JSWSTEEL,27.3506,27.4303,26.7126,26.9479,1724410,-0.3244,26.2272,25.9461,22.7997,57.2296,0.105746,0.104143,0.00160261,27.4124,25.0421,9.0375,2006,12,4,2006-12,False
2006-12-19,JSWSTEEL,27.51,27.51,26.1864,26.4096,1458400,-1.9973,26.2246,25.9837,22.8518,52.5257,0.114619,0.106238,0.00838049,27.4078,25.0414,9.0236,2006,12,4,2006-12,False
2006-12-20,JSWSTEEL,27.821,28.8576,26.3937,27.8449,7187270,5.4348,26.3273,26.0609,22.9047,61.5917,0.234762,0.131943,0.102819,27.6944,24.9602,10.3851,2006,12,4,2006-12,False
2006-12-21,JSWSTEEL,27.8928,29.2962,27.1951,28.8696,3762860,3.6799,26.4451,26.1652,22.9599,66.5087,0.407954,0.187145,0.220809,28.2238,24.6664,13.4521,2006,12,4,2006-12,False
2006-12-22,JSWSTEEL,29.4238,30.4365,29.1088,30.1853,3859810,4.5574,26.6341,26.303,23.018,71.5459,0.643952,0.278507,0.365446,29.075,24.1932,18.3293,2006,12,4,2006-12,False
2006-12-26,JSWSTEEL,30.6996,30.6996,29.6431,29.7866,4150540,-1.3208,26.7994,26.4146,23.0683,68.1986,0.789709,0.380747,0.408962,29.6155,23.9833,21.0162,2006,12,4,2006-12,False
2006-12-27,JSWSTEEL,30.1972,30.1972,29.045,29.8743,1246150,0.2945,27.0023,26.539,23.1244,68.5472,0.901903,0.484978,0.416924,30.0916,23.913,22.8819,2006,12,4,2006-12,False
2006-12-28,JSWSTEEL,30.1973,30.6996,29.7029,30.0896,2551880,0.7207,27.1773,26.6607,23.1766,69.4331,0.996701,0.587323,0.409378,30.5516,23.8031,24.8314,2006,12,4,2006-12,False
2006-12-29,JSWSTEEL,28.9174,31.481,28.9174,30.8352,5571120,2.4778,27.4157,26.7901,23.2353,72.3384,1.11909,0.693676,0.425413,31.1176,23.7139,27.005,2006,12,4,2006-12,False
2007-01-02,JSWSTEEL,31.2498,31.8319,30.9468,31.5448,3241400,2.3015,27.6831,26.9176,23.2995,74.7943,1.25884,0.806708,0.452128,31.7672,23.599,29.5061,2007,1,1,2007-01,False
2007-01-03,JSWSTEEL,31.5448,32.4618,31.0983,32.1907,9784530,2.0475,27.9747,27.0417,23.3675,76.8121,1.4055,0.926467,0.479036,32.4724,23.477,32.1557,2007,1,1,2007-01,False
2007-01-04,JSWSTEEL,31.8957,32.9722,31.0983,31.2697,4312020,-2.8611,28.2034,27.1424,23.4298,68.4032,1.43093,1.02736,0.403567,32.8886,23.5181,33.2246,2007,1,1,2007-01,False
2007-01-05,JSWSTEEL,31.4173,31.7681,30.8152,31.6326,3511840,1.1603,28.4396,27.2425,23.4965,69.8055,1.46348,1.11458,0.348897,33.3221,23.5571,34.3359,2007,1,1,2007-01,False
2007-01-08,JSWSTEEL,30.3248,31.6565,30.3248,31.0066,2264240,-1.9788,28.6481,27.3292,23.557,64.4879,1.42238,1.17614,0.246234,33.598,23.6982,34.5567,2007,1,1,2007-01,False
2007-01-09,JSWSTEEL,30.8591,32.9203,30.8591,32.5416,5265060,4.9505,28.9665,27.4302,23.6224,70.4356,1.49641,1.24019,0.256213,34.0633,23.8696,35.1915,2007,1,1,2007-01,False
2007-01-10,JSWSTEEL,32.6134,33.1715,31.6764,31.8,3357600,-2.2788,29.2818,27.5227,23.6836,64.79,1.4782,1.2878,0.190406,34.2527,24.311,33.9516,2007,1,1,2007-01,False
2007-01-11,JSWSTEEL,32.2705,32.8924,31.4651,32.3901,3299250,1.8555,29.6464,27.629,23.7474,67.0529,1.49416,1.32907,0.165094,34.3897,24.9032,31.9985,2007,1,1,2007-01,False
2007-01-12,JSWSTEEL,32.6931,33.6499,32.414,33.1755,4113090,2.4249,30.0569,27.7607,23.8117,69.8322,1.5523,1.37372,0.178581,34.5065,25.6073,29.6081,2007,1,1,2007-01,False
2007-01-15,JSWSTEEL,33.8613,33.8613,32.8127,33.2154,3139730,0.1202,30.4323,27.9068,23.866,69.9707,1.58333,1.41564,0.167694,34.5945,26.27,27.3543,2007,1,1,2007-01,False
2007-01-16,JSWSTEEL,33.4905,33.8054,33.1356,33.5941,2047490,1.1403,30.7602,28.0598,23.9185,71.3177,1.61982,1.45648,0.163345,34.8281,26.6924,26.4488,2007,1,1,2007-01,False
2007-01-17,JSWSTEEL,34.2879,35.2447,33.65,34.6985,8094880,3.2874,31.1477,28.2129,23.9769,74.8589,1.71805,1.50879,0.209258,35.1628,27.1327,25.7807,2007,1,1,2007-01,False
2007-01-18,JSWSTEEL,35.0773,35.0773,33.5742,33.8852,4656420,-2.344,31.5215,28.3558,24.0278,68.1825,1.71055,1.54914,0.161404,35.0406,28.0025,22.328,2007,1,1,2007-01,False
2007-01-19,JSWSTEEL,33.8852,34.3676,32.9323,33.8732,2249650,-0.0353,31.8229,28.4999,24.081,68.0863,1.68422,1.57616,0.108063,35.0354,28.6105,20.1895,2007,1,1,2007-01,False
2007-01-22,JSWSTEEL,32.8526,34.2879,28.1121,33.6938,3730720,-0.5297,32.0641,28.6401,24.1275,66.5696,1.63009,1.58694,0.0431456,35.06,29.0682,18.687,2007,1,1,2007-01,False
2007-01-23,JSWSTEEL,34.2879,34.4792,31.7562,32.1708,2787540,-4.5202,32.1634,28.7485,24.1674,55.3064,1.44761,1.55908,-0.111468,35.0258,29.301,17.7989,2007,1,1,2007-01,False
2007-01-24,JSWSTEEL,33.0918,34.4075,32.3741,34.2719,6032960,6.5312,32.3877,28.8921,24.2167,64.2843,1.45575,1.53841,-0.082659,35.1676,29.6077,17.1666,2007,1,1,2007-01,False
2007-01-25,JSWSTEEL,34.5909,35.9624,34.4474,35.2208,19954610,2.7687,32.655,29.0625,24.2686,67.4631,1.52124,1.53498,-0.0137374,35.4455,29.8645,17.091,2007,1,1,2007-01,False
2007-01-29,JSWSTEEL,35.4122,35.8827,35.2447,35.3963,3436790,0.4981,32.9203,29.2475,24.3076,68.0296,1.56921,1.54182,0.027383,35.6929,30.1478,16.844,2007,1,1,2007-01,False
2007-01-31,JSWSTEEL,35.484,37.0787,35.484,36.5525,6496630,3.2665,33.2062,29.4566,24.355,71.5461,1.68114,1.56969,0.111451,36.2402,30.1722,18.2735,2007,1,1,2007-01,False
2007-02-01,JSWSTEEL,37.318,37.4774,35.3325,37.1904,5230900,1.7452,33.4885,29.6958,24.4064,73.2915,1.80056,1.61586,0.184701,36.8988,30.0782,20.367,2007,2,1,2007-02,False
2007-02-02,JSWSTEEL,37.4774,37.7964,36.688,36.8276,2687950,-0.9756,33.7203,29.9316,24.4496,70.6375,1.84467,1.66162,0.183045,37.3805,30.0602,21.7088,2007,2,1,2007-02,False
2007-02-05,JSWSTEEL,36.9272,37.1585,35.7989,36.3132,2501620,-1.3966,33.9725,30.1287,24.4918,66.937,1.81717,1.69273,0.12444,37.6167,30.3283,21.4536,2007,2,1,2007-02,False
2007-02-06,JSWSTEEL,36.7359,37.7246,36.5206,36.8316,4025350,1.4273,34.2325,30.3495,24.5405,68.7156,1.81627,1.71744,0.0988288,37.9153,30.5496,21.5169,2007,2,1,2007-02,False
2007-02-07,JSWSTEEL,37.4774,37.5572,35.8866,37.1346,3587210,0.8227,34.5388,30.5619,24.5887,69.7405,1.81903,1.73776,0.0812756,38.1097,30.968,20.677,2007,2,1,2007-02,False
2007-02-08,JSWSTEEL,37.4774,37.4774,36.2813,36.5445,1542510,-1.589,34.739,30.7647,24.6403,65.2572,1.7534,1.74089,0.0125126,38.2871,31.1909,20.4272,2007,2,1,2007-02,False
2007-02-09,JSWSTEEL,36.6801,37.4296,35.0853,35.6076,1893090,-2.5638,34.9294,30.9472,24.6878,58.7942,1.60725,1.71416,-0.106906,38.2122,31.6466,18.7968,2007,2,1,2007-02,False
2007-02-12,JSWSTEEL,35.8827,35.8827,34.1284,34.4553,3322720,-3.2359,35.0326,31.12,24.731,51.9766,1.38252,1.64783,-0.265312,38.1021,31.9631,17.5236,2007,2,1,2007-02,False
2007-02-13,JSWSTEEL,34.9258,35.5318,33.4905,35.1172,2659750,1.9208,35.1297,31.2906,24.774,55.1907,1.24349,1.56696,-0.323477,38.0721,32.1874,16.7514,2007,2,1,2007-02,False
2007-02-14,JSWSTEEL,35.8029,37.0708,34.547,35.4879,9083790,1.0559,35.2433,31.479,24.8152,56.9298,1.14996,1.48356,-0.333599,38.0467,32.44,15.9084,2007,2,1,2007-02,False
2007-02-15,JSWSTEEL,35.6514,37.2621,35.5557,37.0787,4096890,4.4827,35.4176,31.6966,24.8682,63.4791,1.19049,1.42495,-0.234459,38.2225,32.6127,15.8389,2007,2,1,2007-02,False
2007-02-19,JSWSTEEL,37.3658,37.9559,35.767,35.9504,8463440,-3.043,35.4802,31.8884,24.9113,56.8734,1.11866,1.36369,-0.245027,38.2733,32.687,15.745,2007,2,1,2007-02,False
2007-02-20,JSWSTEEL,35.6434,36.5883,35.4879,36.1338,2541190,0.5101,35.5926,32.0772,24.9555,57.6449,1.06427,1.30381,-0.239535,38.295,32.8902,15.1852,2007,2,1,2007-02,False
2007-02-21,JSWSTEEL,35.9624,36.8355,35.8029,35.9983,4046060,-0.3751,35.6989,32.259,25.0022,56.8356,0.998717,1.24279,-0.244072,38.281,33.1167,14.4665,2007,2,1,2007-02,False
2007-02-22,JSWSTEEL,35.484,36.7119,35.484,36.1259,4740960,0.3544,35.8205,32.4448,25.0495,57.4412,0.946151,1.18346,-0.23731,38.2282,33.4127,13.4437,2007,2,1,2007-02,False
2007-02-23,JSWSTEEL,36.4328,37.4336,35.9863,36.8395,6421880,1.9755,36.0539,32.6581,25.1021,60.758,0.951115,1.13699,-0.185877,37.7809,34.3269,9.5799,2007,2,1,2007-02,False
2007-02-26,JSWSTEEL,36.991,39.2317,36.2814,38.9327,9796260,5.6819,36.2869,32.9269,25.168,68.5099,1.11114,1.13182,-0.0206803,38.244,34.3299,10.7864,2007,2,1,2007-02,False
2007-02-27,JSWSTEEL,39.4709,40.2524,37.4774,38.7971,30354090,-0.3482,36.4657,33.2009,25.2356,67.5788,1.21304,1.14807,0.0649759,38.6527,34.2788,11.9943,2007,2,1,2007-02,False
2007-02-28,JSWSTEEL,39.0722,39.3035,36.082,37.302,9757550,-3.8537,36.561,33.4476,25.302,58.1865,1.15979,1.15041,0.0093765,38.7176,34.4045,11.7971,2007,2,1,2007-02,False
2007-03-01,JSWSTEEL,37.3977,39.4709,37.1585,38.3386,10098020,2.779,36.6503,33.7002,25.3733,62.1177,1.18754,1.15784,0.0297021,38.9487,34.352,12.542,2007,3,1,2007-03,False
2007-03-02,JSWSTEEL,38.6496,40.4876,36.8395,37.613,13497250,-1.8927,36.6715,33.9117,25.4484,58.0065,1.13786,1.15384,-0.0159787,38.9983,34.3446,12.6902,2007,3,1,2007-03,False
2007-03-05,JSWSTEEL,35.4919,37.3857,33.7018,34.2879,13755830,-8.8404,36.5445,34.0585,25.5055,43.7252,0.820723,1.08722,-0.266495,39.1013,33.9877,13.9929,2007,3,1,2007-03,False
2007-03-06,JSWSTEEL,34.6866,35.8667,33.1715,34.7504,8512250,1.3489,36.4663,34.2254,25.5567,45.7268,0.599793,0.989733,-0.389939,39.1455,33.7872,14.694,2007,3,1,2007-03,False
2007-03-07,JSWSTEEL,34.9258,35.6434,31.8957,32.9363,6709060,-5.2203,36.2716,34.3272,25.6116,39.7542,0.275153,0.846817,-0.571663,39.3722,33.171,17.0965,2007,3,1,2007-03,False
2007-03-08,JSWSTEEL,33.8892,35.6793,31.8997,35.46,9096180,7.6625,36.1879,34.459,25.6845,49.6142,0.218995,0.721252,-0.502258,39.2808,33.095,17.0936,2007,3,1,2007-03,False
2007-03-09,JSWSTEEL,35.8827,36.991,34.6945,36.1019,6422990,1.8102,36.1657,34.5773,25.7653,51.776,0.223706,0.621743,-0.398037,39.2542,33.0772,17.0796,2007,3,1,2007-03,False
2007-03-12,JSWSTEEL,36.401,37.0588,35.9026,36.2574,2523000,0.4307,36.1982,34.7067,25.8445,52.3097,0.237251,0.544845,-0.307593,39.2756,33.1208,17.0031,2007,3,1,2007-03,False
2007-03-13,JSWSTEEL,36.5963,37.6768,36.086,37.2781,5200020,2.815,36.3394,34.8548,25.9308,55.7705,0.32658,0.501192,-0.174611,39.3381,33.3406,16.5042,2007,3,1,2007-03,False
2007-03-14,JSWSTEEL,37.0787,37.0787,35.5677,36.1059,3363850,-3.1444,36.3888,34.9751,26.0129,51.1773,0.299339,0.460821,-0.161482,39.3349,33.4427,16.1921,2007,3,1,2007-03,False
2007-03-15,JSWSTEEL,36.6681,37.318,36.1298,36.373,4200030,0.7398,36.4331,35.0859,26.0872,52.1446,0.295894,0.427836,-0.131942,39.3486,33.5175,16.0048,2007,3,1,2007-03,False
2007-03-16,JSWSTEEL,36.7518,37.0787,34.7065,35.6155,2883110,-2.0826,36.3599,35.1673,26.1494,49.1696,0.229394,0.388148,-0.158753,39.2806,33.4392,16.0656,2007,3,1,2007-03,False
2007-03-19,JSWSTEEL,35.8827,37.1944,35.5717,37.0229,3050140,3.9517,36.4135,35.264,26.2182,54.3775,0.286951,0.367908,-0.0809576,39.342,33.4851,16.0844,2007,3,1,2007-03,False
2007-03-20,JSWSTEEL,37.8588,37.9448,36.9574,37.154,3266660,0.3541,36.4645,35.3816,26.2926,54.8417,0.339233,0.362173,-0.02294,39.408,33.5211,16.1441,2007,3,1,2007-03,False
2007-03-21,JSWSTEEL,37.2852,37.5433,36.7935,37.2073,2661720,0.1434,36.525,35.4931,26.3726,55.0419,0.380579,0.365854,0.0147246,39.4777,33.5722,16.1684,2007,3,1,2007-03,False
2007-03-22,JSWSTEEL,37.5064,38.1046,37.449,37.8506,2948540,1.7289,36.6112,35.63,26.4525,57.4919,0.45995,0.384674,0.0752767,39.6152,33.6072,16.4101,2007,3,1,2007-03,False
2007-03-23,JSWSTEEL,38.4324,39.4157,37.0639,38.6086,6999310,2.0026,36.6997,35.7514,26.5405,60.2414,0.577361,0.423211,0.15415,39.8333,33.566,17.0773,2007,3,1,2007-03,False
2007-03-26,JSWSTEEL,38.8175,39.2109,38.3586,38.5471,2238020,-0.1592,36.6804,35.8863,26.6335,59.903,0.657867,0.470142,0.187725,39.7605,33.6003,16.7943,2007,3,1,2007-03,False
2007-03-28,JSWSTEEL,38.3504,39.0552,38.1046,38.4119,10339020,-0.3508,36.6611,36.0067,26.7312,59.1164,0.702658,0.516645,0.186013,39.6899,33.6324,16.523,2007,3,1,2007-03,False
2007-03-29,JSWSTEEL,38.797,39.2027,38.2808,38.8544,9829210,1.152,36.7387,36.1203,26.8371,60.9248,0.765043,0.566325,0.198718,39.9128,33.5647,17.2788,2007,3,1,2007-03,False
2007-03-30,JSWSTEEL,40.1532,40.7351,39.006,40.3991,10232640,3.9755,36.8418,36.264,26.9411,66.4961,0.928423,0.638745,0.289678,40.3505,33.333,19.0477,2007,3,1,2007-03,False
2007-04-02,JSWSTEEL,40.1532,40.268,38.5471,38.9404,4718110,-3.6105,36.9081,36.3709,27.0415,58.0756,0.929489,0.696894,0.232596,40.5268,33.2895,19.6091,2007,4,2,2007-04,False
2007-04-03,JSWSTEEL,39.3338,39.6452,38.5225,39.2272,2268130,0.7365,37.1551,36.4615,27.1525,59.1704,0.942611,0.746037,0.196574,40.6942,33.6161,19.0501,2007,4,2,2007-04,False
2007-04-04,JSWSTEEL,39.723,39.8214,38.6045,38.8544,2202780,-0.9505,37.3603,36.5609,27.2659,57.0834,0.912407,0.779311,0.133096,40.7864,33.9342,18.3407,2007,4,2,2007-04,False
2007-04-05,JSWSTEEL,39.3338,41.4644,38.6373,40.8416,9637370,5.1144,37.7556,36.7002,27.3779,64.3089,1.03687,0.830822,0.206044,40.8396,34.6716,16.3368,2007,4,2,2007-04,False
2007-04-09,JSWSTEEL,41.7921,43.0213,41.1366,41.702,4228610,2.1067,38.0677,36.8604,27.4955,66.9068,1.1912,0.902897,0.288301,41.4248,34.7105,17.6378,2007,4,2,2007-04,False
2007-04-10,JSWSTEEL,42.2019,44.7668,41.7922,43.6482,16150420,4.667,38.445,37.09,27.6157,71.8909,1.45379,1.01308,0.440716,42.4964,34.3936,21.0764,2007,4,2,2007-04,False
2007-04-11,JSWSTEEL,44.0866,45.1519,43.7629,43.9719,8101870,0.7415,38.8307,37.284,27.7374,72.6292,1.66878,1.14422,0.524564,43.4362,34.2252,23.721,2007,4,2,2007-04,False
2007-04-12,JSWSTEEL,43.8408,44.4554,42.6362,43.7916,6239130,-0.41,39.1564,37.4554,27.8539,71.5027,1.80382,1.27614,0.527683,44.2,34.1128,25.7613,2007,4,2,2007-04,False
2007-04-13,JSWSTEEL,43.8408,45.5371,43.8408,45.3814,6216990,3.6302,39.6202,37.6551,27.9774,75.1613,2.01588,1.42409,0.591796,45.1637,34.0766,27.9836,2007,4,2,2007-04,False
2007-04-16,JSWSTEEL,45.6436,47.9012,45.4879,47.4751,8185870,4.6136,40.1753,37.8735,28.1072,78.9875,2.32607,1.60448,0.721589,46.5159,33.8347,31.5648,2007,4,2,2007-04,False
2007-04-17,JSWSTEEL,47.6103,47.8848,45.4797,45.8648,7867730,-3.3917,40.6877,38.047,28.2294,70.0503,2.41414,1.76642,0.647726,47.1325,34.2429,31.6793,2007,4,2,2007-04,False
2007-04-18,JSWSTEEL,46.2172,47.6103,45.8935,46.9834,5576130,2.4388,41.1858,38.2501,28.3541,72.3875,2.54486,1.9221,0.622754,47.9687,34.4028,32.9382,2007,4,2,2007-04,False
2007-04-19,JSWSTEEL,45.4797,48.7083,45.4797,48.3478,8408920,2.904,41.7454,38.4908,28.4892,74.955,2.72711,2.08311,0.644006,48.9611,34.5298,34.5698,2007,4,2,2007-04,False
2007-04-20,JSWSTEEL,48.8722,49.6589,48.3478,48.5527,8231690,0.4237,42.3127,38.7252,28.6244,75.3259,2.85517,2.23752,0.617649,49.8047,34.8207,35.4127,2007,4,2,2007-04,False
2007-04-23,JSWSTEEL,49.1426,49.3311,47.2825,48.5731,6942790,0.0422,42.8488,38.954,28.7575,75.3652,2.92459,2.37493,0.549659,50.5287,35.169,35.8461,2007,4,2,2007-04,False
2007-04-24,JSWSTEEL,48.3478,49.0115,47.5693,47.8479,3646670,-1.493,43.3108,39.1801,28.8867,71.0513,2.8878,2.47751,0.410296,51.0281,35.5935,35.637,2007,4,2,2007-04,False
2007-04-25,JSWSTEEL,47.9381,48.4297,47.2989,47.8274,4856160,-0.0428,43.7748,39.4245,29.0159,70.9278,2.82444,2.54689,0.277544,51.4016,36.148,34.8456,2007,4,2,2007-04,False
2007-04-26,JSWSTEEL,47.9381,48.7329,47.0449,48.2372,7184540,0.8567,44.2661,39.7001,29.1463,71.977,2.77529,2.59257,0.182717,51.7017,36.8304,33.5953,2007,4,2,2007-04,False
2007-04-27,JSWSTEEL,48.7575,49.1672,46.7171,47.1309,7641840,-2.2934,44.6799,39.9404,29.2688,65.1412,2.61691,2.59744,0.0194669,51.7602,37.5996,31.6933,2007,4,2,2007-04,False
2007-04-30,JSWSTEEL,47.2456,47.938,46.8728,47.7086,7209240,1.2258,45.0454,40.1848,29.3967,66.9086,2.50908,2.57977,-0.0706876,51.9476,38.1431,30.6457,2007,4,2,2007-04,False
2007-05-03,JSWSTEEL,47.938,50.9618,47.9176,50.7447,12185490,6.3638,45.6356,40.4581,29.5398,74.2871,2.6382,2.59145,0.0467468,52.3562,38.915,29.4532,2007,5,2,2007-05,False
2007-05-04,JSWSTEEL,51.052,51.1339,49.3311,49.4295,4638490,-2.5918,46.1457,40.7277,29.6778,67.2878,2.60438,2.59404,0.010342,52.3469,39.9445,26.8767,2007,5,2,2007-05,False
2007-05-07,JSWSTEEL,50.5603,50.5603,48.778,49.073,2458800,-0.7212,46.6566,40.9865,29.8138,65.4868,2.51977,2.57919,-0.0594162,51.9451,41.3682,22.6697,2007,5,2,2007-05,False
2007-05-08,JSWSTEEL,49.1672,49.8228,47.6963,48.0733,3906020,-2.0372,47.0182,41.228,29.9467,60.5889,2.34501,2.53235,-0.187339,51.5702,42.4662,19.3628,2007,5,2,2007-05,False
2007-05-09,JSWSTEEL,46.7908,49.327,46.7908,48.9501,3145330,1.8239,47.3806,41.4845,30.0865,63.1893,2.25131,2.47614,-0.224829,51.2541,43.5072,16.3503,2007,5,2,2007-05,False
2007-05-10,JSWSTEEL,49.1508,50.0277,48.4502,48.9296,5047210,-0.0418,47.6447,41.7263,30.2296,63.0846,2.15062,2.41104,-0.260422,51.1493,44.1401,14.7114,2007,5,2,2007-05,False
2007-05-11,JSWSTEEL,49.1181,49.4704,40.8907,49.1426,3105840,0.4354,47.9032,41.9305,30.3773,63.7573,2.06421,2.34167,-0.277465,51.007,44.7995,12.9585,2007,5,2,2007-05,False
2007-05-14,JSWSTEEL,49.9867,49.9867,49.0033,49.7818,3054790,1.3007,48.2027,42.1502,30.5279,65.7727,2.02397,2.27813,-0.254159,50.7404,45.6651,10.529,2007,5,2,2007-05,False
2007-05-15,JSWSTEEL,49.9048,50.1506,49.1836,49.5114,1514330,-0.5432,48.4092,42.3944,30.6759,64.1475,1.94781,2.21207,-0.264254,50.6329,46.1856,9.187,2007,5,2,2007-05,False
2007-05-16,JSWSTEEL,49.577,50.6422,49.2492,50.1956,4426130,1.382,48.5453,42.6315,30.8293,66.4092,1.92053,2.15376,-0.23323,50.8593,46.2312,9.5337,2007,5,2,2007-05,False
2007-05-17,JSWSTEEL,50.7938,50.8061,49.6343,49.9252,2625600,-0.5387,48.7483,42.8777,30.9838,64.6728,1.8557,2.09415,-0.238451,50.7657,46.7309,8.2767,2007,5,2,2007-05,False
2007-05-18,JSWSTEEL,49.7408,50.1506,48.7575,49.1058,1582290,-1.6414,48.8544,43.1741,31.1351,59.5881,1.71838,2.019,-0.300611,50.6965,47.0123,7.5414,2007,5,2,2007-05,False
2007-05-21,JSWSTEEL,50.1834,50.1834,48.7575,49.1672,3954220,0.1252,48.8954,43.4624,31.2883,59.8431,1.59612,1.93442,-0.338298,50.7265,47.0643,7.4899,2007,5,2,2007-05,False
2007-05-22,JSWSTEEL,49.8146,51.2159,49.3311,50.7488,9008000,3.2167,49.0052,43.8187,31.4507,65.8202,1.60831,1.8692,-0.26089,51.0054,47.005,8.1631,2007,5,2,2007-05,False
2007-05-23,JSWSTEEL,50.8963,51.7895,49.9867,50.8881,7410810,0.2745,49.1209,44.1272,31.615,66.2961,1.61064,1.81749,-0.206846,51.2776,46.9642,8.7812,2007,5,2,2007-05,False
2007-05-24,JSWSTEEL,51.0274,51.1339,49.8433,50.3472,3811540,-1.0628,49.2459,44.4121,31.7713,62.6492,1.55097,1.76418,-0.213215,51.3816,47.1102,8.6734,2007,5,2,2007-05,False
2007-05-25,JSWSTEEL,49.6589,50.3964,49.1672,50.2571,1146340,-0.179,49.3674,44.6921,31.9284,62.0367,1.47935,1.70722,-0.227866,51.4387,47.296,8.3916,2007,5,2,2007-05,False
2007-05-28,JSWSTEEL,50.4374,51.9124,50.4374,51.4412,8308960,2.3561,49.5276,44.9754,32.0874,66.6494,1.50084,1.66594,-0.165101,51.7228,47.3324,8.8646,2007,5,2,2007-05,False
2007-05-29,JSWSTEEL,51.8632,52.4287,50.8061,52.0845,8245620,1.2505,49.7753,45.295,32.2512,68.8628,1.55189,1.64313,-0.0912426,51.9496,47.6009,8.7366,2007,5,2,2007-05,False
2007-05-30,JSWSTEEL,52.2812,52.2812,49.6589,50.421,6734090,-3.1938,49.9109,45.5759,32.4075,58.1206,1.4415,1.6028,-0.161306,51.8702,47.9516,7.8513,2007,5,2,2007-05,False
2007-05-31,JSWSTEEL,51.2323,51.2323,49.0279,49.5811,8149760,-1.6658,49.8527,45.8552,32.5605,53.5761,1.27158,1.53656,-0.26498,51.7766,47.9288,7.7182,2007,5,2,2007-05,False
2007-06-01,JSWSTEEL,50.1506,50.8061,49.5974,49.8638,3467160,0.5702,49.8744,46.1121,32.7143,54.8556,1.14651,1.45855,-0.312037,51.7879,47.9609,7.6733,2007,6,2,2007-06,False
2007-06-04,JSWSTEEL,51.1093,51.1093,49.0033,49.3885,1859540,-0.9532,49.8902,46.3568,32.8639,52.2483,0.997546,1.36635,-0.368803,51.781,47.9994,7.5797,2007,6,2,2007-06,False
2007-06-05,JSWSTEEL,49.577,49.8228,48.7575,49.1836,1630300,-0.4148,49.9457,46.5963,33.0128,51.1205,0.853124,1.2637,-0.41058,51.6697,48.2217,6.9034,2007,6,2,2007-06,False
2007-06-06,JSWSTEEL,49.2492,49.5688,47.1309,47.3399,1498720,-3.7487,49.8652,46.7861,33.1528,42.2758,0.583169,1.1276,-0.544428,51.9062,47.8242,8.1861,2007,6,2,2007-06,False
2007-06-07,JSWSTEEL,46.545,48.02,46.4753,47.6758,1786310,0.7097,49.8025,46.9674,33.2929,44.1713,0.391823,0.980442,-0.58862,52.0328,47.5723,8.9564,2007,6,2,2007-06,False
2007-06-08,JSWSTEEL,47.8561,48.3396,46.7089,47.5652,2256070,-0.232,49.7236,47.1478,33.4195,43.6629,0.228617,0.830077,-0.60146,52.1547,47.2926,9.7782,2007,6,2,2007-06,False
2007-06-11,JSWSTEEL,49.0853,49.9047,47.2005,47.348,1365440,-0.4566,49.602,47.3265,33.5463,42.6257,0.0808208,0.680226,-0.599405,52.2543,46.9496,10.6945,2007,6,2,2007-06,False
2007-06-12,JSWSTEEL,47.1186,47.8561,44.1317,46.2582,3651000,-2.3018,49.4393,47.4746,33.6672,37.7757,-0.122837,0.519613,-0.64245,52.4849,46.3937,12.3206,2007,6,2,2007-06,False
2007-06-13,JSWSTEEL,46.6269,46.9055,45.3158,45.5125,3518140,-1.612,49.2051,47.5768,33.785,34.8536,-0.340483,0.347594,-0.688077,52.6938,45.7165,14.18,2007,6,2,2007-06,False
2007-06-14,JSWSTEEL,46.3565,48.1757,45.9714,47.6881,4466930,4.7803,49.0933,47.7518,33.9103,47.5913,-0.333569,0.211361,-0.54493,52.6279,45.5587,14.3995,2007,6,2,2007-06,False
2007-06-15,JSWSTEEL,48.6756,48.7247,47.8561,48.0405,6579110,0.7389,49.04,47.9281,34.0344,49.3197,-0.29624,0.109841,-0.406081,52.6058,45.4742,14.5423,2007,6,2,2007-06,False
2007-06-18,JSWSTEEL,48.4297,48.5117,46.8031,47.1145,1184140,-1.9275,48.9374,48.0933,34.1547,45.1096,-0.337486,0.0203757,-0.357862,52.6045,45.2703,14.9868,2007,6,2,2007-06,False
2007-06-19,JSWSTEEL,47.1923,49.0853,47.1186,48.8231,2597260,3.6264,48.8411,48.2529,34.2832,53.07,-0.22966,-0.0296314,-0.200029,52.4077,45.2745,14.6048,2007,6,2,2007-06,False
2007-06-20,JSWSTEEL,49.0853,50.0686,48.7616,49.6507,3538640,1.6952,48.7792,48.4119,34.4146,56.3708,-0.0765401,-0.0390132,-0.0375269,52.2376,45.3209,14.1796,2007,6,2,2007-06,False
2007-06-21,JSWSTEEL,50.1915,50.1915,49.1754,49.6671,1732550,0.033,48.7452,48.5322,34.5465,56.4361,0.0456046,-0.0220896,0.0676942,52.1516,45.3388,13.9764,2007,6,2,2007-06,False
2007-06-22,JSWSTEEL,49.6589,50.1506,49.0976,49.4377,5546060,-0.462,48.7042,48.6416,34.6828,55.1899,0.122479,0.00682418,0.115655,52.0533,45.3552,13.7527,2007,6,2,2007-06,False
2007-06-25,JSWSTEEL,49.6835,50.2161,49.3311,49.9334,4573630,1.0028,48.6289,48.7644,34.8226,57.3798,0.220861,0.0496316,0.17123,51.7806,45.4771,12.9624,2007,6,2,2007-06,False
2007-06-26,JSWSTEEL,49.9826,50.5603,49.4991,49.8023,2547080,-0.2626,48.5147,48.8528,34.9613,56.5921,0.284965,0.0966983,0.188267,51.2814,45.7481,11.4055,2007,6,2,2007-06,False
2007-06-27,JSWSTEEL,50.0031,50.2161,49.2574,49.6138,3962030,-0.3784,48.4744,48.8956,35.0978,55.4145,0.316907,0.14074,0.176167,51.1459,45.8029,11.0223,2007,6,2,2007-06,False
2007-06-28,JSWSTEEL,50.1506,50.1506,48.7903,49.114,2044000,-1.0075,48.451,48.9606,35.2298,52.3057,0.298445,0.172281,0.126164,51.0898,45.8123,10.8924,2007,6,2,2007-06,False
2007-06-29,JSWSTEEL,49.3557,50.38,49.2901,50.1137,4062210,2.0355,48.4635,49.0232,35.3688,57.4474,0.36033,0.209891,0.150439,51.1326,45.7944,11.0149,2007,6,2,2007-06,False
2007-07-02,JSWSTEEL,50.2325,50.7242,49.2533,49.5647,1617680,-1.0956,48.4723,49.0475,35.5055,54.0042,0.360912,0.240095,0.120817,51.1554,45.7893,11.0705,2007,7,3,2007-07,False
2007-07-03,JSWSTEEL,49.6589,51.2978,49.495,50.802,6517900,2.4965,48.5533,49.0925,35.6498,59.8455,0.455963,0.283269,0.172694,51.4181,45.6884,11.8009,2007,7,3,2007-07,False
2007-07-04,JSWSTEEL,50.97,52.527,50.4825,52.3303,5361480,3.0083,48.8028,49.1676,35.8026,65.6483,0.647151,0.356045,0.291106,52.0645,45.5411,13.3669,2007,7,3,2007-07,False
2007-07-05,JSWSTEEL,52.2894,52.7728,50.4702,51.5068,3288310,-1.5737,48.9943,49.2408,35.9504,60.5688,0.723871,0.42961,0.294261,52.4231,45.5656,13.9964,2007,7,3,2007-07,False
2007-07-06,JSWSTEEL,51.5027,51.9124,50.8061,51.1339,1525850,-0.7239,49.1728,49.3069,36.0976,58.3669,0.745987,0.492886,0.253102,52.6593,45.6862,14.1807,2007,7,3,2007-07,False
2007-07-09,JSWSTEEL,51.2568,51.9862,51.2568,51.7936,3797780,1.2901,49.395,49.3781,36.2478,61.0639,0.807436,0.555796,0.25164,52.9578,45.8323,14.4254,2007,7,3,2007-07,False
2007-07-10,JSWSTEEL,52.3631,54.2519,52.0353,53.6456,9857640,3.5757,49.7644,49.5084,36.4082,67.4406,0.994113,0.643459,0.350654,53.486,46.0428,14.9569,2007,7,3,2007-07,False
2007-07-11,JSWSTEEL,52.8712,55.0591,52.8712,54.7477,5978580,2.0545,50.2262,49.6492,36.5751,70.5336,1.21696,0.75816,0.458803,54.0176,46.4348,15.0973,2007,7,3,2007-07,False
2007-07-12,JSWSTEEL,54.6658,57.1979,54.6658,56.3989,7200070,3.016,50.6617,49.7622,36.7514,74.4495,1.50941,0.90841,0.601001,55.1608,46.1627,17.7611,2007,7,3,2007-07,False
2007-07-13,JSWSTEEL,57.1979,61.7868,56.993,59.1318,14429090,4.8456,51.2163,49.9563,36.9418,79.3426,1.93934,1.1146,0.824747,56.9262,45.5063,22.2974,2007,7,3,2007-07,False
2007-07-16,JSWSTEEL,58.5909,61.205,58.5909,59.2793,4513180,0.2494,51.8245,50.1604,37.131,79.57,2.26585,1.34485,0.921003,58.2425,45.4065,24.7682,2007,7,3,2007-07,False
2007-07-17,JSWSTEEL,59.6562,60.1069,56.952,57.288,3498320,-3.3591,52.2478,50.3447,37.3076,68.5919,2.33699,1.54328,0.793716,58.9428,45.5527,25.6282,2007,7,3,2007-07,False
2007-07-18,JSWSTEEL,57.6076,57.6076,55.8458,56.6857,1842200,-1.0513,52.5995,50.4994,37.4799,65.6418,2.31805,1.69823,0.61982,59.4573,45.7417,26.0756,2007,7,3,2007-07,False
2007-07-19,JSWSTEEL,56.952,58.509,56.7881,57.6732,1706750,1.7419,52.9998,50.6743,37.6588,68.0666,2.35556,1.8297,0.525866,60.0683,45.9313,26.6737,2007,7,3,2007-07,False
2007-07-20,JSWSTEEL,57.7715,59.984,57.7715,59.14,4371200,2.5434,53.4849,50.8742,37.841,71.3063,2.47512,1.95878,0.51634,60.8496,46.1202,27.5393,2007,7,3,2007-07,False
2007-07-23,JSWSTEEL,59.2055,60.3856,58.636,59.9185,3494690,1.3163,53.9842,51.077,38.0285,72.8789,2.60269,2.08756,0.515125,61.6814,46.2869,28.5167,2007,7,3,2007-07,False
2007-07-24,JSWSTEEL,60.6355,63.2373,59.4924,60.2586,15688480,0.5676,54.507,51.2919,38.216,73.5606,2.7001,2.21007,0.49003,62.4255,46.5885,29.0551,2007,7,3,2007-07,False
2007-07-25,JSWSTEEL,59.8119,61.2952,58.7958,59.5702,2818280,-1.1423,55.0048,51.4794,38.3986,69.7396,2.69074,2.30621,0.384536,62.8798,47.1298,28.6339,2007,7,3,2007-07,False
2007-07-26,JSWSTEEL,59.8078,61.5,59.4104,61.1313,5476720,2.6205,55.6057,51.7035,38.5896,73.1463,2.77727,2.40042,0.376854,63.4218,47.7896,28.1127,2007,7,3,2007-07,False
2007-07-27,JSWSTEEL,61.1272,61.1312,54.5019,59.1646,4498110,-3.2172,56.0582,51.9047,38.7709,63.4541,2.65653,2.45164,0.204889,63.5779,48.5385,26.8282,2007,7,3,2007-07,False
2007-07-30,JSWSTEEL,59.0826,60.2217,58.6729,59.4923,2100360,0.554,56.5546,52.1112,38.9457,64.303,2.55781,2.47288,0.0849321,63.5628,49.5464,24.7837,2007,7,3,2007-07,False
2007-07-31,JSWSTEEL,60.6396,60.6396,59.4145,60.488,8370520,1.6736,57.0389,52.306,39.1282,66.8241,2.53073,2.48445,0.0462878,63.7035,50.3743,23.3687,2007,7,3,2007-07,False
2007-08-01,JSWSTEEL,60.2217,60.2217,56.7267,57.2716,5363370,-5.3173,57.286,52.4337,39.2963,53.6441,2.22411,2.43238,-0.208271,63.5712,51.0008,21.9433,2007,8,3,2007-08,False
2007-08-02,JSWSTEEL,59.0007,59.0007,55.4115,56.8496,4324220,-0.7369,57.5531,52.5637,39.4641,52.1895,1.92486,2.33088,-0.406014,63.2287,51.8775,19.7229,2007,8,3,2007-08,False
2007-08-03,JSWSTEEL,57.4437,58.0173,55.518,55.7433,4697140,-1.9459,57.7836,52.6734,39.6217,48.4788,1.58022,2.18075,-0.600521,62.6829,52.8843,16.9574,2007,8,3,2007-08,False
2007-08-06,JSWSTEEL,53.2645,55.3131,52.6581,52.9039,4973060,-5.0937,57.8391,52.7027,39.768,40.5161,1.0657,1.95774,-0.892039,62.4704,53.2078,16.0146,2007,8,3,2007-08,False
2007-08-07,JSWSTEEL,54.4937,54.4937,52.9654,53.1826,2233920,0.5267,57.816,52.7246,39.9139,41.531,0.672657,1.70072,-1.02806,62.5393,53.0926,16.3391,2007,8,3,2007-08,False
2007-08-08,JSWSTEEL,53.6742,54.4527,53.1416,53.7234,2308250,1.0169,57.7647,52.7907,40.0606,43.5445,0.400199,1.44062,-1.04042,62.6477,52.8818,16.9062,2007,8,3,2007-08,False
2007-08-09,JSWSTEEL,54.7395,55.0919,51.6338,52.064,6749990,-3.0888,57.548,52.8404,40.1951,39.0959,0.049801,1.16245,-1.11265,63.0338,52.0622,19.0651,2007,8,3,2007-08,False
2007-08-10,JSWSTEEL,50.0768,51.7731,48.1593,51.3961,3065000,-1.2828,57.1612,52.871,40.3222,37.4382,-0.278571,0.874248,-1.15282,63.236,51.0864,21.2551,2007,8,3,2007-08,False
2007-08-13,JSWSTEEL,45.0741,52.3426,45.0741,51.6256,2357090,0.4464,56.7785,52.9157,40.4491,38.4044,-0.514366,0.596525,-1.11089,63.2433,50.3137,22.772,2007,8,3,2007-08,False
2007-08-14,JSWSTEEL,52.3426,53.4284,51.5437,53.0064,2652660,2.6746,56.5644,52.9922,40.581,44.0093,-0.583094,0.360601,-0.943696,63.2384,49.8905,23.5977,2007,8,3,2007-08,False
2007-08-16,JSWSTEEL,49.9908,50.97,49.4991,50.2571,1807850,-5.1867,56.243,53.0505,40.699,36.8244,-0.849612,0.118559,-0.968171,63.4872,48.9988,25.7604,2007,8,3,2007-08,False
2007-08-17,JSWSTEEL,49.577,50.3145,45.9017,46.5778,4385530,-7.321,55.6882,53.0286,40.7944,29.8102,-1.34225,-0.173603,-1.16865,64.0798,47.2966,30.1378,2007,8,3,2007-08,False
2007-08-20,JSWSTEEL,48.3478,49.4131,46.9342,47.2087,7431150,1.3547,55.0917,53.0215,40.8946,32.1954,-1.66259,-0.4714,-1.19119,64.1221,46.0612,32.7834,2007,8,3,2007-08,False
2007-08-21,JSWSTEEL,47.6103,48.6756,43.1033,44.1645,7670900,-6.4485,54.304,52.9578,40.98,27.3639,-2.13747,-0.804613,-1.33285,64.2624,44.3456,36.6765,2007,8,3,2007-08,False
2007-08-22,JSWSTEEL,46.1353,46.1353,42.5297,44.5168,8825790,0.7979,53.5169,52.923,41.0696,28.6977,-2.45705,-1.1351,-1.32195,63.9698,43.064,39.0638,2007,8,3,2007-08,False
2007-08-23,JSWSTEEL,45.0905,45.9632,41.0833,42.5256,17533060,-4.4731,52.6647,52.8632,41.1527,25.813,-2.83829,-1.47574,-1.36255,63.7968,41.5326,42.2754,2007,8,3,2007-08,False
2007-08-24,JSWSTEEL,42.6935,47.5037,42.6935,46.84,12230730,10.1455,51.9501,52.8463,41.2572,39.9074,-2.76046,-1.73268,-1.02778,62.619,41.2812,41.0736,2007,8,3,2007-08,False
2007-08-27,JSWSTEEL,47.1022,50.716,47.1022,50.1915,6897340,7.1554,51.5014,52.8893,41.3729,48.1487,-2.40067,-1.86628,-0.53439,61.6341,41.3688,39.3491,2007,8,3,2007-08,False
2007-08-28,JSWSTEEL,50.8061,51.1913,49.6876,49.9621,4122550,-0.4571,51.0249,52.9462,41.489,47.6667,-2.10973,-1.91497,-0.194756,60.4468,41.6031,36.9303,2007,8,3,2007-08,False
2007-08-29,JSWSTEEL,49.1672,51.5436,45.9345,50.8225,9070020,1.7221,50.5417,52.9862,41.6098,49.7,-1.7891,-1.8898,0.100698,58.8449,42.2384,32.857,2007,8,3,2007-08,False
2007-08-30,JSWSTEEL,52.0107,52.3631,50.1506,50.5726,4830080,-0.4918,50.2067,53.0047,41.7293,49.1032,-1.53744,-1.81933,0.281883,57.8837,42.5297,30.5815,2007,8,3,2007-08,False
2007-08-31,JSWSTEEL,50.7652,53.3137,50.6996,52.7114,5926070,4.2291,49.9998,53.0655,41.8591,54.1744,-1.15214,-1.68589,0.533747,57.1263,42.8733,28.506,2007,8,3,2007-08,False
2007-09-03,JSWSTEEL,52.445,54.6248,52.445,54.0799,3887900,2.5962,49.9166,53.1584,41.994,57.1185,-0.72797,-1.4943,0.766335,56.7954,43.0379,27.5609,2007,9,3,2007-09,False
2007-09-04,JSWSTEEL,54.4937,55.6327,54.084,54.2806,3325650,0.3712,49.9855,53.2453,42.1319,57.5494,-0.371331,-1.26971,0.898379,57.0159,42.955,28.1301,2007,9,3,2007-09,False
2007-09-05,JSWSTEEL,54.9034,56.3784,54.6166,55.9154,6050300,3.0118,50.1221,53.3676,42.2807,60.987,0.0427324,-1.00722,1.04995,57.5113,42.7329,29.4848,2007,9,3,2007-09,False
2007-09-06,JSWSTEEL,55.2312,56.9438,54.9116,56.5382,4629980,1.1138,50.2628,53.5061,42.4329,62.2414,0.416334,-0.72251,1.13884,58.038,42.4877,30.938,2007,9,3,2007-09,False
2007-09-07,JSWSTEEL,57.1159,59.2465,56.4071,57.538,6333700,1.7683,50.5365,53.6746,42.5945,64.2298,0.784048,-0.421199,1.20525,58.9388,42.1343,33.2521,2007,9,3,2007-09,False
2007-09-10,JSWSTEEL,56.5423,57.243,55.2312,55.4852,11796980,-3.5676,50.741,53.782,42.7467,57.5308,0.899458,-0.157067,1.05653,59.4255,42.0564,34.2309,2007,9,3,2007-09,False
2007-09-11,JSWSTEEL,55.7311,56.6407,54.3339,55.0263,6058810,-0.8271,50.911,53.8912,42.8896,56.1216,0.943021,0.0629503,0.880071,59.7993,42.0228,34.9168,2007,9,3,2007-09,False
2007-09-12,JSWSTEEL,56.1244,56.5423,55.477,55.8458,4961580,1.4892,51.053,53.9921,43.0398,58.0955,1.03177,0.256715,0.775059,60.1699,41.9361,35.7156,2007,9,3,2007-09,False
2007-09-13,JSWSTEEL,56.1654,56.2965,55.559,55.8048,1595580,-0.0734,51.3304,54.0616,43.1863,57.9551,1.08628,0.422629,0.663656,60.68,41.9808,36.4291,2007,9,3,2007-09,False
2007-09-14,JSWSTEEL,56.2145,57.6732,55.7393,55.9851,5024330,0.3231,51.8008,54.1512,43.3342,58.4311,1.13099,0.564302,0.566692,61.09,42.5115,35.8652,2007,9,3,2007-09,False
2007-09-17,JSWSTEEL,56.6243,57.2552,53.7029,55.7474,2214290,-0.4245,52.2277,54.2434,43.4805,57.5069,1.13418,0.678277,0.455899,61.4126,43.0428,35.1724,2007,9,3,2007-09,False
2007-09-18,JSWSTEEL,55.7229,56.8701,55.4033,56.3375,3107050,1.0584,52.8363,54.3343,43.6331,59.231,1.17081,0.776783,0.394026,61.361,44.3116,32.2683,2007,9,3,2007-09,False
2007-09-19,JSWSTEEL,57.2798,58.3451,56.8701,57.8166,15304120,2.6255,53.5013,54.4177,43.7893,63.2559,1.30416,0.882259,0.421902,61.3409,45.6618,29.3061,2007,9,3,2007-09,False
2007-09-20,JSWSTEEL,58.5828,59.2056,58.0952,58.9392,5021940,1.9418,54.322,54.5015,43.9536,65.9996,1.48333,1.00247,0.48086,60.6059,48.0382,23.1356,2007,9,3,2007-09,False
2007-09-21,JSWSTEEL,59.0007,60.066,59.0007,59.5374,4002640,1.015,54.9569,54.5643,44.1203,67.3966,1.65453,1.13288,0.521643,60.5899,49.3239,20.4997,2007,9,3,2007-09,False
2007-09-24,JSWSTEEL,60.3938,60.6478,59.3899,60.4347,2861350,1.5071,55.469,54.5904,44.2907,69.4259,1.84138,1.27458,0.566795,61.1403,49.7978,20.4483,2007,9,3,2007-09,False
2007-09-25,JSWSTEEL,60.6314,66.2938,60.4347,63.1717,10425110,4.5288,56.1295,54.6682,44.4731,74.6158,2.18512,1.45669,0.728429,62.1654,50.0936,21.5071,2007,9,3,2007-09,False
2007-09-26,JSWSTEEL,63.1717,66.8634,63.1717,65.7366,12366980,4.0602,56.8752,54.8372,44.6672,78.3284,2.63414,1.69218,0.941959,63.7739,49.9765,24.2592,2007,9,3,2007-09,False
2007-09-27,JSWSTEEL,66.2938,67.6049,65.6546,67.4083,6358860,2.543,57.717,55.0516,44.8701,80.346,3.08927,1.9716,1.11767,65.4373,49.9967,26.7522,2007,9,3,2007-09,False
2007-09-28,JSWSTEEL,67.605,71.6531,67.605,69.8953,6958690,3.6895,58.5762,55.2961,45.0887,82.8971,3.60904,2.29909,1.30996,67.656,49.4964,31.0017,2007,9,3,2007-09,False
2007-10-01,JSWSTEEL,70.596,70.596,68.0966,68.8751,1916520,-1.4596,59.316,55.4908,45.3056,78.4014,3.89376,2.61802,1.27574,69.2262,49.4057,33.415,2007,10,4,2007-10,False
2007-10-03,JSWSTEEL,70.3091,71.9071,69.4159,71.0385,10002660,3.141,60.1539,55.7132,45.5353,80.7815,4.24503,2.94342,1.30161,71.0556,49.2521,36.2463,2007,10,4,2007-10,False
2007-10-04,JSWSTEEL,70.8008,79.8722,70.1453,74.685,15034660,5.1332,61.0923,56.0017,45.7839,83.9851,4.76276,3.30729,1.45547,73.5748,48.6099,40.8642,2007,10,4,2007-10,False
2007-10-05,JSWSTEEL,74.8202,75.7995,69.1414,69.7314,4430380,-6.6327,61.752,56.2049,46.004,67.5198,4.71896,3.58962,1.12933,74.6099,48.8941,41.6437,2007,10,4,2007-10,False
2007-10-08,JSWSTEEL,71.2925,71.2925,63.5118,65.8882,3879890,-5.5115,62.1695,56.3001,46.1983,58.0164,4.32427,3.73655,0.587719,74.9935,49.3455,41.2549,2007,10,4,2007-10,False
2007-10-09,JSWSTEEL,66.048,71.2925,64.3558,69.6946,5785620,5.777,62.88,56.5107,46.412,63.4964,4.26941,3.84313,0.426287,75.7192,50.0408,40.8371,2007,10,4,2007-10,False
2007-10-10,JSWSTEEL,70.8213,73.587,69.9855,72.5913,6670060,4.1564,63.7582,56.7727,46.6429,67.0241,4.40886,3.95627,0.452585,76.7377,50.7788,40.7146,2007,10,4,2007-10,False
2007-10-11,JSWSTEEL,73.7509,74.1606,71.2925,71.7309,3084300,-1.1853,64.5525,56.9975,46.8623,65.0143,4.39923,4.04486,0.354364,77.437,51.6679,39.9196,2007,10,4,2007-10,False
2007-10-12,JSWSTEEL,71.7842,75.2013,70.473,72.8372,6936510,1.5422,65.4041,57.3088,47.0822,66.4089,4.4298,4.12185,0.307947,78.1044,52.7038,38.8364,2007,10,4,2007-10,False
2007-10-15,JSWSTEEL,74.5703,82.306,73.9106,80.8719,13843160,11.0311,66.6484,57.7893,47.3356,74.3931,5.04422,4.30632,0.737892,80.3038,52.993,40.9774,2007,10,4,2007-10,False
2007-10-16,JSWSTEEL,80.962,85.6083,78.5037,79.8353,11974060,-1.2818,67.8528,58.2711,47.5859,72.0149,5.38542,4.52214,0.863277,81.7076,53.9981,40.8377,2007,10,4,2007-10,False
2007-10-17,JSWSTEEL,74.1606,76.7828,65.5563,74.8653,8708960,-6.2253,68.7792,58.7103,47.8108,61.812,5.19491,4.6567,0.538211,81.8474,55.7111,38.0003,2007,10,4,2007-10,False
2007-10-18,JSWSTEEL,76.0453,77.8481,68.0147,69.8707,5923910,-6.6714,69.3819,59.0441,48.0097,53.5944,4.58801,4.64296,-0.0549443,81.3901,57.3737,34.6148,2007,10,4,2007-10,False
2007-10-19,JSWSTEEL,70.473,72.9314,66.4618,70.6492,4718080,1.1142,69.9674,59.3826,48.2088,54.6074,4.12235,4.53884,-0.416489,80.928,59.0069,31.3304,2007,10,4,2007-10,False
2007-10-22,JSWSTEEL,65.5563,72.0874,65.5563,71.4646,2924500,1.1541,70.5638,59.7706,48.4084,55.6981,3.77557,4.38618,-0.610612,80.3723,60.7553,27.8003,2007,10,4,2007-10,False
2007-10-23,JSWSTEEL,72.9314,76.7828,72.9314,76.2912,8623390,6.7538,71.3566,60.2685,48.6289,61.5831,3.84588,4.27812,-0.432242,80.2373,62.476,24.8909,2007,10,4,2007-10,False
2007-10-24,JSWSTEEL,77.8481,85.0921,76.3731,83.2442,8583350,9.1139,72.3602,60.9009,48.8888,68.1474,4.4118,4.30486,0.106942,81.8614,62.8591,26.2607,2007,10,4,2007-10,False
2007-10-25,JSWSTEEL,83.9121,84.8135,78.852,80.4007,11417940,-3.4159,73.0934,61.4488,49.1326,63.378,4.57808,4.3595,0.218574,82.705,63.4819,26.2994,2007,10,4,2007-10,False
2007-10-26,JSWSTEEL,81.1341,82.8386,78.2579,78.897,10276760,-1.8703,73.6679,62.0216,49.3721,60.9487,4.53622,4.39485,0.141377,83.2219,64.1139,25.9381,2007,10,4,2007-10,False
2007-10-29,JSWSTEEL,80.7162,82.1912,79.0773,79.5854,5024050,0.8725,74.1524,62.6817,49.6073,61.6729,4.50665,4.41721,0.089442,83.8821,64.4227,26.2424,2007,10,4,2007-10,False
2007-10-30,JSWSTEEL,81.2079,81.5357,76.6476,77.8686,6914050,-2.1571,74.6021,63.2949,49.8376,58.7467,4.29517,4.3928,-0.0976287,84.1341,65.07,25.5543,2007,10,4,2007-10,False
2007-10-31,JSWSTEEL,69.6618,81.1259,69.6618,78.5365,9239160,0.8577,74.977,63.9824,50.0683,59.5508,4.13381,4.341,-0.207191,84.5086,65.4453,25.4256,2007,10,4,2007-10,False
2007-11-01,JSWSTEEL,79.0773,80.3065,75.7995,76.6026,4980180,-2.4624,75.0728,64.6241,50.2855,56.1387,3.80601,4.234,-0.427995,84.6307,65.515,25.4629,2007,11,4,2007-11,False
2007-11-02,JSWSTEEL,76.455,76.7828,74.1606,75.7995,2298140,-1.0484,75.3762,65.2896,50.4984,54.7361,3.44175,4.07555,-0.633805,84.5996,66.1529,24.4728,2007,11,4,2007-11,False
2007-11-05,JSWSTEEL,75.9634,78.2087,74.5703,74.8489,3177740,-1.2541,75.8243,65.8498,50.7047,53.0468,3.04131,3.8687,-0.827397,83.907,67.7415,21.3197,2007,11,4,2007-11,False
2007-11-06,JSWSTEEL,76.2092,78.5856,74.98,76.033,7983170,1.582,76.1412,66.3666,50.9114,54.9135,2.78737,3.65244,-0.865066,83.6915,68.5909,19.8323,2007,11,4,2007-11,False
2007-11-07,JSWSTEEL,77.1065,79.065,75.9675,76.5452,7393380,0.6736,76.3389,66.8982,51.1247,55.7333,2.59751,3.44145,-0.84394,83.7026,68.9752,19.2921,2007,11,4,2007-11,False
2007-11-08,JSWSTEEL,75.3897,76.2829,73.8328,74.6645,1620250,-2.4569,76.4856,67.3751,51.3286,51.9948,2.26913,3.20699,-0.937853,83.5745,69.3966,18.5367,2007,11,4,2007-11,False
2007-11-12,JSWSTEEL,71.7022,73.3329,67.6049,70.936,2207280,-4.9937,76.3905,67.7824,51.5148,45.4811,1.68857,2.9033,-1.21473,83.7319,69.0491,19.2208,2007,11,4,2007-11,False
2007-11-13,JSWSTEEL,70.473,73.8328,69.6823,72.4889,4835850,2.1891,75.9714,68.1779,51.7164,48.3815,1.33834,2.59031,-1.25197,83.1917,68.751,19.0081,2007,11,4,2007-11,False
2007-11-14,JSWSTEEL,72.9437,78.1636,72.9437,76.7009,8636070,5.8106,75.8146,68.6303,51.9286,55.3241,1.3847,2.34919,-0.964492,82.8146,68.8147,18.4659,2007,11,4,2007-11,False
2007-11-15,JSWSTEEL,77.8481,80.6343,77.7662,79.4583,11040870,3.5951,76.0443,69.1339,52.1497,59.1935,1.6252,2.20439,-0.579189,83.2124,68.8762,18.8525,2007,11,4,2007-11,False
2007-11-16,JSWSTEEL,79.4584,79.8968,77.1926,79.3723,5108760,-0.1083,76.5194,69.603,52.3696,59.0218,1.78825,2.12116,-0.332914,83.2082,69.8306,17.4826,2007,11,4,2007-11,False
2007-11-19,JSWSTEEL,77.9424,81.1259,77.9424,79.8804,2894540,0.6401,76.9809,70.0699,52.5863,59.7643,1.93614,2.08416,-0.148018,83.2233,70.7386,16.2178,2007,11,4,2007-11,False
2007-11-20,JSWSTEEL,79.4706,82.265,77.844,78.2988,7526230,-1.9799,77.3226,70.4851,52.7918,56.3419,1.90378,2.04808,-0.1443,83.0178,71.6275,14.7308,2007,11,4,2007-11,False
2007-11-21,JSWSTEEL,79.3805,79.3805,73.587,74.8489,3115900,-4.4061,77.2505,70.8724,52.9819,49.6612,1.58153,1.95477,-0.373243,83.0364,71.4646,14.9796,2007,11,4,2007-11,False
2007-11-22,JSWSTEEL,75.062,76.1273,72.2799,74.1852,4108690,-0.8868,76.7976,71.2555,53.1713,48.4704,1.25808,1.81543,-0.557353,81.9964,71.5987,13.5391,2007,11,4,2007-11,False
2007-11-23,JSWSTEEL,76.4304,76.6189,74.9841,75.7093,2473270,2.0545,76.563,71.6528,53.3657,51.355,1.11192,1.67473,-0.562816,81.4938,71.6322,12.8803,2007,11,4,2007-11,False
2007-11-26,JSWSTEEL,76.7337,81.1341,76.3813,80.4335,5930820,6.2399,76.6398,72.1454,53.5822,59.0134,1.36158,1.6121,-0.250518,81.7677,71.512,13.3816,2007,11,4,2007-11,False
2007-11-27,JSWSTEEL,81.1505,84.4857,80.2327,81.1792,14494170,0.9271,76.7195,72.6493,53.8053,60.0817,1.60116,1.60991,-0.00875211,82.0842,71.3549,13.9851,2007,11,4,2007-11,False
2007-11-28,JSWSTEEL,81.4537,82.6829,77.9301,78.852,3973470,-2.8668,76.7687,73.1113,54.0215,55.2423,1.58497,1.60492,-0.0199555,82.1953,71.342,14.1376,2007,11,4,2007-11,False
2007-11-29,JSWSTEEL,81.7323,81.7323,77.8686,78.8561,7543560,0.0052,76.7847,73.5617,54.2436,55.2492,1.55455,1.59485,-0.0403013,82.2351,71.3343,14.1966,2007,11,4,2007-11,False
2007-11-30,JSWSTEEL,79.487,83.3384,79.487,82.7689,9369330,4.962,77.093,74.0608,54.4818,61.323,1.82514,1.64091,0.184229,83.1625,71.0235,15.7459,2007,11,4,2007-11,False
2007-12-03,JSWSTEEL,84.3218,87.8454,84.1169,86.8498,9395310,4.9304,77.6455,74.619,54.7386,66.439,2.34188,1.7811,0.560776,85.078,70.213,19.1447,2007,12,4,2007-12,False
2007-12-04,JSWSTEEL,87.4357,89.3205,86.7187,88.6936,5048180,2.1229,78.3377,75.2021,54.9967,68.4684,2.86712,1.99831,0.868818,87.1284,69.5471,22.4429,2007,12,4,2007-12,False
2007-12-05,JSWSTEEL,90.5497,93.1719,88.12,92.5655,7604990,4.3655,79.1644,75.8447,55.2798,72.2617,3.55484,2.30961,1.24523,89.9299,68.3988,27.1979,2007,12,4,2007-12,False
2007-12-06,JSWSTEEL,93.6144,97.3511,92.8523,95.6098,13598130,3.2888,80.1176,76.4935,55.5772,74.826,4.29599,2.70689,1.5891,93.0622,67.173,32.3141,2007,12,4,2007-12,False
2007-12-07,JSWSTEEL,97.5396,104.792,97.1872,98.945,18913470,3.4883,81.3316,77.1576,55.8919,77.3017,5.09375,3.18426,1.90949,96.4882,66.175,37.2712,2007,12,4,2007-12,False
2007-12-10,JSWSTEEL,99.6456,102.407,94.4175,99.1662,11089210,0.2236,82.7431,77.7928,56.2071,77.46,5.67839,3.68309,1.9953,99.0387,66.4476,39.3883,2007,12,4,2007-12,False
2007-12-11,JSWSTEEL,99.9734,100.789,98.2198,98.7032,7850350,-0.4669,84.0538,78.369,56.5164,76.261,6.03479,4.15343,1.88136,101.077,67.0303,40.5063,2007,12,4,2007-12,False
2007-12-12,JSWSTEEL,96.6956,102.432,95.9048,101.661,6406240,2.9971,85.3019,79.0247,56.83,78.5461,6.48123,4.61899,1.86224,103.663,66.9408,43.0497,2007,12,4,2007-12,False
2007-12-13,JSWSTEEL,103.038,113.658,103.038,109.479,16253030,7.6898,86.8029,79.7935,57.1835,83.1595,7.38077,5.17134,2.20943,107.863,65.7431,48.5232,2007,12,4,2007-12,False
2007-12-14,JSWSTEEL,113.798,113.798,108.414,109.409,3032050,-0.0636,88.3048,80.488,57.544,82.9883,7.99587,5.73625,2.25962,111.326,65.2834,52.1407,2007,12,4,2007-12,False
2007-12-17,JSWSTEEL,108.987,109.397,93.7619,95.1058,8011160,-13.0734,89.066,80.9955,57.8278,57.0223,7.24564,6.03813,1.20751,111.921,66.2113,51.3209,2007,12,4,2007-12,False
2007-12-18,JSWSTEEL,95.1058,95.1058,95.1058,95.1058,0,0.0,89.9064,81.5798,58.1153,57.0223,6.57528,6.14556,0.429725,112.326,67.4868,49.8733,2007,12,4,2007-12,False
2007-12-19,JSWSTEEL,99.5718,102.432,97.5355,99.662,8307470,4.7906,91.147,82.1792,58.4422,61.4753,6.3386,6.18417,0.154432,112.791,69.503,47.4925,2007,12,4,2007-12,False
2007-12-20,JSWSTEEL,100.887,103.907,99.3178,100.834,7640480,1.1758,92.4795,82.744,58.7726,62.55,6.1744,6.18221,-0.00781046,112.978,71.9814,44.3301,2007,12,4,2007-12,False
2007-12-24,JSWSTEEL,102.801,103.251,101.211,101.678,3926070,0.8371,93.7779,83.343,59.1163,63.3433,6.04273,6.15432,-0.111587,113.057,74.4989,41.1162,2007,12,4,2007-12,False
2007-12-26,JSWSTEEL,101.612,104.89,99.2359,102.424,4345170,0.7334,94.8774,83.9347,59.4511,64.0674,5.93019,6.10949,-0.179304,113.447,76.3076,39.1447,2007,12,4,2007-12,False
2007-12-27,JSWSTEEL,103.661,107.836,102.596,106.865,7531590,4.3364,96.1617,84.4546,59.8049,68.1085,6.12874,6.11334,0.0153971,114.29,78.0332,37.7041,2007,12,4,2007-12,False
2007-12-28,JSWSTEEL,106.529,108.578,105.587,108.152,3251860,1.2039,97.6267,85.0209,60.1644,69.1894,6.31708,6.15409,0.162995,114.562,80.6918,34.6931,2007,12,4,2007-12,False
2007-12-31,JSWSTEEL,108.987,110.335,107.758,108.127,2625270,-0.0228,99.0902,85.6861,60.5186,69.1411,6.3907,6.20141,0.189285,114.15,84.0301,30.3967,2007,12,4,2007-12,False
2008-01-01,JSWSTEEL,108.987,111.692,107.381,108.111,3735990,-0.0151,100.357,86.4509,60.8787,69.1066,6.37423,6.23598,0.138258,113.814,86.9001,26.8185,2008,1,1,2008-01,False
2008-01-02,JSWSTEEL,108.823,109.807,105.406,106.857,2866040,-1.1597,101.358,87.1751,61.2311,66.3718,6.18868,6.22652,-0.0378362,113.497,89.2183,23.9535,2008,1,1,2008-01,False
2008-01-03,JSWSTEEL,103.005,110.622,103.005,109.991,5349410,2.9333,102.423,87.9456,61.603,69.6097,6.22282,6.22578,-0.0029594,113.581,91.2638,21.7897,2008,1,1,2008-01,False
2008-01-04,JSWSTEEL,109.807,111.921,108.987,109.389,6225380,-0.5476,103.264,88.6075,61.9648,68.2499,6.1306,6.20674,-0.0761395,113.814,92.7138,20.433,2008,1,1,2008-01,False
2008-01-07,JSWSTEEL,107.758,109.782,105.185,106.459,10819290,-2.6781,103.806,89.0719,62.3113,61.914,5.75479,6.11635,-0.361561,113.8,93.8122,19.255,2008,1,1,2008-01,False
2008-01-08,JSWSTEEL,110.192,110.544,101.891,103.358,10707000,-2.9134,104.027,89.531,62.6421,55.988,5.14735,5.92255,-0.775204,113.76,94.2933,18.7134,2008,1,1,2008-01,False
2008-01-09,JSWSTEEL,104.845,104.845,99.6456,100.383,6480050,-2.878,104.088,89.9607,62.9547,50.9512,4.37548,5.61314,-1.23766,113.708,94.4675,18.4847,2008,1,1,2008-01,False
2008-01-10,JSWSTEEL,100.797,103.907,97.1872,98.7073,3830700,-1.6694,104.088,90.3432,63.2552,48.3142,3.58719,5.20795,-1.62075,113.707,94.4682,18.4837,2008,1,1,2008-01,False
2008-01-11,JSWSTEEL,99.1539,99.8996,96.6956,98.4287,2913550,-0.2823,103.926,90.7544,63.5546,47.8706,2.90649,4.74766,-1.84117,113.822,94.0302,19.0442,2008,1,1,2008-01,False
2008-01-14,JSWSTEEL,98.7442,101.612,97.515,100.797,3666430,2.406,103.492,91.1996,63.8666,51.9122,2.52897,4.30392,-1.77495,113.121,93.8637,18.6071,2008,1,1,2008-01,False
2008-01-15,JSWSTEEL,101.203,101.793,97.6789,99.2482,4136930,-1.5365,102.984,91.6525,64.1685,49.2244,2.08082,3.8593,-1.77848,112.367,93.6011,18.2222,2008,1,1,2008-01,False
2008-01-16,JSWSTEEL,98.3263,98.3263,92.4344,93.8357,5933710,-5.4535,102.921,92.0132,64.4357,41.1967,1.27423,3.34228,-2.06806,112.542,93.2989,18.6973,2008,1,1,2008-01,False
2008-01-17,JSWSTEEL,95.0566,97.0807,93.09,94.8354,4479300,1.0654,102.907,92.4129,64.7152,43.0443,0.707511,2.81533,-2.10782,112.576,93.2385,18.7909,2008,1,1,2008-01,False
2008-01-18,JSWSTEEL,94.8354,95.7122,88.3371,90.0252,6286590,-5.0721,102.425,92.6928,64.9692,37.0175,-0.128279,2.22661,-2.35489,113.615,91.2349,21.8506,2008,1,1,2008-01,False
2008-01-21,JSWSTEEL,86.4975,86.4975,66.8674,79.5526,12111950,-11.633,101.361,92.7529,65.1727,27.8687,-1.61706,1.45787,-3.07493,116.529,86.1934,29.928,2008,1,1,2008-01,False
2008-01-22,JSWSTEEL,73.8328,77.8235,64.0936,72.6241,8025110,-8.7093,99.9084,92.7121,65.3316,23.6961,-3.31776,0.502748,-3.8205,119.783,80.0336,39.7861,2008,1,1,2008-01,False
2008-01-23,JSWSTEEL,76.2092,81.8389,76.2092,79.2617,5662160,9.1396,98.7503,92.8786,65.5194,33.9057,-4.08291,-0.414384,-3.66853,120.608,76.8923,44.2693,2008,1,1,2008-01,False
2008-01-24,JSWSTEEL,83.0926,83.0926,70.6369,71.3417,6749380,-9.9922,96.9742,92.8557,65.6578,28.9314,-5.26765,-1.38504,-3.88262,121.648,72.3006,50.8868,2008,1,1,2008-01,False
2008-01-25,JSWSTEEL,73.7509,80.9621,73.7509,79.991,7590140,12.1238,95.5661,92.9215,65.8379,39.3894,-5.44587,-2.1972,-3.24866,120.763,70.3698,52.7307,2008,1,1,2008-01,False
2008-01-28,JSWSTEEL,73.7508,78.6676,71.7432,77.5285,5243010,-3.0785,94.0362,92.8829,66.0066,37.689,-5.71987,-2.90174,-2.81813,119.732,68.3403,54.6512,2008,1,1,2008-01,False
2008-01-29,JSWSTEEL,79.8968,81.8635,78.9134,80.3434,2581540,3.6307,92.6479,92.9023,66.1814,40.8333,-5.64481,-3.45035,-2.19446,118.142,67.154,55.0338,2008,1,1,2008-01,False
2008-01-30,JSWSTEEL,80.495,86.2885,80.1426,82.4985,18780970,2.6824,91.43,92.9547,66.3565,43.1967,-5.34976,-3.83023,-1.51953,116.387,66.4725,54.5935,2008,1,1,2008-01,False
2008-01-31,JSWSTEEL,84.9773,84.9773,78.0407,79.4501,8754760,-3.6951,89.9029,92.9777,66.5245,40.7191,-5.3008,-4.12435,-1.17645,113.793,66.0128,53.1465,2008,1,1,2008-01,False
2008-02-01,JSWSTEEL,81.1259,85.9689,80.4007,84.7971,10333420,6.7299,88.6733,93.1767,66.7135,46.514,-4.7755,-4.25458,-0.520921,110.807,66.5391,49.923,2008,2,1,2008-02,False
2008-02-04,JSWSTEEL,86.0426,95.3598,85.6329,94.397,12662530,11.321,88.0702,93.5809,66.9438,55.0162,-3.54371,-4.1124,0.568692,108.775,67.3654,47.0188,2008,2,1,2008-02,False
2008-02-05,JSWSTEEL,93.4177,97.8428,90.9594,96.1342,7896930,1.8404,87.709,93.9894,67.1817,56.3679,-2.39967,-3.76986,1.37019,107.524,67.8942,45.1831,2008,2,1,2008-02,False
2008-02-06,JSWSTEEL,93.4177,94.651,90.5783,92.9875,1799870,-3.2732,87.3392,94.2405,67.4038,53.2469,-1.72701,-3.36129,1.63428,106.421,68.2578,43.695,2008,2,1,2008-02,False
2008-02-07,JSWSTEEL,93.008,95.8269,90.5824,92.7458,5314400,-0.26,87.0412,94.4718,67.6283,53.0041,-1.1996,-2.92895,1.72935,105.553,68.5297,42.5349,2008,2,1,2008-02,False
2008-02-08,JSWSTEEL,92.7622,93.4505,89.0583,90.521,6151200,-2.3988,86.6458,94.7052,67.8417,50.7122,-0.950196,-2.5332,1.583,104.458,68.8339,41.1143,2008,2,1,2008-02,False
2008-02-11,JSWSTEEL,89.6073,91.6805,86.944,89.513,10676790,-1.1135,86.0816,94.9183,68.0481,49.6644,-0.824371,-2.19143,1.36706,102.68,69.4835,38.5636,2008,2,1,2008-02,False
2008-02-12,JSWSTEEL,91.6149,93.8152,89.2262,92.3238,14483100,3.14,85.7354,95.1094,68.2741,52.6051,-0.492178,-1.85158,1.3594,101.442,70.0288,36.6397,2008,2,1,2008-02,False
2008-02-13,JSWSTEEL,95.0567,95.0567,88.3371,90.7832,9336960,-1.6686,85.5827,95.1881,68.4894,50.8516,-0.349197,-1.55111,1.20191,101.015,70.1506,36.0636,2008,2,1,2008-02,False
2008-02-14,JSWSTEEL,94.565,94.9665,92.3279,93.3973,4983590,2.8794,85.5108,95.2822,68.7027,53.6735,-0.0246674,-1.24582,1.22115,100.774,70.2478,35.6985,2008,2,1,2008-02,False
2008-02-15,JSWSTEEL,90.5496,98.2115,90.5496,97.3347,5200150,4.2158,85.8763,95.3775,68.9422,57.6206,0.543975,-0.887859,1.43183,101.924,69.8282,37.3749,2008,2,1,2008-02,False
2008-02-18,JSWSTEEL,97.5478,98.2279,92.1886,93.8725,2198650,-3.557,86.5923,95.3428,69.1662,53.3188,0.707107,-0.568866,1.27597,102.73,70.4546,37.2727,2008,2,1,2008-02,False
2008-02-19,JSWSTEEL,94.0733,98.3345,94.0569,95.6508,7793420,1.8943,87.7436,95.2769,69.4041,55.17,0.968711,-0.261351,1.23006,102.944,72.5436,34.6465,2008,2,1,2008-02,False
2008-02-20,JSWSTEEL,95.0567,95.4664,89.9678,90.9963,3094870,-4.8661,88.3304,95.1135,69.6143,49.6229,0.791334,-0.0508137,0.842147,103.05,73.6105,33.329,2008,2,1,2008-02,False
2008-02-21,JSWSTEEL,92.1886,94.8149,92.1886,94.1962,3927850,3.5166,89.4731,95.0234,69.8407,53.1133,0.898611,0.139071,0.75954,102.029,76.9169,28.067,2008,2,1,2008-02,False
2008-02-22,JSWSTEEL,93.8275,94.6223,90.1399,91.3732,1867070,-2.997,90.0422,94.8176,70.0518,49.833,0.747221,0.260701,0.48652,101.795,78.2895,26.1049,2008,2,1,2008-02,False
2008-02-25,JSWSTEEL,92.1886,92.8687,89.1566,91.2872,2786830,-0.0941,90.7301,94.4538,70.2594,49.7322,0.613234,0.331208,0.282026,100.903,80.557,22.425,2008,2,1,2008-02,False
2008-02-26,JSWSTEEL,93.8602,93.8602,88.9927,89.6155,3926630,-1.8312,91.1937,94.0579,70.4599,47.7126,0.367915,0.338549,0.029366,100.146,82.2418,19.6327,2008,2,1,2008-02,False
2008-02-27,JSWSTEEL,90.7136,91.7788,86.1492,87.2063,7557700,-2.6884,91.4291,93.8999,70.6449,44.8836,-0.0206644,0.266707,-0.287371,99.6348,83.2234,17.9498,2008,2,1,2008-02,False
2008-02-28,JSWSTEEL,88.0913,89.1648,84.1579,88.3617,6247580,1.3249,91.8747,93.765,70.8371,46.5213,-0.232703,0.166825,-0.399527,98.0609,85.6886,13.4665,2008,2,1,2008-02,False
2008-02-29,JSWSTEEL,85.9443,87.8045,83.4368,86.8293,8264350,-1.7342,91.9763,93.5084,71.0257,44.6274,-0.518417,0.0297763,-0.548193,97.7242,86.2284,12.4986,2008,2,1,2008-02,False
2008-03-03,JSWSTEEL,82.7853,85.7108,82.4247,83.195,2345720,-4.1856,91.4162,93.1556,71.1959,40.4242,-1.02628,-0.181434,-0.844841,98.2513,84.5812,14.9537,2008,3,1,2008-03,False
2008-03-04,JSWSTEEL,82.7648,83.9694,79.6796,82.5968,2748950,-0.719,90.7394,92.774,71.3551,39.7604,-1.46019,-0.437186,-1.02301,98.2545,83.2242,16.5643,2008,3,1,2008-03,False
2008-03-05,JSWSTEEL,81.9454,84.0104,80.3106,80.6793,3707230,-2.3215,90.1239,92.3391,71.5041,37.6274,-1.93648,-0.737045,-1.19944,98.7914,81.4565,19.2345,2008,3,1,2008-03,False
2008-03-07,JSWSTEEL,80.6793,84.711,75.8568,77.045,6591310,-4.5046,89.3389,91.7427,71.6376,33.9139,-2.57749,-1.10513,-1.47235,99.6876,78.9902,23.1672,2008,3,1,2008-03,False
2008-03-10,JSWSTEEL,75.7995,77.8481,74.2753,75.9306,5720390,-1.4465,88.6094,91.0983,71.7659,32.8435,-3.13923,-1.51195,-1.62728,100.543,76.6759,26.9351,2008,3,1,2008-03,False
2008-03-11,JSWSTEEL,75.3897,77.758,74.5498,75.1398,5905770,-1.0414,87.8907,90.4385,71.8844,32.0701,-3.60665,-1.93089,-1.67576,101.242,74.5394,30.3817,2008,3,1,2008-03,False
2008-03-12,JSWSTEEL,77.0287,78.8315,75.7995,76.9713,5639660,2.4374,87.1231,89.8157,72.0089,35.8389,-3.78566,-2.30184,-1.48381,101.15,73.0966,32.1992,2008,3,1,2008-03,False
2008-03-13,JSWSTEEL,75.4225,76.2092,72.3578,73.3452,5801930,-4.711,86.2512,89.1455,72.1235,32.0478,-4.17202,-2.67588,-1.49614,101.44,71.0629,35.2188,2008,3,1,2008-03,False
2008-03-14,JSWSTEEL,73.3411,77.2704,73.3411,76.5083,5001140,4.3126,85.4068,88.4759,72.2581,38.19,-4.17486,-2.97568,-1.19919,100.799,70.0147,36.0441,2008,3,1,2008-03,False
2008-03-17,JSWSTEEL,73.7591,75.3898,72.5217,72.9929,19543550,-4.5949,84.1897,87.7479,72.3738,34.4617,-4.40994,-3.26253,-1.14741,99.4595,68.9198,36.2749,2008,3,1,2008-03,False
2008-03-18,JSWSTEEL,70.555,75.6356,70.555,72.9765,1854000,-0.0225,83.1449,87.0783,72.4917,34.4448,-4.54518,-3.51906,-1.02612,98.4845,67.8052,36.8986,2008,3,1,2008-03,False
2008-03-19,JSWSTEEL,75.7913,77.0041,72.1447,73.6279,3989250,0.8927,82.0437,86.4837,72.6139,35.7914,-4.54737,-3.72472,-0.822644,96.7523,67.3352,35.8554,2008,3,1,2008-03,False
2008-03-24,JSWSTEEL,77.3073,77.3073,60.4757,64.6426,10836010,-12.2037,80.726,85.7689,72.7004,27.4243,-5.21403,-4.02258,-1.19145,96.723,64.729,39.6328,2008,3,1,2008-03,False
2008-03-25,JSWSTEEL,66.3758,71.2925,64.7369,69.6454,6655580,7.7391,79.4985,85.1876,72.8103,36.3466,-5.27785,-4.27364,-1.00421,94.9001,64.0969,38.7469,2008,3,1,2008-03,False
2008-03-26,JSWSTEEL,70.0633,70.6369,67.3058,68.6743,3677610,-1.3943,78.3636,84.5925,72.9158,35.436,-5.34517,-4.48794,-0.857224,93.4223,63.3048,38.433,2008,3,1,2008-03,False
2008-03-27,JSWSTEEL,68.6702,69.5471,65.2367,66.47,5393120,-3.2098,77.1227,83.906,73.0114,33.3908,-5.51284,-4.69292,-0.819916,91.7822,62.4632,38.016,2008,3,1,2008-03,False
2008-03-28,JSWSTEEL,65.6587,69.5552,65.4334,66.9863,6092030,0.7767,75.9912,83.2608,73.1151,34.3465,-5.5402,-4.86238,-0.67782,90.0726,61.9099,37.0605,2008,3,1,2008-03,False
2008-03-31,JSWSTEEL,65.5563,70.0633,65.5563,67.1378,5753170,0.2263,74.9878,82.7268,73.2232,34.643,-5.4864,-4.98718,-0.499222,88.5549,61.4207,36.1849,2008,3,1,2008-03,False
2008-04-01,JSWSTEEL,68.4244,69.6536,66.4618,67.8876,6040920,1.1168,73.9641,82.1879,73.3242,36.1785,-5.32192,-5.05413,-0.267791,86.3178,61.6104,33.4045,2008,4,2,2008-04,False
2008-04-02,JSWSTEEL,69.4815,70.0592,63.1881,64.4746,7179420,-5.0275,72.8464,81.6769,73.4064,32.4423,-5.40467,-5.12424,-0.280431,84.3122,61.3805,31.4795,2008,4,2,2008-04,False
2008-04-03,JSWSTEEL,64.3271,64.573,57.4519,63.2045,33247650,-1.97,71.8468,81.3499,73.4868,31.1529,-5.50923,-5.20124,-0.307993,82.9951,60.6986,31.0335,2008,4,2,2008-04,False
2008-04-04,JSWSTEEL,63.1021,65.1917,60.7707,61.8852,10787860,-2.0874,70.8113,81.1351,73.5521,29.8268,-5.63361,-5.28771,-0.345901,81.597,60.0255,30.4633,2008,4,2,2008-04,False
2008-04-07,JSWSTEEL,63.8273,63.8273,60.7297,62.2703,7546850,0.6223,69.8908,80.7953,73.6152,30.7535,-5.63614,-5.3574,-0.278742,80.2649,59.5168,29.6865,2008,4,2,2008-04,False
2008-04-08,JSWSTEEL,62.2785,63.2618,59.4104,60.4757,4300620,-2.882,69.0623,80.578,73.6693,28.8423,-5.71705,-5.42933,-0.287721,79.6745,58.4502,30.7321,2008,4,2,2008-04,False
2008-04-09,JSWSTEEL,60.8854,61.8688,58.4271,59.4801,8746380,-1.6463,68.2398,80.1677,73.7195,27.8097,-5.79471,-5.5024,-0.292308,79.1562,57.3234,31.9943,2008,4,2,2008-04,False
2008-04-10,JSWSTEEL,60.4757,60.5249,58.4271,59.3981,11439060,-0.1378,67.4527,79.8051,73.7668,27.7217,-5.79606,-5.56114,-0.234925,78.543,56.3624,32.8832,2008,4,2,2008-04,False
2008-04-11,JSWSTEEL,59.3981,60.6478,56.952,58.636,13521920,-1.283,66.536,79.371,73.811,26.8705,-5.79186,-5.60728,-0.184578,77.3409,55.731,32.4785,2008,4,2,2008-04,False
2008-04-15,JSWSTEEL,58.5828,61.7049,57.4847,61.1354,8115720,4.2625,65.9255,78.9437,73.8686,34.0257,-5.52318,-5.59046,0.0672773,76.4875,55.3634,32.0424,2008,4,2,2008-04,False
2008-04-16,JSWSTEEL,64.155,64.155,61.2952,63.4462,4520110,3.7799,65.2724,78.6236,73.9402,39.8826,-5.0654,-5.48545,0.420049,74.6253,55.9195,28.658,2008,4,2,2008-04,False
2008-04-17,JSWSTEEL,64.7369,67.1706,63.692,66.5642,6887640,4.9144,64.9509,78.259,74.0225,46.7515,-4.40028,-5.26841,0.868135,73.6022,56.2997,26.6394,2008,4,2,2008-04,False
2008-04-21,JSWSTEEL,67.2936,68.998,67.0395,68.2195,2659150,2.4868,64.7131,77.7354,74.1158,50.0166,-3.69698,-4.95413,1.25715,72.6689,56.7572,24.5881,2008,4,2,2008-04,False
2008-04-22,JSWSTEEL,68.2195,72.5217,67.4411,71.944,5958140,5.4595,64.6289,77.2516,74.2215,56.4824,-2.80673,-4.52465,1.71792,72.2145,57.0433,23.4744,2008,4,2,2008-04,False
2008-04-23,JSWSTEEL,73.7509,73.7509,68.4531,69.8871,3494320,-2.8589,64.8911,76.7896,74.3093,52.4474,-2.24133,-4.06799,1.82665,72.833,56.9493,24.4775,2008,4,2,2008-04,False
2008-04-24,JSWSTEEL,70.1452,76.7828,70.1452,73.0174,11475730,4.4791,65.0597,76.3951,74.4168,57.4315,-1.5231,-3.55901,2.03591,73.5507,56.5687,26.1022,2008,4,2,2008-04,False
2008-04-25,JSWSTEEL,72.7675,73.587,70.473,72.3865,3956300,-0.8641,65.2453,76.0324,74.5231,56.1539,-0.993365,-3.04588,2.05252,74.2177,56.273,27.5034,2008,4,2,2008-04,False
2008-04-28,JSWSTEEL,73.7508,73.7508,70.555,71.3048,1794280,-1.4943,65.4871,75.6682,74.6206,53.9386,-0.653295,-2.56736,1.91407,74.8503,56.1238,28.5958,2008,4,2,2008-04,False
2008-04-29,JSWSTEEL,70.9647,72.8167,69.1619,71.1122,4606480,-0.2701,65.6934,75.244,74.708,53.5337,-0.394776,-2.13285,1.73807,75.3722,56.0145,29.4667,2008,4,2,2008-04,False
2008-04-30,JSWSTEEL,72.0136,72.3578,70.473,71.7227,4629120,0.8585,65.9226,74.8628,74.7928,54.6948,-0.139034,-1.73408,1.59505,75.9562,55.889,30.4405,2008,4,2,2008-04,False
2008-05-02,JSWSTEEL,72.2758,75.7421,72.1939,75.0743,6413130,4.673,66.2819,74.4963,74.8862,60.5265,0.330281,-1.32121,1.65149,77.0962,55.4677,32.6311,2008,5,2,2008-05,False
2008-05-05,JSWSTEEL,75.7995,76.2092,72.5217,73.673,5575150,-1.8665,66.7419,74.0231,74.9589,57.2107,0.582431,-0.940482,1.52291,78.0055,55.4782,33.753,2008,5,2,2008-05,False
2008-05-06,JSWSTEEL,73.673,73.7509,70.9647,72.0464,9630700,-2.2079,67.184,73.5865,75.0228,53.5439,0.64359,-0.623668,1.26726,78.5566,55.8113,33.8553,2008,5,2,2008-05,False
2008-05-07,JSWSTEEL,71.7063,74.3245,71.4728,71.7924,7401820,-0.3526,67.6793,73.1094,75.0953,52.9729,0.663907,-0.366153,1.03006,78.9427,56.4159,33.2846,2008,5,2,2008-05,False
2008-05-08,JSWSTEEL,71.7022,72.8495,70.0633,72.452,7338710,0.9188,68.1884,72.7385,75.1741,54.3348,0.724882,-0.147946,0.872828,79.3423,57.0345,32.7149,2008,5,2,2008-05,False
2008-05-09,JSWSTEEL,72.4397,74.0786,71.7022,73.6894,11641300,1.7079,68.8491,72.3284,75.2542,56.8586,0.863102,0.0542638,0.808838,79.6388,58.0593,31.3432,2008,5,2,2008-05,False
2008-05-12,JSWSTEEL,76.1191,77.4302,71.3212,76.0371,5803500,3.186,69.6769,72.0216,75.3387,61.2362,1.14884,0.273179,0.875661,79.9692,59.3847,29.5428,2008,5,2,2008-05,False
2008-05-13,JSWSTEEL,77.6842,79.8148,76.6189,78.6389,9507570,3.4217,70.639,71.7687,75.4323,65.4234,1.56717,0.531976,1.03519,80.4726,60.8054,27.8418,2008,5,2,2008-05,False
2008-05-14,JSWSTEEL,76.6681,85.6329,76.6681,81.7487,20138240,3.9546,71.7946,71.6113,75.5397,69.6442,2.12513,0.850608,1.27452,81.1075,62.4817,25.9432,2008,5,2,2008-05,False
2008-05-15,JSWSTEEL,85.9607,85.9607,81.2079,84.7151,8723520,3.6287,72.9736,71.5615,75.6655,73.0267,2.7747,1.23543,1.53928,82.5706,63.3766,26.3027,2008,5,2,2008-05,False
2008-05-16,JSWSTEEL,85.2232,92.1066,84.0022,90.8979,13314350,7.2983,74.3462,71.6122,75.8143,78.4231,3.74522,1.73739,2.00784,85.8657,62.8267,30.9888,2008,5,2,2008-05,False
2008-05-20,JSWSTEEL,90.9594,94.9419,89.3205,93.8275,13692660,3.2229,75.7093,71.7522,75.9876,80.4218,4.69661,2.32923,2.36738,89.5666,61.8521,36.6066,2008,5,2,2008-05,False
2008-05-21,JSWSTEEL,93.9934,94.4829,91.6788,93.7984,9164930,-0.0309,76.9883,71.9643,76.1591,80.3424,5.38617,2.94062,2.44555,92.5515,61.425,40.4302,2008,5,2,2008-05,False
2008-05-22,JSWSTEEL,93.7445,93.7445,87.6594,89.4679,8967470,-4.6168,77.8645,72.1017,76.304,69.3414,5.51958,3.45641,2.06317,94.1867,61.5423,41.9245,2008,5,2,2008-05,False
2008-05-23,JSWSTEEL,89.1817,91.2557,86.6929,89.2481,8040130,-0.2457,78.8325,72.2731,76.4639,68.8262,5.54367,3.87386,1.66981,95.4563,62.2087,42.175,2008,5,2,2008-05,False
2008-05-26,JSWSTEEL,89.1817,90.4261,86.7842,89.5219,6474510,0.3068,79.6578,72.5226,76.6273,69.1338,5.52121,4.20333,1.31787,96.6995,62.616,42.7873,2008,5,2,2008-05,False
2008-05-27,JSWSTEEL,90.0113,93.2799,89.5965,91.4465,7327040,2.1499,80.6108,72.8329,76.8058,71.2792,5.59422,4.48151,1.11271,98.0671,63.1544,43.3101,2008,5,2,2008-05,False
2008-05-28,JSWSTEEL,92.0521,93.4085,88.6052,92.2761,11428410,0.9072,81.6593,73.1756,77.0027,72.1769,5.65385,4.71598,0.937875,99.2806,64.038,43.1581,2008,5,2,2008-05,False
2008-05-29,JSWSTEEL,93.0808,97.8095,92.9149,95.6318,14358670,3.6366,82.8853,73.5489,77.2149,75.5112,5.90384,4.95355,0.950286,100.826,64.9448,43.2901,2008,5,2,2008-05,False
2008-05-30,JSWSTEEL,97.8925,99.9665,93.8731,97.5897,32362350,2.0473,84.1787,74.0337,77.4342,77.226,6.18859,5.20056,0.988035,102.457,65.9,43.4281,2008,5,2,2008-05,False
2008-06-02,JSWSTEEL,96.5651,98.5479,94.1759,95.1009,12009260,-2.5503,85.18,74.4056,77.6494,70.4706,6.14263,5.38897,0.753659,103.553,66.8075,43.1382,2008,6,2,2008-06,False
2008-06-03,JSWSTEEL,94.1593,96.897,91.5627,95.9471,8476900,0.8898,86.2937,74.8647,77.8722,71.3871,6.10412,5.532,0.57212,104.428,68.1592,42.0296,2008,6,2,2008-06,False
2008-06-04,JSWSTEEL,95.9015,97.7681,88.8706,91.4341,13758940,-4.7037,87.2631,75.2338,78.0712,60.5871,5.64438,5.55448,0.0898991,104.226,70.3005,38.877,2008,6,2,2008-06,False
2008-06-05,JSWSTEEL,91.1728,93.9021,89.4804,92.861,9290370,1.5606,88.3165,75.6185,78.2705,62.5179,5.33368,5.51032,-0.176637,103.785,72.8482,35.0292,2008,6,2,2008-06,False
2008-06-06,JSWSTEEL,93.7694,94.3211,89.273,89.8993,3955350,-3.1894,89.1889,76.1236,78.4687,56.3477,4.79322,5.3669,-0.573681,102.739,75.6388,30.3851,2008,6,2,2008-06,False
2008-06-09,JSWSTEEL,86.722,91.0068,86.722,90.3763,6253870,0.5306,90.0232,76.5382,78.6877,57.0824,4.35321,5.16416,-0.810953,101.442,78.6042,25.3691,2008,6,2,2008-06,False
2008-06-10,JSWSTEEL,89.5965,93.3173,88.7669,91.8613,6415370,1.6431,90.8144,77.002,78.911,59.3747,4.07732,4.94679,-0.869472,100.157,81.4716,20.5757,2008,6,2,2008-06,False
2008-06-11,JSWSTEEL,92.8319,93.4127,87.9788,89.2896,12638800,-2.7996,91.347,77.4584,79.1366,53.9958,3.60955,4.67934,-1.06979,98.7884,83.9055,16.2927,2008,6,2,2008-06,False
2008-06-12,JSWSTEEL,91.0649,91.0649,81.4125,82.7026,20983700,-7.3771,91.3947,77.7727,79.3275,43.2007,2.67647,4.27877,-1.6023,98.5851,84.2042,15.7349,2008,6,2,2008-06,False
2008-06-13,JSWSTEEL,83.2086,83.7852,78.231,78.6085,11578410,-4.9504,91.0893,78.0021,79.5079,38.102,1.58833,3.74068,-2.15235,99.8263,82.3523,19.1834,2008,6,2,2008-06,False
2008-06-16,JSWSTEEL,90.816,90.816,78.4799,82.4288,7433810,4.8599,90.6659,78.2929,79.6859,44.665,1.02245,3.19704,-2.17458,100.224,81.1075,21.0849,2008,6,2,2008-06,False
2008-06-17,JSWSTEEL,82.1301,84.1792,81.3835,82.3666,3923810,-0.0755,90.0928,78.6508,79.8467,44.582,0.562486,2.67013,-2.10764,100.211,79.9747,22.4616,2008,6,2,2008-06,False
2008-06-18,JSWSTEEL,82.9597,84.9342,81.5826,81.902,5475180,-0.564,89.498,79.0247,80.0064,43.9264,0.158644,2.16783,-2.00919,100.087,78.9093,23.6624,2008,6,2,2008-06,False
2008-06-19,JSWSTEEL,81.7154,83.5405,80.9148,82.5906,5414080,0.8407,89.1541,79.4388,80.1653,45.2125,-0.104637,1.71334,-1.81797,100.184,78.1239,24.7443,2008,6,2,2008-06,False
2008-06-20,JSWSTEEL,82.9597,84.1129,81.4665,82.462,8082960,-0.1557,88.8148,79.8427,80.3247,45.0049,-0.319976,1.30667,-1.62665,100.243,77.3864,25.7354,2008,6,2,2008-06,False
2008-06-23,JSWSTEEL,82.1301,82.462,78.397,79.2763,8018180,-3.8632,88.3026,80.2187,80.4576,40.0935,-0.73917,0.897505,-1.63667,100.491,76.1143,27.6056,2008,6,2,2008-06,False
2008-06-24,JSWSTEEL,79.2763,81.1471,78.0941,79.8363,7077380,0.7064,87.722,80.6258,80.5863,41.306,-1.0145,0.515103,-1.52961,100.377,75.0673,28.8519,2008,6,2,2008-06,False
2008-06-25,JSWSTEEL,78.3098,83.9553,77.194,83.4119,7256970,4.4786,87.2788,81.1061,80.732,48.477,-0.93343,0.225397,-1.15883,99.8828,74.6748,28.8821,2008,6,2,2008-06,False
2008-06-26,JSWSTEEL,83.7976,86.8505,83.7893,85.6559,9529060,2.6903,86.78,81.6465,80.8807,52.4071,-0.68026,0.0442653,-0.724525,98.7666,74.7934,27.6252,2008,6,2,2008-06,False
2008-06-27,JSWSTEEL,82.9598,83.6234,80.1018,81.4209,9147190,-4.9443,85.9716,82.0522,81.0051,45.373,-0.811994,-0.126987,-0.685008,97.0338,74.9093,25.7347,2008,6,2,2008-06,False
2008-06-30,JSWSTEEL,81.7154,82.7855,74.0001,74.7135,7847840,-8.2378,84.9522,82.2775,81.091,36.9209,-1.44101,-0.389791,-1.05122,96.2276,73.6768,26.5453,2008,6,2,2008-06,False
2008-07-01,JSWSTEEL,74.6638,76.0741,63.4642,64.3684,13279080,-13.8464,83.3733,82.2336,81.1354,28.1965,-2.74265,-0.860363,-1.88229,96.8041,69.9425,32.2185,2008,7,3,2008-07,False
2008-07-02,JSWSTEEL,63.4725,67.5292,62.3857,66.3719,17913670,3.1125,82.1202,82.1967,81.1921,31.569,-3.57138,-1.40257,-2.16882,96.9845,67.2559,36.2013,2008,7,3,2008-07,False
2008-07-03,JSWSTEEL,66.0401,66.0401,58.0801,60.8634,12777440,-8.2995,80.5203,81.9751,81.2172,27.7147,-4.6194,-2.04593,-2.57347,97.2836,63.757,41.6375,2008,7,3,2008-07,False
2008-07-04,JSWSTEEL,60.2537,62.9582,59.0964,62.4562,7661210,2.617,79.1482,81.8264,81.2505,30.3623,-5.26079,-2.6889,-2.57188,97.1276,61.1687,45.4323,2008,7,3,2008-07,False
2008-07-07,JSWSTEEL,60.6436,68.1929,60.6436,66.43,14109770,6.3625,77.9508,81.6947,81.3027,36.6011,-5.38636,-3.2284,-2.15796,95.9712,59.9305,46.2353,2008,7,3,2008-07,False
2008-07-08,JSWSTEEL,66.3678,69.4788,63.0577,68.9022,8411800,3.7215,76.8029,81.625,81.3685,40.191,-5.22614,-3.62794,-1.59819,93.9984,59.6074,44.7783,2008,7,3,2008-07,False
2008-07-09,JSWSTEEL,71.3454,72.8636,69.7277,71.3205,4677180,3.5097,75.9044,81.6253,81.4434,43.5579,-4.84814,-3.87198,-0.976158,92.2075,59.6014,42.9568,2008,7,3,2008-07,False
2008-07-10,JSWSTEEL,67.6329,71.9261,67.6329,68.8317,5303780,-3.4896,75.2109,81.5797,81.4985,40.9998,-4.69528,-4.03664,-0.658636,91.4764,58.9454,43.2531,2008,7,3,2008-07,False
2008-07-11,JSWSTEEL,69.2755,69.4373,65.6295,66.4466,8848820,-3.4651,74.6028,81.4742,81.536,38.6569,-4.71227,-4.17177,-0.540502,91.2386,57.967,44.5984,2008,7,3,2008-07,False
2008-07-14,JSWSTEEL,66.3678,68.6824,63.4849,66.2641,4657740,-0.2747,73.7946,81.298,81.5696,38.4757,-4.68644,-4.2747,-0.411739,90.4001,57.189,45.0049,2008,7,3,2008-07,False
2008-07-15,JSWSTEEL,66.3263,66.6084,58.2253,60.5938,9641320,-8.5571,72.7059,81.0364,81.5704,33.2598,-5.06513,-4.43279,-0.632342,89.7931,55.6187,47.0036,2008,7,3,2008-07,False
2008-07-16,JSWSTEEL,60.7473,62.6346,58.329,59.3287,7271440,-2.0879,71.5772,80.7821,81.5512,32.2106,-5.40502,-4.62723,-0.777789,89.0838,54.0707,48.9164,2008,7,3,2008-07,False
2008-07-17,JSWSTEEL,62.2198,63.0079,57.5741,61.5188,10529930,3.6915,70.5237,80.5766,81.5301,35.9759,-5.43501,-4.78879,-0.646224,87.7738,53.2735,48.9202,2008,7,3,2008-07,False
2008-07-18,JSWSTEEL,62.9664,62.9664,59.8347,60.515,9205380,-1.6317,69.4263,80.3378,81.4957,35.0159,-5.47665,-4.92636,-0.550288,86.2662,52.5864,48.5116,2008,7,3,2008-07,False
2008-07-21,JSWSTEEL,61.805,62.9996,58.3746,59.843,8062820,-1.1104,68.4546,80.0609,81.4454,34.355,-5.50046,-5.04118,-0.459281,85.1434,51.7658,48.7587,2008,7,3,2008-07,False
2008-07-22,JSWSTEEL,59.814,61.7884,59.814,60.4694,5310630,1.0467,67.4863,79.7496,81.4034,35.5756,-5.40647,-5.11424,-0.29223,83.6331,51.3395,47.8521,2008,7,3,2008-07,False
2008-07-23,JSWSTEEL,62.3027,65.3266,61.7137,64.1196,7836410,6.0364,66.5217,79.4592,81.3688,42.3079,-4.98003,-5.0874,0.107365,80.8672,52.1762,43.1303,2008,7,3,2008-07,False
2008-07-24,JSWSTEEL,64.7086,66.4507,64.7086,66.1645,7473050,3.1893,65.5471,79.1475,81.3262,45.7296,-4.42605,-4.95513,0.529082,76.716,54.3782,34.0789,2008,7,3,2008-07,False
2008-07-25,JSWSTEEL,64.3062,67.0273,64.1777,64.7999,3116120,-2.0626,64.7161,78.7492,81.3015,43.8601,-4.05044,-4.77419,0.723754,73.017,56.4151,25.6535,2008,7,3,2008-07,False
2008-07-28,JSWSTEEL,64.7169,65.7041,63.9702,64.4224,1468880,-0.5825,64.2015,78.2197,81.2942,43.3324,-3.74011,-4.56737,0.827267,71.0402,57.3629,21.3037,2008,7,3,2008-07,False
2008-07-29,JSWSTEEL,63.4642,64.2938,62.0622,62.4231,1911030,-3.1035,64.1042,77.5916,81.2578,40.5497,-3.61384,-4.37667,0.762828,70.9881,57.2204,21.477,2008,7,3,2008-07,False
2008-07-30,JSWSTEEL,64.2938,64.2938,61.8092,62.1783,5852650,-0.3921,63.8946,76.9592,81.2058,40.2093,-3.49325,-4.19998,0.706733,70.7429,57.0462,21.4365,2008,7,3,2008-07,False
2008-07-31,JSWSTEEL,62.6346,63.8541,60.3117,61.1123,20812550,-1.7145,63.907,76.3921,81.1527,38.6859,-3.444,-4.04879,0.604784,70.7331,57.0809,21.3625,2008,7,3,2008-07,False
2008-08-01,JSWSTEEL,60.9713,66.766,59.0673,66.1936,13875520,8.3147,64.0939,75.931,81.1195,48.6687,-2.96083,-3.8312,0.870368,70.9572,57.2305,21.4166,2008,8,3,2008-08,False
2008-08-04,JSWSTEEL,66.2185,73.1539,65.4552,72.3492,11074410,9.2994,64.3898,75.5875,81.0768,57.6617,-2.05748,-3.47645,1.41897,72.1316,56.648,24.0467,2008,8,3,2008-08,False
2008-08-05,JSWSTEEL,72.3492,72.5898,68.4418,69.317,6789790,-4.191,64.4106,75.1449,81.0243,52.7585,-1.56817,-3.0948,1.52663,72.2053,56.6158,24.2033,2008,8,3,2008-08,False
2008-08-06,JSWSTEEL,70.101,71.3329,64.721,65.169,11043140,-5.9841,64.103,74.6028,80.9758,46.885,-1.49783,-2.7754,1.27757,71.2043,57.0017,22.156,2008,8,3,2008-08,False
2008-08-07,JSWSTEEL,65.169,67.944,64.3768,65.2644,5683200,0.1464,63.9246,73.9954,80.9527,47.031,-1.41804,-2.50393,1.08589,70.6975,57.1518,21.1901,2008,8,3,2008-08,False
2008-08-08,JSWSTEEL,65.2976,67.0066,64.7916,65.9198,3262230,1.0042,63.8983,73.362,80.9291,48.0872,-1.28708,-2.26056,0.973479,70.6338,57.1628,21.082,2008,8,3,2008-08,False
2008-08-11,JSWSTEEL,67.5292,67.5292,66.3678,66.8821,3402390,1.4599,63.9292,72.7977,80.9062,49.6739,-1.09305,-2.02706,0.934011,70.7159,57.1425,21.232,2008,8,3,2008-08,False
2008-08-12,JSWSTEEL,67.1808,68.027,63.879,64.2938,4635430,-3.87,64.1142,72.1646,80.8462,45.6338,-1.13504,-1.84865,0.71361,70.7173,57.5111,20.598,2008,8,3,2008-08,False
2008-08-13,JSWSTEEL,63.879,65.1234,63.1531,63.572,7226970,-1.1226,64.3264,71.6074,80.7478,44.5458,-1.21259,-1.72144,0.508851,70.5435,58.1093,19.3298,2008,8,3,2008-08,False
2008-08-14,JSWSTEEL,63.4642,64.6671,63.0577,63.9703,4217290,0.6264,64.4489,71.0295,80.6657,45.3204,-1.22776,-1.62271,0.394944,70.5281,58.3698,18.865,2008,8,3,2008-08,False
2008-08-18,JSWSTEEL,64.3768,65.4552,63.0494,64.02,5315000,0.0778,64.6242,70.512,80.5913,45.423,-1.22169,-1.5425,0.320816,70.4214,58.827,17.9413,2008,8,3,2008-08,False
2008-08-19,JSWSTEEL,64.2938,65.0819,62.7591,63.8956,4555660,-0.1944,64.8268,69.9823,80.5128,45.1946,-1.21293,-1.47659,0.263658,70.1872,59.4664,16.5376,2008,8,3,2008-08,False
2008-08-20,JSWSTEEL,63.8956,64.9575,63.2361,63.6923,2643160,-0.3181,64.988,69.419,80.442,44.7985,-1.20846,-1.42296,0.214502,69.9778,59.9982,15.3561,2008,8,3,2008-08,False
2008-08-21,JSWSTEEL,63.7546,64.02,62.5143,62.7839,2993050,-1.4263,64.9212,68.8889,80.3632,42.9849,-1.26365,-1.3911,0.127447,69.995,59.8474,15.6306,2008,8,3,2008-08,False
2008-08-22,JSWSTEEL,62.2198,63.7587,59.0259,63.3107,3481750,0.8391,64.7785,68.501,80.2967,44.3908,-1.25047,-1.36297,0.112503,69.8655,59.6914,15.706,2008,8,3,2008-08,False
2008-08-25,JSWSTEEL,64.2938,65.3474,62.6512,63.0038,1955240,-0.4848,64.6887,68.1889,80.2328,43.7144,-1.25038,-1.34046,0.0900761,69.8372,59.5402,15.9178,2008,8,3,2008-08,False
2008-08-26,JSWSTEEL,62.7176,63.6135,62.2198,62.2405,9949110,-1.2114,64.5796,67.7852,80.1697,42.0007,-1.29694,-1.33175,0.0348106,69.843,59.3162,16.3006,2008,8,3,2008-08,False
2008-08-27,JSWSTEEL,63.0245,63.0245,61.3653,61.4898,3422050,-1.2063,64.5329,67.3676,80.097,40.326,-1.37853,-1.34111,-0.0374254,69.8925,59.1733,16.6105,2008,8,3,2008-08,False
2008-08-28,JSWSTEEL,64.6007,64.6007,61.2367,62.141,9819820,1.0591,64.5311,66.9724,80.025,42.4688,-1.3748,-1.34785,-0.0269535,69.8942,59.168,16.6217,2008,8,3,2008-08,False
2008-08-29,JSWSTEEL,62.8005,64.6215,61.8465,63.3813,4871590,1.9959,64.6445,66.5882,79.9686,46.4154,-1.25727,-1.32973,0.0724619,69.7949,59.4941,15.9344,2008,8,3,2008-08,False
2008-09-01,JSWSTEEL,62.9664,63.7131,61.722,62.3276,2134260,-1.6623,64.4512,66.1855,79.9255,43.6745,-1.23491,-1.31077,0.0758594,69.6468,59.2557,16.1225,2008,9,3,2008-09,False
2008-09-02,JSWSTEEL,62.3857,64.2938,61.8465,63.0204,2899250,1.1114,63.9848,65.8604,79.8782,45.935,-1.14805,-1.27822,0.13017,67.6422,60.3274,11.4321,2008,9,3,2008-09,False
2008-09-04,JSWSTEEL,62.6678,62.7176,60.5606,60.6768,5926340,-3.7188,63.5528,65.4772,79.7981,40.0751,-1.25388,-1.27336,0.0194768,66.5375,60.568,9.393,2008,9,3,2008-09,False
2008-09-05,JSWSTEEL,60.6436,60.6436,58.076,58.947,8671060,-2.8507,63.2417,64.9879,79.6955,36.3858,-1.46048,-1.31078,-0.149702,66.7654,59.7179,11.1439,2008,9,3,2008-09,False
2008-09-08,JSWSTEEL,60.9464,61.3902,58.5696,59.4407,4104370,0.8374,62.9505,64.4636,79.5958,38.1361,-1.56633,-1.36189,-0.20444,66.7241,59.1769,11.9892,2008,9,3,2008-09,False
2008-09-09,JSWSTEEL,59.3162,59.4821,58.5032,59.3245,1623200,-0.1954,62.6207,64.0217,79.4931,37.872,-1.64068,-1.41765,-0.223029,66.454,58.7874,12.2429,2008,9,3,2008-09,False
2008-09-10,JSWSTEEL,58.9014,59.2333,54.3594,54.8571,8411420,-7.5304,62.0195,63.6246,79.3759,29.4313,-2.0366,-1.54144,-0.495162,66.7139,57.325,15.1386,2008,9,3,2008-09,False
2008-09-11,JSWSTEEL,54.7037,56.3048,52.7209,55.3051,7739740,0.8166,61.57,63.4433,79.2781,31.0898,-2.28785,-1.69072,-0.59713,67.0096,56.1304,17.6697,2008,9,3,2008-09,False
2008-09-12,JSWSTEEL,55.9978,56.3131,54.0275,54.6248,3285450,-1.23,61.1227,63.2084,79.1803,29.9391,-2.51289,-1.85516,-0.657739,67.2918,54.9536,20.186,2008,9,3,2008-09,False
2008-09-15,JSWSTEEL,53.7579,54.3386,51.435,53.9653,3194000,-1.2074,60.6224,63.0704,79.0716,28.8252,-2.71318,-2.02676,-0.686423,67.4108,53.8341,22.3956,2008,9,3,2008-09,False
2008-09-16,JSWSTEEL,52.2646,54.9608,51.2691,53.6127,6071160,-0.6533,60.1021,62.8935,78.9375,28.2207,-2.86731,-2.19487,-0.672443,67.3723,52.8319,24.1929,2008,9,3,2008-09,False
2008-09-17,JSWSTEEL,53.0942,55.2097,52.2646,53.256,7896340,-0.6654,59.5701,62.63,78.7979,27.5903,-2.98385,-2.35267,-0.631184,67.2187,51.9214,25.6794,2008,9,3,2008-09,False
2008-09-18,JSWSTEEL,52.2646,52.2646,49.1578,49.6431,6372280,-6.784,58.8676,62.2449,78.6519,22.1847,-3.32936,-2.54801,-0.781354,67.4462,50.289,29.1454,2008,9,3,2008-09,False
2008-09-19,JSWSTEEL,51.435,51.435,47.8719,49.2739,12953030,-0.7436,58.1921,61.8039,78.5039,21.7166,-3.59157,-2.75672,-0.834848,67.5633,48.8209,32.2077,2008,9,3,2008-09,False
2008-09-22,JSWSTEEL,49.7758,50.7631,48.6808,49.415,15705540,0.2862,57.4973,61.4156,78.3372,22.3904,-3.74482,-2.95434,-0.79048,67.3202,47.6744,34.1682,2008,9,3,2008-09,False
2008-09-23,JSWSTEEL,48.7803,49.6099,47.0548,47.5608,9253110,-3.7522,56.7252,61.0379,78.1407,19.9581,-3.97012,-3.1575,-0.812626,67.1358,46.3145,36.7056,2008,9,3,2008-09,False
2008-09-24,JSWSTEEL,48.0337,49.3113,46.3828,48.154,8122750,1.2472,56.0208,60.6757,77.938,22.8456,-4.05408,-3.33681,-0.717267,66.7612,45.2805,38.3441,2008,9,3,2008-09,False
2008-09-25,JSWSTEEL,48.154,48.9462,47.3161,48.1706,12857580,0.0345,55.3549,60.4272,77.7161,22.9294,-4.07233,-3.48392,-0.588417,66.3169,44.3929,39.6062,2008,9,3,2008-09,False
2008-09-26,JSWSTEEL,48.5314,48.5314,46.9552,47.6355,5039250,-1.1108,54.6296,60.1933,77.4762,22.0963,-4.08291,-3.60372,-0.479198,65.6205,43.6387,40.238,2008,9,3,2008-09,False
2008-09-29,JSWSTEEL,47.7018,48.1166,41.8117,42.0108,6405800,-11.8077,53.5611,59.8032,77.1915,15.6568,-4.49336,-3.78165,-0.711719,65.1106,42.0116,43.1266,2008,9,3,2008-09,False
2008-09-30,JSWSTEEL,41.4799,41.4799,37.8379,40.0364,6915190,-4.6999,52.4465,59.3936,76.8959,14.103,-4.92124,-4.00956,-0.911678,64.714,40.1791,46.7809,2008,9,3,2008-09,False
2008-10-01,JSWSTEEL,41.0153,41.0153,37.166,37.8255,10233190,-5.5222,51.1868,58.9533,76.5915,12.5957,-5.37676,-4.283,-1.09375,64.0427,38.3308,50.2316,2008,10,4,2008-10,False
2008-10-03,JSWSTEEL,37.7467,37.7467,33.9015,34.1006,10468590,-9.8476,49.858,58.4259,76.2537,10.5499,-5.96951,-4.62031,-1.34921,64.0122,35.7038,56.7781,2008,10,4,2008-10,False
2008-10-06,JSWSTEEL,32.5202,33.5157,28.3059,28.8368,9157710,-15.4361,48.3525,57.7202,75.8505,8.459,-6.7858,-5.0534,-1.73239,64.6753,32.0296,67.5162,2008,10,4,2008-10,False
2008-10-07,JSWSTEEL,27.7957,30.1725,25.2198,25.7797,22483000,-10.6012,46.6694,56.9125,75.4323,7.526,-7.59187,-5.5611,-2.03077,64.9968,28.342,78.5414,2008,10,4,2008-10,False
2008-10-08,JSWSTEEL,24.4731,25.3691,20.5367,24.3404,28965710,-5.5833,44.9202,56.1034,75.0785,7.1275,-8.25172,-6.09922,-2.1525,64.7762,25.0642,88.4056,2008,10,4,2008-10,False
2008-10-10,JSWSTEEL,21.6732,25.7175,20.3251,24.7967,10493610,1.8746,43.4172,55.3108,74.7269,8.7768,-8.63825,-6.60703,-2.03123,64.6119,22.2225,97.6327,2008,10,4,2008-10,False
2008-10-13,JSWSTEEL,24.8879,28.3556,24.8879,27.9325,6306870,12.6464,42.0486,54.621,74.3683,19.3741,-8.5925,-7.00412,-1.58838,63.544,20.5531,102.2411,2008,10,4,2008-10,False
2008-10-14,JSWSTEEL,29.1189,29.6166,24.9958,26.0203,9935730,-6.8459,40.6183,53.8979,73.9942,18.0009,-8.61127,-7.32555,-1.28572,62.3951,18.8415,107.2265,2008,10,4,2008-10,False
2008-10-15,JSWSTEEL,25.3027,25.3027,22.6065,23.0628,11869020,-11.3662,39.0732,53.1369,73.6012,16.1001,-8.76377,-7.6132,-1.15058,61.2443,16.9021,113.4849,2008,10,4,2008-10,False
2008-10-16,JSWSTEEL,21.7355,22.3991,20.3251,21.5944,10861420,-6.3669,37.4723,52.2449,73.197,15.2397,-8.90052,-7.87066,-1.02986,59.8459,15.0987,119.4142,2008,10,4,2008-10,False
2008-10-17,JSWSTEEL,22.4199,23.0628,19.6863,20.2837,10983950,-6.0699,35.8237,51.2036,72.7641,14.495,-9.01079,-8.09869,-0.912102,58.1594,13.4879,124.6984,2008,10,4,2008-10,False
2008-10-20,JSWSTEEL,21.5695,22.731,20.5574,21.5944,50802830,6.4622,34.4212,50.2491,72.3313,18.7696,-8.88993,-8.25694,-0.632996,56.6254,12.2171,129.0144,2008,10,4,2008-10,False
2008-10-21,JSWSTEEL,22.648,22.8139,21.611,22.2415,4937030,2.9965,33.0696,49.3906,71.9019,20.8727,-8.64232,-8.33401,-0.308303,54.7519,11.3873,131.1311,2008,10,4,2008-10,False
2008-10-22,JSWSTEEL,21.5695,21.976,20.3168,20.7316,5252690,-6.7885,31.6355,48.4999,71.465,19.5977,-8.47027,-8.36126,-0.109007,52.5463,10.7246,132.1986,2008,10,4,2008-10,False
2008-10-23,JSWSTEEL,19.5287,19.9062,18.4668,19.0061,6195640,-8.3233,30.2077,47.5616,71.0257,18.2274,-8.3766,-8.36433,-0.0122706,50.4281,9.9873,133.8758,2008,10,4,2008-10,False
2008-10-24,JSWSTEEL,18.9148,18.9148,16.6749,16.9777,6374350,-10.6722,28.6489,46.5636,70.5607,16.7452,-8.36956,-8.36538,-0.00418442,47.8239,9.47394,133.8618,2008,10,4,2008-10,False
2008-10-27,JSWSTEEL,16.1771,18.1184,14.1861,17.1519,5591820,1.0261,27.098,45.6207,70.0995,17.3667,-8.25477,-8.34326,0.0884865,44.5665,9.62948,128.9284,2008,10,4,2008-10,False
2008-10-29,JSWSTEEL,19.1637,19.8606,18.2926,19.0476,3493000,11.052,25.6686,44.7302,69.6624,24.0139,-7.91954,-8.25851,0.338971,40.5478,10.7893,115.9334,2008,10,4,2008-10,False
2008-10-31,JSWSTEEL,19.4707,28.1234,19.1637,25.4686,15487240,33.7108,24.8415,43.9602,69.273,41.2529,-7.05442,-8.0177,0.96327,37.5809,12.102,102.5663,2008,10,4,2008-10,False
2008-11-03,JSWSTEEL,26.431,26.9619,24.3902,25.8627,13183540,1.5472,24.1328,43.1971,68.9004,42.1208,-6.2648,-7.66712,1.40232,34.706,13.5596,87.625,2008,11,4,2008-11,False
2008-11-04,JSWSTEEL,26.1323,29.2018,25.0538,28.8949,13903070,11.7241,23.6863,42.497,68.5513,48.4332,-5.33287,-7.20027,1.8674,32.4187,14.9538,73.734,2008,11,4,2008-11,False
2008-11-05,JSWSTEEL,29.4507,32.1884,27.0075,28.0404,15042270,-2.9572,23.3832,41.784,68.1994,46.8815,-4.61012,-6.68224,2.07212,30.9348,15.8317,64.5896,2008,11,4,2008-11,False
2008-11-06,JSWSTEEL,26.5305,26.7794,24.5561,24.946,8956410,-11.0355,23.1887,41.0272,67.8201,41.6744,-4.23817,-6.19342,1.95526,30.3385,16.0389,61.6663,2008,11,4,2008-11,False
2008-11-07,JSWSTEEL,24.4731,24.722,22.6853,23.656,11861260,-5.1713,23.0825,40.2341,67.4422,39.695,-4.00136,-5.75501,1.75365,30.1327,16.0323,61.0866,2008,11,4,2008-11,False
2008-11-10,JSWSTEEL,24.2906,26.1738,23.9048,25.7175,9674850,8.7147,23.1514,39.4884,67.1016,44.252,-3.60578,-5.32516,1.71939,30.2797,16.023,61.5805,2008,11,4,2008-11,False
2008-11-11,JSWSTEEL,26.1323,26.1323,24.1496,24.4026,9648620,-5.1129,23.1317,38.7317,66.7494,42.0684,-3.35965,-4.93206,1.57241,30.243,16.0203,61.486,2008,11,4,2008-11,False
2008-11-12,JSWSTEEL,24.0583,25.2695,23.4112,24.3072,7676850,-0.3909,22.9504,37.988,66.4208,41.9068,-3.13614,-4.57288,1.43674,29.7233,16.1775,59.0219,2008,11,4,2008-11,False
2008-11-14,JSWSTEEL,24.8879,25.3027,22.5236,22.789,7492310,-6.2457,22.7888,37.201,66.137,39.3189,-3.04639,-4.26758,1.22119,29.4057,16.1719,58.0714,2008,11,4,2008-11,False
2008-11-17,JSWSTEEL,22.8139,23.4859,20.5159,21.1174,5634910,-7.3353,22.6916,36.3557,65.8795,36.6361,-3.07471,-4.02901,0.954298,29.3486,16.0345,58.6739,2008,11,4,2008-11,False
2008-11-18,JSWSTEEL,20.657,21.1547,19.6739,20.0514,5740140,-5.0481,22.6144,35.5102,65.5834,34.9962,-3.14689,-3.85258,0.705689,29.3601,15.8687,59.6587,2008,11,4,2008-11,False
2008-11-19,JSWSTEEL,19.9103,20.8644,19.4126,19.7776,6395450,-1.3653,22.5891,34.6453,65.3256,34.5682,-3.18943,-3.71995,0.530525,29.3753,15.8029,60.084,2008,11,4,2008-11,False
2008-11-20,JSWSTEEL,19.7776,19.7776,19.7776,19.7776,0,0.0,22.4983,33.8273,65.0245,34.5682,-3.1864,-3.61324,0.426838,29.3884,15.6081,61.2503,2008,11,4,2008-11,False
2008-11-21,JSWSTEEL,17.7617,18.6659,16.3016,16.9985,12653910,-14.052,22.2361,32.9884,64.7219,30.2179,-3.36942,-3.56448,0.195057,29.5531,14.9191,65.8119,2008,11,4,2008-11,False
2008-11-24,JSWSTEEL,16.6417,17.2473,15.2646,15.6421,13604530,-7.9795,21.9816,32.1124,64.3984,28.3431,-3.58262,-3.56811,-0.0145104,29.852,14.1112,71.609,2008,11,4,2008-11,False
2008-11-25,JSWSTEEL,16.1772,16.509,15.4388,15.6835,9762000,0.2652,21.8155,31.2396,64.0643,28.4892,-3.70551,-3.59559,-0.109925,30.0807,13.5503,75.7738,2008,11,4,2008-11,False
2008-11-26,JSWSTEEL,15.8453,16.426,15.2231,16.0652,9576770,2.4332,21.7699,30.4637,63.7474,29.9053,-3.72913,-3.6223,-0.106833,30.1567,13.383,77.0501,2008,11,4,2008-11,False
2008-11-27,JSWSTEEL,16.0652,16.0652,16.0652,16.0652,0,0.0,21.7155,29.6789,63.4037,29.9053,-3.70513,-3.63886,-0.0662706,30.2413,13.1898,78.5222,2008,11,4,2008-11,False
2008-11-28,JSWSTEEL,15.7624,16.1523,15.2646,15.6089,7752450,-2.8402,21.5436,28.8986,63.0098,29.106,-3.68051,-3.64719,-0.0333167,30.4271,12.6601,82.4699,2008,11,4,2008-11,False
2008-12-01,JSWSTEEL,15.9283,16.2518,14.6092,15.0199,8791980,-3.7736,21.0212,28.1197,62.6042,28.0633,-3.66626,-3.65101,-0.015254,30.1581,11.8842,86.9309,2008,12,4,2008-12,False
2008-12-02,JSWSTEEL,14.7668,14.7668,13.9455,14.5387,4701230,-3.2035,20.455,27.3382,62.212,27.2059,-3.6517,-3.65114,-0.000554521,29.7311,11.1789,90.6977,2008,12,4,2008-12,False
2008-12-03,JSWSTEEL,14.7793,15.6711,14.7254,15.2356,6544630,4.7932,19.772,26.5778,61.8244,30.517,-3.54309,-3.62953,0.0864468,28.4219,11.1221,87.4965,2008,12,4,2008-12,False
2008-12-04,JSWSTEEL,15.3476,18.8153,15.2646,18.1889,13806580,19.3847,19.2794,25.9487,61.4627,42.4619,-3.18202,-3.54003,0.358013,27.0211,11.5377,80.3106,2008,12,4,2008-12,False
2008-12-05,JSWSTEEL,17.8363,18.7904,17.2888,17.6704,11304900,-2.8507,18.9157,25.3167,61.1035,41.1252,-2.90423,-3.41287,0.508641,26.2069,11.6244,77.0919,2008,12,4,2008-12,False
2008-12-08,JSWSTEEL,18.3092,19.2342,18.0977,18.3839,8691990,4.0376,18.652,24.696,60.7338,43.7492,-2.59658,-3.24961,0.653034,25.5945,11.7096,74.4421,2008,12,4,2008-12,False
2008-12-10,JSWSTEEL,18.4254,20.4911,18.4171,20.0099,12094080,8.8448,18.3667,24.145,60.38,49.2956,-2.19624,-3.03894,0.842698,24.5094,12.2239,66.8905,2008,12,4,2008-12,False
2008-12-11,JSWSTEEL,20.3251,20.9432,19.3338,19.902,7419820,-0.539,18.1416,23.58,60.0125,48.9509,-1.86616,-2.80438,0.938223,23.6504,12.6328,60.731,2008,12,4,2008-12,False
2008-12-12,JSWSTEEL,19.0807,19.4084,18.0064,18.8028,9145560,-5.5231,17.8664,22.9926,59.6198,45.461,-1.67397,-2.5783,0.904331,22.5693,13.1636,52.6447,2008,12,4,2008-12,False
2008-12-15,JSWSTEEL,18.2511,20.4745,17.3469,19.9891,8938200,6.3093,17.7264,22.4397,59.2504,49.6344,-1.40968,-2.34457,0.934895,21.9551,13.4978,47.7102,2008,12,4,2008-12,False
2008-12-16,JSWSTEEL,20.4911,20.7233,19.5121,20.1509,9885650,0.8093,17.6781,22.0025,58.8729,50.1941,-1.17365,-2.11039,0.936743,21.7632,13.593,46.217,2008,12,4,2008-12,False
2008-12-17,JSWSTEEL,20.0763,20.939,18.6659,18.7987,6892200,-6.7106,17.6155,21.5777,58.5119,45.6296,-1.08322,-1.90495,0.821738,21.5842,13.6468,45.0591,2008,12,4,2008-12,False
2008-12-18,JSWSTEEL,19.0807,19.2384,17.94,18.9356,7222660,0.7282,17.5734,21.1999,58.1356,46.1633,-0.989102,-1.72178,0.732681,21.4625,13.6842,44.2622,2008,12,4,2008-12,False
2008-12-19,JSWSTEEL,18.6659,20.1924,18.6659,18.7987,9357550,-0.7229,17.5244,20.8939,57.7727,45.6804,-0.915014,-1.56043,0.645415,21.3203,13.7285,43.3212,2008,12,4,2008-12,False
2008-12-22,JSWSTEEL,18.8319,19.9933,18.4171,18.6991,8426500,-0.5295,17.6094,20.6912,57.4098,45.3092,-0.854482,-1.41924,0.564758,21.4318,13.7871,43.4129,2008,12,4,2008-12,False
2008-12-23,JSWSTEEL,18.5,19.2467,18.2594,18.7323,6649440,0.1774,17.764,20.5502,57.0554,45.4682,-0.794672,-1.29433,0.499655,21.5004,14.0276,42.0672,2008,12,4,2008-12,False
2008-12-24,JSWSTEEL,18.7323,18.7323,17.8363,18.3051,6368040,-2.2808,17.895,20.4295,56.7109,43.7056,-0.772838,-1.19003,0.417191,21.506,14.2841,40.3568,2008,12,4,2008-12,False
2008-12-26,JSWSTEEL,18.583,19.0393,17.239,17.5377,5623980,-4.1922,17.9687,20.2843,56.3568,40.6569,-0.80814,-1.11365,0.305511,21.4812,14.4561,39.0963,2008,12,4,2008-12,False
2008-12-29,JSWSTEEL,17.7534,18.8319,16.8657,18.1391,7449380,3.4295,18.0724,20.0885,56.0133,43.9567,-0.778608,-1.04664,0.268034,21.4688,14.6759,37.5874,2008,12,4,2008-12,False
2008-12-30,JSWSTEEL,18.4171,19.2715,18.2594,18.4959,6930960,1.9666,18.2167,19.938,55.6898,45.8788,-0.718141,-0.980942,0.262801,21.4118,15.0217,35.0782,2008,12,4,2008-12,False
2008-12-31,JSWSTEEL,18.5,19.6241,18.4171,19.0102,11593740,2.7809,18.4162,19.8569,55.3719,48.6154,-0.621552,-0.909064,0.287512,21.2485,15.584,30.7584,2008,12,4,2008-12,False
2009-01-02,JSWSTEEL,19.9103,20.4454,19.4955,19.649,12982180,3.3603,18.6717,19.818,55.0667,51.8703,-0.487836,-0.824819,0.336982,20.8857,16.4578,23.7142,2009,1,1,2009-01,False
2009-01-05,JSWSTEEL,20.0804,20.4911,19.844,20.3583,12397230,3.6099,18.9279,19.8195,54.7833,55.2592,-0.320931,-0.724041,0.40311,20.5827,17.2731,17.4851,2009,1,1,2009-01,False
2009-01-06,JSWSTEEL,20.3251,21.3787,20.2463,20.9349,12891820,2.8321,19.0652,19.8063,54.5083,57.8569,-0.140513,-0.607335,0.466822,20.9069,17.2235,19.3204,2009,1,1,2009-01,False
2009-01-07,JSWSTEEL,21.1547,21.8889,19.1264,19.7901,14665290,-5.4686,19.1712,19.7573,54.2316,51.4671,-0.0888849,-0.503645,0.41476,20.9164,17.426,18.2066,2009,1,1,2009-01,False
2009-01-09,JSWSTEEL,19.089,20.5823,17.4215,18.5913,9741860,-6.0575,19.1815,19.7145,53.9397,45.7672,-0.143051,-0.431527,0.288475,20.9094,17.4536,18.0162,2009,1,1,2009-01,False
2009-01-12,JSWSTEEL,18.2511,18.9812,17.4755,17.8861,6396200,-3.7929,19.0753,19.6921,53.6624,42.7669,-0.240111,-0.393243,0.153132,20.8493,17.3014,18.5996,2009,1,1,2009-01,False
2009-01-13,JSWSTEEL,17.8363,18.2345,17.1353,17.4838,6830600,-2.2495,18.9544,19.7022,53.3673,41.1108,-0.345515,-0.383698,0.0381825,20.8185,17.0903,19.6691,2009,1,1,2009-01,False
2009-01-14,JSWSTEEL,17.994,18.6494,17.77,18.1682,4317000,3.9146,18.9227,19.7225,53.0931,45.0115,-0.369562,-0.380871,0.0113086,20.819,17.0264,20.0424,2009,1,1,2009-01,False
2009-01-15,JSWSTEEL,18.0023,18.0023,16.7703,17.4381,3953900,-4.0183,18.7952,19.6903,52.8154,41.8288,-0.442428,-0.393182,-0.0492458,20.7321,16.8582,20.6116,2009,1,1,2009-01,False
2009-01-16,JSWSTEEL,17.5045,17.911,17.2888,17.5709,6758100,0.7612,18.6661,19.5324,52.5352,42.6232,-0.483886,-0.411323,-0.072563,20.5663,16.766,20.359,2009,1,1,2009-01,False
2009-01-19,JSWSTEEL,17.4215,17.911,17.3054,17.434,5498750,-0.7791,18.5979,19.3638,52.2991,41.9864,-0.521772,-0.433413,-0.0883597,20.5745,16.6214,21.2557,2009,1,1,2009-01,False
2009-01-20,JSWSTEEL,15.7624,17.4215,15.7624,17.0607,2886820,-2.1413,18.5042,19.1271,52.0362,40.2216,-0.57529,-0.461788,-0.113502,20.5882,16.4201,22.5252,2009,1,1,2009-01,False
2009-01-21,JSWSTEEL,16.6749,17.1229,16.426,16.6874,2880080,-2.1882,18.3986,18.9001,51.7763,38.4797,-0.640444,-0.497519,-0.142924,20.6286,16.1686,24.2412,2009,1,1,2009-01,False
2009-01-22,JSWSTEEL,17.2556,17.2556,15.9034,16.2435,4842890,-2.6597,18.2758,18.726,51.5251,36.4582,-0.719597,-0.541935,-0.177662,20.6983,15.8534,26.5099,2009,1,1,2009-01,False
2009-01-23,JSWSTEEL,15.7706,16.1771,15.3724,15.4844,2988870,-4.6731,18.1134,18.5626,51.2676,33.2417,-0.833965,-0.600341,-0.233624,20.8252,15.4017,29.9422,2009,1,1,2009-01,False
2009-01-27,JSWSTEEL,16.3431,16.3431,15.5135,16.0859,2101700,3.8843,18.0025,18.3699,51.0124,37.9155,-0.866087,-0.65349,-0.212597,20.859,15.146,31.7346,2009,1,1,2009-01,False
2009-01-28,JSWSTEEL,16.0942,17.4133,14.8083,16.9777,19257260,5.5441,17.9745,18.2214,50.7578,44.1583,-0.81024,-0.68484,-0.1254,20.861,15.088,32.1179,2009,1,1,2009-01,False
2009-01-29,JSWSTEEL,17.5128,18.1018,16.1854,17.2141,11162270,1.3926,17.9282,18.0796,50.5215,45.7167,-0.738392,-0.695551,-0.0428418,20.8332,15.0232,32.4068,2009,1,1,2009-01,False
2009-01-30,JSWSTEEL,16.9528,17.7119,16.6749,17.5128,11584720,1.7349,17.8791,17.9741,50.293,47.7021,-0.649862,-0.686413,0.0365509,20.7769,14.9813,32.4156,2009,1,1,2009-01,False
2009-02-02,JSWSTEEL,17.0897,17.3386,15.8536,16.3223,3347760,-6.7977,17.7447,17.8782,50.0652,41.2289,-0.668061,-0.682743,0.0146813,20.6708,14.8186,32.98,2009,2,1,2009-02,False
2009-02-03,JSWSTEEL,16.4053,16.8408,15.5342,15.7375,5744020,-3.5832,17.5491,17.7919,49.8326,38.4671,-0.721363,-0.690467,-0.0308962,20.4621,14.6361,33.1985,2009,2,1,2009-02,False
2009-02-04,JSWSTEEL,15.9283,17.2058,15.8204,16.5339,9124900,5.0606,17.3579,17.727,49.6129,43.971,-0.691371,-0.690647,-0.000723311,19.9822,14.7335,30.2383,2009,2,1,2009-02,False
2009-02-05,JSWSTEEL,16.6749,17.1312,16.0527,16.2062,7147200,-1.9819,17.1214,17.6556,49.3965,42.2947,-0.686135,-0.689745,0.00361032,19.1799,15.0629,24.046,2009,2,1,2009-02,False
2009-02-06,JSWSTEEL,16.509,17.7119,16.509,17.4506,9351840,7.6785,17.0045,17.6646,49.1867,50.078,-0.574945,-0.666785,0.0918402,18.6487,15.3603,19.3384,2009,2,1,2009-02,False
2009-02-09,JSWSTEEL,17.8363,18.9978,17.6165,18.6245,11518260,6.7269,17.0061,17.7243,48.9867,56.0942,-0.387635,-0.610955,0.22332,18.6571,15.3551,19.4165,2009,2,1,2009-02,False
2009-02-10,JSWSTEEL,18.7655,19.0724,18.2843,18.6162,8007420,-0.0446,17.0426,17.7829,48.7741,56.0428,-0.237127,-0.536189,0.299062,18.8041,15.2811,20.6717,2009,2,1,2009-02,False
2009-02-11,JSWSTEEL,17.9276,18.4959,17.8156,18.2346,5633530,-2.0499,17.0802,17.8263,48.548,53.6092,-0.146947,-0.458341,0.311394,18.9118,15.2485,21.4481,2009,2,1,2009-02,False
2009-02-12,JSWSTEEL,18.1516,18.9521,17.7534,18.695,5839300,2.525,17.1065,17.8789,48.3087,56.0868,-0.0378902,-0.374251,0.336361,19.0175,15.1955,22.3423,2009,2,1,2009-02,False
2009-02-13,JSWSTEEL,18.9148,19.8979,18.9148,19.2591,9240170,3.0175,17.1976,17.9519,48.0639,58.9777,0.0929869,-0.280803,0.37379,19.3352,15.06,24.8594,2009,2,1,2009-02,False
2009-02-16,JSWSTEEL,19.4126,19.5702,17.5999,17.8239,4622810,-7.4521,17.2102,18.008,47.7933,49.9656,0.079977,-0.208647,0.288624,19.3601,15.0603,24.9836,2009,2,1,2009-02,False
2009-02-17,JSWSTEEL,16.9445,18.0686,16.9445,17.6538,4680580,-0.9541,17.2212,18.0703,47.5321,49.01,0.0553063,-0.155856,0.211163,19.3781,15.0643,25.0496,2009,2,1,2009-02,False
2009-02-18,JSWSTEEL,17.4381,17.8944,17.0607,17.3096,5480110,-1.9502,17.2336,18.1118,47.2536,47.0481,0.0078828,-0.123109,0.130991,19.3895,15.0777,25.0196,2009,2,1,2009-02,False
2009-02-19,JSWSTEEL,17.9193,18.0023,17.1893,17.3178,4229920,0.0479,17.2652,18.0943,46.9782,47.1031,-0.0287006,-0.104227,0.0755264,19.4058,15.1245,24.7972,2009,2,1,2009-02,False
2009-02-20,JSWSTEEL,16.9238,17.1395,16.2601,16.3514,5630110,-5.5808,17.2706,18.068,46.7035,41.6772,-0.134134,-0.110208,-0.0239252,19.4009,15.1402,24.67,2009,2,1,2009-02,False
2009-02-24,JSWSTEEL,15.8453,16.0527,14.9328,15.2729,7340890,-6.5957,17.26,18.0057,46.4243,36.6094,-0.301242,-0.148415,-0.152827,19.4294,15.0906,25.138,2009,2,1,2009-02,False
2009-02-25,JSWSTEEL,15.3476,17.3884,15.1899,15.3476,6472900,0.4889,17.2231,17.9125,46.1424,37.1789,-0.422778,-0.203288,-0.21949,19.4991,14.947,26.4302,2009,2,1,2009-02,False
2009-02-26,JSWSTEEL,15.5135,15.5135,15.0696,15.3144,9934600,-0.2162,17.1399,17.8207,45.8436,37.0197,-0.515828,-0.265796,-0.250032,19.57,14.7098,28.3564,2009,2,1,2009-02,False
2009-02-27,JSWSTEEL,15.4637,15.8038,14.9328,15.613,10699670,1.9502,17.0598,17.757,45.5533,39.5293,-0.559027,-0.324442,-0.234585,19.5834,14.5363,29.5844,2009,2,1,2009-02,False
2009-03-02,JSWSTEEL,15.1567,15.3476,14.1322,14.2649,10236050,-8.6344,16.8974,17.6425,45.2644,33.115,-0.694043,-0.398362,-0.295681,19.7008,14.0941,33.1802,2009,3,1,2009-03,False
2009-03-03,JSWSTEEL,14.1032,14.5428,14.0451,14.1529,5870160,-0.7851,16.789,17.5225,44.9762,32.6411,-0.800849,-0.47886,-0.321989,19.8427,13.7353,36.3775,2009,3,1,2009-03,False
2009-03-04,JSWSTEEL,14.1944,14.9245,14.1861,14.7544,11895910,4.2497,16.7398,17.4416,44.6877,37.7897,-0.827423,-0.548572,-0.278851,19.8948,13.5849,37.6938,2009,3,1,2009-03,False
2009-03-05,JSWSTEEL,14.9328,15.2646,14.576,14.7088,9876890,-0.3093,16.6486,17.3571,44.3928,37.5552,-0.842453,-0.607348,-0.235105,19.9316,13.3656,39.4388,2009,3,1,2009-03,False
2009-03-06,JSWSTEEL,14.576,14.6839,14.1115,14.4682,6321750,-1.6357,16.5617,17.2705,44.085,36.2768,-0.863821,-0.658643,-0.205178,19.9831,13.1403,41.3171,2009,3,1,2009-03,False
2009-03-09,JSWSTEEL,14.435,14.435,13.3731,13.5473,10318990,-6.3647,16.3665,17.1674,43.7595,31.8131,-0.944176,-0.71575,-0.228426,20.0123,12.7207,44.5524,2009,3,1,2009-03,False
2009-03-12,JSWSTEEL,13.6967,14.0078,13.2819,13.734,4172150,1.3778,16.122,17.0675,43.4194,33.5967,-0.981482,-0.768896,-0.212586,19.7861,12.4578,45.4554,2009,3,1,2009-03,False
2009-03-13,JSWSTEEL,14.1032,15.1733,13.9538,15.0447,8238630,9.5439,15.9434,17.0023,43.0711,44.5629,-0.894964,-0.79411,-0.100854,19.44,12.4468,43.8629,2009,3,1,2009-03,False
2009-03-16,JSWSTEEL,15.2646,15.7209,14.7046,15.3766,9758040,2.2057,15.8005,16.959,42.6935,46.9515,-0.790507,-0.793389,0.00288164,19.1326,12.4684,42.1772,2009,3,1,2009-03,False
2009-03-17,JSWSTEEL,15.4761,15.8287,15.2231,15.331,8622820,-0.2968,15.6323,16.9029,42.301,46.6538,-0.7033,-0.775371,0.0720711,18.6764,12.5882,38.946,2009,3,1,2009-03,False
2009-03-18,JSWSTEEL,15.5964,15.9863,14.9908,15.1443,18454770,-1.2175,15.4266,16.8359,41.9077,45.3862,-0.64185,-0.748667,0.106817,17.9503,12.9028,32.7192,2009,3,1,2009-03,False
2009-03-19,JSWSTEEL,15.4305,15.5881,14.9411,15.1443,6993440,0.0,15.2926,16.7585,41.5361,45.3862,-0.586392,-0.716212,0.129821,17.551,13.0342,29.536,2009,3,1,2009-03,False
2009-03-20,JSWSTEEL,14.941,15.6711,14.941,15.5301,9278020,2.5472,15.1864,16.6762,41.1675,48.7254,-0.505486,-0.674067,0.168581,17.159,13.2138,25.9781,2009,3,1,2009-03,False
2009-03-23,JSWSTEEL,15.7623,16.8367,15.6794,16.6749,13853170,7.3718,15.1547,16.6025,40.8033,57.1071,-0.345011,-0.608255,0.263245,16.9997,13.3096,24.3497,2009,3,1,2009-03,False
2009-03-24,JSWSTEEL,16.8989,17.1685,15.7624,15.9532,15187310,-4.3283,15.0864,16.5028,40.4258,51.4023,-0.272926,-0.54119,0.268264,16.6782,13.4947,21.1021,2009,3,1,2009-03,False
2009-03-25,JSWSTEEL,16.1647,16.2477,15.472,16.1274,13329270,1.092,15.0752,16.4296,40.0451,52.6324,-0.199441,-0.47284,0.273399,16.6323,13.5182,20.6574,2009,3,1,2009-03,False
2009-03-26,JSWSTEEL,16.2601,16.9984,16.2601,16.8408,13832070,4.4239,15.1536,16.3946,39.6511,57.3888,-0.0826816,-0.394808,0.312127,16.8991,13.4082,23.037,2009,3,1,2009-03,False
2009-03-27,JSWSTEEL,16.9238,19.9933,16.9238,19.1222,43689170,13.5468,15.3424,16.4193,39.2588,68.3376,0.19173,-0.277501,0.469231,17.8332,12.8515,32.4706,2009,3,1,2009-03,False
2009-03-30,JSWSTEEL,18.9148,19.5246,17.463,17.7326,33002270,-7.2668,15.4633,16.4243,38.8719,58.4811,0.293691,-0.163262,0.456954,18.1736,12.753,35.0543,2009,3,1,2009-03,False
2009-03-31,JSWSTEEL,17.994,19.7776,17.994,19.3172,33379830,8.9357,15.6485,16.4473,38.4888,64.7284,0.49663,-0.0312837,0.527914,18.8615,12.4355,41.0645,2009,3,1,2009-03,False
2009-04-01,JSWSTEEL,19.4292,21.1547,19.2508,20.827,31941290,7.8162,15.9766,16.515,38.1357,69.4462,0.770413,0.129056,0.641358,19.8641,12.0891,48.6651,2009,4,2,2009-04,False
2009-04-02,JSWSTEEL,21.1547,25.8586,21.0718,25.3152,76851160,21.5495,16.5347,16.6699,37.798,78.6064,1.33416,0.370077,0.964086,22.1437,10.9257,67.8452,2009,4,2,2009-04,False
2009-04-06,JSWSTEEL,28.87,28.87,25.3442,25.8129,69862910,1.9662,17.0876,16.8375,37.4776,79.346,1.80035,0.656132,1.14422,23.989,10.1862,80.7767,2009,4,2,2009-04,False
2009-04-08,JSWSTEEL,23.7804,25.7092,23.2827,25.3525,68065570,-1.7837,17.6198,17.0033,37.1525,76.7045,2.10835,0.946575,1.16177,25.3416,9.89801,87.6491,2009,4,2,2009-04,False
2009-04-09,JSWSTEEL,25.7756,30.0148,25.058,28.8327,75097120,13.7271,18.338,17.2463,36.8373,81.6713,2.60325,1.27791,1.32534,27.3842,9.29193,98.6595,2009,4,2,2009-04,False
2009-04-13,JSWSTEEL,29.0359,31.7155,28.9529,29.7452,57107140,3.165,19.1479,17.5163,36.5396,82.7122,3.03413,1.62915,1.40497,29.2293,9.06662,105.2993,2009,4,2,2009-04,False
2009-04-15,JSWSTEEL,29.4507,31.0186,27.6795,30.4919,31926330,2.5101,19.9858,17.8164,36.2785,83.536,3.39669,1.98266,1.41403,30.9219,9.04976,109.4383,2009,4,2,2009-04,False
2009-04-16,JSWSTEEL,30.7034,32.1635,26.6425,27.4514,49383560,-9.9714,20.6062,18.0437,36.0228,69.0962,3.3995,2.26603,1.13347,31.7673,9.44502,108.3282,2009,4,2,2009-04,False
2009-04-17,JSWSTEEL,26.796,29.2018,25.6055,26.1862,39288390,-4.6086,21.1466,18.2279,35.7415,64.1289,3.26203,2.46523,0.796804,32.2884,10.0049,105.3762,2009,4,2,2009-04,False
2009-04-20,JSWSTEEL,26.5471,28.4303,26.0908,27.0075,37269780,3.1364,21.7305,18.4238,35.4648,65.8455,3.18268,2.60872,0.573957,32.8127,10.6483,101.9967,2009,4,2,2009-04,False
2009-04-21,JSWSTEEL,26.1323,26.9536,25.5433,26.2153,29840310,-2.9335,22.284,18.5978,35.1863,62.7271,3.02103,2.69118,0.32985,33.0834,11.4846,96.925,2009,4,2,2009-04,False
2009-04-22,JSWSTEEL,26.46,27.1112,25.3981,26.0162,20061370,-0.7595,22.8276,18.7917,34.9034,61.9333,2.84408,2.72176,0.122315,33.1999,12.4554,90.8745,2009,4,2,2009-04,False
2009-04-23,JSWSTEEL,26.2153,28.787,25.5682,28.4054,38751730,9.1837,23.4714,19.0451,34.6332,67.2838,2.86362,2.75013,0.113487,33.5301,13.4127,85.7101,2009,4,2,2009-04,False
2009-04-24,JSWSTEEL,29.0442,29.1769,27.5094,28.2934,31933710,-0.3943,24.0523,19.2803,34.3782,66.8097,2.83736,2.76758,0.0697843,33.7953,14.3093,81.0152,2009,4,2,2009-04,False
2009-04-27,JSWSTEEL,28.1068,28.7538,26.8914,27.6961,21759410,-2.1111,24.6395,19.5101,34.1175,64.2114,2.73681,2.76143,-0.0246161,33.7202,15.5587,73.7091,2009,4,2,2009-04,False
2009-04-28,JSWSTEEL,27.7749,28.3225,25.9747,26.1779,18215150,-5.4815,25.142,19.6846,33.8314,58.0335,2.50573,2.71029,-0.204555,33.3054,16.9786,64.9386,2009,4,2,2009-04,False
2009-04-29,JSWSTEEL,26.5471,29.2475,25.8254,28.4137,37700250,8.5406,25.7206,19.8804,33.5452,63.5893,2.47448,2.66313,-0.188643,32.9992,18.442,56.5974,2009,4,2,2009-04,False
2009-04-30,JSWSTEEL,28.4137,28.4137,28.4137,28.4137,0,0.0,26.1852,20.0763,33.2801,63.5893,2.4218,2.61486,-0.193059,32.8508,19.5196,50.9111,2009,4,2,2009-04,False
2009-05-04,JSWSTEEL,29.0857,30.6785,28.7207,30.0854,36017850,5.8832,26.8028,20.3134,33.057,67.3388,2.48628,2.58914,-0.102866,32.3692,21.2364,41.536,2009,5,2,2009-05,False
2009-05-05,JSWSTEEL,30.2803,33.2669,30.1476,33.1134,53840600,10.0648,27.4927,20.6017,32.9007,72.8023,2.75001,2.62132,0.128695,32.5492,22.4361,36.7844,2009,5,2,2009-05,False
2009-05-06,JSWSTEEL,33.0926,33.7895,31.3588,31.8482,39135340,-3.8206,28.0437,20.8535,32.7281,67.7062,2.82438,2.66193,0.16245,32.3946,23.6929,31.029,2009,5,2,2009-05,False
2009-05-07,JSWSTEEL,32.1054,37.1411,30.9938,35.6229,101361090,11.8521,28.5591,21.2095,32.6019,73.6358,3.15157,2.75986,0.391714,33.8824,23.2358,37.2793,2009,5,2,2009-05,False
2009-05-08,JSWSTEEL,36.0875,36.942,33.0677,33.9679,85273080,-4.646,28.9668,21.5358,32.4595,67.7609,3.23998,2.85588,0.384095,34.6421,23.2916,39.1847,2009,5,2,2009-05,False
2009-05-11,JSWSTEEL,34.4366,35.9133,33.018,35.2123,91357510,3.6635,29.4598,21.8938,32.3034,69.7172,3.37159,2.95902,0.412563,35.5135,23.4062,41.0978,2009,5,2,2009-05,False
2009-05-12,JSWSTEEL,34.0135,35.009,32.6032,34.6523,77044550,-1.5903,29.7508,22.2405,32.1321,67.7256,3.39161,3.04554,0.346066,36.2226,23.2791,43.5065,2009,5,2,2009-05,False
2009-05-13,JSWSTEEL,33.7024,35.457,33.7024,34.1836,39685060,-1.3526,29.9727,22.5972,31.9464,66.0254,3.33125,3.10268,0.228567,36.7413,23.2042,45.1646,2009,5,2,2009-05,False
2009-05-14,JSWSTEEL,31.5247,34.2665,31.5247,33.943,35644420,-0.7038,30.1453,22.9706,31.772,65.1217,3.22681,3.12751,0.0992985,37.1417,23.1489,46.4178,2009,5,2,2009-05,False
2009-05-15,JSWSTEEL,33.3125,35.1376,33.3125,34.727,27217560,2.3097,30.5091,23.3581,31.6134,66.7202,3.17074,3.13615,0.0345889,37.6703,23.3478,46.9451,2009,5,2,2009-05,False
2009-05-18,JSWSTEEL,38.1615,43.4709,38.1615,40.4678,96940,16.5312,31.2231,23.8612,31.4844,75.555,3.54864,3.21865,0.32999,39.3522,23.0941,52.0708,2009,5,2,2009-05,False
2009-05-19,JSWSTEEL,41.5877,42.6413,34.0135,39.7626,50591540,-1.7425,31.8609,24.3442,31.3802,72.9918,3.74802,3.32453,0.423498,40.5775,23.1442,54.7169,2009,5,2,2009-05,False
2009-05-20,JSWSTEEL,37.3568,43.0271,37.3568,41.903,42491340,5.3828,32.6453,24.897,31.2931,75.6878,4.03226,3.46607,0.56619,42.0213,23.2693,57.4417,2009,5,2,2009-05,False
2009-05-21,JSWSTEEL,41.6458,45.2338,40.2396,41.119,46725870,-1.8709,33.4004,25.4363,31.1911,72.8205,4.14647,3.60215,0.544316,42.9594,23.8415,57.2385,2009,5,2,2009-05,False
2009-05-22,JSWSTEEL,40.3184,42.268,40.0322,41.6624,20153690,1.3215,34.0633,25.9744,31.0969,73.5679,4.23204,3.72813,0.503909,43.9951,24.1314,58.314,2009,5,2,2009-05,False
2009-05-25,JSWSTEEL,41.9693,43.5041,41.5628,42.5169,18447080,2.051,34.7744,26.5306,31.0102,74.7442,4.31902,3.84631,0.47271,44.9993,24.5496,58.8068,2009,5,2,2009-05,False
2009-05-26,JSWSTEEL,42.7657,43.4709,40.6669,41.4757,18483820,-2.4488,35.4634,27.0708,30.9153,70.6205,4.25489,3.92802,0.326865,45.5359,25.3909,56.8051,2009,5,2,2009-05,False
2009-05-27,JSWSTEEL,42.7077,43.305,42.2265,42.8694,16785670,3.3603,36.298,27.6572,30.809,72.785,4.26734,3.99589,0.271451,45.8854,26.7106,52.8261,2009,5,2,2009-05,False
2009-05-28,JSWSTEEL,42.8072,49.444,42.7243,45.5781,87486240,6.3183,37.1562,28.2941,30.7061,76.4209,4.44453,4.08562,0.358918,46.8444,27.468,52.1484,2009,5,2,2009-05,False
2009-05-29,JSWSTEEL,46.1256,47.2953,44.7983,45.8892,60709090,0.6825,38.03,28.911,30.6115,76.8042,4.55753,4.18,0.37753,47.549,28.511,50.0605,2009,5,2,2009-05,False
2009-06-01,JSWSTEEL,46.0427,47.7019,46.0427,47.2082,26813510,2.8745,38.8861,29.5476,30.5255,78.4069,4.69934,4.28387,0.415477,48.4763,29.2959,49.3245,2009,6,2,2009-06,False
2009-06-02,JSWSTEEL,47.287,47.453,44.819,47.1419,23805370,-0.1406,39.5876,30.1838,30.449,78.1144,4.75161,4.37741,0.37419,49.4483,29.7269,49.8172,2009,6,2,2009-06,False
2009-06-03,JSWSTEEL,47.5359,49.0624,45.4951,48.7264,47982100,3.3612,40.4315,30.8555,30.3818,80.0297,4.8648,4.47489,0.38991,50.3918,30.4712,49.2701,2009,6,2,2009-06,False
2009-06-04,JSWSTEEL,47.2871,50.1824,46.893,48.743,26961490,0.0341,41.0875,31.5274,30.3199,80.0494,4.89937,4.55979,0.339586,51.435,30.7399,50.3683,2009,6,2,2009-06,False
2009-06-05,JSWSTEEL,48.8633,50.1907,48.1167,48.5978,26758100,-0.2978,41.819,32.1888,30.232,79.3126,4.85905,4.61964,0.239406,52.1157,31.5223,49.2442,2009,6,2,2009-06,False
2009-06-08,JSWSTEEL,46.0883,49.2781,39.8497,42.268,18839980,-13.025,42.1718,32.7007,30.0816,55.3786,4.26713,4.54914,-0.282007,51.9876,32.3559,46.5519,2009,6,2,2009-06,False
2009-06-09,JSWSTEEL,40.6544,47.37,40.6544,46.0509,30044860,8.95,42.7417,33.3026,29.9652,62.6355,4.05653,4.45062,-0.394088,52.0287,33.4547,43.4563,2009,6,2,2009-06,False
2009-06-10,JSWSTEEL,47.2788,50.6055,46.5404,48.3365,42608730,4.9631,43.4493,33.9468,29.8811,66.211,4.02762,4.36602,-0.338397,52.1275,34.7712,39.946,2009,6,2,2009-06,False
2009-06-11,JSWSTEEL,48.8011,53.6749,47.453,52.8412,54847320,9.3194,44.3942,34.6668,29.8189,71.9153,4.31842,4.3565,-0.0380759,52.826,35.9625,37.986,2009,6,2,2009-06,False
2009-06-12,JSWSTEEL,53.0942,59.9135,53.0942,58.6774,86900060,11.0449,45.5918,35.4579,29.7827,77.2694,4.96261,4.47772,0.484893,54.9902,36.1933,41.2288,2009,6,2,2009-06,False
2009-06-15,JSWSTEEL,56.2218,59.0673,54.799,55.6992,47153050,-5.0757,46.3533,36.2172,29.7268,69.9417,5.17319,4.61681,0.556371,56.4464,36.2603,43.5482,2009,6,2,2009-06,False
2009-06-16,JSWSTEEL,54.7534,57.2007,53.509,56.6159,36139340,1.6458,47.196,36.9632,29.6884,70.8578,5.35234,4.76392,0.588419,57.7746,36.6174,44.8284,2009,6,2,2009-06,False
2009-06-17,JSWSTEEL,56.0725,57.0971,51.8498,52.4886,27300520,-7.2899,47.7253,37.5964,29.633,61.7352,5.10247,4.83163,0.270837,58.248,37.2026,44.0968,2009,6,2,2009-06,False
2009-06-18,JSWSTEEL,51.8498,53.5754,46.3081,47.2041,38555460,-10.068,48.0295,38.0342,29.5492,52.4278,4.42699,4.7507,-0.323711,58.0897,37.9694,41.8913,2009,6,2,2009-06,False
2009-06-19,JSWSTEEL,46.5902,50.6054,46.5902,50.1492,35242570,6.239,48.4539,38.5209,29.4798,56.3751,4.08226,4.61701,-0.534756,58.0902,38.8176,39.7752,2009,6,2,2009-06,False
2009-06-22,JSWSTEEL,51.1862,53.0113,48.1166,48.6517,41199670,-2.9859,48.7606,38.9869,29.4036,53.9251,3.64619,4.42285,-0.776657,57.9829,39.5384,37.8267,2009,6,2,2009-06,False
2009-06-23,JSWSTEEL,48.7803,48.7803,44.9642,46.8183,42617750,-3.7685,49.0278,39.3466,29.3192,51.0024,3.11674,4.16163,-1.04489,57.6516,40.4039,35.1796,2009,6,2,2009-06,False
2009-06-24,JSWSTEEL,47.4862,49.5767,46.1256,48.9172,32389490,4.4831,49.3301,39.7301,29.2499,54.0713,2.83384,3.89607,-1.06223,57.4545,41.2058,32.9386,2009,6,2,2009-06,False
2009-06-25,JSWSTEEL,49.4938,51.2691,48.7803,49.2573,35529570,0.6953,49.5141,40.1054,29.1796,54.5679,2.60703,3.63826,-1.03123,57.445,41.5832,32.035,2009,6,2,2009-06,False
2009-06-26,JSWSTEEL,49.361,52.2149,49.361,51.6839,31880940,4.9263,49.8038,40.59,29.123,58.0526,2.5932,3.42925,-0.836051,57.5994,42.0083,31.3051,2009,6,2,2009-06,False
2009-06-29,JSWSTEEL,52.2074,53.9316,51.3515,52.7434,24856940,2.0498,50.0806,41.1212,29.0756,59.5127,2.63732,3.27086,-0.633543,57.8812,42.28,31.1521,2009,6,2,2009-06,False
2009-06-30,JSWSTEEL,53.5951,54.5423,50.6951,51.1023,29189240,-3.1115,50.2786,41.6031,29.0236,56.2467,2.51092,3.11887,-0.607954,57.9653,42.5919,30.5765,2009,6,2,2009-06,False
2009-07-01,JSWSTEEL,51.8252,52.2656,48.1151,51.7172,31226740,1.2032,50.4282,42.1131,28.9715,57.1946,2.43232,2.98156,-0.549239,58.1041,42.7522,30.443,2009,7,3,2009-07,False
2009-07-02,JSWSTEEL,53.8194,53.8194,49.9057,51.2934,27748980,-0.8194,50.5557,42.6187,28.9111,56.2895,2.30922,2.8471,-0.537871,58.1984,42.913,30.2349,2009,7,3,2009-07,False
2009-07-03,JSWSTEEL,50.6868,51.767,48.6095,51.1521,31317620,-0.2754,50.6834,43.0736,28.8552,55.9715,2.17519,2.71272,-0.537522,58.2735,43.0932,29.9512,2009,7,3,2009-07,False
2009-07-06,JSWSTEEL,51.1106,52.7641,47.0972,47.8035,29420530,-6.5465,50.9602,43.4638,28.7791,48.9173,1.77827,2.52583,-0.747559,57.6028,44.3175,26.0699,2009,7,3,2009-07,False
2009-07-07,JSWSTEEL,48.0611,49.4321,46.5903,47.8741,26367130,0.1477,51.0513,43.8674,28.7151,49.0631,1.45265,2.31119,-0.858539,57.4561,44.6466,25.0914,2009,7,3,2009-07,False
2009-07-08,JSWSTEEL,46.9476,47.5293,44.3385,44.7207,20173550,-6.5868,50.8705,44.2382,28.6439,43.1418,0.929435,2.03484,-1.1054,57.782,43.959,27.1729,2009,7,3,2009-07,False
2009-07-09,JSWSTEEL,45.0365,45.8674,42.5229,43.761,34288530,-2.1461,50.4165,44.5452,28.5656,41.5002,0.432356,1.71434,-1.28199,57.9481,42.885,29.8774,2009,7,3,2009-07,False
2009-07-10,JSWSTEEL,44.1806,45.7012,42.0493,42.9134,29277170,-1.9368,49.6283,44.8352,28.4835,40.0509,-0.029632,1.36555,-1.39518,56.8112,42.4454,28.9467,2009,7,3,2009-07,False
2009-07-13,JSWSTEEL,42.3692,42.6268,39.4775,40.3209,24898300,-6.0412,48.8594,45.0399,28.4108,35.9186,-0.59806,0.972826,-1.57089,56.5784,41.1404,31.5967,2009,7,3,2009-07,False
2009-07-14,JSWSTEEL,41.2059,44.2886,41.2059,44.056,25283810,9.2633,48.2314,45.2587,28.3546,44.7612,-0.738642,0.630533,-1.36917,55.3105,41.1523,29.3548,2009,7,3,2009-07,False
2009-07-15,JSWSTEEL,44.8703,47.8035,44.4548,47.2509,28994120,7.252,47.9695,45.5668,28.3177,50.9911,-0.585501,0.387326,-0.972827,54.7675,41.1716,28.3427,2009,7,3,2009-07,False
2009-07-16,JSWSTEEL,48.302,50.774,47.6123,48.1649,49100020,1.9344,48.0176,45.8176,28.2887,52.6368,-0.385933,0.232674,-0.618607,54.8063,41.2288,28.276,2009,7,3,2009-07,False
2009-07-17,JSWSTEEL,48.7009,50.4957,47.5583,49.8808,28042300,3.5625,48.0042,46.1359,28.27,55.6477,-0.0882996,0.168479,-0.256779,54.7762,41.2321,28.2144,2009,7,3,2009-07,False
2009-07-20,JSWSTEEL,50.2921,51.6673,49.4446,50.1758,49620550,0.5914,48.0804,46.4351,28.2546,56.1637,0.169426,0.168669,0.000757669,54.9171,41.2437,28.4387,2009,7,3,2009-07,False
2009-07-21,JSWSTEEL,50.5829,51.5177,49.7105,50.3295,39050330,0.3064,48.2559,46.7487,28.2581,56.448,0.381681,0.211271,0.17041,55.1363,41.3755,28.5164,2009,7,3,2009-07,False
2009-07-22,JSWSTEEL,50.6037,52.3487,48.8338,49.4238,52244510,-1.7996,48.2812,47.0535,28.2588,54.2168,0.471377,0.263292,0.208085,55.1756,41.3868,28.5593,2009,7,3,2009-07,False
2009-07-23,JSWSTEEL,51.0192,51.8252,49.939,51.5219,24919600,4.2451,48.3945,47.4051,28.2694,58.3262,0.70365,0.351364,0.352286,55.4293,41.3596,29.0729,2009,7,3,2009-07,False
2009-07-24,JSWSTEEL,51.9747,52.922,51.5219,52.4816,24673160,1.8628,48.4344,47.7602,28.294,60.0909,0.95417,0.471925,0.482245,55.5562,41.3125,29.4084,2009,7,3,2009-07,False
2009-07-27,JSWSTEEL,53.0217,57.3301,52.5232,56.8025,54946150,8.2331,48.6373,48.0869,28.3372,66.8888,1.48426,0.674392,0.809865,56.4719,40.8027,32.2164,2009,7,3,2009-07,False
2009-07-28,JSWSTEEL,57.0019,57.9907,55.8469,56.7941,30744610,-0.0146,48.9219,48.4275,28.3803,66.8652,1.88199,0.915911,0.966077,57.5107,40.3331,35.1124,2009,7,3,2009-07,False
2009-07-29,JSWSTEEL,56.7941,58.4975,52.8721,57.1265,53680670,0.5852,49.1924,48.732,28.4278,67.361,2.19867,1.17246,1.02621,58.4653,39.9195,37.7006,2009,7,3,2009-07,False
2009-07-30,JSWSTEEL,56.3787,58.4145,54.8415,57.1348,35073020,0.0146,49.4844,49.0523,28.5034,67.3741,2.42239,1.42245,0.999939,59.3829,39.586,40.0062,2009,7,3,2009-07,False
2009-07-31,JSWSTEEL,58.0821,59.3243,57.1681,57.9782,23807550,1.4761,49.8257,49.3786,28.5931,68.7497,2.63734,1.66542,0.971912,60.4131,39.2384,42.4973,2009,7,3,2009-07,False
2009-08-03,JSWSTEEL,58.3231,62.3115,57.355,61.8711,35861990,6.7144,50.5291,49.7657,28.7133,74.1643,3.08624,1.94959,1.13665,62.3483,38.71,46.7816,2009,8,3,2009-08,False
2009-08-04,JSWSTEEL,62.2284,63.3627,59.4199,60.55,38211970,-2.1354,51.1629,50.1472,28.8456,69.7475,3.29738,2.21914,1.07823,63.7191,38.6068,49.0831,2009,8,3,2009-08,False
2009-08-05,JSWSTEEL,60.8574,61.1399,58.3314,59.3659,23498930,-1.9556,51.8952,50.4771,28.9982,65.9562,3.33076,2.44147,0.889294,64.577,39.2134,48.8747,2009,8,3,2009-08,False
2009-08-06,JSWSTEEL,59.154,61.6551,58.5973,59.7024,45026810,0.5669,52.6923,50.7596,29.1678,66.5133,3.34581,2.62234,0.723473,65.2245,40.1601,47.5675,2009,8,3,2009-08,False
2009-08-07,JSWSTEEL,58.9961,60.1594,57.193,58.0281,25965050,-2.8045,53.448,51.0024,29.3363,61.1514,3.18591,2.73505,0.450855,65.3018,41.5941,44.3566,2009,8,3,2009-08,False
2009-08-10,JSWSTEEL,58.5806,59.4947,55.3608,55.905,28628110,-3.6586,54.2272,51.1763,29.4918,55.0874,2.85496,2.75903,0.0959268,64.3736,44.0807,37.422,2009,8,3,2009-08,False
2009-08-11,JSWSTEEL,55.9341,58.2649,55.7638,57.3841,19626010,2.6456,54.8936,51.3811,29.6391,58.1974,2.68112,2.74345,-0.0623279,63.9157,45.8715,32.8713,2009,8,3,2009-08,False
2009-08-12,JSWSTEEL,56.5033,57.1182,53.8485,56.1585,23907870,-2.1358,55.339,51.5298,29.7898,54.8104,2.4166,2.67808,-0.261479,63.6217,47.0563,29.9345,2009,8,3,2009-08,False
2009-08-13,JSWSTEEL,56.9188,60.8075,56.9188,60.3962,26665700,7.546,55.9505,51.7628,29.9764,62.8592,2.51987,2.64644,-0.126569,63.7977,48.1034,28.0503,2009,8,3,2009-08,False
2009-08-14,JSWSTEEL,60.7411,62.3074,59.6816,61.3435,40886370,1.5684,56.5237,52.0178,30.1752,64.3862,2.64763,2.64668,0.000951385,64.1762,48.8711,27.0773,2009,8,3,2009-08,False
2009-08-17,JSWSTEEL,59.1332,60.5084,56.5116,56.8149,21259700,-7.3823,56.8556,52.3087,30.3578,53.1384,2.3563,2.5886,-0.232304,63.9006,49.8106,24.7821,2009,8,3,2009-08,False
2009-08-18,JSWSTEEL,56.9188,59.395,56.5033,59.021,24204460,3.883,57.2902,52.5681,30.545,57.0727,2.27718,2.52632,-0.249137,63.6822,50.8982,22.3144,2009,8,3,2009-08,False
2009-08-19,JSWSTEEL,59.2454,59.7606,56.7775,57.2553,23997460,-2.9917,57.6818,52.7465,30.72,53.2214,2.04839,2.43073,-0.382344,62.8957,52.4679,18.0782,2009,8,3,2009-08,False
2009-08-20,JSWSTEEL,57.9325,58.992,57.4714,57.8287,13807940,1.0014,57.9971,52.8462,30.9055,54.2998,1.89153,2.32289,-0.431362,62.331,53.6633,14.9451,2009,8,3,2009-08,False
2009-08-21,JSWSTEEL,58.1652,58.564,56.9396,58.2691,19988750,0.7615,58.2865,52.8381,31.1018,55.1549,1.78221,2.21475,-0.432545,61.7565,54.8165,11.9067,2009,8,3,2009-08,False
2009-08-24,JSWSTEEL,59.4116,60.1594,58.9961,59.5321,14942800,2.1675,58.423,52.9147,31.3146,57.6051,1.777,2.1272,-0.350202,61.8618,54.9842,11.7721,2009,8,3,2009-08,False
2009-08-25,JSWSTEEL,58.9961,60.2841,58.9961,59.4199,14874570,-0.1884,58.5543,52.9708,31.5259,57.3056,1.74372,2.05051,-0.306785,61.9312,55.1773,11.5343,2009,8,3,2009-08,False
2009-08-26,JSWSTEEL,60.0223,60.8657,59.6941,60.1428,18046240,1.2166,58.7051,53.1239,31.7314,58.7924,1.75545,1.99149,-0.236049,62.0829,55.3272,11.5079,2009,8,3,2009-08,False
2009-08-27,JSWSTEEL,60.1594,60.5707,58.672,59.0834,21053970,-1.7615,58.8025,53.3615,31.8995,55.7295,1.66011,1.92522,-0.265106,62.1011,55.5039,11.2194,2009,8,3,2009-08,False
2009-08-28,JSWSTEEL,59.0792,59.6526,58.3314,58.967,9213030,-0.1969,58.8519,53.5378,32.065,55.3883,1.55722,1.85162,-0.294397,62.1281,55.5758,11.1336,2009,8,3,2009-08,False
2009-08-31,JSWSTEEL,58.3314,58.4975,56.8357,57.2636,9478970,-2.8888,58.6216,53.7101,32.2069,50.5113,1.32298,1.74589,-0.422912,61.6418,55.6013,10.3043,2009,8,3,2009-08,False
2009-09-01,JSWSTEEL,57.7497,58.1569,55.099,55.6641,14368800,-2.7933,58.3773,53.887,32.345,46.3815,0.996779,1.59607,-0.599289,61.5283,55.2262,10.7955,2009,9,3,2009-09,False
2009-09-02,JSWSTEEL,54.8415,56.0795,54.2598,55.1489,18457270,-0.9255,58.1664,54.0116,32.496,45.1024,0.688755,1.41461,-0.725851,61.5914,54.7415,11.7765,2009,9,3,2009-09,False
2009-09-03,JSWSTEEL,56.5033,56.7027,55.4065,55.8178,9417770,1.2129,57.9722,54.1428,32.6568,47.1406,0.492934,1.23027,-0.737337,61.4702,54.4742,12.068,2009,9,3,2009-09,False
2009-09-04,JSWSTEEL,56.3371,57.8827,56.0255,57.5586,14530600,3.1187,57.9487,54.2603,32.816,52.1227,0.472763,1.07877,-0.606007,61.4515,54.446,12.0891,2009,9,3,2009-09,False
2009-09-07,JSWSTEEL,60.658,62.3198,58.1652,60.2674,15807690,4.7063,58.1668,54.4108,32.9953,58.6532,0.667663,0.996548,-0.328885,61.6771,54.6566,12.0694,2009,9,3,2009-09,False
2009-09-08,JSWSTEEL,60.3256,62.7312,60.0223,61.223,27252740,1.5856,58.3588,54.6132,33.1799,60.6902,0.888982,0.975035,-0.0860527,62.101,54.6166,12.8247,2009,9,3,2009-09,False
2009-09-09,JSWSTEEL,61.464,61.8379,60.1594,60.7452,12124880,-0.7804,58.5881,54.7938,33.3697,59.1218,1.01413,0.982855,0.031279,62.3247,54.8515,12.7554,2009,9,3,2009-09,False
2009-09-10,JSWSTEEL,61.1565,63.1757,60.7494,61.2563,22270710,0.8413,58.6311,54.993,33.5704,60.3034,1.1414,1.01456,0.126833,62.4736,54.7886,13.1073,2009,9,3,2009-09,False
2009-09-11,JSWSTEEL,61.6551,61.8961,60.2841,61.0651,10064220,-0.312,58.6172,55.1913,33.7755,59.6094,1.21285,1.05422,0.158629,62.4201,54.8143,12.9755,2009,9,3,2009-09,False
2009-09-14,JSWSTEEL,60.6164,62.3198,59.5154,61.8753,13567480,1.3267,58.8702,55.4727,33.9859,61.6254,1.31964,1.1073,0.212335,62.8381,54.9024,13.4799,2009,9,3,2009-09,False
2009-09-15,JSWSTEEL,62.0082,63.9817,62.0082,63.7698,19208380,3.0618,59.1077,55.7906,34.2059,65.9104,1.5394,1.19372,0.345674,63.6415,54.5739,15.3408,2009,9,3,2009-09,False
2009-09-16,JSWSTEEL,64.3141,67.9619,63.9775,67.3303,26321200,5.5834,59.6114,56.2428,34.4576,72.1944,1.97806,1.35059,0.62747,65.3559,53.867,19.273,2009,9,3,2009-09,False
2009-09-17,JSWSTEEL,67.4716,68.3773,65.6436,66.4163,16382120,-1.3575,60.0408,56.6959,34.7114,68.6937,2.22629,1.52573,0.700557,66.4675,53.6141,21.4077,2009,9,3,2009-09,False
2009-09-18,JSWSTEEL,65.2281,67.0395,64.9788,65.8679,12158090,-0.8257,60.4207,57.155,34.9624,66.6067,2.35165,1.69091,0.660734,67.2897,53.5518,22.7369,2009,9,3,2009-09,False
2009-09-22,JSWSTEEL,66.1421,67.2971,65.7599,66.7279,9295160,1.3057,60.7805,57.6832,35.2157,68.2364,2.49167,1.85106,0.640605,68.1863,53.3748,24.3689,2009,9,3,2009-09,False
2009-09-23,JSWSTEEL,66.89,69.9935,66.89,68.7263,24751380,2.9948,61.2459,58.1766,35.479,71.6934,2.73239,2.02733,0.705064,69.4212,53.0706,26.6967,2009,9,3,2009-09,False
2009-09-24,JSWSTEEL,67.7666,70.7123,66.7155,69.8772,15419950,1.6745,61.7326,58.6291,35.7503,73.4832,2.98166,2.2182,0.763467,70.7474,52.7178,29.2059,2009,9,3,2009-09,False
2009-09-25,JSWSTEEL,69.3827,69.6902,66.1504,67.1143,20341090,-3.9539,62.1341,59.0081,36.0108,63.1585,2.92258,2.35907,0.563508,71.3649,52.9034,29.7124,2009,9,3,2009-09,False
2009-09-29,JSWSTEEL,67.8954,68.797,67.347,68.0699,9809620,1.4238,62.5893,59.3719,36.2784,64.9907,2.91922,2.4711,0.448114,72.0572,53.1214,30.254,2009,9,3,2009-09,False
2009-09-30,JSWSTEEL,67.8871,69.4658,67.804,69.1833,10341440,1.6357,63.1853,59.752,36.5482,67.0471,2.97213,2.57131,0.400825,72.7418,53.6287,30.2494,2009,9,3,2009-09,False
2009-10-01,JSWSTEEL,69.6902,72.1248,68.2444,70.9407,18376310,2.5402,63.9491,60.1642,36.8119,70.0385,3.11991,2.68103,0.438885,73.4161,54.482,29.6081,2009,10,4,2009-10,False
2009-10-05,JSWSTEEL,70.5336,70.9407,68.9673,69.5032,13648410,-2.0263,64.6668,60.5658,37.0711,64.8525,3.08547,2.76192,0.323552,73.4786,55.8551,27.2528,2009,10,4,2009-10,False
2009-10-06,JSWSTEEL,69.8813,72.9391,69.1335,72.2869,20714880,4.005,65.4903,60.9811,37.3406,69.5538,3.24538,2.85861,0.386767,73.8885,57.092,25.6474,2009,10,4,2009-10,False
2009-10-07,JSWSTEEL,73.1136,75.2824,72.7065,73.3712,20692240,1.5001,66.2809,61.3989,37.6074,71.1715,3.42018,2.97092,0.449255,74.5107,58.0511,24.8332,2009,10,4,2009-10,False
2009-10-08,JSWSTEEL,74.3683,76.5537,73.4128,75.756,19164830,3.2503,67.0553,61.778,37.8867,74.3937,3.70839,3.11842,0.589975,75.8013,58.3093,26.0859,2009,10,4,2009-10,False
2009-10-09,JSWSTEEL,75.9222,76.6119,73.3671,73.9404,14017550,-2.3966,67.6912,62.1209,38.1624,68.1485,3.74711,3.24416,0.502952,76.5008,58.8816,26.0288,2009,10,4,2009-10,False
2009-10-12,JSWSTEEL,74.7007,77.2267,74.3683,75.0996,23488430,1.5677,68.4089,62.4804,38.4379,69.8866,3.8272,3.36077,0.46644,77.1746,59.6432,25.6273,2009,10,4,2009-10,False
2009-10-13,JSWSTEEL,75.0996,75.0996,75.0996,75.0996,0,0.0,69.1011,62.8397,38.7127,69.8866,3.84634,3.45788,0.388463,77.6727,60.5294,24.8091,2009,10,4,2009-10,False
2009-10-14,JSWSTEEL,76.1465,76.5786,75.137,75.8308,27287550,0.9737,69.8394,63.1967,38.9978,71.0427,3.87584,3.54147,0.334366,78.0319,61.6468,23.4612,2009,10,4,2009-10,False
2009-10-15,JSWSTEEL,76.7822,76.8445,75.2824,75.8308,10318120,0.0,70.5371,63.4759,39.2823,71.0427,3.85478,3.60413,0.250644,78.236,62.8383,21.8293,2009,10,4,2009-10,False
2009-10-16,JSWSTEEL,75.3654,77.6837,74.6259,76.2213,15470490,0.515,71.1597,63.7893,39.5694,71.7153,3.8255,3.64841,0.177094,78.5625,63.7569,20.8061,2009,10,4,2009-10,False
2009-10-20,JSWSTEEL,76.0884,77.5176,76.0884,76.7074,7561770,0.6377,71.6286,64.1362,39.8595,72.5693,3.79774,3.67827,0.11947,79.1961,64.061,21.13,2009,10,4,2009-10,False
2009-10-21,JSWSTEEL,77.1104,77.7668,75.2117,75.7061,10245220,-1.3053,72.093,64.4562,40.1443,68.0137,3.65284,3.67319,-0.0203442,79.4511,64.735,20.4126,2009,10,4,2009-10,False
2009-10-22,JSWSTEEL,76.0302,76.1091,71.4684,72.4073,27617790,-4.3573,72.42,64.7438,40.4149,55.6245,3.23454,3.58546,-0.350918,79.1693,65.6707,18.6392,2009,10,4,2009-10,False
2009-10-23,JSWSTEEL,73.3297,73.7285,69.391,70.8161,43429480,-2.1976,72.6244,65.0421,40.6812,50.8159,2.74301,3.41697,-0.673958,78.8772,66.3716,17.2195,2009,10,4,2009-10,False
2009-10-26,JSWSTEEL,70.625,70.8493,66.9606,67.671,13314260,-4.4412,72.5717,65.2478,40.9289,42.9188,2.07576,3.14873,-1.07297,78.9788,66.1645,17.6576,2009,10,4,2009-10,False
2009-10-27,JSWSTEEL,66.973,66.973,62.5691,63.0884,17834420,-6.7719,72.2322,65.3864,41.1519,34.5045,1.16377,2.75174,-1.58797,79.8461,64.6183,21.0817,2009,10,4,2009-10,False
2009-10-28,JSWSTEEL,61.9625,63.7158,60.1594,61.8587,21260260,-1.9493,71.9694,65.4156,41.3661,32.6543,0.337882,2.26897,-1.93108,80.6194,63.3195,24.0378,2009,10,4,2009-10,False
2009-10-29,JSWSTEEL,60.7411,61.223,58.8092,59.4739,19126700,-3.8552,71.5396,65.3782,41.5652,29.366,-0.503269,1.71452,-2.21779,81.7236,61.3557,28.4709,2009,10,4,2009-10,False
2009-10-30,JSWSTEEL,60.5001,63.6992,60.5001,62.7768,19320050,5.5536,71.2193,65.4975,41.7773,38.59,-0.893073,1.193,-2.08607,82.0949,60.3437,30.5411,2009,10,4,2009-10,False
2009-11-03,JSWSTEEL,62.486,63.3419,55.1074,56.1876,13215440,-10.4963,70.4817,65.4408,41.9536,30.1352,-1.71394,0.611613,-2.32555,83.2699,57.6934,36.2882,2009,11,4,2009-11,False
2009-11-04,JSWSTEEL,56.4992,60.4004,54.2307,59.9226,25077800,6.6474,70.0026,65.4942,42.1543,38.3768,-2.03958,0.0813739,-2.12096,83.6351,56.3701,38.9485,2009,11,4,2009-11,False
2009-11-05,JSWSTEEL,59.827,65.4358,59.4116,64.5301,20959660,7.6891,69.6148,65.6282,42.3839,46.7257,-1.90392,-0.315685,-1.58824,83.414,55.8156,39.6444,2009,11,4,2009-11,False
2009-11-06,JSWSTEEL,65.6352,66.4496,62.432,63.2505,23931040,-1.983,69.1088,65.7278,42.6108,44.906,-1.87802,-0.628152,-1.24987,83.0693,55.1482,40.4016,2009,11,4,2009-11,False
2009-11-09,JSWSTEEL,63.9817,68.0865,63.7615,67.6877,20763250,7.0152,68.7053,65.8909,42.8618,51.9009,-1.48236,-0.798993,-0.683365,82.3191,55.0916,39.6293,2009,11,4,2009-11,False
2009-11-10,JSWSTEEL,68.5518,72.1248,67.0105,70.5544,39240080,4.2352,68.536,66.1136,43.1237,55.805,-0.926789,-0.824552,-0.102237,81.9585,55.1136,39.1691,2009,11,4,2009-11,False
2009-11-11,JSWSTEEL,70.8784,71.0446,68.9673,70.5378,22446840,-0.0236,68.3079,66.3215,43.3892,55.7767,-0.48228,-0.756098,0.273818,81.4121,55.2038,38.3678,2009,11,4,2009-11,False
2009-11-12,JSWSTEEL,69.8065,70.7953,68.0117,68.7014,15195100,-2.6034,67.988,66.5139,43.6449,52.6061,-0.275011,-0.65988,0.384869,80.7006,55.2755,37.3964,2009,11,4,2009-11,False
2009-11-13,JSWSTEEL,68.5518,74.9957,67.9868,74.4681,43687710,8.3938,67.9199,66.8239,43.93,60.2479,0.350531,-0.457798,0.808329,80.469,55.3708,36.9527,2009,11,4,2009-11,False
2009-11-16,JSWSTEEL,74.7007,77.6921,74.3683,76.8404,25439780,3.1857,67.9704,67.2154,44.2289,62.8982,1.02588,-0.161063,1.18694,80.6608,55.2799,37.3411,2009,11,4,2009-11,False
2009-11-17,JSWSTEEL,77.7793,78.8304,76.454,77.0647,32198380,0.292,68.0125,67.6434,44.5308,63.1484,1.5612,0.18339,1.37781,80.8234,55.2016,37.6722,2009,11,4,2009-11,False
2009-11-18,JSWSTEEL,78.0161,82.8438,76.778,80.2181,61708160,4.0918,68.1881,68.1448,44.8507,66.562,2.21437,0.589586,1.62479,81.5835,54.7927,39.2896,2009,11,4,2009-11,False
2009-11-19,JSWSTEEL,80.4217,86.3047,79.1628,79.6738,123359590,-0.6784,68.3865,68.622,45.1716,65.4354,2.65747,1.00316,1.6543,82.3559,54.417,40.8544,2009,11,4,2009-11,False
2009-11-20,JSWSTEEL,79.3539,81.182,75.6272,79.6738,59438810,0.0,68.7498,69.0643,45.4896,65.4354,2.97433,1.3974,1.57694,83.5149,53.9847,42.9531,2009,11,4,2009-11,False
2009-11-23,JSWSTEEL,80.6003,81.5974,79.6032,80.7291,26720060,1.3245,69.2454,69.4735,45.8083,66.7028,3.27288,1.77249,1.50039,84.9389,53.5519,45.3272,2009,11,4,2009-11,False
2009-11-24,JSWSTEEL,81.2651,84.2523,80.5837,83.0557,46179080,2.882,70.0147,69.9101,46.1376,69.3694,3.65509,2.14901,1.50607,86.8499,53.1794,48.0906,2009,11,4,2009-11,False
2009-11-25,JSWSTEEL,83.2925,86.4168,82.6777,83.3798,40402930,0.3902,71.0292,70.3628,46.4669,69.733,3.93873,2.50696,1.43178,88.5391,53.5193,49.3034,2009,11,4,2009-11,False
2009-11-26,JSWSTEEL,80.6834,84.9045,79.1877,81.4479,30784450,-2.317,72.0087,70.7667,46.7925,64.795,3.96196,2.79796,1.164,89.5502,54.4672,48.7205,2009,11,4,2009-11,False
2009-11-27,JSWSTEEL,79.7694,79.7694,74.3683,78.3069,46533530,-3.8564,72.9504,71.1115,47.1054,57.6477,3.68445,2.97526,0.709196,89.6609,56.2398,45.8136,2009,11,4,2009-11,False
2009-11-30,JSWSTEEL,80.351,83.0848,79.7694,82.5239,28012150,5.3852,73.9377,71.5245,47.4353,63.4733,3.76144,3.13249,0.628947,90.4497,57.4257,44.6645,2009,11,4,2009-11,False
2009-12-01,JSWSTEEL,86.6329,86.824,83.1845,84.4102,19303330,2.2857,75.3488,71.9373,47.7763,65.7431,3.92936,3.29187,0.637495,90.2156,60.4821,39.4611,2009,12,4,2009-12,False
2009-12-02,JSWSTEEL,85.5859,87.389,83.3756,84.9752,45266900,0.6694,76.6015,72.2902,48.114,66.4163,4.06122,3.44574,0.615481,90.1596,63.0433,35.3991,2009,12,4,2009-12,False
2009-12-03,JSWSTEEL,85.3366,85.9848,83.9407,84.6677,24068020,-0.3618,77.6083,72.6552,48.4442,65.6602,4.09372,3.57533,0.518384,90.3588,64.8579,32.8585,2009,12,4,2009-12,False
2009-12-04,JSWSTEEL,84.5057,85.669,83.6083,84.5057,15696130,-0.1914,78.6711,73.028,48.7736,65.2387,4.0596,3.67219,0.387415,89.8261,67.5161,28.3587,2009,12,4,2009-12,False
2009-12-07,JSWSTEEL,84.3811,85.2535,78.2156,78.8471,31880510,-6.6962,79.2291,73.2703,49.0767,52.55,3.53521,3.64479,-0.109583,89.1151,69.3431,24.9555,2009,12,4,2009-12,False
2009-12-08,JSWSTEEL,78.8554,84.755,77.2766,84.0985,45466170,6.6603,79.9063,73.5778,49.4037,60.2725,3.50299,3.61643,-0.113438,89.1232,70.6893,23.0694,2009,12,4,2009-12,False
2009-12-09,JSWSTEEL,82.2622,83.6748,80.2306,82.0004,24007700,-2.4948,80.4794,73.8203,49.7174,56.3281,3.27046,3.54724,-0.276774,88.6044,72.3545,20.1913,2009,12,4,2009-12,False
2009-12-10,JSWSTEEL,81.5144,82.1791,80.4341,81.0116,21602240,-1.2058,81.0949,74.0982,50.0333,54.5174,2.97213,3.43222,-0.460084,87.0342,75.1557,14.6476,2009,12,4,2009-12,False
2009-12-11,JSWSTEEL,82.2622,82.7815,79.7694,81.3399,19168590,0.4051,81.4385,74.3636,50.3518,55.0341,2.73071,3.29192,-0.561206,86.4927,76.3844,12.4122,2009,12,4,2009-12,False
2009-12-14,JSWSTEEL,81.4313,82.15,80.3926,81.0075,15011290,-0.4086,81.6469,74.6001,50.6703,54.3606,2.48393,3.13032,-0.646391,86.224,77.0698,11.2119,2009,12,4,2009-12,False
2009-12-15,JSWSTEEL,81.9132,81.9132,78.6476,79.1753,12410760,-2.2618,81.7524,74.7648,50.9796,50.6787,2.11611,2.92748,-0.811363,85.9677,77.5371,10.3123,2009,12,4,2009-12,False
2009-12-16,JSWSTEEL,78.3568,81.5434,77.7793,81.2526,23701920,2.6237,81.8041,74.9998,51.3041,54.446,1.96954,2.73589,-0.766352,85.9652,77.6431,10.1732,2009,12,4,2009-12,False
2009-12-17,JSWSTEEL,81.4312,82.6693,80.7706,82.0129,19200040,0.9357,81.9211,75.1943,51.6378,55.7773,1.8929,2.56729,-0.674388,85.9597,77.8825,9.8598,2009,12,4,2009-12,False
2009-12-18,JSWSTEEL,82.2289,82.6195,80.7997,81.2401,13771970,-0.9422,81.9994,75.3517,51.9672,54.0483,1.74965,2.40376,-0.654116,85.9134,78.0855,9.5463,2009,12,4,2009-12,False
2009-12-21,JSWSTEEL,82.2622,82.2622,79.5035,79.9937,12063790,-1.5342,81.9626,75.4364,52.2906,51.2868,1.51804,2.22662,-0.708576,85.9401,77.9851,9.7056,2009,12,4,2009-12,False
2009-12-22,JSWSTEEL,80.4342,82.1542,80.4342,81.7179,9462750,2.1554,81.8957,75.592,52.6211,54.7324,1.45683,2.07266,-0.615831,85.8407,77.9508,9.6341,2009,12,4,2009-12,False
2009-12-23,JSWSTEEL,82.2622,84.8132,82.0628,84.6054,22538220,3.5335,81.957,75.7821,52.9728,59.8538,1.62261,1.98265,-0.360041,86.0349,77.8792,9.9512,2009,12,4,2009-12,False
2009-12-24,JSWSTEEL,85.1704,86.2631,83.9324,85.1621,13110020,0.658,82.1427,75.9833,53.3279,60.7752,1.77841,1.9418,-0.163391,86.4546,77.8309,10.4984,2009,12,4,2009-12,False
2009-12-29,JSWSTEEL,85.669,85.9183,84.755,85.0957,5864960,-0.0781,82.4822,76.1686,53.6796,60.5963,1.87491,1.92842,-0.053514,86.5864,78.3779,9.9519,2009,12,4,2009-12,False
2009-12-30,JSWSTEEL,84.9212,85.5859,83.6789,84.2066,6694350,-1.0448,82.5663,76.3361,54.0271,58.1323,1.85822,1.91438,-0.056162,86.7425,78.3901,10.116,2009,12,4,2009-12,False
2009-12-31,JSWSTEEL,84.755,85.1704,83.9241,84.1899,7835570,-0.0197,82.5553,76.4955,54.3757,58.0848,1.82265,1.89604,-0.0733902,86.7122,78.3984,10.0705,2009,12,4,2009-12,False
2010-01-04,JSWSTEEL,84.755,85.453,83.9407,85.0001,6300240,0.9623,82.5565,76.6614,54.733,59.8104,1.83863,1.88456,-0.0459247,86.7165,78.3966,10.0778,2010,1,1,2010-01,False
2010-01-05,JSWSTEEL,88.8847,95.3909,85.32,94.3024,37729180,10.9438,83.0383,77.0333,55.1358,73.3678,2.57226,2.0221,0.550166,89.7042,76.3723,16.0551,2010,1,1,2010-01,False
2010-01-06,JSWSTEEL,94.7511,96.0058,92.7486,95.4698,32266220,1.238,83.5865,77.4946,55.5379,74.5291,3.21086,2.25985,0.951013,92.2612,74.9117,20.7564,2010,1,1,2010-01,False
2010-01-07,JSWSTEEL,95.3909,95.9726,92.8524,93.4341,12190810,-2.1324,84.3158,77.9469,55.9282,68.8881,3.5122,2.51032,1.00188,93.7338,74.8978,22.3398,2010,1,1,2010-01,False
2010-01-08,JSWSTEEL,92.7319,94.5018,91.8262,92.9023,12242440,-0.5692,84.756,78.4515,56.3161,67.4519,3.66585,2.74143,0.92442,94.9243,74.5877,23.9943,2010,1,1,2010-01,False
2010-01-11,JSWSTEEL,93.8952,96.1221,93.3136,94.9464,18166970,2.2003,85.4033,79.0887,56.7151,70.0377,3.90751,2.97464,0.932866,96.4438,74.3628,25.855,2010,1,1,2010-01,False
2010-01-12,JSWSTEEL,94.3107,95.5488,93.1474,93.729,11942520,-1.2821,86.0392,79.7261,57.108,66.6422,3.95521,3.17075,0.784451,97.4726,74.6057,26.5773,2010,1,1,2010-01,False
2010-01-13,JSWSTEEL,87.5677,95.5488,87.5677,94.8549,15321820,1.2012,86.7149,80.4337,57.5046,68.1788,4.03732,3.34407,0.693251,98.5688,74.8611,27.3398,2010,1,1,2010-01,False
2010-01-14,JSWSTEEL,95.7233,98.6066,94.6264,98.2244,23405760,3.5522,87.5758,81.1427,57.9124,72.2923,4.32443,3.54014,0.784289,100.162,74.9892,28.7445,2010,1,1,2010-01,False
2010-01-15,JSWSTEEL,98.3407,100.268,97.3103,98.0374,20303920,-0.1903,88.5189,81.9797,58.3228,71.7382,4.48518,3.72915,0.75603,101.281,75.7571,28.834,2010,1,1,2010-01,False
2010-01-18,JSWSTEEL,97.219,97.6095,95.9726,97.1317,9536970,-0.9238,89.3128,82.7239,58.7278,68.9797,4.48776,3.88087,0.606887,102.147,76.4789,28.7393,2010,1,1,2010-01,False
2010-01-19,JSWSTEEL,97.219,98.0416,95.3992,95.9892,10100780,-1.1763,90.0117,83.353,59.1236,65.5551,4.34749,3.97419,0.373298,102.693,77.3302,28.1773,2010,1,1,2010-01,False
2010-01-20,JSWSTEEL,95.8064,97.6344,95.1416,95.8604,13833750,-0.1342,90.7427,84.0052,59.5073,65.1624,4.17778,4.01491,0.162869,102.973,78.5127,26.9553,2010,1,1,2010-01,False
2010-01-21,JSWSTEEL,95.8064,96.7952,93.0643,93.4465,10070400,-2.5181,91.4153,84.5204,59.8858,58.1332,3.80465,3.97286,-0.168212,102.59,80.2402,24.449,2010,1,1,2010-01,False
2010-01-22,JSWSTEEL,91.3193,92.628,88.1826,91.2072,11203560,-2.3964,91.8898,84.9335,60.2453,52.4776,3.29031,3.83635,-0.54604,102.095,81.6846,22.2118,2010,1,1,2010-01,False
2010-01-25,JSWSTEEL,92.1503,92.1503,87.0816,87.6549,10876540,-3.8947,92.0422,85.2758,60.5794,44.9991,2.56647,3.58237,-1.0159,101.873,82.211,21.3624,2010,1,1,2010-01,False
2010-01-27,JSWSTEEL,85.5859,87.2436,78.793,79.7694,22521880,-8.9961,91.7726,85.4972,60.8517,33.5641,1.34107,3.13411,-1.79304,102.64,80.9056,23.6824,2010,1,1,2010-01,False
2010-01-28,JSWSTEEL,81.0158,82.9186,80.4258,82.2456,22879180,3.1042,91.6301,85.6527,61.1338,38.8214,0.563245,2.61994,-2.05669,102.932,80.3284,24.6681,2010,1,1,2010-01,False
2010-01-29,JSWSTEEL,81.4313,82.9269,77.2766,81.8883,20036750,-0.4344,91.5142,85.7537,61.4165,38.3498,-0.0810835,2.07973,-2.16082,103.178,79.8502,25.4912,2010,1,1,2010-01,False
2010-02-01,JSWSTEEL,80.2264,83.8825,79.7777,82.7317,17841780,1.0299,91.4413,85.867,61.686,40.1966,-0.517696,1.56025,-2.07794,103.314,79.5681,25.969,2010,2,1,2010-02,False
2010-02-02,JSWSTEEL,83.6748,85.4862,80.4424,80.9701,18067950,-2.1293,91.2398,85.8821,61.9421,37.6591,-0.994395,1.04932,-2.04371,103.696,78.7838,27.3037,2010,2,1,2010-02,False
2010-02-03,JSWSTEEL,82.2206,88.2283,81.8467,87.7297,26435940,8.3483,90.9111,86.0432,62.2283,50.5569,-0.817317,0.675992,-1.49331,103.374,78.4486,27.4169,2010,2,1,2010-02,False
2010-02-04,JSWSTEEL,87.0816,87.5677,84.5597,85.0001,18955880,-3.1114,90.3877,86.1497,62.5161,46.3837,-0.887013,0.363391,-1.2504,102.923,77.852,27.7374,2010,2,1,2010-02,False
2010-02-05,JSWSTEEL,80.6917,82.2622,77.9953,80.2015,23101980,-5.6455,89.726,86.1391,62.7862,40.1147,-1.31431,0.0278516,-1.34216,102.962,76.4901,29.5029,2010,2,1,2010-02,False
2010-02-08,JSWSTEEL,82.2622,84.5805,78.793,81.7055,35499970,1.8753,89.1662,86.1121,63.0596,42.7274,-1.51413,-0.280544,-1.23358,102.778,75.5541,30.5319,2010,2,1,2010-02,False
2010-02-09,JSWSTEEL,81.2651,82.8106,80.6003,81.988,20933380,0.3458,88.5183,86.0843,63.3385,43.2285,-1.63089,-0.550613,-1.08027,102.205,74.8313,30.9247,2010,2,1,2010-02,False
2010-02-10,JSWSTEEL,82.6776,83.924,79.1254,79.8109,20592740,-2.6553,87.8224,86.0516,63.6075,40.3025,-1.87745,-0.81598,-1.06147,101.806,73.8388,31.8451,2010,2,1,2010-02,False
2010-02-11,JSWSTEEL,80.5255,82.5904,80.5255,81.988,13797740,2.7278,87.179,86.1252,63.8754,44.3584,-1.87556,-1.0279,-0.847665,100.983,73.375,31.6683,2010,2,1,2010-02,False
2010-02-15,JSWSTEEL,82.4034,84.3395,81.4562,84.0404,16940830,2.5033,86.4698,86.1555,64.1541,47.9488,-1.68898,-1.16011,-0.528871,99.3082,73.6314,29.6945,2010,2,1,2010-02,False
2010-02-16,JSWSTEEL,84.3811,85.2286,83.5169,84.971,13422690,1.1074,85.8165,86.1667,64.4405,49.5388,-1.44932,-1.21796,-0.231364,97.4496,74.1834,27.1116,2010,2,1,2010-02,False
2010-02-17,JSWSTEEL,86.0845,89.3251,85.669,88.3114,17315430,3.9312,85.3755,86.2335,64.7512,54.8679,-0.978565,-1.17008,0.191512,95.8094,74.9416,24.4424,2010,2,1,2010-02,False
2010-02-18,JSWSTEEL,89.1589,89.1589,85.4987,88.1452,16618460,-0.1882,84.9833,86.303,65.0498,54.5592,-0.611845,-1.05843,0.446586,94.2632,75.7033,21.8395,2010,2,1,2010-02,False
2010-02-19,JSWSTEEL,86.8323,87.2478,84.1442,84.9129,16444470,-3.667,84.4359,86.3111,65.3323,48.8072,-0.575406,-0.961826,0.38642,92.1786,76.6932,18.3398,2010,2,1,2010-02,False
2010-02-22,JSWSTEEL,88.4942,94.3938,84.9461,85.5153,12798310,0.7095,84.0393,86.4445,65.6095,49.868,-0.492242,-0.867909,0.375667,90.5539,77.5248,15.5036,2010,2,1,2010-02,False
2010-02-23,JSWSTEEL,84.8381,87.9956,84.8381,87.5511,19814540,2.3806,83.8565,86.5136,65.8817,53.3835,-0.259078,-0.746143,0.487065,89.6943,78.0188,13.9231,2010,2,1,2010-02,False
2010-02-24,JSWSTEEL,87.497,89.9067,86.0014,89.5619,21990350,2.2968,83.9519,86.6648,66.1702,56.6194,0.0869634,-0.579521,0.666485,90.1046,77.7991,14.6578,2010,2,1,2010-02,False
2010-02-25,JSWSTEEL,90.4884,90.5798,89.0093,90.1851,18206010,0.6958,84.4727,86.8483,66.443,57.6017,0.406801,-0.382257,0.789058,90.8923,78.0531,15.1992,2010,2,1,2010-02,False
2010-02-26,JSWSTEEL,88.9097,92.1503,87.7048,88.9387,16913510,-1.382,84.8073,87.0002,66.7179,54.9231,0.553324,-0.195141,0.748465,91.4326,78.182,15.6243,2010,2,1,2010-02,False
2010-03-02,JSWSTEEL,90.987,92.8898,90.156,92.4619,15365490,3.9613,85.336,87.2293,67.0041,60.5129,0.942863,0.0324601,0.910403,92.6339,78.0381,17.1038,2010,3,1,2010-03,False
2010-03-03,JSWSTEEL,92.3996,95.7565,91.4024,95.2871,17467930,3.0555,85.9638,87.5516,67.3073,64.3324,1.46268,0.318505,1.14418,94.391,77.5365,19.6065,2010,3,1,2010-03,False
2010-03-04,JSWSTEEL,95.4491,97.2023,94.4769,96.3631,16178760,1.1292,86.7334,87.8538,67.6182,65.6935,1.93912,0.642628,1.29649,96.0093,77.4575,21.3894,2010,3,1,2010-03,False
2010-03-05,JSWSTEEL,96.9614,100.044,96.9614,99.3877,21684150,3.1387,87.3163,88.2013,67.9454,69.2462,2.53157,1.02042,1.51116,98.1844,76.4483,24.8935,2010,3,1,2010-03,False
2010-03-08,JSWSTEEL,100.962,102.321,98.1413,99.9319,16902940,0.5476,88.0629,88.5751,68.2715,69.8512,3.01032,1.4184,1.59192,100.234,75.8915,27.6426,2010,3,1,2010-03,False
2010-03-09,JSWSTEEL,100.543,100.543,98.4737,99.1633,11360700,-0.7691,89.011,88.9585,68.5649,67.822,3.28978,1.79267,1.49711,101.552,76.4695,28.1796,2010,3,1,2010-03,False
2010-03-10,JSWSTEEL,98.0499,99.4625,96.1471,97.2688,20130390,-1.9105,89.7892,89.2695,68.8525,62.9665,3.32011,2.09816,1.22195,102.353,77.225,27.986,2010,3,1,2010-03,False
2010-03-11,JSWSTEEL,97.0528,97.7383,95.9061,96.9198,13565540,-0.3588,90.5358,89.5158,69.1276,62.0847,3.2782,2.33417,0.944031,102.921,78.1501,27.3608,2010,3,1,2010-03,False
2010-03-12,JSWSTEEL,96.9198,98.8642,96.2426,97.9502,24127970,1.0631,91.4427,89.7716,69.4117,63.7009,3.2902,2.52537,0.764823,103.16,79.7253,25.628,2010,3,1,2010-03,False
2010-03-15,JSWSTEEL,97.8006,98.7728,96.1969,98.0291,14722130,0.0806,92.2448,90.0302,69.6935,63.8281,3.2684,2.67398,0.594421,103.421,81.0688,24.2312,2010,3,1,2010-03,False
2010-03-16,JSWSTEEL,98.0499,99.9112,98.0291,99.6287,19888080,1.6317,93.0242,90.3387,69.9791,66.3979,3.34167,2.80752,0.534156,103.963,82.0856,23.5177,2010,3,1,2010-03,False
2010-03-17,JSWSTEEL,100.958,101.955,100.136,101.519,17223430,1.8974,93.8516,90.6853,70.2793,69.1842,3.5118,2.94837,0.563425,104.729,82.9746,23.1791,2010,3,1,2010-03,False
2010-03-18,JSWSTEEL,101.785,104.033,101.207,103.792,18180470,2.2386,94.6256,91.0611,70.5839,72.1718,3.78636,3.11597,0.670388,106.033,83.2184,24.1103,2010,3,1,2010-03,False
2010-03-19,JSWSTEEL,103.862,104.199,102.62,103.235,13023340,-0.5364,95.3801,91.2397,70.8722,70.3719,3.91391,3.27556,0.638349,106.977,83.7831,24.3175,2010,3,1,2010-03,False
2010-03-22,JSWSTEEL,102.379,103.451,101.374,102.383,10799590,-0.825,96.2536,91.378,71.1547,67.5946,3.90129,3.40071,0.500589,107.141,85.3661,22.6225,2010,3,1,2010-03,False
2010-03-23,JSWSTEEL,102.869,105.653,102.869,105.3,24567900,2.8487,97.2428,91.6153,71.4451,71.7118,4.07961,3.53649,0.543127,107.605,86.8809,21.3114,2010,3,1,2010-03,False
2010-03-25,JSWSTEEL,105.03,107.19,104.864,106.355,15701090,1.0022,98.183,91.8844,71.7412,73.0462,4.25702,3.68059,0.576422,108.25,88.1156,20.5074,2010,3,1,2010-03,False
2010-03-26,JSWSTEEL,107.83,108.021,104.336,106.721,10314650,0.3437,99.041,92.1199,72.0312,73.5123,4.37666,3.81981,0.55685,108.938,89.1439,19.9858,2010,3,1,2010-03,False
2010-03-29,JSWSTEEL,107.19,108.021,104.29,104.602,9836550,-1.9855,99.7618,92.3373,72.3105,66.3501,4.25149,3.90614,0.345344,109.023,90.501,18.5659,2010,3,1,2010-03,False
2010-03-30,JSWSTEEL,105.113,105.944,102.57,102.994,9066510,-1.5371,100.465,92.5001,72.5825,61.457,3.97671,3.92026,0.0564536,108.289,92.6401,15.5766,2010,3,1,2010-03,False
2010-03-31,JSWSTEEL,103.451,104.19,101.473,102.603,12721260,-0.3792,100.972,92.5877,72.8841,60.294,3.68496,3.8732,-0.18824,107.872,94.0709,13.6686,2010,3,1,2010-03,False
2010-04-01,JSWSTEEL,103.451,104.614,102.537,103.92,14744640,1.2836,101.403,92.7053,73.1735,62.8475,3.51944,3.80244,-0.283003,107.873,94.9332,12.7612,2010,4,2,2010-04,False
2010-04-05,JSWSTEEL,104.689,107.099,104.294,106.446,14799100,2.4307,101.907,92.8916,73.464,67.2041,3.55116,3.75219,-0.201024,108.295,95.5201,12.5357,2010,4,2,2010-04,False
2010-04-06,JSWSTEEL,106.775,107.19,105.113,105.856,7924020,-0.5542,102.231,93.089,73.7291,65.2788,3.48849,3.69945,-0.210962,108.735,95.7267,12.7245,2010,4,2,2010-04,False
2010-04-07,JSWSTEEL,106.135,106.841,103.679,104.635,9165040,-1.1539,102.466,93.2645,73.9589,61.3593,3.30219,3.62,-0.317809,108.96,95.9718,12.676,2010,4,2,2010-04,False
2010-04-08,JSWSTEEL,104.697,105.005,100.962,101.652,9493520,-2.8509,102.591,93.4286,74.1887,52.9914,2.88063,3.47212,-0.591492,108.911,96.2696,12.3226,2010,4,2,2010-04,False
2010-04-09,JSWSTEEL,102.18,103.314,101.54,102.018,11361580,0.3597,102.828,93.6448,74.4157,53.8226,2.54669,3.28704,-0.740348,108.644,97.0122,11.3117,2010,4,2,2010-04,False
2010-04-12,JSWSTEEL,102.703,103.368,101.216,102.242,11052140,0.2199,103.094,93.9365,74.6644,54.356,2.27393,3.08441,-0.810486,108.217,97.9707,9.9392,2010,4,2,2010-04,False
2010-04-13,JSWSTEEL,102.2,105.807,101.689,105.366,17088620,3.0558,103.465,94.4485,74.9552,61.095,2.28354,2.92424,-0.640696,108.068,98.862,8.8974,2010,4,2,2010-04,False
2010-04-15,JSWSTEEL,105.778,107.024,104.78,105.113,12249280,-0.2405,103.819,94.9058,75.2301,60.3171,2.24484,2.78836,-0.543521,107.693,99.9448,7.4633,2010,4,2,2010-04,False
2010-04-16,JSWSTEEL,105.528,108.179,105.084,107.099,12198450,1.8893,104.193,95.41,75.5223,64.1675,2.34735,2.70016,-0.352805,107.797,100.588,6.9182,2010,4,2,2010-04,False
2010-04-19,JSWSTEEL,105.944,106.334,101.374,101.868,17265310,-4.884,104.21,95.7927,75.7975,50.3186,1.98366,2.55686,-0.573202,107.763,100.657,6.8182,2010,4,2,2010-04,False
2010-04-20,JSWSTEEL,102.047,104.033,101.291,101.764,15483590,-0.102,104.109,96.2086,76.0618,50.0875,1.66782,2.37905,-0.711233,107.824,100.394,7.1366,2010,4,2,2010-04,False
2010-04-21,JSWSTEEL,102.18,103.476,101.382,101.81,8443020,0.0449,104.037,96.4902,76.3245,50.1959,1.405,2.18424,-0.779237,107.875,100.199,7.3783,2010,4,2,2010-04,False
2010-04-22,JSWSTEEL,101.872,102.558,99.2963,100.073,13189410,-1.7058,103.922,96.7917,76.5665,46.0981,1.04455,1.9563,-0.911755,108.094,99.7497,8.0294,2010,4,2,2010-04,False
2010-04-23,JSWSTEEL,100.46,100.896,98.2202,99.5663,15082360,-0.5065,103.635,97.179,76.8006,44.9449,0.709802,1.707,-0.9972,108.18,99.0904,8.7707,2010,4,2,2010-04,False
2010-04-26,JSWSTEEL,100.21,102.279,99.8821,100.742,13582570,1.1809,103.355,97.5597,77.0488,48.1832,0.533241,1.47225,-0.939009,107.885,98.8237,8.7675,2010,4,2,2010-04,False
2010-04-27,JSWSTEEL,101.374,101.656,99.7533,100.111,8845980,-0.6268,103.024,97.9222,77.2908,46.5979,0.338457,1.24549,-0.907035,107.485,98.5633,8.6596,2010,4,2,2010-04,False
2010-04-28,JSWSTEEL,98.4653,99.1218,97.2189,97.8546,10756550,-2.2535,102.687,98.283,77.5236,41.3621,0.00202591,0.996798,-0.994772,107.639,97.7348,9.6446,2010,4,2,2010-04,False
2010-04-29,JSWSTEEL,98.4653,102.869,98.0665,102.408,17174450,4.6533,102.657,98.6914,77.7799,52.8724,0.101661,0.817771,-0.71611,107.609,97.7063,9.646,2010,4,2,2010-04,False
2010-04-30,JSWSTEEL,103.451,104.132,101.307,102.005,15945130,-0.3935,102.627,99.0507,78.0509,51.9013,0.146415,0.683499,-0.537085,107.587,97.6677,9.6655,2010,4,2,2010-04,False
2010-05-03,JSWSTEEL,101.706,102.786,100.435,101.527,16133010,-0.4684,102.508,99.3819,78.3191,50.7122,0.141696,0.575139,-0.433443,107.452,97.564,9.6458,2010,5,2,2010-05,False
2010-05-04,JSWSTEEL,102.844,102.844,94.5932,95.0668,22222450,-6.3633,101.939,99.517,78.5709,38.0257,-0.378983,0.384314,-0.763297,107.549,96.3291,11.0061,2010,5,2,2010-05,False
2010-05-05,JSWSTEEL,93.729,96.7869,90.4344,96.0598,33279350,1.0445,101.449,99.6753,78.8324,40.4899,-0.703392,0.166773,-0.870165,107.323,95.575,11.5803,2010,5,2,2010-05,False
2010-05-06,JSWSTEEL,95.0585,97.1359,93.3551,95.9601,21303720,-0.1038,101.015,99.8962,79.0976,40.3165,-0.957497,-0.0580808,-0.899416,107.173,94.8575,12.1917,2010,5,2,2010-05,False
2010-05-07,JSWSTEEL,93.3967,94.5433,91.4855,93.1723,17833210,-2.9052,100.591,100.049,79.3618,35.7127,-1.36806,-0.320076,-1.04798,107.664,93.5184,14.0626,2010,5,2,2010-05,False
2010-05-10,JSWSTEEL,94.9754,101.54,94.3107,100.696,24447770,8.0754,100.525,100.312,79.645,51.7328,-1.07392,-0.470845,-0.603076,107.567,93.4838,14.0092,2010,5,2,2010-05,False
2010-05-11,JSWSTEEL,100.958,101.789,95.1375,99.799,25043600,-0.8912,100.403,100.517,79.9078,50.1283,-0.90282,-0.55724,-0.34558,107.404,93.4024,13.9451,2010,5,2,2010-05,False
2010-05-12,JSWSTEEL,100.131,102.753,98.644,102.429,22958470,2.6352,100.256,100.762,80.1791,54.5747,-0.548687,-0.555529,0.00684274,106.934,93.5782,13.322,2010,5,2,2010-05,False
2010-05-13,JSWSTEEL,103.858,105.611,102.288,104.785,28383010,2.2999,100.24,101.079,80.4536,58.1721,-0.0770589,-0.459835,0.382776,106.869,93.6106,13.2268,2010,5,2,2010-05,False
2010-05-14,JSWSTEEL,102.757,104.918,98.2244,99.396,33772380,-5.1425,99.8547,101.217,80.6997,48.676,-0.136531,-0.395174,0.258644,105.648,94.0609,11.6044,2010,5,2,2010-05,False
2010-05-17,JSWSTEEL,97.9668,98.2576,94.5143,97.3103,18088430,-2.0983,99.6268,101.258,80.9346,45.575,-0.347946,-0.385729,0.0377827,105.446,93.808,11.6812,2010,5,2,2010-05,False
2010-05-18,JSWSTEEL,97.1192,98.4654,94.7345,95.5779,22435240,-1.7804,99.3175,101.242,81.1654,43.1177,-0.647823,-0.438148,-0.209676,105.313,93.322,12.0733,2010,5,2,2010-05,False
2010-05-19,JSWSTEEL,94.4769,94.7262,88.4983,89.8943,23206650,-5.9465,98.7217,101.052,81.3573,36.2185,-1.32878,-0.616274,-0.712504,105.921,91.5219,14.586,2010,5,2,2010-05,False
2010-05-20,JSWSTEEL,90.7668,91.3775,86.9569,88.6562,25149780,-1.3773,98.1508,100.827,81.5381,34.9081,-1.94591,-0.882201,-1.06371,106.601,89.7004,17.2193,2010,5,2,2010-05,False
2010-05-21,JSWSTEEL,85.1705,90.8873,84.6096,90.1228,22376340,1.6543,97.6787,100.646,81.7047,37.7798,-2.29025,-1.16381,-1.12644,106.823,88.5344,18.7231,2010,5,2,2010-05,False
2010-05-24,JSWSTEEL,91.8179,93.4341,86.7741,87.6923,15738110,-2.6969,97.0262,100.455,81.8592,35.0223,-2.72782,-1.47661,-1.2512,107.068,86.984,20.6998,2010,5,2,2010-05,False
2010-05-25,JSWSTEEL,86.2506,86.3919,81.6971,82.6278,28778190,-5.7753,96.152,100.169,81.9867,30.0933,-3.44356,-1.87,-1.57356,107.953,84.3508,24.547,2010,5,2,2010-05,False
2010-05-26,JSWSTEEL,83.5086,88.328,83.5086,87.2768,26721360,5.6265,95.6231,99.9552,82.1374,38.6316,-3.59422,-2.21485,-1.37938,108.035,83.2109,25.9608,2010,5,2,2010-05,False
2010-05-27,JSWSTEEL,88.0787,90.5715,84.9877,89.3417,25346900,2.3659,94.9698,99.7815,82.2943,42.0188,-3.50658,-2.47319,-1.03339,107.253,82.6864,25.868,2010,5,2,2010-05,False
2010-05-28,JSWSTEEL,90.987,92.6904,90.21,91.4066,22931650,2.3112,94.4399,99.617,82.4419,45.2719,-3.23324,-2.6252,-0.608037,106.354,82.5255,25.2316,2010,5,2,2010-05,False
2010-05-31,JSWSTEEL,91.6517,92.4826,88.9096,92.0713,19536560,0.7272,93.9671,99.4281,82.5995,46.3161,-2.92921,-2.686,-0.243204,105.44,82.4947,24.418,2010,5,2,2010-05,False
2010-06-01,JSWSTEEL,90.5715,92.9272,86.8572,87.5801,26705710,-4.8779,93.5928,99.1038,82.7406,40.67,-3.0159,-2.75198,-0.263914,105.398,81.7877,25.2265,2010,6,2,2010-06,False
2010-06-02,JSWSTEEL,87.9125,88.2491,85.5859,87.576,34301270,-0.0047,93.1686,98.7907,82.88,40.665,-3.04978,-2.81154,-0.238235,105.208,81.1294,25.8439,2010,6,2,2010-06,False
2010-06-03,JSWSTEEL,88.9096,90.987,88.4942,88.9221,22570280,1.5371,92.8167,98.5214,83.0345,43.0769,-2.93418,-2.83607,-0.0981137,104.924,80.7098,26.0878,2010,6,2,2010-06,False
2010-06-04,JSWSTEEL,89.3251,89.9898,87.2561,89.3957,14786440,0.5326,92.6278,98.2034,83.2019,43.9403,-2.7724,-2.82334,0.0509366,104.829,80.4269,26.3441,2010,6,2,2010-06,False
2010-06-07,JSWSTEEL,88.4485,88.4485,84.4891,85.7438,16773510,-4.0851,91.8802,97.7911,83.3437,39.025,-2.90537,-2.83974,-0.0656297,103.829,79.9311,26.0102,2010,6,2,2010-06,False
2010-06-08,JSWSTEEL,86.0014,86.8323,83.1762,84.0944,23978750,-1.9236,91.095,97.3386,83.4834,37.0112,-3.10802,-2.8934,-0.214623,102.916,79.2736,25.9541,2010,6,2,2010-06,False
2010-06-09,JSWSTEEL,84.0944,86.7285,84.0944,85.3491,23353470,1.492,90.241,96.9535,83.6082,39.566,-3.13128,-2.94098,-0.190306,101.038,79.4437,23.93,2010,6,2,2010-06,False
2010-06-10,JSWSTEEL,85.7521,87.5968,84.7591,87.2852,17214340,2.2684,89.366,96.6394,83.7379,43.3819,-2.95938,-2.94466,-0.0147218,97.7725,80.9596,18.8136,2010,6,2,2010-06,False
2010-06-11,JSWSTEEL,87.7006,88.5897,85.8601,86.3545,19240480,-1.0662,88.714,96.3144,83.8856,42.0088,-2.86521,-2.92877,0.0635568,95.7573,81.6706,15.8788,2010,6,2,2010-06,False
2010-06-14,JSWSTEEL,87.7927,88.1365,86.9751,87.5286,11102100,1.3596,88.2249,95.9866,84.0281,44.3997,-2.66512,-2.87604,0.210914,93.9989,82.4508,13.0894,2010,6,2,2010-06,False
2010-06-15,JSWSTEEL,87.6334,89.6712,86.8787,89.1974,23629110,1.9066,87.9058,95.6416,84.1878,47.7004,-2.34486,-2.7698,0.424939,92.5672,83.2445,10.6053,2010,6,2,2010-06,False
2010-06-16,JSWSTEEL,89.7299,90.4008,88.1785,88.6607,13727550,-0.6017,87.8442,95.2977,84.342,46.7394,-2.11004,-2.63785,0.527809,92.4267,83.2616,10.4333,2010,6,2,2010-06,False
2010-06-17,JSWSTEEL,88.6732,89.059,86.9206,87.9772,11949220,-0.7709,87.8102,94.9645,84.4905,45.4828,-1.95654,-2.50159,0.545051,92.3774,83.243,10.4025,2010,6,2,2010-06,False
2010-06-18,JSWSTEEL,87.6334,88.4887,86.4761,87.1218,16803030,-0.9723,87.6602,94.6739,84.6285,43.8922,-1.88221,-2.37771,0.495503,92.103,83.2174,10.1364,2010,6,2,2010-06,False
2010-06-21,JSWSTEEL,88.4468,92.514,88.2414,91.9857,22102060,5.5828,87.8748,94.4733,84.7913,53.7883,-1.41452,-2.18508,0.770551,92.7208,83.0289,11.0292,2010,6,2,2010-06,False
2010-06-22,JSWSTEEL,91.2393,91.6586,89.5076,89.7886,11250390,-2.3886,88.2329,94.2242,84.9395,49.5378,-1.20725,-1.98951,0.782257,92.4659,83.9998,9.5951,2010,6,2,2010-06,False
2010-06-23,JSWSTEEL,89.3106,91.1555,88.8074,89.4783,20304320,-0.3456,88.3429,93.9064,85.0915,48.9496,-1.05586,-1.80278,0.746923,92.5858,84.1001,9.6054,2010,6,2,2010-06,False
2010-06-24,JSWSTEEL,89.8976,90.4008,87.9437,88.5978,17869460,-0.9841,88.3057,93.5761,85.2396,47.2353,-0.995449,-1.64131,0.645865,92.5247,84.0868,9.5553,2010,6,2,2010-06,False
2010-06-25,JSWSTEEL,88.1366,89.1429,87.1302,87.4825,9666740,-1.2589,88.1095,93.1838,85.3907,45.0816,-1.02575,-1.5182,0.492452,92.0789,84.1402,9.01,2010,6,2,2010-06,False
2010-06-28,JSWSTEEL,87.7256,89.5705,87.3818,89.1596,8861870,1.9171,87.964,92.9296,85.5582,48.8578,-0.904007,-1.39536,0.491355,91.5128,84.4151,8.0689,2010,6,2,2010-06,False
2010-06-29,JSWSTEEL,89.1596,90.233,87.386,88.0149,16762130,-1.2839,87.9857,92.6547,85.7225,46.5074,-0.889637,-1.29422,0.40458,91.53,84.4414,8.0565,2010,6,2,2010-06,False
2010-06-30,JSWSTEEL,87.2141,89.3106,86.6522,89.0129,9869710,1.1338,88.0575,92.3987,85.8885,48.819,-0.788633,-1.1931,0.404467,91.625,84.4901,8.1026,2010,6,2,2010-06,False
2010-07-01,JSWSTEEL,88.4426,88.472,86.7025,86.9541,8914290,-2.3129,87.9591,92.1363,86.0355,44.5425,-0.864743,-1.12743,0.262686,91.5348,84.3835,8.1302,2010,7,3,2010-07,False
2010-07-02,JSWSTEEL,87.2141,87.8011,85.5369,86.3545,11366730,-0.6896,87.8071,91.8721,86.1659,43.3514,-0.962349,-1.09441,0.132064,91.3841,84.23,8.1475,2010,7,3,2010-07,False
2010-07-05,JSWSTEEL,86.1071,87.0464,85.9604,86.2707,5018130,-0.0971,87.8334,91.5827,86.2912,43.1775,-1.03454,-1.08244,0.0478949,91.3538,84.313,8.016,2010,7,3,2010-07,False
2010-07-06,JSWSTEEL,86.3755,90.5433,86.2707,90.2246,16662070,4.5832,88.1399,91.385,86.4386,52.7931,-0.7639,-1.01873,0.254831,91.3427,84.9371,7.2676,2010,7,3,2010-07,False
2010-07-07,JSWSTEEL,92.2457,92.7991,88.7906,89.1219,33392270,-1.2222,88.3286,91.2103,86.5779,50.2396,-0.631121,-0.941209,0.310088,91.2733,85.3838,6.6677,2010,7,3,2010-07,False
2010-07-08,JSWSTEEL,90.233,91.5287,89.4867,90.0695,12593270,1.0633,88.4678,90.9635,86.7229,52.3715,-0.444306,-0.841829,0.397523,91.4676,85.468,6.7817,2010,7,3,2010-07,False
2010-07-09,JSWSTEEL,90.1827,91.8138,90.1492,90.7194,11716160,0.7216,88.686,90.7378,86.8671,53.8324,-0.241032,-0.721669,0.480637,91.6736,85.6985,6.7373,2010,7,3,2010-07,False
2010-07-12,JSWSTEEL,90.9878,98.9544,90.1576,90.7655,10616650,0.0508,88.8479,90.5226,87.0021,53.9403,-0.0753462,-0.592405,0.517059,91.9209,85.7749,6.9175,2010,7,3,2010-07,False
2010-07-13,JSWSTEEL,90.1492,92.9082,89.8305,92.3421,17273550,1.737,89.0051,90.4681,87.1272,57.5914,0.181089,-0.437706,0.618795,92.4524,85.5578,7.7463,2010,7,3,2010-07,False
2010-07-14,JSWSTEEL,93.0801,94.3422,90.5014,90.7613,11966970,-1.7118,89.1102,90.3621,87.2489,53.0507,0.253836,-0.299398,0.553233,92.6403,85.58,7.9231,2010,7,3,2010-07,False
2010-07-15,JSWSTEEL,90.82,92.405,90.3043,91.9396,11443150,1.2982,89.3083,90.2817,87.3793,55.8451,0.401928,-0.159133,0.561061,93.0112,85.6053,8.2925,2010,7,3,2010-07,False
2010-07-16,JSWSTEEL,92.4134,93.0549,91.5287,92.3463,10689110,0.4424,89.5695,90.2652,87.5073,56.8009,0.545819,-0.0181422,0.563961,93.3591,85.7799,8.4618,2010,7,3,2010-07,False
2010-07-19,JSWSTEEL,91.3819,93.252,91.3819,92.4469,8220510,0.109,89.5926,90.1002,87.626,57.0487,0.660362,0.117559,0.542804,93.4491,85.736,8.6091,2010,7,3,2010-07,False
2010-07-20,JSWSTEEL,92.7698,95.0885,92.4218,94.1157,19482160,1.8052,89.8089,89.9865,87.7471,61.0392,0.875703,0.269188,0.606516,94.1649,85.4529,9.7007,2010,7,3,2010-07,False
2010-07-21,JSWSTEEL,94.6357,98.8706,94.3673,98.5687,25872060,4.7314,90.2634,89.9093,87.9044,69.2489,1.38966,0.493282,0.896378,96.1146,84.4122,12.9647,2010,7,3,2010-07,False
2010-07-22,JSWSTEEL,98.3674,101.303,97.3653,100.678,30129280,2.1397,90.8674,89.8272,88.0675,72.2333,1.94474,0.783573,1.16117,98.2802,83.4546,16.3157,2010,7,3,2010-07,False
2010-07-23,JSWSTEEL,102.309,103.189,99.8769,100.435,30838660,-0.2416,91.515,89.848,88.2237,71.3731,2.33807,1.09447,1.24359,99.8841,83.146,18.29,2010,7,3,2010-07,False
2010-07-26,JSWSTEEL,101.051,101.164,97.4492,98.1997,13188310,-2.2252,91.967,89.8658,88.36,63.8487,2.44131,1.36384,1.07747,100.766,83.1682,19.1348,2010,7,3,2010-07,False
2010-07-27,JSWSTEEL,98.9544,99.8769,96.7825,97.4785,33982520,-0.7344,92.4402,89.9038,88.4999,61.5922,2.43684,1.57844,0.858402,101.361,83.5192,19.3011,2010,7,3,2010-07,False
2010-07-28,JSWSTEEL,97.6965,98.3339,96.4386,97.0131,9852010,-0.4775,92.8402,90.0461,88.6235,60.1156,2.36844,1.73644,0.632004,101.831,83.8491,19.369,2010,7,3,2010-07,False
2010-07-29,JSWSTEEL,96.7741,97.6043,95.4323,95.6713,16050210,-1.3831,93.2761,90.1864,88.735,55.9511,2.18083,1.82532,0.355512,101.904,84.6486,18.4988,2010,7,3,2010-07,False
2010-07-30,JSWSTEEL,94.7698,96.0571,92.6733,93.6964,8675080,-2.0642,93.6432,90.2579,88.8247,50.4152,1.85145,1.83054,0.020902,101.632,85.6546,17.0617,2010,7,3,2010-07,False
2010-08-02,JSWSTEEL,95.3904,96.0193,94.3841,95.3568,7963170,1.7721,94.0975,90.4112,88.9318,54.492,1.70474,1.80538,-0.100646,101.317,86.8778,15.3451,2010,8,3,2010-08,False
2010-08-03,JSWSTEEL,96.4303,96.4303,94.1325,94.6063,7264470,-0.7871,94.3166,90.6508,89.0293,52.395,1.51049,1.7464,-0.23591,101.304,87.3296,14.8161,2010,8,3,2010-08,False
2010-08-04,JSWSTEEL,94.9669,94.9669,92.2457,93.3023,11833340,-1.3784,94.5256,90.7713,89.1203,48.8757,1.23707,1.64454,-0.407466,101.096,87.9552,13.9018,2010,8,3,2010-08,False
2010-08-05,JSWSTEEL,93.5036,95.7678,93.2688,93.9816,13924720,0.728,94.7212,90.8641,89.2111,50.7321,1.06294,1.52822,-0.465277,100.957,88.485,13.1676,2010,8,3,2010-08,False
2010-08-06,JSWSTEEL,94.4973,95.0592,92.9459,93.3274,10727100,-0.696,94.8516,90.9025,89.2986,48.891,0.862222,1.39502,-0.532798,100.84,88.8636,12.6261,2010,8,3,2010-08,False
2010-08-09,JSWSTEEL,93.3442,94.9124,93.0381,94.4637,9497760,1.2175,95.0365,90.9503,89.3898,52.1403,0.785781,1.27317,-0.487391,100.714,89.3594,11.9472,2010,8,3,2010-08,False
2010-08-10,JSWSTEEL,94.5979,95.8936,94.0235,95.0424,12959840,0.6125,95.1715,91.0996,89.4815,53.7527,0.763096,1.17116,-0.408061,100.705,89.6376,11.6294,2010,8,3,2010-08,False
2010-08-11,JSWSTEEL,94.7866,95.6839,93.0843,93.3358,8459660,-1.7956,95.3003,91.2148,89.5696,48.5569,0.600493,1.05702,-0.456531,100.513,90.0878,10.9389,2010,8,3,2010-08,False
2010-08-12,JSWSTEEL,92.4134,93.3778,90.8704,93.1094,11504450,-0.2426,95.3587,91.2985,89.6731,47.8954,0.448192,0.935258,-0.487066,100.437,90.2806,10.6506,2010,8,3,2010-08,False
2010-08-13,JSWSTEEL,93.5036,94.4093,92.6943,93.4071,5864700,0.3197,95.4118,91.3788,89.7861,48.8815,0.347508,0.817708,-0.470199,100.378,90.4452,10.4109,2010,8,3,2010-08,False
2010-08-16,JSWSTEEL,93.7971,94.795,92.3505,92.7824,10305680,-0.6688,95.4286,91.5195,89.9116,46.8766,0.214828,0.697132,-0.482304,100.355,90.502,10.3251,2010,8,3,2010-08,False
2010-08-17,JSWSTEEL,93.3023,93.8935,92.3044,93.1514,7749270,0.3977,95.3803,91.7007,90.062,48.2272,0.137862,0.585278,-0.447416,100.379,90.3813,10.4822,2010,8,3,2010-08,False
2010-08-18,JSWSTEEL,93.1681,94.8453,92.6105,94.5141,7120590,1.4629,95.1776,91.884,90.2252,52.9817,0.184697,0.505162,-0.320464,99.9562,90.399,10.0414,2010,8,3,2010-08,False
2010-08-19,JSWSTEEL,94.7615,96.3548,94.3422,94.9334,10085160,0.4436,94.8904,92.0369,90.4025,54.3702,0.252734,0.454676,-0.201942,98.9067,90.874,8.4653,2010,8,3,2010-08,False
2010-08-20,JSWSTEEL,94.5099,96.011,93.9858,95.4659,6353900,0.5609,94.642,92.2192,90.566,56.1416,0.345638,0.432869,-0.0872302,97.7193,91.5646,6.5031,2010,8,3,2010-08,False
2010-08-23,JSWSTEEL,95.8852,97.6043,95.4407,97.2898,8572390,1.9106,94.5965,92.4144,90.7715,61.6355,0.559987,0.458292,0.101695,97.4727,91.7203,6.081,2010,8,3,2010-08,False
2010-08-24,JSWSTEEL,97.5456,98.1116,96.0319,97.2647,7309730,-0.0259,94.5858,92.5757,90.9582,61.521,0.719536,0.510541,0.208995,97.4181,91.7534,5.9889,2010,8,3,2010-08,False
2010-08-25,JSWSTEEL,97.2772,97.5708,95.4743,96.3212,10114350,-0.97,94.5512,92.7289,91.1172,57.2287,0.76108,0.560649,0.200431,97.2734,91.8289,5.7583,2010,8,3,2010-08,False
2010-08-26,JSWSTEEL,96.6483,96.8579,93.8474,94.405,9972620,-1.9894,94.4879,92.8575,91.2729,49.6512,0.632096,0.574938,0.0571578,97.1589,91.8169,5.6536,2010,8,3,2010-08,False
2010-08-27,JSWSTEEL,94.2583,96.0109,93.0842,93.4281,5796360,-1.0349,94.4744,92.9836,91.4016,46.2863,0.445902,0.549131,-0.103229,97.1648,91.7841,5.6954,2010,8,3,2010-08,False
2010-08-30,JSWSTEEL,93.6168,96.4135,93.5874,95.5875,7247550,2.3113,94.486,93.0557,91.5268,53.7477,0.467202,0.532745,-0.0655437,97.1942,91.7778,5.7325,2010,8,3,2010-08,False
2010-08-31,JSWSTEEL,95.013,96.0194,93.6545,94.8663,6703640,-0.7545,94.499,93.1572,91.6484,51.1902,0.421035,0.510403,-0.0893681,97.2121,91.7858,5.7421,2010,8,3,2010-08,False
2010-09-01,JSWSTEEL,95.6001,99.0299,95.0256,98.38,13018590,3.7039,94.7529,93.3353,91.7968,60.9419,0.660364,0.540395,0.119968,97.9087,91.597,6.6612,2010,9,3,2010-09,False
2010-09-02,JSWSTEEL,99.3737,100.506,98.619,98.8538,10381620,0.4816,94.9965,93.5404,91.9188,62.0431,0.878142,0.607945,0.270197,98.6193,91.3737,7.6272,2010,9,3,2010-09,False
2010-09-03,JSWSTEEL,99.7931,99.9608,97.3695,97.6337,7661070,-1.2343,95.2118,93.7434,92.0227,57.5436,0.941426,0.674641,0.266785,98.9276,91.496,7.8053,2010,9,3,2010-09,False
2010-09-06,JSWSTEEL,98.1997,101.445,97.9775,100.351,13116630,2.7829,95.5061,93.9672,92.1392,63.8335,1.19702,0.779117,0.417905,99.8517,91.1605,9.1002,2010,9,3,2010-09,False
2010-09-07,JSWSTEEL,100.38,102.887,100.38,102.242,16985100,1.8844,95.8661,94.2518,92.2493,67.4482,1.53449,0.930191,0.604296,101.143,90.5893,11.0087,2010,9,3,2010-09,False
2010-09-08,JSWSTEEL,100.715,103.105,100.715,101.961,9923570,-0.2748,96.2973,94.5107,92.3607,66.3867,1.75898,1.09595,0.663034,102.088,90.5065,12.027,2010,9,3,2010-09,False
2010-09-09,JSWSTEEL,102.225,102.896,100.908,102.061,7044100,0.0987,96.7449,94.8129,92.4726,66.5895,1.92286,1.26133,0.661524,102.872,90.6175,12.6672,2010,9,3,2010-09,False
2010-09-13,JSWSTEEL,102.846,104.548,102.59,103.839,9155920,1.7419,97.2666,95.1626,92.5882,70.0304,2.17115,1.4433,0.727856,103.949,90.5845,13.7397,2010,9,3,2010-09,False
2010-09-14,JSWSTEEL,104.825,104.825,101.386,101.994,10665700,-1.7767,97.7272,95.477,92.6829,62.8022,2.19377,1.59339,0.600381,104.378,91.0766,13.6104,2010,9,3,2010-09,False
2010-09-15,JSWSTEEL,102.435,103.944,101.927,103.168,7157900,1.1511,98.228,95.7359,92.7818,65.2595,2.28015,1.73074,0.549406,104.936,91.5199,13.6582,2010,9,3,2010-09,False
2010-09-16,JSWSTEEL,102.879,103.483,100.053,100.363,8714660,-2.719,98.5205,95.9607,92.8764,55.7782,2.09807,1.80421,0.293861,105.055,91.9864,13.2644,2010,9,3,2010-09,False
2010-09-17,JSWSTEEL,101.064,106.083,100.648,105.407,18305940,5.0259,99.0442,96.2675,93.0119,65.4882,2.33389,1.91014,0.423743,106.031,92.0573,14.1085,2010,9,3,2010-09,False
2010-09-20,JSWSTEEL,105.663,108.9,104.762,108.083,17787110,2.5379,99.675,96.6148,93.1397,69.3339,2.70545,2.0692,0.636244,107.526,91.8237,15.7538,2010,9,3,2010-09,False
2010-09-21,JSWSTEEL,108.263,109.022,104.871,106.46,8893970,-1.5014,100.134,96.9286,93.25,64.6294,2.83628,2.22262,0.613661,108.455,91.8118,16.6213,2010,9,3,2010-09,False
2010-09-22,JSWSTEEL,106.837,107.902,104.447,105.391,10041150,-1.0043,100.54,97.1896,93.352,61.6605,2.82117,2.34233,0.478841,109.063,92.0168,16.9546,2010,9,3,2010-09,False
2010-09-23,JSWSTEEL,102.749,106.242,102.749,105.416,6039890,0.0239,100.995,97.4827,93.4558,61.7051,2.77919,2.4297,0.349487,109.54,92.4487,16.9233,2010,9,3,2010-09,False
2010-09-24,JSWSTEEL,106.083,107.835,105.663,106.988,8653400,1.4916,101.624,97.7837,93.5682,64.4844,2.84006,2.51177,0.328284,109.977,93.2699,16.4406,2010,9,3,2010-09,False
2010-09-27,JSWSTEEL,107.508,111.282,107.353,110.686,18372830,3.4567,102.487,98.1505,93.7274,69.9994,3.15039,2.6395,0.510897,110.841,94.1319,16.3039,2010,9,3,2010-09,False
2010-09-28,JSWSTEEL,110.695,112.691,110.443,111.349,10333620,0.5985,103.275,98.5285,93.8636,70.872,3.41048,2.79369,0.616788,111.86,94.6898,16.6253,2010,9,3,2010-09,False
2010-09-29,JSWSTEEL,111.953,112.372,110.322,111.102,10069190,-0.2222,104.086,98.8682,94.0091,70.0526,3.55565,2.94609,0.609568,112.389,95.7836,15.9538,2010,9,3,2010-09,False
2010-09-30,JSWSTEEL,111.114,112.959,109.873,111.823,16442650,0.6491,104.759,99.1333,94.1632,71.1015,3.6864,3.09415,0.592254,113.29,96.2275,16.2872,2010,9,3,2010-09,False
2010-10-01,JSWSTEEL,112.787,115.341,112.414,114.93,19627440,2.7785,105.562,99.4184,94.3311,75.1412,3.99468,3.27426,0.720428,114.755,96.3701,17.4159,2010,10,4,2010-10,False
2010-10-04,JSWSTEEL,115.626,117.349,115.483,116.733,12551480,1.5688,106.517,99.7443,94.5098,77.1383,4.33452,3.48631,0.84821,116.197,96.8378,18.1745,2010,10,4,2010-10,False
2010-10-05,JSWSTEEL,117.404,117.404,115.307,115.458,8613060,-1.0919,107.273,100.089,94.6912,72.692,4.44969,3.67899,0.770707,117.278,97.267,18.6546,2010,10,4,2010-10,False
2010-10-06,JSWSTEEL,116.313,117.227,115.072,115.877,18793680,0.3631,107.954,100.457,94.8643,73.2384,4.52267,3.84772,0.674945,118.367,97.5422,19.2901,2010,10,4,2010-10,False
2010-10-07,JSWSTEEL,116.066,116.733,114.301,114.963,27550900,-0.7888,108.605,100.816,95.0291,69.9521,4.45538,3.96925,0.486128,119.065,98.1445,19.2627,2010,10,4,2010-10,False
2010-10-08,JSWSTEEL,115.223,115.391,110.2,112.074,16783180,-2.5129,109.105,101.145,95.1832,60.684,4.12144,3.99969,0.121746,119.199,99.0117,18.5024,2010,10,4,2010-10,False
2010-10-11,JSWSTEEL,113.311,116.817,112.712,114.183,9992070,1.8818,109.622,101.554,95.3542,64.393,3.98107,3.99597,-0.0148929,119.64,99.6052,18.2758,2010,10,4,2010-10,False
2010-10-12,JSWSTEEL,114.062,115.018,109.986,111.273,8240320,-2.5485,110.086,101.873,95.502,56.4765,3.59361,3.91549,-0.321889,119.455,100.718,17.0196,2010,10,4,2010-10,False
2010-10-13,JSWSTEEL,111.63,113.865,111.533,113.433,7558410,1.9406,110.6,102.249,95.6461,60.3701,3.42134,3.81666,-0.395326,119.484,101.715,16.0661,2010,10,4,2010-10,False
2010-10-14,JSWSTEEL,114.024,114.775,112.187,113.026,14343050,-0.3586,111.233,102.644,95.7854,59.2941,3.21493,3.69632,-0.481384,118.745,103.721,13.5065,2010,10,4,2010-10,False
2010-10-15,JSWSTEEL,113.211,113.798,110.07,110.322,3374020,-2.3928,111.478,102.97,95.9115,52.5832,2.80084,3.51722,-0.716379,118.493,104.464,12.5845,2010,10,4,2010-10,False
2010-10-18,JSWSTEEL,110.024,111.349,107.433,110.594,6890700,0.247,111.604,103.316,96.0435,53.1585,2.46624,3.30703,-0.840789,118.451,104.758,12.2692,2010,10,4,2010-10,False
2010-10-19,JSWSTEEL,110.871,111.525,107.89,108.263,5646780,-2.108,111.694,103.592,96.1638,47.8139,1.99,3.04362,-1.05362,118.299,105.09,11.826,2010,10,4,2010-10,False
2010-10-20,JSWSTEEL,107.76,107.927,104.703,105.634,5783760,-2.4284,111.706,103.804,96.267,42.6111,1.38449,2.71179,-1.32731,118.263,105.15,11.7385,2010,10,4,2010-10,False
2010-10-21,JSWSTEEL,105.739,107.005,105.739,106.594,6084660,0.909,111.765,104.069,96.3285,44.9665,0.970898,2.36361,-1.39272,118.101,105.429,11.3377,2010,10,4,2010-10,False
2010-10-22,JSWSTEEL,106.904,108.682,103.831,105.252,5048530,-1.2588,111.678,104.312,96.3774,42.3508,0.528762,1.99664,-1.46788,118.33,105.027,11.9111,2010,10,4,2010-10,False
2010-10-25,JSWSTEEL,105.894,107.08,103.277,103.923,7821980,-1.2629,111.34,104.522,96.4298,39.8761,0.0703009,1.61138,-1.54107,118.838,103.843,13.4674,2010,10,4,2010-10,False
2010-10-26,JSWSTEEL,104.405,104.703,101.667,102.791,10996330,-1.0894,110.912,104.722,96.4793,37.8476,-0.380003,1.2131,-1.5931,119.328,102.497,15.1757,2010,10,4,2010-10,False
2010-10-27,JSWSTEEL,102.644,107.902,102.032,107.118,21320600,4.2097,110.713,105.001,96.5401,48.6087,-0.383289,0.893822,-1.27711,119.297,102.129,15.5065,2010,10,4,2010-10,False
2010-10-28,JSWSTEEL,106.921,111.617,106.808,110.67,19881230,3.3155,110.656,105.325,96.6248,55.4295,-0.098186,0.69542,-0.793607,119.224,102.088,15.4858,2010,10,4,2010-10,False
2010-10-29,JSWSTEEL,109.269,114.385,109.269,112.536,21653400,1.686,110.536,105.677,96.7132,58.5427,0.275149,0.611366,-0.336218,118.917,102.154,15.165,2010,10,4,2010-10,False
2010-11-01,JSWSTEEL,113.206,114.217,111.299,112.707,5330470,0.1528,110.335,106.021,96.7857,58.8281,0.578225,0.604738,-0.0265126,118.271,102.398,14.386,2010,11,4,2010-11,False
2010-11-02,JSWSTEEL,113.211,113.211,110.276,111.462,3595600,-1.1049,110.135,106.305,96.8528,55.8303,0.709747,0.62574,0.0840075,117.722,102.548,13.7772,2010,11,4,2010-11,False
2010-11-03,JSWSTEEL,111.948,112.594,111.039,111.521,2479830,0.0527,109.917,106.59,96.9247,55.9443,0.809385,0.662469,0.146916,117.046,102.788,12.9715,2010,11,4,2010-11,False
2010-11-04,JSWSTEEL,112.196,114.452,112.104,113.353,3763430,1.643,109.836,106.931,97.0115,59.4604,1.02439,0.734854,0.289541,116.759,102.914,12.6048,2010,11,4,2010-11,False
2010-11-08,JSWSTEEL,113.211,113.965,111.294,112.301,3371780,-0.9285,109.848,107.289,97.0937,56.6631,1.09722,0.807327,0.289892,116.786,102.909,12.6329,2010,11,4,2010-11,False
2010-11-09,JSWSTEEL,111.626,113.211,111.366,112.167,4556870,-0.1194,109.747,107.663,97.1873,56.2995,1.13107,0.872076,0.258995,116.476,103.018,12.262,2010,11,4,2010-11,False
2010-11-10,JSWSTEEL,111.542,112.791,111.345,112.116,1909640,-0.0449,109.789,107.994,97.2919,56.1539,1.14069,0.925798,0.21489,116.568,103.01,12.3495,2010,11,4,2010-11,False
2010-11-11,JSWSTEEL,112.297,113.118,110.489,111.58,3455990,-0.4787,109.696,108.328,97.4115,54.5345,1.09241,0.959121,0.133289,116.315,103.078,12.0665,2010,11,4,2010-11,False
2010-11-12,JSWSTEEL,110.703,111.676,106.611,107.261,3866040,-3.8706,109.408,108.506,97.549,43.6307,0.697618,0.90682,-0.209202,115.917,102.899,11.8985,2010,11,4,2010-11,False
2010-11-15,JSWSTEEL,107.173,109.018,105.412,108.573,2840900,1.2236,109.321,108.7,97.6806,47.0927,0.485053,0.822467,-0.337414,115.825,102.816,11.8994,2010,11,4,2010-11,False
2010-11-16,JSWSTEEL,108.598,109.018,101.99,103.433,7748650,-4.7347,108.963,108.816,97.7883,37.403,-0.0970927,0.638555,-0.735647,115.943,101.982,12.8121,2010,11,4,2010-11,False
2010-11-18,JSWSTEEL,103.147,107.751,101.554,107.135,5708650,3.5795,108.906,108.952,97.9103,46.0181,-0.256734,0.459497,-0.716231,115.928,101.884,12.8957,2010,11,4,2010-11,False
2010-11-19,JSWSTEEL,107.206,107.206,103.194,103.529,3424710,-3.3658,108.801,108.978,98.0231,40.2132,-0.666537,0.23429,-0.900828,116.088,101.514,13.3946,2010,11,4,2010-11,False
2010-11-22,JSWSTEEL,104.506,105.328,102.179,104.938,5181420,1.3608,108.718,109.037,98.1092,43.2264,-0.867627,0.0139067,-0.881534,116.147,101.29,13.6658,2010,11,4,2010-11,False
2010-11-23,JSWSTEEL,103.99,103.99,100.762,102.871,6132090,-1.9699,108.599,109.053,98.1985,40.0378,-1.18019,-0.224912,-0.955277,116.332,100.866,14.2408,2010,11,4,2010-11,False
2010-11-24,JSWSTEEL,102.98,104.38,99.4576,100.858,5710310,-1.9565,108.446,108.994,98.3018,37.1635,-1.57218,-0.494365,-1.07781,116.674,100.217,15.1753,2010,11,4,2010-11,False
2010-11-25,JSWSTEEL,96.7615,103.181,96.7615,99.814,6038790,-1.0352,108.297,108.95,98.3924,35.7305,-1.94466,-0.784424,-1.16023,117.047,99.5467,16.1599,2010,11,4,2010-11,False
2010-11-26,JSWSTEEL,99.8014,100.753,92.2457,92.8914,9387100,-6.9355,107.586,108.744,98.4469,28.0164,-2.76656,-1.18085,-1.58571,118.726,96.4452,20.71,2010,11,4,2010-11,False
2010-11-29,JSWSTEEL,93.0004,95.969,91.709,94.9418,4108040,2.2073,106.799,108.636,98.5225,32.6541,-3.21541,-1.58776,-1.62765,119.175,94.4235,23.1759,2010,11,4,2010-11,False
2010-11-30,JSWSTEEL,94.6441,95.4323,91.8893,94.5854,5857070,-0.3754,105.902,108.42,98.5855,32.265,-3.55886,-1.98198,-1.57688,119.102,92.7015,24.9294,2010,11,4,2010-11,False
2010-12-01,JSWSTEEL,95.1766,102.309,95.1766,101.16,7202890,6.951,105.324,108.281,98.6711,45.2309,-3.26292,-2.23817,-1.02475,118.279,92.3696,24.5999,2010,12,4,2010-12,False
2010-12-02,JSWSTEEL,102.296,102.565,98.3632,99.6169,7299700,-1.5253,104.732,108.144,98.7443,43.1436,-3.11696,-2.41393,-0.703034,117.588,91.8761,24.5504,2010,12,4,2010-12,False
2010-12-03,JSWSTEEL,100.464,101.135,92.4553,93.9271,11322640,-5.7118,103.852,107.915,98.7724,36.4615,-3.42098,-2.61534,-0.805642,117.153,90.5522,25.6137,2010,12,4,2010-12,False
2010-12-06,JSWSTEEL,94.3589,99.793,94.3589,97.9398,11524770,4.2721,103.082,107.765,98.8214,43.1488,-3.30009,-2.75229,-0.547798,115.839,90.3243,24.7522,2010,12,4,2010-12,False
2010-12-07,JSWSTEEL,98.3842,98.7448,94.3506,98.1243,8266470,0.1884,102.373,107.588,98.8875,43.4436,-3.15304,-2.83244,-0.320602,114.535,90.2108,23.7606,2010,12,4,2010-12,False
2010-12-08,JSWSTEEL,97.3695,98.2836,94.9627,95.969,5651500,-2.1964,101.563,107.294,98.9397,40.7837,-3.17383,-2.90072,-0.273112,113.122,90.0046,22.7613,2010,12,4,2010-12,False
2010-12-09,JSWSTEEL,96.1032,96.5561,88.8913,89.4196,7786980,-6.8245,100.428,106.855,98.9491,33.9758,-3.67641,-3.05586,-0.620554,112.081,88.776,23.2052,2010,12,4,2010-12,False
2010-12-10,JSWSTEEL,90.1492,93.0004,86.4593,87.2602,12288380,-2.4149,99.2123,106.378,98.9376,32.0748,-4.20053,-3.28479,-0.915741,111.039,87.3854,23.8417,2010,12,4,2010-12,False
2010-12-13,JSWSTEEL,88.5558,95.4323,87.885,94.7824,19358790,8.6204,98.5884,106.038,98.9605,43.8591,-3.96324,-3.42048,-0.542757,109.934,87.2424,23.0169,2010,12,4,2010-12,False
2010-12-14,JSWSTEEL,95.2479,98.4513,93.6419,97.793,15675480,3.1763,98.0494,105.695,99.0048,47.765,-3.492,-3.43478,-0.057214,108.377,87.7221,21.0655,2010,12,4,2010-12,False
2010-12-15,JSWSTEEL,97.0257,99.3737,95.9481,97.2898,12318650,-0.5145,97.7423,105.306,99.029,47.1743,-3.12314,-3.37245,0.249317,107.756,87.7284,20.4903,2010,12,4,2010-12,False
2010-12-16,JSWSTEEL,97.2898,98.1158,94.3421,97.6756,8107100,0.3965,97.2693,104.95,99.0409,47.7082,-2.76778,-3.25152,0.483739,106.256,88.2825,18.4782,2010,12,4,2010-12,False
2010-12-20,JSWSTEEL,100.128,100.279,97.3066,99.5708,12073580,1.9403,97.0714,104.624,99.0569,50.3629,-2.30664,-3.06254,0.755904,105.642,88.5003,17.6593,2010,12,4,2010-12,False
2010-12-21,JSWSTEEL,101.638,103.961,99.793,101.621,14478890,2.0592,96.9055,104.357,99.0681,53.1347,-1.7555,-2.80113,1.04564,104.948,88.8633,16.5982,2010,12,4,2010-12,False
2010-12-22,JSWSTEEL,101.68,102.602,94.3338,100.606,8480700,-0.9985,96.7923,104.128,99.0715,51.5991,-1.38463,-2.51783,1.1332,104.539,89.0453,16.0075,2010,12,4,2010-12,False
2010-12-23,JSWSTEEL,100.967,101.336,96.5686,96.9125,12664260,-3.6717,96.5951,103.783,99.0602,46.3475,-1.37296,-2.28886,0.915896,104.103,89.0867,15.5461,2010,12,4,2010-12,False
2010-12-24,JSWSTEEL,92.2457,98.5351,92.2457,98.1368,8909530,1.2633,96.5112,103.52,99.0646,48.2282,-1.25051,-2.08119,0.83068,103.905,89.1176,15.3217,2010,12,4,2010-12,False
2010-12-27,JSWSTEEL,98.2039,99.3738,96.4596,96.9586,4838130,-1.2006,96.7146,103.19,99.0648,46.5376,-1.23431,-1.91181,0.677506,103.91,89.5191,14.8798,2010,12,4,2010-12,False
2010-12-28,JSWSTEEL,96.8579,97.663,95.2269,95.7133,5559260,-1.2844,96.7531,102.844,99.0536,44.7519,-1.30689,-1.79083,0.483939,103.917,89.5895,14.8081,2010,12,4,2010-12,False
2010-12-29,JSWSTEEL,96.0194,97.2102,95.4323,96.5686,4030440,0.8937,96.8523,102.569,99.0463,46.2767,-1.28063,-1.68879,0.408161,103.944,89.7605,14.6447,2010,12,4,2010-12,False
2010-12-30,JSWSTEEL,96.2709,99.2815,94.3422,98.7071,12253370,2.2144,96.7296,102.331,99.0417,49.9926,-1.07487,-1.566,0.491134,103.589,89.8704,14.1822,2010,12,4,2010-12,False
2010-12-31,JSWSTEEL,98.8706,99.3067,97.6546,98.7071,5739030,0.0,96.6842,102.14,99.0276,49.9926,-0.901415,-1.43309,0.531671,103.474,89.8939,14.0463,2010,12,4,2010-12,False
2011-01-03,JSWSTEEL,100.246,101.789,98.9922,99.8853,6765680,1.1937,96.9821,102.025,99.0081,52.1093,-0.661255,-1.27872,0.617465,103.786,90.1783,14.031,2011,1,1,2011-01,False
2011-01-04,JSWSTEEL,100.686,100.686,97.7049,97.923,7849660,-1.9646,96.9812,101.852,98.9815,48.4324,-0.622099,-1.1474,0.525297,103.785,90.1779,14.0301,2011,1,1,2011-01,False
2011-01-05,JSWSTEEL,98.5016,98.5016,95.881,96.229,6947230,-1.7299,96.8865,101.671,98.9507,45.4509,-0.719463,-1.06181,0.342346,103.675,90.0974,14.0144,2011,1,1,2011-01,False
2011-01-06,JSWSTEEL,96.6651,97.6127,91.7257,92.2079,14857590,-4.1786,96.6984,101.437,98.8853,39.2709,-1.10832,-1.07111,-0.0372049,103.796,89.601,14.6794,2011,1,1,2011-01,False
2011-01-07,JSWSTEEL,92.1618,92.2205,85.6208,86.3713,18265140,-6.3299,96.546,101.109,98.7854,32.3872,-1.86594,-1.23008,-0.635865,104.393,88.6991,16.2552,2011,1,1,2011-01,False
2011-01-10,JSWSTEEL,86.627,88.0527,81.9393,82.6689,18869360,-4.2866,96.3164,100.62,98.6651,28.9237,-2.73361,-1.53078,-1.20283,105.467,87.1654,19.002,2011,1,1,2011-01,False
2011-01-11,JSWSTEEL,83.2727,84.6983,78.0734,79.0126,37095460,-4.4228,95.5279,99.9866,98.5372,25.9701,-3.67392,-1.95941,-1.71451,107.514,83.5419,25.0942,2011,1,1,2011-01,False
2011-01-12,JSWSTEEL,79.5325,83.7758,79.5325,83.4991,22557100,5.6782,94.8132,99.4059,98.4397,34.7722,-4.01087,-2.3697,-1.64117,107.886,81.7406,27.5756,2011,1,1,2011-01,False
2011-01-13,JSWSTEEL,83.8597,86.6858,82.7611,84.0861,22896120,0.703,94.1531,98.8334,98.3471,35.847,-4.18233,-2.73223,-1.4501,108.009,80.2969,29.4333,2011,1,1,2011-01,False
2011-01-14,JSWSTEEL,84.279,84.3545,80.6772,81.3062,17225540,-3.3061,93.3346,98.2303,98.234,33.0681,-4.49076,-3.08393,-1.40682,108.211,78.4582,31.8776,2011,1,1,2011-01,False
2011-01-17,JSWSTEEL,81.2601,84.1113,80.128,81.7884,19800150,0.5931,92.4455,97.6357,98.1107,34.0235,-4.64276,-3.3957,-1.24706,107.868,77.0228,33.3659,2011,1,1,2011-01,False
2011-01-18,JSWSTEEL,82.1825,85.5369,82.1825,85.1553,14260700,4.1167,91.6222,97.0717,98.0072,40.4187,-4.44035,-3.60463,-0.835724,106.737,76.507,32.9945,2011,1,1,2011-01,False
2011-01-19,JSWSTEEL,85.5369,88.8913,84.0526,88.3001,30469140,3.6929,91.0068,96.5917,97.9256,45.7117,-3.98031,-3.67977,-0.300544,105.574,76.4397,32.0134,2011,1,1,2011-01,False
2011-01-20,JSWSTEEL,87.885,88.4636,85.8807,87.4908,16252680,-0.9165,90.5358,96.0982,97.8547,44.6133,-3.63907,-3.67163,0.032556,104.907,76.1647,31.7468,2011,1,1,2011-01,False
2011-01-21,JSWSTEEL,87.2141,87.9017,84.3629,84.9457,9705400,-2.909,89.8762,95.5548,97.7694,41.2559,-3.53328,-3.64396,0.110679,103.987,75.7655,31.4004,2011,1,1,2011-01,False
2011-01-24,JSWSTEEL,85.8556,87.5495,85.2266,86.5264,9942650,1.8609,89.3546,95.0537,97.6908,44.0711,-3.28403,-3.57197,0.287944,103.13,75.5789,30.8337,2011,1,1,2011-01,False
2011-01-25,JSWSTEEL,87.2853,88.0443,84.4425,85.0589,13188680,-1.6961,88.8219,94.6097,97.5893,42.056,-3.16839,-3.49126,0.322863,102.385,75.2592,30.5391,2011,1,1,2011-01,False
2011-01-27,JSWSTEEL,85.5369,86.6019,80.4214,80.7611,20217470,-5.0527,88.0315,94.0534,97.4675,36.7557,-3.38453,-3.46991,0.0853796,101.536,74.5273,30.6803,2011,1,1,2011-01,False
2011-01-28,JSWSTEEL,80.7611,82.4341,73.8468,75.1718,31155680,-6.9207,86.8547,93.4882,97.3079,31.2413,-3.96117,-3.56816,-0.393005,100.542,73.167,31.5186,2011,1,1,2011-01,False
2011-01-31,JSWSTEEL,75.1383,76.5639,72.1277,75.935,31122740,1.0152,85.7161,92.8642,97.1782,32.7254,-4.30693,-3.71591,-0.591013,99.0362,72.3961,31.0795,2011,1,1,2011-01,False
2011-02-01,JSWSTEEL,76.0524,77.7379,74.8028,75.4192,17259480,-0.6792,84.4928,92.302,97.0465,32.2192,-4.56988,-3.88671,-0.683176,96.7883,72.1974,29.1041,2011,2,1,2011-02,False
2011-02-02,JSWSTEEL,76.48,79.2474,75.2515,77.9853,19244120,3.4025,83.496,91.763,96.9274,37.4064,-4.51912,-4.01319,-0.50593,94.3558,72.6361,26.013,2011,2,1,2011-02,False
2011-02-03,JSWSTEEL,78.065,78.4004,75.8427,77.6792,24870420,-0.3925,82.5685,91.2591,96.8154,37.0423,-4.45227,-4.10101,-0.351262,91.9122,73.2247,22.6327,2011,2,1,2011-02,False
2011-02-04,JSWSTEEL,77.7379,78.6604,74.2326,75.1509,19902190,-3.2549,81.7156,90.745,96.6933,34.0901,-4.55085,-4.19097,-0.359871,90.4485,72.9827,21.374,2011,2,1,2011-02,False
2011-02-07,JSWSTEEL,75.1425,76.6436,73.9265,75.3144,13989880,0.2176,81.1628,90.255,96.5662,34.4539,-4.56317,-4.26541,-0.297759,90.0532,72.2723,21.9077,2011,2,1,2011-02,False
2011-02-08,JSWSTEEL,75.6415,75.7253,68.1779,68.983,26065590,-8.4066,80.4785,89.7768,96.4105,28.0072,-5.0259,-4.41751,-0.608386,90.8622,70.0947,25.805,2011,2,1,2011-02,False
2011-02-09,JSWSTEEL,68.5134,70.4421,62.9661,65.6076,34703620,-4.893,79.8082,89.1902,96.2493,25.2904,-5.60041,-4.65409,-0.946322,92.1384,67.478,30.8996,2011,2,1,2011-02,False
2011-02-10,JSWSTEEL,66.0814,70.7776,64.8236,69.9138,28311470,6.5636,79.129,88.6967,96.0868,34.0764,-5.6432,-4.85191,-0.791285,92.084,66.1739,32.7442,2011,2,1,2011-02,False
2011-02-11,JSWSTEEL,70.0229,72.8489,67.6874,72.1277,20655640,3.1666,78.531,88.1161,95.9375,38.1064,-5.4358,-4.96869,-0.46711,91.6259,65.4362,33.3495,2011,2,1,2011-02,False
2011-02-14,JSWSTEEL,72.7231,75.0544,72.3416,74.459,19365760,3.2322,78.1887,87.6129,95.8021,42.119,-5.02539,-4.98003,-0.0453602,91.336,65.0414,33.6296,2011,2,1,2011-02,False
2011-02-15,JSWSTEEL,74.6351,77.0335,72.5386,75.3186,24278430,1.1544,77.8652,87.2408,95.7034,43.5716,-4.57801,-4.89963,0.321619,90.9578,64.7726,33.6289,2011,2,1,2011-02,False
2011-02-16,JSWSTEEL,75.0544,77.2851,74.6771,75.2934,20304090,-0.0334,77.3721,86.7878,95.5995,43.5372,-4.17733,-4.75517,0.577838,90.0448,64.6994,32.7577,2011,2,1,2011-02,False
2011-02-17,JSWSTEEL,75.4737,77.5493,74.9999,77.2977,15825420,2.6619,76.822,86.3713,95.5062,47.1229,-3.65592,-4.53532,0.879399,88.4057,65.2383,30.1573,2011,2,1,2011-02,False
2011-02-18,JSWSTEEL,77.3187,77.7715,73.6372,74.0775,19261570,-4.166,76.1513,85.9335,95.4107,42.4575,-3.46262,-4.32078,0.858153,86.6352,65.6675,27.5343,2011,2,1,2011-02,False
2011-02-21,JSWSTEEL,73.7965,77.5702,72.6225,77.1761,21581740,4.1829,75.7628,85.6886,95.2931,47.8117,-3.02454,-4.06153,1.03699,85.4176,66.1081,25.4868,2011,2,1,2011-02,False
2011-02-22,JSWSTEEL,76.3207,77.1425,74.5429,75.5995,14314760,-2.0428,75.2165,85.4554,95.1722,45.4923,-2.77261,-3.80375,1.03113,83.4367,66.9962,21.8576,2011,2,1,2011-02,False
2011-02-23,JSWSTEEL,75.5576,76.6394,74.3416,74.7777,12616710,-1.0871,74.7024,85.0553,95.0339,44.2863,-2.6092,-3.56484,0.955642,81.4926,67.9123,18.1792,2011,2,1,2011-02,False
2011-02-24,JSWSTEEL,76.1446,77.0671,71.7504,72.656,19719730,-2.8373,74.2972,84.5525,94.8733,41.2462,-2.62067,-3.376,0.75533,80.5075,68.0868,16.7176,2011,2,1,2011-02,False
2011-02-25,JSWSTEEL,72.7064,73.6288,70.4422,72.4799,16806590,-0.2424,74.1626,84.0563,94.7387,40.9947,-2.61385,-3.22357,0.609723,80.4097,67.9155,16.8471,2011,2,1,2011-02,False
2011-02-28,JSWSTEEL,73.0921,76.2033,72.0355,72.9831,14723310,0.6942,74.015,83.5625,94.617,42.0815,-2.53858,-3.08658,0.547994,80.2252,67.8048,16.7809,2011,2,1,2011-02,False
2011-03-01,JSWSTEEL,73.7965,80.2328,73.7085,79.1803,27775420,8.4913,74.203,83.1547,94.535,53.4538,-1.95631,-2.86052,0.90421,80.8075,67.5986,17.8011,2011,3,1,2011-03,False
2011-03-03,JSWSTEEL,78.7862,81.4445,77.1593,80.5221,28418920,1.6946,74.3299,82.7327,94.4882,55.4915,-1.37079,-2.56258,1.19179,81.326,67.3337,18.8246,2011,3,1,2011-03,False
2011-03-04,JSWSTEEL,81.0252,81.432,79.2684,79.9141,16135140,-0.755,74.4416,82.3189,94.4445,54.3308,-0.944926,-2.23905,1.29412,81.7284,67.1549,19.5771,2011,3,1,2011-03,False
2011-03-07,JSWSTEEL,78.6604,78.8281,75.7253,77.1216,19357330,-3.4944,74.5402,81.923,94.3795,49.2369,-0.82327,-1.95589,1.13262,81.92,67.1603,19.801,2011,3,1,2011-03,False
2011-03-08,JSWSTEEL,77.1216,79.0294,77.1216,78.564,13516010,1.8703,74.7026,81.5316,94.3338,51.7531,-0.603509,-1.68541,1.08191,82.2943,67.111,20.325,2011,3,1,2011-03,False
2011-03-09,JSWSTEEL,78.8197,81.5452,78.4088,81.0965,20926850,3.2235,75.3083,81.2143,94.3262,55.8876,-0.222428,-1.39282,1.17039,82.9115,67.7051,20.1921,2011,3,1,2011-03,False
2011-03-10,JSWSTEEL,80.6143,80.8952,78.2453,78.6394,15911310,-3.0298,75.9599,80.8729,94.283,51.2948,-0.117333,-1.13772,1.02039,82.1684,69.7514,16.3468,2011,3,1,2011-03,False
2011-03-11,JSWSTEEL,77.9056,78.2411,74.9412,75.6708,21520270,-3.775,76.2478,80.4549,94.2146,46.34,-0.270471,-0.964271,0.6938,81.7721,70.7234,14.4905,2011,3,1,2011-03,False
2011-03-14,JSWSTEEL,75.654,77.9895,75.1425,77.826,12626360,2.8481,76.5327,80.0373,94.1467,50.1079,-0.215443,-0.814505,0.599062,81.7411,71.3243,13.6109,2011,3,1,2011-03,False
2011-03-15,JSWSTEEL,75.4737,77.2264,74.6351,76.2327,16159290,-2.0473,76.6213,79.5878,94.0675,47.4549,-0.296977,-0.710999,0.414023,81.7407,71.502,13.3628,2011,3,1,2011-03,False
2011-03-16,JSWSTEEL,77.067,77.9895,75.0544,75.9433,37826080,-0.3796,76.6526,79.109,94.0093,46.9686,-0.380555,-0.64491,0.264356,81.746,71.5591,13.2897,2011,3,1,2011-03,False
2011-03-17,JSWSTEEL,75.5576,76.2746,74.22,74.6226,16008900,-1.7392,76.619,78.643,93.9446,44.7159,-0.54706,-0.62534,0.0782805,81.7588,71.4793,13.4164,2011,3,1,2011-03,False
2011-03-18,JSWSTEEL,75.893,76.2117,74.35,75.0335,16334610,0.5507,76.5058,78.219,93.8751,45.5902,-0.638499,-0.627972,-0.0105269,81.6823,71.3294,13.5322,2011,3,1,2011-03,False
2011-03-21,JSWSTEEL,76.0524,76.0608,72.8741,73.3185,15245240,-2.2855,76.4679,77.8413,93.7948,42.5646,-0.839666,-0.670311,-0.169355,81.7297,71.2061,13.7622,2011,3,1,2011-03,False
2011-03-22,JSWSTEEL,73.7965,74.9286,73.2934,73.612,13878430,0.4003,76.2897,77.5861,93.7341,43.2586,-0.964294,-0.729107,-0.235187,81.6901,70.8893,14.1577,2011,3,1,2011-03,False
2011-03-23,JSWSTEEL,71.9935,75.9937,71.9935,75.675,15909630,2.8025,76.2935,77.4462,93.692,48.0138,-0.886382,-0.760562,-0.125819,81.6919,70.895,14.1519,2011,3,1,2011-03,False
2011-03-24,JSWSTEEL,76.0524,76.7316,75.1299,75.3773,9747240,-0.3934,76.3234,77.3735,93.6421,47.3965,-0.838987,-0.776247,-0.0627401,81.6931,70.9538,14.0707,2011,3,1,2011-03,False
2011-03-25,JSWSTEEL,75.9685,76.4549,74.9035,76.0775,12012170,0.929,76.4945,77.2251,93.5861,49.0556,-0.736434,-0.768285,0.0318509,81.5828,71.4062,13.3037,2011,3,1,2011-03,False
2011-03-28,JSWSTEEL,76.1404,77.1383,75.4737,76.2243,11048650,0.1929,76.6817,77.0678,93.5354,49.4157,-0.635986,-0.741825,0.105839,81.411,71.9525,12.3347,2011,3,1,2011-03,False
2011-03-29,JSWSTEEL,76.1865,77.6541,75.696,76.7023,17469710,0.6271,76.8677,76.9757,93.4813,50.6394,-0.511909,-0.695842,0.183933,81.2654,72.4699,11.4424,2011,3,1,2011-03,False
2011-03-30,JSWSTEEL,77.1593,77.8176,76.4801,76.9748,9924690,0.3554,76.7574,76.8795,93.4202,51.362,-0.38712,-0.634097,0.246977,81.0195,72.4953,11.1054,2011,3,1,2011-03,False
2011-03-31,JSWSTEEL,77.1509,77.3522,75.654,76.8406,15650160,-0.1744,76.5733,76.7132,93.3611,50.9664,-0.295646,-0.566407,0.270761,80.4516,72.6951,10.1294,2011,3,1,2011-03,False
2011-04-01,JSWSTEEL,76.9916,80.0231,76.48,79.6332,16045050,3.6342,76.5593,76.5398,93.3194,58.184,0.00215715,-0.452694,0.454851,80.3883,72.7303,10.0027,2011,4,2,2011-04,False
2011-04-04,JSWSTEEL,80.086,81.5074,80.086,81.0169,9718090,1.7376,76.7541,76.4104,93.2889,61.2293,0.345833,-0.292989,0.638822,81.0689,72.4392,11.2434,2011,4,2,2011-04,False
2011-04-05,JSWSTEEL,81.0965,83.7675,79.3397,83.214,14289690,2.7119,76.9866,76.3757,93.245,65.5228,0.786425,-0.0771061,0.863531,82.133,71.8401,13.3698,2011,4,2,2011-04,False
2011-04-06,JSWSTEEL,83.0211,84.8367,82.8366,83.6039,14417410,0.4686,77.1119,76.3173,93.2141,66.2375,1.15376,0.169067,0.984694,82.7761,71.4478,14.6908,2011,4,2,2011-04,False
2011-04-07,JSWSTEEL,85.0337,85.1092,83.0337,83.9561,7794150,0.4213,77.3778,76.2952,93.1865,66.9047,1.45651,0.426556,1.02995,83.793,70.9625,16.5817,2011,4,2,2011-04,False
2011-04-08,JSWSTEEL,83.7758,84.6815,81.4781,82.0945,11368030,-2.2175,77.6989,76.3219,93.154,60.1391,1.5286,0.646964,0.881632,84.3916,71.0063,17.2271,2011,4,2,2011-04,False
2011-04-11,JSWSTEEL,81.7632,81.847,79.8638,80.2411,8253320,-2.2576,77.8197,76.4233,93.1177,54.2569,1.41981,0.801533,0.618277,84.6085,71.0309,17.4474,2011,4,2,2011-04,False
2011-04-13,JSWSTEEL,80.673,82.9372,79.2474,80.6563,10558130,0.5174,78.0409,76.5177,93.0752,55.3113,1.35151,0.911529,0.439986,84.8998,71.1819,17.5778,2011,4,2,2011-04,False
2011-04-15,JSWSTEEL,80.673,81.629,79.8344,80.3586,8655830,-0.3691,78.2616,76.6165,93.0369,54.3439,1.25886,0.980995,0.277862,85.1205,71.4027,17.5281,2011,4,2,2011-04,False
2011-04-18,JSWSTEEL,80.4466,81.3062,78.0818,78.4508,9560030,-2.3741,78.4531,76.6258,92.9841,48.4908,1.01973,0.988741,0.030985,85.0946,71.8115,16.9312,2011,4,2,2011-04,False
2011-04-19,JSWSTEEL,78.4507,78.8281,77.1509,78.4927,7420870,0.0534,78.626,76.6421,92.9418,48.6217,0.824097,0.955812,-0.131716,85.0698,72.1822,16.391,2011,4,2,2011-04,False
2011-04-20,JSWSTEEL,78.9958,81.7632,78.9958,81.3565,12562250,3.6485,79.0279,76.7662,92.9168,56.7169,0.889886,0.942627,-0.0527409,85.0679,72.9879,15.2857,2011,4,2,2011-04,False
2011-04-21,JSWSTEEL,81.7632,82.9121,81.3523,81.6877,8129920,0.4072,79.4317,76.8936,92.8939,57.5501,0.957714,0.945644,0.0120693,85.0093,73.8541,14.0437,2011,4,2,2011-04,False
2011-04-25,JSWSTEEL,81.4781,82.476,80.933,82.1154,5977190,0.5236,79.7537,77.1563,92.8534,58.6566,1.03406,0.963327,0.0707311,85.1591,74.3484,13.5551,2011,4,2,2011-04,False
2011-04-26,JSWSTEEL,82.1825,83.9436,81.302,83.7088,9240140,1.9404,80.1703,77.5183,92.8263,62.571,1.20919,1.0125,0.196692,85.4379,74.9027,13.1411,2011,4,2,2011-04,False
2011-04-27,JSWSTEEL,83.8597,84.5306,81.8806,82.3628,9423460,-1.6079,80.4846,77.7673,92.7878,57.609,1.22526,1.05505,0.170205,85.4663,75.5028,12.3793,2011,4,2,2011-04,False
2011-04-28,JSWSTEEL,82.694,82.8492,79.7506,80.1405,13443170,-2.6982,80.6804,77.9275,92.7349,50.4897,1.0466,1.05336,-0.006759,85.2476,76.1131,11.3219,2011,4,2,2011-04,False
2011-04-29,JSWSTEEL,80.4927,80.8366,78.8449,79.5116,7179340,-0.7848,80.8208,78.0286,92.6786,48.657,0.844533,1.0116,-0.167063,85.0319,76.6098,10.4207,2011,4,2,2011-04,False
2011-05-02,JSWSTEEL,79.8135,80.3376,77.8218,78.1153,5516410,-1.7561,80.8779,78.0845,92.6075,44.7716,0.565208,0.922318,-0.35711,84.8961,76.8596,9.9365,2011,5,2,2011-05,False
2011-05-03,JSWSTEEL,78.1572,78.2411,75.6037,75.9685,8098850,-2.7483,80.8343,78.098,92.5335,39.5433,0.168667,0.771588,-0.602921,85.051,76.6175,10.433,2011,5,2,2011-05,False
2011-05-04,JSWSTEEL,76.3123,76.7316,74.132,75.0628,7025680,-1.1922,80.6057,78.0533,92.4491,37.551,-0.216182,0.574034,-0.790216,85.5322,75.6793,12.2235,2011,5,2,2011-05,False
2011-05-05,JSWSTEEL,76.0607,76.0607,71.742,72.0816,9130990,-3.9716,80.159,78.0134,92.3478,31.8606,-0.753058,0.308616,-1.06167,86.3792,73.9388,15.5196,2011,5,2,2011-05,False
2011-05-06,JSWSTEEL,72.4883,75.1383,72.2409,74.7693,9417610,3.7287,79.7367,77.9653,92.2594,40.5999,-0.9507,0.0567525,-1.00745,86.2245,73.249,16.2729,2011,5,2,2011-05,False
2011-05-09,JSWSTEEL,75.5492,76.0608,73.545,75.2138,8124320,0.5944,79.3172,77.9576,92.1649,41.9264,-1.05926,-0.16645,-0.892809,85.8371,72.7974,16.4399,2011,5,2,2011-05,False
2011-05-10,JSWSTEEL,75.1131,75.6918,73.8804,74.5639,5505290,-0.8641,78.8476,77.9533,92.0449,40.5021,-1.18409,-0.369977,-0.814109,85.3134,72.3819,16.4006,2011,5,2,2011-05,False
2011-05-11,JSWSTEEL,74.6477,77.1971,74.132,76.9748,10245400,3.2335,78.5916,78.0397,91.9264,47.612,-1.07606,-0.511194,-0.564867,84.9201,72.2632,16.1046,2011,5,2,2011-05,False
2011-05-12,JSWSTEEL,77.1593,77.9476,75.9853,76.3878,9952180,-0.7627,78.399,78.1178,91.8061,46.1654,-1.02599,-0.614153,-0.41184,84.7505,72.0474,16.2032,2011,5,2,2011-05,False
2011-05-13,JSWSTEEL,76.5681,79.65,76.2285,78.4759,10025490,2.7336,78.2899,78.2277,91.7075,51.7776,-0.8085,-0.653023,-0.155478,84.5526,72.0273,15.9986,2011,5,2,2011-05,False
2011-05-16,JSWSTEEL,78.4424,79.8764,76.1991,77.3606,22389510,-1.4213,78.14,78.1913,91.6069,48.8483,-0.71786,-0.66599,-0.0518701,84.3374,71.9427,15.8622,2011,5,2,2011-05,False
2011-05-17,JSWSTEEL,77.5702,77.8889,75.2389,77.4444,20334990,0.1084,78.0897,78.1297,91.5091,49.0816,-0.631977,-0.659188,0.0272109,84.2928,71.8867,15.887,2011,5,2,2011-05,False
2011-05-18,JSWSTEEL,77.4025,79.2432,76.5681,78.8742,12546410,1.8463,78.1088,78.1089,91.4251,53.0156,-0.443426,-0.616035,0.172609,84.3194,71.8982,15.9025,2011,5,2,2011-05,False
2011-05-19,JSWSTEEL,79.0,79.4151,76.7526,77.5744,9893890,-1.648,77.9197,78.118,91.3445,49.2875,-0.394339,-0.571696,0.177357,83.9414,71.898,15.4562,2011,5,2,2011-05,False
2011-05-20,JSWSTEEL,77.5786,78.4088,76.7819,77.0629,7432740,-0.6594,77.6885,78.088,91.253,47.8611,-0.392192,-0.535795,0.143604,83.4505,71.9264,14.8338,2011,5,2,2011-05,False
2011-05-23,JSWSTEEL,76.9832,76.9832,74.937,75.3983,7039230,-2.1601,77.3526,77.974,91.157,43.454,-0.51883,-0.532402,0.013572,82.8028,71.9024,14.0918,2011,5,2,2011-05,False
2011-05-24,JSWSTEEL,75.3983,78.8868,75.0712,76.153,7133250,1.001,76.9748,77.9243,91.0712,45.887,-0.551929,-0.536308,-0.0156218,81.5466,72.403,11.8787,2011,5,2,2011-05,False
2011-05-25,JSWSTEEL,75.893,76.1446,74.1152,75.5576,9134050,-0.7819,76.6346,77.922,90.9791,44.2687,-0.619069,-0.55286,-0.0662094,80.4719,72.7972,10.0146,2011,5,2,2011-05,False
2011-05-26,JSWSTEEL,76.3123,77.2851,76.0146,76.4381,8869420,1.1654,76.4494,77.8943,90.8947,47.2324,-0.594375,-0.561163,-0.0332122,79.9137,72.9852,9.0629,2011,5,2,2011-05,False
2011-05-27,JSWSTEEL,76.7358,78.7904,76.5429,78.631,7260550,2.8689,76.4054,77.9422,90.8155,53.819,-0.39332,-0.527594,0.134275,79.7252,73.0856,8.6899,2011,5,2,2011-05,False
2011-05-30,JSWSTEEL,79.3313,80.9665,78.4088,80.4676,10021550,2.3356,76.523,78.0327,90.7426,58.4919,-0.0848112,-0.439038,0.354226,80.2407,72.8053,9.7165,2011,5,2,2011-05,False
2011-05-31,JSWSTEEL,81.0043,82.1657,80.673,81.868,9364820,1.7404,76.818,78.1776,90.6853,61.6764,0.269581,-0.297314,0.566895,81.2231,72.4129,11.4688,2011,5,2,2011-05,False
2011-06-01,JSWSTEEL,82.0567,82.3418,80.2579,80.8995,6095290,-1.1831,77.1098,78.2949,90.6242,58.3425,0.466902,-0.144471,0.611372,81.79,72.4296,12.1391,2011,6,2,2011-06,False
2011-06-02,JSWSTEEL,79.6667,80.4047,79.3103,79.7673,4419090,-1.3994,77.4941,78.4239,90.556,54.6258,0.525866,-0.0104035,0.536269,81.671,73.3172,10.78,2011,6,2,2011-06,False
2011-06-03,JSWSTEEL,79.8428,81.2978,78.4088,78.6814,7068910,-1.3614,77.6897,78.5253,90.4855,51.2529,0.47944,0.0875652,0.391875,81.6921,73.6873,10.3036,2011,6,2,2011-06,False
2011-06-06,JSWSTEEL,78.4088,79.0965,77.675,78.4717,5672670,-0.2665,77.8526,78.5812,90.4121,50.6032,0.420878,0.154228,0.26665,81.6926,74.0126,9.8648,2011,6,2,2011-06,False
2011-06-07,JSWSTEEL,78.4088,79.6583,78.1656,78.8994,5790920,0.545,78.0694,78.6517,90.3341,51.9414,0.404316,0.204245,0.200071,81.6051,74.5337,9.0579,2011,6,2,2011-06,False
2011-06-08,JSWSTEEL,78.5094,79.4025,76.9455,77.3438,6787800,-1.9716,78.0878,78.677,90.2461,46.9584,0.26264,0.215924,0.0467156,81.6033,74.5724,9.0039,2011,6,2,2011-06,False
2011-06-09,JSWSTEEL,77.1509,77.4822,75.6834,76.6058,9095550,-0.9541,78.0987,78.6846,90.1518,44.7644,0.0897783,0.190695,-0.100917,81.5933,74.6042,8.9491,2011,6,2,2011-06,False
2011-06-10,JSWSTEEL,76.7735,77.0083,74.8867,75.3479,8544210,-1.6421,77.9423,78.6575,90.0421,41.2284,-0.147024,0.123151,-0.270175,81.6399,74.2448,9.488,2011,6,2,2011-06,False
2011-06-13,JSWSTEEL,75.3983,75.3983,73.7965,74.3081,6026460,-1.3801,77.7897,78.6042,89.9273,38.5197,-0.413828,0.0157554,-0.429584,81.825,73.7544,10.3748,2011,6,2,2011-06,False
2011-06-14,JSWSTEEL,74.6351,75.545,73.7336,74.6393,6035790,0.4458,77.6495,78.5602,89.8189,39.8748,-0.591723,-0.10574,-0.485982,81.9232,73.3757,11.0078,2011,6,2,2011-06,False
2011-06-15,JSWSTEEL,74.6393,75.3731,73.981,74.5219,4646020,-0.1573,77.4319,78.458,89.7195,39.5421,-0.733721,-0.231336,-0.502384,81.8826,72.9811,11.4959,2011,6,2,2011-06,False
2011-06-16,JSWSTEEL,74.0481,74.1236,72.7315,73.1299,7456930,-1.868,77.2096,78.3002,89.618,35.7351,-0.947659,-0.374601,-0.573058,82.0566,72.3627,12.5553,2011,6,2,2011-06,False
2011-06-17,JSWSTEEL,73.3814,74.0271,72.2451,72.6434,5320910,-0.6651,76.9887,78.0888,89.5033,34.4857,-1.14328,-0.528336,-0.614941,82.2491,71.7282,13.6655,2011,6,2,2011-06,False
2011-06-20,JSWSTEEL,72.9579,72.9621,69.1842,70.7273,6163880,-2.6378,76.7551,77.8313,89.3826,30.0312,-1.43637,-0.709943,-0.726426,82.685,70.8252,15.4515,2011,6,2,2011-06,False
2011-06-21,JSWSTEEL,70.7273,72.2871,70.6099,71.2682,5397590,0.7648,76.5109,77.5775,89.247,32.6748,-1.60648,-0.88925,-0.717231,82.9276,70.0941,16.7734,2011,6,2,2011-06,False
2011-06-22,JSWSTEEL,71.4946,71.8761,69.9054,70.2828,4239090,-1.3826,76.2471,77.3413,89.1042,30.42,-1.80006,-1.07141,-0.728644,83.2369,69.2574,18.3344,2011,6,2,2011-06,False
2011-06-23,JSWSTEEL,70.3122,70.6141,68.8488,69.8551,6018090,-0.6085,75.918,77.1336,88.9653,29.4694,-1.96532,-1.25019,-0.715127,83.4674,68.3685,19.8884,2011,6,2,2011-06,False
2011-06-24,JSWSTEEL,70.1067,73.6456,70.0229,73.067,11423500,4.5979,75.6398,76.9818,88.8289,43.6982,-1.81619,-1.36339,-0.452797,83.1783,68.1012,19.9328,2011,6,2,2011-06,False
2011-06-27,JSWSTEEL,72.7735,74.7945,72.1864,74.0775,6886440,1.383,75.3203,76.8562,88.688,47.3004,-1.59804,-1.41032,-0.187719,82.5319,68.1087,19.1491,2011,6,2,2011-06,False
2011-06-28,JSWSTEEL,74.5471,74.6938,72.8112,73.7462,4549310,-0.4472,74.9142,76.7621,88.547,46.2556,-1.43534,-1.41533,-0.0200148,81.457,68.3714,17.4675,2011,6,2,2011-06,False
2011-06-29,JSWSTEEL,73.742,74.6267,72.9831,73.2598,8607220,-0.6596,74.5322,76.6574,88.403,44.6945,-1.33031,-1.39832,0.0680096,80.4675,68.5968,15.9269,2011,6,2,2011-06,False
2011-06-30,JSWSTEEL,73.8133,74.6519,72.7986,74.0775,10051990,1.1161,74.2477,76.5118,88.2542,47.879,-1.16764,-1.35219,0.184546,79.6478,68.8476,14.5462,2011,6,2,2011-06,False
2011-07-01,JSWSTEEL,74.61,75.2222,73.1257,74.0104,7238040,-0.0906,74.0141,76.3583,88.1142,47.6366,-1.03224,-1.2882,0.255961,78.9946,69.0337,13.4582,2011,7,3,2011-07,False
2011-07-04,JSWSTEEL,74.4674,74.8741,73.524,73.9181,10618330,-0.1246,73.7865,76.1943,87.968,47.2822,-0.921744,-1.21491,0.293162,78.3037,69.2692,12.2441,2011,7,3,2011-07,False
2011-07-05,JSWSTEEL,73.9642,74.5512,73.1047,73.4149,9763480,-0.6807,73.5122,75.9885,87.8332,45.3023,-0.864814,-1.14489,0.280074,77.3351,69.6894,10.4007,2011,7,3,2011-07,False
2011-07-06,JSWSTEEL,73.4611,75.285,72.9579,74.5722,8862420,1.5764,73.3737,75.8326,87.6791,50.4422,-0.718035,-1.05952,0.341482,76.7912,69.9561,9.3154,2011,7,3,2011-07,False
2011-07-07,JSWSTEEL,74.9119,76.5555,74.8196,76.3375,11660940,2.3671,73.3603,75.7566,87.5203,57.0691,-0.454037,-0.938421,0.484384,76.7261,69.9944,9.1761,2011,7,3,2011-07,False
2011-07-08,JSWSTEEL,76.3249,76.7442,73.7127,74.0271,6532280,-3.0265,73.2942,75.6469,87.3582,48.0188,-0.426328,-0.836002,0.409674,76.5457,70.0427,8.8724,2011,7,3,2011-07,False
2011-07-11,JSWSTEEL,74.835,74.835,71.9522,72.2413,8359200,-2.4124,73.1909,75.5294,87.1924,42.4189,-0.542221,-0.777246,0.235025,76.4381,69.9437,8.8732,2011,7,3,2011-07,False
2011-07-12,JSWSTEEL,71.6035,72.4454,70.3109,71.1316,4883020,-1.5362,73.0155,75.4327,87.021,39.3481,-0.715367,-0.76487,0.0495031,76.3118,69.7192,9.0291,2011,7,3,2011-07,False
2011-07-13,JSWSTEEL,71.4334,72.8366,71.4334,72.4794,4589590,1.8949,72.9134,75.381,86.8485,44.5945,-0.735349,-0.758966,0.0236174,76.139,69.6877,8.8478,2011,7,3,2011-07,False
2011-07-14,JSWSTEEL,72.1053,74.4949,71.6546,73.7848,7362410,1.801,72.9461,75.4151,86.664,49.1793,-0.638491,-0.734871,0.0963799,76.1942,69.698,8.9055,2011,7,3,2011-07,False
2011-07-15,JSWSTEEL,73.8146,74.5332,70.6681,73.2618,3749330,-0.7088,72.977,75.3849,86.4735,47.4839,-0.59705,-0.707307,0.110257,76.2248,69.7293,8.9007,2011,7,3,2011-07,False
2011-07-18,JSWSTEEL,73.5467,75.3325,72.9854,75.1582,7019830,2.5885,73.1986,75.3838,86.2938,53.7147,-0.406499,-0.647145,0.240646,76.4044,69.9928,8.7592,2011,7,3,2011-07,False
2011-07-19,JSWSTEEL,74.7457,76.3572,74.3758,75.9618,6551500,1.0692,73.4333,75.4118,86.1145,56.092,-0.188468,-0.55541,0.366942,76.7299,70.1366,8.9787,2011,7,3,2011-07,False
2011-07-20,JSWSTEEL,75.9618,76.3657,73.3894,73.7805,8012910,-2.8715,73.6081,75.3479,85.9088,48.7697,-0.189503,-0.482228,0.292725,76.5535,70.6628,8.0029,2011,7,3,2011-07,False
2011-07-21,JSWSTEEL,73.8188,74.0697,72.6325,72.8068,4787070,-1.3197,73.7557,75.2763,85.6891,45.8899,-0.265829,-0.438948,0.17312,76.1544,71.3571,6.5043,2011,7,3,2011-07,False
2011-07-22,JSWSTEEL,73.5594,74.6224,73.3086,73.9038,6156930,1.5067,73.7976,75.1848,85.4814,49.5074,-0.235088,-0.398176,0.163088,76.1747,71.4204,6.4423,2011,7,3,2011-07,False
2011-07-25,JSWSTEEL,73.8996,74.346,73.4659,74.0016,4973110,0.1323,73.7938,75.1176,85.272,49.8294,-0.200523,-0.358646,0.158123,76.1693,71.4183,6.4382,2011,7,3,2011-07,False
2011-07-26,JSWSTEEL,74.2993,75.4303,73.2023,74.0059,18446020,0.0058,73.8068,75.0489,85.0672,49.8444,-0.170818,-0.32108,0.150263,76.184,71.4295,6.4418,2011,7,3,2011-07,False
2011-07-27,JSWSTEEL,74.1675,74.5629,72.9642,73.3894,8634680,-0.8331,73.8132,74.9392,84.8738,47.6244,-0.19478,-0.29582,0.10104,76.1849,71.4416,6.4262,2011,7,3,2011-07,False
2011-07-28,JSWSTEEL,73.3043,73.3043,67.8447,69.6731,41452900,-5.0637,73.593,74.7812,84.6512,36.9435,-0.507787,-0.338213,-0.169574,76.5954,70.5906,8.1595,2011,7,3,2011-07,False
2011-07-29,JSWSTEEL,68.1296,69.8985,64.5282,65.7273,23697880,-5.6634,73.1789,74.5544,84.4235,29.4031,-1.062,-0.482971,-0.579031,77.792,68.5657,12.6078,2011,7,3,2011-07,False
2011-08-01,JSWSTEEL,65.4806,65.4806,57.0957,59.0984,93756040,-10.0854,72.4379,74.2284,84.1518,21.4736,-2.01291,-0.788959,-1.22395,80.222,64.6537,21.4919,2011,8,3,2011-08,False
2011-08-02,JSWSTEEL,57.8271,60.2932,56.6535,57.2063,53955550,-3.2017,71.6274,73.8495,83.8727,19.8298,-2.88592,-1.20835,-1.67757,81.9458,61.3091,28.8112,2011,8,3,2011-08,False
2011-08-03,JSWSTEEL,56.5515,60.7652,55.3099,60.374,60186890,5.5374,70.9175,73.5458,83.623,29.5529,-3.28433,-1.62355,-1.66078,82.2834,59.5517,32.0537,2011,8,3,2011-08,False
2011-08-04,JSWSTEEL,60.8035,61.6454,57.5932,58.2608,43680780,-3.5002,70.0137,73.1823,83.3613,27.1843,-3.72761,-2.04436,-1.68325,82.3945,57.6329,35.3667,2011,8,3,2011-08,False
2011-08-05,JSWSTEEL,55.5608,60.1997,54.991,59.6214,33393350,2.3354,69.2934,72.8021,83.1181,31.0179,-3.9239,-2.42027,-1.50363,82.3488,56.238,37.6816,2011,8,3,2011-08,False
2011-08-08,JSWSTEEL,57.8271,60.2932,56.9044,57.5932,27896970,-3.4018,68.561,72.3446,82.8779,28.6007,-4.19476,-2.77516,-1.41959,82.5316,54.5905,40.7536,2011,8,3,2011-08,False
2011-08-09,JSWSTEEL,58.9326,58.9326,54.9825,55.5097,28616640,-3.6176,67.7799,71.8174,82.6225,26.3307,-4.52537,-3.12521,-1.40016,82.849,52.7109,44.4647,2011,8,3,2011-08,False
2011-08-10,JSWSTEEL,56.5515,57.7548,54.1321,55.8329,35146190,0.5822,66.9476,71.3161,82.3754,27.2945,-4.70704,-3.44157,-1.26547,82.745,51.1502,47.1934,2011,8,3,2011-08,False
2011-08-11,JSWSTEEL,55.4247,57.9801,54.9485,56.8023,35852420,1.7363,66.0985,70.8568,82.1398,30.2432,-4.71841,-3.69694,-1.02147,82.1717,50.0252,48.6343,2011,8,3,2011-08,False
2011-08-12,JSWSTEEL,57.4019,58.6775,55.565,55.7819,13784690,-1.7965,65.2245,70.3988,81.9047,28.9139,-4.75495,-3.90854,-0.846404,81.5566,48.8924,50.0797,2011,8,3,2011-08,False
2011-08-16,JSWSTEEL,56.2836,57.2998,54.5955,54.8294,14737270,-1.7074,64.208,69.926,81.6433,27.6905,-4.80536,-4.08791,-0.717457,80.4672,47.9488,50.6454,2011,8,3,2011-08,False
2011-08-17,JSWSTEEL,54.6763,55.531,53.7452,54.5318,19976570,-0.5428,63.1365,69.4386,81.3626,27.3018,-4.81384,-4.23309,-0.58075,78.9528,47.3202,50.1018,2011,8,3,2011-08,False
2011-08-18,JSWSTEEL,54.5318,54.5318,54.5318,54.5318,0,0.0,62.1741,68.9824,81.0726,27.3018,-4.76563,-4.3396,-0.426029,77.601,46.7471,49.625,2011,8,3,2011-08,False
2011-08-19,JSWSTEEL,52.7119,57.3849,51.9593,56.6323,21503320,3.8518,61.3654,68.5829,80.7922,34.7942,-4.50599,-4.37288,-0.133109,76.1268,46.6039,48.1102,2011,8,3,2011-08,False
2011-08-22,JSWSTEEL,56.9767,58.2608,53.8387,56.4579,25227400,-0.3078,60.4931,68.2051,80.5172,34.4766,-4.26512,-4.35133,0.0862068,74.1558,46.8303,45.1712,2011,8,3,2011-08,False
2011-08-23,JSWSTEEL,57.1467,57.9886,56.0072,57.1255,17027920,1.1824,59.6493,67.8615,80.2452,36.8535,-3.97455,-4.27597,0.301423,71.8001,47.4984,40.7409,2011,8,3,2011-08,False
2011-08-24,JSWSTEEL,57.2318,58.9071,56.8364,57.2616,16548000,0.2382,58.812,67.5139,79.9647,37.3524,-3.69074,-4.15892,0.468182,68.9362,48.6878,34.429,2011,8,3,2011-08,False
2011-08-25,JSWSTEEL,57.7378,57.8186,54.6806,54.9995,14662570,-3.9504,57.8925,67.1235,79.6782,32.7241,-3.60678,-4.0485,0.441718,65.4598,50.3253,26.1424,2011,8,3,2011-08,False
2011-08-26,JSWSTEEL,54.6806,54.9995,50.4584,51.802,24295210,-5.8137,56.999,66.6969,79.3764,27.5311,-3.75496,-3.98979,0.234826,62.6993,51.2987,20.0014,2011,8,3,2011-08,False
2011-08-29,JSWSTEEL,51.0239,55.6713,51.0239,55.1951,17007100,6.5501,56.4724,66.3479,79.0918,38.6559,-3.5576,-3.90335,0.345755,60.4689,52.4758,14.154,2011,8,3,2011-08,False
2011-08-30,JSWSTEEL,55.3184,57.9079,55.3184,57.674,16717180,4.4912,56.4012,66.0869,78.8223,45.2665,-3.16467,-3.75561,0.590941,60.2487,52.5537,13.6434,2011,8,3,2011-08,False
2011-09-02,JSWSTEEL,58.0567,62.0791,57.1212,61.4795,31223790,6.5983,56.6148,65.8911,78.5934,53.5432,-2.51719,-3.50793,0.990741,61.0762,52.1534,15.7605,2011,9,3,2011-09,False
2011-09-05,JSWSTEEL,60.3612,62.8912,59.7064,61.8664,22754290,0.6294,56.6894,65.7228,78.3598,54.2999,-1.95035,-3.19641,1.24606,61.4551,51.9238,16.8133,2011,9,3,2011-09,False
2011-09-06,JSWSTEEL,61.8665,61.8665,59.1154,61.2414,21038020,-1.0103,56.8385,65.5505,78.1489,52.8036,-1.53388,-2.86391,1.33003,61.9825,51.6945,18.1004,2011,9,3,2011-09,False
2011-09-07,JSWSTEEL,62.0493,63.4652,61.4328,62.6616,18139220,2.319,56.9905,65.3424,77.9265,55.7848,-1.07681,-2.50649,1.42968,62.636,51.345,19.812,2011,9,3,2011-09,False
2011-09-08,JSWSTEEL,62.8359,62.8359,60.8715,61.4072,16908540,-2.0018,57.1812,65.089,77.7159,52.6232,-0.806503,-2.16649,1.35999,63.1602,51.2022,20.9126,2011,9,3,2011-09,False
2011-09-09,JSWSTEEL,61.4115,61.6538,57.9376,58.4776,18848940,-4.7708,57.3296,64.7836,77.4836,46.0574,-0.819234,-1.89704,1.07781,63.2812,51.378,20.7628,2011,9,3,2011-09,False
2011-09-12,JSWSTEEL,56.8916,57.742,55.463,55.8201,15035200,-4.5445,57.3289,64.4348,77.2484,41.0536,-1.03187,-1.724,0.692139,63.2812,51.3766,20.7654,2011,9,3,2011-09,False
2011-09-13,JSWSTEEL,56.122,57.5677,54.1066,55.3099,16330210,-0.9141,57.2543,64.0595,77.0206,40.1517,-1.2274,-1.62468,0.397283,63.2715,51.2372,21.0191,2011,9,3,2011-09,False
2011-09-14,JSWSTEEL,55.7011,59.0261,55.3056,58.1502,18000530,5.1353,57.3727,63.7423,76.8123,47.1169,-1.14003,-1.52775,0.387722,63.361,51.3844,20.8751,2011,9,3,2011-09,False
2011-09-15,JSWSTEEL,58.8263,59.6044,57.0872,57.776,19808120,-0.6435,57.5201,63.4194,76.6367,46.3516,-1.08844,-1.43989,0.351453,63.3887,51.6514,20.4055,2011,9,3,2011-09,False
2011-09-16,JSWSTEEL,58.0864,58.8008,57.117,58.3671,14198900,1.023,57.7118,63.1185,76.4538,47.7941,-0.988462,-1.3496,0.361143,63.4177,52.006,19.7737,2011,9,3,2011-09,False
2011-09-19,JSWSTEEL,58.3671,59.0942,57.5294,58.5797,11937810,0.3642,57.9142,62.7986,76.2738,48.3322,-0.88191,-1.25607,0.374155,63.4291,52.3993,19.045,2011,9,3,2011-09,False
2011-09-20,JSWSTEEL,58.6775,59.6554,57.9971,59.26,10407620,1.1614,58.0456,62.4571,76.0643,50.1047,-0.734109,-1.15167,0.417565,63.5571,52.5341,18.9902,2011,9,3,2011-09,False
2011-09-21,JSWSTEEL,59.2727,59.9275,57.4444,57.742,13064810,-2.5615,58.1098,62.1314,75.8549,46.289,-0.731035,-1.06755,0.336511,63.5732,52.6465,18.8035,2011,9,3,2011-09,False
2011-09-22,JSWSTEEL,57.4019,57.4019,53.6601,53.9237,23542130,-6.6127,57.9497,61.765,75.6549,38.373,-1.02489,-1.05901,0.0341264,63.7139,52.1856,19.8936,2011,9,3,2011-09,False
2011-09-23,JSWSTEEL,53.5793,54.6763,51.4661,53.7919,24933500,-0.2444,57.7763,61.4182,75.4342,38.1306,-1.25395,-1.098,-0.155948,63.8292,51.7233,20.9531,2011,9,3,2011-09,False
2011-09-26,JSWSTEEL,53.6644,54.0003,51.2025,52.6056,21766650,-2.2054,57.6566,61.0207,75.2066,35.9305,-1.51376,-1.18115,-0.332606,64.0271,51.2861,22.0981,2011,9,3,2011-09,False
2011-09-27,JSWSTEEL,52.7247,53.843,51.5681,51.9083,39478060,-1.3256,57.6619,60.5832,74.9863,34.6644,-1.75569,-1.29606,-0.459629,64.0119,51.3118,22.0252,2011,9,3,2011-09,False
2011-09-28,JSWSTEEL,51.4491,51.7765,48.1793,48.528,33363940,-6.5121,57.3285,60.0885,74.7818,29.2784,-2.19488,-1.47583,-0.719059,64.8211,49.836,26.139,2011,9,3,2011-09,False
2011-09-29,JSWSTEEL,48.0475,50.3436,46.942,49.9014,36974160,2.8301,56.9399,59.5834,74.595,33.7802,-2.40441,-1.66154,-0.742869,65.1308,48.749,28.7703,2011,9,3,2011-09,False
2011-09-30,JSWSTEEL,49.3231,52.3675,49.1743,50.3436,40876000,0.8862,56.3831,59.071,74.3728,35.2103,-2.50589,-1.83041,-0.675482,64.7859,47.9803,29.8061,2011,9,3,2011-09,False
2011-10-03,JSWSTEEL,49.8333,50.5987,45.9215,46.6911,38342990,-7.2551,55.6243,58.5292,74.1173,29.5365,-2.84821,-2.03397,-0.814239,64.6592,46.5895,32.4852,2011,10,4,2011-10,False
2011-10-04,JSWSTEEL,46.2617,48.3876,45.2667,46.9632,34069950,0.5828,54.9104,58.0124,73.8657,30.4359,-3.06224,-2.23963,-0.822615,64.3249,45.4959,34.2904,2011,10,4,2011-10,False
2011-10-05,JSWSTEEL,47.1971,48.6002,46.8144,47.0313,18411530,0.1449,54.1289,57.4749,73.6125,30.6741,-3.1896,-2.42962,-0.759983,63.4285,44.8293,34.3608,2011,10,4,2011-10,False
2011-10-07,JSWSTEEL,48.3876,49.238,47.6223,48.0262,14225120,2.1155,53.4598,56.9554,73.3548,34.2222,-3.17367,-2.57843,-0.59524,62.4757,44.444,33.7294,2011,10,4,2011-10,False
2011-10-10,JSWSTEEL,48.1325,49.8843,48.0645,49.5612,14661800,3.1961,53.014,56.4665,73.0945,39.377,-3.00257,-2.66326,-0.339313,61.8655,44.1626,33.3928,2011,10,4,2011-10,False
2011-10-11,JSWSTEEL,49.7483,50.9388,48.4174,50.2968,21366780,1.4842,52.7379,56.0047,72.8429,41.7335,-2.77563,-2.68573,-0.089892,61.5653,43.9104,33.4766,2011,10,4,2011-10,False
2011-10-12,JSWSTEEL,50.5221,52.2527,49.3231,51.8785,22932670,3.1448,52.5663,55.6488,72.6177,46.5453,-2.44001,-2.63659,0.196581,61.3163,43.8163,33.2912,2011,10,4,2011-10,False
2011-10-13,JSWSTEEL,52.0444,53.1499,51.1132,51.9381,21817260,0.1147,52.2557,55.373,72.3867,46.7236,-2.1445,-2.53817,0.393668,60.6028,43.9085,31.9473,2011,10,4,2011-10,False
2011-10-14,JSWSTEEL,51.7935,52.1209,50.3478,51.1302,18907300,-1.5555,51.9234,55.2136,72.1576,44.5515,-1.95299,-2.42113,0.468145,59.8645,43.9823,30.5877,2011,10,4,2011-10,False
2011-10-17,JSWSTEEL,51.364,51.4491,48.9829,49.3061,16331050,-3.5676,51.4703,55.0556,71.9256,40.0269,-1.9262,-2.32215,0.395948,58.8796,44.0611,28.7905,2011,10,4,2011-10,False
2011-10-18,JSWSTEEL,48.4727,49.2253,47.2524,48.7958,12010170,-1.0348,50.9811,54.8241,71.6867,38.8387,-1.92396,-2.24251,0.318548,57.6711,44.2912,26.2448,2011,10,4,2011-10,False
2011-10-19,JSWSTEEL,49.3188,50.131,49.0084,49.9184,9464220,2.3004,50.5141,54.6572,71.4428,42.8576,-1.81074,-2.15616,0.345418,55.9588,45.0693,21.5573,2011,10,4,2011-10,False
2011-10-20,JSWSTEEL,49.3273,49.9141,40.7341,49.5442,14476210,-0.7496,50.1042,54.4557,71.1969,41.8699,-1.73124,-2.07117,0.33993,54.363,45.8454,16.9997,2011,10,4,2011-10,False
2011-10-21,JSWSTEEL,49.7483,50.4839,48.2729,49.3614,26353100,-0.369,49.8761,54.291,70.9443,41.3683,-1.66382,-1.9897,0.325886,53.7442,46.0079,15.5112,2011,10,4,2011-10,False
2011-10-24,JSWSTEEL,49.5102,51.194,49.4932,49.8546,12707240,0.9992,49.6792,54.1779,70.704,43.3405,-1.55268,-1.9023,0.349616,53.0809,46.2775,13.6947,2011,10,4,2011-10,False
2011-10-25,JSWSTEEL,50.0034,51.7722,49.1147,51.1089,13982000,2.516,49.6044,54.0834,70.4784,48.1198,-1.34786,-1.79141,0.443554,52.7942,46.4145,12.8613,2011,10,4,2011-10,False
2011-10-28,JSWSTEEL,51.9806,57.1383,51.9806,56.6153,26365400,10.7737,49.8397,54.0797,70.3004,62.9103,-0.732768,-1.57968,0.846914,54.2184,45.4611,17.5709,2011,10,4,2011-10,False
2011-10-31,JSWSTEEL,56.6152,56.9554,54.9357,55.5735,11603230,-1.84,50.192,54.0755,70.1464,59.4567,-0.325613,-1.32887,1.00325,55.2129,45.1711,20.0067,2011,10,4,2011-10,False
2011-11-01,JSWSTEEL,55.1908,55.497,53.6601,54.1491,9101060,-2.5631,50.4044,54.0619,70.0038,55.0099,-0.116535,-1.0864,0.969866,55.724,45.0848,21.1077,2011,11,4,2011-11,False
2011-11-02,JSWSTEEL,53.5751,55.059,53.1244,54.3107,12162320,0.2984,50.6027,54.0575,69.8803,55.4173,0.0614902,-0.856823,0.918313,56.2013,45.0041,22.1276,2011,11,4,2011-11,False
2011-11-03,JSWSTEEL,54.0725,57.5719,54.0258,56.8193,18753270,4.6191,51.1091,54.1033,69.7469,61.2789,0.400389,-0.60538,1.00577,57.0403,45.1779,23.2099,2011,11,4,2011-11,False
2011-11-04,JSWSTEEL,57.6527,60.88,57.5719,60.5101,38296890,6.4955,51.7865,54.1808,69.629,67.9542,0.955763,-0.293152,1.24891,58.7316,44.8414,26.8221,2011,11,4,2011-11,False
2011-11-08,JSWSTEEL,60.6461,61.0416,59.0516,59.817,19542770,-1.1454,52.4258,54.248,69.5216,65.6649,1.3247,0.0304195,1.29428,59.8642,44.9873,28.3769,2011,11,4,2011-11,False
2011-11-09,JSWSTEEL,60.2082,60.3783,56.7258,57.083,15991290,-4.5706,52.8786,54.2471,69.3981,57.4435,1.38057,0.300449,1.08012,60.292,45.4652,28.0392,2011,11,4,2011-11,False
2011-11-11,JSWSTEEL,55.4459,58.3118,54.8719,57.3168,20643950,0.4097,53.2664,54.2482,69.2589,57.9287,1.42726,0.52581,0.901445,60.76,45.7727,28.1365,2011,11,4,2011-11,False
2011-11-14,JSWSTEEL,57.657,58.669,54.8932,55.8286,27209090,-2.5964,53.543,54.2648,69.0965,53.7304,1.32885,0.686419,0.642435,60.9833,46.1027,27.7919,2011,11,4,2011-11,False
2011-11-15,JSWSTEEL,55.7436,57.1808,54.2171,54.9145,18571760,-1.6375,53.6948,54.3271,68.9336,51.2722,1.16369,0.781873,0.381816,61.116,46.2736,27.6421,2011,11,4,2011-11,False
2011-11-16,JSWSTEEL,54.7656,57.6485,53.507,56.6833,24382120,3.221,53.932,54.3568,68.7923,55.5132,1.16213,0.857924,0.304203,61.4199,46.4442,27.7676,2011,11,4,2011-11,False
2011-11-17,JSWSTEEL,56.8108,57.4019,54.8889,55.2291,16523260,-2.5654,54.137,54.3079,68.6358,51.5416,1.03166,0.89267,0.138987,61.5256,46.7483,27.2961,2011,11,4,2011-11,False
2011-11-18,JSWSTEEL,55.0207,56.1008,51.5299,51.9381,31582270,-5.9589,54.2686,54.1171,68.4702,43.8887,0.655147,0.845166,-0.190018,61.3836,47.1535,26.2216,2011,11,4,2011-11,False
2011-11-21,JSWSTEEL,51.8573,51.8573,47.7924,48.3706,17080900,-6.8686,54.2473,53.8472,68.3083,37.4052,0.0681147,0.689756,-0.621641,61.4334,47.0612,26.4938,2011,11,4,2011-11,False
2011-11-22,JSWSTEEL,48.4727,49.221,47.0398,47.7711,33067260,-1.2394,54.14,53.5778,68.1713,36.4312,-0.440413,0.463722,-0.904135,61.655,46.6249,27.7615,2011,11,4,2011-11,False
2011-11-23,JSWSTEEL,48.0475,48.0475,45.6494,46.8739,24261720,-1.8781,54.0064,53.262,68.026,34.964,-0.905383,0.189901,-1.09528,61.948,46.0648,29.4098,2011,11,4,2011-11,False
2011-11-24,JSWSTEEL,46.8484,48.8979,45.5303,48.3196,29271370,3.0842,53.9544,53.0003,67.8905,39.2124,-1.14403,-0.0768857,-1.06715,62.0366,45.8721,29.9598,2011,11,4,2011-11,False
2011-11-25,JSWSTEEL,48.005,48.6087,46.6869,47.2694,20863970,-2.1735,53.8251,52.7761,67.7369,37.3058,-1.40175,-0.341859,-1.05989,62.2585,45.3917,31.3365,2011,11,4,2011-11,False
2011-11-28,JSWSTEEL,47.5372,52.5461,47.5372,52.0061,25749770,10.0207,53.8699,52.6998,67.6085,49.283,-1.20984,-0.515454,-0.694382,62.2519,45.488,31.1194,2011,11,4,2011-11,False
2011-11-29,JSWSTEEL,52.2995,52.95,50.0204,50.3776,28025290,-3.1314,53.5581,52.6012,67.4847,46.0273,-1.1756,-0.647483,-0.528114,61.9741,45.1421,31.4276,2011,11,4,2011-11,False
2011-11-30,JSWSTEEL,49.5782,51.3981,48.9999,50.4414,21975500,0.1266,53.3015,52.447,67.3603,46.1773,-1.13029,-0.744044,-0.386243,61.7715,44.8314,31.7817,2011,11,4,2011-11,False
2011-12-01,JSWSTEEL,51.7892,53.6389,51.7297,52.6822,21551940,4.4424,53.2281,52.3451,67.2788,51.2973,-0.903153,-0.775866,-0.127288,61.6927,44.7636,31.8048,2011,12,4,2011-12,False
2011-12-02,JSWSTEEL,52.6311,54.3404,51.8318,54.1491,22181520,2.7845,53.22,52.2608,67.2215,54.3583,-0.597888,-0.74027,0.142382,61.6805,44.7595,31.7945,2011,12,4,2011-12,False
2011-12-05,JSWSTEEL,53.1499,54.0768,49.6505,52.0401,19389710,-3.8948,52.9811,52.13,67.1321,49.5378,-0.520144,-0.696245,0.176101,61.282,44.6801,31.3355,2011,12,4,2011-12,False
2011-12-07,JSWSTEEL,51.8615,53.5326,49.7653,52.78,15415160,1.4217,52.5946,52.0004,67.0354,51.1736,-0.394286,-0.635853,0.241567,60.1013,45.0878,28.5457,2011,12,4,2011-12,False
2011-12-08,JSWSTEEL,52.5291,52.8437,50.705,51.0792,14595940,-3.2224,52.1577,51.8671,66.9185,47.3719,-0.426862,-0.594055,0.167193,58.8696,45.4458,25.7369,2011,12,4,2011-12,False
2011-12-09,JSWSTEEL,50.5562,50.5987,48.6853,49.8588,20891080,-2.3891,51.7965,51.7858,66.7912,44.8002,-0.544868,-0.584217,0.0393493,58.1609,45.4321,24.5746,2011,12,4,2011-12,False
2011-12-12,JSWSTEEL,50.3436,50.722,46.3467,46.8357,18897350,-6.0635,51.2724,51.6467,66.6489,39.1324,-0.872278,-0.64183,-0.230449,57.4461,45.0987,24.0819,2011,12,4,2011-12,False
2011-12-13,JSWSTEEL,46.6018,47.8094,45.8024,47.3502,24387970,1.0985,50.8485,51.5416,66.4992,40.5117,-1.07781,-0.729026,-0.348787,56.8673,44.8297,23.6735,2011,12,4,2011-12,False
2011-12-14,JSWSTEEL,47.1971,47.8604,45.9215,46.1809,16797020,-2.4695,50.4118,51.4271,66.3597,38.3828,-1.31984,-0.847189,-0.472651,56.4558,44.3678,23.9783,2011,12,4,2011-12,False
2011-12-15,JSWSTEEL,45.4963,46.3297,44.225,45.6961,19761380,-1.0496,49.8625,51.3704,66.2023,37.503,-1.53309,-0.984369,-0.54872,55.4892,44.2357,22.569,2011,12,4,2011-12,False
2011-12-16,JSWSTEEL,45.8364,47.1078,42.6475,43.3278,23251820,-5.1829,49.2674,51.2389,66.0409,33.4666,-1.87162,-1.16182,-0.709802,55.0203,43.5145,23.3537,2011,12,4,2011-12,False
2011-12-19,JSWSTEEL,43.1152,43.1152,40.666,41.9416,28834470,-3.1992,48.7676,51.0709,65.8767,31.3405,-2.2261,-1.37468,-0.851425,55.236,42.2991,26.5275,2011,12,4,2011-12,False
2011-12-20,JSWSTEEL,41.9246,42.7368,39.3182,39.8964,26657710,-4.8763,48.3439,50.935,65.713,28.4669,-2.64161,-1.62806,-1.01355,55.9346,40.7531,31.4031,2011,12,4,2011-12,False
2011-12-21,JSWSTEEL,40.7936,44.1144,40.5767,43.3618,23967590,8.6859,48.1234,50.863,65.5674,38.7196,-2.6606,-1.83457,-0.826034,56.0336,40.2132,32.8746,2011,12,4,2011-12,False
2011-12-22,JSWSTEEL,42.69,44.7309,41.4144,44.0846,28718560,1.667,47.9839,50.8041,65.4229,40.6311,-2.58751,-1.98516,-0.602347,56.083,39.8849,33.7573,2011,12,4,2011-12,False
2011-12-23,JSWSTEEL,44.2207,45.4708,43.1152,43.6212,28165730,-1.0513,47.749,50.716,65.2451,39.7744,-2.53772,-2.09567,-0.442048,56.0764,39.4216,34.8798,2011,12,4,2011-12,False
2011-12-26,JSWSTEEL,44.0294,44.9393,43.7105,44.4758,14731460,1.9593,47.6093,50.6142,65.0648,42.1947,-2.40161,-2.15686,-0.244755,56.0633,39.1553,35.5141,2011,12,4,2011-12,False
2011-12-27,JSWSTEEL,44.3865,44.816,42.7793,43.1492,18044370,-2.9828,47.1665,50.4713,64.881,39.5386,-2.37344,-2.20017,-0.173264,55.5785,38.7544,35.6696,2011,12,4,2011-12,False
2011-12-28,JSWSTEEL,42.775,44.2122,41.9374,43.6935,25411790,1.2613,46.8323,50.3076,64.7139,41.1747,-2.2809,-2.21632,-0.0645795,55.2383,38.4263,35.8983,2011,12,4,2011-12,False
2011-12-29,JSWSTEEL,43.3363,45.0158,42.792,44.6331,33670740,2.1506,46.5419,50.1615,64.5442,43.9926,-2.10744,-2.19454,0.0871014,54.8233,38.2604,35.5869,2011,12,4,2011-12,False
2011-12-30,JSWSTEEL,44.816,45.3092,42.6347,43.1322,24212660,-3.3629,46.0644,50.0015,64.3544,40.6435,-2.06726,-2.16909,0.101826,53.9467,38.182,34.2233,2011,12,4,2011-12,False
2012-01-02,JSWSTEEL,43.1322,46.1341,42.6985,45.6621,35628920,5.8655,45.64,49.9287,64.1895,47.8501,-1.8104,-2.09735,0.286947,52.5427,38.7373,30.2484,2012,1,1,2012-01,False
2012-01-03,JSWSTEEL,45.8365,50.4158,45.8365,50.0714,45359540,9.6564,45.5416,49.9542,64.0615,57.5286,-1.23679,-1.92524,0.688448,52.1079,38.9752,28.8367,2012,1,1,2012-01,False
2012-01-04,JSWSTEEL,50.0034,51.177,48.9829,49.8163,42637270,-0.5095,45.3934,49.9521,63.9215,56.8709,-0.793635,-1.69892,0.905283,51.3802,39.4066,26.3772,2012,1,1,2012-01,False
2012-01-05,JSWSTEEL,49.7483,51.2365,48.9064,49.4974,33051030,-0.6402,45.3143,49.9512,63.7878,56.009,-0.462829,-1.4517,0.988871,51.02,39.6086,25.1827,2012,1,1,2012-01,False
2012-01-06,JSWSTEEL,49.153,49.3231,47.3076,48.0135,36776010,-2.998,45.222,49.9242,63.6481,52.0554,-0.316754,-1.22471,0.907957,50.6723,39.7718,24.1043,2012,1,1,2012-01,False
2012-01-09,JSWSTEEL,48.4727,49.3146,47.112,48.6683,28577770,1.3638,45.3137,49.9005,63.5184,53.6114,-0.146463,-1.00906,0.862599,50.937,39.6904,24.8195,2012,1,1,2012-01,False
2012-01-10,JSWSTEEL,49.068,53.945,48.7278,53.5793,47065780,10.0909,45.6251,49.9499,63.4111,63.2461,0.380391,-0.731171,1.11156,52.3127,38.9376,29.3153,2012,1,1,2012-01,False
2012-01-11,JSWSTEEL,53.6601,55.0973,52.6014,54.3277,45764080,1.3967,46.0325,49.9042,63.3161,64.4575,0.84853,-0.415231,1.26376,53.7722,38.2927,33.6274,2012,1,1,2012-01,False
2012-01-12,JSWSTEEL,54.0003,54.8507,53.1839,53.7111,29800890,-1.1349,46.4332,49.8669,63.2166,62.6261,1.15645,-0.100894,1.25735,54.8959,37.9705,36.451,2012,1,1,2012-01,False
2012-01-13,JSWSTEEL,53.7452,56.3644,53.7452,54.2596,40356170,1.0212,46.9798,49.8691,63.1096,63.6165,1.42828,0.204941,1.22334,55.9923,37.9674,38.3673,2012,1,1,2012-01,False
2012-01-16,JSWSTEEL,54.0853,54.9952,52.9883,54.6211,25783280,0.6661,47.6138,49.8753,63.0058,64.2881,1.6538,0.494714,1.15909,56.9133,38.3143,39.0621,2012,1,1,2012-01,False
2012-01-17,JSWSTEEL,54.7656,57.4359,54.6976,56.122,28807960,2.7479,48.4251,49.8614,62.906,67.0113,1.93139,0.782048,1.14934,57.7208,39.1293,38.3922,2012,1,1,2012-01,False
2012-01-18,JSWSTEEL,56.105,56.8916,55.1058,56.4409,26851370,0.5682,49.079,49.78,62.8071,67.577,2.15229,1.0561,1.0962,58.7092,39.4489,39.2435,2012,1,1,2012-01,False
2012-01-19,JSWSTEEL,56.9767,58.129,56.4834,56.8449,20777150,0.7157,49.717,49.7206,62.7078,68.3181,2.33306,1.31149,1.02157,59.6403,39.7938,39.9189,2012,1,1,2012-01,False
2012-01-20,JSWSTEEL,56.9767,57.657,54.3404,55.0293,40492900,-3.194,50.2874,49.6795,62.5981,61.5123,2.30327,1.50985,0.793424,60.0455,40.5294,38.809,2012,1,1,2012-01,False
2012-01-23,JSWSTEEL,54.8507,55.0207,53.4603,53.6941,19758950,-2.4262,50.7484,49.607,62.4823,57.0143,2.14717,1.63731,0.509862,60.2171,41.2796,37.3165,2012,1,1,2012-01,False
2012-01-24,JSWSTEEL,53.5751,56.1178,53.0138,55.48,33344400,3.326,51.3649,49.6001,62.3616,61.1106,2.14287,1.73842,0.404445,60.3434,42.3864,34.9595,2012,1,1,2012-01,False
2012-01-25,JSWSTEEL,56.122,56.9767,55.7096,56.6323,22783010,2.0769,52.0118,49.6344,62.2397,63.5258,2.20699,1.83214,0.374857,60.5149,43.5088,32.6966,2012,1,1,2012-01,False
2012-01-27,JSWSTEEL,56.9767,57.8271,55.9264,56.3091,20151510,-0.5706,52.5956,49.6269,62.1051,62.3562,2.20631,1.90697,0.299336,60.5513,44.64,30.2522,2012,1,1,2012-01,False
2012-01-30,JSWSTEEL,56.9767,59.4343,54.7954,57.9589,36994820,2.9298,53.337,49.6815,61.9769,65.8164,2.31223,1.98802,0.324207,60.2782,46.3958,26.0277,2012,1,1,2012-01,False
2012-01-31,JSWSTEEL,57.9971,59.868,56.7853,59.4853,29084490,2.6337,54.0281,49.8325,61.8546,68.6847,2.49064,2.08855,0.402092,60.4877,47.5685,23.912,2012,1,1,2012-01,False
2012-02-01,JSWSTEEL,59.4853,60.795,58.8603,60.5611,24418640,1.8085,54.5526,50.0763,61.7469,70.5595,2.68785,2.20841,0.479442,61.3539,47.7513,24.9348,2012,2,1,2012-02,False
2012-02-02,JSWSTEEL,60.7142,61.1819,59.3068,59.8595,22252350,-1.1585,55.0548,50.3181,61.645,67.7123,2.75576,2.31788,0.437883,61.8667,48.2428,24.746,2012,2,1,2012-02,False
2012-02-03,JSWSTEEL,60.0381,61.2286,57.5039,60.289,16664860,0.7174,55.5943,50.5864,61.5431,68.5489,2.81182,2.41667,0.395155,62.2609,48.9278,23.9827,2012,2,1,2012-02,False
2012-02-06,JSWSTEEL,61.2457,64.3156,60.5483,63.3717,36282690,5.1132,56.3623,50.8874,61.4582,73.7972,3.06961,2.54726,0.522357,62.8887,49.8358,23.159,2012,2,1,2012-02,False
2012-02-07,JSWSTEEL,63.4397,64.4432,62.3342,63.1378,25441520,-0.369,57.0857,51.2048,61.3816,72.8047,3.21795,2.68139,0.536556,63.217,50.9544,21.4811,2012,2,1,2012-02,False
2012-02-08,JSWSTEEL,63.3547,65.0937,63.1931,64.4814,22549360,2.1281,57.6308,51.4543,61.3116,74.894,3.40468,2.82605,0.578629,64.359,50.9026,23.3493,2012,2,1,2012-02,False
2012-02-09,JSWSTEEL,64.4602,70.481,64.12,69.8474,42042640,8.3218,58.4068,51.8437,61.254,81.1293,3.94024,3.04889,0.891348,66.8836,49.93,29.0267,2012,2,1,2012-02,False
2012-02-10,JSWSTEEL,69.5626,71.2378,67.917,69.4563,34000710,-0.56,59.1941,52.224,61.1929,79.5778,4.28372,3.29586,0.987868,68.6971,49.691,32.1081,2012,2,1,2012-02,False
2012-02-13,JSWSTEEL,69.3925,70.413,67.4578,69.2394,27289710,-0.3122,59.9431,52.5551,61.1285,78.6794,4.48672,3.53403,0.952693,70.1442,49.7419,34.0361,2012,2,1,2012-02,False
2012-02-14,JSWSTEEL,69.0523,70.9232,68.4103,70.4172,23386210,1.7011,60.7329,52.8805,61.062,80.0,4.68859,3.76494,0.92365,71.6219,49.8439,35.8587,2012,2,1,2012-02,False
2012-02-15,JSWSTEEL,70.6681,74.1717,70.6681,73.9209,24337840,4.9755,61.6228,53.3181,61.0198,83.3114,5.07281,4.02652,1.0463,73.7626,49.483,39.4004,2012,2,1,2012-02,False
2012-02-16,JSWSTEEL,74.4098,74.4098,72.2923,73.2745,15371740,-0.8743,62.4645,53.728,60.9855,80.6584,5.26447,4.27411,0.990366,75.3998,49.5292,41.4164,2012,2,1,2012-02,False
2012-02-17,JSWSTEEL,73.6445,75.341,71.8756,72.7473,18853750,-0.7195,63.2596,54.1613,60.9517,78.4633,5.31258,4.4818,0.83078,76.6861,49.8331,42.4489,2012,2,1,2012-02,False
2012-02-21,JSWSTEEL,72.8153,74.648,72.6283,73.5807,14384010,1.1456,64.1872,54.6358,60.929,79.4168,5.35621,4.65668,0.699529,77.7818,50.5926,42.3593,2012,2,1,2012-02,False
2012-02-22,JSWSTEEL,73.5764,74.7542,68.2657,69.0438,21008070,-6.1659,64.9547,55.0799,60.8944,63.0506,4.96744,4.71884,0.248606,77.7656,52.1438,39.4457,2012,2,1,2012-02,False
2012-02-23,JSWSTEEL,68.0361,69.52,65.9866,67.9383,25576750,-1.6012,65.5776,55.4917,60.8588,59.8158,4.51805,4.67868,-0.160629,77.6383,53.5169,36.783,2012,2,1,2012-02,False
2012-02-24,JSWSTEEL,68.0318,70.2854,67.0666,69.3967,29955110,2.1467,66.2158,55.956,60.8453,62.5458,4.23082,4.58911,-0.35829,77.6163,54.8154,34.4342,2012,2,1,2012-02,False
2012-02-27,JSWSTEEL,69.2224,69.435,63.7586,64.5155,19174210,-7.0339,66.6261,56.3324,60.7941,50.2428,3.56817,4.38492,-0.816747,77.0764,56.1759,31.3699,2012,2,1,2012-02,False
2012-02-28,JSWSTEEL,64.9789,67.9468,64.745,67.5088,23593300,4.6398,67.1036,56.816,60.7555,55.9634,3.24713,4.15736,-0.91023,76.7264,57.4809,28.6802,2012,2,1,2012-02,False
2012-02-29,JSWSTEEL,68.0276,69.7241,66.769,68.7632,20631750,1.858,67.5675,57.3525,60.7265,58.1355,3.05866,3.93762,-0.87896,76.5147,58.6203,26.4837,2012,2,1,2012-02,False
2012-03-01,JSWSTEEL,68.6271,68.6271,65.5869,66.3098,21284540,-3.5679,67.855,57.8807,60.6732,52.664,2.68043,3.68618,-1.00575,76.2038,59.5061,24.6078,2012,3,1,2012-03,False
2012-03-02,JSWSTEEL,66.9688,68.6824,66.3693,66.871,19983760,0.8464,68.2055,58.3509,60.6256,53.7367,2.39832,3.42861,-1.03029,75.6842,60.7269,21.9298,2012,3,1,2012-03,False
2012-03-05,JSWSTEEL,66.8498,66.9263,63.8734,64.3921,14416800,-3.707,68.4107,58.7571,60.5552,48.5081,1.95222,3.13333,-1.18111,75.165,61.6564,19.7464,2012,3,1,2012-03,False
2012-03-06,JSWSTEEL,63.9414,66.2035,59.4088,60.1104,35926650,-6.6495,68.2476,59.0868,60.469,41.074,1.2389,2.75445,-1.51555,75.6414,60.8539,21.6674,2012,3,1,2012-03,False
2012-03-07,JSWSTEEL,59.5279,61.3562,57.6867,58.9666,39566990,-1.9028,68.0391,59.3767,60.3766,39.3396,0.574663,2.31849,-1.74383,76.2318,59.8463,24.0826,2012,3,1,2012-03,False
2012-03-09,JSWSTEEL,60.1231,64.0605,60.0509,63.6183,26797230,7.8887,67.9959,59.786,60.3003,48.8072,0.418778,1.93855,-1.51977,76.2762,59.7156,24.3553,2012,3,1,2012-03,False
2012-03-12,JSWSTEEL,64.2051,66.3268,63.4822,65.132,23681330,2.3794,67.7601,60.2148,60.2381,51.4621,0.412626,1.63336,-1.22074,76.0869,59.4334,24.5771,2012,3,1,2012-03,False
2012-03-13,JSWSTEEL,65.4806,67.7767,65.4806,67.0879,18850680,3.003,67.6417,60.6639,60.1882,54.729,0.55913,1.41852,-0.859386,75.9342,59.3493,24.5188,2012,3,1,2012-03,False
2012-03-14,JSWSTEEL,67.6067,68.7632,66.3566,66.6372,18214230,-0.6718,67.5116,61.134,60.1444,53.8299,0.631588,1.26113,-0.629543,75.7802,59.2431,24.4952,2012,3,1,2012-03,False
2012-03-15,JSWSTEEL,66.5011,66.5011,63.8861,64.6047,21956060,-3.0501,67.221,61.5129,60.0867,49.8525,0.519025,1.11271,-0.593685,75.4681,58.9739,24.5373,2012,3,1,2012-03,False
2012-03-16,JSWSTEEL,64.6303,66.0759,63.0613,63.6608,21145230,-1.4611,66.708,61.7846,60.0272,48.0759,0.349621,0.960092,-0.61047,74.462,58.954,23.2477,2012,3,1,2012-03,False
2012-03-19,JSWSTEEL,63.7798,64.2816,61.454,61.7942,17270480,-2.9322,66.134,62.0242,59.954,44.6845,0.0640069,0.780875,-0.716868,73.5328,58.7351,22.3753,2012,3,1,2012-03,False
2012-03-20,JSWSTEEL,61.7389,62.972,59.9701,62.2024,28861800,0.6606,65.6067,62.2783,59.8718,45.5885,-0.127931,0.599114,-0.727045,72.5074,58.7061,21.0364,2012,3,1,2012-03,False
2012-03-21,JSWSTEEL,62.1641,66.4884,61.5518,66.1737,25823720,6.3846,65.2364,62.6415,59.8003,53.5426,0.0399517,0.487281,-0.447329,71.0435,59.4292,17.8034,2012,3,1,2012-03,False
2012-03-22,JSWSTEEL,66.3311,66.4161,60.3783,61.1436,29078490,-7.6014,64.8414,62.891,59.6967,44.6412,-0.230233,0.343778,-0.574011,70.6328,59.0499,17.8634,2012,3,1,2012-03,False
2012-03-23,JSWSTEEL,61.1436,63.8649,60.3995,62.4065,36442470,2.0654,64.5648,63.0676,59.6043,47.0224,-0.338553,0.207312,-0.545865,70.261,58.8685,17.6451,2012,3,1,2012-03,False
2012-03-26,JSWSTEEL,62.3342,63.8479,61.6283,62.045,30165400,-0.5791,64.1972,63.2219,59.5156,46.4072,-0.448393,0.0761709,-0.524564,69.5169,58.8774,16.5732,2012,3,1,2012-03,False
2012-03-27,JSWSTEEL,62.6658,64.035,62.1641,62.9209,22260930,1.4117,64.1175,63.4061,59.4368,48.1769,-0.459467,-0.0309567,-0.428511,69.4649,58.7701,16.68,2012,3,1,2012-03,False
2012-03-28,JSWSTEEL,62.9295,63.0995,59.9701,60.3613,21279720,-4.0681,63.7601,63.5281,59.3463,43.6415,-0.667099,-0.158185,-0.508914,69.1085,58.4116,16.7768,2012,3,1,2012-03,False
2012-03-29,JSWSTEEL,59.5279,60.7099,58.856,60.1869,25052640,-0.2888,63.3313,63.6395,59.2527,43.3422,-0.836079,-0.293764,-0.542315,68.3562,58.3063,15.8687,2012,3,1,2012-03,False
2012-03-30,JSWSTEEL,60.3698,62.3342,60.3698,61.352,19486370,1.9357,63.0834,63.7441,59.1728,46.007,-0.866003,-0.408212,-0.457791,67.9771,58.1897,15.515,2012,3,1,2012-03,False
2012-04-02,JSWSTEEL,61.2287,62.8444,61.1181,61.5135,13383970,0.2633,62.8155,63.8455,59.0973,46.3836,-0.866691,-0.499908,-0.366783,67.4138,58.2172,14.6407,2012,4,2,2012-04,False
2012-04-03,JSWSTEEL,62.045,62.8274,61.5178,61.7474,12558850,0.3802,62.6833,63.9436,59.0293,46.9603,-0.838697,-0.567665,-0.271031,67.2426,58.1239,14.5473,2012,4,2,2012-04,False
2012-04-04,JSWSTEEL,61.403,61.7984,60.4038,61.1479,14770680,-0.9709,62.7351,64.0659,58.9635,45.606,-0.855032,-0.625139,-0.229893,67.1937,58.2765,14.214,2012,4,2,2012-04,False
2012-04-09,JSWSTEEL,60.2847,60.7907,57.9036,58.4649,20088090,-4.3877,62.7101,64.1613,58.8826,40.041,-1.07212,-0.714534,-0.357582,67.2626,58.1575,14.5193,2012,4,2,2012-04,False
2012-04-10,JSWSTEEL,58.6732,59.6724,58.214,59.2898,17572670,1.4109,62.4936,64.2375,58.8065,42.3694,-1.16417,-0.804462,-0.359713,67.2704,57.7169,15.2872,2012,4,2,2012-04,False
2012-04-11,JSWSTEEL,58.9326,60.795,57.9206,59.0261,21890380,-0.4446,62.1883,64.2854,58.736,41.8106,-1.24406,-0.892383,-0.351681,67.0351,57.3416,15.5873,2012,4,2,2012-04,False
2012-04-12,JSWSTEEL,59.5279,60.7099,59.379,60.1784,14757700,1.9522,61.8429,64.3628,58.6736,45.212,-1.20056,-0.954017,-0.246539,66.177,57.5087,14.0167,2012,4,2,2012-04,False
2012-04-13,JSWSTEEL,60.1231,64.0265,60.1231,62.9167,51402180,4.5502,61.6568,64.462,58.6346,52.3414,-0.93435,-0.950084,0.0157336,65.4042,57.9094,12.1556,2012,4,2,2012-04,False
2012-04-16,JSWSTEEL,62.3257,64.6217,62.3257,63.9542,17425350,1.649,61.6243,64.5513,58.598,54.7443,-0.632374,-0.886542,0.254168,65.274,57.9746,11.8449,2012,4,2,2012-04,False
2012-04-17,JSWSTEEL,64.0307,64.5962,62.7594,63.8181,15399140,-0.2127,61.6322,64.6165,58.5657,54.3572,-0.399429,-0.789119,0.38969,65.301,57.9634,11.9054,2012,4,2,2012-04,False
2012-04-18,JSWSTEEL,64.12,65.5657,64.12,64.5239,18014490,1.106,61.7687,64.7098,58.539,56.0916,-0.156066,-0.662509,0.506442,65.6592,57.8781,12.5972,2012,4,2,2012-04,False
2012-04-19,JSWSTEEL,64.66,65.3106,64.2603,64.8684,11023800,0.5338,61.902,64.8014,58.498,56.9512,0.0638558,-0.517236,0.581092,66.0305,57.7734,13.339,2012,4,2,2012-04,False
2012-04-20,JSWSTEEL,64.8854,64.9832,62.955,63.8436,21512980,-1.5797,61.7855,64.8108,58.4469,53.5896,0.153687,-0.383051,0.536738,65.5191,58.0519,12.0857,2012,4,2,2012-04,False
2012-04-23,JSWSTEEL,63.7331,64.2646,59.868,60.3655,14717810,-5.4479,61.7466,64.7553,58.38,44.0792,-0.0551424,-0.317469,0.262327,65.5243,57.9688,12.2362,2012,4,2,2012-04,False
2012-04-24,JSWSTEEL,60.4676,60.829,58.7625,59.0474,19713230,-2.1835,61.5786,64.6467,58.3089,41.1023,-0.323275,-0.318631,-0.00464428,65.5276,57.6296,12.8258,2012,4,2,2012-04,False
2012-04-25,JSWSTEEL,59.1027,59.8595,57.4274,58.4946,20560080,-0.9361,61.4011,64.4196,58.231,39.8857,-0.573762,-0.369657,-0.204105,65.5746,57.2276,13.5943,2012,4,2,2012-04,False
2012-04-26,JSWSTEEL,58.6477,59.851,57.2828,57.657,19668880,-1.432,61.1379,64.1836,58.1492,38.0479,-0.830293,-0.461784,-0.368509,65.5641,56.7117,14.4795,2012,4,2,2012-04,False
2012-04-27,JSWSTEEL,57.8526,58.3373,56.4834,57.9334,17277020,0.4794,61.0165,63.9575,58.0693,39.0459,-0.999769,-0.569381,-0.430388,65.6602,56.3727,15.2213,2012,4,2,2012-04,False
2012-04-30,JSWSTEEL,57.7633,59.4428,57.7633,58.9581,11388970,1.7688,60.955,63.7283,57.997,42.7295,-1.03941,-0.663387,-0.376025,65.6769,56.2332,15.4928,2012,4,2,2012-04,False
2012-05-02,JSWSTEEL,59.1027,60.4888,59.0176,59.2898,14894380,0.5625,60.8519,63.4357,57.9206,43.911,-1.03217,-0.737143,-0.295025,65.627,56.0769,15.6941,2012,5,2,2012-05,False
2012-05-03,JSWSTEEL,57.742,59.0601,57.4529,57.8143,10730030,-2.4885,60.667,63.1265,57.828,39.9615,-1.13243,-0.816201,-0.316229,65.6175,55.7164,16.3203,2012,5,2,2012-05,False
2012-05-04,JSWSTEEL,57.4869,57.8696,55.6373,56.8746,14105140,-1.6254,60.4233,62.809,57.7422,37.6395,-1.27304,-0.907568,-0.365471,65.6233,55.2233,17.2118,2012,5,2,2012-05,False
2012-05-07,JSWSTEEL,55.7989,62.0621,55.1143,61.3775,25470450,7.9172,60.4348,62.565,57.6879,52.025,-1.00949,-0.927953,-0.0815387,65.6425,55.2271,17.2342,2012,5,2,2012-05,False
2012-05-08,JSWSTEEL,61.6539,62.5383,58.0482,58.669,25966850,-4.4129,60.445,62.3575,57.6256,45.2615,-1.00757,-0.943876,-0.0636922,65.6373,55.2528,17.1801,2012,5,2,2012-05,False
2012-05-09,JSWSTEEL,58.1417,58.9326,55.8669,56.1858,21203080,-4.2325,60.2898,62.1224,57.5441,40.1127,-1.19267,-0.993634,-0.199033,65.8031,54.7765,18.2892,2012,5,2,2012-05,False
2012-05-10,JSWSTEEL,56.1263,58.3033,55.7436,56.2326,20789610,0.0832,60.1501,61.8591,57.4564,40.2506,-1.32037,-1.05898,-0.261385,65.9332,54.3671,19.2286,2012,5,2,2012-05,False
2012-05-11,JSWSTEEL,56.1263,56.7981,51.5044,53.3625,49032680,-5.104,59.8093,61.6361,57.3569,34.9357,-1.63432,-1.17405,-0.460271,66.3403,53.2784,21.8393,2012,5,2,2012-05,False
2012-05-14,JSWSTEEL,53.1499,53.7707,51.7637,52.7034,34502030,-1.2351,59.2987,61.34,57.2446,33.8309,-1.91425,-1.32209,-0.592157,66.3806,52.2168,23.8855,2012,5,2,2012-05,False
2012-05-15,JSWSTEEL,52.2995,55.9137,52.0444,55.531,30790410,5.3651,58.8775,61.0753,57.1424,42.266,-1.88618,-1.43491,-0.451277,65.7936,51.9614,23.4931,2012,5,2,2012-05,False
2012-05-16,JSWSTEEL,55.446,55.446,52.0911,52.6396,31523780,-5.2067,58.3186,60.8019,57.0367,37.0631,-2.07335,-1.5626,-0.510757,65.3592,51.278,24.1452,2012,5,2,2012-05,False
2012-05-17,JSWSTEEL,52.7247,53.8217,50.6114,51.2025,30900360,-2.7302,57.6525,60.4886,56.9287,34.7718,-2.31101,-1.71228,-0.598734,64.7417,50.5634,24.5927,2012,5,2,2012-05,False
2012-05-18,JSWSTEEL,50.1735,52.2144,49.3784,50.9729,27491140,-0.4484,56.9577,60.2202,56.8141,34.4058,-2.4892,-1.86766,-0.621532,63.7882,50.1273,23.9842,2012,5,2,2012-05,False
2012-05-21,JSWSTEEL,51.1897,52.9713,50.7135,51.9678,19607470,1.9519,56.364,60.0573,56.7039,37.4766,-2.52106,-1.99834,-0.522717,62.7224,50.0055,22.5622,2012,5,2,2012-05,False
2012-05-22,JSWSTEEL,52.4313,53.2349,50.267,50.5222,19769800,-2.7819,55.8718,59.8884,56.5865,34.9187,-2.63262,-2.1252,-0.50742,62.4463,49.2973,23.5342,2012,5,2,2012-05,False
2012-05-23,JSWSTEEL,50.3648,50.5306,48.4897,49.1105,24881870,-2.7942,55.3749,59.5983,56.4651,32.5802,-2.80263,-2.26068,-0.541947,62.4237,48.3261,25.4585,2012,5,2,2012-05,False
2012-05-24,JSWSTEEL,49.6632,50.841,48.141,50.6199,29156970,3.0736,54.9812,59.308,56.3698,37.4071,-2.78348,-2.36524,-0.418238,62.1745,47.7879,26.1665,2012,5,2,2012-05,False
2012-05-25,JSWSTEEL,50.2203,52.308,49.7781,51.6489,25455780,2.0328,54.6808,58.9993,56.2994,40.5328,-2.65467,-2.42313,-0.231544,61.9054,47.4562,26.4245,2012,5,2,2012-05,False
2012-05-28,JSWSTEEL,51.7892,52.2059,50.7007,51.717,19751770,0.1317,54.37,58.7009,56.2625,40.7435,-2.51808,-2.44212,-0.0759567,61.5401,47.1999,26.3751,2012,5,2,2012-05,False
2012-05-29,JSWSTEEL,51.8743,53.5666,51.8445,52.8735,24177530,2.2363,54.0658,58.4662,56.2408,44.3528,-2.2901,-2.41171,0.121616,60.9258,47.2057,25.3766,2012,5,2,2012-05,False
2012-05-30,JSWSTEEL,52.5418,52.8948,51.7467,52.5546,17794310,-0.6031,53.729,58.2441,56.2017,43.5649,-2.11083,-2.35154,0.240711,60.1569,47.3011,23.9271,2012,5,2,2012-05,False
2012-05-31,JSWSTEEL,51.9338,54.4255,51.7935,53.4645,31533010,1.7314,53.5115,58.0775,56.1778,46.4863,-1.87373,-2.25597,0.382247,59.645,47.378,22.924,2012,5,2,2012-05,False
2012-06-01,JSWSTEEL,53.6559,54.0003,50.8708,51.0621,22581250,-4.4934,53.2209,57.8547,56.135,40.5221,-1.85826,-2.17643,0.318174,59.233,47.2087,22.5932,2012,6,2,2012-06,False
2012-06-04,JSWSTEEL,50.6029,51.9593,49.3571,51.7892,17066880,1.4239,52.7415,57.567,56.1059,42.9095,-1.76696,-2.09454,0.327579,57.3894,48.0935,17.6254,2012,6,2,2012-06,False
2012-06-05,JSWSTEEL,51.9593,52.7247,51.0664,51.2705,14818210,-1.0017,52.3715,57.3696,56.0847,41.6257,-1.71667,-2.01896,0.302292,56.1247,48.6184,14.3326,2012,6,2,2012-06,False
2012-06-06,JSWSTEEL,51.4491,53.5963,51.4491,53.2944,16752970,3.9476,52.227,57.1873,56.0721,48.1443,-1.49626,-1.91442,0.418166,55.5608,48.8932,12.7666,2012,6,2,2012-06,False
2012-06-07,JSWSTEEL,53.7792,55.6798,52.4058,55.1526,28436490,3.4865,52.173,57.0495,56.0638,53.3002,-1.15829,-1.7632,0.604907,55.2594,49.0865,11.8315,2012,6,2,2012-06,False
2012-06-08,JSWSTEEL,54.7656,59.4428,53.0478,54.502,21927570,-1.1796,52.23,56.8811,56.0574,51.3742,-0.932196,-1.597,0.6648,55.4481,49.0118,12.323,2012,6,2,2012-06,False
2012-06-11,JSWSTEEL,55.2674,58.5754,53.6261,54.2809,19677340,-0.4057,52.3088,56.7595,56.0547,50.7037,-0.762072,-1.43001,0.667939,55.6508,48.9669,12.7778,2012,6,2,2012-06,False
2012-06-12,JSWSTEEL,53.6176,55.1058,53.1499,54.7529,20224440,0.8695,52.2699,56.6508,56.0558,52.1398,-0.582449,-1.2605,0.67805,55.469,49.0708,12.2406,2012,6,2,2012-06,False
2012-06-13,JSWSTEEL,54.8039,55.4289,54.1661,54.5403,16251080,-0.3883,52.365,56.5146,56.0558,51.4132,-0.452041,-1.09881,0.646766,55.7194,49.0105,12.8119,2012,6,2,2012-06,False
2012-06-14,JSWSTEEL,54.4255,54.7656,53.2052,53.5793,14865620,-1.7619,52.4838,56.3559,56.0405,48.1473,-0.421374,-0.96332,0.541946,55.8333,49.1343,12.7638,2012,6,2,2012-06,False
2012-06-15,JSWSTEEL,53.7622,55.8626,53.7622,55.3269,16559220,3.2616,52.7015,56.2275,56.0349,53.8845,-0.253139,-0.821284,0.568145,56.2001,49.2029,13.2772,2012,6,2,2012-06,False
2012-06-18,JSWSTEEL,55.6968,56.3771,52.8097,53.2817,18329410,-3.6966,52.7672,56.0701,56.0157,47.2899,-0.281596,-0.713347,0.43175,56.2572,49.2772,13.2278,2012,6,2,2012-06,False
2012-06-19,JSWSTEEL,53.405,54.3404,52.9925,53.928,13543670,1.213,52.9375,55.9794,55.999,49.3974,-0.249127,-0.620503,0.371376,56.2961,49.5789,12.689,2012,6,2,2012-06,False
2012-06-20,JSWSTEEL,54.0853,55.7606,53.928,55.1866,16762940,2.3339,53.2413,55.8973,55.9999,53.3123,-0.120447,-0.520492,0.400044,56.2201,50.2625,11.1898,2012,6,2,2012-06,False
2012-06-21,JSWSTEEL,54.0088,56.3814,54.0088,56.1093,15488720,1.6719,53.5158,55.839,56.0215,55.9999,0.0553471,-0.405324,0.460671,56.4892,50.5424,11.1122,2012,6,2,2012-06,False
2012-06-22,JSWSTEEL,57.3806,57.3806,54.2724,55.1313,15382240,-1.743,53.6899,55.7381,56.0212,52.5472,0.114433,-0.301373,0.415805,56.6104,50.7694,10.8791,2012,6,2,2012-06,False
2012-06-25,JSWSTEEL,55.1993,56.5472,54.7826,55.0548,12927060,-0.1388,53.8568,55.5808,56.0081,52.2756,0.153315,-0.210435,0.36375,56.6825,51.0311,10.4935,2012,6,2,2012-06,False
2012-06-26,JSWSTEEL,54.7741,55.531,54.3532,55.1483,12616680,0.1699,53.9705,55.4047,55.9764,52.5981,0.189494,-0.130449,0.319943,56.8127,51.1284,10.5323,2012,6,2,2012-06,False
2012-06-27,JSWSTEEL,55.3056,57.1,55.1866,56.7513,20454220,2.9067,54.1803,55.2634,55.9508,57.8545,0.343554,-0.0356486,0.379203,57.1967,51.164,11.1345,2012,6,2,2012-06,False
2012-06-28,JSWSTEEL,56.7726,57.5592,56.2708,56.9129,19586170,0.2847,54.3528,55.1111,55.9292,58.3558,0.47323,0.0661272,0.407103,57.5834,51.1221,11.8878,2012,6,2,2012-06,False
2012-06-29,JSWSTEEL,57.4019,58.3373,57.3679,57.8016,15143900,1.5615,54.6897,54.9698,55.9049,61.0965,0.640327,0.180967,0.45936,57.8809,51.4986,11.6701,2012,6,2,2012-06,False
2012-07-02,JSWSTEEL,58.1757,58.5499,57.219,57.7845,12091150,-0.0294,54.9895,54.8486,55.8868,61.0136,0.762588,0.297291,0.465297,58.1597,51.8192,11.5304,2012,7,3,2012-07,False
2012-07-03,JSWSTEEL,57.9716,59.6129,57.7038,59.1154,22675690,2.3032,55.3817,54.8236,55.89,65.0081,0.955853,0.429004,0.52685,58.5558,52.2077,11.4625,2012,7,3,2012-07,False
2012-07-04,JSWSTEEL,59.8212,62.0195,59.2047,61.7559,31318030,4.4667,55.8048,54.8778,55.9196,71.2925,1.30702,0.604606,0.70241,59.9228,51.6869,14.7584,2012,7,3,2012-07,False
2012-07-05,JSWSTEEL,61.909,62.3937,61.1394,61.4625,18223020,-0.4751,56.1203,54.9372,55.9504,69.7927,1.54385,0.792454,0.751391,60.9357,51.305,17.1608,2012,7,3,2012-07,False
2012-07-06,JSWSTEEL,61.2287,61.2882,59.6214,60.8757,19725050,-0.9547,56.439,55.0015,55.964,66.7673,1.66499,0.966962,0.698032,61.6322,51.2458,18.403,2012,7,3,2012-07,False
2012-07-09,JSWSTEEL,59.7064,60.5441,58.8475,59.885,17653810,-1.6275,56.7192,55.0406,55.9746,61.8891,1.6619,1.10595,0.555953,62.0257,51.4128,18.7113,2012,7,3,2012-07,False
2012-07-10,JSWSTEEL,60.0381,60.965,59.7575,60.6291,11090170,1.2426,57.013,55.074,55.9859,64.0157,1.6999,1.22474,0.475162,62.5084,51.5176,19.2777,2012,7,3,2012-07,False
2012-07-11,JSWSTEEL,60.374,61.4498,60.2677,60.7695,11202810,0.2314,57.3245,55.1036,55.9968,64.4188,1.7215,1.32409,0.397404,62.9347,51.7143,19.5735,2012,7,3,2012-07,False
2012-07-12,JSWSTEEL,60.748,60.9628,59.8542,60.228,10646880,-0.891,57.6569,55.1519,56.0017,61.5529,1.6756,1.39439,0.28121,63.1187,52.1951,18.9458,2012,7,3,2012-07,False
2012-07-13,JSWSTEEL,60.4214,61.1003,59.1537,59.4287,11931580,-1.3271,57.862,55.2029,56.0101,57.4871,1.55679,1.42687,0.12992,63.2631,52.4609,18.6689,2012,7,3,2012-07,False
2012-07-16,JSWSTEEL,59.4202,59.6307,57.942,58.058,11508420,-2.3066,58.1008,55.1365,56.0308,51.2364,1.33662,1.40882,-0.0722035,63.0529,53.1487,17.0465,2012,7,3,2012-07,False
2012-07-17,JSWSTEEL,58.5436,59.0119,57.2802,57.7357,13970430,-0.5551,58.2912,55.1179,56.0505,49.8636,1.12318,1.35169,-0.228517,62.8445,53.7379,15.6227,2012,7,3,2012-07,False
2012-07-18,JSWSTEEL,57.6111,58.5264,57.0181,57.8517,15952690,0.201,58.4245,55.1512,56.0767,50.379,0.952405,1.27184,-0.319431,62.7453,54.1036,14.7912,2012,7,3,2012-07,False
2012-07-19,JSWSTEEL,58.3072,59.8585,58.058,59.2569,14367470,2.4289,58.5818,55.2117,56.1135,56.246,0.919848,1.20144,-0.281591,62.775,54.3887,14.3156,2012,7,3,2012-07,False
2012-07-20,JSWSTEEL,59.2998,60.907,58.4662,60.43,14086690,1.9797,58.8468,55.353,56.173,60.4502,0.977438,1.15664,-0.1792,62.7837,54.9098,13.3804,2012,7,3,2012-07,False
2012-07-23,JSWSTEEL,59.3041,59.8499,57.624,58.0709,10016230,-3.9039,58.9976,55.4604,56.2138,50.0376,0.823229,1.08996,-0.266728,62.5336,55.4616,11.987,2012,7,3,2012-07,False
2012-07-24,JSWSTEEL,58.0107,58.565,57.3232,57.6068,9917610,-0.7992,59.1205,55.5019,56.2502,48.2758,0.656007,1.00317,-0.34716,62.2394,56.0016,10.551,2012,7,3,2012-07,False
2012-07-25,JSWSTEEL,57.581,58.0494,55.6989,57.5509,17245940,-0.0969,59.1605,55.6001,56.3044,48.0566,0.513062,0.905146,-0.392084,62.1701,56.1509,10.1745,2012,7,3,2012-07,False
2012-07-26,JSWSTEEL,58.0107,58.0107,54.3152,55.325,25954200,-3.8677,59.0811,55.6826,56.3463,40.2162,0.217655,0.767648,-0.549992,62.4075,55.7547,11.2604,2012,7,3,2012-07,False
2012-07-27,JSWSTEEL,55.325,56.7989,54.732,55.3809,13794930,0.101,58.9601,55.7707,56.388,40.4787,-0.0118121,0.611756,-0.623568,62.6399,55.2803,12.4823,2012,7,3,2012-07,False
2012-07-30,JSWSTEEL,55.8708,57.7228,55.6387,57.3575,11114270,3.5692,58.9387,55.8785,56.4347,49.0089,-0.0337777,0.482649,-0.516427,62.652,55.2254,12.6006,2012,7,3,2012-07,False
2012-07-31,JSWSTEEL,57.6584,57.8474,56.047,57.4177,13568170,0.1049,58.8538,56.0164,56.4739,49.2473,-0.0458025,0.376959,-0.422761,62.6273,55.0804,12.8231,2012,7,3,2012-07,False
2012-08-01,JSWSTEEL,57.2029,59.6436,57.1642,59.2182,13772540,3.1357,58.7269,56.2186,56.5186,55.8936,0.0889258,0.319352,-0.230426,62.252,55.2019,12.0048,2012,8,3,2012-08,False
2012-08-02,JSWSTEEL,59.3385,60.546,58.8143,60.2753,13465240,1.7851,58.6676,56.4117,56.5605,59.2663,0.277794,0.31104,-0.0332466,62.0351,55.3,11.4801,2012,8,3,2012-08,False
2012-08-03,JSWSTEEL,60.1593,60.589,58.2427,60.0819,12496680,-0.3208,58.6279,56.5804,56.6013,58.3868,0.407177,0.330268,0.0769094,61.9033,55.3525,11.1735,2012,8,3,2012-08,False
2012-08-06,JSWSTEEL,60.2624,62.007,60.2624,60.9456,10575930,1.4375,58.6809,56.7649,56.6503,61.1595,0.572805,0.378775,0.19403,62.0742,55.2876,11.5653,2012,8,3,2012-08,False
2012-08-07,JSWSTEEL,61.0187,62.2219,60.8468,61.7234,12030280,1.2762,58.7356,56.9419,56.7124,63.5169,0.758089,0.454638,0.303451,62.2926,55.1787,12.1117,2012,8,3,2012-08,False
2012-08-08,JSWSTEEL,61.8781,62.8063,61.646,62.05,12583550,0.5291,58.7997,57.1318,56.7787,64.4914,0.920665,0.547843,0.372822,62.5515,55.0478,12.7614,2012,8,3,2012-08,False
2012-08-09,JSWSTEEL,62.7375,63.1242,61.7793,62.4625,10707500,0.6648,58.9114,57.3118,56.8414,65.7365,1.07046,0.652366,0.418091,62.9634,54.8594,13.7562,2012,8,3,2012-08,False
2012-08-10,JSWSTEEL,62.5656,63.1672,61.255,62.8063,10411870,0.5504,59.0803,57.5467,56.9077,66.7817,1.20304,0.762501,0.440538,63.4889,54.6716,14.9242,2012,8,3,2012-08,False
2012-08-13,JSWSTEEL,62.6645,64.3489,62.3293,63.9665,10549610,1.8473,59.3757,57.7902,56.9807,70.0973,1.38576,0.887152,0.498605,64.2619,54.4895,16.4585,2012,8,3,2012-08,False
2012-08-14,JSWSTEEL,64.0352,64.886,63.7516,64.4392,9853390,0.7389,59.7109,58.0536,57.0537,71.3519,1.55083,1.01989,0.530939,65.0243,54.3974,17.7974,2012,8,3,2012-08,False
2012-08-16,JSWSTEEL,64.1813,64.886,63.7172,64.5036,10856140,0.1,60.0434,58.2778,57.1206,71.5273,1.66762,1.14943,0.518188,65.6893,54.3976,18.8059,2012,8,3,2012-08,False
2012-08-17,JSWSTEEL,65.0751,65.2126,61.6289,61.934,19098090,-3.9837,60.1773,58.4134,57.1472,56.6372,1.53514,1.22657,0.308563,65.8714,54.4832,18.9243,2012,8,3,2012-08,False
2012-08-21,JSWSTEEL,61.964,63.2875,61.3023,63.0125,12442420,1.7415,60.3064,58.5836,57.1844,60.3666,1.49988,1.28124,0.218648,66.14,54.4728,19.3466,2012,8,3,2012-08,False
2012-08-22,JSWSTEEL,62.4109,62.9781,61.4957,61.9254,12256710,-1.7253,60.4992,58.7365,57.2233,55.2121,1.36845,1.29868,0.0697684,66.2762,54.7221,19.098,2012,8,3,2012-08,False
2012-08-23,JSWSTEEL,62.2562,63.0856,61.4054,61.8351,11147280,-0.1457,60.7106,58.8782,57.2609,54.7938,1.24267,1.28748,-0.0448034,66.3498,55.0714,18.5773,2012,8,3,2012-08,False
2012-08-24,JSWSTEEL,61.4484,63.7688,60.6964,63.3821,23011470,2.5018,61.0021,59.055,57.2937,60.3401,1.25338,1.28066,-0.0272801,66.5558,55.4484,18.2082,2012,8,3,2012-08,False
2012-08-27,JSWSTEEL,63.3993,64.0868,61.6074,62.0113,13995530,-2.1627,61.3364,59.2236,57.3013,54.016,1.13813,1.25215,-0.114022,66.2152,56.4577,15.9081,2012,8,3,2012-08,False
2012-08-28,JSWSTEEL,61.964,62.4711,59.7338,61.0531,19795760,-1.5453,61.62,59.3382,57.3074,50.0658,0.958426,1.19341,-0.234981,65.6217,57.6184,12.9882,2012,8,3,2012-08,False
2012-08-29,JSWSTEEL,61.053,61.0788,58.8701,59.2182,14982400,-3.0054,61.7131,59.4569,57.3181,43.505,0.660339,1.08679,-0.426455,65.3691,58.0571,11.8484,2012,8,3,2012-08,False
2012-08-30,JSWSTEEL,59.042,60.589,58.2299,59.7295,17848940,0.8635,61.8287,59.5729,57.3302,45.6428,0.460061,0.961447,-0.501386,65.0309,58.6265,10.3583,2012,8,3,2012-08,False
2012-08-31,JSWSTEEL,59.9014,60.6749,58.535,59.6178,16488830,-0.187,61.8487,59.6615,57.3491,45.24,0.288993,0.826956,-0.537963,64.9866,58.7107,10.1472,2012,8,3,2012-08,False
2012-09-03,JSWSTEEL,59.7081,61.1261,56.9192,57.6755,34241220,-3.2579,61.7187,59.6929,57.3629,38.8252,-0.00326843,0.660911,-0.66418,65.3132,58.1241,11.6482,2012,9,3,2012-09,False
2012-09-04,JSWSTEEL,57.4091,58.3545,56.3434,58.1568,26475090,0.8345,61.6224,59.7534,57.3703,41.0555,-0.193819,0.489965,-0.683784,65.4939,57.7509,12.5653,2012,9,3,2012-09,False
2012-09-05,JSWSTEEL,57.8302,57.8302,55.9868,56.2962,16692710,-3.1993,61.3899,59.7782,57.3756,35.6449,-0.489328,0.294107,-0.783435,65.9328,56.8471,14.7999,2012,9,3,2012-09,False
2012-09-06,JSWSTEEL,56.3778,57.4091,56.2102,56.5755,14443300,0.4962,61.1325,59.8068,57.3988,36.9874,-0.692995,0.0966863,-0.789681,66.154,56.1111,16.4279,2012,9,3,2012-09,False
2012-09-07,JSWSTEEL,57.1513,58.4232,57.0095,57.899,13715290,2.3394,60.925,59.8297,57.4465,43.0499,-0.739086,-0.0704682,-0.668618,66.1266,55.7233,17.0756,2012,9,3,2012-09,False
2012-09-10,JSWSTEEL,58.2685,59.4932,57.9291,59.2483,11829330,2.3304,60.7643,59.8764,57.5038,48.4908,-0.65914,-0.188203,-0.470938,65.9645,55.564,17.1162,2012,9,3,2012-09,False
2012-09-11,JSWSTEEL,58.8744,59.0764,57.8388,58.8529,11425440,-0.6672,60.5666,59.8974,57.5637,47.0718,-0.620529,-0.274668,-0.345861,65.7405,55.3927,17.085,2012,9,3,2012-09,False
2012-09-12,JSWSTEEL,58.9776,59.9659,58.6209,59.7553,11610740,1.5333,60.3561,59.9369,57.6209,50.6236,-0.511222,-0.321979,-0.189243,65.2843,55.4278,16.3307,2012,9,3,2012-09,False
2012-09-13,JSWSTEEL,59.7295,59.8842,58.6982,59.0807,8773710,-1.129,60.0881,59.9362,57.68,48.0286,-0.473574,-0.352298,-0.121276,64.6508,55.5254,15.1867,2012,9,3,2012-09,False
2012-09-14,JSWSTEEL,60.2065,61.6503,59.7596,61.2206,12561610,3.6221,59.924,59.9255,57.726,55.7729,-0.267973,-0.335433,0.0674595,64.0313,55.8166,13.7085,2012,9,3,2012-09,False
2012-09-17,JSWSTEEL,61.3538,63.1242,58.9217,62.4668,26529920,2.0355,59.9506,59.9455,57.7865,59.5527,-0.00442772,-0.269232,0.264804,64.1193,55.7819,13.9071,2012,9,3,2012-09,False
2012-09-18,JSWSTEEL,59.3471,63.0598,58.0107,62.5613,18167280,0.1513,59.9281,59.9793,57.8471,59.8332,0.209646,-0.173456,0.383103,64.0314,55.8248,13.6941,2012,9,3,2012-09,False
2012-09-20,JSWSTEEL,62.3121,62.3938,60.4171,60.7437,11428360,-2.9054,59.869,59.9964,57.8874,52.3214,0.229981,-0.0927689,0.32275,63.8843,55.8537,13.4136,2012,9,3,2012-09,False
2012-09-21,JSWSTEEL,60.9929,63.8977,60.8554,62.8063,17563390,3.3956,59.9175,60.04,57.9307,58.6633,0.407828,0.00735061,0.400478,64.0546,55.7805,13.8091,2012,9,3,2012-09,False
2012-09-24,JSWSTEEL,62.9524,65.6595,62.4238,64.0739,18185580,2.0183,59.9521,60.1061,57.9909,62.008,0.643643,0.134609,0.509034,64.2206,55.6836,14.2397,2012,9,3,2012-09,False
2012-09-25,JSWSTEEL,64.0352,64.7872,62.9395,64.0352,10678870,-0.0604,60.0533,60.1822,58.0471,61.8436,0.817977,0.271283,0.546694,64.6134,55.4933,15.1867,2012,9,3,2012-09,False
2012-09-26,JSWSTEEL,64.0739,65.3373,63.0039,63.5368,13573040,-0.7784,60.1775,60.2644,58.1094,59.6484,0.90548,0.398122,0.507358,64.981,55.374,15.9643,2012,9,3,2012-09,False
2012-09-27,JSWSTEEL,63.5797,64.5853,63.1672,63.4809,10910320,-0.0879,60.3907,60.3728,58.1775,59.394,0.95926,0.51035,0.448911,65.3892,55.3921,16.5541,2012,9,3,2012-09,False
2012-09-28,JSWSTEEL,63.5969,65.956,63.5969,65.0536,16324410,2.4775,60.6569,60.5192,58.2686,64.0443,1.11592,0.631465,0.48446,66.058,55.2557,17.809,2012,9,3,2012-09,False
2012-10-01,JSWSTEEL,64.8861,65.7025,62.8234,63.3864,16505080,-2.5629,60.8453,60.6299,58.3488,56.639,1.09295,0.723761,0.369187,66.3557,55.3349,18.1128,2012,10,4,2012-10,False
2012-10-03,JSWSTEEL,63.1672,64.5766,63.1586,63.4637,14408740,0.122,61.1347,60.714,58.4352,56.888,1.06866,0.792741,0.27592,66.5513,55.718,17.7204,2012,10,4,2012-10,False
2012-10-04,JSWSTEEL,63.5969,64.9634,63.4164,63.8719,11897430,0.6432,61.4205,60.7828,58.5261,58.2509,1.07002,0.848197,0.221822,66.7783,56.0626,17.4465,2012,10,4,2012-10,False
2012-10-05,JSWSTEEL,64.5595,64.7743,62.9438,63.4465,10825050,-0.666,61.778,60.8904,58.6267,56.2551,1.02495,0.883548,0.141405,66.6261,56.9298,15.6954,2012,10,4,2012-10,False
2012-10-08,JSWSTEEL,63.4165,64.3704,62.8578,63.1887,8284530,-0.4063,62.1086,61.002,58.7329,55.0247,0.957398,0.898318,0.0590805,66.3235,57.8938,13.5726,2012,10,4,2012-10,False
2012-10-09,JSWSTEEL,63.5969,64.4435,63.425,63.8505,8334770,1.0473,62.4062,61.128,58.8527,57.5889,0.94635,0.907924,0.0384254,66.1878,58.6246,12.1192,2012,10,4,2012-10,False
2012-10-10,JSWSTEEL,63.5969,64.7142,63.1672,64.2845,12243290,0.6797,62.658,61.3072,58.9573,59.2306,0.96153,0.918645,0.0428842,66.2184,59.0976,11.3646,2012,10,4,2012-10,False
2012-10-11,JSWSTEEL,64.4306,66.6951,63.5539,66.4072,15208710,3.3021,63.0357,61.5277,59.0689,66.1354,1.1318,0.961277,0.170525,66.498,59.5735,10.985,2012,10,4,2012-10,False
2012-10-12,JSWSTEEL,66.519,68.2937,65.6681,65.9303,10521200,-0.7182,63.3445,61.6992,59.1805,63.5318,1.21426,1.01187,0.202387,66.6737,60.0152,10.5116,2012,10,4,2012-10,False
2012-10-15,JSWSTEEL,65.5736,66.5576,64.8603,65.7584,8234530,-0.2607,63.6784,61.866,59.2869,62.5758,1.25131,1.05976,0.191553,66.5093,60.8474,8.8913,2012,10,4,2012-10,False
2012-10-16,JSWSTEEL,66.1666,66.3041,63.8118,64.2071,8444410,-2.359,63.8277,61.9657,59.3922,54.5912,1.14234,1.07628,0.0660623,66.4175,61.2378,8.1151,2012,10,4,2012-10,False
2012-10-17,JSWSTEEL,64.0266,64.0266,61.7105,62.4324,15736970,-2.764,63.826,62.0089,59.4859,47.1749,0.90237,1.0415,-0.139125,66.4197,61.2323,8.1274,2012,10,4,2012-10,False
2012-10-18,JSWSTEEL,62.5656,63.511,61.8781,63.2274,10401450,1.2733,63.8593,62.0718,59.5788,50.4238,0.767492,0.986695,-0.219203,66.4012,61.3173,7.961,2012,10,4,2012-10,False
2012-10-19,JSWSTEEL,63.2274,63.8719,62.7375,63.2102,10746120,-0.0272,63.9826,62.1171,59.6792,50.3518,0.651702,0.919696,-0.267995,66.0903,61.8749,6.5884,2012,10,4,2012-10,False
2012-10-22,JSWSTEEL,62.9953,64.7614,62.3937,64.5337,10570860,2.0938,64.069,62.1733,59.7736,55.6151,0.659134,0.867584,-0.20845,66.1144,62.0236,6.385,2012,10,4,2012-10,False
2012-10-23,JSWSTEEL,64.0352,64.77,63.8419,64.1298,6092610,-0.6259,64.0718,62.2149,59.8439,53.7426,0.625225,0.819112,-0.193887,66.1173,62.0262,6.3853,2012,10,4,2012-10,False
2012-10-25,JSWSTEEL,64.2028,64.4177,62.5656,62.832,11764660,-2.0236,64.0116,62.2223,59.909,48.135,0.488009,0.752891,-0.264882,66.1311,61.8921,6.6224,2012,10,4,2012-10,False
2012-10-29,JSWSTEEL,63.3992,64.3704,63.0512,63.395,9085790,0.8959,64.0045,62.2341,59.9784,50.5455,0.419848,0.686283,-0.266435,66.1317,61.8773,6.6469,2012,10,4,2012-10,False
2012-10-30,JSWSTEEL,63.1672,63.902,62.4023,63.2059,9656400,-0.2982,63.9908,62.2188,60.0544,49.7099,0.346579,0.618342,-0.271763,66.1356,61.8459,6.7038,2012,10,4,2012-10,False
2012-10-31,JSWSTEEL,63.4594,63.8419,62.6688,63.468,6735320,0.4147,63.9115,62.1994,60.1284,50.9213,0.306134,0.5559,-0.249766,66.0076,61.8153,6.5595,2012,10,4,2012-10,False
2012-11-01,JSWSTEEL,63.4079,66.2611,62.9996,65.724,12004580,3.5545,64.0284,62.2238,60.1891,59.8794,0.450922,0.534905,-0.0839826,66.2577,61.799,6.9635,2012,11,4,2012-11,False
2012-11-02,JSWSTEEL,66.0119,66.3471,64.4821,64.8474,9529970,-1.3338,64.0975,62.2821,60.2417,55.6303,0.489292,0.525782,-0.0364903,66.3389,61.8562,6.9937,2012,11,4,2012-11,False
2012-11-05,JSWSTEEL,64.6282,65.1783,63.6528,64.7357,5926440,-0.1723,64.1407,62.3166,60.2968,55.0938,0.504866,0.521599,-0.0167332,66.397,61.8844,7.0355,2012,11,4,2012-11,False
2012-11-06,JSWSTEEL,64.6282,65.1052,63.5024,64.3489,8349790,-0.5974,64.1858,62.365,60.3473,53.1815,0.480463,0.513372,-0.0329089,66.4197,61.952,6.9605,2012,11,4,2012-11,False
2012-11-07,JSWSTEEL,64.2845,65.3158,63.3391,64.8044,5205260,0.7078,64.2666,62.4244,60.3982,55.1557,0.492204,0.509138,-0.0169344,66.4652,62.068,6.8421,2012,11,4,2012-11,False
2012-11-08,JSWSTEEL,64.6282,65.1138,63.9278,64.4177,6987380,-0.5968,64.295,62.4451,60.4397,53.1081,0.464943,0.500299,-0.0353558,66.4856,62.1044,6.8142,2012,11,4,2012-11,False
2012-11-09,JSWSTEEL,64.4521,65.6552,63.7301,64.2974,9795750,-0.1868,64.2956,62.4909,60.479,52.4556,0.428688,0.485977,-0.0572885,66.4862,62.105,6.8141,2012,11,4,2012-11,False
2012-11-12,JSWSTEEL,64.2845,64.8431,63.9149,64.3747,4299050,0.1203,64.194,62.5573,60.5166,52.8565,0.401568,0.469095,-0.0675272,66.1479,62.2401,6.0876,2012,11,4,2012-11,False
2012-11-15,JSWSTEEL,64.2845,64.5595,63.1672,63.3692,5845240,-1.562,64.066,62.6403,60.5583,47.2747,0.295531,0.434382,-0.138851,65.8708,62.2611,5.6343,2012,11,4,2012-11,False
2012-11-16,JSWSTEEL,63.425,64.5423,62.1918,62.832,6093380,-0.8476,63.9196,62.7024,60.604,44.5671,0.166238,0.380753,-0.214516,65.6181,62.2212,5.3144,2012,11,4,2012-11,False
2012-11-19,JSWSTEEL,62.9395,63.2532,61.964,62.3078,5357010,-0.8343,63.8247,62.7562,60.6381,42.0366,0.0212248,0.308848,-0.287623,65.6622,61.9872,5.7579,2012,11,4,2012-11,False
2012-11-20,JSWSTEEL,62.3078,62.9566,60.546,60.9972,9160040,-2.1035,63.7529,62.8226,60.66,36.4626,-0.197182,0.207642,-0.404824,65.9046,61.6012,6.7501,2012,11,4,2012-11,False
2012-11-21,JSWSTEEL,61.3195,61.3195,59.6436,60.43,8660450,-0.9299,63.613,62.8681,60.6806,34.3404,-0.411298,0.0838537,-0.495152,66.2234,61.0027,8.2069,2012,11,4,2012-11,False
2012-11-22,JSWSTEEL,60.7437,62.0844,60.546,61.5816,6485150,1.9057,63.5316,62.9738,60.6987,41.7531,-0.482499,-0.0294167,-0.453082,66.2921,60.7711,8.6903,2012,11,4,2012-11,False
2012-11-23,JSWSTEEL,61.8781,62.3078,60.6749,61.7621,5354300,0.2931,63.393,63.0775,60.7101,42.8421,-0.518387,-0.127211,-0.391176,66.2192,60.5668,8.9165,2012,11,4,2012-11,False
2012-11-26,JSWSTEEL,61.7062,62.5656,60.589,62.0242,3738300,0.4244,63.2878,63.16,60.7174,44.4662,-0.519686,-0.205706,-0.31398,66.155,60.4205,9.0609,2012,11,4,2012-11,False
2012-11-27,JSWSTEEL,62.1316,63.5797,62.0758,63.3133,5713440,2.0784,63.3118,63.2413,60.7347,51.7301,-0.411946,-0.246954,-0.164992,66.171,60.4526,9.0321,2012,11,4,2012-11,False
2012-11-29,JSWSTEEL,63.5969,64.5423,62.4152,62.7332,12323300,-0.9162,63.2787,63.3189,60.7469,48.6465,-0.369116,-0.271386,-0.0977296,66.1492,60.4083,9.0723,2012,11,4,2012-11,False
2012-11-30,JSWSTEEL,63.1586,64.2845,63.0555,63.8419,6414020,1.7672,63.3105,63.4006,60.7492,54.2583,-0.242915,-0.265692,0.0227772,66.1916,60.4294,9.1015,2012,11,4,2012-11,False
2012-12-03,JSWSTEEL,64.0223,65.2298,63.8977,64.6755,6137790,1.3058,63.3709,63.5125,60.7569,57.977,-0.0747698,-0.227508,0.152738,66.3158,60.426,9.2942,2012,12,4,2012-12,False
2012-12-04,JSWSTEEL,64.7314,67.8424,64.0266,64.8989,7079330,0.3455,63.3296,63.5861,60.759,58.9405,0.0756443,-0.166877,0.242522,66.1565,60.5028,8.9274,2012,12,4,2012-12,False
2012-12-05,JSWSTEEL,64.8861,66.6822,64.8861,66.4373,11435970,2.3704,63.4091,63.6655,60.742,64.9065,0.315346,-0.0704326,0.385779,66.4934,60.3249,9.7282,2012,12,4,2012-12,False
2012-12-06,JSWSTEEL,66.6006,67.1592,65.5392,66.7467,10840410,0.4657,63.5097,63.7492,60.7284,65.9772,0.524234,0.0485007,0.475733,66.8927,60.1267,10.6536,2012,12,4,2012-12,False
2012-12-07,JSWSTEEL,66.7854,67.3612,65.3072,65.8572,5639110,-1.3326,63.5851,63.8515,60.7115,60.2827,0.610961,0.160993,0.449969,67.1111,60.0591,11.0907,2012,12,4,2012-12,False
2012-12-10,JSWSTEEL,65.8314,65.8529,64.8947,65.5736,4399790,-0.4306,63.6236,63.9068,60.6873,58.5476,0.649324,0.258659,0.390665,67.2216,60.0255,11.3104,2012,12,4,2012-12,False
2012-12-11,JSWSTEEL,65.8142,66.3814,64.3231,65.0665,7868100,-0.7733,63.656,63.9267,60.643,55.4733,0.631532,0.333234,0.298298,67.2957,60.0164,11.4354,2012,12,4,2012-12,False
2012-12-12,JSWSTEEL,65.0536,65.3158,63.9493,64.4735,7653090,-0.9114,63.6648,63.9355,60.599,52.0321,0.563089,0.379205,0.183884,67.3119,60.0178,11.457,2012,12,4,2012-12,False
2012-12-13,JSWSTEEL,64.77,64.8388,62.3937,62.9524,6501440,-2.3594,63.5937,63.9238,60.55,44.4202,0.381702,0.379704,0.00199779,67.2379,59.9495,11.461,2012,12,4,2012-12,False
2012-12-14,JSWSTEEL,62.7461,64.3704,62.2906,64.018,5343440,1.6928,63.6261,63.9345,60.5022,49.9448,0.320251,0.367813,-0.0475628,67.2735,59.9788,11.465,2012,12,4,2012-12,False
2012-12-17,JSWSTEEL,64.0567,66.1494,63.9149,65.8916,6708680,2.9266,63.7791,63.9513,60.4865,57.873,0.417911,0.377833,0.0400783,67.5411,60.0172,11.7969,2012,12,4,2012-12,False
2012-12-18,JSWSTEEL,65.8314,69.9566,64.972,69.1789,25146230,4.9889,64.1227,64.0671,60.4927,67.5767,0.751898,0.452646,0.299252,68.5202,59.7252,13.7159,2012,12,4,2012-12,False
2012-12-19,JSWSTEEL,69.282,70.266,68.9511,69.4023,12903230,0.323,64.5429,64.1859,60.4927,68.1144,1.02282,0.566681,0.456142,69.2764,59.8094,14.6678,2012,12,4,2012-12,False
2012-12-20,JSWSTEEL,69.4281,71.452,68.3839,70.8203,14620190,2.0432,65.0625,64.3249,60.5242,71.3601,1.33655,0.720655,0.615896,70.1619,59.963,15.6755,2012,12,4,2012-12,False
2012-12-21,JSWSTEEL,70.4809,71.2286,68.8394,69.1745,13025810,-2.3239,65.4421,64.4394,60.5325,63.3058,1.43583,0.86369,0.57214,70.5808,60.3034,15.7046,2012,12,4,2012-12,False
2012-12-24,JSWSTEEL,69.1874,70.4465,69.1874,69.5226,6421860,0.5032,65.8301,64.5661,60.5363,64.2254,1.52502,0.995956,0.529061,70.9708,60.6894,15.6181,2012,12,4,2012-12,False
2012-12-26,JSWSTEEL,69.5183,70.5625,69.1488,69.8621,6775450,0.4883,66.222,64.6863,60.5541,65.1429,1.60459,1.11768,0.486909,71.336,61.108,15.4451,2012,12,4,2012-12,False
2012-12-27,JSWSTEEL,70.0254,70.6571,69.0585,69.2777,12001950,-0.8365,66.5202,64.7862,60.5661,62.186,1.60203,1.21455,0.38748,71.6157,61.4248,15.3199,2012,12,4,2012-12,False
2012-12-28,JSWSTEEL,69.6128,70.6871,69.4496,69.9394,7680480,0.9552,66.8805,64.8568,60.5939,64.1693,1.63456,1.29855,0.336006,71.8664,61.8947,14.9097,2012,12,4,2012-12,False
2012-12-31,JSWSTEEL,70.3734,70.6012,69.6129,69.7933,6099100,-0.2089,67.1781,64.9341,60.6423,63.379,1.62976,1.3648,0.264966,72.1105,62.2458,14.6844,2012,12,4,2012-12,False
2013-01-01,JSWSTEEL,70.2961,71.7055,70.2187,71.4262,9513620,2.3396,67.5157,65.0475,60.7046,68.1072,1.73769,1.43937,0.298315,72.6468,62.3845,15.2,2013,1,1,2013-01,False
2013-01-02,JSWSTEEL,71.9934,72.5349,70.7516,71.0996,9909570,-0.4572,67.8257,65.1853,60.742,66.2645,1.77639,1.50678,0.269615,73.0398,62.6116,15.375,2013,1,1,2013-01,False
2013-01-03,JSWSTEEL,71.4778,71.9676,70.9106,71.4262,7435450,0.4593,68.0751,65.3652,60.7735,67.2196,1.81252,1.56793,0.244597,73.4833,62.667,15.8888,2013,1,1,2013-01,False
2013-01-04,JSWSTEEL,71.4262,71.4262,70.4035,71.1211,5631880,-0.4271,68.2939,65.5231,60.7936,65.358,1.79584,1.61351,0.18233,73.8282,62.7595,16.2074,2013,1,1,2013-01,False
2013-01-07,JSWSTEEL,71.4047,74.46,70.7301,73.463,21917940,3.2928,68.6742,65.7281,60.8277,71.8116,1.94912,1.68063,0.268489,74.5389,62.8094,17.0799,2013,1,1,2013-01,False
2013-01-08,JSWSTEEL,73.2869,73.2869,71.9892,72.6595,10487750,-1.0938,69.0284,65.8906,60.868,67.1867,1.9829,1.74109,0.241815,74.9603,63.0966,17.1866,2013,1,1,2013-01,False
2013-01-09,JSWSTEEL,72.6595,73.4459,72.0192,72.5091,10510370,-0.207,69.4006,66.0582,60.9123,66.3256,1.97477,1.78782,0.186949,75.2186,63.5826,16.7665,2013,1,1,2013-01,False
2013-01-10,JSWSTEEL,72.8786,73.7166,72.3888,72.9689,9652330,0.6341,69.8253,66.261,60.9681,67.6888,1.98258,1.82677,0.155802,75.3625,64.2882,15.8599,2013,1,1,2013-01,False
2013-01-11,JSWSTEEL,73.2396,74.2021,70.9879,71.4391,13703300,-2.0964,70.2497,66.4218,61.0143,59.1141,1.84406,1.83023,0.0138323,74.7779,65.7215,12.8918,2013,1,1,2013-01,False
2013-01-14,JSWSTEEL,71.4391,73.1794,70.902,72.8958,6257390,2.0391,70.6936,66.6156,61.0479,63.8148,1.83073,1.83033,0.000400622,74.2955,67.0916,10.1903,2013,1,1,2013-01,False
2013-01-15,JSWSTEEL,72.8314,74.3955,72.7411,74.0045,9713000,1.5209,71.0992,66.8264,61.1122,66.9311,1.88787,1.84184,0.0460265,74.2192,67.9792,8.7764,2013,1,1,2013-01,False
2013-01-16,JSWSTEEL,73.5662,73.897,71.8645,72.1223,9632270,-2.5433,71.2464,66.9543,61.1608,57.8265,1.76097,1.82567,-0.0646939,74.2609,68.2319,8.4621,2013,1,1,2013-01,False
2013-01-17,JSWSTEEL,72.3071,74.4084,71.5036,74.026,10774920,2.6394,71.4776,67.1379,61.2207,63.2688,1.79334,1.8192,-0.0258597,74.6037,68.3515,8.7471,2013,1,1,2013-01,False
2013-01-18,JSWSTEEL,74.417,75.1475,73.4072,74.7522,9505320,0.981,71.6742,67.3382,61.2799,65.1181,1.85619,1.8266,0.0295957,75.1058,68.2425,9.5758,2013,1,1,2013-01,False
2013-01-21,JSWSTEEL,74.9412,75.3795,73.9959,74.3525,5995550,-0.5346,71.9331,67.5383,61.3498,63.2314,1.85241,1.83176,0.0206466,75.352,68.5141,9.5059,2013,1,1,2013-01,False
2013-01-22,JSWSTEEL,74.4815,75.1733,73.5834,73.867,6076340,-0.6531,72.1503,67.7196,61.4182,60.9218,1.78959,1.82333,-0.0337328,75.4751,68.8254,9.2164,2013,1,1,2013-01,False
2013-01-23,JSWSTEEL,73.9529,80.7337,72.6208,73.4888,5571310,-0.5119,72.3316,67.901,61.4789,59.1111,1.68982,1.79663,-0.106803,75.524,69.1393,8.8269,2013,1,1,2013-01,False
2013-01-24,JSWSTEEL,73.6908,73.6908,71.1297,71.7528,7930880,-2.3623,72.4554,68.0501,61.5301,51.5375,1.45391,1.72808,-0.274173,75.3248,69.586,7.9205,2013,1,1,2013-01,False
2013-01-25,JSWSTEEL,71.5036,74.6834,71.1555,74.3354,8782030,3.5993,72.6752,68.2493,61.5931,59.791,1.45853,1.67417,-0.215645,75.4031,69.9472,7.5072,2013,1,1,2013-01,False
2013-01-28,JSWSTEEL,74.5846,75.5643,73.4287,74.8295,18207820,0.6647,72.927,68.4785,61.6615,61.1541,1.48494,1.63633,-0.151384,75.4575,70.3965,6.9398,2013,1,1,2013-01,False
2013-01-29,JSWSTEEL,75.0272,76.8062,73.9787,74.6104,11573740,-0.2929,73.0862,68.7141,61.7422,60.1797,1.47123,1.60331,-0.132074,75.6198,70.5526,6.9331,2013,1,1,2013-01,False
2013-01-30,JSWSTEEL,74.6834,74.8897,72.7927,73.0204,9156150,-2.131,73.1822,68.9283,61.8108,53.5171,1.31689,1.54603,-0.229131,75.5381,70.8263,6.4385,2013,1,1,2013-01,False
2013-01-31,JSWSTEEL,73.0591,76.6601,72.6294,75.8436,19687550,3.8663,73.4031,69.2253,61.8949,61.6386,1.40618,1.51806,-0.111877,75.8904,70.9158,6.7772,2013,1,1,2013-01,False
2013-02-01,JSWSTEEL,75.371,75.9725,74.5545,75.5171,9242120,-0.4306,73.6229,69.527,61.9716,60.3256,1.43405,1.50126,-0.0672013,76.037,71.2088,6.5581,2013,2,1,2013-02,False
2013-02-04,JSWSTEEL,75.8006,75.921,73.549,73.9099,6254250,-2.1282,73.6452,69.7736,62.0266,54.206,1.31135,1.46327,-0.151927,76.0614,71.2291,6.5616,2013,2,1,2013-02,False
2013-02-05,JSWSTEEL,73.6521,73.7381,71.7829,72.0407,7362520,-2.5291,73.6143,69.9791,62.067,48.095,1.05115,1.38085,-0.329696,76.0985,71.1301,6.7492,2013,2,1,2013-02,False
2013-02-06,JSWSTEEL,72.4661,73.5576,72.2814,72.6337,5774070,0.8232,73.6205,70.1913,62.1111,50.0201,0.882624,1.2812,-0.39858,76.0937,71.1474,6.7186,2013,2,1,2013-02,False
2013-02-07,JSWSTEEL,72.6208,73.3943,71.2286,71.77,5927620,-1.1891,73.5606,70.3605,62.1473,47.2702,0.671628,1.15929,-0.487661,76.1553,70.9658,7.0547,2013,2,1,2013-02,False
2013-02-08,JSWSTEEL,71.6754,72.5821,70.8117,71.3102,5507600,-0.6407,73.5541,70.532,62.1795,45.8258,0.461983,1.01983,-0.557845,76.1716,70.9366,7.1172,2013,2,1,2013-02,False
2013-02-11,JSWSTEEL,71.3532,71.7442,70.5539,70.8719,5352050,-0.6146,73.4529,70.6726,62.2147,44.4322,0.257504,0.867363,-0.609859,76.322,70.5839,7.812,2013,2,1,2013-02,False
2013-02-12,JSWSTEEL,70.7602,71.0653,69.0972,69.6859,7020990,-1.6734,73.237,70.7728,62.2613,40.815,-0.000244397,0.693842,-0.694086,76.5474,69.9266,9.0402,2013,2,1,2013-02,False
2013-02-13,JSWSTEEL,69.1874,70.7988,69.0113,69.3421,5691840,-0.4933,73.098,70.8617,62.3128,39.8035,-0.229605,0.509152,-0.738758,76.8141,69.3819,10.1674,2013,2,1,2013-02,False
2013-02-14,JSWSTEEL,68.9253,69.355,67.0561,67.5331,6617850,-2.6089,72.7734,70.8836,62.3579,34.9017,-0.551,0.297122,-0.848122,77.2123,68.3344,12.1993,2013,2,1,2013-02,False
2013-02-15,JSWSTEEL,67.5159,68.9253,66.8369,68.3538,6347270,1.2153,72.4534,70.9157,62.4114,38.5963,-0.731053,0.0914869,-0.82254,77.2033,67.7036,13.1114,2013,2,1,2013-02,False
2013-02-18,JSWSTEEL,68.4999,69.4066,68.0057,69.0413,6376380,1.0058,72.1879,70.9794,62.467,41.587,-0.808945,-0.0885994,-0.720345,77.0823,67.2934,13.5603,2013,2,1,2013-02,False
2013-02-19,JSWSTEEL,68.9769,70.1285,68.1261,69.8707,8309330,1.2012,71.9881,71.0654,62.5215,45.063,-0.794592,-0.229798,-0.564794,76.92,67.0561,13.7022,2013,2,1,2013-02,False
2013-02-20,JSWSTEEL,70.0383,70.3477,69.2261,69.5785,5194770,-0.4182,71.7926,71.1556,62.573,44.068,-0.797603,-0.343359,-0.454244,76.7837,66.8014,13.9044,2013,2,1,2013-02,False
2013-02-21,JSWSTEEL,69.0714,69.0714,65.6595,66.0033,8773780,-5.1383,71.5051,71.1862,62.6139,34.1364,-1.07607,-0.489901,-0.58617,77.1282,65.882,15.7278,2013,2,1,2013-02,False
2013-02-22,JSWSTEEL,66.0033,67.1463,65.7541,66.4631,6663920,0.6966,71.1115,71.2564,62.6619,36.1299,-1.2453,-0.640982,-0.604322,76.9964,65.2265,16.5513,2013,2,1,2013-02,False
2013-02-25,JSWSTEEL,66.9487,67.185,64.7357,65.9474,6913710,-0.7758,70.6674,71.295,62.6847,34.8557,-1.40484,-0.793753,-0.611083,76.7094,64.6254,17.0998,2013,2,1,2013-02,False
2013-02-26,JSWSTEEL,65.7541,66.0806,64.886,65.5779,7253540,-0.5604,70.2157,71.2887,62.7193,33.932,-1.5433,-0.943662,-0.599636,76.3661,64.0654,17.5185,2013,2,1,2013-02,False
2013-02-27,JSWSTEEL,66.0033,67.1893,64.5724,66.8455,7399320,1.9331,69.907,71.2421,62.7726,39.8227,-1.53307,-1.06154,-0.471525,76.0844,63.7295,17.6733,2013,2,1,2013-02,False
2013-02-28,JSWSTEEL,67.4342,67.4557,62.6086,63.5325,12739970,-4.9563,69.2914,71.1247,62.8091,31.834,-1.77187,-1.20361,-0.568263,75.4315,63.1514,17.7224,2013,2,1,2013-02,False
2013-03-01,JSWSTEEL,64.0739,65.3072,62.6172,64.2329,4991690,1.1025,68.7272,70.9929,62.8634,34.8114,-1.8829,-1.33947,-0.543434,74.5227,62.9318,16.8651,2013,3,1,2013-03,False
2013-03-04,JSWSTEEL,65.3158,65.5134,61.2593,61.5644,6048400,-4.1544,68.1099,70.8407,62.9077,29.5209,-2.16131,-1.50383,-0.657471,74.2034,62.0165,17.8929,2013,3,1,2013-03,False
2013-03-05,JSWSTEEL,61.7921,63.1586,61.212,62.5398,6365870,1.5844,67.6349,70.701,62.9428,33.4994,-2.27699,-1.65847,-0.618521,73.9165,61.3533,18.575,2013,3,1,2013-03,False
2013-03-06,JSWSTEEL,62.8234,64.6282,62.8234,64.1942,9577040,2.6453,67.2129,70.5877,63.0005,39.7149,-2.2097,-1.76871,-0.440986,73.208,61.2179,17.8389,2013,3,1,2013-03,False
2013-03-07,JSWSTEEL,64.1942,64.1942,61.8867,62.7504,11719700,-2.2491,66.7619,70.4571,63.0583,36.5079,-2.24697,-1.86436,-0.382608,72.6699,60.8539,17.6987,2013,3,1,2013-03,False
2013-03-08,JSWSTEEL,63.0813,64.7528,62.9094,63.902,7878410,1.8352,66.3915,70.3364,63.1229,40.6263,-2.1587,-1.92323,-0.23547,72.0213,60.7618,16.9591,2013,3,1,2013-03,False
2013-03-11,JSWSTEEL,64.104,64.104,61.964,62.3207,8178330,-2.4746,65.964,70.1869,63.1747,37.0705,-2.19109,-1.9768,-0.214286,71.4582,60.4697,16.6583,2013,3,1,2013-03,False
2013-03-12,JSWSTEEL,62.5742,63.0383,60.3483,60.7265,11937170,-2.5581,65.516,69.9729,63.2257,33.8536,-2.31867,-2.04518,-0.273493,71.1905,59.8415,17.3226,2013,3,1,2013-03,False
2013-03-13,JSWSTEEL,60.5933,61.53,59.7467,60.4042,9543860,-0.5307,65.0691,69.759,63.2822,33.2259,-2.41791,-2.11972,-0.298187,70.8811,59.2572,17.8639,2013,3,1,2013-03,False
2013-03-14,JSWSTEEL,60.6706,61.5859,59.9358,60.9284,7095390,0.8679,64.7389,69.5491,63.3337,35.3266,-2.42629,-2.18104,-0.245252,70.7097,58.768,18.4459,2013,3,1,2013-03,False
2013-03-15,JSWSTEEL,60.8296,61.8093,59.9014,60.1936,7501900,-1.206,64.3309,69.3305,63.3764,33.7251,-2.46382,-2.23759,-0.226227,70.3764,58.2854,18.7951,2013,3,1,2013-03,False
2013-03-18,JSWSTEEL,59.7897,59.7897,58.6896,59.0248,5426850,-1.9418,63.83,69.0418,63.413,31.2948,-2.55838,-2.30175,-0.256634,69.8921,57.768,18.9943,2013,3,1,2013-03,False
2013-03-19,JSWSTEEL,59.1752,59.721,56.4251,56.8118,7187200,-3.7492,63.1771,68.7248,63.4327,27.2856,-2.77985,-2.39737,-0.382483,69.3123,57.0419,19.4222,2013,3,1,2013-03,False
2013-03-20,JSWSTEEL,56.756,56.8935,54.2765,55.0242,8015790,-3.1465,62.4494,68.3751,63.445,24.5496,-3.06429,-2.53076,-0.533535,68.8351,56.0637,20.4509,2013,3,1,2013-03,False
2013-03-21,JSWSTEEL,55.2821,55.7719,52.8585,53.6148,9692780,-2.5615,61.83,67.988,63.4458,22.6235,-3.36465,-2.69753,-0.667119,69.1056,54.5544,23.5342,2013,3,1,2013-03,False
2013-03-22,JSWSTEEL,53.5374,53.9629,49.8333,53.1808,13163720,-0.8095,61.1658,67.6229,63.4564,22.0497,-3.59626,-2.87728,-0.718979,69.0594,53.2723,25.8102,2013,3,1,2013-03,False
2013-03-25,JSWSTEEL,53.6277,54.3496,52.1065,52.3471,7900470,-1.5676,60.4858,67.2119,63.4592,20.9508,-3.80323,-3.06247,-0.740763,68.9664,52.0053,28.0414,2013,3,1,2013-03,False
2013-03-26,JSWSTEEL,52.2526,52.2526,51.0924,51.5393,10684950,-1.5433,59.7839,66.7626,63.4605,19.9149,-3.9865,-3.24728,-0.73922,68.7971,50.7708,30.1524,2013,3,1,2013-03,False
2013-03-28,JSWSTEEL,51.5393,59.3643,50.5338,57.783,46123170,12.1144,59.3308,66.4758,63.4829,43.2636,-3.58658,-3.31514,-0.27144,67.7401,50.9214,28.3473,2013,3,1,2013-03,False
2013-04-01,JSWSTEEL,57.0568,57.8216,55.8665,56.9966,12578210,-1.3609,59.004,66.1352,63.4922,41.6179,-3.29511,-3.31113,0.0160235,67.2318,50.7761,27.8892,2013,4,2,2013-04,False
2013-04-02,JSWSTEEL,56.3778,60.9413,56.3778,59.9573,16287370,5.1945,58.7902,65.8393,63.5194,49.4193,-2.79302,-3.20751,0.414491,66.6604,50.92,26.7739,2013,4,2,2013-04,False
2013-04-03,JSWSTEEL,59.3342,60.8081,58.4877,58.9303,13621170,-1.7129,58.6585,65.5309,63.5427,47.0697,-2.44974,-3.05595,0.606217,66.4207,50.8963,26.4656,2013,4,2,2013-04,False
2013-04-04,JSWSTEEL,58.3588,59.3858,57.5896,58.4963,14757170,-0.7365,58.4563,65.2235,63.5614,46.0728,-2.18749,-2.88226,0.694771,66.0004,50.9122,25.811,2013,4,2,2013-04,False
2013-04-05,JSWSTEEL,58.1826,59.0334,57.1943,58.058,9596150,-0.7493,58.1495,64.9148,63.579,45.0354,-1.99206,-2.70422,0.71216,65.1936,51.1054,24.2275,2013,4,2,2013-04,False
2013-04-08,JSWSTEEL,57.9291,59.2998,57.3017,57.7099,7264910,-0.5995,57.8975,64.634,63.5996,44.1846,-1.84401,-2.53218,0.688167,64.6009,51.1941,23.1562,2013,4,2,2013-04,False
2013-04-09,JSWSTEEL,58.449,59.2569,56.7345,56.945,10544210,-1.3254,57.5496,64.2862,63.6077,42.2937,-1.76802,-2.37935,0.611326,63.6346,51.4647,21.1469,2013,4,2,2013-04,False
2013-04-10,JSWSTEEL,57.581,57.74,56.395,57.1427,8984950,0.3471,57.2907,63.9324,63.627,42.9729,-1.67257,-2.23799,0.565424,62.9465,51.635,19.744,2013,4,2,2013-04,False
2013-04-11,JSWSTEEL,57.7529,57.8646,55.3293,55.961,10437670,-2.068,57.0525,63.5595,63.6372,39.9459,-1.67299,-2.12499,0.452003,62.4963,51.6086,19.0836,2013,4,2,2013-04,False
2013-04-12,JSWSTEEL,56.12,59.2139,55.2735,58.4017,11652690,4.3615,56.9523,63.2671,63.6533,48.0807,-1.45955,-1.9919,0.532354,62.207,51.6977,18.4528,2013,4,2,2013-04,False
2013-04-15,JSWSTEEL,57.8818,58.7842,56.8677,57.0997,10876690,-2.2294,56.7609,62.8922,63.6582,44.6093,-1.37955,-1.86943,0.489878,61.6735,51.8483,17.3097,2013,4,2,2013-04,False
2013-04-16,JSWSTEEL,56.7216,59.9874,56.554,59.5792,11977300,4.3423,56.7302,62.5734,63.6805,51.753,-1.10337,-1.71622,0.612849,61.5593,51.901,17.025,2013,4,2,2013-04,False
2013-04-17,JSWSTEEL,59.6522,63.9364,59.5104,62.9824,21468870,5.7122,56.9281,62.3549,63.7201,59.4782,-0.602928,-1.49356,0.890634,62.4305,51.4256,19.3313,2013,4,2,2013-04,False
2013-04-18,JSWSTEEL,63.0168,64.104,60.8683,61.6417,25064480,-2.1287,57.1696,62.1469,63.7526,55.6949,-0.310921,-1.25703,0.946112,63.0608,51.2783,20.6096,2013,4,2,2013-04,False
2013-04-22,JSWSTEEL,61.5343,62.991,61.3968,62.3508,9304060,1.1503,57.5359,61.9413,63.7806,57.2438,-0.0220368,-1.01003,0.987997,63.7668,51.305,21.6591,2013,4,2,2013-04,False
2013-04-23,JSWSTEEL,62.7289,64.4134,61.5515,62.3207,14727990,-0.0483,57.9712,61.7523,63.8076,57.1525,0.202148,-0.767598,0.969746,64.2648,51.6776,21.7128,2013,4,2,2013-04,False
2013-04-25,JSWSTEEL,62.6516,63.3993,61.7062,62.9309,10248120,0.9791,58.4587,61.5847,63.8333,58.595,0.424164,-0.529245,0.953409,64.7002,52.2172,21.3535,2013,4,2,2013-04,False
2013-04-26,JSWSTEEL,63.0813,63.5454,60.1679,60.5374,11512130,-3.8033,58.8682,61.378,63.847,51.2997,0.402341,-0.342928,0.745269,64.4625,53.2739,19.0062,2013,4,2,2013-04,False
2013-04-29,JSWSTEEL,61.1476,61.2722,59.4717,60.1077,6024870,-0.7098,59.2966,61.1864,63.852,50.0938,0.346379,-0.205067,0.551446,63.7169,54.8763,14.9091,2013,4,2,2013-04,False
2013-04-30,JSWSTEEL,60.3311,60.9972,58.6123,60.3956,11925960,0.479,59.4272,61.0075,63.8452,50.9261,0.321554,-0.0997426,0.421296,63.8135,55.041,14.7617,2013,4,2,2013-04,False
2013-05-02,JSWSTEEL,60.3397,61.3538,59.8155,60.2581,7322840,-0.2277,59.5903,60.862,63.8392,50.493,0.287471,-0.0222999,0.309771,63.8363,55.3443,14.2506,2013,5,2,2013-05,False
2013-05-03,JSWSTEEL,60.589,62.4582,59.3514,60.9843,11655890,1.2052,59.6417,60.7146,63.8397,52.7774,0.315423,0.0452447,0.270179,63.931,55.3524,14.3836,2013,5,2,2013-05,False
2013-05-06,JSWSTEEL,61.1046,62.4367,61.0187,61.9297,8357510,1.5501,59.7916,60.5724,63.8499,55.6464,0.409141,0.118024,0.291117,64.1847,55.3986,14.6946,2013,5,2,2013-05,False
2013-05-07,JSWSTEEL,62.007,62.7203,61.3538,61.9597,10186270,0.0486,59.9648,60.4142,63.8566,55.7386,0.480304,0.19048,0.289824,64.4156,55.5141,14.8445,2013,5,2,2013-05,False
2013-05-08,JSWSTEEL,62.05,62.6258,60.7566,61.0874,8690130,-1.4079,60.1163,60.2443,63.8582,52.3424,0.460999,0.244584,0.216415,64.4995,55.7331,14.5824,2013,5,2,2013-05,False
2013-05-09,JSWSTEEL,60.7265,61.5171,60.026,60.3526,8017030,-1.2029,60.2484,60.1313,63.8588,49.6008,0.382003,0.272068,0.109935,64.483,56.0139,14.057,2013,5,2,2013-05,False
2013-05-10,JSWSTEEL,60.2452,60.7952,59.3471,59.6909,9336660,-1.0965,60.3857,59.9959,63.8601,47.2029,0.262969,0.270248,-0.00727875,64.338,56.4335,13.09,2013,5,2,2013-05,False
2013-05-13,JSWSTEEL,59.9874,60.589,57.7056,58.1912,8436060,-2.5124,60.4381,59.8408,63.8608,42.2214,0.0470795,0.225614,-0.178535,64.234,56.6423,12.5611,2013,5,2,2013-05,False
2013-05-14,JSWSTEEL,58.4404,58.7842,57.6884,58.2213,6361600,0.0517,60.5511,59.6936,63.8632,42.3528,-0.120201,0.156451,-0.276652,63.8932,57.2091,11.0388,2013,5,2,2013-05,False
2013-05-15,JSWSTEEL,58.0967,59.9616,58.0967,59.5362,6569460,2.2585,60.6079,59.5474,63.8716,47.9282,-0.144999,0.0961612,-0.24116,63.8328,57.383,10.6419,2013,5,2,2013-05,False
2013-05-16,JSWSTEEL,58.9776,61.2378,58.8701,60.4772,11012520,1.5807,60.7767,59.4863,63.8777,51.5404,-0.0877048,0.059388,-0.147093,63.5503,58.0032,9.127,2013,5,2,2013-05,False
2013-05-17,JSWSTEEL,60.589,61.3624,59.9487,60.7608,8221960,0.4689,60.8358,59.4169,63.8794,52.6075,-0.0191928,0.0436718,-0.0628646,63.5517,58.1199,8.9286,2013,5,2,2013-05,False
2013-05-20,JSWSTEEL,61.2937,61.9554,59.8671,60.1764,9252370,-0.9618,60.6955,59.3891,63.8899,50.1567,-0.011916,0.0325543,-0.0444703,63.2282,58.1628,8.3456,2013,5,2,2013-05,False
2013-05-21,JSWSTEEL,60.3311,60.5546,59.158,59.403,6655750,-1.2853,60.5836,59.3264,63.8989,47.0336,-0.0677808,0.0124873,-0.080268,63.138,58.0292,8.4327,2013,5,2,2013-05,False
2013-05-22,JSWSTEEL,59.7038,60.1421,58.2685,58.8529,6714810,-0.9259,60.4087,59.2196,63.9054,44.893,-0.154653,-0.0209408,-0.133712,62.9325,57.8849,8.3556,2013,5,2,2013-05,False
2013-05-23,JSWSTEEL,57.5037,59.5577,57.1599,59.1194,19827110,0.4527,60.2486,59.1469,63.9244,46.1709,-0.199701,-0.0566928,-0.143008,62.6656,57.8316,8.0234,2013,5,2,2013-05,False
2013-05-24,JSWSTEEL,59.5577,61.689,58.4576,61.255,15511640,3.6125,60.1648,59.094,63.9537,55.15,-0.0623526,-0.0578248,-0.00452786,62.2887,58.041,7.0602,2013,5,2,2013-05,False
2013-05-27,JSWSTEEL,61.3624,62.2605,60.778,61.7535,9839520,0.8138,60.2256,59.0827,63.9757,56.9548,0.0857308,-0.0291136,0.114844,62.4611,57.9901,7.4237,2013,5,2,2013-05,False
2013-05-28,JSWSTEEL,61.8996,62.5441,61.3882,61.7965,6783240,0.0696,60.3101,59.1041,63.9976,57.115,0.204201,0.0175493,0.186652,62.6519,57.9683,7.7658,2013,5,2,2013-05,False
2013-05-29,JSWSTEEL,62.2992,62.2992,60.2323,60.7394,5113130,-1.7106,60.3273,59.1108,64.0052,51.9887,0.210366,0.0561126,0.154253,62.6767,57.9778,7.789,2013,5,2,2013-05,False
2013-05-30,JSWSTEEL,60.2194,61.9597,60.0175,61.7105,8197640,1.5989,60.3999,59.1264,64.0124,55.9044,0.290269,0.102944,0.187325,62.8288,57.971,8.0427,2013,5,2,2013-05,False
2013-05-31,JSWSTEEL,61.5558,61.5558,58.5264,58.7842,9148860,-4.742,60.2899,59.0982,64.0059,44.2052,0.116125,0.10558,0.0105452,62.8051,57.7747,8.3437,2013,5,2,2013-05,False
2013-06-03,JSWSTEEL,58.6123,60.0733,58.6123,59.6307,6453330,1.44,60.1749,59.1103,63.9993,47.6201,0.0458924,0.0936426,-0.0477502,62.5824,57.7674,8.0017,2013,6,2,2013-06,False
2013-06-04,JSWSTEEL,59.7295,61.9297,59.7295,61.0788,10795550,2.4285,60.1309,59.1957,63.9961,52.9277,0.105864,0.0960869,0.00977698,62.4307,57.8311,7.6494,2013,6,2,2013-06,False
2013-06-05,JSWSTEEL,60.5976,63.0039,60.5976,62.4711,8019940,2.2795,60.2001,59.3446,63.9982,57.3974,0.262709,0.129411,0.133297,62.696,57.7042,8.292,2013,6,2,2013-06,False
2013-06-06,JSWSTEEL,62.1531,63.9751,61.8867,63.309,10756220,1.3413,60.3479,59.5385,64.0024,59.8672,0.449441,0.193417,0.256024,63.2058,57.49,9.4713,2013,6,2,2013-06,False
2013-06-07,JSWSTEEL,63.1672,63.468,61.7277,62.0328,7661440,-2.0159,60.465,59.7155,63.9986,54.6686,0.488811,0.252496,0.236315,63.4004,57.5296,9.7093,2013,6,2,2013-06,False
2013-06-10,JSWSTEEL,62.3293,62.9094,61.5902,62.4281,11134820,0.6373,60.6768,59.9172,63.9909,55.9448,0.545624,0.311121,0.234502,63.5317,57.822,9.4101,2013,6,2,2013-06,False
2013-06-11,JSWSTEEL,62.0929,62.5527,58.7842,60.5675,15309710,-2.9805,60.7942,60.0977,63.9715,48.9588,0.435488,0.335995,0.0994935,63.4067,58.1816,8.5948,2013,6,2,2013-06,False
2013-06-12,JSWSTEEL,60.0432,60.503,57.1599,57.8302,12185420,-4.5193,60.7089,60.0987,63.9382,40.8727,0.125882,0.293972,-0.168091,63.5918,57.8259,9.4975,2013,6,2,2013-06,False
2013-06-13,JSWSTEEL,57.2759,58.4361,56.7431,57.6669,8298500,-0.2823,60.5683,60.1121,63.9168,40.4436,-0.131148,0.208948,-0.340096,63.7566,57.3801,10.5277,2013,6,2,2013-06,False
2013-06-14,JSWSTEEL,58.1955,59.4459,58.1955,58.8401,5397620,2.0343,60.4723,60.0897,63.896,44.918,-0.237448,0.119669,-0.357117,63.7506,57.194,10.8422,2013,6,2,2013-06,False
2013-06-17,JSWSTEEL,58.9904,59.6264,57.6841,59.403,5070830,0.9567,60.4336,60.0992,63.8833,46.9764,-0.273121,0.041111,-0.314232,63.7447,57.1226,10.9576,2013,6,2,2013-06,False
2013-06-18,JSWSTEEL,59.2741,60.6749,58.8873,60.4601,5928400,1.7795,60.4865,60.1385,63.8765,50.7023,-0.213631,-0.00983743,-0.203794,63.7618,57.2112,10.8299,2013,6,2,2013-06,False
2013-06-19,JSWSTEEL,60.589,62.1961,60.503,61.3023,8347850,1.393,60.6089,60.2033,63.8661,53.5056,-0.0974013,-0.0273502,-0.0700511,63.8094,57.4085,10.561,2013,6,2,2013-06,False
2013-06-20,JSWSTEEL,60.4171,60.503,58.8701,59.0893,6415570,-3.61,60.6074,60.2309,63.8515,46.0895,-0.181765,-0.0582331,-0.123532,63.8109,57.404,10.5711,2013,6,2,2013-06,False
2013-06-21,JSWSTEEL,58.535,59.0678,55.8622,57.5509,10236370,-2.6034,60.4222,60.243,63.834,41.7568,-0.368507,-0.120288,-0.248219,63.8858,56.9587,11.4644,2013,6,2,2013-06,False
2013-06-24,JSWSTEEL,57.9248,58.5564,56.5669,57.9763,9964350,0.7392,60.2334,60.2597,63.8277,43.3429,-0.47668,-0.191566,-0.285114,63.8016,56.6652,11.848,2013,6,2,2013-06,False
2013-06-25,JSWSTEEL,57.9248,58.6123,56.0469,56.352,11651180,-2.8017,59.9612,60.2675,63.8109,38.9781,-0.685573,-0.290368,-0.395205,63.8441,56.0782,12.9516,2013,6,2,2013-06,False
2013-06-26,JSWSTEEL,56.4638,56.5497,54.9426,55.5055,11251740,-1.5022,59.6995,60.2096,63.7903,36.8929,-0.908951,-0.414084,-0.494867,64.0401,55.3588,14.5416,2013,6,2,2013-06,False
2013-06-27,JSWSTEEL,56.2489,56.5497,54.3797,55.2949,15405980,-0.3794,59.3787,60.1735,63.7784,36.3716,-1.0904,-0.549348,-0.541054,64.0306,54.7267,15.6687,2013,6,2,2013-06,False
2013-06-28,JSWSTEEL,55.6258,56.8591,55.6258,56.5755,11501940,2.3159,59.2683,60.1134,63.7705,41.7605,-1.11799,-0.663076,-0.454911,64.0817,54.4548,16.2429,2013,6,2,2013-06,False
2013-07-01,JSWSTEEL,56.1243,57.3661,55.8149,56.6571,10213960,0.1443,59.1196,59.9869,63.7723,42.0972,-1.12034,-0.754529,-0.365815,64.0677,54.1715,16.7393,2013,7,3,2013-07,False
2013-07-02,JSWSTEEL,56.12,57.22,54.8352,55.1832,19418150,-2.6015,58.8248,59.8578,63.7653,37.8435,-1.227,-0.849024,-0.377978,63.9796,53.67,17.5259,2013,7,3,2013-07,False
2013-07-03,JSWSTEEL,54.5773,54.659,51.651,52.4847,20392400,-4.8902,58.3255,59.6604,63.7383,31.5565,-1.51185,-0.981589,-0.530262,63.9099,52.7411,19.1491,2013,7,3,2013-07,False
2013-07-04,JSWSTEEL,52.5362,53.7093,51.9948,52.5749,14565550,0.1719,57.7888,59.4655,63.7049,31.9636,-1.7106,-1.12739,-0.583206,63.4196,52.1579,19.4876,2013,7,3,2013-07,False
2013-07-05,JSWSTEEL,53.0261,53.9714,52.5964,52.9702,8732290,0.7519,57.3356,59.2663,63.6755,33.8204,-1.81528,-1.26497,-0.550311,62.987,51.6843,19.7132,2013,7,3,2013-07,False
2013-07-08,JSWSTEEL,52.5104,52.5104,51.2686,51.8917,7588110,-2.0362,56.8088,59.0934,63.6362,31.3097,-1.96265,-1.4045,-0.558144,62.4256,51.192,19.7745,2013,7,3,2013-07,False
2013-07-09,JSWSTEEL,52.4159,52.9917,51.9217,52.33,7491970,0.8446,56.3969,58.9379,63.6024,33.4711,-2.02078,-1.52776,-0.493019,62.0612,50.7327,20.087,2013,7,3,2013-07,False
2013-07-10,JSWSTEEL,52.3386,52.8456,50.7486,51.058,10978880,-2.4306,56.0583,58.7511,63.5516,30.4744,-2.14476,-1.65116,-0.493598,62.155,49.9617,21.7511,2013,7,3,2013-07,False
2013-07-11,JSWSTEEL,51.651,53.0261,51.651,51.9088,12370780,1.6664,55.7704,58.5841,63.4988,34.6869,-2.14958,-1.75084,-0.398735,62.0871,49.4538,22.6524,2013,7,3,2013-07,False
2013-07-12,JSWSTEEL,51.9948,52.4073,51.1354,51.7198,7814750,-0.3642,55.4144,58.3988,63.4446,34.1911,-2.14394,-1.82946,-0.314478,61.8048,49.024,23.064,2013,7,3,2013-07,False
2013-07-15,JSWSTEEL,51.7198,52.2004,51.0818,51.6236,8903900,-0.1859,55.0254,58.1927,63.399,33.9256,-2.12276,-1.88812,-0.234639,61.3402,48.7107,22.9521,2013,7,3,2013-07,False
2013-07-16,JSWSTEEL,50.9507,51.51,49.5611,49.8932,9379310,-3.3519,54.4971,57.9514,63.3344,29.487,-2.22001,-1.9545,-0.265513,60.6638,48.3304,22.6313,2013,7,3,2013-07,False
2013-07-17,JSWSTEEL,49.7272,49.9544,48.2153,48.9669,9475230,-1.8567,53.8803,57.709,63.2589,27.4188,-2.34481,-2.03256,-0.312246,59.6349,48.1257,21.3607,2013,7,3,2013-07,False
2013-07-18,JSWSTEEL,49.028,50.3389,48.2153,49.749,9753850,1.5973,53.4133,57.4969,63.1875,31.7702,-2.35347,-2.09674,-0.256722,58.8977,47.929,20.5355,2013,7,3,2013-07,False
2013-07-19,JSWSTEEL,49.7971,50.8633,49.465,49.9369,6249130,0.3777,53.0326,57.3018,63.1195,32.8123,-2.31844,-2.14108,-0.177356,58.3625,47.7027,20.1005,2013,7,3,2013-07,False
2013-07-22,JSWSTEEL,49.4912,49.9326,48.5517,49.3077,8833530,-1.2601,52.5992,57.1241,63.0486,31.0993,-2.31477,-2.17582,-0.13895,57.6383,47.5601,19.1604,2013,7,3,2013-07,False
2013-07-23,JSWSTEEL,49.8233,51.0206,49.465,50.7453,7269650,2.9156,52.3189,56.9746,62.9771,38.9423,-2.17083,-2.17482,0.00398861,57.0959,47.5418,18.2613,2013,7,3,2013-07,False
2013-07-24,JSWSTEEL,50.2516,50.671,47.7958,48.9669,11008480,-3.5047,51.9919,56.7632,62.905,33.8144,-2.1752,-2.1749,-0.000299346,56.7456,47.2382,18.2863,2013,7,3,2013-07,False
2013-07-25,JSWSTEEL,49.3776,50.4963,48.9931,49.5393,12457450,1.169,51.7041,56.5445,62.8353,36.7035,-2.10816,-2.16155,0.0533877,56.3105,47.0978,17.8182,2013,7,3,2013-07,False
2013-07-26,JSWSTEEL,49.6048,50.0069,46.8825,48.4906,10628520,-2.117,51.2999,56.2991,62.7584,33.7931,-2.11528,-2.1523,0.0370183,55.5081,47.0917,16.4062,2013,7,3,2013-07,False
2013-07-29,JSWSTEEL,48.0754,49.1023,47.5423,48.1759,6896410,-0.6488,50.8758,56.0591,62.6821,32.949,-2.12184,-2.14621,0.0243617,54.4764,47.2753,14.1544,2013,7,3,2013-07,False
2013-07-30,JSWSTEEL,48.0754,48.4425,46.0785,46.5854,6399240,-3.3016,50.4459,55.8027,62.5991,29.0046,-2.22969,-2.1629,-0.0667884,53.9324,46.9595,13.8225,2013,7,3,2013-07,False
2013-07-31,JSWSTEEL,46.144,50.2515,45.0079,49.4563,18341470,6.1626,50.2945,55.6148,62.5271,42.4064,-2.05976,-2.14227,0.0825138,53.6694,46.9196,13.4206,2013,7,3,2013-07,False
2013-08-01,JSWSTEEL,49.8932,50.2516,47.1491,48.3245,9058950,-2.2884,50.082,55.3989,62.4473,39.2601,-1.99343,-2.11251,0.119073,53.3869,46.7771,13.1978,2013,8,3,2013-08,False
2013-08-02,JSWSTEEL,48.5911,48.9887,45.4449,46.8956,13193940,-2.9569,49.7783,55.1117,62.3497,35.6624,-2.03273,-2.09655,0.0638168,53.0821,46.4745,13.274,2013,8,3,2013-08,False
2013-08-05,JSWSTEEL,46.7558,47.6909,45.1346,46.0916,13844080,-1.7145,49.4883,54.7985,62.2505,33.7863,-2.1045,-2.09814,-0.00635958,53.0212,45.9553,14.2781,2013,8,3,2013-08,False
2013-08-06,JSWSTEEL,46.3101,46.3101,43.6664,44.5491,15838700,-3.3466,49.0992,54.4535,62.1445,30.4741,-2.25979,-2.13047,-0.129322,53.0083,45.1902,15.923,2013,8,3,2013-08,False
2013-08-07,JSWSTEEL,44.3394,46.581,42.9061,45.5803,15946050,2.3149,48.8253,54.1503,62.0514,35.058,-2.27344,-2.15907,-0.114378,52.9197,44.731,16.7714,2013,8,3,2013-08,False
2013-08-08,JSWSTEEL,45.0953,45.86,43.7407,44.0247,13089370,-3.4129,48.4311,53.7966,61.9593,31.6663,-2.38233,-2.20372,-0.178608,52.7854,44.0769,17.9812,2013,8,3,2013-08,False
2013-08-12,JSWSTEEL,44.7457,46.4805,44.0946,45.2177,11994000,2.7097,48.106,53.5253,61.8693,36.7219,-2.34532,-2.23204,-0.113282,52.3969,43.8152,17.8393,2013,8,3,2013-08,False
2013-08-13,JSWSTEEL,44.7414,46.144,44.5709,45.3313,9392270,0.2513,47.7914,53.2393,61.7799,37.1984,-2.28054,-2.24174,-0.0387987,51.9158,43.667,17.2601,2013,8,3,2013-08,False
2013-08-14,JSWSTEEL,46.0129,47.4375,45.9692,46.7296,11212710,3.0846,47.6332,52.9523,61.6909,42.8982,-2.09225,-2.21184,0.119593,51.6597,43.6067,16.9063,2013,8,3,2013-08,False
2013-08-16,JSWSTEEL,46.2314,46.7121,41.9579,42.5915,13314350,-8.8554,47.3145,52.5547,61.5832,33.2738,-2.25099,-2.21967,-0.0313174,51.871,42.7579,19.2606,2013,8,3,2013-08,False
2013-08-19,JSWSTEEL,42.0365,43.9592,40.376,43.6795,12336900,2.5546,47.011,52.1621,61.4874,37.2596,-2.26291,-2.22832,-0.0345901,51.6916,42.3304,19.9128,2013,8,3,2013-08,False
2013-08-20,JSWSTEEL,42.8012,46.4849,42.3861,45.5934,16134040,4.3817,46.7938,51.8333,61.3984,43.6374,-2.09378,-2.20141,0.107629,51.3027,42.2849,19.2713,2013,8,3,2013-08,False
2013-08-21,JSWSTEEL,46.179,46.9306,43.1289,43.4654,10866110,-4.6674,46.5017,51.4541,61.2997,38.9022,-2.10717,-2.18256,0.07539,51.0813,41.9221,19.6964,2013,8,3,2013-08,False
2013-08-22,JSWSTEEL,43.5222,48.7178,42.5609,47.7084,21217880,9.7617,46.3498,51.1969,61.2209,50.4478,-1.75518,-2.09709,0.341906,50.5201,42.1796,17.9945,2013,8,3,2013-08,False
2013-08-23,JSWSTEEL,47.8133,48.4731,46.0566,47.7565,18502680,0.1007,46.2893,50.9954,61.1311,50.5618,-1.45556,-1.96878,0.513216,50.3328,42.2458,17.4706,2013,8,3,2013-08,False
2013-08-26,JSWSTEEL,48.1585,48.543,46.3538,47.1797,16167990,-1.2078,46.1713,50.7857,61.0427,49.1022,-1.25025,-1.82507,0.574826,49.9442,42.3985,16.343,2013,8,3,2013-08,False
2013-08-27,JSWSTEEL,46.7471,46.8607,44.6146,45.4012,13652450,-3.7696,46.0169,50.5169,60.946,44.8074,-1.21701,-1.70346,0.486449,49.64,42.3938,15.7467,2013,8,3,2013-08,False
2013-08-28,JSWSTEEL,44.4398,47.1491,43.7057,46.699,13027640,2.8585,45.943,50.2628,60.8578,48.3572,-1.07358,-1.57749,0.503908,49.4388,42.4473,15.2178,2013,8,3,2013-08,False
2013-08-29,JSWSTEEL,47.0923,50.6011,45.9692,49.7753,28299880,6.5875,46.1025,50.0491,60.7826,55.6402,-0.703563,-1.4027,0.699138,49.9907,42.2143,16.8676,2013,8,3,2013-08,False
2013-08-30,JSWSTEEL,49.6354,50.4919,46.7558,47.3195,17999060,-4.9337,45.9957,49.7695,60.6972,49.6238,-0.60155,-1.24247,0.640921,49.6032,42.3882,15.6862,2013,8,3,2013-08,False
2013-09-02,JSWSTEEL,47.1928,49.2028,47.1928,48.5998,9173030,2.7057,46.0094,49.5597,60.6187,52.5071,-0.412636,-1.0765,0.663868,49.6562,42.3627,15.8523,2013,9,3,2013-09,False
2013-09-03,JSWSTEEL,48.6785,49.3689,45.2045,45.777,14761760,-5.8083,45.9535,49.3242,60.5257,46.2251,-0.485107,-0.958225,0.473117,49.5773,42.3297,15.7716,2013,9,3,2013-09,False
2013-09-04,JSWSTEEL,46.144,47.6996,45.9343,47.267,9916730,3.255,46.0123,49.11,60.4452,49.6495,-0.417492,-0.850078,0.432586,49.6833,42.3412,15.9568,2013,9,3,2013-09,False
2013-09-05,JSWSTEEL,48.0667,50.2253,48.0011,49.3208,12184950,4.345,46.2509,48.9694,60.3776,53.9978,-0.195928,-0.719248,0.52332,50.1355,42.3662,16.7982,2013,9,3,2013-09,False
2013-09-06,JSWSTEEL,49.4869,51.3746,48.2852,50.7453,13290090,2.8883,46.5091,48.8742,60.3198,56.7855,0.0935331,-0.556692,0.650225,50.8643,42.1539,18.7284,2013,9,3,2013-09,False
2013-09-10,JSWSTEEL,51.5625,52.4364,50.8633,51.9907,12087320,2.4542,46.9074,48.8081,60.2748,59.118,0.418599,-0.361634,0.780232,51.7371,42.0777,20.5926,2013,9,3,2013-09,False
2013-09-11,JSWSTEEL,52.4364,56.7974,51.5799,56.4653,24107140,8.6065,47.4698,48.8059,60.2549,66.1809,1.02545,-0.084216,1.10967,53.8436,41.096,26.8542,2013,9,3,2013-09,False
2013-09-12,JSWSTEEL,57.0683,57.0683,54.0095,54.5295,11401430,-3.4283,47.9297,48.7633,60.2197,61.2509,1.3348,0.199588,1.13522,54.9486,40.9108,29.2882,2013,9,3,2013-09,False
2013-09-13,JSWSTEEL,54.1668,55.9278,53.673,55.3292,10154830,1.4665,48.3597,48.7663,60.1875,62.4938,1.62575,0.484821,1.14093,56.0869,40.6325,31.9572,2013,9,3,2013-09,False
2013-09-16,JSWSTEEL,56.6313,58.991,55.2243,57.1207,16427330,3.238,49.0862,48.859,60.163,65.1881,1.97809,0.783475,1.19462,57.2496,40.9227,33.2617,2013,9,3,2013-09,False
2013-09-17,JSWSTEEL,57.2955,58.3705,56.0196,57.8242,12238320,1.2316,49.7934,48.964,60.1356,66.2144,2.28772,1.08432,1.2034,58.4222,41.1646,34.6585,2013,9,3,2013-09,False
2013-09-18,JSWSTEEL,58.4491,58.6414,57.514,58.2787,7737790,0.7859,50.4277,49.0701,60.1133,66.8934,2.54049,1.37556,1.16493,59.6041,41.2512,36.3945,2013,9,3,2013-09,False
2013-09-19,JSWSTEEL,59.8649,64.0598,59.6202,63.116,17054960,8.3002,51.4102,49.2946,60.1097,73.0924,3.09546,1.71954,1.37592,61.5999,41.2204,39.6409,2013,9,3,2013-09,False
2013-09-20,JSWSTEEL,63.0198,65.2833,60.7694,64.9032,18026610,2.8316,52.2699,49.5461,60.1108,74.958,3.63755,2.10314,1.53441,63.9388,40.6011,44.6485,2013,9,3,2013-09,False
2013-09-23,JSWSTEEL,63.8413,64.5405,62.6003,63.7539,11124260,-1.7707,53.0698,49.8,60.1051,71.5238,3.92914,2.46834,1.4608,65.5975,40.542,47.2123,2013,9,3,2013-09,False
2013-09-24,JSWSTEEL,63.1859,65.4406,63.1028,64.9381,13600530,1.8575,53.9577,50.0606,60.0976,72.9015,4.20728,2.81613,1.39115,67.2233,40.6922,49.1702,2013,9,3,2013-09,False
2013-09-25,JSWSTEEL,64.5011,66.5942,63.7976,66.1879,15485980,1.9245,54.997,50.35,60.0948,74.3138,4.47694,3.14829,1.32865,68.6902,41.3039,49.796,2013,9,3,2013-09,False
2013-09-26,JSWSTEEL,65.7203,66.3321,64.6847,65.0517,11598130,-1.7165,55.9147,50.6185,60.0908,70.706,4.54657,3.42795,1.11862,69.7257,42.1037,49.4004,2013,9,3,2013-09,False
2013-09-27,JSWSTEEL,64.9556,65.6023,63.3825,64.0642,10523360,-1.5181,56.6291,50.9019,60.0832,67.6324,4.47053,3.63646,0.834065,70.5805,42.6777,49.2729,2013,9,3,2013-09,False
2013-09-30,JSWSTEEL,62.9324,64.0947,61.7613,63.767,12293790,-0.4638,57.4515,51.1979,60.0767,66.6929,4.3363,3.77643,0.55987,71.0263,43.8767,47.2564,2013,9,3,2013-09,False
2013-10-01,JSWSTEEL,63.885,66.0742,62.6091,65.5455,14820480,2.789,58.2988,51.5139,60.0821,69.4299,4.32359,3.88586,0.43773,71.661,44.9366,45.8404,2013,10,4,2013-10,False
2013-10-03,JSWSTEEL,65.9825,67.4245,65.7203,66.651,10014540,1.6867,59.3425,51.8482,60.1006,71.0239,4.35256,3.9792,0.373355,71.818,46.867,42.0458,2013,10,4,2013-10,False
2013-10-04,JSWSTEEL,66.0043,68.1586,65.8164,67.6648,13942990,1.521,60.3624,52.2153,60.1188,72.4429,4.40652,4.06466,0.341852,71.9874,48.7373,38.5176,2013,10,4,2013-10,False
2013-10-07,JSWSTEEL,67.0531,69.3777,66.7734,68.814,12117930,1.6984,61.337,52.5767,60.1334,73.9974,4.49025,4.14978,0.340471,72.3149,50.3592,35.7952,2013,10,4,2013-10,False
2013-10-08,JSWSTEEL,69.05,70.2604,67.3808,68.093,13764370,-1.0478,62.2044,52.9592,60.128,71.2806,4.44717,4.20926,0.237911,72.3699,52.039,32.6841,2013,10,4,2013-10,False
2013-10-09,JSWSTEEL,67.289,69.3035,66.6904,69.168,9387620,1.5787,63.0633,53.3518,60.1268,72.8794,4.44849,4.25711,0.191383,72.4696,53.657,29.8311,2013,10,4,2013-10,False
2013-10-10,JSWSTEEL,68.5213,69.7404,68.2198,68.6436,8464890,-0.7581,63.6722,53.7548,60.1159,70.8086,4.357,4.27708,0.0799124,72.8541,54.4903,28.8411,2013,10,4,2013-10,False
2013-10-11,JSWSTEEL,69.4782,69.7186,67.643,68.2241,6937590,-0.6111,64.3569,54.1558,60.1112,69.1167,4.2022,4.26211,-0.0599086,72.6694,56.0445,25.8324,2013,10,4,2013-10,False
2013-10-14,JSWSTEEL,68.1498,68.8534,67.6167,67.8877,5733220,-0.4932,64.9849,54.5818,60.103,67.7191,4.00619,4.21092,-0.204735,72.2583,57.7114,22.3851,2013,10,4,2013-10,False
2013-10-15,JSWSTEEL,67.9139,69.653,67.372,68.932,9291580,1.5384,65.5754,54.9714,60.0983,69.7629,3.89028,4.14679,-0.256518,72.0326,59.1183,19.6939,2013,10,4,2013-10,False
2013-10-17,JSWSTEEL,68.6524,70.1686,68.2547,68.6261,8734580,-0.4437,66.1155,55.3774,60.0951,68.397,3.73073,4.06358,-0.332853,71.5724,60.6587,16.5071,2013,10,4,2013-10,False
2013-10-18,JSWSTEEL,68.2547,71.4796,68.2547,70.8765,11303760,3.2792,66.7454,55.857,60.0998,72.6412,3.74273,3.99941,-0.256682,71.2119,62.279,13.3835,2013,10,4,2013-10,False
2013-10-21,JSWSTEEL,71.012,73.5333,70.4133,73.2668,11208760,3.3724,67.253,56.4005,60.1171,76.2842,3.90015,3.97956,-0.0794073,72.2574,62.2485,14.8825,2013,10,4,2013-10,False
2013-10-22,JSWSTEEL,72.974,74.1014,72.6987,73.3716,8909740,0.1431,67.6764,56.977,60.1269,76.4325,3.98741,3.98113,0.00627985,73.245,62.1078,16.4564,2013,10,4,2013-10,False
2013-10-23,JSWSTEEL,73.5464,74.1276,72.3666,73.4328,7605360,0.0834,68.1603,57.534,60.1385,76.5247,4.01521,3.98794,0.0272669,73.9706,62.35,17.049,2013,10,4,2013-10,False
2013-10-24,JSWSTEEL,73.2799,75.3336,73.2668,73.9572,9904300,0.7141,68.6113,58.1327,60.1512,77.343,4.03307,3.99697,0.0360979,74.7588,62.4638,17.9199,2013,10,4,2013-10,False
2013-10-25,JSWSTEEL,73.411,74.9404,73.411,74.3199,9174560,0.4904,69.0179,58.7147,60.1672,77.9163,4.03003,4.00358,0.0264469,75.554,62.4818,18.9402,2013,10,4,2013-10,False
2013-10-28,JSWSTEEL,74.4684,75.4822,74.4597,75.0845,9583350,1.0289,69.5195,59.3098,60.1753,79.1163,4.04272,4.01141,0.0313121,76.309,62.73,19.5326,2013,10,4,2013-10,False
2013-10-29,JSWSTEEL,75.0714,76.5484,73.8479,75.3773,17697490,0.3899,70.0852,59.8827,60.1889,79.574,4.02995,4.01512,0.0148333,76.846,63.3244,19.2931,2013,10,4,2013-10,False
2013-10-30,JSWSTEEL,75.2069,75.5084,73.6076,74.1888,8131080,-1.5768,70.6063,60.5147,60.1973,72.6169,3.87921,3.98793,-0.108729,76.9076,64.305,17.8491,2013,10,4,2013-10,False
2013-10-31,JSWSTEEL,73.9353,76.0765,73.6557,75.2856,14924560,1.4784,71.0933,61.1468,60.2089,74.8059,3.80439,3.95123,-0.146838,77.2516,64.9349,17.3248,2013,10,4,2013-10,False
2013-11-01,JSWSTEEL,74.7219,77.4311,74.7219,75.6264,11476050,0.4527,71.542,61.7474,60.2298,75.4624,3.7296,3.9069,-0.177298,77.6453,65.4388,17.0619,2013,11,4,2013-11,False
2013-11-05,JSWSTEEL,74.9141,76.4654,73.9484,75.7662,7785270,0.1849,71.9471,62.3935,60.2441,75.7416,3.63966,3.85345,-0.21379,78.0422,65.852,16.9433,2013,11,4,2013-11,False
2013-11-06,JSWSTEEL,75.4429,76.4261,74.8967,75.4909,5796760,-0.3633,72.281,62.9491,60.2516,73.9572,3.50576,3.78391,-0.278155,78.3849,66.177,16.8895,2013,11,4,2013-11,False
2013-11-07,JSWSTEEL,75.2506,77.3437,75.2506,75.9935,9543140,0.6657,72.676,63.5139,60.2709,75.11,3.40098,3.70733,-0.306344,78.6602,66.6918,16.4681,2013,11,4,2013-11,False
2013-11-08,JSWSTEEL,75.421,76.7713,75.0846,75.7182,9859210,-0.3623,73.0035,64.0846,60.2794,73.1983,3.25818,3.6175,-0.359321,78.8956,67.1114,16.1419,2013,11,4,2013-11,False
2013-11-11,JSWSTEEL,75.1589,76.0241,74.1669,74.853,7703870,-1.1426,73.314,64.6737,60.2799,67.3931,3.04014,3.50203,-0.461884,78.8843,67.7436,15.1959,2013,11,4,2013-11,False
2013-11-12,JSWSTEEL,74.5952,75.2943,72.7162,73.1357,6526170,-2.2942,73.5595,65.2024,60.2738,57.6243,2.69768,3.34116,-0.643477,78.5922,68.5269,13.6833,2013,11,4,2013-11,False
2013-11-13,JSWSTEEL,72.7293,73.5071,72.135,72.8036,6143940,-0.4541,73.8053,65.663,60.2685,55.9356,2.37213,3.14735,-0.775219,78.0973,69.5133,11.6306,2013,11,4,2013-11,False
2013-11-14,JSWSTEEL,73.9353,76.4173,73.7081,75.5783,9110380,3.8113,74.1376,66.2281,60.2789,65.1298,2.31139,2.98016,-0.668769,77.8279,70.4474,9.9552,2013,11,4,2013-11,False
2013-11-18,JSWSTEEL,76.4698,76.7319,75.7225,76.26,5743530,0.902,74.5193,66.7813,60.3015,66.9541,2.29184,2.8425,-0.550656,77.2685,71.7702,7.3784,2013,11,4,2013-11,False
2013-11-19,JSWSTEEL,76.3037,78.2788,76.1682,77.5447,7074150,1.6846,74.8527,67.4167,60.3175,70.126,2.35289,2.74457,-0.391689,77.3474,72.3581,6.6654,2013,11,4,2013-11,False
2013-11-20,JSWSTEEL,77.4223,79.4412,77.3437,78.2963,12772210,0.9692,75.1042,68.0373,60.3349,71.8296,2.43386,2.68243,-0.248575,77.9191,72.2893,7.496,2013,11,4,2013-11,False
2013-11-21,JSWSTEEL,78.0647,78.7857,77.2825,77.6583,8689280,-0.8148,75.3186,68.604,60.3501,68.2707,2.41867,2.62968,-0.211012,78.2292,72.4079,7.7288,2013,11,4,2013-11,False
2013-11-22,JSWSTEEL,78.1302,78.4274,75.7924,76.4304,6465290,-1.5811,75.4684,69.1177,60.3672,61.9126,2.28125,2.55999,-0.278742,78.2771,72.6598,7.4433,2013,11,4,2013-11,False
2013-11-25,JSWSTEEL,76.732,77.8681,76.3605,77.5666,5100860,1.4865,75.6489,69.6293,60.3758,65.147,2.23822,2.49564,-0.257415,78.512,72.7858,7.5695,2013,11,4,2013-11,False
2013-11-26,JSWSTEEL,76.9373,78.2526,76.9373,77.8287,6106120,0.338,75.8243,70.0565,60.3873,65.8672,2.19992,2.43649,-0.236576,78.7733,72.8754,7.7784,2013,11,4,2013-11,False
2013-11-27,JSWSTEEL,77.6496,80.8307,77.6496,80.3719,8655560,3.2676,76.0887,70.5734,60.4196,71.9281,2.34771,2.41874,-0.0710265,79.6441,72.5334,9.3453,2013,11,4,2013-11,False
2013-11-28,JSWSTEEL,81.2764,81.5779,79.5591,79.9655,8841820,-0.5056,76.3181,71.0661,60.4593,69.7954,2.40433,2.41586,-0.0115254,80.2521,72.3841,10.3095,2013,11,4,2013-11,False
2013-11-29,JSWSTEEL,80.3151,81.189,79.7033,80.2758,4435770,0.388,76.6225,71.5292,60.4975,70.5142,2.44604,2.42189,0.0241479,80.7973,72.4476,10.8972,2013,11,4,2013-11,False
2013-12-02,JSWSTEEL,79.9874,82.1504,79.7033,81.6216,8022250,1.6766,76.9393,72.0051,60.5467,73.4643,2.55821,2.44916,0.109052,81.6182,72.2604,12.1625,2013,12,4,2013-12,False
2013-12-03,JSWSTEEL,81.2983,82.4344,80.9094,81.5605,7793290,-0.0749,77.236,72.4708,60.598,73.1063,2.61206,2.48174,0.130319,82.301,72.171,13.1157,2013,12,4,2013-12,False
2013-12-04,JSWSTEEL,81.4512,82.3164,81.1278,81.425,5742100,-0.1661,77.5189,72.837,60.6507,72.2662,2.61367,2.50812,0.105545,82.8628,72.1751,13.7872,2013,12,4,2013-12,False
2013-12-05,JSWSTEEL,82.5873,82.7446,81.1978,81.4905,3876070,0.0805,77.8189,73.1687,60.7098,72.4313,2.59038,2.52457,0.0658027,83.3536,72.2842,14.2245,2013,12,4,2013-12,False
2013-12-06,JSWSTEEL,81.4512,81.8226,80.4986,81.0186,3647460,-0.5791,78.0702,73.514,60.7682,69.2366,2.50496,2.52065,-0.0156894,83.7112,72.4292,14.4511,2013,12,4,2013-12,False
2013-12-09,JSWSTEEL,82.8714,82.8714,80.4855,81.342,5285470,0.3991,78.3513,73.8421,60.8372,70.2063,2.43529,2.50358,-0.068289,84.059,72.6437,14.5693,2013,12,4,2013-12,False
2013-12-10,JSWSTEEL,81.3726,83.3739,81.1235,83.0287,7635480,2.0736,78.7601,74.1789,60.9106,74.6882,2.4875,2.50036,-0.0128615,84.5827,72.9375,14.7856,2013,12,4,2013-12,False
2013-12-11,JSWSTEEL,82.6747,82.9806,81.7178,82.2421,4929040,-0.9473,79.2155,74.5227,60.9766,69.4422,2.43732,2.48775,-0.0504372,84.5934,73.8375,13.578,2013,12,4,2013-12,False
2013-12-12,JSWSTEEL,81.5736,82.1678,81.1541,81.4075,3336530,-1.0148,79.6457,74.8696,61.0343,64.2825,2.30364,2.45093,-0.147289,84.1733,75.118,11.3694,2013,12,4,2013-12,False
2013-12-13,JSWSTEEL,80.8395,81.626,80.2277,80.5379,5013050,-1.0682,79.8936,75.205,61.0891,59.3359,2.10329,2.3814,-0.27811,84.0077,75.7796,10.2988,2013,12,4,2013-12,False
2013-12-16,JSWSTEEL,80.5773,81.2415,78.7638,79.8432,5222130,-0.8627,80.0728,75.4909,61.1583,55.651,1.86693,2.27851,-0.411578,83.8159,76.3296,9.3493,2013,12,4,2013-12,False
2013-12-17,JSWSTEEL,80.5554,81.7134,79.8082,80.787,6180220,1.1821,80.2349,75.7737,61.2299,59.3447,1.73577,2.16996,-0.434196,83.7933,76.6765,8.87,2013,12,4,2013-12,False
2013-12-18,JSWSTEEL,80.8482,82.8277,80.0136,82.4475,5987780,2.0554,80.4425,76.0693,61.3124,64.8856,1.74568,2.0851,-0.339426,84.009,76.8759,8.8674,2013,12,4,2013-12,False
2013-12-19,JSWSTEEL,82.6835,84.1604,82.3295,83.9332,7622460,1.802,80.7562,76.3717,61.4042,68.9617,1.85207,2.0385,-0.186428,84.3948,77.1176,9.0113,2013,12,4,2013-12,False
2013-12-20,JSWSTEEL,84.1604,84.4401,83.6186,84.226,5645780,0.3488,81.146,76.6944,61.4911,69.7079,1.93767,2.01833,-0.0806592,84.4918,77.8001,8.2465,2013,12,4,2013-12,False
2013-12-23,JSWSTEEL,84.1648,86.957,84.0905,86.2535,8356250,2.4072,81.5803,77.0361,61.6047,74.3136,2.1444,2.04355,0.100854,85.2128,77.9478,8.9053,2013,12,4,2013-12,False
2013-12-24,JSWSTEEL,86.3453,86.8871,85.6767,86.4021,5890190,0.1723,82.009,77.3912,61.7155,74.6181,2.29378,2.09359,0.200187,85.7975,78.2205,9.2392,2013,12,4,2013-12,False
2013-12-26,JSWSTEEL,86.1705,88.0932,85.952,87.2848,9029620,1.0216,82.3546,77.7724,61.8441,76.4078,2.45509,2.16589,0.289197,86.7302,77.9791,10.6261,2013,12,4,2013-12,False
2013-12-27,JSWSTEEL,87.2979,88.2679,87.0138,88.0407,6678510,0.8661,82.7584,78.1755,61.9716,77.8483,2.6138,2.25547,0.358323,87.6639,77.8529,11.8549,2013,12,4,2013-12,False
2013-12-30,JSWSTEEL,88.9015,89.5788,87.9184,89.3429,8899370,1.4791,83.2118,78.5837,62.0974,80.1021,2.81223,2.36682,0.445405,88.7821,77.6415,13.3882,2013,12,4,2013-12,False
2013-12-31,JSWSTEEL,89.6662,89.9153,88.316,88.8972,6193970,-0.4989,83.5755,78.9891,62.2281,77.2066,2.90009,2.47348,0.426616,89.6372,77.5139,14.5058,2013,12,4,2013-12,False
2014-01-01,JSWSTEEL,89.1244,89.3778,88.4034,88.7399,2592560,-0.177,83.9345,79.3464,62.3523,76.1602,2.92334,2.56345,0.359886,90.3346,77.5344,15.2502,2014,1,1,2014-01,False
2014-01-02,JSWSTEEL,88.9365,90.8898,86.6686,88.1893,13790330,-0.6204,84.2727,79.6449,62.4816,72.4585,2.86431,2.62362,0.240688,90.8275,77.718,15.556,2014,1,1,2014-01,False
2014-01-03,JSWSTEEL,87.8397,88.2417,86.1705,86.874,7380140,-1.4914,84.5419,79.9149,62.6124,64.4053,2.6805,2.635,0.0455018,91.0576,78.0262,15.4142,2014,1,1,2014-01,False
2014-01-06,JSWSTEEL,87.2804,91.0383,87.0881,90.3916,11094920,4.0491,85.0105,80.2541,62.7623,73.0365,2.78655,2.66531,0.121241,91.8018,78.2193,15.9773,2014,1,1,2014-01,False
2014-01-07,JSWSTEEL,90.4921,91.4316,88.6175,89.8017,8881400,-0.6526,85.4335,80.571,62.9067,69.9722,2.79082,2.69041,0.100411,92.3159,78.5512,16.1116,2014,1,1,2014-01,False
2014-01-08,JSWSTEEL,89.7755,90.3392,88.9671,89.6925,4745410,-0.1217,85.7667,80.8784,63.0542,69.3916,2.75365,2.70306,0.0505922,92.8024,78.7311,16.4064,2014,1,1,2014-01,False
2014-01-09,JSWSTEEL,89.9284,90.1906,88.0757,89.6313,5221660,-0.0682,86.1362,81.1694,63.2072,69.0461,2.68827,2.7001,-0.0118327,93.1686,79.1038,16.3285,2014,1,1,2014-01,False
2014-01-10,JSWSTEEL,90.0158,90.3654,88.7224,89.4303,4793600,-0.2243,86.5373,81.4504,63.3703,67.8506,2.59037,2.67815,-0.0877829,93.3457,79.729,15.7351,2014,1,1,2014-01,False
2014-01-13,JSWSTEEL,89.4259,90.1251,88.2679,89.0807,6294510,-0.3909,86.9645,81.7483,63.5406,65.7194,2.45626,2.63378,-0.177511,93.239,80.6899,14.4302,2014,1,1,2014-01,False
2014-01-14,JSWSTEEL,88.7049,89.5701,87.5775,88.2548,4514970,-0.9271,87.385,82.0076,63.7138,60.8563,2.25732,2.55849,-0.301163,92.7048,82.0653,12.1754,2014,1,1,2014-01,False
2014-01-15,JSWSTEEL,88.115,89.0982,86.1006,86.5506,7431180,-1.931,87.6732,82.2261,63.8806,52.2623,1.93979,2.43475,-0.49496,92.0242,83.3222,9.9255,2014,1,1,2014-01,False
2014-01-16,JSWSTEEL,87.1275,89.6662,86.188,89.4434,7167370,3.3423,88.023,82.4997,64.0661,62.0572,1.89966,2.32773,-0.42807,91.6736,84.3724,8.2946,2014,1,1,2014-01,False
2014-01-17,JSWSTEEL,89.4478,89.5439,86.6948,87.4115,4442060,-2.2717,88.1969,82.7381,64.2455,53.7194,1.68448,2.19908,-0.514599,91.3205,85.0734,7.0832,2014,1,1,2014-01,False
2014-01-20,JSWSTEEL,87.3066,88.2898,85.7772,86.2579,4632080,-1.3197,88.2985,82.9434,64.3878,49.6415,1.40467,2.0402,-0.635526,90.979,85.618,6.0715,2014,1,1,2014-01,False
2014-01-21,JSWSTEEL,86.5638,87.5557,85.9826,86.5856,3877800,0.38,88.3151,83.1607,64.5358,50.7846,1.19559,1.87128,-0.675689,90.9459,85.6843,5.9578,2014,1,1,2014-01,False
2014-01-22,JSWSTEEL,86.6075,87.394,86.2579,86.9177,3302930,0.3835,88.3409,83.402,64.6706,51.9741,1.04464,1.70595,-0.661309,90.902,85.7798,5.7981,2014,1,1,2014-01,False
2014-01-23,JSWSTEEL,86.909,88.0363,86.5288,86.8915,4586290,-0.0302,88.3212,83.6771,64.8104,51.8675,0.912379,1.54723,-0.634855,90.9222,85.7203,5.8897,2014,1,1,2014-01,False
2014-01-24,JSWSTEEL,86.0875,86.9395,84.3702,84.7765,6435990,-2.434,88.158,83.9166,64.9418,44.0243,0.629646,1.36372,-0.734071,91.2046,85.1115,6.9115,2014,1,1,2014-01,False
2014-01-27,JSWSTEEL,83.8982,83.8982,79.4106,79.9393,6295430,-5.7059,87.6879,84.0038,65.0512,32.0769,0.0150781,1.09399,-1.07891,92.4076,82.9682,10.7648,2014,1,1,2014-01,False
2014-01-28,JSWSTEEL,79.9874,82.7184,79.3538,81.3289,13972210,1.7383,87.3094,84.1052,65.1693,37.3377,-0.355743,0.804042,-1.15979,92.7755,81.8434,12.5211,2014,1,1,2014-01,False
2014-01-29,JSWSTEEL,81.91,82.5174,80.621,81.543,5357420,0.2633,86.9496,84.1852,65.2923,38.1329,-0.62514,0.518206,-1.14335,92.9415,80.9577,13.7824,2014,1,1,2014-01,False
2014-01-30,JSWSTEEL,80.6909,80.7258,76.9679,78.3225,11665950,-3.9494,86.4563,84.1857,65.3982,31.6313,-1.08598,0.197368,-1.28335,93.5431,79.3695,16.394,2014,1,1,2014-01,False
2014-01-31,JSWSTEEL,78.8294,80.503,78.4973,80.1709,7177520,2.36,86.1211,84.2359,65.5192,38.1494,-1.28722,-0.0995495,-1.18767,93.7389,78.5034,17.6908,2014,1,1,2014-01,False
2014-02-03,JSWSTEEL,79.428,79.9568,74.0489,74.5121,9276840,-7.0584,85.3271,84.1976,65.5998,29.0259,-1.88162,-0.455964,-1.42566,94.2663,76.388,20.9527,2014,2,1,2014-02,False
2014-02-04,JSWSTEEL,73.3236,75.5958,72.2093,73.6994,8174160,-1.0908,84.522,84.1202,65.6828,27.9905,-2.39072,-0.842915,-1.5478,94.5932,74.4508,23.8309,2014,2,1,2014-02,False
2014-02-05,JSWSTEEL,74.0795,74.853,72.821,74.0052,6375620,0.415,83.7377,84.0438,65.7549,29.0167,-2.73794,-1.22192,-1.51602,94.5309,72.9444,25.7788,2014,2,1,2014-02,False
2014-02-06,JSWSTEEL,74.6563,75.2637,72.3316,73.6163,8701340,-0.5255,82.9369,83.9086,65.8081,28.4614,-3.0098,-1.57949,-1.4303,94.2528,71.621,27.2879,2014,2,1,2014-02,False
2014-02-07,JSWSTEEL,74.8093,76.2819,74.1014,75.9279,10627740,3.14,82.2618,83.8279,65.8795,36.2694,-3.00409,-1.86441,-1.13968,93.5576,70.966,27.4631,2014,2,1,2014-02,False
2014-02-10,JSWSTEEL,76.0415,77.1689,73.4678,74.2805,7592800,-2.1697,81.5218,83.708,65.9392,33.4661,-3.0968,-2.11089,-0.985911,92.8757,70.1679,27.8549,2014,2,1,2014-02,False
2014-02-11,JSWSTEEL,74.5908,75.7225,74.3373,75.1239,5021260,1.1354,80.8652,83.578,66.0032,36.1854,-3.06687,-2.30209,-0.764785,92.0978,69.6327,27.7809,2014,2,1,2014-02,False
2014-02-12,JSWSTEEL,75.3817,75.6176,73.0745,73.7081,4871450,-1.8846,80.2231,83.421,66.0571,33.6956,-3.12141,-2.46595,-0.655461,91.555,68.8912,28.2511,2014,2,1,2014-02,False
2014-02-13,JSWSTEEL,74.2849,74.2849,70.6275,71.2349,5406540,-3.3554,79.3127,83.2172,66.1105,29.8338,-3.32587,-2.63794,-0.687933,90.4497,68.1757,28.0838,2014,2,1,2014-02,False
2014-02-14,JSWSTEEL,71.3048,73.2362,70.2648,72.9085,6479960,2.3494,78.5875,83.0455,66.1745,35.2423,-3.31465,-2.77328,-0.541368,89.3878,67.7873,27.4859,2014,2,1,2014-02,False
2014-02-17,JSWSTEEL,72.974,75.0234,71.5626,73.9747,4775170,1.4624,77.9734,82.9047,66.2424,38.4949,-3.18303,-2.85523,-0.327799,88.3247,67.622,26.551,2014,2,1,2014-02,False
2014-02-18,JSWSTEEL,74.8049,76.8019,74.8049,76.1289,8108500,2.9122,77.4505,82.8004,66.3218,44.5547,-2.87178,-2.85854,-0.0132431,86.9952,67.9058,24.6472,2014,2,1,2014-02,False
2014-02-19,JSWSTEEL,76.1289,76.1289,76.1289,76.1289,0,0.0,76.9111,82.6624,66.3975,44.5547,-2.5952,-2.80587,0.210669,85.3594,68.4627,21.9691,2014,2,1,2014-02,False
2014-02-20,JSWSTEEL,75.3336,76.295,74.5034,75.8492,5642830,-0.3674,76.359,82.5345,66.4671,43.9034,-2.37125,-2.71895,0.347701,83.3845,69.3334,18.4014,2014,2,1,2014-02,False
2014-02-21,JSWSTEEL,76.0328,77.7807,75.9454,77.4311,6027990,2.0855,75.9917,82.455,66.5445,48.4896,-2.04257,-2.58367,0.541101,81.8325,70.1509,15.3723,2014,2,1,2014-02,False
2014-02-24,JSWSTEEL,77.5185,78.5322,76.5222,77.1514,6570500,-0.3612,75.8523,82.3873,66.6248,47.7463,-1.7841,-2.42376,0.639661,81.4233,70.2813,14.6891,2014,2,1,2014-02,False
2014-02-25,JSWSTEEL,77.1558,78.1652,74.5821,74.9491,8792630,-2.8545,75.5333,82.2894,66.6978,42.254,-1.73694,-2.28639,0.549456,80.4795,70.5871,13.0968,2014,2,1,2014-02,False
2014-02-26,JSWSTEEL,75.0671,76.024,73.9397,74.9972,9460400,0.0641,75.206,82.1736,66.7743,42.4096,-1.67636,-2.16439,0.488025,79.2645,71.1476,10.793,2014,2,1,2014-02,False
2014-02-28,JSWSTEEL,75.1545,76.863,74.6039,76.5528,7861200,2.0742,75.1175,82.0557,66.8661,47.3571,-1.4857,-2.02865,0.542945,78.9614,71.2737,10.2343,2014,2,1,2014-02,False
2014-03-03,JSWSTEEL,76.4261,77.0203,75.3424,75.9279,5002660,-0.8162,74.9054,81.8956,66.9546,45.6603,-1.36924,-1.89677,0.527524,77.9629,71.8479,8.1635,2014,3,1,2014-03,False
2014-03-04,JSWSTEEL,75.858,78.0385,75.6963,77.8506,7112430,2.5322,75.0723,81.7681,67.0462,51.4273,-1.10902,-1.73922,0.630198,78.3926,71.752,8.8456,2014,3,1,2014-03,False
2014-03-05,JSWSTEEL,78.4623,78.9168,77.0815,78.3662,7324670,0.6623,75.3057,81.6104,67.1357,52.8718,-0.851373,-1.56165,0.710277,78.8669,71.7444,9.4581,2014,3,1,2014-03,False
2014-03-06,JSWSTEEL,78.3924,80.219,77.82,79.38,8871320,1.2937,75.5744,81.4699,67.2288,55.6637,-0.558937,-1.36111,0.80217,79.5136,71.6352,10.4246,2014,3,1,2014-03,False
2014-03-07,JSWSTEEL,79.9655,82.7577,79.3538,82.2246,9481220,3.5836,76.0048,81.3687,67.339,62.3954,-0.0965271,-1.10819,1.01166,80.8257,71.184,12.6856,2014,3,1,2014-03,False
2014-03-10,JSWSTEEL,81.7352,85.7903,81.4512,84.9732,9860380,3.3427,76.4571,81.3074,67.4669,67.5259,0.486117,-0.78933,1.27545,82.7269,70.1872,16.401,2014,3,1,2014-03,False
2014-03-11,JSWSTEEL,85.4713,85.5544,81.4512,81.862,7460960,-3.6614,76.8362,81.1577,67.5819,57.8968,0.688876,-0.493689,1.18256,83.4587,70.2136,17.2382,2014,3,1,2014-03,False
2014-03-12,JSWSTEEL,81.6522,84.4051,80.9618,82.6572,7010040,0.9715,77.2128,81.0329,67.6996,59.4871,0.903323,-0.214286,1.11761,84.2682,70.1575,18.275,2014,3,1,2014-03,False
2014-03-13,JSWSTEEL,82.7359,83.8633,80.6472,81.1453,7074890,-1.8291,77.5847,80.881,67.799,55.217,0.940434,0.0166579,0.923776,84.6462,70.5231,18.2034,2014,3,1,2014-03,False
2014-03-14,JSWSTEEL,80.503,82.4475,79.9131,82.0979,6366140,1.174,78.1278,80.7592,67.9008,57.2969,1.03478,0.220283,0.814501,84.7929,71.4628,17.0619,2014,3,1,2014-03,False
2014-03-18,JSWSTEEL,82.4344,83.9725,82.2203,82.8626,6786760,0.9315,78.6255,80.679,68.0061,58.9453,1.15792,0.40781,0.750106,85.1343,72.1167,16.5564,2014,3,1,2014-03,False
2014-03-19,JSWSTEEL,83.0461,85.3839,82.4388,84.9207,7637420,2.4838,79.1728,80.5696,68.127,63.0763,1.40537,0.607322,0.798048,85.873,72.4727,16.9255,2014,3,1,2014-03,False
2014-03-20,JSWSTEEL,84.8596,85.1742,82.3994,82.9063,5932150,-2.3721,79.5117,80.4317,68.233,57.0278,1.42253,0.770364,0.652169,86.2491,72.7743,16.947,2014,3,1,2014-03,False
2014-03-21,JSWSTEEL,83.1248,86.4152,83.1248,85.7729,9555530,3.4576,79.9939,80.3533,68.3679,62.5335,1.64844,0.945979,0.70246,87.0832,72.9046,17.7245,2014,3,1,2014-03,False
2014-03-24,JSWSTEEL,86.6118,87.3066,85.0518,85.5806,5735930,-0.2242,80.4805,80.2723,68.4977,61.9601,1.79131,1.11504,0.676262,87.7065,73.2545,17.9572,2014,3,1,2014-03,False
2014-03-25,JSWSTEEL,85.2529,87.2542,85.2529,85.6855,6176300,0.1226,80.8932,80.1974,68.6207,62.1639,1.89119,1.27027,0.620918,88.3258,73.4606,18.3764,2014,3,1,2014-03,False
2014-03-26,JSWSTEEL,86.2273,87.7436,86.0875,87.1755,7177010,1.739,81.3944,80.1593,68.7442,65.0306,2.06676,1.42957,0.637192,89.1111,73.6777,18.9613,2014,3,1,2014-03,False
2014-03-27,JSWSTEEL,87.3066,88.0932,86.1792,87.4071,11328260,0.2657,82.0173,80.1423,68.8647,65.4685,2.19924,1.58351,0.615736,89.5525,74.4821,18.3747,2014,3,1,2014-03,False
2014-03-28,JSWSTEEL,87.831,88.351,85.7335,86.07,5572950,-1.5297,82.5709,80.1327,68.9849,60.7392,2.17131,1.70107,0.470242,89.5402,75.6016,16.8808,2014,3,1,2014-03,False
2014-03-31,JSWSTEEL,86.4152,91.5408,86.1705,90.5446,14044790,5.1987,83.2705,80.1547,69.1255,68.849,2.48162,1.85718,0.624446,90.5004,76.0407,17.3647,2014,3,1,2014-03,False
2014-04-01,JSWSTEEL,91.3005,91.3005,87.7043,89.3953,6983260,-1.2692,83.9439,80.1944,69.2696,65.128,2.60479,2.0067,0.598091,90.7929,77.0949,16.318,2014,4,2,2014-04,False
2014-04-02,JSWSTEEL,90.0246,90.8898,88.4777,90.1425,8617950,0.8359,84.5585,80.2721,69.4312,66.3995,2.73121,2.1516,0.57961,91.3106,77.8064,15.9702,2014,4,2,2014-04,False
2014-04-03,JSWSTEEL,90.1425,92.6376,89.1419,92.3886,10156330,2.4916,85.2596,80.3881,69.6048,69.9469,2.97831,2.31694,0.661362,92.2134,78.3058,16.3121,2014,4,2,2014-04,False
2014-04-04,JSWSTEEL,92.6376,93.4242,91.4229,93.0091,6336830,0.6716,85.9411,80.51,69.7756,70.8621,3.18746,2.49105,0.696409,93.1359,78.7463,16.7436,2014,4,2,2014-04,False
2014-04-07,JSWSTEEL,92.7556,93.8611,91.5976,92.5065,5873650,-0.5403,86.4552,80.6223,69.9412,69.0286,3.27491,2.64782,0.627088,93.993,78.9173,17.4376,2014,4,2,2014-04,False
2014-04-09,JSWSTEEL,92.7469,93.4242,92.2531,93.0746,5582160,0.6141,86.8602,80.7882,70.1042,69.9744,3.35142,2.78854,0.56288,94.9157,78.8048,18.5481,2014,4,2,2014-04,False
2014-04-10,JSWSTEEL,93.162,94.8225,92.8605,93.8087,4774920,0.7887,87.4576,81.0656,70.2668,71.1983,3.43173,2.91718,0.514554,95.7216,79.1936,18.8982,2014,4,2,2014-04,False
2014-04-11,JSWSTEEL,92.6595,93.9092,91.9385,92.6202,8329900,-1.267,87.9557,81.2915,70.4344,66.4736,3.36073,3.00589,0.354845,96.2024,79.709,18.752,2014,4,2,2014-04,False
2014-04-15,JSWSTEEL,92.6376,93.4679,87.6562,88.4821,5967660,-4.4678,88.3226,81.4302,70.5891,53.2295,2.9367,2.99205,-0.0553476,95.9209,80.7242,17.206,2014,4,2,2014-04,False
2014-04-16,JSWSTEEL,88.351,89.7536,87.0313,88.7136,6801940,0.2617,88.6534,81.6381,70.7428,53.7845,2.58949,2.91154,-0.322045,95.664,81.6427,15.816,2014,4,2,2014-04,False
2014-04-17,JSWSTEEL,89.1419,91.9385,87.8878,91.3267,5784390,2.9455,89.0766,81.8612,70.9176,59.6083,2.49641,2.82851,-0.332106,95.6218,82.5313,14.6959,2014,4,2,2014-04,False
2014-04-21,JSWSTEEL,92.4541,97.0073,91.7244,95.9674,7471300,5.0813,89.6289,82.2903,71.1199,67.4523,2.76522,2.81585,-0.0506371,96.5511,82.7067,15.4464,2014,4,2,2014-04,False
2014-04-22,JSWSTEEL,96.0373,98.4057,95.0148,96.9156,9444640,0.9881,90.3293,82.7546,71.328,68.7862,3.01995,2.85667,0.163279,97.2224,83.4363,15.2621,2014,4,2,2014-04,False
2014-04-23,JSWSTEEL,95.9586,97.8856,95.6964,97.3263,5895760,0.4238,90.907,83.221,71.5318,69.3718,3.21788,2.92892,0.288967,98.1213,83.6928,15.8718,2014,4,2,2014-04,False
2014-04-24,JSWSTEEL,97.3263,97.3263,97.3263,97.3263,0,0.0,91.4943,83.6952,71.7351,69.3718,3.33628,3.01039,0.325895,98.7947,84.1939,15.9581,2014,4,2,2014-04,False
2014-04-25,JSWSTEEL,97.1035,99.2402,96.7714,97.3919,5307170,0.0673,92.0796,84.1245,71.9462,69.4777,3.39626,3.08756,0.308695,99.2957,84.8635,15.6736,2014,4,2,2014-04,False
2014-04-28,JSWSTEEL,97.4443,98.6678,97.0379,97.453,4354150,0.0628,92.5935,84.588,72.171,69.5835,3.40942,3.15193,0.257488,99.8029,85.3841,15.5722,2014,4,2,2014-04,False
2014-04-29,JSWSTEEL,97.4443,97.5361,92.4454,92.8081,4916100,-4.7664,92.8636,84.9416,72.3722,54.2193,3.01034,3.12362,-0.113274,99.647,86.0801,14.6095,2014,4,2,2014-04,False
2014-04-30,JSWSTEEL,91.4185,95.2594,91.3792,94.6521,8012250,1.9869,93.2927,85.3605,72.5806,58.1682,2.81047,3.06099,-0.25052,99.3091,87.2763,12.8979,2014,4,2,2014-04,False
2014-05-02,JSWSTEEL,94.8356,96.4043,93.1445,95.3119,6893020,0.6971,93.531,85.8421,72.7977,59.5139,2.67448,2.98368,-0.309207,99.4662,87.5959,12.6914,2014,5,2,2014-05,False
2014-05-05,JSWSTEEL,94.604,97.7065,94.604,96.5442,5636820,1.2929,93.8885,86.3148,73.0188,61.9741,2.63576,2.9141,-0.278344,99.6329,88.144,12.2368,2014,5,2,2014-05,False
2014-05-06,JSWSTEEL,97.0074,97.689,96.3126,97.1821,3167930,0.6608,94.2404,86.7789,73.2494,63.2203,2.62627,2.85653,-0.230261,99.8802,88.6007,11.9689,2014,5,2,2014-05,False
2014-05-07,JSWSTEEL,96.7451,97.0772,95.0847,95.8843,3950870,-1.3355,94.4152,87.174,73.4693,58.9855,2.48538,2.7823,-0.29692,100.03,88.8005,11.8937,2014,5,2,2014-05,False
2014-05-08,JSWSTEEL,96.566,96.566,94.8487,95.7489,2890720,-0.1413,94.5522,87.5664,73.6894,58.5447,2.33587,2.69302,-0.357145,100.156,88.9483,11.8537,2014,5,2,2014-05,False
2014-05-09,JSWSTEEL,94.9973,99.4718,94.6695,98.9606,6863580,3.3543,94.8749,88.0287,73.9261,65.1874,2.44832,2.64408,-0.195758,100.721,89.0289,12.3237,2014,5,2,2014-05,False
2014-05-12,JSWSTEEL,99.1048,102.137,97.6191,101.574,7742990,2.6405,95.2999,88.5115,74.1845,69.4733,2.71697,2.65866,0.0583138,101.795,88.8052,13.6299,2014,5,2,2014-05,False
2014-05-13,JSWSTEEL,102.225,103.562,99.7865,100.791,6014750,-0.7701,95.649,88.9843,74.4436,66.8214,2.83409,2.69374,0.140349,102.545,88.7535,14.4184,2014,5,2,2014-05,False
2014-05-14,JSWSTEEL,100.949,102.688,99.8171,102.325,3876290,1.5217,96.1343,89.5318,74.7065,69.2964,3.01591,2.75818,0.257733,103.483,88.7852,15.2892,2014,5,2,2014-05,False
2014-05-15,JSWSTEEL,102.255,103.103,100.066,101.019,4849850,-1.2769,96.7611,90.0523,74.9619,64.858,3.01976,2.81049,0.20927,103.473,90.0492,13.8731,2014,5,2,2014-05,False
2014-05-16,JSWSTEEL,101.836,109.409,100.171,102.88,9082460,1.8427,97.4694,90.5788,75.2298,68.0025,3.13687,2.87577,0.261098,103.567,91.3714,12.5127,2014,5,2,2014-05,False
2014-05-19,JSWSTEEL,104.178,110.116,103.562,108.591,6487150,5.5513,98.3327,91.2321,75.519,75.3039,3.64846,3.03031,0.618152,105.554,91.1114,14.6874,2014,5,2,2014-05,False
2014-05-20,JSWSTEEL,109.85,110.553,106.734,107.32,5006940,-1.171,98.9003,91.8215,75.8108,71.3976,3.90626,3.2055,0.700767,107.062,90.7384,16.5052,2014,5,2,2014-05,False
2014-05-21,JSWSTEEL,107.495,108.015,105.489,106.385,3585830,-0.8713,99.3738,92.3818,76.095,68.5801,3.98914,3.36223,0.626912,108.128,90.6196,17.6187,2014,5,2,2014-05,False
2014-05-22,JSWSTEEL,106.97,107.997,104.951,106.088,2903480,-0.2793,99.8118,92.916,76.383,67.6663,3.9849,3.48676,0.498142,109.001,90.623,18.4123,2014,5,2,2014-05,False
2014-05-23,JSWSTEEL,106.166,111.165,105.598,110.632,6490230,4.2837,100.477,93.4841,76.6953,73.4851,4.2987,3.64915,0.649548,110.769,90.1854,20.4856,2014,5,2,2014-05,False
2014-05-26,JSWSTEEL,111.427,113.21,105.004,108.364,5416590,-2.0499,101.026,93.952,77.0042,67.0047,4.31465,3.78225,0.532398,111.784,90.2673,21.2984,2014,5,2,2014-05,False
2014-05-27,JSWSTEEL,108.369,109.243,104.873,107.534,4681320,-0.7662,101.53,94.4654,77.2946,64.7534,4.21174,3.86815,0.343595,112.525,90.5341,21.6599,2014,5,2,2014-05,False
2014-05-28,JSWSTEEL,106.271,107.232,102.369,105.358,8083390,-2.0236,102.157,94.9194,77.5797,59.1442,3.90953,3.87642,0.033106,112.468,91.8462,20.1865,2014,5,2,2014-05,False
2014-05-29,JSWSTEEL,105.305,107.136,104.873,105.638,5385000,0.2654,102.707,95.4093,77.8734,59.6282,3.65051,3.83124,-0.180732,112.491,92.9219,19.0535,2014,5,2,2014-05,False
2014-05-30,JSWSTEEL,105.751,109.229,105.209,105.869,7159220,0.2192,103.234,95.8847,78.1723,60.0503,3.42445,3.74988,-0.325436,112.463,94.0062,17.8781,2014,5,2,2014-05,False
2014-06-02,JSWSTEEL,106.878,108.246,105.769,107.176,4317290,1.2341,103.766,96.3709,78.4855,62.4363,3.31253,3.66241,-0.349881,112.587,94.9446,17.0024,2014,6,2,2014-06,False
2014-06-03,JSWSTEEL,107.6,113.088,107.586,111.454,10836730,3.9915,104.48,96.9016,78.8148,68.9708,3.52836,3.6356,-0.107242,113.367,95.592,17.013,2014,6,2,2014-06,False
2014-06-04,JSWSTEEL,111.537,112.913,108.836,111.301,6931900,-0.1372,105.25,97.4695,79.1512,68.512,3.64504,3.63749,0.00755489,113.66,96.8403,15.9811,2014,6,2,2014-06,False
2014-06-05,JSWSTEEL,111.864,114.049,110.261,113.07,8962060,1.5901,106.116,98.0154,79.4905,70.9227,3.8361,3.67721,0.15889,113.955,98.2781,14.773,2014,6,2,2014-06,False
2014-06-06,JSWSTEEL,113.193,113.979,111.253,112.603,9727620,-0.4135,106.799,98.5559,79.8268,69.4107,3.90478,3.72272,0.182052,114.385,99.2119,14.2074,2014,6,2,2014-06,False
2014-06-09,JSWSTEEL,113.494,114.923,112.389,113.839,4695220,1.0982,107.412,99.119,80.1624,71.1618,4.01273,3.78073,0.232005,115.2,99.6232,14.5024,2014,6,2,2014-06,False
2014-06-10,JSWSTEEL,114.923,115.29,111.969,114.565,6684240,0.6372,108.1,99.6667,80.5222,72.1682,4.10944,3.84647,0.262974,115.86,100.341,14.3562,2014,6,2,2014-06,False
2014-06-11,JSWSTEEL,114.049,115.967,112.087,113.027,6276970,-1.3426,108.636,100.179,80.869,66.8413,4.01569,3.88031,0.135373,116.192,101.08,13.9107,2014,6,2,2014-06,False
2014-06-12,JSWSTEEL,113.0,114.574,112.14,113.992,4816210,0.8544,109.284,100.738,81.211,68.4175,3.9735,3.89895,0.0745515,116.295,102.274,12.83,2014,6,2,2014-06,False
2014-06-13,JSWSTEEL,113.992,114.893,109.242,110.068,4894270,-3.4423,109.644,101.128,81.544,56.6364,3.58214,3.83559,-0.253446,115.976,103.311,11.5509,2014,6,2,2014-06,False
2014-06-16,JSWSTEEL,110.545,110.545,106.988,108.766,5221480,-1.183,109.652,101.515,81.8493,53.3532,3.13083,3.69464,-0.56381,115.979,103.326,11.5397,2014,6,2,2014-06,False
2014-06-17,JSWSTEEL,108.377,111.336,107.407,110.763,4060440,1.836,109.825,101.928,82.1643,57.4289,2.90085,3.53588,-0.635028,116.071,103.578,11.3753,2014,6,2,2014-06,False
2014-06-18,JSWSTEEL,109.942,112.249,106.297,107.787,4622770,-2.6866,109.895,102.236,82.4673,50.3667,2.45023,3.31875,-0.868519,116.009,103.781,11.1268,2014,6,2,2014-06,False
2014-06-19,JSWSTEEL,108.036,109.671,106.887,107.779,3781760,-0.0081,109.979,102.531,82.7792,50.3471,2.06856,3.06871,-1.00015,115.916,104.043,10.7955,2014,6,2,2014-06,False
2014-06-20,JSWSTEEL,106.795,109.5,106.262,106.647,6438200,-1.0501,109.78,102.814,83.079,47.7576,1.65568,2.78611,-1.13043,115.889,103.671,11.1298,2014,6,2,2014-06,False
2014-06-23,JSWSTEEL,106.621,110.239,106.035,108.417,5777730,1.6594,109.783,103.121,83.3722,51.9218,1.4545,2.51978,-1.06529,115.889,103.676,11.125,2014,6,2,2014-06,False
2014-06-24,JSWSTEEL,108.827,110.217,108.456,109.317,4030850,0.8303,109.872,103.431,83.6822,53.9331,1.35211,2.28625,-0.934138,115.892,103.852,10.958,2014,6,2,2014-06,False
2014-06-25,JSWSTEEL,108.98,109.929,107.495,107.814,3439390,-1.3751,109.995,103.735,83.9782,50.1594,1.13657,2.05631,-0.91974,115.72,104.269,10.4099,2014,6,2,2014-06,False
2014-06-26,JSWSTEEL,107.932,108.718,106.398,106.787,5100300,-0.9525,110.052,104.101,84.2833,47.7038,0.872837,1.81962,-0.946782,115.614,104.49,10.1076,2014,6,2,2014-06,False
2014-06-27,JSWSTEEL,106.271,108.535,106.271,107.617,4364440,0.7775,110.139,104.479,84.585,49.8418,0.722488,1.60019,-0.877705,115.475,104.804,9.6884,2014,6,2,2014-06,False
2014-06-30,JSWSTEEL,107.516,109.068,107.058,108.089,4534840,0.4385,110.185,104.814,84.8789,51.0665,0.634108,1.40698,-0.772868,115.428,104.942,9.5174,2014,6,2,2014-06,False
2014-07-01,JSWSTEEL,108.386,112.279,108.386,110.947,5701600,2.6439,110.16,105.114,85.1799,57.7877,0.785608,1.2827,-0.497094,115.382,104.937,9.4816,2014,7,3,2014-07,False
2014-07-02,JSWSTEEL,111.856,114.399,111.69,112.782,4752290,1.6542,110.234,105.431,85.4838,61.4497,1.04176,1.23451,-0.192758,115.565,104.902,9.673,2014,7,3,2014-07,False
2014-07-03,JSWSTEEL,113.271,114.311,111.934,112.638,3235940,-0.1278,110.212,105.737,85.7647,61.0019,1.21907,1.23142,-0.0123574,115.498,104.926,9.593,2014,7,3,2014-07,False
2014-07-04,JSWSTEEL,112.563,113.184,109.819,111.056,2903990,-1.4044,110.135,106.012,86.0473,56.1667,1.21791,1.22872,-0.0108142,115.318,104.952,9.4126,2014,7,3,2014-07,False
2014-07-07,JSWSTEEL,111.237,112.392,108.107,108.742,6880770,-2.0837,109.88,106.239,86.3144,49.9314,1.01852,1.18668,-0.168164,114.79,104.97,8.9378,2014,7,3,2014-07,False
2014-07-08,JSWSTEEL,108.856,109.989,103.638,104.528,8730960,-3.8752,109.378,106.381,86.5514,41.0047,0.514538,1.05225,-0.537713,114.324,104.432,9.0436,2014,7,3,2014-07,False
2014-07-09,JSWSTEEL,104.744,106.573,103.518,105.445,6113740,0.8771,108.999,106.633,86.7895,43.3766,0.186958,0.879193,-0.692234,113.93,104.068,9.0471,2014,7,3,2014-07,False
2014-07-10,JSWSTEEL,105.436,108.777,101.813,106.198,6662840,0.7148,108.609,106.864,87.0291,45.3229,-0.0116958,0.701015,-0.712711,113.09,104.129,8.2503,2014,7,3,2014-07,False
2014-07-11,JSWSTEEL,105.445,106.551,99.4985,100.292,6767060,-5.5618,108.12,106.964,87.215,35.132,-0.638378,0.433136,-1.07151,113.881,102.36,10.6556,2014,7,3,2014-07,False
2014-07-14,JSWSTEEL,99.4545,102.703,99.2429,101.319,3693110,1.024,107.748,107.059,87.3971,37.7529,-1.04016,0.138476,-1.17864,114.248,101.248,12.0652,2014,7,3,2014-07,False
2014-07-15,JSWSTEEL,102.262,104.554,102.086,104.017,3523170,2.6625,107.411,107.196,87.5984,44.1373,-1.12791,-0.114801,-1.01311,113.952,100.869,12.18,2014,7,3,2014-07,False
2014-07-16,JSWSTEEL,104.916,106.392,104.114,105.868,3067470,1.7798,107.315,107.396,87.803,48.0735,-1.03612,-0.299064,-0.737054,113.889,100.741,12.2523,2014,7,3,2014-07,False
2014-07-17,JSWSTEEL,105.789,108.786,104.488,108.054,5490970,2.0651,107.329,107.642,88.0124,52.3441,-0.777989,-0.394849,-0.383139,113.908,100.749,12.2605,2014,7,3,2014-07,False
2014-07-18,JSWSTEEL,107.446,108.169,106.362,107.503,5874450,-0.5099,107.371,107.813,88.2246,51.2012,-0.610838,-0.438047,-0.172791,113.943,100.799,12.2416,2014,7,3,2014-07,False
2014-07-21,JSWSTEEL,107.992,109.028,105.101,106.044,4992860,-1.3572,107.253,107.902,88.4345,48.2002,-0.589306,-0.468299,-0.121007,113.831,100.675,12.2667,2014,7,3,2014-07,False
2014-07-22,JSWSTEEL,105.881,107.984,105.246,107.032,6650760,0.9311,107.138,108.027,88.6509,50.3222,-0.486956,-0.47203,-0.0149258,113.645,100.632,12.1455,2014,7,3,2014-07,False
2014-07-23,JSWSTEEL,107.287,107.873,104.114,104.581,6283390,-2.2898,106.977,108.072,88.846,45.3555,-0.596721,-0.496968,-0.099753,113.572,100.381,12.3309,2014,7,3,2014-07,False
2014-07-24,JSWSTEEL,105.101,108.398,103.615,107.759,7186180,3.0389,107.025,108.207,89.0516,51.975,-0.422399,-0.482054,0.0596555,113.63,100.421,12.3411,2014,7,3,2014-07,False
2014-07-25,JSWSTEEL,107.825,108.698,102.306,103.933,7516010,-3.5505,106.841,108.228,89.2329,44.9201,-0.586216,-0.502887,-0.0833295,113.58,100.103,12.6145,2014,7,3,2014-07,False
2014-07-28,JSWSTEEL,103.893,105.524,102.871,105.193,3435780,1.2129,106.696,108.16,89.4148,47.4511,-0.60732,-0.523773,-0.0835463,113.447,99.9462,12.6532,2014,7,3,2014-07,False
2014-07-30,JSWSTEEL,105.074,105.996,102.408,104.312,3959920,-0.838,106.365,108.1,89.5959,45.8639,-0.687257,-0.55647,-0.130787,112.884,99.8458,12.2577,2014,7,3,2014-07,False
2014-07-31,JSWSTEEL,104.065,105.67,103.505,104.056,6920560,-0.2451,105.928,108.053,89.7703,45.3898,-0.762448,-0.597666,-0.164782,111.772,100.085,11.0331,2014,7,3,2014-07,False
2014-08-01,JSWSTEEL,103.554,106.652,100.94,103.091,11413800,-0.9277,105.451,107.993,89.9426,43.5587,-0.889674,-0.656068,-0.233607,110.492,100.411,9.5599,2014,8,3,2014-08,False
2014-08-04,JSWSTEEL,104.554,105.731,102.994,104.277,5369610,1.1502,105.112,107.866,90.1228,46.418,-0.884628,-0.70178,-0.182849,109.425,100.799,8.206,2014,8,3,2014-08,False
2014-08-05,JSWSTEEL,104.466,105.612,103.153,105.167,3663610,0.8539,104.933,107.802,90.3092,48.5269,-0.799565,-0.721337,-0.0782285,108.895,100.972,7.5502,2014,8,3,2014-08,False
2014-08-06,JSWSTEEL,104.307,105.912,102.439,102.981,3978830,-2.0789,104.856,107.711,90.4795,43.9526,-0.898215,-0.756712,-0.141502,108.91,100.802,7.7326,2014,8,3,2014-08,False
2014-08-07,JSWSTEEL,103.144,105.022,102.615,103.607,4116280,0.6078,104.764,107.676,90.6544,45.5355,-0.915337,-0.788437,-0.1269,108.845,100.683,7.791,2014,8,3,2014-08,False
2014-08-08,JSWSTEEL,102.712,103.47,100.42,101.804,6494630,-1.7401,104.544,107.599,90.809,41.8678,-1.06214,-0.843177,-0.218958,108.771,100.318,8.0857,2014,8,3,2014-08,False
2014-08-11,JSWSTEEL,102.703,103.391,101.315,102.394,4072400,0.5802,104.65,107.53,90.9547,43.4742,-1.11793,-0.898127,-0.2198,108.52,100.779,7.3977,2014,8,3,2014-08,False
2014-08-12,JSWSTEEL,102.703,103.496,102.007,103.223,3737670,0.8093,104.745,107.451,91.1039,45.7396,-1.08279,-0.93506,-0.147733,108.356,101.134,6.8946,2014,8,3,2014-08,False
2014-08-13,JSWSTEEL,102.76,104.532,101.821,103.717,7667550,0.4783,104.73,107.296,91.2553,47.0999,-1.00354,-0.948757,-0.054787,108.356,101.104,6.9246,2014,8,3,2014-08,False
2014-08-14,JSWSTEEL,103.377,112.832,103.377,112.312,13958840,8.2873,105.052,107.316,91.4471,64.0143,-0.244352,-0.807876,0.563524,110.006,100.098,9.4315,2014,8,3,2014-08,False
2014-08-18,JSWSTEEL,111.96,113.978,110.095,112.475,10810840,0.1452,105.273,107.304,91.6379,64.2479,0.366252,-0.57305,0.939302,111.107,99.4387,11.0843,2014,8,3,2014-08,False
2014-08-19,JSWSTEEL,114.15,114.56,112.136,113.374,7098360,0.7995,105.567,107.32,91.8293,65.5747,0.912202,-0.276,1.1882,112.382,98.7514,12.9117,2014,8,3,2014-08,False
2014-08-20,JSWSTEEL,113.723,114.604,111.96,113.286,6135140,-0.0778,105.929,107.309,92.0189,65.3188,1.32251,0.0437028,1.27881,113.57,98.2872,14.4277,2014,8,3,2014-08,False
2014-08-21,JSWSTEEL,113.282,113.568,111.091,112.343,3289410,-0.8327,106.194,107.264,92.2097,62.5075,1.55366,0.345695,1.20797,114.349,98.0394,15.3584,2014,8,3,2014-08,False
2014-08-22,JSWSTEEL,112.4,114.163,112.136,113.701,4820790,1.2085,106.65,107.278,92.4017,64.8522,1.82536,0.641628,1.18373,115.422,97.8787,16.4493,2014,8,3,2014-08,False
2014-08-25,JSWSTEEL,114.163,114.163,108.68,109.487,7707990,-3.7061,106.737,107.188,92.571,53.6394,1.68127,0.849556,0.831714,115.588,97.8854,16.5852,2014,8,3,2014-08,False
2014-08-26,JSWSTEEL,109.315,111.752,108.883,110.188,5380840,0.6401,107.049,107.19,92.7431,55.032,1.60513,1.00067,0.604458,115.925,98.1733,16.5831,2014,8,3,2014-08,False
2014-08-27,JSWSTEEL,111.166,111.607,109.667,110.531,4635680,0.312,107.316,107.225,92.9183,55.7344,1.55461,1.11146,0.44315,116.278,98.3546,16.7015,2014,8,3,2014-08,False
2014-08-28,JSWSTEEL,110.642,110.902,108.892,109.632,6796990,-0.8135,107.582,107.203,93.0865,53.3856,1.42558,1.17428,0.251297,116.484,98.6805,16.5489,2014,8,3,2014-08,False
2014-09-01,JSWSTEEL,109.853,117.24,104.731,116.451,8387520,6.2198,108.202,107.376,93.2902,65.3211,1.8522,1.30987,0.542338,117.771,98.633,17.6874,2014,9,3,2014-09,False
2014-09-02,JSWSTEEL,116.367,120.467,114.163,116.354,8189690,-0.0833,108.865,107.548,93.4977,65.066,2.15761,1.47942,0.678196,118.775,98.9553,18.2059,2014,9,3,2014-09,False
2014-09-03,JSWSTEEL,116.464,117.302,113.114,114.102,5840220,-1.9358,109.356,107.697,93.7025,59.2745,2.19262,1.62206,0.570565,119.283,99.4302,18.154,2014,9,3,2014-09,False
2014-09-04,JSWSTEEL,114.102,115.327,111.96,112.969,6277150,-0.9928,109.747,107.788,93.9034,56.5484,2.1047,1.71859,0.386114,119.593,99.9006,17.9431,2014,9,3,2014-09,False
2014-09-05,JSWSTEEL,113.635,116.456,112.85,115.442,6256580,2.1889,110.37,107.91,94.1027,60.7879,2.20909,1.81669,0.392403,119.987,100.752,17.4281,2014,9,3,2014-09,False
2014-09-08,JSWSTEEL,115.574,117.95,115.102,117.61,4122570,1.8786,111.07,108.106,94.3094,64.0964,2.4387,1.94109,0.49761,120.653,101.486,17.2567,2014,9,3,2014-09,False
2014-09-09,JSWSTEEL,117.253,118.505,115.786,117.835,4542960,0.1911,111.871,108.327,94.5109,64.4314,2.60873,2.07462,0.534115,120.855,102.888,16.06,2014,9,3,2014-09,False
2014-09-10,JSWSTEEL,116.914,118.307,116.147,117.994,3923290,0.1347,112.651,108.535,94.7094,64.682,2.72488,2.20467,0.520212,120.844,104.459,14.5453,2014,9,3,2014-09,False
2014-09-11,JSWSTEEL,117.998,119.012,116.817,117.919,4303960,-0.0635,113.386,108.731,94.9107,64.4511,2.77885,2.31951,0.459344,120.596,106.177,12.7166,2014,9,3,2014-09,False
2014-09-12,JSWSTEEL,119.012,119.012,116.632,118.752,3322190,0.7065,114.138,108.887,95.1223,65.9079,2.85592,2.42679,0.429133,120.136,108.14,10.5099,2014,9,3,2014-09,False
2014-09-15,JSWSTEEL,117.355,118.712,116.985,117.535,3490530,-1.0244,114.399,108.982,95.3221,61.9174,2.78671,2.49877,0.287939,120.516,108.282,10.6939,2014,9,3,2014-09,False
2014-09-16,JSWSTEEL,117.253,118.659,112.004,112.449,5184620,-4.3278,114.398,108.979,95.4952,48.6531,2.29496,2.45801,-0.163053,120.516,108.279,10.6971,2014,9,3,2014-09,False
2014-09-17,JSWSTEEL,113.295,115.927,112.978,115.556,5810720,2.7635,114.507,109.069,95.6712,54.996,2.13142,2.39269,-0.261273,120.626,108.387,10.6886,2014,9,3,2014-09,False
2014-09-18,JSWSTEEL,115.049,117.778,114.838,117.275,3121120,1.4876,114.706,109.239,95.8577,58.081,2.11614,2.33738,-0.221245,120.918,108.495,10.8302,2014,9,3,2014-09,False
2014-09-19,JSWSTEEL,117.364,117.954,112.317,112.894,10998660,-3.736,114.734,109.407,96.0208,48.8836,1.73053,2.21601,-0.485479,120.906,108.562,10.7589,2014,9,3,2014-09,False
2014-09-22,JSWSTEEL,112.744,113.498,109.253,110.033,4707520,-2.534,114.55,109.498,96.1629,43.9859,1.1805,2.00891,-0.828411,121.06,108.041,11.3661,2014,9,3,2014-09,False
2014-09-23,JSWSTEEL,110.108,111.153,105.498,106.304,4551720,-3.389,114.391,109.501,96.2866,38.5622,0.438631,1.69485,-1.25622,121.546,107.237,12.5093,2014,9,3,2014-09,False
2014-09-24,JSWSTEEL,106.34,109.562,104.025,107.829,6474750,1.4347,114.273,109.651,96.4186,41.727,-0.0259395,1.3507,-1.37663,121.789,106.758,13.1529,2014,9,3,2014-09,False
2014-09-25,JSWSTEEL,107.464,108.297,103.316,104.325,4231440,-3.2498,113.963,109.711,96.5328,37.0096,-0.669166,0.946723,-1.61589,122.563,105.363,15.0925,2014,9,3,2014-09,False
2014-09-26,JSWSTEEL,103.682,108.856,103.673,107.869,3580510,3.397,113.875,109.788,96.667,43.9152,-0.882787,0.580821,-1.46361,122.695,105.055,15.491,2014,9,3,2014-09,False
2014-09-29,JSWSTEEL,107.552,108.953,106.159,106.608,2450340,-1.1687,113.383,109.803,96.7934,42.1452,-1.14066,0.236525,-1.37718,122.683,104.083,16.4051,2014,9,3,2014-09,False
2014-09-30,JSWSTEEL,105.789,110.196,100.94,101.914,6167940,-4.4034,112.661,109.681,96.8878,36.2811,-1.70417,-0.151614,-1.55256,123.155,102.166,18.6301,2014,9,3,2014-09,False
2014-10-01,JSWSTEEL,101.381,104.435,101.165,103.708,4780650,1.7603,112.141,109.605,96.9951,39.7323,-1.98314,-0.51792,-1.46522,123.341,100.941,19.9743,2014,10,4,2014-10,False
2014-10-07,JSWSTEEL,103.144,105.656,100.909,101.509,4429790,-2.1209,111.568,109.514,97.0956,37.0805,-2.35457,-0.885249,-1.46932,123.722,99.4147,21.7866,2014,10,4,2014-10,False
2014-10-08,JSWSTEEL,101.46,104.021,100.327,103.545,3733390,2.0062,110.973,109.444,97.2107,41.0063,-2.45629,-1.19946,-1.25683,123.488,98.4589,22.5539,2014,10,4,2014-10,False
2014-10-09,JSWSTEEL,104.554,107.358,103.809,106.97,4369230,3.3076,110.441,109.492,97.3463,46.996,-2.23478,-1.40652,-0.82826,122.669,98.2135,22.1435,2014,10,4,2014-10,False
2014-10-10,JSWSTEEL,106.318,106.318,99.7322,100.781,6544620,-5.7854,109.589,109.352,97.4463,39.2426,-2.52945,-1.63111,-0.89834,122.022,97.155,22.6913,2014,10,4,2014-10,False
2014-10-13,JSWSTEEL,100.583,101.451,99.093,100.543,6146300,-0.2362,108.716,109.285,97.5367,38.9763,-2.75047,-1.85498,-0.895492,121.115,96.3169,22.8101,2014,10,4,2014-10,False
2014-10-14,JSWSTEEL,100.949,102.615,98.3437,100.777,8308940,0.2323,107.859,109.196,97.621,39.4109,-2.87366,-2.05872,-0.814944,119.945,95.7724,22.4118,2014,10,4,2014-10,False
2014-10-15,JSWSTEEL,100.777,100.777,100.777,100.777,0,0.0,106.96,109.126,97.7037,39.4109,-2.93743,-2.23446,-0.702969,118.285,95.6349,21.1766,2014,10,4,2014-10,False
2014-10-16,JSWSTEEL,100.777,101.143,94.8615,96.3778,10148490,-4.3651,105.902,108.972,97.7543,34.1057,-3.30483,-2.44853,-0.8563,117.019,94.7856,20.9943,2014,10,4,2014-10,False
2014-10-17,JSWSTEEL,96.3557,101.381,95.6549,99.7586,7722900,3.5079,105.268,108.905,97.8211,40.7112,-3.28533,-2.61589,-0.669436,116.259,94.2764,20.8826,2014,10,4,2014-10,False
2014-10-20,JSWSTEEL,101.469,102.17,98.6478,101.002,3515780,1.246,104.54,108.84,97.8897,42.9746,-3.13345,-2.7194,-0.414046,114.546,94.5337,19.1435,2014,10,4,2014-10,False
2014-10-21,JSWSTEEL,101.381,104.554,101.253,103.673,6091310,2.6447,103.86,108.81,97.9679,47.6038,-2.76566,-2.72866,-0.0370079,111.872,95.8479,15.4284,2014,10,4,2014-10,False
2014-10-22,JSWSTEEL,104.731,106.652,104.114,105.868,4001280,2.1173,103.509,108.868,98.0505,51.1157,-2.27089,-2.6371,0.366216,110.389,96.6283,13.2941,2014,10,4,2014-10,False
2014-10-27,JSWSTEEL,107.464,110.717,106.013,108.733,9645830,2.7063,103.444,108.97,98.1497,55.3247,-1.6288,-2.43544,0.806637,110.085,96.8025,12.84,2014,10,4,2014-10,False
2014-10-28,JSWSTEEL,104.466,107.728,104.025,106.675,7957880,-1.8932,103.462,109.068,98.2393,51.8692,-1.2714,-2.20263,0.931236,110.139,96.7854,12.9065,2014,10,4,2014-10,False
2014-10-29,JSWSTEEL,107.12,110.633,106.392,110.011,5067480,3.128,103.571,109.22,98.3484,56.6011,-0.710708,-1.90425,1.19354,110.61,96.5326,13.5918,2014,10,4,2014-10,False
2014-10-30,JSWSTEEL,109.13,111.078,109.015,109.905,7350690,-0.0962,103.85,109.354,98.4636,56.4117,-0.271762,-1.57775,1.30599,111.436,96.2646,14.6087,2014,10,4,2014-10,False
2014-10-31,JSWSTEEL,110.39,111.96,109.769,111.32,6549280,1.2874,104.023,109.506,98.5682,58.4156,0.18811,-1.22458,1.41269,112.132,95.9133,15.5918,2014,10,4,2014-10,False
2014-11-03,JSWSTEEL,111.607,112.396,109.584,110.47,3385250,-0.7642,104.216,109.469,98.6716,56.727,0.478402,-0.883983,1.36238,112.757,95.6748,16.3911,2014,11,4,2014-11,False
2014-11-05,JSWSTEEL,110.549,111.096,108.015,108.645,3667350,-1.6519,104.552,109.392,98.7663,53.1761,0.554815,-0.596223,1.15104,113.241,95.864,16.6201,2014,11,4,2014-11,False
2014-11-07,JSWSTEEL,109.139,109.139,106.282,106.736,5692610,-1.7567,104.704,109.259,98.8519,49.6739,0.456107,-0.385757,0.841864,113.436,95.972,16.6791,2014,11,4,2014-11,False
2014-11-10,JSWSTEEL,107.102,109.139,105.89,108.574,5981520,1.7221,105.057,109.165,98.9476,52.8917,0.520201,-0.204565,0.724766,113.816,96.2979,16.6751,2014,11,4,2014-11,False
2014-11-11,JSWSTEEL,108.61,110.091,107.728,109.905,5204050,1.226,105.375,109.116,99.0517,55.1293,0.670678,-0.0295169,0.700195,114.362,96.3881,17.0571,2014,11,4,2014-11,False
2014-11-12,JSWSTEEL,109.403,110.192,107.657,107.979,6225160,-1.7526,105.426,109.002,99.1503,51.3299,0.627271,0.101841,0.52543,114.461,96.3897,17.1417,2014,11,4,2014-11,False
2014-11-13,JSWSTEEL,108.521,108.989,105.432,106.273,5057720,-1.5798,105.7,108.938,99.249,48.1642,0.450036,0.17148,0.278556,114.472,96.9286,16.597,2014,11,4,2014-11,False
2014-11-14,JSWSTEEL,106.423,110.196,106.229,109.081,8139910,2.642,106.127,108.916,99.3471,53.2726,0.530032,0.24319,0.286842,114.67,97.5842,16.0993,2014,11,4,2014-11,False
2014-11-17,JSWSTEEL,109.315,109.593,107.032,109.112,4135840,0.0283,106.544,108.887,99.4556,53.327,0.589127,0.312378,0.27675,114.796,98.2917,15.4906,2014,11,4,2014-11,False
2014-11-18,JSWSTEEL,109.385,112.136,108.962,109.623,7948910,0.4686,106.986,108.887,99.5725,54.2776,0.669502,0.383803,0.2857,114.877,99.0951,14.7516,2014,11,4,2014-11,False
2014-11-19,JSWSTEEL,109.667,110.602,106.141,106.617,6683370,-2.7423,107.498,108.69,99.6726,48.078,0.485037,0.40405,0.0809878,113.622,101.374,11.3935,2014,11,4,2014-11,False
2014-11-20,JSWSTEEL,107.023,107.459,105.731,106.754,3071640,0.1282,107.848,108.498,99.7718,48.3667,0.345886,0.392417,-0.0465311,112.797,102.899,9.1778,2014,11,4,2014-11,False
2014-11-21,JSWSTEEL,106.238,107.278,104.29,104.867,3260770,-1.7672,108.041,108.314,99.8617,44.6735,0.0824271,0.330419,-0.247992,112.083,103.999,7.4824,2014,11,4,2014-11,False
2014-11-24,JSWSTEEL,105.608,108.768,105.608,107.785,4129430,2.7826,108.247,108.21,99.9767,50.9164,0.107849,0.285905,-0.178056,111.733,104.76,6.442,2014,11,4,2014-11,False
2014-11-25,JSWSTEEL,108.257,108.389,104.025,105.229,5519730,-2.3719,108.215,108.006,100.103,46.0172,-0.0774038,0.213243,-0.290647,111.803,104.626,6.6325,2014,11,4,2014-11,False
2014-11-26,JSWSTEEL,105.348,106.406,103.699,105.044,4555780,-0.1759,108.03,107.754,100.222,45.6745,-0.236432,0.123308,-0.35974,111.877,104.184,7.1212,2014,11,4,2014-11,False
2014-11-27,JSWSTEEL,105.343,106.551,104.691,105.365,3700570,0.3063,107.965,107.505,100.341,46.4214,-0.332663,0.032114,-0.364777,111.951,103.979,7.3834,2014,11,4,2014-11,False
2014-11-28,JSWSTEEL,105.797,107.552,105.454,105.868,4352810,0.4769,107.758,107.263,100.479,47.6323,-0.364181,-0.0471451,-0.317036,111.726,103.789,7.3657,2014,11,4,2014-11,False
2014-12-01,JSWSTEEL,105.789,107.512,102.928,103.351,5190950,-2.3774,107.43,106.971,100.594,42.4565,-0.585502,-0.154816,-0.430685,111.721,103.139,7.9888,2014,12,4,2014-12,False
2014-12-02,JSWSTEEL,103.144,104.731,102.262,103.739,4600390,0.3753,107.051,106.671,100.741,43.4759,-0.721286,-0.26811,-0.453176,111.233,102.869,7.8136,2014,12,4,2014-12,False
2014-12-03,JSWSTEEL,103.585,104.814,102.408,103.175,3945540,-0.5439,106.686,106.384,100.888,42.3021,-0.864458,-0.38738,-0.477078,110.885,102.487,7.8722,2014,12,4,2014-12,False
2014-12-04,JSWSTEEL,103.496,103.981,101.575,103.025,3855940,-0.1453,106.405,106.195,101.033,41.9778,-0.978733,-0.505651,-0.473083,110.8,102.01,8.2609,2014,12,4,2014-12,False
2014-12-05,JSWSTEEL,102.968,104.466,101.645,102.324,3686930,-0.6803,106.185,105.931,101.177,40.4177,-1.11302,-0.627125,-0.485896,110.938,101.431,8.9531,2014,12,4,2014-12,False
2014-12-08,JSWSTEEL,102.443,103.069,98.9123,99.7806,3577460,-2.4856,105.745,105.581,101.296,35.2918,-1.40843,-0.783386,-0.625047,111.15,100.34,10.2224,2014,12,4,2014-12,False
2014-12-09,JSWSTEEL,98.8241,99.7806,96.9728,97.6825,4403100,-2.1027,105.134,105.276,101.413,31.7181,-1.7912,-0.98495,-0.806254,111.272,98.9954,11.6773,2014,12,4,2014-12,False
2014-12-10,JSWSTEEL,97.8985,100.019,97.7133,98.5244,4011650,0.8619,104.661,105.046,101.53,34.5807,-2.00352,-1.18866,-0.814859,111.312,98.0104,12.7089,2014,12,4,2014-12,False
2014-12-11,JSWSTEEL,97.947,99.7498,97.1139,98.185,3123120,-0.3445,104.257,104.884,101.652,33.9625,-2.17411,-1.38575,-0.78836,111.455,97.0577,13.81,2014,12,4,2014-12,False
2014-12-12,JSWSTEEL,98.7228,99.5338,96.7569,97.5547,3024560,-0.642,103.68,104.678,101.784,32.7902,-2.33327,-1.57526,-0.758014,111.095,96.2653,14.3034,2014,12,4,2014-12,False
2014-12-15,JSWSTEEL,96.5761,98.5068,95.2802,96.2411,5038900,-1.3465,103.037,104.517,101.901,30.4328,-2.53616,-1.76744,-0.768723,110.697,95.3767,14.8686,2014,12,4,2014-12,False
2014-12-16,JSWSTEEL,95.6769,96.2676,90.0437,90.7886,5109760,-5.6655,102.095,104.175,101.985,23.0307,-3.10118,-2.03419,-1.06699,110.892,93.2978,17.2334,2014,12,4,2014-12,False
2014-12-17,JSWSTEEL,90.0966,91.992,87.5929,90.4228,6916990,-0.403,101.285,103.851,102.056,22.6329,-3.5377,-2.33489,-1.20281,111.235,91.335,19.648,2014,12,4,2014-12,False
2014-12-18,JSWSTEEL,91.0928,94.1518,90.8018,91.4718,6801760,1.1602,100.521,103.643,102.133,26.5504,-3.7557,-2.61905,-1.13665,111.034,90.0079,20.9174,2014,12,4,2014-12,False
2014-12-19,JSWSTEEL,92.1683,96.0031,91.9479,93.138,6809730,1.8215,99.9347,103.431,102.219,32.4046,-3.75079,-2.8454,-0.905388,110.732,89.1375,21.6084,2014,12,4,2014-12,False
2014-12-22,JSWSTEEL,93.1909,95.5315,92.565,94.4956,3405890,1.4576,99.2702,103.291,102.305,36.8232,-3.59589,-2.9955,-0.600395,109.661,88.8792,20.9348,2014,12,4,2014-12,False
2014-12-23,JSWSTEEL,94.8571,95.386,91.2426,92.1154,3718810,-2.5189,98.6145,103.062,102.379,32.7777,-3.62343,-3.12108,-0.50235,109.077,88.152,21.2191,2014,12,4,2014-12,False
2014-12-24,JSWSTEEL,91.3352,93.5347,90.6299,91.3175,4917300,-0.8661,97.9282,102.749,102.461,31.5274,-3.66736,-3.23034,-0.437024,108.416,87.4406,21.419,2014,12,4,2014-12,False
2014-12-26,JSWSTEEL,91.2426,92.8691,90.3743,92.2388,2796200,1.0088,97.2719,102.578,102.547,34.6282,-3.5865,-3.30157,-0.284928,107.438,87.106,20.9021,2014,12,4,2014-12,False
2014-12-29,JSWSTEEL,92.3843,95.8003,92.3843,94.2576,4637550,2.1887,96.6914,102.453,102.636,40.94,-3.32123,-3.3055,-0.0157248,106.087,87.2954,19.435,2014,12,4,2014-12,False
2014-12-30,JSWSTEEL,94.4648,95.051,91.4233,92.1154,3118020,-2.2727,96.1296,102.279,102.717,36.8717,-3.24644,-3.29369,0.0472545,105.186,87.0727,18.8431,2014,12,4,2014-12,False
2014-12-31,JSWSTEEL,92.3005,93.4024,91.7319,92.3666,3015260,0.2727,95.561,102.111,102.789,37.6542,-3.1308,-3.26111,0.130313,104.014,87.1078,17.6918,2014,12,4,2014-12,False
2015-01-01,JSWSTEEL,92.468,94.5044,91.8597,93.9667,2674400,1.7323,95.1006,102.063,102.867,42.5392,-2.87688,-3.18427,0.307385,102.775,87.4262,16.1395,2015,1,1,2015-01,False
2015-01-02,JSWSTEEL,94.3369,95.1215,93.7375,94.2532,3664240,0.3049,94.662,101.953,102.942,43.3945,-2.6223,-3.07187,0.449572,101.372,87.9525,14.1757,2015,1,1,2015-01,False
2015-01-05,JSWSTEEL,94.2532,95.8268,93.2702,94.0284,3392870,-0.2385,94.2472,101.813,103.001,42.8555,-2.41089,-2.93968,0.528784,99.9057,88.5887,12.0078,2015,1,1,2015-01,False
2015-01-06,JSWSTEEL,92.9264,93.354,89.9688,90.5991,5549800,-3.6471,93.7882,101.552,103.029,35.5928,-2.49135,-2.85001,0.358662,99.031,88.5453,11.1801,2015,1,1,2015-01,False
2015-01-07,JSWSTEEL,89.5676,90.4316,87.9147,89.2018,5286870,-1.5423,93.3641,101.219,103.066,33.1292,-2.63746,-2.8075,0.170043,98.6524,88.0759,11.3282,2015,1,1,2015-01,False
2015-01-08,JSWSTEEL,90.3611,91.2338,88.0337,90.1054,4780810,1.013,92.9432,100.846,103.103,36.2044,-2.64979,-2.77596,0.126168,97.8267,88.0596,10.5087,2015,1,1,2015-01,False
2015-01-09,JSWSTEEL,90.5374,91.2426,88.5142,89.2988,5046040,-0.8952,92.4989,100.499,103.144,34.6716,-2.6936,-2.75949,0.0658841,96.9743,88.0234,9.6767,2015,1,1,2015-01,False
2015-01-12,JSWSTEEL,89.0431,89.215,87.9499,88.2188,2409440,-1.2093,92.0321,100.063,103.174,32.6769,-2.78338,-2.76427,-0.0191155,96.2258,87.8383,9.1136,2015,1,1,2015-01,False
2015-01-13,JSWSTEEL,88.6816,89.3913,87.2006,87.5797,5067780,-0.7245,91.599,99.6162,103.198,31.5211,-2.87299,-2.78601,-0.0869769,95.7512,87.4467,9.0662,2015,1,1,2015-01,False
2015-01-14,JSWSTEEL,87.7163,87.9808,84.8997,85.3581,5881870,-2.5366,91.3275,99.097,103.2,27.8356,-3.08767,-2.84634,-0.241326,96.3267,86.3282,10.9479,2015,1,1,2015-01,False
2015-01-15,JSWSTEEL,86.2133,87.0992,84.3355,85.5962,6814340,0.2789,91.0861,98.5995,103.214,28.7962,-3.20169,-2.91741,-0.284278,96.6977,85.4745,12.3215,2015,1,1,2015-01,False
2015-01-16,JSWSTEEL,85.8386,87.5003,84.7146,86.4336,4952730,0.9784,90.8342,98.1553,103.217,32.2152,-3.18773,-2.97148,-0.216255,96.8132,84.8552,13.1647,2015,1,1,2015-01,False
2015-01-19,JSWSTEEL,86.9229,87.4607,85.7152,86.0986,3389350,-0.3876,90.4823,97.7425,103.219,31.5623,-3.16719,-3.01062,-0.15657,96.7137,84.2508,13.7738,2015,1,1,2015-01,False
2015-01-20,JSWSTEEL,86.3543,88.8844,86.2838,88.6067,6121230,2.913,90.1878,97.3432,103.234,41.174,-2.91493,-2.99148,0.0765527,96.1724,84.2032,13.2714,2015,1,1,2015-01,False
2015-01-21,JSWSTEEL,89.0475,89.3032,86.5703,88.1527,5028900,-0.5124,89.9897,96.9081,103.239,40.0768,-2.72028,-2.93724,0.216956,95.968,84.0114,13.2866,2015,1,1,2015-01,False
2015-01-22,JSWSTEEL,88.2453,89.0034,86.9406,87.5621,3852690,-0.67,89.8019,96.4998,103.24,38.6343,-2.5839,-2.86657,0.282669,95.8402,83.7636,13.448,2015,1,1,2015-01,False
2015-01-23,JSWSTEEL,89.0387,90.0084,87.7163,89.5059,5485050,2.22,89.6653,96.1644,103.257,45.5769,-2.29254,-2.75177,0.459226,95.5941,83.7365,13.2243,2015,1,1,2015-01,False
2015-01-27,JSWSTEEL,89.572,90.2905,88.2938,89.6117,4699280,0.1182,89.433,95.775,103.252,45.9354,-2.0297,-2.60735,0.577654,94.9542,83.9117,12.3472,2015,1,1,2015-01,False
2015-01-28,JSWSTEEL,89.4795,89.6558,87.2756,87.7207,4527080,-2.1102,89.2132,95.3472,103.244,40.7663,-1.95149,-2.47618,0.524693,94.6339,83.7926,12.1521,2015,1,1,2015-01,False
2015-01-29,JSWSTEEL,87.6106,88.3996,86.2485,87.9059,7116890,0.2111,88.9902,94.9129,103.233,41.4608,-1.8532,-2.35158,0.498384,94.2285,83.7519,11.7728,2015,1,1,2015-01,False
2015-01-30,JSWSTEEL,87.8045,88.6376,84.4237,86.1692,8125080,-1.9756,88.6003,94.5039,103.202,37.0698,-1.89362,-2.25999,0.366374,93.4234,83.7773,10.8872,2015,1,1,2015-01,False
2015-02-02,JSWSTEEL,86.2397,89.0034,86.1339,87.8926,4969410,2.0001,88.2823,94.1267,103.176,43.4684,-1.76622,-2.16124,0.395018,92.309,84.2556,9.1222,2015,2,1,2015-02,False
2015-02-03,JSWSTEEL,87.8926,88.6816,86.2177,86.8788,5147100,-1.1535,87.9248,93.7669,103.148,40.8379,-1.72715,-2.07442,0.347269,90.948,84.9017,6.8767,2015,2,1,2015-02,False
2015-02-04,JSWSTEEL,87.0992,88.8271,87.0111,87.7163,4891080,0.964,87.7807,93.3655,103.121,43.8602,-1.61005,-1.98155,0.371495,90.5294,85.0319,6.2628,2015,2,1,2015-02,False
2015-02-05,JSWSTEEL,87.8045,88.1571,85.6226,86.0854,5187440,-1.8593,87.6249,92.9827,103.082,39.6161,-1.63006,-1.91125,0.281191,90.3877,84.862,6.3061,2015,2,1,2015-02,False
2015-02-06,JSWSTEEL,86.2882,86.8083,84.1019,84.7058,4718950,-1.6027,87.3549,92.5759,103.043,36.4065,-1.73722,-1.87644,0.139226,90.1522,84.5576,6.4045,2015,2,1,2015-02,False
2015-02-09,JSWSTEEL,83.7493,84.0975,81.2809,82.5239,7214190,-2.5758,87.0161,92.1191,103.013,31.9924,-1.97543,-1.89624,-0.0791884,90.4014,83.6309,7.7807,2015,2,1,2015-02,False
2015-02-10,JSWSTEEL,82.2506,84.9746,81.7261,82.7443,4334980,0.2671,86.7424,91.6566,102.983,32.8776,-2.12197,-1.94138,-0.180583,90.5741,82.9108,8.8346,2015,2,1,2015-02,False
2015-02-11,JSWSTEEL,82.5944,87.2579,82.5944,86.2044,4968810,4.1818,86.6737,91.3137,102.958,44.9861,-1.93657,-1.94042,0.00385077,90.4914,82.8559,8.8094,2015,2,1,2015-02,False
2015-02-12,JSWSTEEL,86.491,87.0023,84.7631,85.6755,4874410,-0.6136,86.6895,90.9524,102.906,43.6887,-1.81144,-1.91463,0.103183,90.4868,82.8922,8.7607,2015,2,1,2015-02,False
2015-02-13,JSWSTEEL,86.3764,88.1042,85.6887,86.9229,6535110,1.456,86.7559,90.6274,102.856,47.5319,-1.59326,-1.85035,0.257096,90.5189,82.9928,8.6751,2015,2,1,2015-02,False
2015-02-16,JSWSTEEL,87.4519,88.426,86.8524,87.3813,4547420,0.5274,86.8032,90.3145,102.806,48.9118,-1.36758,-1.7538,0.386214,90.5731,83.0334,8.6859,2015,2,1,2015-02,False
2015-02-18,JSWSTEEL,87.6105,88.1924,85.5124,85.7945,4624720,-1.816,86.788,89.9839,102.749,44.5446,-1.30178,-1.66339,0.361617,90.5723,83.0038,8.7206,2015,2,1,2015-02,False
2015-02-19,JSWSTEEL,86.2882,92.7413,85.9664,91.4718,10900420,6.6174,86.9313,89.8177,102.719,58.7393,-0.782492,-1.48721,0.704722,91.1923,82.6703,9.8032,2015,2,1,2015-02,False
2015-02-20,JSWSTEEL,92.5738,93.2791,89.9511,90.2949,6068460,-1.2866,87.0384,89.67,102.683,55.5642,-0.46061,-1.28189,0.821283,91.5301,82.5467,10.3213,2015,2,1,2015-02,False
2015-02-23,JSWSTEEL,90.6255,91.0531,87.3858,87.9059,6027130,-2.6458,87.0556,89.4576,102.659,49.6922,-0.393754,-1.10427,0.710511,91.5584,82.5528,10.3446,2015,2,1,2015-02,False
2015-02-24,JSWSTEEL,88.1571,91.0487,86.5218,89.8982,6011050,2.2664,87.0752,89.2919,102.635,54.053,-0.177954,-0.919003,0.741049,91.6261,82.5243,10.4528,2015,2,1,2015-02,False
2015-02-25,JSWSTEEL,91.2162,91.2338,87.6855,88.1703,3899270,-1.922,87.0031,89.1042,102.599,50.0046,-0.144689,-0.76414,0.619451,91.4288,82.5774,10.1737,2015,2,1,2015-02,False
2015-02-26,JSWSTEEL,88.8624,89.4354,86.8348,87.4739,6711410,-0.7899,86.9908,88.9288,102.554,48.4302,-0.172534,-0.645819,0.473285,91.4094,82.5722,10.1589,2015,2,1,2015-02,False
2015-02-27,JSWSTEEL,88.4216,89.8497,87.7163,89.0078,7951640,1.7536,87.0459,88.8932,102.513,52.014,-0.0700182,-0.530659,0.46064,91.5394,82.5524,10.3245,2015,2,1,2015-02,False
2015-03-02,JSWSTEEL,89.6558,90.0922,87.3813,88.761,5523170,-0.2773,87.1755,88.86,102.478,51.395,-0.00859231,-0.426245,0.417653,91.7119,82.6391,10.4074,2015,3,1,2015-03,False
2015-03-03,JSWSTEEL,88.4216,90.1847,87.6943,88.3026,7891180,-0.5165,87.196,88.7966,102.44,50.2003,0.0030616,-0.340384,0.343446,91.7497,82.6423,10.4447,2015,3,1,2015-03,False
2015-03-04,JSWSTEEL,89.9203,90.0701,86.8436,87.4474,9128560,-0.9684,87.2244,88.6828,102.383,47.9605,-0.0560579,-0.283519,0.227461,91.7769,82.672,10.4385,2015,3,1,2015-03,False
2015-03-05,JSWSTEEL,89.1268,89.7175,86.6761,87.4166,6330360,-0.0353,87.2094,88.5412,102.312,47.8775,-0.104198,-0.247655,0.143456,91.757,82.6618,10.4291,2015,3,1,2015-03,False
2015-03-09,JSWSTEEL,87.7869,87.7869,84.287,84.6044,4438780,-3.217,87.1354,88.391,102.231,40.9254,-0.365064,-0.271137,-0.0939276,91.8066,82.4642,10.7217,2015,3,1,2015-03,False
2015-03-10,JSWSTEEL,85.0716,85.292,82.8677,83.2688,4668640,-1.5786,87.0635,88.23,102.136,38.0961,-0.671828,-0.351275,-0.320553,91.9321,82.1949,11.184,2015,3,1,2015-03,False
2015-03-11,JSWSTEEL,83.7493,84.027,81.7393,82.0434,4492530,-1.4716,87.0395,88.0261,102.041,35.6603,-1.00226,-0.481473,-0.520792,92.0062,82.0728,11.4124,2015,3,1,2015-03,False
2015-03-12,JSWSTEEL,82.4269,85.0628,82.4269,83.9388,4538010,2.3102,87.0992,87.8197,101.946,41.8533,-1.09853,-0.604885,-0.493649,91.8734,82.3251,10.9626,2015,3,1,2015-03,False
2015-03-13,JSWSTEEL,84.2782,84.6441,82.2594,83.1234,4327990,-0.9715,86.9452,87.6399,101.819,40.0665,-1.22649,-0.729206,-0.497283,92.0297,81.8607,11.6959,2015,3,1,2015-03,False
2015-03-16,JSWSTEEL,83.7625,83.9785,80.6638,81.0076,4202320,-2.5454,86.7118,87.4127,101.687,35.7962,-1.48154,-0.879673,-0.60187,92.4307,80.9929,13.1905,2015,3,1,2015-03,False
2015-03-17,JSWSTEEL,81.704,83.1057,80.7519,82.6473,7781370,2.0242,86.498,87.1863,101.569,41.0408,-1.53368,-1.01048,-0.523208,92.4965,80.4995,13.8696,2015,3,1,2015-03,False
2015-03-18,JSWSTEEL,83.8374,84.0093,82.1624,82.8148,5779120,0.2027,86.2697,86.9576,101.452,41.5659,-1.54369,-1.11712,-0.426575,92.4708,80.0686,14.3761,2015,3,1,2015-03,False
2015-03-19,JSWSTEEL,83.7493,85.0716,83.1895,83.7316,8020320,1.1071,86.1665,86.7516,101.318,44.4806,-1.46081,-1.18586,-0.274952,92.4687,79.8643,14.628,2015,3,1,2015-03,False
2015-03-20,JSWSTEEL,83.7052,83.9564,80.7078,81.1883,7733800,-3.0375,85.6524,86.5634,101.182,38.7119,-1.58211,-1.26511,-0.317002,91.8084,79.4963,14.3744,2015,3,1,2015-03,False
2015-03-23,JSWSTEEL,81.2765,82.3387,79.9805,80.9459,6487970,-0.2986,85.1849,86.3983,101.049,38.2033,-1.67845,-1.34778,-0.330678,91.2761,79.0937,14.301,2015,3,1,2015-03,False
2015-03-24,JSWSTEEL,80.9459,81.347,78.8786,79.5662,6518910,-1.7044,84.7679,86.1875,100.92,35.3565,-1.84487,-1.4472,-0.397674,91.2067,78.3292,15.1915,2015,3,1,2015-03,False
2015-03-25,JSWSTEEL,79.2444,80.3993,78.9976,80.2098,6553330,0.8088,84.2835,86.0057,100.793,37.689,-1.90289,-1.53833,-0.364556,90.5527,78.0143,14.8764,2015,3,1,2015-03,False
2015-03-26,JSWSTEEL,80.0511,80.0511,77.5959,78.0058,9654280,-2.7477,83.7753,85.8015,100.654,33.2625,-2.10247,-1.65116,-0.451311,90.3579,77.1926,15.715,2015,3,1,2015-03,False
2015-03-27,JSWSTEEL,78.1557,81.0164,78.1557,80.3905,5649210,3.057,83.4211,85.6577,100.52,41.2963,-2.04465,-1.72986,-0.314794,89.9276,76.9146,15.5993,2015,3,1,2015-03,False
2015-03-30,JSWSTEEL,80.9238,81.2897,78.9888,80.3993,5256430,0.011,82.9907,85.5585,100.364,41.3244,-1.97535,-1.77896,-0.196392,89.0657,76.9156,14.6404,2015,3,1,2015-03,False
2015-03-31,JSWSTEEL,81.5541,81.5938,79.5221,79.9188,6867990,-0.5976,82.5486,85.445,100.207,40.1943,-1.93687,-1.81054,-0.126328,88.1217,76.9754,13.5028,2015,3,1,2015-03,False
2015-04-01,JSWSTEEL,80.126,80.6814,79.3414,80.1921,6922890,0.342,82.143,85.3201,100.043,41.1796,-1.86285,-1.821,-0.0418449,87.0995,77.1866,12.0679,2015,4,2,2015-04,False
2015-04-06,JSWSTEEL,80.6638,80.6638,78.6626,79.4119,4374650,-0.9729,81.7413,85.1864,99.8771,39.1944,-1.84586,-1.82597,-0.0198864,86.161,77.3216,10.8139,2015,4,2,2015-04,False
2015-04-07,JSWSTEEL,79.7822,83.0749,79.4384,82.6561,7755090,4.0853,81.5032,85.0674,99.7212,49.9909,-1.55272,-1.77132,0.218603,85.0656,77.9409,8.7416,2015,4,2,2015-04,False
2015-04-08,JSWSTEEL,83.044,83.3834,80.6858,82.1624,5392850,-0.5973,81.3811,84.9476,99.5591,48.5773,-1.34474,-1.68601,0.341267,84.6514,78.1109,8.0368,2015,4,2,2015-04,False
2015-04-09,JSWSTEEL,82.4269,84.6308,80.9723,83.9873,12583240,2.221,81.4171,84.8761,99.4139,53.7797,-1.02089,-1.55298,0.532089,84.7888,78.0453,8.2827,2015,4,2,2015-04,False
2015-04-10,JSWSTEEL,84.0137,85.2479,82.6164,83.9168,7937210,-0.084,81.5107,84.7643,99.2636,53.5543,-0.761162,-1.39462,0.633458,85.0554,77.9661,8.6974,2015,4,2,2015-04,False
2015-04-13,JSWSTEEL,83.9256,84.9835,82.5151,83.0705,6359160,-1.0085,81.4673,84.6335,99.1286,50.8015,-0.616505,-1.239,0.622491,84.9065,78.0282,8.443,2015,4,2,2015-04,False
2015-04-15,JSWSTEEL,83.044,83.8551,81.2809,81.8759,2821510,-1.438,81.4049,84.5166,98.9941,47.1199,-0.591435,-1.10948,0.518049,84.7619,78.048,8.2475,2015,4,2,2015-04,False
2015-04-16,JSWSTEEL,81.8671,83.5641,81.6335,83.0087,5075540,1.3836,81.505,84.4186,98.8554,50.7639,-0.474686,-0.982524,0.507838,84.9307,78.0793,8.406,2015,4,2,2015-04,False
2015-04-17,JSWSTEEL,83.2997,86.3675,82.4798,84.3002,8209560,1.5559,81.5877,84.3813,98.7379,54.6048,-0.27478,-0.840976,0.566195,85.2038,77.9715,8.8645,2015,4,2,2015-04,False
2015-04-20,JSWSTEEL,84.8204,86.6144,83.4892,84.8689,9552170,0.6745,81.6904,84.3208,98.6234,56.2239,-0.0696686,-0.686714,0.617046,85.561,77.8197,9.4764,2015,4,2,2015-04,False
2015-04-21,JSWSTEEL,85.1421,85.865,83.3085,83.7889,7361470,-1.2725,81.6932,84.259,98.5091,52.4012,0.00567796,-0.548236,0.553914,85.5703,77.8161,9.4918,2015,4,2,2015-04,False
2015-04-22,JSWSTEEL,84.1901,85.3361,83.3085,84.6705,6337680,1.0521,81.8673,84.1981,98.3903,55.0859,0.134971,-0.411594,0.546565,85.9559,77.7787,9.9883,2015,4,2,2015-04,False
2015-04-23,JSWSTEEL,85.5124,87.54,85.3361,86.8832,9871930,2.6134,82.1642,84.214,98.2782,61.0275,0.411245,-0.247027,0.658272,86.7971,77.5313,11.2771,2015,4,2,2015-04,False
2015-04-24,JSWSTEEL,87.0243,87.5665,83.6435,84.3311,6996390,-2.9374,82.4024,84.2065,98.1608,52.4148,0.419423,-0.113737,0.53316,86.9623,77.8426,11.0672,2015,4,2,2015-04,False
2015-04-27,JSWSTEEL,84.5427,85.1509,81.7393,82.6649,6627080,-1.9758,82.5252,84.2094,98.0402,47.6835,0.288135,-0.0333623,0.321498,86.9672,78.0833,10.7651,2015,4,2,2015-04,False
2015-04-28,JSWSTEEL,82.3388,83.9256,81.8583,83.3261,5288140,0.7999,82.7912,84.221,97.9187,49.6267,0.234736,0.0202574,0.214479,86.6987,78.8838,9.4393,2015,4,2,2015-04,False
2015-04-29,JSWSTEEL,83.4363,84.838,82.7928,84.3796,7560010,1.2643,82.9907,84.1845,97.8002,52.6448,0.274262,0.0710582,0.203203,86.7878,79.1935,9.1508,2015,4,2,2015-04,False
2015-04-30,JSWSTEEL,83.8374,84.0137,81.4263,82.1801,11020710,-2.6067,83.0797,84.1146,97.6563,46.3947,0.126644,0.0821754,0.0444685,86.7004,79.459,8.7162,2015,4,2,2015-04,False
2015-05-04,JSWSTEEL,82.4357,83.2027,81.7216,82.687,5246220,0.6168,83.2181,84.0299,97.5058,47.9289,0.0499807,0.0757364,-0.0257558,86.5284,79.9078,7.9557,2015,5,2,2015-05,False
2015-05-05,JSWSTEEL,82.8501,86.394,82.6429,85.7945,10561070,3.7582,83.4982,83.9981,97.3716,56.2047,0.237243,0.108038,0.129205,86.6759,80.3206,7.6112,2015,5,2,2015-05,False
2015-05-06,JSWSTEEL,85.4243,86.9979,81.3778,82.0302,10232380,-4.3876,83.6291,83.9228,97.2265,46.5529,0.0809684,0.102624,-0.0216554,86.268,80.9903,6.3108,2015,5,2,2015-05,False
2015-05-07,JSWSTEEL,82.0302,82.0302,77.1375,78.094,11635160,-4.7985,83.401,83.6553,97.0733,39.0092,-0.356392,0.0108206,-0.367213,87.0059,79.7962,8.6447,2015,5,2,2015-05,False
2015-05-08,JSWSTEEL,78.4598,79.8615,78.0279,78.4819,5131440,0.4967,83.217,83.419,96.943,40.0403,-0.664049,-0.124153,-0.539895,87.4151,79.0189,10.0895,2015,5,2,2015-05,False
2015-05-11,JSWSTEEL,79.3414,80.9238,79.0946,79.6235,5153220,1.4546,82.9988,83.2534,96.8139,43.0899,-0.806453,-0.260613,-0.54584,87.4729,78.5248,10.781,2015,5,2,2015-05,False
2015-05-12,JSWSTEEL,79.7602,79.8307,77.1419,77.6003,4680170,-2.541,82.683,83.0074,96.6709,39.2773,-1.07023,-0.422536,-0.647692,87.7382,77.6278,12.228,2015,5,2,2015-05,False
2015-05-13,JSWSTEEL,77.9309,78.9006,76.873,78.1866,4058420,0.7555,82.4388,82.8077,96.5604,40.9088,-1.21793,-0.581614,-0.636312,87.8729,77.0047,13.1833,2015,5,2,2015-05,False
2015-05-14,JSWSTEEL,78.2835,80.3993,77.6929,79.8836,7651120,2.1705,82.3392,82.6559,96.4532,45.4757,-1.18439,-0.702169,-0.482221,87.8885,76.7898,13.4792,2015,5,2,2015-05,False
2015-05-15,JSWSTEEL,79.2533,79.3414,76.6967,77.2521,9518340,-3.2942,82.0514,82.4208,96.3194,40.2774,-1.35454,-0.832643,-0.521895,88.0347,76.068,14.5843,2015,5,2,2015-05,False
2015-05-18,JSWSTEEL,76.5204,80.6461,76.0884,80.3861,11468510,4.0568,81.8556,82.2533,96.192,47.9137,-1.2224,-0.910595,-0.311808,87.7851,75.9262,14.4875,2015,5,2,2015-05,False
2015-05-19,JSWSTEEL,80.3993,81.8539,79.7073,81.3338,5676590,1.1789,81.6789,82.1139,96.0584,49.9959,-1.02935,-0.934346,-0.0950029,87.4384,75.9193,14.1029,2015,5,2,2015-05,False
2015-05-20,JSWSTEEL,81.6688,82.1933,80.3111,81.2676,7037340,-0.0813,81.5528,81.9904,95.9272,49.8461,-0.87164,-0.921804,0.0501649,87.2277,75.878,13.917,2015,5,2,2015-05,False
2015-05-21,JSWSTEEL,81.2897,82.039,79.4296,81.4351,4802760,0.2061,81.3911,81.8707,95.8042,50.2526,-0.724783,-0.8824,0.157617,86.8729,75.9093,13.4703,2015,5,2,2015-05,False
2015-05-22,JSWSTEEL,81.5101,81.8407,80.6638,81.2941,3927750,-0.1732,81.1116,81.8045,95.6755,49.886,-0.612717,-0.828464,0.215747,85.9462,76.277,11.9208,2015,5,2,2015-05,False
2015-05-25,JSWSTEEL,81.9068,81.9068,79.3282,79.9761,5750540,-1.6212,80.8939,81.7387,95.5525,46.4744,-0.623069,-0.787385,0.164316,85.505,76.2827,11.4005,2015,5,2,2015-05,False
2015-05-26,JSWSTEEL,80.2186,81.2015,79.5177,80.8577,7177390,1.1023,80.8035,81.7149,95.418,48.9874,-0.553754,-0.740658,0.186904,85.3387,76.2683,11.2253,2015,5,2,2015-05,False
2015-05-27,JSWSTEEL,80.0819,81.4351,79.7822,81.1002,4805630,0.2998,80.6922,81.6582,95.3038,49.687,-0.473797,-0.687286,0.213489,85.0734,76.311,10.859,2015,5,2,2015-05,False
2015-05-28,JSWSTEEL,81.0164,81.4572,79.8792,80.7607,11219240,-0.4185,80.5113,81.6109,95.1816,48.6805,-0.432829,-0.636395,0.203566,84.5356,76.4869,9.997,2015,5,2,2015-05,False
2015-05-29,JSWSTEEL,80.4257,82.3387,79.8792,80.7784,10605550,0.0218,80.4412,81.6063,95.064,48.7385,-0.394393,-0.587994,0.193601,84.3913,76.491,9.8212,2015,5,2,2015-05,False
2015-06-01,JSWSTEEL,80.6726,81.0164,79.8086,80.1569,4258610,-0.7694,80.3147,81.5565,94.9445,46.7305,-0.409364,-0.552268,0.142905,84.1214,76.5079,9.4796,2015,6,2,2015-06,False
2015-06-02,JSWSTEEL,80.483,80.483,76.7584,77.4284,5754810,-3.4039,79.8964,81.4488,94.8162,39.1119,-0.634083,-0.568631,-0.0654515,82.9273,76.8654,7.5872,2015,6,2,2015-06,False
2015-06-03,JSWSTEEL,77.4637,78.1513,76.1281,77.543,8761200,0.148,79.672,81.325,94.6825,39.5576,-0.793777,-0.61366,-0.180116,82.7022,76.6418,7.6066,2015,6,2,2015-06,False
2015-06-04,JSWSTEEL,77.1375,78.1954,76.2956,77.2565,7729490,-0.3695,79.6301,81.2464,94.5429,38.793,-0.932702,-0.677469,-0.255233,82.7732,76.4871,7.8941,2015,6,2,2015-06,False
2015-06-05,JSWSTEEL,76.6923,78.1689,76.2868,77.2697,8229870,0.0171,79.5695,81.1729,94.4144,38.8518,-1.02986,-0.747947,-0.281915,82.8495,76.2895,8.2444,2015,6,2,2015-06,False
2015-06-08,JSWSTEEL,77.9309,78.1689,76.3,76.6791,5166440,-0.7644,79.4223,81.1151,94.2797,37.1372,-1.14137,-0.826631,-0.314736,82.9473,75.8973,8.8766,2015,6,2,2015-06,False
2015-06-09,JSWSTEEL,76.6879,77.6488,75.8548,77.3094,4727310,0.822,79.4077,81.0571,94.1573,40.1716,-1.16544,-0.894393,-0.271046,82.9666,75.8489,8.9636,2015,6,2,2015-06,False
2015-06-10,JSWSTEEL,77.1816,79.3414,76.7893,78.6935,5654990,1.7903,79.4331,81.0709,94.0388,46.3009,-1.06061,-0.927636,-0.132972,82.9625,75.9037,8.8864,2015,6,2,2015-06,False
2015-06-11,JSWSTEEL,78.9888,80.0467,76.3793,76.9744,4452290,-2.1845,79.2876,81.0026,93.9075,40.7208,-1.10352,-0.962813,-0.140709,82.9751,75.6002,9.3015,2015,6,2,2015-06,False
2015-06-12,JSWSTEEL,76.8554,77.2256,73.8228,74.3341,4580260,-3.4301,79.1417,80.8812,93.7606,33.9526,-1.33519,-1.03729,-0.297902,83.3609,74.9226,10.6623,2015,6,2,2015-06,False
2015-06-15,JSWSTEEL,73.8977,75.7049,73.6332,74.2591,4378810,-0.1008,78.8354,80.7681,93.5703,33.781,-1.50746,-1.13132,-0.376137,83.5363,74.1344,11.926,2015,6,2,2015-06,False
2015-06-16,JSWSTEEL,74.0211,74.4751,73.3026,74.0476,4280320,-0.2849,78.4711,80.6452,93.3782,33.2697,-1.64213,-1.23348,-0.408643,83.4763,73.4659,12.7568,2015,6,2,2015-06,False
2015-06-17,JSWSTEEL,74.5413,78.1072,73.7346,76.4807,10907940,3.2859,78.2317,80.5865,93.1937,43.804,-1.53482,-1.29375,-0.241073,83.1305,73.3329,12.5238,2015,6,2,2015-06,False
2015-06-18,JSWSTEEL,75.9297,78.4598,75.0217,77.9485,7617470,1.9192,78.0574,80.4924,93.017,49.0313,-1.31617,-1.29824,-0.017938,82.7186,73.3962,11.943,2015,6,2,2015-06,False
2015-06-19,JSWSTEEL,78.9712,80.3729,77.9089,79.8439,7238090,2.4316,77.9849,80.446,92.8545,54.8691,-0.97867,-1.23432,0.255653,82.4761,73.4937,11.5182,2015,6,2,2015-06,False
2015-06-22,JSWSTEEL,80.1789,80.6638,79.5177,79.791,3951510,-0.0663,77.9756,80.3621,92.685,54.6809,-0.70731,-1.12892,0.42161,82.4503,73.501,11.4771,2015,6,2,2015-06,False
2015-06-23,JSWSTEEL,79.7205,80.5315,79.5309,80.0511,3884370,0.3259,77.9353,80.2848,92.5378,55.4894,-0.4659,-0.996316,0.530416,82.3141,73.5565,11.237,2015,6,2,2015-06,False
2015-06-24,JSWSTEEL,80.3993,80.7519,78.4598,78.7375,5687440,-1.6409,77.8172,80.1981,92.3806,50.5811,-0.376236,-0.8723,0.496065,81.9575,73.6769,10.6411,2015,6,2,2015-06,False
2015-06-25,JSWSTEEL,77.8648,80.4875,77.6532,80.007,8601380,1.6123,77.7795,80.1607,92.228,54.7472,-0.20043,-0.737926,0.537496,81.8195,73.7395,10.3883,2015,6,2,2015-06,False
2015-06-26,JSWSTEEL,79.2885,79.8704,77.7634,78.6758,3960230,-1.6638,77.6744,80.0741,92.0732,49.9883,-0.166597,-0.62366,0.457063,81.4889,73.8598,9.8219,2015,6,2,2015-06,False
2015-06-29,JSWSTEEL,77.402,77.5783,75.8151,76.8245,5583010,-2.3531,77.5077,79.9246,91.875,44.2302,-0.285873,-0.556103,0.27023,81.1531,73.8624,9.4064,2015,6,2,2015-06,False
2015-06-30,JSWSTEEL,76.6967,77.4901,76.1281,76.8951,7938510,0.0918,77.4811,79.7651,91.6777,44.4925,-0.370438,-0.51897,0.148532,81.1366,73.8255,9.436,2015,6,2,2015-06,False
2015-07-01,JSWSTEEL,77.1375,78.8125,77.0493,78.5921,3296610,2.2069,77.5335,79.6612,91.5002,50.5229,-0.297098,-0.474596,0.177497,81.2228,73.8443,9.5166,2015,7,3,2015-07,False
2015-07-02,JSWSTEEL,79.5177,79.6147,77.8515,78.1204,3106730,-0.6001,77.5767,79.5302,91.3259,48.9318,-0.273876,-0.434452,0.160575,81.2726,73.8809,9.5282,2015,7,3,2015-07,False
2015-07-03,JSWSTEEL,78.1072,78.9006,76.441,76.6041,3720950,-1.941,77.5434,79.3246,91.1318,44.121,-0.373519,-0.422265,0.0487462,81.2628,73.8241,9.593,2015,7,3,2015-07,False
2015-07-06,JSWSTEEL,76.6756,78.9926,75.372,78.6845,4158290,2.7158,77.6437,79.2116,90.9371,51.2089,-0.281372,-0.394087,0.112714,81.3731,73.9143,9.6064,2015,7,3,2015-07,False
2015-07-07,JSWSTEEL,78.7515,79.3453,77.68,78.2604,5258970,-0.539,77.6913,79.1235,90.7393,49.8215,-0.239804,-0.36323,0.123426,81.427,73.9556,9.6167,2015,7,3,2015-07,False
2015-07-08,JSWSTEEL,77.631,77.9479,75.3005,75.7872,5448450,-3.1603,77.546,78.9728,90.5282,42.5771,-0.401799,-0.370944,-0.0308555,81.3431,73.7488,9.7933,2015,7,3,2015-07,False
2015-07-09,JSWSTEEL,75.9836,76.7425,74.5193,74.9121,4946930,-1.1546,77.4428,78.7834,90.3132,40.342,-0.593942,-0.415544,-0.178399,81.4134,73.4723,10.2541,2015,7,3,2015-07,False
2015-07-10,JSWSTEEL,75.8854,75.8854,73.0371,74.0996,8017040,-1.0846,77.4311,78.6218,90.0899,38.33,-0.802529,-0.492941,-0.309588,81.4415,73.4208,10.3585,2015,7,3,2015-07,False
2015-07-13,JSWSTEEL,74.5639,75.0461,73.2112,74.5371,6870270,0.5904,77.445,78.4588,89.8749,40.0634,-0.921906,-0.578734,-0.343172,81.4108,73.4793,10.2415,2015,7,3,2015-07,False
2015-07-14,JSWSTEEL,75.0059,75.4389,73.8452,74.2023,8426850,-0.4492,77.4528,78.227,89.6837,39.1563,-1.03164,-0.669315,-0.362324,81.3911,73.5144,10.1697,2015,7,3,2015-07,False
2015-07-15,JSWSTEEL,74.5416,75.1354,73.3496,73.6264,8968070,-0.7761,77.31,78.0589,89.4741,37.5802,-1.1518,-0.765811,-0.385985,81.5889,73.0312,11.0692,2015,7,3,2015-07,False
2015-07-16,JSWSTEEL,74.1085,77.9033,73.6934,77.5372,8516860,5.3116,77.2895,78.0478,89.2754,51.7756,-0.92084,-0.796817,-0.124023,81.5593,73.0196,11.049,2015,7,3,2015-07,False
2015-07-17,JSWSTEEL,77.3943,77.3943,76.2068,76.6354,6176700,-1.163,77.129,78.0108,89.0941,49.0079,-0.801335,-0.79772,-0.0036145,81.2326,73.0254,10.6409,2015,7,3,2015-07,False
2015-07-20,JSWSTEEL,76.5148,77.2783,75.8943,76.0818,3209170,-0.7224,76.9436,77.94,88.9243,47.3351,-0.742734,-0.786723,0.0439892,80.8722,73.015,10.2116,2015,7,3,2015-07,False
2015-07-21,JSWSTEEL,76.2514,76.3318,74.1309,74.6487,3706860,-1.8836,76.6735,77.881,88.766,43.2222,-0.802676,-0.789914,-0.0127624,80.4421,72.9049,9.8303,2015,7,3,2015-07,False
2015-07-22,JSWSTEEL,74.4568,76.9657,74.1085,76.7023,3978610,2.751,76.5717,77.8513,88.6104,49.9355,-0.676671,-0.767265,0.0905941,80.2134,72.93,9.5119,2015,7,3,2015-07,False
2015-07-23,JSWSTEEL,76.9657,77.4568,76.122,76.7425,3992610,0.0524,76.4085,77.7885,88.4725,50.0598,-0.567033,-0.727219,0.160185,79.6752,73.1418,8.5507,2015,7,3,2015-07,False
2015-07-24,JSWSTEEL,76.6979,77.564,75.0461,75.488,3543340,-1.6347,76.2491,77.7532,88.3106,46.1995,-0.574746,-0.696724,0.121979,79.3573,73.1409,8.1526,2015,7,3,2015-07,False
2015-07-27,JSWSTEEL,75.18,75.5282,72.4121,72.6755,3971970,-3.7258,76.0416,77.599,88.1409,38.9478,-0.798602,-0.7171,-0.0815026,79.5199,72.5634,9.1483,2015,7,3,2015-07,False
2015-07-28,JSWSTEEL,72.8585,73.6621,71.4299,72.3005,5514530,-0.516,75.8119,77.4183,87.9928,38.0893,-0.994801,-0.77264,-0.222161,79.642,71.9819,10.1041,2015,7,3,2015-07,False
2015-07-29,JSWSTEEL,72.2826,73.1041,71.4344,72.5951,6404220,0.4075,75.5121,77.2448,87.8373,39.2228,-1.11368,-0.840848,-0.27283,79.3646,71.6595,10.2038,2015,7,3,2015-07,False
2015-07-30,JSWSTEEL,72.3183,76.3407,71.6442,75.9077,17834280,4.5631,75.4014,77.1343,87.7093,50.251,-0.929872,-0.858652,-0.0712198,79.0608,71.742,9.7064,2015,7,3,2015-07,False
2015-07-31,JSWSTEEL,75.8943,76.2291,73.6978,74.238,5538730,-2.1996,75.2831,76.9932,87.5627,45.7453,-0.908462,-0.868614,-0.0398477,78.9318,71.6345,9.6931,2015,7,3,2015-07,False
2015-08-03,JSWSTEEL,74.1978,75.2246,73.1264,74.4702,4551710,0.3127,75.0724,76.8831,87.4002,46.464,-0.862817,-0.867455,0.00463822,78.3632,71.7816,8.7669,2015,8,3,2015-08,False
2015-08-04,JSWSTEEL,74.9121,79.7917,73.7068,78.5506,10741830,5.4793,75.0869,76.8369,87.2891,57.1974,-0.491717,-0.792307,0.30059,78.4388,71.735,8.9281,2015,8,3,2015-08,False
2015-08-05,JSWSTEEL,79.4658,81.564,78.9301,79.131,7235960,0.7388,75.2541,76.7975,87.182,58.4727,-0.149069,-0.66366,0.514591,79.0564,71.4518,10.1053,2015,8,3,2015-08,False
2015-08-06,JSWSTEEL,79.2872,81.4301,77.7827,80.564,7855920,1.811,75.5367,76.7936,87.081,61.5213,0.235405,-0.483847,0.719252,80.0125,71.0609,11.8506,2015,8,3,2015-08,False
2015-08-07,JSWSTEEL,80.6265,83.1087,80.2247,82.3632,6474440,2.2332,75.9499,76.8253,86.9889,64.9957,0.67747,-0.251583,0.929053,81.3061,70.5936,14.1047,2015,8,3,2015-08,False
2015-08-10,JSWSTEEL,82.323,83.4793,81.073,81.7962,5391170,-0.6884,76.3128,76.8581,86.916,63.0633,0.970869,-0.00709282,0.977962,82.2213,70.4043,15.485,2015,8,3,2015-08,False
2015-08-11,JSWSTEEL,81.4346,82.2471,79.4301,80.0283,7367360,-2.1614,76.6041,76.9101,86.8173,57.3385,1.04865,0.204055,0.844591,82.6474,70.5608,15.778,2015,8,3,2015-08,False
2015-08-12,JSWSTEEL,80.0283,80.0283,80.0283,80.0283,0,0.0,76.9242,76.9598,86.7125,57.3385,1.09763,0.38277,0.714861,82.9816,70.8668,15.749,2015,8,3,2015-08,False
2015-08-13,JSWSTEEL,79.0194,80.1801,76.0059,76.5461,11228220,-4.3512,76.8747,76.9456,86.5768,47.4904,0.84572,0.47536,0.37036,82.9272,70.8222,15.7464,2015,8,3,2015-08,False
2015-08-14,JSWSTEEL,77.2336,80.6712,76.3586,80.4122,9206130,5.0507,77.0635,77.0084,86.4496,56.4366,0.947126,0.569713,0.377413,83.3169,70.8101,16.2292,2015,8,3,2015-08,False
2015-08-17,JSWSTEEL,80.3587,87.207,80.3587,86.3231,14490780,7.3506,77.5756,77.2013,86.3375,65.9797,1.4873,0.753231,0.734069,85.0488,70.1024,19.2668,2015,8,3,2015-08,False
2015-08-18,JSWSTEEL,86.832,90.4482,85.1936,88.1356,20205650,2.0997,78.2499,77.4178,86.2448,68.2748,2.03816,1.01022,1.02794,86.9451,69.5547,22.2242,2015,8,3,2015-08,False
2015-08-19,JSWSTEEL,87.9481,88.841,85.4034,87.0374,8608640,-1.2461,78.7667,77.5847,86.1299,65.396,2.3589,1.27995,1.07895,88.2659,69.2675,24.1199,2015,8,3,2015-08,False
2015-08-20,JSWSTEEL,85.8543,87.5017,85.0998,85.8543,16718320,-1.3592,79.2223,77.7623,86.0097,62.3464,2.48894,1.52175,0.96719,89.1759,69.2687,25.1283,2015,8,3,2015-08,False
2015-08-21,JSWSTEEL,84.1087,85.0909,83.1355,84.5686,11999950,-1.4976,79.6763,77.967,85.8759,59.1196,2.45989,1.70938,0.750513,89.7405,69.6121,25.2627,2015,8,3,2015-08,False
2015-08-24,JSWSTEEL,81.2515,81.6757,76.3407,77.3943,9891320,-8.4833,79.9122,78.0297,85.7106,45.0952,1.8368,1.73486,0.101935,89.4951,70.3293,23.9835,2015,8,3,2015-08,False
2015-08-25,JSWSTEEL,78.4881,80.3587,73.9925,79.3051,7624140,2.4688,80.2625,78.1349,85.5639,48.5929,1.48011,1.68391,-0.203803,89.1616,71.3633,22.1752,2015,8,3,2015-08,False
2015-08-26,JSWSTEEL,79.1086,81.2962,76.7872,79.5863,7803800,0.3547,80.612,78.197,85.4281,49.1069,1.20622,1.58837,-0.382151,88.7607,72.4634,20.217,2015,8,3,2015-08,False
2015-08-27,JSWSTEEL,80.2694,83.7114,80.0506,83.2248,12623000,4.5717,80.9779,78.3025,85.3014,55.3288,1.26814,1.52433,-0.256186,88.8908,73.0649,19.5436,2015,8,3,2015-08,False
2015-08-28,JSWSTEEL,84.823,84.8989,81.4837,82.6712,5894790,-0.6652,81.3995,78.359,85.1652,54.2422,1.25804,1.47107,-0.21303,88.6732,74.1258,17.8716,2015,8,3,2015-08,False
2015-08-31,JSWSTEEL,82.948,83.39,81.4346,82.1489,4991240,-0.6318,81.7835,78.4062,85.036,53.1811,1.19412,1.41568,-0.221558,88.287,75.2799,15.9042,2015,8,3,2015-08,False
2015-09-01,JSWSTEEL,80.6399,81.9123,79.7337,80.5417,5320170,-1.9564,81.883,78.416,84.9074,49.9432,1.00223,1.33299,-0.330762,88.2374,75.5286,15.5207,2015,9,3,2015-09,False
2015-09-02,JSWSTEEL,80.6265,82.5908,79.0461,79.5595,7482190,-1.2194,81.9045,78.4324,84.7598,48.0192,0.762112,1.21881,-0.456702,88.2226,75.5863,15.428,2015,9,3,2015-09,False
2015-09-03,JSWSTEEL,80.0908,83.9302,79.8676,83.0373,8770500,4.3712,82.0281,78.4931,84.6294,54.6773,0.842729,1.1436,-0.300867,88.3326,75.7237,15.3714,2015,9,3,2015-09,False
2015-09-04,JSWSTEEL,82.5908,82.8096,79.6488,80.6667,5668230,-2.8548,81.9433,78.5329,84.4846,49.9781,0.707181,1.05631,-0.349133,88.2743,75.6122,15.4523,2015,9,3,2015-09,False
2015-09-07,JSWSTEEL,80.8989,82.0105,79.0685,79.5372,6717090,-1.4002,81.8303,78.5871,84.3492,47.8672,0.502823,0.945615,-0.442792,88.2524,75.4083,15.696,2015,9,3,2015-09,False
2015-09-08,JSWSTEEL,79.9122,84.823,79.5551,84.1668,9845560,5.8206,82.0373,78.7326,84.2363,56.0593,0.706291,0.89775,-0.19146,88.4815,75.593,15.7105,2015,9,3,2015-09,False
2015-09-09,JSWSTEEL,86.5016,89.1981,85.2472,87.6401,11875490,4.1267,82.4179,78.9135,84.1501,61.0096,1.13473,0.945145,0.18958,89.2499,75.5858,16.5791,2015,9,3,2015-09,False
2015-09-10,JSWSTEEL,86.2963,88.082,85.0418,87.1133,8878750,-0.6011,82.9462,79.0934,84.0468,59.9072,1.41544,1.0392,0.376234,89.4949,76.3976,15.7901,2015,9,3,2015-09,False
2015-09-11,JSWSTEEL,87.8633,88.1936,85.448,86.0373,6720540,-1.2351,83.2275,79.282,83.9508,57.6174,1.53341,1.13805,0.395367,89.801,76.6539,15.7966,2015,9,3,2015-09,False
2015-09-14,JSWSTEEL,87.5195,89.2428,86.0373,88.6847,8455250,3.077,83.3456,79.482,83.869,61.5154,1.81955,1.27435,0.545206,90.2307,76.4604,16.5219,2015,9,3,2015-09,False
2015-09-15,JSWSTEEL,89.1535,89.8053,84.2069,84.6623,9069490,-4.5356,83.1719,79.6101,83.7655,53.4689,1.70213,1.3599,0.342224,89.715,76.6287,15.734,2015,9,3,2015-09,False
2015-09-16,JSWSTEEL,85.4481,86.1981,84.0195,84.8632,6624530,0.2373,83.0632,79.7916,83.6605,53.794,1.60676,1.40927,0.197482,89.4051,76.7213,15.27,2015,9,3,2015-09,False
2015-09-18,JSWSTEEL,85.8052,87.2338,82.698,84.3141,14930770,-0.6471,82.9862,79.9796,83.5653,52.71,1.46992,1.4214,0.0485168,89.2219,76.7505,15.0283,2015,9,3,2015-09,False
2015-09-21,JSWSTEEL,83.4927,84.6177,82.4391,82.6935,8287470,-1.9221,82.8924,80.1515,83.4601,49.5375,1.21668,1.38046,-0.163775,89.0842,76.7007,14.9393,2015,9,3,2015-09,False
2015-09-22,JSWSTEEL,82.8632,83.3676,80.6355,81.4078,7904700,-1.5548,83.0931,80.2889,83.3512,47.1146,0.901849,1.28474,-0.382888,88.7736,77.4126,13.6727,2015,9,3,2015-09,False
2015-09-23,JSWSTEEL,80.3497,80.3497,77.2827,78.0684,10533450,-4.102,83.0313,80.3663,83.2265,41.4447,0.378519,1.10349,-0.724975,88.9089,77.1536,14.1576,2015,9,3,2015-09,False
2015-09-24,JSWSTEEL,77.68,79.9569,77.1532,78.5997,9277560,0.6805,82.9819,80.4657,83.1078,42.6276,0.00656843,0.884109,-0.87754,88.9963,76.9676,14.4955,2015,9,3,2015-09,False
2015-09-28,JSWSTEEL,78.6622,79.2426,76.6175,77.2292,5006510,-1.7437,82.6821,80.4596,82.9951,40.3623,-0.394252,0.628437,-1.02269,89.2204,76.1439,15.8154,2015,9,3,2015-09,False
2015-09-29,JSWSTEEL,75.0237,76.7827,74.1175,75.0148,6367450,-2.8672,82.2993,80.4271,82.8817,36.9462,-0.880434,0.326662,-1.2071,89.6823,74.9164,17.9417,2015,9,3,2015-09,False
2015-09-30,JSWSTEEL,76.6086,79.8944,76.0952,79.3988,9580920,5.8442,82.1618,80.4935,82.7861,46.5853,-0.901591,0.0810116,-0.982603,89.6581,74.6655,18.2477,2015,9,3,2015-09,False
2015-10-01,JSWSTEEL,79.2872,79.4211,77.8586,78.2515,5778190,-1.4451,82.0473,80.5655,82.6865,44.661,-0.99942,-0.135075,-0.864345,89.7158,74.3788,18.6929,2015,10,4,2015-10,False
2015-10-05,JSWSTEEL,78.8408,81.5194,78.5015,81.0908,8785890,3.6285,82.1239,80.6533,82.6041,50.1488,-0.838176,-0.275695,-0.562481,89.718,74.5297,18.4944,2015,10,4,2015-10,False
2015-10-06,JSWSTEEL,81.5908,81.7783,80.1444,80.3899,7584600,-0.8643,81.9915,80.7263,82.5249,48.8607,-0.758206,-0.372197,-0.386009,89.6109,74.3721,18.5857,2015,10,4,2015-10,False
2015-10-07,JSWSTEEL,80.7962,82.4748,80.1399,81.7024,9421310,1.6327,82.0433,80.8505,82.4794,51.3792,-0.582208,-0.414199,-0.168009,89.6388,74.4478,18.5158,2015,10,4,2015-10,False
2015-10-08,JSWSTEEL,81.6087,82.8498,80.5372,81.564,7572770,-0.1694,82.1446,81.0283,82.4352,51.0935,-0.448723,-0.421104,-0.027619,89.6529,74.6363,18.2807,2015,10,4,2015-10,False
2015-10-09,JSWSTEEL,82.5016,83.1266,80.8542,81.1935,7588200,-0.4543,81.996,81.2062,82.3838,50.2871,-0.368587,-0.410601,0.0420139,89.4532,74.5387,18.1894,2015,10,4,2015-10,False
2015-10-12,JSWSTEEL,81.5998,82.5775,79.7337,80.5908,10185530,-0.7423,81.6435,81.3661,82.321,48.9344,-0.349678,-0.398416,0.0487379,88.629,74.658,17.1122,2015,10,4,2015-10,False
2015-10-13,JSWSTEEL,80.7158,82.1935,79.5819,81.9257,9713860,1.6563,81.3841,81.4865,82.2582,52.0133,-0.224396,-0.363612,0.139216,87.8828,74.8855,15.9702,2015,10,4,2015-10,False
2015-10-14,JSWSTEEL,81.5194,84.0194,80.4167,80.8364,10874710,-1.3296,81.1241,81.6184,82.2018,49.396,-0.210579,-0.333005,0.122426,87.2439,75.0043,15.0875,2015,10,4,2015-10,False
2015-10-15,JSWSTEEL,81.2515,82.323,80.3631,81.4926,8789130,0.8118,80.7645,81.7589,82.1527,50.9959,-0.145003,-0.295405,0.150402,85.7547,75.7743,12.3574,2015,10,4,2015-10,False
2015-10-16,JSWSTEEL,81.6087,82.1444,79.9346,80.0863,6739690,-1.7256,80.5357,81.7896,82.0919,47.5282,-0.204154,-0.277155,0.0730007,85.1811,75.8903,11.5362,2015,10,4,2015-10,False
2015-10-19,JSWSTEEL,80.1176,80.9747,78.7917,79.5238,8540960,-0.7024,80.2687,81.7974,82.0182,46.1756,-0.293045,-0.280333,-0.0127118,84.4583,76.0791,10.4389,2015,10,4,2015-10,False
2015-10-20,JSWSTEEL,79.3765,80.7158,78.9747,79.7828,11650600,0.3256,80.0421,81.7818,81.9566,46.9244,-0.338692,-0.292005,-0.0466876,83.7759,76.3084,9.3294,2015,10,4,2015-10,False
2015-10-21,JSWSTEEL,79.6042,81.5908,79.1979,80.9078,11028970,1.4101,79.9529,81.7527,81.8993,50.168,-0.280852,-0.289774,0.00892198,83.5004,76.4053,8.8741,2015,10,4,2015-10,False
2015-10-23,JSWSTEEL,82.0551,82.2337,80.5283,81.7471,11081350,1.0374,79.9698,81.7517,81.8382,52.5003,-0.165381,-0.264896,0.0995144,83.5497,76.3899,8.9532,2015,10,4,2015-10,False
2015-10-26,JSWSTEEL,82.0551,82.5908,80.9078,81.1444,6851330,-0.7373,80.1236,81.774,81.7726,50.6665,-0.121107,-0.236138,0.115031,83.623,76.6242,8.7349,2015,10,4,2015-10,False
2015-10-27,JSWSTEEL,80.8363,81.698,80.0729,81.3587,6490770,0.2641,80.2616,81.8007,81.7093,51.3176,-0.067945,-0.202499,0.134554,83.7253,76.7978,8.6312,2015,10,4,2015-10,False
2015-10-28,JSWSTEEL,81.1355,81.8631,80.8096,81.4033,5870970,0.0549,80.4703,81.8978,81.6633,51.4613,-0.0219579,-0.166391,0.144433,83.6566,77.2839,7.9193,2015,10,4,2015-10,False
2015-10-29,JSWSTEEL,81.1801,82.5864,80.8676,82.2783,13032360,1.0749,80.8334,81.9351,81.6287,54.3086,0.0841232,-0.116288,0.200411,82.8384,78.8285,4.9608,2015,10,4,2015-10,False
2015-10-30,JSWSTEEL,82.2337,83.9123,80.9971,81.2828,8594130,-1.21,80.9276,81.8343,81.5846,50.6669,0.0868599,-0.0756586,0.162518,82.8229,79.0324,4.6837,2015,10,4,2015-10,False
2015-11-02,JSWSTEEL,81.3319,81.7694,79.256,79.9971,5215560,-1.5818,81.0149,81.6715,81.5381,46.3446,-0.014551,-0.063437,0.048886,82.5097,79.5202,3.6901,2015,11,4,2015-11,False
2015-11-03,JSWSTEEL,80.2872,80.8542,79.2872,79.7872,4467130,-0.2623,80.9497,81.5265,81.4959,45.6601,-0.110576,-0.0728649,-0.0377114,82.5411,79.3584,3.9318,2015,11,4,2015-11,False
2015-11-04,JSWSTEEL,80.0908,80.7828,79.4747,79.6578,3418680,-0.1623,80.9131,81.4026,81.4563,45.2162,-0.194878,-0.0972676,-0.0976108,82.5901,79.2361,4.1452,2015,11,4,2015-11,False
2015-11-05,JSWSTEEL,79.5104,79.8185,77.5193,77.8363,6709440,-2.2866,80.7198,81.268,81.4187,39.4121,-0.404008,-0.158616,-0.245393,82.8451,78.5945,5.2659,2015,11,4,2015-11,False
2015-11-06,JSWSTEEL,77.3274,78.6622,76.4389,77.9925,4956020,0.2007,80.5413,81.2799,81.3807,40.1222,-0.550788,-0.23705,-0.313738,82.9493,78.1332,5.9796,2015,11,4,2015-11,False
2015-11-09,JSWSTEEL,76.6889,83.448,76.4836,79.122,4956590,1.4482,80.4377,81.2763,81.3441,45.1283,-0.569408,-0.303522,-0.265886,82.905,77.9703,6.1348,2015,11,4,2015-11,False
2015-11-10,JSWSTEEL,78.5819,78.756,77.5015,77.9167,3870870,-1.5234,80.304,81.2429,81.3032,41.1722,-0.673662,-0.37755,-0.296112,83.0143,77.5937,6.75,2015,11,4,2015-11,False
2015-11-13,JSWSTEEL,78.0461,81.8766,77.7247,81.3007,5458020,4.3431,80.2727,81.2044,81.2667,53.4972,-0.477717,-0.397583,-0.0801337,82.9179,77.6275,6.5905,2015,11,4,2015-11,False
2015-11-16,JSWSTEEL,80.7962,82.1444,79.7069,80.9301,6734140,-0.4558,80.2774,81.1696,81.2306,52.2073,-0.348315,-0.38773,0.0394143,82.9271,77.6277,6.6014,2015,11,4,2015-11,False
2015-11-17,JSWSTEEL,81.0908,81.9658,79.5551,79.8721,5019240,-1.3073,80.1964,81.124,81.1921,48.6039,-0.327365,-0.375657,0.048292,82.7881,77.6047,6.4634,2015,11,4,2015-11,False
2015-11-18,JSWSTEEL,79.8944,80.5551,78.4836,79.0774,5359600,-0.9949,80.1459,81.0947,81.14,46.0339,-0.370612,-0.374648,0.00403559,82.7855,77.5064,6.5869,2015,11,4,2015-11,False
2015-11-19,JSWSTEEL,79.3452,81.064,79.3452,80.8096,4458160,2.1905,80.2102,81.1197,81.0959,51.9927,-0.262093,-0.352137,0.0900441,82.8486,77.5718,6.5787,2015,11,4,2015-11,False
2015-11-20,JSWSTEEL,80.9837,81.564,79.7069,79.9212,6360600,-1.0994,80.2171,81.0574,81.057,49.0041,-0.244953,-0.3307,0.0857468,82.8516,77.5827,6.5682,2015,11,4,2015-11,False
2015-11-23,JSWSTEEL,80.0194,80.5328,78.7783,79.4569,3245890,-0.5809,80.1446,81.0332,81.0147,47.4684,-0.265771,-0.317714,0.0519435,82.7788,77.5103,6.5737,2015,11,4,2015-11,False
2015-11-24,JSWSTEEL,79.0149,80.2247,78.6935,79.1667,5396450,-0.3652,80.0156,81.0258,80.9797,46.4878,-0.302201,-0.314611,0.0124105,82.5709,77.4602,6.3872,2015,11,4,2015-11,False
2015-11-26,JSWSTEEL,79.5551,80.2694,78.6711,79.7158,7810390,0.6936,79.9441,80.9368,80.9388,48.6495,-0.283495,-0.308388,0.0248931,82.446,77.4423,6.2589,2015,11,4,2015-11,False
2015-11-27,JSWSTEEL,79.7247,80.6622,77.689,77.8631,8163250,-2.3241,79.7694,80.7413,80.8937,42.4227,-0.413404,-0.329391,-0.0840124,82.3425,77.1962,6.4514,2015,11,4,2015-11,False
2015-11-30,JSWSTEEL,77.7693,81.2337,77.7425,80.8497,12445090,3.8358,79.7417,80.616,80.8594,52.8905,-0.27222,-0.317957,0.0457367,82.2519,77.2314,6.296,2015,11,4,2015-11,False
2015-12-01,JSWSTEEL,79.6444,84.707,79.5685,84.265,16148990,4.2242,79.841,80.5805,80.8503,61.5083,0.113937,-0.231578,0.345515,82.8762,76.8058,7.6032,2015,12,4,2015-12,False
2015-12-02,JSWSTEEL,84.4882,87.9124,83.8409,87.6133,19082900,3.9735,80.1575,80.5591,80.8648,67.7391,0.682282,-0.0488063,0.731088,84.7478,75.5673,11.4531,2015,12,4,2015-12,False
2015-12-03,JSWSTEEL,87.3231,88.7517,86.3409,87.2159,12941730,-0.4535,80.5185,80.6102,80.8883,66.3662,1.0881,0.178574,0.909521,86.0867,74.9503,13.8309,2015,12,4,2015-12,False
2015-12-04,JSWSTEEL,86.9659,87.3186,85.9704,86.6713,10064690,-0.6245,80.8627,80.6463,80.9079,64.4382,1.35019,0.412898,0.937294,87.0565,74.6689,15.3194,2015,12,4,2015-12,False
2015-12-07,JSWSTEEL,86.8856,87.6579,85.9436,86.8856,11031530,0.2473,81.2241,80.6978,80.9113,64.8706,1.55725,0.641767,0.915479,87.9431,74.5051,16.5444,2015,12,4,2015-12,False
2015-12-08,JSWSTEEL,86.7204,87.0954,85.5016,85.7829,5796190,-1.2691,81.6214,80.7596,80.9119,60.7755,1.61376,0.836165,0.777592,88.436,74.8068,16.6982,2015,12,4,2015-12,False
2015-12-09,JSWSTEEL,85.649,85.7159,83.8587,84.0953,6127490,-1.9672,81.9266,80.8133,80.8977,55.0482,1.50502,0.969937,0.535087,88.6021,75.251,16.2965,2015,12,4,2015-12,False
2015-12-10,JSWSTEEL,84.198,86.2606,83.5328,85.7695,8144990,1.9908,82.2589,80.9673,80.8897,59.16,1.53623,1.0832,0.453036,89.0081,75.5097,16.4096,2015,12,4,2015-12,False
2015-12-11,JSWSTEEL,86.2516,87.832,85.448,86.4213,9911290,0.7599,82.6842,81.1238,80.8928,60.6684,1.59517,1.18559,0.409581,89.3526,76.0157,16.1299,2015,12,4,2015-12,False
2015-12-14,JSWSTEEL,86.5195,91.5196,86.3543,91.1178,19498000,5.4344,83.175,81.4015,80.891,69.4301,1.99782,1.34804,0.649784,90.7924,75.5576,18.3165,2015,12,4,2015-12,False
2015-12-15,JSWSTEEL,91.3321,91.6892,89.6624,90.4705,7208880,-0.7104,83.652,81.7107,80.8919,67.2078,2.23888,1.52621,0.712675,91.8502,75.4538,19.6007,2015,12,4,2015-12,False
2015-12-16,JSWSTEEL,90.8053,91.8767,89.1356,90.0821,7149120,-0.4293,84.1625,81.9243,80.9028,65.846,2.37125,1.69521,0.676034,92.6366,75.6885,20.1373,2015,12,4,2015-12,False
2015-12-17,JSWSTEEL,90.1803,94.1714,90.1803,93.5553,14684980,3.8557,84.8864,82.2304,80.9211,71.4225,2.725,1.90117,0.823831,93.9822,75.7907,21.4304,2015,12,4,2015-12,False
2015-12-18,JSWSTEEL,93.1446,93.4393,91.2696,91.6982,8950620,-1.9851,85.4309,82.4425,80.9387,65.2844,2.82296,2.08553,0.737427,94.7986,76.0632,21.9305,2015,12,4,2015-12,False
2015-12-21,JSWSTEEL,92.3232,94.1848,91.9214,93.4259,6490730,1.8841,86.1061,82.7033,80.9685,68.0365,3.00535,2.26949,0.735858,95.7446,76.4676,22.3874,2015,12,4,2015-12,False
2015-12-22,JSWSTEEL,93.1446,94.3321,92.4214,92.6625,6015270,-0.8171,86.7664,82.9225,80.9868,65.5633,3.05311,2.42622,0.62689,96.2956,77.2371,21.9653,2015,12,4,2015-12,False
2015-12-23,JSWSTEEL,93.3098,94.2518,93.0464,93.8857,5577540,1.3201,87.5023,83.1689,81.0124,67.5959,3.15331,2.57163,0.581675,96.8317,78.173,21.3237,2015,12,4,2015-12,False
2015-12-24,JSWSTEEL,94.8232,95.7161,93.5509,95.1179,4649690,1.3124,88.2724,83.4474,81.0465,69.5459,3.29417,2.71614,0.578031,97.4368,79.1081,20.7638,2015,12,4,2015-12,False
2015-12-28,JSWSTEEL,95.2741,95.4304,91.3946,91.8901,6017430,-3.3934,88.9738,83.6734,81.0687,59.453,3.10951,2.79482,0.314696,96.8388,81.1088,17.6794,2015,12,4,2015-12,False
2015-12-29,JSWSTEEL,92.1446,93.5464,91.8321,92.466,6974600,0.6267,89.5546,83.8842,81.0939,60.553,2.97534,2.83092,0.144419,96.5625,82.5467,15.6506,2015,12,4,2015-12,False
2015-12-30,JSWSTEEL,92.9035,93.7518,90.8499,91.7428,6161680,-0.7822,89.9285,84.1023,81.1296,58.41,2.77862,2.82046,-0.0418421,96.5345,83.3225,14.6918,2015,12,4,2015-12,False
2015-12-31,JSWSTEEL,91.7874,92.7696,91.0731,92.1625,6390350,0.4574,90.1559,84.3157,81.1741,59.3098,2.6263,2.78163,-0.155326,96.7396,83.5723,14.605,2015,12,4,2015-12,False
2016-01-01,JSWSTEEL,91.8678,92.5732,91.1178,91.6982,4507190,-0.5038,90.3801,84.5479,81.2223,57.8193,2.44,2.7133,-0.273303,96.8464,83.9137,14.3092,2016,1,1,2016-01,False
2016-01-04,JSWSTEEL,91.341,94.7339,90.9214,93.2785,12127750,1.7235,90.7104,84.823,81.269,61.3774,2.3923,2.6491,-0.256801,97.0529,84.368,13.984,2016,1,1,2016-01,False
2016-01-05,JSWSTEEL,94.2964,97.4438,93.9527,96.7072,14205180,3.6757,91.2015,85.1615,81.337,67.7361,2.60118,2.63952,-0.0383405,97.8123,84.5907,14.4971,2016,1,1,2016-01,False
2016-01-06,JSWSTEEL,96.6983,97.9483,93.9304,94.4839,8015450,-2.2989,91.6366,85.433,81.4043,60.7516,2.55783,2.62318,-0.0653497,97.8809,85.3922,13.6286,2016,1,1,2016-01,False
2016-01-07,JSWSTEEL,92.4348,93.3946,91.3008,91.6401,5304630,-3.0098,92.0138,85.6309,81.4493,53.1956,2.26786,2.55212,-0.284253,97.1539,86.8737,11.1724,2016,1,1,2016-01,False
2016-01-08,JSWSTEEL,92.4035,93.5419,91.6089,92.9616,7315670,1.442,92.3734,85.8672,81.5,55.938,2.12025,2.46574,-0.345492,96.5991,88.1477,9.1492,2016,1,1,2016-01,False
2016-01-11,JSWSTEEL,91.8812,92.2071,90.024,91.0419,5261390,-2.065,92.6044,86.0609,81.5366,51.241,1.8273,2.33806,-0.510753,95.852,89.3569,7.0138,2016,1,1,2016-01,False
2016-01-12,JSWSTEEL,91.5107,91.9794,89.5106,90.5553,5909770,-0.5345,92.5763,86.244,81.5834,50.0927,1.53814,2.17807,-0.639931,95.8872,89.2654,7.1528,2016,1,1,2016-01,False
2016-01-13,JSWSTEEL,91.0285,91.5107,87.5284,89.6178,10572110,-1.0353,92.5337,86.3907,81.6268,47.8672,1.21927,1.98631,-0.767039,95.978,89.0893,7.4445,2016,1,1,2016-01,False
2016-01-14,JSWSTEEL,88.1267,90.8901,86.9927,89.5954,7062470,-0.0249,92.5093,86.557,81.6769,47.8127,0.953774,1.77981,-0.826031,96.0326,88.9861,7.617,2016,1,1,2016-01,False
2016-01-15,JSWSTEEL,90.2696,90.4392,86.3856,86.8276,5723680,-3.0893,92.1729,86.6936,81.71,41.5059,0.514091,1.52666,-1.01257,96.4744,87.8715,9.3335,2016,1,1,2016-01,False
2016-01-18,JSWSTEEL,86.9258,90.8946,85.0909,88.4794,9450200,1.9024,92.012,86.8674,81.7624,46.0772,0.29552,1.28043,-0.984914,96.6183,87.4057,10.0124,2016,1,1,2016-01,False
2016-01-19,JSWSTEEL,89.0151,90.1803,87.7606,89.1579,6397290,0.7669,91.7986,87.0575,81.8062,47.8792,0.175038,1.05935,-0.884317,96.5231,87.0742,10.2931,2016,1,1,2016-01,False
2016-01-20,JSWSTEEL,87.7338,93.2964,87.1579,91.4169,7868100,2.5337,91.7363,87.3291,81.8613,53.4556,0.258852,0.899254,-0.640402,96.4457,87.027,10.2671,2016,1,1,2016-01,False
2016-01-21,JSWSTEEL,92.466,93.2518,89.0195,91.5508,9454590,0.1465,91.6196,87.6002,81.9195,53.7713,0.332252,0.785854,-0.453602,96.2191,87.0201,10.0403,2016,1,1,2016-01,False
2016-01-22,JSWSTEEL,92.5017,95.8456,91.8946,95.3589,8586730,4.1596,91.6316,87.925,81.9953,61.7235,0.689753,0.766634,-0.0768808,96.2708,86.9925,10.1257,2016,1,1,2016-01,False
2016-01-25,JSWSTEEL,95.5375,99.5331,94.6536,98.8635,14860730,3.6751,91.9803,88.3439,82.0926,67.2985,1.24155,0.861617,0.379934,97.6377,86.3229,12.3013,2016,1,1,2016-01,False
2016-01-27,JSWSTEEL,98.6626,100.627,98.5956,100.113,15625610,1.2644,92.3627,88.7202,82.1799,69.0312,1.75944,1.04118,0.718257,99.0908,85.6346,14.5688,2016,1,1,2016-01,False
2016-01-28,JSWSTEEL,98.8858,99.292,97.1447,97.5197,16934750,-2.5909,92.6515,89.052,82.2566,61.7232,1.93823,1.22059,0.717636,99.7532,85.5499,15.3298,2016,1,1,2016-01,False
2016-01-29,JSWSTEEL,96.9661,98.3858,93.0732,94.3813,11992530,-3.2183,92.7625,89.3421,82.3086,54.2408,1.80586,1.33764,0.468212,99.9012,85.6237,15.3914,2016,1,1,2016-01,False
2016-02-01,JSWSTEEL,93.0018,95.7027,92.216,93.8009,13325940,-0.6149,92.8676,89.6366,82.358,52.9622,1.63527,1.39717,0.2381,100.002,85.7329,15.3652,2016,2,1,2016-02,False
2016-02-02,JSWSTEEL,93.9348,94.6848,89.1937,89.5821,9835350,-4.4976,92.6828,89.8121,82.3906,44.7115,1.14644,1.34702,-0.200584,99.9627,85.4029,15.7092,2016,2,1,2016-02,False
2016-02-03,JSWSTEEL,87.8945,91.8767,85.5686,86.9123,17343230,-2.9802,92.193,89.9519,82.4158,40.4202,0.537419,1.1851,-0.647683,99.6487,84.7374,16.1741,2016,2,1,2016-02,False
2016-02-04,JSWSTEEL,87.3409,91.216,86.6624,90.2428,9921340,3.832,91.981,90.1676,82.4519,47.225,0.319818,1.01205,-0.692227,99.4035,84.5585,16.1392,2016,2,1,2016-02,False
2016-02-05,JSWSTEEL,90.7383,93.1714,90.0017,92.5955,10015060,2.6071,92.0288,90.4362,82.4934,51.444,0.33337,0.87631,-0.54294,99.4543,84.6032,16.1375,2016,2,1,2016-02,False
2016-02-08,JSWSTEEL,95.0911,96.609,93.3053,93.35,12200040,0.8148,92.0482,90.7089,82.5358,52.7486,0.400375,0.781123,-0.380748,99.486,84.6103,16.1608,2016,2,1,2016-02,False
2016-02-09,JSWSTEEL,92.8142,94.1982,88.9927,89.2874,9116240,-4.352,91.9604,90.9373,82.5633,45.6383,0.124227,0.649744,-0.525517,99.4891,84.4318,16.3737,2016,2,1,2016-02,False
2016-02-10,JSWSTEEL,88.841,92.8366,88.0731,91.3008,12409200,2.255,91.9977,91.1464,82.5965,49.2868,0.0670727,0.533209,-0.466137,99.5044,84.491,16.3194,2016,2,1,2016-02,False
2016-02-11,JSWSTEEL,90.7473,91.7875,88.1267,89.4303,14652880,-2.0488,91.9883,91.2497,82.6092,46.1855,-0.12769,0.40103,-0.528719,99.508,84.4687,16.3492,2016,2,1,2016-02,False
2016-02-12,JSWSTEEL,90.2919,90.7517,84.823,90.2651,14369450,0.9335,92.0218,91.3027,82.6389,47.7652,-0.21223,0.278378,-0.490608,99.5025,84.5411,16.2585,2016,2,1,2016-02,False
2016-02-15,JSWSTEEL,90.8946,94.4214,90.716,92.9839,9467880,3.012,92.3296,91.4181,82.6905,52.6411,-0.0591626,0.21087,-0.270032,99.4061,85.2532,15.3287,2016,2,1,2016-02,False
2016-02-16,JSWSTEEL,93.7562,94.0911,91.4303,92.2964,7094920,-0.7394,92.5205,91.5306,82.7353,51.3361,0.00659169,0.170014,-0.163422,99.3617,85.6793,14.7886,2016,2,1,2016-02,False
2016-02-17,JSWSTEEL,91.975,94.167,89.1178,93.5286,7799880,1.335,92.739,91.6634,82.7811,53.5583,0.156327,0.167277,-0.0109493,99.405,86.0731,14.3757,2016,2,1,2016-02,False
2016-02-18,JSWSTEEL,94.6045,94.8232,92.5687,94.3589,7849790,0.8878,92.8861,91.835,82.842,55.0479,0.3381,0.201441,0.136658,99.5591,86.2132,14.368,2016,2,1,2016-02,False
2016-02-19,JSWSTEEL,93.7518,97.1,93.3544,96.7429,8393070,2.5265,93.1457,92.0879,82.9122,59.1038,0.666836,0.29452,0.372315,100.001,86.29,14.7204,2016,2,1,2016-02,False
2016-02-22,JSWSTEEL,97.2384,98.7519,96.0018,98.4572,7329730,1.772,93.3006,92.3417,82.9756,61.7747,1.05355,0.446326,0.607222,100.498,86.1029,15.4292,2016,2,1,2016-02,False
2016-02-23,JSWSTEEL,97.7697,102.181,97.7697,100.359,18691170,1.9316,93.3754,92.6204,83.0672,64.5414,1.49623,0.656307,0.839926,100.843,85.9083,15.9938,2016,2,1,2016-02,False
2016-02-24,JSWSTEEL,99.2028,101.292,98.6626,99.0644,8374110,-1.29,93.323,92.7793,83.1721,61.2893,1.72274,0.869593,0.853144,100.603,86.0427,15.6022,2016,2,1,2016-02,False
2016-02-25,JSWSTEEL,99.2876,101.689,99.1983,100.506,28055840,1.4556,93.4723,92.9801,83.2822,63.4956,1.9956,1.09479,0.900803,101.222,85.7222,16.5826,2016,2,1,2016-02,False
2016-02-26,JSWSTEEL,100.448,100.538,97.3768,98.1358,5918270,-2.3586,93.66,93.1411,83.3747,57.6758,1.99753,1.27534,0.722187,101.68,85.6401,17.1257,2016,2,1,2016-02,False
2016-02-29,JSWSTEEL,98.5733,102.234,98.1268,100.578,9054670,2.4884,93.9989,93.2816,83.4896,61.5821,2.17108,1.45449,0.716591,102.596,85.402,18.2915,2016,2,1,2016-02,False
2016-03-01,JSWSTEEL,100.895,102.913,100.538,102.096,10282700,1.5092,94.6246,93.4895,83.6092,63.8175,2.4034,1.64427,0.759126,103.677,85.5718,19.1341,2016,3,1,2016-03,False
2016-03-02,JSWSTEEL,102.859,104.198,100.654,101.185,9316810,-0.892,95.3382,93.6447,83.7157,61.5051,2.48537,1.81249,0.672881,104.076,86.6005,18.33,2016,3,1,2016-03,False
2016-03-03,JSWSTEEL,101.966,104.181,101.448,103.556,10701750,2.3428,96.0038,93.8626,83.8472,65.0547,2.71038,1.99207,0.718313,105.127,86.8807,19.0059,2016,3,1,2016-03,False
2016-03-04,JSWSTEEL,103.672,106.953,102.859,105.846,12243550,2.2116,96.6663,94.1018,83.9745,68.1136,3.03848,2.20135,0.837128,106.633,86.6998,20.6204,2016,3,1,2016-03,False
2016-03-08,JSWSTEEL,106.605,107.757,105.002,105.917,8142290,0.0675,97.2947,94.3178,84.0974,68.2071,3.26661,2.4144,0.852205,107.942,86.6472,21.8871,2016,3,1,2016-03,False
2016-03-09,JSWSTEEL,104.024,105.85,103.564,105.364,6366140,-0.5227,98.0985,94.5872,84.2179,66.5781,3.36395,2.60431,0.75964,108.627,87.5696,21.466,2016,3,1,2016-03,False
2016-03-10,JSWSTEEL,105.716,107.547,104.989,105.886,7841700,0.4957,98.8278,94.8556,84.3401,67.37,3.44355,2.77216,0.671391,109.395,88.261,21.3843,2016,3,1,2016-03,False
2016-03-11,JSWSTEEL,105.359,106.917,105.091,105.676,6014430,-0.1981,99.6401,95.1343,84.4621,66.6865,3.44994,2.90771,0.542221,109.648,89.632,20.0884,2016,3,1,2016-03,False
2016-03-14,JSWSTEEL,105.895,106.957,105.002,105.439,6132630,-0.2239,100.399,95.3998,84.5894,65.8748,3.39675,3.00552,0.391224,109.689,91.1082,18.5073,2016,3,1,2016-03,False
2016-03-15,JSWSTEEL,105.359,107.234,104.739,106.698,8475230,1.194,101.085,95.6998,84.7186,68.0996,3.41679,3.08778,0.329017,110.091,92.0781,17.8195,2016,3,1,2016-03,False
2016-03-16,JSWSTEEL,107.145,107.841,105.823,107.154,6420860,0.4268,101.827,95.9774,84.8488,68.8897,3.42989,3.1562,0.27369,110.211,93.4436,16.4666,2016,3,1,2016-03,False
2016-03-17,JSWSTEEL,108.172,109.007,106.877,107.359,8833900,0.1916,102.519,96.1904,84.9818,69.2594,3.41744,3.20845,0.208995,110.279,94.759,15.1386,2016,3,1,2016-03,False
2016-03-18,JSWSTEEL,107.591,108.663,107.056,108.297,6627150,0.8733,103.216,96.4666,85.1194,70.9565,3.44353,3.25546,0.188069,110.37,96.0616,13.8625,2016,3,1,2016-03,False
2016-03-21,JSWSTEEL,107.864,109.109,106.998,108.569,5651120,0.2515,103.807,96.8052,85.2615,71.4495,3.44646,3.29366,0.152794,110.657,96.9571,13.1975,2016,3,1,2016-03,False
2016-03-22,JSWSTEEL,108.127,110.556,107.323,109.837,6090970,1.1678,104.376,97.1427,85.4235,73.6891,3.51061,3.33705,0.17356,111.245,97.5068,13.1627,2016,3,1,2016-03,False
2016-03-23,JSWSTEEL,110.27,111.891,109.533,111.493,8305560,1.5079,104.933,97.5518,85.5933,76.304,3.653,3.40024,0.252754,112.223,97.6424,13.8953,2016,3,1,2016-03,False
2016-03-28,JSWSTEEL,110.716,111.52,108.725,109.547,4161660,-1.7458,105.457,97.9316,85.7547,67.7786,3.56765,3.43372,0.133924,112.473,98.4409,13.3059,2016,3,1,2016-03,False
2016-03-29,JSWSTEEL,109.824,111.074,109.078,110.078,4893740,0.485,105.935,98.3408,85.9188,68.8032,3.5025,3.44748,0.0550223,112.834,99.0365,13.0249,2016,3,1,2016-03,False
2016-03-30,JSWSTEEL,111.609,114.02,110.404,113.547,6858460,3.1512,106.706,98.8198,86.1031,74.5037,3.68826,3.49563,0.192625,113.376,100.036,12.5011,2016,3,1,2016-03,False
2016-03-31,JSWSTEEL,112.681,115.538,112.324,114.578,12316520,0.9082,107.406,99.3748,86.2895,75.9129,3.87403,3.57131,0.302718,114.303,100.51,12.8419,2016,3,1,2016-03,False
2016-04-01,JSWSTEEL,113.516,114.047,111.699,112.739,6773820,-1.6053,107.938,99.86,86.4597,68.6274,3.8287,3.62279,0.205913,114.751,101.125,12.6242,2016,4,2,2016-04,False
2016-04-04,JSWSTEEL,113.038,113.462,111.261,112.48,5599150,-0.2297,108.503,100.326,86.6372,67.6432,3.72891,3.64401,0.0848909,114.813,102.193,11.6312,2016,4,2,2016-04,False
2016-04-05,JSWSTEEL,111.797,113.158,110.716,112.453,6438010,-0.0238,108.948,100.747,86.8278,67.5353,3.60608,3.63643,-0.0303455,115.04,102.856,11.1838,2016,4,2,2016-04,False
2016-04-06,JSWSTEEL,112.502,115.895,112.145,115.422,11183280,2.6401,109.427,101.225,87.0336,72.7278,3.70559,3.65026,0.0553278,115.98,102.873,11.9779,2016,4,2,2016-04,False
2016-04-07,JSWSTEEL,115.627,115.864,113.855,114.047,5239940,-1.1913,109.833,101.598,87.2336,67.3545,3.63163,3.64653,-0.0149032,116.478,103.188,12.0998,2016,4,2,2016-04,False
2016-04-08,JSWSTEEL,113.574,114.556,112.962,113.699,4714000,-0.3053,110.25,101.895,87.4197,66.0241,3.50452,3.61813,-0.11361,116.758,103.741,11.8071,2016,4,2,2016-04,False
2016-04-11,JSWSTEEL,114.056,116.382,113.395,116.051,6883290,2.0693,110.758,102.214,87.6102,70.2934,3.55268,3.60504,-0.0523621,117.418,104.098,12.0256,2016,4,2,2016-04,False
2016-04-12,JSWSTEEL,116.002,116.962,115.02,115.868,7246450,-0.1577,111.268,102.581,87.7903,69.5611,3.53532,3.5911,-0.0557758,117.849,104.686,11.8303,2016,4,2,2016-04,False
2016-04-13,JSWSTEEL,116.529,117.77,115.694,117.283,7360250,1.2214,111.86,103.039,87.9778,71.9908,3.59433,3.59174,0.0025838,118.364,105.355,11.6298,2016,4,2,2016-04,False
2016-04-18,JSWSTEEL,117.163,119.636,116.725,119.132,5235820,1.5759,112.482,103.545,88.1732,74.818,3.74704,3.6228,0.124234,119.279,105.684,12.0863,2016,4,2,2016-04,False
2016-04-20,JSWSTEEL,120.239,122.047,119.475,121.574,8518530,2.0498,113.203,104.185,88.3874,77.9804,4.01878,3.702,0.316784,120.649,105.756,13.1553,2016,4,2,2016-04,False
2016-04-21,JSWSTEEL,121.609,122.502,120.243,120.502,8947070,-0.8813,113.86,104.857,88.5899,73.6123,4.10042,3.78168,0.318737,121.453,106.267,13.3377,2016,4,2,2016-04,False
2016-04-22,JSWSTEEL,120.984,121.788,119.734,119.94,6094560,-0.4668,114.442,105.451,88.7962,71.3525,4.07278,3.8399,0.232876,122.024,106.859,13.2514,2016,4,2,2016-04,False
2016-04-25,JSWSTEEL,119.833,120.917,118.324,120.109,4835570,0.1415,115.019,106.001,89.0126,71.6353,4.01824,3.87557,0.142672,122.475,107.563,12.9652,2016,4,2,2016-04,False
2016-04-26,JSWSTEEL,120.181,122.404,119.998,122.141,7730520,1.6912,115.634,106.577,89.2388,74.8383,4.09176,3.91881,0.172953,123.317,107.951,13.2882,2016,4,2,2016-04,False
2016-04-27,JSWSTEEL,121.431,122.449,120.725,121.663,4896120,-0.3911,116.143,107.225,89.4542,72.7575,4.06462,3.94797,0.116654,124.015,108.27,13.557,2016,4,2,2016-04,False
2016-04-28,JSWSTEEL,122.145,122.877,120.855,122.185,10075590,0.4294,116.775,107.842,89.6745,73.6212,4.03871,3.96612,0.0725942,124.444,109.105,13.1361,2016,4,2,2016-04,False
2016-04-29,JSWSTEEL,121.431,123.217,120.743,122.609,7211960,0.3471,117.401,108.506,89.9045,74.3327,4.00622,3.97414,0.0320796,124.811,109.992,12.6225,2016,4,2,2016-04,False
2016-05-02,JSWSTEEL,122.324,122.859,121.484,121.859,5170700,-0.6117,117.817,109.138,90.1204,70.7009,3.87528,3.95437,-0.0790911,125.248,110.385,12.6157,2016,5,2,2016-05,False
2016-05-03,JSWSTEEL,121.882,122.69,120.815,121.145,5316260,-0.5862,118.145,109.701,90.3348,67.327,3.67154,3.8978,-0.22626,125.555,110.736,12.543,2016,5,2,2016-05,False
2016-05-04,JSWSTEEL,120.092,120.449,117.502,118.011,5443950,-2.587,118.409,110.215,90.546,54.9394,3.22007,3.76226,-0.542181,125.37,111.448,11.7578,2016,5,2,2016-05,False
2016-05-05,JSWSTEEL,118.315,119.154,116.922,117.85,6319030,-0.1362,118.677,110.702,90.7606,54.3867,2.81684,3.57317,-0.756329,125.066,112.288,10.767,2016,5,2,2016-05,False
2016-05-06,JSWSTEEL,117.337,118.511,116.886,117.868,5152340,0.0151,118.948,111.172,90.9795,54.4415,2.47025,3.35259,-0.882342,124.648,113.248,9.5844,2016,5,2,2016-05,False
2016-05-09,JSWSTEEL,118.444,119.645,117.413,118.408,4928320,0.4583,119.097,111.605,91.1988,56.1585,2.21364,3.1248,-0.911161,124.56,113.635,9.1736,2016,5,2,2016-05,False
2016-05-10,JSWSTEEL,117.859,118.306,113.886,114.984,6697670,-2.8918,119.144,111.936,91.4028,44.6668,1.71421,2.84268,-1.12847,124.438,113.85,8.8863,2016,5,2,2016-05,False
2016-05-11,JSWSTEEL,113.395,116.123,112.819,115.301,6035740,0.2757,119.224,112.235,91.6111,45.773,1.32867,2.53988,-1.21121,124.211,114.238,8.3645,2016,5,2,2016-05,False
2016-05-12,JSWSTEEL,115.083,115.792,113.989,114.529,4380890,-0.6698,119.148,112.544,91.7961,43.4915,0.949858,2.22187,-1.27202,124.379,113.918,8.7802,2016,5,2,2016-05,False
2016-05-13,JSWSTEEL,114.024,114.556,112.77,113.279,4275910,-1.0915,119.019,112.799,91.9793,40.0151,0.542525,1.886,-1.34348,124.7,113.337,9.5469,2016,5,2,2016-05,False
2016-05-16,JSWSTEEL,113.163,116.02,111.926,115.681,3966320,2.1203,118.939,113.15,92.1773,48.5285,0.408806,1.59056,-1.18176,124.766,113.111,9.7995,2016,5,2,2016-05,False
2016-05-17,JSWSTEEL,116.074,116.788,114.556,115.181,4564720,-0.4322,118.741,113.442,92.38,47.032,0.259495,1.32435,-1.06486,124.804,112.678,10.2125,2016,5,2,2016-05,False
2016-05-18,JSWSTEEL,114.734,117.94,114.288,116.904,10606800,1.4961,118.508,113.738,92.581,52.4719,0.277024,1.11489,-0.837861,124.47,112.545,10.0631,2016,5,2,2016-05,False
2016-05-19,JSWSTEEL,118.261,119.993,117.167,117.877,10040170,0.8325,118.376,114.072,92.7866,55.2661,0.365239,0.964956,-0.599718,124.269,112.483,9.9565,2016,5,2,2016-05,False
2016-05-20,JSWSTEEL,117.681,118.779,116.163,116.52,3264840,-1.1513,118.205,114.332,92.9918,50.7825,0.321925,0.83635,-0.514425,124.106,112.305,9.9835,2016,5,2,2016-05,False
2016-05-23,JSWSTEEL,117.404,118.574,115.538,117.73,6613580,1.0383,118.086,114.569,93.2171,54.3388,0.380833,0.745246,-0.364414,123.921,112.252,9.8816,2016,5,2,2016-05,False
2016-05-24,JSWSTEEL,117.859,118.297,116.877,117.873,5942150,0.1213,117.873,114.808,93.4449,54.7545,0.434041,0.683005,-0.248965,123.386,112.36,9.3549,2016,5,2,2016-05,False
2016-05-25,JSWSTEEL,118.217,119.337,115.819,116.105,4941780,-1.4998,117.595,115.023,93.6625,48.8295,0.329753,0.612355,-0.282601,122.859,112.331,8.9523,2016,5,2,2016-05,False
2016-05-26,JSWSTEEL,116.699,118.306,116.163,117.766,7608940,1.4304,117.374,115.261,93.8718,53.8785,0.376771,0.565238,-0.188467,122.177,112.571,8.1845,2016,5,2,2016-05,False
2016-05-27,JSWSTEEL,118.127,123.217,117.243,122.828,8752840,4.2989,117.385,115.604,94.1147,65.1629,0.813169,0.614824,0.198344,122.239,112.531,8.2706,2016,5,2,2016-05,False
2016-05-30,JSWSTEEL,123.038,124.377,121.234,122.498,5173060,-0.269,117.417,115.945,94.3549,64.0613,1.11945,0.71575,0.403703,122.402,112.432,8.4906,2016,5,2,2016-05,False
2016-05-31,JSWSTEEL,122.413,125.27,121.583,124.034,10605470,1.2537,117.561,116.292,94.5823,66.8653,1.46917,0.866435,0.602738,123.134,111.989,9.4798,2016,5,2,2016-05,False
2016-06-01,JSWSTEEL,124.645,125.449,122.359,122.752,6472140,-1.033,117.798,116.604,94.8004,62.4852,1.62422,1.01799,0.606228,123.835,111.762,10.2495,2016,6,2,2016-06,False
2016-06-02,JSWSTEEL,122.359,124.016,121.261,123.154,5151900,0.3273,118.064,116.92,95.0133,63.2971,1.75923,1.16624,0.592994,124.559,111.569,11.0026,2016,6,2,2016-06,False
2016-06-03,JSWSTEEL,123.15,124.078,121.636,122.346,4475050,-0.6561,118.288,117.201,95.2133,60.4628,1.78051,1.28909,0.491413,125.057,111.518,11.446,2016,6,2,2016-06,False
2016-06-06,JSWSTEEL,122.324,123.118,120.596,122.275,6043950,-0.0584,118.481,117.475,95.4156,60.2062,1.77119,1.38551,0.385674,125.482,111.48,11.8179,2016,6,2,2016-06,False
2016-06-07,JSWSTEEL,122.775,123.837,121.435,122.962,6253490,0.5623,118.88,117.737,95.6303,61.8832,1.79854,1.46812,0.330423,125.951,111.809,11.8959,2016,6,2,2016-06,False
2016-06-08,JSWSTEEL,123.386,124.989,122.359,124.565,6143090,1.3034,119.343,117.999,95.853,65.5301,1.92733,1.55996,0.367367,126.637,112.049,12.2237,2016,6,2,2016-06,False
2016-06-09,JSWSTEEL,124.476,126.761,123.752,126.471,8053350,1.5304,119.94,118.337,96.1026,69.2934,2.15834,1.67963,0.478701,127.524,112.356,12.6467,2016,6,2,2016-06,False
2016-06-10,JSWSTEEL,126.458,127.994,125.449,126.672,9526200,0.1588,120.61,118.669,96.3339,69.6691,2.33075,1.80986,0.520896,128.082,113.138,12.3906,2016,6,2,2016-06,False
2016-06-13,JSWSTEEL,124.377,125.717,123.931,125.025,5986620,-1.3005,121.077,118.899,96.5274,62.8739,2.30787,1.90946,0.398406,128.419,113.735,12.1276,2016,6,2,2016-06,False
2016-06-14,JSWSTEEL,124.377,125.985,124.199,125.551,5847770,0.4213,121.595,119.118,96.7145,64.0804,2.30566,1.9887,0.316956,128.643,114.548,11.5917,2016,6,2,2016-06,False
2016-06-15,JSWSTEEL,125.922,126.239,124.569,125.016,4008120,-0.4267,122.001,119.364,96.9044,61.8781,2.23491,2.03794,0.196972,128.842,115.16,11.2152,2016,6,2,2016-06,False
2016-06-16,JSWSTEEL,125.181,125.926,123.217,125.65,6516040,0.5071,122.39,119.627,97.1034,63.4777,2.20459,2.07127,0.133319,129.127,115.652,11.0096,2016,6,2,2016-06,False
2016-06-17,JSWSTEEL,126.083,126.56,124.118,124.56,4379330,-0.8669,122.792,119.869,97.3033,58.9041,2.06881,2.07078,-0.0019657,128.992,116.591,10.0997,2016,6,2,2016-06,False
2016-06-20,JSWSTEEL,123.654,125.583,123.574,125.203,6435910,0.5161,123.165,120.065,97.5424,60.7036,1.99014,2.05465,-0.0645089,128.97,117.361,9.4256,2016,6,2,2016-06,False
2016-06-21,JSWSTEEL,125.181,125.672,124.297,125.065,4076180,-0.1106,123.525,120.285,97.7712,60.0935,1.89479,2.02268,-0.127894,128.817,118.232,8.5691,2016,6,2,2016-06,False
2016-06-22,JSWSTEEL,125.422,125.422,123.694,124.226,3550710,-0.6711,123.931,120.496,97.9944,56.3923,1.73153,1.96445,-0.232919,127.909,119.952,6.4206,2016,6,2,2016-06,False
2016-06-23,JSWSTEEL,124.44,125.489,123.359,125.123,5073760,0.7223,124.299,120.677,98.2039,59.2799,1.65547,1.90265,-0.247181,127.048,121.55,4.4229,2016,6,2,2016-06,False
2016-06-24,JSWSTEEL,123.413,124.498,118.761,123.502,6144190,-1.2952,124.332,120.83,98.408,52.5164,1.44774,1.81167,-0.363928,127.021,121.644,4.3251,2016,6,2,2016-06,False
2016-06-27,JSWSTEEL,123.922,124.556,122.984,123.752,6207850,0.2024,124.395,120.959,98.616,53.3997,1.28844,1.70703,-0.418588,126.959,121.831,4.1226,2016,6,2,2016-06,False
2016-06-28,JSWSTEEL,123.913,127.913,123.534,127.368,6105900,2.9221,124.562,121.124,98.8502,63.8695,1.43741,1.6531,-0.215694,127.441,121.682,4.6234,2016,6,2,2016-06,False
2016-06-29,JSWSTEEL,127.502,129.288,127.435,128.985,5371410,1.2688,124.874,121.272,99.0973,67.3952,1.66666,1.65581,0.0108473,128.237,121.51,5.3866,2016,6,2,2016-06,False
2016-06-30,JSWSTEEL,130.002,131.699,128.574,130.748,6928580,1.3672,125.253,121.477,99.3359,70.7493,1.96795,1.71824,0.249712,129.418,121.088,6.6504,2016,6,2,2016-06,False
2016-07-01,JSWSTEEL,131.708,132.592,130.154,130.654,6323940,-0.0717,125.669,121.691,99.5858,70.3352,2.17411,1.80942,0.364692,130.249,121.088,7.29,2016,7,3,2016-07,False
2016-07-04,JSWSTEEL,131.39,132.62,130.134,132.252,3835820,1.2227,126.168,121.934,99.8494,73.2134,2.43828,1.93519,0.503095,131.328,121.007,8.1807,2016,7,3,2016-07,False
2016-07-05,JSWSTEEL,132.377,133.629,131.502,132.938,4060940,0.5191,126.666,122.15,100.093,74.3645,2.67224,2.0826,0.589642,132.417,120.915,9.0805,2016,7,3,2016-07,False
2016-07-07,JSWSTEEL,131.938,133.275,130.932,131.323,6195050,-1.2152,127.004,122.343,100.312,67.0615,2.69622,2.20532,0.490895,133.023,120.985,9.4783,2016,7,3,2016-07,False
2016-07-08,JSWSTEEL,131.749,132.916,131.076,132.552,4296860,0.9363,127.308,122.551,100.539,69.5154,2.78236,2.32073,0.461631,133.809,120.808,10.2125,2016,7,3,2016-07,False
2016-07-11,JSWSTEEL,133.544,135.662,133.374,135.406,4288130,2.1531,127.745,122.807,100.786,74.3011,3.04581,2.46575,0.580065,135.173,120.317,11.6296,2016,7,3,2016-07,False
2016-07-12,JSWSTEEL,135.519,139.108,135.249,138.328,5804840,2.1574,128.41,123.136,101.034,78.0922,3.45055,2.66271,0.787839,137.09,119.731,13.5184,2016,7,3,2016-07,False
2016-07-13,JSWSTEEL,138.705,140.45,138.57,139.732,6177570,1.0154,129.119,123.508,101.309,79.6469,3.84037,2.89824,0.942127,139.043,119.195,15.3717,2016,7,3,2016-07,False
2016-07-14,JSWSTEEL,139.732,142.111,138.66,141.366,6235960,1.1689,129.937,123.975,101.592,81.3081,4.23231,3.16505,1.06726,141.059,118.815,17.1191,2016,7,3,2016-07,False
2016-07-15,JSWSTEEL,141.801,148.375,141.357,146.831,12637690,3.8663,130.996,124.554,101.904,85.5564,4.92717,3.51748,1.40969,144.232,117.76,20.2085,2016,7,3,2016-07,False
2016-07-18,JSWSTEEL,146.531,148.662,143.596,144.139,9572640,-1.8337,131.975,125.08,102.212,76.3506,5.20064,3.85411,1.34653,146.075,117.875,21.3676,2016,7,3,2016-07,False
2016-07-19,JSWSTEEL,144.893,146.683,143.892,146.127,6883550,1.3792,133.021,125.634,102.535,78.2145,5.51421,4.18613,1.32808,148.078,117.964,22.6384,2016,7,3,2016-07,False
2016-07-20,JSWSTEEL,146.378,146.818,145.05,145.346,4359050,-0.5343,134.035,126.241,102.872,75.6912,5.63476,4.47586,1.1589,149.56,118.51,23.1661,2016,7,3,2016-07,False
2016-07-21,JSWSTEEL,145.75,146.275,144.157,144.695,4471900,-0.4477,135.058,126.829,103.202,73.5615,5.61309,4.7033,0.909788,150.56,119.557,22.9551,2016,7,3,2016-07,False
2016-07-22,JSWSTEEL,144.045,145.813,142.707,144.763,4085430,0.0465,136.04,127.434,103.54,73.644,5.53751,4.87014,0.667368,151.379,120.702,22.5502,2016,7,3,2016-07,False
2016-07-25,JSWSTEEL,144.493,146.558,144.045,146.149,4133130,0.9579,137.173,128.091,103.895,75.3527,5.52581,5.00128,0.524529,151.948,122.398,21.5419,2016,7,3,2016-07,False
2016-07-26,JSWSTEEL,146.109,150.04,146.109,148.922,6885160,1.8975,138.431,128.756,104.243,78.3726,5.67489,5.136,0.538887,152.671,124.191,20.5731,2016,7,3,2016-07,False
2016-07-27,JSWSTEEL,150.053,158.072,149.519,156.098,26450020,4.8181,139.868,129.575,104.632,83.8771,6.2994,5.36868,0.930724,155.166,124.57,21.8748,2016,7,3,2016-07,False
2016-07-28,JSWSTEEL,155.954,156.699,150.865,151.166,13103790,-3.1593,140.977,130.26,104.983,70.5808,6.32351,5.55964,0.763861,156.168,125.785,21.5519,2016,7,3,2016-07,False
2016-07-29,JSWSTEEL,152.032,153.019,149.429,150.345,5954060,-0.5432,141.957,130.909,105.332,68.6299,6.20482,5.68868,0.516139,156.896,127.017,21.0481,2016,7,3,2016-07,False
2016-08-01,JSWSTEEL,151.224,152.79,147.477,151.642,8365210,0.8626,143.006,131.612,105.682,70.0384,6.14457,5.77986,0.364713,157.546,128.466,20.3347,2016,8,3,2016-08,False
2016-08-02,JSWSTEEL,151.942,152.75,149.084,150.318,6636220,-0.873,143.909,132.263,106.026,66.7441,5.92175,5.80824,0.11351,157.869,129.949,19.4011,2016,8,3,2016-08,False
2016-08-03,JSWSTEEL,152.301,153.692,150.331,151.314,7183340,0.6627,144.828,132.932,106.376,67.9652,5.75915,5.79842,-0.0392674,158.152,131.504,18.3999,2016,8,3,2016-08,False
2016-08-04,JSWSTEEL,151.763,154.02,151.314,153.459,8495300,1.4176,145.935,133.679,106.741,70.4787,5.73724,5.78618,-0.0489436,158.168,133.701,16.7657,2016,8,3,2016-08,False
2016-08-05,JSWSTEEL,154.545,156.34,154.105,155.954,7304910,1.6258,147.105,134.443,107.111,73.1206,5.85372,5.79969,0.0540276,158.389,135.821,15.3411,2016,8,3,2016-08,False
2016-08-08,JSWSTEEL,156.632,157.677,154.581,155.092,5382190,-0.5525,148.089,135.088,107.482,70.7655,5.80954,5.80166,0.0078775,158.475,137.703,14.0264,2016,8,3,2016-08,False
2016-08-09,JSWSTEEL,155.532,156.143,152.176,153.477,5382460,-1.0416,148.847,135.708,107.842,66.4443,5.57985,5.7573,-0.177447,158.412,139.281,12.8528,2016,8,3,2016-08,False
2016-08-10,JSWSTEEL,153.468,154.361,151.027,153.41,5905460,-0.0439,149.531,136.295,108.209,66.2627,5.33094,5.67203,-0.341087,158.273,140.789,11.6927,2016,8,3,2016-08,False
2016-08-11,JSWSTEEL,153.917,154.182,151.314,153.526,4844530,0.0761,150.139,136.911,108.579,66.4339,5.08448,5.55452,-0.470037,158.151,142.127,10.6729,2016,8,3,2016-08,False
2016-08-12,JSWSTEEL,153.486,155.532,153.342,155.088,4220640,1.0172,150.551,137.55,108.955,68.7219,4.95801,5.43522,-0.477203,158.696,142.407,10.8193,2016,8,3,2016-08,False
2016-08-16,JSWSTEEL,155.438,157.43,153.953,156.878,6328570,1.1545,151.188,138.24,109.335,71.1501,4.94526,5.33722,-0.391968,159.213,143.164,10.6151,2016,8,3,2016-08,False
2016-08-17,JSWSTEEL,156.923,159.391,156.169,159.163,6599060,1.456,151.84,138.978,109.722,73.9306,5.06111,5.282,-0.22089,160.242,143.438,11.067,2016,8,3,2016-08,False
2016-08-18,JSWSTEEL,159.548,160.953,158.898,160.091,3484940,0.5836,152.578,139.721,110.117,74.9864,5.1683,5.25926,-0.0909573,161.166,143.989,11.2577,2016,8,3,2016-08,False
2016-08-19,JSWSTEEL,160.352,161.456,159.032,160.477,5147050,0.2411,153.367,140.439,110.513,75.4315,5.22417,5.25224,-0.0280697,161.804,144.929,11.0034,2016,8,3,2016-08,False
2016-08-22,JSWSTEEL,160.199,160.98,158.063,158.66,3356030,-1.1325,154.062,141.083,110.899,69.1867,5.06344,5.21448,-0.151046,161.774,146.349,10.0117,2016,8,3,2016-08,False
2016-08-23,JSWSTEEL,157.955,159.355,155.837,157.816,3061860,-0.5317,154.645,141.705,111.277,66.437,4.8125,5.13409,-0.321586,161.561,147.729,8.9445,2016,8,3,2016-08,False
2016-08-24,JSWSTEEL,157.754,158.274,156.748,157.924,2234420,0.0683,155.095,142.363,111.66,66.6195,4.56965,5.0212,-0.451551,161.603,148.587,8.3917,2016,8,3,2016-08,False
2016-08-25,JSWSTEEL,158.135,159.032,156.08,156.645,7090170,-0.8098,155.122,142.985,112.043,62.2906,4.22528,4.86201,-0.636735,161.652,148.592,8.4191,2016,8,3,2016-08,False
2016-08-26,JSWSTEEL,156.609,158.0,155.447,157.601,3270200,0.6102,155.444,143.637,112.432,64.1647,3.98357,4.68633,-0.702755,161.785,149.104,8.1579,2016,8,3,2016-08,False
2016-08-29,JSWSTEEL,157.417,159.481,156.968,159.136,2468480,0.9738,155.884,144.307,112.829,67.0006,3.87123,4.52331,-0.652078,161.949,149.819,7.7814,2016,8,3,2016-08,False
2016-08-30,JSWSTEEL,159.311,160.895,159.212,159.854,2542450,0.4512,156.294,145.013,113.239,68.2658,3.79637,4.37792,-0.581551,162.261,150.327,7.6354,2016,8,3,2016-08,False
2016-08-31,JSWSTEEL,159.571,160.468,156.717,157.336,5023170,-1.5748,156.645,145.655,113.636,59.6325,3.49363,4.20106,-0.707428,161.917,151.373,6.7312,2016,8,3,2016-08,False
2016-09-01,JSWSTEEL,157.251,159.571,155.99,159.1,3057050,1.1209,157.034,146.336,114.036,63.1485,3.35732,4.03231,-0.674996,161.772,152.297,6.0334,2016,9,3,2016-09,False
2016-09-02,JSWSTEEL,159.122,160.45,157.973,159.517,2213810,0.2623,157.337,147.042,114.444,63.9487,3.24555,3.87496,-0.629413,161.883,152.792,5.7781,2016,9,3,2016-09,False
2016-09-06,JSWSTEEL,159.93,168.366,159.84,167.159,6706010,4.7907,157.898,147.883,114.873,74.7579,3.73061,3.84609,-0.115481,164.162,151.633,7.9351,2016,9,3,2016-09,False
2016-09-07,JSWSTEEL,168.196,168.196,165.135,166.172,4570550,-0.5906,158.451,148.736,115.3,71.7644,3.98937,3.87475,0.114628,165.573,151.33,8.9885,2016,9,3,2016-09,False
2016-09-08,JSWSTEEL,167.289,169.259,165.364,165.925,3791930,-0.1485,159.074,149.579,115.73,70.9989,4.12696,3.92519,0.201771,166.532,151.615,9.3774,2016,9,3,2016-09,False
2016-09-09,JSWSTEEL,166.926,166.926,162.456,163.681,3470300,-1.3522,159.587,150.306,116.153,64.2864,4.00874,3.9419,0.0668435,166.815,152.36,9.0574,2016,9,3,2016-09,False
2016-09-12,JSWSTEEL,161.545,161.545,155.864,156.614,5935480,-4.3179,159.742,150.858,116.532,48.6749,3.30664,3.81485,-0.508208,166.543,152.94,8.5156,2016,9,3,2016-09,False
2016-09-14,JSWSTEEL,157.058,158.391,154.814,157.089,5218050,0.3037,159.842,151.385,116.918,49.5626,2.75682,3.60324,-0.84642,166.41,153.274,8.2182,2016,9,3,2016-09,False
2016-09-15,JSWSTEEL,157.507,158.669,155.398,157.395,5740980,0.1942,159.868,151.92,117.307,50.1582,2.31898,3.34639,-1.02741,166.391,153.345,8.1605,2016,9,3,2016-09,False
2016-09-16,JSWSTEEL,158.494,158.714,153.199,154.864,15092020,-1.608,159.653,152.372,117.686,45.3726,1.74762,3.02664,-1.27902,166.546,152.759,8.6357,2016,9,3,2016-09,False
2016-09-19,JSWSTEEL,155.775,159.302,155.263,158.844,6165300,2.5702,159.59,152.89,118.082,52.972,1.59757,2.74082,-1.14325,166.49,152.691,8.6465,2016,9,3,2016-09,False
2016-09-20,JSWSTEEL,160.033,160.109,157.682,158.121,4580740,-0.4548,159.473,153.426,118.483,51.5696,1.40417,2.47349,-1.06932,166.389,152.556,8.6737,2016,9,3,2016-09,False
2016-09-21,JSWSTEEL,158.135,159.212,156.506,157.35,4664240,-0.4881,159.407,153.922,118.865,50.0454,1.17508,2.21381,-1.03873,166.38,152.434,8.7488,2016,9,3,2016-09,False
2016-09-22,JSWSTEEL,159.75,159.957,157.39,158.198,3632680,0.539,159.426,154.378,119.235,51.7336,1.04986,1.98102,-0.931163,166.383,152.469,8.7274,2016,9,3,2016-09,False
2016-09-23,JSWSTEEL,157.875,159.293,156.721,157.623,4703910,-0.3631,159.411,154.764,119.585,50.4892,0.893963,1.76361,-0.869645,166.383,152.439,8.747,2016,9,3,2016-09,False
2016-09-26,JSWSTEEL,157.785,158.853,157.197,157.691,3930440,0.0427,159.463,155.123,119.937,50.639,0.767004,1.56429,-0.797283,166.363,152.564,8.6538,2016,9,3,2016-09,False
2016-09-27,JSWSTEEL,158.314,158.97,156.389,157.987,4287110,0.1878,159.483,155.455,120.294,51.3369,0.68242,1.38791,-0.705493,166.363,152.603,8.6279,2016,9,3,2016-09,False
2016-09-28,JSWSTEEL,157.345,159.93,156.807,159.369,5817490,0.8748,159.494,155.706,120.656,54.5653,0.718628,1.25406,-0.535428,166.373,152.616,8.6252,2016,9,3,2016-09,False
2016-09-29,JSWSTEEL,160.199,160.415,148.285,150.628,18253280,-5.485,159.033,155.836,120.981,37.5828,0.0414869,1.01154,-0.970055,166.967,151.1,9.9771,2016,9,3,2016-09,False
2016-09-30,JSWSTEEL,150.058,156.066,149.811,155.205,5157750,3.0387,158.926,156.018,121.336,46.9016,-0.124384,0.784357,-0.908741,167.012,150.841,10.1748,2016,9,3,2016-09,False
2016-10-03,JSWSTEEL,156.6,159.243,156.165,158.62,4199180,2.2003,158.902,156.283,121.7,52.589,0.0194921,0.631384,-0.611892,166.988,150.817,10.1772,2016,10,4,2016-10,False
2016-10-04,JSWSTEEL,160.554,161.276,158.673,160.073,6951110,0.9166,158.93,156.591,122.069,54.8083,0.247973,0.554702,-0.306729,167.029,150.832,10.1915,2016,10,4,2016-10,False
2016-10-05,JSWSTEEL,161.994,162.03,159.526,160.441,6650110,0.2299,158.594,156.904,122.415,55.3776,0.453509,0.534463,-0.0809542,165.76,151.429,9.0358,2016,10,4,2016-10,False
2016-10-06,JSWSTEEL,161.797,162.533,157.143,158.184,5759650,-1.4068,158.195,157.145,122.754,51.1231,0.429318,0.513434,-0.0841166,164.409,151.981,7.8563,2016,10,4,2016-10,False
2016-10-07,JSWSTEEL,158.844,159.539,157.148,159.041,4042570,0.5418,157.851,157.347,123.099,52.6119,0.473844,0.505516,-0.0316718,162.919,152.783,6.4216,2016,10,4,2016-10,False
2016-10-10,JSWSTEEL,160.289,163.789,159.584,162.869,7789670,2.4067,157.81,157.483,123.445,58.6671,0.808675,0.566148,0.242527,162.691,152.929,6.1861,2016,10,4,2016-10,False
2016-10-13,JSWSTEEL,162.335,162.344,155.451,159.059,10134850,-2.3392,157.933,157.64,123.782,51.5998,0.757875,0.604493,0.153382,162.81,153.055,6.1767,2016,10,4,2016-10,False
2016-10-14,JSWSTEEL,159.391,159.75,155.9,156.385,5923880,-1.6814,157.897,157.761,124.097,47.2928,0.49609,0.582813,-0.0867228,162.81,152.984,6.2232,2016,10,4,2016-10,False
2016-10-17,JSWSTEEL,156.609,157.866,153.966,154.343,5361000,-1.3056,157.745,157.815,124.405,44.2558,0.122458,0.490742,-0.368283,162.907,152.583,6.5449,2016,10,4,2016-10,False
2016-10-18,JSWSTEEL,154.814,160.648,154.545,159.984,6121650,3.6546,158.001,158.009,124.736,53.1977,0.278296,0.448253,-0.169957,163.068,152.933,6.4145,2016,10,4,2016-10,False
2016-10-19,JSWSTEEL,159.84,159.84,156.412,156.959,5251270,-1.8905,157.907,158.122,125.045,48.6879,0.155952,0.389792,-0.23384,162.978,152.835,6.4235,2016,10,4,2016-10,False
2016-10-20,JSWSTEEL,157.574,159.194,155.456,156.237,7279280,-0.4603,157.812,158.177,125.367,47.6488,0.00068944,0.311972,-0.311282,162.937,152.688,6.4944,2016,10,4,2016-10,False
2016-10-21,JSWSTEEL,156.071,156.86,153.818,155.739,5965690,-0.3188,157.732,158.173,125.683,46.9054,-0.160699,0.217438,-0.378137,162.937,152.527,6.6,2016,10,4,2016-10,False
2016-10-24,JSWSTEEL,155.416,156.187,152.122,153.621,5789100,-1.36,157.503,158.143,125.992,43.7782,-0.454273,0.0830956,-0.537368,163.015,151.991,6.9996,2016,10,4,2016-10,False
2016-10-25,JSWSTEEL,153.908,155.173,152.212,153.414,6953620,-0.1344,157.292,158.142,126.299,43.474,-0.695569,-0.0726373,-0.622932,163.099,151.486,7.383,2016,10,4,2016-10,False
2016-10-26,JSWSTEEL,153.199,155.182,148.981,149.721,8174300,-2.4073,156.894,158.068,126.589,38.3407,-1.1713,-0.29237,-0.87893,163.608,150.18,8.559,2016,10,4,2016-10,False
2016-10-27,JSWSTEEL,149.672,149.833,145.077,146.912,25975610,-1.8762,156.34,157.936,126.857,34.9593,-1.75476,-0.584848,-1.16991,164.372,148.308,10.2752,2016,10,4,2016-10,False
2016-10-28,JSWSTEEL,148.981,151.022,147.482,148.877,7736120,1.3379,155.816,157.812,127.118,39.0122,-2.0351,-0.874899,-1.1602,164.368,147.263,10.9781,2016,10,4,2016-10,False
2016-11-01,JSWSTEEL,149.07,151.224,147.388,149.241,6206700,0.2441,155.746,157.659,127.392,39.7598,-2.20255,-1.14043,-1.06212,164.496,146.996,11.2363,2016,11,4,2016-11,False
2016-11-02,JSWSTEEL,148.527,148.527,145.84,146.647,5243220,-1.7379,155.318,157.409,127.667,36.3369,-2.51555,-1.41545,-1.1001,164.97,145.666,12.4287,2016,11,4,2016-11,False
2016-11-03,JSWSTEEL,146.459,148.083,142.721,143.52,7368300,-2.1328,154.563,157.077,127.919,32.683,-2.98162,-1.72869,-1.25293,165.416,143.711,14.0427,2016,11,4,2016-11,False
2016-11-04,JSWSTEEL,143.075,144.399,140.464,142.819,6960320,-0.4878,153.701,156.724,128.178,31.9096,-3.36863,-2.05668,-1.31196,165.418,141.984,15.2464,2016,11,4,2016-11,False
2016-11-07,JSWSTEEL,144.139,145.391,143.147,143.641,3886300,0.575,152.861,156.424,128.444,33.8861,-3.56795,-2.35893,-1.20902,164.946,140.775,15.8122,2016,11,4,2016-11,False
2016-11-08,JSWSTEEL,143.955,149.34,143.901,148.702,5874360,3.5239,152.387,156.242,128.739,44.5671,-3.27967,-2.54308,-0.736588,164.336,140.437,15.6827,2016,11,4,2016-11,False
2016-11-09,JSWSTEEL,139.117,152.93,138.696,150.852,8629910,1.4455,151.977,156.1,129.045,48.3807,-2.84496,-2.60345,-0.241505,163.52,140.434,15.1909,2016,11,4,2016-11,False
2016-11-10,JSWSTEEL,152.301,159.634,152.301,157.632,7666490,4.4947,151.715,156.12,129.4,58.1595,-1.93107,-2.46898,0.537908,162.426,141.005,14.1193,2016,11,4,2016-11,False
2016-11-11,JSWSTEEL,155.73,157.009,151.785,154.464,7296950,-2.0098,151.486,156.057,129.729,53.0981,-1.44578,-2.26434,0.818561,161.719,141.252,13.5113,2016,11,4,2016-11,False
2016-11-15,JSWSTEEL,153.109,155.712,150.372,152.019,6140900,-1.5833,151.267,155.915,130.044,49.5157,-1.24418,-2.06031,0.816128,161.244,141.29,13.191,2016,11,4,2016-11,False
2016-11-16,JSWSTEEL,154.231,155.712,150.901,152.418,3579110,0.2627,151.171,155.766,130.349,50.1076,-1.04019,-1.85628,0.81609,161.06,141.282,13.0827,2016,11,4,2016-11,False
2016-11-17,JSWSTEEL,152.571,154.366,147.455,148.492,4809840,-2.5761,150.596,155.589,130.633,44.5737,-1.18174,-1.72137,0.539634,159.627,141.566,11.9934,2016,11,4,2016-11,False
2016-11-18,JSWSTEEL,148.711,152.454,148.263,151.817,5775610,2.2393,150.339,155.443,130.916,49.6455,-1.01392,-1.57988,0.565963,158.887,141.791,11.3715,2016,11,4,2016-11,False
2016-11-21,JSWSTEEL,152.221,152.647,144.893,145.552,5107430,-4.1263,149.805,155.164,131.149,41.8719,-1.3706,-1.53803,0.167423,158.134,141.476,11.1194,2016,11,4,2016-11,False
2016-11-22,JSWSTEEL,146.302,148.702,145.283,147.114,3501810,1.0729,149.374,154.763,131.384,44.2168,-1.50987,-1.5324,0.0225302,157.292,141.456,10.6018,2016,11,4,2016-11,False
2016-11-23,JSWSTEEL,147.724,149.214,147.365,148.195,2825900,0.7351,149.103,154.404,131.638,45.8461,-1.5155,-1.52902,0.01352,156.776,141.429,10.2929,2016,11,4,2016-11,False
2016-11-24,JSWSTEEL,147.634,148.631,144.157,144.92,16770590,-2.2105,148.678,153.984,131.89,41.8581,-1.76395,-1.576,-0.18795,156.286,141.069,10.2352,2016,11,4,2016-11,False
2016-11-25,JSWSTEEL,145.75,150.668,145.481,150.224,4443080,3.66,148.703,153.714,132.172,49.5156,-1.5154,-1.56388,0.0484845,156.329,141.076,10.2574,2016,11,4,2016-11,False
2016-11-28,JSWSTEEL,150.776,155.263,149.613,154.585,4880370,2.9035,149.087,153.674,132.497,54.7889,-0.955446,-1.44219,0.486748,157.096,141.077,10.7449,2016,11,4,2016-11,False
2016-11-29,JSWSTEEL,154.985,155.465,152.032,152.342,4467480,-1.4514,149.26,153.579,132.825,51.792,-0.684832,-1.29072,0.60589,157.399,141.12,10.9063,2016,11,4,2016-11,False
2016-11-30,JSWSTEEL,151.224,155.761,151.224,155.173,7408290,1.8587,149.556,153.535,133.149,55.1278,-0.239129,-1.0804,0.841275,158.114,140.998,11.4446,2016,11,4,2016-11,False
2016-12-01,JSWSTEEL,155.173,155.344,150.062,150.448,5346100,-3.0451,149.746,153.446,133.438,49.0306,-0.264145,-0.917152,0.653007,158.201,141.292,11.2914,2016,12,4,2016-12,False
2016-12-02,JSWSTEEL,149.34,150.776,148.146,148.68,5441330,-1.1752,150.004,153.243,133.715,46.9386,-0.421776,-0.818077,0.396301,157.959,142.05,10.6053,2016,12,4,2016-12,False
2016-12-05,JSWSTEEL,148.801,150.04,145.952,147.953,6162830,-0.4889,150.261,153.04,134.008,46.0683,-0.598459,-0.774153,0.175694,157.542,142.98,9.6909,2016,12,4,2016-12,False
2016-12-06,JSWSTEEL,148.263,149.133,146.558,147.545,3695870,-0.276,150.456,152.843,134.29,45.5573,-0.76264,-0.77185,0.00921041,157.178,143.735,8.9345,2016,12,4,2016-12,False
2016-12-07,JSWSTEEL,148.083,148.617,146.423,147.756,5034030,0.1429,150.409,152.635,134.581,45.8911,-0.865758,-0.790632,-0.0751257,157.195,143.623,9.0238,2016,12,4,2016-12,False
2016-12-08,JSWSTEEL,148.981,150.596,148.263,148.698,4827860,0.6378,150.301,152.456,134.873,47.4419,-0.861508,-0.804807,-0.056701,157.126,143.476,9.0817,2016,12,4,2016-12,False
2016-12-09,JSWSTEEL,149.591,149.788,147.365,147.765,3760900,-0.6277,149.808,152.258,135.147,46.0346,-0.922817,-0.828409,-0.0944083,155.774,143.842,7.9652,2016,12,4,2016-12,False
2016-12-12,JSWSTEEL,147.724,147.94,145.184,145.602,4064340,-1.4637,149.365,152.01,135.414,42.8617,-1.13287,-0.889302,-0.243572,155.19,143.54,7.7995,2016,12,4,2016-12,False
2016-12-13,JSWSTEEL,145.75,147.298,144.484,146.459,5306210,0.5886,149.087,151.752,135.679,44.4943,-1.21617,-0.954676,-0.261493,154.909,143.265,7.8106,2016,12,4,2016-12,False
2016-12-14,JSWSTEEL,147.275,147.275,145.525,146.302,4181710,-0.1072,148.781,151.665,135.938,44.2448,-1.2801,-1.01976,-0.260337,154.508,143.054,7.699,2016,12,4,2016-12,False
2016-12-15,JSWSTEEL,145.391,148.581,144.956,146.347,4059070,0.0307,148.674,151.488,136.186,44.3408,-1.31202,-1.07821,-0.233805,154.503,142.844,7.8421,2016,12,4,2016-12,False
2016-12-16,JSWSTEEL,147.545,147.899,144.61,145.238,4632360,-0.7574,148.345,151.22,136.42,42.3984,-1.41049,-1.14467,-0.265823,154.17,142.52,7.8536,2016,12,4,2016-12,False
2016-12-19,JSWSTEEL,145.211,145.781,143.035,143.502,3883340,-1.1957,148.242,150.889,136.636,39.4803,-1.6101,-1.23775,-0.372346,154.34,142.144,8.2271,2016,12,4,2016-12,False
2016-12-20,JSWSTEEL,142.698,143.686,141.352,142.842,4756710,-0.4597,148.029,150.537,136.855,38.3992,-1.80076,-1.35035,-0.450406,154.576,141.482,8.8458,2016,12,4,2016-12,False
2016-12-21,JSWSTEEL,143.596,144.125,141.895,142.357,3908180,-0.3393,147.737,150.22,137.064,37.5849,-1.96828,-1.47394,-0.49434,154.756,140.717,9.5026,2016,12,4,2016-12,False
2016-12-22,JSWSTEEL,143.21,143.407,139.768,140.598,4445390,-1.2357,147.521,149.852,137.276,34.7078,-2.21742,-1.62264,-0.594784,155.145,139.896,10.3368,2016,12,4,2016-12,False
2016-12-23,JSWSTEEL,139.826,142.146,138.395,140.728,4666800,0.0926,147.046,149.409,137.477,35.1036,-2.37696,-1.7735,-0.603461,155.13,138.962,10.9958,2016,12,4,2016-12,False
2016-12-26,JSWSTEEL,139.467,140.159,135.667,137.556,6133610,-2.2544,146.194,148.979,137.654,30.284,-2.72796,-1.96439,-0.763564,154.519,137.87,11.3884,2016,12,4,2016-12,False
2016-12-27,JSWSTEEL,138.094,142.47,137.583,141.819,4294580,3.0991,145.668,148.687,137.858,41.8392,-2.63179,-2.09787,-0.533921,153.681,137.655,11.0018,2016,12,4,2016-12,False
2016-12-28,JSWSTEEL,141.796,143.12,139.773,142.263,6245670,0.3132,145.023,148.446,138.051,42.9013,-2.49102,-2.1765,-0.31452,151.796,138.25,9.3408,2016,12,4,2016-12,False
2016-12-29,JSWSTEEL,141.909,143.946,141.016,143.573,5243210,0.9211,144.679,148.118,138.24,46.0318,-2.24782,-2.19077,-0.0570514,150.974,138.384,8.7017,2016,12,4,2016-12,False
2016-12-30,JSWSTEEL,143.506,146.508,143.205,146.064,6205340,1.7346,144.548,147.9,138.44,51.477,-1.83299,-2.11921,0.286224,150.597,138.5,8.369,2016,12,4,2016-12,False
2017-01-02,JSWSTEEL,146.109,147.352,144.502,146.674,4621360,0.4178,144.484,147.708,138.647,52.7355,-1.4384,-1.98305,0.544644,150.407,138.562,8.1985,2017,1,1,2017-01,False
2017-01-03,JSWSTEEL,147.275,148.406,146.378,147.594,4530490,0.6272,144.487,147.546,138.856,54.6451,-1.03948,-1.79433,0.754853,150.415,138.559,8.2059,2017,1,1,2017-01,False
2017-01-04,JSWSTEEL,149.654,149.654,144.134,146.333,2378943,-0.8543,144.416,147.4,139.059,51.5695,-0.81568,-1.5986,0.782924,150.211,138.62,8.0264,2017,1,1,2017-01,False
2017-01-05,JSWSTEEL,147.231,158.539,146.737,157.641,6510132,7.7277,144.863,147.484,139.32,68.6242,0.271035,-1.22468,1.49571,152.969,136.757,11.1917,2017,1,1,2017-01,False
2017-01-06,JSWSTEEL,159.167,160.468,155.039,157.237,5500626,-0.2562,145.336,147.635,139.573,67.7072,1.08714,-0.762312,1.84946,155.095,135.578,13.4292,2017,1,1,2017-01,False
2017-01-09,JSWSTEEL,158.404,160.917,156.699,158.0,2997673,0.4852,145.956,147.856,139.827,68.5618,1.77501,-0.254847,2.02986,157.242,134.671,15.4642,2017,1,1,2017-01,False
2017-01-10,JSWSTEEL,158.404,161.097,155.801,160.154,3701710,1.3633,146.641,148.082,140.091,70.9032,2.46554,0.28923,2.17631,159.594,133.688,17.6658,2017,1,1,2017-01,False
2017-01-11,JSWSTEEL,160.917,175.366,160.648,167.917,19588062,4.8473,147.722,148.455,140.389,77.4281,3.59773,0.95093,2.6468,163.788,131.656,21.7523,2017,1,1,2017-01,False
2017-01-12,JSWSTEEL,168.949,171.148,165.315,169.174,6001012,0.7483,148.863,148.906,140.692,78.2772,4.54401,1.66955,2.87446,167.548,130.178,25.1035,2017,1,1,2017-01,False
2017-01-13,JSWSTEEL,170.071,171.507,166.122,169.533,5494453,0.2122,150.078,149.426,140.99,78.5257,5.26225,2.38809,2.87416,170.817,129.339,27.6371,2017,1,1,2017-01,False
2017-01-16,JSWSTEEL,170.206,172.764,167.603,169.937,3993046,0.2382,151.4,149.969,141.283,78.8194,5.79722,3.06991,2.72731,173.686,129.114,29.4396,2017,1,1,2017-01,False
2017-01-17,JSWSTEEL,172.225,172.405,166.437,167.558,4433742,-1.3995,152.636,150.447,141.573,72.5302,5.96057,3.64805,2.31253,175.652,129.619,30.1592,2017,1,1,2017-01,False
2017-01-18,JSWSTEEL,167.873,172.764,167.873,171.507,5651544,2.3567,154.093,150.903,141.88,75.9601,6.33564,4.18556,2.15007,178.042,130.144,31.0841,2017,1,1,2017-01,False
2017-01-19,JSWSTEEL,171.418,174.065,170.341,172.898,5325171,0.8111,155.708,151.344,142.177,77.0473,6.66826,4.6821,1.98616,180.176,131.24,31.4283,2017,1,1,2017-01,False
2017-01-20,JSWSTEEL,172.27,173.661,165.674,166.616,5221394,-3.6335,157.003,151.524,142.437,63.1557,6.35171,5.01602,1.33569,180.866,133.139,30.3984,2017,1,1,2017-01,False
2017-01-23,JSWSTEEL,167.289,174.828,166.93,174.245,5915206,4.5785,158.837,151.919,142.744,70.1853,6.63987,5.34079,1.29908,182.037,135.637,29.2126,2017,1,1,2017-01,False
2017-01-24,JSWSTEEL,174.604,175.636,172.45,174.065,3567556,-0.103,160.449,152.36,143.052,69.8476,6.77565,5.62776,1.14788,183.146,137.752,28.2918,2017,1,1,2017-01,False
2017-01-25,JSWSTEEL,175.187,179.226,173.347,176.039,8514459,1.1343,162.138,152.833,143.37,71.4735,6.96231,5.89467,1.06764,184.154,140.123,27.1565,2017,1,1,2017-01,False
2017-01-27,JSWSTEEL,176.219,178.597,173.347,175.322,3724559,-0.4078,163.725,153.369,143.67,69.9955,6.97194,6.11013,0.861816,184.657,142.794,25.5684,2017,1,1,2017-01,False
2017-01-30,JSWSTEEL,175.007,178.597,173.347,176.354,3886010,0.5887,165.24,153.86,143.981,70.9263,6.98237,6.28458,0.697795,185.149,145.331,24.0966,2017,1,1,2017-01,False
2017-01-31,JSWSTEEL,176.892,180.751,175.007,177.834,9791708,0.8397,166.798,154.506,144.302,72.2561,7.0291,6.43348,0.595618,185.425,148.171,22.3346,2017,1,1,2017-01,False
2017-02-01,JSWSTEEL,179.046,179.181,171.507,177.072,7991260,-0.429,168.272,155.105,144.607,70.4679,6.92475,6.53173,0.393015,185.076,151.467,19.9731,2017,2,1,2017-02,False
2017-02-02,JSWSTEEL,177.206,177.7,172.674,174.02,4882873,-1.7233,169.656,155.621,144.898,63.6795,6.52066,6.52952,-0.00885776,183.071,156.242,15.8139,2017,2,1,2017-02,False
2017-02-03,JSWSTEEL,173.212,176.264,169.398,172.001,7158596,-1.1604,170.374,156.163,145.171,59.5885,5.96867,6.41735,-0.448676,182.562,158.186,14.3073,2017,2,1,2017-02,False
2017-02-06,JSWSTEEL,173.796,174.469,170.969,172.629,3509746,0.3653,171.144,156.611,145.439,60.44,5.5183,6.23754,-0.719237,181.67,160.618,12.3005,2017,2,1,2017-02,False
2017-02-07,JSWSTEEL,173.033,175.007,168.68,169.623,4271007,-1.7416,171.725,156.912,145.679,54.5194,4.86272,5.96258,-1.09985,180.297,163.152,9.984,2017,2,1,2017-02,False
2017-02-08,JSWSTEEL,171.373,172.046,168.994,169.892,4093024,0.1587,172.212,157.263,145.926,54.9451,4.31516,5.63309,-1.31794,178.921,165.503,7.7917,2017,2,1,2017-02,False
2017-02-09,JSWSTEEL,170.7,174.11,166.796,173.796,4280685,2.2979,172.506,157.635,146.195,60.6898,4.1484,5.33616,-1.18775,178.932,166.08,7.4503,2017,2,1,2017-02,False
2017-02-10,JSWSTEEL,174.2,175.007,171.777,173.437,2393140,-0.2066,172.719,158.095,146.462,59.9331,3.94185,5.05729,-1.11545,178.96,166.478,7.2266,2017,2,1,2017-02,False
2017-02-13,JSWSTEEL,174.648,175.232,160.02,168.501,5882506,-2.8461,172.667,158.491,146.694,50.5918,3.34133,4.7141,-1.37277,179.035,166.3,7.3756,2017,2,1,2017-02,False
2017-02-14,JSWSTEEL,168.501,170.026,161.904,163.206,5326799,-3.1425,172.331,158.796,146.901,42.8724,2.41036,4.25335,-1.84299,179.903,164.758,8.7886,2017,2,1,2017-02,False
2017-02-15,JSWSTEEL,164.148,165.539,160.423,164.507,4927878,0.7974,172.178,159.136,147.113,45.0899,1.75731,3.75414,-1.99683,180.261,164.095,9.3895,2017,2,1,2017-02,False
2017-02-16,JSWSTEEL,165.18,168.725,163.565,168.231,2742051,2.264,172.014,159.545,147.341,50.9573,1.52275,3.30786,-1.78512,180.285,163.743,9.6168,2017,2,1,2017-02,False
2017-02-17,JSWSTEEL,168.815,169.712,165.225,165.943,2679540,-1.3603,171.667,159.89,147.562,47.5921,1.13906,2.8741,-1.73505,180.356,162.978,10.1231,2017,2,1,2017-02,False
2017-02-20,JSWSTEEL,165.988,170.341,164.776,168.994,3116627,1.8388,171.785,160.315,147.801,52.1314,1.06888,2.51306,-1.44418,180.246,163.325,9.8495,2017,2,1,2017-02,False
2017-02-21,JSWSTEEL,169.623,172.091,166.616,167.783,2738266,-0.717,171.462,160.758,148.05,50.2696,0.905065,2.19146,-1.28639,180.02,162.905,9.9819,2017,2,1,2017-02,False
2017-02-22,JSWSTEEL,168.007,168.411,163.52,166.033,3420915,-1.0431,171.061,161.15,148.291,47.6239,0.626801,1.87853,-1.25173,179.855,162.267,10.2817,2017,2,1,2017-02,False
2017-02-23,JSWSTEEL,166.571,168.321,165.225,167.783,3565755,1.054,170.648,161.579,148.54,50.4332,0.54125,1.61107,-1.06982,179.23,162.065,10.0588,2017,2,1,2017-02,False
2017-02-27,JSWSTEEL,167.828,170.43,166.033,166.302,2479199,-0.8826,170.197,161.979,148.78,48.0831,0.349928,1.35884,-1.00892,178.693,161.701,9.9837,2017,2,1,2017-02,False
2017-02-28,JSWSTEEL,166.302,168.77,166.033,167.783,2568373,0.8904,169.768,162.429,149.044,50.564,0.314171,1.14991,-0.835738,177.809,161.728,9.4727,2017,2,1,2017-02,False
2017-03-01,JSWSTEEL,168.77,172.854,167.603,170.341,6984828,1.5245,169.394,162.966,149.319,54.5997,0.486621,1.01725,-0.53063,176.496,162.292,8.385,2017,3,1,2017-03,False
2017-03-02,JSWSTEEL,171.014,171.328,163.251,164.686,5014563,-3.3193,168.774,163.403,149.57,45.7156,0.165146,0.84683,-0.681684,175.184,162.365,7.5948,2017,3,1,2017-03,False
2017-03-03,JSWSTEEL,164.238,166.302,163.295,165.135,3072562,0.2724,168.33,163.859,149.829,46.4601,-0.0528106,0.666902,-0.719713,174.433,162.228,7.2506,2017,3,1,2017-03,False
2017-03-06,JSWSTEEL,165.18,167.199,164.372,165.898,2405448,0.462,168.025,164.365,150.08,47.7717,-0.162115,0.501099,-0.663214,173.963,162.087,7.0677,2017,3,1,2017-03,False
2017-03-07,JSWSTEEL,166.392,166.616,162.443,162.847,2337750,-1.8393,167.536,164.807,150.318,43.2118,-0.489324,0.303014,-0.792338,173.488,161.583,7.1059,2017,3,1,2017-03,False
2017-03-08,JSWSTEEL,163.026,163.475,158.853,159.795,5030575,-1.8738,167.045,165.252,150.533,39.184,-0.983523,0.0457069,-1.02923,173.835,160.254,8.1304,2017,3,1,2017-03,False
2017-03-09,JSWSTEEL,158.584,160.513,157.641,158.718,2814093,-0.674,166.486,165.59,150.737,37.8433,-1.44542,-0.252519,-1.1929,174.081,158.891,9.1242,2017,3,1,2017-03,False
2017-03-10,JSWSTEEL,158.853,160.558,157.193,158.18,1965462,-0.3393,165.705,165.908,150.945,37.1586,-1.83379,-0.568773,-1.26502,173.347,158.063,9.2233,2017,3,1,2017-03,False
2017-03-14,JSWSTEEL,161.5,164.552,159.302,163.251,3552433,3.2057,165.196,166.302,151.173,46.9004,-1.71267,-0.797552,-0.915116,171.977,158.414,8.2101,2017,3,1,2017-03,False
2017-03-15,JSWSTEEL,163.251,165.943,161.59,164.686,2518621,0.8796,165.005,166.674,151.407,49.2974,-1.4837,-0.934782,-0.548921,171.607,158.403,8.0024,2017,3,1,2017-03,False
2017-03-16,JSWSTEEL,166.571,174.379,166.212,172.719,8053833,4.8774,165.481,167.195,151.69,60.1376,-0.646648,-0.877155,0.230508,172.862,158.1,8.9208,2017,3,1,2017-03,False
2017-03-17,JSWSTEEL,174.334,175.815,170.655,172.315,5143534,-0.2338,165.871,167.689,151.963,59.4493,-0.0156832,-0.704861,0.689178,173.838,157.904,9.6062,2017,3,1,2017-03,False
2017-03-20,JSWSTEEL,172.988,174.783,170.7,174.2,2608165,1.0938,166.17,168.247,152.22,61.6547,0.629188,-0.438051,1.06724,174.918,157.422,10.5291,2017,3,1,2017-03,False
2017-03-21,JSWSTEEL,174.693,174.693,171.418,172.674,3832639,-0.8758,166.506,168.547,152.47,58.8638,1.00555,-0.149331,1.15488,175.723,157.289,11.0707,2017,3,1,2017-03,False
2017-03-22,JSWSTEEL,170.071,170.071,166.122,167.558,3999158,-2.9626,166.434,168.754,152.688,50.594,0.880877,0.0567104,0.824166,175.592,157.277,11.0041,2017,3,1,2017-03,False
2017-03-23,JSWSTEEL,167.558,169.623,166.481,167.693,2749898,0.0803,166.43,168.948,152.913,50.79,0.7839,0.202148,0.581751,175.584,157.275,11.0011,2017,3,1,2017-03,False
2017-03-24,JSWSTEEL,167.738,171.193,166.93,167.648,3979893,-0.0268,166.511,169.098,153.135,50.7178,0.695409,0.3008,0.394608,175.679,157.342,11.0123,2017,3,1,2017-03,False
2017-03-27,JSWSTEEL,167.648,168.456,159.481,161.052,8610189,-3.9347,166.174,168.96,153.329,41.4008,0.0919433,0.259029,-0.167086,175.635,156.713,11.3871,2017,3,1,2017-03,False
2017-03-28,JSWSTEEL,160.917,165.09,160.917,162.981,8752274,1.1981,166.008,168.836,153.532,44.6064,-0.227981,0.161627,-0.389608,175.576,156.44,11.5268,2017,3,1,2017-03,False
2017-03-29,JSWSTEEL,164.238,165.719,162.218,164.552,3043114,0.9637,165.846,168.737,153.74,47.1411,-0.350747,0.0591522,-0.409899,175.397,156.296,11.5174,2017,3,1,2017-03,False
2017-03-30,JSWSTEEL,164.686,168.097,163.924,166.392,20910457,1.1181,165.649,168.666,153.949,50.0258,-0.296168,-0.0119118,-0.284256,174.969,156.329,11.2526,2017,3,1,2017-03,False
2017-03-31,JSWSTEEL,166.885,170.744,166.033,168.905,4542711,1.5102,165.86,168.693,154.162,53.7394,-0.0495704,-0.0194435,-0.0301269,175.278,156.441,11.3572,2017,3,1,2017-03,False
2017-04-03,JSWSTEEL,168.635,172.629,167.828,169.533,4005610,0.3719,166.08,168.653,154.376,54.6467,0.194313,0.0233078,0.171005,175.632,156.528,11.5026,2017,4,2,2017-04,False
2017-04-05,JSWSTEEL,172.315,176.713,172.001,175.725,7046524,3.6527,166.571,168.71,154.629,62.4624,0.87717,0.19408,0.683089,177.05,156.093,12.5814,2017,4,2,2017-04,False
2017-04-06,JSWSTEEL,175.007,183.803,172.719,182.905,7827353,4.0858,167.574,169.036,154.916,69.1093,1.97492,0.550249,1.42467,180.176,154.972,15.0405,2017,4,2,2017-04,False
2017-04-07,JSWSTEEL,181.828,185.777,176.623,179.36,9259489,-1.9382,168.552,169.138,155.188,63.1623,2.52968,0.946136,1.58355,181.64,155.465,15.5295,2017,4,2,2017-04,False
2017-04-10,JSWSTEEL,179.27,183.982,178.373,182.815,4077710,1.9265,169.757,169.313,155.474,66.214,3.21113,1.39914,1.812,183.456,156.059,16.1387,2017,4,2,2017-04,False
2017-04-11,JSWSTEEL,185.328,185.687,177.655,178.373,6912377,-2.43,170.767,169.36,155.743,59.4005,3.35405,1.79012,1.56393,183.834,157.699,15.3046,2017,4,2,2017-04,False
2017-04-12,JSWSTEEL,179.36,181.469,175.322,176.309,4900126,-1.1572,171.42,169.379,155.998,56.4917,3.26314,2.08472,1.17841,184.208,158.632,14.9203,2017,4,2,2017-04,False
2017-04-13,JSWSTEEL,176.757,176.757,170.341,171.193,6831049,-2.9015,171.745,169.276,156.229,49.9619,2.74664,2.2171,0.529531,184.137,159.353,14.4305,2017,4,2,2017-04,False
2017-04-17,JSWSTEEL,170.969,175.456,170.969,174.245,5298073,1.7824,171.821,169.204,156.479,53.4205,2.55409,2.2845,0.269587,184.257,159.386,14.4753,2017,4,2,2017-04,False
2017-04-18,JSWSTEEL,174.648,178.328,167.379,168.097,7160819,-3.5282,171.61,169.025,156.694,46.454,1.88371,2.20434,-0.320633,184.154,159.067,14.6182,2017,4,2,2017-04,False
2017-04-19,JSWSTEEL,168.052,172.494,166.437,169.982,6855099,1.1212,171.4,168.944,156.926,48.6642,1.48737,2.06095,-0.573582,183.901,158.898,14.5877,2017,4,2,2017-04,False
2017-04-20,JSWSTEEL,171.866,172.943,168.725,169.892,4558278,-0.0528,171.26,168.902,157.157,48.5614,1.15273,1.8793,-0.726575,183.764,158.757,14.6022,2017,4,2,2017-04,False
2017-04-21,JSWSTEEL,171.642,172.091,166.571,168.052,6017993,-1.0829,171.285,168.81,157.36,46.3978,0.730647,1.64957,-0.918925,183.76,158.81,14.5664,2017,4,2,2017-04,False
2017-04-24,JSWSTEEL,168.725,175.142,166.212,172.764,6548580,2.8037,171.539,168.873,157.579,52.2637,0.767494,1.47316,-0.705663,183.912,159.165,14.4263,2017,4,2,2017-04,False
2017-04-25,JSWSTEEL,175.456,176.354,172.674,174.559,5905853,1.039,171.884,168.967,157.798,54.3149,0.930805,1.36469,-0.433881,184.186,159.583,14.3139,2017,4,2,2017-04,False
2017-04-26,JSWSTEEL,175.007,181.469,175.007,178.418,6575488,2.2108,172.753,169.059,158.037,58.4486,1.356,1.36295,-0.00695222,184.261,161.244,13.3233,2017,4,2,2017-04,False
2017-04-27,JSWSTEEL,178.104,181.065,175.636,177.969,4349295,-0.2515,173.502,169.15,158.266,57.7938,1.63788,1.41793,0.219941,184.258,162.745,12.3993,2017,4,2,2017-04,False
2017-04-28,JSWSTEEL,178.238,185.239,177.116,178.597,8422472,0.353,174.204,169.352,158.494,58.4949,1.89017,1.51238,0.37779,184.315,164.093,11.608,2017,4,2,2017-04,False
2017-05-02,JSWSTEEL,179.495,181.065,174.604,175.725,4080171,-1.608,174.671,169.602,158.716,54.0729,1.8372,1.57734,0.259854,184.102,165.24,10.7989,2017,5,2,2017-05,False
2017-05-03,JSWSTEEL,176.623,178.777,173.168,173.527,4612307,-1.2513,174.902,169.782,158.921,50.9002,1.59936,1.58175,0.0176099,183.957,165.847,10.3548,2017,5,2,2017-05,False
2017-05-04,JSWSTEEL,176.802,177.251,171.418,174.155,5327061,0.362,175.133,169.901,159.115,51.7709,1.4449,1.55438,-0.109475,183.841,166.425,9.944,2017,5,2,2017-05,False
2017-05-05,JSWSTEEL,174.11,174.245,168.052,170.341,4146159,-2.1901,174.864,169.989,159.275,46.3919,1.00316,1.44413,-0.440978,183.824,165.904,10.2478,2017,5,2,2017-05,False
2017-05-08,JSWSTEEL,170.969,173.437,167.828,171.687,5024668,0.7903,174.303,170.043,159.434,48.4285,0.753013,1.30591,-0.552897,182.517,166.089,9.4247,2017,5,2,2017-05,False
2017-05-09,JSWSTEEL,171.866,174.738,170.071,172.719,3989306,0.6012,173.971,170.141,159.591,49.997,0.630784,1.17088,-0.540101,181.854,166.088,9.0627,2017,5,2,2017-05,False
2017-05-10,JSWSTEEL,173.257,178.508,173.123,177.251,4780618,2.6241,173.693,170.366,159.743,56.2845,0.889378,1.11458,-0.225205,180.593,166.792,7.9456,2017,5,2,2017-05,False
2017-05-11,JSWSTEEL,178.149,179.495,174.11,174.559,4526903,-1.519,173.502,170.501,159.895,52.0938,0.867066,1.06508,-0.198014,180.06,166.944,7.5597,2017,5,2,2017-05,False
2017-05-12,JSWSTEEL,174.559,178.149,171.866,176.937,7071552,1.3625,173.533,170.714,160.049,55.2625,1.02943,1.05795,-0.0285236,180.154,166.913,7.6302,2017,5,2,2017-05,False
2017-05-15,JSWSTEEL,177.7,181.873,176.174,181.02,5637368,2.3079,174.025,170.979,160.228,60.1377,1.47065,1.14049,0.330159,181.337,166.713,8.4032,2017,5,2,2017-05,False
2017-05-16,JSWSTEEL,183.982,183.982,180.168,180.976,7155404,-0.0248,174.361,171.191,160.409,60.0603,1.796,1.27159,0.524406,182.308,166.415,9.115,2017,5,2,2017-05,False
2017-05-17,JSWSTEEL,182.771,187.976,182.456,185.508,15630852,2.5043,175.232,171.608,160.613,64.968,2.39198,1.49567,0.89631,184.055,166.408,10.0705,2017,5,2,2017-05,False
2017-05-18,JSWSTEEL,184.88,187.572,168.86,171.777,21476119,-7.402,175.322,171.741,160.741,46.3752,1.73628,1.54379,0.192487,183.955,166.689,9.8482,2017,5,2,2017-05,False
2017-05-19,JSWSTEEL,174.11,177.431,169.892,173.661,10896952,1.0972,175.51,171.896,160.865,48.5515,1.35311,1.50565,-0.152544,183.802,167.218,9.4487,2017,5,2,2017-05,False
2017-05-22,JSWSTEEL,174.559,176.757,171.462,172.45,6295893,-0.6977,175.73,172.088,160.947,47.2246,0.940836,1.39269,-0.451854,183.399,168.061,8.728,2017,5,2,2017-05,False
2017-05-23,JSWSTEEL,172.674,175.456,165.225,173.706,8867141,0.7286,175.777,172.366,161.059,48.7877,0.70734,1.25562,-0.54828,183.38,168.174,8.6512,2017,5,2,2017-05,False
2017-05-24,JSWSTEEL,173.527,174.963,167.289,170.161,5439353,-2.0408,175.557,172.595,161.158,44.7597,0.233548,1.05121,-0.817657,183.553,167.561,9.1092,2017,5,2,2017-05,False
2017-05-25,JSWSTEEL,170.969,173.841,169.623,173.078,5977139,1.7141,175.29,172.893,161.266,48.5254,0.0923606,0.859437,-0.767076,183.24,167.34,9.071,2017,5,2,2017-05,False
2017-05-26,JSWSTEEL,172.898,182.097,172.136,178.463,12767707,3.1112,175.315,173.197,161.406,54.6692,0.410251,0.769599,-0.359348,183.303,167.327,9.113,2017,5,2,2017-05,False
2017-05-29,JSWSTEEL,178.552,181.604,175.007,175.725,4551732,-1.5338,175.171,173.418,161.528,51.3162,0.436275,0.702935,-0.26666,183.013,167.33,8.9532,2017,5,2,2017-05,False
2017-05-30,JSWSTEEL,175.007,178.014,173.661,175.007,4165068,-0.4086,175.135,173.464,161.636,50.4423,0.394418,0.641231,-0.246813,182.973,167.298,8.9503,2017,5,2,2017-05,False
2017-05-31,JSWSTEEL,175.905,178.867,173.123,173.975,6461000,-0.5897,175.158,173.497,161.726,49.1467,0.274796,0.567944,-0.293148,182.979,167.337,8.93,2017,5,2,2017-05,False
2017-06-01,JSWSTEEL,174.559,175.905,173.302,175.411,3515147,0.8254,175.221,173.521,161.828,51.0313,0.292493,0.512854,-0.220361,183.028,167.414,8.9111,2017,6,2,2017-06,False
2017-06-02,JSWSTEEL,176.398,177.251,174.155,174.783,2665134,-0.3582,175.443,173.563,161.934,50.1555,0.252909,0.460865,-0.207956,182.911,167.975,8.5131,2017,6,2,2017-06,False
2017-06-05,JSWSTEEL,176.354,176.354,170.161,170.969,7041770,-2.1823,175.407,173.632,162.022,45.0955,-0.0852571,0.351641,-0.436898,182.957,167.857,8.6089,2017,6,2,2017-06,False
2017-06-06,JSWSTEEL,170.52,174.469,169.892,172.405,5549087,0.8399,175.391,173.726,162.116,47.253,-0.234682,0.234376,-0.469058,182.966,167.816,8.638,2017,6,2,2017-06,False
2017-06-07,JSWSTEEL,172.674,176.129,172.315,175.366,6570678,1.7179,175.297,173.88,162.218,51.4872,-0.11282,0.164937,-0.277757,182.821,167.772,8.5848,2017,6,2,2017-06,False
2017-06-08,JSWSTEEL,179.495,181.649,177.027,178.642,12287394,1.868,175.501,174.232,162.327,55.7211,0.245259,0.181001,0.0642573,183.161,167.841,8.7298,2017,6,2,2017-06,False
2017-06-09,JSWSTEEL,179.36,181.873,177.969,181.29,5161130,1.482,175.719,174.598,162.437,58.8472,0.73421,0.291643,0.442567,183.787,167.65,9.1836,2017,6,2,2017-06,False
2017-06-12,JSWSTEEL,181.29,183.15,179.701,180.428,2791407,-0.4756,175.689,174.916,162.539,57.4253,1.04014,0.441343,0.598799,183.68,167.698,9.0963,2017,6,2,2017-06,False
2017-06-13,JSWSTEEL,180.972,182.833,178.885,179.475,4264115,-0.5281,175.614,175.177,162.634,55.82,1.19196,0.591467,0.600496,183.422,167.806,8.8918,2017,6,2,2017-06,False
2017-06-14,JSWSTEEL,179.701,181.653,177.977,179.928,3710984,0.2528,175.335,175.398,162.74,56.4444,1.33352,0.739878,0.593646,181.964,168.706,7.5614,2017,6,2,2017-06,False
2017-06-15,JSWSTEEL,179.52,180.609,177.886,178.658,3459648,-0.7062,175.679,175.58,162.845,54.1372,1.32788,0.857478,0.470401,182.244,169.114,7.4741,2017,6,2,2017-06,False
2017-06-16,JSWSTEEL,178.612,179.701,176.253,176.843,3232753,-1.016,175.838,175.603,162.939,50.9341,1.16352,0.918687,0.244836,182.351,169.325,7.4083,2017,6,2,2017-06,False
2017-06-19,JSWSTEEL,177.523,181.426,175.935,180.836,5481847,2.2582,176.257,175.561,163.06,56.9664,1.34005,1.00296,0.337094,182.93,169.585,7.5715,2017,6,2,2017-06,False
2017-06-20,JSWSTEEL,181.88,182.878,179.883,181.29,4917462,0.2509,176.637,175.6,163.179,57.6043,1.49929,1.10223,0.397065,183.556,169.717,7.8348,2017,6,2,2017-06,False
2017-06-21,JSWSTEEL,180.972,185.011,178.93,181.653,5932691,0.2003,177.211,175.577,163.291,58.1389,1.63592,1.20897,0.426958,183.766,170.657,7.3972,2017,6,2,2017-06,False
2017-06-22,JSWSTEEL,181.789,185.102,178.022,179.384,5970858,-1.2491,177.527,175.597,163.389,53.5907,1.54333,1.27584,0.26749,183.846,171.207,7.1196,2017,6,2,2017-06,False
2017-06-23,JSWSTEEL,179.475,180.064,174.801,177.614,4144287,-0.9866,177.484,175.623,163.49,50.2862,1.31201,1.28307,0.0289402,183.789,171.18,7.1043,2017,6,2,2017-06,False
2017-06-27,JSWSTEEL,178.612,179.384,174.71,176.117,3228380,-0.8431,177.504,175.721,163.575,47.6111,0.996376,1.22573,-0.229358,183.788,171.22,7.0804,2017,6,2,2017-06,False
2017-06-28,JSWSTEEL,176.298,180.155,174.982,179.293,4779335,1.8036,177.718,175.822,163.674,53.2878,0.991124,1.17881,-0.187689,183.935,171.5,6.997,2017,6,2,2017-06,False
2017-06-29,JSWSTEEL,180.609,186.962,180.201,186.372,9184678,3.9484,178.338,176.188,163.77,62.9286,1.54043,1.25114,0.289297,185.399,171.277,7.9187,2017,6,2,2017-06,False
2017-06-30,JSWSTEEL,186.372,189.503,183.513,184.602,6431412,-0.9496,178.797,176.48,163.862,59.616,1.81207,1.36332,0.448746,186.242,171.352,8.3279,2017,6,2,2017-06,False
2017-07-03,JSWSTEEL,184.829,187.416,184.693,186.1,4041802,0.8112,179.363,176.804,163.963,61.4645,2.1237,1.5154,0.608301,187.232,171.495,8.7739,2017,7,3,2017-07,False
2017-07-04,JSWSTEEL,186.871,189.957,186.145,189.095,5697836,1.6094,180.269,177.225,164.09,64.9227,2.58257,1.72883,0.853738,188.242,172.297,8.845,2017,7,3,2017-07,False
2017-07-05,JSWSTEEL,189.912,193.27,188.777,192.68,6906867,1.8959,181.283,177.624,164.271,68.5597,3.19863,2.02279,1.17584,190.151,172.416,9.7833,2017,7,3,2017-07,False
2017-07-06,JSWSTEEL,193.043,194.359,191.409,192.816,6685243,0.0706,182.156,177.989,164.449,68.6924,3.65571,2.34938,1.30634,191.957,172.355,10.7613,2017,7,3,2017-07,False
2017-07-07,JSWSTEEL,192.408,196.946,190.91,196.129,6452705,1.718,183.03,178.343,164.643,71.8114,4.23642,2.72679,1.50963,194.491,171.569,12.5233,2017,7,3,2017-07,False
2017-07-10,JSWSTEEL,196.492,200.167,196.038,197.899,1192167,0.9024,183.86,178.742,164.858,73.3395,4.78429,3.13829,1.64601,197.065,170.656,14.3632,2017,7,3,2017-07,False
2017-07-11,JSWSTEEL,199.578,199.578,193.361,193.86,3660000,-2.0408,184.532,179.047,165.033,64.7173,4.83684,3.478,1.35884,198.353,170.711,14.9794,2017,7,3,2017-07,False
2017-07-12,JSWSTEEL,194.268,195.221,191.046,194.132,4864490,0.1405,185.265,179.415,165.213,65.0159,4.8446,3.75132,1.09328,199.505,171.025,15.3724,2017,7,3,2017-07,False
2017-07-13,JSWSTEEL,195.13,196.946,192.09,193.724,2485968,-0.2104,185.955,179.819,165.395,64.1391,4.7629,3.95363,0.809265,200.44,171.469,15.5799,2017,7,3,2017-07,False
2017-07-14,JSWSTEEL,193.814,196.219,192.498,195.267,3484855,0.7964,186.785,180.241,165.58,66.0044,4.76769,4.11645,0.651243,201.413,172.157,15.6629,2017,7,3,2017-07,False
2017-07-17,JSWSTEEL,196.401,198.352,195.63,197.899,3303597,1.3479,187.838,180.792,165.782,68.9696,4.92707,4.27857,0.648497,202.484,173.192,15.5942,2017,7,3,2017-07,False
2017-07-18,JSWSTEEL,197.354,199.396,194.223,196.174,3631182,-0.8714,188.605,181.282,165.974,64.9711,4.85823,4.3945,0.463725,203.313,173.897,15.5969,2017,7,3,2017-07,False
2017-07-19,JSWSTEEL,196.492,199.895,195.993,199.351,3115273,1.6193,189.508,181.815,166.181,68.5843,5.00233,4.51607,0.486261,204.539,174.476,15.8637,2017,7,3,2017-07,False
2017-07-20,JSWSTEEL,199.351,199.941,194.223,194.767,3219939,-2.2991,190.164,182.165,166.358,59.1104,4.6926,4.55137,0.141229,204.893,175.434,15.4917,2017,7,3,2017-07,False
2017-07-21,JSWSTEEL,195.63,196.174,192.408,194.904,4633423,0.0699,190.94,182.572,166.579,59.2903,4.40732,4.52256,-0.11524,204.893,176.986,14.6155,2017,7,3,2017-07,False
2017-07-24,JSWSTEEL,194.223,197.399,192.408,193.996,2889831,-0.4657,191.759,182.913,166.773,57.475,4.06119,4.43029,-0.3691,204.267,179.25,13.0458,2017,7,3,2017-07,False
2017-07-25,JSWSTEEL,193.951,195.902,193.315,195.221,2231494,0.6316,192.714,183.197,166.956,59.2872,3.84146,4.31252,-0.471065,202.894,182.534,10.5646,2017,7,3,2017-07,False
2017-07-26,JSWSTEEL,196.038,201.438,195.675,198.897,4579840,1.8828,193.694,183.556,167.151,64.2142,3.91875,4.23377,-0.315021,202.043,185.345,8.621,2017,7,3,2017-07,False
2017-07-27,JSWSTEEL,197.944,200.213,192.408,194.949,10574422,-1.9849,194.123,183.744,167.323,56.3291,3.6197,4.11095,-0.491252,201.737,186.509,7.845,2017,7,3,2017-07,False
2017-07-28,JSWSTEEL,192.771,196.673,191.5,195.856,2601142,0.4656,194.686,184.226,167.511,57.6176,3.41656,3.97207,-0.555516,200.866,188.505,6.3491,2017,7,3,2017-07,False
2017-07-31,JSWSTEEL,196.764,201.393,195.856,200.803,5160277,2.5255,195.421,184.769,167.72,63.8732,3.61304,3.90027,-0.287225,200.739,190.103,5.4425,2017,7,3,2017-07,False
2017-08-01,JSWSTEEL,201.574,204.524,199.85,202.527,5408688,0.8588,196.092,185.37,167.919,65.7701,3.86337,3.89289,-0.0295191,201.439,190.746,5.4534,2017,8,3,2017-08,False
2017-08-02,JSWSTEEL,203.208,203.208,195.312,199.441,7699742,-1.5236,196.43,185.885,168.12,59.7267,3.76931,3.86817,-0.0988621,201.724,191.137,5.3893,2017,8,3,2017-08,False
2017-08-03,JSWSTEEL,199.441,204.206,196.129,202.709,6614853,1.6382,196.925,186.536,168.352,63.5462,3.9133,3.8772,0.0361018,202.629,191.221,5.7929,2017,8,3,2017-08,False
2017-08-04,JSWSTEEL,201.483,207.882,201.483,207.156,5030815,2.1939,197.476,187.218,168.616,67.9954,4.33627,3.96901,0.367261,204.767,190.186,7.384,2017,8,3,2017-08,False
2017-08-07,JSWSTEEL,207.474,210.559,206.793,207.882,3218107,0.3505,197.976,187.806,168.856,68.6678,4.67617,4.11044,0.565724,206.628,189.323,8.7409,2017,8,3,2017-08,False
2017-08-08,JSWSTEEL,208.154,211.422,204.252,209.516,4253146,0.7859,198.758,188.482,169.118,70.1855,5.0195,4.29226,0.727244,208.595,188.922,9.8978,2017,8,3,2017-08,False
2017-08-09,JSWSTEEL,209.47,211.921,207.11,209.153,3591242,-0.1733,199.509,189.165,169.383,69.3811,5.20233,4.47427,0.728057,210.122,188.897,10.6382,2017,8,3,2017-08,False
2017-08-10,JSWSTEEL,207.837,208.245,198.262,202.164,5725478,-3.3413,199.932,189.728,169.615,56.0627,4.7288,4.52518,0.203627,210.242,189.621,10.3139,2017,8,3,2017-08,False
2017-08-11,JSWSTEEL,199.668,205.25,197.445,202.845,4613140,0.3367,200.31,190.277,169.861,56.9299,4.35822,4.49179,-0.133566,210.455,190.166,10.1284,2017,8,3,2017-08,False
2017-08-14,JSWSTEEL,204.978,212.738,204.705,210.877,3508678,3.9597,200.959,190.999,170.149,65.5668,4.65895,4.52522,0.133731,212.068,189.85,11.0561,2017,8,3,2017-08,False
2017-08-16,JSWSTEEL,211.739,216.776,209.833,215.778,4106721,2.3241,201.94,191.895,170.479,69.5757,5.23243,4.66666,0.565768,214.619,189.26,12.5579,2017,8,3,2017-08,False
2017-08-17,JSWSTEEL,215.097,217.185,211.875,212.919,2586445,-1.3249,202.618,192.705,170.809,64.8338,5.39405,4.81214,0.58191,216.138,189.097,13.3458,2017,8,3,2017-08,False
2017-08-18,JSWSTEEL,211.648,216.459,210.559,215.143,3477346,1.0443,203.637,193.501,171.14,66.7329,5.63658,4.97703,0.659555,217.725,189.548,13.8368,2017,8,3,2017-08,False
2017-08-21,JSWSTEEL,216.232,220.27,210.559,212.102,3182064,-1.4132,204.497,194.17,171.454,61.817,5.51983,5.08559,0.434239,218.439,190.554,13.6362,2017,8,3,2017-08,False
2017-08-22,JSWSTEEL,214.19,215.415,207.156,210.514,4446520,-0.7488,205.323,194.755,171.774,59.3571,5.23875,5.11622,0.122527,218.587,192.058,12.9203,2017,8,3,2017-08,False
2017-08-23,JSWSTEEL,211.83,218.183,209.379,217.593,4271359,3.3628,206.441,195.498,172.144,65.8752,5.52355,5.19768,0.325862,219.891,192.992,13.0298,2017,8,3,2017-08,False
2017-08-24,JSWSTEEL,217.003,225.353,216.504,223.311,4460587,2.6277,207.662,196.375,172.547,70.0527,6.13985,5.38612,0.753735,222.58,192.744,14.3675,2017,8,3,2017-08,False
2017-08-28,JSWSTEEL,223.265,224.808,220.543,221.904,3526749,-0.63,209.01,197.214,172.938,67.8518,6.44052,5.597,0.843524,223.962,194.057,14.3078,2017,8,3,2017-08,False
2017-08-29,JSWSTEEL,222.358,226.17,219.771,224.082,3793852,0.9816,210.421,198.123,173.315,69.4522,6.77645,5.83289,0.943565,225.474,195.368,14.3075,2017,8,3,2017-08,False
2017-08-30,JSWSTEEL,226.805,235.972,225.534,235.109,6400191,4.921,212.136,199.288,173.736,75.973,7.84208,6.23473,1.60735,230.11,194.163,16.9453,2017,8,3,2017-08,False
2017-08-31,JSWSTEEL,235.246,236.244,229.755,230.889,7429622,-1.795,213.554,200.289,174.102,69.8294,8.25094,6.63797,1.61297,232.768,194.34,17.9945,2017,8,3,2017-08,False
2017-09-01,JSWSTEEL,231.887,235.881,229.074,232.931,4090265,0.8844,215.229,201.322,174.495,71.0493,8.64015,7.03841,1.60174,235.091,195.367,18.4563,2017,9,3,2017-09,False
2017-09-04,JSWSTEEL,233.567,234.066,225.807,231.252,2406774,-0.7208,216.656,202.314,174.891,68.5935,8.71269,7.37326,1.33942,236.829,196.483,18.6224,2017,9,3,2017-09,False
2017-09-05,JSWSTEEL,231.57,234.156,230.254,232.568,2047693,0.5691,217.927,203.378,175.292,69.4838,8.7752,7.65365,1.12155,238.771,197.083,19.1293,2017,9,3,2017-09,False
2017-09-06,JSWSTEEL,231.434,239.829,229.845,238.785,5586361,2.6732,219.472,204.601,175.743,73.3303,9.22012,7.96694,1.25318,241.715,197.228,20.27,2017,9,3,2017-09,False
2017-09-07,JSWSTEEL,239.33,242.234,237.151,239.693,4400492,0.3801,220.981,205.873,176.183,73.8485,9.53603,8.28076,1.25527,244.441,197.52,21.2331,2017,9,3,2017-09,False
2017-09-08,JSWSTEEL,238.694,245.138,237.424,239.103,6474499,-0.2461,222.478,207.069,176.65,72.8575,9.62781,8.55017,1.07764,246.575,198.382,21.6619,2017,9,3,2017-09,False
2017-09-11,JSWSTEEL,239.103,243.822,239.103,241.326,3388131,0.93,224.436,208.168,177.121,74.2596,9.76737,8.79361,0.97376,247.94,200.933,20.9445,2017,9,3,2017-09,False
2017-09-12,JSWSTEEL,242.234,246.59,242.007,244.775,3850430,1.4291,226.533,209.371,177.604,76.3042,10.0405,9.04299,0.997532,249.399,203.667,20.1877,2017,9,3,2017-09,False
2017-09-13,JSWSTEEL,244.775,246.681,238.74,239.738,3488892,-2.0578,227.976,210.444,178.078,67.8298,9.7383,9.18205,0.556242,250.318,205.633,19.6009,2017,9,3,2017-09,False
2017-09-14,JSWSTEEL,240.51,244.14,238.377,241.145,3046811,0.5868,229.244,211.485,178.533,68.8697,9.50275,9.24619,0.256556,251.551,206.937,19.4614,2017,9,3,2017-09,False
2017-09-15,JSWSTEEL,240.328,244.276,236.425,242.824,7157745,0.6963,230.739,212.488,178.974,70.1114,9.34385,9.26572,0.0781231,252.44,209.039,18.8095,2017,9,3,2017-09,False
2017-09-18,JSWSTEEL,243.368,243.368,237.242,238.286,3405906,-1.8688,231.897,213.397,179.404,62.818,8.75087,9.16275,-0.411884,252.537,211.256,17.8018,2017,9,3,2017-09,False
2017-09-19,JSWSTEEL,237.787,241.236,236.97,237.469,3736290,-0.3428,233.165,214.224,179.815,61.5764,8.1214,8.95448,-0.833081,251.694,214.636,15.8934,2017,9,3,2017-09,False
2017-09-20,JSWSTEEL,237.787,240.373,234.338,235.2,4209554,-0.9555,234.399,214.97,180.239,58.1386,7.35468,8.63452,-1.27984,249.557,219.241,12.9335,2017,9,3,2017-09,False
2017-09-21,JSWSTEEL,234.701,236.516,228.62,230.98,3827420,-1.7943,235.069,215.713,180.651,52.291,6.3335,8.17432,-1.84082,248.141,221.997,11.1219,2017,9,3,2017-09,False
2017-09-22,JSWSTEEL,230.118,232.523,223.311,224.128,4786338,-2.9666,235.109,216.312,181.031,44.4699,4.91463,7.52238,-2.60775,248.031,222.188,10.992,2017,9,3,2017-09,False
2017-09-25,JSWSTEEL,223.265,224.264,208.29,214.961,8013361,-4.0899,234.762,216.737,181.369,36.5865,3.01574,6.62105,-3.60531,249.432,220.092,12.4979,2017,9,3,2017-09,False
2017-09-26,JSWSTEEL,215.324,222.766,213.6,219.953,4724429,2.3221,234.556,217.231,181.73,42.5582,1.89183,5.67521,-3.78337,249.957,219.155,13.1321,2017,9,3,2017-09,False
2017-09-27,JSWSTEEL,222.993,223.084,212.647,214.78,4227130,-2.352,233.539,217.569,182.06,38.5106,0.577042,4.65557,-4.07853,251.291,215.788,15.2021,2017,9,3,2017-09,False
2017-09-28,JSWSTEEL,216.005,218.728,211.558,216.822,4241681,0.9508,232.836,217.982,182.405,40.9,-0.296742,3.66511,-3.96185,252.081,213.59,16.5314,2017,9,3,2017-09,False
2017-09-29,JSWSTEEL,218.728,226.76,218.591,225.489,4037110,3.9975,232.464,218.504,182.805,49.8142,-0.286532,2.87478,-3.16131,251.987,212.94,16.7971,2017,9,3,2017-09,False
2017-10-03,JSWSTEEL,228.711,230.254,221.677,226.85,3190108,0.6038,232.244,219.146,183.207,51.0628,-0.166666,2.26649,-2.43316,251.923,212.564,16.9474,2017,10,4,2017-10,False
2017-10-04,JSWSTEEL,224.173,227.259,223.265,225.308,2911505,-0.6801,231.881,219.754,183.602,49.558,-0.193932,1.77441,-1.96834,251.802,211.96,17.182,2017,10,4,2017-10,False
2017-10-05,JSWSTEEL,226.987,228.529,224.808,226.034,1613225,0.3223,231.243,220.395,184.0,50.3002,-0.155166,1.38849,-1.54366,251.049,211.437,17.1303,2017,10,4,2017-10,False
2017-10-06,JSWSTEEL,225.988,234.656,225.943,233.884,3541234,3.4732,230.953,221.168,184.443,57.5704,0.503234,1.21144,-0.708208,250.405,211.501,16.8449,2017,10,4,2017-10,False
2017-10-09,JSWSTEEL,233.612,236.38,229.709,233.612,2708053,-0.1164,230.678,221.862,184.894,57.2575,0.991616,1.16748,-0.17586,249.798,211.558,16.5769,2017,10,4,2017-10,False
2017-10-10,JSWSTEEL,236.925,239.647,232.931,235.926,3075575,0.9907,230.408,222.682,185.359,59.2829,1.54757,1.2435,0.304078,249.041,211.775,16.1738,2017,10,4,2017-10,False
2017-10-11,JSWSTEEL,237.151,238.558,229.165,232.75,2958994,-1.3464,229.807,223.42,185.811,55.4025,1.71212,1.33722,0.374898,247.224,212.39,15.1581,2017,10,4,2017-10,False
2017-10-12,JSWSTEEL,232.614,235.79,228.802,232.477,2653904,-0.117,229.444,224.053,186.271,55.0697,1.7998,1.42974,0.370064,246.283,212.605,14.6778,2017,10,4,2017-10,False
2017-10-13,JSWSTEEL,235.609,235.609,229.256,230.572,2598847,-0.8198,228.915,224.614,186.72,52.6845,1.69595,1.48298,0.212971,244.847,212.984,13.919,2017,10,4,2017-10,False
2017-10-16,JSWSTEEL,232.251,237.741,231.842,236.335,3726642,2.4995,228.591,225.352,187.214,58.5332,2.055,1.59738,0.457613,243.565,213.616,13.1014,2017,10,4,2017-10,False
2017-10-17,JSWSTEEL,236.879,238.558,234.338,236.199,3326442,-0.0576,228.486,226.022,187.686,58.3497,2.30202,1.73831,0.56371,243.203,213.77,12.8818,2017,10,4,2017-10,False
2017-10-18,JSWSTEEL,238.649,238.649,233.839,234.837,3020838,-0.5764,228.355,226.575,188.149,56.4443,2.36072,1.86279,0.497932,242.777,213.932,12.6317,2017,10,4,2017-10,False
2017-10-19,JSWSTEEL,235.064,235.472,228.166,229.573,934388,-2.2415,228.073,227.009,188.579,49.6876,1.9599,1.88221,0.0776844,242.149,213.998,12.3431,2017,10,4,2017-10,False
2017-10-23,JSWSTEEL,231.071,237.288,229.936,236.335,3983111,2.9452,228.341,227.546,189.03,56.8351,2.1629,1.93835,0.224551,242.847,213.836,12.7051,2017,10,4,2017-10,False
2017-10-24,JSWSTEEL,236.879,240.827,234.066,235.472,3594675,-0.3648,228.908,228.072,189.474,55.7476,2.22852,1.99639,0.232138,243.606,214.211,12.8416,2017,10,4,2017-10,False
2017-10-25,JSWSTEEL,237.741,238.694,231.933,235.654,4232416,0.0771,229.943,228.742,189.914,55.9387,2.26902,2.05091,0.218106,243.365,216.521,11.674,2017,10,4,2017-10,False
2017-10-26,JSWSTEEL,235.654,240.51,231.434,235.926,4756796,0.1155,230.742,229.403,190.362,56.2441,2.29661,2.10005,0.196557,243.547,217.936,11.0995,2017,10,4,2017-10,False
2017-10-27,JSWSTEEL,237.106,244.458,236.471,240.782,3095908,2.0581,232.042,230.002,190.778,61.3833,2.67939,2.21592,0.46347,243.197,220.886,9.6152,2017,10,4,2017-10,False
2017-10-30,JSWSTEEL,241.372,244.73,237.605,239.466,4390979,-0.5465,233.174,230.475,191.189,59.3488,2.84378,2.34149,0.502287,242.223,224.125,7.7616,2017,10,4,2017-10,False
2017-10-31,JSWSTEEL,237.696,238.241,231.207,234.565,6701163,-2.0466,233.628,230.908,191.572,52.385,2.54921,2.38303,0.166171,241.934,225.322,7.1106,2017,10,4,2017-10,False
2017-11-01,JSWSTEEL,240.51,242.189,236.834,240.283,4308393,2.4376,234.299,231.411,191.972,58.5027,2.74548,2.45552,0.28996,242.469,226.13,6.9739,2017,11,4,2017-11,False
2017-11-02,JSWSTEEL,240.283,243.822,237.787,241.599,1850517,0.5477,235.114,232.001,192.341,59.7834,2.97295,2.55901,0.413944,242.739,227.489,6.4866,2017,11,4,2017-11,False
2017-11-03,JSWSTEEL,242.325,243.686,239.194,241.962,1805553,0.1503,235.91,232.63,192.705,60.1487,3.14625,2.67646,0.469792,242.838,228.983,5.873,2017,11,4,2017-11,False
2017-11-06,JSWSTEEL,239.965,246.863,237.832,243.232,2518798,0.5251,236.378,233.143,193.073,61.4683,3.34753,2.81067,0.536857,243.96,228.795,6.4155,2017,11,4,2017-11,False
2017-11-07,JSWSTEEL,244.185,245.637,236.425,239.647,2538762,-1.4739,236.68,233.469,193.422,55.8494,3.1811,2.88476,0.296341,244.279,229.08,6.4216,2017,11,4,2017-11,False
2017-11-08,JSWSTEEL,240.827,242.279,236.108,238.195,2332066,-0.6059,236.793,233.795,193.775,53.7078,2.89861,2.88753,0.0110834,244.413,229.173,6.4357,2017,11,4,2017-11,False
2017-11-09,JSWSTEEL,240.51,240.51,235.155,239.602,2293798,0.5906,237.136,234.106,194.115,55.4885,2.75648,2.86132,-0.10484,244.604,229.667,6.2992,2017,11,4,2017-11,False
2017-11-10,JSWSTEEL,238.604,249.132,236.062,245.774,3062537,2.5758,237.8,234.319,194.48,62.3339,3.10603,2.91026,0.195767,245.867,229.734,6.784,2017,11,4,2017-11,False
2017-11-13,JSWSTEEL,245.774,246.817,237.832,239.466,2186042,-2.5665,238.245,234.49,194.844,53.31,2.84132,2.89647,-0.0551558,245.581,230.909,6.1581,2017,11,4,2017-11,False
2017-11-14,JSWSTEEL,239.057,242.552,238.83,241.916,1464097,1.0233,238.524,234.67,195.182,55.9763,2.79702,2.87658,-0.079564,245.978,231.071,6.2496,2017,11,4,2017-11,False
2017-11-15,JSWSTEEL,239.693,240.237,230.299,231.842,3199737,-4.1643,238.306,234.682,195.471,44.6797,1.9268,2.68662,-0.759825,246.282,230.33,6.6939,2017,11,4,2017-11,False
2017-11-16,JSWSTEEL,234.156,235.745,229.709,234.746,1768063,1.2527,238.302,234.726,195.765,47.9414,1.45473,2.44024,-0.985518,246.286,230.317,6.701,2017,11,4,2017-11,False
2017-11-17,JSWSTEEL,236.289,243.051,236.062,241.962,2241746,3.0736,238.921,234.789,196.098,55.0346,1.64387,2.28097,-0.637102,245.915,231.927,5.8545,2017,11,4,2017-11,False
2017-11-20,JSWSTEEL,243.187,243.187,238.286,241.372,1589735,-0.2438,239.173,234.823,196.423,54.3822,1.72626,2.17003,-0.443764,246.138,232.209,5.8237,2017,11,4,2017-11,False
2017-11-21,JSWSTEEL,242.279,245.047,241.236,244.004,1814757,1.0904,239.6,234.921,196.754,56.8406,1.9811,2.13224,-0.151139,246.654,232.545,5.8886,2017,11,4,2017-11,False
2017-11-22,JSWSTEEL,245.229,245.32,240.51,243.731,1320466,-0.1116,240.004,234.969,197.087,56.5014,2.13647,2.13309,0.003382,247.032,232.975,5.8568,2017,11,4,2017-11,False
2017-11-23,JSWSTEEL,244.412,248.042,241.009,242.189,2649055,-0.633,240.317,234.917,197.428,54.5159,2.11077,2.12862,-0.0178555,247.135,233.498,5.6744,2017,11,4,2017-11,False
2017-11-24,JSWSTEEL,243.142,243.142,238.967,240.691,1325725,-0.6183,240.312,234.936,197.772,52.5845,1.94712,2.09232,-0.145205,247.129,233.495,5.6735,2017,11,4,2017-11,False
2017-11-27,JSWSTEEL,239.148,240.873,234.429,234.973,3340622,-2.3756,240.088,234.813,198.083,45.8981,1.34059,1.94198,-0.601383,247.306,232.869,6.0134,2017,11,4,2017-11,False
2017-11-28,JSWSTEEL,235.064,237.151,230.98,232.024,3948068,-1.2553,239.96,234.597,198.395,42.8697,0.614819,1.67655,-1.06173,247.662,232.259,6.4188,2017,11,4,2017-11,False
2017-11-29,JSWSTEEL,232.795,234.111,230.98,231.661,1852596,-0.1565,239.529,234.464,198.704,42.4981,0.0102276,1.34328,-1.33305,248.074,230.985,7.1344,2017,11,4,2017-11,False
2017-11-30,JSWSTEEL,230.798,233.567,230.526,231.298,4677214,-0.1567,239.014,234.341,198.992,42.1049,-0.492534,0.976119,-1.46865,248.248,229.781,7.7262,2017,11,4,2017-11,False
2017-12-01,JSWSTEEL,233.884,233.884,225.988,228.756,3410360,-1.0987,238.354,234.212,199.268,39.3603,-1.08354,0.564187,-1.64773,248.54,228.169,8.5465,2017,12,4,2017-12,False
2017-12-04,JSWSTEEL,230.072,230.935,226.533,228.575,1309523,-0.0794,237.621,234.164,199.569,39.164,-1.54871,0.141608,-1.69032,248.42,226.823,9.0888,2017,12,4,2017-12,False
2017-12-05,JSWSTEEL,227.622,228.121,221.904,224.808,2253438,-1.6478,236.879,234.177,199.877,35.2355,-2.19597,-0.325907,-1.87006,249.044,224.714,10.271,2017,12,4,2017-12,False
2017-12-06,JSWSTEEL,223.265,224.037,218.864,219.771,3872984,-2.2406,235.958,234.274,200.153,30.7877,-3.07988,-0.876701,-2.20318,250.299,221.617,12.1556,2017,12,4,2017-12,False
2017-12-07,JSWSTEEL,220.543,228.711,220.361,228.666,1934627,4.0471,235.411,234.448,200.455,44.1853,-3.02778,-1.30692,-1.72086,249.999,220.823,12.3935,2017,12,4,2017-12,False
2017-12-08,JSWSTEEL,229.165,233.567,226.17,229.119,2869536,0.1984,234.578,234.735,200.771,44.7727,-2.91626,-1.62879,-1.28747,248.565,220.592,11.9246,2017,12,4,2017-12,False
2017-12-11,JSWSTEEL,229.982,230.072,225.671,228.257,2248099,-0.3763,234.018,234.963,201.067,43.8289,-2.86443,-1.87591,-0.988517,248.078,219.958,12.0159,2017,12,4,2017-12,False
2017-12-12,JSWSTEEL,227.758,231.298,225.988,226.85,2208589,-0.6163,233.265,234.991,201.363,42.2635,-2.9034,-2.08141,-0.82199,247.156,219.373,11.9104,2017,12,4,2017-12,False
2017-12-13,JSWSTEEL,228.711,229.8,217.911,221.45,2393737,-2.3805,232.745,234.883,201.64,36.8262,-3.33163,-2.33146,-1.00017,247.604,217.886,12.7685,2017,12,4,2017-12,False
2017-12-14,JSWSTEEL,222.358,224.899,215.642,220.044,3263839,-0.6352,232.01,234.777,201.901,35.5433,-3.74138,-2.61344,-1.12794,247.873,216.147,13.6745,2017,12,4,2017-12,False
2017-12-15,JSWSTEEL,225.081,229.029,224.309,227.713,3492426,3.4852,231.298,234.811,202.208,46.4876,-3.408,-2.77235,-0.635649,246.547,216.048,13.1858,2017,12,4,2017-12,False
2017-12-18,JSWSTEEL,225.081,234.792,220.906,230.481,2938065,1.2156,230.753,234.743,202.522,49.8008,-2.88715,-2.79531,-0.0918377,245.247,216.259,12.562,2017,12,4,2017-12,False
2017-12-19,JSWSTEEL,230.753,235.064,229.619,232.704,2145809,0.9648,230.188,234.725,202.833,52.3528,-2.26879,-2.69001,0.421216,243.324,217.052,11.4134,2017,12,4,2017-12,False
2017-12-20,JSWSTEEL,235.246,240.056,232.931,237.878,2462944,2.2231,229.895,234.764,203.199,57.736,-1.34579,-2.42116,1.07538,241.98,217.811,10.5129,2017,12,4,2017-12,False
2017-12-21,JSWSTEEL,238.014,241.417,236.97,240.782,1328407,1.2209,229.825,234.924,203.578,60.4383,-0.375625,-2.01206,1.63643,241.621,218.029,10.2652,2017,12,4,2017-12,False
2017-12-22,JSWSTEEL,240.963,241.871,238.467,240.056,1765864,-0.3015,229.793,235.076,203.948,59.4156,0.330838,-1.54348,1.87432,241.469,218.118,10.1618,2017,12,4,2017-12,False
2017-12-26,JSWSTEEL,239.602,243.777,239.602,242.688,2428477,1.0964,230.179,235.318,204.348,61.9307,1.09053,-1.01668,2.1072,243.026,217.332,11.1627,2017,12,4,2017-12,False
2017-12-27,JSWSTEEL,242.234,244.503,239.057,240.918,1503466,-0.7292,230.624,235.41,204.753,59.2708,1.53211,-0.506919,2.03903,244.327,216.921,11.8836,2017,12,4,2017-12,False
2017-12-28,JSWSTEEL,242.052,250.13,241.553,246.227,4716301,2.2038,231.352,235.61,205.191,64.2337,2.28417,0.0512982,2.23287,246.733,215.971,13.2966,2017,12,4,2017-12,False
2017-12-29,JSWSTEEL,246.318,248.496,241.417,244.866,2003783,-0.5529,232.03,235.811,205.624,62.1427,2.73875,0.588789,2.14996,248.556,215.505,14.244,2017,12,4,2017-12,False
2018-01-01,JSWSTEEL,244.594,246.59,239.92,241.236,1261616,-1.4826,232.654,236.044,206.014,56.8302,2.7741,1.02585,1.74825,249.596,215.713,14.564,2018,1,1,2018-01,False
2018-01-02,JSWSTEEL,242.325,243.232,237.515,240.101,2277139,-0.4703,233.231,236.12,206.391,55.2409,2.67967,1.35661,1.32306,250.371,216.09,14.6984,2018,1,1,2018-01,False
2018-01-03,JSWSTEEL,243.096,247.089,241.735,243.868,3279293,1.5687,234.184,236.287,206.747,59.3095,2.87562,1.66042,1.2152,251.471,216.896,14.7641,2018,1,1,2018-01,False
2018-01-04,JSWSTEEL,245.728,255.848,244.594,251.537,6281682,3.1448,235.772,236.605,207.143,66.0721,3.60815,2.04996,1.55818,253.319,218.225,14.8849,2018,1,1,2018-01,False
2018-01-05,JSWSTEEL,253.443,263.108,252.898,258.752,8325201,2.8685,237.276,237.062,207.566,70.9619,4.71653,2.58327,2.13325,257.249,217.303,16.8352,2018,1,1,2018-01,False
2018-01-08,JSWSTEEL,259.66,262.745,256.937,259.569,2686737,0.3157,238.799,237.437,208.0,71.4632,5.59632,3.18588,2.41044,260.703,216.895,18.345,2018,1,1,2018-01,False
2018-01-09,JSWSTEEL,259.796,262.745,255.031,257.754,2281715,-0.6993,240.274,237.803,208.451,68.6273,6.07705,3.76412,2.31293,263.14,217.407,19.0334,2018,1,1,2018-01,False
2018-01-10,JSWSTEEL,257.028,258.661,252.717,256.664,2748652,-0.4226,241.764,238.245,208.896,66.9116,6.29754,4.2708,2.02674,264.832,218.696,19.083,2018,1,1,2018-01,False
2018-01-11,JSWSTEEL,257.481,259.342,255.938,256.438,1757575,-0.0884,243.514,238.568,209.34,66.5384,6.38044,4.69273,1.68771,265.37,221.657,17.9508,2018,1,1,2018-01,False
2018-01-12,JSWSTEEL,256.937,262.972,256.619,260.295,5118636,1.5041,245.526,238.942,209.836,69.6388,6.68037,5.09026,1.59011,265.625,225.427,16.3721,2018,1,1,2018-01,False
2018-01-15,JSWSTEEL,261.021,265.831,257.527,258.661,3602106,-0.6276,247.074,239.276,210.315,66.8152,6.70891,5.41399,1.29492,266.137,228.011,15.431,2018,1,1,2018-01,False
2018-01-16,JSWSTEEL,259.932,260.839,250.765,255.212,3107547,-1.3333,248.31,239.516,210.768,61.1757,6.37969,5.60713,0.772566,266.0,230.62,14.2484,2018,1,1,2018-01,False
2018-01-17,JSWSTEEL,256.029,260.476,253.669,258.707,3574084,1.3691,249.61,239.897,211.23,64.4496,6.3278,5.75126,0.576536,266.263,232.958,13.3428,2018,1,1,2018-01,False
2018-01-18,JSWSTEEL,259.387,262.292,249.903,253.942,8128594,-1.8418,250.414,240.212,211.655,57.3479,5.83493,5.768,0.0669348,266.211,234.616,12.6171,2018,1,1,2018-01,False
2018-01-19,JSWSTEEL,255.122,256.937,247.816,256.029,3291487,0.822,251.176,240.54,212.087,59.4557,5.5488,5.72416,-0.175353,266.48,235.872,12.1861,2018,1,1,2018-01,False
2018-01-22,JSWSTEEL,256.846,257.3,251.037,252.898,2143377,-1.223,251.818,240.683,212.473,55.0602,5.01161,5.58165,-0.570034,266.208,237.428,11.429,2018,1,1,2018-01,False
2018-01-23,JSWSTEEL,253.533,271.64,251.446,266.875,8672380,5.5267,253.027,241.231,212.893,66.8434,5.64858,5.59504,0.0535488,268.229,237.826,12.016,2018,1,1,2018-01,False
2018-01-24,JSWSTEEL,265.332,268.645,260.522,261.974,4037279,-1.8364,254.08,241.632,213.306,60.8213,5.6923,5.61449,0.077814,268.654,239.506,11.4721,2018,1,1,2018-01,False
2018-01-25,JSWSTEEL,265.332,269.552,261.475,263.925,7330584,0.7448,254.965,242.274,213.712,62.2785,5.81734,5.65506,0.162283,269.68,240.25,11.5428,2018,1,1,2018-01,False
2018-01-29,JSWSTEEL,264.107,272.683,264.107,266.33,4673841,0.9113,256.038,242.906,214.151,64.0532,6.04088,5.73222,0.308656,270.783,241.294,11.5175,2018,1,1,2018-01,False
2018-01-30,JSWSTEEL,265.831,265.831,261.157,262.382,2152791,-1.4823,257.096,243.314,214.582,59.1351,5.83224,5.75223,0.0800117,270.326,243.865,10.2921,2018,1,1,2018-01,False
2018-01-31,JSWSTEEL,262.292,266.829,255.122,263.154,6604621,0.294,258.248,243.75,215.042,59.7849,5.66384,5.73455,-0.0707058,269.036,247.461,8.3543,2018,1,1,2018-01,False
2018-02-01,JSWSTEEL,268.645,278.447,259.024,274.68,8031105,4.3801,259.789,244.363,215.544,67.9776,6.38684,5.86501,0.521835,270.729,248.849,8.4221,2018,2,1,2018-02,False
2018-02-02,JSWSTEEL,271.14,285.299,266.149,271.367,12354843,-1.206,260.78,244.916,216.06,63.9456,6.61625,6.01526,0.600995,272.157,249.404,8.7251,2018,2,1,2018-02,False
2018-02-05,JSWSTEEL,267.737,272.23,256.71,264.334,6863987,-2.592,261.059,245.359,216.532,56.3085,6.15949,6.0441,0.115386,272.5,249.619,8.7649,2018,2,1,2018-02,False
2018-02-06,JSWSTEEL,253.08,262.564,241.054,257.028,8006195,-2.7639,260.932,245.685,216.968,49.6724,5.14862,5.86501,-0.71639,272.499,249.366,8.8653,2018,2,1,2018-02,False
2018-02-07,JSWSTEEL,261.293,267.192,258.071,263.199,9691897,2.4011,261.205,246.25,217.443,54.5456,4.79027,5.65006,-0.859791,272.712,249.697,8.811,2018,2,1,2018-02,False
2018-02-08,JSWSTEEL,263.199,279.899,263.199,276.087,8028713,4.8965,262.176,247.131,217.96,62.6736,5.483,5.61665,-0.133651,275.242,249.109,9.9679,2018,2,1,2018-02,False
2018-02-09,JSWSTEEL,268.418,283.03,267.873,280.761,6726146,1.693,263.392,248.113,218.491,65.1104,6.33611,5.76054,0.575569,278.567,248.217,11.5231,2018,2,1,2018-02,False
2018-02-12,JSWSTEEL,283.166,286.524,280.67,282.031,4120075,0.4526,264.479,249.128,219.009,65.7646,7.03365,6.01516,1.01849,281.696,247.261,13.02,2018,2,1,2018-02,False
2018-02-14,JSWSTEEL,284.8,285.39,279.672,280.942,3992497,-0.3862,265.593,250.172,219.524,64.6456,7.41312,6.29475,1.11837,284.063,247.122,13.9088,2018,2,1,2018-02,False
2018-02-15,JSWSTEEL,282.485,285.208,277.312,279.354,3695342,-0.5653,266.8,251.187,220.028,62.9629,7.49925,6.53565,0.963598,285.567,248.033,14.0683,2018,2,1,2018-02,False
2018-02-16,JSWSTEEL,281.442,284.754,278.038,283.529,5742059,1.4945,268.041,252.362,220.567,65.5046,7.81431,6.79139,1.02293,287.811,248.271,14.7513,2018,2,1,2018-02,False
2018-02-19,JSWSTEEL,284.8,284.8,265.967,274.725,6238413,-3.105,269.08,253.461,221.073,56.6728,7.26982,6.88707,0.382749,287.891,250.269,13.9817,2018,2,1,2018-02,False
2018-02-20,JSWSTEEL,275.179,280.852,272.729,277.357,4940505,0.9581,270.147,254.435,221.589,58.4754,6.97034,6.90373,0.0666163,288.247,252.046,13.4006,2018,2,1,2018-02,False
2018-02-21,JSWSTEEL,278.81,279.672,267.737,270.732,5947856,-2.3888,271.038,255.267,222.091,52.5487,6.12775,6.74853,-0.620781,287.216,254.861,11.9376,2018,2,1,2018-02,False
2018-02-22,JSWSTEEL,271.64,273.863,267.737,270.188,11882391,-0.2011,271.204,256.105,222.583,52.0815,5.35433,6.46969,-1.11536,287.27,255.138,11.8477,2018,2,1,2018-02,False
2018-02-23,JSWSTEEL,271.367,279.354,270.959,278.583,4641724,3.1071,272.034,257.14,223.112,58.2453,5.35705,6.24716,-0.89011,287.806,256.263,11.595,2018,2,1,2018-02,False
2018-02-26,JSWSTEEL,282.031,287.613,279.944,286.887,5314911,2.981,273.183,258.449,223.661,63.2773,5.9606,6.18985,-0.229252,289.789,256.576,12.1579,2018,2,1,2018-02,False
2018-02-27,JSWSTEEL,289.519,290.835,285.208,288.702,6081243,0.6327,274.301,259.822,224.231,64.2904,6.51034,6.25395,0.256388,291.946,256.657,12.8651,2018,2,1,2018-02,False
2018-02-28,JSWSTEEL,284.346,286.343,281.668,283.348,6391843,-1.8548,275.349,260.935,224.763,59.1101,6.43969,6.2911,0.148596,292.497,258.202,12.4549,2018,2,1,2018-02,False
2018-03-01,JSWSTEEL,285.889,288.43,274.998,277.267,6417443,-2.1461,276.055,261.87,225.245,53.8079,5.82588,6.19805,-0.372175,292.223,259.887,11.7134,2018,3,1,2018-03,False
2018-03-05,JSWSTEEL,271.73,272.366,262.292,264.697,9282086,-4.5336,275.556,262.51,225.663,44.8515,4.27584,5.81361,-1.53777,292.5,258.612,12.2982,2018,3,1,2018-03,False
2018-03-06,JSWSTEEL,271.095,273.999,265.105,266.376,9755916,0.6343,275.306,263.08,226.068,46.1411,3.14663,5.28021,-2.13358,292.653,257.96,12.6014,2018,3,1,2018-03,False
2018-03-07,JSWSTEEL,265.922,266.648,259.705,262.745,7208335,-1.3629,275.227,263.52,226.522,43.7584,1.93647,4.61146,-2.675,292.798,257.656,12.7683,2018,3,1,2018-03,False
2018-03-08,JSWSTEEL,266.829,268.917,257.935,262.518,5748695,-0.0864,275.501,263.969,226.967,43.6069,0.948164,3.8788,-2.93064,292.015,258.988,11.9878,2018,3,1,2018-03,False
2018-03-09,JSWSTEEL,264.107,267.011,258.389,264.969,8084115,0.9335,275.59,264.414,227.429,45.7907,0.358528,3.17475,-2.81622,291.843,259.337,11.7948,2018,3,1,2018-03,False
2018-03-12,JSWSTEEL,267.919,272.184,264.833,270.324,4186325,2.0209,275.302,265.002,227.912,50.3181,0.319634,2.60373,-2.28409,291.721,258.883,11.9281,2018,3,1,2018-03,False
2018-03-13,JSWSTEEL,271.186,276.45,268.463,275.451,4161207,1.8969,275.036,265.587,228.439,54.2579,0.694576,2.2219,-1.52732,291.254,258.818,11.7933,2018,3,1,2018-03,False
2018-03-14,JSWSTEEL,272.456,275.724,270.641,272.683,3032723,-1.005,274.569,266.143,228.937,51.8667,0.759597,1.92944,-1.16984,290.474,258.664,11.5853,2018,3,1,2018-03,False
2018-03-15,JSWSTEEL,272.093,273.137,266.92,267.873,3721114,-1.764,273.915,266.676,229.384,47.9151,0.418166,1.62718,-1.20902,289.792,258.039,11.592,2018,3,1,2018-03,False
2018-03-16,JSWSTEEL,267.737,267.737,262.11,263.426,7106321,-1.6602,273.119,267.143,229.822,44.5368,-0.208859,1.25997,-1.46883,289.438,256.8,11.9503,2018,3,1,2018-03,False
2018-03-19,JSWSTEEL,263.426,263.426,254.169,257.391,3716523,-2.2911,271.812,267.413,230.234,40.3761,-1.1792,0.77214,-1.95134,288.794,254.83,12.4955,2018,3,1,2018-03,False
2018-03-20,JSWSTEEL,254.214,262.065,253.806,259.115,5586853,0.67,271.032,267.565,230.66,42.0421,-1.78844,0.260025,-2.04846,288.864,253.2,13.1586,2018,3,1,2018-03,False
2018-03-21,JSWSTEEL,262.065,264.379,258.888,261.747,3943743,1.0157,270.251,267.624,231.092,44.5871,-2.03542,-0.199064,-1.83636,288.283,252.219,13.3444,2018,3,1,2018-03,False
2018-03-22,JSWSTEEL,261.384,264.016,258.525,259.569,3731255,-0.8322,269.693,267.624,231.516,42.9079,-2.37949,-0.635149,-1.74434,288.342,251.043,13.8302,2018,3,1,2018-03,False
2018-03-23,JSWSTEEL,254.033,261.475,250.811,259.569,6571245,0.0,269.162,267.661,231.959,42.9079,-2.62194,-1.03251,-1.58943,288.349,249.975,14.2569,2018,3,1,2018-03,False
2018-03-26,JSWSTEEL,259.569,268.645,258.661,266.739,3302313,2.7622,268.57,267.862,232.43,50.0846,-2.21006,-1.26802,-0.942043,287.257,249.882,13.9162,2018,3,1,2018-03,False
2018-03-27,JSWSTEEL,271.776,272.275,267.828,271.231,4209223,1.6843,267.787,268.158,232.91,53.9876,-1.5038,-1.31517,-0.188622,284.445,251.129,12.4413,2018,3,1,2018-03,False
2018-03-28,JSWSTEEL,269.461,270.641,259.932,261.52,5122171,-3.5804,266.428,268.183,233.324,45.674,-1.708,-1.39374,-0.314258,280.062,252.794,10.2347,2018,3,1,2018-03,False
2018-04-02,JSWSTEEL,263.199,269.961,261.611,269.144,2582307,2.9151,265.718,268.392,233.763,51.9319,-1.24036,-1.36306,0.122703,276.9,254.535,8.4169,2018,4,2,2018-04,False
2018-04-03,JSWSTEEL,267.692,276.404,265.287,275.043,5214588,2.1919,265.606,268.789,234.236,56.142,-0.389247,-1.1683,0.779053,276.341,254.872,8.0829,2018,4,2,2018-04,False
2018-04-04,JSWSTEEL,276.359,278.855,266.512,268.509,5561514,-2.3758,265.797,268.985,234.681,50.8312,-0.239256,-0.982491,0.743235,276.599,254.996,8.1276,2018,4,2,2018-04,False
2018-04-05,JSWSTEEL,273.228,280.761,272.82,279.899,4210195,4.242,266.473,269.504,235.181,58.2456,0.789601,-0.628072,1.41767,278.985,253.962,9.3905,2018,4,2,2018-04,False
2018-04-06,JSWSTEEL,277.267,280.715,276.359,279.717,2787944,-0.0649,267.322,269.978,235.687,58.0952,1.57221,-0.188017,1.76022,281.015,253.628,10.2449,2018,4,2,2018-04,False
2018-04-09,JSWSTEEL,279.536,284.074,278.356,280.806,3191991,0.3894,268.236,270.536,236.206,58.7827,2.25432,0.300451,1.95387,282.981,253.491,10.9939,2018,4,2,2018-04,False
2018-04-10,JSWSTEEL,283.983,285.662,278.673,282.576,3478934,0.6302,269.117,270.85,236.715,59.933,2.90423,0.821207,2.08302,285.091,253.142,11.872,2018,4,2,2018-04,False
2018-04-11,JSWSTEEL,286.751,288.975,281.85,283.348,6847386,0.273,269.768,271.278,237.225,60.4512,3.44187,1.34534,2.09653,286.965,252.571,12.7494,2018,4,2,2018-04,False
2018-04-12,JSWSTEEL,283.166,283.937,278.401,279.763,2993563,-1.2652,269.983,271.594,237.716,56.7768,3.53789,1.78385,1.75404,287.584,252.383,13.038,2018,4,2,2018-04,False
2018-04-13,JSWSTEEL,280.897,283.438,277.267,279.989,4046812,0.0811,270.349,271.867,238.219,56.9551,3.59089,2.14526,1.44564,288.48,252.217,13.4134,2018,4,2,2018-04,False
2018-04-16,JSWSTEEL,278.991,281.351,277.72,280.352,2741849,0.1297,270.973,272.227,238.733,57.2589,3.62046,2.4403,1.18016,289.598,252.348,13.7468,2018,4,2,2018-04,False
2018-04-17,JSWSTEEL,280.897,282.531,278.81,280.579,2788017,0.0809,271.83,272.575,239.255,57.461,3.62046,2.67633,0.944133,290.571,253.089,13.7889,2018,4,2,2018-04,False
2018-04-18,JSWSTEEL,278.628,283.166,278.628,281.305,3234140,0.2588,273.026,272.708,239.765,58.1432,3.63713,2.86849,0.768643,290.921,255.131,13.1084,2018,4,2,2018-04,False
2018-04-19,JSWSTEEL,282.485,297.506,282.485,293.013,8395329,4.162,274.721,273.141,240.298,67.2597,4.5427,3.20333,1.33937,293.469,255.973,13.6487,2018,4,2,2018-04,False
2018-04-20,JSWSTEEL,289.383,296.054,288.521,293.013,5243673,0.0,276.284,273.714,240.84,67.2597,5.20043,3.60275,1.59767,295.68,256.888,14.0406,2018,4,2,2018-04,False
2018-04-23,JSWSTEEL,292.196,297.188,289.973,292.06,3113729,-0.3252,277.909,274.415,241.37,65.9046,5.58045,3.99829,1.58216,296.847,258.97,13.6293,2018,4,2,2018-04,False
2018-04-24,JSWSTEEL,288.158,295.872,287.114,294.738,4078872,0.9167,279.667,275.046,241.898,67.8635,6.02817,4.40427,1.6239,297.955,261.379,13.0785,2018,4,2,2018-04,False
2018-04-25,JSWSTEEL,294.965,296.598,290.245,291.97,3081536,-0.9392,280.929,275.363,242.395,63.7833,6.08944,4.7413,1.34814,298.941,262.917,12.8231,2018,4,2,2018-04,False
2018-04-26,JSWSTEEL,291.788,299.865,291.561,297.415,4602880,1.8651,282.238,275.697,242.918,67.8752,6.50245,5.09353,1.40891,301.07,263.406,13.3446,2018,4,2,2018-04,False
2018-04-27,JSWSTEEL,297.687,299.82,295.328,297.324,2704711,-0.0305,284.028,276.002,243.424,67.7379,6.74468,5.42376,1.32092,301.311,266.745,12.1697,2018,4,2,2018-04,False
2018-04-30,JSWSTEEL,293.649,300.592,293.467,294.965,2847539,-0.7937,285.319,276.283,243.909,64.1052,6.66937,5.67288,0.996485,301.757,268.881,11.5226,2018,4,2,2018-04,False
2018-05-02,JSWSTEEL,297.506,297.506,285.026,286.025,2136023,-3.0308,285.868,276.416,244.37,52.5973,5.82122,5.70255,0.118667,301.579,270.158,10.9913,2018,5,2,2018-05,False
2018-05-03,JSWSTEEL,286.706,290.563,281.805,289.791,5122999,1.3168,286.932,276.542,244.848,56.1675,5.39083,5.64021,-0.249375,300.417,273.447,9.3994,2018,5,2,2018-05,False
2018-05-04,JSWSTEEL,289.065,289.882,285.616,288.067,3147597,-0.595,287.341,276.808,245.32,54.1564,4.85464,5.48309,-0.628452,300.417,274.264,9.1018,2018,5,2,2018-05,False
2018-05-07,JSWSTEEL,290.381,296.87,287.25,295.691,3285970,2.6465,288.14,277.175,245.822,60.8333,4.98738,5.38395,-0.396567,301.207,275.072,9.0701,2018,5,2,2018-05,False
2018-05-08,JSWSTEEL,296.507,298.096,292.968,294.102,2779564,-0.5371,288.804,277.642,246.303,58.9084,4.90785,5.28873,-0.380881,301.652,275.957,8.897,2018,5,2,2018-05,False
2018-05-09,JSWSTEEL,294.965,296.689,291.017,292.015,2987922,-0.7098,289.276,278.079,246.782,56.3832,4.62309,5.1556,-0.532515,301.851,276.702,8.6939,2018,5,2,2018-05,False
2018-05-10,JSWSTEEL,293.149,294.919,288.702,290.018,3185014,-0.6838,289.61,278.308,247.236,53.9987,4.18801,4.96208,-0.774071,301.872,277.347,8.4683,2018,5,2,2018-05,False
2018-05-11,JSWSTEEL,290.971,295.191,289.973,293.83,2208433,1.3144,290.313,278.447,247.731,57.6784,4.1035,4.79037,-0.686868,301.786,278.841,7.9036,2018,5,2,2018-05,False
2018-05-14,JSWSTEEL,293.785,300.818,291.516,298.64,3103900,1.6371,291.246,278.645,248.25,61.8279,4.37424,4.70714,-0.332904,302.206,280.286,7.5262,2018,5,2,2018-05,False
2018-05-15,JSWSTEEL,299.049,311.074,297.324,303.632,6620191,1.6715,292.41,279.051,248.798,65.5975,4.93471,4.75265,0.182052,303.443,281.376,7.5464,2018,5,2,2018-05,False
2018-05-16,JSWSTEEL,302.951,308.578,299.412,305.492,5178318,0.6128,293.655,279.615,249.349,66.9092,5.466,4.89532,0.57068,304.69,282.621,7.5155,2018,5,2,2018-05,False
2018-05-17,JSWSTEEL,309.486,309.486,297.778,301.318,9191526,-1.3666,294.656,280.348,249.861,61.2645,5.48694,5.01365,0.473289,304.545,284.766,6.7125,2018,5,2,2018-05,False
2018-05-18,JSWSTEEL,302.134,304.721,288.702,289.927,4676411,-3.7801,294.502,280.819,250.336,49.0952,4.53219,4.91735,-0.385167,304.593,284.41,6.8533,2018,5,2,2018-05,False
2018-05-21,JSWSTEEL,289.247,293.558,279.218,280.67,5132127,-3.193,293.885,281.177,250.76,41.8238,2.99404,4.53269,-1.53865,305.719,282.05,8.0536,2018,5,2,2018-05,False
2018-05-22,JSWSTEEL,280.443,291.107,280.216,288.975,4072023,2.9588,293.73,281.707,251.201,49.1059,2.41728,4.10961,-1.69233,305.744,281.717,8.1799,2018,5,2,2018-05,False
2018-05-23,JSWSTEEL,289.428,293.059,279.626,281.351,6090049,-2.6382,293.061,282.034,251.595,43.6982,1.32969,3.55363,-2.22393,306.27,279.852,9.0147,2018,5,2,2018-05,False
2018-05-24,JSWSTEEL,284.936,286.388,278.991,285.117,3276382,1.3387,292.718,282.33,252.024,46.8144,0.762904,2.99548,-2.23258,306.394,279.043,9.3439,2018,5,2,2018-05,False
2018-05-25,JSWSTEEL,285.889,297.233,284.981,295.917,5183676,3.788,292.643,282.739,252.49,54.5778,1.17169,2.63072,-1.45903,306.227,279.06,9.2833,2018,5,2,2018-05,False
2018-05-28,JSWSTEEL,296.326,299.502,294.284,296.87,2162396,0.3221,292.621,283.223,252.938,55.1993,1.55464,2.41551,-0.860866,306.173,279.069,9.2625,2018,5,2,2018-05,False
2018-05-29,JSWSTEEL,296.689,301.726,293.467,301.091,4898604,1.4216,292.927,283.887,253.404,57.9433,2.17361,2.36713,-0.193516,306.97,278.884,9.5881,2018,5,2,2018-05,False
2018-05-30,JSWSTEEL,298.413,303.042,297.733,301.817,3841174,0.2411,293.717,284.655,253.866,58.4152,2.69171,2.43204,0.259665,307.901,279.532,9.6584,2018,5,2,2018-05,False
2018-05-31,JSWSTEEL,301.318,306.037,299.139,301.227,6771065,-0.1955,294.288,285.532,254.326,57.8473,3.01989,2.54961,0.470278,308.726,279.851,9.8119,2018,5,2,2018-05,False
2018-06-01,JSWSTEEL,301.408,306.4,297.37,301.227,5033181,0.0,294.946,286.374,254.821,57.8473,3.2426,2.68821,0.55439,309.39,280.503,9.7938,2018,6,2,2018-06,False
2018-06-04,JSWSTEEL,301.318,303.813,299.502,301.181,2301143,-0.0151,295.221,287.163,255.313,57.7972,3.37652,2.82587,0.550645,309.93,280.512,9.9648,2018,6,2,2018-06,False
2018-06-05,JSWSTEEL,302.316,302.77,295.418,298.686,2804584,-0.8287,295.45,287.945,255.752,54.9751,3.24386,2.90947,0.334388,310.229,280.672,10.004,2018,6,2,2018-06,False
2018-06-06,JSWSTEEL,298.595,307.762,297.733,306.763,3148197,2.7044,296.187,288.889,256.207,61.523,3.74732,3.07704,0.67028,311.698,280.677,10.4734,2018,6,2,2018-06,False
2018-06-07,JSWSTEEL,308.215,314.478,308.124,311.755,3295739,1.6272,297.274,289.789,256.701,64.9182,4.49726,3.36108,1.13618,313.966,280.583,11.2297,2018,6,2,2018-06,False
2018-06-08,JSWSTEEL,311.573,312.481,307.671,311.528,2138252,-0.0728,298.159,290.595,257.183,64.639,5.01547,3.69196,1.32351,315.924,280.395,11.9162,2018,6,2,2018-06,False
2018-06-11,JSWSTEEL,311.982,313.933,308.896,309.44,1886702,-0.6701,298.699,291.554,257.67,61.9972,5.1978,3.99313,1.20467,317.168,280.23,12.3662,2018,6,2,2018-06,False
2018-06-12,JSWSTEEL,309.849,313.57,307.217,309.803,4463946,0.1173,299.008,292.367,258.166,62.2858,5.31037,4.25658,1.05379,318.022,279.994,12.7181,2018,6,2,2018-06,False
2018-06-13,JSWSTEEL,310.393,313.57,307.761,311.301,3827972,0.4834,299.298,293.092,258.635,63.517,5.45751,4.49676,0.960751,318.898,279.699,13.097,2018,6,2,2018-06,False
2018-06-14,JSWSTEEL,310.393,312.072,305.674,307.716,2262462,-1.1516,299.618,293.876,259.057,58.5862,5.22462,4.64234,0.582286,319.562,279.674,13.3131,2018,6,2,2018-06,False
2018-06-15,JSWSTEEL,305.039,309.985,301.0,301.817,4407383,-1.9171,300.213,294.315,259.456,51.5012,4.51202,4.61627,-0.104256,319.643,280.783,12.9442,2018,6,2,2018-06,False
2018-06-18,JSWSTEEL,301.136,301.272,292.378,296.916,3093377,-1.6238,301.025,294.659,259.821,46.4731,3.51133,4.39528,-0.883951,318.248,283.802,11.443,2018,6,2,2018-06,False
2018-06-19,JSWSTEEL,295.191,300.728,293.149,297.233,3902633,0.107,301.438,294.987,260.131,46.8354,2.71265,4.05876,-1.34611,317.82,285.056,10.8693,2018,6,2,2018-06,False
2018-06-20,JSWSTEEL,295.917,305.084,295.917,304.176,4389564,2.3359,302.579,295.419,260.498,54.1417,2.60984,3.76897,-1.15914,315.978,289.18,8.8563,2018,6,2,2018-06,False
2018-06-21,JSWSTEEL,305.856,306.264,300.909,302.089,3111133,-0.6862,303.428,295.794,260.843,51.8352,2.33303,3.48178,-1.14876,314.027,292.828,6.9865,2018,6,2,2018-06,False
2018-06-22,JSWSTEEL,301.681,307.081,301.182,305.81,3641907,1.2318,303.922,296.315,261.216,55.4765,2.38641,3.26271,-0.876298,313.954,293.89,6.6017,2018,6,2,2018-06,False
2018-06-25,JSWSTEEL,305.719,307.172,299.502,301.408,2725937,-1.4394,304.149,296.743,261.56,50.603,2.0499,3.02015,-0.970247,313.704,294.595,6.2826,2018,6,2,2018-06,False
2018-06-26,JSWSTEEL,299.185,299.684,291.833,293.013,3431872,-2.7853,303.745,296.997,261.832,42.8682,1.09319,2.63476,-1.54156,314.457,293.034,7.0529,2018,6,2,2018-06,False
2018-06-27,JSWSTEEL,294.465,294.511,287.522,288.884,3615558,-1.4093,303.099,297.163,262.078,39.6571,0.00175726,2.10816,-2.1064,315.696,290.501,8.3123,2018,6,2,2018-06,False
2018-06-28,JSWSTEEL,288.43,294.42,284.89,292.605,4474045,1.2881,302.668,297.389,262.345,43.7463,-0.556531,1.57522,-2.13175,316.097,289.238,8.8742,2018,6,2,2018-06,False
2018-06-29,JSWSTEEL,294.965,297.96,292.923,296.598,4176390,1.3647,302.436,297.46,262.621,47.8318,-0.669039,1.12637,-1.79541,316.127,288.745,9.0539,2018,6,2,2018-06,False
2018-07-02,JSWSTEEL,296.78,298.368,282.712,284.437,3579844,-4.1004,301.599,297.289,262.82,38.6301,-1.71972,0.55715,-2.27687,317.485,285.713,10.5347,2018,7,3,2018-07,False
2018-07-03,JSWSTEEL,284.437,285.707,277.72,282.894,5355915,-0.5425,300.809,297.106,263.036,37.6408,-2.64639,-0.0835569,-2.56283,318.743,282.876,11.9237,2018,7,3,2018-07,False
2018-07-04,JSWSTEEL,283.62,286.161,279.989,283.302,3838343,0.1444,299.636,296.877,263.246,38.0928,-3.30967,-0.728779,-2.58089,318.947,280.326,12.8892,2018,7,3,2018-07,False
2018-07-05,JSWSTEEL,283.166,284.074,279.536,281.759,4048889,-0.5446,298.137,296.673,263.441,37.0017,-3.9147,-1.36596,-2.54873,318.131,278.142,13.4131,2018,7,3,2018-07,False
2018-07-06,JSWSTEEL,281.53,286.94,275.753,282.951,5087790,0.4231,296.708,296.383,263.664,38.4682,-4.24901,-1.94257,-2.30644,316.757,276.658,13.5146,2018,7,3,2018-07,False
2018-07-09,JSWSTEEL,286.115,288.178,284.373,286.849,1833981,1.3774,295.578,296.174,263.911,43.1291,-4.15161,-2.38438,-1.76723,315.147,276.009,13.2411,2018,7,3,2018-07,False
2018-07-10,JSWSTEEL,286.115,291.801,286.115,291.113,4072677,1.4866,294.644,296.097,264.191,47.7891,-3.68782,-2.64507,-1.04275,313.106,276.181,12.532,2018,7,3,2018-07,False
2018-07-11,JSWSTEEL,290.104,290.104,284.74,287.353,4560851,-1.2915,293.446,296.123,264.473,44.3393,-3.58236,-2.83253,-0.749833,310.405,276.488,11.5583,2018,7,3,2018-07,False
2018-07-12,JSWSTEEL,288.775,294.093,286.757,290.792,3468456,1.1968,292.6,296.143,264.806,48.0343,-3.18458,-2.90294,-0.281642,308.195,277.005,10.6594,2018,7,3,2018-07,False
2018-07-13,JSWSTEEL,291.617,293.635,288.178,290.012,3079114,-0.2681,292.01,296.182,265.181,47.2683,-2.89882,-2.90211,0.00329168,307.018,277.001,10.2794,2018,7,3,2018-07,False
2018-07-16,JSWSTEEL,289.967,292.076,281.071,282.126,2316253,-2.7194,291.27,295.911,265.492,40.2712,-3.27102,-2.9759,-0.295128,306.712,275.828,10.6031,2018,7,3,2018-07,False
2018-07-17,JSWSTEEL,279.696,283.914,277.128,281.897,4813085,-0.0813,290.503,295.667,265.828,40.0855,-3.54365,-3.08945,-0.454202,306.219,274.788,10.8197,2018,7,3,2018-07,False
2018-07-18,JSWSTEEL,284.006,284.877,269.196,271.626,4530592,-3.6434,288.876,295.259,266.102,32.7884,-4.53618,-3.37879,-1.15738,305.353,272.399,11.4078,2018,7,3,2018-07,False
2018-07-19,JSWSTEEL,272.36,284.51,270.067,278.412,6510032,2.4983,287.692,295.027,266.366,40.4958,-4.72077,-3.64719,-1.07358,303.563,271.821,11.0334,2018,7,3,2018-07,False
2018-07-20,JSWSTEEL,279.237,281.759,274.744,278.916,4643889,0.1811,286.347,294.729,266.627,41.0369,-4.77136,-3.87202,-0.899341,300.182,272.513,9.6625,2018,7,3,2018-07,False
2018-07-23,JSWSTEEL,280.613,282.309,275.111,281.209,3849111,0.822,285.337,294.38,266.906,43.5502,-4.57374,-4.01237,-0.561375,297.375,273.3,8.4371,2018,7,3,2018-07,False
2018-07-24,JSWSTEEL,281.53,293.406,279.742,291.847,4677454,3.7828,285.279,294.144,267.235,53.4623,-3.5182,-3.91353,0.395332,297.17,273.388,8.3364,2018,7,3,2018-07,False
2018-07-25,JSWSTEEL,295.285,300.237,284.831,290.792,8497446,-0.3613,285.375,293.85,267.52,52.4785,-2.73524,-3.67788,0.942632,297.417,273.332,8.4397,2018,7,3,2018-07,False
2018-07-26,JSWSTEEL,290.517,293.176,283.364,286.39,6607347,-1.5137,285.064,293.552,267.784,48.4693,-2.44179,-3.43066,0.988873,296.632,273.496,8.1162,2018,7,3,2018-07,False
2018-07-27,JSWSTEEL,288.041,299.045,287.949,296.432,6865156,3.5062,285.055,293.682,268.086,56.6125,-1.38301,-3.02113,1.63812,296.589,273.522,8.0921,2018,7,3,2018-07,False
2018-07-30,JSWSTEEL,296.432,301.613,294.231,300.65,4368955,1.4231,285.866,294.082,268.426,59.5074,-0.201209,-2.45714,2.25593,299.334,272.399,9.4222,2018,7,3,2018-07,False
2018-07-31,JSWSTEEL,298.541,305.235,298.037,302.989,4863789,0.7778,286.871,294.362,268.778,61.0585,0.913531,-1.78301,2.69654,302.265,271.477,10.7325,2018,7,3,2018-07,False
2018-08-01,JSWSTEEL,303.493,304.731,297.67,300.375,3557767,-0.8626,287.725,294.742,269.127,58.3674,1.56801,-1.11281,2.68081,304.145,271.304,11.4139,2018,8,3,2018-08,False
2018-08-02,JSWSTEEL,298.954,307.069,295.148,304.502,4410584,1.3738,288.862,295.13,269.468,61.27,2.3921,-0.411825,2.80392,306.637,271.087,12.3069,2018,8,3,2018-08,False
2018-08-03,JSWSTEEL,305.281,310.233,304.914,309.316,4714989,1.5811,290.18,295.398,269.834,64.3894,3.39455,0.34945,3.0451,309.912,270.448,13.5999,2018,8,3,2018-08,False
2018-08-06,JSWSTEEL,310.417,313.168,307.941,308.995,2536638,-0.1038,291.287,295.64,270.204,64.0192,4.11566,1.10269,3.01297,312.65,269.924,14.6682,2018,8,3,2018-08,False
2018-08-07,JSWSTEEL,309.958,314.176,307.665,312.251,4702630,1.0536,292.344,295.864,270.618,66.1452,4.89343,1.86084,3.03259,315.672,269.016,15.9593,2018,8,3,2018-08,False
2018-08-08,JSWSTEEL,313.947,316.377,311.379,314.314,3791524,0.6608,293.692,296.114,271.008,67.4577,5.61162,2.61099,3.00062,318.85,268.534,17.1321,2018,8,3,2018-08,False
2018-08-09,JSWSTEEL,314.727,316.836,312.755,314.497,3272046,0.0584,294.877,296.379,271.403,67.578,6.12498,3.31379,2.81119,321.642,268.112,18.1532,2018,8,3,2018-08,False
2018-08-10,JSWSTEEL,314.176,315.919,309.408,311.7,3088207,-0.8893,295.962,296.588,271.783,63.7095,6.23427,3.89789,2.33639,323.639,268.285,18.703,2018,8,3,2018-08,False
2018-08-13,JSWSTEEL,308.995,317.615,308.078,313.718,3893115,0.6472,297.541,296.839,272.172,65.2545,6.40979,4.40027,2.00952,325.498,269.585,18.7918,2018,8,3,2018-08,False
2018-08-14,JSWSTEEL,314.131,321.879,310.141,312.801,6297575,-0.2923,299.087,297.121,272.532,63.9223,6.40111,4.80044,1.60067,326.818,271.355,18.5439,2018,8,3,2018-08,False
2018-08-16,JSWSTEEL,308.124,309.133,299.733,300.925,6092650,-3.7966,300.552,297.005,272.839,49.7559,5.37401,4.91515,0.458857,325.086,276.017,16.3263,2018,8,3,2018-08,False
2018-08-17,JSWSTEEL,302.53,307.941,302.53,306.29,3729105,1.7827,301.945,296.895,273.198,54.6458,4.93601,4.91932,0.0166881,324.25,279.641,14.774,2018,8,3,2018-08,False
2018-08-20,JSWSTEEL,306.382,313.855,306.29,313.214,2968742,2.2605,303.66,296.929,273.563,60.0496,5.08891,4.95324,0.135671,323.665,283.655,13.1758,2018,8,3,2018-08,False
2018-08-21,JSWSTEEL,314.727,315.735,310.004,313.534,2781769,0.1025,305.277,297.011,273.922,60.2859,5.17632,4.99786,0.17846,322.701,287.852,11.4154,2018,8,3,2018-08,False
2018-08-23,JSWSTEEL,314.452,314.818,308.812,311.425,3317106,-0.6727,306.256,297.043,274.27,57.8645,5.01756,5.0018,0.0157615,322.674,289.837,10.7219,2018,8,3,2018-08,False
2018-08-24,JSWSTEEL,308.17,326.923,308.17,325.364,8301916,4.4758,307.984,297.325,274.68,67.2318,5.94793,5.19102,0.756907,324.822,291.146,10.9341,2018,8,3,2018-08,False
2018-08-27,JSWSTEEL,329.216,334.397,323.393,326.098,7420600,0.2255,309.97,297.692,275.113,67.6395,6.66759,5.48634,1.18125,325.391,294.548,9.9502,2018,8,3,2018-08,False
2018-08-28,JSWSTEEL,328.161,338.386,323.805,335.818,6122883,2.9809,311.939,298.372,275.601,72.5192,7.93088,5.97524,1.95563,329.927,293.951,11.5331,2018,8,3,2018-08,False
2018-08-29,JSWSTEEL,340.587,374.793,339.303,365.897,44445933,8.9569,315.201,299.752,276.232,81.7098,11.2297,7.02614,4.20356,344.61,285.792,18.6604,2018,8,3,2018-08,False
2018-08-30,JSWSTEEL,364.98,374.884,360.533,364.888,27089981,-0.2757,318.296,301.105,276.828,80.7346,13.6058,8.34207,5.26373,354.53,282.062,22.7675,2018,8,3,2018-08,False
2018-08-31,JSWSTEEL,365.897,369.84,360.028,363.467,8642458,-0.3895,321.451,302.291,277.448,79.2985,15.199,9.71345,5.48553,361.861,281.041,25.1421,2018,8,3,2018-08,False
2018-09-03,JSWSTEEL,366.172,369.107,360.487,364.063,5615281,0.164,324.429,303.53,278.059,79.4635,16.3215,11.0351,5.28647,368.217,280.641,26.994,2018,9,3,2018-09,False
2018-09-04,JSWSTEEL,366.447,366.447,354.434,358.423,6611358,-1.5491,326.884,304.583,278.691,73.4954,16.5651,12.1411,4.42406,372.57,281.198,27.9525,2018,9,3,2018-09,False
2018-09-05,JSWSTEEL,354.893,368.419,354.893,365.301,7677886,1.9189,329.7,305.861,279.344,75.875,17.1159,13.136,3.97983,377.628,281.771,29.0743,2018,9,3,2018-09,False
2018-09-06,JSWSTEEL,370.482,370.574,363.192,365.714,5215140,0.113,332.373,307.315,279.963,76.0142,17.3852,13.9859,3.39934,382.133,282.613,29.9423,2018,9,3,2018-09,False
2018-09-07,JSWSTEEL,365.668,375.893,362.229,372.867,7367573,1.9559,335.3,308.994,280.62,78.3456,17.9687,14.7824,3.18628,387.421,283.18,31.0887,2018,9,3,2018-09,False
2018-09-10,JSWSTEEL,377.268,380.524,365.897,367.915,8882946,-1.3281,337.971,310.5,281.24,73.0517,17.8261,15.3912,2.43492,391.068,284.874,31.4212,2018,9,3,2018-09,False
2018-09-11,JSWSTEEL,370.391,370.391,359.799,362.412,7125022,-1.4955,340.507,311.817,281.833,67.5869,17.0723,15.7274,1.34487,393.163,287.85,30.9284,2018,9,3,2018-09,False
2018-09-12,JSWSTEEL,362.321,367.64,355.856,366.585,6287959,1.1513,343.15,313.46,282.455,69.4531,16.62,15.9059,0.714051,395.451,290.849,30.4828,2018,9,3,2018-09,False
2018-09-14,JSWSTEEL,368.832,378.14,368.832,374.242,6622300,2.0888,346.222,315.287,283.123,72.5738,16.687,16.0621,0.624892,398.234,294.21,30.0455,2018,9,3,2018-09,False
2018-09-17,JSWSTEEL,373.234,381.854,369.703,377.681,6327429,0.9189,350.06,317.174,283.837,73.8651,16.8237,16.2144,0.609277,399.25,300.87,28.1036,2018,9,3,2018-09,False
2018-09-18,JSWSTEEL,378.506,381.212,371.124,373.371,5226145,-1.1412,353.414,319.006,284.543,69.4514,16.3953,16.2506,0.14467,399.058,307.771,25.8301,2018,9,3,2018-09,False
2018-09-19,JSWSTEEL,376.076,388.594,376.076,382.45,8654507,2.4315,356.876,320.996,285.297,73.0979,16.597,16.3199,0.277103,400.121,313.631,24.2353,2018,9,3,2018-09,False
2018-09-21,JSWSTEEL,385.384,392.079,357.002,374.151,10218645,-2.17,359.907,322.742,286.012,65.4113,15.9038,16.2367,-0.332838,398.621,321.192,21.5136,2018,9,3,2018-09,False
2018-09-24,JSWSTEEL,379.653,379.653,364.155,367.227,7568416,-1.8505,362.697,324.265,286.704,59.7651,14.6272,15.9148,-1.28757,394.041,331.352,17.2842,2018,9,3,2018-09,False
2018-09-25,JSWSTEEL,364.98,373.234,356.727,370.161,6963000,0.7991,364.937,325.921,287.412,61.2902,13.6944,15.4707,-1.77629,391.007,338.866,14.2878,2018,9,3,2018-09,False
2018-09-26,JSWSTEEL,373.234,377.589,367.731,374.242,3317487,1.1024,367.344,327.59,288.159,63.3697,13.1331,15.0032,-1.87012,386.21,348.477,10.2718,2018,9,3,2018-09,False
2018-09-27,JSWSTEEL,375.847,378.277,362.963,367.089,25412558,-1.9113,368.907,329.131,288.896,57.5355,11.973,14.3972,-2.42415,380.588,357.227,6.3324,2018,9,3,2018-09,False
2018-09-28,JSWSTEEL,370.345,374.105,343.155,349.987,13200294,-4.659,368.112,330.489,289.502,46.5097,9.56336,13.4304,-3.86704,382.507,353.717,7.8212,2018,9,3,2018-09,False
2018-10-01,JSWSTEEL,343.888,354.755,340.312,349.253,8910012,-0.2096,367.33,331.836,290.103,46.1015,7.50794,12.2459,-4.73796,383.984,350.677,9.0673,2018,10,4,2018-10,False
2018-10-03,JSWSTEEL,348.474,355.351,345.401,351.591,7436585,0.6696,366.736,333.435,290.72,47.6776,5.99856,10.9964,-4.99788,384.76,348.712,9.8294,2018,10,4,2018-10,False
2018-10-04,JSWSTEEL,346.548,354.434,342.329,346.273,7084897,-1.5128,365.847,334.792,291.317,44.491,4.32334,9.66182,-5.33847,386.05,345.643,11.0449,2018,10,4,2018-10,False
2018-10-05,JSWSTEEL,343.888,347.694,330.5,336.185,7170165,-2.9131,364.735,335.938,291.89,39.147,2.15689,8.16083,-6.00394,388.747,340.722,13.1671,2018,10,4,2018-10,False
2018-10-08,JSWSTEEL,335.635,350.124,327.473,345.035,7787200,2.6323,363.722,337.214,292.515,45.3487,1.14089,6.75684,-5.61596,389.293,338.15,14.0612,2018,10,4,2018-10,False
2018-10-09,JSWSTEEL,348.015,350.124,333.572,340.587,7572243,-1.2891,362.465,338.189,293.08,42.978,-0.022936,5.40089,-5.42382,390.017,334.913,15.2025,2018,10,4,2018-10,False
2018-10-10,JSWSTEEL,341.137,350.995,340.587,345.539,4070161,1.454,361.099,339.284,293.655,46.3414,-0.53947,4.21282,-4.75229,389.184,333.013,15.5555,2018,10,4,2018-10,False
2018-10-11,JSWSTEEL,339.303,341.825,325.41,331.692,6973280,-4.0074,359.288,340.19,294.15,39.3515,-2.04263,2.96173,-5.00436,390.065,328.51,17.1325,2018,10,4,2018-10,False
2018-10-12,JSWSTEEL,334.718,349.62,333.205,348.198,4970667,4.9765,358.577,341.225,294.702,49.1901,-1.88027,1.99333,-3.8736,389.705,327.449,17.362,2018,10,4,2018-10,False
2018-10-15,JSWSTEEL,349.07,349.482,341.687,345.539,2563605,-0.7638,357.525,342.123,295.225,47.8435,-1.9438,1.2059,-3.1497,388.935,326.115,17.5708,2018,10,4,2018-10,False
2018-10-16,JSWSTEEL,345.722,353.242,338.478,342.605,5508232,-0.8492,355.943,342.915,295.738,46.3361,-2.2055,0.523622,-2.72912,386.992,324.893,17.4464,2018,10,4,2018-10,False
2018-10-17,JSWSTEEL,345.631,347.052,329.353,331.646,4061725,-3.1986,353.641,343.541,296.183,41.1252,-3.25959,-0.233021,-3.02657,384.731,322.551,17.5826,2018,10,4,2018-10,False
2018-10-19,JSWSTEEL,328.069,339.716,325.181,333.342,6479303,0.5115,351.64,344.118,296.645,42.2087,-3.91297,-0.96901,-2.94396,382.534,320.745,17.5718,2018,10,4,2018-10,False
2018-10-22,JSWSTEEL,336.552,338.249,323.989,325.639,5271275,-2.3109,348.799,344.444,297.042,38.7239,-4.99477,-1.77416,-3.22061,378.176,319.422,16.8445,2018,10,4,2018-10,False
2018-10-23,JSWSTEEL,324.447,326.327,314.772,318.67,4807256,-2.1402,346.025,344.638,297.411,35.8406,-6.34139,-2.68761,-3.65378,375.797,316.253,17.2082,2018,10,4,2018-10,False
2018-10-24,JSWSTEEL,321.925,324.768,316.882,322.751,3260414,1.2806,343.801,344.848,297.819,38.7178,-6.99863,-3.54981,-3.44882,373.55,314.053,17.3057,2018,10,4,2018-10,False
2018-10-25,JSWSTEEL,320.045,325.731,315.002,324.08,4891650,0.412,341.497,345.043,298.239,39.6672,-7.32773,-4.3054,-3.02234,369.75,313.245,16.5464,2018,10,4,2018-10,False
2018-10-26,JSWSTEEL,326.281,326.419,305.419,309.454,7853276,-4.5133,338.258,344.942,298.567,33.5162,-8.66887,-5.17809,-3.49078,365.543,310.973,16.1325,2018,10,4,2018-10,False
2018-10-29,JSWSTEEL,309.958,312.938,301.888,311.792,4778923,0.7557,335.493,344.944,298.868,35.245,-9.43429,-6.02933,-3.40496,361.66,309.326,15.5993,2018,10,4,2018-10,False
2018-10-30,JSWSTEEL,310.233,313.443,305.923,307.941,3197919,-1.2353,333.391,344.828,299.114,33.691,-10.2337,-6.87021,-3.3635,361.35,305.431,16.7726,2018,10,4,2018-10,False
2018-10-31,JSWSTEEL,308.995,313.534,299.412,311.242,4571617,1.0721,331.49,344.797,299.372,36.2842,-10.4801,-7.59218,-2.88788,360.07,302.91,17.2433,2018,10,4,2018-10,False
2018-11-01,JSWSTEEL,312.342,317.753,310.004,314.314,3486300,0.987,329.626,345.065,299.655,38.6872,-10.3086,-8.13546,-2.17311,357.541,301.712,16.9371,2018,11,4,2018-11,False
2018-11-02,JSWSTEEL,317.478,327.382,316.469,323.53,4287077,2.9322,328.489,345.41,299.989,45.3463,-9.32154,-8.37267,-0.948867,355.383,301.595,16.3741,2018,11,4,2018-11,False
2018-11-05,JSWSTEEL,322.705,330.041,317.799,324.31,3683598,0.2409,327.895,345.632,300.329,45.8816,-8.37982,-8.3741,-0.00571596,354.597,301.193,16.2868,2018,11,4,2018-11,False
2018-11-06,JSWSTEEL,326.465,329.583,318.762,321.65,3180370,-0.82,326.726,345.794,300.635,44.2877,-7.75865,-8.25101,0.492363,352.292,301.161,15.6495,2018,11,4,2018-11,False
2018-11-07,JSWSTEEL,321.65,321.65,321.65,321.65,0,0.0,325.779,345.998,300.95,44.2877,-7.18356,-8.03752,0.853962,350.574,300.984,15.222,2018,11,4,2018-11,False
2018-11-09,JSWSTEEL,322.797,322.797,314.085,318.67,3642253,-0.9266,324.436,345.865,301.268,42.3743,-6.88888,-7.80779,0.918912,347.58,301.292,14.2672,2018,11,4,2018-11,False
2018-11-12,JSWSTEEL,317.707,324.952,314.589,315.965,3905755,-0.8489,323.649,345.662,301.554,40.6573,-6.79531,-7.6053,0.80999,346.824,300.475,14.3208,2018,11,4,2018-11,False
2018-11-13,JSWSTEEL,315.46,320.045,313.993,319.22,2384372,1.0303,322.2,345.33,301.88,43.6181,-6.38485,-7.36121,0.976355,342.337,302.064,12.4993,2018,11,4,2018-11,False
2018-11-14,JSWSTEEL,321.88,324.401,309.27,311.425,3540077,-2.4418,320.495,344.241,302.157,38.6463,-6.61231,-7.21143,0.599113,337.902,303.088,10.8624,2018,11,4,2018-11,False
2018-11-15,JSWSTEEL,311.792,317.203,310.004,316.01,3192589,1.4723,319.165,343.263,302.473,42.7781,-6.34941,-7.03902,0.689618,333.196,305.134,8.7924,2018,11,4,2018-11,False
2018-11-16,JSWSTEEL,315.552,315.689,304.639,307.299,3306643,-2.7568,317.948,342.14,302.675,37.5973,-6.76603,-6.98443,0.218395,331.64,304.255,8.613,2018,11,4,2018-11,False
2018-11-19,JSWSTEEL,308.766,311.379,305.556,308.72,3202842,0.4626,316.717,341.033,302.909,38.8976,-6.90195,-6.96793,0.0659816,328.929,304.505,7.7116,2018,11,4,2018-11,False
2018-11-20,JSWSTEEL,306.29,306.519,299.871,301.017,3954871,-2.4952,315.485,339.885,303.094,34.6802,-7.54427,-7.0832,-0.461075,328.823,302.148,8.455,2018,11,4,2018-11,False
2018-11-21,JSWSTEEL,299.871,302.072,295.836,298.999,4004112,-0.6702,314.502,338.559,303.257,33.6511,-8.12249,-7.29106,-0.831431,329.631,299.373,9.621,2018,11,4,2018-11,False
2018-11-22,JSWSTEEL,298.954,300.558,291.755,293.36,3648659,-1.8862,313.032,337.111,303.412,30.8915,-8.93284,-7.61941,-1.31342,330.341,295.724,11.0585,2018,11,4,2018-11,False
2018-11-26,JSWSTEEL,294.047,296.661,285.886,291.25,4603622,-0.719,311.391,335.479,303.553,29.9039,-9.63418,-8.02237,-1.61181,330.428,292.354,12.2273,2018,11,4,2018-11,False
2018-11-27,JSWSTEEL,287.17,290.517,274.652,285.382,16785515,-2.0151,310.187,333.828,303.606,27.2893,-10.5421,-8.5263,-2.01575,332.502,287.873,14.3879,2018,11,4,2018-11,False
2018-11-28,JSWSTEEL,286.482,288.637,280.796,283.226,7306426,-0.7552,308.759,332.245,303.666,26.3774,-11.3051,-9.08207,-2.22306,334.094,283.424,16.4107,2018,11,4,2018-11,False
2018-11-29,JSWSTEEL,286.711,292.993,283.089,291.113,6047477,2.7845,307.918,330.735,303.8,34.9453,-11.145,-9.49466,-1.65036,334.456,281.379,17.2373,2018,11,4,2018-11,False
2018-11-30,JSWSTEEL,292.168,296.019,287.445,288.178,5161526,-1.008,306.764,329.014,303.955,33.3883,-11.1267,-9.82106,-1.30561,334.664,278.865,18.1895,2018,11,4,2018-11,False
2018-12-03,JSWSTEEL,293.497,298.037,287.491,288.775,6549046,0.2069,305.487,327.236,304.083,34.0313,-10.9379,-10.0444,-0.8935,334.256,276.719,18.8348,2018,12,4,2018-12,False
2018-12-04,JSWSTEEL,288.224,291.984,285.565,287.307,4089384,-0.5081,303.676,325.515,304.139,33.1822,-10.7825,-10.192,-0.590425,332.223,275.13,18.8005,2018,12,4,2018-12,False
2018-12-05,JSWSTEEL,284.281,285.198,277.174,279.1,4291892,-2.8567,301.416,323.448,304.131,28.8467,-11.1925,-10.3921,-0.800375,330.241,272.59,19.1267,2018,12,4,2018-12,False
2018-12-06,JSWSTEEL,274.194,282.08,269.792,280.063,7026331,0.345,299.336,321.566,304.121,30.0021,-11.3094,-10.5756,-0.733822,328.016,270.657,19.1618,2018,12,4,2018-12,False
2018-12-07,JSWSTEEL,280.705,282.63,273.506,277.311,4667020,-0.9823,297.12,319.768,304.103,28.5743,-11.4916,-10.7588,-0.732795,325.388,268.851,19.0283,2018,12,4,2018-12,False
2018-12-10,JSWSTEEL,270.067,274.836,268.095,269.7,3612157,-2.7447,294.671,317.758,304.055,25.0258,-12.1105,-11.0291,-1.08139,323.557,265.786,19.6052,2018,12,4,2018-12,False
2018-12-11,JSWSTEEL,264.015,277.999,262.547,275.982,4328659,2.3292,292.672,315.793,304.017,32.4785,-11.9563,-11.2146,-0.741755,320.879,264.465,19.2753,2018,12,4,2018-12,False
2018-12-12,JSWSTEEL,278.229,281.988,274.606,277.357,7403789,0.4984,290.579,313.998,304.03,34.0251,-11.5895,-11.2896,-0.29997,316.62,264.537,17.924,2018,12,4,2018-12,False
2018-12-13,JSWSTEEL,280.338,281.255,270.984,273.322,5434548,-1.4548,288.674,312.465,304.01,31.7292,-11.492,-11.3301,-0.161926,313.855,263.493,17.4461,2018,12,4,2018-12,False
2018-12-14,JSWSTEEL,272.36,275.89,266.995,268.783,5963531,-1.6608,286.312,310.856,304.0,29.3316,-11.6467,-11.3934,-0.253303,309.476,263.148,16.181,2018,12,4,2018-12,False
2018-12-17,JSWSTEEL,270.434,275.569,269.654,274.973,4379498,2.303,284.696,309.323,304.024,36.3906,-11.1414,-11.343,0.201603,306.142,263.25,15.0657,2018,12,4,2018-12,False
2018-12-18,JSWSTEEL,274.285,281.255,273.368,280.109,6638364,1.8676,283.265,308.0,304.032,41.6023,-10.2088,-11.1162,0.907301,301.547,264.984,12.9079,2018,12,4,2018-12,False
2018-12-19,JSWSTEEL,282.447,286.436,279.146,285.198,5813820,1.817,282.474,306.98,304.023,46.2985,-8.95589,-10.6841,1.7282,298.785,266.164,11.5484,2018,12,4,2018-12,False
2018-12-20,JSWSTEEL,283.364,285.015,280.796,283.089,5637742,-0.7396,281.679,305.742,303.995,44.6944,-8.04043,-10.1554,2.11494,296.03,267.328,10.1899,2018,12,4,2018-12,False
2018-12-21,JSWSTEEL,283.364,286.757,280.475,282.447,6808600,-0.2268,281.133,304.579,303.991,44.1926,-7.28276,-9.58084,2.29808,294.404,267.863,9.4408,2018,12,4,2018-12,False
2018-12-24,JSWSTEEL,282.447,282.905,266.857,267.958,7202626,-5.1299,279.969,303.027,303.944,34.7173,-7.76198,-9.21707,1.45509,293.585,266.353,9.7268,2018,12,4,2018-12,False
2018-12-26,JSWSTEEL,266.445,272.36,264.198,271.718,5649890,1.4031,279.285,301.828,303.979,38.4077,-7.74906,-8.92347,1.17441,293.127,265.444,9.9123,2018,12,4,2018-12,False
2018-12-27,JSWSTEEL,274.652,275.707,267.866,268.646,5160751,-1.1306,278.556,300.237,303.991,36.5878,-7.89569,-8.71791,0.822224,293.045,264.068,10.4027,2018,12,4,2018-12,False
2018-12-28,JSWSTEEL,269.975,275.661,269.975,273.368,3519635,1.758,277.669,298.793,304.044,41.2006,-7.54384,-8.4831,0.939255,291.051,264.287,9.6389,2018,12,4,2018-12,False
2018-12-31,JSWSTEEL,275.202,282.355,275.202,281.301,7167399,2.9017,277.325,297.567,304.138,48.0377,-6.54944,-8.09637,1.54693,289.899,264.751,9.0681,2018,12,4,2018-12,False
2019-01-01,JSWSTEEL,283.272,283.272,277.403,278.733,3622654,-0.9128,276.823,296.509,304.207,46.1664,-5.90053,-7.6572,1.75667,288.219,265.427,8.2333,2019,1,1,2019-01,False
2019-01-02,JSWSTEEL,271.488,273.231,262.822,264.748,8855139,-5.0173,275.695,295.137,304.179,37.5798,-6.44048,-7.41386,0.973373,287.187,264.203,8.3367,2019,1,1,2019-01,False
2019-01-03,JSWSTEEL,263.648,266.491,257.045,259.2,10003388,-2.0956,274.7,293.808,304.097,34.8134,-7.23271,-7.37763,0.144919,288.218,261.182,9.8421,2019,1,1,2019-01,False
2019-01-04,JSWSTEEL,258.512,265.436,257.412,264.06,6070751,1.8751,273.9,292.716,304.054,39.0465,-7.38326,-7.37875,-0.00450488,287.965,259.835,10.2701,2019,1,1,2019-01,False
2019-01-07,JSWSTEEL,268.05,270.755,264.244,265.803,7041362,0.6598,273.325,291.577,304.044,40.5373,-7.27808,-7.35862,0.0805422,287.739,258.91,10.5477,2019,1,1,2019-01,False
2019-01-08,JSWSTEEL,266.032,271.305,264.198,269.517,4528899,1.3973,273.316,290.486,304.074,43.6983,-6.81646,-7.25019,0.433729,287.74,258.891,10.5553,2019,1,1,2019-01,False
2019-01-09,JSWSTEEL,270.525,272.176,262.777,266.628,5848215,-1.0718,272.848,289.629,304.121,41.8355,-6.60755,-7.12166,0.514112,287.513,258.183,10.7497,2019,1,1,2019-01,False
2019-01-10,JSWSTEEL,265.94,268.416,263.785,265.298,4352095,-0.4987,272.245,288.699,304.151,40.9697,-6.47464,-6.99225,0.517613,287.12,257.37,10.9274,2019,1,1,2019-01,False
2019-01-11,JSWSTEEL,265.711,269.746,262.685,264.84,4483554,-0.1728,271.821,287.837,304.167,40.6573,-6.3333,-6.86046,0.52716,287.046,256.596,11.2021,2019,1,1,2019-01,False
2019-01-14,JSWSTEEL,264.519,264.519,258.65,260.346,3756403,-1.6967,271.399,286.819,304.171,37.6286,-6.50885,-6.79014,0.281288,287.425,255.373,11.8097,2019,1,1,2019-01,False
2019-01-15,JSWSTEEL,261.355,268.691,258.879,267.866,6557577,2.8884,271.044,285.89,304.212,45.0109,-5.97235,-6.62658,0.654232,287.051,255.036,11.8115,2019,1,1,2019-01,False
2019-01-16,JSWSTEEL,267.82,268.921,261.676,262.685,3752082,-1.9343,270.172,284.674,304.192,41.3769,-5.89727,-6.48072,0.583449,285.998,254.347,11.7151,2019,1,1,2019-01,False
2019-01-17,JSWSTEEL,263.648,266.445,262.089,265.023,4817690,0.8902,269.164,283.488,304.161,43.5904,-5.58471,-6.30152,0.716811,283.454,254.873,10.6183,2019,1,1,2019-01,False
2019-01-18,JSWSTEEL,264.427,267.637,259.75,261.905,4210472,-1.1765,268.105,282.293,304.163,41.3486,-5.5249,-6.1462,0.621297,281.134,255.076,9.7194,2019,1,1,2019-01,False
2019-01-21,JSWSTEEL,262.18,264.977,260.392,260.988,2854706,-0.3501,267.032,281.08,304.122,40.6858,-5.48823,-6.0146,0.526372,278.532,255.531,8.6136,2019,1,1,2019-01,False
2019-01-22,JSWSTEEL,260.438,260.988,251.772,254.936,5006219,-2.319,266.381,279.805,304.022,36.5246,-5.87977,-5.98764,0.107863,279.073,253.688,9.5296,2019,1,1,2019-01,False
2019-01-23,JSWSTEEL,254.936,261.263,254.202,257.595,4489030,1.0432,265.674,278.638,303.967,39.4548,-5.90739,-5.97159,0.064201,278.684,252.665,9.7937,2019,1,1,2019-01,False
2019-01-24,JSWSTEEL,258.146,260.805,253.56,260.117,3705336,0.979,265.248,277.456,303.868,42.1805,-5.66053,-5.90937,0.248847,278.406,252.09,9.9212,2019,1,1,2019-01,False
2019-01-25,JSWSTEEL,260.988,261.814,250.58,251.864,5191436,-3.1729,264.173,276.264,303.729,36.4042,-6.06099,-5.9397,-0.121295,278.032,250.313,10.4929,2019,1,1,2019-01,False
2019-01-28,JSWSTEEL,251.268,251.497,241.226,245.536,4518237,-2.5123,262.385,274.855,303.553,32.7063,-6.81044,-6.11385,-0.696594,276.168,248.601,10.5064,2019,1,1,2019-01,False
2019-01-29,JSWSTEEL,245.353,250.351,243.244,248.471,4113613,1.1951,260.871,273.678,303.382,35.9555,-7.08591,-6.30826,-0.777651,273.71,248.033,9.843,2019,1,1,2019-01,False
2019-01-30,JSWSTEEL,248.975,250.763,240.447,246.591,6941276,-0.7566,259.964,272.436,303.198,34.7964,-7.37095,-6.5208,-0.850149,274.146,245.781,10.9109,2019,1,1,2019-01,False
2019-01-31,JSWSTEEL,248.517,252.964,244.482,251.818,4666551,2.1197,259.594,271.452,303.058,40.5364,-7.09329,-6.6353,-0.457997,274.237,244.952,11.2811,2019,1,1,2019-01,False
2019-02-01,JSWSTEEL,251.497,256.77,244.528,252.139,6496209,0.1275,258.998,270.515,302.919,40.8806,-6.76932,-6.6621,-0.107215,273.845,244.152,11.4644,2019,2,1,2019-02,False
2019-02-04,JSWSTEEL,252.597,253.515,245.445,250.809,4804512,-0.5274,258.249,269.663,302.772,39.8515,-6.54442,-6.63856,0.0941451,273.162,243.335,11.5498,2019,2,1,2019-02,False
2019-02-05,JSWSTEEL,249.434,254.615,248.196,250.855,4726380,0.0183,257.316,268.856,302.623,39.9077,-6.28998,-6.56885,0.278868,271.582,243.049,11.0886,2019,2,1,2019-02,False
2019-02-06,JSWSTEEL,251.635,259.429,248.975,256.128,5746435,2.102,256.791,268.271,302.497,46.1374,-5.59832,-6.37474,0.776424,270.37,243.211,10.5765,2019,2,1,2019-02,False
2019-02-07,JSWSTEEL,254.936,258.054,249.434,250.442,6252085,-2.2198,256.048,267.615,302.284,41.1801,-5.44617,-6.18903,0.742856,269.289,242.807,10.3428,2019,2,1,2019-02,False
2019-02-08,JSWSTEEL,249.067,250.351,238.75,241.043,5765740,-3.7532,254.858,266.613,302.024,34.5675,-6.01473,-6.15417,0.139439,269.018,240.698,11.1118,2019,2,1,2019-02,False
2019-02-11,JSWSTEEL,242.097,243.931,235.311,239.897,5228180,-0.4756,253.835,265.648,301.763,33.8536,-6.48308,-6.21995,-0.26313,269.226,238.445,12.1266,2019,2,1,2019-02,False
2019-02-12,JSWSTEEL,239.851,251.726,236.137,249.204,12748459,3.88,252.902,264.856,301.536,43.9725,-6.03363,-6.18269,0.149057,266.912,238.892,11.0794,2019,2,1,2019-02,False
2019-02-14,JSWSTEEL,247.049,259.063,242.143,257.366,9767547,3.2751,252.636,264.258,301.363,51.0445,-4.96166,-5.93848,0.976818,266.054,239.219,10.622,2019,2,1,2019-02,False
2019-02-15,JSWSTEEL,256.724,256.724,243.427,244.757,10241930,-4.8993,251.623,263.571,301.1,42.1852,-5.07113,-5.76501,0.693882,264.132,239.114,9.9427,2019,2,1,2019-02,False
2019-02-18,JSWSTEEL,245.766,247.554,239.346,240.172,6612006,-1.8734,250.536,262.773,300.814,39.5005,-5.46487,-5.70498,0.240111,263.061,238.012,9.9979,2019,2,1,2019-02,False
2019-02-19,JSWSTEEL,240.814,249.204,239.346,244.711,8114832,1.89,249.723,262.121,300.562,43.3447,-5.34897,-5.63378,0.284809,261.479,237.966,9.4155,2019,2,1,2019-02,False
2019-02-20,JSWSTEEL,245.628,253.285,245.307,251.314,10302096,2.6981,249.541,261.753,300.389,48.4732,-4.6705,-5.44113,0.770622,261.069,238.014,9.239,2019,2,1,2019-02,False
2019-02-21,JSWSTEEL,253.102,255.853,250.718,254.065,8238650,1.0947,249.365,261.315,300.21,50.4845,-3.86625,-5.12615,1.2599,260.474,238.256,8.9097,2019,2,1,2019-02,False
2019-02-22,JSWSTEEL,253.102,263.006,249.25,262.135,10779149,3.1763,249.466,261.01,300.081,55.9198,-2.54832,-4.61058,2.06226,261.014,237.918,9.2581,2019,2,1,2019-02,False
2019-02-25,JSWSTEEL,262.593,269.425,262.593,263.923,12551599,0.6822,250.069,260.822,299.922,57.045,-1.34407,-3.95728,2.61321,263.283,236.855,10.5684,2019,2,1,2019-02,False
2019-02-26,JSWSTEEL,255.853,263.006,254.111,260.897,8622676,-1.1466,250.837,260.665,299.756,54.5092,-0.626657,-3.29116,2.6645,264.711,236.963,11.0622,2019,2,1,2019-02,False
2019-02-27,JSWSTEEL,263.556,267.27,258.604,260.438,7076524,-0.1758,251.435,260.374,299.598,54.1166,-0.0940188,-2.65173,2.55771,265.899,236.971,11.5052,2019,2,1,2019-02,False
2019-02-28,JSWSTEEL,261.814,265.94,256.587,257.779,9337518,-1.0211,251.995,259.927,299.437,51.7872,0.112214,-2.09894,2.21115,266.535,237.454,11.5402,2019,2,1,2019-02,False
2019-03-01,JSWSTEEL,260.805,261.447,257.412,258.696,7362711,0.3558,252.338,259.397,299.261,52.5458,0.345672,-1.61002,1.95569,267.183,237.493,11.7659,2019,3,1,2019-03,False
2019-03-05,JSWSTEEL,261.309,267.866,258.604,267.041,11469935,3.2258,253.084,259.076,299.103,58.885,1.19034,-1.04995,2.24029,269.317,236.85,12.8288,2019,3,1,2019-03,False
2019-03-06,JSWSTEEL,268.416,269.608,262.96,265.894,6718322,-0.4293,253.838,258.745,298.914,57.7439,1.74711,-0.490535,2.23764,271.002,236.674,13.5236,2019,3,1,2019-03,False
2019-03-07,JSWSTEEL,266.307,269.608,261.722,265.665,7010707,-0.0862,254.578,258.699,298.715,57.5039,2.14513,0.0365977,2.10853,272.463,236.693,14.0506,2019,3,1,2019-03,False
2019-03-08,JSWSTEEL,264.29,265.39,260.622,262.639,5961633,-1.1391,254.904,258.518,298.522,54.2958,2.19111,0.4675,1.72361,273.141,236.667,14.3091,2019,3,1,2019-03,False
2019-03-11,JSWSTEEL,265.39,270.205,263.327,268.37,7863518,2.1823,255.8,258.512,298.414,58.9651,2.65938,0.905876,1.7535,274.858,236.742,14.9006,2019,3,1,2019-03,False
2019-03-12,JSWSTEEL,269.654,273.277,265.986,267.591,8891811,-0.2905,257.128,258.397,298.349,58.0958,2.93377,1.31145,1.62231,275.545,238.71,14.3256,2019,3,1,2019-03,False
2019-03-13,JSWSTEEL,265.94,266.307,258.696,262.501,9122437,-1.902,258.258,258.021,298.216,52.639,2.7093,1.59102,1.11828,274.913,241.603,12.8981,2019,3,1,2019-03,False
2019-03-14,JSWSTEEL,262.593,265.757,260.438,263.097,5351600,0.2271,258.953,257.708,298.125,53.1935,2.55012,1.78284,0.767275,275.171,242.734,12.5262,2019,3,1,2019-03,False
2019-03-15,JSWSTEEL,263.556,267.087,261.63,264.519,7053371,0.5403,259.31,257.704,298.022,54.5598,2.50973,1.92822,0.581511,275.696,242.924,12.638,2019,3,1,2019-03,False
2019-03-18,JSWSTEEL,265.94,271.443,262.777,270.48,7431744,2.2534,260.596,257.929,297.895,59.8522,2.92499,2.12757,0.797414,276.191,245.001,11.9687,2019,3,1,2019-03,False
2019-03-19,JSWSTEEL,271.534,272.13,263.51,264.565,7444759,-2.1868,261.816,257.939,297.733,53.2273,2.74515,2.25109,0.494065,274.162,249.47,9.4313,2019,3,1,2019-03,False
2019-03-20,JSWSTEEL,265.94,265.94,257.733,258.879,9165038,-2.149,262.524,257.801,297.522,47.7555,2.11942,2.22476,-0.105333,272.04,253.009,7.249,2019,3,1,2019-03,False
2019-03-22,JSWSTEEL,261.172,265.528,259.521,262.043,7325504,1.2221,263.061,257.651,297.323,50.7872,1.8574,2.15129,-0.293883,270.993,255.129,6.0306,2019,3,1,2019-03,False
2019-03-25,JSWSTEEL,258.604,258.604,253.102,255.67,6778846,-2.4322,263.141,257.432,297.096,45.1084,1.12253,1.94553,-0.823004,270.714,255.568,5.756,2019,3,1,2019-03,False
2019-03-26,JSWSTEEL,254.89,258.971,253.56,258.008,6247666,0.9146,262.935,257.286,296.879,47.431,0.720529,1.70053,-0.980005,270.841,255.029,6.0138,2019,3,1,2019-03,False
2019-03-27,JSWSTEEL,259.521,265.253,258.146,263.648,6490731,2.1859,262.921,257.262,296.692,52.6361,0.847252,1.52988,-0.682625,270.821,255.021,6.0094,2019,3,1,2019-03,False
2019-03-28,JSWSTEEL,262.272,265.94,260.438,264.336,21745652,0.2609,263.093,257.342,296.52,53.2441,0.991747,1.42225,-0.430504,270.957,255.229,5.9781,2019,3,1,2019-03,False
2019-04-01,JSWSTEEL,272.772,275.111,266.399,268.049,7766553,1.405,263.474,257.346,296.326,56.4921,1.38993,1.41579,-0.0258602,271.531,255.416,6.1163,2019,4,2,2019-04,False
2019-04-02,JSWSTEEL,271.213,271.213,261.814,263.281,7105140,-1.779,263.749,257.358,296.084,51.5414,1.30565,1.39376,-0.0881071,271.35,256.147,5.7642,2019,4,2,2019-04,False
2019-04-03,JSWSTEEL,265.94,270.067,264.565,265.849,6899752,0.9753,264.106,257.374,295.856,53.8849,1.42957,1.40092,0.0286518,271.372,256.84,5.5025,2019,4,2,2019-04,False
2019-04-04,JSWSTEEL,265.803,266.215,261.539,263.923,4338250,-0.7244,263.95,257.415,295.628,51.8593,1.35675,1.39209,-0.0353369,271.084,256.817,5.4053,2019,4,2,2019-04,False
2019-04-05,JSWSTEEL,264.519,271.213,264.198,269.838,5310432,2.2411,264.148,257.592,295.428,57.1832,1.75608,1.46489,0.291192,271.712,256.583,5.7278,2019,4,2,2019-04,False
2019-04-08,JSWSTEEL,272.36,273.873,265.023,266.307,5645872,-1.3084,264.18,257.819,295.203,53.3879,1.76729,1.52537,0.24192,271.777,256.582,5.7517,2019,4,2,2019-04,False
2019-04-09,JSWSTEEL,266.811,268.691,261.951,267.362,3725301,0.396,264.416,258.014,295.002,54.3622,1.84005,1.5883,0.251747,272.105,256.727,5.8157,2019,4,2,2019-04,False
2019-04-10,JSWSTEEL,266.124,269.379,263.464,264.611,5316890,-1.029,264.228,258.104,294.816,51.3468,1.65663,1.60197,0.0546629,271.69,256.766,5.6483,2019,4,2,2019-04,False
2019-04-11,JSWSTEEL,264.106,265.665,261.401,263.189,3147541,-0.5372,264.008,258.331,294.647,49.8095,1.38066,1.55771,-0.177048,271.31,256.705,5.532,2019,4,2,2019-04,False
2019-04-12,JSWSTEEL,263.189,264.519,261.355,263.052,2486341,-0.0522,264.035,258.681,294.476,49.6546,1.13774,1.47371,-0.335975,271.318,256.753,5.5164,2019,4,2,2019-04,False
2019-04-15,JSWSTEEL,264.106,269.425,263.373,267.912,4009776,1.8476,264.276,259.07,294.295,54.9829,1.32216,1.4434,-0.121241,271.744,256.808,5.6517,2019,4,2,2019-04,False
2019-04-16,JSWSTEEL,269.608,270.388,266.261,267.041,4394114,-0.3252,264.402,259.479,294.119,53.8821,1.38209,1.43114,-0.049048,271.972,256.832,5.726,2019,4,2,2019-04,False
2019-04-18,JSWSTEEL,267.041,276.303,262.731,274.331,7668228,2.7301,264.595,259.929,293.962,60.9312,1.99487,1.54389,0.450979,272.969,256.221,6.3297,2019,4,2,2019-04,False
2019-04-22,JSWSTEEL,273.919,277.357,265.253,267.087,6083105,-2.6408,264.721,260.228,293.79,52.3656,1.87431,1.60997,0.264339,273.168,256.273,6.3824,2019,4,2,2019-04,False
2019-04-23,JSWSTEEL,268.737,270.159,263.464,264.381,3648863,-1.0129,264.996,260.5,293.647,49.5637,1.5427,1.59652,-0.0538197,272.989,257.003,6.0325,2019,4,2,2019-04,False
2019-04-24,JSWSTEEL,265.253,268.691,262.639,268.095,4200919,1.4048,265.298,260.844,293.543,53.2612,1.56157,1.58953,-0.0279532,273.279,257.318,6.0162,2019,4,2,2019-04,False
2019-04-25,JSWSTEEL,267.316,270.067,261.814,262.822,4132700,-1.9668,265.656,260.978,293.394,47.893,1.13794,1.49921,-0.36127,272.358,258.954,5.0459,2019,4,2,2019-04,False
2019-04-26,JSWSTEEL,264.565,274.194,262.364,269.608,11729751,2.582,266.236,261.362,293.259,54.2797,1.3344,1.46625,-0.131849,272.108,260.364,4.4111,2019,4,2,2019-04,False
2019-04-30,JSWSTEEL,270.067,284.189,266.72,282.768,12707875,4.881,267.192,262.196,293.251,63.5976,2.52287,1.67757,0.845298,276.506,257.878,6.9721,2019,4,2,2019-04,False
2019-05-02,JSWSTEEL,283.41,287.949,278.32,281.209,10375665,-0.5513,268.036,263.022,293.243,61.986,3.3009,2.00224,1.29866,279.145,256.927,8.2891,2019,5,2,2019-05,False
2019-05-03,JSWSTEEL,282.447,284.694,279.788,283.226,5705828,0.7174,268.795,263.703,293.242,63.2827,4.03378,2.40855,1.62524,281.816,255.773,9.6889,2019,5,2,2019-05,False
2019-05-06,JSWSTEEL,276.028,277.312,270.526,272.084,7433027,-3.9339,269.235,263.997,293.194,52.6088,3.6732,2.66148,1.01172,282.065,256.404,9.5312,2019,5,2,2019-05,False
2019-05-07,JSWSTEEL,276.028,277.128,263.189,264.198,6762525,-2.8985,269.152,264.386,293.1,46.6154,2.7197,2.67312,0.0465815,282.095,256.209,9.6176,2019,5,2,2019-05,False
2019-05-08,JSWSTEEL,262.685,268.508,261.355,265.253,7900967,0.3991,269.219,264.888,292.992,47.477,2.02579,2.54366,-0.517862,282.062,256.376,9.5411,2019,5,2,2019-05,False
2019-05-09,JSWSTEEL,264.106,266.399,257.091,261.768,7620385,-1.3137,268.815,265.229,292.845,44.8981,1.18106,2.27114,-1.09007,282.077,255.554,9.8667,2019,5,2,2019-05,False
2019-05-10,JSWSTEEL,262.272,265.298,259.521,263.51,7076251,0.6656,268.675,265.473,292.726,46.464,0.644771,1.94586,-1.30109,282.106,255.245,9.9978,2019,5,2,2019-05,False
2019-05-13,JSWSTEEL,262.272,263.098,250.763,253.927,4291656,-3.6367,268.004,265.47,292.542,39.77,-0.547204,1.44725,-1.99445,282.967,253.04,11.1669,2019,5,2,2019-05,False
2019-05-14,JSWSTEEL,252.185,259.475,249.846,257.687,5277444,1.4807,267.657,265.381,292.38,43.2259,-1.17492,0.922816,-2.09774,283.259,252.056,11.6575,2019,5,2,2019-05,False
2019-05-15,JSWSTEEL,257.687,258.329,244.803,246.224,6212125,-4.4484,266.809,265.027,292.201,36.3733,-2.56776,0.224701,-2.79246,285.054,248.564,13.6764,2019,5,2,2019-05,False
2019-05-16,JSWSTEEL,247.6,254.432,246.224,253.056,4697435,2.7747,266.309,264.87,292.057,42.2496,-3.08475,-0.43719,-2.64756,285.51,247.109,14.42,2019,5,2,2019-05,False
2019-05-17,JSWSTEEL,252.597,254.661,249.021,253.469,3064045,0.1631,265.587,264.731,291.966,42.5944,-3.42173,-1.0341,-2.38764,285.604,245.571,15.0732,2019,5,2,2019-05,False
2019-05-20,JSWSTEEL,259.613,269.288,257.504,261.814,5009313,3.2923,265.326,264.811,291.883,49.2009,-2.98106,-1.42349,-1.55757,285.399,245.253,15.1306,2019,5,2,2019-05,False
2019-05-21,JSWSTEEL,261.218,262.731,254.477,256.22,4196280,-2.1366,264.42,264.762,291.769,45.4269,-3.04806,-1.7484,-1.29966,284.417,244.424,15.1245,2019,5,2,2019-05,False
2019-05-22,JSWSTEEL,257.137,257.916,249.709,253.973,5052534,-0.8769,263.765,264.501,291.633,43.9681,-3.24505,-2.04773,-1.19732,284.247,243.283,15.5306,2019,5,2,2019-05,False
2019-05-23,JSWSTEEL,260.438,265.849,251.726,253.056,5355880,-0.3611,263.198,264.244,291.439,43.3561,-3.43556,-2.3253,-1.11026,284.228,242.169,15.9798,2019,5,2,2019-05,False
2019-05-24,JSWSTEEL,256.724,267.316,250.855,264.106,9795647,4.3667,262.999,264.213,291.306,52.0221,-2.66416,-2.39307,-0.271092,283.908,242.09,15.9005,2019,5,2,2019-05,False
2019-05-27,JSWSTEEL,257.687,265.298,254.065,263.877,9081309,-0.0868,263.052,264.237,291.193,51.8449,-2.04772,-2.324,0.276283,283.964,242.139,15.8999,2019,5,2,2019-05,False
2019-05-28,JSWSTEEL,263.877,272.818,262.96,268.646,10338894,1.8071,263.004,264.243,291.054,55.2589,-1.16102,-2.0914,0.930387,283.857,242.15,15.8578,2019,5,2,2019-05,False
2019-05-29,JSWSTEEL,267.774,271.167,256.495,257.274,7940056,-4.2328,261.729,264.037,290.837,46.7477,-1.36018,-1.94516,0.584975,280.509,242.949,14.3508,2019,5,2,2019-05,False
2019-05-30,JSWSTEEL,257.687,259.75,252.276,253.652,7941828,-1.408,260.351,263.86,290.591,44.4015,-1.78969,-1.91406,0.124379,277.041,243.661,12.8208,2019,5,2,2019-05,False
2019-05-31,JSWSTEEL,255.165,256.587,247.233,249.159,7316925,-1.7715,258.648,263.581,290.335,41.6116,-2.46424,-2.0241,-0.440144,272.158,245.137,10.447,2019,5,2,2019-05,False
2019-06-03,JSWSTEEL,250.351,253.194,246.82,251.772,6265379,1.0489,257.632,263.326,290.071,43.8226,-2.75618,-2.17052,-0.58566,269.885,245.379,9.5118,2019,6,2,2019-06,False
2019-06-04,JSWSTEEL,251.268,253.102,249.8,251.451,4512003,-0.1275,256.995,262.945,289.782,43.6042,-2.97909,-2.33223,-0.64686,269.135,244.854,9.4479,2019,6,2,2019-06,False
2019-06-06,JSWSTEEL,252.093,252.093,243.29,244.573,5090763,-2.7352,255.961,262.545,289.46,39.1072,-3.66844,-2.59947,-1.06897,268.65,243.272,9.9148,2019,6,2,2019-06,False
2019-06-07,JSWSTEEL,244.848,247.6,239.897,240.63,5599533,-1.6123,254.904,262.18,289.101,36.7659,-4.48129,-2.97584,-1.50545,268.999,240.808,11.0595,2019,6,2,2019-06,False
2019-06-10,JSWSTEEL,242.464,245.674,240.584,244.711,3704937,1.6959,253.964,261.834,288.753,40.7211,-4.74153,-3.32898,-1.41256,268.15,239.778,11.1717,2019,6,2,2019-06,False
2019-06-11,JSWSTEEL,245.766,251.726,243.29,250.672,4208927,2.4358,253.801,261.734,288.434,46.031,-4.41589,-3.54636,-0.869533,268.063,239.539,11.239,2019,6,2,2019-06,False
2019-06-12,JSWSTEEL,251.68,254.294,247.829,248.746,7380929,-0.7682,253.354,261.549,288.12,44.6398,-4.26406,-3.6899,-0.574161,267.664,239.044,11.2964,2019,6,2,2019-06,False
2019-06-13,JSWSTEEL,249.434,252.185,243.61,251.589,5646873,1.1429,253.622,261.307,287.809,47.1778,-3.86973,-3.72587,-0.143867,267.566,239.679,10.9956,2019,6,2,2019-06,False
2019-06-14,JSWSTEEL,249.525,252.552,245.399,248.746,4349503,-1.1299,253.407,260.996,287.489,44.9581,-3.74346,-3.72939,-0.0140789,267.519,239.294,11.1384,2019,6,2,2019-06,False
2019-06-17,JSWSTEEL,248.517,248.517,237.512,238.613,8505525,-4.0737,252.664,260.407,287.177,38.0805,-4.41022,-3.86555,-0.54467,268.25,237.078,12.3373,2019,6,2,2019-06,False
2019-06-18,JSWSTEEL,239.346,243.014,233.752,241.685,6059478,1.2875,251.658,259.975,286.854,41.026,-4.63729,-4.0199,-0.617391,267.355,235.96,12.4752,2019,6,2,2019-06,False
2019-06-19,JSWSTEEL,242.097,245.445,234.761,238.934,7432697,-1.1383,250.793,259.437,286.483,39.2264,-4.98181,-4.21228,-0.769528,267.315,234.272,13.1755,2019,6,2,2019-06,False
2019-06-20,JSWSTEEL,239.346,247.6,236.824,246.912,5160169,3.3391,250.44,259.096,286.15,46.5488,-4.55852,-4.28153,-0.276989,266.977,233.903,13.2066,2019,6,2,2019-06,False
2019-06-21,JSWSTEEL,243.886,246.637,242.327,244.986,6144176,-0.7799,250.037,258.599,285.817,45.1352,-4.32856,-4.29094,-0.0376206,266.699,233.375,13.3276,2019,6,2,2019-06,False
2019-06-24,JSWSTEEL,244.848,246.224,235.77,236.412,5807872,-3.4999,248.652,258.002,285.373,39.3982,-4.78305,-4.38936,-0.393689,264.991,232.313,13.1418,2019,6,2,2019-06,False
2019-06-25,JSWSTEEL,233.294,246.041,231.689,244.894,9616552,3.5881,247.703,257.552,284.967,46.6261,-4.40794,-4.39307,-0.0148683,262.445,232.961,11.9031,2019,6,2,2019-06,False
2019-06-26,JSWSTEEL,241.731,254.752,241.501,254.156,6924967,3.782,246.978,257.343,284.558,53.1909,-3.32498,-4.17945,0.854479,258.448,235.509,9.288,2019,6,2,2019-06,False
2019-06-27,JSWSTEEL,253.973,257.504,252.689,254.34,7806500,0.0722,246.832,257.166,284.0,53.3133,-2.42398,-3.82836,1.40438,257.811,235.852,8.8965,2019,6,2,2019-06,False
2019-06-28,JSWSTEEL,254.019,255.624,250.442,253.652,4088477,-0.2704,246.832,256.978,283.444,52.756,-1.74531,-3.41175,1.66644,257.811,235.852,8.8965,2019,6,2,2019-06,False
2019-07-01,JSWSTEEL,255.44,258.421,251.13,252.873,3935030,-0.3073,247.017,256.677,282.891,52.0914,-1.25587,-2.98057,1.7247,258.285,235.75,9.1226,2019,7,3,2019-07,False
2019-07-02,JSWSTEEL,252.827,254.202,249.525,253.239,3233802,0.145,247.091,256.401,282.337,52.3953,-0.82884,-2.55023,1.72139,258.506,235.675,9.2401,2019,7,3,2019-07,False
2019-07-03,JSWSTEEL,253.102,256.587,251.039,254.386,3416371,0.4527,247.237,256.002,281.817,53.3905,-0.393382,-2.11886,1.72548,258.96,235.514,9.4832,2019,7,3,2019-07,False
2019-07-04,JSWSTEEL,254.019,254.936,251.084,252.231,3266606,-0.8472,247.62,255.705,281.252,51.2225,-0.219641,-1.73901,1.51937,259.476,235.764,9.576,2019,7,3,2019-07,False
2019-07-05,JSWSTEEL,252.873,255.578,243.06,244.528,4112441,-3.054,247.815,255.308,280.646,44.2981,-0.695506,-1.53031,0.834806,259.31,236.32,9.277,2019,7,3,2019-07,False
2019-07-08,JSWSTEEL,244.108,248.858,240.197,244.248,3816891,-0.1143,247.792,254.831,280.003,44.0655,-1.0827,-1.44079,0.358092,259.315,236.269,9.3006,2019,7,3,2019-07,False
2019-07-09,JSWSTEEL,244.015,247.275,242.618,244.341,3210950,0.0381,247.475,254.462,279.385,44.1707,-1.36629,-1.42589,0.0596038,259.013,235.938,9.3244,2019,7,3,2019-07,False
2019-07-10,JSWSTEEL,245.412,246.204,234.702,237.403,6051189,-2.8397,246.908,253.818,278.76,38.376,-2.12641,-1.56599,-0.560416,259.269,234.548,10.0124,2019,7,3,2019-07,False
2019-07-11,JSWSTEEL,241.501,249.697,240.15,248.951,11021639,4.8647,246.776,253.141,278.172,50.1081,-1.77644,-1.60808,-0.168358,258.982,234.571,9.8921,2019,7,3,2019-07,False
2019-07-12,JSWSTEEL,248.952,252.258,243.736,249.51,7690461,0.2245,246.815,252.507,277.548,50.5983,-1.43742,-1.57395,0.136526,259.051,234.578,9.9155,2019,7,3,2019-07,False
2019-07-15,JSWSTEEL,249.045,254.027,245.599,252.351,4909761,1.1385,247.502,251.89,276.921,53.1193,-0.928832,-1.44493,0.516095,259.335,235.668,9.5625,2019,7,3,2019-07,False
2019-07-16,JSWSTEEL,251.42,256.123,250.535,255.098,3794706,1.0888,248.172,251.55,276.33,55.4855,-0.300602,-1.21606,0.91546,260.137,236.207,9.6427,2019,7,3,2019-07,False
2019-07-17,JSWSTEEL,253.329,256.123,250.349,253.236,3290727,-0.7302,248.887,251.331,275.684,53.5135,0.0464346,-0.963563,1.01,260.221,237.554,9.1071,2019,7,3,2019-07,False
2019-07-18,JSWSTEEL,251.466,252.165,246.716,247.834,3627824,-2.1332,248.933,250.982,275.052,48.167,-0.11312,-0.793474,0.680354,260.24,237.627,9.0843,2019,7,3,2019-07,False
2019-07-19,JSWSTEEL,248.951,250.721,240.476,241.268,3828583,-2.6494,248.748,250.572,274.422,42.5962,-0.760628,-0.786905,0.0262771,260.443,237.052,9.4037,2019,7,3,2019-07,False
2019-07-22,JSWSTEEL,242.059,247.275,238.707,246.251,3426665,2.0653,249.239,250.227,273.803,47.5534,-0.861779,-0.80188,-0.0598991,259.489,238.99,8.2245,2019,7,3,2019-07,False
2019-07-23,JSWSTEEL,247.741,247.741,241.966,245.226,3534413,-0.416,249.256,250.053,273.158,46.6612,-1.01293,-0.84409,-0.168843,259.477,239.035,8.201,2019,7,3,2019-07,False
2019-07-24,JSWSTEEL,244.947,245.738,229.812,237.729,10491930,-3.0573,248.435,249.654,272.511,40.6503,-1.7179,-1.01885,-0.699047,259.595,237.275,8.9841,2019,7,3,2019-07,False
2019-07-25,JSWSTEEL,237.31,240.197,230.79,231.582,6895024,-2.5857,247.297,249.361,271.919,36.4988,-2.741,-1.36328,-1.37772,260.394,234.199,10.5925,2019,7,3,2019-07,False
2019-07-26,JSWSTEEL,231.861,235.959,230.138,232.56,5386836,0.4223,246.242,248.951,271.335,37.5908,-3.43333,-1.77729,-1.65604,260.528,231.956,11.603,2019,7,3,2019-07,False
2019-07-29,JSWSTEEL,228.974,229.346,220.592,224.829,7935024,-3.324,244.84,248.378,270.702,32.7907,-4.55329,-2.33249,-2.2208,261.665,228.015,13.7435,2019,7,3,2019-07,False
2019-07-30,JSWSTEEL,226.366,230.976,204.898,214.445,8938349,-4.6189,242.9,247.431,270.043,27.6776,-6.20726,-3.10744,-3.09981,264.04,221.761,17.4059,2019,7,3,2019-07,False
2019-07-31,JSWSTEEL,212.675,221.942,210.58,221.151,5983362,3.127,241.239,246.73,269.467,34.7528,-6.89743,-3.86544,-3.03199,263.757,218.72,18.6689,2019,7,3,2019-07,False
2019-08-01,JSWSTEEL,218.962,219.614,207.413,209.788,7768510,-5.1379,239.116,245.846,268.791,29.4886,-8.26598,-4.74555,-3.52043,265.018,213.214,21.6647,2019,8,3,2019-08,False
2019-08-02,JSWSTEEL,207.692,214.631,202.849,209.695,11444553,-0.0444,237.375,244.979,268.137,29.4492,-9.25143,-5.64673,-3.60471,266.257,208.492,24.3351,2019,8,3,2019-08,False
2019-08-05,JSWSTEEL,205.643,206.063,197.68,202.756,7681043,-3.3089,235.3,243.752,267.423,26.5995,-10.4716,-6.6117,-3.85989,267.834,202.766,27.653,2019,8,3,2019-08,False
2019-08-06,JSWSTEEL,199.869,206.249,199.45,202.617,6703116,-0.0689,233.214,242.527,266.777,26.5438,-11.3194,-7.55323,-3.76613,268.538,197.89,30.2934,2019,8,3,2019-08,False
2019-08-07,JSWSTEEL,202.756,202.849,196.144,197.68,7073513,-2.4362,231.228,241.107,266.025,24.5851,-12.2483,-8.49225,-3.75609,269.871,192.584,33.4246,2019,8,3,2019-08,False
2019-08-08,JSWSTEEL,198.658,207.553,194.421,206.482,8752577,4.4523,229.104,240.091,265.329,33.9448,-12.1345,-9.2207,-2.9138,268.31,189.898,34.2255,2019,8,3,2019-08,False
2019-08-09,JSWSTEEL,206.482,212.768,204.246,205.457,9077239,-0.4962,226.902,239.127,264.644,33.4247,-11.9887,-9.77431,-2.21444,266.23,187.573,34.6659,2019,8,3,2019-08,False
2019-08-13,JSWSTEEL,202.663,209.043,201.592,205.038,6628569,-0.204,224.536,238.245,264.011,33.2007,-11.7714,-10.1737,-1.59764,263.104,185.968,34.3533,2019,8,3,2019-08,False
2019-08-14,JSWSTEEL,207.32,214.119,205.597,212.116,6940915,3.4522,222.387,237.452,263.405,40.4604,-10.9022,-10.3194,-0.58282,258.496,186.278,32.4739,2019,8,3,2019-08,False
2019-08-16,JSWSTEEL,210.812,213.234,206.389,211.558,6083438,-0.2634,220.303,236.654,262.834,40.0899,-10.1417,-10.2839,0.142219,253.618,186.988,30.2449,2019,8,3,2019-08,False
2019-08-19,JSWSTEEL,212.629,215.004,209.322,210.673,4394801,-0.4182,218.445,235.976,262.294,39.4737,-9.50075,-10.1272,0.626494,249.353,187.537,28.2985,2019,8,3,2019-08,False
2019-08-20,JSWSTEEL,209.602,210.58,206.435,209.415,5107078,-0.5968,216.852,235.352,261.727,38.5665,-8.99065,-9.89993,0.909277,246.044,187.661,26.9231,2019,8,3,2019-08,False
2019-08-21,JSWSTEEL,208.158,210.487,202.756,203.967,5016435,-2.6017,214.738,234.537,261.127,34.8308,-8.92318,-9.70458,0.781404,240.936,188.54,24.4,2019,8,3,2019-08,False
2019-08-22,JSWSTEEL,200.242,205.271,198.193,202.104,6938275,-0.9133,212.582,233.566,260.59,33.6314,-8.91722,-9.54711,0.629891,235.047,190.117,21.1354,2019,8,3,2019-08,False
2019-08-23,JSWSTEEL,199.776,208.251,199.077,205.504,4978377,1.682,210.971,232.701,260.059,37.8384,-8.53974,-9.34563,0.805891,230.237,191.705,18.2639,2019,8,3,2019-08,False
2019-08-26,JSWSTEEL,206.901,209.555,192.139,199.403,13555325,-2.9685,209.362,231.657,259.516,33.709,-8.63332,-9.20317,0.569848,226.654,192.07,16.5185,2019,8,3,2019-08,False
2019-08-27,JSWSTEEL,202.477,202.57,198.193,198.751,12287346,-0.3269,207.671,230.657,258.954,33.2908,-8.66026,-9.09459,0.434326,221.721,193.622,13.5303,2019,8,3,2019-08,False
2019-08-28,JSWSTEEL,199.31,199.543,188.879,191.627,9056214,-3.5848,206.011,229.717,258.34,29.0499,-9.15104,-9.10588,-0.0451617,219.353,192.67,12.9523,2019,8,3,2019-08,False
2019-08-29,JSWSTEEL,189.81,199.822,187.901,197.401,18785875,3.0134,205.159,228.832,257.71,36.1493,-8.97063,-9.07883,0.108197,218.41,191.909,12.9173,2019,8,3,2019-08,False
2019-08-30,JSWSTEEL,200.242,203.92,196.749,202.523,10442126,2.5949,204.228,228.104,257.101,41.7204,-8.31843,-8.92675,0.608321,215.162,193.294,10.7075,2019,8,3,2019-08,False
2019-09-03,JSWSTEEL,199.31,200.707,194.933,195.724,5563093,-3.3571,203.525,227.08,256.471,37.0942,-8.25501,-8.7924,0.537391,214.758,192.292,11.0385,2019,9,3,2019-09,False
2019-09-04,JSWSTEEL,194.514,201.22,193.256,200.055,8097106,2.2127,203.043,226.181,255.863,41.541,-7.76577,-8.58708,0.821306,213.984,192.101,10.7778,2019,9,3,2019-09,False
2019-09-05,JSWSTEEL,202.197,207.04,198.845,201.406,10360712,0.675,202.975,225.481,255.277,42.8965,-7.18623,-8.30691,1.12067,213.941,192.009,10.8051,2019,9,3,2019-09,False
2019-09-06,JSWSTEEL,202.477,204.293,197.68,202.989,8494436,0.7861,202.994,224.643,254.712,44.5208,-6.52398,-7.95032,1.42634,213.958,192.029,10.8028,2019,9,3,2019-09,False
2019-09-09,JSWSTEEL,203.036,209.089,199.171,204.433,9829589,0.7112,203.331,223.648,254.138,46.0282,-5.81562,-7.52338,1.70776,214.019,192.643,10.5129,2019,9,3,2019-09,False
2019-09-11,JSWSTEEL,205.271,213.234,205.038,212.07,11404495,3.7358,203.611,222.803,253.641,53.2631,-4.58513,-6.93573,2.3506,214.92,192.302,11.1084,2019,9,3,2019-09,False
2019-09-12,JSWSTEEL,212.349,216.307,206.016,206.808,9281462,-2.4813,203.678,221.866,253.095,48.4444,-3.98859,-6.3463,2.35771,215.05,192.307,11.1659,2019,9,3,2019-09,False
2019-09-13,JSWSTEEL,206.808,211.977,204.06,210.673,8639132,1.8689,203.96,221.022,252.612,51.8874,-3.16744,-5.71053,2.54309,215.745,192.175,11.556,2019,9,3,2019-09,False
2019-09-16,JSWSTEEL,207.227,211.884,207.227,210.161,5494139,-0.2431,203.862,220.161,252.119,51.3975,-2.52885,-5.07419,2.54535,215.392,192.333,11.3111,2019,9,3,2019-09,False
2019-09-17,JSWSTEEL,208.996,213.281,200.055,201.359,9403320,-4.1879,203.352,219.1,251.621,43.7537,-2.70181,-4.59972,1.89791,214.338,192.367,10.8047,2019,9,3,2019-09,False
2019-09-18,JSWSTEEL,202.617,208.205,202.337,206.202,9790812,2.4052,203.129,218.179,251.157,48.3092,-2.42019,-4.16381,1.74362,213.66,192.598,10.3689,2019,9,3,2019-09,False
2019-09-19,JSWSTEEL,205.038,206.389,200.474,204.479,9020768,-0.8356,202.882,217.379,250.712,46.8552,-2.30942,-3.79293,1.48352,213.017,192.747,9.9907,2019,9,3,2019-09,False
2019-09-20,JSWSTEEL,205.504,223.712,203.268,221.756,23899821,8.4491,203.771,216.929,250.365,59.8908,-0.818114,-3.19797,2.37986,216.967,190.576,12.9515,2019,9,3,2019-09,False
2019-09-23,JSWSTEEL,235.587,235.587,221.104,226.971,13040988,2.352,205.015,216.581,250.073,62.853,0.775667,-2.40324,3.17891,221.758,188.271,16.334,2019,9,3,2019-09,False
2019-09-24,JSWSTEEL,225.342,225.388,216.54,217.332,9073501,-4.247,205.606,216.18,249.743,54.7978,1.24655,-1.67328,2.91984,223.235,187.978,17.1479,2019,9,3,2019-09,False
2019-09-25,JSWSTEEL,217.472,219.567,212.629,218.31,7594921,0.45,206.552,215.567,249.379,55.422,1.67928,-1.00277,2.68205,224.796,188.307,17.6662,2019,9,3,2019-09,False
2019-09-26,JSWSTEEL,219.8,221.476,215.376,219.288,8069927,0.448,207.578,214.963,249.035,56.0752,2.07719,-0.386778,2.46397,226.281,188.876,18.0196,2019,9,3,2019-09,False
2019-09-27,JSWSTEEL,217.565,220.266,214.771,216.261,7000789,-1.3803,208.81,214.241,248.672,53.4639,2.12381,0.115339,2.00847,226.294,191.326,16.7464,2019,9,3,2019-09,False
2019-09-30,JSWSTEEL,212.349,215.143,207.227,214.165,6783701,-0.969,209.648,213.422,248.307,51.6699,1.96896,0.486063,1.4829,226.422,192.874,16.0021,2019,9,3,2019-09,False
2019-10-01,JSWSTEEL,213.374,215.842,205.271,207.366,6026952,-3.1746,209.89,212.505,247.948,46.2478,1.28284,0.645418,0.637422,226.369,193.412,15.7017,2019,10,4,2019-10,False
2019-10-03,JSWSTEEL,205.783,210.207,203.315,206.342,5324110,-0.4941,210.421,211.675,247.579,45.4735,0.648938,0.646122,0.00281574,225.612,195.231,14.438,2019,10,4,2019-10,False
2019-10-04,JSWSTEEL,207.04,208.531,197.867,199.916,6600815,-3.1144,210.414,210.848,247.192,40.8527,-0.367748,0.443348,-0.811096,225.625,195.204,14.4577,2019,10,4,2019-10,False
2019-10-07,JSWSTEEL,200.148,200.987,192.791,193.722,7420654,-3.0981,210.03,209.797,246.813,36.9552,-1.65418,0.0238435,-1.67802,226.532,193.528,15.7139,2019,10,4,2019-10,False
2019-10-09,JSWSTEEL,193.07,199.077,191.813,198.193,5958422,2.3077,209.79,208.857,246.424,41.3079,-2.28659,-0.438243,-1.84834,226.853,192.728,16.2664,2019,10,4,2019-10,False
2019-10-10,JSWSTEEL,196.796,200.148,194.747,199.077,6693227,0.4464,209.523,208.084,246.032,42.159,-2.68543,-0.88768,-1.79775,227.1,191.946,16.7782,2019,10,4,2019-10,False
2019-10-11,JSWSTEEL,200.242,205.737,198.193,202.337,8965423,1.6374,209.036,207.499,245.677,45.306,-2.70727,-1.2516,-1.45567,226.853,191.219,17.0472,2019,10,4,2019-10,False
2019-10-14,JSWSTEEL,203.781,209.555,203.362,206.249,7515730,1.9333,209.008,206.972,245.365,48.8989,-2.38149,-1.47758,-0.903911,226.842,191.174,17.0652,2019,10,4,2019-10,False
2019-10-15,JSWSTEEL,205.83,211.325,199.543,204.572,14900735,-0.8128,208.703,206.567,245.013,47.46,-2.23284,-1.62863,-0.604209,226.625,190.781,17.175,2019,10,4,2019-10,False
2019-10-16,JSWSTEEL,206.994,208.298,203.455,205.178,7753169,0.2959,208.454,206.382,244.638,48.0544,-2.04264,-1.71143,-0.331206,226.429,190.478,17.2465,2019,10,4,2019-10,False
2019-10-17,JSWSTEEL,203.315,209.276,199.636,207.646,10798747,1.2029,208.768,206.112,244.25,50.5128,-1.67345,-1.70383,0.0303807,226.439,191.098,16.9283,2019,10,4,2019-10,False
2019-10-18,JSWSTEEL,206.854,209.741,205.178,208.018,9026105,0.1794,208.859,206.077,243.875,50.8906,-1.33542,-1.63015,0.294733,226.492,191.225,16.8856,2019,10,4,2019-10,False
2019-10-22,JSWSTEEL,207.692,210.393,204.153,204.619,8305579,-1.6342,208.866,205.975,243.486,47.3391,-1.32654,-1.56943,0.242888,226.492,191.24,16.8781,2019,10,4,2019-10,False
2019-10-23,JSWSTEEL,203.594,209.369,200.94,207.413,8030559,1.3655,208.149,206.068,243.183,50.4028,-1.08158,-1.47186,0.390281,224.701,191.596,15.9045,2019,10,4,2019-10,False
2019-10-24,JSWSTEEL,200.428,209.648,200.428,207.553,15890442,0.0674,207.178,206.167,242.862,50.5577,-0.866187,-1.35072,0.484538,221.16,193.196,13.4979,2019,10,4,2019-10,False
2019-10-25,JSWSTEEL,207.227,208.763,201.266,202.43,8612440,-2.468,206.433,206.262,242.531,45.0077,-1.09619,-1.29982,0.203626,219.707,193.159,12.8606,2019,10,4,2019-10,False
2019-10-27,JSWSTEEL,203.036,206.202,203.036,204.293,756932,0.9202,205.732,206.218,242.186,47.2743,-1.11531,-1.26292,0.147607,217.79,193.674,11.7224,2019,10,4,2019-10,False
2019-10-29,JSWSTEEL,204.526,220.173,204.526,218.17,13887709,6.7928,205.676,206.472,241.87,60.377,-0.010564,-1.01245,1.00188,217.477,193.875,11.4757,2019,10,4,2019-10,False
2019-10-30,JSWSTEEL,220.685,220.685,215.376,218.31,5246865,0.064,205.778,206.738,241.568,60.4835,0.866242,-0.636708,1.50295,217.995,193.562,11.8735,2019,10,4,2019-10,False
2019-10-31,JSWSTEEL,219.521,220.266,211.464,212.349,6994856,-2.7304,205.688,206.742,241.306,53.8367,1.06783,-0.2958,1.36363,217.666,193.709,11.6476,2019,10,4,2019-10,False
2019-11-01,JSWSTEEL,212.07,223.06,211.884,221.29,9208037,4.2105,206.384,206.937,241.116,60.7962,1.92685,0.148729,1.77812,220.244,192.524,13.4316,2019,11,4,2019-11,False
2019-11-04,JSWSTEEL,222.315,237.356,222.315,233.025,17613567,5.303,207.718,207.384,240.961,67.6827,3.51403,0.82179,2.69224,225.995,189.441,17.5976,2019,11,4,2019-11,False
2019-11-05,JSWSTEEL,235.959,236.704,227.484,229.16,10394354,-1.6587,209.18,207.779,240.778,63.713,4.40919,1.53927,2.86992,229.404,188.956,19.3364,2019,11,4,2019-11,False
2019-11-06,JSWSTEEL,229.067,234.05,227.53,231.209,7121343,0.8941,211.055,208.324,240.586,64.8887,5.22372,2.27616,2.94756,232.175,189.934,20.0142,2019,11,4,2019-11,False
2019-11-07,JSWSTEEL,233.025,237.31,226.413,235.307,12103874,1.7724,212.91,208.988,240.43,67.1791,6.12926,3.04678,3.08248,235.726,190.094,21.4326,2019,11,4,2019-11,False
2019-11-08,JSWSTEEL,235.4,238.893,231.442,232.839,7150985,-1.0489,214.598,209.535,240.268,64.4521,6.572,3.75182,2.82017,238.091,191.106,21.8945,2019,11,4,2019-11,False
2019-11-11,JSWSTEEL,232.001,235.866,231.023,234.609,5599046,0.76,216.212,210.239,240.116,65.5324,6.98514,4.39849,2.58665,240.576,191.848,22.5368,2019,11,4,2019-11,False
2019-11-13,JSWSTEEL,234.236,237.216,230.371,231.675,6493201,-1.2505,217.483,210.897,239.973,62.1597,6.99519,4.91783,2.07736,242.307,192.66,22.8282,2019,11,4,2019-11,False
2019-11-14,JSWSTEEL,230.976,232.56,227.484,228.881,4522524,-1.206,218.699,211.642,239.778,59.0431,6.70046,5.27435,1.4261,243.24,194.158,22.4426,2019,11,4,2019-11,False
2019-11-15,JSWSTEEL,229.114,232.839,225.574,227.949,5246862,-0.4069,219.837,212.253,239.604,57.9992,6.31888,5.48326,0.835627,243.844,195.831,21.8405,2019,11,4,2019-11,False
2019-11-18,JSWSTEEL,229.02,233.91,227.996,232.466,4846338,1.9816,221.078,212.852,239.442,61.5499,6.30826,5.64826,0.660002,244.998,197.159,21.6387,2019,11,4,2019-11,False
2019-11-19,JSWSTEEL,232.28,233.631,229.672,230.883,4461546,-0.6811,222.222,213.555,239.287,59.6465,6.10174,5.73896,0.362789,245.694,198.749,21.1253,2019,11,4,2019-11,False
2019-11-20,JSWSTEEL,230.697,234.981,229.067,231.628,4799567,0.3227,223.572,214.187,239.14,60.2691,5.92984,5.77713,0.15271,245.858,201.286,19.9365,2019,11,4,2019-11,False
2019-11-21,JSWSTEEL,230.976,231.861,227.391,228.415,3840421,-1.3872,224.622,214.727,239.007,56.2389,5.47126,5.71596,-0.244695,245.646,203.598,18.7192,2019,11,4,2019-11,False
2019-11-22,JSWSTEEL,228.182,235.633,227.53,234.003,4927891,2.4465,225.945,215.347,238.889,61.1097,5.49541,5.67185,-0.176442,245.739,206.15,17.5215,2019,11,4,2019-11,False
2019-11-25,JSWSTEEL,235.54,243.084,234.981,242.292,11369913,3.5423,227.938,216.104,238.8,66.9805,6.11293,5.76007,0.352867,245.685,210.191,15.5716,2019,11,4,2019-11,False
2019-11-26,JSWSTEEL,243.317,244.76,233.864,235.866,12880492,-2.6523,229.516,216.58,238.72,59.4833,6.01444,5.81094,0.203502,243.658,215.375,12.3231,2019,11,4,2019-11,False
2019-11-27,JSWSTEEL,236.658,240.197,234.609,235.587,4739906,-0.1185,230.387,217.156,238.67,59.1732,5.84645,5.81804,0.028407,243.708,217.066,11.5641,2019,11,4,2019-11,False
2019-11-28,JSWSTEEL,236.192,246.716,234.935,245.831,9945852,4.3487,231.763,217.859,238.657,66.1433,6.46546,5.94753,0.517934,245.51,218.016,11.8631,2019,11,4,2019-11,False
2019-11-29,JSWSTEEL,244.574,251.0,242.199,243.596,12038238,-0.9093,233.326,218.528,238.642,63.5923,6.69845,6.09771,0.600738,244.676,221.975,9.7294,2019,11,4,2019-11,False
2019-12-02,JSWSTEEL,249.138,250.954,245.179,249.697,10547869,2.5043,234.746,219.495,238.632,67.2991,7.2913,6.33643,0.954867,246.84,222.652,10.304,2019,12,4,2019-12,False
2019-12-03,JSWSTEEL,248.905,249.138,237.03,239.591,9848751,-4.047,235.074,220.162,238.569,56.9548,6.86657,6.44246,0.424115,247.327,222.821,10.4247,2019,12,4,2019-12,False
2019-12-04,JSWSTEEL,236.564,245.878,230.743,241.966,15220113,0.9912,235.715,220.912,238.525,58.5667,6.64501,6.48297,0.162045,248.005,223.425,10.4279,2019,12,4,2019-12,False
2019-12-05,JSWSTEEL,242.851,243.829,232.932,234.189,6962695,-3.214,235.864,221.161,238.441,51.735,5.77533,6.34144,-0.566112,247.995,223.732,10.2867,2019,12,4,2019-12,False
2019-12-06,JSWSTEEL,235.54,239.079,232.932,236.658,7854850,1.0539,235.931,221.354,238.344,53.5854,5.22502,6.11816,-0.893134,248.064,223.798,10.2854,2019,12,4,2019-12,False
2019-12-09,JSWSTEEL,235.633,241.687,234.562,241.082,6291970,1.8693,236.343,221.829,238.297,56.7838,5.08723,5.91197,-0.824739,248.594,224.093,10.3666,2019,12,4,2019-12,False
2019-12-10,JSWSTEEL,238.707,241.361,233.118,233.77,5357914,-3.0326,236.301,222.139,238.261,50.5806,4.33808,5.59719,-1.25911,248.582,224.02,10.3944,2019,12,4,2019-12,False
2019-12-11,JSWSTEEL,233.957,237.31,229.626,232.792,6247501,-0.4183,236.357,222.409,238.225,49.797,3.62368,5.20249,-1.57881,248.56,224.155,10.3254,2019,12,4,2019-12,False
2019-12-12,JSWSTEEL,234.702,239.964,233.025,238.055,6112551,2.2605,236.816,222.845,238.169,53.9327,3.44246,4.85048,-1.40803,248.514,225.118,9.8797,2019,12,4,2019-12,False
2019-12-13,JSWSTEEL,244.947,246.251,238.008,239.917,12372614,0.7825,237.414,223.36,238.082,55.3353,3.40983,4.56235,-1.15253,248.406,226.423,9.2595,2019,12,4,2019-12,False
2019-12-16,JSWSTEEL,241.408,242.339,234.841,235.726,5733217,-1.7469,237.577,223.927,238.037,51.5334,3.01107,4.2521,-1.24102,248.355,226.8,9.0727,2019,12,4,2019-12,False
2019-12-17,JSWSTEEL,236.89,243.643,236.145,241.175,11197549,2.3113,238.092,224.624,238.042,55.7863,3.09898,4.02147,-0.922494,248.5,227.684,8.7429,2019,12,4,2019-12,False
2019-12-18,JSWSTEEL,240.197,248.067,238.707,246.251,13485427,2.1046,238.823,225.55,238.05,59.3639,3.53745,3.92467,-0.387221,249.373,228.273,8.8347,2019,12,4,2019-12,False
2019-12-19,JSWSTEEL,245.226,248.858,244.295,246.67,7841049,0.1702,239.736,226.609,238.027,59.6542,3.8741,3.91455,-0.0404575,249.632,229.839,8.2563,2019,12,4,2019-12,False
2019-12-20,JSWSTEEL,246.344,248.439,244.714,246.53,7162934,-0.0566,240.362,227.576,237.989,59.5016,4.08256,3.94816,0.134406,250.317,230.408,8.2829,2019,12,4,2019-12,False
2019-12-23,JSWSTEEL,246.251,252.025,244.388,245.599,8467465,-0.3778,240.527,228.506,237.906,58.4286,4.12506,3.98354,0.141526,250.724,230.331,8.4783,2019,12,4,2019-12,False
2019-12-24,JSWSTEEL,245.599,249.417,244.9,248.439,5683009,1.1566,241.156,229.428,237.829,60.7532,4.33796,4.05442,0.283537,251.687,230.625,8.7339,2019,12,4,2019-12,False
2019-12-26,JSWSTEEL,248.672,253.329,248.393,250.675,11054938,0.8997,241.91,230.317,237.778,62.5289,4.63364,4.17026,0.463371,252.913,230.908,9.0963,2019,12,4,2019-12,False
2019-12-27,JSWSTEEL,251.559,252.677,246.903,250.442,7560504,-0.0929,242.141,231.234,237.728,62.2131,4.79391,4.29499,0.498915,253.67,230.612,9.5224,2019,12,4,2019-12,False
2019-12-30,JSWSTEEL,251.0,254.726,248.3,252.491,6645670,0.8181,242.586,232.181,237.701,63.9388,5.0283,4.44165,0.586644,255.003,230.168,10.2374,2019,12,4,2019-12,False
2019-12-31,JSWSTEEL,251.466,254.26,249.743,251.513,5377354,-0.3873,242.676,233.058,237.665,62.4724,5.07663,4.56865,0.507978,255.337,230.016,10.4339,2019,12,4,2019-12,False
2020-01-01,JSWSTEEL,252.118,254.726,247.601,249.697,6952048,-0.7221,243.182,233.891,237.579,59.7324,4.91176,4.63727,0.274487,256.127,230.236,10.6466,2020,1,1,2020-01,False
2020-01-02,JSWSTEEL,253.329,257.986,252.91,257.473,10780926,3.1145,243.957,234.949,237.537,66.5065,5.34699,4.77921,0.567774,258.37,229.544,11.8161,2020,1,1,2020-01,False
2020-01-03,JSWSTEEL,257.473,257.473,252.165,253.748,5943349,-1.4469,244.935,235.875,237.477,61.1955,5.32986,4.88934,0.440517,259.211,230.659,11.6571,2020,1,1,2020-01,False
2020-01-06,JSWSTEEL,251.932,252.165,244.295,246.111,4529599,-3.0097,245.408,236.646,237.394,52.0239,4.64647,4.84077,-0.194296,259.146,231.67,11.1961,2020,1,1,2020-01,False
2020-01-07,JSWSTEEL,247.88,251.606,245.04,247.042,4465297,0.3784,245.706,237.539,237.288,52.95,4.1324,4.6991,-0.566693,259.307,232.105,11.0708,2020,1,1,2020-01,False
2020-01-08,JSWSTEEL,243.456,246.344,239.359,244.481,8088132,-1.0368,246.241,238.342,237.172,50.0866,3.47823,4.45492,-0.976692,258.655,233.828,10.0826,2020,1,1,2020-01,False
2020-01-09,JSWSTEEL,249.324,260.035,249.324,259.01,13317832,5.9429,247.552,239.159,237.155,62.4812,4.08509,4.38096,-0.29587,259.515,235.589,9.665,2020,1,1,2020-01,False
2020-01-10,JSWSTEEL,258.917,260.78,256.123,258.824,7625227,-0.0719,248.591,239.969,237.133,62.2677,4.49913,4.40459,0.0945399,260.687,236.494,9.7322,2020,1,1,2020-01,False
2020-01-13,JSWSTEEL,258.964,260.687,256.495,259.476,4540953,0.2519,249.569,240.912,237.108,62.7475,4.82426,4.48852,0.335735,261.873,237.264,9.861,2020,1,1,2020-01,False
2020-01-14,JSWSTEEL,258.917,264.505,258.917,261.618,7428691,0.8255,250.863,241.719,237.064,64.3514,5.19489,4.6298,0.565094,262.464,239.262,9.2488,2020,1,1,2020-01,False
2020-01-15,JSWSTEEL,260.64,263.946,257.287,263.108,5538475,0.5696,251.96,242.32,237.056,65.4653,5.54495,4.81283,0.732121,263.848,240.072,9.4364,2020,1,1,2020-01,False
2020-01-16,JSWSTEEL,263.108,263.434,257.194,258.405,4791447,-1.7876,252.567,242.905,237.054,59.1799,5.38082,4.92643,0.454397,264.469,240.666,9.4246,2020,1,1,2020-01,False
2020-01-17,JSWSTEEL,257.799,260.361,254.12,254.586,4733742,-1.4778,252.963,243.373,237.017,54.5966,4.8863,4.9184,-0.0321033,264.562,241.365,9.1701,2020,1,1,2020-01,False
2020-01-20,JSWSTEEL,254.726,256.123,250.209,252.723,3823115,-0.7316,253.273,243.721,237.002,52.4623,4.29457,4.79364,-0.499061,264.472,242.074,8.8435,2020,1,1,2020-01,False
2020-01-21,JSWSTEEL,251.466,252.304,246.204,248.905,4799667,-1.511,253.438,244.042,236.957,48.2942,3.47742,4.53039,-1.05297,264.251,242.625,8.5331,2020,1,1,2020-01,False
2020-01-22,JSWSTEEL,249.883,250.814,246.577,247.601,3334351,-0.5239,253.396,244.302,236.876,46.9232,2.69355,4.16302,-1.46947,264.297,242.496,8.6038,2020,1,1,2020-01,False
2020-01-23,JSWSTEEL,247.741,250.488,245.971,248.346,3529142,0.3009,253.28,244.636,236.796,47.8345,2.10815,3.75205,-1.6439,264.352,242.208,8.7426,2020,1,1,2020-01,False
2020-01-24,JSWSTEEL,248.393,255.098,247.089,253.236,5991335,1.9689,253.42,245.123,236.722,53.4792,2.01554,3.40475,-1.38921,264.411,242.429,8.6742,2020,1,1,2020-01,False
2020-01-27,JSWSTEEL,247.228,247.648,240.569,244.76,17151836,-3.3468,253.033,245.459,236.63,44.4923,1.24391,2.97258,-1.72867,264.686,241.381,9.2102,2020,1,1,2020-01,False
2020-01-28,JSWSTEEL,242.898,243.782,234.329,237.729,11168567,-2.8729,252.344,245.564,236.489,38.6841,0.0642497,2.39091,-2.32666,265.857,238.831,10.71,2020,1,1,2020-01,False
2020-01-29,JSWSTEEL,241.221,246.437,240.569,243.317,7832991,2.3506,252.025,245.813,236.386,44.8461,-0.414943,1.82974,-2.24469,266.091,237.959,11.1625,2020,1,1,2020-01,False
2020-01-30,JSWSTEEL,243.363,244.108,237.729,239.312,5511254,-1.6459,251.117,245.967,236.233,41.6181,-1.10512,1.24277,-2.34789,266.022,236.212,11.871,2020,1,1,2020-01,False
2020-01-31,JSWSTEEL,240.43,241.221,232.001,233.491,6329214,-2.4324,250.104,246.068,236.069,37.4038,-2.09762,0.574692,-2.67231,266.891,233.318,13.4236,2020,1,1,2020-01,False
2020-02-03,JSWSTEEL,228.648,235.633,227.018,234.236,7021154,0.3191,249.51,246.073,235.904,38.2655,-2.79188,-0.0986221,-2.69326,267.675,231.346,14.5602,2020,2,1,2020-02,False
2020-02-04,JSWSTEEL,235.866,241.873,231.628,240.616,5839343,2.7237,249.189,246.039,235.784,45.2194,-2.79507,-0.637911,-2.15715,267.76,230.618,14.9054,2020,2,1,2020-02,False
2020-02-05,JSWSTEEL,241.687,253.003,238.753,250.768,7218905,4.2191,249.503,246.337,235.722,54.0827,-1.95588,-0.901505,-1.05438,267.951,231.055,14.7879,2020,2,1,2020-02,False
2020-02-06,JSWSTEEL,252.491,258.451,249.371,257.473,8567243,2.6741,249.426,246.775,235.694,58.8222,-0.741178,-0.86944,0.128262,267.72,231.133,14.6685,2020,2,1,2020-02,False
2020-02-07,JSWSTEEL,256.495,260.78,254.027,260.128,5258442,1.0309,249.492,247.061,235.655,60.5576,0.430704,-0.609411,1.04011,267.935,231.048,14.7847,2020,2,1,2020-02,False
2020-02-10,JSWSTEEL,257.054,260.593,254.447,258.824,4972983,-0.5013,249.459,247.365,235.614,59.2369,1.23992,-0.239544,1.47947,267.83,231.088,14.7288,2020,2,1,2020-02,False
2020-02-11,JSWSTEEL,260.826,273.353,259.476,268.929,10958494,3.9043,249.825,247.75,235.587,65.5141,2.66591,0.341546,2.32436,269.462,230.187,15.7208,2020,2,1,2020-02,False
2020-02-12,JSWSTEEL,268.836,275.123,268.696,273.539,9119052,1.7143,250.346,248.429,235.619,67.9397,4.12052,1.09734,3.02318,271.927,228.766,17.2406,2020,2,1,2020-02,False
2020-02-13,JSWSTEEL,272.142,274.378,268.603,273.213,6220243,-0.1192,251.087,249.054,235.663,67.5778,5.18721,1.91531,3.2719,274.747,227.426,18.8466,2020,2,1,2020-02,False
2020-02-14,JSWSTEEL,271.583,276.38,268.51,269.302,6086218,-1.4317,251.822,249.756,235.669,63.225,5.65178,2.66261,2.98917,276.819,226.826,19.8524,2020,2,1,2020-02,False
2020-02-17,JSWSTEEL,269.302,270.932,265.716,268.37,6084235,-0.3458,252.605,250.39,235.697,62.1978,5.87706,3.3055,2.57156,278.676,226.533,20.6421,2020,2,1,2020-02,False
2020-02-18,JSWSTEEL,269.162,269.302,261.804,265.25,5463097,-1.1626,253.422,250.874,235.675,58.7539,5.73769,3.79194,1.94575,280.025,226.82,20.9946,2020,2,1,2020-02,False
2020-02-19,JSWSTEEL,267.485,270.093,260.687,261.571,4952306,-1.3869,254.121,251.43,235.569,54.8943,5.26964,4.08748,1.18216,280.813,227.428,21.0077,2020,2,1,2020-02,False
2020-02-20,JSWSTEEL,261.432,266.228,257.986,262.456,6960354,0.3383,254.826,252.023,235.475,55.6489,4.91346,4.25267,0.660788,281.622,228.031,21.0304,2020,2,1,2020-02,False
2020-02-24,JSWSTEEL,258.87,258.87,238.427,241.175,10565578,-8.1086,254.223,252.086,235.265,38.8245,2.88074,3.97829,-1.09754,281.703,226.743,21.6191,2020,2,1,2020-02,False
2020-02-25,JSWSTEEL,245.878,248.486,240.662,244.574,9928181,1.4095,254.214,252.179,235.128,41.8489,1.52651,3.48793,-1.96142,281.708,226.72,21.6306,2020,2,1,2020-02,False
2020-02-26,JSWSTEEL,238.427,245.599,238.008,242.898,8111249,-0.6855,254.472,252.322,235.021,40.7782,0.314369,2.85322,-2.53885,281.405,227.539,21.1677,2020,2,1,2020-02,False
2020-02-27,JSWSTEEL,241.221,241.221,231.256,234.795,10258174,-3.3359,254.046,252.194,234.869,35.9861,-1.28527,2.02552,-3.31079,281.973,226.119,21.986,2020,2,1,2020-02,False
2020-02-28,JSWSTEEL,228.648,228.648,216.68,219.521,10723581,-6.5054,253.056,251.66,234.658,29.0546,-3.74236,0.871944,-4.61431,284.378,221.735,24.7548,2020,2,1,2020-02,False
2020-03-02,JSWSTEEL,225.574,229.579,215.004,218.869,10865535,-0.297,252.325,251.104,234.434,28.7996,-5.6768,-0.437804,-5.23899,286.153,218.498,26.8124,2020,3,1,2020-03,False
2020-03-03,JSWSTEEL,222.827,232.001,222.268,229.533,11580274,4.8723,252.09,250.764,234.312,38.333,-6.27699,-1.60564,-4.67135,286.507,217.673,27.3053,2020,3,1,2020-03,False
2020-03-04,JSWSTEEL,229.626,231.721,220.592,228.741,10790561,-0.3449,251.496,250.427,234.168,37.927,-6.73885,-2.63228,-4.10657,287.135,215.858,28.3411,2020,3,1,2020-03,False
2020-03-05,JSWSTEEL,231.628,235.4,227.577,230.185,7130730,0.6311,250.467,250.062,234.087,39.1917,-6.90875,-3.48758,-3.42117,287.361,213.574,29.4599,2020,3,1,2020-03,False
2020-03-06,JSWSTEEL,218.869,223.525,212.535,222.408,6850161,-3.3785,248.714,249.496,233.934,35.0488,-7.5835,-4.30676,-3.27674,287.491,209.937,31.1817,2020,3,1,2020-03,False
2020-03-09,JSWSTEEL,213.327,215.749,209.648,213.327,7888019,-4.0829,246.374,248.754,233.734,30.9365,-8.75012,-5.19543,-3.55469,287.808,204.94,33.635,2020,3,1,2020-03,False
2020-03-11,JSWSTEEL,211.418,212.815,204.991,208.158,10073347,-2.4231,243.841,247.867,233.465,28.8606,-9.97676,-6.1517,-3.82507,288.164,199.517,36.3545,2020,3,1,2020-03,False
2020-03-12,JSWSTEEL,195.585,199.59,185.386,189.252,14115039,-9.0828,239.857,246.622,233.13,22.8272,-12.3323,-7.38783,-4.9445,288.771,190.943,40.7862,2020,3,1,2020-03,False
2020-03-13,JSWSTEEL,175.095,202.989,163.174,200.148,12883941,5.7579,236.187,245.631,232.861,31.6908,-13.1681,-8.54387,-4.62418,285.472,186.902,41.7338,2020,3,1,2020-03,False
2020-03-16,JSWSTEEL,188.134,192.93,169.088,173.232,15167108,-13.4481,231.188,243.946,232.462,24.2744,-15.8199,-9.99908,-5.82084,284.756,177.62,46.3417,2020,3,1,2020-03,False
2020-03-17,JSWSTEEL,175.933,180.217,163.127,164.338,14096871,-5.1344,225.94,242.158,231.963,22.4082,-18.4268,-11.6846,-6.7422,284.152,167.728,51.5285,2020,3,1,2020-03,False
2020-03-18,JSWSTEEL,167.691,168.715,145.711,153.068,18951014,-6.8575,220.175,240.297,231.409,20.2808,-21.1583,-13.5794,-7.57892,283.322,157.027,57.3612,2020,3,1,2020-03,False
2020-03-19,JSWSTEEL,146.968,157.12,141.287,152.09,12583063,-0.6389,214.517,238.398,230.827,20.1024,-23.1352,-15.4905,-7.64467,280.857,148.177,61.8503,2020,3,1,2020-03,False
2020-03-20,JSWSTEEL,155.536,166.806,153.348,163.686,7449415,7.624,209.623,236.782,230.359,28.1689,-23.4954,-17.0915,-6.40392,275.789,143.457,63.1286,2020,3,1,2020-03,False
2020-03-23,JSWSTEEL,147.341,152.975,126.758,134.488,7422941,-17.8378,203.224,234.292,229.763,22.1144,-25.8391,-18.841,-6.99806,272.552,133.896,68.228,2020,3,1,2020-03,False
2020-03-24,JSWSTEEL,139.005,144.36,130.716,137.002,6487043,1.8698,198.016,231.856,229.202,23.6367,-27.1802,-20.5089,-6.67136,270.9,125.131,73.6149,2020,3,1,2020-03,False
2020-03-25,JSWSTEEL,135.047,145.292,132.765,141.38,4384700,3.1951,192.856,229.494,228.65,26.3358,-27.572,-21.9215,-5.65054,266.47,119.242,76.3407,2020,3,1,2020-03,False
2020-03-26,JSWSTEEL,140.635,146.642,134.581,139.517,8021131,-1.3175,187.687,227.052,228.09,25.916,-27.7134,-23.0799,-4.63352,261.023,114.35,78.1477,2020,3,1,2020-03,False
2020-03-27,JSWSTEEL,141.659,145.711,136.164,141.054,6108830,1.1015,183.0,224.611,227.573,26.9505,-27.3857,-23.9411,-3.44469,255.638,110.361,79.3865,2020,3,1,2020-03,False
2020-03-30,JSWSTEEL,138.26,138.26,127.13,132.625,11851157,-5.9756,178.655,222.095,227.033,24.897,-27.4893,-24.6507,-2.83861,252.481,104.829,82.6468,2020,3,1,2020-03,False
2020-03-31,JSWSTEEL,135.931,141.939,134.581,136.211,9965197,2.7037,174.522,219.727,226.49,27.4303,-26.9712,-25.1148,-1.85636,248.124,100.92,84.3466,2020,3,1,2020-03,False
2020-04-01,JSWSTEEL,135.931,135.931,129.505,133.184,5967565,-2.2222,169.705,217.337,225.903,26.6142,-26.4993,-25.3917,-1.1076,240.713,98.6964,83.6845,2020,4,2,2020-04,False
2020-04-03,JSWSTEEL,133.417,137.98,123.405,131.042,18559602,-1.6084,164.82,214.979,225.314,26.0241,-25.9985,-25.5131,-0.485438,232.07,97.5691,81.6051,2020,4,2,2020-04,False
2020-04-07,JSWSTEEL,137.887,148.877,135.466,147.247,16440328,12.3668,160.673,212.972,224.793,37.3426,-24.0171,-25.2139,1.19677,220.804,100.542,74.8493,2020,4,2,2020-04,False
2020-04-08,JSWSTEEL,144.36,159.029,141.706,143.988,15245833,-2.2138,156.752,210.885,224.269,36.1446,-22.4511,-24.6613,2.21025,209.736,103.768,67.6022,2020,4,2,2020-04,False
2020-04-09,JSWSTEEL,148.086,158.331,147.154,154.885,15243084,7.5679,153.83,208.918,223.85,42.7558,-20.099,-23.7488,3.64986,199.636,108.023,59.5546,2020,4,2,2020-04,False
2020-04-13,JSWSTEEL,156.002,160.566,150.088,156.142,11554655,0.8118,151.229,207.146,223.422,43.4828,-17.9268,-22.5844,4.65759,189.301,113.157,50.3503,2020,4,2,2020-04,False
2020-04-15,JSWSTEEL,158.331,162.941,154.465,159.634,17616485,2.2368,149.748,205.584,223.026,45.5517,-15.7421,-21.216,5.47385,183.671,115.825,45.3067,2020,4,2,2020-04,False
2020-04-16,JSWSTEEL,157.679,162.615,155.909,158.936,10428942,-0.4376,147.687,203.896,222.586,45.1954,-13.9068,-19.7541,5.84737,172.504,122.871,33.6074,2020,4,2,2020-04,False
2020-04-17,JSWSTEEL,162.987,167.504,158.657,165.129,10104852,3.8969,147.282,202.413,222.187,49.0045,-11.8163,-18.1666,6.3503,170.56,124.004,31.6099,2020,4,2,2020-04,False
2020-04-20,JSWSTEEL,170.438,170.438,154.698,156.002,12629035,-5.5274,146.866,200.863,221.785,44.136,-10.7718,-16.6876,5.91577,169.134,124.597,30.3253,2020,4,2,2020-04,False
2020-04-21,JSWSTEEL,152.742,153.115,146.037,148.644,10887919,-4.7164,146.644,199.151,221.303,40.6317,-10.4178,-15.4336,5.01589,168.741,124.548,30.1362,2020,4,2,2020-04,False
2020-04-22,JSWSTEEL,147.154,151.811,144.826,150.135,7765209,1.0025,146.547,197.341,220.783,41.6423,-9.90273,-14.3275,4.42473,168.559,124.534,30.0412,2020,4,2,2020-04,False
2020-04-23,JSWSTEEL,151.252,154.885,147.806,148.97,7114946,-0.7754,145.811,195.305,220.256,41.0543,-9.47925,-13.3578,3.87857,166.345,125.277,28.1655,2020,4,2,2020-04,False
2020-04-24,JSWSTEEL,146.689,148.551,142.125,142.73,8447036,-4.1888,146.223,193.011,219.702,37.9604,-9.53722,-12.5937,3.05648,166.121,126.325,27.2164,2020,4,2,2020-04,False
2020-04-27,JSWSTEEL,145.292,149.622,144.36,146.502,9745004,2.6427,146.698,190.738,219.17,40.8616,-9.17305,-11.9096,2.73652,166.117,127.279,26.4753,2020,4,2,2020-04,False
2020-04-28,JSWSTEEL,148.458,149.296,146.223,148.458,8025743,1.335,147.052,188.531,218.646,42.3667,-8.62717,-11.2531,2.62591,166.32,127.783,26.2066,2020,4,2,2020-04,False
2020-04-29,JSWSTEEL,149.762,154.978,148.086,152.836,11842945,2.9486,147.718,186.209,218.138,45.6975,-7.75199,-10.5529,2.80088,166.81,128.626,25.8493,2020,4,2,2020-04,False
2020-04-30,JSWSTEEL,157.027,175.747,156.002,168.249,16023589,10.0853,149.078,184.103,217.718,55.4592,-5.74836,-9.59197,3.84361,169.961,128.194,28.0169,2020,4,2,2020-04,False
2020-05-04,JSWSTEEL,159.215,159.215,151.206,152.323,10646028,-9.4658,150.062,181.685,217.257,46.215,-5.38352,-8.75028,3.36676,169.486,130.639,25.887,2020,5,2,2020-05,False
2020-05-05,JSWSTEEL,156.002,159.867,151.625,152.649,12995347,0.214,150.884,179.352,216.799,46.4119,-5.01032,-8.00228,2.99197,169.199,132.569,24.2768,2020,5,2,2020-05,False
2020-05-06,JSWSTEEL,154.139,157.679,151.951,154.419,8720744,1.1593,151.946,177.073,216.35,47.5347,-4.51966,-7.30576,2.7861,168.297,135.595,21.5224,2020,5,2,2020-05,False
2020-05-07,JSWSTEEL,152.929,162.056,151.345,160.38,11944061,3.8601,153.413,174.976,215.965,51.2407,-3.60825,-6.56626,2.95801,166.877,139.949,17.5526,2020,5,2,2020-05,False
2020-05-08,JSWSTEEL,163.5,164.478,156.002,157.073,9045606,-2.0616,153.904,172.886,215.505,49.1661,-3.11681,-5.87637,2.75956,167.136,140.673,17.1948,2020,5,2,2020-05,False
2020-05-11,JSWSTEEL,158.331,164.291,157.166,162.568,9199262,3.4984,154.833,170.888,215.071,52.6008,-2.25791,-5.15268,2.89477,167.739,141.928,16.6698,2020,5,2,2020-05,False
2020-05-12,JSWSTEEL,160.193,167.272,155.583,165.968,11889850,2.0911,155.387,169.384,214.639,54.6426,-1.28807,-4.37975,3.09169,169.22,141.554,17.8045,2020,5,2,2020-05,False
2020-05-13,JSWSTEEL,176.026,176.026,168.203,169.833,10377139,2.3288,156.072,167.889,214.212,56.9152,-0.205215,-3.54485,3.33963,171.343,140.801,19.5686,2020,5,2,2020-05,False
2020-05-14,JSWSTEEL,166.713,168.017,162.242,163.174,5808584,-3.921,156.249,166.295,213.762,52.0743,0.114295,-2.81302,2.92731,171.773,140.725,19.8712,2020,5,2,2020-05,False
2020-05-15,JSWSTEEL,164.757,167.085,161.357,162.335,11548870,-0.5137,156.419,164.845,213.335,51.4807,0.296455,-2.19112,2.48758,172.14,140.698,20.1015,2020,5,2,2020-05,False
2020-05-18,JSWSTEEL,163.732,164.105,150.973,152.044,8130435,-6.3397,155.765,163.496,212.888,44.7382,-0.385181,-1.82994,1.44475,171.043,140.487,19.6166,2020,5,2,2020-05,False
2020-05-19,JSWSTEEL,155.536,161.078,154.512,157.679,11001274,3.706,155.848,162.272,212.446,48.6998,-0.465342,-1.55702,1.09167,171.15,140.547,19.6367,2020,5,2,2020-05,False
2020-05-20,JSWSTEEL,157.679,161.125,156.747,159.308,10091863,1.0337,156.382,160.868,212.016,49.8204,-0.392825,-1.32418,0.931354,171.366,141.397,19.1643,2020,5,2,2020-05,False
2020-05-21,JSWSTEEL,160.193,162.848,157.353,158.237,11065823,-0.6723,156.787,159.457,211.619,49.0619,-0.416977,-1.14274,0.725761,171.496,142.078,18.7632,2020,5,2,2020-05,False
2020-05-22,JSWSTEEL,156.84,157.865,152.277,154.745,10228048,-2.2072,157.076,157.949,211.234,46.5722,-0.709756,-1.05614,0.346385,171.359,142.792,18.187,2020,5,2,2020-05,False
2020-05-26,JSWSTEEL,156.468,166.014,156.468,164.152,30383793,6.0788,158.147,156.784,210.892,53.4273,-0.180662,-0.881046,0.700384,171.047,145.247,16.314,2020,5,2,2020-05,False
2020-05-27,JSWSTEEL,163.965,176.026,162.196,172.115,20403834,4.8511,159.427,155.959,210.629,58.3045,0.871162,-0.530604,1.40177,172.543,146.311,16.4542,2020,5,2,2020-05,False
2020-05-28,JSWSTEEL,173.419,175.793,170.624,171.509,14270125,-0.3517,160.58,155.226,210.414,57.8088,1.63702,-0.0970793,1.7341,173.689,147.471,16.327,2020,5,2,2020-05,False
2020-05-29,JSWSTEEL,168.575,172.72,167.691,171.556,13458899,0.0271,161.516,154.872,210.166,57.8385,2.22211,0.366759,1.85535,174.965,148.066,16.6542,2020,5,2,2020-05,False
2020-06-01,JSWSTEEL,175.095,185.712,174.303,180.637,17324578,5.2932,162.135,154.482,210.02,63.2669,3.37958,0.969322,2.41026,177.842,146.428,19.3748,2020,6,2,2020-06,False
2020-06-02,JSWSTEEL,181.614,184.176,177.284,178.96,14155546,-0.9281,163.467,154.597,209.867,61.6878,4.11418,1.59829,2.51589,180.157,146.777,20.4201,2020,6,2,2020-06,False
2020-06-03,JSWSTEEL,181.614,184.222,178.401,179.472,11567639,0.2862,164.808,154.899,209.75,61.9999,4.6837,2.21538,2.46832,182.137,147.48,21.0288,2020,6,2,2020-06,False
2020-06-04,JSWSTEEL,179.752,181.801,176.771,178.82,10238285,-0.3632,166.028,155.414,209.631,61.3153,5.02452,2.7772,2.24732,183.709,148.347,21.299,2020,6,2,2020-06,False
2020-06-05,JSWSTEEL,182.499,188.506,180.73,183.524,26006736,2.6302,167.185,156.043,209.56,64.3718,5.60949,3.34366,2.26583,186.283,148.088,22.8457,2020,6,2,2020-06,False
2020-06-08,JSWSTEEL,188.134,188.134,179.053,181.568,13522911,-1.0657,168.41,156.401,209.436,62.172,5.84784,3.8445,2.00335,187.914,148.906,23.1627,2020,6,2,2020-06,False
2020-06-09,JSWSTEEL,182.499,185.247,175.654,177.004,8055268,-2.5135,169.132,157.251,209.294,57.2553,5.6039,4.19638,1.40752,188.794,149.47,23.2502,2020,6,2,2020-06,False
2020-06-10,JSWSTEEL,175.095,178.727,171.882,177.842,11823033,0.4735,169.726,158.068,209.158,57.9136,5.41578,4.44026,0.975519,189.7,149.752,23.5369,2020,6,2,2020-06,False
2020-06-11,JSWSTEEL,175.095,177.749,170.95,171.975,6481994,-3.2993,169.833,158.68,208.957,51.889,4.7386,4.49993,0.238676,189.832,149.833,23.552,2020,6,2,2020-06,False
2020-06-12,JSWSTEEL,164.85,177.144,163.406,175.98,9000558,2.3287,170.473,159.409,208.779,55.3065,4.47353,4.49465,-0.0211209,190.395,150.551,23.3722,2020,6,2,2020-06,False
2020-06-15,JSWSTEEL,173.186,173.651,167.598,171.137,12059372,-2.752,170.913,160.011,208.581,50.6234,3.82852,4.36142,-0.532898,190.463,151.363,22.8773,2020,6,2,2020-06,False
2020-06-16,JSWSTEEL,176.026,182.499,172.999,177.004,23464025,3.4286,172.161,160.898,208.419,55.5358,3.74762,4.23866,-0.491042,189.725,154.597,20.4044,2020,6,2,2020-06,False
2020-06-17,JSWSTEEL,175.793,181.102,173.046,178.681,11912711,0.9471,173.211,161.748,208.293,56.8564,3.77526,4.14598,-0.370724,189.602,156.821,18.9255,2020,6,2,2020-06,False
2020-06-18,JSWSTEEL,176.026,180.73,175.095,180.124,8868746,0.8079,174.252,162.686,208.183,58.013,3.86905,4.09059,-0.221548,189.531,158.973,17.5371,2020,6,2,2020-06,False
2020-06-19,JSWSTEEL,181.708,183.803,179.472,180.963,18204886,0.4654,175.388,163.685,208.06,58.7052,3.9653,4.06554,-0.100232,188.935,161.842,15.4475,2020,6,2,2020-06,False
2020-06-22,JSWSTEEL,181.521,186.178,179.752,184.362,11091702,1.8785,176.869,164.427,207.985,61.4787,4.26671,4.10577,0.16094,186.944,166.794,11.3929,2020,6,2,2020-06,False
2020-06-23,JSWSTEEL,184.502,189.904,184.502,187.808,14850064,1.8692,178.052,165.304,207.93,64.1103,4.72913,4.23044,0.498685,187.367,168.737,10.4628,2020,6,2,2020-06,False
2020-06-24,JSWSTEEL,192.744,193.489,179.146,180.59,19739136,-3.8433,178.476,165.818,207.875,55.5501,4.46173,4.2767,0.185031,187.417,169.535,10.0192,2020,6,2,2020-06,False
2020-06-25,JSWSTEEL,178.96,183.803,177.889,180.264,9502767,-0.1805,178.914,166.3,207.79,55.1917,4.17538,4.25644,-0.081054,187.255,170.572,9.3251,2020,6,2,2020-06,False
2020-06-26,JSWSTEEL,182.22,183.943,178.401,179.426,6960491,-0.465,179.307,166.696,207.674,54.2229,3.83659,4.17247,-0.335881,186.896,171.718,8.4649,2020,6,2,2020-06,False
2020-06-29,JSWSTEEL,179.286,179.705,172.906,177.61,7560301,-1.0122,179.156,167.069,207.583,52.0895,3.38255,4.01448,-0.631934,186.754,171.557,8.4822,2020,6,2,2020-06,False
2020-06-30,JSWSTEEL,178.029,182.173,174.909,176.352,11450934,-0.7079,179.025,167.294,207.465,50.605,2.88797,3.78918,-0.901207,186.726,171.324,8.6034,2020,6,2,2020-06,False
2020-07-01,JSWSTEEL,177.237,179.798,175.607,178.308,8343254,1.1091,178.967,167.74,207.349,52.8557,2.6236,3.55606,-0.932467,186.672,171.263,8.61,2020,7,3,2020-07,False
2020-07-02,JSWSTEEL,179.146,181.614,177.004,181.102,9164240,1.567,179.081,168.389,207.24,55.9442,2.60945,3.36674,-0.757288,186.844,171.318,8.6695,2020,7,3,2020-07,False
2020-07-03,JSWSTEEL,182.266,183.011,177.423,177.842,6610649,-1.8,178.797,168.943,207.107,51.6897,2.3086,3.15511,-0.846514,186.286,171.308,8.3773,2020,7,3,2020-07,False
2020-07-06,JSWSTEEL,180.854,183.772,179.301,182.36,10803795,2.5404,178.837,169.611,206.959,56.6143,2.40697,3.00549,-0.598511,186.396,171.278,8.4535,2020,7,3,2020-07,False
2020-07-07,JSWSTEEL,183.254,183.301,179.066,179.631,6564431,-1.4968,178.968,170.349,206.823,53.0929,2.23888,2.85216,-0.613284,186.484,171.452,8.3993,2020,7,3,2020-07,False
2020-07-08,JSWSTEEL,179.772,190.125,179.772,183.866,22609621,2.3579,179.269,171.096,206.689,57.5094,2.41954,2.76564,-0.3461,187.073,171.466,8.7058,2020,7,3,2020-07,False
2020-07-09,JSWSTEEL,184.807,190.831,184.572,185.843,14801828,1.075,179.963,171.844,206.567,59.4291,2.69118,2.75075,-0.0595673,187.497,172.428,8.3731,2020,7,3,2020-07,False
2020-07-10,JSWSTEEL,184.478,184.478,179.772,181.937,10893405,-2.1018,180.26,172.426,206.47,54.2161,2.56174,2.71295,-0.151203,187.6,172.921,8.1435,2020,7,3,2020-07,False
2020-07-13,JSWSTEEL,183.913,188.055,183.772,186.737,11050735,2.6384,181.04,172.796,206.373,58.9783,2.81406,2.73317,0.0808906,187.569,174.512,7.2117,2020,7,3,2020-07,False
2020-07-14,JSWSTEEL,186.36,186.737,180.384,182.643,7233291,-2.1925,181.322,173.402,206.263,53.8348,2.65307,2.71715,-0.0640827,187.599,175.046,6.9228,2020,7,3,2020-07,False
2020-07-15,JSWSTEEL,184.478,188.102,182.031,183.443,9389574,0.438,181.561,174.018,206.072,54.6667,2.56052,2.68582,-0.125306,187.776,175.345,6.8466,2020,7,3,2020-07,False
2020-07-16,JSWSTEEL,182.596,190.031,181.278,189.325,13647306,3.2068,182.021,174.716,205.884,60.328,2.92809,2.73428,0.193817,189.091,174.95,7.7694,2020,7,3,2020-07,False
2020-07-17,JSWSTEEL,191.255,199.349,190.737,194.596,23873501,2.784,182.702,175.401,205.77,64.5945,3.60318,2.90806,0.695121,191.708,173.697,9.8581,2020,7,3,2020-07,False
2020-07-20,JSWSTEEL,195.302,196.573,192.008,194.643,6380397,0.0242,183.216,176.152,205.652,64.631,4.09478,3.1454,0.949379,193.677,172.756,11.4189,2020,7,3,2020-07,False
2020-07-21,JSWSTEEL,195.773,198.361,192.149,197.608,5672048,1.5232,183.706,176.853,205.543,66.9475,4.66979,3.45028,1.21951,195.855,171.558,13.2257,2020,7,3,2020-07,False
2020-07-22,JSWSTEEL,198.596,201.42,192.102,194.831,9323617,-1.4051,184.418,177.43,205.436,62.7993,4.84558,3.72934,1.11624,197.436,171.401,14.1174,2020,7,3,2020-07,False
2020-07-23,JSWSTEEL,194.737,198.126,193.372,197.043,5251159,1.1353,185.257,177.974,205.35,64.677,5.10453,4.00438,1.10015,199.272,171.243,15.1301,2020,7,3,2020-07,False
2020-07-24,JSWSTEEL,193.89,199.161,191.302,192.949,8215298,-2.0779,185.933,178.57,205.278,58.7644,4.92263,4.18803,0.734606,200.068,171.799,15.2038,2020,7,3,2020-07,False
2020-07-27,JSWSTEEL,190.172,196.243,188.337,194.784,10548105,0.9512,186.792,179.219,205.221,60.5073,4.87043,4.32451,0.545924,200.884,172.7,15.0884,2020,7,3,2020-07,False
2020-07-28,JSWSTEEL,195.867,203.067,195.255,202.267,9785198,3.8415,188.088,180.223,205.232,66.689,5.37094,4.5338,0.837144,202.886,173.29,15.7353,2020,7,3,2020-07,False
2020-07-29,JSWSTEEL,201.467,207.961,201.279,204.761,11276308,1.2331,189.411,181.165,205.287,68.4612,5.90084,4.8072,1.09363,205.222,173.599,16.6956,2020,7,3,2020-07,False
2020-07-30,JSWSTEEL,205.797,208.903,200.62,201.749,6483799,-1.4709,190.443,182.014,205.305,64.0313,6.00849,5.04746,0.961027,206.661,174.224,17.0324,2020,7,3,2020-07,False
2020-07-31,JSWSTEEL,201.89,208.244,200.761,207.302,7306693,2.7525,191.916,182.995,205.346,68.1264,6.46734,5.33144,1.13591,208.659,175.173,17.448,2020,7,3,2020-07,False
2020-08-03,JSWSTEEL,208.008,212.197,205.797,207.585,9867115,0.1362,193.177,184.052,205.373,68.3239,6.77567,5.62028,1.15539,210.672,175.682,18.1132,2020,8,3,2020-08,False
2020-08-04,JSWSTEEL,208.526,215.773,206.267,214.691,9878205,3.4233,194.93,185.063,205.415,72.8782,7.50689,5.99761,1.50929,213.691,176.17,19.2484,2020,8,3,2020-08,False
2020-08-05,JSWSTEEL,215.067,222.315,214.738,221.327,11076862,3.0907,196.803,186.047,205.499,76.3042,8.52357,6.5028,2.02077,218.206,175.4,21.7509,2020,8,3,2020-08,False
2020-08-06,JSWSTEEL,221.185,225.844,218.832,225.421,10772820,1.8499,198.782,187.125,205.6,78.1392,9.54959,7.11216,2.43743,223.046,174.518,24.4125,2020,8,3,2020-08,False
2020-08-07,JSWSTEEL,222.88,226.833,221.938,226.08,6794779,0.2923,200.989,188.216,205.692,78.4287,10.2972,7.74916,2.54802,226.784,175.195,25.6676,2020,8,3,2020-08,False
2020-08-10,JSWSTEEL,226.833,231.868,224.527,230.786,6482352,2.0816,203.192,189.219,205.806,80.4229,11.141,8.42752,2.71344,231.282,175.101,27.6493,2020,8,3,2020-08,False
2020-08-11,JSWSTEEL,232.009,240.48,231.821,238.833,15124909,3.487,206.001,190.416,205.977,83.2709,12.317,9.20543,3.11162,236.569,175.434,29.6772,2020,8,3,2020-08,False
2020-08-12,JSWSTEEL,237.186,242.739,234.409,241.704,8055616,1.202,208.914,191.661,206.148,84.1563,13.3271,10.0298,3.29735,241.47,176.359,31.1665,2020,8,3,2020-08,False
2020-08-13,JSWSTEEL,242.927,248.481,240.81,243.398,14516418,0.7009,211.618,192.952,206.328,84.672,14.1018,10.8442,3.25759,246.239,176.996,32.7208,2020,8,3,2020-08,False
2020-08-14,JSWSTEEL,243.775,251.587,242.41,249.751,13200307,2.6102,214.376,194.277,206.564,86.4525,15.0548,11.6863,3.36848,251.949,176.802,35.0539,2020,8,3,2020-08,False
2020-08-17,JSWSTEEL,251.21,255.304,247.728,253.751,10757867,1.6017,217.331,195.72,206.811,87.4417,15.949,12.5388,3.41015,257.573,177.089,37.033,2020,8,3,2020-08,False
2020-08-18,JSWSTEEL,254.693,262.787,251.634,260.858,10683706,2.8004,220.494,197.397,207.025,88.9809,17.0347,13.438,3.59668,264.017,176.97,39.478,2020,8,3,2020-08,False
2020-08-19,JSWSTEEL,261.658,263.446,258.081,262.175,10287307,0.5051,223.861,199.084,207.244,89.2442,17.7963,14.3096,3.48663,269.398,178.323,40.6837,2020,8,3,2020-08,False
2020-08-20,JSWSTEEL,256.952,267.776,255.21,266.034,11325005,1.4719,227.31,200.965,207.513,89.9978,18.498,15.1473,3.35069,274.709,179.912,41.7035,2020,8,3,2020-08,False
2020-08-21,JSWSTEEL,267.634,271.07,263.869,265.328,10884179,-0.2654,230.929,202.752,207.733,88.7724,18.7807,15.874,2.9067,278.334,183.525,41.0552,2020,8,3,2020-08,False
2020-08-24,JSWSTEEL,267.446,270.364,265.987,268.952,9488675,1.3657,234.638,204.709,207.913,89.5583,19.0772,16.5146,2.56257,281.739,187.536,40.1485,2020,8,3,2020-08,False
2020-08-25,JSWSTEEL,269.705,270.364,263.681,268.152,7787006,-0.2975,237.932,206.532,208.107,88.0922,19.0283,17.0174,2.01092,284.716,191.148,39.3255,2020,8,3,2020-08,False
2020-08-26,JSWSTEEL,268.717,269.987,266.505,269.376,5278655,0.4563,241.163,208.345,208.298,88.4048,18.8707,17.388,1.48269,287.22,195.105,38.1963,2020,8,3,2020-08,False
2020-08-27,JSWSTEEL,268.576,273.658,267.117,272.293,5931448,1.0832,244.69,210.189,208.483,89.1373,18.765,17.6634,1.10156,288.802,200.577,36.0558,2020,8,3,2020-08,False
2020-08-28,JSWSTEEL,268.717,272.717,263.587,264.199,11914490,-2.9727,247.535,211.854,208.64,74.986,17.8226,17.6953,0.127327,288.738,206.332,33.2906,2020,8,3,2020-08,False
2020-08-31,JSWSTEEL,264.481,265.187,252.669,253.94,19774736,-3.8832,249.852,213.245,208.737,61.6309,16.0627,17.3688,-1.30603,286.564,213.141,29.3862,2020,8,3,2020-08,False
2020-09-01,JSWSTEEL,253.94,271.54,253.234,269.94,13679100,6.301,252.615,214.888,208.928,70.4658,15.7773,17.0505,-1.27318,286.382,218.847,26.7344,2020,9,3,2020-09,False
2020-09-02,JSWSTEEL,271.54,276.717,268.293,275.776,11710724,2.1618,255.337,216.791,209.162,72.9152,15.8393,16.8082,-0.96889,287.21,223.465,24.9652,2020,9,3,2020-09,False
2020-09-03,JSWSTEEL,275.776,278.458,273.752,276.152,6425365,0.1365,257.874,218.709,209.404,73.0704,15.7375,16.5941,-0.856584,287.733,228.015,23.158,2020,9,3,2020-09,False
2020-09-04,JSWSTEEL,269.234,274.129,264.058,265.752,8443061,-3.7662,259.858,220.436,209.57,62.4295,14.6487,16.205,-1.55631,285.843,233.872,20.0,2020,9,3,2020-09,False
2020-09-07,JSWSTEEL,264.481,270.834,262.458,269.658,8634438,1.4698,261.801,222.277,209.764,64.5193,13.9403,15.7521,-1.81176,284.199,239.404,17.1102,2020,9,3,2020-09,False
2020-09-08,JSWSTEEL,269.187,271.446,262.034,264.622,7609074,-1.8674,263.091,224.042,209.929,59.8941,12.8248,15.1666,-2.34186,282.719,243.463,14.9211,2020,9,3,2020-09,False
2020-09-09,JSWSTEEL,257.14,271.54,256.434,269.987,14099249,2.0274,264.505,225.876,210.137,62.9422,12.2326,14.5798,-2.34724,281.551,247.459,12.8888,2020,9,3,2020-09,False
2020-09-10,JSWSTEEL,272.34,273.187,262.081,268.576,9369826,-0.5229,265.764,227.625,210.309,61.6151,11.5166,13.9672,-2.45059,279.677,251.85,10.4706,2020,9,3,2020-09,False
2020-09-11,JSWSTEEL,267.258,272.011,266.081,270.882,6485991,0.8586,266.82,229.486,210.452,62.9877,11.0083,13.3754,-2.36708,278.67,254.97,8.8824,2020,9,3,2020-09,False
2020-09-14,JSWSTEEL,270.223,276.67,268.811,272.811,7275752,0.7123,267.773,231.295,210.637,64.1432,10.6386,12.828,-2.18945,278.175,257.371,7.7691,2020,9,3,2020-09,False
2020-09-15,JSWSTEEL,273.846,277.235,271.776,272.576,6682215,-0.0863,268.359,233.154,210.822,63.8813,10.2089,12.3042,-2.09532,278.436,258.282,7.5099,2020,9,3,2020-09,False
2020-09-16,JSWSTEEL,272.011,274.552,269.47,271.682,6090447,-0.328,268.834,234.91,210.951,62.8314,9.68455,11.7803,-2.09571,278.574,259.095,7.2459,2020,9,3,2020-09,False
2020-09-17,JSWSTEEL,269.187,271.823,266.505,269.987,5287608,-0.6236,269.032,236.593,211.083,60.7927,9.02825,11.2299,-2.20161,278.693,259.371,7.1817,2020,9,3,2020-09,False
2020-09-18,JSWSTEEL,268.528,276.293,267.728,270.787,9911089,0.2963,269.305,238.37,211.189,61.4291,8.47498,10.6789,-2.2039,278.832,259.777,7.0756,2020,9,3,2020-09,False
2020-09-21,JSWSTEEL,272.387,273.235,254.175,255.351,7522304,-5.7004,268.625,239.742,211.268,45.9353,6.71358,9.88582,-3.17225,280.017,257.232,8.4821,2020,9,3,2020-09,False
2020-09-22,JSWSTEEL,253.469,258.975,247.257,255.916,13246982,0.2211,268.013,241.208,211.337,46.4673,5.3021,8.96908,-3.66698,280.748,255.279,9.503,2020,9,3,2020-09,False
2020-09-23,JSWSTEEL,258.74,258.74,248.151,252.434,8444261,-1.3608,267.166,242.588,211.429,43.6171,3.85801,7.94686,-4.08885,281.652,252.68,10.8445,2020,9,3,2020-09,False
2020-09-24,JSWSTEEL,247.586,249.375,242.41,243.351,7984730,-3.5981,265.719,243.668,211.462,37.2071,1.95809,6.74911,-4.79102,283.465,247.973,13.3567,2020,9,3,2020-09,False
2020-09-25,JSWSTEEL,245.751,254.551,243.586,252.575,6842615,3.7904,265.138,244.828,211.519,45.9021,1.18304,5.6359,-4.45285,283.829,246.446,14.0994,2020,9,3,2020-09,False
2020-09-28,JSWSTEEL,255.022,262.411,253.328,260.716,5470078,3.2234,265.477,246.149,211.654,52.1944,1.2118,4.75108,-3.53928,283.549,247.404,13.6149,2020,9,3,2020-09,False
2020-09-29,JSWSTEEL,260.716,269.94,259.822,267.399,11242724,2.5632,265.35,247.545,211.827,56.6513,1.7536,4.15158,-2.39798,283.325,247.374,13.5485,2020,9,3,2020-09,False
2020-09-30,JSWSTEEL,266.552,268.199,258.834,261.422,6288603,-2.2351,264.632,248.877,211.944,51.9834,1.68133,3.65753,-1.9762,281.99,247.274,13.1188,2020,9,3,2020-09,False
2020-10-01,JSWSTEEL,264.905,269.799,261.893,265.469,4873599,1.5482,264.098,250.245,212.072,54.7051,1.9284,3.3117,-1.3833,280.6,247.596,12.4969,2020,10,4,2020-10,False
2020-10-05,JSWSTEEL,267.587,274.835,265.846,273.046,9269669,2.8541,264.462,251.847,212.258,59.3504,2.70442,3.19025,-0.485829,281.434,247.491,12.8348,2020,10,4,2020-10,False
2020-10-06,JSWSTEEL,275.541,277.658,269.846,274.223,9592838,0.4309,264.691,253.436,212.424,60.0358,3.37544,3.22729,0.148156,282.074,247.307,13.1351,2020,10,4,2020-10,False
2020-10-07,JSWSTEEL,272.952,276.529,270.317,274.317,8126575,0.0343,265.175,254.877,212.564,60.0938,3.87021,3.35587,0.514343,283.084,247.267,13.5068,2020,10,4,2020-10,False
2020-10-08,JSWSTEEL,274.364,280.858,270.74,275.729,11623030,0.5147,265.462,256.296,212.709,61.0074,4.32638,3.54997,0.776404,283.873,247.052,13.8703,2020,10,4,2020-10,False
2020-10-09,JSWSTEEL,275.917,280.811,273.94,274.835,7301282,-0.3243,265.775,257.758,212.851,60.0694,4.56313,3.7526,0.810528,284.616,246.935,14.1779,2020,10,4,2020-10,False
2020-10-12,JSWSTEEL,277.564,277.564,262.928,268.387,10299648,-2.3459,265.651,258.98,212.965,53.6625,4.18231,3.83855,0.343765,284.382,246.92,14.1021,2020,10,4,2020-10,False
2020-10-13,JSWSTEEL,268.246,273.987,267.258,272.905,7541780,1.6833,265.655,260.286,213.087,57.1143,4.19668,3.91017,0.286507,284.394,246.917,14.1076,2020,10,4,2020-10,False
2020-10-14,JSWSTEEL,272.246,274.835,268.717,273.564,6525761,0.2414,265.705,261.464,213.202,57.6102,4.21267,3.97067,0.241999,284.525,246.884,14.1666,2020,10,4,2020-10,False
2020-10-15,JSWSTEEL,274.646,280.2,272.199,274.411,10663375,0.3097,265.841,262.525,213.321,58.2782,4.24477,4.02549,0.219277,284.883,246.8,14.3254,2020,10,4,2020-10,False
2020-10-16,JSWSTEEL,274.364,294.082,273.658,292.765,19877383,6.6884,266.98,263.872,213.523,69.4952,5.68565,4.35752,1.32813,289.477,244.484,16.8527,2020,10,4,2020-10,False
2020-10-19,JSWSTEEL,295.73,299.4,289.612,295.071,18884145,0.7877,268.194,265.252,213.741,70.566,6.93371,4.87276,2.06095,293.942,242.446,19.201,2020,10,4,2020-10,False
2020-10-20,JSWSTEEL,291.776,301.0,290.459,299.965,10739805,1.6587,270.425,266.636,213.992,72.7521,8.22294,5.5428,2.68015,299.057,241.793,21.1755,2020,10,4,2020-10,False
2020-10-21,JSWSTEEL,301.895,305.236,296.247,303.965,11914326,1.3335,272.827,267.938,214.224,74.424,9.45842,6.32592,3.1325,304.26,241.395,23.042,2020,10,4,2020-10,False
2020-10-22,JSWSTEEL,303.071,307.824,300.718,306.365,8493745,0.7896,275.524,269.232,214.487,75.3994,10.5101,7.16275,3.34731,308.79,242.258,24.1474,2020,10,4,2020-10,False
2020-10-23,JSWSTEEL,306.836,308.059,301.094,302.365,7402260,-1.3057,278.475,270.411,214.769,70.569,10.8951,7.90922,2.9859,310.156,246.793,22.7536,2020,10,4,2020-10,False
2020-10-26,JSWSTEEL,295.541,297.235,286.459,290.176,15424754,-4.0311,280.355,271.219,214.984,58.3107,10.1003,8.34744,1.75288,309.96,250.75,21.1195,2020,10,4,2020-10,False
2020-10-27,JSWSTEEL,290.223,294.082,285.329,290.788,7123843,0.2108,281.858,271.96,215.216,58.6985,9.41132,8.56022,0.851103,310.295,253.422,20.178,2020,10,4,2020-10,False
2020-10-28,JSWSTEEL,290.882,296.624,286.129,287.87,8888276,-1.0034,282.882,272.5,215.36,56.022,8.5315,8.55448,-0.0229744,310.592,255.172,19.591,2020,10,4,2020-10,False
2020-10-29,JSWSTEEL,285.0,290.412,281.988,288.765,6945269,0.3106,284.249,273.032,215.51,56.6739,7.81628,8.40684,-0.590556,310.139,258.359,18.2164,2020,10,4,2020-10,False
2020-10-30,JSWSTEEL,288.482,294.506,286.129,290.835,7786860,0.7171,285.517,273.528,215.667,58.2187,7.33203,8.19188,-0.859845,309.98,261.055,17.1354,2020,10,4,2020-10,False
2020-11-02,JSWSTEEL,293.141,293.659,288.529,291.165,7660136,0.1133,286.423,274.045,215.814,58.4724,6.89535,7.93257,-1.03722,310.275,262.571,16.6551,2020,11,4,2020-11,False
2020-11-03,JSWSTEEL,293.565,297.518,292.718,296.247,5951181,1.7456,287.525,274.591,215.98,62.278,6.8801,7.72208,-0.84198,311.036,264.013,16.3544,2020,11,4,2020-11,False
2020-11-04,JSWSTEEL,296.247,299.965,293.424,299.165,7627927,0.9849,288.767,275.211,216.184,64.3005,7.02249,7.58216,-0.559665,311.964,265.57,16.0662,2020,11,4,2020-11,False
2020-11-05,JSWSTEEL,303.259,309.565,299.024,308.436,6640466,3.099,290.402,275.992,216.453,69.8348,7.7936,7.62445,0.169151,314.329,266.475,16.4784,2020,11,4,2020-11,False
2020-11-06,JSWSTEEL,307.636,311.213,303.353,307.259,6994007,-0.3815,292.024,276.692,216.726,68.3859,8.21507,7.74257,0.472497,315.903,268.144,16.3545,2020,11,4,2020-11,False
2020-11-09,JSWSTEEL,310.601,314.554,307.071,313.518,6297158,2.037,294.28,277.678,217.049,71.7445,8.95095,7.98425,0.966706,317.268,271.292,15.6231,2020,11,4,2020-11,False
2020-11-10,JSWSTEEL,313.424,317.801,310.93,315.119,6004813,0.5104,296.391,278.902,217.387,72.5474,9.55314,8.29803,1.25511,318.861,273.92,15.1626,2020,11,4,2020-11,False
2020-11-11,JSWSTEEL,316.248,324.484,312.483,322.601,9211868,2.3746,298.843,279.955,217.758,75.9843,10.513,8.74102,1.77196,321.526,276.159,15.1808,2020,11,4,2020-11,False
2020-11-12,JSWSTEEL,323.542,324.154,315.307,318.13,5061012,-1.3859,301.029,280.802,218.082,70.3197,10.7885,9.15052,1.63802,322.173,279.885,14.0479,2020,11,4,2020-11,False
2020-11-13,JSWSTEEL,317.236,324.013,314.601,323.025,5043441,1.5385,302.542,281.739,218.474,72.7175,11.2719,9.5748,1.69712,325.453,279.631,15.1457,2020,11,4,2020-11,False
2020-11-14,JSWSTEEL,323.872,324.672,320.107,321.848,975283,-0.3642,303.88,282.861,218.894,71.2279,11.4283,9.94551,1.48283,328.048,279.713,15.9062,2020,11,4,2020-11,False
2020-11-17,JSWSTEEL,323.684,329.896,319.636,320.907,7389747,-0.2924,304.928,283.886,219.282,69.9926,11.3456,10.2255,1.12004,330.172,279.683,16.5576,2020,11,4,2020-11,False
2020-11-18,JSWSTEEL,319.025,325.66,318.46,322.46,4844406,0.4839,305.852,285.043,219.698,70.8897,11.2753,10.4355,0.839822,332.276,279.429,17.2786,2020,11,4,2020-11,False
2020-11-19,JSWSTEEL,319.919,325.99,309.801,311.73,7370265,-3.3275,306.121,285.878,220.089,57.9899,10.2358,10.3955,-0.159732,332.675,279.567,17.3487,2020,11,4,2020-11,False
2020-11-20,JSWSTEEL,312.483,319.072,309.942,316.389,5918276,1.4946,306.822,286.834,220.5,61.2843,9.67641,10.2517,-0.575307,333.697,279.947,17.5184,2020,11,4,2020-11,False
2020-11-23,JSWSTEEL,318.366,322.178,316.248,317.895,4559744,0.476,308.208,287.774,220.886,62.313,9.24799,10.051,-0.80298,334.317,282.099,16.9423,2020,11,4,2020-11,False
2020-11-24,JSWSTEEL,318.978,322.131,314.46,320.813,5014303,0.9178,309.709,288.734,221.236,64.2927,9.0397,9.84872,-0.809014,335.042,284.376,16.3591,2020,11,4,2020-11,False
2020-11-25,JSWSTEEL,323.307,325.566,317.189,318.366,6195795,-0.7628,311.234,289.65,221.541,61.3805,8.57828,9.59463,-1.01635,334.629,287.839,15.0338,2020,11,4,2020-11,False
2020-11-26,JSWSTEEL,318.601,340.908,316.248,338.084,10967276,6.1936,313.7,290.978,221.931,72.2774,9.692,9.6141,0.0778939,337.516,289.883,15.1842,2020,11,4,2020-11,False
2020-11-27,JSWSTEEL,340.061,340.72,327.213,329.613,14338746,-2.5056,315.639,292.171,222.285,63.9318,9.77837,9.64696,0.131413,337.879,293.398,14.0925,2020,11,4,2020-11,False
2020-12-01,JSWSTEEL,333.66,337.896,331.166,337.096,6475456,2.2701,317.935,293.497,222.626,67.5014,10.3315,9.78387,0.547641,338.989,296.881,13.2442,2020,12,4,2020-12,False
2020-12-02,JSWSTEEL,336.014,348.955,335.119,346.743,11048627,2.8619,320.46,295.325,222.992,71.4278,11.4167,10.1104,1.3063,342.644,298.276,13.845,2020,12,4,2020-12,False
2020-12-03,JSWSTEEL,348.249,352.297,346.085,349.049,7385497,0.6651,322.954,297.188,223.371,72.2896,12.3208,10.5525,1.76832,346.247,299.662,14.4245,2020,12,4,2020-12,False
2020-12-04,JSWSTEEL,351.073,354.085,341.849,348.626,7570516,-0.1214,324.964,299.111,223.767,71.8608,12.855,11.013,1.84197,349.861,300.066,15.3234,2020,12,4,2020-12,False
2020-12-07,JSWSTEEL,349.002,351.261,341.002,343.543,6085158,-1.4579,326.778,301.115,224.143,66.7454,12.7215,11.3547,1.36682,351.531,302.025,15.1499,2020,12,4,2020-12,False
2020-12-08,JSWSTEEL,344.955,345.614,336.531,341.331,5311652,-0.6439,328.169,302.89,224.524,64.5905,12.2956,11.5429,0.752672,352.91,303.427,15.0788,2020,12,4,2020-12,False
2020-12-09,JSWSTEEL,346.367,346.602,337.99,340.578,6923848,-0.2206,329.442,304.488,224.919,63.835,11.7616,11.5866,0.174997,353.975,304.908,14.8942,2020,12,4,2020-12,False
2020-12-10,JSWSTEEL,340.72,344.908,335.355,341.002,6429901,0.1244,330.362,305.96,225.311,64.0894,11.2431,11.5179,-0.274856,355.194,305.53,15.0332,2020,12,4,2020-12,False
2020-12-11,JSWSTEEL,342.226,345.143,336.578,338.508,4518654,-0.7315,331.38,307.501,225.798,61.3517,10.5097,11.3163,-0.806591,355.768,306.993,14.7185,2020,12,4,2020-12,False
2020-12-14,JSWSTEEL,342.555,343.449,335.355,336.484,4927085,-0.5978,332.053,308.922,226.258,59.1443,9.6539,10.9838,-1.3299,356.211,307.895,14.5507,2020,12,4,2020-12,False
2020-12-15,JSWSTEEL,336.955,345.426,332.719,344.39,5978528,2.3496,333.18,310.349,226.765,64.516,9.50409,10.6879,-1.18377,357.437,308.924,14.5606,2020,12,4,2020-12,False
2020-12-16,JSWSTEEL,348.249,350.602,343.073,348.814,7762252,1.2845,334.576,311.84,227.335,67.1209,9.6313,10.4765,-0.845244,359.069,310.082,14.6415,2020,12,4,2020-12,False
2020-12-17,JSWSTEEL,348.202,351.402,342.649,344.673,4501529,-1.1873,335.686,313.247,227.961,62.4956,9.29085,10.2394,-0.948557,359.879,311.494,14.4139,2020,12,4,2020-12,False
2020-12-18,JSWSTEEL,346.649,347.261,336.672,342.79,5666541,-0.5461,337.239,314.589,228.581,60.4563,8.76807,9.94514,-1.17707,358.802,315.677,12.7876,2020,12,4,2020-12,False
2020-12-21,JSWSTEEL,340.343,346.743,323.778,332.719,7345501,-2.9379,338.056,315.746,229.096,50.8888,7.45518,9.44715,-1.99197,357.419,318.693,11.4553,2020,12,4,2020-12,False
2020-12-22,JSWSTEEL,332.955,342.602,325.801,340.673,7273802,2.3904,339.195,317.192,229.656,56.7146,6.97605,8.95293,-1.97688,356.086,322.303,9.9597,2020,12,4,2020-12,False
2020-12-23,JSWSTEEL,339.778,346.085,336.719,345.284,4499725,1.3538,340.418,318.64,230.232,59.7,6.88906,8.54016,-1.65109,355.105,325.732,8.6284,2020,12,4,2020-12,False
2020-12-24,JSWSTEEL,346.273,356.673,343.543,344.72,8104991,-0.1635,341.736,320.063,230.843,59.1619,6.69736,8.1716,-1.47424,352.219,331.253,6.135,2020,12,4,2020-12,False
2020-12-28,JSWSTEEL,347.967,366.132,347.12,363.873,11720459,5.5563,343.026,321.852,231.596,69.2764,7.99877,8.13703,-0.13826,357.282,328.769,8.3123,2020,12,4,2020-12,False
2020-12-29,JSWSTEEL,366.744,366.744,355.873,359.356,8144640,-1.2416,344.513,323.184,232.352,65.176,8.56685,8.22299,0.343851,359.08,329.945,8.4568,2020,12,4,2020-12,False
2020-12-30,JSWSTEEL,360.297,365.097,356.391,363.403,4637174,1.1262,345.828,324.55,233.223,67.0571,9.23715,8.42582,0.811321,362.213,329.443,9.4758,2020,12,4,2020-12,False
2020-12-31,JSWSTEEL,363.215,370.744,360.485,364.438,7375061,0.2849,346.713,325.84,234.044,67.5401,9.73963,8.68859,1.05104,365.095,328.33,10.6038,2020,12,4,2020-12,False
2021-01-01,JSWSTEEL,364.485,368.485,361.991,366.791,4461761,0.6457,347.6,327.096,235.012,68.6647,10.21,8.99287,1.21716,368.053,327.147,11.768,2021,1,1,2021-01,False
2021-01-04,JSWSTEEL,368.956,381.286,368.109,379.404,8872723,3.4386,349.139,328.557,236.087,73.887,11.4683,9.48797,1.98037,374.06,324.218,14.2758,2021,1,1,2021-01,False
2021-01-05,JSWSTEEL,376.486,377.427,368.58,372.015,6190435,-1.9474,350.562,329.95,237.182,66.8575,11.7341,9.93719,1.7969,377.323,323.802,15.2671,2021,1,1,2021-01,False
2021-01-06,JSWSTEEL,373.85,383.404,372.486,378.086,7910567,1.6319,352.4,331.708,238.312,69.4309,12.2929,10.4083,1.88454,381.442,323.358,16.4824,2021,1,1,2021-01,False
2021-01-07,JSWSTEEL,380.251,388.816,379.451,381.568,10231006,0.9211,354.45,333.524,239.401,70.8301,12.8684,10.9003,1.96803,385.682,323.217,17.6229,2021,1,1,2021-01,False
2021-01-08,JSWSTEEL,386.18,386.321,375.074,379.168,7559664,-0.629,356.358,335.35,240.625,68.503,12.9812,11.3165,1.66466,388.772,323.944,18.1919,2021,1,1,2021-01,False
2021-01-11,JSWSTEEL,379.168,381.145,369.568,375.592,4822618,-0.9433,358.212,337.087,241.818,65.0718,12.6363,11.5805,1.05582,390.569,325.855,18.066,2021,1,1,2021-01,False
2021-01-12,JSWSTEEL,375.497,388.674,373.709,376.062,6708618,0.1253,360.191,338.791,242.991,65.3179,12.2596,11.7163,0.543317,391.785,328.597,17.5431,2021,1,1,2021-01,False
2021-01-13,JSWSTEEL,377.945,383.451,370.98,379.262,6885599,0.851,361.935,340.553,244.19,67.02,12.0801,11.789,0.29102,393.706,330.163,17.5563,2021,1,1,2021-01,False
2021-01-14,JSWSTEEL,380.58,381.804,370.838,373.097,4886430,-1.6255,363.149,342.09,245.35,60.8268,11.3099,11.6932,-0.383284,394.664,331.634,17.3565,2021,1,1,2021-01,False
2021-01-15,JSWSTEEL,374.603,378.886,368.203,371.027,7329969,-0.555,364.466,343.527,246.542,58.8595,10.4125,11.4371,-1.02458,394.915,334.018,16.7083,2021,1,1,2021-01,False
2021-01-18,JSWSTEEL,370.368,370.838,353.426,360.579,10605461,-2.8158,365.356,344.57,247.664,50.0615,8.75729,10.9011,-2.14382,394.131,336.581,15.7519,2021,1,1,2021-01,False
2021-01-19,JSWSTEEL,363.497,374.368,359.167,372.156,5842513,3.2106,367.328,345.868,248.859,57.6209,8.2842,10.3777,-2.09353,391.764,342.891,13.305,2021,1,1,2021-01,False
2021-01-20,JSWSTEEL,371.78,379.215,370.321,377.333,5604951,1.391,369.161,347.144,250.09,60.5002,8.23209,9.9486,-1.71652,390.479,347.842,11.5498,2021,1,1,2021-01,False
2021-01-21,JSWSTEEL,378.839,381.192,366.085,370.18,7085945,-1.8957,370.406,348.246,251.205,54.945,7.52682,9.46425,-1.93742,388.521,352.29,9.7814,2021,1,1,2021-01,False
2021-01-22,JSWSTEEL,372.721,374.086,350.32,353.332,8779405,-4.5512,370.836,348.86,252.252,44.5657,5.54451,8.6803,-3.13579,386.643,355.029,8.5251,2021,1,1,2021-01,False
2021-01-25,JSWSTEEL,365.191,371.733,349.614,359.967,17874949,1.878,370.641,349.697,253.277,48.6778,4.45756,7.83575,-3.37819,386.9,354.382,8.7736,2021,1,1,2021-01,False
2021-01-27,JSWSTEEL,358.226,359.544,349.708,354.132,8576326,-1.6211,370.38,350.319,254.267,45.4824,3.08965,6.88653,-3.79688,387.545,353.214,9.2689,2021,1,1,2021-01,False
2021-01-28,JSWSTEEL,349.191,358.461,347.873,354.179,6969457,0.0133,369.918,350.966,255.24,45.5135,1.98647,5.90652,-3.92005,388.324,351.513,9.951,2021,1,1,2021-01,False
2021-01-29,JSWSTEEL,359.591,360.062,341.849,345.284,7981367,-2.5113,368.961,351.453,256.171,40.7838,0.389987,4.80321,-4.41322,390.322,347.599,11.5794,2021,1,1,2021-01,False
2021-02-01,JSWSTEEL,344.955,361.803,342.273,358.461,6141212,3.8163,368.544,352.173,257.138,49.2054,0.185894,3.87975,-3.69385,390.403,346.685,11.8623,2021,2,1,2021-02,False
2021-02-02,JSWSTEEL,362.038,368.674,354.555,366.132,7450391,2.14,367.881,353.261,258.189,53.3635,0.635797,3.23096,-2.59516,389.149,346.612,11.5628,2021,2,1,2021-02,False
2021-02-03,JSWSTEEL,363.497,375.027,362.085,369.803,6063017,1.0026,367.77,354.33,259.295,55.2513,1.27386,2.83954,-1.56568,388.971,346.569,11.5295,2021,2,1,2021-02,False
2021-02-04,JSWSTEEL,369.803,378.368,367.497,376.768,6283280,1.8834,367.704,355.507,260.428,58.6698,2.31487,2.7346,-0.419737,388.778,346.63,11.4624,2021,2,1,2021-02,False
2021-02-05,JSWSTEEL,379.309,382.698,366.274,378.556,9008833,0.4746,367.554,356.662,261.576,59.5248,3.24675,2.83703,0.409713,388.25,346.857,11.2617,2021,2,1,2021-02,False
2021-02-08,JSWSTEEL,380.768,394.604,377.615,393.098,9008722,3.8414,368.25,358.157,262.827,65.7325,5.09987,3.2896,1.81027,391.386,345.114,12.5653,2021,2,1,2021-02,False
2021-02-09,JSWSTEEL,392.486,395.31,378.227,382.557,7961747,-2.6817,368.598,359.046,264.008,58.7037,5.65272,3.76222,1.89049,392.4,344.797,12.9145,2021,2,1,2021-02,False
2021-02-10,JSWSTEEL,385.898,389.616,376.486,386.604,8008124,1.0579,369.125,360.186,265.198,60.4522,6.34429,4.27864,2.06565,394.062,344.188,13.5114,2021,2,1,2021-02,False
2021-02-11,JSWSTEEL,384.204,391.075,381.145,384.816,3598146,-0.4626,369.403,361.14,266.358,59.2583,6.67116,4.75714,1.91402,394.932,343.874,13.8217,2021,2,1,2021-02,False
2021-02-12,JSWSTEEL,383.874,386.745,378.933,380.062,4667663,-1.2352,369.751,361.807,267.417,56.0876,6.47207,5.10013,1.37194,395.679,343.823,14.0246,2021,2,1,2021-02,False
2021-02-15,JSWSTEEL,381.286,383.874,377.427,379.968,4678133,-0.0248,370.198,362.425,268.556,56.0237,6.23482,5.32707,0.907755,396.524,343.873,14.2226,2021,2,1,2021-02,False
2021-02-16,JSWSTEEL,379.968,397.098,379.968,383.686,10594928,0.9784,371.354,363.126,269.711,58.0572,6.27447,5.51655,0.757919,397.929,344.778,14.3127,2021,2,1,2021-02,False
2021-02-17,JSWSTEEL,382.462,386.839,377.427,384.674,5486323,0.2576,371.98,363.949,270.862,58.6051,6.31286,5.67581,0.637049,399.216,344.743,14.644,2021,2,1,2021-02,False
2021-02-18,JSWSTEEL,385.898,390.369,382.133,383.686,5889983,-0.2569,372.297,364.796,271.979,57.792,6.19216,5.77908,0.413081,399.942,344.653,14.8507,2021,2,1,2021-02,False
2021-02-19,JSWSTEEL,384.11,384.392,367.968,372.391,4527644,-2.9437,372.408,365.432,273.055,49.363,5.12604,5.64847,-0.522434,400.034,344.781,14.8367,2021,2,1,2021-02,False
2021-02-22,JSWSTEEL,372.862,389.522,372.862,382.227,9371697,2.6412,373.853,366.257,274.154,55.4559,5.01696,5.52217,-0.505212,400.275,347.431,14.135,2021,2,1,2021-02,False
2021-02-23,JSWSTEEL,385.898,391.733,382.227,388.345,8127742,1.6006,375.272,367.253,275.265,58.7783,5.36236,5.49021,-0.127847,401.602,348.942,14.0325,2021,2,1,2021-02,False
2021-02-24,JSWSTEEL,390.604,401.522,376.486,384.11,10570509,-1.0906,376.77,368.206,276.337,55.6819,5.23399,5.43896,-0.204972,401.391,352.15,13.0693,2021,2,1,2021-02,False
2021-02-25,JSWSTEEL,386.839,400.016,385.898,396.957,9051315,3.3448,378.909,369.257,277.506,62.1888,6.09865,5.5709,0.527749,402.684,355.134,12.5492,2021,2,1,2021-02,False
2021-02-26,JSWSTEEL,387.827,396.534,369.003,372.203,11433748,-6.2359,380.255,369.725,278.555,47.667,4.73191,5.4031,-0.671189,398.395,362.115,9.541,2021,2,1,2021-02,False
2021-03-01,JSWSTEEL,378.933,384.439,370.227,381.286,5834233,2.4403,381.397,370.457,279.701,52.0879,4.33173,5.18883,-0.857097,396.357,366.436,7.845,2021,3,1,2021-03,False
2021-03-02,JSWSTEEL,382.886,390.557,377.427,389.004,5055665,2.0242,382.54,371.382,280.858,55.5259,4.58451,5.06797,-0.483454,396.01,369.07,7.0423,2021,3,1,2021-03,False
2021-03-03,JSWSTEEL,390.886,409.428,390.886,402.981,11903775,3.593,384.199,372.787,282.076,60.9858,5.84529,5.22343,0.621861,399.154,369.244,7.7852,2021,3,1,2021-03,False
2021-03-04,JSWSTEEL,390.698,396.628,386.886,389.757,8655068,-3.2816,384.848,373.768,283.234,54.2054,5.71156,5.32106,0.390502,399.571,370.126,7.6512,2021,3,1,2021-03,False
2021-03-05,JSWSTEEL,389.757,389.757,378.839,382.51,7045618,-1.8595,385.046,374.513,284.373,50.8676,4.96355,5.24956,-0.286001,399.517,370.575,7.5166,2021,3,1,2021-03,False
2021-03-08,JSWSTEEL,387.733,391.075,382.604,383.874,4176709,0.3568,384.585,375.296,285.471,51.4736,4.42982,5.08561,-0.655792,398.555,370.615,7.2649,2021,3,1,2021-03,False
2021-03-09,JSWSTEEL,387.78,390.369,373.474,377.992,5477847,-1.5324,384.357,375.578,286.501,48.6862,3.4919,4.76687,-1.27497,398.612,370.101,7.418,2021,3,1,2021-03,False
2021-03-10,JSWSTEEL,382.651,390.886,379.78,389.663,6536253,3.0876,384.51,376.185,287.591,54.0076,3.64829,4.54315,-0.89486,398.931,370.088,7.5014,2021,3,1,2021-03,False
2021-03-12,JSWSTEEL,393.569,403.263,389.663,394.134,13448994,1.1473,384.976,376.799,288.704,55.8945,4.08589,4.4517,-0.36581,400.027,369.924,7.8196,2021,3,1,2021-03,False
2021-03-15,JSWSTEEL,398.04,406.369,390.51,404.393,10146579,2.603,386.192,377.598,289.823,59.9545,5.20057,4.60147,0.5991,403.356,369.028,8.8891,2021,3,1,2021-03,False
2021-03-16,JSWSTEEL,408.44,408.44,394.698,400.91,8103798,-0.8612,387.239,378.281,290.933,58.0026,5.73683,4.82854,0.908287,405.335,369.144,9.346,2021,3,1,2021-03,False
2021-03-17,JSWSTEEL,400.91,400.91,392.957,397.663,4738590,-0.81,387.938,378.646,292.024,56.1665,5.83256,5.02935,0.803216,406.529,369.347,9.5844,2021,3,1,2021-03,False
2021-03-18,JSWSTEEL,401.899,407.216,395.404,398.275,6837030,0.1538,388.618,379.171,293.121,56.4463,5.8899,5.20146,0.688445,407.695,369.541,9.8177,2021,3,1,2021-03,False
2021-03-19,JSWSTEEL,395.404,420.064,385.898,414.652,11116495,4.112,390.166,379.902,294.277,63.2141,7.17415,5.596,1.57815,412.334,367.999,11.363,2021,3,1,2021-03,False
2021-03-22,JSWSTEEL,415.076,422.605,411.122,419.123,7010923,1.0782,392.503,380.653,295.465,64.8212,8.4552,6.16784,2.28736,416.553,368.453,12.2548,2021,3,1,2021-03,False
2021-03-23,JSWSTEEL,418.84,420.958,413.664,415.828,5066287,-0.786,394.183,381.387,296.659,62.6494,9.09973,6.75422,2.34551,419.851,368.515,13.0233,2021,3,1,2021-03,False
2021-03-24,JSWSTEEL,411.311,417.099,406.228,411.64,7803892,-1.0072,395.348,382.108,297.828,59.9013,9.16689,7.23675,1.93014,421.996,368.7,13.4808,2021,3,1,2021-03,False
2021-03-25,JSWSTEEL,411.358,416.205,403.31,412.252,10870751,0.1486,396.755,382.831,299.029,60.1761,9.16385,7.62217,1.54168,423.872,369.638,13.6695,2021,3,1,2021-03,False
2021-03-26,JSWSTEEL,417.523,425.664,410.558,419.029,12165673,1.6438,397.858,383.627,300.244,63.1855,9.59762,8.01726,1.58036,426.749,368.968,14.523,2021,3,1,2021-03,False
2021-03-30,JSWSTEEL,428.253,442.559,425.617,439.971,17646211,4.9978,401.247,384.964,301.588,70.5835,11.4987,8.71355,2.78514,433.202,369.292,15.9277,2021,3,1,2021-03,False
2021-03-31,JSWSTEEL,439.877,445.947,434.182,440.912,7635784,0.2139,404.228,386.362,302.908,70.8669,12.9322,9.55727,3.3749,439.314,369.142,17.3595,2021,3,1,2021-03,False
2021-04-01,JSWSTEEL,442.888,482.796,442.371,478.843,35736230,8.6028,408.72,388.727,304.409,79.4556,16.9337,11.0326,5.90117,456.358,361.082,23.3107,2021,4,2,2021-04,False
2021-04-05,JSWSTEEL,483.314,491.314,473.619,487.078,29711225,1.7199,412.925,391.026,305.944,80.7805,20.5328,12.9326,7.60023,471.922,353.928,28.575,2021,4,2,2021-04,False
2021-04-06,JSWSTEEL,492.255,509.479,490.043,505.856,26533367,3.8551,418.73,393.596,307.568,83.4078,24.6166,15.2694,9.34716,489.75,347.71,33.9217,2021,4,2,2021-04,False
2021-04-07,JSWSTEEL,507.55,533.151,501.856,529.245,20024702,4.6237,426.067,396.777,309.292,85.9788,29.4013,18.0958,11.3055,510.401,341.732,39.5875,2021,4,2,2021-04,False
2021-04-08,JSWSTEEL,538.375,601.436,530.139,578.0,72006147,9.2121,435.773,401.271,311.243,89.5974,36.7043,21.8175,14.8868,541.606,329.94,48.5724,2021,4,2,2021-04,False
2021-04-09,JSWSTEEL,581.67,593.765,562.846,584.494,51062079,1.1236,446.098,405.761,313.263,89.9688,42.5258,25.9592,16.5666,567.363,324.833,54.3671,2021,4,2,2021-04,False
2021-04-12,JSWSTEEL,573.2,585.2,562.281,568.635,27047004,-2.7134,455.047,410.051,315.205,82.2469,45.337,29.8347,15.5023,584.887,325.206,57.0671,2021,4,2,2021-04,False
2021-04-13,JSWSTEEL,571.317,595.6,568.494,593.294,26091257,4.3367,465.005,414.834,317.274,84.4777,48.9901,33.6658,15.3243,605.303,324.706,60.3429,2021,4,2,2021-04,False
2021-04-15,JSWSTEEL,600.495,606.142,579.788,592.118,24006650,-0.1983,474.391,419.77,319.347,83.9358,51.2,37.1726,14.0274,622.516,326.266,62.4484,2021,4,2,2021-04,False
2021-04-16,JSWSTEEL,594.753,598.518,580.682,582.988,14389029,-1.5419,483.495,424.261,321.38,79.665,51.6196,40.062,11.5576,634.948,332.042,62.6494,2021,4,2,2021-04,False
2021-04-19,JSWSTEEL,564.729,588.73,560.117,579.6,17044636,-0.5812,492.592,428.53,323.386,78.0772,51.0899,42.2676,8.82226,644.193,340.99,61.5528,2021,4,2,2021-04,False
2021-04-20,JSWSTEEL,586.188,592.965,577.341,584.118,13626064,0.7795,501.884,432.816,325.401,78.6871,50.453,43.9047,6.54829,651.918,351.849,59.7886,2021,4,2,2021-04,False
2021-04-22,JSWSTEEL,579.506,612.731,575.647,603.083,22859059,3.2469,511.305,437.343,327.528,81.0684,50.8919,45.3021,5.5898,661.94,360.671,58.9215,2021,4,2,2021-04,False
2021-04-23,JSWSTEEL,603.318,614.425,589.059,598.048,17931094,-0.8349,520.252,441.733,329.606,78.5587,50.2542,46.2925,3.96165,669.076,371.427,57.2126,2021,4,2,2021-04,False
2021-04-26,JSWSTEEL,604.26,621.86,600.73,617.248,16506538,3.2106,530.323,446.216,331.794,80.977,50.7135,47.1767,3.53679,676.633,384.012,55.1781,2021,4,2,2021-04,False
2021-04-27,JSWSTEEL,621.813,630.943,619.319,626.755,15799458,1.5401,541.078,451.1,334.009,82.0561,51.2538,47.9922,3.26165,682.189,399.968,52.1589,2021,4,2,2021-04,False
2021-04-28,JSWSTEEL,630.378,636.261,612.401,623.696,15558949,-0.4881,551.65,455.841,336.198,80.4742,50.849,48.5635,2.28547,683.501,419.8,47.8022,2021,4,2,2021-04,False
2021-04-29,JSWSTEEL,632.496,686.051,628.778,683.792,56816962,9.6356,564.889,461.821,338.707,86.1311,54.7464,49.8001,4.94629,693.807,435.971,45.6437,2021,4,2,2021-04,False
2021-04-30,JSWSTEEL,677.298,696.499,669.627,675.651,36449711,-1.1906,576.673,467.733,341.152,82.6382,56.5265,51.1454,5.38115,700.498,452.847,42.9449,2021,4,2,2021-04,False
2021-05-03,JSWSTEEL,672.027,687.086,668.827,680.733,16906171,0.7522,588.664,473.748,343.642,83.0989,57.6825,52.4528,5.22971,703.236,474.091,38.9264,2021,5,2,2021-05,False
2021-05-04,JSWSTEEL,685.157,694.146,669.439,673.345,13790054,-1.0854,598.389,479.541,346.092,79.784,57.3415,53.4305,3.91091,706.552,490.226,36.1515,2021,5,2,2021-05,False
2021-05-05,JSWSTEEL,680.498,689.91,671.18,675.51,12284261,0.3215,607.81,485.358,348.523,80.0353,56.5935,54.0631,2.53034,707.656,507.964,32.8543,2021,5,2,2021-05,False
2021-05-06,JSWSTEEL,678.898,698.381,675.792,686.898,18365325,1.6859,616.862,491.422,350.984,81.3488,56.271,54.5047,1.76629,710.418,523.307,30.3328,2021,5,2,2021-05,False
2021-05-07,JSWSTEEL,694.616,721.629,693.44,712.452,26586556,3.7202,626.023,498.223,353.573,83.9073,57.4156,55.0869,2.32869,719.333,532.712,29.8105,2021,5,2,2021-05,False
2021-05-10,JSWSTEEL,720.876,727.559,711.605,714.052,15105182,0.2246,632.825,504.86,356.155,84.0548,57.7856,55.6266,2.15902,731.1,534.551,31.059,2021,5,2,2021-05,False
2021-05-11,JSWSTEEL,697.44,710.429,687.604,691.087,16277517,-3.2162,638.155,510.915,358.637,73.6247,55.585,55.6183,-0.0332619,736.953,539.357,30.9637,2021,5,2,2021-05,False
2021-05-12,JSWSTEEL,696.499,698.287,658.85,666.286,14410802,-3.5887,643.038,516.558,360.983,64.3397,51.2491,54.7445,-3.49539,736.898,549.177,29.1929,2021,5,2,2021-05,False
2021-05-14,JSWSTEEL,668.215,679.086,639.132,665.533,26344309,-0.113,646.65,521.93,363.346,64.0755,47.2078,53.2371,-6.02931,737.976,555.323,28.246,2021,5,2,2021-05,False
2021-05-17,JSWSTEEL,666.286,679.933,653.25,672.404,12706884,1.0324,650.664,527.934,365.734,65.4689,44.0517,51.4001,-7.34831,738.904,562.424,27.123,2021,5,2,2021-05,False
2021-05-18,JSWSTEEL,681.298,688.122,670.003,675.274,9477286,0.4269,655.278,533.813,368.099,66.0613,41.306,49.3812,-8.07524,738.103,572.454,25.2792,2021,5,2,2021-05,False
2021-05-19,JSWSTEEL,671.133,678.004,662.709,664.356,6562006,-1.6168,659.516,539.321,370.397,61.7246,37.8131,47.0676,-9.25451,734.322,584.71,22.6851,2021,5,2,2021-05,False
2021-05-20,JSWSTEEL,656.968,662.05,643.038,653.673,10104850,-1.608,662.994,544.334,372.656,57.7313,33.7934,44.4128,-10.6194,728.989,596.999,19.9082,2021,5,2,2021-05,False
2021-05-21,JSWSTEEL,660.121,664.403,654.144,657.156,7340528,0.5327,665.697,549.682,374.906,58.67,30.5367,41.6376,-11.1008,725.498,605.897,17.9663,2021,5,2,2021-05,False
2021-05-24,JSWSTEEL,656.026,656.026,632.402,641.391,22332409,-2.399,667.865,554.86,377.075,52.9383,26.3796,38.586,-12.2064,719.992,615.737,15.6101,2021,5,2,2021-05,False
2021-05-25,JSWSTEEL,648.497,672.498,647.603,659.603,22058890,2.8395,669.982,560.375,379.299,58.0383,24.2748,35.7237,-11.4489,716.602,623.363,13.9166,2021,5,2,2021-05,False
2021-05-26,JSWSTEEL,645.955,650.379,633.955,642.096,18721303,-2.6541,670.749,565.657,381.403,52.1842,20.9526,32.7695,-11.8169,714.808,626.69,13.1372,2021,5,2,2021-05,False
2021-05-27,JSWSTEEL,644.638,653.532,638.143,641.767,15110958,-0.0513,671.653,570.699,383.485,52.0778,18.0847,29.8325,-11.7479,712.254,631.051,12.09,2021,5,2,2021-05,False
2021-05-28,JSWSTEEL,656.779,667.133,645.861,649.25,12698590,1.166,669.926,575.801,385.601,54.3553,16.2285,27.1117,-10.8832,711.285,628.567,12.3473,2021,5,2,2021-05,False
2021-05-31,JSWSTEEL,653.203,672.215,645.626,669.109,11685565,3.0589,669.599,581.095,387.792,59.8143,16.1736,24.9241,-8.75053,710.87,628.327,12.3273,2021,5,2,2021-05,False
2021-06-01,JSWSTEEL,674.38,674.804,647.085,653.673,14156453,-2.3069,668.246,586.151,389.867,54.3713,14.7149,22.8823,-8.16739,709.754,626.737,12.4231,2021,6,2,2021-06,False
2021-06-02,JSWSTEEL,656.026,667.368,655.603,664.544,9653111,1.6631,667.806,591.488,391.981,57.3171,14.2715,21.1601,-6.8886,709.273,626.338,12.419,2021,6,2,2021-06,False
2021-06-03,JSWSTEEL,668.262,678.474,661.721,672.121,8329454,1.1401,667.636,596.965,394.124,59.2899,14.3659,19.8013,-5.43535,708.999,626.274,12.3907,2021,6,2,2021-06,False
2021-06-04,JSWSTEEL,666.427,683.322,661.721,678.804,9653847,0.9943,667.232,602.248,396.27,61.0019,14.8093,18.8029,-3.9936,707.954,626.509,12.2063,2021,6,2,2021-06,False
2021-06-07,JSWSTEEL,680.121,687.792,670.898,673.674,6872666,-0.7557,665.293,607.339,398.369,58.9524,14.5787,17.958,-3.37937,700.231,630.354,10.5032,2021,6,2,2021-06,False
2021-06-08,JSWSTEEL,672.309,672.309,651.32,665.909,8230750,-1.1526,662.886,612.341,400.394,55.8914,13.6124,17.0889,-3.4765,689.265,636.507,7.9588,2021,6,2,2021-06,False
2021-06-09,JSWSTEEL,663.556,671.415,652.779,656.826,6922786,-1.364,661.173,617.245,402.368,52.4601,11.9757,16.0663,-4.09057,684.059,638.286,6.923,2021,6,2,2021-06,False
2021-06-10,JSWSTEEL,660.074,676.733,658.85,664.309,8543092,1.1392,661.074,622.286,404.359,54.9157,11.1538,15.0838,-3.92997,683.884,638.263,6.9011,2021,6,2,2021-06,False
2021-06-11,JSWSTEEL,672.027,690.945,663.321,688.216,11372473,3.5988,662.208,627.67,406.474,61.7193,12.2899,14.525,-2.23513,688.011,636.404,7.7931,2021,6,2,2021-06,False
2021-06-14,JSWSTEEL,689.581,693.863,672.639,686.287,10470356,-0.2804,662.902,632.596,408.56,60.9202,12.886,14.1972,-1.31121,690.542,635.262,8.339,2021,6,2,2021-06,False
2021-06-15,JSWSTEEL,685.204,689.346,674.851,682.475,5124845,-0.5554,663.262,637.427,410.632,59.2872,12.9021,13.9382,-1.03609,691.755,634.769,8.5917,2021,6,2,2021-06,False
2021-06-16,JSWSTEEL,677.674,686.051,662.191,663.933,9016464,-2.7169,663.241,641.129,412.605,51.987,11.2885,13.4082,-2.11971,691.731,634.751,8.5911,2021,6,2,2021-06,False
2021-06-17,JSWSTEEL,660.827,669.203,652.685,655.415,5639158,-1.283,663.328,644.496,414.52,49.002,9.2162,12.5698,-3.35363,691.705,634.951,8.556,2021,6,2,2021-06,False
2021-06-18,JSWSTEEL,654.615,655.462,617.531,631.178,13505600,-3.6979,662.029,647.002,416.355,41.6704,5.55417,11.1667,-5.61252,693.774,630.284,9.5902,2021,6,2,2021-06,False
2021-06-21,JSWSTEEL,618.284,636.543,608.166,633.39,8187341,0.3505,661.629,649.085,418.252,42.5157,2.79823,9.493,-6.69478,694.645,628.613,9.9803,2021,6,2,2021-06,False
2021-06-22,JSWSTEEL,636.261,642.379,633.673,635.555,5398107,0.3418,660.427,650.236,420.08,43.3806,0.779809,7.75036,-6.97056,695.444,625.409,10.6046,2021,6,2,2021-06,False
2021-06-23,JSWSTEEL,639.085,644.732,625.108,626.378,6059813,-1.4439,659.641,651.074,421.833,40.5926,-1.54252,5.89179,-7.43431,697.017,622.265,11.3323,2021,6,2,2021-06,False
2021-06-24,JSWSTEEL,630.237,641.438,625.813,639.085,6985183,2.0285,659.507,652.483,423.648,45.7878,-2.33081,4.24727,-6.57808,697.171,621.842,11.422,2021,6,2,2021-06,False
2021-06-25,JSWSTEEL,644.732,661.062,644.732,648.967,9066409,1.5464,659.492,653.596,425.564,49.4878,-2.13349,2.97112,-5.10461,697.173,621.812,11.4272,2021,6,2,2021-06,False
2021-06-28,JSWSTEEL,652.167,660.121,642.614,654.473,5669654,0.8484,658.761,654.843,427.488,51.4749,-1.51535,2.07382,-3.58917,696.223,621.299,11.3735,2021,6,2,2021-06,False
2021-06-29,JSWSTEEL,654.144,655.556,643.414,645.579,4377422,-1.359,658.356,656.095,429.393,48.1778,-1.72331,1.3144,-3.03771,696.222,620.49,11.5033,2021,6,2,2021-06,False
2021-06-30,JSWSTEEL,646.661,656.968,642.52,643.697,6112824,-0.2916,657.314,657.377,431.262,47.4846,-2.01676,0.648164,-2.66493,695.608,619.019,11.6518,2021,6,2,2021-06,False
2021-07-01,JSWSTEEL,647.367,649.438,639.649,640.544,4133198,-0.4898,655.735,658.506,433.121,46.2833,-2.47522,0.0234874,-2.49871,694.062,617.407,11.69,2021,7,3,2021-07,False
2021-07-02,JSWSTEEL,641.014,642.802,628.261,631.837,5499982,-1.3592,653.386,659.081,434.926,43.0451,-3.50072,-0.681354,-2.81937,691.517,615.255,11.6718,2021,7,3,2021-07,False
2021-07-05,JSWSTEEL,639.631,641.531,631.505,639.393,5427717,1.1958,651.672,659.908,436.759,46.5408,-3.66154,-1.27739,-2.38415,689.038,614.307,11.4676,2021,7,3,2021-07,False
2021-07-06,JSWSTEEL,639.393,647.899,636.257,639.773,4790854,0.0595,650.365,660.358,438.595,46.718,-3.71549,-1.76501,-1.95048,687.462,613.269,11.4078,2021,7,3,2021-07,False
2021-07-07,JSWSTEEL,638.49,659.589,635.829,656.168,8536360,2.5626,650.333,660.946,440.518,53.8261,-2.40756,-1.89352,-0.514042,687.406,613.259,11.4013,2021,7,3,2021-07,False
2021-07-08,JSWSTEEL,653.887,657.166,633.596,635.116,7099529,-3.2083,648.873,661.175,442.343,45.4429,-3.03475,-2.12177,-0.912981,685.928,611.818,11.4213,2021,7,3,2021-07,False
2021-07-09,JSWSTEEL,637.73,649.705,636.779,647.757,7814242,1.9903,646.85,660.454,444.228,50.4347,-2.48318,-2.19405,-0.289134,678.947,614.753,9.9242,2021,7,3,2021-07,False
2021-07-12,JSWSTEEL,651.036,668.856,647.091,660.017,11632489,1.8927,645.536,660.141,446.251,54.7585,-1.04471,-1.96418,0.91947,672.593,618.48,8.3826,2021,7,3,2021-07,False
2021-07-13,JSWSTEEL,663.391,668.618,659.589,666.623,6832695,1.0008,644.744,659.859,448.305,56.938,0.621132,-1.44712,2.06825,667.89,621.597,7.18,2021,7,3,2021-07,False
2021-07-14,JSWSTEEL,669.094,670.852,659.779,665.672,5996797,-0.1426,644.831,659.706,450.371,56.5161,1.84338,-0.78902,2.6324,668.292,621.37,7.2766,2021,7,3,2021-07,False
2021-07-15,JSWSTEEL,665.292,672.848,661.538,664.437,4735495,-0.1856,645.282,659.484,452.477,55.9358,2.68141,-0.0949338,2.77635,669.917,620.647,7.6355,2021,7,3,2021-07,False
2021-07-16,JSWSTEEL,668.618,671.945,665.957,668.713,3590287,0.6437,647.159,659.121,454.557,57.5601,3.64861,0.653775,2.99484,672.961,621.356,7.9742,2021,7,3,2021-07,False
2021-07-19,JSWSTEEL,662.441,677.03,659.589,663.771,5377227,-0.7391,648.678,658.147,456.572,55.0355,3.97056,1.31713,2.65343,674.644,622.711,8.006,2021,7,3,2021-07,False
2021-07-20,JSWSTEEL,663.058,663.391,641.912,648.184,5829609,-2.3482,649.309,656.83,458.476,47.8998,2.93416,1.64054,1.29362,674.536,624.083,7.7702,2021,7,3,2021-07,False
2021-07-22,JSWSTEEL,655.693,686.771,654.885,681.021,9472817,5.066,652.041,656.628,460.574,59.742,4.70818,2.25407,2.45412,678.611,625.471,8.1498,2021,7,3,2021-07,False
2021-07-23,JSWSTEEL,690.858,690.953,676.697,681.972,8731309,0.1396,654.186,656.942,462.657,60.0252,6.12026,3.02731,3.09295,683.166,625.206,8.8599,2021,7,3,2021-07,False
2021-07-26,JSWSTEEL,693.329,693.329,666.242,669.616,14645713,-1.8117,655.218,657.024,464.64,54.6434,6.17122,3.65609,2.51513,684.879,625.557,9.0537,2021,7,3,2021-07,False
2021-07-27,JSWSTEEL,674.653,682.304,668.428,675.414,6840353,0.8658,656.265,657.084,466.646,56.6093,6.6033,4.24553,2.35777,687.263,625.267,9.4469,2021,7,3,2021-07,False
2021-07-28,JSWSTEEL,676.697,689.433,666.67,685.916,8329455,1.5549,658.282,657.297,468.704,59.9922,7.70435,4.93729,2.76706,691.521,625.043,10.0986,2021,7,3,2021-07,False
2021-07-29,JSWSTEEL,689.527,720.511,687.199,711.292,18513875,3.6996,661.662,658.235,470.882,66.7398,10.5035,6.05054,4.45297,701.706,621.618,12.1041,2021,7,3,2021-07,False
2021-07-30,JSWSTEEL,709.154,720.274,697.178,700.41,9971622,-1.5299,664.655,659.17,473.009,61.9171,11.7088,7.18218,4.52659,706.94,622.371,12.7238,2021,7,3,2021-07,False
2021-08-02,JSWSTEEL,704.639,714.191,697.131,709.676,6971560,1.323,668.547,660.221,475.216,64.2838,13.2589,8.39752,4.86134,712.413,624.682,13.1227,2021,8,3,2021-08,False
2021-08-03,JSWSTEEL,709.011,709.011,692.284,703.594,6939253,-0.8571,671.757,661.465,477.369,61.5785,13.837,9.48541,4.35156,716.034,627.48,13.1824,2021,8,3,2021-08,False
2021-08-04,JSWSTEEL,704.259,716.614,699.887,710.199,6680733,0.9388,675.278,662.477,479.552,63.3808,14.6592,10.5202,4.13901,720.044,630.513,13.2585,2021,8,3,2021-08,False
2021-08-05,JSWSTEEL,710.199,727.449,703.784,725.406,8613347,2.1412,678.74,664.143,481.807,67.1957,16.3493,11.686,4.66334,727.788,629.693,14.4525,2021,8,3,2021-08,False
2021-08-06,JSWSTEEL,729.445,737.999,718.23,719.798,8973665,-0.773,682.974,665.703,483.943,64.5262,17.0399,12.7568,4.28313,730.77,635.179,13.9963,2021,8,3,2021-08,False
2021-08-09,JSWSTEEL,724.075,724.693,705.637,710.294,5119564,-1.3204,686.101,666.924,486.019,60.1635,16.6286,13.5311,3.09746,732.353,639.849,13.4826,2021,8,3,2021-08,False
2021-08-10,JSWSTEEL,711.767,712.813,683.92,686.344,6382357,-3.3719,687.418,667.269,487.951,50.8358,14.2063,13.6662,0.540109,732.013,642.822,12.9747,2021,8,3,2021-08,False
2021-08-11,JSWSTEEL,690.953,714.714,690.953,711.957,11909486,3.7319,689.684,668.435,489.991,58.2845,14.1898,13.7709,0.418908,734.437,644.931,12.9778,2021,8,3,2021-08,False
2021-08-12,JSWSTEEL,715.711,716.899,704.639,711.767,3506281,-0.0267,691.989,669.379,492.018,58.214,14.0,13.8167,0.183306,736.281,647.697,12.8013,2021,8,3,2021-08,False
2021-08-13,JSWSTEEL,709.866,719.988,696.085,711.91,5611264,0.02,694.363,670.175,494.065,58.2548,13.7032,13.794,-0.0908396,737.511,651.215,12.4281,2021,8,3,2021-08,False
2021-08-16,JSWSTEEL,708.061,732.391,702.548,723.885,9095337,1.6821,697.121,671.076,496.234,61.641,14.2697,13.8892,0.380566,740.419,653.824,12.4219,2021,8,3,2021-08,False
2021-08-17,JSWSTEEL,720.986,724.646,699.364,707.348,6482187,-2.2845,699.3,671.75,498.317,55.0055,13.2318,13.7577,-0.525904,739.829,658.772,11.5912,2021,8,3,2021-08,False
2021-08-18,JSWSTEEL,710.912,711.767,696.561,700.885,5905871,-0.9137,701.935,672.449,500.382,52.6214,11.7522,13.3566,-1.60437,734.551,669.319,9.2931,2021,8,3,2021-08,False
2021-08-20,JSWSTEEL,686.201,686.201,647.709,650.655,13126219,-7.1666,700.417,672.326,502.191,38.6136,6.45218,11.9757,-5.52353,739.348,661.486,11.1165,2021,8,3,2021-08,False
2021-08-23,JSWSTEEL,661.49,665.957,631.077,650.275,11781361,-0.0584,698.832,672.045,503.988,38.53,2.19588,10.0197,-7.82386,743.135,654.53,12.679,2021,8,3,2021-08,False
2021-08-24,JSWSTEEL,655.883,662.441,649.135,657.356,8283854,1.0889,698.219,671.428,505.819,41.0883,-0.59902,7.89599,-8.49501,744.518,651.92,13.262,2021,8,3,2021-08,False
2021-08-25,JSWSTEEL,661.49,666.242,646.284,649.943,5539409,-1.1277,696.946,670.701,507.588,39.2466,-3.37331,5.64213,-9.01544,747.124,646.767,14.3997,2021,8,3,2021-08,False
2021-08-26,JSWSTEEL,649.135,651.036,636.114,638.68,5659963,-1.7328,694.584,669.825,509.285,36.5651,-6.40687,3.23233,-9.6392,751.007,638.161,16.2465,2021,8,3,2021-08,False
2021-08-27,JSWSTEEL,639.536,647.614,638.443,643.907,4978277,0.8184,691.215,669.425,510.963,38.6599,-8.2936,0.927144,-9.22074,751.361,631.068,17.4032,2021,8,3,2021-08,False
2021-08-30,JSWSTEEL,649.182,659.589,649.182,652.509,5891576,1.3358,688.819,669.367,512.689,42.051,-8.99114,-1.05651,-7.93463,751.198,626.441,18.1117,2021,8,3,2021-08,False
2021-08-31,JSWSTEEL,654.125,658.116,646.711,653.507,5399215,0.1529,686.011,669.813,514.389,42.4485,-9.35558,-2.71633,-6.63926,749.484,622.538,18.5049,2021,8,3,2021-08,False
2021-09-01,JSWSTEEL,653.887,654.837,641.531,643.1,4316801,-1.5925,682.986,670.008,516.029,39.4121,-10.3647,-4.246,-6.11869,748.659,617.314,19.2309,2021,9,3,2021-09,False
2021-09-02,JSWSTEEL,647.282,654.837,644.383,651.083,3635439,1.2414,680.03,670.318,517.671,42.7927,-10.4003,-5.47686,-4.92346,745.867,614.194,19.3628,2021,9,3,2021-09,False
2021-09-03,JSWSTEEL,652.081,660.777,648.565,656.643,4145359,0.854,676.592,670.923,519.364,45.0906,-9.86618,-6.35473,-3.51146,739.571,613.613,18.6165,2021,9,3,2021-09,False
2021-09-06,JSWSTEEL,662.441,662.441,647.804,652.604,5179490,-0.6151,673.233,671.194,521.012,43.7167,-9.65749,-7.01528,-2.64221,733.623,612.842,17.9404,2021,9,3,2021-09,False
2021-09-07,JSWSTEEL,655.265,663.201,648.66,649.895,3555927,-0.4151,670.213,671.212,522.652,42.7755,-9.60001,-7.53223,-2.06778,728.814,611.612,17.4872,2021,9,3,2021-09,False
2021-09-08,JSWSTEEL,650.085,657.213,647.899,652.984,3288571,0.4753,668.545,671.183,524.312,44.2496,-9.19916,-7.86561,-1.33355,727.111,609.978,17.5206,2021,9,3,2021-09,False
2021-09-09,JSWSTEEL,649.943,657.213,649.182,654.79,2381494,0.2765,665.686,671.367,525.974,45.1392,-8.63623,-8.01974,-0.616495,720.811,610.562,16.5617,2021,9,3,2021-09,False
2021-09-13,JSWSTEEL,658.877,665.292,653.412,659.97,3778975,0.7911,663.096,671.692,527.715,47.7167,-7.68356,-7.9525,0.268941,713.795,612.398,15.2914,2021,9,3,2021-09,False
2021-09-14,JSWSTEEL,661.87,667.193,657.926,659.257,3185808,-0.108,660.464,672.066,529.43,47.3868,-6.90646,-7.74329,0.836831,705.659,615.269,13.6859,2021,9,3,2021-09,False
2021-09-15,JSWSTEEL,662.441,663.391,652.984,662.108,2871538,0.4325,657.375,672.672,531.151,48.9085,-5.99147,-7.39293,1.40146,691.378,623.372,10.3451,2021,9,3,2021-09,False
2021-09-16,JSWSTEEL,665.339,666.195,653.887,655.265,3372499,-1.0335,654.771,672.989,532.823,45.5065,-5.75221,-7.06479,1.31258,679.324,630.218,7.4997,2021,9,3,2021-09,False
2021-09-17,JSWSTEEL,657.689,657.689,635.544,648.469,7804735,-1.0371,652.15,673.163,534.473,42.3558,-6.04129,-6.86009,0.818797,663.751,640.549,3.5579,2021,9,3,2021-09,False
2021-09-20,JSWSTEEL,636.684,636.684,596.957,601.804,10340874,-7.1962,649.707,672.076,535.792,28.0124,-9.92152,-7.47237,-2.44915,675.058,624.357,7.8035,2021,9,3,2021-09,False
2021-09-21,JSWSTEEL,601.852,638.68,597.527,635.781,14289169,5.6459,648.983,672.089,537.323,43.1168,-10.1381,-8.00551,-2.13257,675.082,622.883,8.0431,2021,9,3,2021-09,False
2021-09-22,JSWSTEEL,638.49,649.515,633.168,644.905,8147214,1.4351,648.36,672.032,538.862,46.3708,-9.46438,-8.29729,-1.16709,674.211,622.509,7.9743,2021,9,3,2021-09,False
2021-09-23,JSWSTEEL,651.321,653.174,640.676,643.67,4039612,-0.1916,648.047,671.705,540.346,45.9872,-8.92725,-8.42328,-0.503971,673.969,622.124,8.0002,2021,9,3,2021-09,False
2021-09-24,JSWSTEEL,643.67,645.333,618.484,626.467,7363339,-2.6726,647.436,670.902,541.734,40.9119,-9.77697,-8.69402,-1.08295,674.821,620.05,8.4597,2021,9,3,2021-09,False
2021-09-27,JSWSTEEL,627.703,630.839,614.255,616.488,5889365,-1.593,646.065,669.919,543.073,38.2731,-11.1274,-9.18069,-1.94668,676.742,615.388,9.4965,2021,9,3,2021-09,False
2021-09-28,JSWSTEEL,617.771,634.784,615.965,628.083,4735779,1.8808,644.844,669.191,544.496,42.8829,-11.1336,-9.57127,-1.56233,676.373,613.314,9.779,2021,9,3,2021-09,False
2021-09-29,JSWSTEEL,626.23,650.37,621.193,646.094,7345149,2.8675,644.473,668.739,546.019,49.2258,-9.57487,-9.57199,-0.00287952,675.747,613.199,9.7053,2021,9,3,2021-09,False
2021-09-30,JSWSTEEL,649.325,649.325,633.31,635.164,4934499,-1.6917,644.076,668.167,547.492,45.8949,-9.11642,-9.48088,0.364453,675.624,612.529,9.7963,2021,9,3,2021-09,False
2021-10-01,JSWSTEEL,627.275,652.651,626.23,640.819,5193048,0.8903,643.563,668.02,548.991,47.8607,-8.20224,-9.22515,1.02291,674.964,612.162,9.7586,2021,10,4,2021-10,False
2021-10-04,JSWSTEEL,641.056,652.746,629.271,647.377,5617530,1.0234,643.1,667.347,550.536,50.1238,-6.86939,-8.754,1.88461,673.957,612.242,9.5965,2021,10,4,2021-10,False
2021-10-05,JSWSTEEL,647.377,656.596,643.575,645.666,4186464,-0.2643,642.753,666.621,552.082,49.5199,-5.88333,-8.17986,2.29654,673.315,612.191,9.5098,2021,10,4,2021-10,False
2021-10-06,JSWSTEEL,646.284,650.085,623.046,626.562,5994344,-2.9587,641.586,665.76,553.493,43.2536,-6.56764,-7.85742,1.28978,672.775,610.397,9.7225,2021,10,4,2021-10,False
2021-10-07,JSWSTEEL,632.978,636.779,626.325,633.5,3042177,1.1073,640.612,664.921,554.916,45.9297,-6.47547,-7.58103,1.10556,671.518,609.706,9.6489,2021,10,4,2021-10,False
2021-10-08,JSWSTEEL,636.827,649.135,631.552,632.835,3826818,-0.105,639.514,663.86,556.357,45.7071,-6.38254,-7.34133,0.958792,669.854,609.174,9.4885,2021,10,4,2021-10,False
2021-10-11,JSWSTEEL,637.777,644.383,633.643,639.06,2257738,0.9837,638.469,662.415,557.838,48.2351,-5.74039,-7.02114,1.28075,667.242,609.696,9.0131,2021,10,4,2021-10,False
2021-10-12,JSWSTEEL,639.06,647.234,632.408,640.344,2930894,0.2008,637.523,661.214,559.376,48.7647,-5.06951,-6.63082,1.5613,664.613,610.433,8.4985,2021,10,4,2021-10,False
2021-10-13,JSWSTEEL,640.391,657.689,637.73,647.662,5601758,1.1429,636.801,659.973,560.911,51.7936,-3.90233,-6.08512,2.18278,661.822,611.779,7.8584,2021,10,4,2021-10,False
2021-10-14,JSWSTEEL,655.788,664.341,649.087,658.496,4751065,1.6729,636.962,659.071,562.477,55.9461,-2.0791,-5.28392,3.20481,662.522,611.403,8.0254,2021,10,4,2021-10,False
2021-10-18,JSWSTEEL,661.015,691.238,661.015,680.308,9493244,3.3124,638.554,658.474,564.155,62.8786,1.11304,-4.00452,5.11757,670.339,606.769,9.9553,2021,10,4,2021-10,False
2021-10-19,JSWSTEEL,686.676,686.676,654.315,657.261,4164143,-3.3878,641.327,657.111,565.622,53.3291,1.76278,-2.85106,4.61384,669.026,613.628,8.6381,2021,10,4,2021-10,False
2021-10-20,JSWSTEEL,657.689,661.205,641.912,651.178,3256699,-0.9255,642.097,655.738,567.081,51.1223,1.76651,-1.92755,3.69406,670.002,614.192,8.692,2021,10,4,2021-10,False
2021-10-21,JSWSTEEL,657.071,659.542,622.618,640.676,5811087,-1.6128,641.886,654.346,568.468,47.47,0.911518,-1.35973,2.27125,669.765,614.006,8.6869,2021,10,4,2021-10,False
2021-10-22,JSWSTEEL,642.482,655.788,625.422,634.689,10162556,-0.9345,641.436,653.313,569.819,45.4753,-0.246366,-1.13706,0.890695,669.484,613.389,8.7453,2021,10,4,2021-10,False
2021-10-25,JSWSTEEL,636.779,644.383,620.67,640.819,3987950,0.9658,642.154,651.89,571.189,47.8896,-0.661719,-1.04199,0.380273,669.309,614.999,8.4576,2021,10,4,2021-10,False
2021-10-26,JSWSTEEL,645.048,662.868,641.056,659.922,4238644,2.9811,644.326,650.853,572.592,54.6315,0.544315,-0.724731,1.26905,669.729,618.922,7.8853,2021,10,4,2021-10,False
2021-10-27,JSWSTEEL,659.922,664.817,648.279,650.941,3330934,-1.361,645.469,649.634,573.986,51.2729,0.766547,-0.426476,1.19302,669.831,621.107,7.5486,2021,10,4,2021-10,False
2021-10-28,JSWSTEEL,649.04,650.465,631.124,634.356,3080237,-2.5478,644.882,647.843,575.268,45.6873,-0.391083,-0.419397,0.0283143,669.741,620.023,7.7096,2021,10,4,2021-10,False
2021-10-29,JSWSTEEL,636.779,650.846,630.127,635.972,3612552,0.2547,644.922,646.416,576.54,46.3011,-1.1647,-0.568458,-0.596243,669.717,620.127,7.6893,2021,10,4,2021-10,False
2021-11-01,JSWSTEEL,646.283,656.5,639.155,654.79,3234840,2.959,645.621,645.494,577.918,52.9673,-0.25638,-0.506042,0.249663,670.714,620.527,7.7735,2021,11,4,2021-11,False
2021-11-02,JSWSTEEL,659.019,659.019,638.205,639.488,3204544,-2.3369,645.226,645.27,579.237,47.7739,-0.762463,-0.557326,-0.205136,670.451,620.001,7.819,2021,11,4,2021-11,False
2021-11-03,JSWSTEEL,643.86,649.657,640.153,646.521,2265795,1.0998,645.269,645.195,580.589,50.1912,-0.589229,-0.563707,-0.0255224,670.5,620.038,7.8204,2021,11,4,2021-11,False
2021-11-04,JSWSTEEL,646.521,646.521,646.521,646.521,0,0.0,646.267,644.979,581.926,50.1912,-0.44679,-0.540324,0.0935333,669.912,622.622,7.3174,2021,11,4,2021-11,False
2021-11-08,JSWSTEEL,649.135,653.839,634.926,651.843,2919045,0.8232,647.184,645.017,583.319,52.1357,0.0944671,-0.413365,0.507833,670.157,624.211,7.0995,2021,11,4,2021-11,False
2021-11-09,JSWSTEEL,651.986,657.071,641.674,643.1,2494969,-1.3414,647.697,645.105,584.68,48.7675,-0.180052,-0.366703,0.186651,669.762,625.633,6.8131,2021,11,4,2021-11,False
2021-11-10,JSWSTEEL,641.531,642.529,619.862,629.556,6871348,-2.106,647.222,644.818,586.025,44.0233,-1.47347,-0.588056,-0.885412,670.448,623.996,7.1772,2021,11,4,2021-11,False
2021-11-11,JSWSTEEL,629.556,636.637,627.513,634.308,3868489,0.7548,646.92,644.454,587.336,46.008,-2.09095,-0.888634,-1.20231,670.674,623.167,7.3435,2021,11,4,2021-11,False
2021-11-12,JSWSTEEL,638.728,642.244,630.459,638.062,2542949,0.5918,646.44,644.145,588.639,47.589,-2.25144,-1.16119,-1.09024,670.516,622.364,7.4488,2021,11,4,2021-11,False
2021-11-15,JSWSTEEL,641.531,641.579,625.422,628.701,3143670,-1.4672,644.951,643.857,589.932,44.1196,-3.0983,-1.54862,-1.54969,669.567,620.334,7.6335,2021,11,4,2021-11,False
2021-11-16,JSWSTEEL,625.374,640.581,623.188,631.932,2795558,0.514,642.532,643.474,591.325,45.594,-3.46872,-1.93264,-1.53608,661.342,623.722,5.8549,2021,11,4,2021-11,False
2021-11-17,JSWSTEEL,627.56,638.395,625.945,629.509,2882577,-0.3835,641.144,642.931,592.672,44.6426,-3.91274,-2.32866,-1.58408,659.467,622.821,5.7158,2021,11,4,2021-11,False
2021-11-18,JSWSTEEL,630.127,633.833,611.118,618.294,4010171,-1.7815,639.5,642.245,593.993,40.4377,-5.11066,-2.88506,-2.2256,659.824,619.176,6.3563,2021,11,4,2021-11,False
2021-11-22,JSWSTEEL,622.476,630.602,613.066,624.424,3944981,0.9915,638.687,641.736,595.344,43.5667,-5.50195,-3.40844,-2.09351,660.085,617.29,6.7005,2021,11,4,2021-11,False
2021-11-23,JSWSTEEL,624.519,655.503,624.519,649.42,9033812,4.0031,639.424,641.665,596.865,54.1448,-3.75182,-3.47711,-0.274709,661.252,617.596,6.8274,2021,11,4,2021-11,False
2021-11-24,JSWSTEEL,649.42,661.49,636.779,649.372,4374307,-0.0073,639.852,641.556,598.32,54.124,-2.34168,-3.25003,0.908346,662.125,617.578,6.9621,2021,11,4,2021-11,False
2021-11-25,JSWSTEEL,649.372,653.697,640.771,647.139,2850008,-0.3439,639.212,641.3,599.725,53.0931,-1.38835,-2.87769,1.48934,659.725,618.7,6.4181,2021,11,4,2021-11,False
2021-11-26,JSWSTEEL,635.116,639.203,593.298,597.48,8921840,-7.6737,636.539,640.064,600.863,36.4631,-4.58704,-3.21956,-1.36748,663.528,609.551,8.4798,2021,11,4,2021-11,False
2021-11-29,JSWSTEEL,600.378,606.176,587.453,594.581,4230776,-0.4852,634.551,638.713,601.952,35.759,-7.27212,-4.03007,-3.24204,667.435,601.667,10.3645,2021,11,4,2021-11,False
2021-11-30,JSWSTEEL,590.684,601.234,574.337,578.234,6606473,-2.7493,631.664,637.173,602.951,32.0056,-10.597,-5.34345,-5.25352,673.059,590.269,13.1067,2021,11,4,2021-11,False
2021-12-01,JSWSTEEL,584.459,608.077,583.556,605.606,6580138,4.7337,629.205,636.316,604.013,42.8269,-10.8976,-6.45429,-4.44334,670.659,587.75,13.1767,2021,12,4,2021-12,False
2021-12-02,JSWSTEEL,606.366,616.583,599.523,614.682,4017457,1.4987,627.964,636.573,605.174,45.9015,-10.2849,-7.22042,-3.06453,669.607,586.322,13.2627,2021,12,4,2021-12,False
2021-12-03,JSWSTEEL,605.416,622.381,605.416,612.591,4885753,-0.3402,626.268,636.109,606.304,45.2971,-9.85452,-7.74724,-2.10728,667.49,585.046,13.1643,2021,12,4,2021-12,False
2021-12-06,JSWSTEEL,612.734,628.226,605.178,610.976,13699768,-0.2638,624.49,635.431,607.435,44.8062,-9.53388,-8.10457,-1.42931,665.096,583.885,13.0044,2021,12,4,2021-12,False
2021-12-07,JSWSTEEL,616.773,630.744,615.062,627.893,12896360,2.7689,623.293,635.115,608.674,50.8166,-7.82448,-8.04855,0.224072,661.864,584.722,12.3765,2021,12,4,2021-12,False
2021-12-08,JSWSTEEL,632.55,642.482,627.418,639.583,9676621,1.8618,623.117,635.378,609.972,54.5034,-5.46349,-7.53154,2.06805,661.338,584.896,12.2677,2021,12,4,2021-12,False
2021-12-09,JSWSTEEL,642.482,644.715,628.273,640.676,9692290,0.1709,623.673,635.861,611.257,54.8442,-3.46427,-6.71808,3.25381,662.606,584.741,12.4849,2021,12,4,2021-12,False
2021-12-10,JSWSTEEL,636.779,647.662,636.779,645.856,2430834,0.8085,624.251,636.217,612.563,56.5071,-1.44524,-5.66352,4.21828,664.177,584.324,12.7918,2021,12,4,2021-12,False
2021-12-13,JSWSTEEL,648.184,658.591,634.498,637.302,4149735,-1.3244,624.212,636.041,613.831,53.0339,-0.529263,-4.63666,4.1074,664.085,584.34,12.7753,2021,12,4,2021-12,False
2021-12-14,JSWSTEEL,632.55,642.482,628.463,637.064,2942047,-0.0373,624.631,636.079,615.154,52.9366,0.175459,-3.67424,3.8497,664.875,584.386,12.8858,2021,12,4,2021-12,False
2021-12-15,JSWSTEEL,637.065,644.05,624.044,625.85,4724542,-1.7604,624.327,635.78,616.372,48.4196,-0.169035,-2.9732,2.80416,664.43,584.223,12.847,2021,12,4,2021-12,False
2021-12-16,JSWSTEEL,632.027,633.168,621.097,629.319,2474595,0.5543,624.317,635.418,617.577,49.8452,-0.160287,-2.41062,2.25033,664.416,584.218,12.8456,2021,12,4,2021-12,False
2021-12-17,JSWSTEEL,629.319,632.027,620.67,627.513,3003978,-0.2869,624.778,635.055,618.794,49.0847,-0.295658,-1.98763,1.69197,664.797,584.759,12.8106,2021,12,4,2021-12,False
2021-12-20,JSWSTEEL,617.866,623.474,599.238,610.738,4070706,-2.6732,624.094,634.739,619.863,42.5847,-1.73651,-1.9374,0.20089,664.603,583.584,12.9818,2021,12,4,2021-12,False
2021-12-21,JSWSTEEL,614.92,632.978,613.399,625.659,3127861,2.4432,622.906,634.582,621.13,49.0482,-1.65528,-1.88098,0.225699,661.643,584.169,12.4375,2021,12,4,2021-12,False
2021-12-22,JSWSTEEL,630.269,633.12,625.042,628.226,1273217,0.4101,621.848,634.49,622.365,50.0888,-1.36807,-1.7784,0.410329,658.65,585.047,11.8361,2021,12,4,2021-12,False
2021-12-23,JSWSTEEL,632.788,637.635,615.11,618.009,2971327,-1.6263,620.392,634.069,623.51,46.0557,-1.94248,-1.81121,-0.131265,655.232,585.552,11.2317,2021,12,4,2021-12,False
2021-12-24,JSWSTEEL,619.719,622.951,607.602,619.007,3973912,0.1615,621.468,633.642,624.59,46.5088,-2.29077,-1.90712,-0.383643,654.617,588.319,10.6679,2021,12,4,2021-12,False
2021-12-27,JSWSTEEL,615.87,622.333,611.261,620.67,1838919,0.2687,622.773,633.102,625.745,47.3031,-2.40486,-2.00667,-0.398189,653.426,592.119,9.8441,2021,12,4,2021-12,False
2021-12-28,JSWSTEEL,622.571,628.606,620.1,624.757,2232852,0.6584,625.099,632.427,626.956,49.2956,-2.14084,-2.0335,-0.107332,647.461,602.737,7.1546,2021,12,4,2021-12,False
2021-12-29,JSWSTEEL,622.618,624.614,612.971,623.379,3014867,-0.2206,625.987,631.289,628.153,48.6279,-2.01951,-2.0307,0.0111929,646.417,605.558,6.527,2021,12,4,2021-12,False
2021-12-30,JSWSTEEL,623.474,626.705,611.641,613.779,3713255,-1.5399,625.942,630.419,629.332,44.1428,-2.6672,-2.158,-0.509192,646.48,605.404,6.5623,2021,12,4,2021-12,False
2021-12-31,JSWSTEEL,615.68,632.027,615.205,623.426,2499623,1.5717,626.484,629.864,630.501,49.2124,-2.3747,-2.20134,-0.173357,646.09,606.878,6.259,2021,12,4,2021-12,False
2022-01-03,JSWSTEEL,623.426,637.73,622.238,633.976,2383218,1.6922,627.634,629.73,631.7,54.1168,-1.27691,-2.01646,0.739543,646.073,609.195,5.8757,2022,1,1,2022-01,False
2022-01-04,JSWSTEEL,636.779,640.486,630.507,637.16,1999008,0.5022,628.097,629.78,632.864,55.5131,-0.148287,-1.64282,1.49454,647.023,609.172,6.0264,2022,1,1,2022-01,False
2022-01-05,JSWSTEEL,634.974,662.441,633.31,660.065,6342812,3.5949,629.121,630.164,634.16,64.0005,2.56484,-0.80129,3.36613,652.384,605.859,7.3951,2022,1,1,2022-01,False
2022-01-06,JSWSTEEL,657.689,658.164,638.87,640.534,4714784,-2.959,629.114,629.777,635.374,54.4595,3.10324,-0.0203834,3.12363,652.362,605.867,7.3905,2022,1,1,2022-01,False
2022-01-07,JSWSTEEL,642.482,645.333,634.403,639.488,2862614,-0.1632,628.796,629.548,636.58,53.9954,3.4063,0.664953,2.74135,651.238,606.353,7.1382,2022,1,1,2022-01,False
2022-01-10,JSWSTEEL,644.288,645.808,636.779,638.775,1841965,-0.1115,628.87,629.636,637.701,53.6597,3.54806,1.24157,2.30649,651.439,606.3,7.1777,2022,1,1,2022-01,False
2022-01-11,JSWSTEEL,631.077,635.401,611.356,613.684,6912370,-3.928,627.701,629.19,638.674,43.4252,1.61714,1.31669,0.300452,650.896,604.505,7.3906,2022,1,1,2022-01,False
2022-01-12,JSWSTEEL,619.672,626.515,616.821,624.471,5343630,1.7578,627.632,628.584,639.717,48.0158,0.946397,1.24263,-0.296233,650.858,604.405,7.4014,2022,1,1,2022-01,False
2022-01-13,JSWSTEEL,626.325,657.261,624.662,653.744,7202966,4.6876,628.853,628.869,640.928,57.98,2.74526,1.54315,1.2021,654.856,602.85,8.27,2022,1,1,2022-01,False
2022-01-14,JSWSTEEL,646.189,655.36,643.67,648.85,2054419,-0.7487,629.92,628.916,642.111,56.0456,3.73288,1.9811,1.75178,657.4,602.439,8.725,2022,1,1,2022-01,False
2022-01-17,JSWSTEEL,648.184,669.901,641.912,664.722,5920282,2.4462,632.619,629.28,643.339,60.6324,5.73026,2.73093,2.99933,662.652,602.585,9.495,2022,1,1,2022-01,False
2022-01-18,JSWSTEEL,668.476,669.616,643.955,646.474,3450193,-2.7452,633.66,629.172,644.372,53.6948,5.77417,3.33958,2.43459,664.117,603.202,9.6132,2022,1,1,2022-01,False
2022-01-19,JSWSTEEL,647.234,655.075,627.275,641.199,4889920,-0.8159,634.308,629.134,645.373,51.848,5.32198,3.73606,1.58593,664.831,603.785,9.624,2022,1,1,2022-01,False
2022-01-20,JSWSTEEL,645.333,651.986,639.06,648.66,2862609,1.1636,635.841,629.516,646.222,54.2451,5.50222,4.08929,1.41293,665.994,605.688,9.4843,2022,1,1,2022-01,False
2022-01-21,JSWSTEEL,645.238,646.284,629.319,633.215,3836844,-2.381,636.551,629.494,646.953,48.8264,4.34871,4.14118,0.207537,665.686,607.416,9.154,2022,1,1,2022-01,False
2022-01-24,JSWSTEEL,623.949,624.424,587.358,590.969,7296421,-6.6717,635.066,628.553,647.378,37.7254,0.0253485,3.31801,-3.29266,670.05,600.082,11.0174,2022,1,1,2022-01,False
2022-01-25,JSWSTEEL,589.259,608.837,582.225,599.856,5007835,1.5037,633.821,627.976,647.731,40.7756,-2.65329,2.12375,-4.77704,671.979,595.664,12.0404,2022,1,1,2022-01,False
2022-01-27,JSWSTEEL,588.308,600.806,581.703,595.056,4760551,-0.8001,632.405,627.238,647.817,39.6461,-5.1046,0.678081,-5.78268,674.13,590.68,13.1955,2022,1,1,2022-01,False
2022-01-28,JSWSTEEL,599.713,613.874,594.533,596.909,3719102,0.3115,631.562,626.586,647.879,40.3334,-6.81911,-0.821357,-5.99775,675.495,587.628,13.9127,2022,1,1,2022-01,False
2022-01-31,JSWSTEEL,604.465,607.317,596.862,597.765,2892647,0.1433,630.279,626.176,648.024,40.6693,-8.01644,-2.26037,-5.75607,676.644,583.913,14.7127,2022,1,1,2022-01,False
2022-02-01,JSWSTEEL,602.517,626.182,596.862,621.858,5150345,4.0305,629.673,626.124,648.167,49.3215,-6.94122,-3.19654,-3.74467,676.151,583.194,14.7628,2022,2,1,2022-02,False
2022-02-02,JSWSTEEL,627.275,630.887,619.862,627.133,2562721,0.8482,629.171,625.679,648.342,51.006,-5.59892,-3.67702,-1.9219,675.526,582.816,14.7352,2022,2,1,2022-02,False
2022-02-03,JSWSTEEL,624.424,634.308,617.771,620.765,2456228,-1.0154,627.206,625.106,648.531,48.8931,-4.99143,-3.9399,-1.05153,671.325,583.088,14.0683,2022,2,1,2022-02,False
2022-02-04,JSWSTEEL,614.92,632.883,614.92,624.757,3284062,0.643,626.417,624.659,648.757,50.2835,-4.14016,-3.97995,-0.160212,670.095,582.74,13.9451,2022,2,1,2022-02,False
2022-02-07,JSWSTEEL,626.705,633.595,613.589,618.864,2768417,-0.9432,625.386,625.086,648.931,48.1989,-3.8961,-3.96318,0.0670824,668.737,582.036,13.8637,2022,2,1,2022-02,False
2022-02-08,JSWSTEEL,623.093,630.031,612.306,627.37,3184065,1.3745,624.816,625.742,649.052,51.3352,-2.98192,-3.76693,0.785008,667.723,581.909,13.7343,2022,2,1,2022-02,False
2022-02-09,JSWSTEEL,629.984,633.548,625.232,630.174,2200828,0.4469,625.64,626.781,649.213,52.359,-2.00804,-3.41515,1.40711,668.28,583.001,13.6306,2022,2,1,2022-02,False
2022-02-10,JSWSTEEL,633.168,644.383,631.172,639.203,4284880,1.4328,626.377,627.453,649.322,55.5987,-0.501889,-2.8325,2.33061,669.438,583.316,13.7492,2022,2,1,2022-02,False
2022-02-11,JSWSTEEL,635.781,641.531,626.943,638.11,3122555,-0.171,625.595,627.921,649.379,55.1102,0.596677,-2.14666,2.74334,667.104,584.087,13.2702,2022,2,1,2022-02,False
2022-02-14,JSWSTEEL,623.759,632.027,574.337,595.484,6491576,-6.6801,622.927,627.579,649.238,40.254,-1.9498,-2.10729,0.157488,664.999,580.855,13.5078,2022,2,1,2022-02,False
2022-02-15,JSWSTEEL,604.323,611.546,586.502,608.885,4001839,2.2504,620.135,627.538,648.864,45.2508,-2.85368,-2.25657,-0.597107,657.698,582.572,12.1145,2022,2,1,2022-02,False
2022-02-16,JSWSTEEL,609.36,614.112,603.515,606.366,1939683,-0.4136,618.13,627.107,648.517,44.4976,-3.73023,-2.5513,-1.17893,654.018,582.242,11.6117,2022,2,1,2022-02,False
2022-02-17,JSWSTEEL,609.978,617.248,602.945,606.556,2382178,0.0314,616.398,626.446,648.146,44.5726,-4.35932,-2.9129,-1.44641,650.915,581.88,11.1998,2022,2,1,2022-02,False
2022-02-18,JSWSTEEL,603.705,610.643,599.856,601.471,1458069,-0.8383,614.038,625.662,647.787,42.9027,-5.20814,-3.37195,-1.83619,645.595,582.482,10.2783,2022,2,1,2022-02,False
2022-02-21,JSWSTEEL,600.568,603.515,590.447,592.205,1857572,-1.5406,611.988,624.589,647.37,39.9643,-6.55303,-4.00817,-2.54486,643.627,580.349,10.3398,2022,2,1,2022-02,False
2022-02-22,JSWSTEEL,580.705,593.726,572.626,591.159,3353278,-0.1765,611.997,623.666,646.892,39.6344,-7.61543,-4.72962,-2.88581,643.61,580.385,10.331,2022,2,1,2022-02,False
2022-02-23,JSWSTEEL,593.535,596.814,582.463,584.221,2339927,-1.1736,611.216,622.61,646.251,37.4269,-8.91447,-5.56659,-3.34788,644.804,577.627,10.9907,2022,2,1,2022-02,False
2022-02-24,JSWSTEEL,569.3,574.527,537.936,541.12,5487481,-7.3776,608.519,620.915,645.386,27.2666,-13.2689,-7.10706,-6.16188,654.093,562.945,14.9786,2022,2,1,2022-02,False
2022-02-25,JSWSTEEL,547.583,575.905,547.583,568.92,4524909,5.1374,607.119,619.707,644.775,38.8056,-14.3117,-8.54799,-5.76372,655.807,558.432,16.0389,2022,2,1,2022-02,False
2022-02-28,JSWSTEEL,562.172,598.573,560.936,596.339,7142843,4.8196,607.048,619.084,644.425,47.6306,-12.7783,-9.39405,-3.38424,655.797,558.299,16.0611,2022,2,1,2022-02,False
2022-03-02,JSWSTEEL,594.011,621.573,591.302,612.639,8894940,2.7333,606.587,619.122,644.161,52.0568,-10.131,-9.54144,-0.589569,654.919,558.255,15.9358,2022,3,1,2022-03,False
2022-03-03,JSWSTEEL,618.246,629.651,617.106,622.238,5940599,1.5669,606.342,619.053,643.91,54.496,-7.17573,-9.0683,1.89257,654.285,558.4,15.8136,2022,3,1,2022-03,False
2022-03-04,JSWSTEEL,622.238,627.655,597.527,600.616,7605400,-3.4749,605.335,618.501,643.537,48.5093,-6.50339,-8.55532,2.05193,652.846,557.824,15.6974,2022,3,1,2022-03,False
2022-03-07,JSWSTEEL,598.763,611.118,591.635,605.558,5507113,0.8228,604.375,618.252,643.243,49.865,-5.50827,-7.94591,2.43764,651.001,557.749,15.4296,2022,3,1,2022-03,False
2022-03-08,JSWSTEEL,608.219,608.219,582.701,598.62,5422987,-1.1457,603.363,617.844,642.968,47.9561,-5.21931,-7.40059,2.18127,649.542,557.184,15.3071,2022,3,1,2022-03,False
2022-03-09,JSWSTEEL,597.812,602.802,587.358,596.054,3784214,-0.4287,601.797,617.352,642.662,47.2358,-5.13814,-6.9481,1.80995,646.653,556.941,14.9074,2022,3,1,2022-03,False
2022-03-10,JSWSTEEL,600.664,619.814,593.06,618.484,5201836,3.7631,601.212,617.226,642.547,53.7715,-3.22672,-6.20382,2.9771,644.798,557.627,14.4993,2022,3,1,2022-03,False
2022-03-11,JSWSTEEL,616.345,639.631,615.11,636.542,8172290,2.9197,601.079,617.49,642.432,58.2547,-0.251884,-5.01344,4.76155,644.19,557.968,14.3446,2022,3,1,2022-03,False
2022-03-14,JSWSTEEL,633.928,639.631,625.945,631.885,2529995,-0.7316,600.768,617.852,642.381,56.7268,1.7102,-3.66871,5.37891,642.831,558.706,14.0029,2022,3,1,2022-03,False
2022-03-15,JSWSTEEL,626.325,628.036,603.515,609.36,4754984,-3.5647,601.462,617.571,642.219,49.9085,1.4311,-2.64875,4.07985,643.615,559.309,14.0169,2022,3,1,2022-03,False
2022-03-16,JSWSTEEL,616.488,629.889,615.395,622.761,3150421,2.1992,602.156,617.346,642.087,53.4902,2.26514,-1.66597,3.93111,645.269,559.042,14.3197,2022,3,1,2022-03,False
2022-03-17,JSWSTEEL,629.176,658.591,627.608,651.131,9991824,4.5555,604.394,617.626,641.997,60.0093,5.1559,-0.301595,5.4575,652.756,556.032,16.0035,2022,3,1,2022-03,False
2022-03-21,JSWSTEEL,655.503,664.341,645.333,647.519,4609771,-0.5547,606.442,617.375,641.966,58.8779,7.07389,1.1735,5.90038,658.517,554.367,17.1739,2022,3,1,2022-03,False
2022-03-22,JSWSTEEL,645.191,665.197,643.86,661.966,4811589,2.231,609.467,617.803,641.953,61.9669,9.64839,2.86848,6.77991,667.061,551.873,18.8998,2022,3,1,2022-03,False
2022-03-23,JSWSTEEL,668.048,674.796,657.926,669.474,8964532,1.1342,613.33,618.403,641.94,63.5014,12.1545,4.72567,7.42878,676.176,550.485,20.4932,2022,3,1,2022-03,False
2022-03-24,JSWSTEEL,669.569,683.825,669.284,679.643,6069039,1.519,617.754,619.22,641.944,65.53,14.7906,6.73866,8.05194,686.234,549.275,22.1705,2022,3,1,2022-03,False
2022-03-25,JSWSTEEL,682.399,690.478,675.034,685.583,16121868,0.874,622.823,620.658,642.004,66.6945,17.1613,8.82318,8.33809,695.714,549.931,23.4068,2022,3,1,2022-03,False
2022-03-28,JSWSTEEL,686.201,695.183,682.542,693.899,8935680,1.213,630.461,622.047,642.144,68.3086,19.4865,10.9558,8.53062,699.205,561.718,21.8074,2022,3,1,2022-03,False
2022-03-29,JSWSTEEL,695.23,726.831,690.62,716.519,7285191,3.2598,637.841,623.302,642.442,72.2483,22.8906,13.3428,9.54778,710.355,565.328,22.737,2022,3,1,2022-03,False
2022-03-30,JSWSTEEL,712.813,713.478,679.501,681.972,5994838,-4.8216,642.123,623.965,642.53,59.9834,22.5408,15.1824,7.3584,714.43,569.816,22.5213,2022,3,1,2022-03,False
2022-03-31,JSWSTEEL,688.102,700.933,684.823,696.323,5946576,2.1044,646.307,624.597,642.571,62.8079,23.1547,16.7768,6.37786,721.074,571.541,23.1366,2022,3,1,2022-03,False
2022-04-01,JSWSTEEL,698.556,712.765,692.379,695.895,5079937,-0.0614,649.99,625.585,642.619,62.666,23.3377,18.089,5.24869,726.988,572.992,23.692,2022,4,2,2022-04,False
2022-04-04,JSWSTEEL,696.18,701.408,690.763,696.371,4901374,0.0683,654.778,626.689,642.688,62.7667,23.253,19.1218,4.13122,730.75,578.806,23.2055,2022,4,2,2022-04,False
2022-04-05,JSWSTEEL,701.313,709.011,693.947,697.083,3524949,0.1024,659.354,627.657,642.854,62.9282,22.9786,19.8932,3.0854,733.855,584.853,22.5982,2022,4,2,2022-04,False
2022-04-06,JSWSTEEL,694.28,709.486,693.614,700.838,4111360,0.5386,664.465,629.01,643.081,63.8184,22.8012,20.4748,2.32638,735.36,593.57,21.3391,2022,4,2,2022-04,False
2022-04-07,JSWSTEEL,698.556,705.922,689.765,691.951,2954985,-1.268,669.26,631.029,643.385,60.1371,21.6934,20.7185,0.974913,733.315,605.204,19.1422,2022,4,2,2022-04,False
2022-04-08,JSWSTEEL,698.034,724.265,694.945,719.085,8125253,3.9214,674.29,633.414,643.814,66.4929,22.7429,21.1234,1.6195,737.349,611.231,18.7039,2022,4,2,2022-04,False
2022-04-11,JSWSTEEL,718.515,736.573,718.515,729.35,7926472,1.4274,678.93,636.1,644.283,68.5366,24.1247,21.7236,2.4011,743.923,613.938,19.1456,2022,4,2,2022-04,False
2022-04-12,JSWSTEEL,731.251,735.385,701.55,718.42,8595936,-1.4986,683.257,638.53,644.743,64.0564,24.0606,22.191,1.86955,746.562,619.952,18.5304,2022,4,2,2022-04,False
2022-04-13,JSWSTEEL,722.317,742.371,722.317,728.352,6722613,1.3825,689.207,641.142,645.189,66.2175,24.5284,22.6585,1.8699,745.216,633.198,16.2531,2022,4,2,2022-04,False
2022-04-18,JSWSTEEL,726.119,737.381,720.796,729.778,5866740,0.1957,694.558,643.3,645.593,66.5285,24.7291,23.0726,1.65651,743.888,645.227,14.2048,2022,4,2,2022-04,False
2022-04-19,JSWSTEEL,734.387,750.829,699.602,709.391,7301285,-2.7935,697.471,644.945,645.868,58.2658,22.9783,23.0538,-0.0754434,742.715,652.227,12.9738,2022,4,2,2022-04,False
2022-04-20,JSWSTEEL,720.416,720.416,696.181,702.216,4679947,-1.0115,700.205,646.574,646.151,55.6461,20.7723,22.5975,-1.82515,738.87,661.54,11.0439,2022,4,2,2022-04,False
2022-04-21,JSWSTEEL,707.11,710.199,689.528,697.796,3995936,-0.6294,701.997,648.035,646.421,54.0347,18.4547,21.7689,-3.31421,736.273,667.721,9.7653,2022,4,2,2022-04,False
2022-04-22,JSWSTEEL,693.804,700.457,686.249,687.532,2244262,-1.471,702.9,649.409,646.656,50.3852,15.6098,20.5371,-4.92731,734.408,671.392,8.9652,2022,4,2,2022-04,False
2022-04-25,JSWSTEEL,675.746,683.825,660.777,680.213,4935672,-1.0644,702.928,650.465,646.898,47.9012,12.6192,18.9535,-6.33434,734.349,671.508,8.9399,2022,4,2,2022-04,False
2022-04-26,JSWSTEEL,686.534,688.387,677.695,685.441,3260695,0.7685,702.921,651.571,647.128,49.8048,10.5493,17.2727,-6.72338,734.358,671.484,8.9447,2022,4,2,2022-04,False
2022-04-27,JSWSTEEL,677.647,697.796,675.746,684.87,3391522,-0.0832,702.47,652.484,647.354,49.5919,8.76188,15.5705,-6.80864,734.702,670.238,9.1768,2022,4,2,2022-04,False
2022-04-28,JSWSTEEL,693.662,697.844,686.819,692.949,4079934,1.1796,701.291,653.581,647.538,52.6777,7.90607,14.0376,-6.13156,733.081,669.502,9.066,2022,4,2,2022-04,False
2022-04-29,JSWSTEEL,694.85,703.309,687.437,691.096,3622889,-0.2674,701.748,655.493,647.818,51.893,6.99763,12.6296,-5.632,732.618,670.877,8.7983,2022,4,2,2022-04,False
2022-05-02,JSWSTEEL,684.3,697.796,673.893,695.658,2802163,0.6601,701.714,657.229,648.057,53.7207,6.57006,11.4177,-4.84765,732.611,670.817,8.8061,2022,5,2,2022-05,False
2022-05-04,JSWSTEEL,697.606,699.507,672.943,676.269,3011231,-2.7871,700.733,658.627,648.139,45.7626,4.61354,10.0569,-5.44334,733.592,667.874,9.3786,2022,5,2,2022-05,False
2022-05-05,JSWSTEEL,684.3,690.383,670.139,672.658,3131221,-0.534,699.547,659.949,648.169,44.442,2.73997,8.5935,-5.85353,734.701,664.394,10.0503,2022,5,2,2022-05,False
2022-05-06,JSWSTEEL,660.92,666.147,646.901,656.168,3930624,-2.4514,697.502,661.043,648.121,38.9193,-0.0745634,6.85989,-6.93445,737.664,657.339,11.5161,2022,5,2,2022-05,False
2022-05-09,JSWSTEEL,647.234,652.081,634.974,644.715,3380947,-1.7454,694.695,662.093,648.023,35.6095,-3.19243,4.84942,-8.04186,741.216,648.175,13.393,2022,5,2,2022-05,False
2022-05-10,JSWSTEEL,640.581,643.432,611.213,613.304,4293241,-4.8721,690.763,662.536,647.746,28.4605,-8.10457,2.25862,-10.3632,749.857,631.669,17.1097,2022,5,2,2022-05,False
2022-05-11,JSWSTEEL,612.544,625.374,603.847,616.773,4158341,0.5656,685.647,663.187,647.511,30.1289,-11.584,-0.509903,-11.0741,751.72,619.575,19.2729,2022,5,2,2022-05,False
2022-05-12,JSWSTEEL,615.585,619.244,589.259,593.821,4123927,-3.7214,678.871,664.241,647.239,25.8358,-16.009,-3.60973,-12.3993,753.338,604.404,21.9384,2022,5,2,2022-05,False
2022-05-13,JSWSTEEL,602.612,605.416,564.69,570.678,5567335,-3.8972,671.484,664.276,646.687,22.3741,-21.1396,-7.11571,-14.0239,757.801,585.167,25.7093,2022,5,2,2022-05,False
2022-05-16,JSWSTEEL,585.457,595.626,569.347,572.436,4641172,0.3081,663.688,663.798,646.139,23.2159,-24.7782,-10.6482,-14.13,756.312,571.064,27.912,2022,5,2,2022-05,False
2022-05-17,JSWSTEEL,579.754,613.779,578.946,610.025,6309092,6.5665,657.7,663.746,645.841,38.5561,-24.348,-13.3882,-10.9598,747.784,567.617,27.3934,2022,5,2,2022-05,False
2022-05-18,JSWSTEEL,611.071,612.924,596.862,599.761,4941565,-1.6826,652.219,663.296,645.463,36.4166,-24.5522,-15.621,-8.93127,742.4,562.037,27.6538,2022,5,2,2022-05,False
2022-05-19,JSWSTEEL,588.308,593.963,562.694,570.44,5816509,-4.8887,645.63,662.693,644.886,31.1065,-26.7714,-17.8511,-8.92037,739.607,551.653,29.1116,2022,5,2,2022-05,False
2022-05-20,JSWSTEEL,590.209,602.849,586.122,599.808,6187868,5.1483,640.731,662.577,644.328,40.4697,-25.8623,-19.4533,-6.40899,733.465,547.996,28.9465,2022,5,2,2022-05,False
2022-05-23,JSWSTEEL,564.548,564.548,510.849,520.401,17554373,-13.2388,632.374,661.013,643.428,28.995,-31.1898,-21.8006,-9.38917,736.743,528.006,33.0085,2022,5,2,2022-05,False
2022-05-24,JSWSTEEL,521.731,528.812,510.612,512.94,7517949,-1.4337,624.011,659.351,642.445,28.1864,-35.6034,-24.5612,-11.0423,738.551,509.47,36.7111,2022,5,2,2022-05,False
2022-05-25,JSWSTEEL,515.031,517.977,495.167,502.248,4725882,-2.0845,614.851,657.026,641.438,27.0232,-39.5087,-27.5507,-11.958,737.705,491.997,39.9622,2022,5,2,2022-05,False
2022-05-26,JSWSTEEL,504.196,528.147,494.264,524.345,8178844,4.3997,606.825,654.782,640.509,33.1619,-40.3553,-30.1116,-10.2437,731.381,482.269,41.0517,2022,5,2,2022-05,False
2022-05-27,JSWSTEEL,530.333,533.469,512.655,521.209,5193961,-0.5981,598.238,652.569,639.488,32.741,-40.8089,-32.2511,-8.55788,721.466,475.009,41.1973,2022,5,2,2022-05,False
2022-05-30,JSWSTEEL,503.721,517.74,499.539,512.132,12211769,-1.7414,589.289,650.624,638.449,31.4949,-41.4234,-34.0855,-7.33783,710.094,468.485,41.0001,2022,5,2,2022-05,False
2022-05-31,JSWSTEEL,510.944,530.618,505.812,523.917,20152169,2.3012,580.702,648.647,637.517,34.9563,-40.4925,-35.3669,-5.12561,693.844,467.561,38.9672,2022,5,2,2022-05,False
2022-06-01,JSWSTEEL,526.578,543.971,521.969,541.262,8495547,3.3106,573.952,646.45,636.792,39.7792,-37.9181,-35.8772,-2.04098,678.899,469.005,36.57,2022,6,2,2022-06,False
2022-06-02,JSWSTEEL,542.593,546.49,530.0,544.969,7010273,0.6848,567.568,644.399,635.957,40.7896,-35.1734,-35.7364,0.56303,662.267,472.868,33.3703,2022,6,2,2022-06,False
2022-06-03,JSWSTEEL,547.44,553.095,531.806,534.562,6367536,-1.9097,561.487,641.851,635.071,38.8202,-33.4523,-35.2796,1.82731,647.447,475.528,30.6186,2022,6,2,2022-06,False
2022-06-06,JSWSTEEL,525.581,554.331,525.581,550.291,10383944,2.9425,556.766,639.467,634.263,43.2778,-30.4679,-34.3172,3.84939,633.338,480.194,27.5061,2022,6,2,2022-06,False
2022-06-07,JSWSTEEL,546.49,550.719,538.981,543.734,3735461,-1.1917,553.288,636.749,633.362,41.9068,-28.3055,-33.1149,4.80936,625.226,481.349,26.0041,2022,6,2,2022-06,False
2022-06-08,JSWSTEEL,545.159,554.093,543.829,547.583,4138705,0.7079,549.828,633.989,632.563,43.0472,-25.9818,-31.6883,5.70648,615.274,484.383,23.8058,2022,6,2,2022-06,False
2022-06-09,JSWSTEEL,541.738,547.155,536.035,543.829,3922515,-0.6856,547.329,630.988,631.778,42.1776,-24.1646,-30.1835,6.01895,609.433,485.224,22.6936,2022,6,2,2022-06,False
2022-06-10,JSWSTEEL,536.986,545.539,533.517,544.114,3374125,0.0524,546.0,627.539,631.245,42.273,-22.4427,-28.6354,6.19265,607.131,484.87,22.392,2022,6,2,2022-06,False
2022-06-13,JSWSTEEL,535.18,539.789,527.481,536.035,4071346,-1.4847,544.18,624.621,630.674,40.2472,-21.4824,-27.2048,5.72241,604.153,484.207,22.0415,2022,6,2,2022-06,False
2022-06-14,JSWSTEEL,534.895,548.2,532.376,534.039,3413396,-0.3723,540.381,621.375,630.058,39.7404,-20.6444,-25.8927,5.24833,591.809,488.953,19.0341,2022,6,2,2022-06,False
2022-06-15,JSWSTEEL,534.229,540.787,529.43,535.085,3803101,0.1958,537.147,618.159,629.483,40.1654,-19.6691,-24.648,4.97885,580.326,493.968,16.0772,2022,6,2,2022-06,False
2022-06-16,JSWSTEEL,543.163,543.163,517.455,518.785,4899759,-3.0462,534.564,614.607,628.884,35.9132,-19.9812,-23.7146,3.73344,575.479,493.65,15.3075,2022,6,2,2022-06,False
2022-06-17,JSWSTEEL,513.32,533.849,512.94,527.101,6776372,1.603,530.929,611.207,628.3,39.4361,-19.3346,-22.8386,3.50406,558.02,503.838,10.205,2022,6,2,2022-06,False
2022-06-20,JSWSTEEL,523.3,527.101,509.519,523.062,5614520,-0.7663,531.062,607.652,627.653,38.3339,-18.9298,-22.0569,3.12703,557.961,504.164,10.1301,2022,6,2,2022-06,False
2022-06-21,JSWSTEEL,528.432,552.002,525.296,547.63,4657829,4.697,532.797,604.766,627.123,47.8767,-16.4371,-20.9329,4.49577,559.245,506.348,9.9281,2022,6,2,2022-06,False
2022-06-22,JSWSTEEL,539.124,541.643,515.601,523.109,8511658,-4.4776,533.84,600.846,626.523,41.049,-16.2529,-19.9969,3.74398,556.604,511.075,8.5285,2022,6,2,2022-06,False
2022-06-23,JSWSTEEL,522.729,537.461,520.829,531.236,5037690,1.5534,534.184,596.884,625.924,43.9041,-15.2752,-19.0526,3.7774,556.549,511.82,8.3733,2022,6,2,2022-06,False
2022-06-24,JSWSTEEL,533.849,544.494,532.471,539.647,3406061,1.5833,535.106,593.308,625.339,46.7773,-13.6641,-17.9749,4.31081,556.726,513.486,8.0806,2022,6,2,2022-06,False
2022-06-27,JSWSTEEL,547.155,559.32,541.785,543.306,6550599,0.6781,536.665,589.607,624.792,48.0246,-11.9542,-16.7707,4.81655,555.645,517.685,7.0732,2022,6,2,2022-06,False
2022-06-28,JSWSTEEL,545.017,551.765,539.837,549.721,4285360,1.1808,537.955,586.006,624.292,50.2269,-9.96653,-15.4099,5.44335,556.794,519.116,7.0039,2022,6,2,2022-06,False
2022-06-29,JSWSTEEL,545.064,552.335,540.93,547.488,3334027,-0.4063,538.266,582.768,623.764,49.4415,-8.47385,-14.0227,5.54883,557.536,518.997,7.1599,2022,6,2,2022-06,False
2022-06-30,JSWSTEEL,548.391,553.903,528.622,536.51,5646362,-2.005,537.843,579.454,623.173,45.662,-8.08349,-12.8348,4.75135,556.863,518.823,7.0727,2022,6,2,2022-06,False
2022-07-01,JSWSTEEL,528.955,551.717,528.955,550.149,3737790,2.5421,538.623,576.501,622.624,50.704,-6.59756,-11.5874,4.98983,558.341,518.904,7.3218,2022,7,3,2022-07,False
2022-07-04,JSWSTEEL,550.737,557.252,533.199,540.351,6026463,-1.7809,538.126,573.557,622.029,47.3079,-6.13978,-10.4979,4.35809,557.092,519.159,7.0492,2022,7,3,2022-07,False
2022-07-05,JSWSTEEL,544.27,552.598,539.469,541.478,3562565,0.2085,538.013,570.783,621.426,47.7414,-5.62127,-9.52254,3.90128,556.866,519.16,7.0083,2022,7,3,2022-07,False
2022-07-06,JSWSTEEL,536.922,546.034,530.063,543.339,3281658,0.3438,537.801,567.941,620.866,48.4953,-5.00246,-8.61853,3.61606,556.292,519.309,6.8767,2022,7,3,2022-07,False
2022-07-07,JSWSTEEL,549.218,566.315,540.449,562.984,4952962,3.6156,538.758,565.503,620.439,55.7501,-2.89354,-7.47353,4.57999,560.298,517.219,7.9959,2022,7,3,2022-07,False
2022-07-08,JSWSTEEL,568.275,569.353,551.178,554.754,3313755,-1.4619,539.291,562.739,620.204,52.4188,-1.86482,-6.35179,4.48697,561.886,516.695,8.3798,2022,7,3,2022-07,False
2022-07-11,JSWSTEEL,552.598,579.395,549.757,565.629,4900994,1.9604,540.77,560.23,619.853,56.1478,-0.170015,-5.11543,4.94542,566.17,515.37,9.3941,2022,7,3,2022-07,False
2022-07-12,JSWSTEEL,562.298,569.696,552.108,562.837,3425619,-0.4937,542.21,557.573,619.443,54.9569,0.937007,-3.90495,4.84195,569.218,515.202,9.9621,2022,7,3,2022-07,False
2022-07-13,JSWSTEEL,563.915,581.747,562.984,576.701,4569908,2.4632,544.291,555.582,619.108,59.5448,2.8996,-2.54404,5.44364,575.128,513.453,11.3312,2022,7,3,2022-07,False
2022-07-14,JSWSTEEL,577.093,579.493,562.641,572.194,4660656,-0.7815,546.961,553.573,618.836,57.4946,4.04467,-1.22629,5.27097,577.749,516.174,11.2577,2022,7,3,2022-07,False
2022-07-15,JSWSTEEL,570.234,572.194,557.84,564.748,3051005,-1.3014,548.844,551.744,618.578,54.1756,4.30171,-0.120693,4.4224,579.118,518.57,11.032,2022,7,3,2022-07,False
2022-07-18,JSWSTEEL,571.116,580.032,566.315,574.105,3583550,1.6568,551.396,550.332,618.308,57.496,5.20049,0.943544,4.25695,581.12,521.672,10.7813,2022,7,3,2022-07,False
2022-07-19,JSWSTEEL,569.108,577.681,565.728,573.027,3586372,-0.1877,552.666,549.527,617.942,56.9838,5.75942,1.90672,3.8527,583.846,521.485,11.2837,2022,7,3,2022-07,False
2022-07-20,JSWSTEEL,583.462,587.822,575.133,578.416,4550328,0.9404,555.431,548.759,617.659,58.9527,6.56157,2.83769,3.72388,585.359,525.502,10.7767,2022,7,3,2022-07,False
2022-07-21,JSWSTEEL,577.975,583.853,573.223,575.672,3773423,-0.4743,557.653,548.396,617.333,57.5095,6.89642,3.64944,3.24698,586.6,528.706,10.3818,2022,7,3,2022-07,False
2022-07-22,JSWSTEEL,576.113,580.571,567.491,570.675,4351458,-0.868,559.204,548.396,616.949,54.8746,6.68155,4.25586,2.42569,587.404,531.004,10.0858,2022,7,3,2022-07,False
2022-07-25,JSWSTEEL,561.906,576.505,561.906,573.664,5783353,0.5237,560.722,548.421,616.589,56.168,6.67546,4.73978,1.93568,588.585,532.859,9.9383,2022,7,3,2022-07,False
2022-07-26,JSWSTEEL,572.194,587.528,569.842,585.666,6031921,2.0922,562.519,547.934,616.385,61.0027,7.55206,5.30223,2.24982,591.986,533.053,10.4766,2022,7,3,2022-07,False
2022-07-27,JSWSTEEL,583.951,591.594,578.073,590.516,2913380,0.8281,564.671,547.749,616.17,62.7888,8.53969,5.94973,2.58996,595.755,533.587,11.0097,2022,7,3,2022-07,False
2022-07-28,JSWSTEEL,592.867,614.276,590.859,604.233,5104503,2.3229,568.057,548.425,616.027,67.3443,10.3104,6.82186,3.48853,600.928,535.186,11.5732,2022,7,3,2022-07,False
2022-07-29,JSWSTEEL,610.406,625.053,608.005,616.872,4732970,2.0918,571.393,548.766,615.916,70.8816,12.5884,7.97517,4.61326,609.705,533.081,13.41,2022,7,3,2022-07,False
2022-08-01,JSWSTEEL,621.771,628.042,615.549,626.278,3055387,1.5248,575.689,550.884,615.846,73.2076,14.9801,9.37616,5.60395,618.367,533.012,14.8267,2022,8,3,2022-08,False
2022-08-02,JSWSTEEL,624.857,636.811,613.639,635.586,3053206,1.4862,580.395,553.336,615.785,75.3094,17.4257,10.9861,6.43965,627.692,533.097,16.2984,2022,8,3,2022-08,False
2022-08-03,JSWSTEEL,636.86,647.441,631.961,639.603,4446383,0.632,585.208,556.084,615.691,76.178,19.4637,12.6816,6.78208,636.085,534.331,17.3876,2022,8,3,2022-08,False
2022-08-04,JSWSTEEL,639.701,659.836,639.701,650.92,4705675,1.7693,589.605,558.615,615.544,78.4752,21.7413,14.4935,7.24776,647.156,532.054,19.522,2022,8,3,2022-08,False
2022-08-05,JSWSTEEL,651.654,660.375,651.557,653.663,2455459,0.4215,594.55,561.264,615.526,79.0038,23.4968,16.2942,7.20264,656.335,532.766,20.7837,2022,8,3,2022-08,False
2022-08-08,JSWSTEEL,656.945,662.334,649.058,655.672,2446698,0.3073,599.052,564.135,615.548,79.4026,24.7647,17.9883,6.77641,664.949,533.155,22.0004,2022,8,3,2022-08,False
2022-08-10,JSWSTEEL,658.954,661.158,646.658,656.553,3252353,0.1345,603.738,566.788,615.628,79.5859,25.5462,19.4999,6.04631,672.075,535.401,22.6379,2022,8,3,2022-08,False
2022-08-11,JSWSTEEL,659.493,664.588,655.917,659.983,3480693,0.5223,607.902,569.162,615.754,80.3196,26.1409,20.8281,5.31281,679.38,536.425,23.516,2022,8,3,2022-08,False
2022-08-12,JSWSTEEL,659.983,671.152,659.395,664.49,3476671,0.6829,612.517,571.552,615.873,81.2721,26.6685,21.9962,4.6723,686.172,538.862,24.0499,2022,8,3,2022-08,False
2022-08-16,JSWSTEEL,664.294,667.135,656.847,660.228,2747244,-0.6414,617.291,574.066,615.874,77.4542,26.4379,22.8845,3.55338,690.283,544.299,23.6492,2022,8,3,2022-08,False
2022-08-17,JSWSTEEL,658.954,662.775,654.888,659.003,2349839,-0.1855,621.536,576.24,615.914,76.3443,25.8582,23.4792,2.379,693.825,549.247,23.2613,2022,8,3,2022-08,False
2022-08-18,JSWSTEEL,656.455,664.049,655.378,659.787,1806855,0.1189,625.874,578.561,616.042,76.5757,25.172,23.8178,1.35418,696.294,555.453,22.5031,2022,8,3,2022-08,False
2022-08-19,JSWSTEEL,663.118,663.118,649.695,651.116,1961510,-1.3142,629.509,580.632,616.117,68.5849,23.6557,23.7854,-0.129663,697.062,561.956,21.4621,2022,8,3,2022-08,False
2022-08-22,JSWSTEEL,647.539,649.695,628.042,629.952,2303053,-3.2503,632.223,582.354,615.993,53.8225,20.5099,23.1303,-2.62035,694.851,569.595,19.8119,2022,8,3,2022-08,False
2022-08-23,JSWSTEEL,629.021,641.759,623.829,639.652,1751341,1.5398,635.672,584.265,615.994,58.2573,18.5853,22.2213,-3.63595,691.226,580.118,17.4789,2022,8,3,2022-08,False
2022-08-24,JSWSTEEL,641.269,644.012,633.92,638.329,1781643,-0.2068,638.905,586.311,615.953,57.4471,16.7602,21.1291,-4.36891,686.173,591.637,14.7966,2022,8,3,2022-08,False
2022-08-25,JSWSTEEL,640.779,646.511,633.969,635.586,1525852,-0.4298,641.401,588.342,615.898,55.7164,14.9203,19.8873,-4.96699,681.571,601.231,12.5257,2022,8,3,2022-08,False
2022-08-26,JSWSTEEL,642.738,656.994,640.779,653.516,3070661,2.821,644.551,590.71,615.907,63.464,14.7392,18.8577,-4.11854,677.072,612.03,10.0912,2022,8,3,2022-08,False
2022-08-29,JSWSTEEL,640.779,646.609,629.609,636.468,2728484,-2.6087,646.163,593.064,615.874,53.8219,13.0693,17.7,-4.63075,672.963,619.363,8.2951,2022,8,3,2022-08,False
2022-08-30,JSWSTEEL,639.652,654.496,638.329,653.418,2321586,2.6632,647.99,595.59,615.993,60.283,12.9642,16.7528,-3.78867,671.113,624.868,7.1367,2022,8,3,2022-08,False
2022-09-01,JSWSTEEL,641.759,656.259,640.044,648.225,2472832,-0.7947,649.087,598.094,616.062,57.623,12.3198,15.8662,-3.5464,669.832,628.343,6.392,2022,9,3,2022-09,False
2022-09-02,JSWSTEEL,646.658,655.476,640.779,648.029,2022058,-0.0302,649.71,600.102,616.112,57.5199,11.659,15.0248,-3.36579,669.473,629.947,6.0836,2022,9,3,2022-09,False
2022-09-05,JSWSTEEL,648.617,669.732,648.617,668.164,4930594,3.107,651.138,603.003,616.31,64.5427,12.6146,14.5427,-1.92818,671.927,630.349,6.3854,2022,9,3,2022-09,False
2022-09-06,JSWSTEEL,668.213,673.112,664.784,670.711,3295941,0.3813,652.127,605.792,616.503,65.3238,13.4227,14.3187,-0.896054,674.682,629.573,6.9172,2022,9,3,2022-09,False
2022-09-07,JSWSTEEL,664.294,673.847,662.138,670.76,2310672,0.0073,652.982,608.415,616.71,65.3396,13.9067,14.2363,-0.329583,677.028,628.936,7.3651,2022,9,3,2022-09,False
2022-09-08,JSWSTEEL,673.112,677.129,665.567,671.495,1889770,0.1096,653.773,610.978,616.976,65.5931,14.1861,14.2263,-0.0401456,679.194,628.352,7.7767,2022,9,3,2022-09,False
2022-09-09,JSWSTEEL,673.112,687.564,671.25,673.063,3953738,0.2335,654.599,613.445,617.219,66.1616,14.3684,14.2547,0.113721,681.433,627.765,8.1986,2022,9,3,2022-09,False
2022-09-12,JSWSTEEL,673.063,673.063,673.063,673.063,0,0.0,655.253,615.957,617.337,66.1616,14.3475,14.2733,0.0742419,683.251,627.254,8.5459,2022,9,3,2022-09,False
2022-09-13,JSWSTEEL,676.051,683.84,672.72,677.08,2094822,0.5968,655.882,618.768,617.476,67.7454,14.4881,14.3162,0.171844,685.286,626.478,8.9663,2022,9,3,2022-09,False
2022-09-14,JSWSTEEL,671.152,687.613,668.213,678.844,2755630,0.2605,656.813,621.342,617.634,68.4437,14.5738,14.3678,0.206042,687.925,625.701,9.4737,2022,9,3,2022-09,False
2022-09-15,JSWSTEEL,678.109,683.889,670.662,675.708,2887795,-0.4619,657.648,624.049,618.025,65.7197,14.2248,14.3392,-0.114398,689.885,625.412,9.8035,2022,9,3,2022-09,False
2022-09-16,JSWSTEEL,671.152,680.46,665.273,671.985,4073365,-0.551,658.258,626.659,618.412,62.5366,13.4922,14.1698,-0.677587,691.121,625.396,9.9846,2022,9,3,2022-09,False
2022-09-19,JSWSTEEL,668.213,677.521,661.697,666.204,1708723,-0.8602,659.013,629.117,618.852,57.8516,12.3033,13.7965,-1.49316,691.877,626.148,9.9739,2022,9,3,2022-09,False
2022-09-20,JSWSTEEL,669.536,684.134,668.262,675.071,1802967,1.331,661.269,631.358,619.2,62.4932,11.939,13.425,-1.48597,691.849,630.688,9.249,2022,9,3,2022-09,False
2022-09-21,JSWSTEEL,671.348,678.501,668.213,671.005,1806929,-0.6023,662.836,633.683,619.481,59.2698,11.1932,12.9786,-1.78545,691.929,633.743,8.7783,2022,9,3,2022-09,False
2022-09-22,JSWSTEEL,667.233,673.112,660.375,665.616,1504203,-0.8031,664.201,635.683,619.746,55.2058,10.0514,12.3932,-2.34179,690.917,637.485,8.0445,2022,9,3,2022-09,False
2022-09-23,JSWSTEEL,667.723,673.063,653.516,655.476,1558314,-1.5235,665.195,637.536,619.969,48.4705,8.23332,11.5612,-3.32788,688.716,641.674,7.0718,2022,9,3,2022-09,False
2022-09-26,JSWSTEEL,645.874,648.568,625.102,633.088,2192702,-3.4155,664.174,638.664,619.995,37.5719,4.92916,10.2348,-5.30563,691.324,637.023,8.1757,2022,9,3,2022-09,False
2022-09-27,JSWSTEEL,636.272,637.791,620.203,624.123,2512782,-1.4161,663.556,639.702,619.917,34.2508,1.56908,8.50165,-6.93257,693.75,633.363,9.1005,2022,9,3,2022-09,False
2022-09-28,JSWSTEEL,616.382,619.713,602.567,604.037,2164186,-3.2182,661.087,640.488,619.734,28.2301,-2.68361,6.2646,-8.94821,701.214,620.961,12.1396,2022,9,3,2022-09,False
2022-09-29,JSWSTEEL,607.956,615.305,604.576,605.752,3577828,0.2839,658.964,641.121,619.534,29.3715,-5.84812,3.84205,-9.69017,705.878,612.049,14.2388,2022,9,3,2022-09,False
2022-09-30,JSWSTEEL,608.446,621.134,601.784,618.881,1588501,2.1674,657.506,642.038,619.442,37.5599,-7.21345,1.63095,-8.8444,707.557,607.455,15.2244,2022,9,3,2022-09,False
2022-10-03,JSWSTEEL,618.244,618.244,608.691,610.944,1285991,-1.2824,654.645,642.689,619.311,34.9241,-8.83405,-0.462048,-8.372,708.526,600.765,16.461,2022,10,4,2022-10,False
2022-10-04,JSWSTEEL,620.987,631.961,619.371,630.197,1384242,3.1513,652.62,643.779,619.333,45.0064,-8.46724,-2.06309,-6.40415,707.001,598.238,16.6656,2022,10,4,2022-10,False
2022-10-06,JSWSTEEL,635.292,664.294,635.292,660.815,3704140,4.8585,652.122,645.582,619.49,56.5387,-5.64088,-2.77864,-2.86223,705.985,598.26,16.5191,2022,10,4,2022-10,False
2022-10-07,JSWSTEEL,657.827,659.395,646.217,652.585,1601796,-1.2455,651.177,647.16,619.616,53.303,-4.01875,-3.02667,-0.992085,704.266,598.088,16.3055,2022,10,4,2022-10,False
2022-10-10,JSWSTEEL,642.396,654.496,641.269,652.536,1089870,-0.0075,650.151,648.498,619.825,53.2834,-2.70596,-2.96252,0.256562,702.242,598.059,16.0245,2022,10,4,2022-10,False
2022-10-11,JSWSTEEL,655.819,655.819,627.062,629.756,1644047,-3.491,647.985,649.282,619.845,45.0164,-3.46379,-3.06278,-0.401016,699.666,596.305,15.9511,2022,10,4,2022-10,False
2022-10-12,JSWSTEEL,632.941,640.534,625.298,637.938,1530483,1.2991,646.028,649.957,619.894,48.129,-3.36544,-3.12331,-0.242126,696.006,596.05,15.4723,2022,10,4,2022-10,False
2022-10-13,JSWSTEEL,639.309,642.738,628.728,635.243,938662,-0.4224,643.848,650.324,619.98,47.1817,-3.46496,-3.19164,-0.27332,691.551,596.145,14.818,2022,10,4,2022-10,False
2022-10-14,JSWSTEEL,644.698,646.168,626.082,627.307,1386827,-1.2493,641.428,650.345,620.021,44.4091,-4.13654,-3.38062,-0.755917,687.197,595.659,14.2709,2022,10,4,2022-10,False
2022-10-17,JSWSTEEL,620.351,623.388,611.385,618.685,2281559,-1.3744,638.763,650.007,620.011,41.5521,-5.30336,-3.76517,-1.53819,683.229,594.297,13.9224,2022,10,4,2022-10,False
2022-10-18,JSWSTEEL,621.771,625.592,618.391,623.878,1809430,0.8393,636.647,649.692,620.007,43.8932,-5.74286,-4.16071,-1.58215,679.617,593.676,13.499,2022,10,4,2022-10,False
2022-10-19,JSWSTEEL,627.013,627.013,612.365,613.247,2157157,-1.704,633.555,648.939,619.956,40.3317,-6.86978,-4.70252,-2.16726,673.688,593.422,12.6691,2022,10,4,2022-10,False
2022-10-20,JSWSTEEL,606.095,617.264,602.567,615.696,2686775,0.3994,630.79,648.179,619.966,41.5093,-7.479,-5.25782,-2.22119,667.537,594.043,11.6511,2022,10,4,2022-10,False
2022-10-21,JSWSTEEL,617.362,617.754,604.037,609.475,2547197,-1.0105,627.983,647.255,619.896,39.3831,-8.3674,-5.87973,-2.48767,662.005,593.961,10.8352,2022,10,4,2022-10,False
2022-10-24,JSWSTEEL,609.475,609.475,609.475,609.475,0,0.0,625.683,646.314,619.774,39.3831,-8.96808,-6.4974,-2.47068,658.059,593.307,10.3489,2022,10,4,2022-10,False
2022-10-25,JSWSTEEL,611.581,637.791,611.581,631.324,4787246,3.5849,625.595,645.741,619.745,49.8463,-7.59355,-6.71663,-0.876918,657.895,593.294,10.3263,2022,10,4,2022-10,False
2022-10-27,JSWSTEEL,636.86,669.193,634.9,665.861,8328955,5.4706,627.682,645.768,619.774,61.2366,-3.67499,-6.1083,2.43332,664.639,590.724,11.7759,2022,10,4,2022-10,False
2022-10-28,JSWSTEEL,662.922,664.735,650.038,656.847,2500826,-1.3537,630.322,645.7,619.855,57.5623,-1.28206,-5.14305,3.86099,667.711,592.934,11.8633,2022,10,4,2022-10,False
2022-10-31,JSWSTEEL,658.415,662.775,655.525,660.326,1380329,0.5295,633.051,645.727,619.959,58.5946,0.884802,-3.93748,4.82229,670.852,595.249,11.9427,2022,10,4,2022-10,False
2022-11-01,JSWSTEEL,656.455,674.337,656.455,672.475,2846573,1.8399,635.731,645.981,620.128,62.0661,3.54159,-2.44167,5.98325,676.763,594.698,12.9088,2022,11,4,2022-11,False
2022-11-02,JSWSTEEL,671.152,679.921,668.507,670.368,1912908,-0.3132,638.702,646.366,620.411,61.1094,5.41471,-0.870394,6.2851,680.77,596.633,13.1731,2022,11,4,2022-11,False
2022-11-03,JSWSTEEL,664.98,674.092,664.245,666.449,1639039,-0.5846,640.514,647.096,620.621,59.2787,6.50791,0.605267,5.90264,684.135,596.894,13.6205,2022,11,4,2022-11,False
2022-11-04,JSWSTEEL,669.389,689.719,668.556,687.564,3624889,3.1682,641.852,648.054,620.79,65.3085,8.97458,2.27913,6.69545,689.544,594.16,14.8607,2022,11,4,2022-11,False
2022-11-07,JSWSTEEL,691.042,700.987,685.849,695.647,3121786,1.1756,644.005,649.2,621.024,67.3044,11.4497,4.11324,7.33646,697.296,590.713,16.55,2022,11,4,2022-11,False
2022-11-09,JSWSTEEL,701.526,701.721,688.837,692.267,1632827,-0.4859,645.991,650.334,621.162,65.6045,12.9888,5.88835,7.10041,703.423,588.56,17.7809,2022,11,4,2022-11,False
2022-11-10,JSWSTEEL,685.653,691.434,683.106,686.878,932886,-0.7784,648.847,651.001,621.364,62.8781,13.6167,7.43401,6.18267,708.517,589.178,18.3926,2022,11,4,2022-11,False
2022-11-11,JSWSTEEL,691.728,707.355,690.895,704.465,2607860,2.5604,652.174,652.361,621.68,67.6093,15.3564,9.0185,6.33793,716.517,587.83,19.732,2022,11,4,2022-11,False
2022-11-14,JSWSTEEL,707.992,716.614,702.162,704.857,2089880,0.0556,655.654,653.39,621.961,67.7081,16.5757,10.5299,6.04579,723.574,587.735,20.718,2022,11,4,2022-11,False
2022-11-15,JSWSTEEL,705.837,710.197,698.39,707.747,1065114,0.4101,659.677,654.58,622.334,68.4716,17.5727,11.9385,5.63421,730.012,589.341,21.3241,2022,11,4,2022-11,False
2022-11-16,JSWSTEEL,705.935,707.355,689.768,693.932,1395043,-1.952,663.439,655.498,622.849,61.0421,17.0515,12.9611,4.09041,732.582,594.296,20.8437,2022,11,4,2022-11,False
2022-11-17,JSWSTEEL,690.748,698.537,683.448,694.275,1391449,0.0494,666.959,656.02,623.321,61.1548,16.4762,13.6641,2.81208,734.776,599.141,20.3364,2022,11,4,2022-11,False
2022-11-18,JSWSTEEL,695.647,697.214,687.025,693.883,893816,-0.0564,670.991,656.484,623.815,60.9379,15.8064,14.0926,1.71385,734.835,607.147,19.0298,2022,11,4,2022-11,False
2022-11-21,JSWSTEEL,705.445,708.237,678.648,682.469,3360316,-1.645,674.329,656.718,624.243,54.8371,14.191,14.1123,0.0787278,732.752,615.907,17.3276,2022,11,4,2022-11,False
2022-11-22,JSWSTEEL,682.42,695.549,677.031,693.932,2421572,1.6797,678.552,657.167,624.724,59.2495,13.6781,14.0254,-0.347343,728.886,628.218,14.8357,2022,11,4,2022-11,False
2022-11-23,JSWSTEEL,695.745,707.404,693.687,705.984,1735389,1.7367,683.377,657.825,625.144,63.308,14.0817,14.0367,0.0450298,723.244,643.511,11.6675,2022,11,4,2022-11,False
2022-11-24,JSWSTEEL,707.404,713.724,702.603,711.274,1654760,0.7494,687.375,658.589,625.565,64.9581,14.6595,14.1613,0.498283,720.773,653.977,9.7177,2022,11,4,2022-11,False
2022-11-25,JSWSTEEL,707.404,713.871,705.543,711.519,1466688,0.0344,689.658,659.278,626.019,65.0365,14.9647,14.322,0.642779,723.106,656.209,9.7,2022,11,4,2022-11,False
2022-11-28,JSWSTEEL,703.975,710.099,695.647,701.183,2418509,-1.4528,691.875,659.725,626.401,59.0346,14.2087,14.2993,-0.0905865,721.865,661.884,8.6693,2022,11,4,2022-11,False
2022-11-29,JSWSTEEL,700.056,721.023,699.419,717.741,3306817,2.3615,694.745,660.566,626.895,64.6607,14.7754,14.3945,0.380854,722.96,666.531,8.1222,2022,11,4,2022-11,False
2022-11-30,JSWSTEEL,719.26,730.576,716.32,728.372,3962572,1.4811,697.54,661.693,627.4,67.7254,15.899,14.6954,1.20358,727.487,667.594,8.5863,2022,11,4,2022-11,False
2022-12-01,JSWSTEEL,732.046,737.729,728.078,731.213,1942307,0.3901,700.582,662.994,627.905,68.5113,16.8248,15.1213,1.7035,731.26,669.905,8.7576,2022,12,4,2022-12,False
2022-12-02,JSWSTEEL,731.556,736.112,725.579,728.029,1392199,-0.4355,703.661,664.053,628.35,66.5551,17.1044,15.5179,1.58646,732.2,675.122,8.1116,2022,12,4,2022-12,False
2022-12-05,JSWSTEEL,731.36,743.656,730.919,741.305,2129340,1.8236,706.349,665.459,628.865,70.3556,18.1876,16.0518,2.13572,738.408,674.289,9.0776,2022,12,4,2022-12,False
2022-12-06,JSWSTEEL,739.688,740.472,725.236,731.654,1468238,-1.3019,708.149,666.779,629.546,64.6082,18.0591,16.4533,1.60579,741.688,674.609,9.4724,2022,12,4,2022-12,False
2022-12-07,JSWSTEEL,731.948,735.818,721.366,723.228,1162282,-1.1517,709.697,668.134,630.118,59.9995,17.0804,16.5787,0.501731,743.007,676.387,9.3872,2022,12,4,2022-12,False
2022-12-08,JSWSTEEL,723.228,731.605,721.17,729.645,1053397,0.8873,711.835,670.066,630.734,62.2105,16.631,16.5892,0.0418312,744.461,679.209,9.1668,2022,12,4,2022-12,False
2022-12-09,JSWSTEEL,733.32,735.622,723.277,725.432,1338271,-0.5774,712.884,672.092,631.329,59.8708,15.7533,16.422,-0.668727,745.858,679.909,9.251,2022,12,4,2022-12,False
2022-12-12,JSWSTEEL,723.081,727.0,712.793,725.873,1224081,0.0608,713.935,674.529,631.951,60.0402,14.9212,16.1218,-1.20062,747.171,680.699,9.3107,2022,12,4,2022-12,False
2022-12-13,JSWSTEEL,729.449,730.919,720.778,729.204,1201367,0.4589,715.007,676.998,632.636,61.367,14.365,15.7705,-1.40544,748.783,681.231,9.4477,2022,12,4,2022-12,False
2022-12-14,JSWSTEEL,732.83,744.293,730.772,742.628,1471083,1.8408,717.442,679.473,633.393,66.2321,14.8364,15.5837,-0.747295,751.836,683.048,9.588,2022,12,4,2022-12,False
2022-12-15,JSWSTEEL,740.717,747.477,726.02,728.323,1690335,-1.9263,719.145,681.82,634.114,57.8684,13.8954,15.246,-1.35058,752.049,686.24,9.1509,2022,12,4,2022-12,False
2022-12-16,JSWSTEEL,724.844,732.438,720.141,728.421,1498658,0.0135,720.871,683.785,635.05,57.9077,13.0077,14.7983,-1.79065,751.757,689.986,8.5688,2022,12,4,2022-12,False
2022-12-19,JSWSTEEL,727.0,735.622,724.795,734.299,944749,0.8071,723.463,685.254,635.877,60.2951,12.6329,14.3653,-1.73236,749.019,697.907,7.0649,2022,12,4,2022-12,False
2022-12-20,JSWSTEEL,725.481,732.046,718.28,730.723,1512103,-0.487,725.302,686.817,636.549,58.1349,11.91,13.8742,-1.9642,746.898,703.707,5.9548,2022,12,4,2022-12,False
2022-12-21,JSWSTEEL,734.838,737.729,724.697,728.078,1605753,-0.362,726.407,688.328,637.126,56.5217,10.9969,13.2987,-2.30187,746.01,706.804,5.3972,2022,12,4,2022-12,False
2022-12-22,JSWSTEEL,728.078,733.858,719.603,722.64,1403642,-0.7469,726.975,690.186,637.628,53.2507,9.72235,12.5835,-2.86111,745.352,708.599,5.0555,2022,12,4,2022-12,False
2022-12-23,JSWSTEEL,715.194,721.66,707.796,713.136,1687270,-1.3152,727.056,691.689,638.191,48.02,7.85485,11.6377,-3.78289,745.158,708.954,4.9796,2022,12,4,2022-12,False
2022-12-26,JSWSTEEL,712.842,722.444,708.629,717.398,1168456,0.5977,727.867,693.333,638.75,50.3742,6.64219,10.6386,-3.99644,742.137,713.597,3.9209,2022,12,4,2022-12,False
2022-12-27,JSWSTEEL,721.023,753.748,719.603,749.486,4992699,4.4728,729.454,695.776,639.504,63.7028,8.17614,10.1461,-1.96999,745.881,713.028,4.5037,2022,12,4,2022-12,False
2022-12-28,JSWSTEEL,745.616,751.592,741.844,746.302,1917734,-0.4249,730.351,698.329,640.256,61.9253,9.03075,9.92305,-0.892305,748.405,712.297,4.9439,2022,12,4,2022-12,False
2022-12-29,JSWSTEEL,740.717,755.855,737.288,753.846,2103907,1.0109,731.482,700.928,640.932,64.4558,10.1992,9.97829,0.220939,752.378,710.587,5.7131,2022,12,4,2022-12,False
2022-12-30,JSWSTEEL,757.373,761.782,749.78,752.523,2190914,-0.1755,732.707,703.713,641.512,63.657,10.893,10.1612,0.731736,755.532,709.882,6.2304,2022,12,4,2022-12,False
2023-01-02,JSWSTEEL,756.295,767.661,750.662,759.627,3360043,0.9439,733.623,706.592,642.151,66.0876,11.879,10.5048,1.37422,759.206,708.041,6.9742,2023,1,1,2023-01,False
2023-01-03,JSWSTEEL,760.46,760.802,748.163,752.376,1635681,-0.9545,734.659,709.45,642.866,61.5619,11.9378,10.7914,1.1464,761.551,707.768,7.3208,2023,1,1,2023-01,False
2023-01-04,JSWSTEEL,750.907,752.131,719.7,721.415,2819669,-4.1151,734.569,711.689,643.359,46.8176,9.37795,10.5087,-1.13074,761.634,707.503,7.3691,2023,1,1,2023-01,False
2023-01-05,JSWSTEEL,726.853,737.631,721.66,735.524,2452379,1.9557,734.863,713.773,643.781,52.411,8.39102,10.0852,-1.69414,761.83,707.895,7.3395,2023,1,1,2023-01,False
2023-01-06,JSWSTEEL,734.838,739.149,711.274,713.626,3536096,-2.9772,734.272,714.728,644.112,44.5749,5.77529,9.22318,-3.44789,762.592,705.952,7.7138,2023,1,1,2023-01,False
2023-01-09,JSWSTEEL,721.856,731.556,720.288,727.343,1761359,1.9222,734.346,716.138,644.439,49.6529,4.75435,8.32942,-3.57507,762.582,706.11,7.69,2023,1,1,2023-01,False
2023-01-10,JSWSTEEL,729.204,736.259,720.19,730.135,2289489,0.3839,734.392,717.534,644.742,50.6442,4.12304,7.48814,-3.3651,762.595,706.189,7.6807,2023,1,1,2023-01,False
2023-01-11,JSWSTEEL,734.838,743.117,732.928,738.953,2794465,1.2077,734.209,718.864,645.039,53.7417,4.28488,6.84749,-2.56261,762.233,706.184,7.6339,2023,1,1,2023-01,False
2023-01-12,JSWSTEEL,743.068,748.947,737.386,748.016,2422254,1.2265,735.193,720.417,645.351,56.7464,5.08582,6.49515,-1.40934,763.726,706.66,7.762,2023,1,1,2023-01,False
2023-01-13,JSWSTEEL,749.535,756.345,746.302,752.964,1816006,0.6615,736.421,722.147,645.646,58.3374,6.05008,6.40614,-0.35606,765.825,707.016,7.9858,2023,1,1,2023-01,False
2023-01-16,JSWSTEEL,753.209,755.414,738.463,743.852,1673126,-1.2102,736.898,723.273,645.783,54.371,6.00972,6.32686,-0.317131,766.467,707.329,8.0253,2023,1,1,2023-01,False
2023-01-17,JSWSTEEL,743.117,748.31,732.193,742.187,1480994,-0.2239,737.471,724.204,646.084,53.6528,5.77675,6.21683,-0.440085,766.981,707.962,8.0029,2023,1,1,2023-01,False
2023-01-18,JSWSTEEL,743.656,753.944,739.933,751.642,1740579,1.2739,738.65,725.391,646.36,57.1154,6.28263,6.22999,0.0526348,768.46,708.839,8.0716,2023,1,1,2023-01,False
2023-01-19,JSWSTEEL,747.526,758.353,741.746,744.685,2185302,-0.9255,739.752,726.547,646.604,53.9233,6.05244,6.19448,-0.142045,768.687,710.816,7.823,2023,1,1,2023-01,False
2023-01-20,JSWSTEEL,744.636,748.555,723.473,726.461,3001352,-2.4472,740.418,726.987,646.755,46.5792,4.34935,5.82546,-1.4761,767.315,713.521,7.2653,2023,1,1,2023-01,False
2023-01-23,JSWSTEEL,722.64,732.046,711.323,719.113,3335294,-1.0115,740.504,727.272,646.865,43.9783,2.37927,5.13622,-2.75695,767.101,713.907,7.1835,2023,1,1,2023-01,False
2023-01-24,JSWSTEEL,720.141,722.983,704.465,707.453,3146984,-1.6214,738.402,727.266,646.898,40.1476,-0.121464,4.08468,-4.20615,768.432,708.372,8.1338,2023,1,1,2023-01,False
2023-01-25,JSWSTEEL,708.384,712.205,702.505,710.001,1567673,0.3601,736.587,727.588,646.988,41.3497,-1.87612,2.89252,-4.76864,768.907,704.267,8.7757,2023,1,1,2023-01,False
2023-01-27,JSWSTEEL,713.087,713.528,697.214,706.767,2706934,-0.4554,734.233,727.838,646.927,40.2449,-3.4874,1.61654,-5.10394,768.082,700.384,9.2203,2023,1,1,2023-01,False
2023-01-30,JSWSTEEL,710.344,710.344,678.795,687.515,2277856,-2.7241,730.983,727.71,646.718,34.3583,-6.24589,0.0440534,-6.28994,769.588,692.378,10.5625,2023,1,1,2023-01,False
2023-01-31,JSWSTEEL,694.373,705.249,689.915,701.966,2294866,2.102,728.1,728.1,646.635,41.2992,-7.18306,-1.40137,-5.78169,766.308,689.891,10.4954,2023,1,1,2023-01,False
2023-02-01,JSWSTEEL,707.404,723.767,705.249,714.949,3271508,1.8494,726.228,728.521,646.568,46.7465,-6.79985,-2.48107,-4.31878,763.072,689.385,10.1466,2023,2,1,2023-02,False
2023-02-02,JSWSTEEL,714.998,722.003,707.159,712.695,2299091,-0.3152,725.792,728.655,646.483,45.9494,-6.60188,-3.30523,-3.29665,763.08,688.505,10.2749,2023,2,1,2023-02,False
2023-02-03,JSWSTEEL,712.303,719.456,704.955,717.055,2558496,0.6118,724.869,728.77,646.521,47.8039,-6.02374,-3.84893,-2.17481,762.056,687.682,10.2604,2023,2,1,2023-02,False
2023-02-06,JSWSTEEL,713.136,716.516,694.765,696.676,1202963,-2.8421,724.021,728.474,646.493,40.7636,-7.12786,-4.50472,-2.62314,763.016,685.027,10.7717,2023,2,1,2023-02,False
2023-02-07,JSWSTEEL,693.687,706.082,691.826,699.664,1946683,0.4289,722.637,728.443,646.503,42.11,-7.67329,-5.13843,-2.53486,763.074,682.201,11.1914,2023,2,1,2023-02,False
2023-02-08,JSWSTEEL,703.289,721.121,698.145,717.153,1793312,2.4997,721.988,728.431,646.651,49.3635,-6.61803,-5.43435,-1.18368,762.335,681.642,11.1765,2023,2,1,2023-02,False
2023-02-09,JSWSTEEL,718.182,722.493,707.845,709.119,956700,-1.1203,720.497,728.046,646.795,46.4822,-6.35674,-5.61883,-0.737911,760.406,680.587,11.0782,2023,2,1,2023-02,False
2023-02-10,JSWSTEEL,707.404,711.96,697.606,704.416,997205,-0.6632,718.317,727.51,646.89,44.8325,-6.45475,-5.78601,-0.66874,756.628,680.006,10.6669,2023,2,1,2023-02,False
2023-02-13,JSWSTEEL,701.526,712.989,700.546,703.534,863438,-0.1252,715.845,727.021,646.984,44.5135,-6.52833,-5.93448,-0.593856,750.992,680.698,9.8196,2023,2,1,2023-02,False
2023-02-14,JSWSTEEL,707.061,711.323,700.987,709.217,931784,0.8077,714.113,726.379,647.065,47.1245,-6.05826,-5.95923,-0.0990257,746.775,681.452,9.1474,2023,2,1,2023-02,False
2023-02-15,JSWSTEEL,705.543,713.871,705.543,712.45,859372,0.4559,712.626,725.995,647.172,48.6064,-5.36299,-5.83999,0.476992,742.495,682.758,8.3827,2023,2,1,2023-02,False
2023-02-16,JSWSTEEL,716.026,716.663,709.315,713.234,649802,0.11,710.706,725.795,647.26,48.9797,-4.69463,-5.61091,0.916284,734.291,687.122,6.6369,2023,2,1,2023-02,False
2023-02-17,JSWSTEEL,711.323,721.023,710.736,713.675,1142716,0.0618,709.156,725.475,647.447,49.2033,-4.08231,-5.30519,1.22289,726.617,691.695,4.9245,2023,2,1,2023-02,False
2023-02-20,JSWSTEEL,713.675,718.182,706.816,708.727,606435,-0.6933,708.269,725.141,647.627,46.7292,-3.95076,-5.03431,1.08355,723.715,692.823,4.3615,2023,2,1,2023-02,False
2023-02-21,JSWSTEEL,715.242,721.121,702.799,705.543,1749017,-0.4493,707.59,724.735,647.874,45.1556,-4.05669,-4.83878,0.782093,722.2,692.981,4.1294,2023,2,1,2023-02,False
2023-02-22,JSWSTEEL,705.543,708.629,680.95,685.8,1810091,-2.7982,706.508,723.867,648.079,36.8665,-5.66836,-5.0047,-0.663664,724.071,688.945,4.9718,2023,2,1,2023-02,False
2023-02-23,JSWSTEEL,687.711,699.86,685.947,687.123,1824396,0.1929,705.364,722.756,648.448,37.6917,-6.76096,-5.35595,-1.40501,724.845,685.883,5.5236,2023,2,1,2023-02,False
2023-02-24,JSWSTEEL,690.748,692.463,663.51,671.152,2142286,-2.3243,703.583,721.613,648.72,32.216,-8.81393,-6.04755,-2.76638,728.325,678.842,7.033,2023,2,1,2023-02,False
2023-02-27,JSWSTEEL,670.662,671.152,652.389,666.743,1814311,-0.6569,702.545,720.38,649.085,30.8822,-10.6737,-6.97277,-3.70089,731.509,673.58,8.2457,2023,2,1,2023-02,False
2023-02-28,JSWSTEEL,670.123,670.123,651.459,653.712,1915622,-1.9544,700.132,718.768,649.5,27.2863,-13.0486,-8.18793,-4.86066,736.414,663.85,10.3644,2023,2,1,2023-02,False
2023-03-01,JSWSTEEL,654.496,665.078,654.496,663.02,1464537,1.4239,697.535,717.414,649.953,33.2637,-14.0181,-9.35396,-4.66411,736.673,658.398,11.2217,2023,3,1,2023-03,False
2023-03-02,JSWSTEEL,666.4,669.879,659.983,661.452,1091983,-0.2364,694.973,716.081,650.21,32.775,-14.743,-10.4318,-4.31119,736.564,653.382,11.9692,2023,3,1,2023-03,False
2023-03-03,JSWSTEEL,667.723,672.132,662.383,668.507,1084202,1.0665,692.546,714.999,650.554,37.243,-14.5801,-11.2614,-3.31869,734.377,650.715,12.0804,2023,3,1,2023-03,False
2023-03-06,JSWSTEEL,669.683,669.976,659.738,660.62,1215223,-1.1798,690.743,713.948,651.005,34.4835,-14.9156,-11.9923,-2.92331,734.869,646.617,12.7765,2023,3,1,2023-03,False
2023-03-08,JSWSTEEL,656.456,663.314,650.577,661.746,1539129,0.1706,688.847,712.835,651.314,35.222,-14.9185,-12.5775,-2.341,734.588,643.106,13.2805,2023,3,1,2023-03,False
2023-03-09,JSWSTEEL,663.412,677.962,658.954,666.449,6336933,0.7107,686.312,711.174,652.045,38.3455,-14.3757,-12.9371,-1.43852,731.057,641.567,13.0394,2023,3,1,2023-03,False
2023-03-10,JSWSTEEL,654.741,667.576,652.634,665.665,5369878,-0.1176,684.139,709.562,652.808,38.0165,-13.849,-13.1195,-0.729518,728.439,639.839,12.9506,2023,3,1,2023-03,False
2023-03-13,JSWSTEEL,668.997,677.472,659.444,661.942,1602921,-0.5593,682.016,707.724,653.607,36.4179,-13.5756,-13.2107,-0.364891,726.295,637.736,12.9849,2023,3,1,2023-03,False
2023-03-14,JSWSTEEL,664.294,668.997,654.202,658.464,1555671,-0.5255,679.762,705.842,654.277,34.9399,-13.4842,-13.2654,-0.218754,724.018,635.506,13.021,2023,3,1,2023-03,False
2023-03-15,JSWSTEEL,667.233,670.956,661.06,665.91,1173429,1.1309,677.597,703.968,655.001,40.5068,-12.6649,-13.1453,0.480461,719.983,635.21,12.5108,2023,3,1,2023-03,False
2023-03-16,JSWSTEEL,661.55,662.04,635.929,649.009,2512474,-2.5381,674.425,701.901,655.685,33.5002,-13.2269,-13.1616,-0.0652298,715.297,633.552,12.1206,2023,3,1,2023-03,False
2023-03-17,JSWSTEEL,656.455,664.294,651.067,662.726,1667707,2.1135,671.899,700.727,656.379,42.2335,-12.4222,-13.0137,0.591539,708.715,635.083,10.9588,2023,3,1,2023-03,False
2023-03-20,JSWSTEEL,659.297,659.297,646.658,654.643,1480884,-1.2197,668.948,699.109,656.946,38.9845,-12.295,-12.87,0.574973,700.791,637.104,9.5205,2023,3,1,2023-03,False
2023-03-21,JSWSTEEL,657.925,657.925,648.617,652.291,1133592,-0.3592,666.126,697.883,657.483,38.067,-12.2429,-12.7446,0.501714,692.692,639.56,7.9763,2023,3,1,2023-03,False
2023-03-22,JSWSTEEL,652.536,657.68,646.707,648.862,949388,-0.5257,663.292,696.313,658.054,36.7101,-12.336,-12.6629,0.326839,683.481,643.103,6.0876,2023,3,1,2023-03,False
2023-03-23,JSWSTEEL,648.519,657.239,644.943,654.3,1099501,0.8381,661.717,694.796,658.574,40.3415,-11.8346,-12.4972,0.662574,679.253,644.181,5.3003,2023,3,1,2023-03,False
2023-03-24,JSWSTEEL,657.582,657.582,642.494,644.502,1563002,-1.4975,659.586,692.907,659.078,36.3001,-12.0886,-12.4155,0.326927,674.246,644.926,4.4451,2023,3,1,2023-03,False
2023-03-27,JSWSTEEL,647.735,653.026,642.591,645.531,1134491,0.1596,658.305,690.858,659.568,37.0136,-12.0677,-12.3459,0.278255,673.185,643.425,4.5208,2023,3,1,2023-03,False
2023-03-28,JSWSTEEL,648.764,649.548,642.689,646.658,1190600,0.1745,657.301,688.732,660.082,37.8349,-11.8239,-12.2415,0.417624,672.491,642.11,4.622,2023,3,1,2023-03,False
2023-03-29,JSWSTEEL,649.891,671.593,645.286,665.176,2208428,2.8636,657.874,687.158,660.687,49.4913,-10.0209,-11.7974,1.77646,673.356,642.391,4.7068,2023,3,1,2023-03,False
2023-03-31,JSWSTEEL,665.274,678.501,663.118,674.19,1447293,1.3551,658.432,685.798,661.378,54.0117,-7.7751,-10.9929,3.21784,675.428,641.436,5.1625,2023,3,1,2023-03,False
2023-04-03,JSWSTEEL,676.443,677.668,662.481,668.409,1335604,-0.8574,658.78,684.133,662.05,50.8676,-6.38807,-10.072,3.68389,676.312,641.248,5.3227,2023,4,2,2023-04,False
2023-04-05,JSWSTEEL,664.784,676.051,661.403,672.671,1188370,0.6376,658.988,682.693,662.738,53.0382,-4.88858,-9.03529,4.1467,677.096,640.88,5.4958,2023,4,2,2023-04,False
2023-04-06,JSWSTEEL,674.092,674.092,666.498,668.899,726290,-0.5608,659.402,681.542,663.489,50.895,-3.95898,-8.02002,4.06105,678.038,640.766,5.6524,2023,4,2,2023-04,False
2023-04-10,JSWSTEEL,670.221,679.235,668.997,674.581,600036,0.8496,660.044,680.651,664.226,53.9161,-2.73221,-6.96246,4.23025,679.866,640.222,6.0063,2023,4,2,2023-04,False
2023-04-11,JSWSTEEL,679.725,700.546,674.581,699.174,4076632,3.6456,661.68,680.486,665.106,64.185,0.221871,-5.52559,5.74747,688.05,635.31,7.9705,2023,4,2,2023-04,False
2023-04-12,JSWSTEEL,705.347,707.894,697.019,703.73,1810361,0.6516,663.583,680.36,665.887,65.7095,2.89724,-3.84103,6.73827,695.972,631.195,9.7617,2023,4,2,2023-04,False
2023-04-13,JSWSTEEL,702.505,707.404,699.811,706.082,835749,0.3341,665.79,680.347,666.802,66.502,5.14789,-2.04324,7.19113,703.316,628.265,11.2725,2023,4,2,2023-04,False
2023-04-17,JSWSTEEL,699.566,709.021,699.566,706.62,1253589,0.0763,668.198,680.729,667.679,66.692,6.89554,-0.255488,7.15103,709.712,626.684,12.4257,2023,4,2,2023-04,False
2023-04-18,JSWSTEEL,705.494,710.344,697.998,704.808,837349,-0.2565,670.143,680.785,668.505,65.3494,8.0416,1.40393,6.63767,714.736,625.55,13.3086,2023,4,2,2023-04,False
2023-04-19,JSWSTEEL,700.889,718.868,700.889,707.747,2268330,0.417,673.08,680.641,669.327,66.5262,9.08235,2.93962,6.14274,719.512,626.648,13.7968,2023,4,2,2023-04,False
2023-04-20,JSWSTEEL,711.323,712.303,698.292,701.33,1033900,-0.9068,675.01,680.414,670.085,61.6066,9.2823,4.20815,5.07415,722.819,627.202,14.1653,2023,4,2,2023-04,False
2023-04-21,JSWSTEEL,704.465,704.465,688.886,696.284,1416385,-0.7195,677.092,679.999,670.829,57.9765,8.93067,5.15266,3.77801,724.793,629.391,14.0899,2023,4,2,2023-04,False
2023-04-24,JSWSTEEL,694.226,709.266,690.895,705.788,729151,1.3649,679.767,680.181,671.675,62.463,9.31154,5.98443,3.32711,727.611,631.922,14.0767,2023,4,2,2023-04,False
2023-04-25,JSWSTEEL,705.788,715.83,703.289,710.344,1079227,0.6455,682.841,680.395,672.476,64.4239,9.86727,6.761,3.10627,730.223,635.459,13.8779,2023,4,2,2023-04,False
2023-04-26,JSWSTEEL,705.445,710.001,697.606,708.825,1277410,-0.2138,685.567,680.228,673.319,63.2381,10.0691,7.42261,2.64646,732.305,638.83,13.6347,2023,4,2,2023-04,False
2023-04-27,JSWSTEEL,708.384,719.896,703.093,717.3,1247848,1.1956,689.207,680.392,674.198,66.8998,10.7885,8.09579,2.69272,733.767,644.647,12.9308,2023,4,2,2023-04,False
2023-04-28,JSWSTEEL,721.121,721.121,706.963,710.637,1593083,-0.9288,692.463,680.516,675.034,61.6971,10.6977,8.61618,2.08156,732.911,652.014,11.6824,2023,4,2,2023-04,False
2023-05-02,JSWSTEEL,717.153,731.409,713.773,722.983,1965606,1.7372,696.279,680.905,675.834,66.8427,11.4895,9.19085,2.29868,732.736,659.821,10.472,2023,5,2,2023-05,False
2023-05-03,JSWSTEEL,716.222,720.631,711.225,717.643,1215913,-0.7386,698.902,681.074,676.649,62.9062,11.553,9.66328,1.8897,733.436,664.368,9.8823,2023,5,2,2023-05,False
2023-05-04,JSWSTEEL,719.113,727.0,715.487,723.767,1464468,0.8533,701.381,681.3,677.439,65.4211,11.9595,10.1225,1.837,735.561,667.201,9.7466,2023,5,2,2023-05,False
2023-05-05,JSWSTEEL,721.415,726.657,715.732,718.525,945667,-0.7243,703.887,681.406,678.218,61.5728,11.7236,10.4427,1.28085,735.11,672.664,8.8715,2023,5,2,2023-05,False
2023-05-08,JSWSTEEL,720.729,726.02,715.291,717.986,1132367,-0.075,706.153,681.492,678.924,61.1744,11.3622,10.6266,0.735535,734.259,678.047,7.9603,2023,5,2,2023-05,False
2023-05-09,JSWSTEEL,718.77,725.53,707.894,709.952,1179219,-1.119,708.205,681.516,679.613,55.4172,10.3086,10.563,-0.254425,730.184,686.226,6.2069,2023,5,2,2023-05,False
2023-05-10,JSWSTEEL,710.344,714.851,704.857,709.707,919645,-0.0345,709.961,681.6,680.338,55.2465,9.34613,10.3196,-0.973508,725.211,694.712,4.2958,2023,5,2,2023-05,False
2023-05-11,JSWSTEEL,712.793,714.655,694.177,696.235,1284636,-1.8983,709.815,681.808,680.948,46.7218,7.41087,9.73789,-2.32702,725.55,694.079,4.4338,2023,5,2,2023-05,False
2023-05-12,JSWSTEEL,685.751,694.569,677.178,688.445,1499306,-1.1188,709.05,681.835,681.525,42.6264,5.18882,8.82807,-3.63925,727.312,690.788,5.1511,2023,5,2,2023-05,False
2023-05-15,JSWSTEEL,687.711,696.137,682.91,691.287,998259,0.4127,708.311,682.238,682.09,44.5362,3.61542,7.78554,-4.17012,728.205,688.417,5.6173,2023,5,2,2023-05,False
2023-05-16,JSWSTEEL,696.088,696.676,686.388,688.543,874913,-0.3968,707.407,682.674,682.654,43.0463,2.12266,6.65297,-4.53031,729.178,685.635,6.1553,2023,5,2,2023-05,False
2023-05-17,JSWSTEEL,687.172,687.172,677.815,681.048,1686465,-1.0886,706.219,683.22,683.206,39.1887,0.331004,5.38857,-5.05757,730.975,681.462,7.0111,2023,5,2,2023-05,False
2023-05-18,JSWSTEEL,686.633,695.157,675.316,678.06,3667407,-0.4388,704.734,683.521,683.728,37.7367,-1.31487,4.04788,-5.36276,732.484,676.984,7.8753,2023,5,2,2023-05,False
2023-05-19,JSWSTEEL,681.93,682.518,667.282,679.823,2329260,0.2601,703.659,683.888,684.199,39.1691,-2.44871,2.74856,-5.19728,733.549,673.769,8.4955,2023,5,2,2023-05,False
2023-05-22,JSWSTEEL,678.011,693.491,673.553,690.356,2182824,1.5493,703.363,684.325,684.698,47.0101,-2.46893,1.70507,-4.17399,733.675,673.05,8.6192,2023,5,2,2023-05,False
2023-05-23,JSWSTEEL,695.647,697.508,688.298,689.866,2324758,-0.071,702.567,684.91,685.126,46.7085,-2.49571,0.864912,-3.36062,733.442,671.691,8.7892,2023,5,2,2023-05,False
2023-05-24,JSWSTEEL,685.849,692.267,680.46,681.93,1185182,-1.1504,701.146,685.314,685.451,42.0072,-3.12134,0.067662,-3.189,733.11,669.182,9.1177,2023,5,2,2023-05,False
2023-05-25,JSWSTEEL,678.991,688.445,676.051,682.567,1213068,0.0934,699.833,685.636,685.733,42.5074,-3.52512,-0.650895,-2.87423,732.616,667.05,9.3687,2023,5,2,2023-05,False
2023-05-26,JSWSTEEL,682.567,691.189,680.117,687.515,1461749,0.7249,698.344,686.073,685.993,46.3763,-3.4066,-1.20204,-2.20457,730.485,666.202,9.2051,2023,5,2,2023-05,False
2023-05-29,JSWSTEEL,689.033,694.618,686.927,688.005,1467219,0.0713,697.212,686.595,686.235,46.7583,-3.23585,-1.6088,-1.62705,729.124,665.3,9.1541,2023,5,2,2023-05,False
2023-05-30,JSWSTEEL,686.927,703.387,683.791,690.356,3317461,0.3418,695.581,687.232,686.432,48.6493,-2.87761,-1.86256,-1.01505,725.199,665.962,8.5161,2023,5,2,2023-05,False
2023-05-31,JSWSTEEL,686.976,690.699,677.031,682.224,14943096,-1.178,693.81,687.559,686.575,42.9656,-3.21287,-2.13262,-1.08025,722.078,665.541,8.1488,2023,5,2,2023-05,False
2023-06-01,JSWSTEEL,684.771,687.711,677.178,679.823,1995511,-0.3519,691.613,688.175,686.695,41.4271,-3.63042,-2.43218,-1.19823,716.733,666.492,7.2644,2023,6,2,2023-06,False
2023-06-02,JSWSTEEL,683.889,694.716,681.685,692.316,3405152,1.8376,690.302,688.767,686.874,51.2172,-2.91964,-2.52967,-0.389966,712.015,668.589,6.2908,2023,6,2,2023-06,False
2023-06-05,JSWSTEEL,694.618,699.566,688.788,697.753,2454283,0.7855,689.29,689.629,687.063,54.7618,-1.89571,-2.40288,0.507174,707.108,671.473,5.1699,2023,6,2,2023-06,False
2023-06-06,JSWSTEEL,699.566,702.995,694.471,698.439,2436996,0.0983,688.715,690.552,687.233,55.2038,-1.01717,-2.12574,1.10857,704.33,673.1,4.5346,2023,6,2,2023-06,False
2023-06-07,JSWSTEEL,700.791,717.398,699.566,714.998,3667486,2.3708,688.979,691.875,687.507,64.28,1.00363,-1.49986,2.50349,706.19,671.769,4.9959,2023,6,2,2023-06,False
2023-06-08,JSWSTEEL,714.998,748.996,713.136,733.662,9618332,2.6105,690.851,693.462,687.88,71.3312,4.06438,-0.387015,4.45139,717.132,664.57,7.6084,2023,6,2,2023-06,False
2023-06-09,JSWSTEEL,736.308,741.648,726.51,733.369,2408734,-0.0401,693.097,695.239,688.248,71.0932,6.39264,0.968915,5.42372,725.482,660.711,9.3452,2023,6,2,2023-06,False
2023-06-12,JSWSTEEL,739.345,742.628,729.596,732.193,1703619,-0.1603,695.142,696.972,688.653,70.0859,8.05013,2.38516,5.66497,731.916,658.369,10.5802,2023,6,2,2023-06,False
2023-06-13,JSWSTEEL,739.737,747.183,735.965,741.354,3419413,1.2512,697.783,698.866,689.21,73.2646,9.98778,3.90568,6.0821,739.775,655.79,12.0359,2023,6,2,2023-06,False
2023-06-14,JSWSTEEL,746.155,763.252,743.803,757.226,4758206,2.141,701.592,700.707,689.798,77.6885,12.6582,5.6562,7.00205,750.451,652.733,13.9281,2023,6,2,2023-06,False
2023-06-15,JSWSTEEL,762.272,762.272,752.964,755.022,2222061,-0.2911,705.44,702.324,690.381,75.8122,14.4304,7.41103,7.01935,758.443,652.437,15.0269,2023,6,2,2023-06,False
2023-06-16,JSWSTEEL,761.243,765.995,757.079,760.411,2285788,0.7137,709.469,704.164,691.006,77.2581,16.0842,9.14567,6.93856,766.381,652.557,16.0435,2023,6,2,2023-06,False
2023-06-19,JSWSTEEL,764.722,766.191,752.327,756.051,1422461,-0.5734,712.754,705.832,691.518,73.4333,16.8489,10.6863,6.16257,772.532,652.976,16.7738,2023,6,2,2023-06,False
2023-06-20,JSWSTEEL,756.589,770.6,753.013,757.52,2282549,0.1944,716.137,707.604,692.124,73.9023,17.3732,12.0237,5.3495,778.079,654.194,17.299,2023,6,2,2023-06,False
2023-06-21,JSWSTEEL,757.52,758.353,736.847,743.411,2768203,-1.8625,719.211,708.981,692.573,62.4956,16.4605,12.9111,3.54945,780.099,658.323,16.9319,2023,6,2,2023-06,False
2023-06-22,JSWSTEEL,738.953,748.31,730.87,737.141,1972478,-0.8435,721.939,709.74,693.018,58.1962,15.0576,13.3404,1.71725,780.769,663.109,16.2978,2023,6,2,2023-06,False
2023-06-23,JSWSTEEL,734.838,743.362,728.813,731.409,1704679,-0.7775,724.134,710.294,693.435,54.5052,13.3297,13.3382,-0.00855696,780.792,667.476,15.6484,2023,6,2,2023-06,False
2023-06-26,JSWSTEEL,734.74,736.161,722.248,733.662,1602537,0.3081,726.417,710.845,693.762,55.695,12.0037,13.0713,-1.0676,780.569,672.265,14.9094,2023,6,2,2023-06,False
2023-06-27,JSWSTEEL,734.838,749.535,733.907,747.086,2783577,1.8296,729.253,711.655,694.144,62.0597,11.8989,12.8368,-0.937966,781.357,677.15,14.2895,2023,6,2,2023-06,False
2023-06-28,JSWSTEEL,752.474,775.45,746.596,767.563,8340755,2.741,733.52,712.91,694.628,69.3043,13.3146,12.9324,0.38225,783.334,683.707,13.5821,2023,6,2,2023-06,False
2023-06-30,JSWSTEEL,770.404,773.05,764.232,768.935,2515440,0.1787,737.976,714.133,695.116,69.7214,14.3816,13.2222,1.15933,783.306,692.646,12.285,2023,6,2,2023-06,False
2023-07-03,JSWSTEEL,772.07,791.96,771.139,777.949,4781944,1.1723,742.258,715.666,695.64,72.3775,15.7726,13.7323,2.04033,785.56,698.955,11.6678,2023,7,3,2023-07,False
2023-07-04,JSWSTEEL,781.868,786.522,773.344,780.545,2473106,0.3338,746.397,717.351,696.177,73.1093,16.8899,14.3638,2.52607,787.563,705.232,11.0305,2023,7,3,2023-07,False
2023-07-05,JSWSTEEL,780.594,787.355,772.168,775.891,2526894,-0.5962,750.27,718.753,696.671,69.5526,17.2015,14.9314,2.27014,786.744,713.795,9.723,2023,7,3,2023-07,False
2023-07-06,JSWSTEEL,788.187,788.285,773.05,779.467,3316923,0.4609,753.493,720.136,697.175,70.7309,17.5349,15.4521,2.08282,788.195,718.792,9.2108,2023,7,3,2023-07,False
2023-07-07,JSWSTEEL,779.908,785.689,768.543,772.462,2547821,-0.8987,755.433,721.408,697.658,65.3922,17.0374,15.7691,1.26829,789.803,721.063,9.0994,2023,7,3,2023-07,False
2023-07-10,JSWSTEEL,773.05,797.348,771.825,794.213,4777540,2.8158,758.475,722.947,698.269,72.3664,18.1887,16.253,1.93561,795.305,721.646,9.7116,2023,7,3,2023-07,False
2023-07-11,JSWSTEEL,802.429,802.576,780.537,784.571,3085989,-1.2141,761.094,724.425,698.861,66.0154,18.1142,16.6253,1.48889,797.502,724.687,9.5671,2023,7,3,2023-07,False
2023-07-12,JSWSTEEL,791.557,801.691,775.962,792.737,25929716,1.0409,763.664,725.82,699.45,68.5341,18.5008,17.0004,1.50043,801.432,725.895,9.8914,2023,7,3,2023-07,False
2023-07-13,JSWSTEEL,797.657,801.101,783.98,789.244,3049961,-0.4406,765.264,727.252,700.041,66.2718,18.3143,17.2632,1.05112,804.567,725.962,10.2717,2023,7,3,2023-07,False
2023-07-14,JSWSTEEL,794.902,794.902,779.356,791.901,2011903,0.3366,767.108,728.615,700.672,67.1597,18.1713,17.4448,0.726545,807.823,726.394,10.6151,2023,7,3,2023-07,False
2023-07-17,JSWSTEEL,792.688,798.936,784.177,785.309,1769593,-0.8324,768.353,729.951,701.321,62.7453,17.3264,17.4211,-0.0947173,809.723,726.984,10.7684,2023,7,3,2023-07,False
2023-07-18,JSWSTEEL,786.932,788.113,775.814,778.175,1527919,-0.9084,769.46,731.154,702.047,58.2811,15.8979,17.1165,-1.21856,810.627,728.292,10.7003,2023,7,3,2023-07,False
2023-07-19,JSWSTEEL,783.193,785.014,776.355,779.159,1563134,0.1264,770.542,732.539,702.822,58.7174,14.676,16.6284,-1.95235,811.524,729.559,10.6374,2023,7,3,2023-07,False
2023-07-20,JSWSTEEL,782.209,788.556,773.108,786.194,1780010,0.9029,772.681,734.068,703.733,61.7939,14.1127,16.1252,-2.01257,812.139,733.222,10.2133,2023,7,3,2023-07,False
2023-07-21,JSWSTEEL,785.161,810.103,770.009,773.797,8469798,-1.5769,774.514,735.62,704.573,54.1373,12.5215,15.4045,-2.88298,810.251,738.776,9.2283,2023,7,3,2023-07,False
2023-07-24,JSWSTEEL,776.306,776.306,760.76,763.171,2710762,-1.3733,776.102,737.114,705.295,48.5808,10.2845,14.3805,-4.09599,806.143,746.061,7.7415,2023,7,3,2023-07,False
2023-07-25,JSWSTEEL,765.483,792.54,764.499,787.67,4850069,3.2102,778.802,739.042,706.178,59.0232,10.369,13.5782,-3.20918,801.622,755.982,5.8603,2023,7,3,2023-07,False
2023-07-26,JSWSTEEL,794.459,795.984,787.227,792.491,3062011,0.6121,781.072,741.121,706.99,60.714,10.7017,13.0029,-2.30123,799.148,762.996,4.6285,2023,7,3,2023-07,False
2023-07-27,JSWSTEEL,793.032,801.396,778.274,780.98,2865447,-1.4526,781.743,743.119,707.59,54.89,9.92202,12.3867,-2.4647,798.667,764.819,4.3298,2023,7,3,2023-07,False
2023-07-28,JSWSTEEL,782.209,793.032,773.354,791.212,2111325,1.3102,782.857,745.382,708.284,58.6839,10.0144,11.9123,-1.89786,799.152,766.562,4.163,2023,7,3,2023-07,False
2023-07-31,JSWSTEEL,793.229,807.988,793.229,803.609,4226070,1.5669,784.14,747.858,709.039,62.7693,10.9616,11.7221,-0.760524,802.693,765.587,4.732,2023,7,3,2023-07,False
2023-08-01,JSWSTEEL,809.759,811.727,803.806,807.693,2406158,0.5081,785.497,750.205,709.929,64.0309,11.9045,11.7586,0.145919,806.723,764.272,5.4043,2023,8,3,2023-08,False
2023-08-02,JSWSTEEL,803.855,804.692,785.506,791.311,1975596,-2.0283,786.268,752.234,710.695,55.8536,11.2008,11.647,-0.446261,807.142,765.395,5.3095,2023,8,3,2023-08,False
2023-08-03,JSWSTEEL,791.311,795.984,781.422,791.507,1829238,0.0249,786.87,754.425,711.477,55.9264,10.5375,11.4251,-0.887656,807.612,766.129,5.2719,2023,8,3,2023-08,False
2023-08-04,JSWSTEEL,795.0,801.691,789.884,792.983,1275614,0.1865,787.896,756.634,712.305,56.5058,10.0154,11.1432,-1.12776,807.643,768.15,5.0125,2023,8,3,2023-08,False
2023-08-07,JSWSTEEL,795.0,803.462,790.622,799.969,1422051,0.8809,788.184,758.883,713.212,59.2374,10.0496,10.9245,-0.874905,808.479,767.89,5.1497,2023,8,3,2023-08,False
2023-08-08,JSWSTEEL,801.937,803.364,786.637,788.408,933777,-1.4452,788.376,760.891,714.034,53.2743,9.03952,10.5475,-1.50795,808.599,768.153,5.1303,2023,8,3,2023-08,False
2023-08-09,JSWSTEEL,788.802,815.564,788.457,810.202,3133311,2.7643,789.249,763.288,715.019,61.2029,9.8837,10.4147,-0.531018,811.656,766.843,5.6779,2023,8,3,2023-08,False
2023-08-10,JSWSTEEL,811.727,821.566,806.069,818.122,6313077,0.9776,790.693,766.006,716.031,63.619,11.0643,10.5446,0.519657,816.554,764.833,6.5413,2023,8,3,2023-08,False
2023-08-11,JSWSTEEL,816.646,817.975,802.478,807.447,3239511,-1.3049,791.471,768.558,717.021,58.345,11.0116,10.638,0.373544,818.397,764.544,6.8041,2023,8,3,2023-08,False
2023-08-14,JSWSTEEL,801.888,801.888,780.783,786.588,1866848,-2.5833,791.534,770.444,717.907,49.679,9.1808,10.3466,-1.16577,818.405,764.664,6.7895,2023,8,3,2023-08,False
2023-08-16,JSWSTEEL,790.769,790.769,776.306,782.505,1317570,-0.5191,791.751,772.139,718.662,48.1707,7.31609,9.74048,-2.42439,818.235,765.267,6.6901,2023,8,3,2023-08,False
2023-08-17,JSWSTEEL,782.062,783.833,770.993,777.044,1434401,-0.6978,791.645,773.711,719.218,46.1526,5.33615,8.85961,-3.52346,818.357,764.933,6.7485,2023,8,3,2023-08,False
2023-08-18,JSWSTEEL,777.192,781.127,770.698,774.437,1546387,-0.3355,791.057,774.9,719.806,45.1793,3.51611,7.79091,-4.2748,818.773,763.341,7.0073,2023,8,3,2023-08,False
2023-08-21,JSWSTEEL,780.242,784.768,775.125,781.963,1033216,0.9719,791.466,775.866,720.415,48.5522,2.65052,6.76284,-4.11231,818.339,764.593,6.7907,2023,8,3,2023-08,False
2023-08-22,JSWSTEEL,787.031,787.08,779.553,782.406,823108,0.0566,792.427,776.846,720.964,48.752,1.97747,5.80576,-3.82829,816.239,768.616,6.0098,2023,8,3,2023-08,False
2023-08-23,JSWSTEEL,786.145,789.982,780.291,785.063,1274976,0.3395,792.297,777.904,721.538,50.0062,1.63954,4.97252,-3.33298,816.246,768.348,6.0456,2023,8,3,2023-08,False
2023-08-24,JSWSTEEL,787.129,793.721,773.502,775.224,1726077,-1.2533,791.434,778.581,722.082,45.559,0.571198,4.09225,-3.52106,816.569,766.298,6.3519,2023,8,3,2023-08,False
2023-08-25,JSWSTEEL,768.435,774.879,758.153,760.711,1502054,-1.8721,790.42,778.651,722.447,39.9197,-1.43003,2.9878,-4.41783,818.761,762.08,7.171,2023,8,3,2023-08,False
2023-08-28,JSWSTEEL,763.023,768.386,758.596,760.563,1769280,-0.0194,788.888,778.762,722.772,39.8657,-2.99342,1.79155,-4.78498,820.206,757.57,7.9398,2023,8,3,2023-08,False
2023-08-29,JSWSTEEL,766.368,773.256,763.072,770.058,1807893,1.2484,787.21,778.955,723.161,45.0222,-3.42677,0.747887,-4.17466,818.801,755.619,8.0261,2023,8,3,2023-08,False
2023-08-30,JSWSTEEL,772.075,779.209,771.485,774.486,1978468,0.575,785.55,779.323,723.599,47.2919,-3.37404,-0.0764984,-3.29754,816.081,755.019,7.7732,2023,8,3,2023-08,False
2023-08-31,JSWSTEEL,774.486,779.061,764.499,767.106,3999415,-0.9528,784.34,779.515,723.912,44.0293,-3.88295,-0.837788,-3.04516,815.813,752.866,8.0256,2023,8,3,2023-08,False
2023-09-01,JSWSTEEL,766.467,794.705,765.483,793.426,3513798,3.431,784.436,780.515,724.355,55.7539,-2.13784,-1.0978,-1.04004,816.013,752.858,8.051,2023,9,3,2023-09,False
2023-09-04,JSWSTEEL,798.887,813.301,795.492,796.771,3571051,0.4216,784.625,781.708,724.8,56.9873,-0.479369,-0.974113,0.494744,816.463,752.787,8.1154,2023,9,3,2023-09,False
2023-09-05,JSWSTEEL,795.935,804.839,787.621,802.822,1770212,0.7594,784.768,783.136,725.344,59.2025,1.30817,-0.517656,1.82583,816.919,752.616,8.1938,2023,9,3,2023-09,False
2023-09-06,JSWSTEEL,802.921,804.347,790.376,801.789,2225037,-0.1287,785.437,784.499,725.882,58.6472,2.61135,0.108144,2.5032,818.452,752.421,8.4069,2023,9,3,2023-09,False
2023-09-07,JSWSTEEL,798.985,808.185,792.541,806.118,2652562,0.5399,785.232,785.679,726.443,60.3266,3.94794,0.876104,3.07184,817.648,752.817,8.2563,2023,9,3,2023-09,False
2023-09-08,JSWSTEEL,806.118,810.743,797.558,802.626,1866220,-0.4333,784.458,786.381,727.044,58.2704,4.67151,1.63519,3.03633,814.193,754.722,7.5812,2023,9,3,2023-09,False
2023-09-11,JSWSTEEL,806.807,816.007,803.314,810.989,1715172,1.042,784.635,787.222,727.629,61.6417,5.85233,2.47861,3.37371,814.983,754.287,7.7356,2023,9,3,2023-09,False
2023-09-12,JSWSTEEL,820.385,826.485,798.838,803.068,2776481,-0.9766,785.459,787.724,728.115,56.9492,6.07894,3.19868,2.88026,816.905,754.012,8.0071,2023,9,3,2023-09,False
2023-09-13,JSWSTEEL,804.839,806.955,795.0,797.657,1380634,-0.6739,786.216,788.066,728.547,53.9286,5.75552,3.71005,2.04548,818.09,754.343,8.1082,2023,9,3,2023-09,False
2023-09-14,JSWSTEEL,799.871,811.727,795.837,797.312,2398032,-0.0432,787.23,788.495,728.976,53.7332,5.40907,4.04985,1.35922,819.165,755.295,8.1132,2023,9,3,2023-09,False
2023-09-15,JSWSTEEL,799.969,806.512,792.049,799.772,4454542,0.3085,788.497,788.901,729.469,54.9873,5.27221,4.29432,0.977887,820.304,756.689,8.0679,2023,9,3,2023-09,False
2023-09-18,JSWSTEEL,799.772,801.838,794.558,795.787,1335464,-0.4982,789.188,789.367,729.859,52.5045,4.78703,4.39286,0.394163,820.999,757.377,8.0616,2023,9,3,2023-09,False
2023-09-20,JSWSTEEL,795.049,797.755,772.567,774.092,3359951,-2.7263,788.772,788.965,730.087,41.514,2.62167,4.03863,-1.41696,821.168,756.376,8.2142,2023,9,3,2023-09,False
2023-09-21,JSWSTEEL,777.29,778.864,761.547,765.827,2875491,-1.0677,787.81,788.59,730.26,38.2308,0.23598,3.2781,-3.04212,821.774,753.847,8.6223,2023,9,3,2023-09,False
2023-09-22,JSWSTEEL,767.451,771.091,760.268,761.596,2147621,-0.5524,787.129,787.967,730.428,36.6337,-1.97334,2.22781,-4.20115,822.666,751.592,9.0296,2023,9,3,2023-09,False
2023-09-25,JSWSTEEL,764.45,770.845,761.892,767.352,2326745,0.7558,787.461,787.529,730.559,40.2885,-3.22264,1.13772,-4.36036,822.071,752.851,8.7902,2023,9,3,2023-09,False
2023-09-26,JSWSTEEL,767.352,775.716,765.434,767.106,1727679,-0.0321,787.788,787.034,730.736,40.1818,-4.18433,0.0733098,-4.25764,821.438,754.139,8.5428,2023,9,3,2023-09,False
2023-09-27,JSWSTEEL,767.451,773.059,762.187,767.057,2612372,-0.0064,787.638,786.669,730.955,40.1589,-4.89404,-0.92016,-3.97388,821.646,753.631,8.6353,2023,9,3,2023-09,False
2023-09-28,JSWSTEEL,768.14,774.732,752.053,755.742,3157286,-1.4751,786.701,786.22,731.085,35.1914,-6.29692,-1.99551,-4.30141,823.178,750.224,9.2734,2023,9,3,2023-09,False
2023-09-29,JSWSTEEL,763.367,771.288,759.038,767.057,1704218,1.4972,786.699,785.978,731.294,42.8098,-6.42167,-2.88074,-3.54093,823.181,750.216,9.2748,2023,9,3,2023-09,False
2023-10-03,JSWSTEEL,764.056,764.056,755.644,757.858,1099773,-1.1993,784.92,785.411,731.453,38.8147,-7.18009,-3.74061,-3.43947,823.433,746.407,9.8132,2023,10,4,2023-10,False
2023-10-04,JSWSTEEL,755.595,755.644,741.033,744.427,1654158,-1.7722,782.303,784.824,731.53,33.8484,-8.76384,-4.74526,-4.01858,824.375,740.231,10.7559,2023,10,4,2023-10,False
2023-10-05,JSWSTEEL,749.74,750.38,740.787,743.345,1459736,-0.1454,779.329,784.427,731.533,33.4767,-9.99113,-5.79443,-4.1967,823.642,735.016,11.3722,2023,10,4,2023-10,False
2023-10-06,JSWSTEEL,748.117,758.743,746.444,752.889,2026927,1.2839,776.884,783.732,731.656,39.7593,-10.0775,-6.65104,-3.42645,821.375,732.393,11.4538,2023,10,4,2023-10,False
2023-10-09,JSWSTEEL,744.329,749.15,737.097,745.362,725323,-0.9997,773.846,782.789,731.741,36.8069,-10.6307,-7.44698,-3.18376,818.229,729.463,11.4708,2023,10,4,2023-10,False
2023-10-10,JSWSTEEL,747.428,761.744,745.116,759.481,1351582,1.8943,771.689,782.359,731.867,45.0497,-9.81674,-7.92094,-1.8958,814.343,729.035,11.0547,2023,10,4,2023-10,False
2023-10-11,JSWSTEEL,763.515,769.96,762.088,764.745,1841618,0.6931,769.377,781.83,732.037,47.7843,-8.6472,-8.06619,-0.581013,807.871,730.882,10.0067,2023,10,4,2023-10,False
2023-10-12,JSWSTEEL,769.812,777.241,766.91,770.845,2139718,0.7977,767.766,781.174,732.251,50.8376,-7.14573,-7.8821,0.736366,802.871,732.66,9.1448,2023,10,4,2023-10,False
2023-10-13,JSWSTEEL,765.483,767.451,760.563,764.745,998547,-0.7914,766.12,780.315,732.461,47.8259,-6.37455,-7.58059,1.20603,798.288,733.952,8.3977,2023,10,4,2023-10,False
2023-10-16,JSWSTEEL,764.745,781.57,760.563,777.979,2157341,1.7305,765.153,780.049,732.785,54.1691,-4.64204,-6.99288,2.35084,794.405,735.902,7.6459,2023,10,4,2023-10,False
2023-10-17,JSWSTEEL,779.946,783.193,775.47,777.438,1050381,-0.0696,764.037,779.767,733.085,53.8806,-3.27493,-6.24929,2.97436,789.133,738.94,6.5695,2023,10,4,2023-10,False
2023-10-18,JSWSTEEL,780.34,788.113,768.632,771.78,1250892,-0.7277,762.836,779.343,733.197,50.8328,-2.61781,-5.52299,2.90518,783.432,742.241,5.3997,2023,10,4,2023-10,False
2023-10-19,JSWSTEEL,767.598,770.107,756.775,767.893,2130597,-0.5036,762.526,778.702,733.305,48.7909,-2.38318,-4.89503,2.51185,782.588,742.464,5.262,2023,10,4,2023-10,False
2023-10-20,JSWSTEEL,767.057,767.205,749.642,757.021,1501944,-1.4158,762.086,778.074,733.321,43.5241,-3.0395,-4.52392,1.48443,782.229,741.943,5.2863,2023,10,4,2023-10,False
2023-10-23,JSWSTEEL,758.399,762.334,734.096,736.9,1715908,-2.6579,760.851,776.608,733.243,35.818,-5.12415,-4.64397,-0.480184,783.934,737.768,6.0677,2023,10,4,2023-10,False
2023-10-25,JSWSTEEL,741.967,749.593,729.57,736.261,2417579,-0.0868,759.297,774.971,733.126,35.6023,-6.75006,-5.06519,-1.68487,784.616,733.978,6.6691,2023,10,4,2023-10,False
2023-10-26,JSWSTEEL,732.719,733.014,713.828,716.976,2519570,-2.6193,756.79,773.161,732.949,29.7773,-9.48537,-5.94922,-3.53614,788.076,725.504,8.2681,2023,10,4,2023-10,False
2023-10-27,JSWSTEEL,717.96,723.618,713.582,720.223,1588987,0.4529,754.448,771.834,732.943,31.8005,-11.2613,-7.01164,-4.24967,789.306,719.591,9.2405,2023,10,4,2023-10,False
2023-10-30,JSWSTEEL,722.978,724.946,714.32,722.683,1162173,0.3415,752.795,770.638,732.879,33.3668,-12.3282,-8.07494,-4.25321,790.42,715.171,9.996,2023,10,4,2023-10,False
2023-10-31,JSWSTEEL,725.143,726.668,715.304,724.503,1363728,0.2519,750.668,769.587,732.933,34.5644,-12.8783,-9.03562,-3.8427,789.684,711.652,10.395,2023,10,4,2023-10,False
2023-11-01,JSWSTEEL,725.044,725.438,711.368,712.794,1845107,-1.6161,748.415,768.354,732.86,30.7374,-14.0966,-10.0478,-4.04879,790.746,706.083,11.3123,2023,11,4,2023-11,False
2023-11-02,JSWSTEEL,716.287,722.584,713.336,721.551,1095177,1.2285,747.271,767.146,732.817,36.4083,-14.1919,-10.8766,-3.31528,791.26,703.282,11.7732,2023,11,4,2023-11,False
2023-11-03,JSWSTEEL,724.109,735.966,723.175,734.047,2526039,1.7318,746.806,766.179,732.793,43.5152,-13.108,-11.3229,-1.78513,791.165,702.447,11.8796,2023,11,4,2023-11,False
2023-11-06,JSWSTEEL,736.064,744.28,732.915,741.869,2782755,1.0656,746.255,765.315,732.762,47.4727,-11.4855,-11.3554,-0.130066,790.569,701.941,11.8764,2023,11,4,2023-11,False
2023-11-07,JSWSTEEL,744.821,747.379,734.932,736.556,2288975,-0.7162,745.815,764.541,732.68,45.1583,-10.5072,-11.1858,0.678568,790.341,701.288,11.9403,2023,11,4,2023-11,False
2023-11-08,JSWSTEEL,737.933,745.559,733.014,744.526,2664277,1.082,745.067,764.218,732.683,49.1619,-8.98526,-10.7457,1.76042,789.126,701.007,11.827,2023,11,4,2023-11,False
2023-11-09,JSWSTEEL,744.526,747.674,736.999,738.77,2579350,-0.7731,743.768,763.782,732.666,46.5205,-8.14961,-10.2265,2.07686,786.907,700.629,11.6001,2023,11,4,2023-11,False
2023-11-10,JSWSTEEL,739.803,746.789,733.063,742.607,1108868,0.5194,742.356,763.233,732.621,48.5068,-7.09592,-9.60036,2.50444,783.569,701.143,11.1033,2023,11,4,2023-11,False
2023-11-13,JSWSTEEL,744.378,750.97,740.885,748.855,942603,0.8413,741.562,762.72,732.642,51.6554,-5.69111,-8.81851,3.1274,781.552,701.571,10.7854,2023,11,4,2023-11,False
2023-11-15,JSWSTEEL,756.628,769.911,756.628,760.416,2443652,1.5438,740.683,762.586,732.812,56.9062,-3.60338,-7.77548,4.17211,777.988,703.379,10.0729,2023,11,4,2023-11,False
2023-11-16,JSWSTEEL,758.104,761.842,751.118,756.775,1699954,-0.4787,739.65,761.853,733.0,54.8847,-2.21703,-6.66379,4.44677,773.668,705.632,9.1984,2023,11,4,2023-11,False
2023-11-17,JSWSTEEL,759.579,762.433,753.676,756.431,1567731,-0.0455,738.883,761.046,733.245,54.6868,-1.13306,-5.55765,4.42458,770.454,707.312,8.5455,2023,11,4,2023-11,False
2023-11-20,JSWSTEEL,757.513,759.579,748.412,749.593,1024654,-0.904,737.968,759.982,733.443,50.7718,-0.816395,-4.6094,3.793,766.953,708.983,7.8554,2023,11,4,2023-11,False
2023-11-21,JSWSTEEL,754.512,767.057,753.627,763.318,1846834,1.8311,738.283,759.212,733.726,57.3688,0.535929,-3.58033,4.11626,768.259,708.306,8.1206,2023,11,4,2023-11,False
2023-11-22,JSWSTEEL,763.318,764.253,753.184,756.087,1312655,-0.9474,739.242,758.212,734.069,53.3148,1.01244,-2.66178,3.67422,770.243,708.241,8.3872,2023,11,4,2023-11,False
2023-11-23,JSWSTEEL,759.53,765.434,754.808,763.072,1068229,0.9239,740.583,757.421,734.374,56.5117,1.93151,-1.74312,3.67463,773.311,707.854,8.8386,2023,11,4,2023-11,False
2023-11-24,JSWSTEEL,766.467,773.6,763.909,769.468,2069730,0.8381,743.207,756.59,734.647,59.2621,3.13974,-0.766546,3.90629,776.381,710.033,8.9272,2023,11,4,2023-11,False
2023-11-28,JSWSTEEL,772.37,772.911,766.221,769.763,858569,0.0384,745.684,755.924,734.932,59.3897,4.07413,0.201589,3.87254,779.029,712.339,8.9436,2023,11,4,2023-11,False
2023-11-29,JSWSTEEL,770.599,781.914,770.599,780.488,1481172,1.3933,748.574,755.581,735.249,63.8252,5.6153,1.28433,4.33097,783.508,713.641,9.3334,2023,11,4,2023-11,False
2023-11-30,JSWSTEEL,781.225,795.148,776.896,788.211,3142500,0.9896,751.76,755.399,735.707,66.6503,7.37491,2.50245,4.87246,788.994,714.525,9.906,2023,11,4,2023-11,False
2023-12-01,JSWSTEEL,792.049,801.888,784.079,797.755,2064512,1.2108,756.008,755.358,736.197,69.7898,9.43082,3.88812,5.5427,793.905,718.111,10.0255,2023,12,4,2023-12,False
2023-12-04,JSWSTEEL,806.807,810.152,799.28,806.414,2789349,1.0853,760.251,755.571,736.644,72.3343,11.6248,5.43546,6.18934,800.813,719.689,10.6708,2023,12,4,2023-12,False
2023-12-05,JSWSTEEL,802.872,812.711,801.101,808.48,1338828,0.2562,763.973,756.259,737.14,72.9204,13.3761,7.02358,6.3525,807.928,720.017,11.5072,2023,12,4,2023-12,False
2023-12-06,JSWSTEEL,811.678,819.992,802.084,811.432,1543909,0.3651,767.451,757.171,737.676,73.7752,14.8312,8.58511,6.24609,814.911,719.99,12.3684,2023,12,4,2023-12,False
2023-12-07,JSWSTEEL,815.613,816.646,804.692,805.971,1717648,-0.673,770.921,758.058,738.188,69.4101,15.3666,9.94141,5.42522,819.017,722.826,12.4775,2023,12,4,2023-12,False
2023-12-08,JSWSTEEL,811.53,839.719,808.873,825.846,7142037,2.466,774.987,759.228,738.771,75.1689,17.1965,11.3924,5.80404,827.256,722.719,13.4889,2023,12,4,2023-12,False
2023-12-11,JSWSTEEL,828.01,833.373,818.417,831.503,1630946,0.6851,779.624,760.516,739.366,76.5237,18.8854,12.891,5.99442,834.74,724.508,14.1391,2023,12,4,2023-12,False
2023-12-12,JSWSTEEL,832.979,848.919,831.651,840.113,2518863,1.0354,784.499,761.977,740.001,78.4506,20.6803,14.4489,6.2314,842.976,726.023,14.908,2023,12,4,2023-12,False
2023-12-13,JSWSTEEL,841.097,845.377,826.485,837.702,2170707,-0.2869,788.942,763.616,740.621,76.5559,21.6585,15.8908,5.76771,849.48,728.404,15.3466,2023,12,4,2023-12,False
2023-12-14,JSWSTEEL,846.164,847.689,832.192,833.766,2711444,-0.4698,792.609,764.951,741.246,73.4374,21.8642,17.0855,4.77869,854.737,730.481,15.6768,2023,12,4,2023-12,False
2023-12-15,JSWSTEEL,840.309,856.544,837.899,853.248,4058044,2.3366,797.433,766.858,741.984,78.1763,23.3302,18.3344,4.99578,862.745,732.121,16.3806,2023,12,4,2023-12,False
2023-12-18,JSWSTEEL,830.421,851.624,822.697,841.146,4324786,-1.4184,801.669,768.793,742.761,69.8406,23.2475,19.317,3.93048,866.772,736.565,16.242,2023,12,4,2023-12,False
2023-12-19,JSWSTEEL,841.785,847.64,833.963,844.885,1285256,0.4445,806.433,770.824,743.55,70.8739,23.2161,20.0968,3.11922,869.403,743.464,15.6168,2023,12,4,2023-12,False
2023-12-20,JSWSTEEL,845.18,849.853,826.19,828.699,1764901,-1.9157,809.702,772.34,744.338,61.1129,21.6357,20.4046,1.23109,869.978,749.426,14.8884,2023,12,4,2023-12,False
2023-12-21,JSWSTEEL,816.646,834.012,806.906,828.355,2106856,-0.0415,813.316,774.0,745.146,60.9207,20.1235,20.3484,-0.224879,868.509,758.123,13.5723,2023,12,4,2023-12,False
2023-12-22,JSWSTEEL,831.405,843.753,829.536,841.539,1846933,1.5916,817.239,775.641,746.085,65.4074,19.7612,20.2309,-0.469787,868.403,766.076,12.5211,2023,12,4,2023-12,False
2023-12-26,JSWSTEEL,843.704,849.115,836.275,838.587,1294151,-0.3508,820.695,777.118,746.963,63.6456,19.0166,19.9881,-0.97148,867.417,773.973,11.3859,2023,12,4,2023-12,False
2023-12-27,JSWSTEEL,844.639,867.318,841.884,861.808,2466359,2.769,825.297,778.937,747.964,70.4001,20.0689,20.0042,0.0646383,868.926,781.669,10.5728,2023,12,4,2023-12,False
2023-12-28,JSWSTEEL,868.695,881.338,859.938,866.629,4482599,0.5594,829.604,780.975,748.955,71.5807,21.0492,20.2132,0.835966,871.584,787.625,10.1203,2023,12,4,2023-12,False
2023-12-29,JSWSTEEL,867.81,873.221,859.25,866.088,1906630,-0.0624,833.498,782.737,749.982,71.2372,21.5342,20.4774,1.05678,873.722,793.275,9.6517,2023,12,4,2023-12,False
2024-01-01,JSWSTEEL,866.088,870.565,860.922,863.48,778184,-0.3011,836.785,784.458,750.991,69.5067,21.4608,20.6741,0.786703,875.421,798.148,9.2344,2024,1,1,2024-01,False
2024-01-02,JSWSTEEL,869.63,869.63,845.278,856.2,1615515,-0.8432,839.274,786.146,751.94,64.7747,20.5779,20.6549,-0.0769491,876.041,802.507,8.7617,2024,1,1,2024-01,False
2024-01-03,JSWSTEEL,856.003,856.003,822.55,824.173,3983411,-3.7405,840.058,787.272,752.732,48.979,17.0969,19.9433,-2.84639,874.665,805.452,8.239,2024,1,1,2024-01,False
2024-01-04,JSWSTEEL,826.731,830.224,821.566,823.632,1878399,-0.0657,840.669,788.604,753.541,48.7626,14.1316,18.7809,-4.64936,873.537,807.8,7.8195,2024,1,1,2024-01,False
2024-01-05,JSWSTEEL,825.452,832.192,813.891,816.056,2060548,-0.9198,841.173,790.187,754.329,45.7175,11.0429,17.2333,-6.19041,872.049,810.297,7.3411,2024,1,1,2024-01,False
2024-01-08,JSWSTEEL,822.304,823.189,807.496,808.726,1107367,-0.8982,840.317,791.636,755.043,42.9245,7.91244,15.3691,-7.45671,873.819,806.814,7.9738,2024,1,1,2024-01,False
2024-01-09,JSWSTEEL,815.17,818.565,806.069,808.185,1458862,-0.0669,839.151,793.46,755.839,42.7171,5.32646,13.3606,-8.03415,875.451,802.851,8.6517,2024,1,1,2024-01,False
2024-01-10,JSWSTEEL,810.595,817.975,798.149,816.45,1265739,1.0226,837.968,795.385,756.607,46.9357,3.899,11.4683,-7.56929,875.652,800.283,8.9942,2024,1,1,2024-01,False
2024-01-11,JSWSTEEL,821.369,823.288,806.906,808.824,1205504,-0.934,836.524,797.108,757.378,43.7354,2.1279,9.60021,-7.47231,876.4,796.647,9.5338,2024,1,1,2024-01,False
2024-01-12,JSWSTEEL,811.235,817.433,808.037,812.514,1326357,0.4562,835.461,798.868,758.179,45.6659,1.01037,7.88224,-6.87188,876.754,794.168,9.8851,2024,1,1,2024-01,False
2024-01-15,JSWSTEEL,814.383,817.138,806.807,811.874,1497605,-0.0787,833.392,800.85,758.994,45.3753,0.0722807,6.32025,-6.24797,875.077,791.708,10.0037,2024,1,1,2024-01,False
2024-01-16,JSWSTEEL,814.334,825.993,806.168,818.909,1920936,0.8665,832.281,802.797,759.818,49.2047,-0.102321,5.03574,-5.13806,874.28,790.281,10.0926,2024,1,1,2024-01,False
2024-01-17,JSWSTEEL,816.646,816.646,797.017,799.576,1433551,-2.3609,830.015,804.107,760.593,40.7498,-1.78024,3.67254,-5.45278,873.993,786.037,10.5969,2024,1,1,2024-01,False
2024-01-18,JSWSTEEL,799.428,801.396,779.848,790.72,1991900,-1.1075,828.116,805.084,761.319,37.5658,-3.78097,2.18184,-5.96281,875.483,780.75,11.4396,2024,1,1,2024-01,False
2024-01-19,JSWSTEEL,792.294,807.496,792.294,803.511,1358166,1.6176,826.874,806.423,762.103,44.3318,-4.28505,0.888459,-5.17351,875.501,778.248,11.7615,2024,1,1,2024-01,False
2024-01-23,JSWSTEEL,795.246,802.872,775.765,777.683,1533222,-3.2143,823.681,807.087,762.666,35.8771,-6.69148,-0.627529,-6.06395,876.462,770.901,12.8157,2024,1,1,2024-01,False
2024-01-24,JSWSTEEL,782.209,800.904,771.386,799.133,1490515,2.7581,821.709,808.294,763.29,45.2206,-6.78956,-1.85993,-4.92962,875.089,768.328,12.9925,2024,1,1,2024-01,False
2024-01-25,JSWSTEEL,801.888,807.791,780.045,802.576,3240065,0.4309,818.747,809.493,763.961,46.5668,-6.51431,-2.79081,-3.7235,869.255,768.239,12.3379,2024,1,1,2024-01,False
2024-01-29,JSWSTEEL,805.872,810.349,791.065,798.641,1574830,-0.4904,815.348,810.489,764.591,45.1997,-6.53838,-3.54032,-2.99806,861.226,769.469,11.2538,2024,1,1,2024-01,False
2024-01-30,JSWSTEEL,804.839,816.007,797.116,798.936,1892910,0.037,811.99,811.259,765.241,45.3294,-6.45918,-4.1241,-2.33508,851.639,772.341,9.766,2024,1,1,2024-01,False
2024-01-31,JSWSTEEL,798.936,808.775,795.049,805.479,1954023,0.819,809.09,812.233,765.896,48.2517,-5.80157,-4.45959,-1.34198,840.513,777.667,7.7676,2024,1,1,2024-01,False
2024-02-01,JSWSTEEL,808.775,808.775,787.227,788.802,2287350,-2.0705,805.72,812.881,766.344,42.0778,-6.55061,-4.87779,-1.67281,829.364,782.076,5.869,2024,2,1,2024-02,False
2024-02-02,JSWSTEEL,796.23,813.006,792.147,810.3,2871131,2.7254,805.026,814.095,766.877,50.8145,-5.34784,-4.9718,-0.37604,827.156,782.896,5.498,2024,2,1,2024-02,False
2024-02-05,JSWSTEEL,810.89,820.582,797.952,801.543,2056107,-1.0807,803.922,814.86,767.354,47.661,-5.0431,-4.98606,-0.057041,824.276,783.568,5.0636,2024,2,1,2024-02,False
2024-02-06,JSWSTEEL,801.543,807.545,792.147,805.577,1547506,0.5033,803.398,815.849,767.849,49.2243,-4.42508,-4.87387,0.448789,822.961,783.835,4.87,2024,2,1,2024-02,False
2024-02-07,JSWSTEEL,814.088,829.339,809.759,823.14,3647454,2.1802,804.119,817.051,768.44,55.4614,-2.48942,-4.39698,1.90756,825.487,782.751,5.3146,2024,2,1,2024-02,False
2024-02-08,JSWSTEEL,827.912,827.912,804.839,808.873,2294805,-1.7332,804.153,817.839,768.946,50.0799,-2.08259,-3.9341,1.85151,825.551,782.755,5.3218,2024,2,1,2024-02,False
2024-02-09,JSWSTEEL,811.628,811.727,787.572,798.69,1396058,-1.259,803.265,818.417,769.433,46.6038,-2.55248,-3.65778,1.1053,823.977,782.553,5.157,2024,2,1,2024-02,False
2024-02-12,JSWSTEEL,804.839,806.414,789.54,798.444,1408603,-0.0308,802.746,818.776,769.944,46.5198,-2.91116,-3.50845,0.597296,823.392,782.1,5.1438,2024,2,1,2024-02,False
2024-02-13,JSWSTEEL,799.871,801.593,777.831,799.576,1675844,0.1417,802.099,819.004,770.413,46.9931,-3.06873,-3.42051,0.35178,822.262,781.937,5.0274,2024,2,1,2024-02,False
2024-02-14,JSWSTEEL,785.161,802.675,783.734,800.166,1546826,0.0738,801.514,819.052,770.862,47.2553,-3.11013,-3.35843,0.248305,821.154,781.873,4.9008,2024,2,1,2024-02,False
2024-02-15,JSWSTEEL,804.839,807.545,792.639,799.28,1482200,-0.1107,800.532,818.909,771.314,46.8806,-3.17775,-3.32229,0.144544,818.394,782.671,4.4624,2024,2,1,2024-02,False
2024-02-16,JSWSTEEL,804.987,811.136,800.412,806.758,1774587,0.9356,800.891,818.875,771.761,50.4533,-2.59801,-3.17744,0.579431,818.96,782.823,4.512,2024,2,1,2024-02,False
2024-02-19,JSWSTEEL,812.662,812.662,800.904,807.004,829517,0.0305,801.706,818.786,772.243,50.571,-2.09456,-2.96086,0.8663,819.305,784.106,4.3906,2024,2,1,2024-02,False
2024-02-20,JSWSTEEL,811.727,811.727,798.739,807.988,1384043,0.1219,801.929,818.827,772.668,51.072,-1.59777,-2.68824,1.09047,819.739,784.12,4.4416,2024,2,1,2024-02,False
2024-02-21,JSWSTEEL,807.791,836.325,807.742,814.924,6419882,0.8585,803.792,818.608,773.155,54.568,-0.636995,-2.27799,1.641,818.432,789.151,3.643,2024,2,1,2024-02,False
2024-02-22,JSWSTEEL,817.63,821.713,806.856,815.318,2366934,0.0483,804.601,818.285,773.612,54.7655,0.154407,-1.79151,1.94592,819.931,789.271,3.8105,2024,2,1,2024-02,False
2024-02-23,JSWSTEEL,821.566,822.845,806.069,807.791,1736000,-0.9232,804.862,817.638,774.059,50.2653,0.172254,-1.39876,1.57101,820.224,789.499,3.8173,2024,2,1,2024-02,False
2024-02-26,JSWSTEEL,811.924,814.482,793.229,795.738,1188689,-1.4921,804.716,816.799,774.447,44.0265,-0.777213,-1.27445,0.497238,820.378,789.055,3.8924,2024,2,1,2024-02,False
2024-02-27,JSWSTEEL,795.935,807.348,792.737,805.774,1331211,1.2612,805.058,816.239,774.927,49.6322,-0.711661,-1.16189,0.450232,820.485,789.631,3.8325,2024,2,1,2024-02,False
2024-02-28,JSWSTEEL,809.464,809.513,782.209,785.752,1851909,-2.4849,804.072,814.889,775.307,40.8436,-2.24943,-1.3794,-0.87003,821.745,786.399,4.3958,2024,2,1,2024-02,False
2024-02-29,JSWSTEEL,788.113,792.934,777.29,787.227,3155812,0.1878,803.993,813.811,775.762,41.6636,-3.31087,-1.76569,-1.54518,821.964,786.022,4.4704,2024,2,1,2024-02,False
2024-03-01,JSWSTEEL,791.311,826.19,791.311,822.747,5377896,4.5119,804.616,813.368,776.433,57.0822,-1.27131,-1.66682,0.395506,824.287,784.944,4.8898,2024,3,1,2024-03,False
2024-03-04,JSWSTEEL,825.502,825.502,805.331,811.038,3821690,-1.4231,805.09,813.015,777.032,52.1857,-0.592894,-1.45203,0.859139,824.908,785.273,4.923,2024,3,1,2024-03,False
2024-03-05,JSWSTEEL,811.825,813.35,797.952,806.118,2630517,-0.6066,805.117,812.57,777.62,50.2359,-0.447056,-1.25104,0.803981,824.939,785.296,4.9239,2024,3,1,2024-03,False
2024-03-06,JSWSTEEL,807.201,809.759,787.129,799.822,2041620,-0.7811,803.951,811.736,778.214,47.7753,-0.830021,-1.16683,0.336813,821.971,785.932,4.4827,2024,3,1,2024-03,False
2024-03-07,JSWSTEEL,806.807,831.307,804.889,816.646,5074846,2.1036,804.34,811.297,778.907,54.2266,0.221541,-0.889159,1.1107,823.125,785.555,4.671,2024,3,1,2024-03,False
2024-03-11,JSWSTEEL,818.614,823.14,808.923,816.45,1622850,-0.0241,805.228,810.39,779.59,54.1424,1.0272,-0.505888,1.53308,824.56,785.896,4.8016,2024,3,1,2024-03,False
2024-03-12,JSWSTEEL,815.662,815.958,801.888,804.643,1231413,-1.4461,805.538,809.15,780.161,49.2033,0.704838,-0.263743,0.968581,824.609,786.467,4.735,2024,3,1,2024-03,False
2024-03-13,JSWSTEEL,805.233,807.398,775.765,780.192,3047464,-3.0386,804.569,807.432,780.613,40.8855,-1.5062,-0.512234,-0.993963,826.648,782.489,5.4885,2024,3,1,2024-03,False
2024-03-14,JSWSTEEL,779.258,780.192,749.494,772.813,5262918,-0.9458,803.201,805.619,781.067,38.756,-3.80999,-1.17179,-2.63821,829.428,776.974,6.5306,2024,3,1,2024-03,False
2024-03-15,JSWSTEEL,769.517,777.487,762.088,768.09,3992861,-0.6111,801.642,803.856,781.495,37.413,-5.94828,-2.12709,-3.8212,832.201,771.082,7.6243,2024,3,1,2024-03,False
2024-03-18,JSWSTEEL,768.09,795.492,765.975,791.458,3561533,3.0423,800.877,803.202,782.015,47.1685,-5.69169,-2.84001,-2.85168,831.662,770.091,7.688,2024,3,1,2024-03,False
2024-03-19,JSWSTEEL,789.097,796.919,780.98,788.162,2192986,-0.4165,799.935,802.493,782.515,46.0775,-5.68873,-3.40975,-2.27898,831.082,768.787,7.7874,2024,3,1,2024-03,False
2024-03-20,JSWSTEEL,789.294,796.968,776.601,781.865,1538050,-0.799,798.628,801.809,782.973,43.9844,-6.12392,-3.95258,-2.17133,830.535,766.722,7.9904,2024,3,1,2024-03,False
2024-03-21,JSWSTEEL,791.065,806.266,790.179,799.28,2783067,2.2274,797.846,801.62,783.558,50.6598,-5.00583,-4.16323,-0.842597,828.825,766.868,7.7655,2024,3,1,2024-03,False
2024-03-22,JSWSTEEL,795.0,819.549,793.77,811.53,3983433,1.5326,797.657,801.687,784.217,54.745,-3.09561,-3.94971,0.854097,828.229,767.085,7.6655,2024,3,1,2024-03,False
2024-03-26,JSWSTEEL,807.348,820.582,804.889,808.677,2454193,-0.3516,797.701,801.531,784.799,53.6312,-1.79134,-3.51803,1.7267,828.338,767.065,7.6812,2024,3,1,2024-03,False
2024-03-27,JSWSTEEL,811.727,819.008,802.281,804.889,1884038,-0.4684,798.159,801.453,785.334,52.1151,-1.05124,-3.02467,1.97344,828.945,767.373,7.7143,2024,3,1,2024-03,False
2024-03-28,JSWSTEEL,813.695,827.322,806.807,816.843,3722941,1.4852,798.712,801.539,785.926,56.3123,0.494231,-2.32089,2.81512,830.458,766.967,7.9492,2024,3,1,2024-03,False
2024-04-01,JSWSTEEL,824.518,862.349,824.518,857.921,6053539,5.0289,802.321,802.46,786.641,67.0121,4.97634,-0.861447,5.83778,843.01,761.631,10.143,2024,4,2,2024-04,False
2024-04-02,JSWSTEEL,857.085,867.662,847.689,865.104,2784783,0.8372,806.214,803.384,787.298,68.4663,9.00421,1.11168,7.89253,854.935,757.494,12.0862,2024,4,2,2024-04,False
2024-04-03,JSWSTEEL,863.726,865.399,853.149,855.019,1980049,-1.1658,807.828,804.493,787.906,64.1875,11.2528,3.13991,8.11292,860.806,754.85,13.1161,2024,4,2,2024-04,False
2024-04-04,JSWSTEEL,862.201,864.514,839.817,848.623,2790334,-0.748,809.707,805.651,788.488,61.5601,12.3762,4.98716,7.38899,865.743,753.672,13.8409,2024,4,2,2024-04,False
2024-04-05,JSWSTEEL,846.164,850.64,833.324,843.31,1847243,-0.6261,811.567,806.447,788.998,59.3854,12.6914,6.52801,6.16337,869.536,753.598,14.2857,2024,4,2,2024-04,False
2024-04-08,JSWSTEEL,850.099,863.874,846.41,862.349,2462906,2.2576,814.693,808.14,789.524,64.258,14.3125,8.0849,6.22757,876.605,752.781,15.1989,2024,4,2,2024-04,False
2024-04-09,JSWSTEEL,867.613,877.108,856.544,860.529,2512308,-0.2111,816.887,809.368,790.051,63.4739,15.2742,9.52277,5.75148,882.113,751.662,15.9692,2024,4,2,2024-04,False
2024-04-10,JSWSTEEL,867.17,874.697,861.267,869.728,2519596,1.0691,819.551,810.711,790.598,65.7487,16.5876,10.9357,5.65185,888.922,750.181,16.9289,2024,4,2,2024-04,False
2024-04-12,JSWSTEEL,869.679,869.679,848.131,852.51,4129109,-1.9798,821.945,811.789,791.08,58.4159,16.054,11.9594,4.09459,892.443,751.446,17.154,2024,4,2,2024-04,False
2024-04-15,JSWSTEEL,849.017,867.81,836.571,846.606,1974756,-0.6925,825.265,812.742,791.526,56.1055,14.982,12.5639,2.4181,893.71,756.821,16.5872,2024,4,2,2024-04,False
2024-04-16,JSWSTEEL,845.672,849.706,829.191,831.651,1706563,-1.7665,828.207,813.266,791.967,50.6412,12.7784,12.6068,0.171586,892.063,764.352,15.4202,2024,4,2,2024-04,False
2024-04-18,JSWSTEEL,832.487,844.196,828.158,831.208,3437879,-0.0532,831.363,814.114,792.437,50.4845,10.871,12.2596,-1.38867,888.605,774.121,13.7707,2024,4,2,2024-04,False
2024-04-19,JSWSTEEL,829.29,853.346,819.795,850.886,3157898,2.3674,834.335,814.925,793.035,56.8741,10.8224,11.9722,-1.14976,888.965,779.704,13.0956,2024,4,2,2024-04,False
2024-04-22,JSWSTEEL,853.149,856.888,839.719,841.047,1584578,-1.1563,836.979,815.716,793.572,53.179,9.87618,11.553,-1.67681,887.136,786.822,11.9852,2024,4,2,2024-04,False
2024-04-23,JSWSTEEL,844.688,851.083,834.898,837.653,1755588,-0.4036,839.768,816.357,794.024,51.9255,8.75149,10.9927,-2.2412,882.705,796.831,10.2259,2024,4,2,2024-04,False
2024-04-24,JSWSTEEL,837.653,871.745,836.325,868.498,4257548,3.6824,843.229,817.264,794.529,60.9359,10.2312,10.8404,-0.609186,883.501,802.957,9.5518,2024,4,2,2024-04,False
2024-04-25,JSWSTEEL,868.498,894.769,860.283,891.227,4893459,2.617,847.214,818.911,795.141,65.9935,13.087,11.2897,1.7973,889.974,804.454,10.0942,2024,4,2,2024-04,False
2024-04-26,JSWSTEEL,895.359,899.295,870.417,872.975,3626999,-2.0479,850.429,820.397,795.616,59.3485,13.7194,11.7757,1.94373,890.578,810.28,9.4421,2024,4,2,2024-04,False
2024-04-29,JSWSTEEL,883.946,887.98,871.893,881.338,1956431,0.958,854.251,822.055,796.12,61.2728,14.7256,12.3656,2.35998,890.514,817.989,8.4898,2024,4,2,2024-04,False
2024-04-30,JSWSTEEL,887.931,888.226,865.891,868.007,1831578,-1.5127,856.81,823.424,796.58,56.6678,14.2827,12.7491,1.53361,888.944,824.675,7.5009,2024,4,2,2024-04,False
2024-05-02,JSWSTEEL,868.794,880.207,868.794,876.025,2448369,0.9238,857.715,824.941,797.063,58.6793,14.4125,13.0817,1.33078,890.981,824.449,7.7569,2024,5,2,2024-05,False
2024-05-03,JSWSTEEL,881.437,889.161,852.067,860.135,3672279,-1.8139,857.466,826.158,797.501,53.3902,13.0824,13.0819,0.000548429,890.574,824.359,7.7222,2024,5,2,2024-05,False
2024-05-06,JSWSTEEL,865.547,878.633,860.283,866.481,2556178,0.7378,858.039,827.352,797.863,55.1297,12.3975,12.945,-0.547504,891.365,824.714,7.7678,2024,5,2,2024-05,False
2024-05-07,JSWSTEEL,866.481,866.875,832.143,843.556,2369111,-2.6458,857.786,828.083,798.158,48.1402,9.89081,12.3342,-2.44336,891.488,824.084,7.8579,2024,5,2,2024-05,False
2024-05-08,JSWSTEEL,836.718,852.657,836.718,850.739,1849894,0.8515,858.158,828.938,798.448,50.2676,8.38713,11.5448,-3.15763,891.347,824.968,7.7352,2024,5,2,2024-05,False
2024-05-09,JSWSTEEL,850.788,854.822,817.679,821.123,2282517,-3.4812,856.096,829.062,798.607,42.5219,4.75094,10.186,-5.43506,893.093,819.1,8.643,2024,5,2,2024-05,False
2024-05-10,JSWSTEEL,822.501,842.179,822.501,839.867,1947295,2.2827,855.063,829.553,798.847,47.9847,3.34314,8.81742,-5.47428,892.687,817.439,8.8002,2024,5,2,2024-05,False
2024-05-13,JSWSTEEL,834.209,848.623,816.646,846.754,1735081,0.8201,853.914,830.333,799.154,49.8701,2.75148,7.60424,-4.85275,891.053,816.776,8.6984,2024,5,2,2024-05,False
2024-05-14,JSWSTEEL,850.247,870.712,847.344,867.318,2706050,2.4285,854.655,831.764,799.6,55.1028,3.897,6.86279,-2.96579,892.263,817.047,8.8007,2024,5,2,2024-05,False
2024-05-15,JSWSTEEL,867.81,869.286,849.509,856.938,2194086,-1.1968,855.171,832.787,799.989,52.1439,3.92202,6.27463,-2.35262,892.597,817.746,8.7528,2024,5,2,2024-05,False
2024-05-16,JSWSTEEL,858.758,874.156,850.542,872.139,3282175,1.7739,857.196,834.515,800.418,55.8802,5.10957,6.04162,-0.93205,893.632,820.76,8.5012,2024,5,2,2024-05,False
2024-05-17,JSWSTEEL,873.713,900.23,864.563,892.85,4635724,2.3748,860.278,836.628,801.014,60.4148,7.63395,6.36009,1.27386,897.868,822.688,8.7391,2024,5,2,2024-05,False
2024-05-21,JSWSTEEL,877.649,914.004,876.468,908.593,5938708,1.7632,863.163,838.345,801.741,63.4868,10.7806,7.24418,3.53638,906.185,820.142,9.9683,2024,5,2,2024-05,False
2024-05-22,JSWSTEEL,910.118,912.381,891.473,901.066,2938404,-0.8284,866.164,840.145,802.308,61.0474,12.5226,8.29986,4.2227,911.024,821.304,10.3583,2024,5,2,2024-05,False
2024-05-23,JSWSTEEL,897.327,906.035,876.37,902.247,3800388,0.131,869.394,842.068,802.857,61.2986,13.8388,9.40765,4.43119,914.907,823.881,10.4701,2024,5,2,2024-05,False
2024-05-24,JSWSTEEL,900.279,910.118,891.473,894.031,2113036,-0.9106,870.67,843.952,803.422,58.4729,14.057,10.3375,3.71951,917.491,823.85,10.7551,2024,5,2,2024-05,False
2024-05-27,JSWSTEEL,895.851,904.362,885.619,887.439,1893682,-0.7374,870.481,845.368,803.903,56.2329,13.5419,10.9784,2.56352,916.981,823.981,10.6838,2024,5,2,2024-05,False
2024-05-28,JSWSTEEL,891.276,901.115,886.701,892.752,1931419,0.5987,871.47,846.894,804.349,57.6414,13.4079,11.4643,1.94356,919.023,823.917,10.9133,2024,5,2,2024-05,False
2024-05-29,JSWSTEEL,885.127,895.359,882.027,887.39,1740879,-0.6006,871.772,848.549,804.747,55.6934,12.7223,11.7159,1.00637,919.665,823.879,10.9875,2024,5,2,2024-05,False
2024-05-30,JSWSTEEL,885.52,886.307,859.201,869.482,3993159,-2.018,871.846,850.334,805.138,49.6582,10.6116,11.495,-0.883402,919.719,823.973,10.982,2024,5,2,2024-05,False
2024-05-31,JSWSTEEL,877.649,881.043,862.89,866.383,5249761,-0.3565,871.364,852.206,805.512,48.6751,8.58985,10.914,-2.32416,919.254,823.474,10.992,2024,5,2,2024-05,False
2024-06-03,JSWSTEEL,897.327,902.935,883.355,900.574,2541803,3.9464,873.386,854.856,806.05,58.4484,9.63541,10.6583,-1.02288,922.674,824.098,11.2867,2024,6,2,2024-06,False
2024-06-04,JSWSTEEL,899.295,899.295,810.546,828.306,4022430,-8.0247,871.477,855.592,806.192,40.7747,4.57978,9.44258,-4.8628,924.692,818.263,12.2125,2024,6,2,2024-06,False
2024-06-05,JSWSTEEL,843.212,867.515,815.81,864.268,1969854,4.3416,872.513,857.115,806.571,49.0336,3.4354,8.24115,-4.80575,924.224,820.801,11.8535,2024,6,2,2024-06,False
2024-06-06,JSWSTEEL,869.778,878.534,863.382,873.812,3095781,1.1043,873.666,858.954,806.889,50.987,3.26098,7.24511,-3.98413,924.352,822.981,11.603,2024,6,2,2024-06,False
2024-06-07,JSWSTEEL,873.812,900.672,862.989,897.475,3609817,2.708,877.484,860.917,807.286,55.5372,4.97483,6.79106,-1.81623,922.714,832.254,10.3091,2024,6,2,2024-06,False
2024-06-10,JSWSTEEL,892.407,905.198,886.258,901.164,1765715,0.4111,880.549,862.71,807.755,56.2197,6.55522,6.74389,-0.188668,923.285,837.813,9.7067,2024,6,2,2024-06,False
2024-06-11,JSWSTEEL,901.213,904.018,890.489,895.458,2003998,-0.6333,882.984,864.446,808.299,54.8181,7.26348,6.84781,0.415673,923.081,842.887,9.0821,2024,6,2,2024-06,False
2024-06-12,JSWSTEEL,895.408,909.429,893.441,902.148,1782777,0.7472,884.726,866.391,808.897,56.1969,8.26934,7.13211,1.13722,924.983,844.468,9.1005,2024,6,2,2024-06,False
2024-06-13,JSWSTEEL,902.788,910.167,893.441,901.017,1788757,-0.1254,886.93,868.074,809.517,55.8863,8.8729,7.48027,1.39263,925.575,848.284,8.7145,2024,6,2,2024-06,False
2024-06-14,JSWSTEEL,899.295,908.642,889.062,906.33,2625892,0.5897,888.639,869.043,810.177,57.0858,9.6685,7.91792,1.75059,927.554,849.724,8.7583,2024,6,2,2024-06,False
2024-06-18,JSWSTEEL,906.33,912.528,899.59,910.462,2395045,0.4559,889.52,869.95,810.819,58.0413,10.5113,8.43659,2.07471,929.615,849.424,9.0151,2024,6,2,2024-06,False
2024-06-19,JSWSTEEL,914.053,921.826,898.606,900.23,1793533,-1.1239,889.102,870.854,811.408,54.788,10.2355,8.79638,1.43916,928.528,849.675,8.8689,2024,6,2,2024-06,False
2024-06-20,JSWSTEEL,900.23,922.909,896.638,914.693,3120339,1.6066,889.783,872.175,812.056,58.3423,11.0566,9.24843,1.8082,930.529,849.037,9.1587,2024,6,2,2024-06,False
2024-06-21,JSWSTEEL,914.054,928.812,908.298,921.826,4299319,0.7799,890.762,873.746,812.789,60.012,12.143,9.82735,2.31564,933.653,847.87,9.6303,2024,6,2,2024-06,False
2024-06-24,JSWSTEEL,920.941,926.5,907.166,920.301,1857847,-0.1654,892.075,874.905,813.587,59.4632,12.7341,10.4087,2.32538,936.951,847.199,10.061,2024,6,2,2024-06,False
2024-06-25,JSWSTEEL,921.826,924.877,913.02,914.939,1733931,-0.5827,893.45,875.993,814.359,57.4733,12.6243,10.8518,1.77249,939.401,847.5,10.286,2024,6,2,2024-06,False
2024-06-26,JSWSTEEL,915.923,917.448,903.329,904.411,1341496,-1.1507,894.033,876.687,815.031,53.6755,11.5546,10.9924,0.56223,940.241,847.825,10.337,2024,6,2,2024-06,False
2024-06-27,JSWSTEEL,901.459,930.386,900.574,927.976,4700053,2.6055,896.063,878.196,815.798,60.0404,12.4646,11.2868,1.17782,944.551,847.575,10.8225,2024,6,2,2024-06,False
2024-06-28,JSWSTEEL,927.976,934.125,913.808,916.513,2402672,-1.2352,898.414,879.594,816.545,56.0091,12.1212,11.4537,0.667495,946.029,850.8,10.5996,2024,6,2,2024-06,False
2024-07-01,JSWSTEEL,919.957,932.256,916.612,928.714,2562034,1.3312,901.531,881.535,817.222,59.1528,12.6872,11.7004,0.986831,948.472,854.589,10.4137,2024,7,3,2024-07,False
2024-07-02,JSWSTEEL,929.796,938.356,921.433,923.155,1936180,-0.5986,902.66,883.374,817.854,57.1488,12.5427,11.8689,0.673815,950.58,854.739,10.6176,2024,7,3,2024-07,False
2024-07-03,JSWSTEEL,924.385,938.061,923.942,935.109,1369238,1.295,908.0,885.059,818.515,60.2663,13.2401,12.1431,1.09701,943.13,872.87,7.7378,2024,7,3,2024-07,False
2024-07-04,JSWSTEEL,935.109,943.964,927.828,929.157,1384884,-0.6366,911.244,886.821,819.152,58.0034,13.1608,12.3467,0.814153,940.932,881.557,6.5159,2024,7,3,2024-07,False
2024-07-05,JSWSTEEL,932.748,940.619,929.993,938.701,1583550,1.0272,914.489,888.842,819.815,60.5603,13.71,12.6193,1.0907,940.961,888.017,5.7894,2024,7,3,2024-07,False
2024-07-08,JSWSTEEL,940.521,940.521,919.022,924.089,1569620,-1.5565,915.82,889.954,820.422,55.0359,12.8185,12.6592,0.159358,941.349,890.29,5.5752,2024,7,3,2024-07,False
2024-07-09,JSWSTEEL,931.13,932.915,924.486,927.461,1489629,0.3648,917.134,890.678,821.005,56.0326,12.2429,12.5759,-0.332989,942.19,892.079,5.4639,2024,7,3,2024-07,False
2024-07-10,JSWSTEEL,923.197,927.461,911.198,917.644,1483892,-1.0585,918.244,891.572,821.578,52.391,10.8693,12.2346,-1.36528,941.129,895.359,4.9846,2024,7,3,2024-07,False
2024-07-11,JSWSTEEL,919.379,924.189,907.777,917.247,2348723,-0.0432,918.999,892.29,822.176,52.2433,9.63762,11.7152,-2.07758,940.609,897.389,4.703,2024,7,3,2024-07,False
2024-07-12,JSWSTEEL,922.156,929.89,916.256,926.568,1498780,1.0162,920.276,893.461,822.822,55.4244,9.30636,11.2334,-1.92708,940.379,900.174,4.3688,2024,7,3,2024-07,False
2024-07-15,JSWSTEEL,930.089,930.832,918.388,923.891,1337839,-0.289,921.154,894.418,823.442,54.3055,8.72719,10.7322,-2.005,940.198,902.11,4.1348,2024,7,3,2024-07,False
2024-07-16,JSWSTEEL,924.337,931.477,920.371,926.519,1442535,0.2844,921.957,895.746,824.096,55.2602,8.38359,10.2625,-1.87888,940.449,903.465,4.0114,2024,7,3,2024-07,False
2024-07-18,JSWSTEEL,926.519,927.51,913.628,923.643,1812254,-0.3104,923.128,896.889,824.844,53.9322,7.78945,9.76786,-1.97841,938.535,907.72,3.3381,2024,7,3,2024-07,False
2024-07-19,JSWSTEEL,919.23,919.726,879.119,881.995,3001973,-4.5091,921.493,897.658,825.425,39.2288,3.91283,8.59686,-4.68402,945.312,897.674,5.1697,2024,7,3,2024-07,False
2024-07-22,JSWSTEEL,868.162,885.912,857.899,881.103,2725373,-0.1012,919.457,898.265,826.022,38.9835,0.759819,7.02945,-6.26963,949.345,889.568,6.5013,2024,7,3,2024-07,False
2024-07-23,JSWSTEEL,882.541,888.639,864.691,886.457,1640412,0.6077,917.765,899.572,826.618,41.3527,-1.29199,5.36516,-6.65715,951.087,884.443,7.2616,2024,7,3,2024-07,False
2024-07-24,JSWSTEEL,887.499,887.499,872.624,873.963,1519772,-1.4095,915.716,900.254,827.152,37.6766,-3.88152,3.51582,-7.39734,954.38,877.052,8.4446,2024,7,3,2024-07,False
2024-07-25,JSWSTEEL,862.708,872.624,855.172,867.171,1636466,-0.7772,913.854,900.662,827.653,35.8127,-6.40797,1.53107,-7.93903,958.008,869.7,9.6632,2024,7,3,2024-07,False
2024-07-26,JSWSTEEL,872.624,901.183,867.964,893.002,2056457,2.9788,912.105,901.176,828.339,46.6266,-6.25371,-0.0258891,-6.22782,956.672,867.538,9.7724,2024,7,3,2024-07,False
2024-07-29,JSWSTEEL,902.274,902.274,887.548,891.019,1066351,-0.2221,910.83,901.858,828.959,45.9861,-6.2198,-1.26467,-4.95512,956.316,865.345,9.9876,2024,7,3,2024-07,False
2024-07-30,JSWSTEEL,887.548,900.34,882.689,894.539,979026,0.3951,909.122,902.306,829.642,47.3682,-5.84152,-2.18004,-3.66148,954.345,863.898,9.9488,2024,7,3,2024-07,False
2024-07-31,JSWSTEEL,901.332,928.502,895.134,920.47,2716481,2.8988,908.987,902.858,830.522,56.2495,-3.41003,-2.42604,-0.983992,954.051,863.924,9.9151,2024,7,3,2024-07,False
2024-08-01,JSWSTEEL,929.692,949.921,919.974,926.717,4039078,0.6787,908.568,903.221,831.439,58.0845,-0.967802,-2.13439,1.16659,952.755,864.381,9.7268,2024,8,3,2024-08,False
2024-08-02,JSWSTEEL,912.19,916.107,888.49,892.011,3306705,-3.7451,906.711,903.039,832.135,46.4325,-1.81197,-2.06991,0.257938,950.374,863.047,9.6311,2024,8,3,2024-08,False
2024-08-05,JSWSTEEL,876.591,876.591,846.991,856.56,4059902,-3.9742,902.604,902.126,832.691,38.0386,-5.28065,-2.71206,-2.5686,948.966,856.241,10.2731,2024,8,3,2024-08,False
2024-08-06,JSWSTEEL,859.783,885.565,859.783,876.591,2665068,2.3385,900.229,901.777,833.276,44.179,-6.34022,-3.43769,-2.90253,946.823,853.635,10.3516,2024,8,3,2024-08,False
2024-08-07,JSWSTEEL,891.465,903.018,887.499,898.853,2262055,2.5396,898.798,902.005,833.947,50.0979,-5.32223,-3.8146,-1.50763,943.594,854.002,9.9679,2024,8,3,2024-08,False
2024-08-08,JSWSTEEL,892.457,895.382,875.996,880.111,2796559,-2.0851,896.922,901.752,834.493,45.7042,-5.95907,-4.24349,-1.71558,941.537,852.306,9.9487,2024,8,3,2024-08,False
2024-08-09,JSWSTEEL,888.54,907.083,881.549,897.514,1722454,1.9774,895.935,901.955,835.157,50.0822,-5.00184,-4.39516,-0.606677,939.519,852.351,9.7293,2024,8,3,2024-08,False
2024-08-12,JSWSTEEL,897.217,918.437,890.573,909.661,3822527,1.3534,895.09,902.758,835.815,52.9348,-3.22585,-4.1613,0.935447,936.787,853.392,9.3169,2024,8,3,2024-08,False
2024-08-13,JSWSTEEL,917.247,919.726,897.415,900.241,1329629,-1.0356,893.907,903.436,836.429,50.5235,-2.54913,-3.83887,1.28973,933.451,854.363,8.8475,2024,8,3,2024-08,False
2024-08-14,JSWSTEEL,904.307,904.307,877.979,882.838,2024615,-1.9331,891.723,903.081,836.985,46.3252,-3.37816,-3.74672,0.368567,928.405,855.041,8.2271,2024,8,3,2024-08,False
2024-08-16,JSWSTEEL,892.457,903.067,875.153,900.836,2208842,2.0386,890.583,904.531,837.649,50.8718,-2.55345,-3.50807,0.954618,924.392,856.774,7.5925,2024,8,3,2024-08,False
2024-08-19,JSWSTEEL,902.373,912.289,896.324,910.058,847523,1.0237,891.986,905.447,838.415,53.0657,-1.14255,-3.03497,1.89241,926.613,857.358,7.7642,2024,8,3,2024-08,False
2024-08-20,JSWSTEEL,916.156,916.156,903.166,909.463,696605,-0.0654,893.404,906.16,839.277,52.9015,-0.0715866,-2.44229,2.3707,928.475,858.333,7.8511,2024,8,3,2024-08,False
2024-08-21,JSWSTEEL,902.373,919.23,900.489,918.041,1600466,0.9431,894.983,906.572,840.186,55.0596,1.45255,-1.66332,3.11587,931.549,858.416,8.1714,2024,8,3,2024-08,False
2024-08-22,JSWSTEEL,919.28,927.015,917.049,925.428,1073406,0.8047,897.556,907.057,841.229,56.8917,3.21944,-0.68677,3.90621,935.124,859.988,8.3712,2024,8,3,2024-08,False
2024-08-23,JSWSTEEL,926.767,936.038,921.362,933.163,1441218,0.8358,900.856,907.811,842.293,58.7861,5.18407,0.487398,4.69667,938.777,862.934,8.419,2024,8,3,2024-08,False
2024-08-26,JSWSTEEL,937.575,960.779,929.345,955.425,2364465,2.3856,903.977,908.877,843.457,63.727,8.44011,2.07794,6.36217,948.82,859.133,9.9214,2024,8,3,2024-08,False
2024-08-27,JSWSTEEL,955.375,958.846,934.848,936.088,2480788,-2.0239,906.23,909.578,844.515,57.3012,9.35244,3.53284,5.8196,952.827,859.633,10.2837,2024,8,3,2024-08,False
2024-08-28,JSWSTEEL,939.559,943.525,927.163,941.294,2285575,0.5561,908.568,910.277,845.657,58.5141,10.3759,4.90146,5.47448,957.336,859.8,10.7352,2024,8,3,2024-08,False
2024-08-29,JSWSTEEL,937.08,942.534,922.999,931.824,2233515,-1.0061,909.136,910.704,846.709,55.4297,10.3041,5.982,4.32214,958.744,859.527,10.9133,2024,8,3,2024-08,False
2024-08-30,JSWSTEEL,939.955,946.748,930.783,933.212,2896103,0.149,909.461,911.364,847.705,55.7975,10.2412,6.83384,3.40737,959.636,859.286,11.034,2024,8,3,2024-08,False
2024-09-02,JSWSTEEL,933.212,943.476,928.304,932.568,1316611,-0.0691,911.488,911.722,848.658,55.5682,10.0238,7.47183,2.55195,961.971,861.006,11.077,2024,9,3,2024-09,False
2024-09-03,JSWSTEEL,929.246,933.659,922.156,923.147,1116938,-1.0102,914.818,911.748,849.591,52.1922,8.98771,7.775,1.21271,958.353,871.283,9.5177,2024,9,3,2024-09,False
2024-09-04,JSWSTEEL,912.289,926.866,904.356,925.23,3020790,0.2256,917.25,911.847,850.495,52.8738,8.23967,7.86794,0.371736,957.069,877.431,8.6823,2024,9,3,2024-09,False
2024-09-05,JSWSTEEL,926.717,936.633,916.008,917.693,1482001,-0.8145,918.192,911.902,851.389,50.0905,6.95851,7.68605,-0.727537,957.058,879.325,8.4659,2024,9,3,2024-09,False
2024-09-06,JSWSTEEL,917.693,931.527,904.059,924.982,1984209,0.7942,920.435,912.313,852.301,52.6846,6.45687,7.44022,-0.983345,954.987,885.883,7.5077,2024,9,3,2024-09,False
2024-09-09,JSWSTEEL,915.264,928.849,911.347,926.42,1793548,0.1554,921.881,912.282,853.189,53.2013,6.10496,7.17317,-1.0682,954.774,888.987,7.1361,2024,9,3,2024-09,False
2024-09-10,JSWSTEEL,926.271,940.55,922.007,930.882,1388455,0.4817,922.942,912.569,854.041,54.8494,6.11565,6.96166,-0.846016,955.543,890.34,7.0647,2024,9,3,2024-09,False
2024-09-11,JSWSTEEL,933.163,936.385,916.504,919.974,1087490,-1.1718,923.928,912.395,854.857,50.1959,5.18418,6.60616,-1.42199,954.785,893.072,6.6794,2024,9,3,2024-09,False
2024-09-12,JSWSTEEL,927.957,949.574,921.214,946.797,3061006,2.9157,927.126,912.867,855.809,59.333,6.53507,6.59195,-0.0568753,952.889,901.364,5.5575,2024,9,3,2024-09,False
2024-09-13,JSWSTEEL,949.971,964.3,943.376,946.55,2445329,-0.0262,929.412,913.096,856.794,59.2249,7.49921,6.7734,0.725811,953.404,905.42,5.1629,2024,9,3,2024-09,False
2024-09-16,JSWSTEEL,953.342,970.348,949.078,962.862,2186706,1.7233,932.052,913.77,857.792,63.8889,9.47038,7.3128,2.15759,958.566,905.538,5.6893,2024,9,3,2024-09,False
2024-09-17,JSWSTEEL,962.862,966.382,953.64,956.168,543055,-0.6952,934.387,914.12,858.792,60.8149,10.3729,7.92481,2.44806,960.751,908.024,5.6429,2024,9,3,2024-09,False
2024-09-18,JSWSTEEL,953.987,962.812,942.038,948.682,644373,-0.783,935.919,914.612,859.72,57.4834,10.3645,8.41275,1.95176,961.841,909.998,5.5392,2024,9,3,2024-09,False
2024-09-19,JSWSTEEL,951.954,957.854,936.088,940.451,1278919,-0.8676,936.671,914.871,860.575,53.9823,9.58329,8.64686,0.936432,962.179,911.162,5.4466,2024,9,3,2024-09,False
2024-09-20,JSWSTEEL,961.87,979.719,957.11,973.323,8035572,3.4954,938.679,915.985,861.593,63.535,11.4843,9.21435,2.26995,968.91,908.447,6.4413,2024,9,3,2024-09,False
2024-09-23,JSWSTEEL,977.736,979.67,968.018,973.869,1714600,0.056,939.601,917.117,862.56,63.6697,12.8863,9.94874,2.93757,972.948,906.254,7.0981,2024,9,3,2024-09,False
2024-09-24,JSWSTEEL,982.992,1001.34,976.893,981.405,5545642,0.7739,941.867,918.214,863.526,65.5634,14.4391,10.8468,3.59228,980.021,903.713,8.1018,2024,9,3,2024-09,False
2024-09-25,JSWSTEEL,987.652,990.28,964.547,974.414,1309311,-0.7123,943.523,919.225,864.409,62.3184,14.9334,11.6641,3.2693,984.353,902.692,8.6549,2024,9,3,2024-09,False
2024-09-26,JSWSTEEL,975.753,999.502,967.274,997.122,2706617,2.3304,946.788,920.637,865.362,67.8796,16.962,12.7237,4.23831,993.673,899.902,9.9041,2024,9,3,2024-09,False
2024-09-27,JSWSTEEL,999.552,1010.36,989.14,993.156,2757284,-0.3978,949.785,922.027,866.286,66.0461,18.0417,13.7873,4.25436,1000.52,899.048,10.6839,2024,9,3,2024-09,False
2024-09-30,JSWSTEEL,995.585,1024.24,995.585,1021.42,4250590,2.8456,954.227,924.815,867.336,71.8753,20.9364,15.2171,5.71926,1013.46,894.99,12.4157,2024,9,3,2024-09,False
2024-10-01,JSWSTEEL,1020.38,1021.32,1005.9,1018.69,1392457,-0.267,959.004,927.567,868.399,70.6155,22.7482,16.7233,6.02487,1022.91,895.095,13.3282,2024,10,4,2024-10,False
2024-10-03,JSWSTEEL,1019.38,1051.12,1016.86,1030.39,6615927,1.1486,964.262,930.446,869.422,72.8172,24.8419,18.347,6.49484,1033.55,894.975,14.371,2024,10,4,2024-10,False
2024-10-04,JSWSTEEL,1033.27,1054.09,1018.69,1025.09,4855592,-0.5149,969.632,933.468,870.39,70.2473,25.776,19.8328,5.94312,1040.35,898.91,14.5873,2024,10,4,2024-10,False
2024-10-07,JSWSTEEL,1031.23,1035.35,1004.01,1010.21,2708970,-1.451,973.893,936.329,871.24,63.4825,25.0275,20.8718,4.15571,1043.55,904.237,14.3048,2024,10,4,2024-10,False
2024-10-08,JSWSTEEL,1005.9,1005.9,975.753,989.834,4115797,-2.0172,977.064,938.266,872.001,55.585,22.5303,21.2035,1.3268,1043.31,910.817,13.5605,2024,10,4,2024-10,False
2024-10-09,JSWSTEEL,991.519,1003.02,976.744,986.165,2138939,-0.3707,979.828,940.169,872.763,54.2758,20.0243,20.9676,-0.943311,1042.48,917.179,12.7879,2024,10,4,2024-10,False
2024-10-10,JSWSTEEL,990.627,1004.46,988.396,998.957,1368830,1.2971,983.777,942.257,873.492,57.9909,18.8532,20.5447,-1.69154,1040.19,927.367,11.4681,2024,10,4,2024-10,False
2024-10-11,JSWSTEEL,998.857,1017.35,997.568,1003.57,1957211,0.4616,986.616,943.919,874.304,59.2754,18.0887,20.0535,-1.96487,1040.86,932.369,10.9967,2024,10,4,2024-10,False
2024-10-14,JSWSTEEL,1008.48,1023.35,1000.94,1004.01,1831080,0.0445,989.489,945.465,875.099,59.4048,17.3191,19.5066,-2.18754,1040.81,938.169,10.3731,2024,10,4,2024-10,False
2024-10-15,JSWSTEEL,1004.01,1012.05,983.686,992.462,1444250,-1.1506,990.969,947.474,875.918,54.5718,15.5973,18.7248,-3.12751,1040.74,941.198,10.0449,2024,10,4,2024-10,False
2024-10-16,JSWSTEEL,986.661,996.378,973.819,981.058,1248745,-1.149,992.214,949.964,876.682,50.2277,13.1608,17.612,-4.45118,1039.5,944.924,9.5322,2024,10,4,2024-10,False
2024-10-17,JSWSTEEL,982.793,986.859,961.622,971.29,1079467,-0.9956,993.344,951.858,877.331,46.7919,10.3227,16.1541,-5.83139,1037.21,949.479,8.8319,2024,10,4,2024-10,False
2024-10-18,JSWSTEEL,970.299,989.883,964.944,984.281,1291683,1.3374,995.536,953.566,878.059,51.5397,9.0178,14.7269,-5.70906,1032.04,959.035,7.3328,2024,10,4,2024-10,False
2024-10-21,JSWSTEEL,988.644,996.577,971.836,973.224,953143,-1.1233,995.531,955.429,878.616,47.643,7.01065,13.1836,-6.17297,1032.04,959.018,7.3354,2024,10,4,2024-10,False
2024-10-22,JSWSTEEL,972.778,975.059,952.351,955.573,1318146,-1.8136,994.616,956.59,879.061,42.1626,3.95015,11.3369,-7.38677,1034.2,955.03,7.9599,2024,10,4,2024-10,False
2024-10-23,JSWSTEEL,955.573,962.862,944.17,946.45,1306503,-0.9547,992.868,957.325,879.463,39.6255,0.779566,9.22545,-8.44589,1037.65,948.082,9.0216,2024,10,4,2024-10,False
2024-10-24,JSWSTEEL,946.45,953.987,944.467,950.07,650392,0.3824,991.651,958.322,879.896,41.1388,-1.42467,7.09543,-8.5201,1039.75,943.552,9.7007,2024,10,4,2024-10,False
2024-10-25,JSWSTEEL,950.07,951.904,919.032,935.939,2541293,-1.4873,988.592,959.384,880.294,37.2167,-4.26263,4.82382,-9.08644,1042.64,934.544,10.9344,2024,10,4,2024-10,False
2024-10-28,JSWSTEEL,928.155,964.3,901.381,959.143,1737402,2.4792,986.891,960.55,880.969,46.2747,-4.5865,2.94175,-7.52825,1042.45,931.328,11.2602,2024,10,4,2024-10,False
2024-10-29,JSWSTEEL,964.3,964.647,939.063,950.764,1032874,-0.8736,983.358,961.364,881.605,43.8163,-5.4564,1.26212,-6.71852,1038.66,928.055,11.2479,2024,10,4,2024-10,False
2024-10-30,JSWSTEEL,958.102,960.432,944.318,949.277,733890,-0.1564,979.888,962.161,882.271,43.3758,-6.19442,-0.229185,-5.96523,1034.56,925.211,11.1597,2024,10,4,2024-10,False
2024-10-31,JSWSTEEL,949.971,959.738,946.45,955.573,1445602,0.6633,976.147,962.911,883.005,45.8575,-6.19974,-1.4233,-4.77645,1026.33,925.966,10.2814,2024,10,4,2024-10,False
2024-11-01,JSWSTEEL,961.771,969.803,956.912,960.184,136508,0.4825,972.902,963.606,883.765,47.6662,-5.76543,-2.29172,-3.47371,1017.88,927.922,9.2465,2024,11,4,2024-11,False
2024-11-04,JSWSTEEL,956.962,960.73,933.212,946.897,957723,-1.3839,969.736,963.881,884.417,43.1886,-6.41944,-3.11727,-3.30217,1012.52,926.954,8.8234,2024,11,4,2024-11,False
2024-11-05,JSWSTEEL,946.897,994.594,944.021,991.123,5177028,4.6706,969.801,964.595,885.329,57.4991,-3.33067,-3.15995,-0.17072,1012.71,926.887,8.8499,2024,11,4,2024-11,False
2024-11-06,JSWSTEEL,991.619,1006.54,976.447,1000.2,2761749,0.9155,970.502,965.877,886.267,59.7397,-0.148935,-2.55774,2.40881,1014.97,926.032,9.1644,2024,11,4,2024-11,False
2024-11-07,JSWSTEEL,1005.5,1010.41,977.389,981.504,2477876,-1.8688,969.63,966.681,887.115,53.4841,0.85447,-1.8753,2.72977,1012.4,926.858,8.8223,2024,11,4,2024-11,False
2024-11-08,JSWSTEEL,985.669,993.156,968.316,988.049,3568198,0.6668,968.854,967.806,887.961,55.251,2.15296,-1.06965,3.22261,1009.55,928.162,8.4,2024,11,4,2024-11,False
2024-11-11,JSWSTEEL,979.719,987.107,963.853,970.795,1336153,-1.7463,967.193,968.558,888.817,49.8725,1.76936,-0.501848,2.27121,1004.4,929.98,7.6949,2024,11,4,2024-11,False
2024-11-12,JSWSTEEL,978.728,979.521,945.657,949.227,731821,-2.2217,965.031,968.891,889.61,44.0943,-0.271851,-0.455848,0.183997,1001.07,928.995,7.4684,2024,11,4,2024-11,False
2024-11-13,JSWSTEEL,945.508,950.219,920.272,928.105,1167594,-2.2251,962.383,968.99,890.233,39.2931,-3.55289,-1.07526,-2.47764,1001.14,923.627,8.0542,2024,11,4,2024-11,False
2024-11-14,JSWSTEEL,927.213,941.393,924.635,931.18,1662673,0.3312,960.378,969.109,891.0,40.3117,-5.8378,-2.02777,-3.81003,1001.28,919.471,8.519,2024,11,4,2024-11,False
2024-11-18,JSWSTEEL,927.213,948.037,927.064,941.889,1143965,1.1501,958.258,969.593,891.714,43.8469,-6.70712,-2.96364,-3.74349,998.335,918.181,8.3645,2024,11,4,2024-11,False
2024-11-19,JSWSTEEL,941.889,952.896,937.08,939.36,617409,-0.2685,956.565,969.88,892.398,43.1964,-7.5135,-3.87361,-3.63989,996.841,916.289,8.4209,2024,11,4,2024-11,False
2024-11-21,JSWSTEEL,933.113,942.98,928.601,936.237,1669641,-0.3325,955.598,970.077,893.086,42.3603,-8.30882,-4.76065,-3.54817,996.889,914.307,8.642,2024,11,4,2024-11,False
2024-11-22,JSWSTEEL,939.955,973.075,931.18,969.159,1889389,3.5164,956.734,970.842,893.937,52.7423,-6.21102,-5.05073,-1.16029,998.214,915.253,8.6713,2024,11,4,2024-11,False
2024-11-25,JSWSTEEL,966.828,972.233,937.724,945.31,4563438,-2.4607,956.496,971.349,894.636,46.2443,-6.3991,-5.3204,-1.0787,998.191,914.8,8.7184,2024,11,4,2024-11,False
2024-11-26,JSWSTEEL,946.996,958.697,942.633,955.524,1184177,1.0805,957.475,971.523,895.47,49.1346,-5.65876,-5.38807,-0.270691,998.042,916.907,8.4739,2024,11,4,2024-11,False
2024-11-27,JSWSTEEL,955.276,963.853,947.244,960.73,1327011,0.5448,957.554,971.807,896.222,50.5929,-4.59895,-5.23025,0.631299,998.142,916.967,8.4773,2024,11,4,2024-11,False
2024-11-28,JSWSTEEL,960.73,966.779,941.096,946.153,2959350,-1.5173,957.324,971.473,896.945,46.5673,-4.87902,-5.16,0.280982,998.125,916.522,8.5241,2024,11,4,2024-11,False
2024-11-29,JSWSTEEL,950.962,963.556,945.409,957.904,1326686,1.2419,957.755,971.508,897.707,50.0197,-4.10547,-4.9491,0.843624,998.38,917.129,8.4835,2024,11,4,2024-11,False
2024-12-02,JSWSTEEL,957.805,983.239,953.689,981.504,1272868,2.4638,959.051,972.164,898.498,56.1481,-1.56997,-4.27327,2.7033,1001.02,917.086,8.7515,2024,12,4,2024-12,False
2024-12-03,JSWSTEEL,986.661,1006.99,982.744,990.429,2118830,0.9093,960.564,973.164,899.406,58.2336,1.14636,-3.18934,4.33571,1004.82,916.309,9.2143,2024,12,4,2024-12,False
2024-12-04,JSWSTEEL,987.751,994.594,977.091,986.512,1030877,-0.3955,962.544,973.427,900.345,56.9534,2.94902,-1.96167,4.91069,1007.76,917.33,9.3949,2024,12,4,2024-12,False
2024-12-05,JSWSTEEL,982.694,1001.49,968.811,990.825,2221958,0.4373,962.53,973.767,901.307,58.0472,4.67185,-0.634968,5.30682,1007.7,917.354,9.3868,2024,12,4,2024-12,False
2024-12-06,JSWSTEEL,991.52,999.552,986.314,995.387,1218982,0.4604,962.289,974.046,902.286,59.2271,6.33228,0.758481,5.5738,1006.66,917.914,9.2229,2024,12,4,2024-12,False
2024-12-09,JSWSTEEL,997.073,1006.99,985.471,1003.42,1457470,0.8069,963.385,974.626,903.302,61.2915,8.20176,2.24714,5.95462,1010.74,916.03,9.831,2024,12,4,2024-12,False
2024-12-10,JSWSTEEL,1012.44,1014.92,998.213,1004.46,2227505,0.1038,964.205,974.773,904.328,61.5632,9.65604,3.72892,5.92712,1013.87,914.538,10.3022,2024,12,4,2024-12,False
2024-12-11,JSWSTEEL,1007.39,1011.95,988.743,991.817,1246315,-1.2587,965.256,974.746,905.254,56.3878,9.67683,4.9185,4.75833,1016.38,914.134,10.5926,2024,12,4,2024-12,False
2024-12-12,JSWSTEEL,996.577,1004.46,982.694,997.37,1510341,0.5599,967.664,974.265,906.206,58.0556,10.0258,5.93996,4.08586,1020.12,915.203,10.8428,2024,12,4,2024-12,False
2024-12-13,JSWSTEEL,986.661,995.089,964.895,991.47,2444182,-0.5916,970.832,973.721,907.123,55.6217,9.71433,6.69484,3.01949,1020.83,920.834,10.2999,2024,12,4,2024-12,False
2024-12-16,JSWSTEEL,995.585,997.866,975.753,982.05,1220082,-0.9501,973.375,972.754,907.959,51.8817,8.60809,7.07749,1.5306,1019.94,926.814,9.5671,2024,12,4,2024-12,False
2024-12-17,JSWSTEEL,982.05,982.496,952.946,958.747,1673092,-2.3729,974.218,971.427,908.676,44.0001,5.78435,6.81886,-1.03451,1018.95,929.482,9.1841,2024,12,4,2024-12,False
2024-12-18,JSWSTEEL,958.945,961.374,933.659,938.914,1612799,-2.0686,974.196,970.001,909.331,38.6226,1.92403,5.83989,-3.91586,1019.01,929.386,9.1994,2024,12,4,2024-12,False
2024-12-19,JSWSTEEL,926.221,934.799,913.876,918.189,1926448,-2.2073,973.294,968.568,909.944,33.9527,-2.77562,4.11679,-6.89242,1021.89,924.698,9.9858,2024,12,4,2024-12,False
2024-12-20,JSWSTEEL,918.239,933.807,904.406,909.661,29003345,-0.9288,970.319,967.038,910.463,32.226,-7.10635,1.87216,-8.97851,1026.65,913.988,11.6107,2024,12,4,2024-12,False
2024-12-23,JSWSTEEL,928.155,942.98,913.876,929.196,3988457,2.1475,969.513,965.643,911.18,39.7808,-8.86005,-0.27428,-8.58577,1027.78,911.249,12.0193,2024,12,4,2024-12,False
2024-12-24,JSWSTEEL,929.196,930.089,910.752,914.124,2048135,-1.6221,967.443,963.854,911.815,36.4085,-11.3354,-2.48651,-8.84892,1030.54,904.345,13.0443,2024,12,4,2024-12,False
2024-12-26,JSWSTEEL,914.124,921.61,905.447,906.786,2056005,-0.8027,964.746,961.91,912.235,34.8592,-13.731,-4.73541,-8.99561,1033.42,896.074,14.2363,2024,12,4,2024-12,False
2024-12-27,JSWSTEEL,906.984,918.735,903.613,905.645,1917836,-0.1258,962.72,960.173,912.708,34.6127,-15.5424,-6.89681,-8.64559,1035.94,889.501,15.211,2024,12,4,2024-12,False
2024-12-30,JSWSTEEL,905.645,909.017,888.094,891.416,1959379,-1.5712,959.396,958.381,913.134,31.609,-17.9196,-9.10136,-8.81822,1039.27,879.521,16.6512,2024,12,4,2024-12,False
2024-12-31,JSWSTEEL,890.523,898.803,889.085,893.944,1031176,0.2837,955.018,956.834,913.605,32.7262,-19.3761,-11.1563,-8.2198,1039.27,870.766,17.644,2024,12,4,2024-12,False
2025-01-01,JSWSTEEL,893.597,902.373,883.235,897.861,1020555,0.4382,950.39,955.105,914.011,34.5108,-19.984,-12.9219,-7.06216,1036.6,864.181,18.1418,2025,1,1,2025-01,False
2025-01-02,JSWSTEEL,901.877,908.025,893.895,904.852,1636373,0.7786,946.307,953.738,914.453,37.6881,-19.6749,-14.2725,-5.40241,1033.05,859.568,18.3321,2025,1,1,2025-01,False
2025-01-03,JSWSTEEL,906.339,916.95,900.886,907.381,2691743,0.2795,942.134,952.774,914.967,38.8438,-19.0067,-15.2193,-3.78742,1027.88,856.39,18.2021,2025,1,1,2025-01,False
2025-01-06,JSWSTEEL,907.381,912.14,890.374,893.349,1104617,-1.5464,937.033,951.712,915.533,34.9681,-19.386,-16.0526,-3.33333,1021.57,852.495,18.0436,2025,1,1,2025-01,False
2025-01-07,JSWSTEEL,893.994,906.042,891.664,904.158,688211,1.2099,932.069,950.794,916.189,39.9395,-18.5999,-16.5621,-2.03784,1011.71,852.43,17.0888,2025,1,1,2025-01,False
2025-01-08,JSWSTEEL,902.373,904.307,887.647,894.737,744601,-1.0419,926.583,949.97,916.823,37.2656,-18.5236,-16.9544,-1.56923,1000.11,853.058,15.8702,2025,1,1,2025-01,False
2025-01-09,JSWSTEEL,893.448,901.332,881.351,883.483,1459142,-1.2579,921.167,948.456,917.283,34.3101,-19.1506,-17.3936,-1.75693,990.287,852.046,15.0071,2025,1,1,2025-01,False
2025-01-10,JSWSTEEL,883.483,900.39,872.872,892.556,1614629,1.027,915.926,947.292,917.805,38.5418,-18.6997,-17.6549,-1.04487,976.024,855.828,13.123,2025,1,1,2025-01,False
2025-01-13,JSWSTEEL,888.441,891.168,872.624,876.343,1416585,-1.8165,910.17,945.834,918.277,34.291,-19.4267,-18.0092,-1.41751,961.166,859.173,11.206,2025,1,1,2025-01,False
2025-01-14,JSWSTEEL,875.103,903.662,875.103,898.456,1948192,2.5233,905.99,944.691,918.773,43.4517,-18.011,-18.0096,-0.00137028,944.308,867.672,8.4588,2025,1,1,2025-01,False
2025-01-15,JSWSTEEL,902.373,905.05,893.944,896.473,1581897,-0.2207,902.876,943.417,919.198,42.8744,-16.8547,-17.7786,0.923935,932.212,873.541,6.4983,2025,1,1,2025-01,False
2025-01-16,JSWSTEEL,902.373,906.736,892.556,899.2,1946590,0.3042,900.89,942.463,919.65,43.9765,-15.5391,-17.3307,1.79158,924.836,876.945,5.316,2025,1,1,2025-01,False
2025-01-17,JSWSTEEL,899.2,909.81,897.663,900.985,911260,0.1985,900.03,940.66,920.131,44.7283,-14.189,-16.7024,2.51339,922.553,877.507,5.005,2025,1,1,2025-01,False
2025-01-20,JSWSTEEL,900.985,917.892,892.953,911.496,1299378,1.1666,900.122,938.886,920.604,49.0628,-12.131,-15.7881,3.65712,922.824,877.419,5.0443,2025,1,1,2025-01,False
2025-01-21,JSWSTEEL,917.247,925.18,911.843,919.082,1474919,0.8322,899.616,937.638,920.91,51.9891,-9.77517,-14.5855,4.81033,919.915,879.317,4.5128,2025,1,1,2025-01,False
2025-01-22,JSWSTEEL,924.189,924.189,899.547,911.694,1080075,-0.8038,899.495,936.111,921.143,49.0347,-8.40738,-13.3499,4.94249,919.454,879.535,4.438,2025,1,1,2025-01,False
2025-01-23,JSWSTEEL,911.347,929.494,905.149,922.106,1267989,1.142,900.261,935.137,921.478,53.0816,-6.40936,-11.9618,5.55241,922.45,878.072,4.9295,2025,1,1,2025-01,False
2025-01-24,JSWSTEEL,922.205,945.013,917.396,924.635,3538998,0.2742,901.21,934.645,921.858,54.0361,-4.56921,-10.4833,5.91405,925.858,876.562,5.47,2025,1,1,2025-01,False
2025-01-27,JSWSTEEL,893.548,919.23,893.548,911.645,3908402,-1.4049,902.222,934.316,922.2,48.5693,-4.11167,-9.20894,5.09727,926.838,877.606,5.4568,2025,1,1,2025-01,False
2025-01-28,JSWSTEEL,915.661,917.842,896.919,908.471,1101031,-0.3481,902.948,933.862,922.431,47.3103,-3.95948,-8.15905,4.19957,927.392,878.504,5.4143,2025,1,1,2025-01,False
2025-01-29,JSWSTEEL,905.943,933.163,900.39,929.742,1298065,2.3413,904.542,933.619,922.777,55.6162,-2.09835,-6.94691,4.84856,931.607,877.477,5.9842,2025,1,1,2025-01,False
2025-01-30,JSWSTEEL,930.039,947.987,928.353,942.881,2020147,1.4132,906.444,933.689,923.142,59.8288,0.431836,-5.47116,5.903,938.486,874.401,7.0699,2025,1,1,2025-01,False
2025-01-31,JSWSTEEL,941.79,951.855,932.667,937.08,2037829,-0.6152,907.929,933.706,923.565,57.2454,1.9465,-3.98763,5.93413,942.783,873.074,7.6778,2025,1,1,2025-01,False
2025-02-01,JSWSTEEL,939.906,947.194,904.009,926.42,1339508,-1.1376,909.582,932.851,923.964,52.7388,2.26065,-2.73797,4.99863,944.661,874.503,7.7133,2025,2,1,2025-02,False
2025-02-03,JSWSTEEL,907.331,929.593,906.339,926.122,1130056,-0.0321,910.68,932.468,924.437,52.6143,2.45729,-1.69892,4.15621,946.414,874.947,7.8477,2025,2,1,2025-02,False
2025-02-04,JSWSTEEL,928.502,941.492,926.469,936.336,1262634,1.1028,912.76,932.084,924.962,56.4178,3.39812,-0.679511,4.07763,949.417,876.103,8.0321,2025,2,1,2025-02,False
2025-02-05,JSWSTEEL,933.212,946.797,933.212,941.939,1209743,0.5984,915.683,931.708,925.418,58.3908,4.54344,0.36508,4.17836,951.829,879.537,7.8949,2025,2,1,2025-02,False
2025-02-06,JSWSTEEL,942.583,948.533,934.105,940.451,3060140,-0.1579,918.078,931.594,925.915,57.6447,5.27034,1.34613,3.92421,954.119,882.037,7.8514,2025,2,1,2025-02,False
2025-02-07,JSWSTEEL,942.98,976.744,939.856,972.53,2846285,3.411,922.887,931.887,926.589,67.338,8.33878,2.74466,5.59412,961.085,884.689,8.2779,2025,2,1,2025-02,False
2025-02-10,JSWSTEEL,965.837,965.837,940.302,951.111,1665049,-2.2024,925.52,931.279,927.002,57.8226,8.93917,3.98356,4.95561,963.886,887.154,8.2907,2025,2,1,2025-02,False
2025-02-11,JSWSTEEL,942.087,959.391,940.6,946.5,2535726,-0.4848,928.021,930.4,927.278,55.9884,8.93986,4.97482,3.96504,964.908,891.134,7.9496,2025,2,1,2025-02,False
2025-02-12,JSWSTEEL,944.913,954.879,930.237,948.384,2768806,0.1991,930.48,929.638,927.655,56.5943,8.98882,5.77762,3.2112,965.802,895.159,7.592,2025,2,1,2025-02,False
2025-02-13,JSWSTEEL,946.004,975.753,945.26,961.672,1414535,1.4011,933.515,929.054,928.057,60.703,9.98472,6.61904,3.36568,968.593,898.437,7.5153,2025,2,1,2025-02,False
2025-02-14,JSWSTEEL,964.746,975.455,946.252,956.515,2690126,-0.5362,935.766,928.277,928.5,58.3931,10.2399,7.34321,2.89666,970.672,900.859,7.4605,2025,2,1,2025-02,False
2025-02-17,JSWSTEEL,956.515,966.828,946.103,965.39,1321057,0.9278,938.081,927.516,928.946,61.1344,11.031,8.08078,2.95027,974.441,901.721,7.752,2025,2,1,2025-02,False
2025-02-18,JSWSTEEL,966.828,972.976,954.73,970.596,1800070,0.5393,941.026,926.839,929.499,62.6874,11.9405,8.85272,3.08778,977.925,904.128,7.8422,2025,2,1,2025-02,False
2025-02-19,JSWSTEEL,967.423,981.603,962.961,969.159,1581818,-0.1481,943.379,926.386,930.012,61.9512,12.4023,9.56263,2.83964,981.187,905.571,8.0155,2025,2,1,2025-02,False
2025-02-20,JSWSTEEL,968.811,979.372,966.828,972.927,1474610,0.3888,945.793,925.897,930.659,63.172,12.9233,10.2348,2.68854,984.713,906.874,8.2301,2025,2,1,2025-02,False
2025-02-21,JSWSTEEL,970.894,982.644,967.374,973.67,1599075,0.0764,948.895,925.541,931.274,63.4214,13.2436,10.8365,2.40705,986.209,911.581,7.8648,2025,2,1,2025-02,False
2025-02-24,JSWSTEEL,962.862,976.645,949.723,958.697,1898963,-1.5378,951.406,925.074,931.961,55.2998,12.1491,11.099,1.05007,983.686,919.126,6.7858,2025,2,1,2025-02,False
2025-02-25,JSWSTEEL,958.895,965.291,949.475,950.714,1095348,-0.8326,952.455,924.913,932.516,51.5125,10.5164,10.9825,-0.466119,983.093,921.817,6.4334,2025,2,1,2025-02,False
2025-02-27,JSWSTEEL,950.714,972.778,950.665,966.828,2049890,1.6949,953.652,925.472,933.116,57.796,10.4028,10.8666,-0.463781,984.585,922.719,6.4872,2025,2,1,2025-02,False
2025-02-28,JSWSTEEL,959.986,960.482,932.667,942.732,2553800,-2.4923,953.935,925.963,933.493,47.817,8.27302,10.3479,-2.07484,984.329,923.541,6.3723,2025,2,1,2025-02,False
2025-03-03,JSWSTEEL,950.962,973.323,945.013,967.869,1744769,2.6665,956.007,927.127,934.048,56.2947,8.51538,9.98136,-1.46598,984.064,927.95,5.8696,2025,3,1,2025-03,False
2025-03-04,JSWSTEEL,951.954,969.902,951.904,965.936,1077034,-0.1998,957.998,927.862,934.517,55.5471,8.45398,9.67589,-1.22191,982.559,933.437,5.1276,2025,3,1,2025-03,False
2025-03-05,JSWSTEEL,966.828,999.552,962.763,994.296,2472192,2.936,960.896,929.465,935.024,63.2545,10.5719,9.85509,0.716802,988.218,933.574,5.6867,2025,3,1,2025-03,False
2025-03-06,JSWSTEEL,1004.51,1007.68,988.743,1002.63,2203409,0.8377,963.93,931.382,935.494,65.1649,12.7752,10.4391,2.3361,995.532,932.329,6.5568,2025,3,1,2025-03,False
2025-03-07,JSWSTEEL,1002.53,1011.85,997.122,1002.68,759943,0.0049,967.041,933.322,936.002,65.1765,14.3598,11.2233,3.13657,1001.07,933.014,7.0375,2025,3,1,2025-03,False
2025-03-10,JSWSTEEL,1002.68,1024.09,1001.78,1005.01,1855010,0.2324,968.665,935.594,936.516,65.754,15.6236,12.1033,3.52026,1006.66,930.667,7.8455,2025,3,1,2025-03,False
2025-03-11,JSWSTEEL,995.436,1012.44,993.057,1010.11,1595868,0.5081,971.615,937.918,937.096,67.0438,16.843,13.0513,3.79178,1012.89,930.336,8.4971,2025,3,1,2025-03,False
2025-03-12,JSWSTEEL,1016.11,1016.36,985.768,1001.93,1263600,-0.8099,974.387,939.999,937.669,62.9534,16.9539,13.8318,3.12212,1016.01,932.765,8.5431,2025,3,1,2025-03,False
2025-03-13,JSWSTEEL,1006.39,1007.93,990.429,992.809,1218174,-0.9105,976.608,941.758,938.169,58.6556,16.1198,14.2894,1.83042,1017.11,936.103,8.2951,2025,3,1,2025-03,False
2025-03-17,JSWSTEEL,999.105,1006.94,991.767,997.271,1522656,0.4495,978.388,943.556,938.719,60.0908,15.6386,14.5592,1.07935,1019.26,937.519,8.3543,2025,3,1,2025-03,False
2025-03-18,JSWSTEEL,997.271,997.271,997.271,997.271,0,0.0,980.426,945.634,939.358,60.0908,15.0833,14.6641,0.419284,1020.76,940.088,8.2286,2025,3,1,2025-03,False
2025-03-19,JSWSTEEL,1027.32,1038.22,1015.42,1024.69,2652155,2.7493,983.391,948.045,940.149,68.0052,16.6636,15.064,1.59966,1027.61,939.175,8.9924,2025,3,1,2025-03,False
2025-03-20,JSWSTEEL,1029.3,1043.98,1018.59,1041.45,2301795,1.6355,986.933,950.979,940.853,71.6994,19.0487,15.8609,3.18779,1037.7,936.166,10.2878,2025,3,1,2025-03,False
2025-03-21,JSWSTEEL,1043.18,1053.64,1038.92,1049.83,2630144,0.8046,990.967,954.306,941.961,73.3559,21.3687,16.9625,4.40623,1048.19,933.739,11.5499,2025,3,1,2025-03,False
2025-03-24,JSWSTEEL,1054.09,1063.02,1047.65,1052.45,2267252,0.2503,994.943,957.504,942.902,73.8724,23.1525,18.2005,4.952,1057.68,932.206,12.6111,2025,3,1,2025-03,False
2025-03-25,JSWSTEEL,1052.45,1065.89,1043.18,1052.8,1571677,0.033,998.9,961.033,943.797,73.9442,24.3139,19.4232,4.8907,1065.83,931.971,13.4005,2025,3,1,2025-03,False
2025-03-26,JSWSTEEL,1059.1,1059.1,1043.38,1047.6,1254060,-0.4945,1003.34,964.016,944.548,70.7995,24.5314,20.4448,4.08659,1070.84,935.852,13.4535,2025,3,1,2025-03,False
2025-03-27,JSWSTEEL,1043.13,1060.04,1041.2,1050.87,2514499,0.3124,1008.35,967.104,945.296,71.6166,24.6833,21.2925,3.39081,1074.25,942.459,13.0696,2025,3,1,2025-03,False
2025-03-28,JSWSTEEL,1050.87,1059.25,1045.12,1054.29,1674204,0.3255,1012.73,970.206,946.09,72.4835,24.7939,21.9928,2.80115,1078.62,946.826,13.0142,2025,3,1,2025-03,False
2025-04-01,JSWSTEEL,1054.09,1061.48,1044.52,1047.4,1776263,-0.6537,1017.96,973.134,946.816,67.9791,24.0483,22.4039,1.64441,1076.69,959.23,11.5386,2025,4,2,2025-04,False
2025-04-02,JSWSTEEL,1049.23,1057.41,1037.48,1047.05,878958,-0.0331,1021.92,975.845,947.547,67.7508,23.1624,22.5556,0.606787,1076.99,966.844,10.7784,2025,4,2,2025-04,False
2025-04-03,JSWSTEEL,1036.24,1046.95,1032.82,1035.3,1607693,-1.1223,1025.39,978.169,948.191,60.3584,21.2669,22.2979,-1.03093,1073.97,976.803,9.4761,2025,4,2,2025-04,False
2025-04-04,JSWSTEEL,1023.65,1030.24,989.487,997.32,3818643,-3.6684,1025.54,979.882,948.626,43.745,16.5099,21.1403,-4.63039,1073.73,977.344,9.3986,2025,4,2,2025-04,False
2025-04-07,JSWSTEEL,898.406,950.962,897.613,922.503,4581682,-7.5019,1021.53,979.89,948.737,27.6178,6.62634,18.2375,-11.6111,1087.71,955.354,12.9565,2025,4,2,2025-04,False
2025-04-08,JSWSTEEL,941.393,962.316,925.974,946.599,1717533,2.6121,1018.73,980.329,948.897,35.8239,0.729526,14.7359,-14.0064,1092.58,944.879,14.4981,2025,4,2,2025-04,False
2025-04-09,JSWSTEEL,937.228,945.409,930.188,937.625,1773658,-0.948,1015.36,980.849,948.976,34.2658,-4.61469,10.8658,-15.4805,1097.52,933.194,16.1842,2025,4,2,2025-04,False
2025-04-11,JSWSTEEL,964.3,988.644,960.234,981.95,3641633,4.7274,1013.95,982.318,949.284,46.616,-5.21323,7.64997,-12.8632,1097.45,930.453,16.4696,2025,4,2,2025-04,False
2025-04-15,JSWSTEEL,1001.53,1007.19,993.8,999.552,1287903,1.7925,1013.83,983.714,949.707,50.5861,-4.21868,5.27624,-9.49492,1097.41,930.255,16.4871,2025,4,2,2025-04,False
2025-04-16,JSWSTEEL,994.593,1006.59,983.785,1000.94,1281034,0.1389,1014.24,984.876,950.19,50.8963,-3.28065,3.56486,-6.84552,1097.46,931.014,16.411,2025,4,2,2025-04,False
2025-04-17,JSWSTEEL,987.652,1000.15,978.827,998.758,2074019,-0.218,1014.31,986.109,950.544,50.3613,-2.68237,2.31542,-4.99779,1097.47,931.15,16.3977,2025,4,2,2025-04,False
2025-04-21,JSWSTEEL,992.61,1035.05,992.114,1025.33,1345056,2.6608,1015.71,988.087,951.088,56.3769,-0.0630978,1.83971,-1.90281,1098.61,932.817,16.3231,2025,4,2,2025-04,False
2025-04-22,JSWSTEEL,1051.12,1051.51,1028.31,1035.45,2153582,0.9865,1016.25,990.274,951.621,58.4412,2.79661,2.03109,0.765521,1099.53,932.971,16.39,2025,4,2,2025-04,False
2025-04-23,JSWSTEEL,1042.19,1045.07,1019.88,1030.49,893969,-0.4788,1015.71,992.157,952.158,57.0168,4.60974,2.54682,2.06292,1098.43,932.979,16.2894,2025,4,2,2025-04,False
2025-04-24,JSWSTEEL,1026.82,1038.72,1020.87,1035.75,1242921,0.51,1015.0,994.033,952.661,58.1803,6.397,3.31686,3.08014,1096.74,933.264,16.1059,2025,4,2,2025-04,False
2025-04-25,JSWSTEEL,1041.2,1048.04,1009.07,1019.78,2784217,-1.5414,1013.37,995.62,953.114,53.4475,6.45082,3.94365,2.50717,1093.24,933.497,15.7633,2025,4,2,2025-04,False
2025-04-28,JSWSTEEL,1012.84,1050.03,1010.66,1045.56,1485915,2.5282,1013.01,997.08,953.649,59.2172,8.47616,4.85015,3.62601,1092.19,933.825,15.6328,2025,4,2,2025-04,False
2025-04-29,JSWSTEEL,1046.16,1052.7,1025.43,1026.92,1206750,-1.783,1011.97,998.597,954.163,54.005,8.47921,5.57596,2.90325,1089.78,934.165,15.3773,2025,4,2,2025-04,False
2025-04-30,JSWSTEEL,1021.37,1033.56,1012.44,1021.17,1755328,-0.56,1010.49,1000.09,954.631,52.4706,7.92619,6.04601,1.88018,1086.28,934.698,15.0004,2025,4,2,2025-04,False
2025-05-02,JSWSTEEL,1012.64,1028.31,940.352,959.391,6209775,-6.0497,1005.74,1000.31,954.84,39.4912,2.47443,5.33169,-2.85726,1081.87,929.618,15.1379,2025,5,2,2025-05,False
2025-05-05,JSWSTEEL,951.756,964.25,944.715,947.492,1646426,-1.2403,1000.75,1000.03,954.991,37.5638,-2.77433,3.71049,-6.48482,1078.46,923.037,15.5304,2025,5,2,2025-05,False
2025-05-06,JSWSTEEL,951.954,963.754,946.996,959.391,1462046,1.2559,996.364,1000.08,955.155,40.6817,-5.90575,1.78724,-7.69299,1072.96,919.77,15.3747,2025,5,2,2025-05,False
2025-05-07,JSWSTEEL,949.872,966.828,949.872,958.003,1014461,-0.1447,992.499,999.936,955.326,40.428,-8.40259,-0.250727,-8.15186,1068.62,916.378,15.3392,2025,5,2,2025-05,False
2025-05-08,JSWSTEEL,954.433,961.374,941.046,945.211,1646385,-1.3353,989.893,999.429,955.419,38.0724,-11.2835,-2.45728,-8.8262,1068.83,910.952,15.9493,2025,5,2,2025-05,False
2025-05-09,JSWSTEEL,927.163,950.962,927.163,948.979,1481537,0.3987,991.217,999.025,955.546,39.1963,-13.1114,-4.5881,-8.5233,1066.19,916.247,15.127,2025,5,2,2025-05,False
2025-05-12,JSWSTEEL,964.845,999.254,961.573,996.775,1335817,5.0366,993.726,999.502,956.12,51.2754,-10.5813,-5.78675,-4.79458,1065.71,921.743,14.4874,2025,5,2,2025-05,False
2025-05-13,JSWSTEEL,996.775,1002.43,979.818,981.603,934177,-1.5221,995.925,999.661,956.622,48.0147,-9.68878,-6.56716,-3.12163,1063.23,928.623,13.5153,2025,5,2,2025-05,False
2025-05-14,JSWSTEEL,986.859,1003.62,978.728,981.008,1650066,-0.0606,995.878,1000.11,957.095,47.8861,-8.92654,-7.03903,-1.88751,1063.22,928.534,13.5245,2025,5,2,2025-05,False
2025-05-15,JSWSTEEL,984.677,1031.88,981.702,1029.6,5297654,4.953,997.38,1001.68,957.873,57.8217,-4.35154,-6.50153,2.14999,1066.39,928.371,13.838,2025,5,2,2025-05,False
2025-05-16,JSWSTEEL,1034.65,1035.84,1011.75,1013.24,1048380,-1.5891,997.995,1002.61,958.604,54.0826,-2.02276,-5.60578,3.58302,1067.36,928.634,13.9,2025,5,2,2025-05,False
2025-05-19,JSWSTEEL,1025.23,1025.33,1008.18,1011.05,1434608,-0.2153,998.61,1003.98,959.194,53.585,-0.349193,-4.55446,4.20527,1068.22,929.003,13.9407,2025,5,2,2025-05,False
2025-05-20,JSWSTEEL,1022.36,1025.83,1002.33,1004.21,1624336,-0.6767,997.553,1004.71,959.76,51.9701,0.420173,-3.55954,3.97971,1066.09,929.021,13.74,2025,5,2,2025-05,False
2025-05-21,JSWSTEEL,1007.48,1010.36,990.726,992.511,875245,-1.1652,995.407,1005.24,960.25,49.2372,0.0847415,-2.83068,2.91542,1061.59,929.223,13.2978,2025,5,2,2025-05,False
2025-05-22,JSWSTEEL,993.602,1003.02,979.62,997.172,1283310,0.4696,993.741,1005.3,960.633,50.357,0.192758,-2.22599,2.41875,1057.85,929.631,12.9028,2025,5,2,2025-05,False
2025-05-23,JSWSTEEL,1002.53,1013.93,996.676,1000.05,1568154,0.2884,991.956,1005.24,961.0,51.0741,0.504593,-1.67988,2.18447,1053.06,930.852,12.3198,2025,5,2,2025-05,False
2025-05-26,JSWSTEEL,1000.74,1027.32,971.29,1023.65,4716572,2.3599,992.149,1005.66,961.658,56.6136,2.62583,-0.818735,3.44456,1053.65,930.652,12.3968,2025,5,2,2025-05,False
2025-05-27,JSWSTEEL,1023.35,1024.44,1000.54,1005.2,1158374,-1.8018,990.131,1005.67,962.401,51.6882,2.78651,-0.0976866,2.88419,1046.7,933.563,11.4265,2025,5,2,2025-05,False
2025-05-28,JSWSTEEL,1006.39,1009.37,990.131,992.61,1790498,-1.2528,988.416,1005.32,962.981,48.5804,1.87603,0.297056,1.57897,1042.3,934.527,10.9041,2025,5,2,2025-05,False
2025-05-29,JSWSTEEL,1011.85,1015.12,989.834,997.767,3282246,0.5195,987.246,1005.23,963.476,49.9084,1.55264,0.548174,1.00447,1039.12,935.373,10.5086,2025,5,2,2025-05,False
2025-05-30,JSWSTEEL,994.594,1004.01,982.198,985.173,1710817,-1.2622,988.535,1005.08,964.001,46.7337,0.276977,0.493935,-0.216957,1038.75,938.322,10.1591,2025,5,2,2025-05,False
2025-06-02,JSWSTEEL,978.728,978.728,961.126,970.596,1790184,-1.4796,989.69,1004.55,964.367,43.3004,-1.88846,0.017456,-1.90591,1036.9,942.479,9.5405,2025,6,2,2025-06,False
2025-06-03,JSWSTEEL,971.836,979.075,963.903,965.638,1138571,-0.5108,990.002,1003.91,964.647,42.1657,-3.95902,-0.777839,-3.18118,1036.45,943.559,9.3824,2025,6,2,2025-06,False
2025-06-04,JSWSTEEL,964.845,971.29,954.086,960.432,2398032,-0.5391,990.124,1002.63,964.948,40.9522,-5.95143,-1.81256,-4.13887,1036.23,944.022,9.3124,2025,6,2,2025-06,False
2025-06-05,JSWSTEEL,964.647,968.712,956.565,960.631,2182562,0.0206,990.895,1001.01,965.337,41.0218,-7.42879,-2.9358,-4.49299,1034.27,947.52,8.7546,2025,6,2,2025-06,False
2025-06-06,JSWSTEEL,960.631,1002.18,959.54,996.478,2089570,3.7316,993.27,999.946,965.815,52.0329,-5.64202,-3.47705,-2.16497,1031.93,954.614,7.7836,2025,6,2,2025-06,False
2025-06-09,JSWSTEEL,997.866,1008.48,993.552,999.552,1864322,0.3085,993.409,998.888,966.262,52.8459,-3.93261,-3.56816,-0.364452,1032.14,954.68,7.7972,2025,6,2,2025-06,False
2025-06-10,JSWSTEEL,1006.49,1010.61,992.412,994.693,1747781,-0.4861,994.063,997.726,966.688,51.364,-2.93612,-3.44175,0.505632,1032.39,955.734,7.7116,2025,6,2,2025-06,False
2025-06-11,JSWSTEEL,995.536,1007.48,995.536,998.659,1003090,0.3988,994.946,996.747,967.091,52.5342,-1.80552,-3.11451,1.30898,1032.82,957.072,7.6132,2025,6,2,2025-06,False
2025-06-12,JSWSTEEL,998.659,1001.53,984.231,987.305,2223026,-1.1369,992.831,995.476,967.401,48.9068,-1.80488,-2.85258,1.0477,1027.11,958.551,6.9054,2025,6,2,2025-06,False
2025-06-13,JSWSTEEL,976.447,985.719,973.125,978.976,1044815,-0.8437,991.118,993.97,967.63,46.3769,-2.44828,-2.77172,0.323439,1024.52,957.719,6.7396,2025,6,2,2025-06,False
2025-06-16,JSWSTEEL,978.976,1002.53,975.951,995.387,871032,1.6764,990.335,992.93,967.83,51.6804,-1.61531,-2.54044,0.92513,1022.48,958.193,6.491,2025,6,2,2025-06,False
2025-06-17,JSWSTEEL,996.081,1001.98,989.536,991.272,1075499,-0.4134,989.687,991.814,968.106,50.336,-1.27256,-2.28686,1.0143,1021.17,958.208,6.3614,2025,6,2,2025-06,False
2025-06-18,JSWSTEEL,988.644,990.578,975.505,978.083,854561,-1.3305,988.966,990.67,968.29,46.1891,-2.04161,-2.23781,0.196207,1020.83,957.1,6.4442,2025,6,2,2025-06,False
2025-06-19,JSWSTEEL,978.629,989.586,976.744,987.702,1391083,0.9834,988.493,990.477,968.569,49.4594,-1.85356,-2.16096,0.307402,1020.13,956.86,6.4002,2025,6,2,2025-06,False
2025-06-20,JSWSTEEL,985.619,1015.42,985.272,997.122,9697195,0.9538,988.346,991.97,968.889,52.5039,-0.933627,-1.9155,0.981868,1019.78,956.912,6.361,2025,6,2,2025-06,False
2025-06-23,JSWSTEEL,996.577,996.775,975.257,988.644,1132847,-0.8503,986.596,992.811,969.169,49.6076,-0.878577,-1.70811,0.829535,1013.3,959.896,5.4125,2025,6,2,2025-06,False
2025-06-24,JSWSTEEL,997.568,1013.98,992.908,998.56,1434360,1.003,986.264,994.029,969.546,52.8815,-0.0343976,-1.37337,1.33897,1012.14,960.386,5.2476,2025,6,2,2025-06,False
2025-06-25,JSWSTEEL,999.552,1019.19,999.552,1015.86,2029126,1.7329,987.427,994.708,969.999,58.0083,2.00774,-0.697148,2.70488,1016.41,958.445,5.8701,2025,6,2,2025-06,False
2025-06-26,JSWSTEEL,1021.37,1031.78,1008.62,1023.9,3892783,0.7907,988.733,995.194,970.53,60.1745,4.22556,0.287394,3.93817,1021.75,955.714,6.679,2025,6,2,2025-06,False
2025-06-27,JSWSTEEL,1029.75,1036.94,1014.62,1020.28,1941604,-0.3535,990.488,995.581,971.007,58.705,5.6263,1.35517,4.27112,1026.32,954.654,7.2356,2025,6,2,2025-06,False
2025-06-30,JSWSTEEL,1024.39,1024.44,1006.0,1011.95,765716,-0.8164,992.556,995.845,971.434,55.3545,5.99515,2.28317,3.71198,1028.33,956.783,7.2083,2025,6,2,2025-06,False
2025-07-01,JSWSTEEL,1015.12,1022.95,1007.68,1020.97,988673,0.8917,995.322,995.758,971.885,58.1416,6.93565,3.21367,3.72199,1030.89,959.757,7.1466,2025,7,3,2025-07,False
2025-07-02,JSWSTEEL,1022.36,1055.97,1022.36,1051.02,3166924,2.9429,999.852,996.069,972.54,65.798,9.99033,4.569,5.42133,1039.54,960.162,7.9392,2025,7,3,2025-07,False
2025-07-03,JSWSTEEL,1056.07,1058.85,1033.86,1037.33,1703765,-1.302,1003.69,996.206,972.993,60.3809,11.1781,5.89082,5.28727,1042.23,965.148,7.6795,2025,7,3,2025-07,False
2025-07-04,JSWSTEEL,1042.89,1042.89,1023.45,1032.67,961108,-0.4493,1005.5,996.144,973.423,58.6111,11.6095,7.03456,4.57496,1045.96,965.032,8.0487,2025,7,3,2025-07,False
2025-07-07,JSWSTEEL,1032.28,1036.24,1026.62,1033.86,871937,0.1152,1007.21,996.426,973.778,58.942,11.9101,8.00967,3.90047,1049.48,964.939,8.394,2025,7,3,2025-07,False
2025-07-08,JSWSTEEL,1036.05,1043.61,1033.36,1039.03,828011,0.5001,1009.43,996.295,974.193,60.4226,12.4224,8.89222,3.53018,1053.55,965.31,8.7413,2025,7,3,2025-07,False
2025-07-09,JSWSTEEL,1045.69,1045.99,1027.5,1034.46,1666607,-0.4402,1011.22,996.446,974.621,58.4158,12.3173,9.57724,2.74008,1056.39,966.048,8.934,2025,7,3,2025-07,False
2025-07-10,JSWSTEEL,1034.96,1043.61,1028.19,1037.34,1101654,0.2787,1013.72,996.77,975.106,59.3328,12.3246,10.1267,2.19793,1058.86,968.584,8.9052,2025,7,3,2025-07,False
2025-07-11,JSWSTEEL,1037.04,1045.2,1028.19,1031.28,931901,-0.5847,1016.34,998.207,975.396,56.5099,11.7061,10.4426,1.26349,1058.99,973.683,8.3935,2025,7,3,2025-07,False
2025-07-14,JSWSTEEL,1034.06,1038.93,1025.91,1032.97,1238524,0.1639,1018.21,999.917,975.691,57.1222,11.2229,10.5987,0.624252,1060.29,976.14,8.2643,2025,7,3,2025-07,False
2025-07-15,JSWSTEEL,1038.73,1038.73,1022.33,1029.09,982842,-0.3754,1020.11,1001.31,975.93,55.2022,10.4071,10.5604,-0.153235,1060.44,979.766,7.9088,2025,7,3,2025-07,False
2025-07-16,JSWSTEEL,1028.09,1029.09,1014.67,1023.92,1099243,-0.5024,1022.4,1002.63,976.177,52.6606,9.23692,10.2957,-1.05874,1057.56,987.234,6.8785,2025,7,3,2025-07,False
2025-07-17,JSWSTEEL,1024.61,1035.75,1017.65,1028.29,1553977,0.4273,1024.43,1004.29,976.333,54.5668,8.56382,9.9493,-1.38547,1055.62,993.234,6.0898,2025,7,3,2025-07,False
2025-07-18,JSWSTEEL,1033.07,1047.48,1021.13,1028.49,1694015,0.0193,1026.0,1005.88,976.51,54.6561,7.95474,9.55039,-1.59565,1054.44,997.55,5.545,2025,7,3,2025-07,False
2025-07-21,JSWSTEEL,1045.0,1047.48,1012.48,1028.89,2771028,0.0387,1028.01,1006.52,976.547,54.8475,7.41862,9.12403,-1.70541,1050.37,1005.64,4.3509,2025,7,3,2025-07,False
2025-07-22,JSWSTEEL,1032.67,1037.24,1022.73,1024.81,1237568,-0.3962,1029.32,1007.39,976.578,52.4068,6.58884,8.61699,-2.02816,1047.0,1011.64,3.4347,2025,7,3,2025-07,False
2025-07-23,JSWSTEEL,1028.09,1031.87,1019.15,1027.9,1192492,0.3008,1029.92,1008.33,976.565,54.071,6.10952,8.1155,-2.00598,1046.45,1013.39,3.2101,2025,7,3,2025-07,False
2025-07-24,JSWSTEEL,1033.07,1042.81,1025.91,1027.9,1462398,0.0,1030.12,1008.29,976.579,54.071,5.66437,7.62527,-1.9609,1046.44,1013.8,3.1684,2025,7,3,2025-07,False
2025-07-25,JSWSTEEL,1027.9,1029.09,1014.27,1021.04,912255,-0.6674,1030.16,1008.45,976.633,49.5944,4.70376,7.04097,-2.33721,1046.39,1013.93,3.1502,2025,7,3,2025-07,False
2025-07-28,JSWSTEEL,1023.12,1028.09,1011.59,1022.92,1839488,0.185,1030.71,1008.68,976.799,50.8022,4.04825,6.44243,-2.39418,1044.96,1016.45,2.766,2025,7,3,2025-07,False
2025-07-29,JSWSTEEL,1017.95,1045.3,1017.95,1028.99,2215340,0.5929,1031.11,1009.18,977.013,54.5665,3.97236,5.94841,-1.97605,1044.64,1017.58,2.6252,2025,7,3,2025-07,False
2025-07-30,JSWSTEEL,1040.42,1046.29,1025.81,1031.97,1781038,0.2899,1030.16,1009.97,977.178,56.3359,4.10559,5.57985,-1.47426,1039.96,1020.36,1.9031,2025,7,3,2025-07,False
2025-07-31,JSWSTEEL,1012.19,1052.55,1012.19,1042.31,3144726,1.002,1030.41,1010.87,977.372,61.8786,4.98807,5.46149,-0.47342,1041.18,1019.63,2.0914,2025,7,3,2025-07,False
2025-08-01,JSWSTEEL,1047.98,1047.98,1017.75,1021.93,1604653,-1.9555,1029.87,1011.31,977.461,48.7438,3.99665,5.16852,-1.17188,1041.22,1018.51,2.2051,2025,8,3,2025-08,False
2025-08-04,JSWSTEEL,1023.82,1052.85,1020.54,1049.87,1835680,2.734,1030.67,1011.83,977.748,60.9727,5.40314,5.21545,0.187691,1045.06,1016.28,2.7925,2025,8,3,2025-08,False
2025-08-05,JSWSTEEL,1052.95,1057.33,1042.71,1047.38,1524968,-0.2368,1031.09,1012.68,978.08,59.6101,6.24522,5.4214,0.823822,1046.91,1015.26,3.0697,2025,8,3,2025-08,False
2025-08-06,JSWSTEEL,1052.95,1055.44,1039.83,1046.59,1797515,-0.076,1031.69,1013.76,978.456,59.1545,6.77035,5.69119,1.07916,1048.93,1014.46,3.3414,2025,8,3,2025-08,False
2025-08-07,JSWSTEEL,1046.59,1068.76,1040.03,1058.72,1837589,1.159,1032.76,1014.98,978.829,63.7095,8.07228,6.16741,1.90487,1053.72,1011.8,4.059,2025,8,3,2025-08,False
2025-08-08,JSWSTEEL,1063.89,1065.28,1035.75,1043.21,2234463,-1.4651,1033.36,1016.14,979.179,55.2283,7.76298,6.48652,1.27645,1054.81,1011.9,4.1525,2025,8,3,2025-08,False
2025-08-11,JSWSTEEL,1043.21,1058.92,1040.32,1046.69,1492814,0.3336,1034.05,1017.66,979.634,56.6234,7.70978,6.73117,0.978607,1056.31,1011.78,4.3063,2025,8,3,2025-08,False
2025-08-12,JSWSTEEL,1048.78,1053.85,1039.63,1042.21,1231299,-0.4275,1034.7,1019.19,980.113,54.2813,7.22332,6.8296,0.393721,1057.12,1012.28,4.3341,2025,8,3,2025-08,False
2025-08-13,JSWSTEEL,1046.19,1053.55,1044.3,1047.68,1125769,0.5247,1035.89,1020.94,980.601,56.6419,7.19611,6.90291,0.293209,1058.42,1013.36,4.3508,2025,8,3,2025-08,False
2025-08-14,JSWSTEEL,1048.97,1052.06,1032.97,1039.53,870899,-0.7782,1036.45,1022.51,981.119,52.3057,6.4424,6.81081,-0.368404,1058.75,1014.16,4.3024,2025,8,3,2025-08,False
2025-08-18,JSWSTEEL,1053.95,1077.81,1044.0,1073.63,3252940,3.2807,1038.71,1024.06,981.691,64.5358,8.49903,7.14845,1.35058,1066.16,1011.26,5.285,2025,8,3,2025-08,False
2025-08-19,JSWSTEEL,1073.83,1081.79,1064.59,1067.27,1867228,-0.5927,1040.63,1025.41,982.274,61.3735,9.50586,7.61993,1.88593,1070.45,1010.81,5.7314,2025,8,3,2025-08,False
2025-08-20,JSWSTEEL,1065.88,1082.98,1061.2,1076.42,1321114,0.8571,1043.21,1027.05,982.91,64.097,10.9161,8.27916,2.63691,1076.05,1010.37,6.2955,2025,8,3,2025-08,False
2025-08-21,JSWSTEEL,1074.43,1079.9,1063.19,1065.68,2069244,-0.9976,1045.1,1028.39,983.46,58.8511,11.0399,8.83131,2.20861,1078.57,1011.63,6.4051,2025,8,3,2025-08,False
2025-08-22,JSWSTEEL,1062.4,1065.28,1045.3,1048.58,1950366,-1.6048,1046.13,1029.61,983.902,51.6069,9.6469,8.99443,0.652468,1078.63,1013.64,6.2125,2025,8,3,2025-08,False
2025-08-25,JSWSTEEL,1053.45,1056.63,1043.8,1051.76,1552036,0.3034,1047.67,1031.07,984.426,52.7717,8.69938,8.93542,-0.236037,1078.0,1017.33,5.7906,2025,8,3,2025-08,False
2025-08-26,JSWSTEEL,1045.2,1050.96,1038.73,1041.12,1758169,-1.0115,1048.58,1031.98,984.676,48.5627,7.00919,8.55018,-1.54098,1076.8,1020.35,5.3839,2025,8,3,2025-08,False
2025-08-28,JSWSTEEL,1041.12,1049.07,1028.0,1029.88,1313061,-1.0792,1048.62,1032.75,984.825,44.5239,4.70883,7.78191,-3.07308,1076.72,1020.52,5.3592,2025,8,3,2025-08,False
2025-08-29,JSWSTEEL,1026.11,1032.37,1016.46,1020.74,1062037,-0.8882,1048.06,1033.61,985.021,41.4979,2.12316,6.65016,-4.52699,1077.95,1018.17,5.7043,2025,8,3,2025-08,False
2025-09-01,JSWSTEEL,1020.74,1032.67,1020.24,1029.59,624424,0.8669,1047.42,1034.44,985.229,45.3662,0.779083,5.47594,-4.69686,1078.36,1016.49,5.9062,2025,9,3,2025-09,False
2025-09-02,JSWSTEEL,1029.69,1043.51,1025.31,1038.04,1071341,0.8209,1048.23,1035.26,985.565,48.8452,0.391337,4.45902,-4.06768,1077.14,1019.32,5.5158,2025,9,3,2025-09,False
2025-09-03,JSWSTEEL,1036.05,1073.73,1034.06,1066.08,3357124,2.7011,1049.04,1036.81,986.149,58.3264,2.31981,4.03118,-1.71137,1079.03,1019.05,5.7178,2025,9,3,2025-09,False
2025-09-04,JSWSTEEL,1068.86,1070.25,1060.01,1066.28,922622,0.0187,1049.98,1038.17,986.84,58.3854,3.82016,3.98898,-0.168814,1080.93,1019.04,5.8946,2025,9,3,2025-09,False
2025-09-05,JSWSTEEL,1062.89,1070.45,1056.93,1066.97,748933,0.0653,1051.0,1039.19,987.519,58.6059,5.00763,4.19271,0.814923,1082.81,1019.2,6.0525,2025,9,3,2025-09,False
2025-09-08,JSWSTEEL,1073.93,1105.95,1073.93,1095.11,3219380,2.6372,1052.82,1040.61,988.285,66.3669,8.12558,4.97928,3.1463,1090.17,1015.48,7.0944,2025,9,3,2025-09,False
2025-09-09,JSWSTEEL,1093.72,1103.66,1089.44,1098.19,1058374,0.2815,1055.57,1042.17,989.079,67.0946,10.7217,6.12776,4.59393,1097.72,1013.42,7.9865,2025,9,3,2025-09,False
2025-09-10,JSWSTEEL,1101.67,1109.13,1091.03,1094.91,1305818,-0.2988,1057.98,1043.83,989.873,65.4705,12.3717,7.37656,4.99519,1103.39,1012.58,8.583,2025,9,3,2025-09,False
2025-09-11,JSWSTEEL,1094.91,1101.67,1088.95,1092.72,852085,-0.1998,1060.51,1045.27,990.49,64.3521,13.349,8.57106,4.77799,1107.8,1013.22,8.9184,2025,9,3,2025-09,False
2025-09-12,JSWSTEEL,1092.72,1101.57,1086.76,1092.72,1057815,0.0,1062.76,1046.1,991.227,64.3521,13.9626,9.64937,4.31324,1111.74,1013.78,9.2171,2025,9,3,2025-09,False
2025-09-15,JSWSTEEL,1093.72,1098.69,1084.27,1094.61,565667,0.1729,1065.51,1047.24,991.923,64.9518,14.4349,10.6065,3.82843,1115.18,1015.85,9.3228,2025,9,3,2025-09,False
2025-09-16,JSWSTEEL,1094.21,1111.52,1093.72,1108.83,1644497,1.2989,1067.27,1048.77,992.663,69.1571,15.7747,11.6401,4.13455,1120.52,1014.03,9.9776,2025,9,3,2025-09,False
2025-09-17,JSWSTEEL,1113.11,1116.19,1100.78,1104.66,950577,-0.3766,1069.14,1050.18,993.456,66.6285,16.3114,12.5744,3.73706,1124.95,1013.34,10.4396,2025,9,3,2025-09,False
2025-09-18,JSWSTEEL,1105.55,1116.49,1098.69,1114.7,824725,0.9091,1071.06,1051.7,994.24,69.5151,17.3472,13.5289,3.81825,1130.43,1011.69,11.0861,2025,9,3,2025-09,False
2025-09-19,JSWSTEEL,1114.7,1119.57,1107.34,1116.39,1351221,0.1516,1073.59,1053.34,994.914,69.9858,18.0958,14.4423,3.65352,1136.24,1010.95,11.6698,2025,9,3,2025-09,False
2025-09-22,JSWSTEEL,1115.59,1120.36,1105.25,1110.62,786218,-0.5166,1076.7,1054.8,995.515,66.2292,18.0161,15.1571,2.85905,1140.26,1013.13,11.8074,2025,9,3,2025-09,False
2025-09-23,JSWSTEEL,1118.58,1141.44,1110.72,1131.9,2075493,1.9159,1080.7,1056.81,996.242,72.1657,19.4457,16.0148,3.43092,1147.66,1013.74,12.3918,2025,9,3,2025-09,False
2025-09-24,JSWSTEEL,1131.9,1154.37,1126.53,1142.54,2111388,0.9399,1085.77,1059.01,997.001,74.5725,21.1929,17.0504,4.14245,1155.42,1016.13,12.8286,2025,9,3,2025-09,False
2025-09-25,JSWSTEEL,1142.54,1150.89,1133.49,1141.94,1581307,-0.0522,1091.38,1061.26,997.734,74.1851,22.2726,18.0949,4.17775,1160.11,1022.64,12.5964,2025,9,3,2025-09,False
2025-09-26,JSWSTEEL,1148.4,1161.23,1121.46,1124.34,2999892,-1.5411,1096.56,1063.27,998.338,63.6766,21.4609,18.7681,2.69279,1158.12,1034.99,11.2285,2025,9,3,2025-09,False
2025-09-29,JSWSTEEL,1123.55,1137.37,1113.31,1115.79,2615670,-0.7605,1100.87,1065.02,998.895,59.2826,19.8982,18.9941,0.904075,1154.21,1047.52,9.6912,2025,9,3,2025-09,False
2025-09-30,JSWSTEEL,1122.35,1143.33,1120.66,1136.17,2771126,1.8268,1105.77,1067.17,999.617,65.4099,20.0731,19.2099,0.863178,1152.42,1059.13,8.4362,2025,9,3,2025-09,False
2025-10-01,JSWSTEEL,1138.46,1142.04,1125.73,1139.55,1129506,0.2975,1109.45,1069.39,1000.33,66.3153,20.251,19.4181,0.832906,1154.47,1064.42,8.1165,2025,10,4,2025-10,False
2025-10-03,JSWSTEEL,1139.55,1169.09,1139.36,1155.07,2179883,1.3611,1113.89,1071.99,1001.15,70.173,21.397,19.8139,1.58311,1158.5,1069.28,8.0095,2025,10,4,2025-10,False
2025-10-06,JSWSTEEL,1155.07,1158.25,1142.64,1153.28,1013304,-0.1549,1118.2,1074.5,1002.0,69.1884,21.9082,20.2327,1.67547,1160.33,1076.07,7.5349,2025,10,4,2025-10,False
2025-10-07,JSWSTEEL,1153.28,1166.3,1147.61,1150.19,1565661,-0.2673,1120.96,1076.95,1002.96,67.4336,21.8132,20.5488,1.26438,1163.92,1077.99,7.6658,2025,10,4,2025-10,False
2025-10-08,JSWSTEEL,1151.39,1156.06,1136.17,1138.66,737972,-1.0028,1122.98,1079.3,1003.96,61.1804,20.5701,20.5531,0.0170277,1165.24,1080.72,7.5259,2025,10,4,2025-10,False
2025-10-09,JSWSTEEL,1139.46,1172.07,1139.46,1168.49,2001612,2.6196,1126.66,1082.21,1005.21,69.1484,21.7413,20.7907,0.950534,1171.37,1081.95,7.9364,2025,10,4,2025-10,False
2025-10-10,JSWSTEEL,1167.3,1168.29,1149.8,1161.13,1457768,-0.6297,1130.08,1084.85,1006.47,65.5731,21.8241,20.9974,0.826715,1174.32,1085.84,7.8298,2025,10,4,2025-10,False
2025-10-13,JSWSTEEL,1154.27,1158.25,1147.01,1154.77,488298,-0.548,1133.18,1087.31,1007.59,62.5603,21.1327,21.0245,0.108243,1175.03,1091.33,7.3861,2025,10,4,2025-10,False
2025-10-14,JSWSTEEL,1158.35,1162.92,1132.89,1141.24,1408990,-1.171,1135.51,1089.29,1008.73,56.6083,19.2715,20.6739,-1.4024,1173.31,1097.71,6.658,2025,10,4,2025-10,False
2025-10-15,JSWSTEEL,1141.24,1157.05,1138.46,1154.17,1284749,1.1326,1137.78,1091.93,1009.97,60.4789,18.6247,20.264,-1.63931,1174.26,1101.3,6.4123,2025,10,4,2025-10,False
2025-10-16,JSWSTEEL,1158.35,1166.8,1151.98,1165.41,655759,0.9735,1140.82,1094.24,1011.27,63.5247,18.8021,19.9716,-1.16959,1175.77,1105.87,6.1273,2025,10,4,2025-10,False
2025-10-17,JSWSTEEL,1168.29,1171.27,1143.03,1156.66,2207267,-0.7508,1142.92,1096.43,1012.59,59.6682,18.0287,19.5831,-1.55433,1176.26,1109.57,5.8359,2025,10,4,2025-10,False
2025-10-20,JSWSTEEL,1167.89,1167.89,1132.89,1138.66,1214428,-1.5559,1144.03,1098.27,1013.82,52.5954,15.7818,18.8228,-3.04104,1175.06,1113.0,5.4241,2025,10,4,2025-10,False
2025-10-21,JSWSTEEL,1143.43,1148.11,1142.04,1145.92,115719,0.6374,1145.79,1100.01,1015.06,54.9165,14.4205,17.9423,-3.52186,1172.54,1119.05,4.6684,2025,10,4,2025-10,False
2025-10-23,JSWSTEEL,1154.37,1155.86,1128.62,1131.7,1740322,-1.2408,1145.78,1101.78,1016.19,49.7751,12.0554,16.765,-4.70957,1172.55,1119.02,4.6723,2025,10,4,2025-10,False
2025-10-24,JSWSTEEL,1133.49,1144.43,1125.04,1134.88,1320560,0.2811,1145.4,1103.55,1017.33,50.8833,10.3188,15.4757,-5.15691,1172.58,1118.22,4.7457,2025,10,4,2025-10,False
2025-10-27,JSWSTEEL,1141.24,1150.09,1136.67,1144.03,1275776,0.806,1145.51,1105.58,1018.58,54.0241,9.57038,14.2947,-4.72428,1172.64,1118.37,4.7383,2025,10,4,2025-10,False
2025-10-28,JSWSTEEL,1139.06,1179.62,1138.46,1177.44,3451230,2.9202,1148.16,1108.18,1019.95,63.2635,11.54,13.7437,-2.20375,1176.92,1119.4,5.0099,2025,10,4,2025-10,False
2025-10-29,JSWSTEEL,1182.41,1216.91,1178.73,1201.0,3819737,2.0014,1152.42,1111.41,1021.48,68.1287,14.8314,13.9613,0.870131,1185.86,1118.98,5.8029,2025,10,4,2025-10,False
2025-10-30,JSWSTEEL,1201.0,1204.68,1192.55,1203.09,1273913,0.1739,1155.77,1114.0,1023.08,68.5265,17.4077,14.6505,2.75714,1195.21,1116.32,6.8256,2025,10,4,2025-10,False
2025-10-31,JSWSTEEL,1203.09,1209.06,1192.15,1199.11,1337807,-0.3306,1158.74,1116.63,1024.61,66.816,18.9105,15.5025,3.40796,1201.86,1115.63,7.4413,2025,10,4,2025-10,False
2025-11-03,JSWSTEEL,1206.97,1210.55,1183.2,1188.18,1486643,-0.9121,1160.4,1118.87,1026.17,62.2168,18.9999,16.202,2.79792,1205.42,1115.38,7.7591,2025,11,4,2025-11,False
2025-11-04,JSWSTEEL,1195.73,1195.73,1168.49,1174.65,1110884,-1.1381,1161.47,1121.05,1027.55,56.9934,17.7748,16.5166,1.25821,1206.79,1116.15,7.804,2025,11,4,2025-11,False
2025-11-06,JSWSTEEL,1174.65,1176.74,1154.97,1162.12,1304994,-1.0665,1162.07,1123.32,1028.88,52.5883,15.613,16.3358,-0.722887,1207.07,1117.06,7.7463,2025,11,4,2025-11,False
2025-11-07,JSWSTEEL,1153.47,1176.14,1144.63,1165.01,845047,0.2481,1163.38,1125.58,1030.21,53.4795,13.9713,15.8629,-1.89163,1207.03,1119.74,7.5032,2025,11,4,2025-11,False
2025-11-10,JSWSTEEL,1167.3,1178.23,1165.31,1172.56,740226,0.6486,1163.59,1128.21,1031.56,55.8232,13.1287,15.3161,-2.18739,1207.37,1119.8,7.5257,2025,11,4,2025-11,False
2025-11-11,JSWSTEEL,1180.22,1199.81,1159.44,1184.7,1588730,1.0345,1164.76,1131.31,1032.93,59.3624,13.2866,14.9102,-1.62361,1209.53,1120.0,7.6862,2025,11,4,2025-11,False
2025-11-12,JSWSTEEL,1185.19,1188.08,1171.27,1175.05,976290,-0.8141,1165.78,1134.4,1034.21,55.5517,12.4895,14.426,-1.93655,1210.51,1121.05,7.6736,2025,11,4,2025-11,False
2025-11-13,JSWSTEEL,1184.89,1193.54,1171.37,1177.14,1427189,0.1777,1167.57,1137.35,1035.54,56.2071,11.8892,13.9187,-2.02945,1211.02,1124.13,7.442,2025,11,4,2025-11,False
2025-11-14,JSWSTEEL,1175.35,1176.14,1152.38,1161.13,1059030,-1.3599,1167.92,1139.81,1036.73,50.1066,10.0065,13.1362,-3.12978,1211.03,1124.82,7.3812,2025,11,4,2025-11,False
2025-11-17,JSWSTEEL,1167.2,1171.27,1158.74,1168.79,1102752,0.6594,1168.09,1141.86,1037.95,52.7481,9.02805,12.3146,-3.28655,1211.18,1125.0,7.3776,2025,11,4,2025-11,False
2025-11-18,JSWSTEEL,1173.16,1173.16,1146.32,1156.36,1912105,-1.0634,1168.08,1143.66,1039.18,48.2795,7.16715,11.2851,-4.11796,1211.18,1124.97,7.3806,2025,11,4,2025-11,False
2025-11-19,JSWSTEEL,1160.83,1164.21,1150.99,1158.25,522344,0.1634,1169.06,1145.49,1040.43,48.9869,5.77821,10.1837,-4.40552,1210.19,1127.92,7.0376,2025,11,4,2025-11,False
2025-11-20,JSWSTEEL,1163.91,1168.19,1154.37,1163.32,908758,0.4378,1169.93,1146.85,1041.59,50.9271,5.02867,9.15272,-4.12405,1209.72,1130.14,6.8022,2025,11,4,2025-11,False
2025-11-21,JSWSTEEL,1159.34,1160.24,1126.63,1133.79,1045627,-2.5385,1170.03,1147.57,1042.55,41.1191,2.02842,7.72786,-5.69944,1209.41,1130.65,6.7309,2025,11,4,2025-11,False
2025-11-24,JSWSTEEL,1135.48,1138.46,1097.99,1099.68,2209717,-3.008,1168.27,1147.66,1043.36,33.1732,-3.06587,5.56911,-8.63498,1216.43,1120.11,8.2443,2025,11,4,2025-11,False
2025-11-25,JSWSTEEL,1100.98,1117.48,1100.98,1105.65,1394051,0.5425,1166.35,1147.92,1044.26,35.5204,-6.54629,3.14603,-9.69232,1221.17,1111.53,9.4007,2025,11,4,2025-11,False
2025-11-26,JSWSTEEL,1105.65,1150.39,1105.65,1147.81,2167703,3.8129,1164.87,1149.02,1045.37,49.1209,-5.8355,1.34973,-7.18522,1220.03,1109.71,9.4708,2025,11,4,2025-11,False
2025-11-27,JSWSTEEL,1152.38,1156.36,1129.81,1153.97,2342042,0.5371,1162.52,1150.21,1046.45,50.7565,-4.72035,0.135711,-4.85606,1215.15,1109.89,9.0541,2025,11,4,2025-11,False
2025-11-28,JSWSTEEL,1153.38,1165.9,1146.71,1153.67,1243394,-0.0258,1160.05,1151.11,1047.51,50.6716,-3.81665,-0.654761,-3.16189,1209.18,1110.92,8.4705,2025,11,4,2025-11,False
2025-12-01,JSWSTEEL,1158.25,1178.23,1150.69,1161.73,3039396,0.6981,1158.18,1152.25,1048.62,52.9591,-2.42267,-1.00834,-1.41433,1203.77,1112.59,7.8727,2025,12,4,2025-12,False
2025-12-02,JSWSTEEL,1161.73,1166.1,1152.68,1155.36,2834317,-0.5478,1156.54,1153.06,1049.53,50.9488,-1.81053,-1.16878,-0.641751,1199.89,1113.19,7.4968,2025,12,4,2025-12,False
2025-12-03,JSWSTEEL,1155.36,1164.51,1098.59,1137.07,6026786,-1.5835,1154.66,1153.47,1050.46,45.5904,-2.76974,-1.48897,-1.28077,1197.96,1111.35,7.5006,2025,12,4,2025-12,False
2025-12-04,JSWSTEEL,1152.38,1158.35,1136.57,1144.03,2285777,0.6121,1153.75,1154.14,1051.45,47.838,-2.93447,-1.77807,-1.1564,1197.16,1110.35,7.5237,2025,12,4,2025-12,False
2025-12-05,JSWSTEEL,1143.43,1163.32,1136.87,1155.56,2326439,1.0082,1153.28,1154.62,1052.49,51.4193,-2.11002,-1.84446,-0.265562,1196.37,1110.19,7.4728,2025,12,4,2025-12,False
2025-12-08,JSWSTEEL,1158.25,1161.33,1108.43,1112.71,1727184,-3.7085,1150.29,1154.02,1053.24,40.3376,-4.85858,-2.44728,-2.41129,1195.98,1104.6,7.9438,2025,12,4,2025-12,False
2025-12-09,JSWSTEEL,1111.61,1114.2,1093.02,1101.47,1947088,-1.0097,1146.13,1153.21,1053.97,38.0238,-7.85291,-3.52841,-4.3245,1193.74,1098.51,8.3084,2025,12,4,2025-12,False
2025-12-10,JSWSTEEL,1095.01,1106.74,1083.77,1090.54,1222924,-0.993,1141.9,1152.53,1054.59,35.867,-10.9819,-5.01911,-5.96278,1193.54,1090.27,9.0437,2025,12,4,2025-12,False
2025-12-11,JSWSTEEL,1094.61,1104.95,1089.24,1099.09,759090,0.7841,1138.0,1152.2,1055.23,38.7902,-12.6261,-6.5405,-6.08559,1190.22,1085.78,9.1769,2025,12,4,2025-12,False
2025-12-12,JSWSTEEL,1103.66,1122.35,1102.47,1119.07,827546,1.8183,1135.9,1151.86,1055.98,45.0899,-12.1761,-7.66763,-4.50851,1187.57,1084.22,9.0992,2025,12,4,2025-12,False
2025-12-15,JSWSTEEL,1113.7,1116.19,1103.66,1108.43,1017965,-0.9507,1132.88,1151.24,1056.66,42.5777,-12.5335,-8.64081,-3.89273,1183.51,1082.25,8.9383,2025,12,4,2025-12,False
2025-12-16,JSWSTEEL,1107.64,1107.64,1074.33,1076.42,2000325,-2.8884,1128.88,1149.66,1057.18,36.0656,-15.2247,-9.95759,-5.26713,1184.12,1073.64,9.7862,2025,12,4,2025-12,False
2025-12-17,JSWSTEEL,1082.08,1087.45,1069.46,1073.14,1781774,-0.3048,1124.63,1148.06,1057.75,35.4669,-17.4214,-11.4504,-5.97107,1183.34,1065.91,10.4419,2025,12,4,2025-12,False
2025-12-18,JSWSTEEL,1072.84,1085.27,1067.07,1076.02,1134603,0.2687,1120.26,1146.58,1058.37,36.465,-18.714,-12.9031,-5.81087,1179.84,1060.68,10.6365,2025,12,4,2025-12,False
2025-12-19,JSWSTEEL,1084.77,1084.77,1069.56,1073.43,1068212,-0.2402,1117.24,1145.27,1058.91,35.9285,-19.7196,-14.2664,-5.45319,1179.97,1054.52,11.2283,2025,12,4,2025-12,False
2025-12-22,JSWSTEEL,1078.8,1094.02,1071.55,1088.65,1086319,1.4172,1116.69,1143.67,1059.64,41.3934,-19.0692,-15.2269,-3.84224,1180.25,1053.13,11.3842,2025,12,4,2025-12,False
2025-12-23,JSWSTEEL,1088.75,1096.6,1085.76,1090.54,961759,0.1735,1115.94,1142.26,1060.25,42.0544,-18.1916,-15.8199,-2.37172,1180.4,1051.47,11.5542,2025,12,4,2025-12,False
2025-12-24,JSWSTEEL,1093.22,1097.0,1081.89,1085.07,806530,-0.5015,1112.8,1140.87,1060.85,40.626,-17.733,-16.2025,-1.53047,1176.84,1048.76,11.5103,2025,12,4,2025-12,False
2025-12-26,JSWSTEEL,1085.86,1093.42,1075.82,1088.15,1317269,0.2841,1109.51,1139.81,1061.32,41.8253,-16.9257,-16.3471,-0.578544,1171.37,1047.65,11.1512,2025,12,4,2025-12,False
2025-12-29,JSWSTEEL,1093.72,1104.66,1083.18,1086.36,3084525,-0.1645,1106.14,1138.45,1061.73,41.3036,-16.2431,-16.3263,0.0832547,1165.14,1047.14,10.6682,2025,12,4,2025-12,False
2025-12-30,JSWSTEEL,1086.76,1107.64,1083.28,1105.25,1609086,1.739,1103.32,1137.25,1062.25,48.5929,-14.0161,-15.8643,1.84815,1156.21,1050.43,9.5876,2025,12,4,2025-12,False
2025-12-31,JSWSTEEL,1149.4,1162.32,1126.13,1158.15,5881898,4.7859,1103.46,1137.28,1063.01,62.5985,-7.89201,-14.2698,6.37781,1156.94,1049.98,9.693,2025,12,4,2025-12,False
2026-01-01,JSWSTEEL,1156.86,1170.08,1154.37,1164.81,1173697,0.5752,1104.84,1137.8,1063.79,63.9312,-2.47256,-11.9104,9.4378,1163.21,1046.48,10.5654,2026,1,1,2026-01,False
2026-01-02,JSWSTEEL,1165.31,1177.24,1162.42,1173.96,903240,0.7853,1106.34,1138.36,1064.65,65.7367,2.53133,-9.02203,11.5534,1170.21,1042.47,11.5463,2026,1,1,2026-01,False
2026-01-05,JSWSTEEL,1173.96,1186.09,1172.27,1179.13,1017822,0.4404,1107.52,1139.31,1065.58,66.7498,6.83536,-5.85055,12.6859,1175.92,1039.12,12.3524,2026,1,1,2026-01,False
2026-01-06,JSWSTEEL,1179.13,1190.76,1162.32,1169.58,1395370,-0.8095,1110.36,1140.0,1066.44,63.0437,9.36814,-2.80681,12.1749,1184.19,1036.54,13.2974,2026,1,1,2026-01,False
2026-01-07,JSWSTEEL,1168.19,1186.68,1162.72,1183.01,1161485,1.1477,1114.44,1140.78,1067.37,65.9102,12.3165,0.217853,12.0987,1194.9,1033.98,14.4402,2026,1,1,2026-01,False
2026-01-08,JSWSTEEL,1183.2,1183.2,1147.31,1149.3,1275035,-2.8492,1117.38,1140.22,1067.99,54.4824,11.7973,2.53374,9.26356,1198.45,1036.3,14.5122,2026,1,1,2026-01,False
2026-01-09,JSWSTEEL,1153.38,1164.01,1147.81,1152.18,1387896,0.2509,1120.03,1139.24,1068.54,55.198,11.4861,4.32421,7.16188,1202.06,1038.0,14.6474,2026,1,1,2026-01,False
2026-01-12,JSWSTEEL,1153.38,1178.23,1139.85,1175.95,1391748,2.0625,1122.88,1138.7,1069.18,60.6841,13.007,6.06078,6.94625,1208.62,1037.13,15.2727,2026,1,1,2026-01,False
2026-01-13,JSWSTEEL,1175.95,1187.98,1161.73,1171.37,1570887,-0.3889,1126.02,1138.15,1069.77,59.182,13.6856,7.58574,6.09983,1214.12,1037.92,15.6484,2026,1,1,2026-01,False
2026-01-14,JSWSTEEL,1173.16,1195.04,1163.62,1175.05,2281726,0.3141,1130.95,1137.88,1070.38,60.0388,14.3547,8.93953,5.41517,1218.4,1043.5,15.465,2026,1,1,2026-01,False
2026-01-15,JSWSTEEL,1175.05,1175.05,1175.05,1175.05,0,0.0,1136.05,1137.89,1071.02,60.0388,14.7154,10.0947,4.62066,1221.16,1050.94,14.9837,2026,1,1,2026-01,False
2026-01-16,JSWSTEEL,1175.05,1192.45,1172.47,1180.52,1883089,0.4654,1141.27,1138.26,1071.67,61.4345,15.2665,11.129,4.13742,1223.66,1058.89,14.4367,2026,1,1,2026-01,False
2026-01-19,JSWSTEEL,1180.62,1188.97,1169.68,1177.34,2213860,-0.2695,1146.47,1138.51,1072.28,60.1189,15.2705,11.9573,3.31313,1223.79,1069.15,13.4878,2026,1,1,2026-01,False
2026-01-20,JSWSTEEL,1181.22,1188.18,1149.9,1153.38,1106893,-2.0353,1149.71,1138.12,1072.81,51.2224,13.188,12.2035,0.984568,1222.09,1077.32,12.5923,2026,1,1,2026-01,False
2026-01-21,JSWSTEEL,1156.86,1172.17,1152.98,1167.89,1401954,1.2586,1153.57,1137.79,1073.42,55.517,12.5642,12.2756,0.288614,1220.73,1086.42,11.6425,2026,1,1,2026-01,False
2026-01-22,JSWSTEEL,1173.26,1185.19,1169.38,1177.64,1428697,0.8343,1158.2,1137.84,1074.13,58.1787,12.7096,12.3624,0.347208,1217.81,1098.59,10.2932,2026,1,1,2026-01,False
2026-01-23,JSWSTEEL,1186.48,1186.48,1158.15,1163.32,2406992,-1.2158,1161.96,1137.56,1074.96,53.1465,11.5365,12.1973,-0.660707,1211.62,1112.3,8.5475,2026,1,1,2026-01,False
2026-01-27,JSWSTEEL,1190.16,1223.37,1175.95,1215.02,3808562,4.4445,1168.39,1138.64,1076.42,64.9397,14.6105,12.6799,1.93056,1209.4,1127.39,7.0187,2026,1,1,2026-01,False
2026-01-28,JSWSTEEL,1224.96,1224.96,1201.3,1211.74,2214293,-0.2701,1173.72,1139.5,1077.75,63.8415,16.5905,13.462,3.12851,1207.16,1140.28,5.6977,2026,1,1,2026-01,False
2026-01-29,JSWSTEEL,1220.49,1237.89,1210.94,1230.43,2471027,1.5426,1177.33,1140.98,1079.21,67.2404,19.444,14.6584,4.78555,1218.43,1136.23,6.9818,2026,1,1,2026-01,False
2026-01-30,JSWSTEEL,1220.99,1220.99,1187.68,1207.46,2876505,-1.8667,1179.47,1141.96,1080.34,59.8019,19.6258,15.6519,3.97388,1222.22,1136.71,7.2502,2026,1,1,2026-01,False
2026-02-02,JSWSTEEL,1193.15,1196.93,1167.3,1192.35,1839134,-1.2517,1180.39,1142.55,1081.3,55.4547,18.3389,16.1893,2.14964,1223.43,1137.34,7.294,2026,2,1,2026-02,False
2026-02-03,JSWSTEEL,1218.0,1237.59,1205.87,1222.38,2093172,2.5184,1182.55,1144.32,1082.41,61.4507,19.5171,16.8548,2.66224,1229.5,1135.6,7.9407,2026,2,1,2026-02,False
2026-02-04,JSWSTEEL,1221.98,1233.02,1216.91,1221.19,1062043,-0.0976,1185.13,1146.75,1083.52,61.0987,20.1226,17.5084,2.61416,1234.68,1135.58,8.3621,2026,2,1,2026-02,False
2026-02-05,JSWSTEEL,1211.64,1234.71,1207.27,1232.72,1198051,0.9445,1187.61,1149.29,1084.56,63.2875,21.2877,18.2642,3.02344,1241.51,1133.71,9.0769,2026,2,1,2026-02,False
2026-02-06,JSWSTEEL,1226.85,1231.53,1215.42,1229.14,918161,-0.2904,1191.61,1150.92,1085.53,62.1193,21.6724,18.9459,2.72652,1245.38,1137.83,9.0261,2026,2,1,2026-02,False
2026-02-09,JSWSTEEL,1241.37,1247.53,1228.05,1237.89,1503210,0.7119,1195.89,1152.59,1086.56,63.8746,22.4248,19.6417,2.78315,1250.1,1141.68,9.0657,2026,2,1,2026-02,False
2026-02-10,JSWSTEEL,1237.89,1254.69,1229.64,1236.99,1150559,-0.0723,1198.94,1154.26,1087.57,63.5503,22.6874,20.2508,2.43657,1255.26,1142.63,9.3938,2026,2,1,2026-02,False
2026-02-11,JSWSTEEL,1241.37,1247.63,1230.93,1242.07,835404,0.4099,1202.48,1155.87,1088.68,64.6458,23.0391,20.8085,2.2306,1260.36,1144.6,9.6267,2026,2,1,2026-02,False
2026-02-12,JSWSTEEL,1247.04,1247.04,1233.32,1240.77,762998,-0.1041,1205.76,1157.58,1089.66,64.1169,22.9489,21.2366,1.71238,1264.54,1146.99,9.7496,2026,2,1,2026-02,False
2026-02-13,JSWSTEEL,1232.92,1240.67,1218.2,1224.96,1726700,-1.2741,1208.26,1159.33,1090.65,57.8785,21.3557,21.2604,0.0952882,1265.77,1150.75,9.5199,2026,2,1,2026-02,False
2026-02-16,JSWSTEEL,1222.88,1242.76,1219.5,1241.07,627073,1.3149,1211.29,1161.27,1091.75,61.9415,21.1489,21.2381,-0.0891578,1269.03,1153.55,9.5335,2026,2,1,2026-02,False
2026-02-17,JSWSTEEL,1238.88,1240.87,1226.16,1237.49,1115057,-0.2884,1214.3,1162.91,1093.14,60.5439,20.4604,21.0825,-0.622148,1270.84,1157.75,9.3136,2026,2,1,2026-02,False
2026-02-18,JSWSTEEL,1237.49,1256.78,1237.09,1244.05,1389762,0.5303,1218.83,1165.54,1094.62,62.2266,20.2113,20.9083,-0.69702,1268.99,1168.67,8.2311,2026,2,1,2026-02,False
2026-02-19,JSWSTEEL,1244.85,1248.33,1216.11,1221.38,824461,-1.8222,1221.5,1167.94,1095.93,53.7055,17.9774,20.3221,-2.34475,1265.56,1177.44,7.2139,2026,2,1,2026-02,False
2026-02-20,JSWSTEEL,1223.47,1245.84,1215.62,1228.74,876475,0.6024,1224.06,1170.7,1097.28,55.8201,16.6092,19.5795,-2.97032,1263.04,1185.08,6.3693,2026,2,1,2026-02,False
2026-02-23,JSWSTEEL,1232.92,1240.87,1221.29,1233.42,787962,0.3803,1227.56,1173.39,1098.72,57.1586,15.7208,18.8078,-3.08698,1254.2,1200.93,4.3399,2026,2,1,2026-02,False
2026-02-24,JSWSTEEL,1223.17,1251.81,1223.17,1247.34,1515571,1.1286,1229.18,1175.95,1100.22,60.9534,15.956,18.2374,-2.2814,1256.52,1201.83,4.4493,2026,2,1,2026-02,False
2026-02-25,JSWSTEEL,1253.8,1277.36,1250.12,1267.72,2095033,1.6341,1231.98,1179.14,1101.57,65.739,17.5845,18.1068,-0.522356,1263.02,1200.94,5.0388,2026,2,1,2026-02,False
2026-02-26,JSWSTEEL,1268.22,1274.98,1262.75,1273.29,779191,0.4392,1234.12,1183.08,1103.03,66.9313,19.1041,18.3063,0.79782,1270.22,1198.03,5.8494,2026,2,1,2026-02,False
2026-02-27,JSWSTEEL,1264.74,1270.5,1253.3,1257.48,2081751,-1.2416,1236.62,1186.76,1104.41,60.4941,18.8159,18.4082,0.407656,1271.86,1201.38,5.6991,2026,2,1,2026-02,False
2026-03-02,JSWSTEEL,1246.04,1264.74,1237.59,1260.06,1608917,0.2056,1240.01,1190.44,1105.56,61.1521,18.5818,18.4429,0.138896,1269.95,1210.07,4.8293,2026,3,1,2026-03,False
2026-03-04,JSWSTEEL,1228.94,1246.74,1193.15,1206.07,1682849,-4.2847,1239.19,1193.1,1106.53,44.4878,13.8798,17.5303,-3.65049,1271.91,1206.47,5.2812,2026,3,1,2026-03,False
2026-03-05,JSWSTEEL,1207.56,1246.24,1207.56,1240.97,1696077,2.8936,1240.18,1196.14,1107.68,53.3393,12.8217,16.5886,-3.76685,1271.79,1208.57,5.0972,2026,3,1,2026-03,False
2026-03-06,JSWSTEEL,1233.61,1241.97,1222.18,1226.65,1140348,-1.1538,1239.88,1198.87,1108.79,49.829,10.7045,15.4118,-4.70729,1271.9,1207.86,5.1654,2026,3,1,2026-03,False
2026-03-09,JSWSTEEL,1196.13,1206.07,1163.52,1185.79,2145649,-3.3314,1237.71,1200.88,1109.76,41.4452,5.66378,13.4622,-7.7984,1277.68,1197.74,6.4581,2026,3,1,2026-03,False
2026-03-10,JSWSTEEL,1189.27,1212.93,1188.37,1207.37,1131600,1.8196,1236.18,1203.26,1110.81,46.5578,3.37113,11.444,-8.07283,1278.39,1193.98,6.8284,2026,3,1,2026-03,False
2026-03-11,JSWSTEEL,1205.08,1215.92,1164.31,1172.07,1802500,-2.9235,1232.94,1204.98,1111.67,40.3507,-1.27925,8.89933,-10.1786,1283.95,1181.93,8.275,2026,3,1,2026-03,False
2026-03-12,JSWSTEEL,1168.29,1175.75,1143.43,1165.9,1265744,-0.526,1229.13,1206.19,1112.38,39.3637,-5.3999,6.03948,-11.4394,1288.03,1170.23,9.5847,2026,3,1,2026-03,False
2026-03-13,JSWSTEEL,1160.04,1162.52,1109.13,1112.91,2284551,-4.5455,1222.74,1205.29,1112.92,32.0951,-12.7944,2.27271,-15.0671,1300.92,1144.55,12.7884,2026,3,1,2026-03,False
2026-03-16,JSWSTEEL,1115.1,1143.43,1113.7,1139.06,2593202,2.3497,1218.44,1204.77,1113.65,38.1627,-16.3559,-1.45301,-14.9029,1305.09,1131.79,14.2231,2026,3,1,2026-03,False
2026-03-17,JSWSTEEL,1140.45,1162.62,1132.69,1160.53,1760476,1.8855,1214.41,1204.5,1114.46,42.6918,-17.2467,-4.61175,-12.6349,1304.07,1124.76,14.7652,2026,3,1,2026-03,False
2026-03-18,JSWSTEEL,1157.65,1177.34,1153.47,1173.56,1284823,1.1224,1211.22,1204.39,1115.41,45.3081,-16.709,-7.0312,-9.67779,1301.96,1120.47,14.9838,2026,3,1,2026-03,False
2026-03-19,JSWSTEEL,1152.68,1159.24,1120.27,1124.44,2207126,-4.1854,1205.24,1203.49,1116.17,38.2218,-20.0155,-9.62807,-10.3875,1302.41,1108.07,16.1247,2026,3,1,2026-03,False
2026-03-20,JSWSTEEL,1132.59,1179.72,1131.5,1162.92,3580084,3.422,1202.31,1203.09,1117.16,45.4233,-19.3085,-11.5641,-7.74434,1300.95,1103.68,16.4069,2026,3,1,2026-03,False
2026-03-23,JSWSTEEL,1147.21,1147.21,1096.2,1103.26,2532216,-5.13,1196.04,1202.17,1117.88,38.0228,-23.2935,-13.91,-9.38347,1303.19,1088.89,17.9173,2026,3,1,2026-03,False
2026-03-24,JSWSTEEL,1125.44,1136.17,1105.65,1127.23,1218013,2.172,1190.73,1201.67,1118.71,42.1031,-24.2387,-15.9757,-8.26291,1300.57,1080.89,18.4494,2026,3,1,2026-03,False
2026-03-25,JSWSTEEL,1133.49,1163.42,1130.8,1149.4,1632217,1.967,1185.83,1201.14,1119.47,45.6675,-22.9342,-17.3674,-5.56676,1293.77,1077.9,18.2035,2026,3,1,2026-03,False
2026-03-27,JSWSTEEL,1143.43,1144.23,1120.46,1123.84,2750813,-2.2232,1178.64,1200.19,1120.09,42.4258,-23.6892,-18.6318,-5.05744,1282.7,1074.58,17.6578,2026,3,1,2026-03,False
2026-03-30,JSWSTEEL,1123.55,1130.01,1107.64,1116.09,2454814,-0.6901,1170.78,1199.01,1120.7,41.4638,-24.6295,-19.8313,-4.79817,1268.28,1073.28,16.6557,2026,3,1,2026-03,False
2026-04-01,JSWSTEEL,1135.38,1152.38,1128.02,1133.89,2025282,1.5947,1164.6,1198.18,1121.38,44.57,-23.6658,-20.5982,-3.06753,1254.32,1074.88,15.4079,2026,4,2,2026-04,False
2026-04-02,JSWSTEEL,1128.52,1139.26,1100.08,1134.78,2208479,0.0789,1158.34,1197.27,1122.12,44.7288,-22.5696,-20.9925,-1.57709,1236.78,1079.89,13.544,2026,4,2,2026-04,False
2026-04-06,JSWSTEEL,1125.54,1139.16,1108.73,1127.13,3213623,-0.6747,1154.39,1196.26,1122.86,43.5784,-22.0643,-21.2069,-0.857453,1230.63,1078.15,13.2092,2026,4,2,2026-04,False
2026-04-07,JSWSTEEL,1132.5,1150.99,1115.89,1145.32,3158128,1.6143,1149.61,1196.1,1123.61,47.0631,-19.9655,-20.9586,0.99309,1214.07,1085.14,11.2152,2026,4,2,2026-04,False
2026-04-08,JSWSTEEL,1163.32,1197.72,1163.32,1187.48,2383883,3.6809,1147.65,1196.5,1124.59,54.1317,-14.7306,-19.713,4.9824,1204.14,1091.15,9.8455,2026,4,2,2026-04,False
2026-04-09,JSWSTEEL,1180.42,1211.04,1178.23,1202.79,2563654,1.2895,1148.5,1197.0,1125.71,56.4084,-9.23981,-17.6183,8.37854,1207.85,1089.15,10.3356,2026,4,2,2026-04,False
2026-04-10,JSWSTEEL,1203.09,1217.81,1197.02,1207.86,1719725,0.4216,1148.52,1197.89,1126.81,57.1667,-4.42811,-14.9803,10.5522,1207.98,1089.07,10.3535,2026,4,2,2026-04,False
2026-04-13,JSWSTEEL,1192.25,1206.47,1182.51,1197.32,1031668,-0.8726,1149.79,1197.54,1127.81,55.0243,-1.44855,-12.274,10.8254,1212.34,1087.23,10.8809,2026,4,2,2026-04,False
2026-04-15,JSWSTEEL,1215.92,1224.96,1203.69,1211.64,1404182,1.1958,1152.07,1197.53,1128.93,57.362,2.04453,-9.41026,11.4548,1220.2,1083.94,11.8274,2026,4,2,2026-04,False
2026-04-16,JSWSTEEL,1214.23,1235.8,1204.38,1207.96,2686363,-0.3036,1156.83,1197.08,1129.97,56.5487,4.4645,-6.6353,11.0998,1226.69,1086.96,12.079,2026,4,2,2026-04,False
2026-04-17,JSWSTEEL,1206.07,1235.21,1191.75,1233.22,1875945,2.0907,1161.53,1197.6,1131.06,60.6711,8.32425,-3.64339,11.9676,1238.67,1084.4,13.2819,2026,4,2,2026-04,False
2026-04-20,JSWSTEEL,1234.01,1271.7,1225.96,1267.22,4606071,2.7574,1166.87,1199.1,1132.28,65.4274,13.966,-0.121508,14.0875,1257.32,1076.42,15.5034,2026,4,2,2026-04,False
2026-04-21,JSWSTEEL,1277.06,1289.0,1266.43,1272.29,2108883,0.4002,1171.8,1200.09,1133.54,66.086,18.6316,3.62911,15.0025,1273.83,1069.78,17.4136,2026,4,2,2026-04,False
2026-04-22,JSWSTEEL,1275.67,1279.25,1251.21,1256.18,2882614,-1.266,1178.39,1200.79,1134.76,62.0426,20.7897,7.06123,13.7285,1284.47,1072.31,18.0046,2026,4,2,2026-04,False
2026-04-23,JSWSTEEL,1256.18,1262.65,1243.86,1249.82,1715185,-0.5066,1182.74,1201.14,1135.9,60.4686,21.736,9.99617,11.7398,1293.18,1072.29,18.6759,2026,4,2,2026-04,False
2026-04-24,JSWSTEEL,1256.78,1260.76,1239.38,1248.53,1996768,-0.1034,1190.0,1201.52,1136.89,60.1348,22.1265,12.4222,9.70428,1297.5,1082.5,18.0679,2026,4,2,2026-04,False
2026-04-27,JSWSTEEL,1265.73,1289.59,1260.86,1275.37,2309506,2.1502,1197.41,1202.27,1138.08,64.5153,24.3219,14.8022,9.51974,1307.09,1087.72,18.3206,2026,4,2,2026-04,False
2026-04-28,JSWSTEEL,1276.67,1299.34,1268.31,1274.28,1902689,-0.0858,1203.65,1203.02,1139.29,64.2057,25.6775,16.9772,8.70028,1316.02,1091.29,18.6705,2026,4,2,2026-04,False
2026-04-29,JSWSTEEL,1275.67,1280.45,1249.82,1272.39,2364369,-0.1483,1211.08,1203.63,1140.48,63.6378,26.2963,18.8411,7.45523,1320.84,1101.32,18.1261,2026,4,2,2026-04,False
2026-04-30,JSWSTEEL,1265.23,1266.13,1243.26,1257.28,1366233,-1.1878,1218.14,1203.96,1141.57,59.1314,25.2758,20.128,5.14779,1320.06,1116.22,16.7334,2026,4,2,2026-04,False
2026-05-01,JSWSTEEL,1257.28,1257.28,1257.28,1257.28,0,0.0,1224.31,1204.6,1142.69,59.1314,24.1882,20.94,3.24817,1319.47,1129.15,15.5449,2026,5,2,2026-05,False
2026-05-04,JSWSTEEL,1270.7,1280.54,1252.7,1259.37,1550369,0.1661,1230.54,1204.97,1143.8,59.5899,23.227,21.3974,1.8296,1316.93,1144.15,14.041,2026,5,2,2026-05,False
2026-05-05,JSWSTEEL,1253.3,1257.68,1238.69,1245.25,1471611,-1.1211,1236.44,1205.12,1144.87,55.0892,21.083,21.3346,-0.251556,1307.93,1164.95,11.5635,2026,5,2,2026-05,False
2026-05-06,JSWSTEEL,1255.29,1271.3,1245.84,1266.03,988216,1.6688,1242.48,1205.56,1146.03,59.8909,20.8206,21.2318,-0.411128,1300.73,1184.23,9.3769,2026,5,2,2026-05,False
2026-05-07,JSWSTEEL,1264.83,1286.21,1261.35,1276.07,1773360,0.7932,1246.91,1206.66,1147.27,62.005,21.1789,21.2212,-0.0422798,1300.87,1192.95,8.6548,2026,5,2,2026-05,False
2026-05-08,JSWSTEEL,1276.07,1277.56,1259.57,1270.5,811858,-0.4363,1250.29,1207.49,1148.5,60.1131,20.7741,21.1318,-0.357682,1301.0,1199.59,8.1105,2026,5,2,2026-05,False
2026-05-11,JSWSTEEL,1268.71,1274.88,1251.41,1255.39,1023862,-1.1896,1252.67,1207.93,1149.64,55.1906,19.0146,20.7083,-1.69377,1299.29,1206.05,7.4433,2026,5,2,2026-05,False
2026-05-12,JSWSTEEL,1254.79,1265.33,1239.08,1245.15,1475577,-0.8158,1255.06,1207.89,1150.72,52.0785,16.6024,19.8872,-3.28477,1294.0,1216.12,6.2053,2026,5,2,2026-05,False
2026-05-13,JSWSTEEL,1247.83,1275.08,1247.83,1267.62,2366540,1.8047,1257.86,1207.89,1151.91,57.713,16.3158,19.1729,-2.85705,1291.32,1224.4,5.3203,2026,5,2,2026-05,False
2026-05-14,JSWSTEEL,1280.54,1298.54,1274.58,1289.49,3292597,1.7256,1261.94,1208.21,1153.24,62.3532,17.6504,18.8684,-1.21802,1289.07,1234.8,4.3001,2026,5,2,2026-05,False
2026-05-15,JSWSTEEL,1306.5,1306.5,1266.92,1271.5,3871553,-1.3956,1263.85,1208.49,1154.45,56.8281,17.0592,18.5065,-1.44738,1287.65,1240.05,3.7658,2026,5,2,2026-05,False
2026-05-18,JSWSTEEL,1272.69,1294.56,1251.11,1285.42,2965138,1.0948,1264.76,1209.0,1155.74,59.7956,17.512,18.3076,-0.795636,1290.42,1239.1,4.0574,2026,5,2,2026-05,False
2026-05-19,JSWSTEEL,1290.59,1292.28,1275.37,1277.86,1136358,-0.5879,1265.04,1210.43,1157.03,57.4856,17.0644,18.059,-0.994584,1291.16,1238.92,4.1294,2026,5,2,2026-05,False
2026-05-20,JSWSTEEL,1270.7,1281.64,1254.3,1275.87,1039407,-0.1556,1266.02,1211.13,1158.29,56.863,16.3606,17.7193,-1.35869,1292.22,1239.83,4.1386,2026,5,2,2026-05,False
2026-05-21,JSWSTEEL,1285.62,1285.62,1265.53,1273.98,5339554,-0.1481,1267.23,1212.08,1159.51,56.2399,15.4721,17.2699,-1.79778,1292.49,1241.97,3.9872,2026,5,2,2026-05,False
2026-05-22,JSWSTEEL,1276.87,1282.53,1270.8,1278.16,588674,0.3278,1268.71,1213.93,1160.75,57.3525,14.9327,16.8024,-1.86969,1292.81,1244.62,3.7982,2026,5,2,2026-05,False
2026-05-25,JSWSTEEL,1283.33,1289.99,1276.67,1282.04,922291,0.3034,1269.05,1215.42,1161.94,58.4098,14.6494,16.3718,-1.72248,1293.7,1244.39,3.8863,2026,5,2,2026-05,False
2026-05-26,JSWSTEEL,1282.04,1293.57,1275.37,1286.21,1712866,0.3257,1269.64,1217.7,1163.27,59.5723,14.5935,16.0162,-1.42266,1295.39,1243.9,4.0556,2026,5,2,2026-05,False
2026-05-27,JSWSTEEL,1287.6,1320.42,1287.6,1301.82,2030720,1.2137,1271.11,1220.42,1164.53,63.6612,15.6287,15.9387,-0.309964,1300.61,1241.62,4.6413,2026,5,2,2026-05,False
2026-05-28,JSWSTEEL,1301.82,1301.82,1301.82,1301.82,0,0.0,1273.34,1224.2,1165.8,63.6612,16.2617,16.0033,0.258391,1305.08,1241.6,4.9855,2026,5,2,2026-05,False
2026-05-29,JSWSTEEL,1302.02,1304.71,1263.05,1270.7,3129836,-2.3906,1274.01,1226.83,1166.92,51.5956,14.0896,15.6205,-1.5309,1304.88,1243.15,4.8456,2026,5,2,2026-05,False
2026-06-01,JSWSTEEL,1272.19,1297.35,1272.19,1291.98,1388242,1.6745,1275.64,1229.46,1168.08,57.5232,13.9247,15.2814,-1.35666,1306.7,1244.59,4.8688,2026,6,2,2026-06,False
2026-06-02,JSWSTEEL,1290.09,1309.38,1282.83,1303.31,1602109,0.8773,1278.55,1232.06,1169.39,60.3115,14.541,15.1333,-0.592276,1308.47,1248.62,4.6812,2026,6,2,2026-06,False
2026-06-03,JSWSTEEL,1307.49,1310.97,1289.89,1305.4,814920,0.1602,1280.51,1235.67,1170.68,60.8217,15.0248,15.1116,-0.0868427,1312.11,1248.92,4.9344,2026,6,2,2026-06,False
2026-06-04,JSWSTEEL,1303.51,1306.5,1286.81,1293.67,958385,-0.8988,1281.39,1238.29,1171.94,56.4319,14.2966,14.9486,-0.652015,1313.44,1249.35,5.0021,2026,6,2,2026-06,False
2026-06-05,JSWSTEEL,1293.67,1302.32,1259.27,1276.67,1618038,-1.3143,1281.7,1241.76,1173.08,50.7191,12.2068,14.4002,-2.19341,1313.43,1249.98,4.9503,2026,6,2,2026-06,False
2026-06-08,JSWSTEEL,1262.75,1265.73,1247.83,1253.5,1172766,-1.8146,1281.61,1244.28,1174.15,44.1593,8.58238,13.2367,-4.65429,1313.67,1249.55,5.0036,2026,6,2,2026-06,False
2026-06-09,JSWSTEEL,1257.78,1265.73,1249.92,1254.49,1070798,0.0793,1282.08,1246.38,1175.06,44.4911,5.72422,11.7342,-6.00996,1312.11,1252.04,4.6853,2026,6,2,2026-06,False
2026-06-10,JSWSTEEL,1258.77,1284.62,1245.35,1262.55,3053155,0.642,1281.82,1249.16,1176.03,47.2267,4.06216,10.1998,-6.13762,1312.45,1251.19,4.7788,2026,6,2,2026-06,False
2026-06-11,JSWSTEEL,1258.77,1286.01,1253.8,1274.98,1915489,0.9844,1281.1,1252.34,1177.02,51.2217,3.70514,8.90085,-5.19571,1311.65,1250.55,4.7694,2026,6,2,2026-06,False
2026-06-12,JSWSTEEL,1290.59,1298.04,1277.76,1290.19,1091577,1.1932,1282.03,1255.46,1178.15,55.6475,4.59674,8.04003,-3.44329,1312.49,1251.57,4.7514,2026,6,2,2026-06,False
2026-06-15,JSWSTEEL,1305.1,1312.66,1286.81,1289.1,1168850,-0.0848,1282.22,1258.55,1179.35,55.2593,5.15565,7.46315,-2.3075,1312.8,1251.63,4.7711,2026,6,2,2026-06,False
2026-06-16,JSWSTEEL,1292.58,1295.06,1261.75,1267.02,1110628,-1.7123,1281.67,1261.35,1180.43,47.984,3.77398,6.72532,-2.95134,1312.96,1250.38,4.8825,2026,6,2,2026-06,False
2026-06-17,JSWSTEEL,1272.69,1282.14,1261.85,1279.85,1194899,1.0123,1281.87,1264.04,1181.62,51.9433,3.67163,6.11458,-2.44295,1313.06,1250.69,4.8653,2026,6,2,2026-06,False
2026-06-18,JSWSTEEL,1280.64,1289.59,1276.77,1286.51,685833,0.5205,1282.5,1266.02,1182.9,53.9058,4.08103,5.70787,-1.62684,1313.52,1251.48,4.8373,2026,6,2,2026-06,False
2026-06-19,JSWSTEEL,1281.64,1287.6,1259.86,1280.35,1138608,-0.4792,1282.61,1267.57,1184.2,51.7978,3.86351,5.339,-1.47549,1313.58,1251.64,4.8293,2026,6,2,2026-06,False
2026-06-22,JSWSTEEL,1282.63,1289.49,1267.72,1275.08,961383,-0.4116,1282.26,1268.91,1185.43,49.998,3.22869,4.91693,-1.68825,1313.41,1251.11,4.8591,2026,6,2,2026-06,False
2026-06-23,JSWSTEEL,1262.75,1271.1,1226.36,1235.11,2156617,-3.1348,1279.7,1269.67,1186.41,38.9442,-0.494013,3.83474,-4.32876,1317.23,1242.18,5.8641,2026,6,2,2026-06,False
2026-06-24,JSWSTEEL,1232.92,1237.79,1215.02,1224.17,2339439,-0.8855,1275.82,1269.92,1187.2,36.5622,-4.2775,2.21229,-6.4898,1319.3,1232.34,6.8163,2026,6,2,2026-06,False
2026-06-25,JSWSTEEL,1217.71,1231.53,1217.11,1223.97,1706161,-0.0162,1271.93,1270.24,1187.99,36.5185,-7.2089,0.328057,-7.53695,1319.37,1224.49,7.4596,2026,6,2,2026-06,False
2026-06-26,JSWSTEEL,1223.97,1223.97,1223.97,1223.97,0,0.0,1269.59,1270.05,1188.78,36.5185,-9.42342,-1.62224,-7.80118,1321.67,1217.52,8.203,2026,6,2,2026-06,False
2026-06-29,JSWSTEEL,1231.92,1243.56,1219.59,1225.36,2091046,0.1137,1266.26,1269.22,1189.43,37.129,-10.94,-3.48579,-7.45421,1320.77,1211.75,8.6094,2026,6,2,2026-06,False
2026-06-30,JSWSTEEL,1224.96,1231.63,1214.52,1219.4,1242580,-0.4869,1262.07,1268.16,1190.03,35.551,-12.4794,-5.28452,-7.19491,1317.48,1206.65,8.7811,2026,6,2,2026-06,False
2026-07-01,JSWSTEEL,1222.58,1224.86,1203.79,1209.25,1634758,-0.8317,1257.26,1267.22,1190.61,32.9844,-14.3524,-7.09809,-7.25427,1313.52,1201.0,8.9493,2026,7,3,2026-07,False
2026-07-02,JSWSTEEL,1219.0,1227.15,1210.15,1216.81,1302096,0.6249,1253.42,1266.56,1191.23,36.654,-15.0534,-8.68915,-6.36424,1309.7,1197.13,8.9811,2026,7,3,2026-07,False
2026-07-03,JSWSTEEL,1224.96,1238.09,1219.1,1223.17,1153646,0.523,1250.74,1266.05,1191.88,39.6509,-14.9234,-9.93601,-4.98744,1307.46,1194.03,9.0691,2026,7,3,2026-07,False
2026-07-06,JSWSTEEL,1222.98,1237.39,1218.4,1236.1,1090418,1.0567,1249.87,1265.27,1192.59,45.3107,-13.6205,-10.6729,-2.94757,1306.94,1192.8,9.1322,2026,7,3,2026-07,False
2026-07-07,JSWSTEEL,1236.0,1252.8,1221.2,1246.4,2548642,0.8333,1249.47,1264.71,1193.27,49.3843,-11.6227,-10.8629,-0.759867,1306.51,1192.42,9.1314,2026,7,3,2026-07,False
2026-07-08,JSWSTEEL,1231.0,1245.8,1212.2,1219.5,1038782,-2.1582,1247.31,1263.65,1193.85,40.8304,-12.071,-11.1045,-0.966488,1305.52,1189.11,9.3329,2026,7,3,2026-07,False
2026-07-09,JSWSTEEL,1224.0,1240.5,1220.3,1225.8,1151162,0.5166,1244.85,1263.02,1194.4,43.3072,-11.782,-11.24,-0.542037,1302.29,1187.42,9.2275,2026,7,3,2026-07,False
2026-07-10,JSWSTEEL,1232.3,1259.0,1232.3,1245.4,1504035,1.599,1242.62,1262.79,1195.05,50.28,-9.85786,-10.9636,1.10571,1295.95,1189.28,8.5849,2026,7,3,2026-07,False
2026-07-13,JSWSTEEL,1235.2,1240.1,1220.4,1237.4,1403822,-0.6424,1240.03,1262.35,1195.68,47.7011,-8.87614,-10.5461,1.66994,1288.69,1191.37,7.8482,2026,7,3,2026-07,False
2026-07-14,JSWSTEEL,1225.1,1254.8,1225.1,1247.7,1042163,0.8324,1239.06,1262.4,1196.26,51.1734,-7.1842,-9.87371,2.68951,1286.21,1191.92,7.6101,2026,7,3,2026-07,False
2026-07-15,JSWSTEEL,1249.6,1252.6,1224.9,1226.9,836306,-1.6671,1236.42,1261.61,1196.68,44.7168,-7.43598,-9.38616,1.95018,1279.71,1193.12,7.003,2026,7,3,2026-07,False
2026-07-16,JSWSTEEL,1232.9,1233.3,1219.4,1221.0,1342230,-0.4809,1233.14,1260.51,1197.08,43.0572,-8.01917,-9.11276,1.0936,1269.9,1196.39,5.9611,2026,7,3,2026-07,False
2026-07-17,JSWSTEEL,1221.0,1243.9,1218.0,1237.3,2800390,1.335,1230.99,1259.85,1197.64,48.7195,-7.0844,-8.70709,1.62269,1260.42,1201.56,4.781,2026,7,3,2026-07,False
2026-07-20,JSWSTEEL,1252.7,1266.6,1247.2,1257.0,2686712,1.5922,1230.09,1259.88,1198.35,54.5958,-4.6998,-7.90563,3.20584,1254.49,1205.68,3.9684,2026,7,3,2026-07,False
2026-07-21,JSWSTEEL,1259.0,1271.4,1252.0,1267.4,1941639,0.8274,1231.7,1260.32,1199.01,57.3729,-1.94832,-6.71417,4.76585,1261.24,1202.16,4.7965,2026,7,3,2026-07,False
2026-07-22,JSWSTEEL,1264.5,1279.3,1261.7,1266.9,3988761,-0.0395,1233.84,1260.31,1199.64,57.1918,0.189704,-5.3334,5.5231,1267.04,1200.64,5.3816,2026,7,3,2026-07,False
2026-07-23,JSWSTEEL,1256.0,1274.7,1238.5,1246.8,2674866,-1.5865,1234.98,1259.46,1200.1,50.3155,0.259219,-4.21487,4.47409,1268.32,1201.64,5.3995,2026,7,3,2026-07,False
2026-07-24,JSWSTEEL,1238.6,1245.0,1228.1,1240.8,1083729,-0.4812,1235.82,1258.84,1200.54,48.4431,-0.167905,-3.40548,3.23757,1268.84,1202.8,5.3438,2026,7,3,2026-07,False
2026-07-27,JSWSTEEL,1251.0,1251.0,1234.3,1244.6,1128386,0.3062,1236.78,1258.03,1201.01,49.7192,-0.197504,-2.76388,2.56638,1269.64,1203.92,5.3134,2026,7,3,2026-07,False
2026-07-28,JSWSTEEL,1241.2,1259.9,1241.2,1246.9,1515691,0.1848,1238.16,1257.41,1201.55,50.5176,-0.0349638,-2.2181,2.18314,1270.24,1206.07,5.183,2026,7,3,2026-07,False
2026-07-29,JSWSTEEL,1255.7,1279.0,1243.2,1276.6,1516573,2.3819,1241.52,1257.42,1202.09,59.4675,2.46201,-1.28208,3.74409,1274.95,1208.1,5.3841,2026,7,3,2026-07,False
2026-07-30,JSWSTEEL,1279.1,1304.5,1261.5,1270.8,923153,-0.4543,1244.22,1257.36,1202.64,57.2884,3.9276,-0.240144,4.16774,1277.96,1210.49,5.4231,2026,7,3,2026-07,False
2026-07-31,JSWSTEEL,1276.4,1282.2,1262.0,1270.0,1449872,-0.063,1246.57,1257.19,1203.22,56.9782,4.96727,0.801338,4.16593,1280.65,1212.48,5.4686,2026,7,3,2026-07,False
2026-08-03,JSWSTEEL,1278.9,1294.8,1268.7,1292.3,2577735,1.7559,1249.38,1257.4,1203.97,62.9926,7.50414,2.1419,5.36224,1288.69,1210.06,6.2939,2026,8,3,2026-08,False
2026-08-04,JSWSTEEL,1280.5,1300.0,1275.9,1300.0,1475041,0.5958,1252.06,1257.68,1204.7,64.8213,10.0204,3.71761,6.30283,1297.37,1206.74,7.2382,2026,8,3,2026-08,False
2026-08-05,JSWSTEEL,1304.5,1331.0,1284.7,1330.0,2186609,2.3077,1257.58,1258.24,1205.52,70.8626,14.2709,5.82826,8.44261,1312.18,1202.98,8.6826,2026,8,3,2026-08,False
2026-08-06,JSWSTEEL,1330.0,1335.0,1303.5,1307.9,2307926,-1.6617,1261.69,1258.36,1206.28,62.3659,15.6754,7.79769,7.8777,1318.52,1204.85,9.0093,2026,8,3,2026-08,False
2026-08-07,JSWSTEEL,1303.8,1309.9,1288.5,1299.5,720726,-0.6423,1264.39,1258.94,1207.09,59.4481,15.9271,9.42356,6.50351,1323.08,1205.7,9.2836,2026,8,3,2026-08,False
2026-08-10,JSWSTEEL,1299.5,1312.0,1295.0,1302.0,1520170,0.1924,1267.62,1259.14,1207.87,60.0472,16.1422,10.7673,5.37489,1327.16,1208.08,9.3941,2026,8,3,2026-08,False
2026-08-11,JSWSTEEL,1299.0,1303.9,1276.1,1283.4,1514657,-1.4286,1269.41,1258.74,1208.62,53.6918,14.643,11.5424,3.10057,1328.57,1210.24,9.3217,2026,8,3,2026-08,False
2026-08-12,JSWSTEEL,1285.9,1288.9,1268.2,1269.1,862476,-1.1142,1271.52,1258.01,1209.3,49.3658,12.1608,11.6661,0.494706,1327.21,1215.82,8.7597,2026,8,3,2026-08,False
2026-08-13,JSWSTEEL,1269.1,1275.7,1264.0,1275.0,1693193,0.4649,1274.22,1257.64,1209.95,51.1158,10.5481,11.4425,-0.894364,1324.57,1223.86,7.9044,2026,8,3,2026-08,False
2026-08-14,JSWSTEEL,1267.3,1276.7,1260.3,1270.0,975420,-0.3922,1275.85,1257.51,1210.41,49.5528,8.7656,10.9071,-2.14153,1323.2,1228.5,7.422,2026,8,3,2026-08,False
2026-08-17,JSWSTEEL,1263.6,1297.0,1250.4,1277.8,1404965,0.6142,1276.89,1257.99,1210.8,52.0178,7.89135,10.304,-2.41262,1323.4,1230.38,7.2848,2026,8,3,2026-08,False
2026-08-18,JSWSTEEL,1275.0,1285.8,1265.0,1267.6,719017,-0.7983,1276.9,1258.25,1211.12,48.6688,6.30279,9.50374,-3.20095,1323.4,1230.4,7.2834,2026,8,3,2026-08,False
2026-08-19,JSWSTEEL,1273.7,1285.8,1262.1,1285.8,1009930,1.4358,1277.85,1258.72,1211.55,54.32,6.43821,8.89063,-2.45242,1324.26,1231.43,7.2643,2026,8,3,2026-08,False
2026-08-20,JSWSTEEL,1298.5,1310.6,1281.5,1299.7,3416352,1.081,1280.49,1259.21,1212.11,58.1128,7.57977,8.62846,-1.04869,1325.46,1235.52,7.0241,2026,8,3,2026-08,False
2026-08-21,JSWSTEEL,1298.0,1298.8,1280.5,1293.7,2013069,-0.4616,1283.14,1259.28,1212.71,55.9532,7.90915,8.4846,-0.575452,1324.34,1241.93,6.4229,2026,8,3,2026-08,False
